visit_id,user_id,timestamp,spend,is_group,group_id,is_host
V_2953935626,U_0033,2026-01-01,4262.277639322589,False,,False
V_3997577165,U_0087,2026-01-01,7776.951335126462,False,,False
V_2215402672,U_0089,2026-01-01,7178.324537145118,False,,False
V_3947836984,U_0101,2026-01-01,3174.363630668238,False,,False
V_1066258326,U_0142,2026-01-01,5467.152985727884,False,,False
V_4114549022,U_0168,2026-01-01,7945.354380598031,False,,False
V_2054369077,U_0181,2026-01-01,11798.23188735437,False,,False
V_1629630857,U_0190,2026-01-01,6359.570054459338,False,,False
V_6701a685,U_0240,2026-01-01,6008.788040974758,True,G_a58304,True
V_676feaef,U_0305,2026-01-01,6195.692767205365,True,G_a58304,False
V_2380b48e,U_0933,2026-01-01,5272.1250345435255,True,G_a58304,False
V_8e81b345,U_0929,2026-01-01,7504.801347757838,True,G_a58304,False
V_b2559cdb,U_0874,2026-01-01,6034.440091699221,True,G_a58304,False
V_90d94e57,U_0276,2026-01-01,5737.154736139658,True,G_a58304,False
V_2843365198,U_0265,2026-01-01,5840.540752561074,False,,False
V_068e8f03,U_0288,2026-01-01,5929.736402827463,True,G_5067a0,True
V_c40445ad,U_0787,2026-01-01,5901.259455163579,True,G_5067a0,False
V_4c007956,U_0773,2026-01-01,5875.521612089413,True,G_5067a0,False
V_8b81b722,U_0880,2026-01-01,5362.144582240309,True,G_5067a0,False
V_3256845564,U_0303,2026-01-01,11806.759819463025,False,,False
V_4067151551,U_0306,2026-01-01,6768.0586072777505,False,,False
V_01111b98,U_0347,2026-01-01,2713.9987296416493,True,G_3a0582,True
V_e0c5bb2b,U_0861,2026-01-01,3328.483830580182,True,G_3a0582,False
V_e5cea7d3,U_0395,2026-01-01,2110.7574837088455,True,G_c485bd,True
V_64afeacd,U_0271,2026-01-01,3065.767312415911,True,G_c485bd,False
V_9ccbacbc,U_0634,2026-01-01,3337.1897898039824,True,G_c485bd,False
V_5943a9e8,U_0157,2026-01-01,4695.8675348584575,True,G_c485bd,False
V_c3c11a61,U_0427,2026-01-01,3382.867163010358,True,G_c485bd,False
V_16d170ae,U_0408,2026-01-01,7485.238505803483,True,G_58f2ad,True
V_714509fe,U_0401,2026-01-01,5601.872238471271,True,G_58f2ad,False
V_17c7b37a,U_0068,2026-01-01,4037.880937420291,True,G_58f2ad,False
V_1669019208,U_0449,2026-01-01,4623.297885944839,False,,False
V_85d4e797,U_0532,2026-01-01,6015.403514634584,True,G_ee02f7,True
V_7f4455af,U_0425,2026-01-01,4194.7006659671015,True,G_ee02f7,False
V_76a6b66e,U_0613,2026-01-01,5535.844200134835,True,G_ee02f7,False
V_1526337459,U_0672,2026-01-01,3910.0735719200875,False,,False
V_1203423402,U_0681,2026-01-01,9637.688344270413,False,,False
V_2649765075,U_0729,2026-01-01,4154.420854777558,False,,False
V_1021679756,U_0846,2026-01-01,4983.284270118493,False,,False
V_1194485961,U_0851,2026-01-01,6304.653493955039,False,,False
V_765571034,U_0863,2026-01-01,7345.2254087337315,False,,False
V_1386509305,U_0872,2026-01-01,6591.511453275638,False,,False
V_7a8325b2,U_0908,2026-01-01,5437.753621834013,True,G_ae39c7,True
V_b19d7480,U_0314,2026-01-01,4466.307961606153,True,G_ae39c7,False
V_210e6029,U_0912,2026-01-01,4869.436382691615,True,G_3534ae,True
V_f6c8da53,U_0408,2026-01-01,6426.866638586705,True,G_3534ae,False
V_5e3c2d8e,U_0102,2026-01-01,5107.194624774056,True,G_3534ae,False
V_ad651fca,U_0508,2026-01-01,6945.535736030537,True,G_3534ae,False
V_074d5265,U_0916,2026-01-01,5938.806043867697,True,G_c1976a,True
V_5844c928,U_0554,2026-01-01,6043.725535915307,True,G_c1976a,False
V_bb9432b5,U_0788,2026-01-01,5211.004401677948,True,G_c1976a,False
V_30ebd4b3,U_0783,2026-01-01,4205.907541903051,True,G_c1976a,False
V_2134832539,U_0945,2026-01-01,5619.332364028751,False,,False
V_216706931,U_0009,2026-01-02,5488.866146951929,False,,False
V_1509426830,U_0045,2026-01-02,6885.277335669646,False,,False
V_e2ebbff2,U_0055,2026-01-02,8304.503010519875,True,G_20859d,True
V_b26adfd9,U_0581,2026-01-02,7252.327468228908,True,G_20859d,False
V_8a9cb8dd,U_0794,2026-01-02,7589.974691108956,True,G_20859d,False
V_0245f992,U_0582,2026-01-02,5010.845436962969,True,G_20859d,False
V_6d3d44b3,U_0373,2026-01-02,10493.692242399782,True,G_20859d,False
V_4203468289,U_0110,2026-01-02,5269.687241924476,False,,False
V_1f18e6a0,U_0130,2026-01-02,10464.195632821431,True,G_fd7e3f,True
V_83e91d21,U_0866,2026-01-02,11134.569530477274,True,G_fd7e3f,False
V_399ecda2,U_0623,2026-01-02,11005.253714864964,True,G_fd7e3f,False
V_2bc2f382,U_0206,2026-01-02,6941.216330110726,True,G_fd7e3f,False
V_92486419,U_0160,2026-01-02,10609.92948830439,True,G_fd7e3f,False
V_3185517590,U_0160,2026-01-02,10851.536185501396,False,,False
V_3891476956,U_0168,2026-01-02,9606.463607275662,False,,False
V_3218757065,U_0174,2026-01-02,4597.069595056603,False,,False
V_544693476,U_0183,2026-01-02,9533.269778557808,False,,False
V_1927669906,U_0229,2026-01-02,5595.018534556504,False,,False
V_fe1954ec,U_0254,2026-01-02,1897.3526552132128,True,G_b3e7e6,True
V_653b031a,U_0176,2026-01-02,3194.7119626576396,True,G_b3e7e6,False
V_4236c296,U_0927,2026-01-02,3199.594963044237,True,G_b3e7e6,False
V_bfbab0df,U_0186,2026-01-02,2936.091553645358,True,G_b3e7e6,False
V_199ddbd7,U_0774,2026-01-02,2723.249351568197,True,G_b3e7e6,False
V_3513182984,U_0322,2026-01-02,2538.381379766548,False,,False
V_2779163450,U_0328,2026-01-02,6154.303297408794,False,,False
V_c39b34b8,U_0358,2026-01-02,5485.187298231027,True,G_b0b39f,True
V_c3750e24,U_0672,2026-01-02,3952.699252175306,True,G_b0b39f,False
V_2655887892,U_0368,2026-01-02,2486.509691267538,False,,False
V_19d84e48,U_0411,2026-01-02,2689.7763226827483,True,G_dfcea9,True
V_4219132d,U_0485,2026-01-02,3944.4927612961137,True,G_dfcea9,False
V_304339206,U_0457,2026-01-02,9706.58375866203,False,,False
V_172050713,U_0515,2026-01-02,3303.949514626294,False,,False
V_694937859,U_0532,2026-01-02,7227.77847566963,False,,False
V_1158736557,U_0548,2026-01-02,9305.623494623142,False,,False
V_0a13656f,U_0582,2026-01-02,6572.178984416709,True,G_f89bd1,True
V_8ac8b2b6,U_0682,2026-01-02,9417.537324388702,True,G_f89bd1,False
V_56b805fe,U_0693,2026-01-02,6659.851693394229,True,G_f89bd1,False
V_0fb98fa9,U_0718,2026-01-02,7477.066179078458,True,G_f89bd1,False
V_b106f443,U_0181,2026-01-02,10519.124492554392,True,G_f89bd1,False
V_4190174541,U_0662,2026-01-02,3241.67278574886,False,,False
V_2e44ebed,U_0705,2026-01-02,5583.535418246629,True,G_f5be2b,True
V_56369d91,U_0738,2026-01-02,6114.922417084915,True,G_f5be2b,False
V_28a3b440,U_0907,2026-01-02,5390.450860089392,True,G_f5be2b,False
V_4aaf1ba8,U_0128,2026-01-02,6876.918364495208,True,G_f5be2b,False
V_3247485135,U_0718,2026-01-02,7749.458525705348,False,,False
V_1173938509,U_0719,2026-01-02,2902.0396559648093,False,,False
V_3584516131,U_0727,2026-01-02,10551.129181981176,False,,False
V_2117634585,U_0742,2026-01-02,8248.022950179704,False,,False
V_1602083761,U_0783,2026-01-02,4041.207870501006,False,,False
V_3ff8201e,U_0802,2026-01-02,10619.757973985596,True,G_8cfaaa,True
V_9b0609d8,U_0194,2026-01-02,8214.664614641506,True,G_8cfaaa,False
V_0fb9615e,U_0623,2026-01-02,12142.806507574282,True,G_8cfaaa,False
V_0939977f,U_0794,2026-01-02,6203.025600570969,True,G_8cfaaa,False
V_3252724897,U_0813,2026-01-02,8277.322175239266,False,,False
V_2547672267,U_0815,2026-01-02,4424.309002678993,False,,False
V_1454411858,U_0896,2026-01-02,9306.452698934158,False,,False
V_2b4a2461,U_0948,2026-01-02,5811.266596389832,True,G_0bbd47,True
V_8cf5e788,U_0260,2026-01-02,5838.74879292846,True,G_0bbd47,False
V_0fae0a1d,U_0804,2026-01-02,5326.430873769589,True,G_0bbd47,False
V_c612026f,U_0712,2026-01-02,3702.4273523953584,True,G_0bbd47,False
V_d7697aa0,U_0955,2026-01-02,8138.017793414369,True,G_9b5d40,True
V_6991ddd7,U_0548,2026-01-02,6995.102902732127,True,G_9b5d40,False
V_9aeca2b0,U_0813,2026-01-02,6962.72366420022,True,G_9b5d40,False
V_8b7aa811,U_0875,2026-01-02,8324.97094426787,True,G_9b5d40,False
V_6272acca,U_0503,2026-01-02,10067.123911279708,True,G_9b5d40,False
V_cfd790ae,U_0977,2026-01-02,9671.833690675265,True,G_9b5d40,False
V_c5759656,U_0065,2026-01-03,5097.570185396419,True,G_c82a25,True
V_10937001,U_0045,2026-01-03,6044.519848822118,True,G_c82a25,False
V_54755e5a,U_0421,2026-01-03,7887.551339202614,True,G_c82a25,False
V_360474643,U_0068,2026-01-03,3674.4982748998846,False,,False
V_3983613929,U_0132,2026-01-03,2683.1024125214617,False,,False
V_2706500866,U_0163,2026-01-03,10685.199421091098,False,,False
V_2b4e7360,U_0165,2026-01-03,3588.420255176006,True,G_ab2b17,True
V_ba5c6ebf,U_0539,2026-01-03,3399.2416661489287,True,G_ab2b17,False
V_51c26f8a,U_0147,2026-01-03,4098.168553960963,True,G_ab2b17,False
V_16724c6d,U_0197,2026-01-03,4073.100604092724,True,G_ab2b17,False
V_9687b5c7,U_0183,2026-01-03,8363.943684821996,True,G_0ff2b3,True
V_95684979,U_0852,2026-01-03,10820.31385530614,True,G_0ff2b3,False
V_39f52052,U_0816,2026-01-03,7845.595370915504,True,G_0ff2b3,False
V_08212ed0,U_0831,2026-01-03,5979.8753227251245,True,G_0ff2b3,False
V_d9b98838,U_0345,2026-01-03,9618.228152027994,True,G_0ff2b3,False
V_a1f43749,U_0160,2026-01-03,9207.43470346636,True,G_0ff2b3,False
V_28f398f6,U_0216,2026-01-03,2831.031105280173,True,G_bdeed1,True
V_6a02edd2,U_0680,2026-01-03,2477.89193708269,True,G_bdeed1,False
V_725a7d43,U_0370,2026-01-03,1810.4369310447667,True,G_bdeed1,False
V_ce464f46,U_0656,2026-01-03,3257.270533648159,True,G_bdeed1,False
V_324f1675,U_0225,2026-01-03,14089.568582638045,True,G_c02cd1,True
V_0702deff,U_0560,2026-01-03,9656.466362508163,True,G_c02cd1,False
V_ddc60b73,U_0445,2026-01-03,12105.222206254768,True,G_c02cd1,False
V_4cd279d6,U_0567,2026-01-03,7164.21222237316,True,G_c02cd1,False
V_62d7d40f,U_0875,2026-01-03,7347.2338779756265,True,G_c02cd1,False
V_54817ba2,U_0548,2026-01-03,10106.732217903405,True,G_c02cd1,False
V_f9097935,U_0261,2026-01-03,3648.1733020474708,True,G_8ab441,True
V_69c30e78,U_0798,2026-01-03,3964.7309889664857,True,G_8ab441,False
V_3136d899,U_0760,2026-01-03,3836.2757230707703,True,G_8ab441,False
V_0cb7454c,U_0809,2026-01-03,5005.410258575377,True,G_8ab441,False
V_a173368c,U_0169,2026-01-03,4649.876321253707,True,G_8ab441,False
V_1559aecb,U_0231,2026-01-03,5693.557579705131,True,G_8ab441,False
V_775537306,U_0266,2026-01-03,3156.958088798315,False,,False
V_2818240521,U_0285,2026-01-03,5212.646366151363,False,,False
V_084a3532,U_0304,2026-01-03,3997.860945091831,True,G_e4fd5d,True
V_e42f35fb,U_0670,2026-01-03,3837.5388116884046,True,G_e4fd5d,False
V_7160498b,U_0472,2026-01-03,4453.672124595782,True,G_e4fd5d,False
V_010a483d,U_0240,2026-01-03,5893.956025787913,True,G_e4fd5d,False
V_917c9eee,U_0175,2026-01-03,6866.209203677771,True,G_e4fd5d,False
V_38b29c66,U_0338,2026-01-03,10853.602379016655,True,G_981f8c,True
V_c446c2db,U_0695,2026-01-03,7302.709450909434,True,G_981f8c,False
V_1988049941,U_0345,2026-01-03,8630.821038099415,False,,False
V_e3ff1a91,U_0365,2026-01-03,4282.052602700174,True,G_e25000,True
V_32e197c3,U_0832,2026-01-03,3137.1397974163337,True,G_e25000,False
V_37b38fec,U_0799,2026-01-03,4089.995558618035,True,G_e25000,False
V_84db950c,U_0375,2026-01-03,3534.526927438544,True,G_930cba,True
V_92d41516,U_0288,2026-01-03,6162.589180748544,True,G_930cba,False
V_dccbda06,U_0384,2026-01-03,3075.705357372796,True,G_7192d8,True
V_9a0aeb6d,U_0734,2026-01-03,6723.38880297101,True,G_7192d8,False
V_2e5a75f6,U_0798,2026-01-03,4034.708558019633,True,G_7192d8,False
V_2034368522,U_0501,2026-01-03,3520.80948668735,False,,False
V_1546071a,U_0503,2026-01-03,11800.052136978611,True,G_81ee40,True
V_6824d79c,U_0518,2026-01-03,8584.197224485295,True,G_81ee40,False
V_8b15d3b9,U_0831,2026-01-03,6941.674422440145,True,G_81ee40,False
V_8261d274,U_0875,2026-01-03,6273.935080795658,True,G_81ee40,False
V_e1254e80,U_0373,2026-01-03,11541.925190317792,True,G_81ee40,False
V_8fd839d1,U_0580,2026-01-03,6558.837741787641,True,G_f6f84b,True
V_b98bc2ec,U_0941,2026-01-03,3180.1974159652164,True,G_f6f84b,False
V_bb20911e,U_0910,2026-01-03,5608.6214342156945,True,G_f6f84b,False
V_290187466,U_0644,2026-01-03,5277.830504606036,False,,False
V_813449059,U_0681,2026-01-03,11911.049781708705,False,,False
V_2284318901,U_0683,2026-01-03,4739.4770090765805,False,,False
V_99914907,U_0693,2026-01-03,6152.646228473229,False,,False
V_1640724675,U_0695,2026-01-03,6831.073787337799,False,,False
V_3562124703,U_0749,2026-01-03,2309.2374229829197,False,,False
V_1173827180,U_0752,2026-01-03,7295.468575511093,False,,False
V_2776452788,U_0782,2026-01-03,5217.924460860468,False,,False
V_ac9ee121,U_0784,2026-01-03,3858.058558125172,True,G_5097ec,True
V_1d277e89,U_0711,2026-01-03,2371.6081186072897,True,G_5097ec,False
V_91987ae5,U_0975,2026-01-03,2717.7767247889524,True,G_5097ec,False
V_2884556210,U_0787,2026-01-03,6758.241667207597,False,,False
V_3257393394,U_0799,2026-01-03,3585.793052970569,False,,False
V_1302141873,U_0802,2026-01-03,10792.008627184821,False,,False
V_2742062207,U_0810,2026-01-03,3857.4615722299386,False,,False
V_af2104aa,U_0852,2026-01-03,11977.961448230573,True,G_fb9427,True
V_47225338,U_0755,2026-01-03,10094.13071512094,True,G_fb9427,False
V_4016055566,U_0862,2026-01-03,5543.123092047701,False,,False
V_fe44ac2a,U_0897,2026-01-03,8556.947731337334,True,G_38cc60,True
V_6bffcefb,U_0816,2026-01-03,8422.370169380221,True,G_38cc60,False
V_1d32803e,U_0163,2026-01-03,9587.890825241611,True,G_38cc60,False
V_ad795a92,U_0461,2026-01-03,7408.3009978686405,True,G_38cc60,False
V_fbeb7d9a,U_0852,2026-01-03,10395.370003653992,True,G_38cc60,False
V_2913277923,U_0921,2026-01-03,1802.931986478971,False,,False
V_4d18ce06,U_0957,2026-01-03,2067.4102245078298,True,G_230e02,True
V_0fa96da3,U_0049,2026-01-03,3509.7858681131283,True,G_230e02,False
V_73c51d74,U_0973,2026-01-03,2991.578017672915,True,G_230e02,False
V_f404b817,U_0201,2026-01-03,3403.9959620803993,True,G_230e02,False
V_2202420523,U_0055,2026-01-04,9425.842377312034,False,,False
V_4248902149,U_0082,2026-01-04,6999.677378060975,False,,False
V_3583286404,U_0105,2026-01-04,2249.9934342754664,False,,False
V_efed5286,U_0114,2026-01-04,6787.186462986392,True,G_da7e49,True
V_5b2819b1,U_0912,2026-01-04,4281.836111035254,True,G_da7e49,False
V_a1d16b2d,U_0994,2026-01-04,6092.857645713392,True,G_da7e49,False
V_f8a79b57,U_0922,2026-01-04,5288.9022486868025,True,G_da7e49,False
V_22055db5,U_0156,2026-01-04,2661.90896320431,True,G_40e742,True
V_6ba1b73a,U_0684,2026-01-04,2634.790244350654,True,G_40e742,False
V_1400215764,U_0194,2026-01-04,8453.351574523835,False,,False
V_2901774665,U_0198,2026-01-04,4913.081051987597,False,,False
V_2507944f,U_0203,2026-01-04,3095.004100429455,True,G_f07cc3,True
V_f1dfb82d,U_0558,2026-01-04,2206.55245621583,True,G_f07cc3,False
V_c610d96b,U_0806,2026-01-04,3212.900891655235,True,G_f07cc3,False
V_7d4ebc9e,U_0216,2026-01-04,2293.0546693744227,True,G_cc3a7e,True
V_9a2d9d16,U_0609,2026-01-04,3799.2927903858235,True,G_cc3a7e,False
V_f5e10afd,U_0316,2026-01-04,3414.1239677409103,True,G_cc3a7e,False
V_7e881ee4,U_0377,2026-01-04,3525.0614754794797,True,G_cc3a7e,False
V_69619d97,U_0056,2026-01-04,3175.2369439374156,True,G_cc3a7e,False
V_91b4a76d,U_0221,2026-01-04,6114.07151806962,True,G_96a281,True
V_2ee2fc35,U_0977,2026-01-04,7111.007387582648,True,G_96a281,False
V_b045c5bb,U_0323,2026-01-04,6774.751389651033,True,G_96a281,False
V_8472c490,U_0387,2026-01-04,8672.421415498158,True,G_96a281,False
V_5025eb2d,U_0548,2026-01-04,9728.029369520074,True,G_96a281,False
V_3503079845,U_0229,2026-01-04,5466.153338958336,False,,False
V_1422794986,U_0303,2026-01-04,9712.272276265336,False,,False
V_3136909421,U_0366,2026-01-04,4119.602673635529,False,,False
V_42da7e26,U_0437,2026-01-04,2307.071620844092,True,G_28436d,True
V_eaf281ef,U_0927,2026-01-04,3189.8499124031346,True,G_28436d,False
V_f6ab22e5,U_0717,2026-01-04,3077.140096554243,True,G_28436d,False
V_a4320c7d,U_0496,2026-01-04,2789.3539943420346,True,G_28436d,False
V_3399ec3f,U_0745,2026-01-04,3281.6327430660904,True,G_28436d,False
V_bc87c754,U_0459,2026-01-04,1958.6540165173653,True,G_cde65d,True
V_41d4635d,U_0069,2026-01-04,2841.699687235044,True,G_cde65d,False
V_1725753751,U_0478,2026-01-04,3314.612367668357,False,,False
V_00ef54e2,U_0575,2026-01-04,5851.185630934578,True,G_b00464,True
V_a26fa7c7,U_0291,2026-01-04,5081.91860664783,True,G_b00464,False
V_7764ff39,U_0652,2026-01-04,5259.067992924359,True,G_b00464,False
V_1c472824,U_0702,2026-01-04,3659.3140945994805,True,G_b00464,False
V_6c53d062,U_0526,2026-01-04,5928.1876384506395,True,G_b00464,False
V_40389ec5,U_0611,2026-01-04,5338.564759641161,True,G_b00464,False
V_2472535778,U_0640,2026-01-04,2864.867533979426,False,,False
V_1349891418,U_0711,2026-01-04,1983.7552030422842,False,,False
V_d7e599a9,U_0724,2026-01-04,2460.934772069831,True,G_18d1fa,True
V_fa7aec4f,U_0500,2026-01-04,2916.8459680640703,True,G_18d1fa,False
V_0c1fe300,U_0940,2026-01-04,2368.3899356926145,True,G_18d1fa,False
V_774dccb6,U_0769,2026-01-04,2997.650341514176,True,G_18d1fa,False
V_dd35519d,U_0248,2026-01-04,3450.039490271922,True,G_18d1fa,False
V_79f47b86,U_0856,2026-01-04,2204.307363454563,True,G_18d1fa,False
V_d86accdf,U_0772,2026-01-04,6044.432366761702,True,G_6523a1,True
V_147cf798,U_0625,2026-01-04,5689.223505505565,True,G_6523a1,False
V_1d9d2546,U_0151,2026-01-04,4814.114598662193,True,G_6523a1,False
V_667829966,U_0792,2026-01-04,3828.292286061383,False,,False
V_2907834855,U_0826,2026-01-04,7925.731109129249,False,,False
V_799541256,U_0884,2026-01-04,4510.843568496952,False,,False
V_848446906,U_0885,2026-01-04,7615.077459818393,False,,False
V_c06a6c12,U_0908,2026-01-04,5366.51646726454,True,G_489088,True
V_6129ab3d,U_0062,2026-01-04,5496.487831284861,True,G_489088,False
V_7e3f74dd,U_0252,2026-01-04,4932.286252510503,True,G_489088,False
V_6978dc9e,U_0304,2026-01-04,3995.008398458183,True,G_489088,False
V_223509385,U_0923,2026-01-04,2823.7082979473985,False,,False
V_3990446958,U_0951,2026-01-04,9005.304237123682,False,,False
V_1381431592,U_0971,2026-01-04,2471.725929858668,False,,False
V_2289cd32,U_0009,2026-01-05,7586.807204786656,True,G_ed529a,True
V_6422a883,U_0408,2026-01-05,5718.297013553498,True,G_ed529a,False
V_4d97efa4,U_0904,2026-01-05,5919.342400836681,True,G_ed529a,False
V_9b37fbae,U_0576,2026-01-05,8169.5670904673125,True,G_ed529a,False
V_26058f7d,U_0613,2026-01-05,6025.742901554457,True,G_ed529a,False
V_f1550e94,U_0742,2026-01-05,5569.344097805834,True,G_ed529a,False
V_66f3dcef,U_0054,2026-01-05,2224.9173716595965,True,G_73e135,True
V_19b82162,U_0631,2026-01-05,2986.7898177948523,True,G_73e135,False
V_ea43fef9,U_0556,2026-01-05,2208.2021324125067,True,G_73e135,False
V_b8acc8b7,U_0150,2026-01-05,2449.917414989335,True,G_73e135,False
V_5407e188,U_0962,2026-01-05,2555.293540118458,True,G_73e135,False
V_00883c75,U_0454,2026-01-05,4310.307058897855,True,G_73e135,False
V_6293f2a5,U_0089,2026-01-05,5820.039156272348,True,G_5686d3,True
V_8492b268,U_0567,2026-01-05,6794.1006973837875,True,G_5686d3,False
V_00aa8ea7,U_0888,2026-01-05,8484.886065505247,True,G_5686d3,False
V_864d6163,U_0097,2026-01-05,9737.093071907308,True,G_597a09,True
V_0bd1f841,U_0015,2026-01-05,10351.041428073959,True,G_597a09,False
V_2329462120,U_0102,2026-01-05,6965.6240364778705,False,,False
V_638416586,U_0160,2026-01-05,11316.14146173441,False,,False
V_1788831866,U_0231,2026-01-05,4336.30740185274,False,,False
V_2920163483,U_0247,2026-01-05,5839.990711340014,False,,False
V_a0980ab2,U_0295,2026-01-05,3752.5885585637698,True,G_315631,True
V_bc7631fe,U_0009,2026-01-05,6032.417043511064,True,G_315631,False
V_b1c82f9e,U_0600,2026-01-05,4342.415302043891,True,G_315631,False
V_a80717df,U_0469,2026-01-05,3688.0981174290064,True,G_315631,False
V_2048497671,U_0303,2026-01-05,10722.290689261274,False,,False
V_1248377773,U_0380,2026-01-05,3298.9231802125905,False,,False
V_4010723787,U_0457,2026-01-05,7200.065061946739,False,,False
V_3575606753,U_0463,2026-01-05,4093.3611788760763,False,,False
V_445282035,U_0509,2026-01-05,4433.231264388661,False,,False
V_170284e1,U_0530,2026-01-05,2330.9866348083556,True,G_f3723e,True
V_2b3fe94e,U_0893,2026-01-05,3480.3762196230323,True,G_f3723e,False
V_6cd04b3d,U_0483,2026-01-05,2415.5725410348023,True,G_f3723e,False
V_778cd1b5,U_0536,2026-01-05,5025.000101358573,True,G_36783e,True
V_0bd9803e,U_0845,2026-01-05,4685.401575001186,True,G_36783e,False
V_55673858,U_0992,2026-01-05,3693.746329875333,True,G_36783e,False
V_505fa0a3,U_0523,2026-01-05,4179.981356973643,True,G_36783e,False
V_fc79134e,U_0560,2026-01-05,8122.817337957237,True,G_b52d0b,True
V_dcd1f9b3,U_0831,2026-01-05,6520.483885002455,True,G_b52d0b,False
V_3723474875,U_0581,2026-01-05,7065.558917663169,False,,False
V_9fae232f,U_0603,2026-01-05,2466.3609290030204,True,G_f3f3f0,True
V_37331f16,U_0052,2026-01-05,2029.40043717687,True,G_f3f3f0,False
V_47f7f0fb,U_0207,2026-01-05,3780.9894951960414,True,G_f3f3f0,False
V_7a781df0,U_0585,2026-01-05,1847.9020385579631,True,G_f3f3f0,False
V_d43b2e44,U_0589,2026-01-05,3072.383134630345,True,G_f3f3f0,False
V_8fa39b93,U_0844,2026-01-05,3073.952146206524,True,G_f3f3f0,False
V_3078643818,U_0666,2026-01-05,3541.506830711879,False,,False
V_1c0614c8,U_0725,2026-01-05,7708.100489904687,True,G_6f0f76,True
V_d9ee5947,U_0214,2026-01-05,4400.301957456008,True,G_6f0f76,False
V_225447051,U_0733,2026-01-05,3465.8622456492144,False,,False
V_052d6a0a,U_0737,2026-01-05,6934.447652275601,True,G_3b2aa0,True
V_a013eff6,U_0548,2026-01-05,7333.59485499939,True,G_3b2aa0,False
V_2059da68,U_0400,2026-01-05,11393.085958810356,True,G_3b2aa0,False
V_078ea43e,U_0897,2026-01-05,9599.363585020843,True,G_3b2aa0,False
V_0e804cbc,U_0237,2026-01-05,11950.05668152426,True,G_3b2aa0,False
V_9c143e30,U_0194,2026-01-05,10402.596387950165,True,G_3b2aa0,False
V_1944077950,U_0792,2026-01-05,3388.05830273527,False,,False
V_09893585,U_0802,2026-01-05,8745.792274140416,True,G_b89b15,True
V_550b2e64,U_0265,2026-01-05,6763.452273925929,True,G_b89b15,False
V_08b145a8,U_0434,2026-01-05,6159.1547127367885,True,G_b89b15,False
V_9ac0bea9,U_0567,2026-01-05,6685.263733639369,True,G_b89b15,False
V_e0ab4772,U_0238,2026-01-05,6719.191872576536,True,G_b89b15,False
V_c536a3a4,U_0824,2026-01-05,1827.0228613527295,True,G_51647e,True
V_53ee1687,U_0832,2026-01-05,2466.8851115317084,True,G_51647e,False
V_9b36a404,U_0521,2026-01-05,2944.887573801789,True,G_51647e,False
V_06aad245,U_0410,2026-01-05,2599.218136731545,True,G_51647e,False
V_0812e9b2,U_0298,2026-01-05,2825.498829109181,True,G_51647e,False
V_8f7fad37,U_0539,2026-01-05,3041.4228928442503,True,G_51647e,False
V_065704ed,U_0830,2026-01-05,2672.616290636139,True,G_73a128,True
V_6e743b6b,U_0003,2026-01-05,2662.7693772216094,True,G_73a128,False
V_3aabe6b3,U_0854,2026-01-05,4263.77335254724,True,G_73a128,False
V_2d4d255d,U_0424,2026-01-05,2700.675733999763,True,G_73a128,False
V_866e9128,U_0822,2026-01-05,2822.927840960896,True,G_73a128,False
V_2988464377,U_0859,2026-01-05,4549.52660335681,False,,False
V_598a551e,U_0899,2026-01-05,5526.187376597514,True,G_9a2962,True
V_9f83f9f7,U_0966,2026-01-05,3658.9966907179373,True,G_9a2962,False
V_3dfef7c9,U_0190,2026-01-05,6554.828920917618,True,G_9a2962,False
V_705497d5,U_0085,2026-01-05,2867.1800731967687,True,G_9a2962,False
V_3757713582,U_0965,2026-01-05,5423.9541405042955,False,,False
V_1678103394,U_0000,2026-01-06,3669.4252694804395,False,,False
V_2423259574,U_0030,2026-01-06,5949.863354449704,False,,False
V_2822615775,U_0032,2026-01-06,4795.735674236369,False,,False
V_4135179588,U_0033,2026-01-06,3251.559157900425,False,,False
V_016b3838,U_0036,2026-01-06,2540.165826646207,True,G_13fc2b,True
V_a3da85d6,U_0882,2026-01-06,3314.9077268209694,True,G_13fc2b,False
V_ea135d73,U_0366,2026-01-06,3555.05679307404,True,G_13fc2b,False
V_edcb55ec,U_0596,2026-01-06,4072.242596776385,True,G_13fc2b,False
V_0e56997d,U_0927,2026-01-06,3412.910402526131,True,G_13fc2b,False
V_d7638d13,U_0669,2026-01-06,3308.1898033158996,True,G_13fc2b,False
V_3490184455,U_0214,2026-01-06,3163.1175992755807,False,,False
V_1160923550,U_0261,2026-01-06,3536.9443239188718,False,,False
V_3836133201,U_0278,2026-01-06,3624.6560851558334,False,,False
V_61dfcfa5,U_0319,2026-01-06,2887.4783069886853,True,G_45a26c,True
V_f4587df7,U_0454,2026-01-06,3066.2389261135017,True,G_45a26c,False
V_5de13bd7,U_0316,2026-01-06,2451.817581858461,True,G_45a26c,False
V_96eb316c,U_0765,2026-01-06,2003.2911124394402,True,G_45a26c,False
V_2368450571,U_0324,2026-01-06,7645.6138639468645,False,,False
V_3696121215,U_0336,2026-01-06,6652.238664736338,False,,False
V_328323466,U_0415,2026-01-06,9463.670567822435,False,,False
V_4122553148,U_0523,2026-01-06,4727.727322652242,False,,False
V_e337aea4,U_0623,2026-01-06,11481.255210507063,True,G_5ccb7e,True
V_f9aff1bb,U_0993,2026-01-06,6526.683379705022,True,G_5ccb7e,False
V_23573c4d,U_0581,2026-01-06,8985.509138843358,True,G_5ccb7e,False
V_940375357,U_0628,2026-01-06,10951.88529620525,False,,False
V_3274422899,U_0681,2026-01-06,11833.449929321343,False,,False
V_2326574979,U_0682,2026-01-06,9159.318234765364,False,,False
V_bb4cc77a,U_0691,2026-01-06,6483.135408065822,True,G_c2c66e,True
V_b34eb049,U_0163,2026-01-06,10019.764316038363,True,G_c2c66e,False
V_c5698080,U_0391,2026-01-06,7664.102883301448,True,G_c2c66e,False
V_3242863201,U_0733,2026-01-06,3930.170689583726,False,,False
V_171c8075,U_0760,2026-01-06,4853.120207674136,True,G_dc9f71,True
V_a83b8e1d,U_0433,2026-01-06,6032.6910906963985,True,G_dc9f71,False
V_943da64a,U_0847,2026-01-06,5211.855972569867,True,G_dc9f71,False
V_f693201e,U_0532,2026-01-06,6123.259539447818,True,G_dc9f71,False
V_855847996,U_0779,2026-01-06,4180.403741692553,False,,False
V_8ff2c2e8,U_0870,2026-01-06,2192.931798030599,True,G_f65073,True
V_ada5ec92,U_0630,2026-01-06,2187.275909905488,True,G_f65073,False
V_2022110468,U_0880,2026-01-06,6329.17250652277,False,,False
V_657953558,U_0888,2026-01-06,9461.379227343381,False,,False
V_1788333006,U_0910,2026-01-06,6922.263142565745,False,,False
V_4a5b4d03,U_0924,2026-01-06,3414.989614532085,True,G_e1075e,True
V_d1361ea1,U_0207,2026-01-06,3127.791684053851,True,G_e1075e,False
V_4f237a1b,U_0583,2026-01-06,3705.0798813338565,True,G_e1075e,False
V_1db30163,U_0808,2026-01-06,1777.1712486731928,True,G_e1075e,False
V_8c3d3cae,U_0930,2026-01-06,3828.278929160091,True,G_62f7a7,True
V_65cb713f,U_0377,2026-01-06,3607.419006178993,True,G_62f7a7,False
V_1006323925,U_0009,2026-01-07,7201.90551396446,False,,False
V_3961478551,U_0016,2026-01-07,3958.5375375876993,False,,False
V_8a6999ac,U_0043,2026-01-07,3885.0867369547236,True,G_79eb90,True
V_506ee184,U_0822,2026-01-07,3418.9752911660103,True,G_79eb90,False
V_f1ecac32,U_0095,2026-01-07,4440.360236588991,True,G_698046,True
V_5fee3e1f,U_0828,2026-01-07,3663.0683168917476,True,G_698046,False
V_6785a716,U_0644,2026-01-07,4458.793700582402,True,G_698046,False
V_8af7860c,U_0753,2026-01-07,7286.691830926156,True,G_698046,False
V_5d9d8b3c,U_0010,2026-01-07,3637.4543724633604,True,G_698046,False
V_8c3d3fc9,U_0798,2026-01-07,5050.2906847180175,True,G_698046,False
V_3038967312,U_0108,2026-01-07,3145.3942788929326,False,,False
V_1103196723,U_0161,2026-01-07,7135.495803517913,False,,False
V_4145330871,U_0163,2026-01-07,9255.292534650887,False,,False
V_3de70893,U_0192,2026-01-07,3638.5919546112455,True,G_c269e4,True
V_63679ab5,U_0495,2026-01-07,3307.9441328849507,True,G_c269e4,False
V_48cdc4e4,U_0197,2026-01-07,3398.842879751342,True,G_0c6e66,True
V_fa172888,U_0769,2026-01-07,3186.0401600763953,True,G_0c6e66,False
V_650d21ff,U_0267,2026-01-07,3272.9255395757455,True,G_0c6e66,False
V_cc7c625e,U_0803,2026-01-07,2355.77262160693,True,G_0c6e66,False
V_4156341268,U_0198,2026-01-07,3713.9462108679845,False,,False
V_3276780457,U_0252,2026-01-07,5735.937056644183,False,,False
V_9f6bfa74,U_0303,2026-01-07,12261.247059555557,True,G_c59991,True
V_42fb5332,U_0704,2026-01-07,9718.474106150721,True,G_c59991,False
V_36dea451,U_0657,2026-01-07,11331.64919178244,True,G_c59991,False
V_1ddcd523,U_0565,2026-01-07,10560.263048177647,True,G_c59991,False
V_a18ec52b,U_0097,2026-01-07,11905.368321194886,True,G_c59991,False
V_173f9b17,U_0312,2026-01-07,5818.964559650284,True,G_49429c,True
V_317d6565,U_0729,2026-01-07,4727.955118974087,True,G_49429c,False
V_092ba4f7,U_0712,2026-01-07,4023.490600510966,True,G_49429c,False
V_b269fba5,U_0190,2026-01-07,6706.957680704049,True,G_49429c,False
V_ed3f413a,U_0151,2026-01-07,4939.166084339094,True,G_49429c,False
V_3c63577b,U_0230,2026-01-07,6055.701863158368,True,G_49429c,False
V_2420383430,U_0332,2026-01-07,5983.980014022383,False,,False
V_1470455066,U_0368,2026-01-07,2704.0985344906458,False,,False
V_3517133618,U_0378,2026-01-07,5345.806478231939,False,,False
V_2582796412,U_0437,2026-01-07,2407.0777784737697,False,,False
V_2188491706,U_0452,2026-01-07,2780.619010756373,False,,False
V_35fb81f0,U_0573,2026-01-07,3724.71689888629,True,G_1d50c3,True
V_1f485900,U_0708,2026-01-07,5268.794230308813,True,G_1d50c3,False
V_bee3760b,U_0661,2026-01-07,4703.28816503598,True,G_1d50c3,False
V_6ef2a472,U_0800,2026-01-07,4558.548763598005,True,G_1d50c3,False
V_46150ec7,U_0080,2026-01-07,7594.224940592043,True,G_1d50c3,False
V_287c8179,U_0581,2026-01-07,8646.027468266175,True,G_e00d55,True
V_bd67ee62,U_0982,2026-01-07,8014.936205247757,True,G_e00d55,False
V_2cfe04ee,U_0178,2026-01-07,9501.161401468327,True,G_e00d55,False
V_508a2f99,U_0727,2026-01-07,8941.76960050602,True,G_e00d55,False
V_4e9889a2,U_0225,2026-01-07,9841.06607835084,True,G_e00d55,False
V_ef078117,U_0695,2026-01-07,8122.657436867683,True,G_e00d55,False
V_372b5efa,U_0599,2026-01-07,3948.7264558782663,True,G_4873f2,True
V_2f6185ab,U_0444,2026-01-07,3120.689312350324,True,G_4873f2,False
V_2c6dee42,U_0386,2026-01-07,3640.152982056771,True,G_4873f2,False
V_1719311249,U_0658,2026-01-07,4176.347251620193,False,,False
V_3133733167,U_0670,2026-01-07,4176.746812848605,False,,False
V_3923783053,U_0704,2026-01-07,8115.0983863405345,False,,False
V_3863533486,U_0721,2026-01-07,8093.655253651827,False,,False
V_2af45b93,U_0735,2026-01-07,5947.3460354179515,True,G_f29b5f,True
V_52e4f316,U_0429,2026-01-07,11772.46808593147,True,G_f29b5f,False
V_c2b91d84,U_0816,2026-01-07,8324.38678520829,True,G_f29b5f,False
V_01977b97,U_0168,2026-01-07,10544.953134782101,True,G_f29b5f,False
V_0fc7861b,U_0373,2026-01-07,11700.294020119116,True,G_f29b5f,False
V_3587925887,U_0751,2026-01-07,2895.179692350832,False,,False
V_1520145689,U_0801,2026-01-07,3571.3095545381248,False,,False
V_2085416061,U_0910,2026-01-07,5470.9005271682445,False,,False
V_424360814,U_0948,2026-01-07,5760.5466569031305,False,,False
V_10cbb643,U_0993,2026-01-07,6450.863454715861,True,G_ad74fa,True
V_d33af6fd,U_0691,2026-01-07,6715.349113439418,True,G_ad74fa,False
V_1321b382,U_0896,2026-01-07,9211.896107193255,True,G_ad74fa,False
V_a5c899d9,U_0851,2026-01-07,6301.536841255114,True,G_ad74fa,False
V_2792920915,U_0075,2026-01-08,9059.431714793916,False,,False
V_3058505100,U_0102,2026-01-08,7012.300664661534,False,,False
V_3129601443,U_0114,2026-01-08,4827.050854857686,False,,False
V_4217701354,U_0137,2026-01-08,6052.365355856492,False,,False
V_54024164,U_0140,2026-01-08,2415.152721462607,False,,False
V_2419632965,U_0142,2026-01-08,5676.409287968389,False,,False
V_807792705,U_0221,2026-01-08,8189.518166408386,False,,False
V_884891393,U_0250,2026-01-08,3583.557045548201,False,,False
V_21ab2596,U_0314,2026-01-08,4506.839830179823,True,G_9a1dc9,True
V_4865585a,U_0102,2026-01-08,6035.82510797613,True,G_9a1dc9,False
V_3df13a4d,U_0323,2026-01-08,7851.034619943585,True,G_1ce31f,True
V_c51b041d,U_0484,2026-01-08,10213.348402273608,True,G_1ce31f,False
V_4a9efc91,U_0391,2026-01-08,9681.949295552753,True,G_1ce31f,False
V_226571165,U_0454,2026-01-08,3558.6971960367123,False,,False
V_1355062315,U_0461,2026-01-08,9102.134603054843,False,,False
V_3513075817,U_0488,2026-01-08,5468.796027594089,False,,False
V_6566f07b,U_0522,2026-01-08,5771.456754465717,True,G_fdd251,True
V_9a0ddc09,U_0083,2026-01-08,7853.019814009814,True,G_fdd251,False
V_3b888bb4,U_0376,2026-01-08,3492.547817987415,True,G_fdd251,False
V_1300131563,U_0531,2026-01-08,1937.1856017350513,False,,False
V_2992974142,U_0534,2026-01-08,4644.958226484642,False,,False
V_e63cb7bf,U_0552,2026-01-08,3309.14149962456,True,G_7db712,True
V_4c0cbb33,U_0384,2026-01-08,3144.7408516022174,True,G_7db712,False
V_2935743411,U_0614,2026-01-08,9889.708764716248,False,,False
V_378952213,U_0625,2026-01-08,4834.421483616751,False,,False
V_1163464032,U_0668,2026-01-08,5588.662912108161,False,,False
V_287359415,U_0681,2026-01-08,12787.489259771295,False,,False
V_fc2d2e08,U_0747,2026-01-08,2391.2873511357175,True,G_76dd28,True
V_7f4e1f27,U_0842,2026-01-08,4156.5482207917275,True,G_76dd28,False
V_af15a383,U_0984,2026-01-08,2185.463854689362,True,G_76dd28,False
V_f5875f10,U_0255,2026-01-08,4224.219992183326,True,G_76dd28,False
V_137e0c48,U_0468,2026-01-08,2140.8789748496242,True,G_76dd28,False
V_dd53e85f,U_0545,2026-01-08,2935.181187113429,True,G_76dd28,False
V_9b556254,U_0792,2026-01-08,2973.0727162027756,True,G_42a1bd,True
V_0b40f664,U_0915,2026-01-08,4934.990672937173,True,G_42a1bd,False
V_5b256bee,U_0068,2026-01-08,3416.7093086975383,True,G_42a1bd,False
V_faeca896,U_0837,2026-01-08,4742.388470038502,True,G_42a1bd,False
V_dbce4092,U_0087,2026-01-08,8154.752679873176,True,G_42a1bd,False
V_baf279af,U_0205,2026-01-08,5205.714018031817,True,G_42a1bd,False
V_968600458,U_0813,2026-01-08,8438.853997441447,False,,False
V_2674870631,U_0840,2026-01-08,3733.7185707560157,False,,False
V_2797778710,U_0851,2026-01-08,6429.988521787062,False,,False
V_b8f18fa0,U_0872,2026-01-08,8200.66039530567,True,G_1e8c26,True
V_1f1b92a9,U_0550,2026-01-08,4258.006107190417,True,G_1e8c26,False
V_45113d71,U_0312,2026-01-08,4910.482551171161,True,G_1e8c26,False
V_3859121314,U_0900,2026-01-08,4820.703391836006,False,,False
V_2820118608,U_0930,2026-01-08,3210.023592803153,False,,False
V_3751743641,U_0941,2026-01-08,3649.109941297405,False,,False
V_2166858599,U_0021,2026-01-09,4474.380698303127,False,,False
V_ec9144e3,U_0032,2026-01-09,4124.955319554555,True,G_d10304,True
V_e95487b7,U_0288,2026-01-09,6866.162964640234,True,G_d10304,False
V_2b7e585c,U_0110,2026-01-09,5409.67550815568,True,G_d10304,False
V_18dde702,U_0045,2026-01-09,7947.86110391251,True,G_b324bd,True
V_4f81e485,U_0413,2026-01-09,5055.026650191842,True,G_b324bd,False
V_6a255a13,U_0073,2026-01-09,5043.89226786943,True,G_7ac4d6,True
V_7bbf66d3,U_0828,2026-01-09,3889.005890269312,True,G_7ac4d6,False
V_3411652945,U_0111,2026-01-09,6496.258918248543,False,,False
V_2979900245,U_0112,2026-01-09,6290.390050221101,False,,False
V_1141978201,U_0146,2026-01-09,5301.954622562706,False,,False
V_5b9d966c,U_0277,2026-01-09,6232.180961887688,True,G_aca608,True
V_d3b45fcf,U_0810,2026-01-09,4042.6520748428065,True,G_aca608,False
V_6c6d6519,U_0753,2026-01-09,6432.155300573946,True,G_aca608,False
V_5d7bc69c,U_0890,2026-01-09,5621.21203727996,True,G_aca608,False
V_1869140915,U_0331,2026-01-09,4972.013625178611,False,,False
V_3291446617,U_0436,2026-01-09,9466.579284125242,False,,False
V_3222562820,U_0484,2026-01-09,9356.572477340891,False,,False
V_3fee6f58,U_0494,2026-01-09,3372.141049216086,True,G_c3cafb,True
V_1e7753ee,U_0403,2026-01-09,4372.393400601199,True,G_c3cafb,False
V_7cf03546,U_0800,2026-01-09,3785.1429879730986,True,G_c3cafb,False
V_2a7e3cd7,U_0666,2026-01-09,4500.685477664936,True,G_c3cafb,False
V_faaedb12,U_0772,2026-01-09,6237.885402124986,True,G_c3cafb,False
V_67f16a7c,U_0503,2026-01-09,9401.101004268688,True,G_703884,True
V_1877e3db,U_0737,2026-01-09,8234.4070291306,True,G_703884,False
V_1e932588,U_0681,2026-01-09,9379.434302187512,True,G_703884,False
V_579c6aab,U_0055,2026-01-09,11074.563806062875,True,G_703884,False
V_4198f1fb,U_0089,2026-01-09,5708.554283123041,True,G_703884,False
V_f48a1951,U_0513,2026-01-09,13010.519309166699,True,G_703884,False
V_3429579374,U_0508,2026-01-09,6756.992091625264,False,,False
V_41cde7ae,U_0536,2026-01-09,5897.020415435154,True,G_7dcc97,True
V_ebbb98c0,U_0915,2026-01-09,5381.866887399433,True,G_7dcc97,False
V_701d8a61,U_0299,2026-01-09,7837.459558565096,True,G_7dcc97,False
V_6db54b7a,U_0694,2026-01-09,4391.142535061676,True,G_7dcc97,False
V_3b30ac73,U_0235,2026-01-09,5225.664619006811,True,G_7dcc97,False
V_2115909085,U_0620,2026-01-09,3067.256257287154,False,,False
V_3391060026,U_0641,2026-01-09,2128.602976372987,False,,False
V_2953759847,U_0682,2026-01-09,8157.469946879506,False,,False
V_1436908247,U_0718,2026-01-09,7007.042006741193,False,,False
V_3540444772,U_0731,2026-01-09,2853.9816460526004,False,,False
V_4145011724,U_0752,2026-01-09,7840.186798402724,False,,False
V_1929513766,U_0770,2026-01-09,8071.620246120019,False,,False
V_7ed2a518,U_0771,2026-01-09,6384.191293225744,True,G_6f97a7,True
V_c1e62d8a,U_0449,2026-01-09,4429.567044854305,True,G_6f97a7,False
V_045eee01,U_0814,2026-01-09,2667.993758003039,True,G_3d789a,True
V_15edbf4b,U_0316,2026-01-09,3329.2657811013096,True,G_3d789a,False
V_2394231f,U_0200,2026-01-09,3528.7623597932916,True,G_3d789a,False
V_d3c114dc,U_0779,2026-01-09,3825.4509818313686,True,G_3d789a,False
V_15984742,U_0859,2026-01-09,3933.8760821745805,False,,False
V_f60cdbbf,U_0865,2026-01-09,3727.5508840987204,True,G_a62443,True
V_d130a3d0,U_0152,2026-01-09,3509.2883108875226,True,G_a62443,False
V_e042cc1f,U_0236,2026-01-09,3884.0630278802296,True,G_a62443,False
V_ebd3432f,U_0171,2026-01-09,3255.94597444213,True,G_a62443,False
V_69d27522,U_0923,2026-01-09,2690.1240531824087,True,G_a62443,False
V_2b0eebdc,U_0890,2026-01-09,6457.819245649596,True,G_5446be,True
V_a96e0b54,U_0137,2026-01-09,6749.267233779745,True,G_5446be,False
V_d5800957,U_0212,2026-01-09,6192.991137516114,True,G_5446be,False
V_1804621381,U_0913,2026-01-09,7796.511130181247,False,,False
V_182642830,U_0919,2026-01-09,2232.3091207399657,False,,False
V_8d360bc1,U_0932,2026-01-09,3457.3636974872047,True,G_68e0af,True
V_70165146,U_0297,2026-01-09,2742.4281378885903,True,G_68e0af,False
V_3ff6a181,U_0894,2026-01-09,2277.5033327305105,True,G_68e0af,False
V_1406072100,U_0054,2026-01-10,2557.637653576199,False,,False
V_21b54e7b,U_0081,2026-01-10,2570.968615098934,True,G_1a09e8,True
V_dbc4e44d,U_0244,2026-01-10,3126.2551783666304,True,G_1a09e8,False
V_6ddace9a,U_0399,2026-01-10,2491.3912448887495,True,G_1a09e8,False
V_801dd8f9,U_0709,2026-01-10,4080.4138611880335,True,G_1a09e8,False
V_6f4c345a,U_0072,2026-01-10,2389.1831843393343,True,G_1a09e8,False
V_fd69c04f,U_0359,2026-01-10,3019.403401980436,True,G_1a09e8,False
V_4014311931,U_0116,2026-01-10,2321.5678269703526,False,,False
V_7029010e,U_0146,2026-01-10,4251.313743356301,True,G_638492,True
V_d55b9a52,U_0276,2026-01-10,5819.03347065562,True,G_638492,False
V_a02ceb8e,U_0701,2026-01-10,5783.750646966391,True,G_638492,False
V_765d31a0,U_0166,2026-01-10,6768.216985807759,True,G_638492,False
V_06363a87,U_0125,2026-01-10,4227.596235953047,True,G_638492,False
V_e6666e4b,U_0247,2026-01-10,5375.39508151935,True,G_638492,False
V_358921336,U_0194,2026-01-10,8204.376588241788,False,,False
V_ad521da4,U_0237,2026-01-10,11564.761088354873,True,G_8a57b7,True
V_04ce029a,U_0457,2026-01-10,8395.445958553622,True,G_8a57b7,False
V_348a9e1e,U_0560,2026-01-10,8638.97312614292,True,G_8a57b7,False
V_4845b2ba,U_0885,2026-01-10,8372.639391073133,True,G_8a57b7,False
V_112748733,U_0252,2026-01-10,4758.519858199514,False,,False
V_5e23973b,U_0269,2026-01-10,6149.525819922517,True,G_3b7d70,True
V_ddc2e298,U_0933,2026-01-10,4322.360715162681,True,G_3b7d70,False
V_c8865e9d,U_0625,2026-01-10,5150.067052276268,True,G_3b7d70,False
V_1c04dfad,U_0354,2026-01-10,7066.353329448237,True,G_398ed5,True
V_7c3492f8,U_0616,2026-01-10,6981.559217992033,True,G_398ed5,False
V_3121a234,U_0411,2026-01-10,2103.83052583867,True,G_f7858f,True
V_862c4a23,U_0049,2026-01-10,4444.2178207687,True,G_f7858f,False
V_917842084,U_0426,2026-01-10,3328.029541024805,False,,False
V_58149e3e,U_0461,2026-01-10,7883.795277115084,True,G_18095c,True
V_bbd3c1d7,U_0982,2026-01-10,9531.73684843359,True,G_18095c,False
V_7efe9078,U_0503,2026-01-10,9850.956418862226,True,G_d10eb2,True
V_dba73564,U_0006,2026-01-10,6495.858828521756,True,G_d10eb2,False
V_1e75c16a,U_0718,2026-01-10,8699.753133127117,True,G_d10eb2,False
V_5d2256e4,U_0636,2026-01-10,10335.350336502217,True,G_d10eb2,False
V_0db2fe74,U_0982,2026-01-10,9395.795116776611,True,G_d10eb2,False
V_1d494af1,U_0265,2026-01-10,5541.848990284607,True,G_d10eb2,False
V_1939323271,U_0508,2026-01-10,6959.16902919902,False,,False
V_2179264153,U_0509,2026-01-10,4205.635071541589,False,,False
V_4260152717,U_0515,2026-01-10,2490.9833069762453,False,,False
V_f42ed738,U_0586,2026-01-10,1812.4429388745486,True,G_4ea6dd,True
V_f36e6bbd,U_0207,2026-01-10,4205.06136101568,True,G_4ea6dd,False
V_bb90c4e5,U_0250,2026-01-10,3439.9283332574887,True,G_4ea6dd,False
V_ce7a66b2,U_0989,2026-01-10,2000.4265624494653,True,G_4ea6dd,False
V_6fbf4298,U_0749,2026-01-10,2434.6904447803304,True,G_4ea6dd,False
V_2207177700,U_0621,2026-01-10,3618.299248658604,False,,False
V_2628810402,U_0636,2026-01-10,10732.494924401879,False,,False
V_1901360313,U_0653,2026-01-10,5522.1328824646625,False,,False
V_3802916579,U_0655,2026-01-10,5714.331738156907,False,,False
V_a16ed0c6,U_0695,2026-01-10,8550.025088398723,True,G_26984a,True
V_4e5b9b5e,U_0178,2026-01-10,10681.989360898777,True,G_26984a,False
V_9588f7f6,U_0328,2026-01-10,6822.785832015278,True,G_26984a,False
V_d1a3f6cd,U_0969,2026-01-10,10513.688198784246,True,G_26984a,False
V_02083d62,U_0591,2026-01-10,7176.6969466663995,True,G_26984a,False
V_bf49c3c4,U_0753,2026-01-10,6385.0884272723015,True,G_e2cd82,True
V_2dbe07ee,U_0032,2026-01-10,5358.124355182051,True,G_e2cd82,False
V_91393004,U_0809,2026-01-10,3741.309522071334,True,G_e2cd82,False
V_302f01c1,U_0963,2026-01-10,4714.3574639287435,True,G_e2cd82,False
V_0590468d,U_0884,2026-01-10,3870.5188481957916,True,G_e2cd82,False
V_1615409499,U_0760,2026-01-10,4267.08599831854,False,,False
V_94f67f62,U_0770,2026-01-10,7752.0711685086635,True,G_bcf70b,True
V_8ea57b98,U_0168,2026-01-10,8064.398922560527,True,G_bcf70b,False
V_8bd36b2c,U_0888,2026-01-10,9271.364498140434,True,G_bcf70b,False
V_81fda925,U_0391,2026-01-10,10754.569257859688,True,G_bcf70b,False
V_31e01088,U_0567,2026-01-10,6569.791279044639,True,G_bcf70b,False
V_2930622527,U_0847,2026-01-10,6316.947510555243,False,,False
V_1547722659,U_0851,2026-01-10,6631.468532498975,False,,False
V_2228808810,U_0910,2026-01-10,5519.944544664639,False,,False
V_bf9ea7b2,U_0919,2026-01-10,2245.8933960226204,True,G_15a633,True
V_cc2bacff,U_0210,2026-01-10,2701.627099638325,True,G_15a633,False
V_89d660c9,U_0903,2026-01-10,2986.252649680916,True,G_15a633,False
V_0d1f8eb5,U_0133,2026-01-10,3677.2154487816165,True,G_15a633,False
V_724cb7c5,U_0199,2026-01-10,3114.3551517809274,True,G_15a633,False
V_ecb6cc49,U_0836,2026-01-10,2897.9015291508663,True,G_15a633,False
V_fbeac893,U_0948,2026-01-10,6214.426102983103,True,G_d59651,True
V_ca4780c6,U_0638,2026-01-10,3956.670778160008,True,G_d59651,False
V_ff7f9f5b,U_0859,2026-01-10,4181.0879827484605,True,G_d59651,False
V_471770d2,U_0185,2026-01-10,3968.517323670512,True,G_d59651,False
V_b2aedd25,U_0965,2026-01-10,5337.803465559024,True,G_d59651,False
V_1599890771,U_0994,2026-01-10,6726.266941074134,False,,False
V_3fb0c170,U_0077,2026-01-11,6333.631259363317,True,G_3d877f,True
V_6066db17,U_0837,2026-01-11,4995.9718803099095,True,G_3d877f,False
V_3085028129,U_0080,2026-01-11,6184.421233848747,False,,False
V_9ba38f8f,U_0205,2026-01-11,5121.458591784753,True,G_2282e2,True
V_b3d10ace,U_0268,2026-01-11,5425.371251453369,True,G_2282e2,False
V_bf4465c8,U_0948,2026-01-11,7206.993273782864,True,G_2282e2,False
V_7dd3bd08,U_0580,2026-01-11,5790.74172774073,True,G_2282e2,False
V_4c6302f8,U_0033,2026-01-11,3125.991572257227,True,G_2282e2,False
V_668dc9e1,U_0137,2026-01-11,6682.236045573101,True,G_2282e2,False
V_1695583087,U_0258,2026-01-11,3730.1067009841177,False,,False
V_4217588491,U_0261,2026-01-11,3314.394544843612,False,,False
V_3073793563,U_0274,2026-01-11,5923.43351248804,False,,False
V_b483dd94,U_0279,2026-01-11,3696.19943974563,True,G_9c201d,True
V_6ed38c01,U_0208,2026-01-11,3513.3650943096586,True,G_9c201d,False
V_42488bb4,U_0250,2026-01-11,3137.908992430121,True,G_9c201d,False
V_c8afc0a9,U_0475,2026-01-11,3577.4912801159967,True,G_9c201d,False
V_97af0066,U_0340,2026-01-11,4091.1837881520314,True,G_9c201d,False
V_3721392967,U_0312,2026-01-11,4822.071623806992,False,,False
V_2907986921,U_0324,2026-01-11,9179.852880993189,False,,False
V_ce4b3296,U_0334,2026-01-11,2969.206392299838,True,G_04de37,True
V_fb940fb9,U_0208,2026-01-11,3041.449216766157,True,G_04de37,False
V_34107086,U_0345,2026-01-11,8040.517337390648,True,G_73a5d6,True
V_1228edd1,U_0636,2026-01-11,11022.28734310367,True,G_73a5d6,False
V_382d21c1,U_0168,2026-01-11,11571.027242868602,True,G_73a5d6,False
V_0f3bcb6c,U_0206,2026-01-11,6730.598511118822,True,G_73a5d6,False
V_75fae2ec,U_0374,2026-01-11,3186.842563452174,True,G_264c72,True
V_e25d9e54,U_0690,2026-01-11,3387.8971071293067,True,G_264c72,False
V_3b38ac32,U_0275,2026-01-11,3129.1251387757825,True,G_264c72,False
V_21547efe,U_0382,2026-01-11,2376.3644698283056,True,G_6ef074,True
V_652275da,U_0690,2026-01-11,2781.5378078490776,True,G_6ef074,False
V_6e433a60,U_0715,2026-01-11,3212.176135441243,True,G_6ef074,False
V_a501dd33,U_0736,2026-01-11,4295.070280048648,True,G_6ef074,False
V_aa0982b5,U_0400,2026-01-11,8130.300114491013,True,G_99d4bd,True
V_f7850188,U_0457,2026-01-11,8752.646218259366,True,G_99d4bd,False
V_2696251916,U_0456,2026-01-11,10206.99955953974,False,,False
V_ff1de85c,U_0461,2026-01-11,8626.96003819338,True,G_aa3399,True
V_b9d463a5,U_0767,2026-01-11,8003.930417889109,True,G_aa3399,False
V_d473ee8c,U_0695,2026-01-11,6391.579832986347,True,G_aa3399,False
V_a321c902,U_0802,2026-01-11,11436.039697515034,True,G_aa3399,False
V_747b114c,U_0693,2026-01-11,7789.603067404397,True,G_aa3399,False
V_3da2a067,U_0982,2026-01-11,8867.294212824574,True,G_aa3399,False
V_0a0c1998,U_0484,2026-01-11,9499.427994965932,True,G_91b9a6,True
V_8afe401a,U_0391,2026-01-11,9060.09698268002,True,G_91b9a6,False
V_521ee177,U_0510,2026-01-11,4641.1597778357955,True,G_4f357e,True
V_83da2320,U_0358,2026-01-11,6010.583542655395,True,G_4f357e,False
V_30526999,U_0174,2026-01-11,4697.9051330916045,True,G_4f357e,False
V_23edff18,U_0418,2026-01-11,3908.8068553998805,True,G_4f357e,False
V_1341720625,U_0537,2026-01-11,4154.846878909224,False,,False
V_4123830379,U_0549,2026-01-11,4362.218270952942,False,,False
V_2ca1a85f,U_0565,2026-01-11,9168.00828703845,True,G_e3140d,True
V_bf2fb786,U_0178,2026-01-11,9878.734477398848,True,G_e3140d,False
V_da1ad337,U_0794,2026-01-11,7948.671941114244,True,G_e3140d,False
V_2558292c,U_0582,2026-01-11,5486.504940790973,True,G_6ecce3,True
V_0f4b9469,U_0969,2026-01-11,11146.589647985902,True,G_6ecce3,False
V_a2556524,U_0436,2026-01-11,10118.894191004387,True,G_6ecce3,False
V_c4d3ea60,U_0691,2026-01-11,6952.399019889119,True,G_6ecce3,False
V_3579116255,U_0602,2026-01-11,3083.476261926262,False,,False
V_2051949453,U_0636,2026-01-11,12136.317903742523,False,,False
V_bd938a01,U_0659,2026-01-11,3256.506562736859,True,G_a11736,True
V_7479b7d9,U_0494,2026-01-11,3260.8773939250214,True,G_a11736,False
V_ebc551df,U_0211,2026-01-11,4591.111482331118,True,G_a11736,False
V_d9ca0d02,U_0491,2026-01-11,5093.775055136058,True,G_a11736,False
V_addf59d1,U_0864,2026-01-11,4738.340246918336,True,G_a11736,False
V_994f6d9a,U_0941,2026-01-11,3965.5941005168256,True,G_a11736,False
V_1334627083,U_0667,2026-01-11,2424.540831580166,False,,False
V_4093066601,U_0672,2026-01-11,3438.359759919606,False,,False
V_2900252040,U_0693,2026-01-11,6377.561401028328,False,,False
V_2305755109,U_0719,2026-01-11,2421.874764951026,False,,False
V_1916050928,U_0732,2026-01-11,5512.332799000521,False,,False
V_1092917497,U_0767,2026-01-11,8596.401561329758,False,,False
V_d0c33e46,U_0809,2026-01-11,5286.805954293137,True,G_34d749,True
V_68b3b6d5,U_0062,2026-01-11,5488.9922228453415,True,G_34d749,False
V_d2e55a20,U_0644,2026-01-11,4274.95852642931,True,G_34d749,False
V_3006497129,U_0817,2026-01-11,4609.943671348063,False,,False
V_1350776151,U_0863,2026-01-11,8432.413983686294,False,,False
V_674809620,U_0890,2026-01-11,7303.332869141349,False,,False
V_3969078221,U_0895,2026-01-11,4658.120108247435,False,,False
V_4c60db91,U_0897,2026-01-11,7030.41607757537,True,G_0c1451,True
V_ad2848c8,U_0338,2026-01-11,11636.127243996987,True,G_0c1451,False
V_31c6ad54,U_0238,2026-01-11,7820.776973385783,True,G_0c1451,False
V_07f5d975,U_0908,2026-01-11,4149.979341320056,True,G_67532c,True
V_e50a91b1,U_0288,2026-01-11,6787.6515285644955,True,G_67532c,False
V_9775cdad,U_0618,2026-01-11,3648.734867912141,True,G_67532c,False
V_75111b91,U_0638,2026-01-11,4903.306450836934,True,G_67532c,False
V_1736359501,U_0929,2026-01-11,7996.998427648387,False,,False
V_1198071243,U_0930,2026-01-11,4579.992253592672,False,,False
V_3934790801,U_0942,2026-01-11,3069.6442243717274,False,,False
V_1391273095,U_0949,2026-01-11,2610.6310101085037,False,,False
V_2376388305,U_0000,2026-01-12,5095.900506757577,False,,False
V_4276513104,U_0033,2026-01-12,4428.139557156539,False,,False
V_272169188,U_0052,2026-01-12,2664.1312630085467,False,,False
V_6c1fdb78,U_0084,2026-01-12,3007.478094625989,True,G_72e4ef,True
V_8f863989,U_0984,2026-01-12,2563.2326459869946,True,G_72e4ef,False
V_f4893247,U_0108,2026-01-12,3170.0038864170597,True,G_72e4ef,False
V_6dcd84ad,U_0162,2026-01-12,2694.5131034283154,True,G_72e4ef,False
V_1101339935,U_0103,2026-01-12,4878.62576149149,False,,False
V_c0fe4e06,U_0191,2026-01-12,3024.5814119636366,True,G_44dd74,True
V_a86ed59e,U_0556,2026-01-12,2193.7997002941793,True,G_44dd74,False
V_e6b0f88e,U_0189,2026-01-12,1926.312411122315,True,G_44dd74,False
V_0d88ea11,U_0071,2026-01-12,4416.046741946703,True,G_44dd74,False
V_3262227599,U_0226,2026-01-12,3792.9895514639725,False,,False
V_f83ccab1,U_0240,2026-01-12,6620.741161453277,True,G_b17099,True
V_bd721778,U_0146,2026-01-12,4202.723851677993,True,G_b17099,False
V_4347db41,U_0732,2026-01-12,6077.67555434445,True,G_b17099,False
V_609f85b4,U_0295,2026-01-12,4117.229765801754,True,G_b17099,False
V_fd9f67d8,U_0204,2026-01-12,6531.652616106186,True,G_b17099,False
V_2091188540,U_0280,2026-01-12,6541.158318731752,False,,False
V_1619103666,U_0306,2026-01-12,6776.1397868916965,False,,False
V_06c13a43,U_0309,2026-01-12,3111.518960477714,True,G_9fc219,True
V_fe0ba4ab,U_0025,2026-01-12,3111.9762513573196,True,G_9fc219,False
V_93c886c2,U_0129,2026-01-12,1737.0355511117018,True,G_9fc219,False
V_de5c5c27,U_0861,2026-01-12,3443.081689251253,True,G_9fc219,False
V_2453790761,U_0322,2026-01-12,1862.659369869669,False,,False
V_2323636846,U_0327,2026-01-12,2413.199435223815,False,,False
V_501000458,U_0330,2026-01-12,3034.1046286132346,False,,False
V_390129531,U_0367,2026-01-12,7740.1827213722745,False,,False
V_d81054d1,U_0371,2026-01-12,2684.032186375794,True,G_9021de,True
V_9e9efb3d,U_0177,2026-01-12,3931.7635152953217,True,G_9021de,False
V_79448bc3,U_0301,2026-01-12,2985.1603701264135,True,G_9021de,False
V_5b9b480d,U_0440,2026-01-12,5937.41727638985,True,G_30919b,True
V_5a292686,U_0198,2026-01-12,5322.137672149788,True,G_30919b,False
V_246707758,U_0460,2026-01-12,2894.5333310987253,False,,False
V_1618896959,U_0529,2026-01-12,4500.3154390608315,False,,False
V_333067525,U_0581,2026-01-12,6982.476542125685,False,,False
V_7ff8137b,U_0614,2026-01-12,10038.52661623181,True,G_cbe8cd,True
V_67e2655b,U_0183,2026-01-12,7693.76704000603,True,G_cbe8cd,False
V_49bbfa02,U_0130,2026-01-12,10683.98872397075,True,G_cbe8cd,False
V_35e81cdb,U_0238,2026-01-12,6581.678719807964,True,G_cbe8cd,False
V_3139065533,U_0661,2026-01-12,4204.929546439564,False,,False
V_d5fbacf9,U_0718,2026-01-12,7532.271409776053,True,G_0c095a,True
V_d4fe03c3,U_0937,2026-01-12,9167.217169109092,True,G_0c095a,False
V_aba06d1a,U_0183,2026-01-12,10130.515293288345,True,G_0c095a,False
V_e06f61a1,U_0721,2026-01-12,8346.182039169087,True,G_40ab53,True
V_748cc31e,U_0190,2026-01-12,7166.340665537176,True,G_40ab53,False
V_df838cf6,U_0331,2026-01-12,4237.3280006852165,True,G_40ab53,False
V_ae3db159,U_0661,2026-01-12,4355.796416420052,True,G_40ab53,False
V_56cb60c2,U_0862,2026-01-12,6227.33184980318,True,G_40ab53,False
V_1303538e,U_0128,2026-01-12,5766.723159503445,True,G_40ab53,False
V_5df1c664,U_0747,2026-01-12,1941.0651033653164,True,G_a15500,True
V_f3607e39,U_0383,2026-01-12,3093.6382805526446,True,G_a15500,False
V_1d1dabea,U_0601,2026-01-12,2101.5871241514683,True,G_a15500,False
V_97c016ce,U_0389,2026-01-12,2228.322818703801,True,G_a15500,False
V_53d6936b,U_0226,2026-01-12,3232.8185985099453,True,G_a15500,False
V_149f4c9d,U_0760,2026-01-12,4497.4359950557455,True,G_edc7f3,True
V_56e19ea3,U_0146,2026-01-12,5397.403855323699,True,G_edc7f3,False
V_96db1529,U_0594,2026-01-12,4865.83495652201,True,G_edc7f3,False
V_e7cdb009,U_0895,2026-01-12,4400.269327364112,True,G_edc7f3,False
V_d7dd9cef,U_0336,2026-01-12,7793.665397151164,True,G_edc7f3,False
V_943825669,U_0822,2026-01-12,3515.242194595388,False,,False
V_030941cf,U_0861,2026-01-12,4128.071772562351,True,G_c27886,True
V_51db4ca7,U_0029,2026-01-12,3212.959575719332,True,G_c27886,False
V_f1375293,U_0126,2026-01-12,1940.6426322655248,True,G_c27886,False
V_14c29db5,U_0915,2026-01-12,5918.324024321189,True,G_a326c3,True
V_7b22b541,U_0440,2026-01-12,6110.809017441851,True,G_a326c3,False
V_703985be,U_0465,2026-01-12,3044.677190714059,True,G_a326c3,False
V_7f69d287,U_0907,2026-01-12,4360.611379007278,True,G_a326c3,False
V_0865b49c,U_0753,2026-01-12,6806.23171162417,True,G_a326c3,False
V_4187814287,U_0937,2026-01-12,8979.947841255482,False,,False
V_1d146ae7,U_0948,2026-01-12,5431.931466959681,True,G_4334d3,True
V_869239ca,U_0009,2026-01-12,5632.6746273542585,True,G_4334d3,False
V_084938c0,U_0277,2026-01-12,5331.685140966231,True,G_4334d3,False
V_e2d08e93,U_0613,2026-01-12,5309.789168036917,True,G_4334d3,False
V_6b7e99ba,U_0580,2026-01-12,5302.670055074472,True,G_4334d3,False
V_2628462932,U_0969,2026-01-12,9037.794446966114,False,,False
V_3593906333,U_0982,2026-01-12,8628.402511437844,False,,False
V_2452456191,U_0000,2026-01-13,4365.394739701117,False,,False
V_46943e5f,U_0016,2026-01-13,4097.771672744022,True,G_61f7c3,True
V_685b8f07,U_0464,2026-01-13,5363.750378754618,True,G_61f7c3,False
V_4b2798a2,U_0912,2026-01-13,5290.6741371236485,True,G_61f7c3,False
V_c394b158,U_0721,2026-01-13,6199.2874863059105,True,G_61f7c3,False
V_3756557113,U_0018,2026-01-13,5459.769313417748,False,,False
V_609861526,U_0128,2026-01-13,6808.779737907119,False,,False
V_3358411514,U_0195,2026-01-13,6460.144157447028,False,,False
V_4148982464,U_0211,2026-01-13,4856.1396796248355,False,,False
V_968666677,U_0225,2026-01-13,12334.133783840058,False,,False
V_642756977,U_0243,2026-01-13,3909.277446136112,False,,False
V_6cab0262,U_0269,2026-01-13,6716.837432879613,True,G_0e4024,True
V_1a9a114d,U_0828,2026-01-13,4364.982440763759,True,G_0e4024,False
V_b96eabbb,U_0580,2026-01-13,5205.063227672783,True,G_0e4024,False
V_de51e281,U_0107,2026-01-13,4185.984180108926,True,G_0e4024,False
V_294aa479,U_0522,2026-01-13,5563.730287194778,True,G_0e4024,False
V_1356370588,U_0299,2026-01-13,7411.138997327446,False,,False
V_6300ff4d,U_0323,2026-01-13,7271.967866822278,True,G_cdcabf,True
V_4f1840c5,U_0338,2026-01-13,9302.451998417231,True,G_cdcabf,False
V_c2ea6743,U_0902,2026-01-13,11994.739897972675,True,G_cdcabf,False
V_3c4b559d,U_0225,2026-01-13,10314.881266274302,True,G_cdcabf,False
V_d99f39f1,U_0089,2026-01-13,5523.221614714168,True,G_cdcabf,False
V_e74eb3a9,U_0852,2026-01-13,11012.273262565608,True,G_cdcabf,False
V_6d3f7c47,U_0373,2026-01-13,12986.154275521838,True,G_c9ef6b,True
V_e37ca76a,U_0727,2026-01-13,11989.610378905498,True,G_c9ef6b,False
V_7d577de1,U_0324,2026-01-13,9637.97733790145,True,G_c9ef6b,False
V_eeb0f41f,U_0178,2026-01-13,9207.820510582815,True,G_c9ef6b,False
V_80554a8d,U_0396,2026-01-13,2320.8905850550454,True,G_9c13f2,True
V_43c8759c,U_0286,2026-01-13,3405.8806877276193,True,G_9c13f2,False
V_5b1e2814,U_0950,2026-01-13,3669.7109427896,True,G_9c13f2,False
V_1402897198,U_0397,2026-01-13,4259.206958661124,False,,False
V_61f22de7,U_0402,2026-01-13,3633.924298450101,True,G_e21f80,True
V_60ed1a61,U_0719,2026-01-13,2478.886088945265,True,G_e21f80,False
V_ea72604e,U_0301,2026-01-13,2626.6268011424722,True,G_e21f80,False
V_2311664195,U_0463,2026-01-13,3613.979273728831,False,,False
V_1964021229,U_0522,2026-01-13,5883.3611388336285,False,,False
V_2461593488,U_0571,2026-01-13,3255.205637770233,False,,False
V_1920186184,U_0586,2026-01-13,2489.5513985640223,False,,False
V_95dc75d3,U_0614,2026-01-13,9280.648379416112,True,G_2b1767,True
V_6887e965,U_0225,2026-01-13,13055.004345351585,True,G_2b1767,False
V_dcfd988e,U_0582,2026-01-13,5888.001368831373,True,G_2b1767,False
V_2b0aae62,U_0852,2026-01-13,11570.550340946307,True,G_2b1767,False
V_ddd78891,U_0050,2026-01-13,9418.92097888781,True,G_2b1767,False
V_4163752437,U_0663,2026-01-13,2057.159583948442,False,,False
V_6e279374,U_0670,2026-01-13,4621.558201900459,True,G_d007e6,True
V_41602115,U_0281,2026-01-13,7505.653741261813,True,G_d007e6,False
V_e23fc45a,U_0135,2026-01-13,3470.0776989850665,True,G_d007e6,False
V_9d854ced,U_0727,2026-01-13,9140.769783785043,True,G_2d55c2,True
V_765f6659,U_0324,2026-01-13,8736.879621701482,True,G_2d55c2,False
V_76dfda4a,U_0582,2026-01-13,7078.145410917076,True,G_2d55c2,False
V_5fab5e34,U_0130,2026-01-13,11803.426721760618,True,G_2d55c2,False
V_0ac9f0ff,U_0993,2026-01-13,6818.665807638605,True,G_2d55c2,False
V_70faded8,U_0089,2026-01-13,5419.914392865487,True,G_2d55c2,False
V_3a72551c,U_0834,2026-01-13,4417.198078405449,True,G_e0eef7,True
V_72d079a3,U_0862,2026-01-13,5238.713866539265,True,G_e0eef7,False
V_82352770,U_0493,2026-01-13,6323.901227747734,True,G_e0eef7,False
V_6d9ac79d,U_0422,2026-01-13,7801.142564502129,True,G_e0eef7,False
V_c5c8feb7,U_0537,2026-01-13,4871.975964134236,True,G_e0eef7,False
V_91221c97,U_0143,2026-01-13,4251.862527418886,True,G_e0eef7,False
V_2287663925,U_0887,2026-01-13,4793.750388983196,False,,False
V_cc10407c,U_0924,2026-01-13,2950.5118928420975,True,G_b47cca,True
V_db1e16a2,U_0743,2026-01-13,2049.791118017437,True,G_b47cca,False
V_41c239b7,U_0158,2026-01-13,2532.1612146911693,True,G_b47cca,False
V_2dcf535c,U_0626,2026-01-13,3323.05634031267,True,G_b47cca,False
V_1266952089,U_0946,2026-01-13,1979.2030194042143,False,,False
V_919093859,U_0969,2026-01-13,8556.191769809198,False,,False
V_d4252b32,U_0994,2026-01-13,7019.955677091272,True,G_703956,True
V_72d488ae,U_0872,2026-01-13,6541.518096396683,True,G_703956,False
V_a3dd366d,U_0453,2026-01-13,4795.365100894436,True,G_703956,False
V_acae3ab4,U_0828,2026-01-13,3988.6654241963975,True,G_703956,False
V_0d85139f,U_0750,2026-01-13,6687.913484782419,True,G_703956,False
V_729e85e3,U_0433,2026-01-13,5479.3575597240015,True,G_703956,False
V_9d5efe19,U_0027,2026-01-14,4371.704261188264,True,G_aa43a7,True
V_2a8f1216,U_0020,2026-01-14,3729.5824499986097,True,G_aa43a7,False
V_aeee881a,U_0026,2026-01-14,2088.923654428335,True,G_aa43a7,False
V_2980265837,U_0083,2026-01-14,6934.432089914665,False,,False
V_81816d73,U_0088,2026-01-14,10475.180389216323,True,G_31b5c1,True
V_874ebc4e,U_0718,2026-01-14,8072.7708491083295,True,G_31b5c1,False
V_569f96ee,U_0623,2026-01-14,9630.870550141573,True,G_31b5c1,False
V_8f136b12,U_0168,2026-01-14,9334.61305350358,True,G_31b5c1,False
V_7b0bf0fc,U_0896,2026-01-14,11396.74919689361,True,G_31b5c1,False
V_2598090993,U_0103,2026-01-14,3883.0032130185896,False,,False
V_928519887,U_0109,2026-01-14,3047.3095627689636,False,,False
V_688258685,U_0112,2026-01-14,5560.5914769414285,False,,False
V_a71d3b12,U_0156,2026-01-14,2535.654577088262,True,G_460122,True
V_cfd251bf,U_0825,2026-01-14,2728.946525655942,True,G_460122,False
V_1e865c4b,U_0318,2026-01-14,2694.5998539418406,True,G_460122,False
V_dd4a1a65,U_0641,2026-01-14,2271.696388489698,True,G_460122,False
V_5ee56c0b,U_0040,2026-01-14,2187.1715853291703,True,G_460122,False
V_3eacd6ee,U_0194,2026-01-14,9642.755149902287,True,G_fc9310,True
V_1acb6630,U_0415,2026-01-14,7917.10525757469,True,G_fc9310,False
V_1625c3a0,U_0456,2026-01-14,12004.277197589407,True,G_fc9310,False
V_b7769867,U_0646,2026-01-14,10933.05103603317,True,G_fc9310,False
V_b8cbc0a2,U_0400,2026-01-14,11850.202702102566,True,G_fc9310,False
V_ff456687,U_0024,2026-01-14,9979.343356669135,True,G_fc9310,False
V_ff716c8e,U_0195,2026-01-14,5776.592477820012,True,G_89c4c9,True
V_1f945680,U_0205,2026-01-14,6374.869410947223,True,G_89c4c9,False
V_0f48b079,U_0125,2026-01-14,5394.478956819602,True,G_89c4c9,False
V_12d31136,U_0723,2026-01-14,7458.7674563381015,True,G_89c4c9,False
V_2b9bd46e,U_0494,2026-01-14,3936.5912166572652,True,G_89c4c9,False
V_0653b47e,U_0073,2026-01-14,7172.726861374901,True,G_89c4c9,False
V_e6f35712,U_0215,2026-01-14,6797.531835356708,True,G_c39c74,True
V_102902f0,U_0306,2026-01-14,5794.919584347822,True,G_c39c74,False
V_a9f143d0,U_0807,2026-01-14,5370.985784725025,True,G_c39c74,False
V_acb324d9,U_0218,2026-01-14,3351.456025073487,True,G_18368e,True
V_86d031a8,U_0920,2026-01-14,2887.637720997319,True,G_18368e,False
V_7ff7b064,U_0642,2026-01-14,2914.394662513578,True,G_18368e,False
V_51163d07,U_0427,2026-01-14,3084.487265106447,True,G_18368e,False
V_695b90c1,U_0499,2026-01-14,2717.1229774577205,True,G_18368e,False
V_64aa00fc,U_0690,2026-01-14,3316.0579588924656,True,G_18368e,False
V_db3aa9cb,U_0279,2026-01-14,2556.3022999932937,True,G_28dc6a,True
V_bad45761,U_0411,2026-01-14,2318.438995236308,True,G_28dc6a,False
V_9f9f3acd,U_0477,2026-01-14,3545.060270317209,True,G_28dc6a,False
V_e916d8d9,U_0711,2026-01-14,2436.1541050179344,True,G_28dc6a,False
V_742569971,U_0338,2026-01-14,9593.059631050086,False,,False
V_c7598ab3,U_0345,2026-01-14,10830.373999466747,True,G_edb0d9,True
V_bd08bc8c,U_0303,2026-01-14,12127.155889911417,True,G_edb0d9,False
V_b54365f2,U_0183,2026-01-14,9235.048679131063,True,G_edb0d9,False
V_3193401313,U_0374,2026-01-14,3052.2350361360072,False,,False
V_e4098aaa,U_0393,2026-01-14,2448.1591409843227,True,G_295482,True
V_c47d375f,U_0663,2026-01-14,1998.8367664959753,True,G_295482,False
V_566f1aad,U_0598,2026-01-14,3738.9530633244754,True,G_295482,False
V_78b4063a,U_0685,2026-01-14,3439.891871648363,True,G_295482,False
V_73b275be,U_0267,2026-01-14,3531.146618304134,True,G_295482,False
V_4005698566,U_0405,2026-01-14,2842.7185275285533,False,,False
V_2117666360,U_0436,2026-01-14,11556.968750559843,False,,False
V_8e4dea70,U_0461,2026-01-14,7336.328326632993,True,G_7aa87f,True
V_1513c604,U_0445,2026-01-14,12788.805845671082,True,G_7aa87f,False
V_48f4e6e6,U_0303,2026-01-14,9315.967878829679,True,G_7aa87f,False
V_076a3110,U_0866,2026-01-14,9352.987732881034,True,G_7aa87f,False
V_9498de4b,U_0486,2026-01-14,7225.244305965481,True,G_9d7df5,True
V_17d1d96e,U_0173,2026-01-14,6173.886284993471,True,G_9d7df5,False
V_f99cd039,U_0378,2026-01-14,5094.456048380805,True,G_9d7df5,False
V_5c48823e,U_0154,2026-01-14,5757.211615459323,True,G_9d7df5,False
V_48085f70,U_0811,2026-01-14,7016.501121262353,True,G_9d7df5,False
V_5426ac3f,U_0505,2026-01-14,2432.5822421538383,True,G_b54786,True
V_ba476342,U_0758,2026-01-14,2723.1207075616044,True,G_b54786,False
V_ec9b0923,U_0583,2026-01-14,2679.774909882697,True,G_b54786,False
V_2403713641,U_0536,2026-01-14,6629.177613650119,False,,False
V_2349475467,U_0538,2026-01-14,1888.199433390523,False,,False
V_508499097,U_0567,2026-01-14,7118.621272588773,False,,False
V_934523126,U_0580,2026-01-14,5067.283134769445,False,,False
V_3493398086,U_0581,2026-01-14,8897.46317575715,False,,False
V_3172220792,U_0595,2026-01-14,5949.356977627511,False,,False
V_201222319,U_0598,2026-01-14,2743.417154408494,False,,False
V_1427349870,U_0688,2026-01-14,6171.731833049379,False,,False
V_2951948901,U_0732,2026-01-14,6519.095759535045,False,,False
V_08fd70db,U_0743,2026-01-14,2281.461597763426,True,G_4359f5,True
V_abe71037,U_0709,2026-01-14,4386.145178431081,True,G_4359f5,False
V_1b882fef,U_0779,2026-01-14,3879.0073985267295,True,G_4359f5,False
V_80b50d40,U_0105,2026-01-14,2235.0281017233224,True,G_4359f5,False
V_2263313516,U_0748,2026-01-14,5961.857061001398,False,,False
V_3463769174,U_0782,2026-01-14,3891.084056990409,False,,False
V_d96b051c,U_0783,2026-01-14,3176.7409731243933,True,G_2fdd05,True
V_47c0eddb,U_0915,2026-01-14,5721.636800218503,True,G_2fdd05,False
V_bc570a28,U_0890,2026-01-14,6191.233582104687,True,G_2fdd05,False
V_657fc6cb,U_0016,2026-01-14,3574.5695932789104,True,G_2fdd05,False
V_1ff37839,U_0141,2026-01-14,3749.129991799262,True,G_2fdd05,False
V_1a68e2ae,U_0788,2026-01-14,4850.898784122734,True,G_312981,True
V_367eb024,U_0665,2026-01-14,6607.756313066046,True,G_312981,False
V_53b9b39a,U_0807,2026-01-14,6644.335287823097,True,G_d2777a,True
V_49ee4d92,U_0062,2026-01-14,4819.9660884408095,True,G_d2777a,False
V_c039cd37,U_0661,2026-01-14,5177.434288443681,True,G_d2777a,False
V_9f7769cd,U_0534,2026-01-14,5840.838755516919,True,G_d2777a,False
V_3ee6d0a0,U_0421,2026-01-14,6429.032791586487,True,G_d2777a,False
V_0a096bdb,U_0094,2026-01-14,4964.542424229381,True,G_d2777a,False
V_4267983344,U_0843,2026-01-14,5590.9478312115225,False,,False
V_2494926164,U_0885,2026-01-14,9147.594179785621,False,,False
V_1489578936,U_0898,2026-01-14,3586.8356713969765,False,,False
V_ecb992cc,U_0937,2026-01-14,8500.77942440373,True,G_fd64ff,True
V_68eefbe9,U_0183,2026-01-14,10855.247985386613,True,G_fd64ff,False
V_69a3bfe0,U_0591,2026-01-14,7411.895375071714,True,G_fd64ff,False
V_c584c910,U_0415,2026-01-14,7788.265768922969,True,G_fd64ff,False
V_dede3a38,U_0655,2026-01-14,6364.257630705602,True,G_fd64ff,False
V_2834011706,U_0945,2026-01-14,5355.222288006815,False,,False
V_2778912172,U_0075,2026-01-15,8979.262938814496,False,,False
V_1981713335,U_0093,2026-01-15,4747.756676130642,False,,False
V_5b8ff063,U_0094,2026-01-15,5279.880344666338,True,G_1517ba,True
V_7d6b6cec,U_0169,2026-01-15,4042.8178824018087,True,G_1517ba,False
V_3fe1bc91,U_0696,2026-01-15,5389.561919943996,True,G_1517ba,False
V_19571967,U_0087,2026-01-15,7005.365518925377,True,G_1517ba,False
V_fe7659da,U_0785,2026-01-15,7478.815924993901,True,G_1517ba,False
V_980408625,U_0095,2026-01-15,4514.728225938436,False,,False
V_badbb322,U_0141,2026-01-15,3159.239747042169,True,G_d8acb1,True
V_234561eb,U_0910,2026-01-15,5290.278910747039,True,G_d8acb1,False
V_4415fc1c,U_0291,2026-01-15,5001.33096692522,True,G_d8acb1,False
V_059f5b7b,U_0274,2026-01-15,5431.128135812722,True,G_d8acb1,False
V_78475a7d,U_0494,2026-01-15,3222.900245813821,True,G_d8acb1,False
V_cbe2eecd,U_0153,2026-01-15,3480.785787743554,True,G_7a5a0d,True
V_f6cbda53,U_0943,2026-01-15,1833.5405805060568,True,G_7a5a0d,False
V_a571199e,U_0632,2026-01-15,2739.0931813784696,True,G_7a5a0d,False
V_3ed6314c,U_0390,2026-01-15,1773.9744846504093,True,G_7a5a0d,False
V_34517055,U_0161,2026-01-15,6268.256564230107,True,G_2ca83c,True
V_2abdb0fa,U_0554,2026-01-15,5549.392475714818,True,G_2ca83c,False
V_4169f3fc,U_0522,2026-01-15,5919.812984967239,True,G_2ca83c,False
V_c695f585,U_0792,2026-01-15,3730.917589618711,True,G_2ca83c,False
V_a9d5ced5,U_0433,2026-01-15,4743.691691356037,True,G_2ca83c,False
V_2b5b7872,U_0276,2026-01-15,6741.939273287221,True,G_2ca83c,False
V_1436758919,U_0206,2026-01-15,5079.761004873554,False,,False
V_0156a722,U_0238,2026-01-15,7270.392036464808,True,G_ad7976,True
V_7e8f0b52,U_0636,2026-01-15,11184.938835999763,True,G_ad7976,False
V_0ce73002,U_0695,2026-01-15,8099.353212065162,True,G_ad7976,False
V_19f82216,U_0852,2026-01-15,11249.227161514318,True,G_ad7976,False
V_2412d3b7,U_0693,2026-01-15,5381.537790133449,True,G_ad7976,False
V_78937439,U_0623,2026-01-15,11071.121092514815,True,G_ad7976,False
V_7365b765,U_0276,2026-01-15,7060.968489813325,True,G_be6bf6,True
V_0a456176,U_0941,2026-01-15,3545.6479254241344,True,G_be6bf6,False
V_cace37c8,U_0277,2026-01-15,5659.351826462201,True,G_be6bf6,False
V_b60b5f26,U_0834,2026-01-15,3822.7305970112325,True,G_be6bf6,False
V_8fb789c8,U_0117,2026-01-15,4577.515158458023,True,G_be6bf6,False
V_091afdd0,U_0912,2026-01-15,5601.553935237671,True,G_be6bf6,False
V_3566792169,U_0282,2026-01-15,3143.8098583339497,False,,False
V_749d1a37,U_0303,2026-01-15,11688.936837538702,True,G_b64dd1,True
V_5bfbde9a,U_0089,2026-01-15,6488.648465770138,True,G_b64dd1,False
V_340af71d,U_0816,2026-01-15,7242.316605947823,True,G_b64dd1,False
V_4096746647,U_0323,2026-01-15,8822.42937957112,False,,False
V_2943869220,U_0380,2026-01-15,2933.059005827335,False,,False
V_ea66eb4b,U_0387,2026-01-15,9126.529044456858,True,G_2d7371,True
V_0da5353a,U_0019,2026-01-15,6243.9096878282935,True,G_2d7371,False
V_78c64597,U_0345,2026-01-15,10919.083312117831,True,G_2d7371,False
V_3481098716,U_0404,2026-01-15,2746.4062909562717,False,,False
V_1261191283,U_0425,2026-01-15,4168.745433808328,False,,False
V_667f9335,U_0440,2026-01-15,5302.287192469373,True,G_2d7161,True
V_08ca1e6d,U_0449,2026-01-15,4725.800299685782,True,G_2d7161,False
V_0cac9c56,U_0837,2026-01-15,4608.8998804678495,True,G_2d7161,False
V_0f094beb,U_0887,2026-01-15,5634.402120177047,True,G_2d7161,False
V_0dc8b4a4,U_0231,2026-01-15,5078.727503001437,True,G_2d7161,False
V_312121512,U_0469,2026-01-15,4644.097088313603,False,,False
V_138a621d,U_0511,2026-01-15,4245.17860387063,True,G_cf3c21,True
V_efeedb7a,U_0480,2026-01-15,6310.915729703283,True,G_cf3c21,False
V_aff57bc3,U_0587,2026-01-15,2698.7544801185854,True,G_5f1d6a,True
V_1fa20f18,U_0856,2026-01-15,3113.074557504208,True,G_5f1d6a,False
V_30028c10,U_0442,2026-01-15,2565.850154142601,True,G_5f1d6a,False
V_6b7b5570,U_0213,2026-01-15,3814.4455704954275,True,G_5f1d6a,False
V_843743290,U_0591,2026-01-15,7447.997896339642,False,,False
V_fc79f033,U_0617,2026-01-15,3524.5137908783795,True,G_571e37,True
V_a4c0fde0,U_0044,2026-01-15,2636.7104616202682,True,G_571e37,False
V_a8eb72dd,U_0765,2026-01-15,1754.4133484159368,True,G_571e37,False
V_f574f2ab,U_0942,2026-01-15,3843.4899113357715,True,G_571e37,False
V_bea0b6f0,U_0716,2026-01-15,1924.062999449135,True,G_571e37,False
V_2393856414,U_0624,2026-01-15,6836.44902060835,False,,False
V_10ed18d7,U_0639,2026-01-15,3023.7657225583725,True,G_f99ed9,True
V_0383d35c,U_0167,2026-01-15,2829.9165584005104,True,G_f99ed9,False
V_e452d2f4,U_0649,2026-01-15,3560.3754634148986,True,G_1adf6d,True
V_622bd18e,U_0420,2026-01-15,3055.678173573148,True,G_1adf6d,False
V_3f204baf,U_0026,2026-01-15,2662.799731526866,True,G_1adf6d,False
V_828df637,U_0531,2026-01-15,1829.7537452683873,True,G_1adf6d,False
V_ae3bff1c,U_0544,2026-01-15,4005.167938363562,True,G_1adf6d,False
V_4dbae3eb,U_0533,2026-01-15,2585.866342737192,True,G_1adf6d,False
V_7be8ec79,U_0669,2026-01-15,2780.9889788523788,True,G_fdc37f,True
V_98472272,U_0577,2026-01-15,3744.502610279046,True,G_fdc37f,False
V_4555d95e,U_0158,2026-01-15,2484.0637136556616,True,G_fdc37f,False
V_00c467d5,U_0689,2026-01-15,5060.254702792491,True,G_59b2b6,True
V_560c0f36,U_0988,2026-01-15,4146.221190362139,True,G_59b2b6,False
V_1170966230,U_0718,2026-01-15,7708.965865374942,False,,False
V_256004aa,U_0746,2026-01-15,2072.9107621194717,True,G_1fa188,True
V_7e83007b,U_0244,2026-01-15,2644.8554454484074,True,G_1fa188,False
V_2220225775,U_0751,2026-01-15,2487.5554644956615,False,,False
V_4e7984d6,U_0755,2026-01-15,13094.173403290588,True,G_bc4ef7,True
V_8b145c81,U_0015,2026-01-15,7801.177746378969,True,G_bc4ef7,False
V_b4fd2817,U_0518,2026-01-15,8935.882741415147,True,G_bc4ef7,False
V_07a621cb,U_0055,2026-01-15,8387.00734966488,True,G_bc4ef7,False
V_70111d61,U_0183,2026-01-15,7640.074895742516,True,G_bc4ef7,False
V_3085359613,U_0802,2026-01-15,9791.39552226127,False,,False
V_1631598717,U_0817,2026-01-15,3327.141899916926,False,,False
V_2917961010,U_0838,2026-01-15,4248.126303279981,False,,False
V_8bc8931c,U_0937,2026-01-15,10341.11804669256,True,G_b8dd11,True
V_f28f3397,U_0089,2026-01-15,5926.725588178871,True,G_b8dd11,False
V_1423349672,U_0947,2026-01-15,7738.276083435069,False,,False
V_3566568576,U_0012,2026-01-16,4143.237395917889,False,,False
V_2213256328,U_0121,2026-01-16,4824.294732934055,False,,False
V_1530419818,U_0140,2026-01-16,3494.8752122318947,False,,False
V_7ec2c259,U_0156,2026-01-16,2172.303944554449,True,G_6918a0,True
V_e7deb8c5,U_0775,2026-01-16,3150.7147377306715,True,G_6918a0,False
V_24cde772,U_0577,2026-01-16,3182.1530144514854,True,G_6918a0,False
V_db938c7b,U_0923,2026-01-16,2511.9599994716255,True,G_6918a0,False
V_c72e9dc6,U_0715,2026-01-16,2797.881503447573,True,G_6918a0,False
V_ae9f4956,U_0935,2026-01-16,2988.856979062467,True,G_6918a0,False
V_2626897969,U_0160,2026-01-16,10071.698475006877,False,,False
V_3592728961,U_0168,2026-01-16,9019.178474952134,False,,False
V_a52a1f3f,U_0181,2026-01-16,10980.40614524542,True,G_bb27db,True
V_4a8ca622,U_0937,2026-01-16,8786.072087979583,True,G_bb27db,False
V_7780faf9,U_0075,2026-01-16,13134.757810152854,True,G_bb27db,False
V_5cc0ac88,U_0735,2026-01-16,7337.786833453815,True,G_bb27db,False
V_b0a3b03f,U_0183,2026-01-16,10743.484000369108,True,G_d23fb9,True
V_4f7b97e2,U_0015,2026-01-16,9250.637051212852,True,G_d23fb9,False
V_ef08de9e,U_0770,2026-01-16,8957.779481001891,True,G_d23fb9,False
V_c83c25b9,U_0977,2026-01-16,10033.643739531948,True,G_d23fb9,False
V_dfb42f35,U_0623,2026-01-16,12641.864860909325,True,G_d23fb9,False
V_39444ee9,U_0851,2026-01-16,6198.981825610281,True,G_d23fb9,False
V_a2e9fab1,U_0192,2026-01-16,3029.7466573251004,True,G_c970b7,True
V_e91330e5,U_0806,2026-01-16,3349.6038858803304,True,G_c970b7,False
V_1077927945,U_0209,2026-01-16,4670.586002684764,False,,False
V_b6121d95,U_0212,2026-01-16,6816.69208775114,True,G_4f2a7c,True
V_cb25166b,U_0595,2026-01-16,6777.6249676810985,True,G_4f2a7c,False
V_b6e77ac0,U_0216,2026-01-16,2652.460752403113,True,G_5a30d4,True
V_b416276b,U_0271,2026-01-16,2785.0644590246757,True,G_5a30d4,False
V_b5464068,U_0064,2026-01-16,2489.748755997861,True,G_5a30d4,False
V_95493379,U_0395,2026-01-16,1929.8880463604448,True,G_5a30d4,False
V_3622480143,U_0257,2026-01-16,2591.711168936994,False,,False
V_656110160,U_0276,2026-01-16,5386.563993394345,False,,False
V_3072055341,U_0361,2026-01-16,4108.453197728752,False,,False
V_4254079947,U_0431,2026-01-16,5397.966673515122,False,,False
V_4027097602,U_0461,2026-01-16,7521.125694220998,False,,False
V_381084883,U_0480,2026-01-16,4939.237056849629,False,,False
V_03fd4429,U_0516,2026-01-16,3224.604000913802,True,G_f0e6d6,True
V_fd0bed27,U_0292,2026-01-16,2329.9194999385586,True,G_f0e6d6,False
V_6ea7bc01,U_0136,2026-01-16,3997.5102136203113,True,G_f0e6d6,False
V_2540435927,U_0532,2026-01-16,7514.024048462061,False,,False
V_3600414984,U_0565,2026-01-16,8274.668630575883,False,,False
V_16059b5f,U_0591,2026-01-16,7930.5361946174,True,G_8fa5eb,True
V_32e97fe6,U_0513,2026-01-16,10126.042221167223,True,G_8fa5eb,False
V_d9e29d8e,U_0623,2026-01-16,10681.290096652476,True,G_8fa5eb,False
V_029dd728,U_0445,2026-01-16,11678.942410776654,True,G_8fa5eb,False
V_1498075d,U_0194,2026-01-16,7464.750881802904,True,G_8fa5eb,False
V_1035947548,U_0630,2026-01-16,3212.6879644942655,False,,False
V_1606214429,U_0657,2026-01-16,11174.032331136641,False,,False
V_333359226,U_0672,2026-01-16,3796.224758195788,False,,False
V_e01f4a38,U_0695,2026-01-16,9008.943369917044,True,G_3799ea,True
V_e509c80a,U_0691,2026-01-16,7060.206553890906,True,G_3799ea,False
V_7479d183,U_0614,2026-01-16,10256.318945618686,True,G_3799ea,False
V_1788807124,U_0794,2026-01-16,7032.803125401951,False,,False
V_1689195079,U_0843,2026-01-16,6459.948244499472,False,,False
V_3328666376,U_0866,2026-01-16,13043.79318883666,False,,False
V_893ae420,U_0867,2026-01-16,2408.769681624947,True,G_56f152,True
V_acedbcfc,U_0730,2026-01-16,2218.3283082328853,True,G_56f152,False
V_ee3f5af0,U_0838,2026-01-16,3441.106219546582,True,G_56f152,False
V_041bee3d,U_0971,2026-01-16,2382.149942134306,True,G_56f152,False
V_b2da3ed4,U_0036,2026-01-16,2613.70763191624,True,G_56f152,False
V_7efbc0aa,U_0975,2026-01-16,2228.464472168858,True,G_56f152,False
V_4250190025,U_0902,2026-01-16,10866.239133600933,False,,False
V_461434876,U_0908,2026-01-16,3934.2893837535116,False,,False
V_836176114,U_0916,2026-01-16,4997.741132832613,False,,False
V_f71e4aef,U_0974,2026-01-16,9915.920091303295,True,G_bde444,True
V_0e27a24f,U_0752,2026-01-16,8202.289666469538,True,G_bde444,False
V_0ee0fe4e,U_0866,2026-01-16,10979.257481156417,True,G_bde444,False
V_9b095c39,U_0163,2026-01-16,9095.290593628859,True,G_bde444,False
V_3857dd5d,U_0681,2026-01-16,12069.741456161766,True,G_bde444,False
V_873073115,U_0977,2026-01-16,10147.471750533927,False,,False
V_1215457283,U_0041,2026-01-17,4309.719845840752,False,,False
V_2187186410,U_0086,2026-01-17,4167.101582551725,False,,False
V_4211067182,U_0094,2026-01-17,5173.96743170585,False,,False
V_1242397912,U_0145,2026-01-17,3101.4929497859707,False,,False
V_6e12572e,U_0163,2026-01-17,12073.85043862272,True,G_888b61,True
V_1e239c74,U_0993,2026-01-17,5887.3148750233795,True,G_888b61,False
V_9e323ca9,U_0974,2026-01-17,12542.125256059677,True,G_888b61,False
V_2f43486e,U_0175,2026-01-17,6302.832484704416,True,G_b750d3,True
V_86327808,U_0811,2026-01-17,6523.215706482241,True,G_b750d3,False
V_02dea172,U_0904,2026-01-17,5176.439370169719,True,G_b750d3,False
V_ba321110,U_0033,2026-01-17,3261.5988695721207,True,G_b750d3,False
V_2373182456,U_0185,2026-01-17,4325.090732319912,False,,False
V_4143564575,U_0195,2026-01-17,5839.705289714512,False,,False
V_ca9ed261,U_0202,2026-01-17,2817.987997908587,True,G_afe5e3,True
V_6af430ca,U_0664,2026-01-17,2929.4302536709693,True,G_afe5e3,False
V_21a86b97,U_0206,2026-01-17,7283.4702766281025,True,G_61f4ac,True
V_1a7cd81d,U_0628,2026-01-17,11318.906625431284,True,G_61f4ac,False
V_bb8bea04,U_0591,2026-01-17,7216.231811666708,True,G_61f4ac,False
V_88082fa0,U_0247,2026-01-17,4287.608220986687,True,G_49aa28,True
V_90b74b12,U_0908,2026-01-17,4446.282003233905,True,G_49aa28,False
V_aadf4a20,U_0627,2026-01-17,4751.185378717826,True,G_49aa28,False
V_75cfc54b,U_0016,2026-01-17,4754.012577353714,True,G_49aa28,False
V_800843f3,U_0260,2026-01-17,5429.494760391317,True,G_49aa28,False
V_2598888445,U_0260,2026-01-17,5951.176636374821,False,,False
V_2783272250,U_0308,2026-01-17,5334.390089430325,False,,False
V_698361bc,U_0387,2026-01-17,9559.699619226747,True,G_2e2b07,True
V_258be19a,U_0917,2026-01-17,7058.847754299703,True,G_2e2b07,False
V_76bdf9a3,U_0434,2026-01-17,5094.1808242044335,True,G_2e2b07,False
V_b1df1571,U_0852,2026-01-17,11399.29867318212,True,G_2e2b07,False
V_04569a71,U_0695,2026-01-17,7887.571034650737,True,G_2e2b07,False
V_0696d1ab,U_0548,2026-01-17,7562.183014972482,True,G_2e2b07,False
V_acd11a41,U_0434,2026-01-17,5430.383568278402,True,G_4bd65e,True
V_9949f0af,U_0415,2026-01-17,9116.776336249375,True,G_4bd65e,False
V_75efd9dc,U_0457,2026-01-17,7540.10656621295,True,G_4bd65e,False
V_579ce4a7,U_0483,2026-01-17,2170.1586110254607,True,G_07b6ef,True
V_aa89d9a6,U_0500,2026-01-17,2790.8453368482647,True,G_07b6ef,False
V_632548ca,U_0861,2026-01-17,4226.045210395415,True,G_07b6ef,False
V_4176708561,U_0486,2026-01-17,6954.761189213141,False,,False
V_05b253f4,U_0494,2026-01-17,3811.604936396801,True,G_b37e1c,True
V_4e3447d6,U_0864,2026-01-17,4873.370661296957,True,G_b37e1c,False
V_ef55e141,U_0209,2026-01-17,6141.092160397976,True,G_b37e1c,False
V_dbff70f5,U_0137,2026-01-17,5074.59148723035,True,G_b37e1c,False
V_2c7c55d5,U_0486,2026-01-17,6258.011471708732,True,G_b37e1c,False
V_642af30f,U_0750,2026-01-17,5774.458878796998,True,G_b37e1c,False
V_74525dab,U_0505,2026-01-17,2289.776064765539,True,G_10a63b,True
V_6d723e48,U_0248,2026-01-17,3298.5768065907055,True,G_10a63b,False
V_cbf25759,U_0921,2026-01-17,2512.334341078741,True,G_10a63b,False
V_210497874,U_0508,2026-01-17,7476.970296768894,False,,False
V_714620745,U_0522,2026-01-17,7493.859283877013,False,,False
V_d1340283,U_0529,2026-01-17,4429.311998963361,True,G_6b36ae,True
V_81a08bab,U_0999,2026-01-17,6399.105974410492,True,G_6b36ae,False
V_4509d0a2,U_0472,2026-01-17,3761.9297351866066,True,G_6b36ae,False
V_a9ac8b3d,U_0722,2026-01-17,6685.927265685104,True,G_6b36ae,False
V_3151425331,U_0553,2026-01-17,3801.631814755734,False,,False
V_2217575884,U_0577,2026-01-17,4503.54535175157,False,,False
V_869274621,U_0647,2026-01-17,4838.3875220600985,False,,False
V_e69abe8c,U_0755,2026-01-17,9297.898335365957,True,G_ca33cd,True
V_b519e701,U_0657,2026-01-17,9441.104801027426,True,G_ca33cd,False
V_6176962c,U_0875,2026-01-17,7315.23334757998,True,G_ca33cd,False
V_a702cf3c,U_0373,2026-01-17,12548.017791257256,True,G_ca33cd,False
V_2960117644,U_0814,2026-01-17,3622.714856628709,False,,False
V_32120bdc,U_0822,2026-01-17,2888.1909905772036,True,G_21bec5,True
V_901e8c3e,U_0979,2026-01-17,4145.198854686964,True,G_21bec5,False
V_212037953,U_0863,2026-01-17,9935.28919095036,False,,False
V_c3be26e3,U_0886,2026-01-17,2718.354764369119,True,G_c174dd,True
V_31e3be1d,U_0132,2026-01-17,2415.411219804369,True,G_c174dd,False
V_c278c860,U_0156,2026-01-17,2793.9932684316973,True,G_c174dd,False
V_2135434860,U_0889,2026-01-17,5801.897110981879,False,,False
V_836299863,U_0933,2026-01-17,5187.458242992463,False,,False
V_67a31058,U_0963,2026-01-17,4431.5710842701965,True,G_5702d6,True
V_dff48f94,U_0190,2026-01-17,6286.704636862057,True,G_5702d6,False
V_53d08099,U_0725,2026-01-17,5635.118389443369,True,G_5702d6,False
V_03af78f6,U_0161,2026-01-17,5427.065804679376,True,G_5702d6,False
V_1124810102,U_0979,2026-01-17,3331.7899936456406,False,,False
V_2744220616,U_0015,2026-01-18,8204.12464682187,False,,False
V_716700432,U_0163,2026-01-18,10500.21838613987,False,,False
V_9463cf6b,U_0173,2026-01-18,6795.315007207167,True,G_b6ce55,True
V_2a7f4d2d,U_0862,2026-01-18,5580.630027510571,True,G_b6ce55,False
V_7a45cf02,U_0299,2026-01-18,6161.65048105692,True,G_b6ce55,False
V_3964939998,U_0183,2026-01-18,8767.899175247703,False,,False
V_3681788096,U_0303,2026-01-18,8961.87924177176,False,,False
V_1487162883,U_0326,2026-01-18,6568.659115389918,False,,False
V_3387350722,U_0354,2026-01-18,6097.736265318825,False,,False
V_cf6ac378,U_0408,2026-01-18,7689.658691537455,True,G_2af243,True
V_f025c33d,U_0117,2026-01-18,5845.947446654153,True,G_2af243,False
V_06076f7c,U_0418,2026-01-18,5571.18670792023,True,G_2af243,False
V_3659623671,U_0458,2026-01-18,11670.65840158706,False,,False
V_933792052,U_0461,2026-01-18,9468.348439768108,False,,False
V_2089163779,U_0502,2026-01-18,5617.665317472736,False,,False
V_daa55fc7,U_0567,2026-01-18,7627.26055926368,True,G_c8e54d,True
V_68928e5f,U_0831,2026-01-18,5586.915492574515,True,G_c8e54d,False
V_044a70df,U_0888,2026-01-18,10466.78940413384,True,G_c8e54d,False
V_1697220620,U_0661,2026-01-18,4425.460455819436,False,,False
V_428972897,U_0731,2026-01-18,2545.964076500587,False,,False
V_1886428005,U_0744,2026-01-18,2252.950819180944,False,,False
V_1224096414,U_0753,2026-01-18,5588.590463853936,False,,False
V_3349651569,U_0770,2026-01-18,7464.599972763794,False,,False
V_700462844,U_0837,2026-01-18,5590.7551223212,False,,False
V_3428112769,U_0862,2026-01-18,6147.231900685315,False,,False
V_3429191263,U_0890,2026-01-18,6261.0584696184815,False,,False
V_40bd3bb9,U_0904,2026-01-18,5589.196935767379,True,G_80e146,True
V_7b7a49b8,U_0486,2026-01-18,6158.887531019156,True,G_80e146,False
V_49cb3d4e,U_0421,2026-01-18,8200.092260783418,True,G_80e146,False
V_c5a0ce2a,U_0908,2026-01-18,4733.706089451813,True,G_80e146,False
V_f6200666,U_0278,2026-01-18,4095.449559160473,True,G_80e146,False
V_3978650204,U_0907,2026-01-18,4103.704524623159,False,,False
V_138d3ea6,U_0909,2026-01-18,1804.1522097637508,True,G_30690a,True
V_484b2069,U_0703,2026-01-18,3790.198298891839,True,G_30690a,False
V_e9c0ad57,U_0396,2026-01-18,2909.208144546792,True,G_30690a,False
V_e8ec619d,U_0844,2026-01-18,2670.7728433232774,True,G_30690a,False
V_c9606a49,U_0585,2026-01-18,1785.1550793800395,True,G_30690a,False
V_01af19bf,U_0955,2026-01-18,8852.39438795626,True,G_359869,True
V_428890a3,U_0518,2026-01-18,9362.434834757329,True,G_359869,False
V_c2dd2d1f,U_0206,2026-01-18,5099.081812869047,True,G_359869,False
V_ad80b5b3,U_0897,2026-01-18,7727.6336178218435,True,G_359869,False
V_beeae62e,U_0681,2026-01-18,10079.23961842338,True,G_359869,False
V_bb4d04ef,U_0636,2026-01-18,8699.68341760062,True,G_359869,False
V_96754383,U_0019,2026-01-19,8980.540666357803,False,,False
V_2452320572,U_0033,2026-01-19,4333.43800139531,False,,False
V_1117672455,U_0057,2026-01-19,2131.202536989187,False,,False
V_3148544572,U_0091,2026-01-19,2593.3110402979332,False,,False
V_b1cec462,U_0110,2026-01-19,6377.8390934922,True,G_47eb10,True
V_f0d66704,U_0811,2026-01-19,5842.837966094198,True,G_47eb10,False
V_9d534ff4,U_0702,2026-01-19,4335.875837338846,True,G_47eb10,False
V_3752776284,U_0137,2026-01-19,6324.718301974391,False,,False
V_67c5eb56,U_0237,2026-01-19,8318.708662684483,True,G_af5704,True
V_ad95efd0,U_0088,2026-01-19,11543.163578244048,True,G_af5704,False
V_6544fda7,U_0456,2026-01-19,9432.084195617013,True,G_af5704,False
V_597654608,U_0306,2026-01-19,6538.588364671039,False,,False
V_1414027380,U_0367,2026-01-19,7258.974379386126,False,,False
V_9ca58f66,U_0403,2026-01-19,5077.284005010358,True,G_6ec156,True
V_688d67df,U_0846,2026-01-19,6632.929698070349,True,G_6ec156,False
V_efb8c4c0,U_0948,2026-01-19,6457.3101191361075,True,G_6ec156,False
V_71b5ec91,U_0534,2026-01-19,4513.729380359836,True,G_6ec156,False
V_fce98ebb,U_0547,2026-01-19,3959.323706298191,True,G_f231b4,True
V_ca8cd62c,U_0970,2026-01-19,3381.3641059755446,True,G_f231b4,False
V_7676a929,U_0013,2026-01-19,2955.930532008258,True,G_f231b4,False
V_536c9c26,U_0127,2026-01-19,2708.846396053706,True,G_f231b4,False
V_a1a4f13c,U_0567,2026-01-19,8317.18215871814,True,G_e7b7dd,True
V_b26882eb,U_0565,2026-01-19,8021.765341681369,True,G_e7b7dd,False
V_b62fa218,U_0897,2026-01-19,9063.319212710401,True,G_e7b7dd,False
V_3336165370,U_0601,2026-01-19,2532.8022188891873,False,,False
V_bf0d5395,U_0969,2026-01-19,10169.33956988823,True,G_6ac616,True
V_0d660987,U_0802,2026-01-19,11188.995383002737,True,G_6ac616,False
V_38a0fce0,U_0885,2026-01-19,10213.438034482935,True,G_6ac616,False
V_db3316f5,U_0991,2026-01-19,1684.37762516736,True,G_10cef9,True
V_29a51f4e,U_0564,2026-01-19,1991.6365387995422,True,G_10cef9,False
V_62401956,U_0018,2026-01-20,5357.161353373924,True,G_242787,True
V_16e89004,U_0537,2026-01-20,5635.102861525254,True,G_242787,False
V_3574f53d,U_0128,2026-01-20,5831.2747347173,True,G_242787,False
V_10364c3b,U_0024,2026-01-20,10618.010687207427,True,G_519acc,True
V_3ffbcdd4,U_0225,2026-01-20,9906.086601715608,True,G_519acc,False
V_c28c0c82,U_0030,2026-01-20,5458.860451991645,True,G_12e09b,True
V_c0525bdb,U_0753,2026-01-20,6232.60378149277,True,G_12e09b,False
V_a0156401,U_0149,2026-01-20,3535.977241763222,True,G_12e09b,False
V_72810cfb,U_0809,2026-01-20,5133.595030344049,True,G_12e09b,False
V_b79f26f2,U_0121,2026-01-20,5747.820061261243,True,G_12e09b,False
V_a1cc1452,U_0798,2026-01-20,4144.156864835535,True,G_12e09b,False
V_958a259d,U_0034,2026-01-20,3278.462567843897,True,G_aec1c1,True
V_e9aef6b3,U_0438,2026-01-20,2101.4679874914186,True,G_aec1c1,False
V_dc4e7a05,U_0952,2026-01-20,3140.6807202449227,True,G_aec1c1,False
V_a5f961db,U_0402,2026-01-20,2966.2613542463378,True,G_aec1c1,False
V_5e8fd5bf,U_0973,2026-01-20,3188.6895046668596,True,G_aec1c1,False
V_47d471d0,U_0168,2026-01-20,10844.66537492314,True,G_51fc42,True
V_f2d22a15,U_0794,2026-01-20,8605.143214860285,True,G_51fc42,False
V_ac999682,U_0345,2026-01-20,11442.531430417928,True,G_51fc42,False
V_21ee4396,U_0391,2026-01-20,10379.070027098538,True,G_51fc42,False
V_0bc9c388,U_0429,2026-01-20,12729.358639107093,True,G_51fc42,False
V_022c2dd0,U_0560,2026-01-20,8970.911093477773,True,G_51fc42,False
V_1041272305,U_0181,2026-01-20,9963.02902934825,False,,False
V_ebd58370,U_0183,2026-01-20,8702.578497308728,True,G_3789d3,True
V_9e5a35cd,U_0391,2026-01-20,9076.82651421298,True,G_3789d3,False
V_753b4f55,U_0718,2026-01-20,9612.995095087364,True,G_3789d3,False
V_12ce4b86,U_0752,2026-01-20,6305.675215174927,True,G_3789d3,False
V_d64352e2,U_0194,2026-01-20,8183.013903054178,True,G_d98dc0,True
V_cb47c77a,U_0582,2026-01-20,4923.057898823083,True,G_d98dc0,False
V_bb600fb1,U_0974,2026-01-20,12076.217389625388,True,G_d98dc0,False
V_b8e55427,U_0445,2026-01-20,13936.804120626754,True,G_d98dc0,False
V_63226940,U_0183,2026-01-20,9223.866408988715,True,G_d98dc0,False
V_1b60356d,U_0198,2026-01-20,3792.0891541900755,True,G_9b33b2,True
V_38816217,U_0965,2026-01-20,6220.323901476793,True,G_9b33b2,False
V_9847250e,U_0205,2026-01-20,6794.296293026745,True,G_9b33b2,False
V_dcbeada4,U_0229,2026-01-20,4713.311707656149,True,G_9b6334,True
V_1f7d8fae,U_0881,2026-01-20,3825.927150616165,True,G_9b6334,False
V_37ae6976,U_0900,2026-01-20,5284.804126773996,True,G_9b6334,False
V_c4b26aa7,U_0256,2026-01-20,1807.4003726825554,True,G_935633,True
V_c0dbf3e6,U_0699,2026-01-20,3411.8792504318303,True,G_935633,False
V_4f334413,U_0998,2026-01-20,1798.6319807283044,True,G_935633,False
V_44f7b567,U_0274,2026-01-20,5431.434402966077,True,G_8baf7f,True
V_bf850baf,U_0421,2026-01-20,7173.868563337781,True,G_8baf7f,False
V_d41a9ba5,U_0283,2026-01-20,3734.267579675857,True,G_30d2d0,True
V_7b2c1134,U_0989,2026-01-20,2478.442416183899,True,G_30d2d0,False
V_844f5824,U_0375,2026-01-20,4202.089129612127,True,G_8eb90b,True
V_3741e4b8,U_0783,2026-01-20,3957.1308888017606,True,G_8eb90b,False
V_b4d25d9b,U_0941,2026-01-20,3655.3913368632316,True,G_8eb90b,False
V_8ea27a13,U_0696,2026-01-20,4882.028786715332,True,G_8eb90b,False
V_382c116d,U_0436,2026-01-20,10269.10208988527,True,G_d56ca6,True
V_0e33b80a,U_0019,2026-01-20,8437.375335631934,True,G_d56ca6,False
V_bdf601d2,U_0237,2026-01-20,9942.595152976643,True,G_d56ca6,False
V_20e0e7fd,U_0623,2026-01-20,9009.316146747853,True,G_d56ca6,False
V_e1690c2c,U_0977,2026-01-20,9592.98546015684,True,G_d56ca6,False
V_9470e112,U_0225,2026-01-20,10174.148649369896,True,G_d56ca6,False
V_4081784864,U_0461,2026-01-20,8327.851955672644,False,,False
V_c709b113,U_0469,2026-01-20,3404.239267635991,True,G_9abefe,True
V_85807ea1,U_0965,2026-01-20,5317.9775536156985,True,G_9abefe,False
V_bfc5389c,U_0280,2026-01-20,6858.157807839302,True,G_9abefe,False
V_1570401168,U_0503,2026-01-20,12631.53838379163,False,,False
V_4150477500,U_0506,2026-01-20,4958.204321305815,False,,False
V_cf9c2dce,U_0508,2026-01-20,5375.480895590975,True,G_7eb025,True
V_aefc3937,U_0573,2026-01-20,4737.777662696257,True,G_7eb025,False
V_a337a960,U_0659,2026-01-20,3544.069394360787,True,G_7eb025,False
V_c6cd0f72,U_0506,2026-01-20,5188.943334063669,True,G_7eb025,False
V_516790261,U_0544,2026-01-20,3761.0875598490866,False,,False
V_314209286,U_0555,2026-01-20,2420.4631407939205,False,,False
V_72b72217,U_0565,2026-01-20,11326.713959921335,True,G_5d7f89,True
V_2b73eb57,U_0896,2026-01-20,10596.18476168627,True,G_5d7f89,False
V_a71835cd,U_0614,2026-01-20,12057.221408800542,True,G_5d7f89,False
V_3847565784,U_0580,2026-01-20,5512.565852518365,False,,False
V_5ef02982,U_0686,2026-01-20,3291.419038726853,True,G_b12aef,True
V_ddd16a37,U_0104,2026-01-20,2994.76244555884,True,G_b12aef,False
V_855b5feb,U_0244,2026-01-20,2147.3007943471575,True,G_b12aef,False
V_be4cb9dd,U_0639,2026-01-20,2446.1081457687087,True,G_b12aef,False
V_3092037989,U_0688,2026-01-20,5562.408294408902,False,,False
V_3b82a805,U_0734,2026-01-20,7950.644919090012,True,G_ed698d,True
V_20c567d1,U_0204,2026-01-20,5586.123597224016,True,G_ed698d,False
V_60e92140,U_0751,2026-01-20,2297.178119781196,True,G_c3470e,True
V_47665fa6,U_0744,2026-01-20,1987.3610617128854,True,G_c3470e,False
V_9ed5a0f2,U_0072,2026-01-20,2028.9320636170683,True,G_c3470e,False
V_5b340607,U_0954,2026-01-20,3399.1221838816627,True,G_c3470e,False
V_881fab18,U_0201,2026-01-20,2800.722452342279,True,G_c3470e,False
V_3434502287,U_0753,2026-01-20,5829.48350262646,False,,False
V_1bee2da7,U_0790,2026-01-20,7223.31582518117,True,G_9a0ac8,True
V_d27521c3,U_0750,2026-01-20,5017.271830687539,True,G_9a0ac8,False
V_15f3f9fe,U_0137,2026-01-20,4974.987909839004,True,G_9a0ac8,False
V_d327906b,U_0815,2026-01-20,5543.4481738212335,True,G_9a0ac8,False
V_3958369976,U_0814,2026-01-20,2623.328652304908,False,,False
V_1b11a90f,U_0820,2026-01-20,2524.3167976280943,True,G_8e42e6,True
V_d0fef5a9,U_0879,2026-01-20,2245.084534985617,True,G_8e42e6,False
V_dce929da,U_0864,2026-01-20,3887.327758139654,True,G_2d5698,True
V_0e6d393a,U_0261,2026-01-20,4565.337029341626,True,G_2d5698,False
V_9bb80305,U_0705,2026-01-20,5532.301926679842,True,G_2d5698,False
V_a1393a97,U_0881,2026-01-20,4390.561379436092,True,G_7eb2fb,True
V_6589ec61,U_0845,2026-01-20,4665.8073808737445,True,G_7eb2fb,False
V_538a502b,U_0665,2026-01-20,6599.111805325066,True,G_7eb2fb,False
V_a250c47d,U_0768,2026-01-20,5666.984153942492,True,G_7eb2fb,False
V_fd6b56fe,U_0890,2026-01-20,7318.176016651869,True,G_dc5af8,True
V_a0698515,U_0772,2026-01-20,7682.096861447936,True,G_dc5af8,False
V_79cd73b0,U_0005,2026-01-20,4169.107831575989,True,G_dc5af8,False
V_0c593542,U_0107,2026-01-20,3842.8015428757367,True,G_dc5af8,False
V_b2daf6ac,U_0732,2026-01-20,6646.377165938364,True,G_dc5af8,False
V_475229827,U_0895,2026-01-20,6173.181228950354,False,,False
V_c3d758e6,U_0896,2026-01-20,9179.382825586803,True,G_9201be,True
V_9a7d96be,U_0075,2026-01-20,9214.769623424576,True,G_9201be,False
V_a24d8672,U_0050,2026-01-20,10145.40859468651,True,G_9201be,False
V_0e8f8314,U_0415,2026-01-20,6773.559342769166,True,G_9201be,False
V_5b45f355,U_0813,2026-01-20,10117.456077157807,True,G_9201be,False
V_86f5cb34,U_0913,2026-01-20,10715.001812374527,True,G_1ef616,True
V_76b891d0,U_0513,2026-01-20,13231.398060040592,True,G_1ef616,False
V_d120407e,U_0373,2026-01-20,10982.577867375234,True,G_1ef616,False
V_2573972956,U_0988,2026-01-20,3968.419599124116,False,,False
V_3366273478,U_0006,2026-01-21,7758.722816778174,False,,False
V_2198996581,U_0024,2026-01-21,10123.135229943442,False,,False
V_105320367,U_0128,2026-01-21,5691.6919368052895,False,,False
V_8e005398,U_0130,2026-01-21,10973.81501647551,True,G_98dfd3,True
V_533b49fc,U_0802,2026-01-21,11181.784700715814,True,G_98dfd3,False
V_587a59cf,U_0885,2026-01-21,9857.351072724872,True,G_98dfd3,False
V_c58daf80,U_0866,2026-01-21,9987.142440617765,True,G_98dfd3,False
V_1480477515,U_0152,2026-01-21,3597.272669598755,False,,False
V_196edb99,U_0190,2026-01-21,7303.274818066988,True,G_c25047,True
V_92779a91,U_0401,2026-01-21,5753.473378636006,True,G_c25047,False
V_824912b6,U_0062,2026-01-21,5517.305307021167,True,G_c25047,False
V_80fd4a54,U_0834,2026-01-21,4043.9060574608557,True,G_c25047,False
V_439e8aca,U_0231,2026-01-21,5065.62730366069,True,G_c25047,False
V_3075697944,U_0195,2026-01-21,6060.2679020409105,False,,False
V_3629048975,U_0206,2026-01-21,5033.7076326338465,False,,False
V_554059040,U_0237,2026-01-21,9271.984110572912,False,,False
V_2271810528,U_0238,2026-01-21,7312.62333399244,False,,False
V_d040d405,U_0264,2026-01-21,3073.3486051512236,True,G_90b363,True
V_b1481642,U_0439,2026-01-21,3193.4388220744286,True,G_90b363,False
V_f72fc6ec,U_0283,2026-01-21,3000.8621637567994,True,G_09b0cb,True
V_cf5e2d70,U_0208,2026-01-21,3883.2377236365182,True,G_09b0cb,False
V_1540795401,U_0336,2026-01-21,7639.133575031713,False,,False
V_2022447926,U_0339,2026-01-21,3175.1032958380415,False,,False
V_888e91bf,U_0368,2026-01-21,3493.1787095302557,True,G_3ab8b3,True
V_fed64cab,U_0818,2026-01-21,3363.719950453519,True,G_3ab8b3,False
V_a520d28f,U_0710,2026-01-21,4197.248576023132,True,G_3ab8b3,False
V_e30f8249,U_0251,2026-01-21,2002.761848358153,True,G_3ab8b3,False
V_3831979444,U_0370,2026-01-21,2461.5792130111913,False,,False
V_1169496391,U_0385,2026-01-21,4637.715182961133,False,,False
V_2729966358,U_0387,2026-01-21,11096.955674840709,False,,False
V_3646282906,U_0408,2026-01-21,6140.366288640466,False,,False
V_2112821272,U_0506,2026-01-21,5485.545652145575,False,,False
V_1755783605,U_0513,2026-01-21,12389.233886885208,False,,False
V_a6448ae9,U_0518,2026-01-21,9941.727529656553,True,G_edeeee,True
V_0067da93,U_0974,2026-01-21,12672.42176360589,True,G_edeeee,False
V_1327866955,U_0548,2026-01-21,7813.629172308554,False,,False
V_443961985,U_0565,2026-01-21,11300.361184823996,False,,False
V_157e3a50,U_0577,2026-01-21,3266.309401793688,True,G_7340f0,True
V_38ae27e0,U_0551,2026-01-21,3739.246641880565,True,G_7340f0,False
V_dd0000a4,U_0583,2026-01-21,3421.117569032678,True,G_7340f0,False
V_f2286c86,U_0564,2026-01-21,2150.8064887892806,True,G_7340f0,False
V_4106786401,U_0616,2026-01-21,6534.327832590773,False,,False
V_9a7a8c4c,U_0618,2026-01-21,3318.8855714464275,True,G_04c668,True
V_4ae82f31,U_0403,2026-01-21,4831.967756585803,True,G_04c668,False
V_1d222fa1,U_0509,2026-01-21,4396.326289305263,True,G_04c668,False
V_61bf31c0,U_0665,2026-01-21,4882.372071402726,True,G_854384,True
V_80f6286c,U_0701,2026-01-21,5442.890162650348,True,G_854384,False
V_69f6758c,U_0933,2026-01-21,5120.506869173916,True,G_854384,False
V_7fe0dd84,U_0718,2026-01-21,7615.449390161417,True,G_f3964d,True
V_f1b1f118,U_0097,2026-01-21,12460.9519674967,True,G_f3964d,False
V_fae3f771,U_0852,2026-01-21,9604.810717982838,True,G_f3964d,False
V_9e53bf7f,U_0695,2026-01-21,7612.282654773826,True,G_f3964d,False
V_0e95ec53,U_0591,2026-01-21,7877.94613732845,True,G_f3964d,False
V_2249260306,U_0727,2026-01-21,8941.854109869952,False,,False
V_3998451333,U_0744,2026-01-21,2524.9270774293072,False,,False
V_444359801,U_0752,2026-01-21,7651.171361244158,False,,False
V_970c38a3,U_0755,2026-01-21,11778.919483653199,True,G_ff7fd7,True
V_60849cfe,U_0735,2026-01-21,6482.027520453269,True,G_ff7fd7,False
V_061b549c,U_0770,2026-01-21,7756.850468014947,True,G_ff7fd7,False
V_e5210160,U_0518,2026-01-21,9881.715536917396,True,G_ff7fd7,False
V_5b3a6fed,U_0937,2026-01-21,9532.735014378137,True,G_ff7fd7,False
V_0aa627a7,U_0767,2026-01-21,9565.263634785186,True,G_0d51dc,True
V_3211c789,U_0075,2026-01-21,9525.829282633302,True,G_0d51dc,False
V_bc8776af,U_0221,2026-01-21,7677.659633729804,True,G_0d51dc,False
V_7c0f8c5d,U_0484,2026-01-21,12190.75814883506,True,G_0d51dc,False
V_5cac4f3b,U_0770,2026-01-21,10470.730495557942,True,G_1519e6,True
V_3e1056c7,U_0826,2026-01-21,8816.259777299063,True,G_1519e6,False
V_49690234,U_0655,2026-01-21,6605.347015981791,True,G_1519e6,False
V_1475342916,U_0818,2026-01-21,3611.4862245314466,False,,False
V_3422933371,U_0831,2026-01-21,5821.412882053143,False,,False
V_3799971222,U_0875,2026-01-21,6327.349694700044,False,,False
V_bd46e467,U_0917,2026-01-21,6912.001211366786,True,G_e676f4,True
V_8d16a2d4,U_0816,2026-01-21,10645.524131927838,True,G_e676f4,False
V_df1c72c6,U_0262,2026-01-21,10390.610489318453,True,G_e676f4,False
V_416a7682,U_0977,2026-01-21,7517.62942155732,True,G_087d27,True
V_9acb58e4,U_0168,2026-01-21,8288.778233370953,True,G_087d27,False
V_0e68641e,U_0548,2026-01-21,9090.441910053678,True,G_087d27,False
V_58411c1e,U_0005,2026-01-22,4403.263855060189,True,G_45c3f0,True
V_3ebea605,U_0529,2026-01-22,5942.416704983397,True,G_45c3f0,False
V_4057220338,U_0052,2026-01-22,2410.6017941537275,False,,False
V_2074972230,U_0069,2026-01-22,2492.6174913097293,False,,False
V_7fa963c2,U_0074,2026-01-22,1929.1748975073638,True,G_bc5562,True
V_b9657e16,U_0396,2026-01-22,3058.7402390004067,True,G_bc5562,False
V_e4d0ef3c,U_0386,2026-01-22,3219.125021188692,True,G_bc5562,False
V_3f134c5e,U_0459,2026-01-22,2616.8082638905566,True,G_bc5562,False
V_07fafb4b,U_0592,2026-01-22,2098.160717027654,True,G_bc5562,False
V_343cb961,U_0631,2026-01-22,3207.226992004414,True,G_bc5562,False
V_3387266107,U_0094,2026-01-22,4147.247608290501,False,,False
V_1196309353,U_0125,2026-01-22,4908.148727819946,False,,False
V_3827535907,U_0141,2026-01-22,3345.7511442443533,False,,False
V_1387407362,U_0151,2026-01-22,4604.939244044355,False,,False
V_0d5461f6,U_0173,2026-01-22,7102.660426871609,True,G_6002b3,True
V_f3d81136,U_0314,2026-01-22,4066.097365255004,True,G_6002b3,False
V_33e2080b,U_0760,2026-01-22,4037.121954669553,True,G_6002b3,False
V_1932098712,U_0174,2026-01-22,4970.033952014474,False,,False
V_2054939455,U_0273,2026-01-22,4003.4415992264603,False,,False
V_2552685734,U_0280,2026-01-22,5312.978777808419,False,,False
V_3598f092,U_0358,2026-01-22,5635.860089949775,True,G_d495ae,True
V_ffc467c4,U_0247,2026-01-22,5544.3922565854955,True,G_d495ae,False
V_d23b7fa2,U_0032,2026-01-22,4745.501184191133,True,G_d495ae,False
V_84c93cbc,U_0373,2026-01-22,13473.284414424728,True,G_d875c8,True
V_912213a8,U_0181,2026-01-22,10684.42251369744,True,G_d875c8,False
V_861fa7fa,U_0567,2026-01-22,9380.99423852924,True,G_d875c8,False
V_1206608387,U_0393,2026-01-22,2584.25817084251,False,,False
V_801029239,U_0431,2026-01-22,4731.320652390749,False,,False
V_1e1ac0f5,U_0509,2026-01-22,3863.2645647851195,True,G_2ebded,True
V_e6ae60b1,U_0433,2026-01-22,5643.092913025932,True,G_2ebded,False
V_cb64fce8,U_0637,2026-01-22,8035.668538123787,True,G_2ebded,False
V_b90dbdcf,U_0590,2026-01-22,5587.699605893664,True,G_2ebded,False
V_78a58b08,U_0518,2026-01-22,10152.74233676944,True,G_a83e28,True
V_a0e179ad,U_0831,2026-01-22,7092.062865778462,True,G_a83e28,False
V_aeb64710,U_0888,2026-01-22,8232.329704687694,True,G_a83e28,False
V_2b707be5,U_0456,2026-01-22,10888.131065593932,True,G_a83e28,False
V_3655991381,U_0520,2026-01-22,1923.3589897197583,False,,False
V_3394725461,U_0682,2026-01-22,9122.91014888297,False,,False
V_518923223,U_0685,2026-01-22,2527.953239627415,False,,False
V_2407370390,U_0718,2026-01-22,9418.177549202375,False,,False
V_3242492816,U_0727,2026-01-22,8840.183468248992,False,,False
V_5292d2ce,U_0749,2026-01-22,2191.7707176584436,True,G_4aeadd,True
V_4384cdf2,U_0021,2026-01-22,4437.269434302384,True,G_4aeadd,False
V_ca313b03,U_0038,2026-01-22,2266.8765352307614,True,G_4aeadd,False
V_bb6660a7,U_0775,2026-01-22,3846.90142786551,True,G_4aeadd,False
V_8ea71c4d,U_0078,2026-01-22,3892.2955658139213,True,G_4aeadd,False
V_173337025,U_0791,2026-01-22,2644.523329256279,False,,False
V_3259607533,U_0809,2026-01-22,3589.4896811219364,False,,False
V_1340863328,U_0863,2026-01-22,7281.469152861445,False,,False
V_47848292,U_0866,2026-01-22,10448.952196007307,False,,False
V_1889305280,U_0882,2026-01-22,2622.336050472659,False,,False
V_e3d1babf,U_0933,2026-01-22,5890.758620639721,True,G_a3acf3,True
V_c127a946,U_0834,2026-01-22,4237.226664345394,True,G_a3acf3,False
V_05b1993f,U_0622,2026-01-22,7494.801519046602,True,G_a3acf3,False
V_72d2efd4,U_0941,2026-01-22,3029.189543436409,True,G_a3acf3,False
V_9ebef84f,U_0696,2026-01-22,4887.372619940152,True,G_a3acf3,False
V_a6d13558,U_0574,2026-01-22,4805.562655390673,True,G_a3acf3,False
V_795421492,U_0953,2026-01-22,3391.2307905586486,False,,False
V_1494074559,U_0969,2026-01-22,9885.93888909387,False,,False
V_acbf1066,U_0981,2026-01-22,4991.782915843387,True,G_f0e3a5,True
V_bba7356d,U_0308,2026-01-22,5445.8575969808935,True,G_f0e3a5,False
V_489bf790,U_0627,2026-01-22,5930.0214996531095,True,G_f0e3a5,False
V_f7a2133e,U_0624,2026-01-22,5282.806978010931,True,G_f0e3a5,False
V_811b4845,U_0336,2026-01-22,7372.355930044984,True,G_f0e3a5,False
V_9b93fe33,U_0991,2026-01-22,1638.2478441638,True,G_62b40c,True
V_c4c04202,U_0054,2026-01-22,2354.5988804354593,True,G_62b40c,False
V_3a8fa14c,U_0015,2026-01-23,10893.509881955712,True,G_6d8f85,True
V_d0952900,U_0591,2026-01-23,7811.044925269398,True,G_6d8f85,False
V_1fd6b2a0,U_0089,2026-01-23,6456.6662707508185,True,G_f2685e,True
V_1400d78d,U_0591,2026-01-23,8187.471414452741,True,G_f2685e,False
V_826ae92d,U_0826,2026-01-23,8174.442649796272,True,G_f2685e,False
V_8d9789a2,U_0436,2026-01-23,8576.139679492899,True,G_f2685e,False
V_5c5e9f22,U_0097,2026-01-23,13631.75812173253,True,G_ed7ca0,True
V_71d574bf,U_0181,2026-01-23,8981.114327370407,True,G_ed7ca0,False
V_0e32df63,U_0484,2026-01-23,11948.657956942852,True,G_ed7ca0,False
V_2214592181,U_0118,2026-01-23,2628.737160506891,False,,False
V_3373286096,U_0121,2026-01-23,5671.000794117431,False,,False
V_0f60859a,U_0158,2026-01-23,2777.2043990873876,True,G_658289,True
V_761942a6,U_0259,2026-01-23,2775.1865389103414,True,G_658289,False
V_b214c762,U_0357,2026-01-23,4074.209435596921,True,G_658289,False
V_eb1601eb,U_0289,2026-01-23,4196.741346894035,True,G_658289,False
V_944906748,U_0163,2026-01-23,9653.724862399018,False,,False
V_3691974876,U_0169,2026-01-23,4686.623601646761,False,,False
V_bf67e433,U_0183,2026-01-23,11053.357272737063,True,G_826b66,True
V_1607ab16,U_0896,2026-01-23,11796.6023400883,True,G_826b66,False
V_683fca8f,U_0194,2026-01-23,10168.932386153454,True,G_362666,True
V_f0b41ad7,U_0623,2026-01-23,11951.608331026633,True,G_362666,False
V_2d50371f,U_0075,2026-01-23,9386.197661129618,True,G_362666,False
V_010e1346,U_0852,2026-01-23,10687.780850829142,True,G_362666,False
V_a53bd6e8,U_0089,2026-01-23,7036.325025975885,True,G_362666,False
V_f59ccc20,U_0735,2026-01-23,5892.783207959675,True,G_362666,False
V_2692f322,U_0238,2026-01-23,8193.218434589688,True,G_fc41e2,True
V_a6573391,U_0055,2026-01-23,7780.831988609664,True,G_fc41e2,False
V_8e3944b0,U_0735,2026-01-23,5385.741286568443,True,G_fc41e2,False
V_cdc6d388,U_0897,2026-01-23,9673.931642464231,True,G_fc41e2,False
V_33df95d4,U_0097,2026-01-23,12973.08570266173,True,G_fc41e2,False
V_3649194082,U_0245,2026-01-23,2489.559501417071,False,,False
V_cb6f2ade,U_0324,2026-01-23,8976.384628116244,True,G_0e1285,True
V_39edb1a9,U_0691,2026-01-23,5633.505604466489,True,G_0e1285,False
V_969943d6,U_0183,2026-01-23,8172.535725952783,True,G_0e1285,False
V_941f6996,U_0323,2026-01-23,7280.423874345785,True,G_0e1285,False
V_0096cc0a,U_0341,2026-01-23,5837.448464601678,True,G_ebb7df,True
V_6cbba996,U_0550,2026-01-23,3777.500134795548,True,G_ebb7df,False
V_0e29d330,U_0304,2026-01-23,3646.922914972421,True,G_ebb7df,False
V_3b6c655f,U_0392,2026-01-23,8265.71349550227,True,G_55af11,True
V_d04ad429,U_0644,2026-01-23,4632.250554623756,True,G_55af11,False
V_084503f2,U_0235,2026-01-23,6617.4796481596495,True,G_55af11,False
V_b381b605,U_0511,2026-01-23,5810.684144821047,True,G_55af11,False
V_92dc276e,U_0258,2026-01-23,3993.5522166767196,True,G_55af11,False
V_2a86edb8,U_0683,2026-01-23,5825.6392482492865,True,G_55af11,False
V_328a2f75,U_0427,2026-01-23,3104.24701193421,True,G_1ce993,True
V_28ab1ba4,U_0824,2026-01-23,2142.136950043569,True,G_1ce993,False
V_324df063,U_0751,2026-01-23,3076.5670414676592,True,G_1ce993,False
V_dba8085a,U_0648,2026-01-23,3102.2402299020796,True,G_1ce993,False
V_6899481f,U_0645,2026-01-23,3796.31489819008,True,G_1ce993,False
V_924054188,U_0434,2026-01-23,6643.75543441654,False,,False
V_877e3894,U_0534,2026-01-23,3918.6081539172033,True,G_9140df,True
V_79c6eb36,U_0647,2026-01-23,7154.5878358238415,True,G_9140df,False
V_3832feb4,U_0688,2026-01-23,6494.212967225942,True,G_9140df,False
V_3e038667,U_0594,2026-01-23,6056.530760115136,True,G_9140df,False
V_423ef184,U_0668,2026-01-23,5169.603247861293,True,G_9140df,False
V_ac268f10,U_0567,2026-01-23,7139.118132004801,True,G_04858d,True
V_67e0c756,U_0338,2026-01-23,12597.916997585262,True,G_04858d,False
V_c44d7563,U_0163,2026-01-23,9645.189761607988,True,G_04858d,False
V_3bd745e7,U_0262,2026-01-23,10014.824166121949,True,G_04858d,False
V_46b6c172,U_0580,2026-01-23,5704.179084468265,True,G_6a150f,True
V_3a9efc0a,U_0773,2026-01-23,5395.343673894596,True,G_6a150f,False
V_c10cfa50,U_0900,2026-01-23,5245.576672570459,True,G_6a150f,False
V_2338266462,U_0624,2026-01-23,6707.343689945544,False,,False
V_3648681559,U_0630,2026-01-23,2614.3530808981386,False,,False
V_06b177cd,U_0638,2026-01-23,5028.99326385353,True,G_ab135b,True
V_ab388662,U_0689,2026-01-23,6669.462896220504,True,G_ab135b,False
V_8dcc0f60,U_0401,2026-01-23,4950.677253937315,True,G_ab135b,False
V_abe90abe,U_0640,2026-01-23,2751.197249089476,True,G_2d5835,True
V_38de2e75,U_0675,2026-01-23,3913.1128044908733,True,G_2d5835,False
V_2b290d39,U_0172,2026-01-23,4060.9719341721056,True,G_2d5835,False
V_ec8b8896,U_0658,2026-01-23,3749.210495128676,True,G_2d5835,False
V_bd84323f,U_0428,2026-01-23,2814.0954897207043,True,G_2d5835,False
V_245a3a8d,U_0799,2026-01-23,3284.654487208351,True,G_2d5835,False
V_01d98fa3,U_0677,2026-01-23,2029.3031760045385,True,G_2a84d3,True
V_0f3ae573,U_0527,2026-01-23,2766.6608831283183,True,G_2a84d3,False
V_f3288db5,U_0171,2026-01-23,3481.0844048457748,True,G_2a84d3,False
V_5b03a262,U_0814,2026-01-23,3584.316677163743,True,G_2a84d3,False
V_1821111380,U_0678,2026-01-23,6720.189921304019,False,,False
V_e3f7d849,U_0754,2026-01-23,3469.500713500627,True,G_956b11,True
V_d2c32b09,U_0350,2026-01-23,2930.9128082765787,True,G_956b11,False
V_d4562290,U_0940,2026-01-23,2201.656901712211,True,G_956b11,False
V_3485032800,U_0760,2026-01-23,4670.483303723316,False,,False
V_2f27d63d,U_0772,2026-01-23,6196.47751573745,True,G_b224d0,True
V_758552d3,U_0672,2026-01-23,3772.6477779203888,True,G_b224d0,False
V_fd9eca1a,U_0604,2026-01-23,7368.221168165281,True,G_b224d0,False
V_1477203910,U_0828,2026-01-23,4758.0962385102985,False,,False
V_3257709672,U_0868,2026-01-23,5060.113291534284,False,,False
V_175360056,U_0873,2026-01-23,6460.497189019322,False,,False
V_5e92ae05,U_0891,2026-01-23,3268.72526132011,True,G_92f36a,True
V_4d25ba4a,U_0204,2026-01-23,4909.333811390988,True,G_92f36a,False
V_63779d46,U_0788,2026-01-23,4200.3878858003145,True,G_92f36a,False
V_dbedad5d,U_0281,2026-01-23,6621.313169851408,True,G_92f36a,False
V_d8b6de24,U_0960,2026-01-23,2843.0514361418186,True,G_eaa724,True
V_4271dd7e,U_0139,2026-01-23,3933.2972110240216,True,G_eaa724,False
V_e85f5e80,U_0935,2026-01-23,3820.818123335642,True,G_eaa724,False
V_1263455629,U_0024,2026-01-24,11885.596729383278,False,,False
V_3b0dc327,U_0101,2026-01-24,4069.454218282627,True,G_6a96d5,True
V_789587e0,U_0243,2026-01-24,4370.438161282865,True,G_6a96d5,False
V_845fb41b,U_0807,2026-01-24,5067.689189182141,True,G_6a96d5,False
V_3194674326,U_0137,2026-01-24,6107.751756857097,False,,False
V_4138277085,U_0160,2026-01-24,11746.208836277952,False,,False
V_208252665,U_0173,2026-01-24,5088.4618359596325,False,,False
V_2859114364,U_0181,2026-01-24,10712.41327012607,False,,False
V_4b6ddb9d,U_0202,2026-01-24,2888.259053129563,True,G_c60cd0,True
V_44a3875a,U_0162,2026-01-24,2036.0626096642047,True,G_c60cd0,False
V_17e5e081,U_0333,2026-01-24,3776.7411477303417,True,G_c60cd0,False
V_f8577ec7,U_0504,2026-01-24,2540.3443587339707,True,G_c60cd0,False
V_ecb72799,U_0698,2026-01-24,2653.1239219152726,True,G_c60cd0,False
V_8bdecb9b,U_0751,2026-01-24,2338.767783516031,True,G_c60cd0,False
V_989576780,U_0265,2026-01-24,6448.351481463883,False,,False
V_1448796207,U_0294,2026-01-24,2817.332347851933,False,,False
V_1096763051,U_0306,2026-01-24,7275.652343752947,False,,False
V_eb024ae6,U_0326,2026-01-24,6634.753563054285,True,G_727564,True
V_ed6be21a,U_0146,2026-01-24,5223.534439678672,True,G_727564,False
V_9a6c3460,U_0375,2026-01-24,3279.2364389243694,True,G_727564,False
V_703f3f17,U_0349,2026-01-24,3247.5846616190624,True,G_727564,False
V_9ed83c6d,U_0344,2026-01-24,2339.452024095693,True,G_19f0f0,True
V_7ee9c56d,U_0138,2026-01-24,3081.140193117986,True,G_19f0f0,False
V_8a4d09fd,U_0856,2026-01-24,2381.010477700167,True,G_19f0f0,False
V_106aa266,U_0072,2026-01-24,1974.2778957626392,True,G_19f0f0,False
V_cafc0e74,U_0061,2026-01-24,2812.8999719343165,True,G_19f0f0,False
V_98d35348,U_0620,2026-01-24,2942.2247018245225,True,G_19f0f0,False
V_326483345,U_0423,2026-01-24,3327.2944720882674,False,,False
V_3316771523,U_0481,2026-01-24,3423.4606138194667,False,,False
V_3864217482,U_0485,2026-01-24,3223.4242880979955,False,,False
V_4213499185,U_0523,2026-01-24,3364.6149943036075,False,,False
V_3507362216,U_0537,2026-01-24,4359.550139338301,False,,False
V_4039403770,U_0550,2026-01-24,5330.983626606927,False,,False
V_0db37b56,U_0552,2026-01-24,4378.637718554916,True,G_76a601,True
V_5ee09afc,U_0012,2026-01-24,4450.995991805561,True,G_76a601,False
V_01012f1c,U_0782,2026-01-24,3834.005712374323,True,G_76a601,False
V_2532172158,U_0574,2026-01-24,4494.701442744412,False,,False
V_2054670167,U_0681,2026-01-24,11072.044751405801,False,,False
V_2277919198,U_0682,2026-01-24,7498.720097986206,False,,False
V_8db62cfa,U_0774,2026-01-24,3699.002211476965,True,G_2f41bb,True
V_570eb12b,U_0825,2026-01-24,2424.0959765594303,True,G_2f41bb,False
V_8cc36658,U_0446,2026-01-24,4005.361984404378,True,G_2f41bb,False
V_f3c72bb2,U_0342,2026-01-24,1956.626421902026,True,G_2f41bb,False
V_4c8c7212,U_0593,2026-01-24,3266.183881936997,True,G_2f41bb,False
V_358028589,U_0822,2026-01-24,3484.8133279708577,False,,False
V_d19a9a79,U_0850,2026-01-24,2474.8210779114793,True,G_e41b38,True
V_ec55ccf6,U_0189,2026-01-24,2389.031617210629,True,G_e41b38,False
V_0573f4b3,U_0853,2026-01-24,4006.1768918706252,True,G_e41b38,False
V_30dfd4ae,U_0577,2026-01-24,3591.033460348524,True,G_e41b38,False
V_4211318099,U_0861,2026-01-24,4233.900603411289,False,,False
V_2992056383,U_0863,2026-01-24,9376.429830085024,False,,False
V_3e55b5c9,U_0898,2026-01-24,3219.8620332610935,True,G_558731,True
V_37172e27,U_0051,2026-01-24,2289.8137135826823,True,G_558731,False
V_88dea3b5,U_0191,2026-01-24,2360.3984998292613,True,G_558731,False
V_31031ed3,U_0929,2026-01-24,7905.591502313824,True,G_de6e81,True
V_4dd1fa7e,U_0094,2026-01-24,4079.471078668029,True,G_de6e81,False
V_8eb41801,U_0841,2026-01-24,6198.273127567879,True,G_de6e81,False
V_3670795998,U_0054,2026-01-25,2768.4268727549074,False,,False
V_26327936,U_0055,2026-01-25,10079.347106200445,False,,False
V_5e663a56,U_0071,2026-01-25,3364.1975962609704,True,G_99fbf2,True
V_0e444dbf,U_0610,2026-01-25,2029.2396507848684,True,G_99fbf2,False
V_c3d0478d,U_0132,2026-01-25,2613.035141044476,True,G_99fbf2,False
V_8b621833,U_0443,2026-01-25,3995.3328014528884,True,G_99fbf2,False
V_3e174aa9,U_0968,2026-01-25,2900.421882776957,True,G_99fbf2,False
V_3825ffbc,U_0479,2026-01-25,1916.6923786592802,True,G_99fbf2,False
V_3671acaa,U_0097,2026-01-25,10216.960139498151,True,G_a38988,True
V_5dfd58cd,U_0691,2026-01-25,5598.853700710965,True,G_a38988,False
V_c48093f5,U_0221,2026-01-25,7965.499287182982,True,G_a38988,False
V_443c9d8f,U_0160,2026-01-25,9388.286090104617,True,G_c93a04,True
V_5699ceee,U_0693,2026-01-25,7116.224696266163,True,G_c93a04,False
V_6927764c,U_0161,2026-01-25,5929.979975855141,True,G_ef8c91,True
V_c206d389,U_0211,2026-01-25,4680.604633485716,True,G_ef8c91,False
V_2465063548,U_0168,2026-01-25,9641.535733224313,False,,False
V_4134529870,U_0170,2026-01-25,3320.530486434955,False,,False
V_8350672,U_0181,2026-01-25,8290.379211823647,False,,False
V_3552963236,U_0265,2026-01-25,5980.661626806589,False,,False
V_72523039,U_0312,2026-01-25,5842.35922826304,True,G_297e1b,True
V_2907df8a,U_0009,2026-01-25,6824.962570768842,True,G_297e1b,False
V_c21b36d9,U_0453,2026-01-25,4188.843250910181,True,G_297e1b,False
V_407069941,U_0321,2026-01-25,7853.474451322993,False,,False
V_a807021c,U_0340,2026-01-25,3445.093519450124,True,G_71c2c0,True
V_9b741d94,U_0814,2026-01-25,3491.8937155658223,True,G_71c2c0,False
V_55aeaeea,U_0028,2026-01-25,4120.470770543126,True,G_71c2c0,False
V_863f9903,U_0399,2026-01-25,3197.0110202610954,True,G_71c2c0,False
V_ead98757,U_0417,2026-01-25,2546.0542022650343,True,G_71c2c0,False
V_520601497,U_0369,2026-01-25,4723.062755724442,False,,False
V_6d43de30,U_0387,2026-01-25,9461.291193506937,True,G_f673ed,True
V_6bd7044c,U_0974,2026-01-25,13425.667161785339,True,G_f673ed,False
V_17afb671,U_0646,2026-01-25,8647.125879605355,True,G_f673ed,False
V_51834d49,U_0400,2026-01-25,8413.926387495016,True,G_11adca,True
V_eca820e5,U_0851,2026-01-25,6824.957154342041,True,G_11adca,False
V_418dabab,U_0403,2026-01-25,5254.773888253377,True,G_c8acdb,True
V_dec37232,U_0392,2026-01-25,6085.7065496394625,True,G_c8acdb,False
V_3752898240,U_0493,2026-01-25,6361.126049250334,False,,False
V_8231b7aa,U_0510,2026-01-25,3367.3738775372726,True,G_542135,True
V_e41e5751,U_0032,2026-01-25,3948.7240489733013,True,G_542135,False
V_c131bbdd,U_0582,2026-01-25,6004.586783312713,True,G_8362ea,True
V_48ff330a,U_0565,2026-01-25,8174.953328464265,True,G_8362ea,False
V_22ec76f3,U_0875,2026-01-25,7068.187639523271,True,G_8362ea,False
V_709245307,U_0637,2026-01-25,5594.8484084699485,False,,False
V_d86ee207,U_0654,2026-01-25,3280.5260912866383,True,G_84b8ea,True
V_e753ea45,U_0912,2026-01-25,5177.482479340892,True,G_84b8ea,False
V_5c249b04,U_0904,2026-01-25,6284.780694757601,True,G_84b8ea,False
V_4c3ebd89,U_0299,2026-01-25,6346.551069622624,True,G_84b8ea,False
V_ab671c41,U_0101,2026-01-25,3760.805366311703,True,G_84b8ea,False
V_1afae4cd,U_0899,2026-01-25,5295.562610893452,True,G_84b8ea,False
V_2027520221,U_0678,2026-01-25,5762.974256052875,False,,False
V_de87ef08,U_0693,2026-01-25,7643.445444276048,True,G_5e1413,True
V_1f854ff5,U_0457,2026-01-25,9701.859411206267,True,G_5e1413,False
V_55d419df,U_0726,2026-01-25,2952.2060080212786,True,G_12c9c8,True
V_a370a764,U_0519,2026-01-25,2641.1835828571507,True,G_12c9c8,False
V_1197177669,U_0794,2026-01-25,7873.153435695146,False,,False
V_3109458061,U_0850,2026-01-25,3416.566247072426,False,,False
V_76ccc1d3,U_0881,2026-01-25,3877.2663064911453,True,G_b30597,True
V_cfec796a,U_0143,2026-01-25,3646.7042765593687,True,G_b30597,False
V_331b48ad,U_0453,2026-01-25,3824.9331754317836,True,G_b30597,False
V_7126c94f,U_0376,2026-01-25,3871.6604793845963,True,G_b30597,False
V_14c46c38,U_0392,2026-01-25,7537.253105671779,True,G_b30597,False
V_4071952297,U_0940,2026-01-25,2528.831497137776,False,,False
V_c24c9e23,U_0952,2026-01-25,3213.083704636866,True,G_1dc1f6,True
V_6c4e4652,U_0398,2026-01-25,2978.448778441825,True,G_1dc1f6,False
V_a9e471c8,U_0150,2026-01-25,3478.062325016071,True,G_1dc1f6,False
V_b73a37ba,U_0177,2026-01-25,3808.6277537906576,True,G_1dc1f6,False
V_e0392bf7,U_0686,2026-01-25,4149.259973461701,True,G_1dc1f6,False
V_07f651b4,U_0530,2026-01-25,2227.5579027419603,True,G_1dc1f6,False
V_3987128110,U_0962,2026-01-25,2125.256217025857,False,,False
V_45994a5d,U_0016,2026-01-26,4080.615285872103,True,G_93bd31,True
V_1d392262,U_0868,2026-01-26,6672.670798209355,True,G_93bd31,False
V_eb002e93,U_0534,2026-01-26,4606.5045612778495,True,G_93bd31,False
V_5d3a0321,U_0574,2026-01-26,5069.1310485816375,True,G_93bd31,False
V_a23bdd5b,U_0847,2026-01-26,5063.6206854419,True,G_93bd31,False
V_eb3420a9,U_0812,2026-01-26,4999.893276904363,True,G_93bd31,False
V_2836433921,U_0094,2026-01-26,4514.450169829737,False,,False
V_60ef3eb1,U_0110,2026-01-26,6668.313530279898,True,G_74e9c9,True
V_d5e642df,U_0678,2026-01-26,6304.4095452494275,True,G_74e9c9,False
V_83cf64b8,U_0332,2026-01-26,6387.17849218049,True,G_74e9c9,False
V_e634bc92,U_0375,2026-01-26,3660.469367697142,True,G_74e9c9,False
V_27aad20c,U_0994,2026-01-26,6962.34227452416,True,G_74e9c9,False
V_28e274fd,U_0130,2026-01-26,8761.703664678136,True,G_766984,True
V_2dd00504,U_0974,2026-01-26,13540.159118155481,True,G_766984,False
V_2874512639,U_0144,2026-01-26,2936.912324307547,False,,False
V_67400461,U_0228,2026-01-26,3075.6601089909173,True,G_c76174,True
V_ff2d363c,U_0339,2026-01-26,3433.53426559599,True,G_c76174,False
V_104df25a,U_0675,2026-01-26,3046.2378063215806,True,G_c76174,False
V_8c06c4ce,U_0435,2026-01-26,2437.5474721081255,True,G_c76174,False
V_3876032688,U_0246,2026-01-26,7852.982928528994,False,,False
V_2751208442,U_0310,2026-01-26,3062.7354306748343,False,,False
V_1ab905ba,U_0321,2026-01-26,6241.205967256942,True,G_cbba29,True
V_5d62779e,U_0536,2026-01-26,5741.671222907006,True,G_cbba29,False
V_5d666abc,U_0137,2026-01-26,6125.134657806596,True,G_cbba29,False
V_d252117c,U_0392,2026-01-26,7711.7279713420685,True,G_822959,True
V_60b387c1,U_0278,2026-01-26,3687.934713798504,True,G_822959,False
V_2c852bae,U_0553,2026-01-26,3886.455044098845,True,G_822959,False
V_040709e1,U_0708,2026-01-26,5023.182508327593,True,G_822959,False
V_b5b923fc,U_0260,2026-01-26,5402.836104234891,True,G_822959,False
V_21ecb2ba,U_0916,2026-01-26,6539.165044340158,True,G_822959,False
V_cf20cbe3,U_0482,2026-01-26,3131.785966561859,True,G_74f3f7,True
V_8cb3c5fc,U_0177,2026-01-26,3817.722851397986,True,G_74f3f7,False
V_816b72c0,U_0620,2026-01-26,2792.5488131229667,True,G_74f3f7,False
V_7a01252b,U_0266,2026-01-26,3508.8068093153943,True,G_74f3f7,False
V_098c0c0d,U_0374,2026-01-26,2921.727669464748,True,G_74f3f7,False
V_77773c58,U_0129,2026-01-26,1868.3980896099579,True,G_74f3f7,False
V_341662451,U_0483,2026-01-26,1844.9524630376873,False,,False
V_633e7a2f,U_0484,2026-01-26,10131.123486248041,True,G_5cb9c2,True
V_92515595,U_0802,2026-01-26,9021.539956239856,True,G_5cb9c2,False
V_dec3721e,U_0614,2026-01-26,8864.135731431721,True,G_5cb9c2,False
V_872de396,U_0681,2026-01-26,12333.746096751505,True,G_5cb9c2,False
V_e34ab7dc,U_0262,2026-01-26,9607.534398262906,True,G_5cb9c2,False
V_1201cda2,U_0050,2026-01-26,11815.76857117134,True,G_5cb9c2,False
V_243e4737,U_0491,2026-01-26,6303.317638183581,True,G_b243f8,True
V_bd271ef4,U_0114,2026-01-26,6490.580480486173,True,G_b243f8,False
V_5d7973a5,U_0771,2026-01-26,5738.098167272575,True,G_b243f8,False
V_bba8d352,U_0625,2026-01-26,4706.764240159254,True,G_b243f8,False
V_373c9f2e,U_0574,2026-01-26,4377.083945697691,True,G_b243f8,False
V_ff8fa248,U_0325,2026-01-26,7333.056960293339,True,G_b243f8,False
V_2820886306,U_0510,2026-01-26,4975.753599218192,False,,False
V_4007599630,U_0512,2026-01-26,2215.125307264298,False,,False
V_d9a2b835,U_0520,2026-01-26,1971.8518511988252,True,G_802a49,True
V_b175cbd9,U_0371,2026-01-26,3121.514175025992,True,G_802a49,False
V_7cc85311,U_0315,2026-01-26,2074.851198444455,True,G_802a49,False
V_bd30453c,U_0454,2026-01-26,4138.542450419014,True,G_802a49,False
V_218329a2,U_0134,2026-01-26,3334.175754902064,True,G_802a49,False
V_f45b20fe,U_0959,2026-01-26,2466.1034132695418,True,G_802a49,False
V_358377320,U_0534,2026-01-26,4695.315142093001,False,,False
V_359357182,U_0553,2026-01-26,3761.8765618918687,False,,False
V_701886039,U_0592,2026-01-26,2406.4209099559466,False,,False
V_4caacc47,U_0603,2026-01-26,1923.4712049451236,True,G_2f91c0,True
V_42a2f013,U_0115,2026-01-26,2945.6901359068916,True,G_2f91c0,False
V_1a7c6636,U_0342,2026-01-26,2786.0822984746474,True,G_2f91c0,False
V_53a9afc2,U_0607,2026-01-26,4354.630874278439,True,G_1ade56,True
V_443cf73a,U_0070,2026-01-26,5649.052747358958,True,G_1ade56,False
V_f4ea363a,U_0668,2026-01-26,6487.562941537941,True,G_1ade56,False
V_d7b4c71d,U_0522,2026-01-26,5797.090946785561,True,G_1ade56,False
V_2332273518,U_0628,2026-01-26,12566.220291122394,False,,False
V_1094942065,U_0693,2026-01-26,5337.684984172534,False,,False
V_c2029669,U_0725,2026-01-26,6241.911071129024,True,G_ec4796,True
V_7b56b266,U_0087,2026-01-26,6229.0922265623585,True,G_ec4796,False
V_94dc8caa,U_0151,2026-01-26,5801.325805536243,True,G_ec4796,False
V_602644194,U_0815,2026-01-26,4836.236295857303,False,,False
V_2555217509,U_0834,2026-01-26,4151.437308277648,False,,False
V_eb10c53b,U_0847,2026-01-26,4834.174731826246,True,G_91bb4e,True
V_20eeb462,U_0723,2026-01-26,5358.9013076826695,True,G_91bb4e,False
V_1d63d68f,U_0121,2026-01-26,4300.437529474189,True,G_91bb4e,False
V_21febdb8,U_0580,2026-01-26,4616.731038754865,True,G_91bb4e,False
V_518e15d7,U_0851,2026-01-26,5210.3649836251625,True,G_ecc1f1,True
V_f4579260,U_0262,2026-01-26,12532.615784176953,True,G_ecc1f1,False
V_1696638788,U_0866,2026-01-26,12733.89753893558,False,,False
V_5435132a,U_0904,2026-01-26,5848.252968490963,True,G_d9a680,True
V_c2c31056,U_0929,2026-01-26,6676.640979098236,True,G_d9a680,False
V_52317493,U_0773,2026-01-26,4920.130216274968,True,G_d9a680,False
V_609ad7b6,U_0992,2026-01-26,4134.364320983352,True,G_d9a680,False
V_aa7e0cdd,U_0868,2026-01-26,5195.804451079195,True,G_d9a680,False
V_10a115c9,U_0910,2026-01-26,5710.583840874026,True,G_81e18a,True
V_aabdbf59,U_0915,2026-01-26,6702.403357627287,True,G_81e18a,False
V_681e6489,U_0087,2026-01-26,7605.444355430764,True,G_81e18a,False
V_3670502144,U_0937,2026-01-26,8999.79920636843,False,,False
V_ffe80017,U_0001,2026-01-27,6047.436058067943,True,G_2ae0c1,True
V_2b75c98f,U_0425,2026-01-27,4489.574906122494,True,G_2ae0c1,False
V_03d4a164,U_0135,2026-01-27,4250.34985697993,True,G_2ae0c1,False
V_a7336d10,U_0574,2026-01-27,4872.388577779102,True,G_2ae0c1,False
V_ca05c040,U_0916,2026-01-27,5208.168012221647,True,G_2ae0c1,False
V_61266c34,U_0125,2026-01-27,5537.075262591272,True,G_2ae0c1,False
V_94e8bd6a,U_0015,2026-01-27,8237.4839766716,True,G_aaa6a3,True
V_2479e8c4,U_0221,2026-01-27,8018.223295405598,True,G_aaa6a3,False
V_57ee2e2b,U_0024,2026-01-27,9821.787028762748,True,G_aaa6a3,False
V_cda39ee5,U_0567,2026-01-27,8010.235867289057,True,G_aaa6a3,False
V_8dcb9701,U_0033,2026-01-27,3483.4555201785097,True,G_12fbe2,True
V_79987fbc,U_0095,2026-01-27,3825.1695253427165,True,G_12fbe2,False
V_62b08482,U_0827,2026-01-27,6051.371385019906,True,G_12fbe2,False
V_2233475403,U_0089,2026-01-27,6158.021147746051,False,,False
V_34bbffa2,U_0094,2026-01-27,4267.278322971659,True,G_5b26e0,True
V_45eb30a7,U_0016,2026-01-27,5160.40986862515,True,G_5b26e0,False
V_25b9b61e,U_0647,2026-01-27,6622.561737306901,True,G_5b26e0,False
V_51c1c2b3,U_0729,2026-01-27,4209.56803531745,True,G_5b26e0,False
V_91f4f192,U_0469,2026-01-27,4406.87165106771,True,G_5b26e0,False
V_5f42fbf0,U_0181,2026-01-27,9878.874531187628,True,G_38adac,True
V_d709dd42,U_0897,2026-01-27,10112.883550758494,True,G_38adac,False
V_273044b6,U_0024,2026-01-27,9614.693015266095,True,G_38adac,False
V_29ab8687,U_0088,2026-01-27,12461.975508035226,True,G_38adac,False
V_80b9553b,U_0896,2026-01-27,9480.081785166223,True,G_38adac,False
V_af9cea99,U_0456,2026-01-27,12201.706355434453,True,G_38adac,False
V_1591267475,U_0231,2026-01-27,4666.850801282946,False,,False
V_875312174,U_0285,2026-01-27,5909.679658965241,False,,False
V_746365516,U_0297,2026-01-27,2998.6638191367033,False,,False
V_3680561711,U_0337,2026-01-27,3122.233517521941,False,,False
V_1408775627,U_0419,2026-01-27,2635.265041206183,False,,False
V_2ffab141,U_0488,2026-01-27,5868.179533068764,True,G_07b1d6,True
V_f49d34d5,U_0537,2026-01-27,5783.728862580297,True,G_07b1d6,False
V_d388c539,U_0358,2026-01-27,6047.333965142038,True,G_07b1d6,False
V_971e0392,U_0683,2026-01-27,4350.215038689102,True,G_07b1d6,False
V_d2f9f5d4,U_0065,2026-01-27,4102.82446787788,True,G_07b1d6,False
V_08861108,U_0864,2026-01-27,4799.855961001406,True,G_07b1d6,False
V_960119303,U_0503,2026-01-27,9837.232155667463,False,,False
V_3681282312,U_0512,2026-01-27,1889.3139950019304,False,,False
V_22673e3d,U_0518,2026-01-27,7639.490438794907,True,G_53fe2a,True
V_c5aea59f,U_0303,2026-01-27,10766.376687295657,True,G_53fe2a,False
V_ba93b3a7,U_0802,2026-01-27,9954.018650233784,True,G_53fe2a,False
V_04cb8672,U_0373,2026-01-27,13033.467815295615,True,G_53fe2a,False
V_b22eccd6,U_0097,2026-01-27,10694.007638660378,True,G_53fe2a,False
V_f2174ca1,U_0553,2026-01-27,4450.918393038287,True,G_6c734a,True
V_342a9496,U_0087,2026-01-27,6261.792920235829,True,G_6c734a,False
V_489e086b,U_0065,2026-01-27,4680.275426712009,True,G_6c734a,False
V_bbf2932b,U_0748,2026-01-27,7277.3612248161935,True,G_6c734a,False
V_eb6e6d29,U_0321,2026-01-27,5956.385965244324,True,G_6c734a,False
V_a04b1d05,U_0845,2026-01-27,4206.044041150428,True,G_6c734a,False
V_449401808,U_0560,2026-01-27,8340.197723438116,False,,False
V_c2fe7741,U_0583,2026-01-27,3314.5967298896217,True,G_7bd35f,True
V_0b80c65b,U_0482,2026-01-27,3824.472006666727,True,G_7bd35f,False
V_c105246f,U_0115,2026-01-27,2634.6144701717767,True,G_7bd35f,False
V_ff22c36b,U_0318,2026-01-27,2800.5032351739064,True,G_7bd35f,False
V_227563f8,U_0538,2026-01-27,2088.1264399657675,True,G_7bd35f,False
V_5fb6d05e,U_0987,2026-01-27,2684.469629272134,True,G_7bd35f,False
V_3570796724,U_0590,2026-01-27,5084.157528356552,False,,False
V_eccc1bbe,U_0622,2026-01-27,5817.867479439896,True,G_ae73e7,True
V_b6294a33,U_0904,2026-01-27,5440.360500748928,True,G_ae73e7,False
V_076dd0a9,U_0114,2026-01-27,6529.720646369949,True,G_ae73e7,False
V_445fc3d3,U_0891,2026-01-27,3300.373245978629,True,G_ae73e7,False
V_36cc1121,U_0636,2026-01-27,11362.847271821613,True,G_a8651d,True
V_11f74dea,U_0718,2026-01-27,7403.842797922804,True,G_a8651d,False
V_f0b1d35a,U_0623,2026-01-27,10563.852509817016,True,G_a8651d,False
V_2275750405,U_0642,2026-01-27,3608.30534382447,False,,False
V_868758563,U_0698,2026-01-27,2332.480485131616,False,,False
V_1374553946,U_0704,2026-01-27,8457.178461762216,False,,False
V_1479799026,U_0755,2026-01-27,12025.418498041276,False,,False
V_4290051795,U_0776,2026-01-27,3029.1864923411404,False,,False
V_1491025398,U_0793,2026-01-27,4202.375480118008,False,,False
V_680809741,U_0794,2026-01-27,7659.416667251436,False,,False
V_2489242607,U_0799,2026-01-27,4422.360191254207,False,,False
V_3010766621,U_0846,2026-01-27,6497.633263146503,False,,False
V_420568895,U_0863,2026-01-27,8116.180962291916,False,,False
V_1948690260,U_0873,2026-01-27,6769.455625544359,False,,False
V_6060fd7a,U_0881,2026-01-27,5229.348592662088,True,G_51c578,True
V_f32ab1ca,U_0114,2026-01-27,6354.9487990564485,True,G_51c578,False
V_c146d923,U_0066,2026-01-27,4924.833664856702,True,G_51c578,False
V_9833443e,U_0637,2026-01-27,6465.454912683104,True,G_51c578,False
V_9bbed82d,U_0689,2026-01-27,4851.0184139988705,True,G_51c578,False
V_e5b4d6b2,U_0896,2026-01-27,12047.748205277669,True,G_4b1c32,True
V_adf342b0,U_0727,2026-01-27,8764.695824463479,True,G_4b1c32,False
V_cd102776,U_0429,2026-01-27,8952.810978680825,True,G_4b1c32,False
V_39534033,U_0456,2026-01-27,10612.003065481458,True,G_4b1c32,False
V_fedec0ad,U_0655,2026-01-27,7677.535595662055,True,G_4b1c32,False
V_e3e27d2e,U_0905,2026-01-27,3986.8772658861353,True,G_0b3b91,True
V_d470f68b,U_0029,2026-01-27,3367.9542870922082,True,G_0b3b91,False
V_1909141208,U_0912,2026-01-27,4068.3106335993575,False,,False
V_2180319957,U_0931,2026-01-27,4523.3022547644805,False,,False
V_64c6b765,U_0948,2026-01-27,7506.030307227347,True,G_321e4a,True
V_ab64da44,U_0787,2026-01-27,5903.349292445063,True,G_321e4a,False
V_57df2a74,U_0981,2026-01-27,5606.787226009967,True,G_fe837a,True
V_beb45993,U_0846,2026-01-27,6341.586822158521,True,G_fe837a,False
V_58cbf04a,U_0038,2026-01-28,2257.0370284576015,True,G_6b2959,True
V_653eccb5,U_0343,2026-01-28,1862.7529989114755,True,G_6b2959,False
V_77702e9c,U_0050,2026-01-28,11934.91740488079,True,G_7f0fcd,True
V_3150935c,U_0681,2026-01-28,10525.319244346112,True,G_7f0fcd,False
V_d8ea446d,U_0628,2026-01-28,11985.350592064517,True,G_7f0fcd,False
V_2f5c4571,U_0548,2026-01-28,10164.74924857043,True,G_7f0fcd,False
V_1425128809,U_0154,2026-01-28,5816.126927036879,False,,False
V_110951925,U_0178,2026-01-28,9458.146837647371,False,,False
V_1167065430,U_0205,2026-01-28,4742.666008819347,False,,False
V_4161785997,U_0211,2026-01-28,5362.305955927468,False,,False
V_2042101886,U_0266,2026-01-28,2991.1116704116303,False,,False
V_62cc5740,U_0268,2026-01-28,4876.343288325701,True,G_6d1e60,True
V_7b3e4c14,U_0590,2026-01-28,4979.90387929648,True,G_6d1e60,False
V_0a334091,U_0627,2026-01-28,6154.196768483292,True,G_6d1e60,False
V_461706307,U_0324,2026-01-28,7666.250611621091,False,,False
V_4255014026,U_0331,2026-01-28,4763.134775378146,False,,False
V_4a9b141e,U_0342,2026-01-28,2631.3959517643857,True,G_64c59f,True
V_09ce7d40,U_0477,2026-01-28,2904.835590044738,True,G_64c59f,False
V_ec970153,U_0275,2026-01-28,2777.7963207448565,True,G_64c59f,False
V_2858705102,U_0371,2026-01-28,2698.664007341592,False,,False
V_3e3c014e,U_0400,2026-01-28,8761.11971835506,True,G_2bd41c,True
V_f38395b4,U_0969,2026-01-28,12259.489314573866,True,G_2bd41c,False
V_0647fa21,U_0636,2026-01-28,9120.276746188092,True,G_2bd41c,False
V_88f18329,U_0896,2026-01-28,9874.551964394488,True,G_2bd41c,False
V_10835f24,U_0518,2026-01-28,7013.943214465906,True,G_2bd41c,False
V_a8d9b9c9,U_0097,2026-01-28,13605.47444303568,True,G_2bd41c,False
V_7e0af823,U_0432,2026-01-28,3545.4642823446206,True,G_d4579e,True
V_b46ff528,U_0294,2026-01-28,2824.4167016527194,True,G_d4579e,False
V_20a319da,U_0453,2026-01-28,4268.354982608532,True,G_c06069,True
V_819c9a7c,U_0534,2026-01-28,5070.563402614444,True,G_c06069,False
V_290e81b1,U_0458,2026-01-28,10551.398560455287,True,G_575d89,True
V_69920a78,U_0265,2026-01-28,7364.99057747925,True,G_575d89,False
V_2094379,U_0510,2026-01-28,3733.883978760654,False,,False
V_638dddd0,U_0536,2026-01-28,5722.701489905024,True,G_020437,True
V_412709e6,U_0532,2026-01-28,5742.398812083946,True,G_020437,False
V_4b0de48f,U_0291,2026-01-28,4436.522101035458,True,G_020437,False
V_f5e186d4,U_0204,2026-01-28,6662.078273312536,True,G_020437,False
V_2fbc920a,U_0198,2026-01-28,5328.226763777355,True,G_020437,False
V_029ba654,U_0349,2026-01-28,4538.579191993147,True,G_020437,False
V_b3f84965,U_0550,2026-01-28,3956.1594470365385,True,G_5ac2a4,True
V_36d2925a,U_0305,2026-01-28,5264.2096623854295,True,G_5ac2a4,False
V_044540a1,U_0933,2026-01-28,5967.486105833343,True,G_5ac2a4,False
V_3ea32135,U_0385,2026-01-28,4299.573564961252,True,G_5ac2a4,False
V_f1743a16,U_0510,2026-01-28,3560.9983642726384,True,G_5ac2a4,False
V_23a60fed,U_0066,2026-01-28,5954.654666704525,True,G_5ac2a4,False
V_eff38939,U_0633,2026-01-28,2573.83180152702,True,G_eaa3e0,True
V_3c1b275c,U_0423,2026-01-28,3351.0004675836517,True,G_eaa3e0,False
V_a791d9f0,U_0819,2026-01-28,2823.43188786401,True,G_eaa3e0,False
V_88be247f,U_0978,2026-01-28,2591.9650099082755,True,G_eaa3e0,False
V_f8df35e6,U_0718,2026-01-28,9714.309278317107,True,G_c0b192,True
V_02b066eb,U_0457,2026-01-28,8669.55373584539,True,G_c0b192,False
V_63b0bfcb,U_0826,2026-01-28,8543.633392812884,True,G_c0b192,False
V_89cdd420,U_0913,2026-01-28,7691.000270143805,True,G_c0b192,False
V_9cd8c488,U_0434,2026-01-28,6632.8963690096925,True,G_c0b192,False
V_349f63f4,U_0982,2026-01-28,7582.666402362776,True,G_c0b192,False
V_9820a75c,U_0748,2026-01-28,6849.613118578524,True,G_86bf1b,True
V_e59878cd,U_0277,2026-01-28,5291.009118923694,True,G_86bf1b,False
V_6032542c,U_0827,2026-01-28,5296.993462310196,True,G_86bf1b,False
V_f778dcf2,U_0672,2026-01-28,3458.1543187876073,True,G_86bf1b,False
V_6721184,U_0760,2026-01-28,4556.894808033625,False,,False
V_322175017,U_0811,2026-01-28,6635.163197468159,False,,False
V_862650576,U_0894,2026-01-28,2157.527683631879,False,,False
V_8cc38836,U_0937,2026-01-28,9059.147791438463,True,G_c0c69c,True
V_06550341,U_0802,2026-01-28,9795.503264218129,True,G_c0c69c,False
V_b3c1fd42,U_0560,2026-01-28,11219.850769755605,True,G_c0c69c,False
V_d289fbc6,U_0974,2026-01-28,13888.02579317926,True,G_c0c69c,False
V_05fc0539,U_0794,2026-01-28,6144.033311516413,True,G_c0c69c,False
V_8d471fbd,U_0163,2026-01-28,11618.645475269213,True,G_c0c69c,False
V_a664f944,U_0947,2026-01-28,6859.70751399172,True,G_5b8903,True
V_0eb19696,U_0884,2026-01-28,3912.777297566978,True,G_5b8903,False
V_1c2ded08,U_0872,2026-01-28,5942.6434863751165,True,G_5b8903,False
V_2330a1bd,U_0473,2026-01-28,5168.600276707397,True,G_5b8903,False
V_89216f72,U_0111,2026-01-28,4976.193992492563,True,G_5b8903,False
V_3420928747,U_0951,2026-01-28,10127.57222046949,False,,False
V_3297584712,U_0967,2026-01-28,2718.1210375531678,False,,False
V_467603068,U_0012,2026-01-29,3839.400209019801,False,,False
V_16771220,U_0060,2026-01-29,2744.0526031750283,False,,False
V_4b9ef381,U_0135,2026-01-29,3459.66228308486,True,G_df0ec1,True
V_4d871740,U_0012,2026-01-29,4454.346319377787,True,G_df0ec1,False
V_3b12a6fe,U_0529,2026-01-29,4909.47791107426,True,G_df0ec1,False
V_3ef8d385,U_0473,2026-01-29,4028.624239977698,True,G_df0ec1,False
V_6b18c462,U_0590,2026-01-29,6408.5167017166505,True,G_df0ec1,False
V_8442b82e,U_0173,2026-01-29,5174.010241688086,True,G_df0ec1,False
V_8aef5b18,U_0160,2026-01-29,10569.116918404143,True,G_b14090,True
V_506c6d2f,U_0693,2026-01-29,7667.882704907667,True,G_b14090,False
V_660339a2,U_0265,2026-01-29,6550.4910854281325,True,G_b14090,False
V_2445480374,U_0181,2026-01-29,12023.443660917075,False,,False
V_237291704,U_0185,2026-01-29,5000.813304389476,False,,False
V_993523965,U_0198,2026-01-29,4843.280251260551,False,,False
V_3378096090,U_0221,2026-01-29,7910.346685014132,False,,False
V_2998808974,U_0240,2026-01-29,7587.167450065637,False,,False
V_3252212581,U_0300,2026-01-29,5869.8079608639555,False,,False
V_a43a33c6,U_0305,2026-01-29,4695.2012554348275,True,G_ff3fdf,True
V_4cde7268,U_0868,2026-01-29,6286.766221876286,True,G_ff3fdf,False
V_4b4bda08,U_0817,2026-01-29,3836.588518366446,True,G_ff3fdf,False
V_0a2dd218,U_0889,2026-01-29,4604.761202460744,True,G_ff3fdf,False
V_f7e7d540,U_0316,2026-01-29,2701.8031044695695,True,G_e81d65,True
V_a5283662,U_0106,2026-01-29,3187.669572181151,True,G_e81d65,False
V_33bbffe7,U_0818,2026-01-29,2913.2814525336603,True,G_e81d65,False
V_96ead305,U_0520,2026-01-29,2462.5805749347805,True,G_e81d65,False
V_1441885627,U_0330,2026-01-29,3707.658259534527,False,,False
V_df581767,U_0378,2026-01-29,4248.311000418431,True,G_79b789,True
V_a670d536,U_0422,2026-01-29,7891.6259313923565,True,G_79b789,False
V_4160128998,U_0399,2026-01-29,2543.202713807777,False,,False
V_2343220825,U_0405,2026-01-29,3092.3726895739146,False,,False
V_02cb482d,U_0434,2026-01-29,6031.083686701021,True,G_73d304,True
V_8e81a2fd,U_0852,2026-01-29,8938.77461164092,True,G_73d304,False
V_51a543e3,U_0693,2026-01-29,5838.472418675104,True,G_73d304,False
V_e491864f,U_0816,2026-01-29,9978.826973669602,True,G_73d304,False
V_b4974ec0,U_0993,2026-01-29,7793.183757468825,True,G_73d304,False
V_954e5b64,U_0636,2026-01-29,8486.38068125073,True,G_73d304,False
V_af076652,U_0445,2026-01-29,11399.93730842014,True,G_1f81f3,True
V_0a98b1b0,U_0548,2026-01-29,7877.297667448831,True,G_1f81f3,False
V_c104442f,U_0485,2026-01-29,3095.540752713036,True,G_857630,True
V_768eee9d,U_0337,2026-01-29,2382.26237046827,True,G_857630,False
V_122472e8,U_0515,2026-01-29,2416.8730809430044,True,G_509a21,True
V_0602fe36,U_0264,2026-01-29,3111.663309369983,True,G_509a21,False
V_987455028,U_0561,2026-01-29,2502.6871648236306,False,,False
V_98792793,U_0567,2026-01-29,8231.039172023626,True,G_dc950d,True
V_affcbdb2,U_0168,2026-01-29,9109.694011063893,True,G_dc950d,False
V_fa682824,U_0681,2026-01-29,9970.369411520112,True,G_dc950d,False
V_f0f36958,U_0581,2026-01-29,9644.947487914535,True,G_b28f43,True
V_442fd62e,U_0727,2026-01-29,9069.083498918524,True,G_b28f43,False
V_67299b95,U_0088,2026-01-29,11957.206958369194,True,G_b28f43,False
V_2588885534,U_0668,2026-01-29,6918.918068144419,False,,False
V_3569785363,U_0718,2026-01-29,9231.633914173228,False,,False
V_44ecc88f,U_0798,2026-01-29,4341.346189921489,True,G_4e74c3,True
V_2fc98a6f,U_0005,2026-01-29,4580.127236166206,True,G_4e74c3,False
V_3462971763,U_0811,2026-01-29,7389.397723428332,False,,False
V_1362571690,U_0852,2026-01-29,11479.27600065141,False,,False
V_15468947,U_0882,2026-01-29,2999.62961544434,True,G_e51fbf,True
V_67169ec5,U_0158,2026-01-29,2776.424986179504,True,G_e51fbf,False
V_2034819324,U_0029,2026-01-30,2598.2181803406515,False,,False
V_3578696506,U_0095,2026-01-30,4058.606248815375,False,,False
V_1414274387,U_0130,2026-01-30,11866.680770185487,False,,False
V_71826259,U_0160,2026-01-30,9122.789295126446,True,G_1f1865,True
V_277090b7,U_0866,2026-01-30,10174.16346622256,True,G_1f1865,False
V_1517232588,U_0194,2026-01-30,8985.64910893337,False,,False
V_1637781008,U_0276,2026-01-30,5809.1849750647925,False,,False
V_1593727774,U_0312,2026-01-30,5311.364671143179,False,,False
V_2e8a7f50,U_0411,2026-01-30,2019.6998956370671,True,G_8608e7,True
V_dfb92762,U_0501,2026-01-30,4080.0474889234747,True,G_8608e7,False
V_2369089770,U_0422,2026-01-30,7006.093840663937,False,,False
V_982256753,U_0465,2026-01-30,4224.856993690412,False,,False
V_1434367180,U_0631,2026-01-30,2317.6054863051972,False,,False
V_2020442223,U_0635,2026-01-30,3376.6861565909644,False,,False
V_6b3a77fe,U_0695,2026-01-30,7908.07481626266,True,G_39a29a,True
V_6f1e6935,U_0484,2026-01-30,11742.638898892854,True,G_39a29a,False
V_2889398738,U_0718,2026-01-30,8406.548736571087,False,,False
V_008a0e35,U_0737,2026-01-30,8433.908644323208,True,G_cddd23,True
V_7795e110,U_0338,2026-01-30,11251.692157816826,True,G_cddd23,False
V_13c0f57f,U_0755,2026-01-30,10815.912678538636,True,G_cddd23,False
V_cd045136,U_0807,2026-01-30,6820.122915901546,True,G_337fdd,True
V_b75121d7,U_0981,2026-01-30,5055.428459058473,True,G_337fdd,False
V_f3178ada,U_0625,2026-01-30,4551.335214840276,True,G_337fdd,False
V_79d2dd93,U_0813,2026-01-30,9207.167450903624,True,G_8c2284,True
V_4d8bbeca,U_0391,2026-01-30,7352.4546685970745,True,G_8c2284,False
V_4054838272,U_0870,2026-01-30,2005.9794118003308,False,,False
V_39231234,U_0972,2026-01-30,6636.837347033414,True,G_65b409,True
V_0a6be089,U_0135,2026-01-30,4536.672473541367,True,G_65b409,False
V_5ed87752,U_0493,2026-01-30,7006.398530428302,True,G_65b409,False
V_7e592a77,U_0453,2026-01-30,4615.755940943499,True,G_65b409,False
V_2518da75,U_0015,2026-01-31,10449.750049272512,True,G_a5c314,True
V_6dba79a9,U_0993,2026-01-31,6833.5429863942745,True,G_a5c314,False
V_7976bff9,U_0160,2026-01-31,8474.843165633714,True,G_a5c314,False
V_0283e467,U_0458,2026-01-31,13089.579434295962,True,G_a5c314,False
V_74dc9481,U_0055,2026-01-31,9094.588234033885,True,G_a5c314,False
V_2032602481,U_0020,2026-01-31,3237.1152122607596,False,,False
V_3416863756,U_0040,2026-01-31,2114.807185730788,False,,False
V_164504900,U_0075,2026-01-31,9460.882688663183,False,,False
V_3084945611,U_0082,2026-01-31,5680.9378133838,False,,False
V_a6ce5ca3,U_0135,2026-01-31,4642.071899798481,True,G_afeb0b,True
V_2a5790ba,U_0534,2026-01-31,5803.716968899814,True,G_afeb0b,False
V_0677bc19,U_0880,2026-01-31,4731.9358933985095,True,G_afeb0b,False
V_46e2353c,U_0487,2026-01-31,5222.09500294229,True,G_afeb0b,False
V_f382fe65,U_0841,2026-01-31,7379.595061810351,True,G_afeb0b,False
V_1827306022,U_0168,2026-01-31,8803.677485395854,False,,False
V_3844095365,U_0175,2026-01-31,6708.225407287334,False,,False
V_4131999851,U_0193,2026-01-31,3149.510954482421,False,,False
V_3858446393,U_0194,2026-01-31,7211.670148199944,False,,False
V_3529252738,U_0212,2026-01-31,6001.531724757832,False,,False
V_c0fb2d25,U_0216,2026-01-31,2139.4843053019513,True,G_85c933,True
V_ed783327,U_0474,2026-01-31,3232.098244411206,True,G_85c933,False
V_1767240231,U_0238,2026-01-31,9214.71562971412,False,,False
V_eb28d3c3,U_0296,2026-01-31,3098.6885045408717,True,G_8c8c51,True
V_617b4866,U_0270,2026-01-31,2148.4686782252334,True,G_8c8c51,False
V_4265634711,U_0326,2026-01-31,5947.259877511344,False,,False
V_2685774030,U_0335,2026-01-31,4161.662431994732,False,,False
V_3651689808,U_0380,2026-01-31,3257.1618074791572,False,,False
V_3211322888,U_0403,2026-01-31,5408.50279498404,False,,False
V_b795a9b7,U_0458,2026-01-31,10512.671747165678,True,G_e665db,True
V_0c6ba095,U_0628,2026-01-31,13646.301220632835,True,G_e665db,False
V_97c39acb,U_0460,2026-01-31,2613.5413378028475,True,G_3d9bdb,True
V_254c6a02,U_0777,2026-01-31,3736.690863930848,True,G_3d9bdb,False
V_4c58d67d,U_0504,2026-01-31,2737.2606222504332,True,G_3d9bdb,False
V_a550b2eb,U_0700,2026-01-31,2385.1507193184298,True,G_3d9bdb,False
V_aa8f6b77,U_0662,2026-01-31,3674.8901433293877,True,G_3d9bdb,False
V_cf5f47ae,U_0520,2026-01-31,2601.61263863618,True,G_1e43ba,True
V_0fd295a6,U_0138,2026-01-31,3571.2001923285848,True,G_1e43ba,False
V_1845502592,U_0530,2026-01-31,1936.462479764798,False,,False
V_776950726,U_0549,2026-01-31,4412.263072831474,False,,False
V_1604240545,U_0560,2026-01-31,10642.646247913875,False,,False
V_2868329900,U_0565,2026-01-31,9347.924399722302,False,,False
V_e9329bd9,U_0614,2026-01-31,12134.248399954291,True,G_e776db,True
V_951be4a1,U_0225,2026-01-31,9730.223483729478,True,G_e776db,False
V_e65452db,U_0718,2026-01-31,9336.22351170167,True,G_e776db,False
V_be84d027,U_0951,2026-01-31,10067.529218260437,True,G_e776db,False
V_1899632062,U_0659,2026-01-31,3824.5965375273363,False,,False
V_4281288423,U_0714,2026-01-31,6100.017660731464,False,,False
V_40eb19bf,U_0735,2026-01-31,7749.441650771517,True,G_e392e3,True
V_3e3543f4,U_0852,2026-01-31,9552.800551411423,True,G_e392e3,False
V_29ffd957,U_0917,2026-01-31,6265.7318463697075,True,G_e392e3,False
V_35634cb1,U_0019,2026-01-31,7418.627702317108,True,G_e392e3,False
V_2753702319,U_0802,2026-01-31,8833.53608887101,False,,False
V_48dd0609,U_0811,2026-01-31,5479.441391945788,True,G_ab2da2,True
V_76f5372a,U_0030,2026-01-31,6295.771199680378,True,G_ab2da2,False
V_6ff946a8,U_0821,2026-01-31,2999.584551203432,True,G_93ca4c,True
V_5dc5df46,U_0556,2026-01-31,1950.5590192809366,True,G_93ca4c,False
V_4a6ee35a,U_0393,2026-01-31,2850.0109933035756,True,G_93ca4c,False
V_1376510264,U_0888,2026-01-31,9350.410766853189,False,,False
V_0aa272d6,U_0913,2026-01-31,11127.771677037394,True,G_28453a,True
V_109a992e,U_0006,2026-01-31,6273.789668216429,True,G_28453a,False
V_227bedab,U_0977,2026-01-31,8366.700379881777,True,G_28453a,False
V_a6c315ef,U_0130,2026-01-31,9717.111829731697,True,G_28453a,False
V_206dd454,U_0952,2026-01-31,3567.5125507554553,True,G_84656b,True
V_5cf6188c,U_0290,2026-01-31,2779.9785592813096,True,G_84656b,False
V_f51232b4,U_0956,2026-01-31,2539.890453807075,True,G_84656b,False
V_d1a1431f,U_0002,2026-01-31,2357.1977358643985,True,G_84656b,False
V_153565266,U_0013,2026-02-01,3388.203128878455,False,,False
V_328ecc80,U_0068,2026-02-01,3622.9156104595313,True,G_fec24c,True
V_b8698078,U_0972,2026-02-01,5720.241424193467,True,G_fec24c,False
V_5378d07c,U_0082,2026-02-01,7022.053812306714,True,G_fec24c,False
V_dac0a827,U_0506,2026-02-01,5867.220890230643,True,G_fec24c,False
V_a9810d2d,U_0721,2026-02-01,7099.537135423607,True,G_fec24c,False
V_3960705017,U_0088,2026-02-01,11929.449480151801,False,,False
V_2013436470,U_0102,2026-02-01,5219.264789678435,False,,False
V_b672f0c6,U_0118,2026-02-01,3120.2421439922955,True,G_b3d1fb,True
V_104fdca6,U_0150,2026-02-01,3000.8838342756994,True,G_b3d1fb,False
V_66693b04,U_0626,2026-02-01,2803.6521875055537,True,G_b3d1fb,False
V_3679437025,U_0207,2026-02-01,4034.432845465009,False,,False
V_ef80845f,U_0234,2026-02-01,3139.0488288266542,True,G_3f10c9,True
V_fd29de10,U_0949,2026-02-01,2737.7579378800583,True,G_3f10c9,False
V_832c8d5a,U_0236,2026-02-01,4250.42234862211,True,G_3f10c9,False
V_9451d918,U_0242,2026-02-01,2034.9882809989663,True,G_3f10c9,False
V_5a3721dd,U_0238,2026-02-01,9794.918529905613,True,G_c4fff4,True
V_ea3014b0,U_0851,2026-02-01,5330.6211385537,True,G_c4fff4,False
V_fdf15c49,U_0636,2026-02-01,9324.029154267371,True,G_c4fff4,False
V_ef4ca8c8,U_0255,2026-02-01,4390.0903072419605,True,G_cffbce,True
V_8b86d93a,U_0427,2026-02-01,3126.9008134110386,True,G_cffbce,False
V_ed0a0cba,U_0892,2026-02-01,4638.966888943562,True,G_cffbce,False
V_e06f3f59,U_0327,2026-02-01,2641.98957615541,True,G_cffbce,False
V_2820946503,U_0276,2026-02-01,5314.149660301852,False,,False
V_0c2f3bf0,U_0303,2026-02-01,10301.026206998438,True,G_b1999d,True
V_53958898,U_0704,2026-02-01,7999.161193809758,True,G_b1999d,False
V_e82f0cbb,U_0937,2026-02-01,9861.050343536628,True,G_b1999d,False
V_c3df0310,U_0560,2026-02-01,10558.920948510136,True,G_b1999d,False
V_abdcc3f3,U_0015,2026-02-01,10276.616104480652,True,G_b1999d,False
V_d9f5f681,U_0456,2026-02-01,10143.642956851485,True,G_b1999d,False
V_2355478845,U_0322,2026-02-01,2638.601950994477,False,,False
V_eb14d296,U_0326,2026-02-01,5259.512709539287,True,G_9d9660,True
V_f26ba8e5,U_0766,2026-02-01,5163.347631721913,True,G_9d9660,False
V_2014243856,U_0361,2026-02-01,3825.027814788963,False,,False
V_3979f285,U_0384,2026-02-01,3791.0048967547054,True,G_6f62a3,True
V_f891d985,U_0154,2026-02-01,5038.164275195396,True,G_6f62a3,False
V_df0cb94b,U_0209,2026-02-01,5732.735112472593,True,G_6f62a3,False
V_40d38b0a,U_0385,2026-02-01,4764.813753955293,True,G_1ce816,True
V_41749c77,U_0214,2026-02-01,3923.604738924782,True,G_1ce816,False
V_014b9062,U_0809,2026-02-01,5072.385357813242,True,G_1ce816,False
V_b11843cd,U_0413,2026-02-01,6123.607499730642,True,G_36a29b,True
V_275cb930,U_0062,2026-02-01,3852.9264182112033,True,G_36a29b,False
V_a29c5a19,U_0276,2026-02-01,6256.839956378939,True,G_36a29b,False
V_d73bcf76,U_0059,2026-02-01,4475.558970062724,True,G_36a29b,False
V_fe1d4ed5,U_0910,2026-02-01,6990.228486279161,True,G_36a29b,False
V_3848489709,U_0429,2026-02-01,9507.12107751285,False,,False
V_2474725074,U_0440,2026-02-01,5121.57029090502,False,,False
V_7ced7da5,U_0459,2026-02-01,2139.192596959624,True,G_9944c2,True
V_4430396f,U_0578,2026-02-01,2435.0365775095015,True,G_9944c2,False
V_fd4ba947,U_0990,2026-02-01,2419.987923605886,True,G_9944c2,False
V_76414131,U_0483,2026-02-01,1893.6194141693902,False,,False
V_c5e6b5ac,U_0501,2026-02-01,3018.017200591933,True,G_3939ba,True
V_60febc8a,U_0187,2026-02-01,2904.9876530692254,True,G_3939ba,False
V_f7eddf6e,U_0924,2026-02-01,3423.3806742480456,True,G_3939ba,False
V_ae89c90f,U_0960,2026-02-01,2224.1725275837534,True,G_3939ba,False
V_3802751694,U_0513,2026-02-01,11476.515271305605,False,,False
V_4061753312,U_0531,2026-02-01,2079.616990374936,False,,False
V_218713227,U_0554,2026-02-01,4992.178685198357,False,,False
V_3797369215,U_0655,2026-02-01,5796.856190603913,False,,False
V_2700001252,U_0657,2026-02-01,10427.764131515538,False,,False
V_fea11c52,U_0664,2026-02-01,3740.7033317287933,True,G_976d0f,True
V_5e1f7d19,U_0707,2026-02-01,2813.418771435595,True,G_976d0f,False
V_bd840d9c,U_0571,2026-02-01,3635.8665015842153,True,G_976d0f,False
V_82090224,U_0986,2026-02-01,2949.057597899998,True,G_976d0f,False
V_4c6a5ca7,U_0207,2026-02-01,3521.81255046183,True,G_976d0f,False
V_453d55c2,U_0944,2026-02-01,2634.0206493312285,True,G_976d0f,False
V_4053159901,U_0701,2026-02-01,7099.1738999806985,False,,False
V_2726017031,U_0727,2026-02-01,10675.982981071169,False,,False
V_e2dd23f2,U_0750,2026-02-01,5836.069644770045,True,G_fcb798,True
V_a1b98daa,U_0945,2026-02-01,3920.836591936339,True,G_fcb798,False
V_2779371591,U_0800,2026-02-01,4482.093986895496,False,,False
V_6460d6e8,U_0848,2026-02-01,2192.304024166251,True,G_ff9b57,True
V_13ee1fc9,U_0397,2026-02-01,3657.084443891755,True,G_ff9b57,False
V_b440aaa2,U_0475,2026-02-01,3867.096292038055,True,G_ff9b57,False
V_4e6c9688,U_0991,2026-02-01,2220.8807070374583,True,G_ff9b57,False
V_72247be1,U_0197,2026-02-01,3378.78019579485,True,G_ff9b57,False
V_167b031f,U_0144,2026-02-01,3089.8587377513395,True,G_ff9b57,False
V_1792929079,U_0889,2026-02-01,4912.569975045936,False,,False
V_1200178801,U_0933,2026-02-01,5056.411905211638,False,,False
V_2efb50df,U_0937,2026-02-01,9632.474676112965,True,G_fc0099,True
V_6afabeac,U_0387,2026-02-01,12879.687689870232,True,G_fc0099,False
V_2181534839,U_0031,2026-02-02,2440.902600021898,False,,False
V_6be176ac,U_0033,2026-02-02,4395.493742646119,True,G_d624b8,True
V_88bf0952,U_0137,2026-02-02,6032.944392277746,True,G_d624b8,False
V_6bafa4f5,U_0247,2026-02-02,3980.706853433888,True,G_d624b8,False
V_c343b676,U_0723,2026-02-02,6944.768788454751,True,G_d624b8,False
V_3115472323,U_0042,2026-02-02,4252.389760280886,False,,False
V_204f7662,U_0079,2026-02-02,2026.1752317685475,True,G_d5512f,True
V_16649186,U_0648,2026-02-02,2805.4833297523037,True,G_d5512f,False
V_50b3de16,U_0207,2026-02-02,3566.1590216505747,True,G_d5512f,False
V_ad6c0914,U_0703,2026-02-02,2711.464585027407,True,G_d5512f,False
V_00150540,U_0122,2026-02-02,2629.4439016680253,True,G_d5512f,False
V_1152433430,U_0097,2026-02-02,12671.87183676348,False,,False
V_524853367,U_0221,2026-02-02,7056.881818331742,False,,False
V_1084672085,U_0238,2026-02-02,8063.755150767189,False,,False
V_723015082,U_0249,2026-02-02,4652.5918995982875,False,,False
V_134880501,U_0324,2026-02-02,9409.362218076876,False,,False
V_49a2e269,U_0331,2026-02-02,3904.7032494879436,True,G_352774,True
V_4d0ad881,U_0258,2026-02-02,3740.9561782851806,True,G_352774,False
V_723f30b1,U_0023,2026-02-02,3572.540137921985,True,G_352774,False
V_0bebeadc,U_0595,2026-02-02,5952.374394630398,True,G_352774,False
V_dfb4dbb9,U_0394,2026-02-02,4002.4493753925885,True,G_352774,False
V_2b2113b4,U_0647,2026-02-02,4917.888276743254,True,G_352774,False
V_525ece13,U_0339,2026-02-02,3488.93733151268,True,G_33a4bd,True
V_b91ed72e,U_0538,2026-02-02,2520.359218506749,True,G_33a4bd,False
V_708279327,U_0480,2026-02-02,5888.770250133225,False,,False
V_2940078355,U_0488,2026-02-02,5067.30322720806,False,,False
V_6850a7a4,U_0603,2026-02-02,2360.4061383137773,True,G_f4af3a,True
V_4a207c5e,U_0346,2026-02-02,3190.8161192028087,True,G_f4af3a,False
V_6490d589,U_0625,2026-02-02,5706.287381912588,True,G_812571,True
V_04ec912e,U_0010,2026-02-02,3575.732423861686,True,G_812571,False
V_a6ce8c56,U_0005,2026-02-02,5377.232658087163,True,G_812571,False
V_2765510100,U_0655,2026-02-02,5973.824227398162,False,,False
V_2022602866,U_0665,2026-02-02,6232.296564187095,False,,False
V_d3782f3e,U_0708,2026-02-02,3568.412005325812,True,G_538c92,True
V_74fa1a86,U_0299,2026-02-02,7019.863540455197,True,G_538c92,False
V_3534f55b,U_0425,2026-02-02,4730.742159911395,True,G_538c92,False
V_cf556237,U_0712,2026-02-02,3174.150048676947,True,G_0a6367,True
V_e115d70b,U_0576,2026-02-02,7549.658419910785,True,G_0a6367,False
V_c6fa6a50,U_0553,2026-02-02,3962.9537478722177,True,G_0a6367,False
V_48c08e0d,U_0422,2026-02-02,7614.097521197521,True,G_0a6367,False
V_48b54384,U_0738,2026-02-02,6979.745193991443,True,G_0a6367,False
V_2214154072,U_0740,2026-02-02,4230.399904483748,False,,False
V_406958526,U_0758,2026-02-02,3727.677369488205,False,,False
V_d4965ece,U_0773,2026-02-02,4186.415744291646,True,G_91042d,True
V_b28d44e2,U_0859,2026-02-02,3783.4947115426994,True,G_91042d,False
V_0e040ee1,U_0714,2026-02-02,5066.92327939888,True,G_91042d,False
V_c7f3eccc,U_0449,2026-02-02,5000.661540481641,True,G_91042d,False
V_c2e7bf1a,U_0694,2026-02-02,6233.456613597982,True,G_91042d,False
V_4184004845,U_0793,2026-02-02,4667.221890221819,False,,False
V_2675234461,U_0911,2026-02-02,3514.6443622304396,False,,False
V_154727e9,U_0968,2026-02-02,3008.7488338720223,True,G_4b584d,True
V_2b9f0380,U_0426,2026-02-02,3937.4327016166894,True,G_4b584d,False
V_79a1dd38,U_0528,2026-02-02,2539.216408177271,True,G_4b584d,False
V_9400c998,U_0191,2026-02-02,2423.665537370324,True,G_4b584d,False
V_2925511070,U_0002,2026-02-03,2389.401187205378,False,,False
V_2821872315,U_0006,2026-02-03,5749.5017833412385,False,,False
V_f2d957a8,U_0046,2026-02-03,3792.084944978678,True,G_df16ab,True
V_7736c67f,U_0791,2026-02-03,2889.783947817761,True,G_df16ab,False
V_d4461b81,U_0946,2026-02-03,2294.4828873060233,True,G_df16ab,False
V_175a6a78,U_0054,2026-02-03,2654.2765148395747,True,G_879405,True
V_f901fee0,U_0116,2026-02-03,2551.486488387933,True,G_879405,False
V_e4de0ac0,U_0733,2026-02-03,3648.035391913765,True,G_879405,False
V_7841f402,U_0998,2026-02-03,2321.9938582890522,True,G_879405,False
V_87c86acb,U_0301,2026-02-03,2322.539138691364,True,G_879405,False
V_55d61852,U_0294,2026-02-03,3225.087765245539,True,G_879405,False
V_2992820188,U_0055,2026-02-03,7653.3412265171655,False,,False
V_2521227785,U_0108,2026-02-03,2925.8709079013693,False,,False
V_78bedebb,U_0142,2026-02-03,6958.720617440685,True,G_7715f5,True
V_30b0d478,U_0701,2026-02-03,5978.888855349763,True,G_7715f5,False
V_53d435aa,U_0285,2026-02-03,4766.327913482866,True,G_7715f5,False
V_88747200,U_0151,2026-02-03,4341.967943342852,False,,False
V_41d57bfb,U_0172,2026-02-03,3683.5194770396283,True,G_488a13,True
V_d18e5f3c,U_0197,2026-02-03,3526.085650370498,True,G_488a13,False
V_7b1a4439,U_0224,2026-02-03,3326.84437191052,True,G_488a13,False
V_ca5e8d48,U_0368,2026-02-03,3261.662976909306,True,G_488a13,False
V_322c863b,U_0649,2026-02-03,3904.059245715864,True,G_488a13,False
V_2fa3e6a3,U_0270,2026-02-03,2868.938386831104,True,G_488a13,False
V_1481565033,U_0173,2026-02-03,5296.48502693839,False,,False
V_afbb8bf0,U_0209,2026-02-03,4515.242135788407,True,G_cdf381,True
V_b131ed58,U_0077,2026-02-03,6157.157100409117,True,G_cdf381,False
V_7d9af48e,U_0243,2026-02-03,5228.4518950558595,True,G_cdf381,False
V_2961096257,U_0255,2026-02-03,4037.270325289038,False,,False
V_1438226830,U_0261,2026-02-03,4112.66494238112,False,,False
V_770468bc,U_0286,2026-02-03,2916.2875735805255,True,G_f7031f,True
V_2633f036,U_0763,2026-02-03,2146.0658384442368,True,G_f7031f,False
V_c73c632b,U_0799,2026-02-03,4124.315274535233,True,G_f7031f,False
V_56794cf2,U_0504,2026-02-03,2205.1172689097125,True,G_f7031f,False
V_58a39993,U_0344,2026-02-03,2852.2588782118323,True,G_f7031f,False
V_7c7e379c,U_0324,2026-02-03,6673.60504019853,True,G_05d297,True
V_eeca6082,U_0194,2026-02-03,8132.2742621889565,True,G_05d297,False
V_2081321968,U_0387,2026-02-03,10279.473725639722,False,,False
V_4150809252,U_0392,2026-02-03,7970.789054222699,False,,False
V_f8372543,U_0403,2026-02-03,4499.8976138933585,True,G_f023ee,True
V_23f9a2dc,U_0141,2026-02-03,4085.8067608207457,True,G_f023ee,False
V_156ad39a,U_0607,2026-02-03,5748.5751908965785,True,G_f023ee,False
V_ff027fae,U_0425,2026-02-03,5505.318407320011,True,G_1fb171,True
V_6dbd7def,U_0375,2026-02-03,4789.134501461843,True,G_1fb171,False
V_c5c70f8e,U_0077,2026-02-03,6946.134912941409,True,G_1fb171,False
V_317a0c42,U_0672,2026-02-03,2985.19828432556,True,G_1fb171,False
V_e870a88f,U_0434,2026-02-03,5477.4681546419315,True,G_9b402e,True
V_b572ef18,U_0875,2026-02-03,6956.617102200408,True,G_9b402e,False
V_4b12be79,U_0328,2026-02-03,7520.616593315571,True,G_9b402e,False
V_8619b9d8,U_0461,2026-02-03,8899.08035702984,True,G_9b402e,False
V_10914ff5,U_0518,2026-02-03,7308.912035291479,True,G_9b402e,False
V_d3e70830,U_0513,2026-02-03,10848.726355224742,True,G_9b402e,False
V_2e0b66e4,U_0484,2026-02-03,11460.322278386744,True,G_d70fb2,True
V_fcb84816,U_0614,2026-02-03,12499.251731731076,True,G_d70fb2,False
V_e8a30c25,U_0518,2026-02-03,9970.736578233775,True,G_1b521c,True
V_14053de0,U_0183,2026-02-03,8261.341265277331,True,G_1b521c,False
V_83b8bb37,U_0636,2026-02-03,10777.109451456277,True,G_1b521c,False
V_2565877096,U_0552,2026-02-03,3121.6477704679614,False,,False
V_671166466,U_0623,2026-02-03,12072.200388398827,False,,False
V_2403286557,U_0659,2026-02-03,3618.84899489181,False,,False
V_c3d754d8,U_0737,2026-02-03,5819.231655708525,True,G_ab1d9a,True
V_768feb97,U_0265,2026-02-03,6940.807637312867,True,G_ab1d9a,False
V_9f9f7e48,U_0181,2026-02-03,11783.082953708592,True,G_ab1d9a,False
V_e4fbab75,U_0055,2026-02-03,9377.15069619398,True,G_ab1d9a,False
V_57cc42a7,U_0782,2026-02-03,4799.127005012858,True,G_156691,True
V_74f2ae0a,U_0103,2026-02-03,4586.374041780781,True,G_156691,False
V_8a2200d8,U_0085,2026-02-03,4020.793547308331,True,G_156691,False
V_50097158,U_0094,2026-02-03,5366.7168512141,True,G_156691,False
V_ca10ee76,U_0723,2026-02-03,5525.472880796074,True,G_156691,False
V_ec713492,U_0268,2026-02-03,4838.2843974071575,True,G_156691,False
V_4151799076,U_0804,2026-02-03,5414.779990424062,False,,False
V_c732743b,U_0811,2026-02-03,6775.840901126306,True,G_0d6a85,True
V_07575bed,U_0205,2026-02-03,4809.817925129592,True,G_0d6a85,False
V_784b2ac4,U_0757,2026-02-03,4921.641957949311,True,G_0d6a85,False
V_3baf12f6,U_0783,2026-02-03,3693.7406059833033,True,G_0d6a85,False
V_d4044667,U_0828,2026-02-03,5080.23223642472,True,G_23bf19,True
V_a99b4664,U_0285,2026-02-03,4047.156745234433,True,G_23bf19,False
V_9385a3bf,U_0523,2026-02-03,3598.271285198905,True,G_23bf19,False
V_09a4f8b3,U_0576,2026-02-03,8073.016609365598,True,G_23bf19,False
V_4a32592d,U_0330,2026-02-03,3177.219247142842,True,G_23bf19,False
V_a87228da,U_0829,2026-02-03,2765.704801277775,True,G_bdf2d0,True
V_344cc633,U_0958,2026-02-03,4141.663163862601,True,G_bdf2d0,False
V_3158447014,U_0843,2026-02-03,6280.5350233835625,False,,False
V_2933494168,U_0852,2026-02-03,10034.435742312895,False,,False
V_3708971299,U_0866,2026-02-03,13383.73261623956,False,,False
V_79d64c2f,U_0885,2026-02-03,9858.222068143752,True,G_dccd8d,True
V_4a513937,U_0752,2026-02-03,6931.686133506735,True,G_dccd8d,False
V_246c489e,U_0831,2026-02-03,7021.3159986106375,True,G_dccd8d,False
V_9eb9e9f1,U_0894,2026-02-03,2355.7718807870397,True,G_c8348c,True
V_b632f04d,U_0432,2026-02-03,2897.171231532931,True,G_c8348c,False
V_ed550f33,U_0098,2026-02-03,1887.57433823675,True,G_c8348c,False
V_93378e53,U_0902,2026-02-03,11502.190900314296,True,G_95ce07,True
V_686a3fdd,U_0614,2026-02-03,10485.756553013496,True,G_95ce07,False
V_88a55eb1,U_0560,2026-02-03,8164.041682333256,True,G_95ce07,False
V_72d17935,U_0922,2026-02-03,5547.2412967796035,True,G_bd92ce,True
V_b7e369b8,U_0910,2026-02-03,6517.06467184798,True,G_bd92ce,False
V_981513780,U_0927,2026-02-03,4213.429271280436,False,,False
V_3a637e64,U_0972,2026-02-03,6102.998374256592,True,G_b858db,True
V_c068f389,U_0174,2026-02-03,5031.634955700922,True,G_b858db,False
V_79bdd30a,U_0817,2026-02-03,4315.728556422597,True,G_b858db,False
V_df7f5969,U_0166,2026-02-03,5608.267750820142,True,G_b858db,False
V_18821c37,U_0509,2026-02-03,5039.115163545449,True,G_b858db,False
V_1e0b5849,U_0872,2026-02-03,5826.503134416048,True,G_b858db,False
V_110681454,U_0024,2026-02-04,10442.718435269197,False,,False
V_105603133,U_0036,2026-02-04,3173.1701529214256,False,,False
V_606922657,U_0055,2026-02-04,7865.705823412425,False,,False
V_83010554,U_0065,2026-02-04,5264.369870249481,False,,False
V_ee10ac4e,U_0117,2026-02-04,4523.410573702942,True,G_a17598,True
V_8141c6ca,U_0261,2026-02-04,4230.179810516373,True,G_a17598,False
V_6077a347,U_0800,2026-02-04,4723.371385606384,True,G_a17598,False
V_9d27c7b2,U_0874,2026-02-04,4839.327518278088,True,G_a17598,False
V_cb0ac2d7,U_0574,2026-02-04,5503.106464230238,True,G_a17598,False
V_b94fb7e9,U_0247,2026-02-04,5739.461051966516,True,G_a17598,False
V_2613626134,U_0122,2026-02-04,2352.122863108516,False,,False
V_1736999817,U_0160,2026-02-04,11380.799747165818,False,,False
V_455163ff,U_0168,2026-02-04,10488.785464803406,True,G_4e8f7f,True
V_93e25c7d,U_0178,2026-02-04,9021.516282918432,True,G_4e8f7f,False
V_804483ce,U_0826,2026-02-04,9300.448130300254,True,G_4e8f7f,False
V_e51048e6,U_0055,2026-02-04,7682.733093450359,True,G_4e8f7f,False
V_f252871a,U_0436,2026-02-04,8590.790062056209,True,G_4e8f7f,False
V_10b0714f,U_0902,2026-02-04,11023.00485528315,True,G_4e8f7f,False
V_c39fe6fc,U_0181,2026-02-04,11048.14775952856,True,G_9e1fd7,True
V_5565ad2a,U_0752,2026-02-04,7606.1011244280035,True,G_9e1fd7,False
V_4450b4a6,U_0704,2026-02-04,7228.818719160412,True,G_9e1fd7,False
V_dd34ca9a,U_0168,2026-02-04,9142.820276860824,True,G_9e1fd7,False
V_7c03cc76,U_0445,2026-02-04,11529.954063346608,True,G_9e1fd7,False
V_56c24e9d,U_0185,2026-02-04,4519.902002578157,True,G_65785c,True
V_59f42d6c,U_0093,2026-02-04,4672.518595401019,True,G_65785c,False
V_ae9c004a,U_0087,2026-02-04,6470.67159332087,True,G_65785c,False
V_36717c96,U_0732,2026-02-04,5165.509790173611,True,G_65785c,False
V_59c0c290,U_0194,2026-02-04,7648.97382806222,True,G_4954e0,True
V_6cbce0e0,U_0324,2026-02-04,7444.654830448401,True,G_4954e0,False
V_3db072ca,U_0328,2026-02-04,6714.118681710539,True,G_4954e0,False
V_4c266fc6,U_0565,2026-02-04,11646.301559519508,True,G_4954e0,False
V_bb1ee61a,U_0089,2026-02-04,7353.97835818511,True,G_4954e0,False
V_263719984,U_0225,2026-02-04,13411.445896643645,False,,False
V_89b1ff2e,U_0242,2026-02-04,2395.544597387285,True,G_8e283e,True
V_3af18b2b,U_0216,2026-02-04,2750.9328709048114,True,G_8e283e,False
V_9834403a,U_0483,2026-02-04,1707.5553717255698,True,G_8e283e,False
V_d0aca63f,U_0587,2026-02-04,2477.227315935998,True,G_8e283e,False
V_2da3ab86,U_0201,2026-02-04,3258.704015147639,True,G_8e283e,False
V_90cd2fe7,U_0274,2026-02-04,6388.451549691874,True,G_441513,True
V_6594d8ad,U_0810,2026-02-04,4343.998316290773,True,G_441513,False
V_0282e01f,U_0665,2026-02-04,6207.755934318336,True,G_441513,False
V_7b1963e1,U_0604,2026-02-04,8339.19957207679,True,G_441513,False
V_2214320669,U_0314,2026-02-04,4671.8892187587335,False,,False
V_2805297007,U_0421,2026-02-04,6712.147856162325,False,,False
V_1d710717,U_0435,2026-02-04,2293.9102664186303,True,G_f3f094,True
V_de6cbad7,U_0419,2026-02-04,2684.58586808699,True,G_f3f094,False
V_000a543e,U_0416,2026-02-04,3901.331767712864,True,G_f3f094,False
V_761be91b,U_0310,2026-02-04,2828.49731891763,True,G_f3f094,False
V_036f667e,U_0488,2026-02-04,6550.162713440061,True,G_00802c,True
V_ea0d413d,U_0487,2026-02-04,4364.783962118281,True,G_00802c,False
V_74b050e8,U_0231,2026-02-04,4564.09848093002,True,G_00802c,False
V_cf957bd4,U_0214,2026-02-04,3402.3945909942076,True,G_00802c,False
V_6ac85d4a,U_0112,2026-02-04,7334.032750604796,True,G_00802c,False
V_8aaab194,U_0131,2026-02-04,7180.367603505128,True,G_00802c,False
V_65367adc,U_0508,2026-02-04,6075.45659049634,True,G_23e50a,True
V_2b628cbf,U_0616,2026-02-04,6415.146820812067,True,G_23e50a,False
V_2929824960,U_0520,2026-02-04,2750.0704226909884,False,,False
V_3301930654,U_0523,2026-02-04,3599.0871691820666,False,,False
V_9fbc846f,U_0528,2026-02-04,2328.63731164406,True,G_c5ffb4,True
V_9706714b,U_0346,2026-02-04,4370.572410693912,True,G_c5ffb4,False
V_c2719b01,U_0329,2026-02-04,1996.2047485285689,True,G_c5ffb4,False
V_4d5a7f4c,U_0182,2026-02-04,2743.8054200106753,True,G_c5ffb4,False
V_1009073843,U_0541,2026-02-04,4914.87027225419,False,,False
V_117233736,U_0553,2026-02-04,4377.703870794882,False,,False
V_143331909,U_0573,2026-02-04,5325.823136549203,False,,False
V_4270643740,U_0592,2026-02-04,2558.25753689431,False,,False
V_3333342370,U_0616,2026-02-04,7199.831316533404,False,,False
V_2210950706,U_0636,2026-02-04,10848.447921306242,False,,False
V_3f93a0aa,U_0671,2026-02-04,3178.306205851604,True,G_862bd9,True
V_b42b1aa2,U_0970,2026-02-04,3944.129288350901,True,G_862bd9,False
V_9a6c3608,U_0735,2026-02-04,7866.988330214239,True,G_9dafc1,True
V_956f6a15,U_0902,2026-02-04,8225.943474290956,True,G_9dafc1,False
V_3dae4895,U_0323,2026-02-04,8083.710290312986,True,G_9dafc1,False
V_3951704164,U_0766,2026-02-04,5134.854932611893,False,,False
V_1865999850,U_0874,2026-02-04,5818.568993165912,False,,False
V_1529784790,U_0888,2026-02-04,9214.351241956218,False,,False
V_1533200306,U_0955,2026-02-04,9280.093253975234,False,,False
V_aebeeb59,U_0982,2026-02-04,8586.951204627412,True,G_2ea79a,True
V_bdb50df9,U_0937,2026-02-04,9072.60795735476,True,G_2ea79a,False
V_805166e8,U_0681,2026-02-04,10589.590128059934,True,G_2ea79a,False
V_3449661915,U_0993,2026-02-04,8157.30557773925,False,,False
V_07e5339a,U_0055,2026-02-05,7981.358661409666,True,G_5189ae,True
V_2b9117c2,U_0581,2026-02-05,6925.423859706362,True,G_5189ae,False
V_75dcd587,U_0075,2026-02-05,12454.523577202437,True,G_5189ae,False
V_dd4ee26d,U_0646,2026-02-05,9868.35847403941,True,G_5189ae,False
V_359df6ad,U_0237,2026-02-05,11272.984593929217,True,G_5189ae,False
V_ca2a7f80,U_0560,2026-02-05,9482.874986605435,True,G_5189ae,False
V_178998781,U_0072,2026-02-05,1924.367916939507,False,,False
V_d9d88f93,U_0087,2026-02-05,6588.1474603080005,True,G_e2c7ca,True
V_8b72db34,U_0062,2026-02-05,4429.562497960248,True,G_e2c7ca,False
V_92021265,U_0874,2026-02-05,4247.806968207063,True,G_e2c7ca,False
V_617541954,U_0088,2026-02-05,10616.296682650098,False,,False
V_3874416207,U_0107,2026-02-05,3542.76356433003,False,,False
V_2702319197,U_0151,2026-02-05,4564.838140257686,False,,False
V_6ceb2bdd,U_0197,2026-02-05,4582.289767009295,True,G_03e3c1,True
V_9c0a61cc,U_0410,2026-02-05,1995.5217471983115,True,G_03e3c1,False
V_b7c24c49,U_0779,2026-02-05,4139.287670499324,True,G_03e3c1,False
V_2067294674,U_0269,2026-02-05,6236.974096258739,False,,False
V_df171458,U_0276,2026-02-05,5193.375957595004,True,G_280afb,True
V_ac11b076,U_0018,2026-02-05,4717.859723523222,True,G_280afb,False
V_3ed5a995,U_0465,2026-02-05,4404.218301283811,True,G_280afb,False
V_31b796c2,U_0782,2026-02-05,4379.32001380215,True,G_280afb,False
V_dc6b7aed,U_0005,2026-02-05,3915.93571002545,True,G_280afb,False
V_3428266535,U_0304,2026-02-05,4681.1355467154135,False,,False
V_896ec4e2,U_0338,2026-02-05,12005.654061069754,True,G_d69cdc,True
V_add142f8,U_0373,2026-02-05,11368.611051399756,True,G_d69cdc,False
V_57ce05cc,U_0206,2026-02-05,7130.7720725856625,True,G_d69cdc,False
V_a5073957,U_0457,2026-02-05,7334.546252123245,True,G_d69cdc,False
V_450d2018,U_0391,2026-02-05,10761.74849910935,True,G_a9a615,True
V_18c7321a,U_0863,2026-02-05,8769.612554366262,True,G_a9a615,False
V_da5eb131,U_0518,2026-02-05,9981.934850873917,True,G_a9a615,False
V_1a57ff8c,U_0513,2026-02-05,12462.671098352477,True,G_a9a615,False
V_775b1df2,U_0826,2026-02-05,9472.236520882694,True,G_a9a615,False
V_ff39a58d,U_0405,2026-02-05,2905.3722590529687,True,G_fcd8ce,True
V_567c05b1,U_0271,2026-02-05,2508.2875875504897,True,G_fcd8ce,False
V_821c6a89,U_0507,2026-02-05,2483.1829762843026,True,G_fcd8ce,False
V_bc7a5183,U_0186,2026-02-05,3582.7003143611296,True,G_fcd8ce,False
V_31e1ca7f,U_0422,2026-02-05,5513.898531058424,True,G_50906c,True
V_fb5a12d0,U_0308,2026-02-05,4958.651439621219,True,G_50906c,False
V_efab2acf,U_0151,2026-02-05,6111.412175855125,True,G_50906c,False
V_7c937afa,U_0753,2026-02-05,6750.923004714636,True,G_50906c,False
V_57405854,U_0537,2026-02-05,5269.117214169416,True,G_50906c,False
V_571022050,U_0464,2026-02-05,6677.406504737565,False,,False
V_3927385534,U_0512,2026-02-05,2318.5554954101226,False,,False
V_2670581593,U_0520,2026-02-05,2553.3872085389085,False,,False
V_1fc67b69,U_0551,2026-02-05,3563.876327926746,True,G_34f966,True
V_676e8e9e,U_0749,2026-02-05,1968.4481759294933,True,G_34f966,False
V_40b679b6,U_0689,2026-02-05,5712.889537013314,True,G_6327ae,True
V_dfbe42ea,U_0464,2026-02-05,5305.715762732793,True,G_6327ae,False
V_7119a17b,U_0672,2026-02-05,3155.1048827818477,True,G_6327ae,False
V_1528563081,U_0700,2026-02-05,1831.9657079403423,False,,False
V_210604917,U_0742,2026-02-05,6626.297806731228,False,,False
V_3426302349,U_0798,2026-02-05,5109.699438633325,False,,False
V_e93fd5e0,U_0828,2026-02-05,4769.153684287367,True,G_4ef5c2,True
V_e6ffdd09,U_0291,2026-02-05,5405.176087159545,True,G_4ef5c2,False
V_6db86ec8,U_0874,2026-02-05,6209.601695129996,True,G_4cdef1,True
V_7edd9f11,U_0151,2026-02-05,5590.477850882282,True,G_4cdef1,False
V_d981b663,U_0890,2026-02-05,5383.929341055872,True,G_4cdef1,False
V_ba8e997a,U_0771,2026-02-05,6175.840053503601,True,G_4cdef1,False
V_755683876,U_0885,2026-02-05,7328.310344689729,False,,False
V_2434475151,U_0938,2026-02-05,4706.765601719791,False,,False
V_1824292448,U_0981,2026-02-05,4803.691128454524,False,,False
V_2745420481,U_0002,2026-02-06,2108.4979983925373,False,,False
V_282362178,U_0059,2026-02-06,5688.432114707408,False,,False
V_3227034237,U_0075,2026-02-06,10224.830639280552,False,,False
V_a194dbd6,U_0093,2026-02-06,5373.807067755246,True,G_f40d5c,True
V_bacb15fb,U_0834,2026-02-06,4546.183300834373,True,G_f40d5c,False
V_3654674554,U_0151,2026-02-06,5267.377982178735,False,,False
V_876a73cf,U_0154,2026-02-06,4832.660501464419,True,G_80b77b,True
V_42c3b55f,U_0595,2026-02-06,6437.122385938036,True,G_80b77b,False
V_e4b25215,U_0112,2026-02-06,7617.650549910901,True,G_80b77b,False
V_380393168,U_0179,2026-02-06,2782.038734671215,False,,False
V_294599759,U_0206,2026-02-06,5455.5077833143005,False,,False
V_4780fb4e,U_0240,2026-02-06,6358.545689619423,True,G_d7f4b0,True
V_491d9a15,U_0141,2026-02-06,3522.333643095949,True,G_d7f4b0,False
V_c474cadb,U_0378,2026-02-06,4336.141965714292,True,G_d7f4b0,False
V_945fb839,U_0269,2026-02-06,7095.046762426604,True,G_bcf990,True
V_1d130d01,U_0073,2026-02-06,6882.781689354998,True,G_bcf990,False
V_9d7d711a,U_0841,2026-02-06,5957.951335288141,True,G_bcf990,False
V_47a15502,U_0320,2026-02-06,3095.148380680882,True,G_f1ff46,True
V_763f72bb,U_0557,2026-02-06,2211.6070836906233,True,G_f1ff46,False
V_a1165400,U_0180,2026-02-06,3470.850092720951,True,G_f1ff46,False
V_19903fde,U_0485,2026-02-06,3262.490503328578,True,G_f1ff46,False
V_4abe40fd,U_0517,2026-02-06,2431.384455085546,True,G_f1ff46,False
V_3676054969,U_0378,2026-02-06,4666.814835999127,False,,False
V_5757363f,U_0426,2026-02-06,3911.0426718295166,True,G_535913,True
V_9eaadfbb,U_0545,2026-02-06,2178.732122282474,True,G_535913,False
V_fb5e3765,U_0579,2026-02-06,1982.2986112209737,True,G_535913,False
V_3276595455,U_0445,2026-02-06,11537.883650693999,False,,False
V_3420291536,U_0450,2026-02-06,2243.8626119999453,False,,False
V_0e1313af,U_0511,2026-02-06,5355.142243456535,True,G_ad72bb,True
V_8a13791e,U_0874,2026-02-06,6121.402673587945,True,G_ad72bb,False
V_25f321ce,U_0580,2026-02-06,5706.362471539679,True,G_ad72bb,False
V_55304e82,U_0783,2026-02-06,3843.558237878774,True,G_ad72bb,False
V_501ce92d,U_0510,2026-02-06,4239.56484810872,True,G_ad72bb,False
V_4101824015,U_0536,2026-02-06,6377.568219394196,False,,False
V_89aa56f9,U_0582,2026-02-06,7129.672285691347,True,G_32d125,True
V_855e9560,U_0794,2026-02-06,8426.98967872013,True,G_32d125,False
V_530c5aeb,U_0015,2026-02-06,8572.859481025866,True,G_32d125,False
V_b183b45f,U_0415,2026-02-06,8951.234676198927,True,G_32d125,False
V_3b2c1c05,U_0503,2026-02-06,11538.086510880992,True,G_32d125,False
V_af6ddf2b,U_0618,2026-02-06,3943.6408698735722,True,G_1e9c22,True
V_ce199366,U_0326,2026-02-06,5871.836255656427,True,G_1e9c22,False
V_dc636304,U_0772,2026-02-06,7032.031181731941,True,G_1e9c22,False
V_a88dcfe8,U_0094,2026-02-06,4620.273222731202,True,G_1e9c22,False
V_4137837250,U_0663,2026-02-06,2347.755843777563,False,,False
V_35f4a4ec,U_0683,2026-02-06,5040.45759646313,True,G_a1a6af,True
V_07faaba7,U_0613,2026-02-06,6742.27011277158,True,G_a1a6af,False
V_2e4616ac,U_0644,2026-02-06,4706.118417330272,True,G_a1a6af,False
V_1616069363,U_0688,2026-02-06,5671.1951693116,False,,False
V_bf989991,U_0738,2026-02-06,6490.649898368057,True,G_f370c8,True
V_beecee32,U_0729,2026-02-06,4511.951575137677,True,G_f370c8,False
V_3f5fcf7e,U_0782,2026-02-06,3683.6316438841627,True,G_f370c8,False
V_179cdd67,U_0486,2026-02-06,6180.999224290674,True,G_f370c8,False
V_beef8a95,U_0083,2026-02-06,6212.8810082966775,True,G_f370c8,False
V_3377748190,U_0745,2026-02-06,2942.090137841489,False,,False
V_ec751be3,U_0747,2026-02-06,2338.3659387048547,True,G_6ec968,True
V_457a1f48,U_0179,2026-02-06,2909.4194717616538,True,G_6ec968,False
V_3574419893,U_0757,2026-02-06,3678.52582386782,False,,False
V_468329a0,U_0765,2026-02-06,2411.0246560973424,True,G_fe429a,True
V_d8a559b9,U_0751,2026-02-06,2185.6849343408458,True,G_fe429a,False
V_b7fe3c7f,U_0919,2026-02-06,2363.0825490373313,True,G_fe429a,False
V_815237a3,U_0832,2026-02-06,2199.4821602672378,True,G_fe429a,False
V_2fda8c47,U_0118,2026-02-06,3171.4440708422912,True,G_fe429a,False
V_954722e7,U_0831,2026-02-06,5678.618752339249,True,G_b3ac1f,True
V_542854ed,U_0582,2026-02-06,6107.0943375233155,True,G_b3ac1f,False
V_2ba2effb,U_0628,2026-02-06,10143.89132910301,True,G_b3ac1f,False
V_ead041e6,U_0591,2026-02-06,7075.696735691502,True,G_b3ac1f,False
V_04e0eaf9,U_0937,2026-02-06,9836.67292811616,True,G_b3ac1f,False
V_7df321c7,U_0993,2026-02-06,5649.279383018449,True,G_b3ac1f,False
V_949536426,U_0937,2026-02-06,11228.001623135458,False,,False
V_de20d755,U_0939,2026-02-06,3562.336163863596,True,G_8f7abc,True
V_3836e86a,U_0677,2026-02-06,1847.5227064708972,True,G_8f7abc,False
V_abbe935a,U_0129,2026-02-06,2376.569801260766,True,G_8f7abc,False
V_a89a4133,U_0138,2026-02-06,4258.114276555745,True,G_8f7abc,False
V_060e8dc7,U_0621,2026-02-06,3144.0616144565765,True,G_8f7abc,False
V_1137316586,U_0972,2026-02-06,5804.161083140874,False,,False
V_d93dfda2,U_0977,2026-02-06,9271.324550892505,True,G_8157ca,True
V_f16d9db4,U_0752,2026-02-06,7171.178529994097,True,G_8157ca,False
V_c7e37be6,U_0434,2026-02-06,6930.92540906555,True,G_8157ca,False
V_3039e6cf,U_0206,2026-02-06,6287.185694391545,True,G_8157ca,False
V_b8b40555,U_0628,2026-02-06,11152.246553357902,True,G_8157ca,False
V_b0987800,U_0001,2026-02-07,6639.084477272048,True,G_0a43ed,True
V_a6b1e5de,U_0638,2026-02-07,4228.693871359832,True,G_0a43ed,False
V_98c0b729,U_0170,2026-02-07,4774.158375054304,True,G_0a43ed,False
V_cb0b8b8a,U_0469,2026-02-07,3923.585409037862,True,G_0a43ed,False
V_1200728101,U_0033,2026-02-07,3269.911819094279,False,,False
V_ea465606,U_0082,2026-02-07,6197.9619018567755,True,G_5475e1,True
V_4015fcb9,U_0174,2026-02-07,4233.6467048110235,True,G_5475e1,False
V_992052593,U_0097,2026-02-07,10611.525522878906,False,,False
V_606447566,U_0121,2026-02-07,5827.453115287447,False,,False
V_45347f10,U_0161,2026-02-07,6274.458390693027,True,G_242bd0,True
V_0f0df61f,U_0143,2026-02-07,4788.800449725025,True,G_242bd0,False
V_3ef40620,U_0845,2026-02-07,5072.979261370124,True,G_242bd0,False
V_3361086584,U_0189,2026-02-07,2220.233509031243,False,,False
V_3057314236,U_0229,2026-02-07,5045.333040888658,False,,False
V_2371567499,U_0254,2026-02-07,2274.07716432356,False,,False
V_4102115390,U_0277,2026-02-07,4581.66069519453,False,,False
V_c2d3a279,U_0303,2026-02-07,9283.444245697532,True,G_0dfeed,True
V_ad8d1ee5,U_0977,2026-02-07,7539.863597470363,True,G_0dfeed,False
V_93001bd6,U_0646,2026-02-07,10914.640501127671,True,G_0dfeed,False
V_5274f68b,U_0436,2026-02-07,11430.831081881188,True,G_0dfeed,False
V_474f7cc9,U_0755,2026-02-07,12138.41711217634,True,G_0dfeed,False
V_6881dd70,U_0387,2026-02-07,10446.74318117321,True,G_0dfeed,False
V_249469264,U_0361,2026-02-07,3301.0489028527454,False,,False
V_b39a90d9,U_0526,2026-02-07,5152.135269138297,True,G_044862,True
V_b09f3159,U_0260,2026-02-07,7226.491567119986,True,G_044862,False
V_00248884,U_0965,2026-02-07,5477.240505211341,True,G_044862,False
V_a8582ac1,U_0788,2026-02-07,4757.244156282319,True,G_044862,False
V_96447bcf,U_0085,2026-02-07,3071.8823953791502,True,G_044862,False
V_424bfa30,U_0494,2026-02-07,3911.72964324097,True,G_044862,False
V_4642bf2e,U_0623,2026-02-07,13111.229934694435,True,G_5d9c7f,True
V_e867c24b,U_0591,2026-02-07,7134.9115627745505,True,G_5d9c7f,False
V_2134507077,U_0662,2026-02-07,3233.014193833102,False,,False
V_2020513739,U_0689,2026-02-07,5723.763927040298,False,,False
V_955628908,U_0704,2026-02-07,7175.767636592214,False,,False
V_5efb6b5b,U_0715,2026-02-07,2836.482732301849,True,G_94a7fc,True
V_cd31740d,U_0631,2026-02-07,2939.4719148746617,True,G_94a7fc,False
V_1572e5f9,U_0765,2026-02-07,2258.7410521978563,True,G_94a7fc,False
V_5c22e488,U_0399,2026-02-07,2913.7275508267826,True,G_94a7fc,False
V_653783577,U_0720,2026-02-07,2735.933893986349,False,,False
V_1880541529,U_0811,2026-02-07,5714.714190147177,False,,False
V_9905251d,U_0840,2026-02-07,3932.626032978326,True,G_af8163,True
V_cfa4b893,U_0782,2026-02-07,3935.2274766134296,True,G_af8163,False
V_398bfc19,U_0280,2026-02-07,6493.648618206139,True,G_af8163,False
V_d2c6ff8d,U_0425,2026-02-07,4602.8882882170155,True,G_af8163,False
V_7c1efe6a,U_0845,2026-02-07,5054.435333471649,True,G_68b389,True
V_9ef7c5a0,U_0354,2026-02-07,7718.751171354928,True,G_68b389,False
V_465fd136,U_0828,2026-02-07,3614.0464847080398,True,G_68b389,False
V_651ae807,U_0594,2026-02-07,5844.471550679115,True,G_68b389,False
V_583304890,U_0890,2026-02-07,6103.799934941805,False,,False
V_3804467081,U_0913,2026-02-07,7589.819666144124,False,,False
V_bd23d773,U_0915,2026-02-07,5295.704992322203,True,G_8998eb,True
V_2a9ea234,U_0117,2026-02-07,5094.933201909553,True,G_8998eb,False
V_da6a5e44,U_0576,2026-02-07,7418.090521238006,True,G_8998eb,False
V_9026ae46,U_0611,2026-02-07,6215.844058606338,True,G_8998eb,False
V_e7718429,U_0862,2026-02-07,6807.2081221711005,True,G_8998eb,False
V_64848a21,U_0575,2026-02-07,5239.040516469832,True,G_8998eb,False
V_6d2916dd,U_0951,2026-02-07,8659.718033460367,True,G_841c88,True
V_7cf912b6,U_0434,2026-02-07,6914.36810363864,True,G_841c88,False
V_13973b24,U_0055,2026-02-07,11035.339842087875,True,G_841c88,False
V_7e364900,U_0897,2026-02-07,9368.539054335346,True,G_841c88,False
V_d588e351,U_0691,2026-02-07,6762.529363864783,True,G_841c88,False
V_2372949509,U_0966,2026-02-07,3443.061805105305,False,,False
V_2346350677,U_0977,2026-02-07,8302.667393945005,False,,False
V_109dff71,U_0015,2026-02-08,8948.347713330986,True,G_61fa09,True
V_4ce92bf9,U_0461,2026-02-08,8367.629365033108,True,G_61fa09,False
V_0ffc45a4,U_0088,2026-02-08,11236.714708183328,True,G_61fa09,False
V_036f2ab0,U_0019,2026-02-08,8026.180274251009,True,G_3e1978,True
V_1f9e387d,U_0695,2026-02-08,8159.822068189027,True,G_3e1978,False
V_28061433,U_0043,2026-02-08,3610.7860849889316,True,G_54d221,True
V_37c116c9,U_0789,2026-02-08,4245.153705151656,True,G_54d221,False
V_d81e3caf,U_0730,2026-02-08,2700.1884903806854,True,G_54d221,False
V_2307434175,U_0062,2026-02-08,4133.735379558686,False,,False
V_3945833551,U_0132,2026-02-08,2129.406200962802,False,,False
V_6086bd3d,U_0178,2026-02-08,10092.905683515475,True,G_df5886,True
V_58317407,U_0503,2026-02-08,12627.383945632573,True,G_df5886,False
V_6158d6bd,U_0623,2026-02-08,12979.845860782627,True,G_df5886,False
V_2207063074,U_0238,2026-02-08,9696.532649033159,False,,False
V_3628806045,U_0241,2026-02-08,2274.1650022365975,False,,False
V_2866889388,U_0243,2026-02-08,4340.0540230379665,False,,False
V_865896380,U_0266,2026-02-08,2961.917421090169,False,,False
V_08c8ed4a,U_0269,2026-02-08,5979.387627007522,True,G_017f30,True
V_73aaaf78,U_0922,2026-02-08,4386.669970885933,True,G_017f30,False
V_9aad89db,U_0304,2026-02-08,3245.1888212584713,True,G_5cf82c,True
V_9288f261,U_0453,2026-02-08,3369.9877560736445,True,G_5cf82c,False
V_12963e51,U_0403,2026-02-08,5298.308736943432,True,G_5cf82c,False
V_10c847ed,U_0573,2026-02-08,4088.8743770030114,True,G_5cf82c,False
V_9720a747,U_0001,2026-02-08,7187.424384864238,True,G_5cf82c,False
V_1118263388,U_0328,2026-02-08,7254.247380875649,False,,False
V_3269340630,U_0373,2026-02-08,10247.308732612855,False,,False
V_3d96fcaf,U_0378,2026-02-08,4533.132385234757,True,G_d39844,True
V_b58f0a00,U_0280,2026-02-08,6269.024424746269,True,G_d39844,False
V_b82b7106,U_0261,2026-02-08,4523.267976417058,True,G_d39844,False
V_60c4f332,U_0288,2026-02-08,5089.98207871003,True,G_d39844,False
V_e69f16e4,U_0846,2026-02-08,5948.534770636961,True,G_d39844,False
V_ed4b0b32,U_0421,2026-02-08,6412.836251799945,True,G_d39844,False
V_4092479392,U_0451,2026-02-08,6278.429901065297,False,,False
V_d6069448,U_0458,2026-02-08,9459.587056612656,True,G_a9bcb9,True
V_834f82fe,U_0591,2026-02-08,8202.394033095727,True,G_a9bcb9,False
V_aa19faac,U_0168,2026-02-08,7932.254894405671,True,G_a9bcb9,False
V_61356277,U_0019,2026-02-08,6719.057501697394,True,G_a9bcb9,False
V_c9019b9c,U_0461,2026-02-08,9147.455398852497,True,G_bde626,True
V_54805bde,U_0484,2026-02-08,10323.852803707767,True,G_bde626,False
V_e921eb7b,U_0518,2026-02-08,7435.111543799399,True,G_bde626,False
V_06f266f9,U_0168,2026-02-08,9942.033907846186,True,G_bde626,False
V_907d7860,U_0238,2026-02-08,9542.579386783924,True,G_bde626,False
V_5ed3fcba,U_0163,2026-02-08,9177.872486083952,True,G_bde626,False
V_1465552332,U_0503,2026-02-08,10476.665548720526,False,,False
V_97ea0455,U_0517,2026-02-08,2376.9315991581634,True,G_a95ee4,True
V_2ab2a7dd,U_0562,2026-02-08,3042.189055307652,True,G_a95ee4,False
V_2fae929a,U_0743,2026-02-08,2037.3927074290857,True,G_a95ee4,False
V_31a2b950,U_0548,2026-02-08,8690.517463272103,True,G_0aae59,True
V_f7a1eac9,U_0461,2026-02-08,8443.303423196543,True,G_0aae59,False
V_d6f4f74c,U_0178,2026-02-08,7950.854097335928,True,G_0aae59,False
V_eaac03a7,U_0691,2026-02-08,7665.219401026576,True,G_0aae59,False
V_3500135497,U_0553,2026-02-08,3928.224875488514,False,,False
V_2980931919,U_0565,2026-02-08,9352.147157127838,False,,False
V_3d403fd0,U_0581,2026-02-08,8266.530538319737,True,G_dd594c,True
V_70bf7d1e,U_0866,2026-02-08,11860.088273141257,True,G_dd594c,False
V_2344161652,U_0582,2026-02-08,7250.936681463796,False,,False
V_47d32a17,U_0607,2026-02-08,4830.249680385567,True,G_5c3f7c,True
V_3857db96,U_0947,2026-02-08,6471.544884251849,True,G_5c3f7c,False
V_f8cf479a,U_0173,2026-02-08,5155.054451936535,True,G_5c3f7c,False
V_acf15b62,U_0523,2026-02-08,3841.2933596908406,True,G_5c3f7c,False
V_d9ef8693,U_0190,2026-02-08,6567.099867924269,True,G_5c3f7c,False
V_f3368535,U_0494,2026-02-08,3844.8789606560667,True,G_5c3f7c,False
V_c625861d,U_0629,2026-02-08,3164.890234848905,True,G_37b44c,True
V_d2d60caa,U_0044,2026-02-08,2994.187879262258,True,G_37b44c,False
V_0c9ee5ca,U_0944,2026-02-08,2226.071508599943,True,G_37b44c,False
V_42cef70f,U_0148,2026-02-08,2865.8538567123805,True,G_37b44c,False
V_661dd4cf,U_0677,2026-02-08,2346.486163423054,True,G_155df5,True
V_6c1354f6,U_0406,2026-02-08,2510.7537809314463,True,G_155df5,False
V_7e3d5426,U_0818,2026-02-08,3425.4318888956504,True,G_155df5,False
V_c0cc1531,U_0835,2026-02-08,3599.809794290389,True,G_155df5,False
V_800414774,U_0683,2026-02-08,5080.6752263305425,False,,False
V_379393731,U_0755,2026-02-08,9722.40254471001,False,,False
V_3e4f465f,U_0771,2026-02-08,6500.407601459559,True,G_ea42ab,True
V_c8e0c573,U_0916,2026-02-08,6006.393519627445,True,G_ea42ab,False
V_bba071b6,U_0170,2026-02-08,3492.702298772753,True,G_ea42ab,False
V_32dfe3cb,U_0403,2026-02-08,5847.616658971513,True,G_ea42ab,False
V_2967476070,U_0798,2026-02-08,4016.42071172859,False,,False
V_1642980451,U_0840,2026-02-08,3387.6114393171597,False,,False
V_821328222,U_0852,2026-02-08,8231.001329225073,False,,False
V_3522149820,U_0922,2026-02-08,4222.003509190193,False,,False
V_ece74b54,U_0937,2026-02-08,8376.281904779868,True,G_0778bc,True
V_5f3867b2,U_0345,2026-02-08,9066.50687093164,True,G_0778bc,False
V_32c40f2d,U_0851,2026-02-08,5015.701725497326,True,G_0778bc,False
V_9fd0b35e,U_0324,2026-02-08,8938.908250278788,True,G_0778bc,False
V_ea0ec889,U_0951,2026-02-08,11856.730841152184,True,G_edf4ce,True
V_6cdd4b37,U_0237,2026-02-08,10720.20032713564,True,G_edf4ce,False
V_d4349026,U_0623,2026-02-08,11517.656720844332,True,G_edf4ce,False
V_1374969920,U_0978,2026-02-08,2629.900056488094,False,,False
V_1352145698,U_0993,2026-02-08,7003.927784289791,False,,False
V_3333109854,U_0006,2026-02-09,5399.511881772084,False,,False
V_3623882097,U_0055,2026-02-09,10934.868625992916,False,,False
V_0cbf77b0,U_0093,2026-02-09,4621.588572196924,True,G_63e084,True
V_6bff6068,U_0965,2026-02-09,5859.270946536298,True,G_63e084,False
V_17fc5cfb,U_0097,2026-02-09,10112.925348060216,True,G_c3d5d7,True
V_d7e69339,U_0163,2026-02-09,10684.713623479638,True,G_c3d5d7,False
V_ea31b30f,U_0875,2026-02-09,7010.3241850842205,True,G_c3d5d7,False
V_9c2fb909,U_0323,2026-02-09,7984.911300961018,True,G_c3d5d7,False
V_281666446,U_0221,2026-02-09,6958.916100273614,False,,False
V_fdc458fd,U_0227,2026-02-09,2842.160759085037,True,G_503002,True
V_146c51f5,U_0255,2026-02-09,3187.1275674240646,True,G_503002,False
V_22d3e378,U_0286,2026-02-09,4076.5985533074227,True,G_503002,False
V_5cd3236d,U_0867,2026-02-09,2715.939583339143,True,G_503002,False
V_940593965,U_0228,2026-02-09,3729.707661918988,False,,False
V_fe1f24be,U_0231,2026-02-09,5022.6855526801655,True,G_c763fa,True
V_c02f0f70,U_0080,2026-02-09,7131.784049144247,True,G_c763fa,False
V_182025206,U_0238,2026-02-09,9425.939345920908,False,,False
V_ac314049,U_0253,2026-02-09,3459.199065841507,True,G_847688,True
V_00283c5b,U_0122,2026-02-09,2213.297678688529,True,G_847688,False
V_2289e962,U_0197,2026-02-09,4234.530201209315,True,G_847688,False
V_c355f7bf,U_0914,2026-02-09,3116.883329381654,True,G_847688,False
V_6d67c18c,U_0343,2026-02-09,1797.3464558939609,True,G_847688,False
V_0e9202f4,U_0332,2026-02-09,7079.848644267069,True,G_abc9b0,True
V_a66acdfd,U_0787,2026-02-09,7851.38964226759,True,G_abc9b0,False
V_05e54e9f,U_0868,2026-02-09,7242.951561633323,True,G_abc9b0,False
V_b6e00294,U_0723,2026-02-09,5555.923373717612,True,G_abc9b0,False
V_2985357183,U_0362,2026-02-09,2396.8890702438352,False,,False
V_6eb1617c,U_0373,2026-02-09,12900.67624071947,True,G_3e3691,True
V_6d9bb0ea,U_0548,2026-02-09,8108.961382819785,True,G_3e3691,False
V_1feed6d6,U_0181,2026-02-09,10953.114090710844,True,G_3e3691,False
V_3d4406f3,U_0160,2026-02-09,8811.589452438091,True,G_3e3691,False
V_e84bbb85,U_0969,2026-02-09,10576.358537411292,True,G_3e3691,False
V_e2b22aa2,U_0055,2026-02-09,8875.032969943839,True,G_3e3691,False
V_38c900eb,U_0385,2026-02-09,4577.21932474097,True,G_4483d4,True
V_391eb12e,U_0493,2026-02-09,7201.653620294429,True,G_4483d4,False
V_b96aae81,U_0451,2026-02-09,6863.159753426271,True,G_4483d4,False
V_e8814fb3,U_0110,2026-02-09,5985.957070505923,True,G_4483d4,False
V_717daee2,U_0513,2026-02-09,13713.337190932989,True,G_a938d1,True
V_86e5020a,U_0458,2026-02-09,12813.089895405921,True,G_a938d1,False
V_729692b6,U_0160,2026-02-09,9557.703389501012,True,G_a938d1,False
V_c0a6559d,U_0727,2026-02-09,8513.248433377272,True,G_a938d1,False
V_2a982089,U_0917,2026-02-09,5831.593665075068,True,G_a938d1,False
V_683369403,U_0562,2026-02-09,3181.1215253045575,False,,False
V_12b4b8b8,U_0567,2026-02-09,8620.71972360718,True,G_4afaca,True
V_f4d9e776,U_0802,2026-02-09,11433.916594278193,True,G_4afaca,False
V_f9f18e9e,U_0704,2026-02-09,7597.25238527351,True,G_4afaca,False
V_859c04cb,U_0075,2026-02-09,13093.545336771029,True,G_4afaca,False
V_2725500289,U_0581,2026-02-09,7527.855199217275,False,,False
V_3891424327,U_0665,2026-02-09,5831.268438663128,False,,False
V_1147765030,U_0721,2026-02-09,5885.960758396039,False,,False
V_2661933198,U_0727,2026-02-09,11033.768226120208,False,,False
V_826249637,U_0763,2026-02-09,2708.0613032543415,False,,False
V_3701eab1,U_0778,2026-02-09,2545.337501766087,True,G_18cc5f,True
V_55f36f7d,U_0287,2026-02-09,2755.430786365072,True,G_18cc5f,False
V_c67f7fcb,U_0914,2026-02-09,4179.861350564962,True,G_18cc5f,False
V_8407b38c,U_0960,2026-02-09,3044.2577148599044,True,G_18cc5f,False
V_86d6f653,U_0051,2026-02-09,3042.008085814967,True,G_18cc5f,False
V_3588016384,U_0888,2026-02-09,7041.076483875169,False,,False
V_1031870891,U_0896,2026-02-09,10606.564773258611,False,,False
V_2140080059,U_0951,2026-02-09,11632.426250432702,False,,False
V_959378312,U_0955,2026-02-09,9593.141302744998,False,,False
V_1291399145,U_0009,2026-02-10,5514.674154790268,False,,False
V_1650223972,U_0012,2026-02-10,4609.424954824437,False,,False
V_b00e0c36,U_0019,2026-02-10,7167.455300469124,True,G_c17873,True
V_8719beb9,U_0457,2026-02-10,9417.612144430113,True,G_c17873,False
V_e8522031,U_0693,2026-02-10,5317.565553494062,True,G_c17873,False
V_59059665,U_0623,2026-02-10,11171.139867993175,True,G_c17873,False
V_4ac8b9e5,U_0445,2026-02-10,10429.22551246019,True,G_c17873,False
V_1501922779,U_0052,2026-02-10,2565.5300302241712,False,,False
V_a7352a5a,U_0094,2026-02-10,4482.364563068091,True,G_06e663,True
V_3dbb51a5,U_0085,2026-02-10,3580.110934597426,True,G_06e663,False
V_34bd04aa,U_0807,2026-02-10,5349.059138182965,True,G_06e663,False
V_121420163,U_0101,2026-02-10,4178.992544063704,False,,False
V_c5c35360,U_0112,2026-02-10,6255.693651811257,True,G_9456bc,True
V_2c5486ef,U_0916,2026-02-10,5917.6728760478945,True,G_9456bc,False
V_1e89c02a,U_0258,2026-02-10,4069.759876103796,True,G_9456bc,False
V_963058689,U_0149,2026-02-10,3143.481693371664,False,,False
V_2252616238,U_0195,2026-02-10,5126.379289731509,False,,False
V_ce5dabd4,U_0225,2026-02-10,11987.707406482818,True,G_d857b5,True
V_a5ba016f,U_0888,2026-02-10,7046.468600146131,True,G_d857b5,False
V_4ff40ffb,U_0752,2026-02-10,6078.149263719443,True,G_d857b5,False
V_380f3e8a,U_0770,2026-02-10,9784.996987175375,True,G_d857b5,False
V_97cfdfaf,U_0238,2026-02-10,8772.16280532155,True,G_d857b5,False
V_41fa82cf,U_0244,2026-02-10,2321.610443241108,True,G_42cad5,True
V_283e9ef0,U_0589,2026-02-10,3340.245018041926,True,G_42cad5,False
V_704171925,U_0276,2026-02-10,6167.421730159486,False,,False
V_3074389594,U_0290,2026-02-10,3504.8399980698264,False,,False
V_2afee2c7,U_0305,2026-02-10,5186.860188564114,True,G_f2e2ba,True
V_c01f2639,U_0647,2026-02-10,5039.588755728575,True,G_f2e2ba,False
V_58a682ed,U_0161,2026-02-10,7803.903645209463,True,G_f2e2ba,False
V_77a0ab46,U_0135,2026-02-10,4497.5276985467035,True,G_f2e2ba,False
V_72f19572,U_0325,2026-02-10,6951.83146290965,True,G_27dd50,True
V_7394a0ba,U_0369,2026-02-10,5628.713637472291,True,G_27dd50,False
V_2e56df0f,U_0840,2026-02-10,3817.767960642061,True,G_27dd50,False
V_e1bca022,U_0338,2026-02-10,10744.633485148588,True,G_a8d0c6,True
V_143ffd45,U_0816,2026-02-10,9496.316627680142,True,G_a8d0c6,False
V_e30a2226,U_0614,2026-02-10,12395.839605937792,True,G_a8d0c6,False
V_daae9dd4,U_0831,2026-02-10,5499.02549270791,True,G_a8d0c6,False
V_59b08da6,U_0982,2026-02-10,6703.359898536949,True,G_a8d0c6,False
V_705fa9fe,U_0349,2026-02-10,3542.6884222228923,True,G_de795d,True
V_1b3a7652,U_0300,2026-02-10,6556.520720213429,True,G_de795d,False
V_4e82762f,U_0590,2026-02-10,5584.981896978608,True,G_de795d,False
V_0fe9f7a8,U_0111,2026-02-10,5316.216787182015,True,G_de795d,False
V_969c2c21,U_0375,2026-02-10,4253.815259684951,True,G_1ecf10,True
V_3754cf5a,U_0141,2026-02-10,4361.938007381838,True,G_1ecf10,False
V_05d55ec4,U_0644,2026-02-10,5149.655501969399,True,G_1ecf10,False
V_b51908cc,U_0325,2026-02-10,5446.468255169218,True,G_1ecf10,False
V_5f3ea455,U_0378,2026-02-10,4960.576429538266,True,G_1ecf10,False
V_a87fd292,U_0912,2026-02-10,4312.576090936935,True,G_1ecf10,False
V_6c4b489b,U_0390,2026-02-10,2183.150453331692,True,G_c28609,True
V_6ef6ba86,U_0411,2026-02-10,2907.3937869061865,True,G_c28609,False
V_5b1c87ec,U_0936,2026-02-10,3681.7636509849103,True,G_c28609,False
V_3664786321,U_0446,2026-02-10,3623.7909679752206,False,,False
V_3855291509,U_0547,2026-02-10,3010.3203051513005,False,,False
V_70a275fa,U_0560,2026-02-10,8038.515054743059,True,G_a671e4,True
V_bfaa4233,U_0682,2026-02-10,10006.731683156317,True,G_a671e4,False
V_58a66673,U_0982,2026-02-10,8377.805859634364,True,G_a671e4,False
V_73a6c671,U_0582,2026-02-10,4861.398811293408,True,G_da167f,True
V_f1562d6b,U_0436,2026-02-10,11034.919487697909,True,G_da167f,False
V_7a02afc4,U_0075,2026-02-10,10891.360446857861,True,G_da167f,False
V_d71bc2f3,U_0693,2026-02-10,7478.181092427002,True,G_d6f68a,True
V_285343e5,U_0436,2026-02-10,11235.029824900741,True,G_d6f68a,False
V_31b54f8b,U_0206,2026-02-10,6868.838568209905,True,G_d6f68a,False
V_7b526112,U_0178,2026-02-10,9395.393615848843,True,G_d6f68a,False
V_2650073468,U_0752,2026-02-10,6382.582211207649,False,,False
V_1788420759,U_0755,2026-02-10,11731.09326619793,False,,False
V_3424513613,U_0816,2026-02-10,9514.932116644259,False,,False
V_2255895004,U_0826,2026-02-10,6699.869921293634,False,,False
V_9cd26901,U_0851,2026-02-10,6935.007697035329,True,G_cd121b,True
V_4607ec66,U_0484,2026-02-10,10746.687218596255,True,G_cd121b,False
V_f9b4bd8f,U_0802,2026-02-10,8040.793592968174,True,G_cd121b,False
V_4236385370,U_0864,2026-02-10,4679.9845186723915,False,,False
V_4109601698,U_0866,2026-02-10,9316.857926823312,False,,False
V_1491067690,U_0900,2026-02-10,6329.437318329213,False,,False
V_5e841fa9,U_0951,2026-02-10,10368.29167858918,True,G_d36f32,True
V_cffa0c53,U_0055,2026-02-10,8545.743857351208,True,G_d36f32,False
V_38799354,U_0415,2026-02-10,9029.27145235316,True,G_d36f32,False
V_2015033996,U_0014,2026-02-11,2396.649842976444,False,,False
V_1143118090,U_0015,2026-02-11,11186.810457625643,False,,False
V_794206312,U_0043,2026-02-11,3315.023169041554,False,,False
V_2643654737,U_0067,2026-02-11,7456.688145217807,False,,False
V_798604436,U_0089,2026-02-11,7044.917161988559,False,,False
V_2564826480,U_0097,2026-02-11,10769.805770848541,False,,False
V_2012608510,U_0196,2026-02-11,3867.655497149619,False,,False
V_9db6e7fd,U_0232,2026-02-11,3867.6624882548745,True,G_52e4a8,True
V_f404c311,U_0174,2026-02-11,5924.101437080232,True,G_52e4a8,False
V_23cbbb15,U_0576,2026-02-11,6503.890158299807,True,G_52e4a8,False
V_2df2967c,U_0141,2026-02-11,4286.595455963015,True,G_52e4a8,False
V_67f5471b,U_0128,2026-02-11,6462.1843054472565,True,G_52e4a8,False
V_c322510b,U_0430,2026-02-11,4461.307490113252,True,G_52e4a8,False
V_3ad539e8,U_0261,2026-02-11,4617.831166803933,True,G_a15586,True
V_c34e764e,U_0214,2026-02-11,4305.539841511819,True,G_a15586,False
V_12cb08b6,U_0110,2026-02-11,5912.529431828225,True,G_a15586,False
V_2848514382,U_0298,2026-02-11,2629.2472587874936,False,,False
V_3506394758,U_0354,2026-02-11,6105.58092324743,False,,False
V_2c12f5b1,U_0415,2026-02-11,6574.188141589527,True,G_cc70fc,True
V_d298d782,U_0770,2026-02-11,8503.504478401866,True,G_cc70fc,False
V_6b95784b,U_0163,2026-02-11,9906.059401696068,True,G_cc70fc,False
V_00b3bb64,U_0503,2026-02-11,12352.170445648397,True,G_cc70fc,False
V_3252100667,U_0424,2026-02-11,3427.834267115764,False,,False
V_3218766773,U_0536,2026-02-11,5783.5645049668,False,,False
V_20673bb2,U_0548,2026-02-11,8297.255638445708,True,G_2565d8,True
V_69927338,U_0168,2026-02-11,10140.71325688432,True,G_2565d8,False
V_9e6b7bf2,U_0831,2026-02-11,5308.823628321357,True,G_2565d8,False
V_09b6971b,U_0456,2026-02-11,12928.830154409869,True,G_2565d8,False
V_8ec724af,U_0866,2026-02-11,11447.682352929232,True,G_2565d8,False
V_8b4750b6,U_0434,2026-02-11,6600.28678974775,True,G_2565d8,False
V_90474027,U_0604,2026-02-11,8108.096593541109,False,,False
V_2551530073,U_0611,2026-02-11,5364.567999213293,False,,False
V_3138539463,U_0612,2026-02-11,4072.874050987503,False,,False
V_9a13e473,U_0617,2026-02-11,3193.6600306400233,True,G_ff1f90,True
V_d4bd42de,U_0298,2026-02-11,2229.3137692422056,True,G_ff1f90,False
V_5de82164,U_0213,2026-02-11,4031.5387737555816,True,G_ff1f90,False
V_3290311040,U_0655,2026-02-11,6700.5694434019115,False,,False
V_4b949a56,U_0672,2026-02-11,3225.042641835384,True,G_b07781,True
V_634b19c3,U_0843,2026-02-11,5145.538181802537,True,G_b07781,False
V_7905c095,U_0809,2026-02-11,4137.231027172768,True,G_b07781,False
V_eec9eae2,U_0422,2026-02-11,7282.812421122871,True,G_b07781,False
V_2365393306,U_0689,2026-02-11,5432.3187355599175,False,,False
V_2635823005,U_0735,2026-02-11,6218.208845372199,False,,False
V_c062f823,U_0784,2026-02-11,3881.7068519570107,True,G_910b0a,True
V_db689794,U_0213,2026-02-11,4159.7458105422875,True,G_910b0a,False
V_d9d7e80e,U_0940,2026-02-11,2809.3102834816505,True,G_910b0a,False
V_c9e45f0a,U_0836,2026-02-11,2577.501681897391,True,G_910b0a,False
V_2365798928,U_0802,2026-02-11,11141.215876130022,False,,False
V_2335265319,U_0934,2026-02-11,3580.3486036679,False,,False
V_2022453211,U_0937,2026-02-11,10039.127495548688,False,,False
V_8b86bea6,U_0977,2026-02-11,9772.896298047674,True,G_d1ca40,True
V_a96b6ab2,U_0565,2026-02-11,10676.530919820189,True,G_d1ca40,False
V_853c9409,U_0737,2026-02-11,5990.314936721468,True,G_d1ca40,False
V_670ab225,U_0560,2026-02-11,7567.070339464526,True,G_d1ca40,False
V_898a5290,U_0628,2026-02-11,12973.895028478526,True,G_d1ca40,False
V_8b28200e,U_0995,2026-02-11,5590.667397687993,True,G_0a337a,True
V_b85285b5,U_0112,2026-02-11,7741.030707487311,True,G_0a337a,False
V_bfb4fc4a,U_0276,2026-02-11,6540.948469475929,True,G_0a337a,False
V_1d663cda,U_0121,2026-02-11,5076.591994833106,True,G_0a337a,False
V_ddc3173e,U_0252,2026-02-11,5506.2194059395915,True,G_0a337a,False
V_f9c14c7c,U_0670,2026-02-11,3909.9517241151657,True,G_0a337a,False
V_3713257096,U_0080,2026-02-12,5512.771051536806,False,,False
V_3839430677,U_0119,2026-02-12,3090.3316614096334,False,,False
V_1736630418,U_0121,2026-02-12,5472.715354621183,False,,False
V_3210306612,U_0146,2026-02-12,5172.796129133148,False,,False
V_3321178932,U_0160,2026-02-12,9370.004930787032,False,,False
V_3636116270,U_0171,2026-02-12,2885.2562951500545,False,,False
V_ce5a2e2f,U_0265,2026-02-12,7606.066200243698,True,G_8ed5b7,True
V_3a246390,U_0373,2026-02-12,13905.60121284583,True,G_8ed5b7,False
V_fef4ec06,U_0168,2026-02-12,7932.934319947147,True,G_8ed5b7,False
V_0379a6df,U_0614,2026-02-12,13068.683451123088,True,G_8ed5b7,False
V_e8ee26ba,U_0917,2026-02-12,6787.1500932076915,True,G_8ed5b7,False
V_1691408144,U_0288,2026-02-12,5653.070011047026,False,,False
V_05ef461c,U_0295,2026-02-12,4123.74722898228,True,G_2ddc5a,True
V_689a49ad,U_0121,2026-02-12,4766.295835244224,True,G_2ddc5a,False
V_9b7d7302,U_0000,2026-02-12,5085.726133665344,True,G_2ddc5a,False
V_829a9d0b,U_0068,2026-02-12,3916.811482947688,True,G_2ddc5a,False
V_b5dfc66d,U_0030,2026-02-12,5012.7217253962435,True,G_2ddc5a,False
V_05bb00a6,U_0314,2026-02-12,5027.801759614387,True,G_2ddc5a,False
V_0cf911af,U_0397,2026-02-12,3321.912085695499,True,G_eedadc,True
V_42118984,U_0990,2026-02-12,2738.4972477182237,True,G_eedadc,False
V_98ba3aec,U_0144,2026-02-12,2959.2262245493384,True,G_eedadc,False
V_66e4e27a,U_0450,2026-02-12,1883.2238183249137,True,G_eedadc,False
V_cec4a806,U_0593,2026-02-12,2300.06641307369,True,G_eedadc,False
V_cc9eb8e6,U_0226,2026-02-12,3740.7662302374697,True,G_eedadc,False
V_119cc3ce,U_0421,2026-02-12,7754.743280188773,True,G_5e289e,True
V_0170c919,U_0102,2026-02-12,5107.2570647114835,True,G_5e289e,False
V_476bbee3,U_0215,2026-02-12,5422.195715304965,True,G_5e289e,False
V_1678199759,U_0479,2026-02-12,1858.7533851847802,False,,False
V_1764550679,U_0503,2026-02-12,9671.678949446841,False,,False
V_2972725683,U_0518,2026-02-12,9946.802018112676,False,,False
V_1756129994,U_0529,2026-02-12,5600.024366071215,False,,False
V_75a5a906,U_0638,2026-02-12,5661.244778235537,True,G_8deb75,True
V_8058a9df,U_0661,2026-02-12,4662.822589741285,True,G_8deb75,False
V_c411a745,U_0114,2026-02-12,6384.227700798373,True,G_8deb75,False
V_6789c52b,U_0143,2026-02-12,3633.3446003815525,True,G_8deb75,False
V_932dd0da,U_0656,2026-02-12,4179.643878651404,True,G_e7f34a,True
V_e1f8164c,U_0715,2026-02-12,2922.8908409820783,True,G_e7f34a,False
V_d714aa28,U_0893,2026-02-12,3697.7888856700492,True,G_e7f34a,False
V_3696241633,U_0695,2026-02-12,6958.5628715504145,False,,False
V_cce9b643,U_0718,2026-02-12,7505.266986499503,True,G_f2ff78,True
V_7f2f4afa,U_0682,2026-02-12,8070.361498612477,True,G_f2ff78,False
V_a065dc93,U_0727,2026-02-12,10690.671790911061,True,G_f2ff78,False
V_5c6f07e6,U_0323,2026-02-12,7046.36338031145,True,G_f2ff78,False
V_f1283d0a,U_0484,2026-02-12,9776.875103940882,True,G_f2ff78,False
V_20bea730,U_0019,2026-02-12,9023.491255604578,True,G_f2ff78,False
V_2851e3c6,U_0729,2026-02-12,4131.12867682215,True,G_1e88bb,True
V_96ee3ff2,U_0748,2026-02-12,7611.857985106704,True,G_1e88bb,False
V_574468455,U_0745,2026-02-12,3646.7330621449637,False,,False
V_379405c9,U_0823,2026-02-12,3465.3355706436555,True,G_480e08,True
V_7ef67c0e,U_0857,2026-02-12,1957.4854348446174,True,G_480e08,False
V_4d8678e2,U_0196,2026-02-12,4565.233571567105,True,G_480e08,False
V_55f73870,U_0380,2026-02-12,3998.691910854962,True,G_480e08,False
V_50299160,U_0896,2026-02-12,9187.901151980537,True,G_817991,True
V_9f058d35,U_0548,2026-02-12,8986.713934559797,True,G_817991,False
V_73fdec88,U_0898,2026-02-12,4117.33145327856,True,G_79ee37,True
V_5d9abbd9,U_0200,2026-02-12,3083.259084730037,True,G_79ee37,False
V_faef4d6d,U_0126,2026-02-12,2401.3211827543573,True,G_79ee37,False
V_1d210f05,U_0446,2026-02-12,4096.739001401658,True,G_79ee37,False
V_22bd98ea,U_0908,2026-02-12,4557.471068631654,True,G_e13147,True
V_450707e2,U_0576,2026-02-12,6300.5307297269055,True,G_e13147,False
V_26195850,U_0146,2026-02-12,4851.079330597841,True,G_e13147,False
V_4a28476c,U_0937,2026-02-12,9915.919571462324,True,G_17d18a,True
V_e0f0e2f3,U_0560,2026-02-12,8110.295167296476,True,G_17d18a,False
V_6c2ee7b1,U_0767,2026-02-12,9963.853088680993,True,G_17d18a,False
V_1c39d506,U_0917,2026-02-12,8047.124400704891,True,G_17d18a,False
V_8a043ad1,U_0951,2026-02-12,8815.282435634663,True,G_17d18a,False
V_55f09d86,U_0982,2026-02-12,7423.390776922677,True,G_17d18a,False
V_331764681,U_0982,2026-02-12,8369.562272512878,False,,False
V_2501358654,U_0019,2026-02-13,8891.183638104601,False,,False
V_1163335100,U_0050,2026-02-13,9537.988212521805,False,,False
V_9b9054bb,U_0089,2026-02-13,7548.004784110103,True,G_482fe7,True
V_58ade670,U_0623,2026-02-13,11233.238570093286,True,G_482fe7,False
V_1815553262,U_0107,2026-02-13,3877.799771835276,False,,False
V_db8c1ebb,U_0144,2026-02-13,2928.394808287258,True,G_80c58c,True
V_77ca6641,U_0818,2026-02-13,3359.0993908579576,True,G_80c58c,False
V_83646554,U_0146,2026-02-13,4793.969837411087,True,G_74ddda,True
V_876440c0,U_0174,2026-02-13,4641.970923450357,True,G_74ddda,False
V_55714083,U_0232,2026-02-13,4202.017590298874,True,G_74ddda,False
V_1ca5bc08,U_0068,2026-02-13,3795.0712229051724,True,G_74ddda,False
V_d97bb458,U_0403,2026-02-13,5335.5866236947395,True,G_74ddda,False
V_1915453649,U_0168,2026-02-13,9970.541212606275,False,,False
V_b2312fc7,U_0184,2026-02-13,2229.9893893485237,True,G_99e61c,True
V_1bd22726,U_0227,2026-02-13,2645.1716474464224,True,G_99e61c,False
V_7ced07f6,U_0272,2026-02-13,3099.06235809528,True,G_99e61c,False
V_383539c7,U_0263,2026-02-13,4708.218057498817,True,G_d06939,True
V_18b743a5,U_0250,2026-02-13,3014.566953129659,True,G_d06939,False
V_ff529d86,U_0870,2026-02-13,1960.0526050637363,True,G_d06939,False
V_873815232,U_0268,2026-02-13,5496.5053156973145,False,,False
V_655113277,U_0300,2026-02-13,6635.641830729061,False,,False
V_644442716,U_0338,2026-02-13,10133.534407546269,False,,False
V_1889859553,U_0373,2026-02-13,12160.085907111272,False,,False
V_335ce758,U_0391,2026-02-13,8049.474351376198,True,G_4e549a,True
V_e0438d71,U_0457,2026-02-13,9403.470638468934,True,G_4e549a,False
V_58ee4101,U_0735,2026-02-13,7557.975439703793,True,G_4e549a,False
V_189391733,U_0428,2026-02-13,2918.843800922159,False,,False
V_538724174,U_0437,2026-02-13,2758.561985693473,False,,False
V_1607230349,U_0465,2026-02-13,3331.9271340936593,False,,False
V_a1b08b43,U_0580,2026-02-13,4624.455730248031,True,G_59e599,True
V_c1aa247d,U_0613,2026-02-13,5417.214845752777,True,G_59e599,False
V_301640784,U_0608,2026-02-13,5450.914199894317,False,,False
V_adc6452d,U_0644,2026-02-13,4377.6394696599555,True,G_d32ad6,True
V_ecaf0fe2,U_0798,2026-02-13,4225.524846210665,True,G_d32ad6,False
V_e1615990,U_0185,2026-02-13,4271.203421953556,True,G_d32ad6,False
V_2820422829,U_0693,2026-02-13,5995.195602191021,False,,False
V_3952847750,U_0744,2026-02-13,2037.2711134850986,False,,False
V_99d232fa,U_0794,2026-02-13,7925.638808382064,True,G_4eff86,True
V_bc84a413,U_0237,2026-02-13,11606.293920880305,True,G_4eff86,False
V_2505004681,U_0826,2026-02-13,6610.094202730891,False,,False
V_2531916156,U_0859,2026-02-13,3872.2182219207352,False,,False
V_3241751556,U_0866,2026-02-13,10160.687267645868,False,,False
V_1925645333,U_0893,2026-02-13,4021.5799636070365,False,,False
V_1551538305,U_0927,2026-02-13,3454.482501026378,False,,False
V_3661472139,U_0944,2026-02-13,2749.8641155905643,False,,False
V_2409432294,U_0957,2026-02-13,1828.7296605551687,False,,False
V_2338567510,U_0974,2026-02-13,13282.027436577137,False,,False
V_508553186,U_0981,2026-02-13,4644.233522443393,False,,False
V_be73e4c2,U_0019,2026-02-14,6158.657499317179,True,G_233c46,True
V_6046af95,U_0917,2026-02-14,5875.416243452339,True,G_233c46,False
V_eefadd72,U_0024,2026-02-14,12720.227972456152,True,G_a05f0d,True
V_6332b390,U_0050,2026-02-14,10781.997921371873,True,G_a05f0d,False
V_3131563853,U_0088,2026-02-14,12966.022771166125,False,,False
V_4c1a0f17,U_0151,2026-02-14,4244.340101690296,True,G_82420f,True
V_ba58c96b,U_0314,2026-02-14,5493.503443899429,True,G_82420f,False
V_4ff875e4,U_0229,2026-02-14,6743.276399472242,True,G_82420f,False
V_3907866956,U_0194,2026-02-14,8360.304781540426,False,,False
V_d1a600e9,U_0221,2026-02-14,6133.2261730407545,True,G_8a9d32,True
V_499733c2,U_0974,2026-02-14,11639.460037984365,True,G_8a9d32,False
V_a7a76418,U_0228,2026-02-14,3219.076003572681,True,G_46a1f9,True
V_ccfc9682,U_0344,2026-02-14,2406.3516268322815,True,G_46a1f9,False
V_8a138336,U_0056,2026-02-14,2734.4568673686176,True,G_46a1f9,False
V_eaa29a7e,U_0709,2026-02-14,3231.9483888216637,True,G_46a1f9,False
V_558d0c86,U_0284,2026-02-14,2944.289351666044,True,G_76cf1b,True
V_1d650ece,U_0967,2026-02-14,3315.644985945989,True,G_76cf1b,False
V_bb707ae2,U_0556,2026-02-14,2203.350405346979,True,G_76cf1b,False
V_8592a9cf,U_0312,2026-02-14,4868.52564136898,True,G_4b44a2,True
V_81fbd01c,U_0938,2026-02-14,4791.404639137299,True,G_4b44a2,False
V_5eaf34f9,U_0065,2026-02-14,5068.986732630489,True,G_4b44a2,False
V_7947aeab,U_0916,2026-02-14,4725.828256077182,True,G_4b44a2,False
V_4618b86e,U_0613,2026-02-14,6174.493119232878,True,G_4b44a2,False
V_3415208300,U_0314,2026-02-14,5127.419536409065,False,,False
V_946653887,U_0321,2026-02-14,5889.641357402287,False,,False
V_4593f75e,U_0384,2026-02-14,4012.5919920788883,True,G_f4e7f5,True
V_f6c64f4a,U_0273,2026-02-14,4514.646890728736,True,G_f4e7f5,False
V_6c32e284,U_0090,2026-02-14,6270.866159548545,True,G_f4e7f5,False
V_cd365b0e,U_0509,2026-02-14,3567.7446539613748,True,G_f4e7f5,False
V_a1c22d7d,U_0068,2026-02-14,3657.8106302201554,True,G_f4e7f5,False
V_d2d2e42a,U_0385,2026-02-14,4150.041008435282,True,G_02d3c8,True
V_c0c76be0,U_0899,2026-02-14,4959.456236865094,True,G_02d3c8,False
V_8c154f2d,U_0574,2026-02-14,4610.658751862494,True,G_02d3c8,False
V_ab14e073,U_0705,2026-02-14,5780.687281390893,True,G_02d3c8,False
V_85d791a8,U_0312,2026-02-14,4398.681152712449,True,G_02d3c8,False
V_3152329196,U_0436,2026-02-14,9064.20417440886,False,,False
V_5a688ccf,U_0464,2026-02-14,5267.345894757618,True,G_479686,True
V_36dfb8aa,U_0742,2026-02-14,6518.378855968339,True,G_479686,False
V_c289fb63,U_0403,2026-02-14,5359.309114812777,True,G_479686,False
V_2401005267,U_0558,2026-02-14,2569.8076306410317,False,,False
V_2496495865,U_0590,2026-02-14,5577.257699717058,False,,False
V_2849314127,U_0592,2026-02-14,2206.8922431130113,False,,False
V_3cd0b927,U_0595,2026-02-14,6899.5794899506145,True,G_c1c4a2,True
V_6f6bfaca,U_0904,2026-02-14,6215.553551029295,True,G_c1c4a2,False
V_95be8824,U_0107,2026-02-14,3611.317493012487,True,G_c1c4a2,False
V_19fc7440,U_0604,2026-02-14,5985.951352164848,True,G_0efee2,True
V_63a438f6,U_0692,2026-02-14,6707.775099792206,True,G_0efee2,False
V_9b4b91a0,U_0332,2026-02-14,5186.954336591337,True,G_0efee2,False
V_2ee73fba,U_0891,2026-02-14,4526.785753440363,True,G_0efee2,False
V_220530a9,U_0594,2026-02-14,4585.611059964573,True,G_0efee2,False
V_8814c0f4,U_0994,2026-02-14,7206.660882064206,True,G_0efee2,False
V_190146835,U_0611,2026-02-14,5594.710979872848,False,,False
V_0f163d8e,U_0702,2026-02-14,4498.817274391465,True,G_533e1b,True
V_2e4d5768,U_0045,2026-02-14,8062.668043517441,True,G_533e1b,False
V_d058d911,U_0232,2026-02-14,3993.1341501745446,True,G_533e1b,False
V_3ebf39da,U_0757,2026-02-14,3740.8292141537972,True,G_533e1b,False
V_48d311a1,U_0988,2026-02-14,3778.6657621973513,True,G_533e1b,False
V_e413b8a9,U_0811,2026-02-14,6596.464685562732,True,G_533e1b,False
V_6c764417,U_0792,2026-02-14,3115.2252442936115,True,G_a80cbe,True
V_6a46eab6,U_0280,2026-02-14,7066.217335605523,True,G_a80cbe,False
V_45391819,U_0714,2026-02-14,6320.337270726785,True,G_a80cbe,False
V_f037587f,U_0689,2026-02-14,6055.726039760725,True,G_a80cbe,False
V_8f0b5e6a,U_0694,2026-02-14,6220.967409185294,True,G_a80cbe,False
V_9bd95554,U_0816,2026-02-14,7999.837404868861,True,G_f83a32,True
V_976339ae,U_0015,2026-02-14,9997.552247380456,True,G_f83a32,False
V_2eeee785,U_0097,2026-02-14,11814.256846253491,True,G_f83a32,False
V_e04d3d09,U_0225,2026-02-14,13144.432365149172,True,G_f83a32,False
V_6d70da1e,U_0826,2026-02-14,8485.151326518338,True,G_f83a32,False
V_4060151562,U_0855,2026-02-14,2014.777209871863,False,,False
V_3081673553,U_0868,2026-02-14,7154.828118711908,False,,False
V_2715412491,U_0884,2026-02-14,5111.218037214552,False,,False
V_105200585,U_0902,2026-02-14,11684.700333038783,False,,False
V_3235264159,U_0912,2026-02-14,4970.118976142102,False,,False
V_2432741518,U_0915,2026-02-14,6420.794569486607,False,,False
V_4085701215,U_0933,2026-02-14,6041.32301771332,False,,False
V_644414161,U_0942,2026-02-14,3079.3785555164445,False,,False
V_99c0fb4f,U_0962,2026-02-14,2146.690438653256,True,G_fc4aca,True
V_223fc9c9,U_0155,2026-02-14,1966.7305275645629,True,G_fc4aca,False
V_1855955076,U_0993,2026-02-14,8221.128918486824,False,,False
V_cde8a122,U_0019,2026-02-15,7327.939466002295,True,G_27fcd5,True
V_8debaaae,U_0262,2026-02-15,12016.731618876216,True,G_27fcd5,False
V_9c3f17b5,U_0089,2026-02-15,6522.415324356299,True,G_27fcd5,False
V_c39d6aa5,U_0718,2026-02-15,8198.121383548516,True,G_27fcd5,False
V_b3de88c5,U_0851,2026-02-15,6079.673269996764,True,G_27fcd5,False
V_68ae1171,U_0055,2026-02-15,10802.034866387108,True,G_27fcd5,False
V_612761551,U_0097,2026-02-15,11726.639369029388,False,,False
V_2079358804,U_0112,2026-02-15,7472.628444649861,False,,False
V_1946128224,U_0157,2026-02-15,3594.9649034974927,False,,False
V_2922545971,U_0167,2026-02-15,2463.856116551998,False,,False
V_1514832145,U_0243,2026-02-15,3997.3038633053443,False,,False
V_d1e50a82,U_0326,2026-02-15,6142.693874664665,True,G_352049,True
V_e8fedb80,U_0712,2026-02-15,3656.395599233376,True,G_352049,False
V_e4805952,U_0573,2026-02-15,4821.614375776414,True,G_352049,False
V_109faba2,U_0742,2026-02-15,6632.928754365767,True,G_352049,False
V_2621788307,U_0387,2026-02-15,8685.688899871273,False,,False
V_15638c7c,U_0420,2026-02-15,2149.003660952908,True,G_cd75d6,True
V_c76aba52,U_0468,2026-02-15,2158.4975534766863,True,G_cd75d6,False
V_eed93eeb,U_0434,2026-02-15,5732.026496441531,True,G_71e884,True
V_c87388e4,U_0194,2026-02-15,7195.7996757408255,True,G_71e884,False
V_3942072591,U_0471,2026-02-15,3205.6535395334404,False,,False
V_70c93165,U_0510,2026-02-15,3601.3177073251663,True,G_3cea41,True
V_435ff978,U_0793,2026-02-15,4754.956109899757,True,G_3cea41,False
V_3727707793,U_0590,2026-02-15,5700.997650893551,False,,False
V_d8f09228,U_0682,2026-02-15,9790.226286609219,True,G_583955,True
V_935bd12d,U_0951,2026-02-15,10559.096084365723,True,G_583955,False
V_19c51b50,U_0691,2026-02-15,7499.558762605336,True,G_583955,False
V_287d90cb,U_0993,2026-02-15,7560.865444693767,True,G_583955,False
V_c198883d,U_0752,2026-02-15,7166.608603709467,True,G_583955,False
V_f2cfb5e8,U_0762,2026-02-15,2979.709338240992,True,G_82a359,True
V_9a2b342b,U_0153,2026-02-15,2514.8249560522254,True,G_82a359,False
V_1334193632,U_0816,2026-02-15,9048.487385263239,False,,False
V_1599169480,U_0888,2026-02-15,7438.309721443591,False,,False
V_fb168679,U_0897,2026-02-15,10387.270296422636,True,G_4a30f2,True
V_bc8a8800,U_0704,2026-02-15,7523.712309423045,True,G_4a30f2,False
V_b0099a5e,U_0581,2026-02-15,7514.839185115548,True,G_4a30f2,False
V_6a4ae679,U_0560,2026-02-15,8946.732921864474,True,G_4a30f2,False
V_b77d16ef,U_0050,2026-02-15,9190.98803346824,True,G_4a30f2,False
V_5f6129b4,U_0693,2026-02-15,6985.208303083025,True,G_4a30f2,False
V_243307680,U_0915,2026-02-15,5992.734445015328,False,,False
V_3119614268,U_0979,2026-02-15,3265.692613578928,False,,False
V_3862835196,U_0016,2026-02-16,4181.504110794647,False,,False
V_4204491983,U_0082,2026-02-16,5811.036550849672,False,,False
V_3523924925,U_0143,2026-02-16,3802.939099057155,False,,False
V_2279115001,U_0167,2026-02-16,3390.079526962216,False,,False
V_3761419750,U_0174,2026-02-16,4868.945658457556,False,,False
V_49860444,U_0175,2026-02-16,5839.924755466848,True,G_94eaa1,True
V_f8204543,U_0494,2026-02-16,2967.895989522412,True,G_94eaa1,False
V_fb691862,U_0274,2026-02-16,6493.168952930749,True,G_94eaa1,False
V_2d55e413,U_0185,2026-02-16,5200.575449923878,True,G_7eb117,True
V_1ef9a9e7,U_0425,2026-02-16,4675.628377176438,True,G_7eb117,False
V_ec2f38e6,U_0232,2026-02-16,3821.87744100427,True,G_7eb117,False
V_fe1a7854,U_0811,2026-02-16,7223.284244809267,True,G_7eb117,False
V_0886d635,U_0391,2026-02-16,10653.774513297223,True,G_8264f1,True
V_84862ba4,U_0168,2026-02-16,8607.676668647822,True,G_8264f1,False
V_a4f5af86,U_0567,2026-02-16,7295.638745271962,True,G_8264f1,False
V_e59a859b,U_0770,2026-02-16,7721.331714290731,True,G_8264f1,False
V_38a87b61,U_0974,2026-02-16,9967.479971198145,True,G_8264f1,False
V_ccac46ca,U_0993,2026-02-16,8410.380145770981,True,G_8264f1,False
V_1425506324,U_0431,2026-02-16,4547.501717574381,False,,False
V_1251733943,U_0540,2026-02-16,2017.6217414601301,False,,False
V_1c1dd548,U_0552,2026-02-16,3601.529334953867,True,G_378297,True
V_725023c8,U_0306,2026-02-16,5430.991041144203,True,G_378297,False
V_180010990,U_0580,2026-02-16,6231.291072274258,False,,False
V_3745962546,U_0655,2026-02-16,6468.892525864468,False,,False
V_577ea3dc,U_0817,2026-02-16,4140.537794779127,True,G_39c0e4,True
V_da201310,U_0748,2026-02-16,7094.255941163586,True,G_39c0e4,False
V_6de43d63,U_0277,2026-02-16,5926.38714454834,True,G_39c0e4,False
V_37c710e2,U_0933,2026-02-16,5091.207598017017,True,G_39c0e4,False
V_371db699,U_0166,2026-02-16,5611.540311840769,True,G_39c0e4,False
V_1214f9de,U_0285,2026-02-16,5271.451267486274,True,G_39c0e4,False
V_08b094e5,U_0825,2026-02-16,3241.4777275814886,True,G_528bb2,True
V_ffc76840,U_0601,2026-02-16,2215.1518227408133,True,G_528bb2,False
V_624e5e97,U_0874,2026-02-16,4955.591171495595,True,G_761a90,True
V_ac34519e,U_0900,2026-02-16,5631.80754943671,True,G_761a90,False
V_7f4a47ce,U_0273,2026-02-16,3974.4100876886423,True,G_761a90,False
V_7f0f3737,U_0859,2026-02-16,3472.235144287112,True,G_761a90,False
V_cd88af6b,U_0742,2026-02-16,7572.942594493914,True,G_761a90,False
V_3b5975e6,U_0045,2026-02-16,7127.234365696267,True,G_761a90,False
V_2800571889,U_0907,2026-02-16,5213.414185597605,False,,False
V_1838212078,U_0937,2026-02-16,8112.932650673625,False,,False
V_1174315864,U_0951,2026-02-16,9239.990336623034,False,,False
V_4162989648,U_0988,2026-02-16,4245.538233875096,False,,False
V_2375099692,U_0012,2026-02-17,4429.128589629843,False,,False
V_e2fcc754,U_0033,2026-02-17,3715.5478860933463,True,G_70d3d7,True
V_99b19c7b,U_0828,2026-02-17,5054.769065466654,True,G_70d3d7,False
V_2184608701,U_0045,2026-02-17,7374.143917204277,False,,False
V_a38b4110,U_0077,2026-02-17,7296.886707824966,True,G_cda10b,True
V_b8807d2a,U_0840,2026-02-17,3447.9621655780697,True,G_cda10b,False
V_d25d8b71,U_0881,2026-02-17,4275.368399224345,True,G_cda10b,False
V_394df575,U_0846,2026-02-17,6511.133130389885,True,G_cda10b,False
V_4b2217d4,U_0783,2026-02-17,3149.368390942812,True,G_cda10b,False
V_6d37e18d,U_0701,2026-02-17,5175.906858418459,True,G_cda10b,False
V_6dd7f3f8,U_0121,2026-02-17,5508.099561108965,True,G_2cb5fc,True
V_2d7027a4,U_0785,2026-02-17,7156.02977710102,True,G_2cb5fc,False
V_8c53403f,U_0211,2026-02-17,5672.948282592536,True,G_2cb5fc,False
V_ad366118,U_0358,2026-02-17,6254.144122262327,True,G_2cb5fc,False
V_1a19cd68,U_0948,2026-02-17,7470.708454705725,True,G_2cb5fc,False
V_2016702903,U_0155,2026-02-17,2112.9826925200905,False,,False
V_d79cf9d3,U_0211,2026-02-17,5187.439564415223,True,G_490a34,True
V_0bd8bfdf,U_0421,2026-02-17,7625.574354783481,True,G_490a34,False
V_bd690a82,U_0033,2026-02-17,4026.241129597039,True,G_490a34,False
V_f7d6cb58,U_0221,2026-02-17,6782.862854239901,True,G_0440ce,True
V_cbe01585,U_0338,2026-02-17,8714.648251015773,True,G_0440ce,False
V_bd0a865e,U_0238,2026-02-17,8197.276093910996,True,G_7d663d,True
V_d750fdea,U_0875,2026-02-17,7356.498138522777,True,G_7d663d,False
V_02557040,U_0770,2026-02-17,7252.168432483615,True,G_7d663d,False
V_88c45a31,U_0163,2026-02-17,12288.974608458962,True,G_7d663d,False
V_c97df310,U_0831,2026-02-17,5667.24577398231,True,G_7d663d,False
V_1caae558,U_0691,2026-02-17,7741.113910832681,True,G_7d663d,False
V_360424e2,U_0303,2026-02-17,10952.34210043748,True,G_0aff90,True
V_61bfa54d,U_0565,2026-02-17,9297.142930936876,True,G_0aff90,False
V_8fdc2360,U_0206,2026-02-17,5264.096145335331,True,G_0aff90,False
V_4093262112,U_0309,2026-02-17,2168.1834651521617,False,,False
V_795eb950,U_0336,2026-02-17,6976.01737041991,True,G_8a1c68,True
V_2e99dece,U_0907,2026-02-17,5178.334882177636,True,G_8a1c68,False
V_64388049,U_0387,2026-02-17,9440.745998620601,True,G_3963d7,True
V_7685a957,U_0813,2026-02-17,8120.758098658989,True,G_3963d7,False
V_0643410b,U_0415,2026-02-17,8391.417632672918,True,G_3963d7,False
V_d486febf,U_0955,2026-02-17,9448.475593842279,True,G_3963d7,False
V_927889896,U_0445,2026-02-17,12490.611490622383,False,,False
V_e5af6d4b,U_0461,2026-02-17,9286.704732739741,True,G_9ae94f,True
V_d5915fda,U_0221,2026-02-17,7074.584773621396,True,G_9ae94f,False
V_83fa046b,U_0752,2026-02-17,6363.407041278693,True,G_9ae94f,False
V_85a88cb9,U_0755,2026-02-17,9995.713023188087,True,G_9ae94f,False
V_ced813e9,U_0582,2026-02-17,5621.389390941202,True,G_9ae94f,False
V_f04377ad,U_0866,2026-02-17,13812.771945483908,True,G_9ae94f,False
V_bb0cbcaa,U_0508,2026-02-17,5663.898614168727,True,G_43e9fc,True
V_2625fd9e,U_0880,2026-02-17,5644.775275467365,True,G_43e9fc,False
V_a5223520,U_0933,2026-02-17,5837.80776085776,True,G_43e9fc,False
V_0a593eb0,U_0890,2026-02-17,5795.294937881599,True,G_43e9fc,False
V_20c7c01b,U_0314,2026-02-17,4852.597583459863,True,G_43e9fc,False
V_57ec1db7,U_0554,2026-02-17,4899.051942247924,True,G_b1eb0e,True
V_5f559d1a,U_0572,2026-02-17,7988.501025224368,True,G_b1eb0e,False
V_38b6b24a,U_0963,2026-02-17,4795.582011488735,True,G_b1eb0e,False
V_4543f6aa,U_0628,2026-02-17,9933.88386240427,True,G_f032c5,True
V_42f79f49,U_0885,2026-02-17,10027.993857218455,True,G_f032c5,False
V_2942452821,U_0751,2026-02-17,2690.2059571097975,False,,False
V_3658731201,U_0771,2026-02-17,6577.416218389624,False,,False
V_351073098,U_0793,2026-02-17,4564.843083810405,False,,False
V_d1365dca,U_0809,2026-02-17,5072.0329078629275,True,G_ce9f6a,True
V_f08c9f4c,U_0771,2026-02-17,6447.821711304366,True,G_ce9f6a,False
V_ca581a16,U_0847,2026-02-17,6796.443422653044,True,G_ce9f6a,False
V_4c085f61,U_0846,2026-02-17,6186.254804367695,True,G_ce9f6a,False
V_82dc05a7,U_0473,2026-02-17,5737.555887205097,True,G_ce9f6a,False
V_7bf38120,U_0813,2026-02-17,9756.068345233398,True,G_475bc1,True
V_66ffd163,U_0951,2026-02-17,8786.557621271138,True,G_475bc1,False
V_d32180d2,U_0221,2026-02-17,6381.398557002594,True,G_475bc1,False
V_f6e05c8b,U_0328,2026-02-17,6404.238257980236,True,G_475bc1,False
V_d3811930,U_0436,2026-02-17,11280.871596027826,True,G_475bc1,False
V_63d2e3ec,U_0866,2026-02-17,10105.23945190695,True,G_475bc1,False
V_644825936,U_0846,2026-02-17,5100.626246673293,False,,False
V_3131336268,U_0851,2026-02-17,6876.405096650151,False,,False
V_3136347220,U_0870,2026-02-17,2216.9741340560554,False,,False
V_cae96487,U_0902,2026-02-17,9016.257771769415,True,G_199793,True
V_8c95c3f1,U_0951,2026-02-17,10815.639029616948,True,G_199793,False
V_0f2aa3aa,U_0225,2026-02-17,12730.836443030294,True,G_199793,False
V_2157817169,U_0925,2026-02-17,2580.6632904124144,False,,False
V_be78e513,U_0947,2026-02-17,6246.7545671908165,True,G_3bac7d,True
V_6bc8b62c,U_0161,2026-02-17,7659.586938983712,True,G_3bac7d,False
V_1295559980,U_0955,2026-02-17,9378.744794981965,False,,False
V_2713891389,U_0965,2026-02-17,4688.18030814802,False,,False
V_1935055577,U_0995,2026-02-17,5142.97441067185,False,,False
V_e49a4f38,U_0038,2026-02-18,2601.0154459788337,True,G_a4749c,True
V_f233ec5b,U_0956,2026-02-18,2614.5731416571098,True,G_a4749c,False
V_10ef4f9d,U_0333,2026-02-18,3140.165719178055,True,G_a4749c,False
V_a75a4ffa,U_0759,2026-02-18,3131.9958350286392,True,G_a4749c,False
V_8c287532,U_0962,2026-02-18,2088.1338931074015,True,G_a4749c,False
V_c41a059e,U_0119,2026-02-18,4123.184351352152,True,G_a4749c,False
V_1793133549,U_0052,2026-02-18,2632.9987476597958,False,,False
V_0e26b7ef,U_0066,2026-02-18,5498.9811967571295,True,G_6a3771,True
V_d53b5abd,U_0085,2026-02-18,3918.505188377379,True,G_6a3771,False
V_991b5742,U_0573,2026-02-18,5087.8232039866925,True,G_6a3771,False
V_b2ca68e5,U_0874,2026-02-18,4341.536644542125,True,G_6a3771,False
V_d8bfa491,U_0115,2026-02-18,3024.0765956454557,True,G_7512c1,True
V_3868b5c2,U_0584,2026-02-18,3589.29087912526,True,G_7512c1,False
V_e5154e18,U_0040,2026-02-18,2628.929217137844,True,G_7512c1,False
V_400a25ca,U_0991,2026-02-18,2208.498885150474,True,G_7512c1,False
V_1444936553,U_0122,2026-02-18,2655.725730459699,False,,False
V_1268762942,U_0142,2026-02-18,6741.556286053583,False,,False
V_e38d37e3,U_0183,2026-02-18,9312.665946894807,True,G_f633fd,True
V_3d1f33b1,U_0513,2026-02-18,10002.178768583863,True,G_f633fd,False
V_8ea39c59,U_0484,2026-02-18,11242.638422519656,True,G_f633fd,False
V_80f11ee2,U_0695,2026-02-18,8545.291977617326,True,G_f633fd,False
V_597f3b0b,U_0567,2026-02-18,7795.88151776269,True,G_f633fd,False
V_4110469496,U_0240,2026-02-18,6049.196030808669,False,,False
V_101c79b6,U_0326,2026-02-18,4808.569122806881,True,G_ab42a3,True
V_6129eb7e,U_0068,2026-02-18,4026.492043549518,True,G_ab42a3,False
V_d4810c0c,U_0868,2026-02-18,6292.974188476918,True,G_ab42a3,False
V_3909316433,U_0338,2026-02-18,11189.314952072704,False,,False
V_0ad03e17,U_0345,2026-02-18,9526.612760228712,True,G_9a7daa,True
V_8e893dfd,U_0163,2026-02-18,11555.04468964012,True,G_9a7daa,False
V_022efbba,U_0565,2026-02-18,10402.723650561828,True,G_9a7daa,False
V_a4d99503,U_0097,2026-02-18,10052.335753841664,True,G_9a7daa,False
V_96f01289,U_0346,2026-02-18,4297.181234314806,True,G_5d399e,True
V_4d0313e6,U_0928,2026-02-18,2415.015539061419,True,G_5d399e,False
V_b0275cc6,U_0596,2026-02-18,4206.638696776037,True,G_5d399e,False
V_dff04473,U_0343,2026-02-18,2344.1006262548667,True,G_5d399e,False
V_2055029583,U_0352,2026-02-18,2876.1121265427896,False,,False
V_2093389501,U_0440,2026-02-18,5207.203383079561,False,,False
V_2892722596,U_0464,2026-02-18,6696.999014726262,False,,False
V_1996596559,U_0465,2026-02-18,3508.4558026649665,False,,False
V_2134608582,U_0491,2026-02-18,4631.575219537031,False,,False
V_ba1add56,U_0503,2026-02-18,9157.472738635988,True,G_5bcbe0,True
V_bdba076a,U_0461,2026-02-18,10191.644246979164,True,G_5bcbe0,False
V_644c8cc6,U_0937,2026-02-18,10094.651422629257,True,G_5bcbe0,False
V_354ad625,U_0718,2026-02-18,9178.020326889125,True,G_5bcbe0,False
V_9ca10fc1,U_0955,2026-02-18,10209.422138862888,True,G_5bcbe0,False
V_7ffc4d8c,U_0015,2026-02-18,9821.793861617587,True,G_5bcbe0,False
V_4111757330,U_0530,2026-02-18,1985.637884749246,False,,False
V_405e32fc,U_0552,2026-02-18,4172.206689689669,True,G_3b6e47,True
V_5ee13659,U_0073,2026-02-18,6313.862194976953,True,G_3b6e47,False
V_2fe9c969,U_0580,2026-02-18,5147.446365922262,True,G_3b6e47,False
V_449eac27,U_0465,2026-02-18,4377.420416899071,True,G_3b6e47,False
V_d3a751d1,U_0757,2026-02-18,4465.690495249681,True,G_3b6e47,False
V_1906e975,U_0965,2026-02-18,6095.9419301966755,True,G_3b6e47,False
V_2586775087,U_0573,2026-02-18,5388.059059743425,False,,False
V_932427110,U_0586,2026-02-18,2615.9147551967526,False,,False
V_30b32b1e,U_0691,2026-02-18,6226.878508667661,True,G_be6984,True
V_44669b25,U_0681,2026-02-18,10474.330147024704,True,G_be6984,False
V_ae71dee4,U_0178,2026-02-18,10664.11919405983,True,G_be6984,False
V_611292456,U_0727,2026-02-18,10818.392486692723,False,,False
V_6ca9ba87,U_0800,2026-02-18,5249.374700537992,True,G_49621b,True
V_ea45d8c7,U_0367,2026-02-18,5783.602005648922,True,G_49621b,False
V_ae4db0c8,U_0595,2026-02-18,6075.511460959763,True,G_49621b,False
V_89667fd2,U_0941,2026-02-18,3798.3381253613643,True,G_49621b,False
V_11a19e02,U_0161,2026-02-18,6365.754201937909,True,G_49621b,False
V_f137a429,U_0813,2026-02-18,10177.57157042066,True,G_e06134,True
V_b58d859c,U_0548,2026-02-18,8369.706710284901,True,G_e06134,False
V_53e60b2f,U_0908,2026-02-18,4393.413855414219,True,G_9b1321,True
V_be88d5ef,U_0005,2026-02-18,4137.832524501929,True,G_9b1321,False
V_9fa582ef,U_0880,2026-02-18,4397.115942012624,True,G_9b1321,False
V_2d0ab656,U_0692,2026-02-18,5099.855767245217,True,G_9b1321,False
V_0e92875b,U_0095,2026-02-18,5243.363337003158,True,G_9b1321,False
V_fdaf7683,U_0920,2026-02-18,3943.4776990643977,True,G_a1dcd1,True
V_1c92f4a3,U_0674,2026-02-18,3177.3333140100094,True,G_a1dcd1,False
V_39c242cc,U_0035,2026-02-18,2734.2058265868945,True,G_a1dcd1,False
V_4088089485,U_0014,2026-02-19,2153.1309096263585,False,,False
V_1523139316,U_0054,2026-02-19,2065.7745112823663,False,,False
V_2454436478,U_0073,2026-02-19,6411.051393440921,False,,False
V_2959890274,U_0082,2026-02-19,5901.857616650285,False,,False
V_1082960054,U_0131,2026-02-19,7774.730258682326,False,,False
V_2662895573,U_0161,2026-02-19,5779.34131349479,False,,False
V_8c2a90a6,U_0163,2026-02-19,10880.709642714837,True,G_46955e,True
V_cb6dd801,U_0019,2026-02-19,7941.7067564600875,True,G_46955e,False
V_d2166ba3,U_0591,2026-02-19,7050.187337061301,True,G_46955e,False
V_3012721650,U_0169,2026-02-19,4509.834499844818,False,,False
V_9cb63bc4,U_0206,2026-02-19,7260.806861659503,True,G_d16335,True
V_7096b6e1,U_0265,2026-02-19,6433.2837124327125,True,G_d16335,False
V_343504999,U_0231,2026-02-19,4169.123553197104,False,,False
V_2696281977,U_0235,2026-02-19,5370.2122169064105,False,,False
V_4048183031,U_0237,2026-02-19,11908.034426394712,False,,False
V_460753476,U_0238,2026-02-19,7098.344115842365,False,,False
V_406735251,U_0255,2026-02-19,3416.6809037921507,False,,False
V_3048128100,U_0324,2026-02-19,7896.441328864562,False,,False
V_e19592e8,U_0328,2026-02-19,6576.304658327786,True,G_2e93d6,True
V_f211acef,U_0902,2026-02-19,9720.709626284643,True,G_2e93d6,False
V_86d6dd30,U_0937,2026-02-19,8472.332112921855,True,G_2e93d6,False
V_1364157743,U_0341,2026-02-19,5989.372558260615,False,,False
V_803064708,U_0413,2026-02-19,5584.417348572145,False,,False
V_3717140403,U_0419,2026-02-19,2487.476020123024,False,,False
V_784217786,U_0421,2026-02-19,7782.373697901669,False,,False
V_1129956287,U_0430,2026-02-19,5952.888831335007,False,,False
V_3478383976,U_0445,2026-02-19,13325.273957262094,False,,False
V_52117542,U_0457,2026-02-19,9084.061948041286,True,G_e023de,True
V_4bc2cc49,U_0982,2026-02-19,9217.51091181312,True,G_e023de,False
V_ab045bd4,U_0636,2026-02-19,8592.609263634256,True,G_e023de,False
V_2382593626,U_0465,2026-02-19,3826.2821171923465,False,,False
V_30b70a01,U_0493,2026-02-19,7100.019210774283,True,G_002570,True
V_37947bf5,U_0772,2026-02-19,7343.5252388821455,True,G_002570,False
V_1fd8c3b1,U_0385,2026-02-19,4872.183131233543,True,G_002570,False
V_397097cb,U_0702,2026-02-19,3955.8828550282547,True,G_002570,False
V_cce6c576,U_0574,2026-02-19,4237.5899496802695,True,G_002570,False
V_2bf9b936,U_0841,2026-02-19,7589.303392323886,True,G_002570,False
V_2717931659,U_0497,2026-02-19,2161.6901820321777,False,,False
V_2538415632,U_0503,2026-02-19,11523.581321897764,False,,False
V_332307223,U_0518,2026-02-19,7235.661460748625,False,,False
V_52956da3,U_0591,2026-02-19,8300.197099022585,True,G_1ed565,True
V_e756569b,U_0969,2026-02-19,11810.2324372716,True,G_1ed565,False
V_b69bd0bc,U_0691,2026-02-19,6126.906959148673,True,G_1ed565,False
V_7e874ed8,U_0168,2026-02-19,8482.57578421421,True,G_1ed565,False
V_3018360511,U_0614,2026-02-19,9494.996391255514,False,,False
V_356559062,U_0628,2026-02-19,10519.925212299635,False,,False
V_977144735,U_0647,2026-02-19,5278.349426578333,False,,False
V_965e7ec2,U_0744,2026-02-19,2346.2210511455664,True,G_265a96,True
V_210bf35a,U_0371,2026-02-19,2315.2311953078747,True,G_265a96,False
V_5aa98c03,U_0950,2026-02-19,3437.3299406019637,True,G_265a96,False
V_8ed5c1d2,U_0454,2026-02-19,3427.189602207071,True,G_265a96,False
V_6b3ef12e,U_0856,2026-02-19,2992.5505359240665,True,G_265a96,False
V_1555505237,U_0765,2026-02-19,1719.4965782513864,False,,False
V_4045889515,U_0770,2026-02-19,8960.343106140917,False,,False
V_3652679093,U_0802,2026-02-19,8503.803759618137,False,,False
V_1774482868,U_0966,2026-02-19,4225.619535806275,False,,False
V_628734008,U_0989,2026-02-19,2438.8996136486894,False,,False
V_855167466,U_0037,2026-02-20,3491.2331028677054,False,,False
V_202330794,U_0086,2026-02-20,4486.627622622986,False,,False
V_1710406683,U_0145,2026-02-20,3048.846953985442,False,,False
V_3383203321,U_0163,2026-02-20,10991.018316577789,False,,False
V_463987444,U_0198,2026-02-20,4703.22850797888,False,,False
V_995c5fa7,U_0204,2026-02-20,5493.210455779366,True,G_078120,True
V_0a854f87,U_0873,2026-02-20,5436.322361296712,True,G_078120,False
V_6260eb07,U_0840,2026-02-20,4262.7544259222095,True,G_078120,False
V_d1700825,U_0908,2026-02-20,4100.155712722664,True,G_078120,False
V_c1a6f3e1,U_0306,2026-02-20,5973.3915019955175,True,G_078120,False
V_d4c3f1e5,U_0912,2026-02-20,4889.625777370009,True,G_078120,False
V_1773328704,U_0370,2026-02-20,1776.5922648943297,False,,False
V_2765944661,U_0385,2026-02-20,4586.893050804431,False,,False
V_3047429643,U_0423,2026-02-20,3307.216123115444,False,,False
V_d1720e66,U_0501,2026-02-20,3111.82015546332,True,G_dd6741,True
V_33fa835c,U_0707,2026-02-20,2536.340802428917,True,G_dd6741,False
V_562122df,U_0048,2026-02-20,2784.349765161089,True,G_dd6741,False
V_8e6d2498,U_0147,2026-02-20,3453.4910687663646,True,G_dd6741,False
V_2892a358,U_0697,2026-02-20,2884.1926509949412,True,G_dd6741,False
V_4b33bc1e,U_0584,2026-02-20,3327.4952940582552,True,G_dd6741,False
V_dffbe394,U_0508,2026-02-20,7546.562363676667,True,G_202120,True
V_ae4bbfd4,U_0449,2026-02-20,4893.078607407382,True,G_202120,False
V_c5be544b,U_0622,2026-02-20,7038.6317223209935,True,G_834714,True
V_0b9a96a6,U_0083,2026-02-20,6515.990432350121,True,G_834714,False
V_b6fd7b66,U_0146,2026-02-20,5910.143346922558,True,G_834714,False
V_3854871453,U_0652,2026-02-20,5562.155900639055,False,,False
V_1870234546,U_0659,2026-02-20,4009.4910099195426,False,,False
V_257165291,U_0704,2026-02-20,9877.320653182369,False,,False
V_3901008515,U_0758,2026-02-20,3168.5128495220138,False,,False
V_3094838085,U_0841,2026-02-20,7571.616760136273,False,,False
V_1257957801,U_0975,2026-02-20,2326.648487082095,False,,False
V_2392082053,U_0992,2026-02-20,3163.685714118729,False,,False
V_4114445879,U_0001,2026-02-21,5839.716040999281,False,,False
V_4a78d2db,U_0006,2026-02-21,6260.853576076121,True,G_037563,True
V_0e833bab,U_0387,2026-02-21,11376.484425941855,True,G_037563,False
V_9536c6bc,U_0982,2026-02-21,9680.645715152905,True,G_037563,False
V_76cd7fcc,U_0237,2026-02-21,10933.718565905965,True,G_037563,False
V_22261832,U_0238,2026-02-21,8888.101053628623,True,G_037563,False
V_254958a8,U_0070,2026-02-21,4818.0897541100085,True,G_337df3,True
V_412a5e48,U_0170,2026-02-21,4496.79480108222,True,G_337df3,False
V_b1ecd8f1,U_0204,2026-02-21,6136.697020564874,True,G_337df3,False
V_4fe19cf0,U_0018,2026-02-21,5738.880132141816,True,G_337df3,False
V_3417901034,U_0174,2026-02-21,5028.551876782223,False,,False
V_8f23ba17,U_0182,2026-02-21,2911.390130303272,True,G_6e2744,True
V_2c6abdd9,U_0379,2026-02-21,2261.0841101458677,True,G_6e2744,False
V_9670dc9a,U_0257,2026-02-21,2998.6954885607265,True,G_6e2744,False
V_826144e3,U_0744,2026-02-21,2652.5559783336,True,G_6e2744,False
V_71f31d2d,U_0302,2026-02-21,2044.3819760155639,True,G_6e2744,False
V_279875537,U_0205,2026-02-21,4758.65973540474,False,,False
V_9a9c2173,U_0295,2026-02-21,3849.4461195537665,True,G_0aa553,True
V_f819166f,U_0785,2026-02-21,6766.4720250919845,True,G_0aa553,False
V_8382c94d,U_0107,2026-02-21,3450.8440258844785,True,G_0aa553,False
V_8d5baac3,U_0874,2026-02-21,5435.402609376727,True,G_0aa553,False
V_3769194888,U_0345,2026-02-21,8275.978162112555,False,,False
V_dfa6c0a1,U_0387,2026-02-21,9364.062668324324,True,G_fe383f,True
V_441710e7,U_0581,2026-02-21,7785.094628525943,True,G_fe383f,False
V_446d395f,U_0338,2026-02-21,9804.304803110437,True,G_fe383f,False
V_f67e8a77,U_0591,2026-02-21,7172.521172770945,True,G_fe383f,False
V_81800aa3,U_0614,2026-02-21,12102.041449316514,True,G_fe383f,False
V_e9547d37,U_0693,2026-02-21,7789.546265720764,True,G_fe383f,False
V_2324410531,U_0408,2026-02-21,5774.6353711468555,False,,False
V_874445027,U_0423,2026-02-21,2994.9686842711735,False,,False
V_2640901081,U_0429,2026-02-21,12614.426956758462,False,,False
V_2130865200,U_0431,2026-02-21,5448.323686085887,False,,False
V_f6f921a4,U_0458,2026-02-21,13042.01983613336,True,G_57a541,True
V_fc67c679,U_0977,2026-02-21,8429.173681962991,True,G_57a541,False
V_401d2ff9,U_0088,2026-02-21,13551.87851485675,True,G_57a541,False
V_2379dc08,U_0513,2026-02-21,11545.420602717084,True,G_57a541,False
V_4a82679d,U_0560,2026-02-21,10654.835545327893,True,G_57a541,False
V_0f088af7,U_0019,2026-02-21,8280.66228467065,True,G_57a541,False
V_1186913862,U_0467,2026-02-21,3381.64436361088,False,,False
V_385565546,U_0475,2026-02-21,3081.877849936551,False,,False
V_9d22a245,U_0491,2026-02-21,5231.124824382052,True,G_305167,True
V_cec04145,U_0465,2026-02-21,4383.84605696803,True,G_305167,False
V_9eafcf26,U_0922,2026-02-21,5559.133613152072,True,G_305167,False
V_8c89c9e6,U_0536,2026-02-21,5814.166252129032,True,G_25332c,True
V_14d88c11,U_0915,2026-02-21,5692.194995840198,True,G_25332c,False
V_d9782b6d,U_0705,2026-02-21,5877.398863133536,True,G_25332c,False
V_776e0dd7,U_0618,2026-02-21,3552.7740160716544,True,G_25332c,False
V_a5818817,U_0146,2026-02-21,4390.826020748435,True,G_25332c,False
V_3686416032,U_0560,2026-02-21,9734.56694787011,False,,False
V_49745f77,U_0573,2026-02-21,4691.535912187079,True,G_f12074,True
V_abc09f61,U_0874,2026-02-21,4386.2991278985255,True,G_f12074,False
V_1583c0a3,U_0712,2026-02-21,3207.1733260379347,True,G_f12074,False
V_8eb5a213,U_0881,2026-02-21,5098.946478159681,True,G_f12074,False
V_41827d89,U_0846,2026-02-21,5557.579774764391,True,G_f12074,False
V_94f0ae13,U_0299,2026-02-21,6331.424493396503,True,G_f12074,False
V_0b919f33,U_0610,2026-02-21,2499.11792711862,True,G_9add47,True
V_b37e7402,U_0188,2026-02-21,3793.1426881089633,True,G_9add47,False
V_975f172c,U_0755,2026-02-21,12068.673939330576,True,G_8c8739,True
V_ae1c3248,U_0429,2026-02-21,10946.21611151232,True,G_8c8739,False
V_b2308498,U_0974,2026-02-21,9801.8036660376,True,G_8c8739,False
V_a337a975,U_0816,2026-02-21,7269.699016849363,True,G_8c8739,False
V_2dc33a69,U_0727,2026-02-21,9206.566794552624,True,G_8c8739,False
V_645424098,U_0790,2026-02-21,6037.588475746383,False,,False
V_1738578906,U_0802,2026-02-21,9291.32746632506,False,,False
V_196461694,U_0810,2026-02-21,3985.4522998647576,False,,False
V_80f3ef00,U_0852,2026-02-21,8800.317818407679,True,G_00542a,True
V_a5fd26c4,U_0657,2026-02-21,11683.850668223135,True,G_00542a,False
V_1ac3dcb7,U_0704,2026-02-21,10023.356814983057,True,G_00542a,False
V_43b75019,U_0206,2026-02-21,6500.265680341667,True,G_00542a,False
V_218124674,U_0902,2026-02-21,10345.173789474806,False,,False
V_2680002890,U_0922,2026-02-21,4435.626216109176,False,,False
V_3955441760,U_0006,2026-02-22,7395.979784299726,False,,False
V_a6ba21dd,U_0015,2026-02-22,7602.519901229527,True,G_2d211f,True
V_f1d40313,U_0458,2026-02-22,9282.120512375594,True,G_2d211f,False
V_92639ce7,U_0518,2026-02-22,7976.970650473455,True,G_2d211f,False
V_8ff718b3,U_0221,2026-02-22,7970.501649863949,True,G_2d211f,False
V_1093998308,U_0121,2026-02-22,5476.183039683451,False,,False
V_05ab47f2,U_0131,2026-02-22,7513.894672742173,True,G_f68970,True
V_431d7f70,U_0783,2026-02-22,4129.844336873293,True,G_f68970,False
V_64daf90d,U_0845,2026-02-22,4939.708638558539,True,G_f68970,False
V_dc002c87,U_0375,2026-02-22,4759.338176561051,True,G_f68970,False
V_c2991044,U_0281,2026-02-22,6588.294216202367,True,G_f68970,False
V_2e4c641b,U_0349,2026-02-22,3149.4851612514562,True,G_f68970,False
V_ee2694f6,U_0156,2026-02-22,2803.906373633637,True,G_c405d0,True
V_e39aab01,U_0975,2026-02-22,2251.1247889667575,True,G_c405d0,False
V_208420918,U_0167,2026-02-22,3124.679114760847,False,,False
V_201509979,U_0295,2026-02-22,4082.907588167356,False,,False
V_643025086,U_0321,2026-02-22,7212.85884133523,False,,False
V_1552436573,U_0375,2026-02-22,4169.308942370129,False,,False
V_268471564,U_0387,2026-02-22,8767.672236710614,False,,False
V_3158260427,U_0416,2026-02-22,3918.8697015180505,False,,False
V_c5e95432,U_0431,2026-02-22,4881.288063418126,True,G_04422f,True
V_765252e9,U_0385,2026-02-22,5054.645957584224,True,G_04422f,False
V_8ac94383,U_0895,2026-02-22,5236.28456429195,True,G_04422f,False
V_b1851c90,U_0884,2026-02-22,5011.286331777163,True,G_04422f,False
V_9f71fb8c,U_0369,2026-02-22,5002.318470344646,True,G_04422f,False
V_61b780c7,U_0384,2026-02-22,4180.9563830964835,True,G_04422f,False
V_1846174030,U_0484,2026-02-22,13277.85439701314,False,,False
V_49d5f509,U_0491,2026-02-22,5858.671990605573,True,G_c18ee0,True
V_75e04eac,U_0742,2026-02-22,6853.2690664472175,True,G_c18ee0,False
V_a8594f4f,U_0330,2026-02-22,3006.843168579659,True,G_c18ee0,False
V_dabb8a82,U_0146,2026-02-22,4568.853462482112,True,G_c18ee0,False
V_e7a55f97,U_0030,2026-02-22,6031.359994789754,True,G_c18ee0,False
V_9f341459,U_0827,2026-02-22,6440.42804280394,True,G_c18ee0,False
V_73a32110,U_0497,2026-02-22,2387.296562815467,True,G_11b236,True
V_f97160bd,U_0132,2026-02-22,2258.6125738345004,True,G_11b236,False
V_0bc7e216,U_0203,2026-02-22,3051.25636043913,True,G_11b236,False
V_2644606387,U_0502,2026-02-22,5851.881344489585,False,,False
V_1382310099,U_0503,2026-02-22,12789.626506006094,False,,False
V_857413687,U_0518,2026-02-22,9263.33374072683,False,,False
V_c26dd369,U_0600,2026-02-22,3783.223025857488,True,G_f795eb,True
V_074f2711,U_0915,2026-02-22,5586.635361299237,True,G_f795eb,False
V_5f87f819,U_0800,2026-02-22,3842.4974756288084,True,G_f795eb,False
V_cf56d56c,U_0995,2026-02-22,6543.621871778647,True,G_f795eb,False
V_d9481d63,U_0889,2026-02-22,5192.039570114511,True,G_f795eb,False
V_dc322b13,U_0502,2026-02-22,4418.498280262135,True,G_f795eb,False
V_3216830471,U_0610,2026-02-22,2247.749819326036,False,,False
V_2804279018,U_0652,2026-02-22,5541.650496712122,False,,False
V_261954959,U_0674,2026-02-22,2292.5908218055893,False,,False
V_4277835643,U_0678,2026-02-22,6479.6234315489455,False,,False
V_3169320837,U_0686,2026-02-22,3404.492056221105,False,,False
V_2c37387b,U_0687,2026-02-22,1993.2239058334355,True,G_665efe,True
V_4b34719e,U_0365,2026-02-22,4274.066093247019,True,G_665efe,False
V_698135810,U_0702,2026-02-22,3158.5078425192023,False,,False
V_1803371516,U_0712,2026-02-22,3108.4922393431225,False,,False
V_4170907351,U_0759,2026-02-22,2440.3188597862463,False,,False
V_647f1eee,U_0765,2026-02-22,2214.710028261304,True,G_9d3123,True
V_0475b693,U_0927,2026-02-22,3609.312313601813,True,G_9d3123,False
V_16197b6d,U_0878,2026-02-22,1816.4511736310492,True,G_9d3123,False
V_2244126459,U_0816,2026-02-22,7428.887884900784,False,,False
V_64b1d363,U_0826,2026-02-22,8640.23994903459,True,G_edd2e3,True
V_8c6c576c,U_0050,2026-02-22,9846.367454258454,True,G_edd2e3,False
V_540743415,U_0831,2026-02-22,6203.3220251811545,False,,False
V_d8093ebf,U_0851,2026-02-22,5652.232282374364,True,G_e9918a,True
V_e2865bb8,U_0130,2026-02-22,9316.876285380291,True,G_e9918a,False
V_3236794649,U_0852,2026-02-22,9050.4701249927,False,,False
V_fb0b389c,U_0873,2026-02-22,6175.553327644507,True,G_18e742,True
V_70a1a485,U_0666,2026-02-22,3659.240125755274,True,G_18e742,False
V_fd3e2bb9,U_0235,2026-02-22,7360.286814840141,True,G_18e742,False
V_69462344,U_0082,2026-02-22,5684.937820266886,True,G_18e742,False
V_e95ac19b,U_0766,2026-02-22,5419.1193691594035,True,G_18e742,False
V_4778deda,U_0904,2026-02-22,5719.381513385437,True,G_13a541,True
V_610a7d67,U_0616,2026-02-22,8000.2463815466745,True,G_13a541,False
V_2735497183,U_0907,2026-02-22,4419.345377322079,False,,False
V_3eba90e6,U_0922,2026-02-22,5065.433583880975,True,G_5e55e7,True
V_6a731ae2,U_0032,2026-02-22,4532.954625455481,True,G_5e55e7,False
V_3ddfa673,U_0678,2026-02-22,5716.828180070516,True,G_5e55e7,False
V_52706572,U_0590,2026-02-22,4876.286619063638,True,G_5e55e7,False
V_8f4f4cd1,U_0532,2026-02-22,7717.075335034074,True,G_5e55e7,False
V_9961dd92,U_0067,2026-02-22,6820.038740945234,True,G_5e55e7,False
V_1991979714,U_0993,2026-02-22,7193.086035959797,False,,False
V_fb8f9196,U_0035,2026-02-23,2116.262915732105,True,G_36ef38,True
V_f4d792b2,U_0606,2026-02-23,1828.979670416193,True,G_36ef38,False
V_2702653088,U_0050,2026-02-23,12543.690120883066,False,,False
V_599917353,U_0068,2026-02-23,3266.709558724827,False,,False
V_1948839040,U_0074,2026-02-23,2569.497749057522,False,,False
V_2935675236,U_0080,2026-02-23,6458.50350783484,False,,False
V_ca861172,U_0094,2026-02-23,4035.6640012496387,True,G_dd21d0,True
V_1b351019,U_0085,2026-02-23,3944.642952321197,True,G_dd21d0,False
V_3cf6fdaf,U_0151,2026-02-23,5581.878646304879,True,G_dd21d0,False
V_8bec895c,U_0175,2026-02-23,5842.227751080708,True,G_97510b,True
V_2c1c8a47,U_0137,2026-02-23,6924.653925619242,True,G_97510b,False
V_4a7580e6,U_0180,2026-02-23,3289.0160245738825,True,G_5f3b63,True
V_3d4f3e9d,U_0626,2026-02-23,2994.7417972722733,True,G_5f3b63,False
V_1957957846,U_0196,2026-02-23,3225.457680508903,False,,False
V_2315184482,U_0250,2026-02-23,2959.2300781544964,False,,False
V_2759395506,U_0277,2026-02-23,5461.786710197772,False,,False
V_3773659571,U_0303,2026-02-23,9686.841579564618,False,,False
V_08cc14ce,U_0321,2026-02-23,6116.007448533097,True,G_8b852f,True
V_486c152e,U_0510,2026-02-23,3705.1823146764527,True,G_8b852f,False
V_2c84667e,U_0654,2026-02-23,2967.536793299458,True,G_8b852f,False
V_abbccaef,U_0428,2026-02-23,2191.745089698451,True,G_619657,True
V_bfaa2de2,U_0751,2026-02-23,2095.664912663898,True,G_619657,False
V_20f67c2c,U_0037,2026-02-23,4626.906364874892,True,G_619657,False
V_9d238a6f,U_0566,2026-02-23,3948.333720917856,True,G_619657,False
V_3961333348,U_0441,2026-02-23,2707.163739850163,False,,False
V_3140286400,U_0445,2026-02-23,10120.949982835511,False,,False
V_7dfb9b2a,U_0499,2026-02-23,2847.364596695138,True,G_310ed6,True
V_5375a1b9,U_0918,2026-02-23,2477.115384431121,True,G_310ed6,False
V_740dc2db,U_0051,2026-02-23,2777.795221271304,True,G_310ed6,False
V_aa0c38ee,U_0496,2026-02-23,2437.959486587229,True,G_310ed6,False
V_f9abf409,U_0286,2026-02-23,3292.0315361106204,True,G_310ed6,False
V_002b2447,U_0715,2026-02-23,2805.4693361701984,True,G_310ed6,False
V_1905076005,U_0501,2026-02-23,4332.524840733844,False,,False
V_649088049,U_0560,2026-02-23,7902.663056319856,False,,False
V_446409858,U_0565,2026-02-23,11333.266902334753,False,,False
V_1445328918,U_0582,2026-02-23,6187.5025026766025,False,,False
V_b5de9e41,U_0646,2026-02-23,9753.719871242236,True,G_5ac567,True
V_23e76ac6,U_0582,2026-02-23,7167.4561542861375,True,G_5ac567,False
V_911833b5,U_0265,2026-02-23,5457.3865784606505,True,G_5ac567,False
V_58aa4eef,U_0591,2026-02-23,7570.138884535626,True,G_5ac567,False
V_82c4e62c,U_0691,2026-02-23,7422.270226234797,True,G_3e827e,True
V_4b6b2ca6,U_0636,2026-02-23,8682.322402373222,True,G_3e827e,False
V_dc25f944,U_0445,2026-02-23,11166.755461207946,True,G_3e827e,False
V_0267385a,U_0130,2026-02-23,11177.987235061348,True,G_3e827e,False
V_494fb17c,U_0695,2026-02-23,7038.149022976223,True,G_3e827e,False
V_e2453f27,U_0429,2026-02-23,12473.76194188726,True,G_3e827e,False
V_92696438,U_0724,2026-02-23,2854.7589925887846,True,G_a0897c,True
V_b59f4e85,U_0857,2026-02-23,2378.0292932601565,True,G_a0897c,False
V_12bac300,U_0091,2026-02-23,2568.4072178719794,True,G_a0897c,False
V_b953b3a2,U_0099,2026-02-23,3289.106770292295,True,G_a0897c,False
V_3237107633,U_0750,2026-02-23,6013.7944412066,False,,False
V_9a367b9a,U_0766,2026-02-23,5185.415322450125,True,G_8ac826,True
V_1a761b2f,U_0135,2026-02-23,4275.1392117844525,True,G_8ac826,False
V_e5f89741,U_0211,2026-02-23,4435.967187458586,True,G_8ac826,False
V_24c3e537,U_0768,2026-02-23,6183.770164226967,True,G_8ac826,False
V_ea76372b,U_0798,2026-02-23,5052.2619514290045,True,G_8ac826,False
V_d1d9526c,U_0331,2026-02-23,4179.224137452975,True,G_8ac826,False
V_ae6bff30,U_0813,2026-02-23,7683.615372086701,True,G_1a85e5,True
V_2958cd89,U_0181,2026-02-23,10829.485236873988,True,G_1a85e5,False
V_938111aa,U_0752,2026-02-23,6901.193339214236,True,G_1a85e5,False
V_002e2f38,U_0400,2026-02-23,11889.293671429385,True,G_1a85e5,False
V_438c8d90,U_0088,2026-02-23,12446.572902161104,True,G_1a85e5,False
V_a99285f8,U_0324,2026-02-23,9226.471511770513,True,G_1a85e5,False
V_075e281e,U_0866,2026-02-23,13226.428365971386,True,G_885fa3,True
V_d985af38,U_0727,2026-02-23,11363.722671362812,True,G_885fa3,False
V_cfe4364b,U_0160,2026-02-23,9724.99425337765,True,G_885fa3,False
V_b49703e2,U_0885,2026-02-23,8198.404429986393,True,G_885fa3,False
V_8f118f68,U_0075,2026-02-23,12081.111712941294,True,G_885fa3,False
V_a41207ec,U_0897,2026-02-23,8103.796098021427,True,G_f3d02b,True
V_f6f63dd0,U_0852,2026-02-23,11136.96825841889,True,G_f3d02b,False
V_a4428354,U_0324,2026-02-23,7157.854693253796,True,G_f3d02b,False
V_231771111,U_0914,2026-02-23,3433.3887033267365,False,,False
V_39beb603,U_0927,2026-02-23,3064.156191459488,True,G_eea991,True
V_c1ee23bc,U_0002,2026-02-23,2262.6589853250407,True,G_eea991,False
V_80a0d6f0,U_0684,2026-02-23,2739.0211109748116,True,G_eea991,False
V_6f96d9da,U_0558,2026-02-23,2999.0006207400875,True,G_eea991,False
V_e09904dc,U_0728,2026-02-23,2396.035969482053,True,G_eea991,False
V_8ee366dd,U_0955,2026-02-23,10207.884793543164,True,G_c33693,True
V_c444490d,U_0913,2026-02-23,9632.492318817986,True,G_c33693,False
V_cfc1eb56,U_0902,2026-02-23,11477.000895742167,True,G_c33693,False
V_25f4fb9b,U_0436,2026-02-23,9855.40095813787,True,G_c33693,False
V_713a8c54,U_0646,2026-02-23,8611.515232432099,True,G_c33693,False
V_7767aaea,U_0866,2026-02-23,10949.782984010468,True,G_c33693,False
V_1638642053,U_0966,2026-02-23,3273.28756540666,False,,False
V_236148149,U_0988,2026-02-23,3592.117227301197,False,,False
V_3724604005,U_0088,2026-02-24,12869.476593664458,False,,False
V_59729545,U_0098,2026-02-24,2041.1691016704285,False,,False
V_ecd0d8b1,U_0221,2026-02-24,6219.300251972962,True,G_3c9160,True
V_a02a62f2,U_0581,2026-02-24,7941.525938758442,True,G_3c9160,False
V_23724d3a,U_0513,2026-02-24,12249.359822053937,True,G_3c9160,False
V_813017fa,U_0163,2026-02-24,12251.266804680776,True,G_3c9160,False
V_bc6d42e6,U_0130,2026-02-24,10074.4562441713,True,G_3c9160,False
V_34713f47,U_0503,2026-02-24,8811.300397167375,True,G_3c9160,False
V_3149906654,U_0235,2026-02-24,6880.142139613997,False,,False
V_6d8eaea6,U_0237,2026-02-24,10467.854865518279,True,G_b333ce,True
V_c2c7e511,U_0387,2026-02-24,11961.2325920171,True,G_b333ce,False
V_57bc86a0,U_0917,2026-02-24,8065.273038661353,True,G_b333ce,False
V_52f732ce,U_0813,2026-02-24,8245.471685855124,True,G_b333ce,False
V_b7a6d118,U_0345,2026-02-24,10699.01608129906,True,G_b333ce,False
V_1418774245,U_0261,2026-02-24,3895.038748192996,False,,False
V_2205499707,U_0316,2026-02-24,2529.960199606835,False,,False
V_6e83ccee,U_0338,2026-02-24,11851.706642678955,True,G_7c2e68,True
V_012f4f48,U_0303,2026-02-24,9944.436595076266,True,G_7c2e68,False
V_b6d21d0a,U_0345,2026-02-24,8855.586927834669,True,G_a8b7ac,True
V_e50420f5,U_0163,2026-02-24,13073.407990808284,True,G_a8b7ac,False
V_35cbd33f,U_0993,2026-02-24,7473.675432040114,True,G_a8b7ac,False
V_ae669d3f,U_0178,2026-02-24,8885.986499504259,True,G_a8b7ac,False
V_1418604627,U_0375,2026-02-24,3329.8510905188487,False,,False
V_4dbb2da8,U_0377,2026-02-24,3483.4485997739926,True,G_c3a933,True
V_1bc066a3,U_0454,2026-02-24,3930.8516919556137,True,G_c3a933,False
V_451f4425,U_0025,2026-02-24,3164.269154040758,True,G_c3a933,False
V_956964010,U_0430,2026-02-24,5813.473304309824,False,,False
V_8d715929,U_0437,2026-02-24,2370.502826759826,True,G_e292a8,True
V_74333ec7,U_0724,2026-02-24,1985.1833845113624,True,G_e292a8,False
V_22b746ef,U_0233,2026-02-24,3185.5872249602753,True,G_e292a8,False
V_535cafd1,U_0853,2026-02-24,4080.423093967422,True,G_e292a8,False
V_1556622248,U_0453,2026-02-24,4660.927904674585,False,,False
V_2101522298,U_0566,2026-02-24,3351.1144897572813,False,,False
V_1921953178,U_0574,2026-02-24,5438.653694878928,False,,False
V_2809462307,U_0752,2026-02-24,6900.135408709758,False,,False
V_ceefaac2,U_0760,2026-02-24,3626.608952529559,True,G_250adf,True
V_d80a4881,U_0654,2026-02-24,3649.501909013013,True,G_250adf,False
V_572027a0,U_0012,2026-02-24,4068.44224915726,True,G_250adf,False
V_6ee53a07,U_0033,2026-02-24,3298.2457297903243,True,G_250adf,False
V_1613468546,U_0792,2026-02-24,3709.1661136197467,False,,False
V_3996846700,U_0793,2026-02-24,5162.994779447701,False,,False
V_2035377137,U_0831,2026-02-24,6493.04618591112,False,,False
V_1712629781,U_0841,2026-02-24,6407.874091057496,False,,False
V_659323032,U_0853,2026-02-24,3297.9277922458505,False,,False
V_f7e53b79,U_0891,2026-02-24,4181.408498507506,True,G_2b21e8,True
V_8c7da65b,U_0522,2026-02-24,7178.414588547551,True,G_2b21e8,False
V_3925974711,U_0955,2026-02-24,9222.921402635488,False,,False
V_41e78022,U_0976,2026-02-24,2138.4778904324394,True,G_a7e8af,True
V_acc49574,U_0368,2026-02-24,3640.9454789198376,True,G_a7e8af,False
V_fb1c813a,U_0227,2026-02-24,2818.377181240595,True,G_a7e8af,False
V_89d5e921,U_0568,2026-02-24,3630.6629899720224,True,G_a7e8af,False
V_369fea59,U_0739,2026-02-24,3075.7097012080635,True,G_a7e8af,False
V_2436469170,U_0982,2026-02-24,8769.894406867204,False,,False
V_6cd4c967,U_0985,2026-02-24,2460.0413011171554,True,G_552e4d,True
V_93a94122,U_0512,2026-02-24,2335.2737550689785,True,G_552e4d,False
V_2979040704,U_0991,2026-02-24,2064.0282081472537,False,,False
V_1232820189,U_0085,2026-02-25,4010.411554692356,False,,False
V_e5b1adfb,U_0105,2026-02-25,2061.541129774733,True,G_ffcc32,True
V_c3566eb4,U_0241,2026-02-25,2322.4021394972897,True,G_ffcc32,False
V_4a499d21,U_0122,2026-02-25,2142.0790377684134,True,G_9bfef3,True
V_9f005264,U_0849,2026-02-25,2134.2688793481107,True,G_9bfef3,False
V_eb154290,U_0976,2026-02-25,2350.5444843566693,True,G_9bfef3,False
V_2c7e4d7c,U_0882,2026-02-25,2616.3064408298865,True,G_9bfef3,False
V_ea9f0cdd,U_0357,2026-02-25,4141.277291480537,True,G_9bfef3,False
V_1793301053,U_0164,2026-02-25,1919.961953457277,False,,False
V_1719645768,U_0211,2026-02-25,4218.448799739115,False,,False
V_1766871901,U_0262,2026-02-25,8912.018662668563,False,,False
V_1209411081,U_0265,2026-02-25,6758.8348381704645,False,,False
V_4186867109,U_0269,2026-02-25,7148.702281377584,False,,False
V_485141130,U_0323,2026-02-25,7078.602966661419,False,,False
V_a50c9558,U_0325,2026-02-25,7151.879450748119,True,G_f9ab76,True
V_5ac648e4,U_0198,2026-02-25,4143.605819648034,True,G_f9ab76,False
V_c272d52b,U_0358,2026-02-25,6802.562761486201,True,G_b95dea,True
V_f4b57102,U_0082,2026-02-25,5441.469577444509,True,G_b95dea,False
V_fb0f0f00,U_0722,2026-02-25,5932.794214178888,True,G_b95dea,False
V_bf49944a,U_0532,2026-02-25,5497.265460709833,True,G_b95dea,False
V_37e94e72,U_0502,2026-02-25,5475.125626556039,True,G_b95dea,False
V_ff222b6f,U_0811,2026-02-25,6366.2611959428605,True,G_b95dea,False
V_129ffdc8,U_0367,2026-02-25,5948.888804208626,True,G_908f5d,True
V_d52a27b0,U_0999,2026-02-25,5075.473730268225,True,G_908f5d,False
V_082df8ba,U_0012,2026-02-25,4200.256664162357,True,G_908f5d,False
V_314610ae,U_0692,2026-02-25,5651.835438629979,True,G_908f5d,False
V_b91fe300,U_0135,2026-02-25,3772.779151347777,True,G_908f5d,False
V_8d06fa4b,U_0890,2026-02-25,6114.810579455788,True,G_908f5d,False
V_fd1809d6,U_0409,2026-02-25,2248.882373056395,True,G_234d9e,True
V_5b5c43bd,U_0333,2026-02-25,3518.1170373213035,True,G_234d9e,False
V_f800b53f,U_0416,2026-02-25,3650.716373474862,True,G_234d9e,False
V_083d1a4b,U_0313,2026-02-25,3236.2470333593865,True,G_234d9e,False
V_3aa9b26e,U_0422,2026-02-25,7204.800321781023,True,G_1b2762,True
V_a43907bd,U_0166,2026-02-25,5561.634534653559,True,G_1b2762,False
V_7ac1bdd4,U_0433,2026-02-25,5253.446447518568,True,G_1b2762,False
V_aedab1fa,U_0981,2026-02-25,4452.974151685384,True,G_1b2762,False
V_3226359315,U_0581,2026-02-25,9641.16255906529,False,,False
V_01b92586,U_0655,2026-02-25,7789.9602654749615,True,G_e98a3d,True
V_5e02aad4,U_0937,2026-02-25,10136.632171145557,True,G_e98a3d,False
V_5c0a4817,U_0006,2026-02-25,6511.977046965453,True,G_e98a3d,False
V_f1397f2c,U_0183,2026-02-25,11220.869980811502,True,G_e98a3d,False
V_205c5678,U_0055,2026-02-25,9728.575123453535,True,G_e98a3d,False
V_d7f39073,U_0745,2026-02-25,3139.6551799494414,True,G_63af20,True
V_5a03dc99,U_0593,2026-02-25,2836.8863543055827,True,G_63af20,False
V_488ce063,U_0147,2026-02-25,4387.110487192834,True,G_63af20,False
V_485148814,U_0771,2026-02-25,6499.609811443264,False,,False
V_387247da,U_0947,2026-02-25,7083.441846547559,True,G_250d77,True
V_7128ed69,U_0696,2026-02-25,6572.131734324962,True,G_250d77,False
V_08c7061d,U_0080,2026-02-25,5220.7448109954785,True,G_250d77,False
V_5c378c2a,U_0016,2026-02-25,4920.105225650042,True,G_250d77,False
V_70aee480,U_0031,2026-02-26,2129.033505246363,True,G_9e426b,True
V_2cb9fda0,U_0307,2026-02-26,3261.0855091896397,True,G_9e426b,False
V_5a8a134f,U_0057,2026-02-26,1944.0801355137446,True,G_9e426b,False
V_6f4b9470,U_0671,2026-02-26,3967.439361459874,True,G_9e426b,False
V_2352411034,U_0033,2026-02-26,3910.315838837059,False,,False
V_a5a11983,U_0038,2026-02-26,1822.0264629157116,True,G_0df55e,True
V_0fd4891b,U_0784,2026-02-26,3284.016048744444,True,G_0df55e,False
V_af60d24a,U_0319,2026-02-26,3024.702287865917,True,G_0df55e,False
V_c4bdf5fa,U_0359,2026-02-26,2844.5978391445947,True,G_0df55e,False
V_b9ec1d03,U_0903,2026-02-26,3286.3379252612567,True,G_0df55e,False
V_2916039159,U_0047,2026-02-26,2457.1901458360817,False,,False
V_712635a9,U_0058,2026-02-26,2076.092520509582,True,G_d9ec48,True
V_0ae09386,U_0496,2026-02-26,2562.992472734877,True,G_d9ec48,False
V_1cbdeb42,U_0014,2026-02-26,1970.2636993551048,True,G_d9ec48,False
V_c4e46ceb,U_0516,2026-02-26,2873.6287111098563,True,G_d9ec48,False
V_cfdc4abe,U_0419,2026-02-26,3065.536353717381,True,G_d9ec48,False
V_493e3b2a,U_0777,2026-02-26,4183.379361910555,True,G_d9ec48,False
V_3870359042,U_0065,2026-02-26,5622.028990228165,False,,False
V_854291442,U_0163,2026-02-26,11743.623964023065,False,,False
V_4024898379,U_0184,2026-02-26,3003.971501369026,False,,False
V_3874487403,U_0278,2026-02-26,4457.33102047209,False,,False
V_2493d4a6,U_0299,2026-02-26,6057.960469020914,True,G_48c03f,True
V_3c58209b,U_0000,2026-02-26,3592.3415023344114,True,G_48c03f,False
V_1875246a,U_0332,2026-02-26,5184.847603914875,True,G_48c03f,False
V_9c9311a6,U_0904,2026-02-26,5295.757376671296,True,G_48c03f,False
V_2084713678,U_0323,2026-02-26,8896.543786365548,False,,False
V_697da31b,U_0338,2026-02-26,9258.204811139582,True,G_84736a,True
V_a8921b96,U_0826,2026-02-26,8039.970225497447,True,G_84736a,False
V_7c35b834,U_0885,2026-02-26,8022.33142653873,True,G_84736a,False
V_6ac12ce3,U_0394,2026-02-26,3606.6947507047444,True,G_874179,True
V_6ee13570,U_0509,2026-02-26,5300.8933451628955,True,G_874179,False
V_1e64475f,U_0766,2026-02-26,4684.900749996836,True,G_874179,False
V_287720c7,U_0607,2026-02-26,5220.021873009645,True,G_874179,False
V_1541495099,U_0429,2026-02-26,9858.366435701284,False,,False
V_4ab73532,U_0511,2026-02-26,4545.595019621824,True,G_4c80e1,True
V_ecfb4201,U_0341,2026-02-26,7940.435629911531,True,G_4c80e1,False
V_3033910248,U_0518,2026-02-26,9333.882726732554,False,,False
V_3231987243,U_0521,2026-02-26,3551.1135442798304,False,,False
V_2a1f9b19,U_0523,2026-02-26,4594.087918723125,True,G_941540,True
V_172a064d,U_0608,2026-02-26,6743.93346108511,True,G_941540,False
V_6ec3f37e,U_0912,2026-02-26,4690.509406804082,True,G_941540,False
V_6c32b7e7,U_0535,2026-02-26,4314.297184540249,True,G_133693,True
V_25730e08,U_0283,2026-02-26,3326.536271430572,True,G_133693,False
V_65ab2e17,U_0427,2026-02-26,3295.162820113118,True,G_133693,False
V_1631678970,U_0565,2026-02-26,10490.312069782502,False,,False
V_2398411415,U_0591,2026-02-26,6281.236035776986,False,,False
V_1340458933,U_0674,2026-02-26,3261.694549089097,False,,False
V_2096532146,U_0677,2026-02-26,1945.1738798217268,False,,False
V_131564533,U_0683,2026-02-26,4939.45485012266,False,,False
V_1488996388,U_0707,2026-02-26,3021.6778107879804,False,,False
V_1265255269,U_0724,2026-02-26,2511.2055088896977,False,,False
V_385f353c,U_0742,2026-02-26,8227.505639699062,True,G_fa733d,True
V_0a15560f,U_0190,2026-02-26,7209.34988349141,True,G_fa733d,False
V_2a77821a,U_0908,2026-02-26,5076.688800732077,True,G_fa733d,False
V_2510629366,U_0760,2026-02-26,3407.7009315062255,False,,False
V_2259959980,U_0793,2026-02-26,4851.041551545806,False,,False
V_e4167b49,U_0858,2026-02-26,4455.445235868673,True,G_d571b3,True
V_39bcf16f,U_0933,2026-02-26,5646.345727477847,True,G_d571b3,False
V_409ad63c,U_0891,2026-02-26,3212.596222187572,True,G_1bba23,True
V_3df5493f,U_0638,2026-02-26,4109.976108365193,True,G_1bba23,False
V_2001278546,U_0899,2026-02-26,5756.14019550277,False,,False
V_3630229736,U_0970,2026-02-26,3141.633571098986,False,,False
V_53256903,U_0974,2026-02-26,10031.000833697424,False,,False
V_c311da06,U_0018,2026-02-27,6635.644789928059,True,G_0f7aa8,True
V_8bb7ae32,U_0312,2026-02-27,5739.258528333085,True,G_0f7aa8,False
V_4fcb780e,U_0611,2026-02-27,5990.352718813384,True,G_0f7aa8,False
V_e204cbf1,U_0873,2026-02-27,5181.646570713687,True,G_0f7aa8,False
V_1967449715,U_0030,2026-02-27,6565.5048907569835,False,,False
V_1240151460,U_0101,2026-02-27,4491.135225820841,False,,False
V_3546944641,U_0125,2026-02-27,4354.605442479253,False,,False
V_0f6a7e63,U_0154,2026-02-27,5670.235235787116,True,G_3881a8,True
V_7b1a12f2,U_0087,2026-02-27,7958.474082085715,True,G_3881a8,False
V_2437147227,U_0160,2026-02-27,12015.979684787391,False,,False
V_3589881837,U_0167,2026-02-27,3313.5198598537154,False,,False
V_3508366421,U_0168,2026-02-27,9577.29533493971,False,,False
V_3608403062,U_0262,2026-02-27,9639.025389104227,False,,False
V_282c48df,U_0265,2026-02-27,5447.992524686054,True,G_63ce2b,True
V_271b0833,U_0955,2026-02-27,7834.234928516645,True,G_63ce2b,False
V_3dd048b3,U_0130,2026-02-27,8954.143411414274,True,G_63ce2b,False
V_27ffa642,U_0303,2026-02-27,12072.703444645955,True,G_63ce2b,False
V_3726973930,U_0274,2026-02-27,5267.297666612996,False,,False
V_48835c1c,U_0306,2026-02-27,6817.017278154056,True,G_c3483b,True
V_8174045c,U_0065,2026-02-27,3965.951092230969,True,G_c3483b,False
V_edeb8f04,U_0012,2026-02-27,5457.502437422103,True,G_c3483b,False
V_20db3a01,U_0812,2026-02-27,6501.107376756179,True,G_c3483b,False
V_1940894117,U_0308,2026-02-27,4602.454213095469,False,,False
V_1963925286,U_0321,2026-02-27,6499.773648164374,False,,False
V_0ecbf1ba,U_0373,2026-02-27,10029.978886012686,True,G_f1ecc3,True
V_436de786,U_0323,2026-02-27,8270.833277128335,True,G_f1ecc3,False
V_d7bc9ea4,U_0977,2026-02-27,9598.570814160916,True,G_f1ecc3,False
V_12ddb37e,U_0767,2026-02-27,7995.824720627649,True,G_f1ecc3,False
V_3175642003,U_0456,2026-02-27,9408.021570206298,False,,False
V_38696dd2,U_0492,2026-02-27,2219.4384436705627,True,G_bd03b6,True
V_a11acd3b,U_0720,2026-02-27,2579.90580365555,True,G_bd03b6,False
V_3033439860,U_0510,2026-02-27,3375.7764060856252,False,,False
V_c5c4b812,U_0516,2026-02-27,2636.2128512741506,True,G_f866c7,True
V_090170d0,U_0538,2026-02-27,2030.8724433975385,True,G_f866c7,False
V_74be1d4e,U_0037,2026-02-27,3201.2594795962023,True,G_f866c7,False
V_2428652979,U_0536,2026-02-27,5425.86815931402,False,,False
V_2577542999,U_0560,2026-02-27,10066.74780347307,False,,False
V_1051432039,U_0582,2026-02-27,6686.554461394693,False,,False
V_1776385334,U_0625,2026-02-27,4184.867352758481,False,,False
V_2339886598,U_0653,2026-02-27,5310.890389860476,False,,False
V_4292191004,U_0661,2026-02-27,5897.675039752003,False,,False
V_14e981fb,U_0702,2026-02-27,4537.90149519728,True,G_5f440f,True
V_cb208152,U_0858,2026-02-27,4804.44573624642,True,G_5f440f,False
V_cf07da5a,U_0692,2026-02-27,5808.1023873502845,True,G_5f440f,False
V_120a995d,U_0705,2026-02-27,4394.287534133586,True,G_f21dd5,True
V_3473a0fd,U_0834,2026-02-27,3442.588363920142,True,G_f21dd5,False
V_c1134394,U_0247,2026-02-27,5670.194681651018,True,G_f21dd5,False
V_40f9bc4a,U_0992,2026-02-27,3199.044748072062,True,G_f21dd5,False
V_d401b535,U_0723,2026-02-27,7619.059543289359,True,G_f21dd5,False
V_da295b41,U_0802,2026-02-27,10115.139120307786,True,G_2b8175,True
V_9be6a0bb,U_0727,2026-02-27,8202.294953504035,True,G_2b8175,False
V_aef0752f,U_0804,2026-02-27,4302.370814649718,True,G_55dfd9,True
V_56a8bb69,U_0972,2026-02-27,5757.678099072053,True,G_55dfd9,False
V_417dd443,U_0845,2026-02-27,4370.768491572586,True,G_55dfd9,False
V_5c52a96c,U_0508,2026-02-27,6005.767822849842,True,G_55dfd9,False
V_1bd133ea,U_0376,2026-02-27,3628.3717483337186,True,G_55dfd9,False
V_2379684618,U_0810,2026-02-27,3853.365413025673,False,,False
V_dd14f980,U_0844,2026-02-27,3399.224107411788,True,G_803a8d,True
V_8263e796,U_0939,2026-02-27,4244.59861614127,True,G_803a8d,False
V_ed0846ed,U_0848,2026-02-27,2507.5827972243396,True,G_f678c7,True
V_2df56919,U_0207,2026-02-27,3010.4625680168447,True,G_f678c7,False
V_172362202,U_0852,2026-02-27,10344.420604347497,False,,False
V_1950334018,U_0891,2026-02-27,4513.6347518318535,False,,False
V_3695348414,U_0929,2026-02-27,5742.415928415165,False,,False
V_1361473353,U_0970,2026-02-27,3549.3907353359205,False,,False
V_6433d6f1,U_0982,2026-02-27,9739.941425018782,True,G_2197a2,True
V_44cac0f4,U_0657,2026-02-27,12999.715073155929,True,G_2197a2,False
V_a6f9e6dc,U_0194,2026-02-27,7817.459820690299,True,G_2197a2,False
V_46705f32,U_0863,2026-02-27,8702.369377786023,True,G_2197a2,False
V_83088874,U_0461,2026-02-27,9273.810855166937,True,G_2197a2,False
V_2d39c79a,U_0005,2026-02-28,4354.363922237026,True,G_4f0bf2,True
V_9690e043,U_0817,2026-02-28,4816.340377789895,True,G_4f0bf2,False
V_59bf0694,U_0066,2026-02-28,5282.002401813024,True,G_5f8f16,True
V_2c282963,U_0000,2026-02-28,3808.674046830386,True,G_5f8f16,False
V_9a47d173,U_0085,2026-02-28,3810.7223502949864,True,G_5f8f16,False
V_42a684e7,U_0150,2026-02-28,2615.1072555262467,True,G_912ed7,True
V_9a52744c,U_0489,2026-02-28,3465.8489919360595,True,G_912ed7,False
V_0817cbcb,U_0593,2026-02-28,3220.2853422528497,True,G_912ed7,False
V_373080043,U_0163,2026-02-28,11033.893523269075,False,,False
V_88c2aff7,U_0169,2026-02-28,4400.975107817748,True,G_f55681,True
V_3412808c,U_0712,2026-02-28,3701.2755595294607,True,G_f55681,False
V_ae822027,U_0131,2026-02-28,5923.413703640156,True,G_f55681,False
V_1936089044,U_0184,2026-02-28,3033.2752579731728,False,,False
V_2998535967,U_0186,2026-02-28,3486.931429833822,False,,False
V_11c938ac,U_0207,2026-02-28,3564.1438601370937,True,G_254d74,True
V_fd7c97a4,U_0134,2026-02-28,2992.7453443178665,True,G_254d74,False
V_e7b3e556,U_0180,2026-02-28,4080.283821719531,True,G_254d74,False
V_bb80a436,U_0237,2026-02-28,9518.906616241442,True,G_1b0b39,True
V_f17c7b62,U_0328,2026-02-28,6336.97628698814,True,G_1b0b39,False
V_ecbbf32d,U_0391,2026-02-28,7875.112102200287,True,G_1b0b39,False
V_0d39cbaf,U_0238,2026-02-28,8198.255528875176,True,G_1b0b39,False
V_20ce8a4d,U_0238,2026-02-28,8422.843177191236,True,G_929864,True
V_0bf670c1,U_0591,2026-02-28,7461.802067831529,True,G_929864,False
V_49b1345c,U_0006,2026-02-28,7084.951405282028,True,G_929864,False
V_2508821000,U_0291,2026-02-28,4385.4550225197545,False,,False
V_16864794,U_0297,2026-02-28,3458.292162850088,False,,False
V_2109277043,U_0328,2026-02-28,7082.209577248965,False,,False
V_312524858,U_0351,2026-02-28,4018.5719288891896,False,,False
V_f0d2e2cc,U_0424,2026-02-28,2579.385698853101,True,G_82f4b1,True
V_792908c7,U_0989,2026-02-28,2065.762600787125,True,G_82f4b1,False
V_af307c50,U_0374,2026-02-28,2783.3046616637753,True,G_82f4b1,False
V_345cc699,U_0571,2026-02-28,2885.9916313803187,True,G_82f4b1,False
V_768f0e0c,U_0909,2026-02-28,2292.363426788586,True,G_82f4b1,False
V_768036050,U_0433,2026-02-28,6378.121674561266,False,,False
V_2123160582,U_0470,2026-02-28,4528.839345785108,False,,False
V_121033363,U_0524,2026-02-28,3130.2531669769546,False,,False
V_3893394727,U_0546,2026-02-28,3035.3270072240784,False,,False
V_3014920277,U_0552,2026-02-28,3663.8275078977344,False,,False
V_9b88d502,U_0560,2026-02-28,10656.07194074568,True,G_677c9f,True
V_49467521,U_0794,2026-02-28,6294.28302774178,True,G_677c9f,False
V_1745739290,U_0583,2026-02-28,3666.2619448742075,False,,False
V_559802253,U_0611,2026-02-28,5844.395612002723,False,,False
V_2121260805,U_0612,2026-02-28,3877.05544561005,False,,False
V_4125935852,U_0618,2026-02-28,4097.253490073436,False,,False
V_4062647139,U_0653,2026-02-28,5141.658134128519,False,,False
V_630cf697,U_0692,2026-02-28,5965.412978214918,True,G_a9a6ff,True
V_6a5abaa3,U_0430,2026-02-28,5565.803484917191,True,G_a9a6ff,False
V_4b29e68f,U_0701,2026-02-28,6332.144235267603,True,G_4475b5,True
V_5c18ae08,U_0815,2026-02-28,6438.528118118298,True,G_4475b5,False
V_9984f197,U_0573,2026-02-28,5114.9759060568895,True,G_4475b5,False
V_bf62714d,U_0678,2026-02-28,7371.407041533866,True,G_4475b5,False
V_1901973086,U_0755,2026-02-28,13051.98181179715,False,,False
V_32832d6d,U_0804,2026-02-28,5072.378199644993,True,G_a09c6c,True
V_8c8295b3,U_0107,2026-02-28,3986.9583670721086,True,G_a09c6c,False
V_5e1192e5,U_0683,2026-02-28,4652.245813611811,True,G_a09c6c,False
V_3138571086,U_0809,2026-02-28,4633.858955548031,False,,False
V_731073817,U_0819,2026-02-28,2717.0000225456024,False,,False
V_1991160622,U_0841,2026-02-28,6307.992992527931,False,,False
V_933733357,U_0913,2026-02-28,10002.066397877996,False,,False
V_51458621,U_0919,2026-02-28,2128.256493616947,True,G_c4b8ee,True
V_96a7235c,U_0478,2026-02-28,2935.5565625613553,True,G_c4b8ee,False
V_c96dd357,U_0255,2026-02-28,3727.0825519354653,True,G_c4b8ee,False
V_1626302662,U_0923,2026-02-28,2872.04151782524,False,,False
V_23326271,U_0937,2026-02-28,9325.32965944104,True,G_7fc2b0,True
V_7779aa85,U_0977,2026-02-28,7608.727239739407,True,G_7fc2b0,False
V_1ad47f30,U_0636,2026-02-28,11096.018924361926,True,G_7fc2b0,False
V_57e5eb58,U_0737,2026-02-28,8088.482828910467,True,G_7fc2b0,False
V_77404ae0,U_0582,2026-02-28,6897.638478699965,True,G_7fc2b0,False
V_62485437,U_0015,2026-03-01,7871.388114271551,False,,False
V_90214bfd,U_0019,2026-03-01,8279.4108934282,True,G_505000,True
V_ac11c245,U_0813,2026-03-01,9319.745246408509,True,G_505000,False
V_112bb66d,U_0023,2026-03-01,3374.929015860916,True,G_ea9dc7,True
V_e86918d5,U_0331,2026-03-01,4192.072182720008,True,G_ea9dc7,False
V_f1ec4513,U_0580,2026-03-01,5120.214649431415,True,G_ea9dc7,False
V_e8d74177,U_0065,2026-03-01,4505.617335796838,True,G_ea9dc7,False
V_cf557ea3,U_0817,2026-03-01,3775.9344421031756,True,G_ea9dc7,False
V_5f9b6d30,U_0012,2026-03-01,4519.465499775346,True,G_ea9dc7,False
V_527c5a72,U_0167,2026-03-01,2308.9205362743232,True,G_6ad1db,True
V_e2dc9505,U_0686,2026-03-01,2978.1527006307438,True,G_6ad1db,False
V_44dc7d71,U_0186,2026-03-01,2928.402377661427,True,G_6ad1db,False
V_7756628a,U_0216,2026-03-01,2377.559899266382,True,G_6ad1db,False
V_7ae1d709,U_0181,2026-03-01,9418.500186335468,True,G_6fe1bb,True
V_abd610c6,U_0019,2026-03-01,7523.804221912399,True,G_6fe1bb,False
V_ab05fea1,U_0303,2026-03-01,8542.756555279286,True,G_6fe1bb,False
V_da0eb748,U_0015,2026-03-01,8666.31448284279,True,G_6fe1bb,False
V_8eda43b0,U_0581,2026-03-01,8522.603833758876,True,G_6fe1bb,False
V_66f131e3,U_0888,2026-03-01,10360.896713364262,True,G_6fe1bb,False
V_4bdf16ce,U_0237,2026-03-01,10455.965465221303,True,G_5a0610,True
V_b3fb0af9,U_0982,2026-03-01,7009.619580093033,True,G_5a0610,False
V_1b440a80,U_0863,2026-03-01,7859.116511911222,True,G_5a0610,False
V_94c3a7ca,U_0238,2026-03-01,9390.275162352727,True,G_5a0610,False
V_1a73a800,U_0268,2026-03-01,4816.316627438351,True,G_4072c8,True
V_5aa68fd9,U_0326,2026-03-01,6046.743905432648,True,G_4072c8,False
V_801069617,U_0281,2026-03-01,7249.313852921251,False,,False
V_c570f842,U_0286,2026-03-01,3017.6407409178532,True,G_416c7c,True
V_80226794,U_0855,2026-03-01,1976.7154019188608,True,G_416c7c,False
V_da648b2a,U_0406,2026-03-01,2590.7903796484484,True,G_416c7c,False
V_24dd5135,U_0317,2026-03-01,2518.071120247982,True,G_416c7c,False
V_6826a6fd,U_0297,2026-03-01,3937.979208979259,True,G_416c7c,False
V_7f0b10fb,U_0307,2026-03-01,3022.8270723991186,True,G_49565e,True
V_7b949e97,U_0061,2026-03-01,2855.3033691035107,True,G_49565e,False
V_00a71cc0,U_0426,2026-03-01,3408.1038417509544,True,G_49565e,False
V_2223dda7,U_0894,2026-03-01,2604.314318732862,True,G_49565e,False
V_41fa5110,U_0838,2026-03-01,3482.0316872451363,True,G_49565e,False
V_c9a8e089,U_0546,2026-03-01,2324.7252840581095,True,G_49565e,False
V_2834521752,U_0352,2026-03-01,2501.164867422468,False,,False
V_2757124531,U_0375,2026-03-01,3486.9479959591845,False,,False
V_2406002812,U_0400,2026-03-01,11035.225208313188,False,,False
V_496968069,U_0431,2026-03-01,5455.342240153437,False,,False
V_f6d56de9,U_0454,2026-03-01,3920.51380829534,True,G_f7d3c9,True
V_f5ac2945,U_0492,2026-03-01,2538.6419084163153,True,G_f7d3c9,False
V_6a46974c,U_0113,2026-03-01,2321.4187702856075,True,G_f7d3c9,False
V_77587efe,U_0818,2026-03-01,3059.361369137488,True,G_f7d3c9,False
V_6573d17e,U_0419,2026-03-01,2515.743196593338,True,G_f7d3c9,False
V_2697191818,U_0479,2026-03-01,1885.4381707126392,False,,False
V_08a9a02b,U_0652,2026-03-01,5372.436252939821,True,G_2e1fe0,True
V_29bc983c,U_0575,2026-03-01,5747.2529745631,True,G_2e1fe0,False
V_0c792c52,U_0622,2026-03-01,5658.395243380661,True,G_2e1fe0,False
V_6e63ea47,U_0705,2026-03-01,5916.137368314349,True,G_de9663,True
V_2f6d056d,U_0760,2026-03-01,4245.114095747908,True,G_de9663,False
V_7063fb9f,U_0005,2026-03-01,5082.574796323132,True,G_de9663,False
V_de95b5fd,U_0840,2026-03-01,4136.182661657205,True,G_de9663,False
V_abed5071,U_0369,2026-03-01,5448.830078669136,True,G_de9663,False
V_591a58d9,U_0732,2026-03-01,5700.226258880741,True,G_4c487b,True
V_b39f1df9,U_0783,2026-03-01,3424.791639511672,True,G_4c487b,False
V_48c2bc3f,U_0750,2026-03-01,6552.865988981957,True,G_4c487b,False
V_a4e8af9b,U_0018,2026-03-01,5495.026981393209,True,G_4c487b,False
V_bc5f52ac,U_0431,2026-03-01,5317.606782464866,True,G_4c487b,False
V_90283af4,U_0336,2026-03-01,6896.663117808032,True,G_4c487b,False
V_2446600907,U_0752,2026-03-01,7162.664685046735,False,,False
V_2791777661,U_0834,2026-03-01,4469.875295322113,False,,False
V_5b4e57f6,U_0847,2026-03-01,5412.75449425804,True,G_529329,True
V_77f769e4,U_0933,2026-03-01,4470.032094722265,True,G_529329,False
V_75c7f003,U_0768,2026-03-01,4321.0451322260415,True,G_529329,False
V_bfe2afc4,U_0594,2026-03-01,5570.6275545283615,True,G_529329,False
V_a0eb32b6,U_0896,2026-03-01,9883.276276892995,True,G_f0e53d,True
V_e68b6975,U_0456,2026-03-01,10800.824712383457,True,G_f0e53d,False
V_9868d102,U_0993,2026-03-01,8275.328104531713,True,G_f0e53d,False
V_01f2d7ab,U_0969,2026-03-01,12522.806585542208,True,G_f0e53d,False
V_568583971,U_0974,2026-03-01,13518.21827098033,False,,False
V_4240707749,U_0016,2026-03-02,3694.2828386950564,False,,False
V_3719475587,U_0018,2026-03-02,4837.849225955836,False,,False
V_3779442667,U_0055,2026-03-02,9297.531210432326,False,,False
V_192293306,U_0117,2026-03-02,5815.929119964102,False,,False
V_52dd7e49,U_0128,2026-03-02,5466.958839735692,True,G_843611,True
V_3b815180,U_0453,2026-03-02,4327.2392414633605,True,G_843611,False
V_3d3fcec2,U_0712,2026-03-02,3717.692032582618,True,G_843611,False
V_7fcdad02,U_0422,2026-03-02,5811.464291101816,True,G_843611,False
V_4097136436,U_0161,2026-03-02,6097.9058064773835,False,,False
V_f82fe0dc,U_0188,2026-03-02,4152.39845039904,True,G_bc03b0,True
V_b207a8d8,U_0157,2026-03-02,4276.469456773032,True,G_bc03b0,False
V_cc7ee96b,U_0797,2026-03-02,2125.3466349835335,True,G_bc03b0,False
V_bd0ba660,U_0211,2026-03-02,4332.814943326377,True,G_2cef8e,True
V_379093a7,U_0185,2026-03-02,5180.685982293191,True,G_2cef8e,False
V_a04d17c4,U_0204,2026-03-02,5857.051642074452,True,G_2cef8e,False
V_3620f378,U_0787,2026-03-02,7336.197678660401,True,G_2cef8e,False
V_757b5dc8,U_0151,2026-03-02,5662.57030093849,True,G_2cef8e,False
V_0b551416,U_0782,2026-03-02,5138.645965197785,True,G_2cef8e,False
V_4281183309,U_0238,2026-03-02,7803.537612097999,False,,False
V_2028441252,U_0288,2026-03-02,5834.822970798285,False,,False
V_4209093740,U_0299,2026-03-02,5493.913635524906,False,,False
V_6a994aa9,U_0403,2026-03-02,5047.132365915902,True,G_ae3ee6,True
V_571a3398,U_0502,2026-03-02,6046.944808927721,True,G_ae3ee6,False
V_2706524179,U_0432,2026-03-02,3163.335531965792,False,,False
V_dffaaf32,U_0436,2026-03-02,8596.208601419608,True,G_642f51,True
V_159a2f97,U_0089,2026-03-02,5858.262622502143,True,G_642f51,False
V_218a246a,U_0206,2026-03-02,6086.722177193924,True,G_642f51,False
V_3967c0cf,U_0262,2026-03-02,11140.372369597622,True,G_642f51,False
V_3442128816,U_0456,2026-03-02,11636.935439455778,False,,False
V_f2a05b7b,U_0473,2026-03-02,4546.729121137653,True,G_dc2df7,True
V_c334532e,U_0077,2026-03-02,7423.9673654506805,True,G_dc2df7,False
V_18abb3ce,U_0491,2026-03-02,5225.00317827439,True,G_dc2df7,False
V_da2b24f4,U_0742,2026-03-02,5750.902167682174,True,G_dc2df7,False
V_2621670625,U_0549,2026-03-02,3654.5587050224717,False,,False
V_1434953166,U_0550,2026-03-02,4455.760264803772,False,,False
V_3019281090,U_0553,2026-03-02,3404.6258957788855,False,,False
V_b38637e1,U_0560,2026-03-02,8738.043524645542,True,G_e2cc54,True
V_4e78baab,U_0456,2026-03-02,10235.242106968988,True,G_e2cc54,False
V_31b259ba,U_0265,2026-03-02,6982.953331819425,True,G_e2cc54,False
V_0e5d2060,U_0160,2026-03-02,8774.304086031909,True,G_e2cc54,False
V_5b8104b0,U_0183,2026-03-02,7841.673414242144,True,G_e2cc54,False
V_144161513,U_0582,2026-03-02,6087.558083020024,False,,False
V_902126268,U_0669,2026-03-02,2664.0539150475647,False,,False
V_2923367726,U_0724,2026-03-02,2725.834336475637,False,,False
V_608043053,U_0750,2026-03-02,5384.714939911536,False,,False
V_2956404591,U_0767,2026-03-02,8569.376834544146,False,,False
V_1618701594,U_0815,2026-03-02,6056.565828278044,False,,False
V_3339060312,U_0819,2026-03-02,3192.794500381675,False,,False
V_1238907104,U_0845,2026-03-02,3896.7402939429476,False,,False
V_7f9e57da,U_0881,2026-03-02,5584.455508561913,True,G_41162b,True
V_98a17ab5,U_0688,2026-03-02,7381.454172182618,True,G_41162b,False
V_ae4849d4,U_0600,2026-03-02,4603.347941046482,True,G_41162b,False
V_734bb435,U_0273,2026-03-02,4589.95437518862,True,G_41162b,False
V_3223788996,U_0897,2026-03-02,10048.744718754224,False,,False
V_1345659476,U_0940,2026-03-02,2058.5233277947978,False,,False
V_7192d90d,U_0960,2026-03-02,2117.801398125145,True,G_98e4d9,True
V_ad87e384,U_0193,2026-03-02,3123.8690508769973,True,G_98e4d9,False
V_1ff221c4,U_0936,2026-03-02,3629.663726099422,True,G_98e4d9,False
V_7deb9674,U_0366,2026-03-02,4504.04194236949,True,G_98e4d9,False
V_ca812092,U_0028,2026-03-02,4335.5035981889,True,G_98e4d9,False
V_17557e02,U_0963,2026-03-02,4774.068615530778,True,G_058169,True
V_57dc4952,U_0608,2026-03-02,7161.246180340761,True,G_058169,False
V_798766fe,U_0169,2026-03-02,4423.597871938307,True,G_058169,False
V_2966340269,U_0977,2026-03-02,9633.902484495842,False,,False
V_fe5dd8cd,U_0024,2026-03-03,9501.50793155452,True,G_c6d6b9,True
V_1e759551,U_0088,2026-03-03,11749.473084970383,True,G_c6d6b9,False
V_27cd1c3a,U_0458,2026-03-03,10612.402554977212,True,G_c6d6b9,False
V_2e0376d0,U_0461,2026-03-03,10323.472017479766,True,G_c6d6b9,False
V_5db3ff24,U_0445,2026-03-03,13631.36559986921,True,G_c6d6b9,False
V_1425731517,U_0028,2026-03-03,3869.062176573269,False,,False
V_2618023243,U_0030,2026-03-03,7071.678519858739,False,,False
V_3716167176,U_0069,2026-03-03,2091.4453552932255,False,,False
V_2b90fd06,U_0073,2026-03-03,5277.692780354242,True,G_ceb28b,True
V_e4be562b,U_0511,2026-03-03,4313.402450313293,True,G_ceb28b,False
V_5a324d0b,U_0190,2026-03-03,6321.300859542257,True,G_ceb28b,False
V_f6204a10,U_0625,2026-03-03,5847.890690975864,True,G_ceb28b,False
V_a50aca00,U_0812,2026-03-03,6329.07483229974,True,G_ceb28b,False
V_f650b700,U_0078,2026-03-03,4000.3322024001236,True,G_126430,True
V_761ec446,U_0236,2026-03-03,4059.2897087003917,True,G_126430,False
V_617fa013,U_0598,2026-03-03,3745.6436226136007,True,G_126430,False
V_8e0726dd,U_0027,2026-03-03,3877.456673202684,True,G_126430,False
V_4f8ca075,U_0228,2026-03-03,2643.8924329675942,True,G_126430,False
V_845990442,U_0080,2026-03-03,6357.6653640346585,False,,False
V_1069431592,U_0141,2026-03-03,3830.148741658386,False,,False
V_338219180,U_0168,2026-03-03,10670.01653705145,False,,False
V_205752607,U_0245,2026-03-03,1959.1109475363382,False,,False
V_2470092064,U_0256,2026-03-03,2319.7542518264727,False,,False
V_81a6765e,U_0279,2026-03-03,2553.5577356339645,True,G_1a2787,True
V_40a054fb,U_0743,2026-03-03,2140.0216170291974,True,G_1a2787,False
V_3585666372,U_0328,2026-03-03,8375.118077678699,False,,False
V_1262509508,U_0458,2026-03-03,13857.308265838978,False,,False
V_427680307,U_0518,2026-03-03,8808.820004734434,False,,False
V_19849569,U_0567,2026-03-03,9103.946218448074,False,,False
V_2634196784,U_0618,2026-03-03,4606.964980939767,False,,False
V_98ed5ebe,U_0682,2026-03-03,8974.731967024418,True,G_e58252,True
V_d629d41d,U_0130,2026-03-03,10825.848476883824,True,G_e58252,False
V_2126687707,U_0705,2026-03-03,5604.951784907683,False,,False
V_3268141390,U_0725,2026-03-03,5382.369565162248,False,,False
V_3d64317c,U_0772,2026-03-03,7623.921439710582,True,G_1f16fc,True
V_6f75f270,U_0430,2026-03-03,5809.384668919097,True,G_1f16fc,False
V_223d632a,U_0331,2026-03-03,4797.324959774523,True,G_1f16fc,False
V_9d91cfd7,U_0652,2026-03-03,5393.4007144101215,True,G_1f16fc,False
V_593340e9,U_0553,2026-03-03,4271.124241522309,True,G_1f16fc,False
V_d2b15deb,U_0981,2026-03-03,4979.27349110601,True,G_1f16fc,False
V_3003456658,U_0777,2026-03-03,3705.247504200156,False,,False
V_1539406712,U_0793,2026-03-03,4923.394704153245,False,,False
V_affba6ad,U_0810,2026-03-03,4278.877048197951,True,G_7939d1,True
V_2b89c6b7,U_0874,2026-03-03,6115.117081471445,True,G_7939d1,False
V_4bd9e927,U_0472,2026-03-03,3477.891220296084,True,G_7939d1,False
V_ca531010,U_0005,2026-03-03,4702.797240813633,True,G_7939d1,False
V_2a52ed00,U_0831,2026-03-03,5053.922003079868,True,G_c52d94,True
V_38e5a39f,U_0955,2026-03-03,7556.466194079454,True,G_c52d94,False
V_4122142885,U_0866,2026-03-03,11401.452344836847,False,,False
V_cd3d7ffd,U_0868,2026-03-03,5447.779747225772,True,G_51c351,True
V_359d1db5,U_0732,2026-03-03,6893.963184909295,True,G_51c351,False
V_cfa258c9,U_0045,2026-03-03,5868.587044569371,True,G_51c351,False
V_5220f50f,U_0613,2026-03-03,5494.142877254315,True,G_51c351,False
V_aec403a4,U_0757,2026-03-03,5220.105389438316,True,G_51c351,False
V_2808084920,U_0896,2026-03-03,9478.290286065012,False,,False
V_1020750793,U_0963,2026-03-03,4981.349531743978,False,,False
V_8ac2c6dd,U_0969,2026-03-03,9819.172506267014,True,G_823865,True
V_40f36996,U_0221,2026-03-03,5897.638605062569,True,G_823865,False
V_e71fd764,U_0303,2026-03-03,11235.185511663127,True,G_823865,False
V_375a5c84,U_0400,2026-03-03,11830.867720095375,True,G_823865,False
V_3803732260,U_0033,2026-03-04,3961.482382094577,False,,False
V_582c6537,U_0041,2026-03-04,3810.454245250076,True,G_529066,True
V_139e6660,U_0204,2026-03-04,5760.6812805769905,True,G_529066,False
V_f9e3f340,U_0683,2026-03-04,4679.21834572319,True,G_529066,False
V_3265101030,U_0059,2026-03-04,6463.285628469669,False,,False
V_4191921562,U_0161,2026-03-04,6801.782498877386,False,,False
V_39da0abd,U_0174,2026-03-04,4209.254041581331,True,G_4c3fc9,True
V_9d62e5c7,U_0722,2026-03-04,8126.519813776936,True,G_4c3fc9,False
V_26909a4b,U_0694,2026-03-04,4866.747052881898,True,G_4c3fc9,False
V_3959126484,U_0190,2026-03-04,6474.150023076435,False,,False
V_3b8871bb,U_0225,2026-03-04,14106.545128192029,True,G_35e14c,True
V_4e20f6ef,U_0655,2026-03-04,6737.415454623777,True,G_35e14c,False
V_d0507d2e,U_0548,2026-03-04,9638.21244637322,True,G_35e14c,False
V_92cc5a63,U_0456,2026-03-04,9419.88082597545,True,G_35e14c,False
V_077556c1,U_0323,2026-03-04,9345.682724107199,True,G_23171a,True
V_e4c25d22,U_0415,2026-03-04,9442.08231319866,True,G_23171a,False
V_3171319d,U_0974,2026-03-04,9513.283360571355,True,G_23171a,False
V_3574645503,U_0354,2026-03-04,7315.824094187801,False,,False
V_1494772611,U_0361,2026-03-04,4019.876603419897,False,,False
V_3984432240,U_0378,2026-03-04,4919.300503994283,False,,False
V_1a8ae2d6,U_0408,2026-03-04,5616.4203234278075,True,G_981e12,True
V_8350928f,U_0103,2026-03-04,3492.247252168742,True,G_981e12,False
V_3803707296,U_0456,2026-03-04,12078.47464544194,False,,False
V_6ac4d33c,U_0484,2026-03-04,10804.066658750105,True,G_d6d0b6,True
V_fbe439af,U_0982,2026-03-04,8016.097052197013,True,G_d6d0b6,False
V_4202edd2,U_0548,2026-03-04,9239.725788663063,True,G_d6d0b6,False
V_2f0bda49,U_0513,2026-03-04,13262.975480518853,True,G_d6d0b6,False
V_c0d97d91,U_0816,2026-03-04,7762.684006398289,True,G_d6d0b6,False
V_4de950ac,U_0515,2026-03-04,2915.575991667974,True,G_b10949,True
V_cbc23f4f,U_0267,2026-03-04,2784.063612838607,True,G_b10949,False
V_21192ae3,U_0389,2026-03-04,3157.0894898471593,True,G_b10949,False
V_80a94a0c,U_0256,2026-03-04,1827.6651353956806,True,G_b10949,False
V_7e93015f,U_0485,2026-03-04,4110.320176224613,True,G_b10949,False
V_4b746e56,U_0525,2026-03-04,2243.5660800051264,True,G_5a16d3,True
V_9f0a7834,U_0561,2026-03-04,2345.9579184552567,True,G_5a16d3,False
V_b13aee60,U_0270,2026-03-04,2801.954888919632,True,G_5a16d3,False
V_2446478910,U_0526,2026-03-04,5883.100639308424,False,,False
V_33be9c96,U_0560,2026-03-04,8288.386405160356,True,G_56e77a,True
V_d1f2a1a6,U_0682,2026-03-04,9437.114536917034,True,G_56e77a,False
V_aff25bff,U_0391,2026-03-04,10889.268567902252,True,G_56e77a,False
V_8ad63911,U_0672,2026-03-04,3923.414325544224,True,G_54d1de,True
V_9afaa14a,U_0721,2026-03-04,6080.602850928392,True,G_54d1de,False
V_a875653e,U_0773,2026-03-04,4937.707067392651,True,G_54d1de,False
V_6b1092ff,U_0536,2026-03-04,5139.295439315909,True,G_54d1de,False
V_cfbfe6fb,U_0873,2026-03-04,6355.8063528594275,True,G_54d1de,False
V_978396799,U_0752,2026-03-04,7948.217604176503,False,,False
V_a24c391f,U_0949,2026-03-04,3685.050810951875,True,G_9ade3d,True
V_18d1878c,U_0501,2026-03-04,3884.485028569338,True,G_9ade3d,False
V_2a725b14,U_0381,2026-03-04,2500.4877851536417,True,G_9ade3d,False
V_e6e1f861,U_0709,2026-03-04,4543.15160225884,True,G_9ade3d,False
V_3829663031,U_0952,2026-03-04,3257.44781166869,False,,False
V_2651154402,U_0014,2026-03-05,1890.9676074198803,False,,False
V_2286611699,U_0043,2026-03-05,3058.1197859676636,False,,False
V_4776e1b7,U_0048,2026-03-05,2357.664073895779,True,G_739644,True
V_d4afdec0,U_0011,2026-03-05,2521.7105060352683,True,G_739644,False
V_80be8620,U_0055,2026-03-05,9277.501541023632,True,G_757762,True
V_7d9760ca,U_0704,2026-03-05,9690.268686262267,True,G_757762,False
V_d9c8d099,U_0693,2026-03-05,5439.918183467501,True,G_757762,False
V_628ca0df,U_0194,2026-03-05,7663.619856052924,True,G_757762,False
V_1503124141,U_0068,2026-03-05,4597.487269617213,False,,False
V_47fd85ba,U_0082,2026-03-05,6470.035412842244,True,G_0ef546,True
V_a67e1a0a,U_0627,2026-03-05,5727.390634203165,True,G_0ef546,False
V_c3324b62,U_0904,2026-03-05,6191.860558861589,True,G_0ef546,False
V_3502068915,U_0110,2026-03-05,6333.591851479837,False,,False
V_96dcfae1,U_0115,2026-03-05,2054.5282871475374,True,G_fd6f7b,True
V_4a37f218,U_0716,2026-03-05,2030.9299711652538,True,G_fd6f7b,False
V_b7833bf6,U_0934,2026-03-05,3096.1340943962614,True,G_fd6f7b,False
V_f6f045a5,U_0986,2026-03-05,3227.0519986929485,True,G_fd6f7b,False
V_936e25aa,U_0555,2026-03-05,2536.774084376056,True,G_fd6f7b,False
V_3594656696,U_0128,2026-03-05,6001.603873071459,False,,False
V_3991784593,U_0131,2026-03-05,6595.942911579233,False,,False
V_1256467177,U_0161,2026-03-05,6323.369137098888,False,,False
V_633ff456,U_0168,2026-03-05,9007.167434927214,True,G_26b746,True
V_ed1558a4,U_0581,2026-03-05,7433.727814191553,True,G_26b746,False
V_1676888606,U_0219,2026-03-05,2262.381473109717,False,,False
V_2637612112,U_0249,2026-03-05,3867.6044343933954,False,,False
V_2695832159,U_0281,2026-03-05,7526.366657050188,False,,False
V_c4f6d323,U_0285,2026-03-05,4860.41638760824,True,G_c55fd7,True
V_f4fde75f,U_0502,2026-03-05,5026.235435487726,True,G_c55fd7,False
V_74389fed,U_0326,2026-03-05,6648.688476960224,True,G_c55fd7,False
V_a63ad8c3,U_0001,2026-03-05,5982.55850259391,True,G_c55fd7,False
V_9a0c6620,U_0616,2026-03-05,6472.130940292434,True,G_c55fd7,False
V_4c35580c,U_0881,2026-03-05,5429.805473625061,True,G_c55fd7,False
V_2108390136,U_0299,2026-03-05,6520.288441468567,False,,False
V_1014479337,U_0303,2026-03-05,12289.45382486043,False,,False
V_4eb0af43,U_0338,2026-03-05,10416.971867070535,True,G_af4697,True
V_b83679c3,U_0265,2026-03-05,7417.478655105703,True,G_af4697,False
V_1244375293,U_0445,2026-03-05,12397.049922255483,False,,False
V_1660153341,U_0461,2026-03-05,7635.217867664641,False,,False
V_214098575,U_0512,2026-03-05,1955.7537897202524,False,,False
V_1157593474,U_0547,2026-03-05,3291.14269119777,False,,False
V_2943188398,U_0572,2026-03-05,6724.962495957174,False,,False
V_3819725748,U_0790,2026-03-05,6981.340960219549,False,,False
V_6a6027da,U_0826,2026-03-05,7218.645210914544,True,G_d41359,True
V_6dd3704d,U_0816,2026-03-05,10283.67141262896,True,G_d41359,False
V_be537359,U_0623,2026-03-05,11918.38751749159,True,G_d41359,False
V_9854cf73,U_0636,2026-03-05,9992.806241135711,True,G_d41359,False
V_c1c0f578,U_0951,2026-03-05,11806.376163315574,True,G_d41359,False
V_71e454ee,U_0869,2026-03-05,2800.4751378022825,True,G_1a00b8,True
V_c5b37839,U_0531,2026-03-05,2104.553546852219,True,G_1a00b8,False
V_3637046081,U_0885,2026-03-05,8589.313892272308,False,,False
V_3019354629,U_0893,2026-03-05,3410.0173682850855,False,,False
V_2920816422,U_0955,2026-03-05,8658.981992853822,False,,False
V_3896455181,U_0983,2026-03-05,3335.121561983632,False,,False
V_4010571915,U_0034,2026-03-06,3547.778347882579,False,,False
V_b5e960ed,U_0097,2026-03-06,10684.103998530294,True,G_bb276a,True
V_306c2430,U_0813,2026-03-06,8462.226668089246,True,G_bb276a,False
V_c60b9d67,U_0655,2026-03-06,7943.090739187263,True,G_bb276a,False
V_ffa6792e,U_0852,2026-03-06,11864.704811885647,True,G_bb276a,False
V_070be9a5,U_0391,2026-03-06,9765.866310884841,True,G_bb276a,False
V_3347334310,U_0141,2026-03-06,4593.875665315676,False,,False
V_59e279b6,U_0181,2026-03-06,11143.35477852558,True,G_da8db7,True
V_989c4b00,U_0875,2026-03-06,7932.270582039885,True,G_da8db7,False
V_1d6958aa,U_0461,2026-03-06,7059.328154717294,True,G_da8db7,False
V_3337055860,U_0214,2026-03-06,3199.7216772949023,False,,False
V_1790871429,U_0221,2026-03-06,7372.938009595368,False,,False
V_20d35d81,U_0226,2026-03-06,3649.3319197136934,True,G_41036c,True
V_75d4995f,U_0347,2026-03-06,2472.451201622219,True,G_41036c,False
V_8647f082,U_0329,2026-03-06,2068.2902482027775,True,G_41036c,False
V_f23c1040,U_0932,2026-03-06,2522.030336252187,True,G_41036c,False
V_6bd74b66,U_0290,2026-03-06,3874.5830535403798,True,G_41036c,False
V_1cf800eb,U_0186,2026-03-06,4232.562943334973,True,G_41036c,False
V_212d9b77,U_0253,2026-03-06,4193.345666822136,True,G_4bb5ca,True
V_e3c548eb,U_0479,2026-03-06,1922.177556007848,True,G_4bb5ca,False
V_2991376672,U_0280,2026-03-06,6323.296575312572,False,,False
V_cb224c12,U_0281,2026-03-06,7017.571130251906,True,G_be8f5b,True
V_af3515d6,U_0705,2026-03-06,5604.7841550743315,True,G_be8f5b,False
V_c1735c33,U_0773,2026-03-06,4584.198072638832,True,G_be8f5b,False
V_cb3c123d,U_0694,2026-03-06,5469.278834343895,True,G_be8f5b,False
V_5fd083b6,U_0431,2026-03-06,5506.183725673281,True,G_be8f5b,False
V_7493b68b,U_0209,2026-03-06,5317.1019422166855,True,G_be8f5b,False
V_e943bac7,U_0344,2026-03-06,3108.8148917877897,True,G_8c90d3,True
V_c285fbfc,U_0292,2026-03-06,2151.0208458905554,True,G_8c90d3,False
V_3ed2f28b,U_0924,2026-03-06,2749.1120812643417,True,G_8c90d3,False
V_c32582df,U_0631,2026-03-06,3204.4790004038036,True,G_8c90d3,False
V_1009995488,U_0385,2026-03-06,4093.876525156512,False,,False
V_30befc5d,U_0464,2026-03-06,6451.0500668459445,True,G_efc7b8,True
V_e499ffbd,U_0622,2026-03-06,6281.861386347534,True,G_efc7b8,False
V_7dce14f1,U_0792,2026-03-06,3462.895290360551,True,G_efc7b8,False
V_f24fa662,U_0891,2026-03-06,3415.8382263465737,True,G_efc7b8,False
V_1091326918,U_0675,2026-03-06,3568.193099712664,False,,False
V_122988264,U_0770,2026-03-06,10795.274009303612,False,,False
V_2736487062,U_0800,2026-03-06,4801.409560978373,False,,False
V_fc5a78b8,U_0813,2026-03-06,9332.48614381888,True,G_52aa6d,True
V_c4a71f41,U_0006,2026-03-06,5604.81331291988,True,G_52aa6d,False
V_e946a039,U_0391,2026-03-06,10515.783537733332,True,G_52aa6d,False
V_6e8b6e27,U_0636,2026-03-06,9177.888750560127,True,G_52aa6d,False
V_60111057,U_0818,2026-03-06,4229.173514638458,False,,False
V_2401475374,U_0852,2026-03-06,10426.294853971784,False,,False
V_1400214748,U_0897,2026-03-06,9799.943479762847,False,,False
V_e8756a08,U_0917,2026-03-06,7623.529800507812,True,G_517250,True
V_e2bae618,U_0897,2026-03-06,9653.09132649841,True,G_517250,False
V_7d359883,U_0323,2026-03-06,6991.8621484173555,True,G_517250,False
V_97731330,U_0718,2026-03-06,8173.079153124063,True,G_517250,False
V_59916072,U_0937,2026-03-06,9494.520585162409,False,,False
V_2db68abc,U_0995,2026-03-06,6397.580380786563,True,G_d02d6d,True
V_f4d0b207,U_0392,2026-03-06,6707.514641292448,True,G_d02d6d,False
V_e65cc1be,U_0529,2026-03-06,6164.324746282438,True,G_d02d6d,False
V_8cdd2714,U_0537,2026-03-06,5754.16620819028,True,G_d02d6d,False
V_cb60960f,U_0018,2026-03-06,6590.822843238378,True,G_d02d6d,False
V_ff90850c,U_0050,2026-03-07,10847.91778621291,True,G_bd853a,True
V_fcdd4e28,U_0206,2026-03-07,7228.742792046784,True,G_bd853a,False
V_14f964a7,U_0181,2026-03-07,9443.092407553493,True,G_bd853a,False
V_e9bde588,U_0885,2026-03-07,10303.24161865583,True,G_bd853a,False
V_c23d063e,U_0993,2026-03-07,6562.443832775406,True,G_bd853a,False
V_8d4bc74c,U_0816,2026-03-07,9965.508324519416,True,G_bd853a,False
V_e4f1c53f,U_0062,2026-03-07,5470.919678285829,True,G_f71c0d,True
V_2a9015aa,U_0572,2026-03-07,7491.741514164964,True,G_f71c0d,False
V_bc5dee33,U_0137,2026-03-07,5625.487094426703,True,G_f71c0d,False
V_3531cf09,U_0135,2026-03-07,4456.393646776209,True,G_f71c0d,False
V_cd5754c4,U_0121,2026-03-07,5504.791700476199,True,G_f71c0d,False
V_fa89475c,U_0670,2026-03-07,3337.6578376318716,True,G_f71c0d,False
V_23a6a034,U_0091,2026-03-07,2295.481713521715,True,G_1c8edc,True
V_4064320c,U_0527,2026-03-07,2868.528940811428,True,G_1c8edc,False
V_585b796b,U_0525,2026-03-07,2336.2211819371896,True,G_1c8edc,False
V_3571036f,U_0201,2026-03-07,2693.6460269098393,True,G_1c8edc,False
V_c6c2dcfb,U_0764,2026-03-07,2613.46099559375,True,G_1c8edc,False
V_ab790e33,U_0118,2026-03-07,2347.210611629199,True,G_1c8edc,False
V_1284063061,U_0130,2026-03-07,10786.282734653776,False,,False
V_1599529912,U_0151,2026-03-07,6160.614679802312,False,,False
V_2482675634,U_0165,2026-03-07,4176.417887077973,False,,False
V_936057829,U_0195,2026-03-07,5255.568727277954,False,,False
V_4115173296,U_0204,2026-03-07,5582.954256875763,False,,False
V_400593f7,U_0312,2026-03-07,4733.072134334898,True,G_9bcdb8,True
V_b6a00739,U_0431,2026-03-07,4752.40585850623,True,G_9bcdb8,False
V_7ed3d311,U_0552,2026-03-07,3180.9884775092587,True,G_9bcdb8,False
V_aa222b7b,U_0306,2026-03-07,6075.971375845292,True,G_9bcdb8,False
V_f20e3ccb,U_0874,2026-03-07,4821.81526703168,True,G_9bcdb8,False
V_1ed2d3d1,U_0328,2026-03-07,7899.677066919022,True,G_22c5d6,True
V_fdc9e781,U_0752,2026-03-07,5641.579981908739,True,G_22c5d6,False
V_c1c703a4,U_0089,2026-03-07,6136.208584729471,True,G_22c5d6,False
V_1350340222,U_0346,2026-03-07,4228.037566060846,False,,False
V_a2726552,U_0386,2026-03-07,3480.9298353665627,True,G_51b028,True
V_09f15593,U_0499,2026-03-07,2746.5398329518844,True,G_51b028,False
V_2072333784,U_0445,2026-03-07,12792.550631265218,False,,False
V_2074472263,U_0560,2026-03-07,10561.076137097009,False,,False
V_1882386783,U_0562,2026-03-07,2762.3406454189653,False,,False
V_744f6a25,U_0573,2026-03-07,3979.0268153041884,True,G_2553af,True
V_bcc81b4e,U_0121,2026-03-07,5289.343000928039,True,G_2553af,False
V_878faf8e,U_0963,2026-03-07,5189.390134402698,True,G_2553af,False
V_4179071318,U_0598,2026-03-07,3804.0166743397153,False,,False
V_2669745284,U_0655,2026-03-07,5620.775115119574,False,,False
V_4120653850,U_0662,2026-03-07,3759.697184217177,False,,False
V_58715232,U_0727,2026-03-07,9989.88439002104,False,,False
V_3192353828,U_0734,2026-03-07,8009.802281548119,False,,False
V_1552037026,U_0735,2026-03-07,6743.958896461965,False,,False
V_2922094988,U_0771,2026-03-07,5602.849590422868,False,,False
V_2352373556,U_0839,2026-03-07,3574.0523773428563,False,,False
V_3594312404,U_0851,2026-03-07,6374.1078506628555,False,,False
V_2421863384,U_0889,2026-03-07,5234.421386474881,False,,False
V_1013171890,U_0897,2026-03-07,7473.543580530707,False,,False
V_3983210424,U_0902,2026-03-07,10965.958567749392,False,,False
V_2471978229,U_0913,2026-03-07,8783.64651413937,False,,False
V_3712132106,U_0917,2026-03-07,6930.159708458781,False,,False
V_ef2483dc,U_0948,2026-03-07,5741.190033742237,True,G_528301,True
V_c0e43f25,U_0702,2026-03-07,3140.4209138555134,True,G_528301,False
V_3e51e79b,U_0173,2026-03-07,6352.42781633374,True,G_528301,False
V_e49cd275,U_0110,2026-03-07,4940.196916693061,True,G_528301,False
V_5142f723,U_0575,2026-03-07,5059.723129716849,True,G_528301,False
V_1eadc69f,U_0963,2026-03-07,4952.03564558705,True,G_3773b7,True
V_3709f201,U_0834,2026-03-07,3365.8007354995557,True,G_3773b7,False
V_ee1c337a,U_0112,2026-03-07,6690.312730780706,True,G_3773b7,False
V_fcc1b57b,U_0891,2026-03-07,4248.990403109965,True,G_3773b7,False
V_77c15847,U_0330,2026-03-07,4058.120465062358,True,G_3773b7,False
V_7a3c1424,U_0008,2026-03-08,2502.24824197643,True,G_5d1148,True
V_add2daea,U_0382,2026-03-08,2098.740138881953,True,G_5d1148,False
V_1128274520,U_0075,2026-03-08,10927.648227577001,False,,False
V_5b21b79e,U_0151,2026-03-08,5611.562453987506,True,G_4ea09e,True
V_85241e18,U_0783,2026-03-08,3641.856782370858,True,G_4ea09e,False
V_742dc9d3,U_0616,2026-03-08,6870.315640637287,True,G_4ea09e,False
V_637e2ec4,U_0205,2026-03-08,6861.95045712264,True,G_8985df,True
V_c96bb069,U_0600,2026-03-08,4747.524255150841,True,G_8985df,False
V_ba45c747,U_0907,2026-03-08,4709.897265515898,True,G_8985df,False
V_d5d96a22,U_0230,2026-03-08,5932.32914800936,True,G_ec11b2,True
V_c74a93c3,U_0553,2026-03-08,4280.134469657842,True,G_ec11b2,False
V_adaf96b2,U_0815,2026-03-08,5713.778504088696,True,G_ec11b2,False
V_f6ba1118,U_0785,2026-03-08,7306.848324572953,True,G_ec11b2,False
V_5baec481,U_0306,2026-03-08,7280.305182713432,True,G_ec11b2,False
V_df3ddd56,U_0007,2026-03-08,6472.883423550965,True,G_ec11b2,False
V_3879558722,U_0299,2026-03-08,7672.6488176856365,False,,False
V_cdfbef2f,U_0398,2026-03-08,3635.814551113834,True,G_1fd6cf,True
V_d684ed4a,U_0432,2026-03-08,3602.165602753499,True,G_1fd6cf,False
V_0d0f3280,U_0946,2026-03-08,2360.959217211421,True,G_1fd6cf,False
V_db928666,U_0250,2026-03-08,2518.9819976780323,True,G_1fd6cf,False
V_e65192cd,U_0428,2026-03-08,2903.660773448854,True,G_2d0be2,True
V_15179aa2,U_0939,2026-03-08,3604.05290611268,True,G_2d0be2,False
V_42b5dd6f,U_0964,2026-03-08,3761.58295544333,True,G_2d0be2,False
V_b178612b,U_0431,2026-03-08,4819.430657475023,True,G_84988b,True
V_8f9f17de,U_0321,2026-03-08,5462.9165019186785,True,G_84988b,False
V_61d5b7e9,U_0083,2026-03-08,6465.928755188405,True,G_84988b,False
V_f8290814,U_0809,2026-03-08,4435.981791879633,True,G_84988b,False
V_3355246241,U_0451,2026-03-08,6713.137643567424,False,,False
V_3eb2417f,U_0453,2026-03-08,4366.9346009880865,True,G_6e2af5,True
V_11aeb03d,U_0800,2026-03-08,5049.178410497291,True,G_6e2af5,False
V_8e98fea0,U_0890,2026-03-08,6026.7482165838865,True,G_6e2af5,False
V_2786053209,U_0458,2026-03-08,11642.822296136124,False,,False
V_4098975799,U_0469,2026-03-08,4080.122111898994,False,,False
V_d2f4cfff,U_0486,2026-03-08,5886.728165871173,True,G_7eb881,True
V_e7818942,U_0742,2026-03-08,6974.795681482697,True,G_7eb881,False
V_7ec97f70,U_0336,2026-03-08,6952.3426353288705,True,G_7eb881,False
V_ae7d49d1,U_0005,2026-03-08,4212.084908519856,True,G_7eb881,False
V_a8de749b,U_0732,2026-03-08,6123.057456977477,True,G_7eb881,False
V_ea103e78,U_0800,2026-03-08,4158.428900781421,True,G_7eb881,False
V_fc843127,U_0489,2026-03-08,3096.171245753065,True,G_73f126,True
V_8e5164ba,U_0669,2026-03-08,2582.9114115962248,True,G_73f126,False
V_0867e0bd,U_0272,2026-03-08,3633.123975505118,True,G_73f126,False
V_ff446224,U_0136,2026-03-08,3539.0425851511063,True,G_73f126,False
V_53487fd0,U_0357,2026-03-08,3050.655558025908,True,G_73f126,False
V_c53532ac,U_0311,2026-03-08,1939.063548164529,True,G_73f126,False
V_109cdd95,U_0540,2026-03-08,2368.810366991749,True,G_c2025d,True
V_a981b993,U_0374,2026-03-08,3259.0919199561863,True,G_c2025d,False
V_33f30cc0,U_0543,2026-03-08,2129.4580367009826,True,G_c2025d,False
V_ae6e2247,U_0648,2026-03-08,2905.1823924096607,True,G_c2025d,False
V_2993367587,U_0665,2026-03-08,6627.989466402112,False,,False
V_2604632101,U_0704,2026-03-08,8987.925580603494,False,,False
V_d22d51ce,U_0756,2026-03-08,2738.6976502483776,True,G_6e3854,True
V_910c45da,U_0998,2026-03-08,2197.428745539862,True,G_6e3854,False
V_7a2790ee,U_0973,2026-03-08,2983.757248441485,True,G_6e3854,False
V_b2376029,U_0145,2026-03-08,3233.721021342152,True,G_6e3854,False
V_a264c3dc,U_0313,2026-03-08,3601.2499569804986,True,G_6e3854,False
V_384cc1be,U_0034,2026-03-08,3894.109941822315,True,G_6e3854,False
V_4043533109,U_0767,2026-03-08,8445.673154583623,False,,False
V_ec32ebe3,U_0782,2026-03-08,4803.862094027387,True,G_b198a3,True
V_6f53372f,U_0945,2026-03-08,5248.438578838169,True,G_b198a3,False
V_e3a32222,U_0948,2026-03-08,5678.81538997753,True,G_b198a3,False
V_3748127498,U_0798,2026-03-08,4528.734306024721,False,,False
V_35260718,U_0817,2026-03-08,4884.953975137651,False,,False
V_46c95552,U_0840,2026-03-08,3465.682581840757,True,G_a9cf16,True
V_5a6d398b,U_0502,2026-03-08,5630.133675146858,True,G_a9cf16,False
V_f805167a,U_0321,2026-03-08,6345.63313911646,True,G_a9cf16,False
V_af360b5e,U_0837,2026-03-08,5300.508398416727,True,G_a9cf16,False
V_c82db001,U_0453,2026-03-08,4284.198006372866,True,G_a9cf16,False
V_7c0bd966,U_0907,2026-03-08,3788.0333558358184,True,G_a9cf16,False
V_460600916,U_0927,2026-03-08,3629.87785408945,False,,False
V_989184645,U_0951,2026-03-08,9900.4387502032,False,,False
V_4030033536,U_0977,2026-03-08,8321.900485191045,False,,False
V_2667730176,U_0978,2026-03-08,2192.3626536667666,False,,False
V_3374666561,U_0992,2026-03-08,3059.102771158328,False,,False
V_56150631,U_0057,2026-03-09,2524.5007816827524,True,G_2cc7a5,True
V_bc572050,U_0934,2026-03-09,2948.776696412687,True,G_2cc7a5,False
V_1ba75f74,U_0989,2026-03-09,1715.094197736565,True,G_2cc7a5,False
V_a6992ef6,U_0471,2026-03-09,4390.315578465574,True,G_2cc7a5,False
V_7d610bf1,U_0801,2026-03-09,3755.663872659181,True,G_2cc7a5,False
V_8f4ac7df,U_0588,2026-03-09,2909.9081322813117,True,G_2cc7a5,False
V_537653411,U_0062,2026-03-09,5339.495254703529,False,,False
V_3624746766,U_0068,2026-03-09,4131.8977582129055,False,,False
V_1100018011,U_0110,2026-03-09,5652.551897084289,False,,False
V_3773124114,U_0112,2026-03-09,6522.442409994054,False,,False
V_ecc0bf72,U_0160,2026-03-09,9527.090223128092,True,G_0641ac,True
V_cc0c24e2,U_0019,2026-03-09,6701.5612536132385,True,G_0641ac,False
V_14f08d51,U_0951,2026-03-09,10461.620656090226,True,G_0641ac,False
V_90cba09d,U_0727,2026-03-09,12066.993456157797,True,G_0641ac,False
V_88446527,U_0816,2026-03-09,9779.80891487944,True,G_0641ac,False
V_bc86b6b3,U_0186,2026-03-09,3290.172239723848,True,G_a59427,True
V_aee23220,U_0996,2026-03-09,2545.0134241958513,True,G_a59427,False
V_ab71747e,U_0664,2026-03-09,3361.903081034625,True,G_a59427,False
V_a72f52be,U_0363,2026-03-09,2636.8057654077825,True,G_a59427,False
V_3355225085,U_0246,2026-03-09,8138.522049060578,False,,False
V_1047991000,U_0273,2026-03-09,4072.0842344579846,False,,False
V_58c6cb05,U_0326,2026-03-09,6557.568811281582,True,G_bf4a46,True
V_c85b9776,U_0260,2026-03-09,6253.083855991781,True,G_bf4a46,False
V_6d07681f,U_0151,2026-03-09,4794.467105615898,True,G_bf4a46,False
V_d9c9a956,U_0807,2026-03-09,6336.1723165619,True,G_bf4a46,False
V_f0c4aa87,U_0899,2026-03-09,6758.044333924577,True,G_bf4a46,False
V_48ea3bb2,U_0429,2026-03-09,11194.031892090054,True,G_271e11,True
V_cf007257,U_0565,2026-03-09,8023.778702214757,True,G_271e11,False
V_9e8aa76b,U_0727,2026-03-09,8598.202063594732,True,G_271e11,False
V_570b3916,U_0888,2026-03-09,7485.090189971477,True,G_271e11,False
V_184764395,U_0458,2026-03-09,10266.257065195758,False,,False
V_4fb9738a,U_0488,2026-03-09,6520.335159486656,True,G_e8882a,True
V_d09b887e,U_0252,2026-03-09,6042.250377982335,True,G_e8882a,False
V_265955265,U_0505,2026-03-09,2685.582453314253,False,,False
V_1181892321,U_0567,2026-03-09,6445.8327403288,False,,False
V_1085394956,U_0672,2026-03-09,3798.803725895812,False,,False
V_9c035dd5,U_0735,2026-03-09,5762.618047304767,True,G_f1c723,True
V_5f5a86ad,U_0303,2026-03-09,8532.59325386908,True,G_f1c723,False
V_8ddc5ffd,U_0691,2026-03-09,6695.557776354767,True,G_f1c723,False
V_bf3aaf99,U_0813,2026-03-09,8523.27306441214,True,G_2bb1bc,True
V_9a0556be,U_0993,2026-03-09,8346.337057490842,True,G_2bb1bc,False
V_8b6d539f,U_0770,2026-03-09,7520.225851525081,True,G_2bb1bc,False
V_eefae504,U_0237,2026-03-09,9961.05923558105,True,G_2bb1bc,False
V_0c691c98,U_0917,2026-03-09,7087.140739684162,True,G_2bb1bc,False
V_8be13c4d,U_0051,2026-03-10,3203.7063790158763,True,G_7c085a,True
V_6183668b,U_0703,2026-03-10,3647.7370743023585,True,G_7c085a,False
V_3144649928,U_0086,2026-03-10,3979.2859731991193,False,,False
V_1256328076,U_0097,2026-03-10,10749.094807224157,False,,False
V_4c5e6f99,U_0099,2026-03-10,3619.209849133478,True,G_9d46cb,True
V_53ea3766,U_0279,2026-03-10,3639.16090344381,True,G_9d46cb,False
V_a137dce9,U_0113,2026-03-10,2387.1515307821646,True,G_84704a,True
V_e091790d,U_0621,2026-03-10,4082.568625689203,True,G_84704a,False
V_13c06048,U_0764,2026-03-10,2403.7933314269158,True,G_84704a,False
V_84991814,U_0959,2026-03-10,2903.0373180730676,True,G_84704a,False
V_31ef38b8,U_0470,2026-03-10,3188.344143191722,True,G_84704a,False
V_330649726,U_0194,2026-03-10,7413.762164648443,False,,False
V_8420b918,U_0265,2026-03-10,7288.600195095169,True,G_bd8da4,True
V_18c7047e,U_0681,2026-03-10,10229.740901722786,True,G_bd8da4,False
V_3164549032,U_0295,2026-03-10,3745.1477151359572,False,,False
V_4246838890,U_0364,2026-03-10,2934.413579457316,False,,False
V_2162810133,U_0387,2026-03-10,11192.655105895878,False,,False
V_598399881,U_0486,2026-03-10,6316.808786037343,False,,False
V_6b1a04db,U_0506,2026-03-10,5029.180023477358,True,G_7b9b9a,True
V_f897fd43,U_0103,2026-03-10,3704.96301430461,True,G_7b9b9a,False
V_24d36090,U_0845,2026-03-10,4239.3228227686795,True,G_7b9b9a,False
V_e724e1d7,U_0229,2026-03-10,5352.043038103893,True,G_7b9b9a,False
V_d99e7953,U_0552,2026-03-10,3719.8007291092194,True,G_571d2e,True
V_59644a57,U_0788,2026-03-10,5087.815707128036,True,G_571d2e,False
V_de15d19b,U_0413,2026-03-10,5284.338382669673,True,G_571d2e,False
V_945c4334,U_0965,2026-03-10,4431.50260652367,True,G_571d2e,False
V_b6a6d410,U_0332,2026-03-10,6346.272608161256,True,G_571d2e,False
V_f899c757,U_0729,2026-03-10,4340.163977090312,True,G_571d2e,False
V_af1fb5b9,U_0614,2026-03-10,9714.845425164143,True,G_8f36d0,True
V_d48eca1d,U_0567,2026-03-10,7802.625240966968,True,G_8f36d0,False
V_cac846e6,U_0345,2026-03-10,10572.197444576663,True,G_8f36d0,False
V_a4b7bbce,U_0178,2026-03-10,8271.646857461448,True,G_8f36d0,False
V_3888089638,U_0623,2026-03-10,9195.644443417918,False,,False
V_1508417730,U_0628,2026-03-10,13307.476565576128,False,,False
V_881082733,U_0665,2026-03-10,6315.794336393823,False,,False
V_64ff1ff0,U_0721,2026-03-10,8157.060307130098,True,G_90cbfa,True
V_ab6ae7b1,U_0068,2026-03-10,3613.496566736905,True,G_90cbfa,False
V_bdfd8e2c,U_0884,2026-03-10,4146.193814162976,True,G_90cbfa,False
V_4963afe3,U_0299,2026-03-10,7527.47332440054,True,G_90cbfa,False
V_2714158496,U_0805,2026-03-10,3346.652572536072,False,,False
V_392690394,U_0834,2026-03-10,3453.6894238487275,False,,False
V_3043338201,U_0913,2026-03-10,8604.917486486029,False,,False
V_2526510583,U_0963,2026-03-10,4859.162249785138,False,,False
V_2461230111,U_0977,2026-03-10,8555.268304986423,False,,False
V_2783824973,U_0986,2026-03-10,3319.0146702346083,False,,False
V_5de33fb2,U_0032,2026-03-11,4220.796191688955,True,G_6c7627,True
V_17cc0eb9,U_0367,2026-03-11,8096.845095340458,True,G_6c7627,False
V_2ec13ae9,U_0146,2026-03-11,5196.199231311829,True,G_6c7627,False
V_3882582877,U_0073,2026-03-11,5809.531335091243,False,,False
V_1003482180,U_0121,2026-03-11,5379.53677735131,False,,False
V_b708c5ba,U_0154,2026-03-11,5840.0499083680625,True,G_ee95a5,True
V_ae48d25a,U_0312,2026-03-11,4813.611861888061,True,G_ee95a5,False
V_d92b6691,U_0760,2026-03-11,4834.002815347732,True,G_ee95a5,False
V_505a1657,U_0807,2026-03-11,6535.944638200863,True,G_ee95a5,False
V_54b04cd4,U_0252,2026-03-11,5469.923915748577,True,G_ee95a5,False
V_579b2b04,U_0473,2026-03-11,5181.177246609421,True,G_ee95a5,False
V_0d871eb6,U_0162,2026-03-11,2330.5813904431902,True,G_3f376e,True
V_aac4084d,U_0156,2026-03-11,2800.5875190342904,True,G_3f376e,False
V_f441520b,U_0501,2026-03-11,3824.0689494372896,True,G_3f376e,False
V_c35d036b,U_0736,2026-03-11,4627.711707939085,True,G_3f376e,False
V_557095139,U_0214,2026-03-11,4240.456118744705,False,,False
V_1759752771,U_0256,2026-03-11,2089.124273452827,False,,False
V_b90420ba,U_0267,2026-03-11,3307.1584110624535,True,G_47ba74,True
V_24891045,U_0144,2026-03-11,2610.384026158832,True,G_47ba74,False
V_a251abbe,U_0280,2026-03-11,6081.7156939539345,True,G_23a9f2,True
V_c34c3ccd,U_0552,2026-03-11,3306.8491760854486,True,G_23a9f2,False
V_c0f7e9a3,U_0947,2026-03-11,6252.332865159755,True,G_23a9f2,False
V_b66d7376,U_0785,2026-03-11,6023.530115829849,True,G_23a9f2,False
V_84d5ab72,U_0349,2026-03-11,3292.1051766925416,True,G_23a9f2,False
V_e68231d3,U_0793,2026-03-11,4140.434128830034,True,G_23a9f2,False
V_5b7e837e,U_0309,2026-03-11,2858.566239375247,True,G_a2cd8d,True
V_7437c7a8,U_0218,2026-03-11,3456.14676555276,True,G_a2cd8d,False
V_e356277b,U_0542,2026-03-11,4276.251572215001,True,G_a2cd8d,False
V_051cfb74,U_0894,2026-03-11,2103.228248181428,True,G_a2cd8d,False
V_c6bc3843,U_0328,2026-03-11,8171.435413363638,True,G_26bf64,True
V_c203d8b0,U_0050,2026-03-11,10426.813189960478,True,G_26bf64,False
V_2d5b9598,U_0415,2026-03-11,8842.131820359707,True,G_26bf64,False
V_b83a52bb,U_0695,2026-03-11,7339.2342706508825,True,G_26bf64,False
V_f7e9fbff,U_0356,2026-03-11,2724.230213558523,True,G_403965,True
V_85879ca0,U_0867,2026-03-11,2940.72608360888,True,G_403965,False
V_01a2d376,U_0454,2026-03-11,3816.1785532310637,True,G_403965,False
V_79931e1d,U_0460,2026-03-11,2984.3373402449392,True,G_403965,False
V_4c616375,U_0571,2026-03-11,3210.358625622316,True,G_403965,False
V_8829dc9c,U_0415,2026-03-11,8963.384255178345,True,G_a7ba09,True
V_f32b5a6a,U_0434,2026-03-11,5934.935295880509,True,G_a7ba09,False
V_537db615,U_0917,2026-03-11,6206.660894128327,True,G_a7ba09,False
V_ee325bf7,U_0416,2026-03-11,3419.4581685159583,True,G_e04c02,True
V_e8e00895,U_0196,2026-03-11,3921.6222311826946,True,G_e04c02,False
V_eb2dbf1b,U_0597,2026-03-11,2744.5243539235557,True,G_e04c02,False
V_22fff8f8,U_0765,2026-03-11,2369.6938597656363,True,G_e04c02,False
V_429e2041,U_0609,2026-03-11,3959.707590290852,True,G_e04c02,False
V_f283eb26,U_0926,2026-03-11,2105.033963963374,True,G_e04c02,False
V_882522470,U_0445,2026-03-11,10075.555258921058,False,,False
V_252c9302,U_0457,2026-03-11,8111.043001033223,True,G_137f1b,True
V_eb14e3dc,U_0262,2026-03-11,11709.885381728865,True,G_137f1b,False
V_46c013ad,U_0458,2026-03-11,9765.191157526018,True,G_81bb28,True
V_263fdfef,U_0055,2026-03-11,10247.98668219206,True,G_81bb28,False
V_bd073e43,U_0565,2026-03-11,8377.359877413164,True,G_81bb28,False
V_567973577,U_0511,2026-03-11,4698.751056828436,False,,False
V_3836591320,U_0534,2026-03-11,4765.086262731568,False,,False
V_0595e117,U_0585,2026-03-11,2163.2012659825723,True,G_19e5e1,True
V_fc7df446,U_0820,2026-03-11,2135.89095139055,True,G_19e5e1,False
V_902ef3b6,U_0104,2026-03-11,3139.583899686104,True,G_19e5e1,False
V_6c08bb05,U_0975,2026-03-11,2919.991131625019,True,G_19e5e1,False
V_964663bb,U_0775,2026-03-11,3780.1527359451984,True,G_19e5e1,False
V_a93a3197,U_0287,2026-03-11,2503.3662576691304,True,G_19e5e1,False
V_3689641453,U_0591,2026-03-11,5801.735263371407,False,,False
V_868421862,U_0611,2026-03-11,4668.419931970646,False,,False
V_2940000745,U_0618,2026-03-11,3816.5839811100686,False,,False
V_4793cd68,U_0647,2026-03-11,5841.850078429314,True,G_77b9b6,True
V_c2832830,U_0945,2026-03-11,5500.279039111808,True,G_77b9b6,False
V_f82570af,U_0085,2026-03-11,3781.3323773422003,True,G_77b9b6,False
V_4076338111,U_0655,2026-03-11,6306.099812301398,False,,False
V_1979754831,U_0668,2026-03-11,5482.8627846026675,False,,False
V_1173410961,U_0670,2026-03-11,3556.757550061639,False,,False
V_3090352470,U_0686,2026-03-11,3101.4645003349237,False,,False
V_197844515,U_0733,2026-03-11,4520.8880152380225,False,,False
V_2a6ebd49,U_0760,2026-03-11,4982.624341292116,True,G_6f4345,True
V_897b14f9,U_0840,2026-03-11,4385.272905735423,True,G_6f4345,False
V_81590850,U_0214,2026-03-11,3337.7082607756774,True,G_6f4345,False
V_215d1900,U_0689,2026-03-11,6881.328147013194,True,G_6f4345,False
V_b83954f3,U_0999,2026-03-11,5639.914412327999,True,G_6f4345,False
V_d5516517,U_0777,2026-03-11,4145.44689917198,True,G_98bc81,True
V_2045caf2,U_0192,2026-03-11,3701.338623612743,True,G_98bc81,False
V_59add15d,U_0126,2026-03-11,2023.7650662212714,True,G_98bc81,False
V_803c7611,U_0936,2026-03-11,3380.3473944534503,True,G_98bc81,False
V_299210c4,U_0404,2026-03-11,2431.6529282493616,True,G_98bc81,False
V_f24e076f,U_0217,2026-03-11,3484.1039229880676,True,G_98bc81,False
V_0884b7b4,U_0804,2026-03-11,4061.968434186323,True,G_63c34b,True
V_0bbcb176,U_0135,2026-03-11,3255.0805588050926,True,G_63c34b,False
V_93375fbd,U_0394,2026-03-11,4029.5966906068716,True,G_63c34b,False
V_3924939345,U_0826,2026-03-11,6382.993877180848,False,,False
V_1914068836,U_0829,2026-03-11,2630.247706046569,False,,False
V_4219356417,U_0845,2026-03-11,4630.334200751921,False,,False
V_2591937264,U_0863,2026-03-11,7529.096912189582,False,,False
V_546939282,U_0885,2026-03-11,8575.665935546338,False,,False
V_d46c2d8b,U_0890,2026-03-11,6087.396197031294,True,G_c09320,True
V_35d3a5fb,U_0149,2026-03-11,3838.3587171623453,True,G_c09320,False
V_27d5e694,U_0613,2026-03-11,6196.1189602387,True,G_c09320,False
V_b4d0f9ba,U_0469,2026-03-11,4409.835857036639,True,G_c09320,False
V_9191e168,U_0904,2026-03-11,6539.431602545994,True,G_a843c7,True
V_23eeac48,U_0608,2026-03-11,6898.013047135971,True,G_a843c7,False
V_99dd6bbc,U_0401,2026-03-11,4974.639706298746,True,G_a843c7,False
V_6043e8b0,U_0175,2026-03-11,6681.4059821687,True,G_a843c7,False
V_54180c26,U_0847,2026-03-11,6445.383288157609,True,G_a843c7,False
V_8320db63,U_0913,2026-03-11,10839.024123707035,True,G_afefe7,True
V_53934954,U_0163,2026-03-11,12312.500954482162,True,G_afefe7,False
V_b933baae,U_0918,2026-03-11,3443.9459951117133,True,G_9af9d4,True
V_f0bfca89,U_0961,2026-03-11,2546.156185012854,True,G_9af9d4,False
V_41e86878,U_0569,2026-03-11,2979.790333320113,True,G_9af9d4,False
V_d945fdc7,U_0882,2026-03-11,2983.488434314837,True,G_9af9d4,False
V_c717771b,U_0707,2026-03-11,2785.321937697203,True,G_9af9d4,False
V_1183876242,U_0969,2026-03-11,12360.016998032519,False,,False
V_b487933f,U_0994,2026-03-11,6218.428810586809,True,G_08e02c,True
V_934ba925,U_0465,2026-03-11,3290.597889983452,True,G_08e02c,False
V_f20c7e92,U_0618,2026-03-11,4300.039573641443,True,G_08e02c,False
V_912aa9a3,U_0214,2026-03-11,3521.1036502752004,True,G_08e02c,False
V_a6203c69,U_0908,2026-03-11,4515.510423493301,True,G_08e02c,False
V_3574227309,U_0012,2026-03-12,5047.042242087555,False,,False
V_4004360811,U_0030,2026-03-12,5205.753137916966,False,,False
V_8ec1512a,U_0033,2026-03-12,4468.792306782776,True,G_a95cf2,True
V_4fb443e6,U_0899,2026-03-12,4829.6968858274995,True,G_a95cf2,False
V_2761063845,U_0045,2026-03-12,6684.495753814538,False,,False
V_4454480d,U_0192,2026-03-12,3448.4285717808484,True,G_a6f1ac,True
V_442af335,U_0318,2026-03-12,3030.6004218486382,True,G_a6f1ac,False
V_aada42f4,U_0177,2026-03-12,3964.417819382064,True,G_a6f1ac,False
V_9c8c792a,U_0736,2026-03-12,3814.678807618555,True,G_a6f1ac,False
V_6adb1872,U_0301,2026-03-12,2716.6994332591853,True,G_a6f1ac,False
V_2185276324,U_0196,2026-03-12,4206.7050461592935,False,,False
V_2943811754,U_0262,2026-03-12,10734.16262016231,False,,False
V_661172119,U_0318,2026-03-12,2813.1489768564757,False,,False
V_3246463426,U_0387,2026-03-12,10306.85657352754,False,,False
V_2561991223,U_0404,2026-03-12,2640.3224337656147,False,,False
V_3844159802,U_0430,2026-03-12,4681.411719997867,False,,False
V_1547902186,U_0518,2026-03-12,9690.761505858976,False,,False
V_d112fe27,U_0532,2026-03-12,5748.181033945007,True,G_7c107e,True
V_90c6c6cb,U_0083,2026-03-12,7773.27405994793,True,G_7c107e,False
V_7c64e5d0,U_0278,2026-03-12,3921.6425698807934,True,G_7c107e,False
V_e9e9d116,U_0421,2026-03-12,6346.3716156271075,True,G_7c107e,False
V_04cbc696,U_0430,2026-03-12,4370.563105215284,True,G_7c107e,False
V_d98b5c59,U_0544,2026-03-12,3965.5287001452975,True,G_ed3891,True
V_34eee570,U_0419,2026-03-12,2762.9890848166297,True,G_ed3891,False
V_0d079eef,U_0566,2026-03-12,4047.086150762208,True,G_ed3891,False
V_9607ba77,U_0439,2026-03-12,2910.7093981994453,True,G_ed3891,False
V_4dda1c7a,U_0219,2026-03-12,2588.374982745517,True,G_ed3891,False
V_5abedaea,U_0039,2026-03-12,2093.4103832235724,True,G_ed3891,False
V_4165971088,U_0560,2026-03-12,10969.666434300769,False,,False
V_4185875205,U_0565,2026-03-12,9854.441815916076,False,,False
V_ad856f3b,U_0566,2026-03-12,3804.643835232175,True,G_f0a8ee,True
V_56b25a65,U_0497,2026-03-12,2427.85081522243,True,G_f0a8ee,False
V_2211782491,U_0618,2026-03-12,3326.6132025407164,False,,False
V_2301406130,U_0646,2026-03-12,9336.606020674932,False,,False
V_d5dcec26,U_0674,2026-03-12,2327.215771505854,True,G_36d305,True
V_8e8789c7,U_0635,2026-03-12,3207.4987358229496,True,G_36d305,False
V_b88267d5,U_0629,2026-03-12,3126.3485649811905,True,G_36d305,False
V_d9977b1f,U_0249,2026-03-12,3735.9524719212563,True,G_36d305,False
V_f338bea1,U_0903,2026-03-12,2711.434968651624,True,G_36d305,False
V_a15c8e28,U_0037,2026-03-12,3425.9147371180757,True,G_36d305,False
V_2181648870,U_0677,2026-03-12,2664.8710856995226,False,,False
V_0b105131,U_0681,2026-03-12,10731.462798908611,True,G_aa4693,True
V_b7cda891,U_0682,2026-03-12,7941.5661761541705,True,G_aa4693,False
V_bc80c036,U_0955,2026-03-12,9791.614755480523,True,G_aa4693,False
V_2ed3d9e8,U_0194,2026-03-12,10288.76242314404,True,G_aa4693,False
V_87f8d00b,U_0897,2026-03-12,8236.401804644418,True,G_aa4693,False
V_571901028,U_0754,2026-03-12,3088.29087625933,False,,False
V_2077567032,U_0807,2026-03-12,5555.228813728332,False,,False
V_4122819597,U_0810,2026-03-12,4738.866193527216,False,,False
V_1150051552,U_0831,2026-03-12,6766.898121865652,False,,False
V_2207797227,U_0883,2026-03-12,3231.956032858021,False,,False
V_501559057,U_0897,2026-03-12,7586.692623455751,False,,False
V_6b043e3d,U_0922,2026-03-12,4454.520316239659,True,G_276dcd,True
V_45d97c11,U_0361,2026-03-12,4327.7341423874,True,G_276dcd,False
V_febe2d2b,U_0694,2026-03-12,4744.4028573886635,True,G_276dcd,False
V_3098880502,U_0991,2026-03-12,2032.534165085022,False,,False
V_633284474,U_0993,2026-03-12,5676.92853122547,False,,False
V_1104486128,U_0015,2026-03-13,8171.637226206797,False,,False
V_3454440221,U_0039,2026-03-13,2915.9062946181066,False,,False
V_558514261,U_0094,2026-03-13,5129.364483079058,False,,False
V_c3325754,U_0137,2026-03-13,4896.634161519431,True,G_f74a0a,True
V_91895ea5,U_0494,2026-03-13,3487.983185242059,True,G_f74a0a,False
V_061b56f2,U_0268,2026-03-13,6837.283171241312,True,G_f74a0a,False
V_cb1d5893,U_0451,2026-03-13,6356.551811553697,True,G_f74a0a,False
V_c18b2f89,U_0529,2026-03-13,4364.737932622806,True,G_f74a0a,False
V_3591049903,U_0193,2026-03-13,2774.666395186007,False,,False
V_4071685894,U_0225,2026-03-13,13679.958772320815,False,,False
V_e681ee7d,U_0238,2026-03-13,6859.098415231951,True,G_7a52d3,True
V_e6b8b068,U_0163,2026-03-13,9149.37253793668,True,G_7a52d3,False
V_edc8012a,U_0913,2026-03-13,9081.497618535303,True,G_7a52d3,False
V_df7a579c,U_0434,2026-03-13,4947.360576869978,True,G_7a52d3,False
V_95f67288,U_0794,2026-03-13,6356.996328907812,True,G_7a52d3,False
V_d51fbb18,U_0902,2026-03-13,8503.718594310321,True,G_7a52d3,False
V_f404ab0e,U_0260,2026-03-13,6493.829480836778,True,G_20db71,True
V_cc3b2403,U_0910,2026-03-13,4901.189431039556,True,G_20db71,False
V_f385afbe,U_0552,2026-03-13,4471.053221888871,True,G_20db71,False
V_f71b7108,U_0299,2026-03-13,7771.510510902763,True,G_20db71,False
V_dd9998e6,U_0300,2026-03-13,5092.117774400873,True,G_c2c054,True
V_effbfc65,U_0103,2026-03-13,4755.558953639815,True,G_c2c054,False
V_4082619244,U_0301,2026-03-13,2991.679235550586,False,,False
V_2372062249,U_0326,2026-03-13,5291.547276436185,False,,False
V_2063209108,U_0384,2026-03-13,4215.353231990957,False,,False
V_2738114631,U_0399,2026-03-13,3029.8474231857854,False,,False
V_2771159399,U_0520,2026-03-13,2324.3221632208088,False,,False
V_987a00f9,U_0523,2026-03-13,4375.712073252789,True,G_97f839,True
V_6a7b9270,U_0624,2026-03-13,6936.983308324495,True,G_97f839,False
V_1621278232,U_0529,2026-03-13,5828.393780634113,False,,False
V_1145332344,U_0553,2026-03-13,3394.080677175069,False,,False
V_85db228a,U_0572,2026-03-13,6047.750080502137,True,G_8bd137,True
V_2d0715d2,U_0121,2026-03-13,5716.560640713093,True,G_8bd137,False
V_6f4341eb,U_0376,2026-03-13,3353.6598525193517,True,G_8bd137,False
V_9bb52da5,U_0252,2026-03-13,5714.094444624422,True,G_8bd137,False
V_268876338,U_0586,2026-03-13,2032.6359890126846,False,,False
V_1202505794,U_0603,2026-03-13,2787.2941503036286,False,,False
V_4156489500,U_0623,2026-03-13,9725.445505788844,False,,False
V_cb84c536,U_0645,2026-03-13,4022.982202663159,True,G_d4e794,True
V_5459721e,U_0791,2026-03-13,3321.2029091768104,True,G_d4e794,False
V_9c913010,U_0758,2026-03-13,3391.430781158315,True,G_d4e794,False
V_b05ba2eb,U_0377,2026-03-13,3153.8107540132373,True,G_d4e794,False
V_738bcc4e,U_0597,2026-03-13,2712.4865203309587,True,G_d4e794,False
V_94a3a16f,U_0356,2026-03-13,3181.077640730028,True,G_d4e794,False
V_3337014048,U_0657,2026-03-13,12453.590366776,False,,False
V_2b3c992c,U_0664,2026-03-13,3596.1502797018625,True,G_04817f,True
V_ae4fa5e7,U_0819,2026-03-13,2850.734811710545,True,G_04817f,False
V_e7e90ca7,U_0564,2026-03-13,2401.291562371857,True,G_04817f,False
V_243de3c1,U_0720,2026-03-13,2524.569211991378,True,G_04817f,False
V_89b5afd7,U_0630,2026-03-13,3098.1015506548724,True,G_04817f,False
V_f9c0430f,U_0688,2026-03-13,6845.670094210643,True,G_3b47b2,True
V_991b9e81,U_0240,2026-03-13,5166.197692278622,True,G_3b47b2,False
V_d522dad8,U_0945,2026-03-13,4047.5268393078127,True,G_3b47b2,False
V_52e69ec9,U_0611,2026-03-13,6504.964980058469,True,G_3b47b2,False
V_cde044e7,U_0637,2026-03-13,7116.362431425977,True,G_3b47b2,False
V_12689744,U_0704,2026-03-13,6847.974331346193,False,,False
V_9b751dfc,U_0755,2026-03-13,10708.566060860705,True,G_b5e814,True
V_7283f42c,U_0415,2026-03-13,8159.507269284529,True,G_b5e814,False
V_5f260c6a,U_0801,2026-03-13,2929.2738508430784,True,G_bdf840,True
V_438a6648,U_0444,2026-03-13,2822.0314702033534,True,G_bdf840,False
V_67fe779e,U_0113,2026-03-13,2163.5821138019237,True,G_bdf840,False
V_f1aea747,U_0438,2026-03-13,2622.9763211091654,True,G_bdf840,False
V_1bcfe4d0,U_0927,2026-03-13,3910.0235600149867,True,G_bdf840,False
V_10347bf6,U_0815,2026-03-13,5377.113989826855,True,G_4fc3a0,True
V_a08d8c97,U_0082,2026-03-13,6682.593440285579,True,G_4fc3a0,False
V_820240f0,U_0243,2026-03-13,4298.992441211577,True,G_4fc3a0,False
V_1654054066,U_0841,2026-03-13,6904.927856675128,False,,False
V_2207257790,U_0857,2026-03-13,1999.9233541318717,False,,False
V_fa2a48b8,U_0866,2026-03-13,12203.262671181203,True,G_876300,True
V_73a166bb,U_0160,2026-03-13,8473.935419621916,True,G_876300,False
V_23104c83,U_0088,2026-03-13,13295.768460141002,True,G_876300,False
V_9c6e9a89,U_0913,2026-03-13,8236.42688742655,True,G_876300,False
V_3465057243,U_0873,2026-03-13,6207.580987733821,False,,False
V_31ed9e0a,U_0897,2026-03-13,7804.464009262873,True,G_569a55,True
V_13c62e60,U_0400,2026-03-13,10253.67766955225,True,G_569a55,False
V_956d50a7,U_0735,2026-03-13,7626.233121438764,True,G_569a55,False
V_180794526,U_0910,2026-03-13,6826.19765340051,False,,False
V_704822308,U_0915,2026-03-13,5674.440940071494,False,,False
V_422983646,U_0937,2026-03-13,8950.423826424296,False,,False
V_cfc713b3,U_0955,2026-03-13,9723.791229172604,True,G_46ee8a,True
V_b4d512be,U_0434,2026-03-13,5966.582917380546,True,G_46ee8a,False
V_3567644033,U_0015,2026-03-14,8976.97117305094,False,,False
V_1900870988,U_0055,2026-03-14,10577.472035153476,False,,False
V_cbca6966,U_0088,2026-03-14,11249.806875078842,True,G_5c6e36,True
V_52667515,U_0387,2026-03-14,10057.249766545627,True,G_5c6e36,False
V_9acda7e3,U_0221,2026-03-14,7044.535014824391,True,G_5c6e36,False
V_28b7a211,U_0565,2026-03-14,9639.833797903642,True,G_5c6e36,False
V_8bdccbca,U_0130,2026-03-14,10908.150001490727,True,G_5c6e36,False
V_5ee8203f,U_0567,2026-03-14,9068.356312620126,True,G_5c6e36,False
V_3896537321,U_0102,2026-03-14,7257.74196598652,False,,False
V_3055158069,U_0130,2026-03-14,8679.615233354956,False,,False
V_3221022119,U_0131,2026-03-14,7326.712401128382,False,,False
V_c6e2cc03,U_0219,2026-03-14,1863.0693207078718,True,G_1c1c37,True
V_b526997a,U_0076,2026-03-14,2902.9919381822424,True,G_1c1c37,False
V_3192ee06,U_0412,2026-03-14,3629.2146056233964,True,G_1c1c37,False
V_46c1b752,U_0184,2026-03-14,2528.9852023143317,True,G_1c1c37,False
V_22db1c3d,U_0731,2026-03-14,1996.2926738649971,True,G_1c1c37,False
V_4027352844,U_0274,2026-03-14,5800.393780540771,False,,False
V_4236209062,U_0294,2026-03-14,3799.836609818989,False,,False
V_68e63d41,U_0326,2026-03-14,6306.359615998142,True,G_9b953e,True
V_77e408db,U_0321,2026-03-14,5416.489788494324,True,G_9b953e,False
V_e72b9f9e,U_0045,2026-03-14,7586.8434876648125,True,G_9b953e,False
V_a27c8c25,U_0392,2026-03-14,7945.489024315033,True,G_9b953e,False
V_37301f73,U_0773,2026-03-14,5263.603192507418,True,G_9b953e,False
V_f517d553,U_0510,2026-03-14,3698.7772254461693,True,G_9b953e,False
V_3974442321,U_0387,2026-03-14,11664.954920709006,False,,False
V_3608322034,U_0392,2026-03-14,6843.880423121475,False,,False
V_11820155,U_0417,2026-03-14,2629.1682485679166,False,,False
V_5eb1382e,U_0448,2026-03-14,3522.4422230718055,True,G_0b1493,True
V_6b1ba79e,U_0294,2026-03-14,3176.4118196200457,True,G_0b1493,False
V_75df5b68,U_0996,2026-03-14,2049.975758574775,True,G_0b1493,False
V_b8067ec8,U_0784,2026-03-14,3450.8845771278316,True,G_0b1493,False
V_147515771,U_0584,2026-03-14,3208.7524761442373,False,,False
V_4039834752,U_0590,2026-03-14,4767.179615326131,False,,False
V_1873849763,U_0604,2026-03-14,6208.790298987534,False,,False
V_3785118522,U_0678,2026-03-14,7641.3252601349905,False,,False
V_415316023,U_0685,2026-03-14,3017.689078320478,False,,False
V_b87ba4df,U_0799,2026-03-14,3430.778659302482,True,G_57c60f,True
V_e8ae5c04,U_0561,2026-03-14,3040.3121638177317,True,G_57c60f,False
V_1448186164,U_0814,2026-03-14,2538.2719608892385,False,,False
V_3257545786,U_0853,2026-03-14,3184.9051792086425,False,,False
V_61db39f6,U_0863,2026-03-14,7295.323967903177,True,G_a59dc7,True
V_52ed57e1,U_0655,2026-03-14,6247.660335145314,True,G_a59dc7,False
V_2322693620,U_0868,2026-03-14,5686.1111072705235,False,,False
V_269277601,U_0900,2026-03-14,6559.05167629264,False,,False
V_1755781885,U_0938,2026-03-14,5943.727355201893,False,,False
V_1093767636,U_0024,2026-03-15,11794.11303173572,False,,False
V_1994951696,U_0032,2026-03-15,5199.467810960834,False,,False
V_1683164976,U_0050,2026-03-15,11079.336730778079,False,,False
V_3889842289,U_0062,2026-03-15,4474.133934593065,False,,False
V_b65ca81d,U_0097,2026-03-15,10081.296773929549,True,G_ed5d71,True
V_f337a4da,U_0178,2026-03-15,10626.395376940854,True,G_ed5d71,False
V_3a99d71f,U_0225,2026-03-15,9718.023680204364,True,G_ed5d71,False
V_4fde6ce8,U_0682,2026-03-15,9744.207086046434,True,G_ed5d71,False
V_3785541877,U_0163,2026-03-15,9806.835809870852,False,,False
V_1072189442,U_0169,2026-03-15,4515.981386325207,False,,False
V_cd5392fc,U_0203,2026-03-15,3393.348019805083,True,G_e74298,True
V_3208de46,U_0857,2026-03-15,1951.1823989173863,True,G_e74298,False
V_3e1e0fa7,U_0547,2026-03-15,3898.1413015798717,True,G_e74298,False
V_580593b3,U_0108,2026-03-15,2814.3151759079733,True,G_e74298,False
V_0c1bca14,U_0171,2026-03-15,2944.9676857397326,True,G_e74298,False
V_c3576f33,U_0211,2026-03-15,4623.50673522109,True,G_4bafc9,True
V_93b597cc,U_0580,2026-03-15,5466.257127991793,True,G_4bafc9,False
V_ff1410b7,U_0215,2026-03-15,4865.64996636886,True,G_4bafc9,False
V_cd1a0dc6,U_0941,2026-03-15,3133.151911304605,True,G_4bafc9,False
V_e83b67ef,U_0552,2026-03-15,3456.202568136866,True,G_4bafc9,False
V_235509585,U_0297,2026-03-15,3046.251479135214,False,,False
V_04dca3d6,U_0303,2026-03-15,12321.282753957972,True,G_9923c3,True
V_c89acf81,U_0885,2026-03-15,10186.738092005224,True,G_9923c3,False
V_3775bebe,U_0655,2026-03-15,6557.55225458927,True,G_9923c3,False
V_4e76a8b2,U_0937,2026-03-15,8160.030296415202,True,G_9923c3,False
V_e48ef9d7,U_0628,2026-03-15,9487.434186523777,True,G_9923c3,False
V_34e6b1bd,U_0735,2026-03-15,6193.056430725462,True,G_9923c3,False
V_45b6f836,U_0393,2026-03-15,2832.4314877896895,True,G_142737,True
V_2cf4a94d,U_0747,2026-03-15,1796.4783562085988,True,G_142737,False
V_1256172379,U_0403,2026-03-15,4027.941817771252,False,,False
V_1903272810,U_0456,2026-03-15,13290.955519305855,False,,False
V_554683696,U_0465,2026-03-15,4247.040353264884,False,,False
V_c98d9fd9,U_0486,2026-03-15,7635.294514417383,True,G_caec3b,True
V_5597eb9b,U_0721,2026-03-15,7763.276142426599,True,G_caec3b,False
V_461804bb,U_0143,2026-03-15,3600.9320483416495,True,G_caec3b,False
V_2b65ec80,U_0231,2026-03-15,4426.042383340385,True,G_caec3b,False
V_81ae84bb,U_0729,2026-03-15,3902.3287941430895,True,G_caec3b,False
V_ee5f95c4,U_0141,2026-03-15,3204.841681021186,True,G_caec3b,False
V_3824614157,U_0504,2026-03-15,2258.4349091905124,False,,False
V_21fd789f,U_0540,2026-03-15,2442.1610248084867,True,G_ae9202,True
V_cae629b5,U_0920,2026-03-15,3268.9996443671926,True,G_ae9202,False
V_3148295873,U_0541,2026-03-15,5555.920595887041,False,,False
V_7e1bd5c4,U_0548,2026-03-15,8002.178086841255,True,G_ccdc65,True
V_b90352e1,U_0445,2026-03-15,9929.563771132855,True,G_ccdc65,False
V_5b7698ef,U_0237,2026-03-15,8796.443218786884,True,G_ccdc65,False
V_4bc58a9c,U_0160,2026-03-15,9162.65796605077,True,G_ccdc65,False
V_c343d189,U_0581,2026-03-15,9706.94186581457,True,G_870b0f,True
V_e8f7666b,U_0826,2026-03-15,9228.828611619992,True,G_870b0f,False
V_4cd75fe1,U_0457,2026-03-15,9378.979303387025,True,G_870b0f,False
V_09e0282a,U_0019,2026-03-15,6311.887802456231,True,G_870b0f,False
V_1c17b66b,U_0852,2026-03-15,8048.013350637769,True,G_870b0f,False
V_6cc11d85,U_0181,2026-03-15,11155.348952610273,True,G_870b0f,False
V_2734738793,U_0599,2026-03-15,3010.4499626442403,False,,False
V_2951464077,U_0623,2026-03-15,11012.966588528221,False,,False
V_4118907301,U_0655,2026-03-15,6628.521588588231,False,,False
V_204181121,U_0680,2026-03-15,2716.74832259486,False,,False
V_a5cee878,U_0694,2026-03-15,5419.293641541441,True,G_000fbf,True
V_8e3e5eae,U_0209,2026-03-15,4139.370090573534,True,G_000fbf,False
V_2f255a6e,U_0033,2026-03-15,3144.789756914391,True,G_000fbf,False
V_d4108dae,U_0966,2026-03-15,3968.0685384902968,True,G_000fbf,False
V_c32e5099,U_0622,2026-03-15,5936.157612344256,True,G_000fbf,False
V_1807981051,U_0730,2026-03-15,2281.0493836533765,False,,False
V_3722384819,U_0748,2026-03-15,5774.08938482703,False,,False
V_3358117882,U_0771,2026-03-15,4862.328391701384,False,,False
V_1f5b2e62,U_0772,2026-03-15,7146.392269602072,True,G_bcb42e,True
V_cb2f34f1,U_0827,2026-03-15,6025.107547896433,True,G_bcb42e,False
V_55fc6dfe,U_0378,2026-03-15,5364.927543669862,True,G_bcb42e,False
V_408070183,U_0798,2026-03-15,4115.598812998133,False,,False
V_67e5af6e,U_0802,2026-03-15,10690.807372960222,True,G_4bed7e,True
V_76215180,U_0262,2026-03-15,9265.444271949944,True,G_4bed7e,False
V_a2aa390f,U_0328,2026-03-15,8660.321314310091,True,G_4bed7e,False
V_28bf660e,U_0089,2026-03-15,7520.808302454725,True,G_4bed7e,False
V_d63196c3,U_0303,2026-03-15,9114.995102773524,True,G_4bed7e,False
V_5e52c43b,U_0897,2026-03-15,7672.4434236047355,True,G_4bed7e,False
V_cf43fa18,U_0811,2026-03-15,6680.016867236427,True,G_6c93c9,True
V_3f350259,U_0594,2026-03-15,6005.584821666013,True,G_6c93c9,False
V_4b539a5f,U_0836,2026-03-15,3462.1840640456235,True,G_782c45,True
V_151610e9,U_0677,2026-03-15,2181.6577658780807,True,G_782c45,False
V_c373d15f,U_0839,2026-03-15,3873.463720293791,True,G_8c2a28,True
V_552f4b80,U_0020,2026-03-15,3264.202566997297,True,G_8c2a28,False
V_659cc5c0,U_0998,2026-03-15,1829.3664862889357,True,G_8c2a28,False
V_f2cd9144,U_0927,2026-03-15,3211.780980523271,True,G_8c2a28,False
V_0258bfce,U_0667,2026-03-15,3105.715909446835,True,G_8c2a28,False
V_400589064,U_0977,2026-03-15,9381.921557250595,False,,False
V_5eeed274,U_0007,2026-03-16,5594.532382832605,True,G_4f4671,True
V_a5f2198c,U_0827,2026-03-16,4632.956217979772,True,G_4f4671,False
V_15d010e8,U_0647,2026-03-16,6771.11375271034,True,G_4f4671,False
V_36911cab,U_0260,2026-03-16,6375.849874413062,True,G_4f4671,False
V_1093691121,U_0023,2026-03-16,3062.414516253449,False,,False
V_4070146973,U_0050,2026-03-16,9161.51689216179,False,,False
V_2707995037,U_0066,2026-03-16,6761.60090793751,False,,False
V_3666731966,U_0093,2026-03-16,4965.020896934366,False,,False
V_4001137393,U_0107,2026-03-16,3966.9697127235336,False,,False
V_d2055cef,U_0124,2026-03-16,2409.0107818249057,True,G_e6646b,True
V_66ba8276,U_0514,2026-03-16,2318.6114281875207,True,G_e6646b,False
V_e85f23db,U_0316,2026-03-16,2744.9153277862574,True,G_e6646b,False
V_52f8cfc8,U_0865,2026-03-16,3082.753454131014,True,G_e6646b,False
V_e38dd100,U_0212,2026-03-16,5828.9571289780515,True,G_1f8289,True
V_239bbfc6,U_0576,2026-03-16,7044.517780864418,True,G_1f8289,False
V_0acdcc09,U_0317,2026-03-16,3125.2724525446033,True,G_3207ef,True
V_22d245fc,U_0226,2026-03-16,3355.303688054889,True,G_3207ef,False
V_824693002,U_0325,2026-03-16,5955.574732891686,False,,False
V_6ad88257,U_0341,2026-03-16,5681.6565864720815,True,G_24c894,True
V_c207d063,U_0261,2026-03-16,3532.4542869341576,True,G_24c894,False
V_e5bc070a,U_0616,2026-03-16,8208.54977154213,True,G_24c894,False
V_7574515b,U_0366,2026-03-16,3605.887737862174,True,G_8d454d,True
V_14aa5f0b,U_0334,2026-03-16,3864.852171963744,True,G_8d454d,False
V_68be8063,U_0991,2026-03-16,1948.9204633856548,True,G_8d454d,False
V_d73c557f,U_0340,2026-03-16,3008.4739833090966,True,G_8d454d,False
V_8648ba53,U_0747,2026-03-16,2340.408905924723,True,G_8d454d,False
V_d0645789,U_0676,2026-03-16,4419.420018185617,True,G_8d454d,False
V_5eb7fa75,U_0403,2026-03-16,5685.439208492998,True,G_29edfe,True
V_d828c726,U_0843,2026-03-16,5918.128217100346,True,G_29edfe,False
V_cd6e1124,U_0915,2026-03-16,6046.756891063989,True,G_29edfe,False
V_ff3bba05,U_0094,2026-03-16,4833.53275252586,True,G_29edfe,False
V_19fba1e7,U_0083,2026-03-16,6374.643082162589,True,G_29edfe,False
V_4223452495,U_0424,2026-03-16,2739.1359761518092,False,,False
V_d39dcc38,U_0436,2026-03-16,12463.853218399969,True,G_7452c1,True
V_30ea116a,U_0006,2026-03-16,6558.627073861061,True,G_7452c1,False
V_2059850736,U_0445,2026-03-16,13434.351120247771,False,,False
V_db392fba,U_0465,2026-03-16,3904.0649325948257,True,G_4fe3f0,True
V_9caefd0d,U_0453,2026-03-16,3716.661421498373,True,G_4fe3f0,False
V_b7f002ad,U_0260,2026-03-16,5852.383781148067,True,G_4fe3f0,False
V_3600302544,U_0488,2026-03-16,6491.485880309191,False,,False
V_23eba1c7,U_0503,2026-03-16,11887.953818134634,True,G_30d15d,True
V_21a7c4e3,U_0324,2026-03-16,8532.289254296415,True,G_30d15d,False
V_eb875184,U_0681,2026-03-16,9961.811052324283,True,G_30d15d,False
V_3768168040,U_0547,2026-03-16,3368.850235364932,False,,False
V_2640555526,U_0595,2026-03-16,5582.6533563796165,False,,False
V_2761230285,U_0657,2026-03-16,12766.265988212339,False,,False
V_3728122782,U_0691,2026-03-16,6543.219001947969,False,,False
V_79549796,U_0712,2026-03-16,3279.487929421641,True,G_39e36e,True
V_1074229c,U_0678,2026-03-16,7208.570613013736,True,G_39e36e,False
V_53e97471,U_0375,2026-03-16,4314.178311818015,True,G_39e36e,False
V_b68cae76,U_0418,2026-03-16,4849.186163954646,True,G_39e36e,False
V_747052a2,U_0732,2026-03-16,6724.4921924269265,True,G_438c3b,True
V_81f3e113,U_0773,2026-03-16,5365.572632695903,True,G_438c3b,False
V_b10446d2,U_0972,2026-03-16,7440.137459204743,True,G_438c3b,False
V_3c83c071,U_0277,2026-03-16,4701.953018650764,True,G_438c3b,False
V_f21c943e,U_0464,2026-03-16,5423.102722650932,True,G_438c3b,False
V_23a5c367,U_0837,2026-03-16,5415.547939709051,True,G_9bcdc1,True
V_fdf8c997,U_0748,2026-03-16,5290.763709118221,True,G_9bcdc1,False
V_53bde883,U_0689,2026-03-16,5579.521544986176,True,G_9bcdc1,False
V_70d01896,U_0757,2026-03-16,4610.33761966921,True,G_9bcdc1,False
V_b1ac1f4c,U_0622,2026-03-16,6223.2221920676175,True,G_9bcdc1,False
V_1610865119,U_0847,2026-03-16,6779.136924131737,False,,False
V_472831970,U_0879,2026-03-16,2100.4449607989372,False,,False
V_705083447,U_0884,2026-03-16,4838.727835487825,False,,False
V_0bdc375e,U_0896,2026-03-16,9194.871508248038,True,G_42eba3,True
V_2041b359,U_0826,2026-03-16,9186.186586533542,True,G_42eba3,False
V_677759802,U_0917,2026-03-16,5865.040623688218,False,,False
V_1718adc0,U_0969,2026-03-16,9855.124164966706,True,G_318441,True
V_af4017f1,U_0518,2026-03-16,8111.520483286992,True,G_318441,False
V_fbab7e4b,U_0221,2026-03-16,5713.843672612421,True,G_318441,False
V_4947aeed,U_0981,2026-03-16,5186.589147876933,True,G_a55133,True
V_a31482e0,U_0783,2026-03-16,4270.439558172676,True,G_a55133,False
V_e02eb9c6,U_0607,2026-03-16,5060.4300444070805,True,G_a55133,False
V_21d5553e,U_0529,2026-03-16,5826.13364108567,True,G_a55133,False
V_de7ff0df,U_0083,2026-03-16,7515.90939961962,True,G_a55133,False
V_2272eee1,U_0988,2026-03-16,3074.3284754230854,True,G_d1df6c,True
V_f32d09e3,U_0841,2026-03-16,5399.172355236663,True,G_d1df6c,False
V_09c29ff1,U_0668,2026-03-16,5574.2097301320655,True,G_d1df6c,False
V_3149885429,U_0989,2026-03-16,2108.713828000225,False,,False
V_1343352297,U_0015,2026-03-17,9150.746921391326,False,,False
V_f6c623de,U_0033,2026-03-17,4022.261188234602,True,G_a8ab11,True
V_73362eae,U_0125,2026-03-17,5616.367468025971,True,G_a8ab11,False
V_2a628bf8,U_0185,2026-03-17,5582.499365389778,True,G_a8ab11,False
V_94ab82b9,U_0828,2026-03-17,5077.815857796432,True,G_a8ab11,False
V_c099761f,U_0880,2026-03-17,5926.074576592772,True,G_a8ab11,False
V_1548202721,U_0115,2026-03-17,2606.8936035192783,False,,False
V_4068433376,U_0151,2026-03-17,4539.288152271692,False,,False
V_4268513676,U_0206,2026-03-17,6357.722952956553,False,,False
V_ee06b21f,U_0222,2026-03-17,3635.967390491247,True,G_ae697c,True
V_b3e834c8,U_0199,2026-03-17,3582.2129307766677,True,G_ae697c,False
V_385e35ed,U_0192,2026-03-17,2858.421640594744,True,G_ae697c,False
V_1ff102ee,U_0741,2026-03-17,3552.226155713752,True,G_ae697c,False
V_b21f23da,U_0261,2026-03-17,4647.61011156843,True,G_ada97f,True
V_e50f20a4,U_0166,2026-03-17,6146.262824476974,True,G_ada97f,False
V_074f51d9,U_0552,2026-03-17,4472.608597181455,True,G_ada97f,False
V_91ae0cf5,U_0304,2026-03-17,3704.621589899763,True,G_ada97f,False
V_392075b2,U_0502,2026-03-17,5918.644627059295,True,G_ada97f,False
V_835845670,U_0262,2026-03-17,10988.247007661146,False,,False
V_3674632333,U_0277,2026-03-17,6048.370515097487,False,,False
V_1331709392,U_0366,2026-03-17,3207.8122263586197,False,,False
V_1651732340,U_0391,2026-03-17,7862.600381853875,False,,False
V_3599224838,U_0392,2026-03-17,5989.7846268321455,False,,False
V_fad5203d,U_0421,2026-03-17,8066.223293629109,True,G_b8ba93,True
V_db9dee53,U_0810,2026-03-17,4444.796596310224,True,G_b8ba93,False
V_3702dcce,U_0010,2026-03-17,4951.539644408539,True,G_b8ba93,False
V_b938d601,U_0291,2026-03-17,4876.350713210991,True,G_b8ba93,False
V_aff5360e,U_0532,2026-03-17,5648.762615492852,True,G_b8ba93,False
V_dc98a387,U_0502,2026-03-17,4735.65458082027,True,G_b8ba93,False
V_4255973404,U_0436,2026-03-17,9765.979016691008,False,,False
V_1197174601,U_0458,2026-03-17,9707.664270009838,False,,False
V_732d412b,U_0471,2026-03-17,4050.7123700888806,True,G_7b2219,True
V_5b77fcc9,U_0621,2026-03-17,4415.395848310548,True,G_7b2219,False
V_5ab0f522,U_0853,2026-03-17,3668.2263663406693,True,G_7b2219,False
V_8e27c1a5,U_0343,2026-03-17,1751.8388512068877,True,G_7b2219,False
V_af694c56,U_0133,2026-03-17,3850.9555840017315,True,G_7b2219,False
V_738a8b2e,U_0515,2026-03-17,2415.649047933508,True,G_c39dab,True
V_0bfde63d,U_0959,2026-03-17,2571.941791028011,True,G_c39dab,False
V_3bb161e9,U_0780,2026-03-17,2582.781323052402,True,G_c39dab,False
V_fe446e8b,U_0765,2026-03-17,2021.4612228686244,True,G_c39dab,False
V_ccdf0ff1,U_0207,2026-03-17,3295.8771652622017,True,G_c39dab,False
V_374341725,U_0529,2026-03-17,5464.317699790907,False,,False
V_984343668,U_0532,2026-03-17,6005.574276536729,False,,False
V_1843759867,U_0621,2026-03-17,4039.4822278741976,False,,False
V_e073c8ff,U_0641,2026-03-17,2433.738388180411,True,G_9a7840,True
V_0f83bebb,U_0838,2026-03-17,4207.922986654971,True,G_9a7840,False
V_73974eb3,U_0738,2026-03-17,7048.796545913439,True,G_9c66e4,True
V_c2545b2e,U_0708,2026-03-17,4795.552556907965,True,G_9c66e4,False
V_39765d15,U_0209,2026-03-17,4524.493252936092,True,G_9c66e4,False
V_e98c9613,U_0232,2026-03-17,5073.223899820757,True,G_9c66e4,False
V_f9595ca6,U_0087,2026-03-17,6663.545256283296,True,G_9c66e4,False
V_2714928941,U_0757,2026-03-17,4513.245237333289,False,,False
V_41952f3a,U_0844,2026-03-17,3046.0103042304777,True,G_a3bf60,True
V_d65f90f9,U_0380,2026-03-17,3475.6065248869754,True,G_a3bf60,False
V_48e2c71a,U_0914,2026-03-17,3523.6961577953784,True,G_a3bf60,False
V_e05f66ff,U_0334,2026-03-17,2836.4618804505494,True,G_a3bf60,False
V_43ea8d3f,U_0851,2026-03-17,5929.842979979946,True,G_e3c0c5,True
V_50c43087,U_0503,2026-03-17,10212.31717815803,True,G_e3c0c5,False
V_2273a467,U_0875,2026-03-17,6965.9620394246995,True,G_e3c0c5,False
V_2215437363,U_0866,2026-03-17,10508.136547062522,False,,False
V_2981145778,U_0874,2026-03-17,5930.869378609367,False,,False
V_3ccf45de,U_0900,2026-03-17,6666.138133900073,True,G_6edb59,True
V_c58c8b9f,U_0672,2026-03-17,3847.3050273432946,True,G_6edb59,False
V_29189f7f,U_0665,2026-03-17,5007.070946226936,True,G_6edb59,False
V_19c96522,U_0384,2026-03-17,4229.916480166999,True,G_6edb59,False
V_67626c53,U_0137,2026-03-17,5434.608178399002,True,G_6edb59,False
V_71d3efde,U_0890,2026-03-17,6943.370842727468,True,G_6edb59,False
V_1231835908,U_0922,2026-03-17,6182.804085032938,False,,False
V_2233769688,U_0947,2026-03-17,7771.9726933691,False,,False
V_53079473,U_0968,2026-03-17,3013.663770314706,True,G_88b845,True
V_282b361d,U_0228,2026-03-17,3040.2543171937236,True,G_88b845,False
V_4190524101,U_0042,2026-03-18,3182.0656311462867,False,,False
V_2956846714,U_0047,2026-03-18,2285.175158697822,False,,False
V_3202363356,U_0058,2026-03-18,2502.260644072247,False,,False
V_800309167,U_0065,2026-03-18,4515.1996104787495,False,,False
V_2868701025,U_0075,2026-03-18,11547.40426936494,False,,False
V_1308fcfb,U_0101,2026-03-18,3168.4301252927066,True,G_448d02,True
V_fc1e851a,U_0211,2026-03-18,5520.856967902699,True,G_448d02,False
V_fae2874d,U_0811,2026-03-18,5895.438539055123,True,G_448d02,False
V_3808fdb2,U_0392,2026-03-18,7078.928372272445,True,G_448d02,False
V_3657383140,U_0111,2026-03-18,5229.798451054671,False,,False
V_630246473,U_0114,2026-03-18,6185.545063159916,False,,False
V_97517473,U_0178,2026-03-18,10574.779596382901,False,,False
V_6719953,U_0252,2026-03-18,5697.05094520519,False,,False
V_1b28b14b,U_0264,2026-03-18,3105.0210056044707,True,G_b2cb93,True
V_55e6653c,U_0632,2026-03-18,2345.3582614096435,True,G_b2cb93,False
V_be120845,U_0728,2026-03-18,1962.2007094802498,True,G_b2cb93,False
V_3609984360,U_0367,2026-03-18,6558.682063093765,False,,False
V_c62435ed,U_0416,2026-03-18,2945.538331990327,True,G_fd7959,True
V_ff5e3ec1,U_0685,2026-03-18,2993.6428858748086,True,G_fd7959,False
V_701f4da1,U_0855,2026-03-18,2057.85703831059,True,G_fd7959,False
V_2ba467b9,U_0698,2026-03-18,2335.8236932468876,True,G_fd7959,False
V_855c609a,U_0538,2026-03-18,2176.4243285976027,True,G_fd7959,False
V_b2c6dff0,U_0431,2026-03-18,4724.630188511126,True,G_02b828,True
V_097a3bc3,U_0085,2026-03-18,3631.0643888057452,True,G_02b828,False
V_3470f05b,U_0798,2026-03-18,4750.772049019902,True,G_02b828,False
V_698f0311,U_0738,2026-03-18,6876.500819747132,True,G_02b828,False
V_bf4f253f,U_0694,2026-03-18,5486.922108174359,True,G_02b828,False
V_4626cf0a,U_0595,2026-03-18,5819.668999303736,True,G_02b828,False
V_809754374,U_0451,2026-03-18,6753.224132600754,False,,False
V_3396438033,U_0526,2026-03-18,6340.234836891873,False,,False
V_b5f5da22,U_0614,2026-03-18,12509.557849837202,True,G_c4a4a6,True
V_679ad1ae,U_0303,2026-03-18,9874.524018567186,True,G_c4a4a6,False
V_91e3f1ff,U_0581,2026-03-18,8600.402664615125,True,G_c4a4a6,False
V_7c5cadf1,U_0770,2026-03-18,8515.271763758386,True,G_c4a4a6,False
V_1032270114,U_0729,2026-03-18,4991.796920961434,False,,False
V_51d77ece,U_0766,2026-03-18,5611.438663916838,True,G_b1eac8,True
V_0454e3bd,U_0873,2026-03-18,6509.150889249636,True,G_b1eac8,False
V_efdd5422,U_0647,2026-03-18,5363.021451807597,True,G_b1eac8,False
V_ede31e57,U_0534,2026-03-18,4764.079449022377,True,G_b1eac8,False
V_9c3c8d62,U_0840,2026-03-18,4344.002186920726,True,G_b1eac8,False
V_b6876a29,U_0354,2026-03-18,7970.106512884462,True,G_b1eac8,False
V_6f92b50c,U_0793,2026-03-18,3697.25948237782,True,G_ecc685,True
V_77ce448f,U_0480,2026-03-18,6204.2121699918525,True,G_ecc685,False
V_8f266a17,U_0421,2026-03-18,6699.840100114792,True,G_ecc685,False
V_2ed008aa,U_0151,2026-03-18,5352.270260583032,True,G_ecc685,False
V_3595819668,U_0902,2026-03-18,11841.751348778176,False,,False
V_8cc2743f,U_0922,2026-03-18,4825.145726242159,True,G_506cdb,True
V_0f0b32b1,U_0341,2026-03-18,6264.473263076903,True,G_506cdb,False
V_055f0832,U_0511,2026-03-18,5726.307430446875,True,G_506cdb,False
V_a64e4495,U_0968,2026-03-18,2805.9063117892842,True,G_564e78,True
V_5be6383a,U_0389,2026-03-18,2924.2343964464108,True,G_564e78,False
V_53a4f637,U_0784,2026-03-18,3715.1829486841098,True,G_564e78,False
V_c2d22ebf,U_0743,2026-03-18,2295.957879822033,True,G_564e78,False
V_180703664,U_0972,2026-03-18,6656.198096482273,False,,False
V_896914bd,U_0993,2026-03-18,5860.589429216871,True,G_49d1c4,True
V_3be562a9,U_0913,2026-03-18,10861.339574919752,True,G_49d1c4,False
V_e7648d3c,U_0458,2026-03-18,11735.91798430102,True,G_49d1c4,False
V_621b1bdf,U_0328,2026-03-18,6764.927759833359,True,G_49d1c4,False
V_91985af7,U_0851,2026-03-18,5430.966119412516,True,G_49d1c4,False
V_1761640065,U_0014,2026-03-19,2282.8671400529706,False,,False
V_f592c695,U_0019,2026-03-19,6239.811168336669,True,G_a25125,True
V_5ca086d6,U_0434,2026-03-19,5015.256779582878,True,G_a25125,False
V_934e3a6d,U_0955,2026-03-19,9206.881428740198,True,G_a25125,False
V_c7df03bf,U_0429,2026-03-19,11273.664133475986,True,G_a25125,False
V_1265556d,U_0089,2026-03-19,5818.601054888406,True,G_a25125,False
V_48dd4aa8,U_0345,2026-03-19,11048.912268816739,True,G_a25125,False
V_fe4a19b7,U_0032,2026-03-19,4891.849274217262,True,G_c03b82,True
V_59d73569,U_0938,2026-03-19,6008.284396349516,True,G_c03b82,False
V_100a89e0,U_0889,2026-03-19,4728.42626110165,True,G_c03b82,False
V_3d4a77e9,U_0392,2026-03-19,7605.1289095376105,True,G_c03b82,False
V_5891b2dd,U_0273,2026-03-19,3271.143617878598,True,G_c03b82,False
V_580cd533,U_0055,2026-03-19,10555.599727499135,True,G_897d12,True
V_001b8790,U_0655,2026-03-19,7220.120612350142,True,G_897d12,False
V_3e83444f,U_0737,2026-03-19,5967.195828182107,True,G_897d12,False
V_7dc958ae,U_0646,2026-03-19,8216.876289180078,True,G_897d12,False
V_c2257f57,U_0802,2026-03-19,8063.704371662625,True,G_897d12,False
V_d08cdf56,U_0078,2026-03-19,3870.0837143772087,True,G_391ed7,True
V_05a9fe6e,U_0109,2026-03-19,2865.834651823026,True,G_391ed7,False
V_1359474482,U_0103,2026-03-19,4172.669376162463,False,,False
V_06682df5,U_0306,2026-03-19,6434.594041228876,True,G_a4e57d,True
V_a5c11218,U_0708,2026-03-19,4845.838136398471,True,G_a4e57d,False
V_f1806359,U_0929,2026-03-19,6754.449452953814,True,G_a4e57d,False
V_7a044c70,U_0269,2026-03-19,6983.081310454642,True,G_a4e57d,False
V_aedf971a,U_0062,2026-03-19,4531.25442524205,True,G_a4e57d,False
V_2352063152,U_0345,2026-03-19,9734.857224418589,False,,False
V_dbc180b0,U_0391,2026-03-19,8839.43202346389,True,G_e6a693,True
V_77c13efa,U_0225,2026-03-19,14208.765491887218,True,G_e6a693,False
V_451bd950,U_0194,2026-03-19,7283.174729496168,True,G_e6a693,False
V_45d86d82,U_0458,2026-03-19,11456.402859259984,True,G_e6a693,False
V_00f4bb12,U_0982,2026-03-19,9401.284703971029,True,G_e6a693,False
V_0d7208b5,U_0951,2026-03-19,12504.449268813787,True,G_e6a693,False
V_1408323391,U_0403,2026-03-19,5050.562485018644,False,,False
V_1966852504,U_0430,2026-03-19,5466.6617487595195,False,,False
V_2639651857,U_0458,2026-03-19,9649.563128673837,False,,False
V_d0c9c988,U_0511,2026-03-19,5197.432003174958,True,G_f65bce,True
V_d817f374,U_0312,2026-03-19,5024.9699985683155,True,G_f65bce,False
V_f58a2a6d,U_0729,2026-03-19,5372.860580842043,True,G_f65bce,False
V_955ffcb7,U_0080,2026-03-19,5374.151203763774,True,G_f65bce,False
V_2253886627,U_0601,2026-03-19,2587.4015323923086,False,,False
V_1915441390,U_0621,2026-03-19,3971.627252990987,False,,False
V_1582344866,U_0626,2026-03-19,2847.3758652981455,False,,False
V_1065822842,U_0632,2026-03-19,3095.433368187177,False,,False
V_609484429,U_0645,2026-03-19,3791.1172186383355,False,,False
V_2289773280,U_0688,2026-03-19,7184.883203322883,False,,False
V_02e79633,U_0705,2026-03-19,5164.987416387002,True,G_5410bb,True
V_9b3924a7,U_0480,2026-03-19,5197.9027313296465,True,G_5410bb,False
V_c4431b32,U_0889,2026-03-19,4345.11955567382,True,G_5410bb,False
V_29046e20,U_0269,2026-03-19,4840.651795335142,True,G_5410bb,False
V_f52ddfc7,U_0988,2026-03-19,3516.530198722148,True,G_5410bb,False
V_02507970,U_0261,2026-03-19,4015.280110097176,True,G_5410bb,False
V_557849801,U_0735,2026-03-19,7478.121353378897,False,,False
V_2784931839,U_0807,2026-03-19,5739.985175722961,False,,False
V_df8c64b2,U_0865,2026-03-19,3634.969876101165,True,G_12ec91,True
V_48c2d1ec,U_0555,2026-03-19,2299.3901637560775,True,G_12ec91,False
V_a4d9881f,U_0584,2026-03-19,3712.417437362446,True,G_12ec91,False
V_98752c51,U_0781,2026-03-19,3171.9249092086443,True,G_12ec91,False
V_1582751776,U_0872,2026-03-19,6023.508889134073,False,,False
V_6e1096c9,U_0983,2026-03-19,3636.6253181409306,True,G_cf464e,True
V_d0a13df2,U_0823,2026-03-19,3230.7671633149935,True,G_cf464e,False
V_d193f392,U_0958,2026-03-19,3639.75621145412,True,G_cf464e,False
V_b226c714,U_0699,2026-03-19,4291.687450486356,True,G_cf464e,False
V_fd1e4df3,U_0495,2026-03-19,3500.664299313438,True,G_cf464e,False
V_3435535277,U_0005,2026-03-20,5247.050549641392,False,,False
V_3319530020,U_0048,2026-03-20,2366.1424050551095,False,,False
V_5f73854a,U_0050,2026-03-20,9441.330822263444,True,G_484cfd,True
V_b4c962fe,U_0657,2026-03-20,12035.429642121157,True,G_484cfd,False
V_e5c5c679,U_0088,2026-03-20,13484.141576465878,True,G_484cfd,False
V_241b05ab,U_0436,2026-03-20,11389.762906941405,True,G_484cfd,False
V_4d59329a,U_0636,2026-03-20,8734.938140543443,True,G_484cfd,False
V_9c076ed8,U_0767,2026-03-20,9826.803762887768,True,G_484cfd,False
V_2411570727,U_0075,2026-03-20,13119.345617151133,False,,False
V_1193608118,U_0079,2026-03-20,2390.9822963756847,False,,False
V_5c6aa52f,U_0087,2026-03-20,7069.89232357015,True,G_cbf911,True
V_6e398009,U_0045,2026-03-20,7177.712942349148,True,G_cbf911,False
V_3043450076,U_0125,2026-03-20,5247.5440757751885,False,,False
V_0127859f,U_0131,2026-03-20,6349.44659071699,True,G_56dd63,True
V_63f32d94,U_0994,2026-03-20,6951.017906046575,True,G_56dd63,False
V_1482177325,U_0168,2026-03-20,9592.31545745223,False,,False
V_c33db35a,U_0237,2026-03-20,10798.825734909784,True,G_1fd718,True
V_5fec7835,U_0794,2026-03-20,6966.716101058692,True,G_1fd718,False
V_7e68f446,U_0391,2026-03-20,9010.762040765947,True,G_1fd718,False
V_b2017276,U_0955,2026-03-20,7576.8280291201,True,G_1fd718,False
V_e9ce3a95,U_0657,2026-03-20,12070.811281382425,True,G_1fd718,False
V_23b904a4,U_0581,2026-03-20,6864.175743054756,True,G_1fd718,False
V_1798203717,U_0242,2026-03-20,2530.284107790643,False,,False
V_4d61eb9f,U_0323,2026-03-20,9880.421621903095,True,G_3ad015,True
V_fbdc69f0,U_0813,2026-03-20,10150.138960024555,True,G_3ad015,False
V_e1223b98,U_0513,2026-03-20,11481.379620020505,True,G_3ad015,False
V_5c298d5c,U_0567,2026-03-20,7653.227785646041,True,G_3ad015,False
V_09d44e6f,U_0178,2026-03-20,9789.378332284246,True,G_3ad015,False
V_d3aae428,U_0329,2026-03-20,2231.485259038096,True,G_a66f48,True
V_3b7fa50f,U_0031,2026-03-20,2116.016073301128,True,G_a66f48,False
V_3840943716,U_0377,2026-03-20,3175.957222692607,False,,False
V_3569277274,U_0391,2026-03-20,9353.754007743048,False,,False
V_3615077903,U_0465,2026-03-20,3118.0605514848953,False,,False
V_63c71cd4,U_0474,2026-03-20,3911.4250138031457,True,G_1c8ffd,True
V_69eddad9,U_0925,2026-03-20,2723.636592430898,True,G_1c8ffd,False
V_18a1fc8e,U_0484,2026-03-20,9343.55522522668,True,G_ce8910,True
V_377e4b6e,U_0982,2026-03-20,8741.932617450011,True,G_ce8910,False
V_665717de,U_0655,2026-03-20,7864.958143435904,True,G_ce8910,False
V_014ceb0a,U_0491,2026-03-20,5154.51051581692,True,G_24f2b4,True
V_db45cf65,U_0332,2026-03-20,6363.478389472597,True,G_24f2b4,False
V_208557239,U_0506,2026-03-20,5021.732363282258,False,,False
V_434aafb6,U_0548,2026-03-20,8750.990474454842,True,G_4b87d4,True
V_22c56fc7,U_0752,2026-03-20,6371.3282721822015,True,G_4b87d4,False
V_ea1187d2,U_0503,2026-03-20,9594.992764174982,True,G_4b87d4,False
V_ef115060,U_0097,2026-03-20,12734.850699909743,True,G_4b87d4,False
V_47bbdcf5,U_0767,2026-03-20,9082.34812575976,True,G_4b87d4,False
V_9a9c464f,U_0238,2026-03-20,7070.867451210994,True,G_4b87d4,False
V_1175500431,U_0562,2026-03-20,2846.3433268289086,False,,False
V_1940826515,U_0602,2026-03-20,2466.7269420481575,False,,False
V_b2aaf9e9,U_0646,2026-03-20,9606.155586340485,True,G_68fc93,True
V_fdc49a7a,U_0937,2026-03-20,10308.11287342876,True,G_68fc93,False
V_5244bc57,U_0436,2026-03-20,9581.31975516387,True,G_68fc93,False
V_7878eb23,U_0461,2026-03-20,10221.489559034771,True,G_68fc93,False
V_a017a695,U_0737,2026-03-20,8141.545581999613,True,G_68fc93,False
V_1811148512,U_0667,2026-03-20,2568.9363191738494,False,,False
V_879227358,U_0668,2026-03-20,6235.5033529448865,False,,False
V_573630905,U_0711,2026-03-20,2658.021361989126,False,,False
V_3e7ff0c6,U_0727,2026-03-20,8548.837685899545,True,G_9b9c3b,True
V_7fe679db,U_0221,2026-03-20,7958.149863461093,True,G_9b9c3b,False
V_89208fa2,U_0303,2026-03-20,9207.753676696773,True,G_9b9c3b,False
V_dd01ca39,U_0885,2026-03-20,9102.97308638486,True,G_9b9c3b,False
V_7c64666b,U_0682,2026-03-20,7667.569025383521,True,G_9b9c3b,False
V_20724b41,U_0813,2026-03-20,9319.382780492766,True,G_9b9c3b,False
V_86061ab7,U_0768,2026-03-20,5834.870707768018,True,G_6f09ac,True
V_b72696a8,U_0332,2026-03-20,5780.723887935156,True,G_6f09ac,False
V_7e52e014,U_0785,2026-03-20,5922.40583481741,True,G_08b640,True
V_d03323c0,U_0793,2026-03-20,4997.147501209567,True,G_08b640,False
V_82e0ee46,U_0103,2026-03-20,4324.035036517491,True,G_08b640,False
V_e7ec0222,U_0788,2026-03-20,4979.440542236347,True,G_8a7109,True
V_78aef998,U_0874,2026-03-20,4443.866184843607,True,G_8a7109,False
V_7f630ecf,U_0554,2026-03-20,6566.094291917674,True,G_8a7109,False
V_05f00496,U_0375,2026-03-20,4469.466674928154,True,G_8a7109,False
V_199038574,U_0813,2026-03-20,7165.040989053302,False,,False
V_1732234419,U_0859,2026-03-20,3441.8142120720377,False,,False
V_12695416,U_0869,2026-03-20,3363.305416982938,False,,False
V_44430839,U_0870,2026-03-20,1892.3005639123915,True,G_4f1835,True
V_5779cc36,U_0547,2026-03-20,4014.9037783682525,True,G_4f1835,False
V_ef1cc0b2,U_0177,2026-03-20,3059.6036445686186,True,G_4f1835,False
V_f04ea438,U_0150,2026-03-20,2941.6723093363667,True,G_4f1835,False
V_884f54e1,U_0365,2026-03-20,3539.779547371097,True,G_4f1835,False
V_1158840060,U_0881,2026-03-20,5434.3473460691675,False,,False
V_433071864,U_0887,2026-03-20,6581.458454279611,False,,False
V_7bb8df0e,U_0908,2026-03-20,4779.134475736538,True,G_a9782e,True
V_616ebc04,U_0135,2026-03-20,3514.653311993269,True,G_a9782e,False
V_ed7fac66,U_0812,2026-03-20,5268.309525856887,True,G_a9782e,False
V_cfccd1b1,U_0723,2026-03-20,5269.724638520444,True,G_a9782e,False
V_07f9d1c1,U_0613,2026-03-20,5214.1183142948075,True,G_a9782e,False
V_351797389,U_0912,2026-03-20,4623.020964037172,False,,False
V_5e706de7,U_0915,2026-03-20,7074.49101991851,True,G_508d16,True
V_abf9dab9,U_0369,2026-03-20,6419.279791498695,True,G_508d16,False
V_3a408adc,U_0925,2026-03-20,2656.9167957958307,True,G_38b88d,True
V_9963d050,U_0035,2026-03-20,2382.195771473373,True,G_38b88d,False
V_79c2c85c,U_0386,2026-03-20,2988.4765477293863,True,G_38b88d,False
V_0f2b8e2b,U_0424,2026-03-20,3018.7562120506796,True,G_38b88d,False
V_5589fdce,U_0053,2026-03-20,3400.3909249035787,True,G_38b88d,False
V_4966c1cd,U_0786,2026-03-20,3038.6954565513756,True,G_38b88d,False
V_7363929c,U_0989,2026-03-20,2298.9165331975864,True,G_a3b178,True
V_fa3255c9,U_0547,2026-03-20,3937.368693161801,True,G_a3b178,False
V_9c5a9795,U_0686,2026-03-20,3535.1161216640103,True,G_a3b178,False
V_1370768788,U_0001,2026-03-21,5611.264351546378,False,,False
V_37b55fae,U_0027,2026-03-21,4258.582937243378,True,G_adc73f,True
V_95e86abd,U_0380,2026-03-21,3416.5279720653343,True,G_adc73f,False
V_163e5e54,U_0275,2026-03-21,2767.939255932045,True,G_adc73f,False
V_d80655cc,U_0589,2026-03-21,3313.4271487450437,True,G_adc73f,False
V_2376769648,U_0088,2026-03-21,12276.727576852456,False,,False
V_a6168d08,U_0139,2026-03-21,3568.3793228520954,True,G_d3c191,True
V_b5d38285,U_0882,2026-03-21,3134.387471548702,True,G_d3c191,False
V_7f5fdff7,U_0084,2026-03-21,2569.1812630518643,True,G_d3c191,False
V_78d4b5ed,U_0021,2026-03-21,3324.2046192662783,True,G_d3c191,False
V_86ede15a,U_0524,2026-03-21,3093.7816988158884,True,G_d3c191,False
V_523f97c9,U_0599,2026-03-21,4196.352555109639,True,G_d3c191,False
V_8e869924,U_0163,2026-03-21,12254.435196970242,True,G_7edd57,True
V_0d6822da,U_0415,2026-03-21,8425.342280541228,True,G_7edd57,False
V_13316943,U_0885,2026-03-21,8263.722315713045,True,G_7edd57,False
V_d96198d6,U_0770,2026-03-21,9544.842943811462,True,G_7edd57,False
V_fb21b6b4,U_0436,2026-03-21,10812.579048845017,True,G_7edd57,False
V_874bbe33,U_0168,2026-03-21,8683.85571437399,True,G_3aca7f,True
V_2b264a12,U_0866,2026-03-21,11077.46650501477,True,G_3aca7f,False
V_b198e76d,U_0345,2026-03-21,9800.424755496271,True,G_3aca7f,False
V_30b1ffc5,U_0429,2026-03-21,9071.493462009203,True,G_3aca7f,False
V_3690706331,U_0174,2026-03-21,5132.98430159131,False,,False
V_2243914512,U_0175,2026-03-21,7580.373146312367,False,,False
V_3de832b6,U_0191,2026-03-21,3402.7038202656354,True,G_6fddba,True
V_7b4e2b76,U_0014,2026-03-21,2079.442681008336,True,G_6fddba,False
V_b91560f4,U_0588,2026-03-21,2869.84665211837,True,G_6fddba,False
V_e8dfc59a,U_0231,2026-03-21,5230.193435838624,True,G_06bb3d,True
V_11573555,U_0111,2026-03-21,6438.742848684477,True,G_06bb3d,False
V_2246249825,U_0284,2026-03-21,3189.3164227568745,False,,False
V_4083441048,U_0303,2026-03-21,11079.461113577361,False,,False
V_786691721,U_0400,2026-03-21,9088.518985801858,False,,False
V_3805647496,U_0412,2026-03-21,2711.072108570944,False,,False
V_2361130965,U_0445,2026-03-21,11488.493004687987,False,,False
V_8883a9dc,U_0461,2026-03-21,8176.165743148228,True,G_5516ae,True
V_a3ed7676,U_0831,2026-03-21,6182.237628969118,True,G_5516ae,False
V_e78e3726,U_0863,2026-03-21,7187.37479151081,True,G_5516ae,False
V_25a9326b,U_0097,2026-03-21,10111.697121539457,True,G_5516ae,False
V_2db313e8,U_0015,2026-03-21,8700.399676526038,True,G_5516ae,False
V_bee59caf,U_0888,2026-03-21,10194.319886956477,True,G_5516ae,False
V_2719648153,U_0466,2026-03-21,2772.689373195038,False,,False
V_1646350860,U_0473,2026-03-21,4349.008460249058,False,,False
V_1398201256,U_0491,2026-03-21,5439.10492148457,False,,False
V_465486739,U_0508,2026-03-21,5572.68137948695,False,,False
V_1342240560,U_0517,2026-03-21,3141.77295240379,False,,False
V_3870637164,U_0541,2026-03-21,5060.707841458726,False,,False
V_3049040729,U_0548,2026-03-21,9626.6334032066,False,,False
V_e22fb87d,U_0560,2026-03-21,10115.692314843378,True,G_b11662,True
V_fba1440d,U_0513,2026-03-21,10555.251824231615,True,G_b11662,False
V_cb3eeb8e,U_0826,2026-03-21,7870.802528758927,True,G_b11662,False
V_ff1fceab,U_0050,2026-03-21,11748.518256167885,True,G_b11662,False
V_bdbfe032,U_0589,2026-03-21,3461.758959848224,True,G_b5f5d2,True
V_77754d07,U_0496,2026-03-21,3213.7530519155307,True,G_b5f5d2,False
V_839670e7,U_0717,2026-03-21,3804.062151686701,True,G_b5f5d2,False
V_a326c62e,U_0781,2026-03-21,3279.652295204269,True,G_b5f5d2,False
V_99126b3c,U_0370,2026-03-21,2193.121317657301,True,G_b5f5d2,False
V_eaa61dc1,U_0351,2026-03-21,4452.525729393448,True,G_b5f5d2,False
V_2271530220,U_0628,2026-03-21,13458.211965094191,False,,False
V_ae6ce004,U_0652,2026-03-21,4997.631359990269,True,G_610ff9,True
V_202ae5f9,U_0341,2026-03-21,5989.891563972465,True,G_610ff9,False
V_2928074448,U_0683,2026-03-21,5892.375372551229,False,,False
V_2298416817,U_0756,2026-03-21,2272.5517704168683,False,,False
V_2783421867,U_0828,2026-03-21,4801.2729515226165,False,,False
V_2169161294,U_0860,2026-03-21,4169.999951807115,False,,False
V_1893556113,U_0866,2026-03-21,10250.801278341729,False,,False
V_3531765085,U_0888,2026-03-21,7389.243773907833,False,,False
V_c4e66f90,U_0995,2026-03-21,5747.878461702005,True,G_bb015d,True
V_f91887ce,U_0862,2026-03-21,7032.287599251986,True,G_bb015d,False
V_839bf463,U_0029,2026-03-22,3083.7187718575965,True,G_05b2f5,True
V_073a801b,U_0939,2026-03-22,4022.236887146301,True,G_05b2f5,False
V_c16c66c0,U_0446,2026-03-22,3657.4985161960344,True,G_05b2f5,False
V_4b6a6115,U_0609,2026-03-22,3889.1512584315556,True,G_05b2f5,False
V_3f05ec6e,U_0710,2026-03-22,3124.288398177566,True,G_05b2f5,False
V_3774676361,U_0111,2026-03-22,6483.862979255428,False,,False
V_1457793027,U_0128,2026-03-22,5348.486576529633,False,,False
V_1159559155,U_0131,2026-03-22,7426.841508774715,False,,False
V_1826638153,U_0158,2026-03-22,2851.09519675926,False,,False
V_3337324612,U_0178,2026-03-22,8892.61353676369,False,,False
V_a91fcc53,U_0206,2026-03-22,5272.796409583521,True,G_331b92,True
V_ea511247,U_0974,2026-03-22,12908.580064062011,True,G_331b92,False
V_0b08d20a,U_0681,2026-03-22,9693.768546694417,True,G_331b92,False
V_8034fd28,U_0897,2026-03-22,7789.498443056187,True,G_331b92,False
V_4120054051,U_0234,2026-03-22,3957.9767387262095,False,,False
V_1919363959,U_0278,2026-03-22,3744.7584352394038,False,,False
V_729332337,U_0292,2026-03-22,2261.6800482941667,False,,False
V_2007151356,U_0332,2026-03-22,5984.085976851511,False,,False
V_1236551693,U_0365,2026-03-22,3594.5234503107845,False,,False
V_1843802044,U_0391,2026-03-22,7717.953992535937,False,,False
V_535205451,U_0565,2026-03-22,10646.04931278288,False,,False
V_1741075524,U_0613,2026-03-22,6729.510267269686,False,,False
V_203629849,U_0625,2026-03-22,4511.737506221801,False,,False
V_3181081020,U_0627,2026-03-22,4994.810422571896,False,,False
V_2725324764,U_0701,2026-03-22,5984.009030737183,False,,False
V_55c09989,U_0722,2026-03-22,7582.792450460797,True,G_1cc56c,True
V_c4a89be8,U_0705,2026-03-22,5175.996385607334,True,G_1cc56c,False
V_6e4d25b1,U_0486,2026-03-22,7502.003862183222,True,G_1cc56c,False
V_7e9ec1a0,U_0291,2026-03-22,5263.693405822498,True,G_1cc56c,False
V_4e74b244,U_0766,2026-03-22,5277.984269829177,True,G_928ab7,True
V_07b784ac,U_0110,2026-03-22,6688.908360341847,True,G_928ab7,False
V_b6d2fd1b,U_0815,2026-03-22,5353.055530260084,True,G_928ab7,False
V_609b310d,U_0440,2026-03-22,6010.742575468109,True,G_928ab7,False
V_84504732,U_0349,2026-03-22,3387.1532704075275,True,G_928ab7,False
V_5032e638,U_0487,2026-03-22,4643.026335154555,True,G_928ab7,False
V_4c300f4e,U_0845,2026-03-22,4797.198629158517,True,G_9c01a2,True
V_a846b275,U_0269,2026-03-22,5292.194498463645,True,G_9c01a2,False
V_efeccba2,U_0541,2026-03-22,5596.570920366261,True,G_9c01a2,False
V_6e48bb49,U_0077,2026-03-22,7426.821932271023,True,G_9c01a2,False
V_2b676c20,U_0772,2026-03-22,6765.468742813643,True,G_9c01a2,False
V_63a29fcc,U_0856,2026-03-22,2667.5396521152447,True,G_c331d9,True
V_68b9eec6,U_0275,2026-03-22,2979.648116930835,True,G_c331d9,False
V_83a320fd,U_0287,2026-03-22,2205.914791516394,True,G_c331d9,False
V_8dde62ab,U_0455,2026-03-22,3798.0229515639257,True,G_c331d9,False
V_158bb005,U_0531,2026-03-22,1719.4172080035576,True,G_c331d9,False
V_4e88bf16,U_0776,2026-03-22,2671.0591188914163,True,G_c331d9,False
V_353263902,U_0897,2026-03-22,7447.836031473604,False,,False
V_2338791832,U_0899,2026-03-22,5473.3225419227865,False,,False
V_82501e70,U_0955,2026-03-22,8807.67842859348,True,G_4df29c,True
V_66bb2176,U_0461,2026-03-22,9559.283126207112,True,G_4df29c,False
V_a86dd296,U_0718,2026-03-22,9534.629628405026,True,G_4df29c,False
V_a741581f,U_0770,2026-03-22,9893.766203402613,True,G_4df29c,False
V_260834e5,U_0885,2026-03-22,8706.605538395435,True,G_4df29c,False
V_735472064,U_0966,2026-03-22,3340.024411160298,False,,False
V_2411646953,U_0982,2026-03-22,8196.243091956027,False,,False
V_3120415845,U_0068,2026-03-23,4020.701874844533,False,,False
V_1936424,U_0121,2026-03-23,5329.383003243383,False,,False
V_3633390909,U_0160,2026-03-23,10957.84223592945,False,,False
V_346629759,U_0174,2026-03-23,5972.50901426828,False,,False
V_bc074e77,U_0181,2026-03-23,9378.203486829645,True,G_598484,True
V_9e3dec95,U_0415,2026-03-23,8126.152355066437,True,G_598484,False
V_5e9a89a4,U_0902,2026-03-23,9666.496678546799,True,G_598484,False
V_3888217591,U_0193,2026-03-23,3073.575687883699,False,,False
V_3988340735,U_0206,2026-03-23,5266.987042934682,False,,False
V_40024374,U_0221,2026-03-23,6885.438035134082,False,,False
V_2625064730,U_0230,2026-03-23,5991.836801570763,False,,False
V_2392291886,U_0278,2026-03-23,4504.0932838290855,False,,False
V_1808847077,U_0345,2026-03-23,8533.689533743627,False,,False
V_948340366,U_0375,2026-03-23,4221.808548389151,False,,False
V_1446913961,U_0392,2026-03-23,5698.577059549243,False,,False
V_3974824590,U_0421,2026-03-23,6935.580250213611,False,,False
V_2495061758,U_0457,2026-03-23,9254.724775426472,False,,False
V_3941876581,U_0503,2026-03-23,10086.64342298845,False,,False
V_4203747994,U_0574,2026-03-23,5737.619481841464,False,,False
V_3805826689,U_0595,2026-03-23,6514.731554651544,False,,False
V_b093496e,U_0600,2026-03-23,3778.4003222353917,True,G_f42e59,True
V_4761c72f,U_0240,2026-03-23,7398.158122115048,True,G_f42e59,False
V_519323c3,U_0198,2026-03-23,5108.402735269377,True,G_f42e59,False
V_9e66e2cd,U_0933,2026-03-23,5543.099386953491,True,G_f42e59,False
V_b58ef7f2,U_0665,2026-03-23,5092.366906161786,True,G_f42e59,False
V_647812193,U_0624,2026-03-23,5682.052909380643,False,,False
V_472437351,U_0645,2026-03-23,3455.1149508591175,False,,False
V_c49d2615,U_0665,2026-03-23,6839.275904023456,True,G_354006,True
V_4dfb5383,U_0321,2026-03-23,6240.23593491395,True,G_354006,False
V_350ed175,U_0668,2026-03-23,6209.691411628956,True,G_354006,False
V_10535ccf,U_0288,2026-03-23,5508.543415833596,True,G_354006,False
V_3209d4c8,U_0725,2026-03-23,6053.143129858123,True,G_354006,False
V_d2d4292b,U_0654,2026-03-23,3066.656314258284,True,G_354006,False
V_3049712295,U_0691,2026-03-23,6822.318263020971,False,,False
V_9de40ba6,U_0695,2026-03-23,7693.406781073828,True,G_a5105b,True
V_fe14e587,U_0816,2026-03-23,7902.5489433407,True,G_a5105b,False
V_3619153154,U_0722,2026-03-23,7738.835128740004,False,,False
V_b1e366c9,U_0770,2026-03-23,7867.488514413436,True,G_e31eda,True
V_64ed5691,U_0565,2026-03-23,10212.745282842574,True,G_e31eda,False
V_c362a709,U_0089,2026-03-23,5891.617486696652,True,G_e31eda,False
V_883683d9,U_0088,2026-03-23,12301.970791773385,True,G_e31eda,False
V_4d4782dc,U_0328,2026-03-23,7341.141930663966,True,G_e31eda,False
V_1071265363,U_0773,2026-03-23,5512.643835383365,False,,False
V_495241876,U_0781,2026-03-23,2883.267665284793,False,,False
V_2308637836,U_0827,2026-03-23,6590.889467545929,False,,False
V_787fd884,U_0859,2026-03-23,3813.459503412407,True,G_adba53,True
V_e4f86011,U_0553,2026-03-23,3724.953217754713,True,G_adba53,False
V_fc3280f5,U_0804,2026-03-23,5761.874407285699,True,G_adba53,False
V_487838314,U_0902,2026-03-23,12067.65389855883,False,,False
V_fa939a57,U_0907,2026-03-23,5083.0925958994,True,G_f1f8bd,True
V_adf72b68,U_0231,2026-03-23,5537.186016165098,True,G_f1f8bd,False
V_95ba9cfc,U_0062,2026-03-23,4486.147091514805,True,G_f1f8bd,False
V_3de3504e,U_0807,2026-03-23,6916.477796640176,True,G_f1f8bd,False
V_3943374506,U_0927,2026-03-23,3512.972809606582,False,,False
V_223464339,U_0966,2026-03-23,4234.657507341364,False,,False
V_3017760360,U_0008,2026-03-24,3278.7712029785857,False,,False
V_848503e9,U_0030,2026-03-24,5050.707881264091,True,G_3a4805,True
V_e69e0709,U_0828,2026-03-24,3850.2705247898225,True,G_3a4805,False
V_159e9044,U_0012,2026-03-24,4874.219182935676,True,G_3a4805,False
V_9f4038a2,U_0469,2026-03-24,4502.930078723057,True,G_3a4805,False
V_b7a7ee36,U_0050,2026-03-24,10667.082583544516,True,G_8f1113,True
V_cfd631e2,U_0055,2026-03-24,10228.984829975905,True,G_8f1113,False
V_c5d75ae9,U_0163,2026-03-24,9850.821417346711,True,G_8f1113,False
V_7ba915aa,U_0974,2026-03-24,12736.762697261549,True,G_8f1113,False
V_c10efd88,U_0484,2026-03-24,10237.054149127951,True,G_8f1113,False
V_14a105d5,U_0567,2026-03-24,8427.496912865223,True,G_8f1113,False
V_19238ba4,U_0062,2026-03-24,5365.505929207564,True,G_c89c81,True
V_fb1d07cb,U_0880,2026-03-24,5367.487164628333,True,G_c89c81,False
V_9e7f8f69,U_0408,2026-03-24,8004.469548757548,True,G_c89c81,False
V_4e337fd2,U_0231,2026-03-24,4238.678308908527,True,G_c89c81,False
V_fbcc099c,U_0552,2026-03-24,4348.866490680962,True,G_c89c81,False
V_b6c41eff,U_0114,2026-03-24,4815.260589332767,True,G_d072e2,True
V_06663fc4,U_0349,2026-03-24,3857.0656502281045,True,G_d072e2,False
V_63d130fd,U_0637,2026-03-24,8066.29994687325,True,G_d072e2,False
V_2a97bb26,U_0480,2026-03-24,5435.780704889463,True,G_d072e2,False
V_a92125d7,U_0721,2026-03-24,7878.801578849484,True,G_d072e2,False
V_a9e6524f,U_0672,2026-03-24,3609.9153796087207,True,G_d072e2,False
V_a6c0a2cc,U_0137,2026-03-24,5905.664386172373,True,G_492ba3,True
V_8a303d05,U_0708,2026-03-24,4881.523165651722,True,G_492ba3,False
V_af019816,U_0185,2026-03-24,4104.7780968591205,True,G_85aad7,True
V_d8f5aa04,U_0622,2026-03-24,6172.625483573232,True,G_85aad7,False
V_ca0f21b0,U_0252,2026-03-24,4864.127400543234,True,G_8ce8b7,True
V_a5215ef6,U_0023,2026-03-24,3480.8745943968993,True,G_8ce8b7,False
V_a81e6bf9,U_0912,2026-03-24,4194.422612581308,True,G_8ce8b7,False
V_9f796de2,U_0299,2026-03-24,6995.462785402552,True,G_fcabd6,True
V_26d919e2,U_0486,2026-03-24,7834.1989657785225,True,G_fcabd6,False
V_89f4d741,U_0390,2026-03-24,2120.863913324901,True,G_0cad67,True
V_efd331a2,U_0979,2026-03-24,4337.854894145208,True,G_0cad67,False
V_bdb62cfe,U_0443,2026-03-24,3465.525483274526,True,G_0cad67,False
V_608fda7c,U_0447,2026-03-24,2541.0093494091416,True,G_817db5,True
V_1551bd36,U_0751,2026-03-24,2081.7025791882484,True,G_817db5,False
V_d6ba6694,U_0187,2026-03-24,2871.6369735145945,True,G_817db5,False
V_994b1e01,U_0270,2026-03-24,3147.6793645893754,True,G_817db5,False
V_8e9d0112,U_0432,2026-03-24,3810.5157892246566,True,G_817db5,False
V_2752571944,U_0515,2026-03-24,3199.3988933072214,False,,False
V_9b83f81b,U_0565,2026-03-24,8378.018430509272,True,G_831ed1,True
V_b21668ba,U_0866,2026-03-24,13342.405383728767,True,G_831ed1,False
V_708dc688,U_0019,2026-03-24,6247.419597415458,True,G_831ed1,False
V_c0bde9dd,U_0567,2026-03-24,9438.127500593535,True,G_bc96db,True
V_1267b69a,U_0897,2026-03-24,9510.143623776166,True,G_bc96db,False
V_ebbaf1b5,U_0445,2026-03-24,12797.724554459162,True,G_bc96db,False
V_9bd13ed1,U_0345,2026-03-24,10574.865414770478,True,G_bc96db,False
V_fdb585ba,U_0582,2026-03-24,6105.739663401727,True,G_bc96db,False
V_2818243093,U_0575,2026-03-24,5971.139335899103,False,,False
V_630893483,U_0682,2026-03-24,7345.695932617885,False,,False
V_2343360050,U_0696,2026-03-24,5498.2083267511825,False,,False
V_2574071394,U_0760,2026-03-24,4077.2165828053207,False,,False
V_2895710233,U_0764,2026-03-24,2595.671225277476,False,,False
V_188851462,U_0771,2026-03-24,6561.754691000626,False,,False
V_3514136007,U_0802,2026-03-24,8877.839212881874,False,,False
V_1073462609,U_0816,2026-03-24,8148.4403234851015,False,,False
V_4007770109,U_0845,2026-03-24,4348.64510399811,False,,False
V_1361744202,U_0885,2026-03-24,10161.648640209958,False,,False
V_64984e3d,U_0887,2026-03-24,5140.219154026441,True,G_23eac1,True
V_df3e07ec,U_0308,2026-03-24,6527.3128642555885,True,G_23eac1,False
V_13549f64,U_0884,2026-03-24,3918.816619317302,True,G_23eac1,False
V_fa52036b,U_0972,2026-03-24,5370.900858717901,True,G_23eac1,False
V_f5b5e267,U_0195,2026-03-24,6704.383162860613,True,G_23eac1,False
V_0cab205a,U_0898,2026-03-24,3928.4501225911195,True,G_79b6b0,True
V_619d2784,U_0282,2026-03-24,4034.166986423246,True,G_79b6b0,False
V_b5a4c614,U_0419,2026-03-24,2679.6627204135225,True,G_79b6b0,False
V_441706524,U_0910,2026-03-24,6077.86431914788,False,,False
V_2244794918,U_0955,2026-03-24,7839.313128755386,False,,False
V_1242422053,U_0966,2026-03-24,3319.524875849985,False,,False
V_1427938772,U_0969,2026-03-24,11190.602573053562,False,,False
V_db2ed408,U_0980,2026-03-24,3811.143184632276,True,G_80dbe7,True
V_86187d0f,U_0182,2026-03-24,2480.220086047268,True,G_80dbe7,False
V_488903147,U_0985,2026-03-24,2981.9403810497784,False,,False
V_2211952414,U_0005,2026-03-25,5604.805280103205,False,,False
V_3b646a21,U_0050,2026-03-25,12594.3853753021,True,G_41d338,True
V_7748a1f1,U_0693,2026-03-25,5358.604174126549,True,G_41d338,False
V_30737318,U_0704,2026-03-25,8228.259868005385,True,G_41d338,False
V_f2ecfae0,U_0373,2026-03-25,12644.409991313647,True,G_41d338,False
V_441f8507,U_0913,2026-03-25,7471.563229140183,True,G_41d338,False
V_1840235787,U_0066,2026-03-25,5150.229688376576,False,,False
V_3563969767,U_0181,2026-03-25,11816.265260156164,False,,False
V_1317861943,U_0190,2026-03-25,7088.47999439276,False,,False
V_391345357,U_0218,2026-03-25,4322.695108813059,False,,False
V_3478631142,U_0273,2026-03-25,4006.998668889876,False,,False
V_1209402522,U_0277,2026-03-25,6447.380925010489,False,,False
V_1138901696,U_0314,2026-03-25,4986.149705428516,False,,False
V_3e4f98fb,U_0368,2026-03-25,2645.8203251446853,True,G_c5e339,True
V_f11072fa,U_0374,2026-03-25,2938.8070979921517,True,G_c5e339,False
V_c64df9c7,U_0464,2026-03-25,7637.357629911918,True,G_5a3e19,True
V_42cd7fe8,U_0421,2026-03-25,6151.340743940544,True,G_5a3e19,False
V_28bd14d3,U_0131,2026-03-25,7245.446262018148,True,G_5a3e19,False
V_0d322d4a,U_0608,2026-03-25,6836.294350823479,True,G_5a3e19,False
V_c7405607,U_0005,2026-03-25,4387.518337130141,True,G_5a3e19,False
V_3544501176,U_0472,2026-03-25,4273.1609317614175,False,,False
V_1523981773,U_0506,2026-03-25,6364.473848204322,False,,False
V_7ea36b87,U_0525,2026-03-25,2040.5108055416667,True,G_756460,True
V_c92e9fba,U_0022,2026-03-25,2139.1658100523264,True,G_756460,False
V_1793852605,U_0537,2026-03-25,5237.824698316295,False,,False
V_e09b7e87,U_0548,2026-03-25,7247.732841410344,True,G_6f824a,True
V_56a0668f,U_0902,2026-03-25,8239.599091401642,True,G_6f824a,False
V_11ecebd7,U_0896,2026-03-25,9231.86688331322,True,G_6f824a,False
V_8e89dba1,U_0937,2026-03-25,8557.345393693407,True,G_6f824a,False
V_09bec417,U_0565,2026-03-25,9833.977293157144,True,G_6f824a,False
V_329636362,U_0563,2026-03-25,2415.7023842695103,False,,False
V_4049350730,U_0573,2026-03-25,5007.940186386895,False,,False
V_7c0ba355,U_0582,2026-03-25,6557.010336542753,True,G_5b50a1,True
V_24387139,U_0767,2026-03-25,9229.741056505589,True,G_5b50a1,False
V_d038c5c3,U_0802,2026-03-25,11356.740221778178,True,G_5b50a1,False
V_48f186eb,U_0518,2026-03-25,8101.472547077817,True,G_5b50a1,False
V_3663241897,U_0647,2026-03-25,5436.953997071201,False,,False
V_2158698359,U_0659,2026-03-25,3536.173649776608,False,,False
V_3150593625,U_0666,2026-03-25,3141.616156279148,False,,False
V_52025bfa,U_0722,2026-03-25,5743.136599307398,True,G_b936a2,True
V_b71d33c5,U_0574,2026-03-25,5055.597241130112,True,G_b936a2,False
V_830ca206,U_0737,2026-03-25,6914.461223210295,True,G_61496d,True
V_427724cd,U_0752,2026-03-25,7474.245417555338,True,G_61496d,False
V_877f90b6,U_0019,2026-03-25,7314.622389793043,True,G_61496d,False
V_4174154b,U_0866,2026-03-25,11604.475849179202,True,G_61496d,False
V_2184601179,U_0767,2026-03-25,10234.943635856715,False,,False
V_3951101654,U_0798,2026-03-25,3969.2327217703046,False,,False
V_9bfd818a,U_0858,2026-03-25,5005.613391918009,True,G_f2836f,True
V_7b97b652,U_0594,2026-03-25,4681.507580999639,True,G_f2836f,False
V_5710aee9,U_0229,2026-03-25,5350.813460550225,True,G_f2836f,False
V_164e0f0a,U_0094,2026-03-25,4765.995418385521,True,G_f2836f,False
V_05535606,U_0859,2026-03-25,3318.981915276788,True,G_22d434,True
V_d95e087d,U_0994,2026-03-25,5511.917172889089,True,G_22d434,False
V_3bee6c26,U_0330,2026-03-25,3949.998857293066,True,G_22d434,False
V_abd3f473,U_0908,2026-03-25,3773.4247922724226,True,G_22d434,False
V_ac141f42,U_0214,2026-03-25,3335.211128060058,True,G_22d434,False
V_6be09af9,U_0062,2026-03-25,4155.6232853331385,True,G_22d434,False
V_f7f025e3,U_0896,2026-03-25,10336.317807078358,True,G_c22f65,True
V_120caa1b,U_0238,2026-03-25,7997.7483875548205,True,G_c22f65,False
V_734e17fc,U_0752,2026-03-25,6359.223819206303,True,G_c22f65,False
V_1305d92a,U_0160,2026-03-25,11490.621303622254,True,G_c22f65,False
V_1765283003,U_0904,2026-03-25,5974.552910902821,False,,False
V_0f805f40,U_0982,2026-03-25,9475.608423619438,True,G_243315,True
V_b9a3235b,U_0434,2026-03-25,5130.5261413558055,True,G_243315,False
V_de059df2,U_0445,2026-03-25,13483.308786851949,True,G_243315,False
V_3692780022,U_0993,2026-03-25,8325.803835526514,False,,False
V_719700038,U_0994,2026-03-25,5319.427361035804,False,,False
V_3104914993,U_0016,2026-03-26,4382.060975134001,False,,False
V_c68782fb,U_0050,2026-03-26,9592.30357183125,True,G_88bd78,True
V_83830192,U_0328,2026-03-26,6931.813875868014,True,G_88bd78,False
V_1adadc11,U_0400,2026-03-26,9091.629844251518,True,G_88bd78,False
V_01b4c468,U_0445,2026-03-26,12435.849045651077,True,G_88bd78,False
V_696ce3a4,U_0089,2026-03-26,5397.366767096898,True,G_88bd78,False
V_b935fd09,U_0816,2026-03-26,7441.185492062592,True,G_88bd78,False
V_0347d58b,U_0055,2026-03-26,7887.462711173395,True,G_6a1601,True
V_71d30f4f,U_0400,2026-03-26,9749.911201054001,True,G_6a1601,False
V_674907406,U_0064,2026-03-26,2506.796652005653,False,,False
V_1083627505,U_0065,2026-03-26,5318.8469944322305,False,,False
V_3753411371,U_0078,2026-03-26,2909.7939765973074,False,,False
V_8b088ecb,U_0094,2026-03-26,4907.632149779186,True,G_fc415d,True
V_cd983d02,U_0349,2026-03-26,3197.227340466883,True,G_fc415d,False
V_e739dc9c,U_0085,2026-03-26,3204.6205142444696,True,G_fc415d,False
V_f5458dee,U_0862,2026-03-26,5232.793505343382,True,G_fc415d,False
V_435114ba,U_0696,2026-03-26,7150.4781619398,True,G_fc415d,False
V_d62536ac,U_0881,2026-03-26,3870.510089682391,True,G_fc415d,False
V_1504987705,U_0226,2026-03-26,3581.2570876296218,False,,False
V_a84e28f1,U_0443,2026-03-26,3654.268496712612,True,G_916088,True
V_96ebd731,U_0926,2026-03-26,2046.8534098960608,True,G_916088,False
V_0f353146,U_0091,2026-03-26,2019.9990153616209,True,G_916088,False
V_d8b34c3a,U_0428,2026-03-26,2513.139524226952,True,G_916088,False
V_bbd7006f,U_0116,2026-03-26,2244.335224613151,True,G_916088,False
V_56038f0c,U_0064,2026-03-26,2932.215026494629,True,G_916088,False
V_3873419236,U_0455,2026-03-26,3742.6613090144424,False,,False
V_2436799059,U_0510,2026-03-26,4254.858021194425,False,,False
V_3375338634,U_0548,2026-03-26,7364.338427347129,False,,False
V_604e7ae4,U_0595,2026-03-26,6381.556169341208,True,G_ee9364,True
V_dda4c29c,U_0273,2026-03-26,3270.2221821959747,True,G_ee9364,False
V_d8c1a899,U_0846,2026-03-26,4923.4150594168805,True,G_ee9364,False
V_29f10fd4,U_0170,2026-03-26,3308.5082209793636,True,G_ee9364,False
V_1b30071f,U_0963,2026-03-26,4589.850556091498,True,G_ee9364,False
V_b0bdce12,U_0811,2026-03-26,7298.609989846819,True,G_ee9364,False
V_3693453759,U_0635,2026-03-26,2358.496279705358,False,,False
V_04fb174f,U_0657,2026-03-26,12773.407601944598,True,G_ff84a2,True
V_5766f2fc,U_0160,2026-03-26,10230.693725756813,True,G_ff84a2,False
V_5d60a253,U_0457,2026-03-26,7206.29877508799,True,G_ff84a2,False
V_8d1c2706,U_0237,2026-03-26,12148.730670253666,True,G_ff84a2,False
V_e1d02dab,U_0688,2026-03-26,6623.665916519103,True,G_25eb66,True
V_b5f44533,U_0331,2026-03-26,4435.222346147344,True,G_25eb66,False
V_8c8c3954,U_0766,2026-03-26,5219.749969222692,True,G_25eb66,False
V_68fd1655,U_0509,2026-03-26,3998.9035041936504,True,G_25eb66,False
V_b5dfa66e,U_0665,2026-03-26,5643.281622513722,True,G_25eb66,False
V_d7fcb218,U_0999,2026-03-26,4997.132707683172,True,G_25eb66,False
V_1069852142,U_0691,2026-03-26,5741.038719184666,False,,False
V_2045043818,U_0732,2026-03-26,5504.113176823141,False,,False
V_2525678986,U_0733,2026-03-26,3113.6557379540864,False,,False
V_1eec53a3,U_0860,2026-03-26,4405.513837251724,True,G_7d100b,True
V_a62824c0,U_0455,2026-03-26,2997.6463951829523,True,G_7d100b,False
V_d5424100,U_0123,2026-03-26,2621.6193069722794,True,G_7d100b,False
V_53c62ab0,U_0196,2026-03-26,4187.610574618161,True,G_7d100b,False
V_56812ab4,U_0482,2026-03-26,3974.1572098165866,True,G_7d100b,False
V_8acc0308,U_0566,2026-03-26,3149.742152172527,True,G_7d100b,False
V_79031ea0,U_0875,2026-03-26,7036.293049064777,True,G_2027fd,True
V_b8eb58ba,U_0794,2026-03-26,6191.735272747919,True,G_2027fd,False
V_ba6a1351,U_0503,2026-03-26,12488.673449670086,True,G_2027fd,False
V_f1d007ac,U_0225,2026-03-26,11305.6102617656,True,G_2027fd,False
V_5af73735,U_0097,2026-03-26,11573.98604927953,True,G_2027fd,False
V_0fd24f93,U_0881,2026-03-26,4025.0257773268604,True,G_55a94e,True
V_007e1822,U_0798,2026-03-26,4626.921254051163,True,G_55a94e,False
V_16de8370,U_0604,2026-03-26,7877.7764592911335,True,G_55a94e,False
V_ed885626,U_0488,2026-03-26,5764.561916892787,True,G_55a94e,False
V_571546c1,U_0815,2026-03-26,5998.004148399416,True,G_55a94e,False
V_ab80922b,U_0453,2026-03-26,4873.489560500072,True,G_55a94e,False
V_435924592,U_0083,2026-03-27,7467.599417935381,False,,False
V_1e71ea6e,U_0084,2026-03-27,3264.2459747775943,True,G_1d5e5f,True
V_9037829e,U_0172,2026-03-27,2969.296066969572,True,G_1d5e5f,False
V_36ee43e6,U_0409,2026-03-27,2905.735194338718,True,G_1d5e5f,False
V_4bc8abf9,U_0398,2026-03-27,3475.220641049688,True,G_1d5e5f,False
V_78d25e88,U_0091,2026-03-27,2657.2782254238946,True,G_5acb6b,True
V_66b141ef,U_0250,2026-03-27,3566.2747503785067,True,G_5acb6b,False
V_302fb32e,U_0954,2026-03-27,4197.067996930355,True,G_5acb6b,False
V_07b26e6f,U_0958,2026-03-27,4443.302727016261,True,G_5acb6b,False
V_d7b10b0d,U_0597,2026-03-27,2198.324177253563,True,G_5acb6b,False
V_0fdd8e96,U_0236,2026-03-27,3269.046736435058,True,G_5acb6b,False
V_759603260,U_0142,2026-03-27,5960.424338489013,False,,False
V_177849197,U_0149,2026-03-27,3605.649659625067,False,,False
V_562bd660,U_0185,2026-03-27,5038.195208555282,True,G_0dfb38,True
V_78717023,U_0361,2026-03-27,3535.555245466351,True,G_0dfb38,False
V_2ea8e87e,U_0750,2026-03-27,5016.270855852084,True,G_0dfb38,False
V_5a8b104a,U_0103,2026-03-27,4433.841248476178,True,G_0dfb38,False
V_1877aab9,U_0231,2026-03-27,5783.92360674694,True,G_0dfb38,False
V_4bed8723,U_0966,2026-03-27,3112.816905834173,True,G_0dfb38,False
V_711824243,U_0214,2026-03-27,3143.059903851381,False,,False
V_0965dc66,U_0216,2026-03-27,2692.5078704786306,True,G_4cbc41,True
V_625f3ca3,U_0551,2026-03-27,4507.723848946386,True,G_4cbc41,False
V_3139641722,U_0219,2026-03-27,2359.666854056521,False,,False
V_3504348114,U_0308,2026-03-27,5091.308043644046,False,,False
V_300897874,U_0314,2026-03-27,5323.027693476528,False,,False
V_bbd4e713,U_0382,2026-03-27,2800.503152201273,True,G_220eb0,True
V_5ba04838,U_0187,2026-03-27,2373.3248439760423,True,G_220eb0,False
V_fb27201b,U_0743,2026-03-27,2648.21641241652,True,G_220eb0,False
V_f56856eb,U_0850,2026-03-27,3321.86884217689,True,G_220eb0,False
V_68f70149,U_0294,2026-03-27,3863.1227076345194,True,G_220eb0,False
V_3526997390,U_0424,2026-03-27,2870.313700138781,False,,False
V_1438176795,U_0458,2026-03-27,9711.768521550019,False,,False
V_fa4b80c6,U_0494,2026-03-27,3092.6801175225155,True,G_69b013,True
V_16cbc6c8,U_0790,2026-03-27,6203.430239982488,True,G_69b013,False
V_2550548534,U_0498,2026-03-27,3673.165257323271,False,,False
V_347054243,U_0521,2026-03-27,2990.686497099669,False,,False
V_3537714445,U_0528,2026-03-27,2905.6737461274797,False,,False
V_1654802118,U_0529,2026-03-27,5709.937454087214,False,,False
V_3684860300,U_0553,2026-03-27,4122.063018577212,False,,False
V_283407220,U_0623,2026-03-27,11868.391837373492,False,,False
V_8116fdfd,U_0633,2026-03-27,2869.539335026884,True,G_9ed6d3,True
V_74867c0e,U_0709,2026-03-27,3501.6405121810753,True,G_9ed6d3,False
V_e3733a64,U_0648,2026-03-27,4047.2401009439563,True,G_9ed6d3,False
V_9d881f4c,U_0699,2026-03-27,4388.357667133936,True,G_9ed6d3,False
V_1474945552,U_0737,2026-03-27,7770.4312313820365,False,,False
V_4008374746,U_0794,2026-03-27,6893.622624903149,False,,False
V_c1979055,U_0831,2026-03-27,7102.494045593181,True,G_363538,True
V_186ddf19,U_0802,2026-03-27,10539.421899563247,True,G_363538,False
V_1d89ecc8,U_0614,2026-03-27,9096.953111587107,True,G_363538,False
V_cc293e8d,U_0434,2026-03-27,6725.45206098145,True,G_363538,False
V_35f70179,U_0727,2026-03-27,11769.924558810744,True,G_363538,False
V_d4667466,U_0863,2026-03-27,9082.34033368716,True,G_0b5e7f,True
V_518f95c6,U_0181,2026-03-27,9337.058731971687,True,G_0b5e7f,False
V_1574677175,U_0922,2026-03-27,5363.41332515138,False,,False
V_1504697129,U_0937,2026-03-27,10766.573655417613,False,,False
V_b7cc9358,U_0973,2026-03-27,2667.8134053646913,True,G_3f2606,True
V_e93aaaca,U_0775,2026-03-27,3863.7946924944,True,G_3f2606,False
V_96fb889a,U_0424,2026-03-27,3487.613043659775,True,G_3f2606,False
V_10ebe6eb,U_0309,2026-03-27,2265.658415361469,True,G_3f2606,False
V_e50ec93a,U_0878,2026-03-27,2262.4406073093096,True,G_3f2606,False
V_1472891096,U_0978,2026-03-27,2398.2057104420583,False,,False
V_3862487916,U_0070,2026-03-28,6781.204961126091,False,,False
V_3268841297,U_0101,2026-03-28,3197.516672637044,False,,False
V_4272244956,U_0142,2026-03-28,6288.5509429059775,False,,False
V_413083439,U_0151,2026-03-28,4884.9884025101055,False,,False
V_3f3015e8,U_0169,2026-03-28,4310.277604392815,True,G_d73b87,True
V_71957242,U_0668,2026-03-28,5878.536811988201,True,G_d73b87,False
V_ed3a554d,U_0403,2026-03-28,4529.543413238498,True,G_d73b87,False
V_0519a9ab,U_0712,2026-03-28,4130.872499626826,True,G_d73b87,False
V_5fadba5e,U_0790,2026-03-28,7563.921114014364,True,G_d73b87,False
V_68b11e26,U_0600,2026-03-28,3817.7310795009516,True,G_d73b87,False
V_315429593,U_0247,2026-03-28,4737.83382363355,False,,False
V_3076156051,U_0276,2026-03-28,6649.620488992223,False,,False
V_2973549918,U_0305,2026-03-28,4834.938564456207,False,,False
V_80597623,U_0324,2026-03-28,7264.61545575097,False,,False
V_2188455284,U_0325,2026-03-28,7522.705337871773,False,,False
V_bd46b028,U_0373,2026-03-28,13330.041786140257,True,G_1add51,True
V_eb7d45ec,U_0015,2026-03-28,10197.8344091587,True,G_1add51,False
V_1209413623,U_0391,2026-03-28,8215.529858106893,False,,False
V_67255788,U_0445,2026-03-28,11111.836313807935,False,,False
V_2736268067,U_0527,2026-03-28,2646.216759894676,False,,False
V_3434354717,U_0569,2026-03-28,3186.1051629020226,False,,False
V_3754fdd3,U_0581,2026-03-28,7394.889564071309,True,G_c70b35,True
V_8ce72ba8,U_0636,2026-03-28,9080.653345399282,True,G_c70b35,False
V_56ec9e1c,U_0718,2026-03-28,6990.587836568216,True,G_c70b35,False
V_5f2ab4b8,U_0456,2026-03-28,10537.215411870713,True,G_c70b35,False
V_ebcd434d,U_0238,2026-03-28,9624.365106226645,True,G_c70b35,False
V_b7a780a2,U_0591,2026-03-28,7961.274065960627,True,G_580bcc,True
V_50ea048b,U_0581,2026-03-28,7404.417087282355,True,G_580bcc,False
V_6c886aa4,U_0163,2026-03-28,9766.428386555255,True,G_580bcc,False
V_452983881,U_0593,2026-03-28,2585.1106178400464,False,,False
V_230898372,U_0594,2026-03-28,5039.13591019436,False,,False
V_cc76efdc,U_0722,2026-03-28,5817.401552566171,True,G_a838fd,True
V_0a1717af,U_0190,2026-03-28,5668.080638039115,True,G_a838fd,False
V_8ef738a2,U_0214,2026-03-28,3597.120429490357,True,G_a838fd,False
V_823da9d9,U_0534,2026-03-28,4199.437730240652,True,G_a838fd,False
V_ad6d79fa,U_0728,2026-03-28,2051.340959747487,True,G_18e14a,True
V_58acb8c1,U_0530,2026-03-28,1730.6793031572993,True,G_18e14a,False
V_8f9007ea,U_0853,2026-03-28,3238.6546698394814,True,G_18e14a,False
V_3973175822,U_0810,2026-03-28,3778.7328860707967,False,,False
V_915b6b9f,U_0831,2026-03-28,6657.692768632817,True,G_d60c15,True
V_f7943b57,U_0328,2026-03-28,7012.194725857007,True,G_d60c15,False
V_4a8df031,U_0400,2026-03-28,10197.225687588447,True,G_d60c15,False
V_1503601567,U_0891,2026-03-28,3825.7755840143423,False,,False
V_1314045550,U_0897,2026-03-28,9536.449750359337,False,,False
V_1903752506,U_0969,2026-03-28,11533.977707209026,False,,False
V_90980c80,U_0994,2026-03-28,7343.733975051738,True,G_939654,True
V_6040c3c3,U_0023,2026-03-28,3684.3351096487563,True,G_939654,False
V_3505142653,U_0012,2026-03-29,5321.781231391915,False,,False
V_37ca0fbc,U_0033,2026-03-29,3938.9879156888337,True,G_cd0274,True
V_481fbc0a,U_0828,2026-03-29,4939.253375508413,True,G_cd0274,False
V_f37f5b8a,U_0132,2026-03-29,2493.092365828518,True,G_3d9cce,True
V_9bec1a44,U_0076,2026-03-29,2098.453894285149,True,G_3d9cce,False
V_71f3ef25,U_0145,2026-03-29,3057.188542644622,True,G_3d9cce,False
V_3398dee1,U_0008,2026-03-29,2325.6584242832346,True,G_3d9cce,False
V_bb3dbef8,U_0104,2026-03-29,4244.711136963127,True,G_3d9cce,False
V_9d814626,U_0602,2026-03-29,2660.741109125506,True,G_3d9cce,False
V_2880368745,U_0144,2026-03-29,3117.4523137864,False,,False
V_3981346305,U_0151,2026-03-29,4530.899529043246,False,,False
V_3795771432,U_0194,2026-03-29,8283.682938545091,False,,False
V_a321aa5f,U_0252,2026-03-29,6529.668759258076,True,G_74ac18,True
V_b89547b8,U_0757,2026-03-29,4424.385093539492,True,G_74ac18,False
V_8626b4db,U_0041,2026-03-29,4157.829762412308,True,G_74ac18,False
V_932c10ab,U_0260,2026-03-29,5080.400030089393,True,G_74ac18,False
V_dec6321a,U_0811,2026-03-29,6572.632267080746,True,G_74ac18,False
V_2087815865,U_0265,2026-03-29,7012.609673247105,False,,False
V_716716735,U_0269,2026-03-29,7006.246593292559,False,,False
V_bf093d38,U_0276,2026-03-29,6858.264946033628,True,G_1ec4e6,True
V_7d7e0ada,U_0012,2026-03-29,4996.4308173888185,True,G_1ec4e6,False
V_9f12b4f6,U_0611,2026-03-29,4710.626202130627,True,G_1ec4e6,False
V_17c9e1e7,U_0128,2026-03-29,6597.695515618371,True,G_1ec4e6,False
V_45ea18e7,U_0289,2026-03-29,3426.142040899551,True,G_9bc211,True
V_1cf240d2,U_0040,2026-03-29,2876.7394940129384,True,G_9bc211,False
V_68490d81,U_0906,2026-03-29,3055.525415546769,True,G_9bc211,False
V_99eb44c6,U_0592,2026-03-29,2395.930486224816,True,G_9bc211,False
V_cbe763fb,U_0713,2026-03-29,2719.2069379658624,True,G_9bc211,False
V_3fdac539,U_0530,2026-03-29,1840.3604323266482,True,G_9bc211,False
V_93e92a4a,U_0293,2026-03-29,2231.353927382464,True,G_9c795e,True
V_50803e18,U_0104,2026-03-29,3108.345194695827,True,G_9c795e,False
V_4f9a7888,U_0836,2026-03-29,2773.3541139194635,True,G_9c795e,False
V_577374ac,U_0303,2026-03-29,8989.06822346186,True,G_bd0296,True
V_3f8c794b,U_0503,2026-03-29,10754.322748874472,True,G_bd0296,False
V_e471c613,U_0484,2026-03-29,13606.163838844786,True,G_bd0296,False
V_90b25ce4,U_0851,2026-03-29,7033.136231650731,True,G_bd0296,False
V_d0649764,U_0693,2026-03-29,5404.339743878015,True,G_bd0296,False
V_d80287d0,U_0194,2026-03-29,7410.366596094751,True,G_bd0296,False
V_7f8c9b44,U_0491,2026-03-29,4964.622529902791,True,G_a3d028,True
V_72f99339,U_0666,2026-03-29,4274.612360539751,True,G_a3d028,False
V_e2843b6d,U_0062,2026-03-29,4751.8191761089565,True,G_a3d028,False
V_825be099,U_0166,2026-03-29,6946.12690320288,True,G_a3d028,False
V_ec243dec,U_0553,2026-03-29,4185.293273571376,True,G_51cefe,True
V_54e95bf1,U_0285,2026-03-29,5433.327012423703,True,G_51cefe,False
V_f51b6dca,U_0636,2026-03-29,11047.581407460284,True,G_1db51f,True
V_45ba5da7,U_0802,2026-03-29,8484.045004390508,True,G_1db51f,False
V_1691cf1b,U_0657,2026-03-29,9369.601191463962,True,G_dc12bc,True
V_45d3fd0e,U_0484,2026-03-29,11428.269290619453,True,G_dc12bc,False
V_f0f5f38b,U_0712,2026-03-29,3994.851423605834,True,G_720827,True
V_70983e50,U_0009,2026-03-29,7356.712774250833,True,G_720827,False
V_6e2828cb,U_0933,2026-03-29,4732.65548471673,True,G_720827,False
V_9bbe86b8,U_0494,2026-03-29,3441.5943160218817,True,G_720827,False
V_c9b15866,U_0618,2026-03-29,3451.306436706052,True,G_720827,False
V_67f53421,U_0721,2026-03-29,6869.19626251436,True,G_a12b75,True
V_b91927af,U_0488,2026-03-29,5358.578110010646,True,G_a12b75,False
V_17397185,U_0376,2026-03-29,3443.135416289663,True,G_a12b75,False
V_87a3abe4,U_0332,2026-03-29,5702.8444383416145,True,G_a12b75,False
V_83479673,U_0774,2026-03-29,3160.947514251382,True,G_36d9d3,True
V_72637e25,U_0544,2026-03-29,3859.3724581927668,True,G_36d9d3,False
V_01aa8b4a,U_0051,2026-03-29,2514.701139585477,True,G_36d9d3,False
V_10da3737,U_0561,2026-03-29,2360.582152356423,True,G_36d9d3,False
V_31560b3a,U_0831,2026-03-29,6505.57488677221,True,G_a99f88,True
V_a60ab871,U_0221,2026-03-29,6742.654238317432,True,G_a99f88,False
V_55059aa8,U_0328,2026-03-29,6425.40972054451,True,G_a99f88,False
V_03e92165,U_0874,2026-03-29,4573.104915705012,True,G_3d7e6d,True
V_41d63f73,U_0330,2026-03-29,3083.0886980874993,True,G_3d7e6d,False
V_1980318b,U_0154,2026-03-29,6578.025971229845,True,G_3d7e6d,False
V_1450533747,U_0916,2026-03-29,6378.747730183758,False,,False
V_b7a6a36f,U_0953,2026-03-29,3199.0630554809654,True,G_86f372,True
V_bc544767,U_0499,2026-03-29,2343.629897442492,True,G_86f372,False
V_02686613,U_0043,2026-03-29,2916.58899913914,True,G_86f372,False
V_75050af3,U_0156,2026-03-29,2058.7334527659655,True,G_86f372,False
V_497284347,U_0982,2026-03-29,8634.401187516229,False,,False
V_7429260b,U_0015,2026-03-30,7580.222291397274,True,G_bb9442,True
V_674520f4,U_0704,2026-03-30,8193.019468057166,True,G_bb9442,False
V_1264588671,U_0027,2026-03-30,3357.992887493366,False,,False
V_3208562719,U_0151,2026-03-30,6129.750957841684,False,,False
V_2033665432,U_0168,2026-03-30,8143.067645700315,False,,False
V_2300379962,U_0204,2026-03-30,6989.714737166993,False,,False
V_2980458497,U_0235,2026-03-30,5761.029718335976,False,,False
V_1678589350,U_0256,2026-03-30,2387.0677949063133,False,,False
V_248aacbc,U_0259,2026-03-30,2785.6762149278516,True,G_56045f,True
V_57e9372b,U_0730,2026-03-30,1973.8631881731685,True,G_56045f,False
V_500123e4,U_0442,2026-03-30,1941.644401829131,True,G_56045f,False
V_035457ce,U_0853,2026-03-30,3577.472510224624,True,G_56045f,False
V_3205015143,U_0277,2026-03-30,5747.864787322797,False,,False
V_56c40723,U_0290,2026-03-30,3779.9021181053126,True,G_4b3117,True
V_155fd926,U_0064,2026-03-30,2680.756813969045,True,G_4b3117,False
V_33e97f34,U_0312,2026-03-30,6171.135212729178,True,G_72b83e,True
V_b630b867,U_0772,2026-03-30,6503.1427917282435,True,G_72b83e,False
V_23d47bdb,U_0273,2026-03-30,4281.2053923176645,True,G_72b83e,False
V_43b02a84,U_0845,2026-03-30,4813.193430749824,True,G_72b83e,False
V_2bdce39e,U_0487,2026-03-30,5059.600352121437,True,G_72b83e,False
V_3571816830,U_0326,2026-03-30,5599.438303329557,False,,False
V_79e62ff3,U_0341,2026-03-30,6944.321800267494,True,G_102019,True
V_dcd03144,U_0000,2026-03-30,4042.9492276277997,True,G_102019,False
V_3796090307,U_0367,2026-03-30,7897.685031027407,False,,False
V_53eff3c2,U_0373,2026-03-30,10506.417012314469,True,G_5f6ef3,True
V_613fd2fd,U_0681,2026-03-30,12615.94297767119,True,G_5f6ef3,False
V_f9d05e53,U_0582,2026-03-30,5445.588538727693,True,G_5f6ef3,False
V_a8112694,U_0974,2026-03-30,9868.81288819219,True,G_5f6ef3,False
V_29a7dcc9,U_0088,2026-03-30,11612.380151296042,True,G_5f6ef3,False
V_4afc4fec,U_0387,2026-03-30,12555.249974793305,True,G_08e778,True
V_b1c5964a,U_0657,2026-03-30,9492.532148793636,True,G_08e778,False
V_541a2177,U_0623,2026-03-30,12662.254652240163,True,G_08e778,False
V_abfef4de,U_0455,2026-03-30,3046.8890043052625,True,G_3d1163,True
V_9995ba13,U_0634,2026-03-30,4268.481006284215,True,G_3d1163,False
V_0a706c78,U_0412,2026-03-30,3246.3887557197186,True,G_3d1163,False
V_8babfbe6,U_0710,2026-03-30,4200.7493751038155,True,G_3d1163,False
V_544b1005,U_0566,2026-03-30,4191.360554417649,True,G_3d1163,False
V_656d1098,U_0447,2026-03-30,2791.4183487538767,True,G_3d1163,False
V_35c666b6,U_0488,2026-03-30,5380.812721235936,True,G_06a12f,True
V_7bb8d43f,U_0941,2026-03-30,3648.8454039965995,True,G_06a12f,False
V_aa3ab0b0,U_0433,2026-03-30,6466.6995236698895,True,G_06a12f,False
V_0c53927a,U_0059,2026-03-30,6341.363057250504,True,G_06a12f,False
V_6b4b4c1d,U_0922,2026-03-30,5418.082415044282,True,G_06a12f,False
V_2162161802,U_0494,2026-03-30,3198.6931714752022,False,,False
V_1895270574,U_0735,2026-03-30,6504.998319981398,False,,False
V_55de7673,U_0750,2026-03-30,5431.271503517429,True,G_43c5ad,True
V_9de49cd7,U_0665,2026-03-30,6668.727289153545,True,G_43c5ad,False
V_ef2f18a8,U_0595,2026-03-30,6034.773067839232,True,G_43c5ad,False
V_15d1e48c,U_0782,2026-03-30,4464.1143420865665,True,G_99bff9,True
V_faa01413,U_0449,2026-03-30,4852.420107028157,True,G_99bff9,False
V_12f7d412,U_0534,2026-03-30,4490.394436525793,True,G_99bff9,False
V_862763251,U_0785,2026-03-30,5358.193435378426,False,,False
V_347543431,U_0794,2026-03-30,7337.842494659879,False,,False
V_3529367533,U_0815,2026-03-30,5752.4202735862145,False,,False
V_0fe4ae75,U_0852,2026-03-30,11295.245868031636,True,G_440701,True
V_acf1547a,U_0238,2026-03-30,7886.509861157234,True,G_440701,False
V_9376f063,U_0770,2026-03-30,8992.263476186443,True,G_440701,False
V_43316fa7,U_0457,2026-03-30,8663.646333090019,True,G_440701,False
V_67850ca2,U_0794,2026-03-30,6560.033065476971,True,G_440701,False
V_d1746aaf,U_0695,2026-03-30,8563.828510353875,True,G_440701,False
V_3318027432,U_0863,2026-03-30,8319.891892117976,False,,False
V_1218904255,U_0885,2026-03-30,10575.465134070613,False,,False
V_ff4a69f2,U_0888,2026-03-30,7463.4738591343885,True,G_e0b1d9,True
V_65e2b89a,U_0338,2026-03-30,12799.296937553057,True,G_e0b1d9,False
V_518f87ba,U_0718,2026-03-30,7544.190646279338,True,G_e0b1d9,False
V_22a50452,U_0457,2026-03-30,7282.35640309859,True,G_e0b1d9,False
V_c041b30d,U_0951,2026-03-30,9666.064232579927,True,G_e0b1d9,False
V_427754849,U_0905,2026-03-30,4301.606757439906,False,,False
V_864415785,U_0946,2026-03-30,2605.2689989532914,False,,False
V_0b62f3e3,U_0994,2026-03-30,5616.575430782506,True,G_bdfdf6,True
V_578d0cbd,U_0502,2026-03-30,5677.925353196888,True,G_bdfdf6,False
V_0d46dba4,U_0285,2026-03-30,5864.686538850089,True,G_bdfdf6,False
V_d40008fc,U_0008,2026-03-31,2808.341784258735,True,G_955e77,True
V_afc26073,U_0396,2026-03-31,2380.645437391563,True,G_955e77,False
V_d0c687bb,U_0699,2026-03-31,3953.830577505697,True,G_955e77,False
V_b657455e,U_0044,2026-03-31,3211.0251354364705,True,G_955e77,False
V_15a00828,U_0676,2026-03-31,4064.9566685899244,True,G_955e77,False
V_534764cd,U_0585,2026-03-31,2153.073560582561,True,G_955e77,False
V_715d2372,U_0062,2026-03-31,5416.821495456641,True,G_95c96d,True
V_ba89bd29,U_0723,2026-03-31,5472.6732645642,True,G_95c96d,False
V_69d049e4,U_0887,2026-03-31,6424.866908221613,True,G_95c96d,False
V_b5ba822a,U_0884,2026-03-31,4071.2118549162624,True,G_95c96d,False
V_ca877140,U_0611,2026-03-31,4837.233642904377,True,G_95c96d,False
V_1764532578,U_0094,2026-03-31,5420.229028404356,False,,False
V_260303225,U_0097,2026-03-31,9766.729515399855,False,,False
V_393596650,U_0102,2026-03-31,6080.081852077889,False,,False
V_c70cedf4,U_0125,2026-03-31,5471.743472999027,True,G_44ef3b,True
V_0e71b7a8,U_0644,2026-03-31,4959.62797211356,True,G_44ef3b,False
V_3615490238,U_0130,2026-03-31,10256.746487816685,False,,False
V_06f5e9e7,U_0161,2026-03-31,6084.4744214049915,True,G_7338e2,True
V_777c8df2,U_0032,2026-03-31,4460.056654843602,True,G_7338e2,False
V_3c03d90e,U_0945,2026-03-31,5643.899047454363,True,G_7338e2,False
V_1723877096,U_0214,2026-03-31,3613.7268906818626,False,,False
V_227239880,U_0232,2026-03-31,5040.30309113909,False,,False
V_4626a96f,U_0274,2026-03-31,5111.008063170859,True,G_735308,True
V_0a8ccb4b,U_0295,2026-03-31,3387.2629286330157,True,G_735308,False
V_5bf9415e,U_0294,2026-03-31,3796.2064298031173,True,G_348f7c,True
V_aa0b33e9,U_0129,2026-03-31,2414.8153317976194,True,G_348f7c,False
V_17c0fd7b,U_0402,2026-03-31,3489.389854513495,True,G_348f7c,False
V_289a4f78,U_0290,2026-03-31,2866.5558115207564,True,G_348f7c,False
V_3789247482,U_0303,2026-03-31,8997.122236662231,False,,False
V_c4a76e59,U_0333,2026-03-31,3658.1752377885737,True,G_ab5c98,True
V_8a51a44c,U_0893,2026-03-31,4215.43751141424,True,G_ab5c98,False
V_636993cd,U_0123,2026-03-31,2534.9480224376084,True,G_ab5c98,False
V_b801853c,U_0542,2026-03-31,4515.591493074669,True,G_ab5c98,False
V_60f20d4c,U_0386,2026-03-31,3429.886188451371,True,G_ab5c98,False
V_28a5c1cb,U_0345,2026-03-31,10424.989824058797,True,G_fcb7b2,True
V_b552e822,U_0770,2026-03-31,10134.372104268252,True,G_fcb7b2,False
V_e963bbb4,U_0429,2026-03-31,12436.967833056282,True,G_fcb7b2,False
V_90914ba6,U_0646,2026-03-31,10794.751615451578,True,G_fcb7b2,False
V_6579b0a4,U_0866,2026-03-31,11043.223425107724,True,G_fcb7b2,False
V_e47c7bc5,U_0431,2026-03-31,5618.309204224375,True,G_f63f4b,True
V_f69ab56d,U_0992,2026-03-31,4196.023958432138,True,G_f63f4b,False
V_b4a4a234,U_0908,2026-03-31,4394.174625308023,True,G_f63f4b,False
V_535392458,U_0434,2026-03-31,5359.220269740404,False,,False
V_3160227508,U_0449,2026-03-31,5123.741118221632,False,,False
V_218667830,U_0461,2026-03-31,7406.578791276534,False,,False
V_700317412,U_0484,2026-03-31,13351.124111150366,False,,False
V_3838310334,U_0503,2026-03-31,9753.715866655175,False,,False
V_1323922102,U_0526,2026-03-31,6057.279736492738,False,,False
V_df8d9616,U_0580,2026-03-31,6614.900283405324,True,G_87ad65,True
V_caa917f0,U_0753,2026-03-31,7414.117654721143,True,G_87ad65,False
V_52dd3b08,U_0149,2026-03-31,2982.2918022442504,True,G_87ad65,False
V_f29be679,U_0473,2026-03-31,5294.3602910915815,True,G_87ad65,False
V_1398849418,U_0591,2026-03-31,5691.199946883748,False,,False
V_1693577927,U_0659,2026-03-31,3948.6048460397974,False,,False
V_7448ecdb,U_0681,2026-03-31,9972.171570432094,True,G_32cd1e,True
V_369f80ea,U_0457,2026-03-31,10039.931786922141,True,G_32cd1e,False
V_38111f5d,U_0221,2026-03-31,6220.056691703184,True,G_32cd1e,False
V_1764952787,U_0682,2026-03-31,9344.545002823572,False,,False
V_1700913798,U_0691,2026-03-31,6470.705213683913,False,,False
V_1648145670,U_0694,2026-03-31,6119.208635847041,False,,False
V_305c0a5e,U_0702,2026-03-31,4380.074236698128,True,G_f630e9,True
V_250bb5ec,U_0511,2026-03-31,5398.7693754832535,True,G_f630e9,False
V_6b91d7bd,U_0247,2026-03-31,5429.424705664317,True,G_f630e9,False
V_e67f6f17,U_0169,2026-03-31,3850.681165707075,True,G_f630e9,False
V_fc279240,U_0198,2026-03-31,4156.126897834288,True,G_f630e9,False
V_56cb7841,U_0276,2026-03-31,5708.0384471330935,True,G_f630e9,False
V_1352267333,U_0742,2026-03-31,6727.568515908225,False,,False
V_3448883873,U_0753,2026-03-31,6603.933454737656,False,,False
V_3791678784,U_0770,2026-03-31,9825.512693053824,False,,False
V_654621959,U_0772,2026-03-31,7356.670970315781,False,,False
V_1888338675,U_0788,2026-03-31,3970.812492168076,False,,False
V_3213796758,U_0816,2026-03-31,7873.746215188577,False,,False
V_2117657071,U_0927,2026-03-31,3528.2129556517802,False,,False
V_c8012260,U_0947,2026-03-31,6169.71148958914,True,G_cf436b,True
V_1118e401,U_0624,2026-03-31,5767.844461680784,True,G_cf436b,False
V_4369be32,U_0161,2026-03-31,7426.625226625849,True,G_cf436b,False
V_5f1066cd,U_0215,2026-03-31,6029.573509287028,True,G_cf436b,False
V_d4fccbce,U_0532,2026-03-31,5672.65574237008,True,G_cf436b,False
V_c2ae91e6,U_0121,2026-03-31,5012.687928310974,True,G_cf436b,False
V_1854180358,U_0969,2026-03-31,9870.285517520146,False,,False
V_2079585132,U_0994,2026-03-31,6136.851087090842,False,,False
