visit_id,user_id,timestamp,spend,is_group,group_id,is_host
V_ee52151c,U_0008,2026-01-01,2223.33657470768,True,G_ca3fe6,True
V_70f5d8f6,U_0863,2026-01-01,9839.838608615863,True,G_ca3fe6,False
V_840b920a,U_0127,2026-01-01,2147.5689967923195,True,G_ca3fe6,False
V_2764704273,U_0015,2026-01-01,7554.418930055079,False,,False
V_1071696193,U_0068,2026-01-01,3855.4215791347297,False,,False
V_1369012934,U_0088,2026-01-01,11339.801234013954,False,,False
V_e6801189,U_0105,2026-01-01,2310.311091553659,True,G_ae649a,True
V_1c6d088a,U_0765,2026-01-01,2161.1472749299173,True,G_ae649a,False
V_419521740,U_0141,2026-01-01,3176.016549676243,False,,False
V_19295ca7,U_0142,2026-01-01,5867.96294374035,True,G_a143e8,True
V_e97d6167,U_0868,2026-01-01,5001.5222729861425,True,G_a143e8,False
V_e633f685,U_0618,2026-01-01,4077.1631605829393,True,G_a143e8,False
V_c42ffa68,U_0242,2026-01-01,2122.844957219311,True,G_a143e8,False
V_4e331d05,U_0886,2026-01-01,2263.3626351397093,True,G_a143e8,False
V_4cbe2b7b,U_0887,2026-01-01,4557.314587037353,True,G_a143e8,False
V_121b99e2,U_0183,2026-01-01,7866.04326379464,True,G_ae7acd,True
V_e9f85e5f,U_0073,2026-01-01,6046.000685859719,True,G_ae7acd,False
V_163ad590,U_0418,2026-01-01,4525.000175897514,True,G_ae7acd,False
V_182dc280,U_0006,2026-01-01,5255.506621819252,True,G_ae7acd,False
V_2903046440,U_0247,2026-01-01,5582.787219490917,False,,False
V_20bb6c06,U_0289,2026-01-01,3246.4083136923446,True,G_333f7a,True
V_4cb8f6ba,U_0209,2026-01-01,4134.72848545194,True,G_333f7a,False
V_8de51e8c,U_0728,2026-01-01,2422.6160688353407,True,G_333f7a,False
V_0fda288b,U_0978,2026-01-01,3010.5732954879363,True,G_333f7a,False
V_2638286904,U_0291,2026-01-01,3923.915308933604,False,,False
V_46a02fd3,U_0303,2026-01-01,9219.796651942976,True,G_0f5180,True
V_d58a8b55,U_0969,2026-01-01,8558.95624269007,True,G_0f5180,False
V_e99e7742,U_0322,2026-01-01,2291.824642997852,True,G_ea3901,True
V_c00d1eac,U_0995,2026-01-01,4897.591216331897,True,G_ea3901,False
V_65babcf4,U_0294,2026-01-01,3564.650101597381,True,G_ea3901,False
V_8baebfcf,U_0743,2026-01-01,2202.1900554375407,True,G_ea3901,False
V_dc2c1b7c,U_0354,2026-01-01,7676.150551611222,True,G_24f286,True
V_a23300e3,U_0314,2026-01-01,4599.521381863932,True,G_24f286,False
V_d7fda4fd,U_0897,2026-01-01,7511.691936358583,True,G_24f286,False
V_2ac43598,U_0023,2026-01-01,4267.382967488841,True,G_24f286,False
V_ae0a0c53,U_0265,2026-01-01,6557.458467208033,True,G_24f286,False
V_46d86b3c,U_0336,2026-01-01,7566.030234576381,True,G_24f286,False
V_1304662961,U_0403,2026-01-01,4252.037681062648,False,,False
V_15a2106d,U_0408,2026-01-01,5548.462698838286,True,G_ff850d,True
V_7307ae4b,U_0436,2026-01-01,11785.225313498984,True,G_ff850d,False
V_2610571021,U_0433,2026-01-01,6730.027013385877,False,,False
V_2051803718,U_0460,2026-01-01,2943.256014333176,False,,False
V_849863837,U_0484,2026-01-01,10679.333284590904,False,,False
V_546464656,U_0511,2026-01-01,5667.5587609091845,False,,False
V_2997603955,U_0560,2026-01-01,9279.449558370981,False,,False
V_2727795987,U_0562,2026-01-01,2997.939463009043,False,,False
V_4239120776,U_0599,2026-01-01,3704.440473209408,False,,False
V_0f8fbee4,U_0636,2026-01-01,10382.32972185166,True,G_f75440,True
V_92fbde67,U_0039,2026-01-01,2388.9622075981642,True,G_f75440,False
V_bc58e483,U_0225,2026-01-01,9806.70844714021,True,G_f75440,False
V_ea99eb4f,U_0052,2026-01-01,2534.2009244789624,True,G_f75440,False
V_10d4d642,U_0514,2026-01-01,2183.7217380112656,True,G_f75440,False
V_150714362,U_0639,2026-01-01,2423.7003866075997,False,,False
V_215b301c,U_0654,2026-01-01,3316.1110562161507,True,G_18603a,True
V_86f821e5,U_0308,2026-01-01,6495.673024821638,True,G_18603a,False
V_ffd773a4,U_0661,2026-01-01,5303.27771551774,True,G_18603a,False
V_b71ee841,U_0652,2026-01-01,6502.80215377152,True,G_18603a,False
V_b1d7de20,U_0331,2026-01-01,4195.541372885487,True,G_18603a,False
V_9097d701,U_0725,2026-01-01,7507.673557779814,True,G_18603a,False
V_395619409,U_0659,2026-01-01,3588.4343388375496,False,,False
V_aa693bf8,U_0688,2026-01-01,6684.239268217983,True,G_a79896,True
V_5dad1468,U_0931,2026-01-01,3937.0762779720667,True,G_a79896,False
V_d0c68f79,U_0576,2026-01-01,6114.551222952263,True,G_a79896,False
V_de832d60,U_0705,2026-01-01,5556.74852363431,True,G_a79896,False
V_ba757ef0,U_0131,2026-01-01,7495.370295361301,True,G_a79896,False
V_48f04114,U_0693,2026-01-01,7137.853489899081,True,G_1ece88,True
V_b83268b7,U_0882,2026-01-01,3151.4622980853896,True,G_1ece88,False
V_f5aada6a,U_0852,2026-01-01,11645.949801128627,True,G_1ece88,False
V_d18ae7b8,U_0032,2026-01-01,4009.680554065991,True,G_1ece88,False
V_7f7e72a5,U_0709,2026-01-01,4521.417449897257,True,G_c4ae19,True
V_ca21b89d,U_0460,2026-01-01,2891.55486994912,True,G_c4ae19,False
V_af15ab92,U_0948,2026-01-01,5067.618279116331,True,G_c4ae19,False
V_8cf7e21d,U_0749,2026-01-01,2058.3147463935684,True,G_8afd42,True
V_5dbf9ac6,U_0267,2026-01-01,3225.5958579724543,True,G_8afd42,False
V_4286f862,U_0544,2026-01-01,4011.7463249155057,True,G_8afd42,False
V_87c6ef73,U_0064,2026-01-01,2809.2438911489303,True,G_8afd42,False
V_28c839f2,U_0507,2026-01-01,2511.8892435703438,True,G_8afd42,False
V_e578b827,U_0750,2026-01-01,5636.7688200101875,True,G_6a173d,True
V_d7a63f24,U_0722,2026-01-01,6987.414796801779,True,G_6a173d,False
V_1a227964,U_0045,2026-01-01,8042.704338178608,True,G_6a173d,False
V_2025302425,U_0812,2026-01-01,5726.151020638967,False,,False
V_7e7f2ccb,U_0816,2026-01-01,10383.072194466326,True,G_faf01f,True
V_a715e468,U_0839,2026-01-01,3721.442675269109,True,G_faf01f,False
V_f9602daf,U_0646,2026-01-01,10903.886671294693,True,G_faf01f,False
V_062a134a,U_0879,2026-01-01,2463.987553695487,True,G_faf01f,False
V_cb301a54,U_0062,2026-01-01,5054.385142126355,True,G_faf01f,False
V_338dfa77,U_0856,2026-01-01,2337.6909675721417,True,G_dce8e3,True
V_49000ee6,U_0962,2026-01-01,1863.84524051346,True,G_dce8e3,False
V_0d055757,U_0474,2026-01-01,2808.9385819743425,True,G_dce8e3,False
V_6f568903,U_0072,2026-01-01,2335.905337888176,True,G_dce8e3,False
V_2587936329,U_0865,2026-01-01,3608.1568335611605,False,,False
V_2755462202,U_0877,2026-01-01,2641.055456792207,False,,False
V_170464118,U_0902,2026-01-01,8394.19456958882,False,,False
V_4021742301,U_0951,2026-01-01,9057.677656865239,False,,False
V_3801158684,U_0963,2026-01-01,5530.6065692407365,False,,False
V_b6e618d3,U_0974,2026-01-01,11488.500171657584,True,G_0c76ed,True
V_0457a41d,U_0857,2026-01-01,2387.991813471513,True,G_0c76ed,False
V_23ddfa78,U_0189,2026-01-01,2455.5642471296296,True,G_0c76ed,False
V_84b2fe1b,U_0897,2026-01-01,10379.244706996185,True,G_0c76ed,False
V_2751153984,U_0000,2026-01-01,2329.6062945215435,False,,False
V_4d4ad84c,U_0012,2026-01-01,4561.566068106044,True,G_de9330,True
V_e32d28f8,U_0897,2026-01-01,9140.14270457033,True,G_de9330,False
V_482c817f,U_0487,2026-01-01,5396.342617255048,True,G_de9330,False
V_c8f04b1f,U_0430,2026-01-01,4542.702843692484,True,G_de9330,False
V_7f9ebd1f,U_0185,2026-01-01,4776.762465208046,True,G_de9330,False
V_2150467640,U_0015,2026-01-01,3378.2843616097966,False,,False
V_22c816f2,U_0046,2026-01-01,3089.4952545126534,True,G_e8a99b,True
V_c812e8c0,U_0218,2026-01-01,3753.4568733185283,True,G_e8a99b,False
V_7693ca25,U_0937,2026-01-01,8170.081613451586,True,G_e8a99b,False
V_a2fe2eb2,U_0338,2026-01-01,10269.267267508654,True,G_e8a99b,False
V_03f985bf,U_0452,2026-01-01,2822.1587832006585,True,G_e8a99b,False
V_e3358d80,U_0265,2026-01-01,6752.629237440174,True,G_e8a99b,False
V_1288351497,U_0105,2026-01-01,4433.910270707863,False,,False
V_2648586546,U_0107,2026-01-01,6873.287912762581,False,,False
V_3719830426,U_0172,2026-01-01,6025.455242182321,False,,False
V_b6f42bf0,U_0204,2026-01-01,6789.199855285499,True,G_51b6e8,True
V_4ad45c24,U_0663,2026-01-01,2392.2495077808453,True,G_51b6e8,False
V_462e9f68,U_0109,2026-01-01,3159.319212422954,True,G_51b6e8,False
V_385432519,U_0239,2026-01-01,5743.081327016226,False,,False
V_4136852148,U_0274,2026-01-01,12087.151234605353,False,,False
V_1216845686,U_0302,2026-01-01,6094.852045565575,False,,False
V_282106172,U_0330,2026-01-01,9863.843163110187,False,,False
V_4161170653,U_0446,2026-01-01,5299.879454748643,False,,False
V_c0ce38b7,U_0459,2026-01-01,2528.6877010051285,True,G_0676a8,True
V_ab706daa,U_0088,2026-01-01,13650.501592273444,True,G_0676a8,False
V_eeeef448,U_0941,2026-01-01,2861.805826130335,True,G_0676a8,False
V_795099a5,U_0461,2026-01-01,7798.432345647355,True,G_500463,True
V_956644d2,U_0665,2026-01-01,6501.792126666747,True,G_500463,False
V_dfca4eed,U_0276,2026-01-01,6984.573980906843,True,G_500463,False
V_9617aa71,U_0304,2026-01-01,3382.3844591565544,True,G_500463,False
V_2a055288,U_0842,2026-01-01,4050.583413132515,True,G_500463,False
V_f0fc59ca,U_0477,2026-01-01,2780.6725668188383,True,G_1baec2,True
V_f176892b,U_0143,2026-01-01,5024.522305883977,True,G_1baec2,False
V_d4597f0d,U_0285,2026-01-01,5180.698257487818,True,G_1baec2,False
V_5b0daaaf,U_0600,2026-01-01,5212.620732098695,True,G_1baec2,False
V_b7c7b011,U_0902,2026-01-01,10208.463053335514,True,G_1baec2,False
V_d77594b3,U_0325,2026-01-01,5949.9290309642665,True,G_1baec2,False
V_3983793134,U_0516,2026-01-01,12158.122500762673,False,,False
V_1289355623,U_0518,2026-01-01,1748.3626521663373,False,,False
V_1330249018,U_0618,2026-01-01,11978.11585049268,False,,False
V_ba4a4314,U_0633,2026-01-01,2896.564090190067,True,G_615b9d,True
V_b095a20a,U_0965,2026-01-01,6150.125942266748,True,G_615b9d,False
V_0a791e05,U_0915,2026-01-01,5240.095811096835,True,G_615b9d,False
V_3a92e7b1,U_0846,2026-01-01,5196.61001786461,True,G_615b9d,False
V_022cc5e0,U_0418,2026-01-01,5543.380434627667,True,G_615b9d,False
V_f6785155,U_0195,2026-01-01,5341.056522795393,True,G_615b9d,False
V_e8b3751b,U_0740,2026-01-01,3278.6031530577543,True,G_35b8d8,True
V_52d0de6e,U_0505,2026-01-01,2636.6967526559642,True,G_35b8d8,False
V_c1a8f8bc,U_0955,2026-01-01,9176.725856949643,True,G_35b8d8,False
V_3116515494,U_0755,2026-01-01,2809.0603372215937,False,,False
V_3380505409,U_0811,2026-01-01,1949.7280404880626,False,,False
V_1199147030,U_0835,2026-01-01,1930.6532531509076,False,,False
V_2054159495,U_0865,2026-01-01,4150.209371309451,False,,False
V_4157998925,U_0867,2026-01-01,1998.9373503725033,False,,False
V_663e1d7c,U_0893,2026-01-01,4266.756626808927,True,G_67f353,True
V_6c5016dd,U_0103,2026-01-01,4651.395919382516,True,G_67f353,False
V_11c9b10e,U_0224,2026-01-01,2888.480015062924,True,G_67f353,False
V_f0ccbc94,U_0897,2026-01-01,8138.624010299276,True,G_cbaf31,True
V_0a829309,U_0242,2026-01-01,2250.6971662231267,True,G_cbaf31,False
V_3ba1bec4,U_0780,2026-01-01,2071.6654809393417,True,G_cbaf31,False
V_3d582d8e,U_0511,2026-01-01,4749.031822032293,True,G_cbaf31,False
V_752293cd,U_0981,2026-01-01,4497.78376534741,True,G_cbaf31,False
V_10b7baf2,U_0907,2026-01-01,4994.653192896711,True,G_cbaf31,False
V_2528888078,U_0902,2026-01-01,6560.1179746894595,False,,False
V_3194835043,U_0943,2026-01-01,5233.0154696712425,False,,False
V_16a5c02f,U_0007,2026-01-02,5304.433031695405,True,G_e96d81,True
V_b68f34a8,U_0887,2026-01-02,6026.428367148365,True,G_e96d81,False
V_fe72efeb,U_0895,2026-01-02,5445.44575807663,True,G_e96d81,False
V_b794bf3c,U_0237,2026-01-02,9932.187958342844,True,G_e96d81,False
V_1000492031,U_0016,2026-01-02,4001.943379675177,False,,False
V_c72dd5b6,U_0024,2026-01-02,12067.598835502367,True,G_340829,True
V_b1dd0ffe,U_0308,2026-01-02,6453.739629725504,True,G_340829,False
V_b6330e65,U_0075,2026-01-02,12142.692364960138,True,G_340829,False
V_c379c569,U_0636,2026-01-02,10429.334097703357,True,G_340829,False
V_fd1c46cd,U_0704,2026-01-02,8713.835200828604,True,G_340829,False
V_93c6528f,U_0130,2026-01-02,9112.99180180392,True,G_340829,False
V_2759651500,U_0035,2026-01-02,2887.5400322815967,False,,False
V_24e4bce3,U_0040,2026-01-02,2809.7075804274887,True,G_9cb595,True
V_76473bc3,U_0423,2026-01-02,3105.2747246581634,True,G_9cb595,False
V_121a7bf7,U_0961,2026-01-02,2312.6408619041517,True,G_9cb595,False
V_3615967680,U_0067,2026-01-02,6456.2027962239,False,,False
V_1741313841,U_0068,2026-01-02,3773.9912949068976,False,,False
V_2029920299,U_0093,2026-01-02,4609.998174266537,False,,False
V_452939256,U_0151,2026-01-02,5037.9063277930145,False,,False
V_2500853052,U_0261,2026-01-02,3796.1748067381927,False,,False
V_cbf95cbe,U_0314,2026-01-02,3900.2860237594423,True,G_c58560,True
V_6787b9b1,U_0281,2026-01-02,7752.192742883886,True,G_c58560,False
V_412cd27a,U_0664,2026-01-02,2861.40577378014,True,G_c58560,False
V_ffed3f58,U_0142,2026-01-02,5516.016083058004,True,G_c58560,False
V_7fe90d47,U_0607,2026-01-02,5239.126984898327,True,G_c58560,False
V_792232584,U_0375,2026-01-02,3461.230160085785,False,,False
V_834505170,U_0390,2026-01-02,1852.3872129528352,False,,False
V_3956794401,U_0399,2026-01-02,3247.251057403969,False,,False
V_2285177533,U_0451,2026-01-02,5283.9736022657,False,,False
V_3a0ecafe,U_0503,2026-01-02,10545.994378718293,True,G_757167,True
V_d0962c55,U_0972,2026-01-02,6562.1471540794655,True,G_757167,False
V_b89888f2,U_0993,2026-01-02,7252.577553819063,True,G_757167,False
V_51319b52,U_0977,2026-01-02,9706.362726310083,True,G_757167,False
V_fbc6c87c,U_0532,2026-01-02,6617.155048617528,True,G_8dddc9,True
V_272005f2,U_0717,2026-01-02,4218.382645482687,True,G_8dddc9,False
V_ef43eb2e,U_0365,2026-01-02,3097.375157317823,True,G_8dddc9,False
V_1f66dabd,U_0056,2026-01-02,2440.302250212114,True,G_8dddc9,False
V_67cb9780,U_0720,2026-01-02,2572.6436098034933,True,G_8dddc9,False
V_532658859,U_0541,2026-01-02,5764.982733801375,False,,False
V_d10b007e,U_0547,2026-01-02,3327.857972261619,True,G_a8804c,True
V_646751bc,U_0774,2026-01-02,3221.074943176327,True,G_a8804c,False
V_ffe9bd62,U_0757,2026-01-02,5304.496270609982,True,G_a8804c,False
V_14972c61,U_0575,2026-01-02,6081.977024934691,True,G_a8804c,False
V_1767005328,U_0560,2026-01-02,8666.422542616101,False,,False
V_d3104843,U_0604,2026-01-02,7629.4488777081015,True,G_56cad7,True
V_c6b266a1,U_0446,2026-01-02,3322.4128649441504,True,G_56cad7,False
V_4087418966,U_0652,2026-01-02,6825.91813720963,False,,False
V_2694801009,U_0695,2026-01-02,6837.481153581819,False,,False
V_c5ad5461,U_0722,2026-01-02,6098.8250066997225,True,G_c1120f,True
V_ee3c9a47,U_0101,2026-01-02,4186.958606803773,True,G_c1120f,False
V_150dff09,U_0367,2026-01-02,6267.194353183841,True,G_c1120f,False
V_95157278,U_0737,2026-01-02,6448.53494861879,False,,False
V_1475570973,U_0745,2026-01-02,3491.984016943083,False,,False
V_91644ca1,U_0852,2026-01-02,9061.641727463719,True,G_17d982,True
V_cd8802bd,U_0207,2026-01-02,3300.5699147789014,True,G_17d982,False
V_3883241636,U_0875,2026-01-02,8093.7790690175625,False,,False
V_b09390a5,U_0880,2026-01-02,5316.492017271777,True,G_6ddf29,True
V_b05597f8,U_0633,2026-01-02,2225.6276526393176,True,G_6ddf29,False
V_d43368f5,U_0274,2026-01-02,5688.05568984077,True,G_6ddf29,False
V_ec05903e,U_0012,2026-01-02,4353.631228405831,True,G_6ddf29,False
V_840078525,U_0920,2026-01-02,2918.6438427982844,False,,False
V_2753202050,U_0933,2026-01-02,4985.63310678646,False,,False
V_2963202171,U_0935,2026-01-02,3479.894191912097,False,,False
V_6df43a8a,U_0977,2026-01-02,9405.817892249635,True,G_709758,True
V_d3016ab9,U_0840,2026-01-02,4863.776474785375,True,G_709758,False
V_380b03ea,U_0913,2026-01-02,9845.307831055652,True,G_709758,False
V_1799bdae,U_0826,2026-01-02,8923.262900008958,True,G_709758,False
V_7eb3e39e,U_0833,2026-01-02,2657.618156390557,True,G_709758,False
V_62d87a8b,U_0008,2026-01-02,2450.1677810484243,True,G_d005b6,True
V_cf68638d,U_0470,2026-01-02,3912.993511314152,True,G_d005b6,False
V_6988b938,U_0678,2026-01-02,6696.168971034413,True,G_d005b6,False
V_d1ee3808,U_0282,2026-01-02,3564.3065508679806,True,G_d005b6,False
V_54bcf350,U_0404,2026-01-02,2230.2745742017282,True,G_d005b6,False
V_5236b0a1,U_0058,2026-01-02,2459.040716877844,True,G_d005b6,False
V_1792518058,U_0028,2026-01-02,4154.794443106783,False,,False
V_a8cc6cda,U_0043,2026-01-02,2905.94683744899,True,G_132835,True
V_2280784a,U_0840,2026-01-02,4606.335947258475,True,G_132835,False
V_d395869d,U_0429,2026-01-02,12261.150941173133,True,G_132835,False
V_efa18fce,U_0969,2026-01-02,11704.988630032947,True,G_132835,False
V_9b09a1ac,U_0794,2026-01-02,7796.35025441432,True,G_132835,False
V_700cbb63,U_0540,2026-01-02,1797.7486767464945,True,G_132835,False
V_3736859983,U_0055,2026-01-02,6740.4438164321255,False,,False
V_529688279,U_0056,2026-01-02,3984.142540417395,False,,False
V_2356821969,U_0067,2026-01-02,3350.7856042321378,False,,False
V_1883458325,U_0068,2026-01-02,6030.35577784257,False,,False
V_1320112950,U_0125,2026-01-02,7158.897754688222,False,,False
V_2197854182,U_0138,2026-01-02,2732.9015306437086,False,,False
V_2520105619,U_0154,2026-01-02,11914.550898480866,False,,False
V_759548608,U_0221,2026-01-02,4094.182500560328,False,,False
V_1121291238,U_0243,2026-01-02,3510.215677984348,False,,False
V_1e4dc5e2,U_0280,2026-01-02,5333.905241386409,True,G_993392,True
V_1f6e70af,U_0861,2026-01-02,4039.079671586891,True,G_993392,False
V_1b5ee313,U_0768,2026-01-02,5407.0779554052915,True,G_993392,False
V_2f22bff4,U_0079,2026-01-02,2257.4402912926525,True,G_993392,False
V_e631d71e,U_0310,2026-01-02,2819.363946992425,True,G_6c42a2,True
V_e47deb59,U_0305,2026-01-02,5309.227301135292,True,G_6c42a2,False
V_e30db852,U_0146,2026-01-02,5636.0812057293915,True,G_6c42a2,False
V_c90e8edc,U_0909,2026-01-02,2070.8973364377,True,G_6c42a2,False
V_466472788,U_0360,2026-01-02,2533.5818694379013,False,,False
V_ba5c0226,U_0414,2026-01-02,3877.804871543006,True,G_aa5e4e,True
V_6df19f78,U_0160,2026-01-02,9825.036812796114,True,G_aa5e4e,False
V_e381caa1,U_0691,2026-01-02,6583.686960314083,True,G_aa5e4e,False
V_1c8c8f92,U_0423,2026-01-02,2543.898939957088,True,G_2fe6d5,True
V_be7cb3eb,U_0633,2026-01-02,2401.2090571063723,True,G_2fe6d5,False
V_f8265c0e,U_0361,2026-01-02,4282.696904812828,True,G_2fe6d5,False
V_22cae7fb,U_0004,2026-01-02,4211.694646665301,True,G_2fe6d5,False
V_1461588a,U_0449,2026-01-02,4204.846769986686,True,G_132b40,True
V_bf6d6cc2,U_0168,2026-01-02,8849.527116516925,True,G_132b40,False
V_a7365956,U_0767,2026-01-02,10806.26047559257,True,G_132b40,False
V_832885542,U_0469,2026-01-02,2093.1776061280216,False,,False
V_6caf317e,U_0486,2026-01-02,8336.820897388841,True,G_0e437d,True
V_d17a05f0,U_0800,2026-01-02,3765.3161127813423,True,G_0e437d,False
V_02fbcdbc,U_0692,2026-01-02,6231.077520491715,True,G_0e437d,False
V_ec18f881,U_0633,2026-01-02,3172.103747928022,True,G_0e437d,False
V_468283245,U_0514,2026-01-02,7032.24807869901,False,,False
V_b61c395f,U_0553,2026-01-02,3425.8303694275855,True,G_285148,True
V_bc874c65,U_0695,2026-01-02,7125.464376462032,True,G_285148,False
V_0be6643e,U_0160,2026-01-02,9995.940856408673,True,G_285148,False
V_4f93b9cf,U_0943,2026-01-02,2269.8106354031083,True,G_285148,False
V_1519517458,U_0566,2026-01-02,3618.5216108738477,False,,False
V_2360519385,U_0586,2026-01-02,3236.4463224254914,False,,False
V_2315768896,U_0611,2026-01-02,5387.590308725818,False,,False
V_2118386879,U_0648,2026-01-02,4812.4760361218905,False,,False
V_3393553591,U_0656,2026-01-02,8082.644640163813,False,,False
V_3398485890,U_0659,2026-01-02,5707.1882140842945,False,,False
V_3397315520,U_0685,2026-01-02,2998.634904868438,False,,False
V_73fb5c40,U_0715,2026-01-02,2876.707170519013,True,G_d04ce3,True
V_7017d587,U_0946,2026-01-02,1895.9958175801783,True,G_d04ce3,False
V_ceeff41a,U_0610,2026-01-02,2166.8626923837137,True,G_d04ce3,False
V_2806221337,U_0740,2026-01-02,9357.273702202587,False,,False
V_f18502f6,U_0753,2026-01-02,6087.105307750952,True,G_c9b96d,True
V_0f2f39f4,U_0230,2026-01-02,4855.776413979324,True,G_c9b96d,False
V_399b61bd,U_0281,2026-01-02,6777.817913109172,True,G_c9b96d,False
V_94641bb8,U_0061,2026-01-02,2317.61577263931,True,G_c9b96d,False
V_8e141eea,U_0214,2026-01-02,4577.051690528513,True,G_c9b96d,False
V_3791429659,U_0754,2026-01-02,6387.362980537372,False,,False
V_3235215441,U_0764,2026-01-02,5085.471282280002,False,,False
V_2883461453,U_0770,2026-01-02,3417.1703642233774,False,,False
V_2018395265,U_0794,2026-01-02,10263.557250936234,False,,False
V_1135351146,U_0838,2026-01-02,8400.61951785917,False,,False
V_1352632271,U_0839,2026-01-02,7720.228061394042,False,,False
V_1653343156,U_0900,2026-01-02,10467.105126236153,False,,False
V_3218285202,U_0906,2026-01-02,3308.6240388981055,False,,False
V_1847846651,U_0917,2026-01-02,4711.927842099395,False,,False
V_eecfb612,U_0938,2026-01-02,4934.021186623052,True,G_e153f4,True
V_c459d240,U_0434,2026-01-02,4957.391428059246,True,G_e153f4,False
V_e65a597d,U_0360,2026-01-02,2358.3236214695257,True,G_e153f4,False
V_539b933c,U_0444,2026-01-02,3089.338722965757,True,G_e153f4,False
V_3227532355,U_0972,2026-01-02,7838.896500570486,False,,False
V_1ef33b36,U_0001,2026-01-03,5652.199050828893,True,G_6dbe06,True
V_f01913b5,U_0656,2026-01-03,3189.5367653556605,True,G_6dbe06,False
V_7c139bcc,U_0881,2026-01-03,3953.8184209290503,True,G_6dbe06,False
V_cb482a2a,U_0537,2026-01-03,4750.165555060818,True,G_6dbe06,False
V_d56043ef,U_0519,2026-01-03,2018.1229901330662,True,G_6dbe06,False
V_0f6056d1,U_0727,2026-01-03,8840.97311977838,True,G_6dbe06,False
V_3798459822,U_0005,2026-01-03,4584.689919142736,False,,False
V_3916229741,U_0012,2026-01-03,4345.486086989376,False,,False
V_3693772653,U_0038,2026-01-03,1814.571316673618,False,,False
V_3468230634,U_0055,2026-01-03,8699.812025961732,False,,False
V_59ce45f8,U_0058,2026-01-03,2713.2301438090744,True,G_a88aad,True
V_e537a94e,U_0086,2026-01-03,3971.9737463407487,True,G_a88aad,False
V_a388ace4,U_0404,2026-01-03,2554.102301017372,True,G_a88aad,False
V_2eb4ce88,U_0683,2026-01-03,6094.938039781041,True,G_a88aad,False
V_66ee4fec,U_0102,2026-01-03,6628.315887368564,True,G_e5c12f,True
V_c4cd3703,U_0230,2026-01-03,4574.203255370021,True,G_e5c12f,False
V_fe06abbe,U_0548,2026-01-03,7160.293096264017,True,G_e5c12f,False
V_a58794b7,U_0623,2026-01-03,12106.282388151669,True,G_e5c12f,False
V_3530378657,U_0132,2026-01-03,2397.2309895045696,False,,False
V_c3f7c0f2,U_0160,2026-01-03,10474.754966411087,True,G_8008be,True
V_c3bcb6cb,U_0088,2026-01-03,13222.317549383573,True,G_8008be,False
V_fa2651e5,U_0993,2026-01-03,6183.857095476067,True,G_8008be,False
V_322808535,U_0163,2026-01-03,10986.12646969993,False,,False
V_353058540,U_0175,2026-01-03,6282.0688919483855,False,,False
V_d9916546,U_0205,2026-01-03,5704.413673152068,True,G_90c497,True
V_05fc045f,U_0308,2026-01-03,5095.859454559783,True,G_90c497,False
V_0af4723b,U_0383,2026-01-03,3024.6447150787067,True,G_90c497,False
V_47312484,U_0553,2026-01-03,3391.349372450384,True,G_90c497,False
V_e410f684,U_0790,2026-01-03,6778.526245587598,True,G_90c497,False
V_2183840535,U_0209,2026-01-03,4978.481028514245,False,,False
V_1580706645,U_0277,2026-01-03,6429.507075969242,False,,False
V_925293355,U_0286,2026-01-03,3972.7585473214294,False,,False
V_4279628268,U_0338,2026-01-03,10874.348424171756,False,,False
V_32d37d72,U_0341,2026-01-03,6839.169927569841,True,G_788bd8,True
V_7a6f4789,U_0464,2026-01-03,5229.5030874021095,True,G_788bd8,False
V_3701997661,U_0345,2026-01-03,10585.179341253839,False,,False
V_38045061,U_0391,2026-01-03,10753.450375804025,False,,False
V_2580897652,U_0456,2026-01-03,11097.335223230788,False,,False
V_2401917393,U_0491,2026-01-03,6301.881392372263,False,,False
V_374261757,U_0516,2026-01-03,3597.6407892271727,False,,False
V_fd5dbeea,U_0560,2026-01-03,9700.899912052513,True,G_e5eae1,True
V_1a28f2d4,U_0565,2026-01-03,11510.26994644047,True,G_e5eae1,False
V_0a0a8701,U_0565,2026-01-03,9137.540667643318,True,G_60b272,True
V_ee1fd499,U_0655,2026-01-03,7389.51711044069,True,G_60b272,False
V_41526709,U_0130,2026-01-03,11284.828520838268,True,G_60b272,False
V_2ef2a653,U_0006,2026-01-03,5847.57956845647,True,G_60b272,False
V_581830642,U_0568,2026-01-03,4373.617515463431,False,,False
V_3691541805,U_0618,2026-01-03,4525.06875056465,False,,False
V_b286cec4,U_0628,2026-01-03,11428.867461107207,True,G_38adf7,True
V_2f7d7b60,U_0373,2026-01-03,13891.246776276519,True,G_38adf7,False
V_b21e2f41,U_0274,2026-01-03,5816.421393059646,True,G_38adf7,False
V_6d358289,U_0644,2026-01-03,4716.303847358255,True,G_648e36,True
V_4432cdaa,U_0742,2026-01-03,6808.08846378923,True,G_648e36,False
V_15661ae8,U_0401,2026-01-03,4802.247334312366,True,G_648e36,False
V_1588ce9c,U_0230,2026-01-03,6831.451421540426,True,G_648e36,False
V_572166664,U_0657,2026-01-03,10799.680143476458,False,,False
V_4117380189,U_0681,2026-01-03,10382.060801119555,False,,False
V_3739654240,U_0688,2026-01-03,6424.045349838533,False,,False
V_362360913,U_0735,2026-01-03,6877.569538423108,False,,False
V_1072927907,U_0744,2026-01-03,2367.6344188746402,False,,False
V_2c89bd43,U_0767,2026-01-03,8871.898980045791,True,G_b65e66,True
V_3d65e63b,U_0565,2026-01-03,8978.45476143011,True,G_b65e66,False
V_bc2f1530,U_0518,2026-01-03,6793.576364298312,True,G_b65e66,False
V_9845eb41,U_0043,2026-01-03,3982.122814952095,True,G_b65e66,False
V_8e39329f,U_0962,2026-01-03,1957.067622626263,True,G_b65e66,False
V_0955473e,U_0787,2026-01-03,6623.4474671746875,True,G_f5be03,True
V_1aa08fb8,U_0002,2026-01-03,2501.5160828926782,True,G_f5be03,False
V_057f337a,U_0809,2026-01-03,4192.432899348757,True,G_f5be03,False
V_734fd774,U_0625,2026-01-03,5183.60185742206,True,G_f5be03,False
V_689322f2,U_0458,2026-01-03,13652.12438296614,True,G_f5be03,False
V_4119373719,U_0798,2026-01-03,4077.4796918385605,False,,False
V_2990227646,U_0863,2026-01-03,7390.666091808167,False,,False
V_3446506715,U_0891,2026-01-03,3623.361149130817,False,,False
V_1642810693,U_0896,2026-01-03,10038.592209062786,False,,False
V_d14914ec,U_0900,2026-01-03,4987.036971331772,True,G_a1a6f6,True
V_dd06262c,U_0488,2026-01-03,5795.039566717529,True,G_a1a6f6,False
V_4dc68f99,U_0624,2026-01-03,5653.4485769383655,True,G_a1a6f6,False
V_35d3dc6e,U_0508,2026-01-03,5204.774000773437,True,G_a1a6f6,False
V_6c464953,U_0330,2026-01-03,3352.7925633860077,True,G_a1a6f6,False
V_f3869a97,U_0019,2026-01-03,7924.343107606247,True,G_a1a6f6,False
V_835615518,U_0917,2026-01-03,6683.305476175333,False,,False
V_2477189052,U_0935,2026-01-03,3514.9593176884646,False,,False
V_2274029531,U_0938,2026-01-03,4120.136009106962,False,,False
V_2531919470,U_0951,2026-01-03,12270.237708323088,False,,False
V_e8972ebc,U_0972,2026-01-03,7461.506096369172,True,G_00b6dd,True
V_79bf4443,U_0792,2026-01-03,3319.870222664589,True,G_00b6dd,False
V_1823edfc,U_0365,2026-01-03,3823.949003950053,True,G_00b6dd,False
V_1692541969,U_0044,2026-01-03,5507.632065711745,False,,False
V_2938726258,U_0047,2026-01-03,2471.572136202128,False,,False
V_a440d0df,U_0055,2026-01-03,10021.321977737456,True,G_5eba11,True
V_59e0ee63,U_0316,2026-01-03,2932.4949125641033,True,G_5eba11,False
V_43ea4bec,U_0001,2026-01-03,7618.462208453849,True,G_5eba11,False
V_8222bffe,U_0220,2026-01-03,1806.4386517320436,True,G_5eba11,False
V_90f6a158,U_0628,2026-01-03,12670.44166774947,True,G_5eba11,False
V_4e4e1127,U_0636,2026-01-03,10625.271457410674,True,G_5eba11,False
V_2189647394,U_0065,2026-01-03,3943.4989436439914,False,,False
V_2422791616,U_0075,2026-01-03,6790.366017283817,False,,False
V_a463d31c,U_0124,2026-01-03,3224.3729497117397,True,G_74faaa,True
V_d5b9ff8c,U_0154,2026-01-03,5861.074276499601,True,G_74faaa,False
V_72dc5fbc,U_0295,2026-01-03,4432.351437013107,True,G_74faaa,False
V_4248a53f,U_0219,2026-01-03,1875.530305827541,True,G_74faaa,False
V_8ce5fad5,U_0672,2026-01-03,3882.436491321645,True,G_74faaa,False
V_4b0fab07,U_0614,2026-01-03,10709.961956896714,True,G_74faaa,False
V_78fd8c0b,U_0135,2026-01-03,4142.585921407494,True,G_d5ab83,True
V_19d0a714,U_0828,2026-01-03,4802.644153023774,True,G_d5ab83,False
V_5218288a,U_0563,2026-01-03,2464.1321784463594,True,G_d5ab83,False
V_b1dd43a4,U_0280,2026-01-03,5581.7854196013595,True,G_d5ab83,False
V_37f36d99,U_0824,2026-01-03,2335.375823787169,True,G_d5ab83,False
V_61ba0c61,U_0200,2026-01-03,3504.4387502183104,True,G_d5ab83,False
V_5e406635,U_0163,2026-01-03,8799.226336128646,True,G_551cdc,True
V_a15dbe2f,U_0535,2026-01-03,3742.0163939347963,True,G_551cdc,False
V_2132819971,U_0203,2026-01-03,5930.503492541976,False,,False
V_3858945014,U_0206,2026-01-03,5637.400050336871,False,,False
V_0766db1c,U_0257,2026-01-03,2334.09988753964,True,G_3b8c5b,True
V_362d9eff,U_0296,2026-01-03,3425.720710284104,True,G_3b8c5b,False
V_406536647,U_0330,2026-01-03,12510.318658103575,False,,False
V_4267526720,U_0362,2026-01-03,6711.448332523415,False,,False
V_db7ff8d1,U_0390,2026-01-03,2239.139463751371,True,G_b47e92,True
V_bf8d45e6,U_0420,2026-01-03,2791.3895096890187,True,G_b47e92,False
V_dac4fe99,U_0426,2026-01-03,3767.9409410577796,True,G_0cbb99,True
V_e134cd29,U_0378,2026-01-03,5191.911434454995,True,G_0cbb99,False
V_4be7e122,U_0907,2026-01-03,4391.18517287884,True,G_0cbb99,False
V_6a8b2e81,U_0471,2026-01-03,4486.0564547530885,True,G_50c36f,True
V_929d3275,U_0907,2026-01-03,4420.107445218152,True,G_50c36f,False
V_85f02681,U_0625,2026-01-03,5826.8988573799115,True,G_50c36f,False
V_73904113,U_0300,2026-01-03,5878.094316337741,True,G_50c36f,False
V_688611904,U_0477,2026-01-03,5537.106253988195,False,,False
V_3466005708,U_0508,2026-01-03,9639.986450130717,False,,False
V_2832907870,U_0517,2026-01-03,6492.596344542753,False,,False
V_3957915735,U_0526,2026-01-03,3476.4989285402885,False,,False
V_1c297ba3,U_0548,2026-01-03,8384.261475983876,True,G_d8b215,True
V_a342e78f,U_0146,2026-01-03,5955.1595393499165,True,G_d8b215,False
V_6b4c7da3,U_0564,2026-01-03,2607.4972276906433,True,G_aecaa8,True
V_650be631,U_0721,2026-01-03,6972.257422399976,True,G_aecaa8,False
V_fa6d0169,U_0644,2026-01-03,4844.2563073254905,True,G_aecaa8,False
V_a425aa7f,U_0027,2026-01-03,3233.5949470108467,True,G_aecaa8,False
V_85892056,U_0850,2026-01-03,2398.172513679917,True,G_aecaa8,False
V_2775189177,U_0575,2026-01-03,2996.410621555924,False,,False
V_2373785803,U_0598,2026-01-03,5833.515450784577,False,,False
V_1720730152,U_0672,2026-01-03,9225.373724711764,False,,False
V_c19b5337,U_0687,2026-01-03,2228.5105429799046,True,G_9ecb77,True
V_b5a40af8,U_0882,2026-01-03,2502.1520083488213,True,G_9ecb77,False
V_c98eaaef,U_0068,2026-01-03,3617.011861712825,True,G_9ecb77,False
V_bc82a6f3,U_0739,2026-01-03,3061.117403825852,True,G_5d9b92,True
V_90aa9fb5,U_0107,2026-01-03,3863.542767460294,True,G_5d9b92,False
V_356ef62d,U_0994,2026-01-03,5968.756374115989,True,G_5d9b92,False
V_6432e217,U_0426,2026-01-03,4126.826846312612,True,G_5d9b92,False
V_84f695e4,U_0735,2026-01-03,7222.387044612578,True,G_5d9b92,False
V_3209928907,U_0759,2026-01-03,1774.0724667053485,False,,False
V_252364524,U_0783,2026-01-03,5957.613814133364,False,,False
V_1517398345,U_0798,2026-01-03,6927.749019313871,False,,False
V_3429940701,U_0822,2026-01-03,4464.898486491372,False,,False
V_d64c7dd5,U_0826,2026-01-03,6347.23754222965,True,G_cc9572,True
V_621bc6c9,U_0943,2026-01-03,2066.6713406172967,True,G_cc9572,False
V_71ed0340,U_0553,2026-01-03,3576.996970219387,True,G_cc9572,False
V_2f87b882,U_0039,2026-01-03,2361.192011159157,True,G_cc9572,False
V_0ebf769b,U_0237,2026-01-03,10472.338810683139,True,G_cc9572,False
V_1575247327,U_0839,2026-01-03,8821.246676148578,False,,False
V_22a472f1,U_0840,2026-01-03,4429.794559855377,True,G_d670f0,True
V_1d5648db,U_0015,2026-01-03,10866.520411727135,True,G_d670f0,False
V_cf901758,U_0918,2026-01-03,3176.3808367384418,True,G_d670f0,False
V_1f1923e9,U_0735,2026-01-03,6513.4713940235815,True,G_d670f0,False
V_2058015923,U_0872,2026-01-03,2579.0107556644534,False,,False
V_240c1ad3,U_0991,2026-01-03,2187.49734199555,True,G_427163,True
V_cbda2eae,U_0595,2026-01-03,4935.374350494606,True,G_427163,False
V_e79bb180,U_0786,2026-01-03,3469.8790086096187,True,G_427163,False
V_e56070e5,U_0633,2026-01-03,2476.0496404242194,True,G_427163,False
V_be759737,U_0529,2026-01-03,5080.568121601969,True,G_427163,False
V_0fb38139,U_0600,2026-01-03,4355.037980439229,True,G_427163,False
V_2509444709,U_0993,2026-01-03,3113.9269349252822,False,,False
V_ea230764,U_0055,2026-01-04,7902.937494704901,True,G_9710fb,True
V_d0d0453b,U_0691,2026-01-04,6968.754052769094,True,G_9710fb,False
V_32e029cd,U_0219,2026-01-04,2686.639787832402,True,G_9710fb,False
V_900892ea,U_0097,2026-01-04,11029.508261253919,True,G_9710fb,False
V_1848f482,U_0484,2026-01-04,9333.509651078202,True,G_9710fb,False
V_275976ce,U_0125,2026-01-04,4649.468223501184,True,G_ce6997,True
V_7132d85a,U_0563,2026-01-04,2636.494620602073,True,G_ce6997,False
V_8293e833,U_0135,2026-01-04,4243.700433375983,True,G_ce6997,False
V_16059fb5,U_0873,2026-01-04,7661.273387914607,True,G_ce6997,False
V_49ade230,U_0738,2026-01-04,6609.274565743912,True,G_ce6997,False
V_08d799ee,U_0260,2026-01-04,5965.404351113462,True,G_ce6997,False
V_3526938285,U_0151,2026-01-04,6105.056175431539,False,,False
V_7d3829d7,U_0173,2026-01-04,5779.053468391104,True,G_43811b,True
V_85aafd43,U_0550,2026-01-04,4896.995559746093,True,G_43811b,False
V_28de6541,U_0376,2026-01-04,3026.5496669098848,True,G_43811b,False
V_7bcdf663,U_0595,2026-01-04,6583.4000397331065,True,G_43811b,False
V_b470cbbb,U_0593,2026-01-04,2992.7059463523096,True,G_43811b,False
V_f067b72e,U_0541,2026-01-04,4562.782009849224,True,G_43811b,False
V_1172788169,U_0197,2026-01-04,4208.387093289868,False,,False
V_2738254989,U_0278,2026-01-04,3135.061708781969,False,,False
V_c3b2bb0c,U_0387,2026-01-04,11261.87796384814,True,G_e53fff,True
V_5cb3d1bf,U_0207,2026-01-04,4285.526647331622,True,G_e53fff,False
V_bf6bb3b6,U_0474,2026-01-04,3017.8243343458357,True,G_334aab,True
V_1366ef92,U_0442,2026-01-04,1996.9591477639801,True,G_334aab,False
V_1642ea30,U_0196,2026-01-04,3782.3334082412307,True,G_334aab,False
V_1807160040,U_0523,2026-01-04,4467.870392008694,False,,False
V_24ce2278,U_0526,2026-01-04,5376.481328745678,True,G_c7a743,True
V_d4456d7e,U_0714,2026-01-04,5600.438028520164,True,G_c7a743,False
V_1a7b6962,U_0856,2026-01-04,2748.886883555239,True,G_c7a743,False
V_44e64a48,U_0252,2026-01-04,4856.736765571528,True,G_c7a743,False
V_4531b998,U_0999,2026-01-04,6345.051452697203,True,G_c7a743,False
V_e6db4094,U_0792,2026-01-04,3242.46239626971,True,G_c7a743,False
V_1409676362,U_0590,2026-01-04,5842.217684323325,False,,False
V_cd28fe1a,U_0689,2026-01-04,6113.397075824411,True,G_bfc9ad,True
V_eb399f43,U_0819,2026-01-04,2539.7273596761643,True,G_bfc9ad,False
V_2710122562,U_0693,2026-01-04,7742.705651554424,False,,False
V_796864925,U_0705,2026-01-04,5761.59134455518,False,,False
V_1542787533,U_0713,2026-01-04,2359.1286259633926,False,,False
V_1798455159,U_0723,2026-01-04,5702.8391389531425,False,,False
V_77055d5c,U_0777,2026-01-04,3363.5956768687197,True,G_cb48b5,True
V_93dc6b48,U_0867,2026-01-04,2624.2337497752233,True,G_cb48b5,False
V_39ce9b0f,U_0911,2026-01-04,2961.4764382890535,True,G_0196e4,True
V_3cb4b29c,U_0158,2026-01-04,1955.582501535181,True,G_0196e4,False
V_fc98a394,U_0741,2026-01-04,3336.9995186969763,True,G_0196e4,False
V_07b8be37,U_0952,2026-01-04,3907.4991435463635,True,G_0196e4,False
V_c4b79fb7,U_0938,2026-01-04,5624.091658413,True,G_0196e4,False
V_316186623,U_0937,2026-01-04,10598.423414676807,False,,False
V_114502675,U_0957,2026-01-04,2269.494944235769,False,,False
V_1621076606,U_0168,2026-01-04,6418.106378061593,False,,False
V_3639047220,U_0263,2026-01-04,2150.812446259396,False,,False
V_2942153265,U_0291,2026-01-04,2540.8836871611347,False,,False
V_1754592179,U_0322,2026-01-04,3861.7997300225966,False,,False
V_1766047614,U_0327,2026-01-04,3733.7393149444106,False,,False
V_244129428,U_0369,2026-01-04,1936.659250023162,False,,False
V_111e7ed6,U_0383,2026-01-04,3422.2212882048148,True,G_a9bd84,True
V_4d43f5c2,U_0018,2026-01-04,5202.146596638934,True,G_a9bd84,False
V_1d64658e,U_0996,2026-01-04,2207.8637245438035,True,G_a9bd84,False
V_2373429232,U_0388,2026-01-04,12860.62917310995,False,,False
V_4243527617,U_0436,2026-01-04,4964.091381507004,False,,False
V_dd3a6830,U_0441,2026-01-04,2318.28596799797,True,G_ba9bf3,True
V_98942555,U_0198,2026-01-04,3606.809783394057,True,G_ba9bf3,False
V_909c38c2,U_0440,2026-01-04,5171.792574513061,True,G_ba9bf3,False
V_fd118452,U_0304,2026-01-04,4004.2296411087045,True,G_ba9bf3,False
V_ce55a371,U_0647,2026-01-04,7057.114664137176,True,G_ba9bf3,False
V_3a65cf11,U_0626,2026-01-04,3046.267867765384,True,G_ba9bf3,False
V_d06260ad,U_0443,2026-01-04,3405.186989943682,True,G_942e43,True
V_6d133b1e,U_0240,2026-01-04,6657.225353132088,True,G_942e43,False
V_d2ff16f2,U_0447,2026-01-04,3316.854926018689,True,G_942e43,False
V_538dbf3f,U_0637,2026-01-04,6601.707531954383,True,G_942e43,False
V_263e14d5,U_0129,2026-01-04,1880.5789833558404,True,G_942e43,False
V_2805762141,U_0467,2026-01-04,2619.315801233924,False,,False
V_04ea5c31,U_0478,2026-01-04,3525.007013055622,True,G_9a6e16,True
V_72a7f9d3,U_0826,2026-01-04,7452.918795387995,True,G_9a6e16,False
V_3925668677,U_0518,2026-01-04,1919.894225546978,False,,False
V_c8481d32,U_0522,2026-01-04,7571.026036685886,True,G_8b1b3a,True
V_f86b8aad,U_0963,2026-01-04,4407.068356235326,True,G_8b1b3a,False
V_572359e7,U_0545,2026-01-04,2501.223780807573,True,G_97bbfb,True
V_2ac24147,U_0604,2026-01-04,7557.659948835401,True,G_97bbfb,False
V_4cd83111,U_0695,2026-01-04,8808.206067332398,True,G_97bbfb,False
V_04b742c3,U_0378,2026-01-04,5214.495468309836,True,G_97bbfb,False
V_dd917c9a,U_0654,2026-01-04,3362.2969644087584,True,G_97bbfb,False
V_2719839266,U_0556,2026-01-04,2016.8526106211307,False,,False
V_2371860120,U_0573,2026-01-04,3331.737320032583,False,,False
V_b363d637,U_0646,2026-01-04,10833.82601947778,True,G_b4eac6,True
V_e885dff0,U_0066,2026-01-04,5836.463861650861,True,G_b4eac6,False
V_229b8945,U_0886,2026-01-04,2564.5906065589124,True,G_b4eac6,False
V_5725e671,U_0312,2026-01-04,4410.376816677819,True,G_b4eac6,False
V_baab8e55,U_0934,2026-01-04,2869.7071646513987,True,G_b4eac6,False
V_312af666,U_0453,2026-01-04,3845.5092222654926,True,G_b4eac6,False
V_0b40affa,U_0654,2026-01-04,4138.215763949823,True,G_3ce7e7,True
V_7afa24e9,U_0130,2026-01-04,9276.772151647485,True,G_3ce7e7,False
V_3464630597,U_0693,2026-01-04,2442.1899079149057,False,,False
V_3351900158,U_0704,2026-01-04,3754.908904386844,False,,False
V_1328152456,U_0726,2026-01-04,3022.253696259388,False,,False
V_647025039,U_0778,2026-01-04,4018.0248808711794,False,,False
V_3456616442,U_0779,2026-01-04,1887.4005741775272,False,,False
V_4233675530,U_0850,2026-01-04,3475.9667882219615,False,,False
V_4060380510,U_0872,2026-01-04,2883.344609221287,False,,False
V_602381059,U_0874,2026-01-04,2638.6117141138507,False,,False
V_284466049,U_0879,2026-01-04,12114.952860342324,False,,False
V_3890196817,U_0916,2026-01-04,5553.615928098838,False,,False
V_1890455385,U_0943,2026-01-04,6040.344705209986,False,,False
V_1859499517,U_0962,2026-01-04,9144.843349788138,False,,False
V_4018429823,U_0974,2026-01-04,3950.5859472593966,False,,False
V_3082839564,U_0991,2026-01-04,5311.523504762807,False,,False
V_1453112279,U_0001,2026-01-05,6979.923034419228,False,,False
V_746c77fa,U_0055,2026-01-05,10187.142131194618,True,G_9950d3,True
V_57146b1b,U_0458,2026-01-05,10473.254123530465,True,G_9950d3,False
V_19a45577,U_0130,2026-01-05,9770.264805755985,True,G_9950d3,False
V_1319103315,U_0117,2026-01-05,5122.547487180345,False,,False
V_2628240430,U_0121,2026-01-05,4917.5937837267375,False,,False
V_1326445344,U_0160,2026-01-05,11952.473880725533,False,,False
V_e3c109d4,U_0169,2026-01-05,4928.986637344786,True,G_3f52fd,True
V_a7b8e801,U_0273,2026-01-05,3659.207328454813,True,G_3f52fd,False
V_30b9eae2,U_0420,2026-01-05,2789.1534472800176,True,G_3f52fd,False
V_c7cc2beb,U_0559,2026-01-05,2335.64526722178,True,G_3f52fd,False
V_985a48ac,U_0110,2026-01-05,4917.772589467796,True,G_3f52fd,False
V_1380578021,U_0227,2026-01-05,2695.819311824761,False,,False
V_3632478283,U_0356,2026-01-05,2960.1905440006794,False,,False
V_2911160224,U_0384,2026-01-05,4260.236454821816,False,,False
V_3112157219,U_0431,2026-01-05,5148.546114190622,False,,False
V_2236745073,U_0457,2026-01-05,7272.771803596293,False,,False
V_2952852932,U_0513,2026-01-05,14358.287331418638,False,,False
V_2818485056,U_0547,2026-01-05,3770.8097229623745,False,,False
V_4117706929,U_0563,2026-01-05,2879.5946552488576,False,,False
V_1597409815,U_0577,2026-01-05,3571.4998697672067,False,,False
V_51fb529b,U_0591,2026-01-05,7716.855846128289,True,G_74b0e9,True
V_dd3f35b2,U_0840,2026-01-05,4539.388859855285,True,G_74b0e9,False
V_1abd8d68,U_0636,2026-01-05,8523.91356104564,True,G_74b0e9,False
V_4cee59ac,U_0863,2026-01-05,6957.914699922211,True,G_74b0e9,False
V_7f255414,U_0124,2026-01-05,2362.962624850536,True,G_74b0e9,False
V_1723557180,U_0627,2026-01-05,5599.166671910401,False,,False
V_1778673065,U_0630,2026-01-05,2885.560090608958,False,,False
V_3442213755,U_0695,2026-01-05,8992.546546285763,False,,False
V_f3aed471,U_0704,2026-01-05,9353.34498078885,True,G_972b10,True
V_4bc01531,U_0972,2026-01-05,7171.830683833757,True,G_972b10,False
V_76e07e7d,U_0735,2026-01-05,7344.127123483886,True,G_7bb6e3,True
V_76df7391,U_0913,2026-01-05,11043.188933059335,True,G_7bb6e3,False
V_f944edad,U_0515,2026-01-05,3125.834984916607,True,G_7bb6e3,False
V_7c2bb575,U_0833,2026-01-05,3386.7125586102957,True,G_7bb6e3,False
V_54a604bb,U_0323,2026-01-05,7329.065694783371,True,G_7bb6e3,False
V_e469a4da,U_0125,2026-01-05,5110.071926581232,True,G_7bb6e3,False
V_3773924396,U_0740,2026-01-05,4298.44191706093,False,,False
V_6fb2a47d,U_0742,2026-01-05,7808.159904031711,True,G_c68da1,True
V_b80c2e3d,U_0001,2026-01-05,6248.161910212351,True,G_c68da1,False
V_44ed25d0,U_0295,2026-01-05,4114.022470031341,True,G_c68da1,False
V_d427d6b6,U_0661,2026-01-05,4878.004640649122,True,G_c68da1,False
V_9dbeeea6,U_0361,2026-01-05,3673.558264818519,True,G_c68da1,False
V_504ae440,U_0152,2026-01-05,3772.85100417613,True,G_c68da1,False
V_ddbbe4b9,U_0755,2026-01-05,13302.482988111113,True,G_bff85d,True
V_94d262f9,U_0840,2026-01-05,4696.88819663327,True,G_bff85d,False
V_b90b8804,U_0006,2026-01-05,7446.29699071835,True,G_bff85d,False
V_93e2bee6,U_0055,2026-01-05,9709.66655571549,True,G_bff85d,False
V_3193430463,U_0770,2026-01-05,8285.774871087506,False,,False
V_1942073450,U_0818,2026-01-05,3511.6126592037886,False,,False
V_1696911551,U_0871,2026-01-05,2811.3984918618144,False,,False
V_f44038de,U_0914,2026-01-05,3861.2083737937864,True,G_88bb1d,True
V_1a693098,U_0736,2026-01-05,4280.321983916515,True,G_88bb1d,False
V_bb3a3c86,U_0190,2026-01-05,5059.013781862007,True,G_88bb1d,False
V_97212b0a,U_0340,2026-01-05,4119.971345422418,True,G_88bb1d,False
V_d0b480a6,U_0814,2026-01-05,2625.46749302668,True,G_88bb1d,False
V_4ef3dc17,U_0266,2026-01-05,3322.3449318528524,True,G_88bb1d,False
V_2669768137,U_0930,2026-01-05,4519.621276606836,False,,False
V_351388479,U_0945,2026-01-05,3948.756108940531,False,,False
V_cf7dcad7,U_0982,2026-01-05,9468.608807199429,True,G_9ad086,True
V_4260cce8,U_0289,2026-01-05,3051.788170210167,True,G_9ad086,False
V_0ee9d22e,U_0540,2026-01-05,1775.5541728186888,True,G_9ad086,False
V_15132ccc,U_0036,2026-01-05,2642.6208036500234,True,G_9ad086,False
V_cfddc549,U_0736,2026-01-05,3656.219153799256,True,G_9ad086,False
V_d442710d,U_0681,2026-01-05,9706.368498423242,True,G_9ad086,False
V_872fdf58,U_0048,2026-01-05,2760.4233690178894,True,G_de6e83,True
V_db1bd446,U_0544,2026-01-05,3870.5263409947224,True,G_de6e83,False
V_6b846237,U_0266,2026-01-05,3598.7990815815883,True,G_de6e83,False
V_13a22414,U_0670,2026-01-05,3188.0256204462275,True,G_de6e83,False
V_b9556896,U_0533,2026-01-05,2521.403603066366,True,G_de6e83,False
V_782195112,U_0055,2026-01-05,8879.51482049612,False,,False
V_3625023946,U_0068,2026-01-05,5893.460967854443,False,,False
V_b25da409,U_0075,2026-01-05,8992.268804535135,True,G_b044f5,True
V_d83234ef,U_0937,2026-01-05,9890.045588276695,True,G_b044f5,False
V_739fd276,U_0782,2026-01-05,4367.320693441692,True,G_b044f5,False
V_bb96523e,U_0046,2026-01-05,4128.598566672951,True,G_b044f5,False
V_23971beb,U_0068,2026-01-05,3568.055459897444,True,G_b044f5,False
V_cca30a12,U_0581,2026-01-05,8646.923467385272,True,G_b044f5,False
V_fa51f321,U_0102,2026-01-05,5574.838048348041,True,G_11a534,True
V_496fa0ec,U_0488,2026-01-05,6745.5385551610125,True,G_11a534,False
V_4aa86b69,U_0709,2026-01-05,3668.1175734182543,True,G_11a534,False
V_bf45bfde,U_0540,2026-01-05,2314.505105199144,True,G_11a534,False
V_2019890617,U_0142,2026-01-05,6600.13405103191,False,,False
V_4090135023,U_0178,2026-01-05,6414.9953707237955,False,,False
V_904ced1a,U_0222,2026-01-05,3451.5805531202263,True,G_adda21,True
V_f7e64113,U_0118,2026-01-05,2617.586735104165,True,G_adda21,False
V_bc5ce72e,U_0157,2026-01-05,3259.90011216355,True,G_adda21,False
V_1244962656,U_0249,2026-01-05,6949.560834056393,False,,False
V_2658323438,U_0321,2026-01-05,5862.676143686581,False,,False
V_9250e8dc,U_0356,2026-01-05,3091.485672365498,True,G_99db3d,True
V_f0906f52,U_0590,2026-01-05,6990.062773472598,True,G_99db3d,False
V_cbc7e8d0,U_0425,2026-01-05,4518.9216480241075,True,G_99db3d,False
V_f515da98,U_0801,2026-01-05,3536.9322931455413,True,G_99db3d,False
V_3018303388,U_0357,2026-01-05,6325.7827877634045,False,,False
V_d14fdfca,U_0410,2026-01-05,2557.04764251063,True,G_fbe06b,True
V_d1e165cb,U_0903,2026-01-05,2628.1535305684715,True,G_fbe06b,False
V_a59fa3cc,U_0790,2026-01-05,6701.656180586205,True,G_fbe06b,False
V_dfdd6171,U_0129,2026-01-05,1926.302084150175,True,G_fbe06b,False
V_b223b9b7,U_0364,2026-01-05,4069.3845602518522,True,G_fbe06b,False
V_521924492,U_0414,2026-01-05,6636.984549300935,False,,False
V_c4e66847,U_0420,2026-01-05,2834.718313316157,True,G_385f58,True
V_a6115498,U_0087,2026-01-05,6198.30795143613,True,G_385f58,False
V_f04e7098,U_0111,2026-01-05,6223.867729089531,True,G_385f58,False
V_18faf21b,U_0572,2026-01-05,6729.490907689064,True,G_385f58,False
V_287741226,U_0449,2026-01-05,9342.160503570205,False,,False
V_a18a43fc,U_0468,2026-01-05,1835.8570796196673,True,G_5c6b6d,True
V_c13073b3,U_0628,2026-01-05,11626.392031570373,True,G_5c6b6d,False
V_79b4e115,U_0962,2026-01-05,2259.67151294456,True,G_5c6b6d,False
V_ba14c646,U_0636,2026-01-05,11036.704305979112,True,G_5c6b6d,False
V_2190045021,U_0499,2026-01-05,1886.407510543403,False,,False
V_4246001184,U_0519,2026-01-05,3468.5829727937576,False,,False
V_2669703146,U_0522,2026-01-05,5797.424371741555,False,,False
V_1e067666,U_0542,2026-01-05,3442.0646867960945,True,G_a31315,True
V_625381e6,U_0245,2026-01-05,1924.5233501114535,True,G_a31315,False
V_6ab73cf7,U_0908,2026-01-05,5039.065133733589,True,G_a31315,False
V_3c1eeabd,U_0573,2026-01-05,4736.73449718691,True,G_a31315,False
V_f57d4cb3,U_0120,2026-01-05,2259.5147023988457,True,G_a31315,False
V_2684485262,U_0559,2026-01-05,4121.462696438858,False,,False
V_74ffe840,U_0607,2026-01-05,6275.484845247974,True,G_9080b0,True
V_d8b9dee3,U_0051,2026-01-05,3013.1223304084606,True,G_9080b0,False
V_03f7854d,U_0661,2026-01-05,4869.37823190092,True,G_9080b0,False
V_b8c708f4,U_0030,2026-01-05,5036.030704744907,True,G_9080b0,False
V_335bf206,U_0689,2026-01-05,6454.194959938022,True,G_9080b0,False
V_7d296e75,U_0965,2026-01-05,4566.764152508511,True,G_9080b0,False
V_2701942461,U_0684,2026-01-05,2649.7383501680542,False,,False
V_8d0612a3,U_0688,2026-01-05,5502.037617213082,True,G_a32c28,True
V_e202ac8e,U_0805,2026-01-05,3230.032146316699,True,G_a32c28,False
V_36686088,U_0408,2026-01-05,7992.34985251013,True,G_a32c28,False
V_775659254,U_0705,2026-01-05,5324.157631107595,False,,False
V_72cb27d6,U_0721,2026-01-05,6672.127094056575,True,G_1f6a8e,True
V_c185b258,U_0722,2026-01-05,6193.281543073481,True,G_1f6a8e,False
V_c7fe9850,U_0248,2026-01-05,3327.8218610524896,True,G_1f6a8e,False
V_97f9216e,U_0895,2026-01-05,5828.844337024394,True,G_1f6a8e,False
V_89ed343d,U_0258,2026-01-05,3103.82847317412,True,G_1f6a8e,False
V_54cecb46,U_0908,2026-01-05,4507.135127085701,True,G_1f6a8e,False
V_1189472049,U_0773,2026-01-05,10016.060432380817,False,,False
V_2456578463,U_0791,2026-01-05,5950.640684468438,False,,False
V_c4ca70d7,U_0792,2026-01-05,4149.216062906047,True,G_c422ac,True
V_b56c45ec,U_0607,2026-01-05,5219.300578445995,True,G_c422ac,False
V_c02e8fd7,U_0908,2026-01-05,4014.390440524825,True,G_5f7131,True
V_b019bf3a,U_0365,2026-01-05,3586.5056823591794,True,G_5f7131,False
V_bae1887e,U_0078,2026-01-05,4093.130884908842,True,G_5f7131,False
V_73f87e43,U_0944,2026-01-05,2563.5554168659014,True,G_5f7131,False
V_4ee64c8a,U_0571,2026-01-05,3817.7433828814815,True,G_5f7131,False
V_c6b6497f,U_0954,2026-01-05,3515.3869416840244,True,G_2a849b,True
V_725c0d2f,U_0937,2026-01-05,11646.999757800091,True,G_2a849b,False
V_3056107681,U_0962,2026-01-05,9310.777141245355,False,,False
V_399b598f,U_0033,2026-01-06,4037.6323112728915,True,G_47e17b,True
V_82d9a43b,U_0880,2026-01-06,4338.632144507761,True,G_47e17b,False
V_1050637865,U_0035,2026-01-06,2073.48050909761,False,,False
V_01699dcb,U_0141,2026-01-06,3379.111052237043,True,G_f2bf2e,True
V_65e9e601,U_0506,2026-01-06,4929.522090717263,True,G_f2bf2e,False
V_4a620d91,U_0150,2026-01-06,3473.627253370566,True,G_cb8303,True
V_69356ab1,U_0939,2026-01-06,3860.7483692889386,True,G_cb8303,False
V_7ffd1df6,U_0836,2026-01-06,3702.692726505455,True,G_cb8303,False
V_5a49dae9,U_0779,2026-01-06,3628.8324106484856,True,G_cb8303,False
V_f4c978dc,U_0523,2026-01-06,3324.953612264035,True,G_cb8303,False
V_4e126c25,U_0812,2026-01-06,6988.024426342231,True,G_cb8303,False
V_192118ef,U_0152,2026-01-06,3043.223311285042,True,G_80a25e,True
V_14e5c30b,U_0148,2026-01-06,2172.8731840541604,True,G_80a25e,False
V_742ed722,U_0337,2026-01-06,3191.1411107018666,True,G_80a25e,False
V_f8ed9707,U_0456,2026-01-06,9138.095513153683,True,G_80a25e,False
V_4f0447ed,U_0877,2026-01-06,3021.480650034204,True,G_80a25e,False
V_450780127,U_0169,2026-01-06,3744.3403260397126,False,,False
V_3101217795,U_0194,2026-01-06,8217.348694361468,False,,False
V_26133896,U_0214,2026-01-06,3540.9213843657926,False,,False
V_782361048,U_0223,2026-01-06,2791.0601533841755,False,,False
V_2136971399,U_0225,2026-01-06,10168.225033224631,False,,False
V_1113439166,U_0329,2026-01-06,2055.4447952951614,False,,False
V_3481338180,U_0375,2026-01-06,3991.665758254208,False,,False
V_0d92e8ab,U_0378,2026-01-06,4626.111151265748,True,G_64e3d2,True
V_13331bc6,U_0506,2026-01-06,6046.414826025634,True,G_64e3d2,False
V_7ebc634b,U_0403,2026-01-06,4937.568051138549,True,G_64e3d2,False
V_4069c6e7,U_0486,2026-01-06,7001.198660470424,True,G_64e3d2,False
V_3444aa4e,U_0387,2026-01-06,10420.838014433433,True,G_18618a,True
V_ea41d5ef,U_0308,2026-01-06,4615.4648806930845,True,G_18618a,False
V_1de89290,U_0324,2026-01-06,8184.102618880996,True,G_18618a,False
V_3aeb554e,U_0951,2026-01-06,8456.740942771565,True,G_18618a,False
V_2273172989,U_0471,2026-01-06,3848.666005308307,False,,False
V_2195350544,U_0531,2026-01-06,1823.89177035484,False,,False
V_988d1cfb,U_0532,2026-01-06,6248.791630961883,True,G_b7349c,True
V_292f22aa,U_0576,2026-01-06,6140.936095564467,True,G_b7349c,False
V_295bcaf2,U_0837,2026-01-06,4286.725973381748,True,G_b7349c,False
V_1f3fdc4b,U_0574,2026-01-06,5206.486963452657,True,G_ab0fb4,True
V_1bc25ee4,U_0033,2026-01-06,3297.832776180637,True,G_ab0fb4,False
V_56eb4623,U_0536,2026-01-06,6820.512812378704,True,G_ab0fb4,False
V_1b6601fe,U_0172,2026-01-06,3653.5266328356192,True,G_ab0fb4,False
V_695114558,U_0617,2026-01-06,3391.9888019009404,False,,False
V_d866f9d7,U_0618,2026-01-06,3309.622065524771,True,G_3f36ea,True
V_e47bed17,U_0840,2026-01-06,3776.477745796605,True,G_3f36ea,False
V_0e121a67,U_0413,2026-01-06,4332.421941495595,True,G_3f36ea,False
V_9842d1e1,U_0873,2026-01-06,6352.874879289165,True,G_3f36ea,False
V_93eeb502,U_0429,2026-01-06,10837.561055371272,True,G_3f36ea,False
V_66d5deb5,U_0757,2026-01-06,4442.210988534988,True,G_3f36ea,False
V_f6d14d44,U_0657,2026-01-06,9764.445224743287,True,G_1fd038,True
V_7e696090,U_0470,2026-01-06,4220.41776461701,True,G_1fd038,False
V_c03a647e,U_0826,2026-01-06,7282.730439759281,True,G_1fd038,False
V_d142a792,U_0704,2026-01-06,8398.413096115002,True,G_1fd038,False
V_a2ce255e,U_0752,2026-01-06,8160.500749075276,True,G_1fd038,False
V_1b95d37d,U_0449,2026-01-06,4105.454271100642,True,G_1fd038,False
V_533623262,U_0704,2026-01-06,9036.207887598875,False,,False
V_2314823752,U_0736,2026-01-06,3565.1098518760896,False,,False
V_86324e0e,U_0852,2026-01-06,9587.293766736806,True,G_968f1a,True
V_6705f456,U_0902,2026-01-06,9820.537044809402,True,G_968f1a,False
V_4ac0f3d8,U_0882,2026-01-06,3215.7031537660346,True,G_968f1a,False
V_915ff05d,U_0875,2026-01-06,6127.218258927945,True,G_6a808c,True
V_a7359701,U_0969,2026-01-06,12335.602559571273,True,G_6a808c,False
V_4febd2bf,U_0073,2026-01-06,6581.019367749813,True,G_6a808c,False
V_3967509449,U_0917,2026-01-06,7410.890760775861,False,,False
V_a3ef60b2,U_0969,2026-01-06,11208.174851154188,True,G_6636a7,True
V_ebd09fe7,U_0075,2026-01-06,9702.103944373885,True,G_6636a7,False
V_171396819,U_0970,2026-01-06,3980.1666077787327,False,,False
V_ab1459b7,U_0025,2026-01-06,3159.261713513431,True,G_b4bb78,True
V_a593a5a6,U_0812,2026-01-06,4934.313491177063,True,G_b4bb78,False
V_5e2a1caf,U_0010,2026-01-06,4349.251576149708,True,G_b4bb78,False
V_3e781890,U_0421,2026-01-06,5632.437778701057,True,G_b4bb78,False
V_cf6d7228,U_0602,2026-01-06,2650.3328662343843,True,G_b4bb78,False
V_2e88a795,U_0824,2026-01-06,1902.2036418424366,True,G_b4bb78,False
V_4156605878,U_0055,2026-01-06,7406.857077270155,False,,False
V_a518c3a6,U_0056,2026-01-06,2670.5437601947424,True,G_a881b9,True
V_836aaef0,U_0327,2026-01-06,2532.6479067232726,True,G_a881b9,False
V_3d9b50a5,U_0488,2026-01-06,4833.778254023821,True,G_a881b9,False
V_703d42e2,U_0090,2026-01-06,4534.513272525413,True,G_ae2a7b,True
V_edb99c52,U_0696,2026-01-06,5633.111180112512,True,G_ae2a7b,False
V_6d4f6aae,U_0232,2026-01-06,4373.4842537829845,True,G_ae2a7b,False
V_121999081,U_0124,2026-01-06,11196.399038588908,False,,False
V_136284097,U_0132,2026-01-06,3987.9771915714896,False,,False
V_436807695,U_0196,2026-01-06,3111.4319108940063,False,,False
V_4149875993,U_0202,2026-01-06,7794.007784752767,False,,False
V_646cb683,U_0206,2026-01-06,6294.120426037013,True,G_7e3a08,True
V_58aea651,U_0241,2026-01-06,2373.611549528766,True,G_7e3a08,False
V_3102262898,U_0212,2026-01-06,2215.471022709711,False,,False
V_ef863d1e,U_0218,2026-01-06,3144.893066944985,True,G_5ba31e,True
V_0f800815,U_0436,2026-01-06,8554.589815344343,True,G_5ba31e,False
V_3638436529,U_0262,2026-01-06,7637.00698472541,False,,False
V_244889420,U_0313,2026-01-06,5198.188454283026,False,,False
V_1362778370,U_0330,2026-01-06,9622.085888819602,False,,False
V_2294809543,U_0392,2026-01-06,4515.108356567332,False,,False
V_2413700782,U_0430,2026-01-06,2909.7458973781163,False,,False
V_1333039229,U_0434,2026-01-06,3112.7518665597713,False,,False
V_8ccac3db,U_0449,2026-01-06,5068.994593232491,True,G_dee31c,True
V_b330a6b8,U_0918,2026-01-06,2771.3384535579785,True,G_dee31c,False
V_1876623451,U_0514,2026-01-06,6758.080415323348,False,,False
V_240237507,U_0520,2026-01-06,2558.8493887562627,False,,False
V_4224378045,U_0545,2026-01-06,5657.002706416631,False,,False
V_267847270,U_0552,2026-01-06,3167.148787868916,False,,False
V_2399039512,U_0577,2026-01-06,2210.2799364920797,False,,False
V_26ddb143,U_0621,2026-01-06,3818.131327218246,True,G_5da9d3,True
V_2b21325c,U_0146,2026-01-06,4467.733283140275,True,G_5da9d3,False
V_48b62d09,U_0635,2026-01-06,2917.1123801296626,True,G_31015a,True
V_fc276aee,U_0245,2026-01-06,2431.1023410159855,True,G_31015a,False
V_866964746,U_0698,2026-01-06,2533.6747913960635,False,,False
V_a5f7cf82,U_0758,2026-01-06,2740.2191665670894,True,G_f85205,True
V_436a2d09,U_0181,2026-01-06,9604.844747183568,True,G_f85205,False
V_e275faf8,U_0120,2026-01-06,3179.3588723159805,True,G_f85205,False
V_8f0a396e,U_0478,2026-01-06,3648.0438780361105,True,G_f85205,False
V_9fabf49d,U_0484,2026-01-06,11564.293533673903,True,G_f85205,False
V_280730b8,U_0761,2026-01-06,1904.8176948525704,True,G_757833,True
V_4b430558,U_0265,2026-01-06,7732.594364122469,True,G_757833,False
V_883105186,U_0780,2026-01-06,5703.1784721270715,False,,False
V_2389279621,U_0794,2026-01-06,11206.791838181422,False,,False
V_0b3e2891,U_0832,2026-01-06,2269.4052240669653,True,G_b5236c,True
V_74af9546,U_0542,2026-01-06,4519.279273661552,True,G_b5236c,False
V_b0f2cf20,U_0191,2026-01-06,2491.8064302964426,True,G_b5236c,False
V_f6630694,U_0605,2026-01-06,2953.0120885984006,True,G_b5236c,False
V_48358c67,U_0846,2026-01-06,5968.249343364089,True,G_56ff04,True
V_d3f86766,U_0965,2026-01-06,4501.569919722422,True,G_56ff04,False
V_4d93d2c9,U_0579,2026-01-06,1955.287122647116,True,G_56ff04,False
V_cfdba4a3,U_0815,2026-01-06,5828.993144830508,True,G_56ff04,False
V_685833d8,U_0895,2026-01-06,6209.537234044478,True,G_56ff04,False
V_815344970,U_0858,2026-01-06,3005.5728951495134,False,,False
V_2760307835,U_0938,2026-01-06,3353.491328777669,False,,False
V_a13a3ba8,U_0940,2026-01-06,2441.784549671086,True,G_32798e,True
V_39533bb5,U_0308,2026-01-06,5858.958527018185,True,G_32798e,False
V_9fde3e08,U_0316,2026-01-06,3013.9271176686902,True,G_32798e,False
V_c78a63a4,U_0168,2026-01-06,8685.64110711669,True,G_32798e,False
V_3312454922,U_0942,2026-01-06,2916.236680800125,False,,False
V_313992969,U_0006,2026-01-07,5303.868871461556,False,,False
V_3436847982,U_0016,2026-01-07,4686.309911659962,False,,False
V_69aa0770,U_0050,2026-01-07,11280.309173058635,True,G_f5a1d0,True
V_062ab6f2,U_0614,2026-01-07,12739.091116138241,True,G_f5a1d0,False
V_8c6bab67,U_0130,2026-01-07,11037.315080741871,True,G_f5a1d0,False
V_4fbbec48,U_0308,2026-01-07,4767.697120014428,True,G_f5a1d0,False
V_13f1eb72,U_0095,2026-01-07,4890.596962734248,True,G_c93350,True
V_f337d19b,U_0354,2026-01-07,7012.306532284254,True,G_c93350,False
V_8e73f2f7,U_0422,2026-01-07,7498.854303833704,True,G_c93350,False
V_a16a208c,U_0638,2026-01-07,4500.15803943552,True,G_c93350,False
V_2487002366,U_0163,2026-01-07,11223.12129098136,False,,False
V_3997352937,U_0173,2026-01-07,6779.007757076492,False,,False
V_2174169488,U_0181,2026-01-07,8941.564117382326,False,,False
V_b1249936,U_0247,2026-01-07,4204.071881085479,True,G_b171ab,True
V_48bc18e8,U_0007,2026-01-07,6923.889813206674,True,G_b171ab,False
V_3161435546,U_0344,2026-01-07,2453.6768902801346,False,,False
V_67610324,U_0400,2026-01-07,10249.778343356787,False,,False
V_1200238381,U_0426,2026-01-07,2861.0028637458677,False,,False
V_2761135743,U_0449,2026-01-07,4949.157402017793,False,,False
V_1353755114,U_0469,2026-01-07,3613.3049083967817,False,,False
V_a157062f,U_0488,2026-01-07,6916.825508303331,True,G_f14b44,True
V_fed41d1d,U_0308,2026-01-07,5764.73619283482,True,G_f14b44,False
V_1f6eff67,U_0889,2026-01-07,5371.420791923019,True,G_f14b44,False
V_3437535513,U_0517,2026-01-07,3152.990683632327,False,,False
V_f3791827,U_0518,2026-01-07,7890.686960553412,True,G_e3c615,True
V_d4973c03,U_0415,2026-01-07,7311.9254110395605,True,G_e3c615,False
V_12348971,U_0813,2026-01-07,7308.748510241448,True,G_e3c615,False
V_3441428485,U_0574,2026-01-07,5440.113323326217,False,,False
V_9152e30c,U_0587,2026-01-07,2812.9388403089692,True,G_001cd7,True
V_05703ab7,U_0452,2026-01-07,2805.0472047777757,True,G_001cd7,False
V_f40abe2c,U_0108,2026-01-07,2553.3715355040035,True,G_001cd7,False
V_7d89d0c7,U_0481,2026-01-07,3476.2014957694787,True,G_001cd7,False
V_f0ff1272,U_0380,2026-01-07,2979.4311362817007,True,G_001cd7,False
V_779b04d7,U_0688,2026-01-07,7452.404745125194,True,G_721675,True
V_c7566249,U_0607,2026-01-07,5983.384477412793,True,G_721675,False
V_c03f876f,U_0526,2026-01-07,6363.558166365631,True,G_721675,False
V_1e731a09,U_0095,2026-01-07,5277.805206321188,True,G_721675,False
V_5cf5a14c,U_0666,2026-01-07,3665.655099401547,True,G_721675,False
V_953af0b8,U_0686,2026-01-07,3874.2362672745844,True,G_721675,False
V_961698169,U_0689,2026-01-07,6937.008484282166,False,,False
V_3207125089,U_0714,2026-01-07,4749.393565115403,False,,False
V_ee2f41c3,U_0732,2026-01-07,6942.635126946616,True,G_6b716e,True
V_be273251,U_0938,2026-01-07,4366.520299773526,True,G_6b716e,False
V_1682212668,U_0737,2026-01-07,7381.092552085065,False,,False
V_547964683,U_0752,2026-01-07,6915.613587851955,False,,False
V_3644356225,U_0791,2026-01-07,3441.6712644848903,False,,False
V_205597741,U_0813,2026-01-07,8567.365063093004,False,,False
V_2949087490,U_0831,2026-01-07,5389.152011234427,False,,False
V_f04c0606,U_0837,2026-01-07,3932.5445632686547,True,G_44641e,True
V_a888143d,U_0332,2026-01-07,6273.582898232884,True,G_44641e,False
V_7565c203,U_0847,2026-01-07,6401.51779614382,True,G_d0332b,True
V_ed55cdf6,U_0550,2026-01-07,5229.016129106905,True,G_d0332b,False
V_aeee2216,U_0087,2026-01-07,5712.567076551861,True,G_d0332b,False
V_c8587149,U_0745,2026-01-07,2917.9493076443327,True,G_d0332b,False
V_f268c284,U_0750,2026-01-07,6786.026820704755,True,G_d0332b,False
V_c3500da5,U_0260,2026-01-07,5336.499881873587,True,G_d0332b,False
V_c697cc78,U_0894,2026-01-07,2127.930531425709,True,G_8aec80,True
V_b3048a5f,U_0855,2026-01-07,2401.444373548433,True,G_8aec80,False
V_a4bd81d3,U_0990,2026-01-07,2012.2347020158522,True,G_8aec80,False
V_fae93587,U_0615,2026-01-07,2525.7416425416336,True,G_8aec80,False
V_c8d9e0e7,U_0964,2026-01-07,2849.2992402483515,True,G_8aec80,False
V_61485894,U_0937,2026-01-07,8159.625241538967,False,,False
V_849f15c0,U_0945,2026-01-07,5312.988124210185,True,G_d62ba4,True
V_e3596588,U_0600,2026-01-07,4144.924592132259,True,G_d62ba4,False
V_2091793549,U_0016,2026-01-07,6358.656052087137,False,,False
V_1637272514,U_0051,2026-01-07,5788.651646583696,False,,False
V_01083b71,U_0161,2026-01-07,6532.21717305933,True,G_7040a8,True
V_15fe3909,U_0308,2026-01-07,4922.058293769798,True,G_7040a8,False
V_a6df1e21,U_0168,2026-01-07,11330.231208630701,True,G_21f3b1,True
V_b5b0f2e8,U_0409,2026-01-07,3153.933914596273,True,G_21f3b1,False
V_35e96588,U_0214,2026-01-07,3479.5667725480134,True,G_21f3b1,False
V_c412451a,U_0887,2026-01-07,4548.002316712923,True,G_21f3b1,False
V_336509416,U_0189,2026-01-07,12738.640826770838,False,,False
V_3893683393,U_0202,2026-01-07,10321.265258678335,False,,False
V_511ee06d,U_0211,2026-01-07,5018.416327198411,True,G_11bd40,True
V_b3b6b1ed,U_0202,2026-01-07,2871.5890641200444,True,G_11bd40,False
V_776656cd,U_0024,2026-01-07,9831.168782229142,True,G_11bd40,False
V_28051490,U_0178,2026-01-07,10493.384075463764,True,G_11bd40,False
V_2700622900,U_0220,2026-01-07,8213.10724272703,False,,False
V_be25682e,U_0232,2026-01-07,4777.036065166541,True,G_0b3615,True
V_c01c2b08,U_0941,2026-01-07,3205.0069336293873,True,G_0b3615,False
V_fceae5dc,U_0644,2026-01-07,4080.3908579933977,True,G_0b3615,False
V_3226b664,U_0417,2026-01-07,3259.9140569099627,True,G_0b3615,False
V_f114d5b7,U_0245,2026-01-07,2183.451640101319,True,G_1b3cdc,True
V_7f4711f5,U_0530,2026-01-07,1655.5667300711443,True,G_1b3cdc,False
V_1045bc88,U_0842,2026-01-07,3489.551844019401,True,G_1b3cdc,False
V_133ba6e6,U_0979,2026-01-07,4343.128160686367,True,G_1b3cdc,False
V_a221b6ee,U_0379,2026-01-07,2899.0618364964544,True,G_1b3cdc,False
V_57f5051d,U_0405,2026-01-07,3260.629203174124,True,G_1b3cdc,False
V_568058658,U_0302,2026-01-07,6085.051969992142,False,,False
V_70cbefbb,U_0312,2026-01-07,4897.432920470385,True,G_4dd5de,True
V_c581af10,U_0012,2026-01-07,4632.309432449342,True,G_4dd5de,False
V_cbcd54f5,U_0009,2026-01-07,7453.201100259987,True,G_4dd5de,False
V_5dfa448f,U_0121,2026-01-07,4933.590606203499,True,G_4dd5de,False
V_4272139687,U_0330,2026-01-07,9982.468883299462,False,,False
V_830c2690,U_0336,2026-01-07,7060.107110663408,True,G_eeb8ec,True
V_14c4a07d,U_0694,2026-01-07,6381.946774480589,True,G_eeb8ec,False
V_163513306,U_0356,2026-01-07,4648.089296695619,False,,False
V_63fea70c,U_0383,2026-01-07,4196.091040164454,True,G_bc4af2,True
V_419ea356,U_0412,2026-01-07,2781.740082233086,True,G_bc4af2,False
V_679674d4,U_0678,2026-01-07,7557.8800820362585,True,G_bc4af2,False
V_2049255872,U_0426,2026-01-07,3675.372333717799,False,,False
V_510614804,U_0486,2026-01-07,4879.691570996934,False,,False
V_30c43ffb,U_0492,2026-01-07,2842.9988482411823,True,G_ffcc88,True
V_7eea9581,U_0039,2026-01-07,2876.7280908224025,True,G_ffcc88,False
V_86964cb5,U_0458,2026-01-07,12815.61408053531,True,G_ffcc88,False
V_29651ef4,U_0646,2026-01-07,10705.196564780235,True,G_ffcc88,False
V_1f1a1be8,U_0387,2026-01-07,11274.652874412015,True,G_ffcc88,False
V_110097977,U_0501,2026-01-07,2734.764941104838,False,,False
V_2875848726,U_0505,2026-01-07,8117.342377189895,False,,False
V_258201860,U_0506,2026-01-07,5381.923551878825,False,,False
V_4015862238,U_0519,2026-01-07,4508.733240660825,False,,False
V_84824097,U_0556,2026-01-07,2428.5101502969464,False,,False
V_33505191,U_0609,2026-01-07,3686.6421666208903,True,G_d79855,True
V_62245770,U_0274,2026-01-07,5159.059456824228,True,G_d79855,False
V_21d16f9e,U_0928,2026-01-07,2868.9214820662223,True,G_d79855,False
V_600734272,U_0647,2026-01-07,6975.356504385449,False,,False
V_2366233704,U_0650,2026-01-07,7738.1545217105895,False,,False
V_9b1874a8,U_0651,2026-01-07,3704.349901407368,True,G_3e7a9d,True
V_58bb9539,U_0696,2026-01-07,6114.365169362887,True,G_3e7a9d,False
V_46158933,U_0595,2026-01-07,7081.377730986018,True,G_3e7a9d,False
V_2234097292,U_0669,2026-01-07,4663.413246204744,False,,False
V_3809806260,U_0736,2026-01-07,11896.548321537768,False,,False
V_4ad53ed0,U_0768,2026-01-07,5893.873845933944,True,G_877f15,True
V_17f8374e,U_0337,2026-01-07,2932.784841435173,True,G_877f15,False
V_b9d45d1a,U_0783,2026-01-07,4322.839635197662,True,G_d12525,True
V_5f1ae967,U_0651,2026-01-07,3484.7532664566743,True,G_d12525,False
V_bb8ff01f,U_0268,2026-01-07,6651.362582253613,True,G_d12525,False
V_3286062e,U_0838,2026-01-07,4538.201400164185,True,G_00f4c3,True
V_f9053f57,U_0208,2026-01-07,3039.6624755764196,True,G_00f4c3,False
V_7e3d737b,U_0330,2026-01-07,3456.7384865573017,True,G_00f4c3,False
V_32007b8a,U_0225,2026-01-07,11276.398921151911,True,G_00f4c3,False
V_dba70e10,U_0704,2026-01-07,7036.885919610903,True,G_00f4c3,False
V_551959452,U_0841,2026-01-07,3763.4943956595835,False,,False
V_1400670334,U_0864,2026-01-07,7541.244756313927,False,,False
V_4a4cc87d,U_0903,2026-01-07,2931.0995252791363,True,G_2dfda3,True
V_fe845558,U_0672,2026-01-07,4325.450085628294,True,G_2dfda3,False
V_204cd3e7,U_0087,2026-01-07,5965.8832298871985,True,G_2dfda3,False
V_a098e11d,U_0169,2026-01-07,4876.996644939313,True,G_2dfda3,False
V_698485bb,U_0679,2026-01-07,2533.41139946935,True,G_2dfda3,False
V_8a06c9ad,U_0647,2026-01-07,5445.120969600146,True,G_2dfda3,False
V_1840716623,U_0928,2026-01-07,5038.631085556659,False,,False
V_c3ef8997,U_0931,2026-01-07,3666.0710174821493,True,G_1fa600,True
V_2ddb0ac8,U_0625,2026-01-07,5098.500351294884,True,G_1fa600,False
V_27305d03,U_0727,2026-01-07,8483.523626961203,True,G_1fa600,False
V_6d7b7536,U_0789,2026-01-07,3213.366885820822,True,G_1fa600,False
V_12ad0306,U_0336,2026-01-07,6300.655949683887,True,G_1fa600,False
V_fde46321,U_0265,2026-01-07,5821.729271189351,True,G_1fa600,False
V_4ead0e4c,U_0015,2026-01-08,9392.08450563835,True,G_076856,True
V_5277fc59,U_0628,2026-01-08,13588.531656993087,True,G_076856,False
V_d4195581,U_0208,2026-01-08,3152.1995115605073,True,G_076856,False
V_524d443e,U_0303,2026-01-08,11095.404929360966,True,G_076856,False
V_48f3ea6e,U_0632,2026-01-08,2394.7423557661914,True,G_076856,False
V_c80982b9,U_0024,2026-01-08,12454.731089295887,True,G_8cd20d,True
V_6ba42b2a,U_0654,2026-01-08,3225.865434658719,True,G_8cd20d,False
V_3683305722,U_0050,2026-01-08,12248.668825575178,False,,False
V_2635454032,U_0083,2026-01-08,5423.375178375913,False,,False
V_2594547373,U_0143,2026-01-08,3901.9693803596515,False,,False
V_835ecc3c,U_0181,2026-01-08,11753.080074066078,True,G_e4f36f,True
V_29ebdd20,U_0161,2026-01-08,7490.271965363503,True,G_e4f36f,False
V_a23a00d4,U_0943,2026-01-08,2422.7074611484813,True,G_e4f36f,False
V_3166429175,U_0222,2026-01-08,2813.298734428034,False,,False
V_355361583,U_0251,2026-01-08,2603.688727662473,False,,False
V_cd96285d,U_0288,2026-01-08,6677.385169311393,True,G_5f550a,True
V_189455b3,U_0609,2026-01-08,3760.708227591085,True,G_5f550a,False
V_72d93523,U_0714,2026-01-08,4829.395658805485,True,G_5f550a,False
V_9824e151,U_0778,2026-01-08,3307.5381114751467,True,G_5f550a,False
V_16259b3e,U_0061,2026-01-08,2769.463334835139,True,G_5f550a,False
V_6a2f0eb0,U_0453,2026-01-08,4102.708202354378,True,G_5f550a,False
V_a29d6692,U_0300,2026-01-08,4646.643502238628,True,G_fa84d7,True
V_56843a93,U_0486,2026-01-08,7824.868256821976,True,G_fa84d7,False
V_0d982f36,U_0095,2026-01-08,3850.620166914897,True,G_fa84d7,False
V_0855a16d,U_0697,2026-01-08,2693.0462419434834,True,G_fa84d7,False
V_0b2fb04b,U_0326,2026-01-08,5731.543735500658,True,G_fa84d7,False
V_8413f49d,U_0607,2026-01-08,4970.261915122724,True,G_fa84d7,False
V_4128492815,U_0323,2026-01-08,7094.088089096428,False,,False
V_2918070030,U_0329,2026-01-08,2145.1163358662334,False,,False
V_2005927057,U_0392,2026-01-08,5729.965890353955,False,,False
V_1540603236,U_0403,2026-01-08,4500.478270113327,False,,False
V_929181658,U_0415,2026-01-08,8956.609981918293,False,,False
V_15b2669f,U_0458,2026-01-08,13237.428767427778,True,G_4c6296,True
V_e15314f9,U_0032,2026-01-08,4916.704105583862,True,G_4c6296,False
V_db16f2f9,U_0338,2026-01-08,8804.367689665694,True,G_4c6296,False
V_fc28c26a,U_0982,2026-01-08,6698.691693730113,True,G_4c6296,False
V_182b40c6,U_0943,2026-01-08,2397.6297382965786,True,G_4c6296,False
V_092d2a21,U_0802,2026-01-08,9292.113378028227,True,G_4c6296,False
V_3050309353,U_0472,2026-01-08,3633.0158859010717,False,,False
V_5f8b4f10,U_0504,2026-01-08,3179.242951828367,True,G_9527da,True
V_7f8b920a,U_0186,2026-01-08,3128.0207483766817,True,G_9527da,False
V_89aa9854,U_0555,2026-01-08,2259.369732674308,True,G_9527da,False
V_34322641,U_0286,2026-01-08,3728.721214715389,True,G_9527da,False
V_4090179762,U_0515,2026-01-08,3016.686983204058,False,,False
V_1887677765,U_0580,2026-01-08,5834.493106842198,False,,False
V_1283340515,U_0595,2026-01-08,5862.5508295635,False,,False
V_1242258875,U_0630,2026-01-08,3175.0005187108013,False,,False
V_f4c9e5a1,U_0645,2026-01-08,3584.5018467710247,True,G_28edc4,True
V_ffdb656a,U_0228,2026-01-08,2938.8465381242663,True,G_28edc4,False
V_3d1c44d9,U_0003,2026-01-08,2818.427082915333,True,G_28edc4,False
V_88d7bb19,U_0681,2026-01-08,10183.727070076045,True,G_c80f6b,True
V_7b23a25d,U_0673,2026-01-08,2615.7301669778785,True,G_c80f6b,False
V_75d6c2c0,U_0415,2026-01-08,8424.095232254935,True,G_c80f6b,False
V_8806fefd,U_0737,2026-01-08,8144.229474813042,True,G_b09706,True
V_a6448f6c,U_0513,2026-01-08,14386.13219695219,True,G_b09706,False
V_02996def,U_0704,2026-01-08,8185.451585351202,True,G_b09706,False
V_04826308,U_0802,2026-01-08,7882.553810928555,True,G_b09706,False
V_a543291d,U_0414,2026-01-08,3346.5580797950406,True,G_b09706,False
V_3089480179,U_0767,2026-01-08,8093.941770819479,False,,False
V_185161661,U_0770,2026-01-08,9966.32699130643,False,,False
V_4266858733,U_0805,2026-01-08,2719.800636870728,False,,False
V_1653234138,U_0816,2026-01-08,10713.996344777635,False,,False
V_43c494c7,U_0895,2026-01-08,5526.599022018063,True,G_ba5e44,True
V_0ae6aaa7,U_0491,2026-01-08,5091.05952862977,True,G_ba5e44,False
V_1d8dd76e,U_0152,2026-01-08,3321.5145003944076,True,G_ba5e44,False
V_1b228352,U_0458,2026-01-08,12904.700228256,True,G_ba5e44,False
V_1192461593,U_0941,2026-01-08,3060.6208951770313,False,,False
V_2045467258,U_0955,2026-01-08,9816.993082955501,False,,False
V_8673647,U_0959,2026-01-08,2367.3977324801185,False,,False
V_8ffadad6,U_0967,2026-01-08,3459.6889960742365,True,G_11aefc,True
V_9d974253,U_0115,2026-01-08,2743.7351989382464,True,G_11aefc,False
V_155da992,U_0390,2026-01-08,2545.588524353735,True,G_11aefc,False
V_5c51269c,U_0919,2026-01-08,1893.3259180557836,True,G_11aefc,False
V_689760c0,U_0347,2026-01-08,3223.5823561263946,True,G_11aefc,False
V_88b0cda8,U_0894,2026-01-08,1884.3065173967511,True,G_11aefc,False
V_f08e4d83,U_0015,2026-01-08,8313.986546090506,True,G_66cc04,True
V_b87f78dc,U_0549,2026-01-08,3455.9643410327994,True,G_66cc04,False
V_1257741317,U_0028,2026-01-08,3374.9480810264936,False,,False
V_4283977219,U_0039,2026-01-08,8959.170228470724,False,,False
V_1354691093,U_0050,2026-01-08,4261.805123012333,False,,False
V_3ebdf51c,U_0087,2026-01-08,8091.178833876866,True,G_cd7ff6,True
V_4d5348e7,U_0101,2026-01-08,4305.156406340473,True,G_cd7ff6,False
V_bbe0382c,U_0111,2026-01-08,6498.64309819181,True,G_f150e8,True
V_5c7ed3e6,U_0790,2026-01-08,6307.509471501846,True,G_f150e8,False
V_f7735647,U_0137,2026-01-08,4778.37725901025,True,G_f150e8,False
V_1e12fdb5,U_0291,2026-01-08,4874.493620493698,True,G_f150e8,False
V_6ef260e2,U_0114,2026-01-08,5921.999486650276,True,G_4857dd,True
V_b349f61e,U_0400,2026-01-08,10150.579963421495,True,G_4857dd,False
V_ed6fbafd,U_0392,2026-01-08,6700.32735968662,True,G_4857dd,False
V_9a56a599,U_0622,2026-01-08,8011.364080733942,True,G_4857dd,False
V_8e85aa7e,U_0734,2026-01-08,6840.640482389185,True,G_4857dd,False
V_a05f49c7,U_0341,2026-01-08,7781.950225052616,True,G_4857dd,False
V_1393955808,U_0120,2026-01-08,11182.851215110586,False,,False
V_6d858a16,U_0124,2026-01-08,2792.9041326638758,True,G_3ba6a1,True
V_0cdbffec,U_0130,2026-01-08,11506.53807339562,True,G_3ba6a1,False
V_0461377e,U_0548,2026-01-08,7572.037478439696,True,G_3ba6a1,False
V_b338cfd0,U_0289,2026-01-08,4085.288736602754,True,G_3ba6a1,False
V_97e417ed,U_0174,2026-01-08,5403.691991439334,True,G_43d551,True
V_29d124b8,U_0946,2026-01-08,2236.648498777869,True,G_43d551,False
V_fef0f5b2,U_0476,2026-01-08,2567.843463796712,True,G_43d551,False
V_c63f734a,U_0500,2026-01-08,2416.0091801662115,True,G_43d551,False
V_9e7bc951,U_0117,2026-01-08,3952.1913372737845,True,G_43d551,False
V_623639358,U_0178,2026-01-08,9263.813085227797,False,,False
V_851064292,U_0192,2026-01-08,3764.296412386103,False,,False
V_1715612054,U_0257,2026-01-08,2942.45419009586,False,,False
V_3643439416,U_0267,2026-01-08,2727.4065460471365,False,,False
V_2743428018,U_0281,2026-01-08,2583.359453227863,False,,False
V_3694485572,U_0330,2026-01-08,10228.83666738926,False,,False
V_608f736e,U_0471,2026-01-08,3523.9075198646347,True,G_9f975a,True
V_e897c174,U_0242,2026-01-08,2838.229868123833,True,G_9f975a,False
V_13b0f5a9,U_0669,2026-01-08,3396.9812707644264,True,G_9f975a,False
V_73ca629e,U_0590,2026-01-08,5822.137193143673,True,G_9f975a,False
V_d03d31c7,U_0694,2026-01-08,6501.637765999489,True,G_9f975a,False
V_fe61aa61,U_0506,2026-01-08,5691.947251575894,True,G_9f975a,False
V_54814926,U_0592,2026-01-08,2505.544622148236,False,,False
V_3444519066,U_0596,2026-01-08,4699.20224960069,False,,False
V_cb56cfdc,U_0657,2026-01-08,10870.154872284082,True,G_bb0895,True
V_97841a83,U_0848,2026-01-08,2357.910086829357,True,G_bb0895,False
V_6ee6574d,U_0422,2026-01-08,7386.492607886284,True,G_bb0895,False
V_8af9fcbc,U_0196,2026-01-08,4253.936404960489,True,G_bb0895,False
V_c7a382af,U_0202,2026-01-08,3145.503555634809,True,G_bb0895,False
V_1384a3ae,U_0736,2026-01-08,3465.13320321967,True,G_bb0895,False
V_1113113911,U_0660,2026-01-08,3454.6073336060776,False,,False
V_14d3bbfb,U_0736,2026-01-08,3454.8085095727406,True,G_7e774c,True
V_421bdcd7,U_0178,2026-01-08,10741.179242277545,True,G_7e774c,False
V_ce239dd3,U_0050,2026-01-08,9793.960384169402,True,G_7e774c,False
V_f8b75cad,U_0160,2026-01-08,9615.9377222085,True,G_7e774c,False
V_c4bb1b87,U_0802,2026-01-08,9321.17933337326,True,G_7e774c,False
V_7780e273,U_0019,2026-01-08,6976.411290389111,True,G_7e774c,False
V_1753744178,U_0740,2026-01-08,9531.868430383523,False,,False
V_2383124996,U_0772,2026-01-08,2205.0243193948636,False,,False
V_3637520780,U_0795,2026-01-08,2125.6671440089026,False,,False
V_3548537595,U_0801,2026-01-08,6122.469736346479,False,,False
V_3100071389,U_0809,2026-01-08,3065.357683650678,False,,False
V_3649749773,U_0822,2026-01-08,5475.065164452882,False,,False
V_1912843541,U_0823,2026-01-08,6029.1160792900355,False,,False
V_2341364553,U_0846,2026-01-08,6753.141216633936,False,,False
V_2699957888,U_0866,2026-01-08,4337.960969996194,False,,False
V_3730242961,U_0882,2026-01-08,8983.319802016926,False,,False
V_e650d73a,U_0928,2026-01-08,2999.057520922855,True,G_0145fe,True
V_70d112ac,U_0256,2026-01-08,1735.8119293402542,True,G_0145fe,False
V_1195572678,U_0939,2026-01-08,2164.7080431190543,False,,False
V_3447371124,U_0950,2026-01-08,6437.217324833283,False,,False
V_501579831,U_0973,2026-01-08,2616.626254139133,False,,False
V_edf8b930,U_0997,2026-01-08,3384.3688817907932,True,G_e78a7a,True
V_dc3ced56,U_0601,2026-01-08,2190.548691749459,True,G_e78a7a,False
V_ab902a2f,U_0336,2026-01-08,7860.250882624425,True,G_e78a7a,False
V_bc7e0ac0,U_0850,2026-01-08,2912.879189059177,True,G_e78a7a,False
V_463e536b,U_0177,2026-01-08,3137.7013741206024,True,G_e78a7a,False
V_628935000,U_0015,2026-01-09,10650.984556804047,False,,False
V_c8917c36,U_0024,2026-01-09,12395.090373997931,True,G_8ec9da,True
V_f3c54b40,U_0428,2026-01-09,2305.9486494806138,True,G_8ec9da,False
V_37dd10d5,U_0727,2026-01-09,9984.483428440928,True,G_8ec9da,False
V_8fbcf3d1,U_0274,2026-01-09,4764.025787601916,True,G_8ec9da,False
V_2ce46caf,U_0515,2026-01-09,2913.9211479882733,True,G_8ec9da,False
V_de92a36b,U_0055,2026-01-09,9856.107462879649,True,G_c5b9c7,True
V_906c017c,U_0636,2026-01-09,10707.122401158314,True,G_c5b9c7,False
V_362a8cdd,U_0943,2026-01-09,1991.287804320634,True,G_c5b9c7,False
V_31954b8b,U_0484,2026-01-09,13050.719003507538,True,G_c5b9c7,False
V_5aaae8d4,U_0565,2026-01-09,9154.598061253997,True,G_c5b9c7,False
V_7a0c2e86,U_0071,2026-01-09,4032.287575951318,True,G_87ed74,True
V_d6f4abf6,U_0497,2026-01-09,2177.565051984904,True,G_87ed74,False
V_2929555784,U_0114,2026-01-09,4628.76588007225,False,,False
V_f007c54b,U_0131,2026-01-09,7320.973747885348,True,G_2ce70f,True
V_85f0f926,U_0050,2026-01-09,12663.22922184566,True,G_2ce70f,False
V_1c6a5eda,U_0537,2026-01-09,5355.606180801296,True,G_2ce70f,False
V_c5c024d2,U_0679,2026-01-09,2449.289429419474,True,G_2ce70f,False
V_5a9ae3c5,U_0151,2026-01-09,5763.799087362476,True,G_90299f,True
V_a6f5e155,U_0252,2026-01-09,6387.99410761062,True,G_90299f,False
V_d7e5b726,U_0392,2026-01-09,6907.5784558767255,True,G_90299f,False
V_b0412caf,U_0842,2026-01-09,3201.9817022073285,True,G_90299f,False
V_a193651c,U_0991,2026-01-09,1992.7072649482707,True,G_90299f,False
V_04cb7e92,U_0215,2026-01-09,6035.295527517821,True,G_90299f,False
V_3290800136,U_0181,2026-01-09,10330.104569303197,False,,False
V_562008861,U_0185,2026-01-09,4388.207227940208,False,,False
V_2714919234,U_0206,2026-01-09,5069.747663915469,False,,False
V_124c688b,U_0274,2026-01-09,4988.401766648029,True,G_99c838,True
V_8ea744ff,U_0710,2026-01-09,2976.3086891563225,True,G_99c838,False
V_e9d793b3,U_0472,2026-01-09,3468.4485968076287,True,G_99c838,False
V_843066718,U_0288,2026-01-09,5834.901281973809,False,,False
V_1cc80afc,U_0319,2026-01-09,3859.914065775512,True,G_e5f07b,True
V_2518739a,U_0303,2026-01-09,11724.60429504836,True,G_e5f07b,False
V_ee255b7e,U_0960,2026-01-09,2463.2420269989734,True,G_e5f07b,False
V_70c8d3f4,U_0374,2026-01-09,3135.038203182955,True,G_e5f07b,False
V_507da05d,U_0257,2026-01-09,2544.8976134575337,True,G_e5f07b,False
V_060d2629,U_0491,2026-01-09,5648.583069434324,True,G_e5f07b,False
V_364025636,U_0328,2026-01-09,8809.096609100916,False,,False
V_2244485512,U_0338,2026-01-09,9805.942564936651,False,,False
V_3243923760,U_0358,2026-01-09,5169.086337980951,False,,False
V_0a5b1c3d,U_0361,2026-01-09,3945.3737199877737,True,G_b8dd44,True
V_b0c1507c,U_0575,2026-01-09,4881.804324863807,True,G_b8dd44,False
V_f9c6fe9e,U_0392,2026-01-09,5604.20758058589,True,G_b8dd44,False
V_d1dbe21d,U_0995,2026-01-09,5758.189552985905,True,G_b8dd44,False
V_d2de6bc2,U_0248,2026-01-09,3180.303491866446,True,G_b8dd44,False
V_ccf870f2,U_0380,2026-01-09,3200.063460842264,True,G_d6cd41,True
V_34f708c8,U_0837,2026-01-09,4018.800393475805,True,G_d6cd41,False
V_8071cdfb,U_0399,2026-01-09,2919.7890409714514,True,G_d6cd41,False
V_5c13bcc0,U_0079,2026-01-09,2748.3085541596624,True,G_d6cd41,False
V_07cc891d,U_0391,2026-01-09,8230.325787557707,True,G_db6e02,True
V_ef5c8c1b,U_0452,2026-01-09,2591.1357157205593,True,G_db6e02,False
V_c13e33e2,U_0691,2026-01-09,6449.000849642804,True,G_db6e02,False
V_475638820,U_0428,2026-01-09,3069.2718592131973,False,,False
V_b65dfe86,U_0429,2026-01-09,9702.42297971485,True,G_b67fc6,True
V_0c56e7ff,U_0885,2026-01-09,7750.297439633378,True,G_b67fc6,False
V_c64341e8,U_0515,2026-01-09,2291.762408816652,True,G_b67fc6,False
V_14e289cd,U_0316,2026-01-09,2580.86494026434,True,G_b67fc6,False
V_e07ab2c6,U_0436,2026-01-09,8970.789325703356,True,G_fa45fb,True
V_d468c9ea,U_0125,2026-01-09,4766.898407052513,True,G_fa45fb,False
V_41672479,U_0178,2026-01-09,8414.484600243968,True,G_fa45fb,False
V_0a713b62,U_0262,2026-01-09,9277.4354179724,True,G_fa45fb,False
V_9cb40a64,U_0457,2026-01-09,8525.058699090272,True,G_fa45fb,False
V_d085c04c,U_0120,2026-01-09,2726.821231607899,True,G_fa45fb,False
V_1b2d1a21,U_0456,2026-01-09,10589.256386975192,True,G_188ae2,True
V_0f9eca8d,U_0888,2026-01-09,9193.29706309412,True,G_188ae2,False
V_af6b265d,U_0168,2026-01-09,10676.906560945079,True,G_188ae2,False
V_3c001722,U_0918,2026-01-09,2444.016129695074,True,G_188ae2,False
V_3012026961,U_0487,2026-01-09,4630.91470685873,False,,False
V_3916579828,U_0488,2026-01-09,4906.778662150644,False,,False
V_1885275279,U_0493,2026-01-09,6816.091625508763,False,,False
V_67d837ce,U_0499,2026-01-09,3043.0332977413104,True,G_841e3b,True
V_83d2ae54,U_0460,2026-01-09,2705.513108508015,True,G_841e3b,False
V_6c56772e,U_0234,2026-01-09,3910.442870633967,True,G_841e3b,False
V_2e871e55,U_0354,2026-01-09,7422.2496899152975,True,G_841e3b,False
V_d0f1feaa,U_0529,2026-01-09,5628.342431182632,True,G_1c3ad6,True
V_99dce2d1,U_0607,2026-01-09,5608.450813957995,True,G_1c3ad6,False
V_6caa91e7,U_0174,2026-01-09,4762.082021957275,True,G_1c3ad6,False
V_b2cd9ed1,U_0172,2026-01-09,4022.936413048417,True,G_1c3ad6,False
V_8787417e,U_0593,2026-01-09,2967.0791729291095,True,G_1c3ad6,False
V_8e83bba1,U_0897,2026-01-09,7601.665233240638,True,G_1c3ad6,False
V_1905974078,U_0562,2026-01-09,3169.299548753664,False,,False
V_3822066050,U_0573,2026-01-09,4437.107750487948,False,,False
V_48bdac37,U_0591,2026-01-09,5703.035107962277,True,G_ffc541,True
V_070ab254,U_0434,2026-01-09,6344.389658537537,True,G_ffc541,False
V_6b720aba,U_0761,2026-01-09,2332.1975058809944,True,G_ffc541,False
V_342390264,U_0638,2026-01-09,4486.58435946138,False,,False
V_9d9f405b,U_0650,2026-01-09,2328.4217903292188,True,G_33ce86,True
V_4decef53,U_0503,2026-01-09,8960.328506728589,True,G_33ce86,False
V_92448444,U_0760,2026-01-09,4005.2394885630006,True,G_33ce86,False
V_4247818b,U_0584,2026-01-09,2918.7792449154845,True,G_33ce86,False
V_3424156411,U_0655,2026-01-09,7198.748120378799,False,,False
V_3377886410,U_0747,2026-01-09,2174.4740651392262,False,,False
V_3459874152,U_0770,2026-01-09,8064.285614614288,False,,False
V_2654190145,U_0777,2026-01-09,3874.281677711777,False,,False
V_239465024,U_0863,2026-01-09,9034.459534041966,False,,False
V_2494432735,U_0890,2026-01-09,6620.51856682693,False,,False
V_16982251,U_0896,2026-01-09,12043.578866942895,False,,False
V_1103007576,U_0904,2026-01-09,5854.798444816682,False,,False
V_4967cd9a,U_0908,2026-01-09,5429.676686455769,True,G_905703,True
V_bf5bb418,U_0429,2026-01-09,9529.491259875173,True,G_905703,False
V_f7ddc68d,U_0310,2026-01-09,2206.572955353093,True,G_905703,False
V_3759904070,U_0955,2026-01-09,9907.54021576093,False,,False
V_620569751,U_0963,2026-01-09,4943.798689962256,False,,False
V_87cceb6f,U_0001,2026-01-09,6547.777448365925,True,G_e66480,True
V_78b8170e,U_0055,2026-01-09,10455.427455083516,True,G_e66480,False
V_62ad729e,U_0503,2026-01-09,8820.265959174321,True,G_e66480,False
V_9a9af5a7,U_0160,2026-01-09,10443.095151306547,True,G_e66480,False
V_3c3ff9ff,U_0178,2026-01-09,9382.083366549989,True,G_e66480,False
V_966ffd3d,U_0010,2026-01-09,4054.892752467537,True,G_0c2ab6,True
V_bfe8e01f,U_0105,2026-01-09,2201.290307339225,True,G_0c2ab6,False
V_726db5bd,U_0314,2026-01-09,4569.268067691632,True,G_0c2ab6,False
V_1332698835,U_0046,2026-01-09,12490.08322216922,False,,False
V_f83688d2,U_0055,2026-01-09,8145.092159766647,True,G_94d3ef,True
V_8c9caab5,U_0316,2026-01-09,3458.852080775347,True,G_94d3ef,False
V_1336ad9a,U_0937,2026-01-09,9059.1589600552,True,G_94d3ef,False
V_476fed65,U_0516,2026-01-09,2634.196957436355,True,G_94d3ef,False
V_2413811613,U_0107,2026-01-09,6741.354888349328,False,,False
V_14239fa9,U_0115,2026-01-09,2471.8285015593874,True,G_641847,True
V_319e4e26,U_0042,2026-01-09,4150.807956326462,True,G_641847,False
V_3267066260,U_0161,2026-01-09,7034.151737876834,False,,False
V_2018039923,U_0183,2026-01-09,2262.549423221068,False,,False
V_704587374,U_0196,2026-01-09,2879.010119467095,False,,False
V_0d2e87fa,U_0207,2026-01-09,3049.1619498239247,True,G_7441fc,True
V_da4b3e6a,U_0794,2026-01-09,8819.674093575302,True,G_7441fc,False
V_0ee15f50,U_0316,2026-01-09,3045.116736904394,True,G_7441fc,False
V_e81a1814,U_0043,2026-01-09,3227.602995068666,True,G_7441fc,False
V_1049559731,U_0208,2026-01-09,7410.428573235557,False,,False
V_3828614898,U_0211,2026-01-09,9399.712797075961,False,,False
V_b09784c6,U_0241,2026-01-09,2051.590938457211,True,G_0ef926,True
V_3c70bebb,U_0194,2026-01-09,9098.124862600293,True,G_0ef926,False
V_a4eedc32,U_0654,2026-01-09,3931.6659299544913,True,G_0ef926,False
V_1ea4d40c,U_0019,2026-01-09,7360.650924951195,True,G_0ef926,False
V_811212ab,U_0869,2026-01-09,3353.158637038635,True,G_0ef926,False
V_435a51fa,U_0324,2026-01-09,9252.824998998296,True,G_0ef926,False
V_2022164575,U_0255,2026-01-09,2284.1298446220444,False,,False
V_1629769521,U_0284,2026-01-09,3837.2827319702733,False,,False
V_ed881169,U_0316,2026-01-09,3321.952164758664,True,G_7e93d0,True
V_21090592,U_0388,2026-01-09,2506.639750321751,True,G_7e93d0,False
V_ba8ce7ad,U_0654,2026-01-09,4075.2593362220255,True,G_7e93d0,False
V_a992a409,U_0918,2026-01-09,2834.783515114781,True,G_7e93d0,False
V_dd5d2adc,U_0969,2026-01-09,11216.288724229475,True,G_7e93d0,False
V_3904567217,U_0336,2026-01-09,6102.205565002756,False,,False
V_3350553580,U_0434,2026-01-09,4204.359503749344,False,,False
V_2fe28d98,U_0441,2026-01-09,2690.6322110794677,True,G_400433,True
V_a33f2bff,U_0001,2026-01-09,7568.489289327423,True,G_400433,False
V_1215613894,U_0449,2026-01-09,10510.849316302829,False,,False
V_9d61b3ee,U_0514,2026-01-09,2202.5159702643523,True,G_84d577,True
V_ec8544a4,U_0735,2026-01-09,7241.648233854051,True,G_84d577,False
V_9f1b7ac2,U_0323,2026-01-09,8566.199531168351,True,G_84d577,False
V_0c89e52d,U_0875,2026-01-09,6900.0311941128775,True,G_84d577,False
V_9da5669b,U_0816,2026-01-09,7788.072834088452,True,G_84d577,False
V_365e8589,U_0519,2026-01-09,2333.1380822395117,True,G_76ea16,True
V_c3b53d86,U_0325,2026-01-09,5839.86933896695,True,G_76ea16,False
V_7b5d11d0,U_0066,2026-01-09,4705.155292416681,True,G_76ea16,False
V_07abcba9,U_0312,2026-01-09,5096.183019577285,True,G_76ea16,False
V_575a2954,U_0502,2026-01-09,4306.189085194489,True,G_76ea16,False
V_190770763,U_0540,2026-01-09,9306.916052036153,False,,False
V_1579171331,U_0587,2026-01-09,2485.5553644303473,False,,False
V_2426203006,U_0597,2026-01-09,5371.843973121204,False,,False
V_3307743180,U_0616,2026-01-09,3239.10796869026,False,,False
V_420410077,U_0676,2026-01-09,5865.339371693845,False,,False
V_2134343428,U_0731,2026-01-09,3164.7031594741297,False,,False
V_3503789258,U_0758,2026-01-09,7560.906819147065,False,,False
V_9a57c537,U_0780,2026-01-09,2297.2607875320873,True,G_3c86e1,True
V_77ffda14,U_0532,2026-01-09,5967.829860072072,True,G_3c86e1,False
V_b7e26efd,U_0390,2026-01-09,2084.394128052255,True,G_3c86e1,False
V_e352d04a,U_0429,2026-01-09,12490.907389260328,True,G_3c86e1,False
V_1758278349,U_0785,2026-01-09,4491.614934535324,False,,False
V_844dc838,U_0800,2026-01-09,4261.705951422369,True,G_6c01e2,True
V_4a351199,U_0277,2026-01-09,4747.514943057368,True,G_6c01e2,False
V_f5931402,U_0786,2026-01-09,3749.667644424881,True,G_6c01e2,False
V_c1bf92b0,U_0848,2026-01-09,2850.9185602230536,True,G_7875b1,True
V_063eb334,U_0740,2026-01-09,3181.1365062992804,True,G_7875b1,False
V_5b10ce83,U_0251,2026-01-09,2233.9107533131737,True,G_7875b1,False
V_e5f3fccb,U_0821,2026-01-09,2161.707259140649,True,G_7875b1,False
V_623df578,U_0243,2026-01-09,4063.5285805033627,True,G_7875b1,False
V_509a7544,U_0866,2026-01-09,11394.33726008813,True,G_b478a0,True
V_f8563c6d,U_0032,2026-01-09,4166.010278793749,True,G_b478a0,False
V_929cc541,U_0258,2026-01-09,3779.707283464054,True,G_b478a0,False
V_3417401577,U_0874,2026-01-09,3037.944781984802,False,,False
V_2709892271,U_0880,2026-01-09,3375.3631379726908,False,,False
V_2197504526,U_0883,2026-01-09,3071.9247576883954,False,,False
V_708225322,U_0902,2026-01-09,6222.582732494538,False,,False
V_1079797954,U_0912,2026-01-09,2751.0834674948724,False,,False
V_7f42f48d,U_0923,2026-01-09,3020.635848947513,True,G_dda8fb,True
V_278d0e53,U_0473,2026-01-09,5119.853681434167,True,G_dda8fb,False
V_0c1a73a5,U_0407,2026-01-09,2906.106661772981,True,G_dda8fb,False
V_8e869e3b,U_0304,2026-01-09,3740.5717951072265,True,G_dda8fb,False
V_2230775878,U_0941,2026-01-09,3363.3780125247968,False,,False
V_2809423979,U_0961,2026-01-09,3028.36473062601,False,,False
V_508406700,U_0985,2026-01-09,4616.624205912728,False,,False
V_2905596817,U_0992,2026-01-09,2533.2626438010916,False,,False
V_e8c54dc2,U_0015,2026-01-10,9352.311847034252,True,G_5b28b9,True
V_9d155edf,U_0852,2026-01-10,10062.072322386168,True,G_5b28b9,False
V_2edc7d05,U_0673,2026-01-10,3173.005071986126,True,G_5b28b9,False
V_fd03aa5e,U_0274,2026-01-10,5114.044649759596,True,G_5b28b9,False
V_3379111050,U_0050,2026-01-10,9917.04223111112,False,,False
V_4f0f20f7,U_0143,2026-01-10,5275.146422051469,True,G_700fa1,True
V_51a0780e,U_0727,2026-01-10,10733.831937368013,True,G_700fa1,False
V_aba72fb6,U_0508,2026-01-10,6669.0246926298305,True,G_700fa1,False
V_de0d1001,U_0722,2026-01-10,7931.663317721941,True,G_700fa1,False
V_38fbb303,U_0409,2026-01-10,2878.8697608685075,True,G_700fa1,False
V_1b342337,U_0045,2026-01-10,7097.77136192692,True,G_700fa1,False
V_4b434c12,U_0150,2026-01-10,3345.3267754426397,True,G_ee8620,True
V_d69831f4,U_0551,2026-01-10,3732.9404379834014,True,G_ee8620,False
V_14a2d1d9,U_0745,2026-01-10,2671.3388927579194,True,G_ee8620,False
V_e0079ced,U_0950,2026-01-10,2609.2928339213654,True,G_ee8620,False
V_7d4d6011,U_0852,2026-01-10,10482.128250841308,True,G_ee8620,False
V_1d879620,U_0967,2026-01-10,2781.111296130864,True,G_ee8620,False
V_ec07b47b,U_0174,2026-01-10,4876.163589896399,True,G_d1c8f9,True
V_0257b5b8,U_0625,2026-01-10,4563.140917736865,True,G_d1c8f9,False
V_755821320,U_0183,2026-01-10,10350.750179346434,False,,False
V_1021810868,U_0190,2026-01-10,7223.69314830139,False,,False
V_3162634458,U_0198,2026-01-10,3714.8647191497976,False,,False
V_bb723749,U_0214,2026-01-10,4183.7723117350315,True,G_40741d,True
V_a994183d,U_0708,2026-01-10,4029.2447687080153,True,G_40741d,False
V_af0c5b6f,U_0061,2026-01-10,2089.6582018818385,True,G_40741d,False
V_50ecf081,U_0101,2026-01-10,3471.6147628821195,True,G_40741d,False
V_79d5e5ab,U_0872,2026-01-10,6623.902802974253,True,G_40741d,False
V_1605865754,U_0295,2026-01-10,4102.6434061997015,False,,False
V_814516961,U_0301,2026-01-10,2550.012591619552,False,,False
V_2800551792,U_0323,2026-01-10,6727.711392655908,False,,False
V_a39677fb,U_0373,2026-01-10,14251.008965080606,True,G_7bc3d6,True
V_cd880cdb,U_0681,2026-01-10,10918.710287595373,True,G_7bc3d6,False
V_bf7d46cf,U_0044,2026-01-10,2797.7805987591437,True,G_7bc3d6,False
V_c55c28c2,U_0380,2026-01-10,3719.7646641992287,True,G_76cec6,True
V_72160e0c,U_0037,2026-01-10,4361.139940703021,True,G_76cec6,False
V_a03ed923,U_0766,2026-01-10,5075.068758738623,True,G_76cec6,False
V_529c3572,U_0140,2026-01-10,3537.8161754574817,True,G_76cec6,False
V_1e5e4c15,U_0817,2026-01-10,3343.7521741184282,True,G_76cec6,False
V_cc89369e,U_0400,2026-01-10,11571.680661859624,True,G_df3f4b,True
V_56db3a10,U_0265,2026-01-10,5283.0562391985395,True,G_df3f4b,False
V_abdf9c58,U_0289,2026-01-10,3123.1937723904643,True,G_df3f4b,False
V_4069407281,U_0436,2026-01-10,11003.426008914601,False,,False
V_2579465061,U_0523,2026-01-10,4877.208549918035,False,,False
V_d9497661,U_0542,2026-01-10,3185.117147467335,True,G_a86ef8,True
V_ed2c82d6,U_0935,2026-01-10,3697.8427429251524,True,G_a86ef8,False
V_678710461,U_0572,2026-01-10,6424.199860710358,False,,False
V_79cebbf8,U_0600,2026-01-10,4712.0931754058865,True,G_5b2d1b,True
V_154d7e00,U_0827,2026-01-10,5636.791508128176,True,G_5b2d1b,False
V_f5f8d029,U_0670,2026-01-10,4382.193273915188,True,G_5b2d1b,False
V_3233507449,U_0613,2026-01-10,5470.718027513903,False,,False
V_3617269014,U_0616,2026-01-10,7683.932738624542,False,,False
V_90936242,U_0657,2026-01-10,13096.04275951623,False,,False
V_2416260443,U_0689,2026-01-10,5307.2792170933735,False,,False
V_7dd0fe95,U_0692,2026-01-10,5115.09469519245,True,G_9c1b81,True
V_f33db70d,U_0162,2026-01-10,2055.9843450551884,True,G_9c1b81,False
V_aa035f1a,U_0659,2026-01-10,4318.337102699674,True,G_9c1b81,False
V_4df472bc,U_0027,2026-01-10,3450.5326857177315,True,G_9c1b81,False
V_9641251b,U_0185,2026-01-10,4861.772208914728,True,G_9c1b81,False
V_b58f0e03,U_0710,2026-01-10,3704.9751848959163,True,G_c7a9bd,True
V_68dafd02,U_0706,2026-01-10,3996.6631779923623,True,G_c7a9bd,False
V_122b5f24,U_0926,2026-01-10,2284.51245591397,True,G_c7a9bd,False
V_3167967308,U_0725,2026-01-10,6538.078743385017,False,,False
V_c8717795,U_0748,2026-01-10,6119.352677199134,True,G_641e50,True
V_68916b45,U_0714,2026-01-10,6657.157421938058,True,G_641e50,False
V_36056175,U_0769,2026-01-10,2477.28890607425,True,G_6186d8,True
V_6dddac72,U_0640,2026-01-10,3484.868945594891,True,G_6186d8,False
V_34c4388e,U_0950,2026-01-10,2577.231583983238,True,G_6186d8,False
V_121321678,U_0770,2026-01-10,8200.221292954378,False,,False
V_1492923968,U_0782,2026-01-10,4785.1604870847195,False,,False
V_2497696667,U_0783,2026-01-10,3244.281771594586,False,,False
V_6159c9d8,U_0794,2026-01-10,7905.280008675995,True,G_14a88e,True
V_d500df53,U_0508,2026-01-10,5664.570753982709,True,G_14a88e,False
V_ba3c88ce,U_0130,2026-01-10,8919.123270886977,True,G_14a88e,False
V_8624c88c,U_0993,2026-01-10,5805.100760297154,True,G_14a88e,False
V_69a7ac4c,U_0814,2026-01-10,3120.1608543748166,True,G_d88ae1,True
V_6ffaeff7,U_0399,2026-01-10,3233.6615649169744,True,G_d88ae1,False
V_d74493cb,U_0346,2026-01-10,4315.870776057287,True,G_d88ae1,False
V_0017bde3,U_0289,2026-01-10,3331.462207842815,True,G_d88ae1,False
V_09460a17,U_0720,2026-01-10,2526.8012085045175,True,G_d88ae1,False
V_1197381990,U_0845,2026-01-10,4258.534555214463,False,,False
V_358772533,U_0850,2026-01-10,3388.3435204762427,False,,False
V_3937398198,U_0856,2026-01-10,2818.2087068397823,False,,False
V_794805629,U_0863,2026-01-10,9407.49098111766,False,,False
V_1098090301,U_0871,2026-01-10,3748.9480592266464,False,,False
V_3201916672,U_0893,2026-01-10,4474.528358674881,False,,False
V_2889164918,U_0896,2026-01-10,11345.064456556585,False,,False
V_b38080cc,U_0902,2026-01-10,11777.059244493956,True,G_7b9e74,True
V_b465dd6b,U_0456,2026-01-10,9932.231603555594,True,G_7b9e74,False
V_682082fb,U_0907,2026-01-10,5346.650326415922,True,G_1e95f0,True
V_01ee1752,U_0112,2026-01-10,5890.436129594618,True,G_1e95f0,False
V_3101563598,U_0912,2026-01-10,5133.222298249485,False,,False
V_3e53d307,U_0913,2026-01-10,10883.11655049855,True,G_631d4e,True
V_350ed560,U_0046,2026-01-10,3242.908699585619,True,G_631d4e,False
V_2320294256,U_0937,2026-01-10,9241.514316977817,False,,False
V_2067855966,U_0974,2026-01-10,10900.649423518233,False,,False
V_796fdcad,U_0977,2026-01-10,7135.210012539029,True,G_8739e6,True
V_9507841c,U_0088,2026-01-10,12177.498314097873,True,G_8739e6,False
V_26485cb0,U_0833,2026-01-10,2605.2617244256985,True,G_8739e6,False
V_9a271141,U_0982,2026-01-10,8370.434749938997,True,G_8739e6,False
V_15286841,U_0189,2026-01-10,1919.8702379238207,True,G_8739e6,False
V_d0c85004,U_0004,2026-01-10,4025.294466689025,True,G_edc3fb,True
V_a268247c,U_0095,2026-01-10,5475.570644443191,True,G_edc3fb,False
V_28f512df,U_0243,2026-01-10,3801.6196555810134,True,G_edc3fb,False
V_951443298,U_0043,2026-01-10,8458.401419712953,False,,False
V_d710f0de,U_0048,2026-01-10,3444.0767763916147,True,G_7ef3c4,True
V_03521c38,U_0405,2026-01-10,2750.8750290183675,True,G_7ef3c4,False
V_94b7e227,U_0812,2026-01-10,5889.905641635315,True,G_7ef3c4,False
V_3165096718,U_0108,2026-01-10,3665.550507226711,False,,False
V_ef37cbb1,U_0154,2026-01-10,5157.374802599444,True,G_f4f189,True
V_671b6cab,U_0237,2026-01-10,12115.65083033418,True,G_f4f189,False
V_e7488c5e,U_0875,2026-01-10,6638.05938821361,True,G_f4f189,False
V_4326301e,U_0972,2026-01-10,6730.179752830632,True,G_f4f189,False
V_d99a2882,U_0918,2026-01-10,3226.0119425227767,True,G_f4f189,False
V_080793d3,U_0192,2026-01-10,2588.146315519301,True,G_a9f31a,True
V_c88286ea,U_0894,2026-01-10,2167.4906307664114,True,G_a9f31a,False
V_15da643c,U_0196,2026-01-10,3981.733886189359,True,G_429f59,True
V_99d86c38,U_0366,2026-01-10,3434.934976515909,True,G_429f59,False
V_be3e26b8,U_0285,2026-01-10,5327.082015927492,True,G_429f59,False
V_ca82fe63,U_0251,2026-01-10,2256.9112858290255,True,G_429f59,False
V_f6fb98ba,U_0860,2026-01-10,4258.711113246889,True,G_429f59,False
V_f739ae1c,U_0468,2026-01-10,2287.7280610148778,True,G_429f59,False
V_4168363525,U_0202,2026-01-10,8148.88303382271,False,,False
V_184844894,U_0206,2026-01-10,6772.033270744145,False,,False
V_3417463177,U_0256,2026-01-10,4623.925944560259,False,,False
V_1281138754,U_0266,2026-01-10,3117.575574097221,False,,False
V_508443589,U_0274,2026-01-10,12473.206118184238,False,,False
V_a2e28202,U_0303,2026-01-10,9892.58594924272,True,G_9095d4,True
V_ba1f185c,U_0460,2026-01-10,3125.0973369912895,True,G_9095d4,False
V_bedabc10,U_0189,2026-01-10,2168.7493074720746,True,G_9095d4,False
V_341761364,U_0342,2026-01-10,3408.2156839887634,False,,False
V_2596514111,U_0368,2026-01-10,4479.374007190167,False,,False
V_73cde398,U_0417,2026-01-10,2750.7483080328625,True,G_8db73d,True
V_c1a68a1d,U_0486,2026-01-10,6241.4068734135,True,G_8db73d,False
V_bb879327,U_0624,2026-01-10,6390.288426998939,True,G_8db73d,False
V_4b642b7b,U_0792,2026-01-10,4051.509492683823,True,G_8db73d,False
V_fc8db7e1,U_0764,2026-01-10,2695.008562281712,True,G_8db73d,False
V_541e9c3d,U_0951,2026-01-10,11634.057571718511,True,G_8db73d,False
V_3575809132,U_0423,2026-01-10,4322.413588150988,False,,False
V_5dead527,U_0468,2026-01-10,2101.154641637391,True,G_d09f18,True
V_07dd3399,U_0540,2026-01-10,2441.235066682399,True,G_d09f18,False
V_71b15d73,U_0514,2026-01-10,2456.6376220943725,True,G_d09f18,False
V_3205549195,U_0505,2026-01-10,7112.183982730425,False,,False
V_965227285,U_0522,2026-01-10,6107.5072181598935,False,,False
V_876381942,U_0588,2026-01-10,4284.246989029352,False,,False
V_1393351219,U_0607,2026-01-10,4693.710192737912,False,,False
V_3401346033,U_0621,2026-01-10,2784.330168850549,False,,False
V_1ea43b1b,U_0632,2026-01-10,2415.7364920801756,True,G_56de11,True
V_943ab7c8,U_0428,2026-01-10,2659.505913596011,True,G_56de11,False
V_1508229017,U_0654,2026-01-10,10205.101894846297,False,,False
V_1640277179,U_0714,2026-01-10,3976.1825064944014,False,,False
V_2708131621,U_0754,2026-01-10,6992.822926072128,False,,False
V_156273562,U_0802,2026-01-10,12806.793822894511,False,,False
V_1742715122,U_0841,2026-01-10,3846.832160796592,False,,False
V_c945a121,U_0862,2026-01-10,6493.032506540742,True,G_84d2f9,True
V_4c3a7288,U_0462,2026-01-10,2774.3294561271714,True,G_84d2f9,False
V_52d9d139,U_0869,2026-01-10,2976.1440159468693,True,G_27a31a,True
V_181f4784,U_0826,2026-01-10,8448.927161043008,True,G_27a31a,False
V_5b39986e,U_0591,2026-01-10,6553.125591597593,True,G_27a31a,False
V_b97f70c5,U_0887,2026-01-10,6081.831692088721,True,G_894180,True
V_6206af37,U_0177,2026-01-10,3452.1648550985474,True,G_894180,False
V_a02aa03d,U_0785,2026-01-10,6777.605292552269,True,G_894180,False
V_205a2dae,U_0117,2026-01-10,5237.934441831111,True,G_894180,False
V_38e1cc81,U_0073,2026-01-10,6738.523646611445,True,G_894180,False
V_c9f4301e,U_0904,2026-01-10,7093.380523466837,True,G_894180,False
V_1362089155,U_0903,2026-01-10,3678.117478936128,False,,False
V_3728348022,U_0940,2026-01-10,8344.733431324143,False,,False
V_81e99efd,U_0953,2026-01-10,4094.149399674919,True,G_add431,True
V_5a19694d,U_0949,2026-01-10,2781.289859299635,True,G_add431,False
V_9dc645f1,U_0079,2026-01-10,2498.2575575396904,True,G_add431,False
V_7a8a362d,U_0042,2026-01-10,3894.369139074651,True,G_add431,False
V_3557858896,U_0975,2026-01-10,6239.820153772163,False,,False
V_76262fe5,U_0023,2026-01-11,4137.281769352363,True,G_5b4916,True
V_e4dd957a,U_0934,2026-01-11,3629.102915793831,True,G_5b4916,False
V_a0b7bb13,U_0473,2026-01-11,4879.819747624639,True,G_5b4916,False
V_65d979ee,U_0537,2026-01-11,4002.964741171684,True,G_5b4916,False
V_696646467,U_0033,2026-01-11,4136.519436677666,False,,False
V_4114339006,U_0042,2026-01-11,4533.474501898871,False,,False
V_1494148128,U_0062,2026-01-11,3805.5914592270415,False,,False
V_3889426281,U_0097,2026-01-11,9796.792078223221,False,,False
V_1628302653,U_0114,2026-01-11,6261.751601481025,False,,False
V_333463510,U_0135,2026-01-11,3482.7193391547726,False,,False
V_4029972933,U_0179,2026-01-11,3014.8338813516602,False,,False
V_cd0e3743,U_0194,2026-01-11,10485.888667795834,True,G_b2c52d,True
V_2eb926ae,U_0904,2026-01-11,5453.75289241447,True,G_b2c52d,False
V_67ab8a71,U_0457,2026-01-11,9819.751529112822,True,G_b2c52d,False
V_3777425496,U_0237,2026-01-11,9535.908669646858,False,,False
V_176916d9,U_0323,2026-01-11,8998.281667818625,True,G_f35486,True
V_36b1d148,U_0657,2026-01-11,9343.366822884398,True,G_f35486,False
V_8effc9c5,U_0456,2026-01-11,12579.283471068315,True,G_f35486,False
V_4df5f59c,U_0183,2026-01-11,9139.280400999041,True,G_f35486,False
V_56fa0265,U_0361,2026-01-11,4057.345505317619,True,G_420508,True
V_be8a46aa,U_0242,2026-01-11,2824.461150715322,True,G_420508,False
V_2b368fa0,U_0694,2026-01-11,6413.251575867786,True,G_420508,False
V_471c3263,U_0735,2026-01-11,7719.019622551446,True,G_420508,False
V_6d409042,U_0951,2026-01-11,9653.410536919218,True,G_420508,False
V_2236964018,U_0392,2026-01-11,7851.236994583852,False,,False
V_4234103114,U_0403,2026-01-11,4103.019321703459,False,,False
V_3425695182,U_0437,2026-01-11,2229.8812109103073,False,,False
V_4207255568,U_0460,2026-01-11,3216.8788391309586,False,,False
V_0a154046,U_0493,2026-01-11,6796.618984856535,True,G_846596,True
V_6d2f3005,U_0598,2026-01-11,3258.3883266224752,True,G_846596,False
V_ea69185f,U_0727,2026-01-11,11080.95240837702,True,G_846596,False
V_a487c030,U_0597,2026-01-11,2790.267289531294,True,G_846596,False
V_c10debf2,U_0607,2026-01-11,4851.244588851719,True,G_846596,False
V_322052681,U_0526,2026-01-11,6188.0227473328605,False,,False
V_5a54a137,U_0574,2026-01-11,4616.298181672602,True,G_b04512,True
V_f6ab510b,U_0426,2026-01-11,3412.537438255141,True,G_b04512,False
V_d3e3c833,U_0033,2026-01-11,3185.6282286998526,True,G_b04512,False
V_2738515891,U_0603,2026-01-11,2782.691400785054,False,,False
V_060e4d3a,U_0628,2026-01-11,11962.859822423325,True,G_5d1d49,True
V_7fe149e1,U_0553,2026-01-11,4310.113548297617,True,G_5d1d49,False
V_d6291726,U_0726,2026-01-11,4302.265487351216,True,G_2fcaad,True
V_73196e41,U_0638,2026-01-11,4167.966759837487,True,G_2fcaad,False
V_001aec86,U_0930,2026-01-11,4382.634322754486,True,G_2fcaad,False
V_16259772,U_0420,2026-01-11,2097.2596799640005,True,G_2fcaad,False
V_5c9e5329,U_0664,2026-01-11,3778.336918121484,True,G_2fcaad,False
V_ef63bbc3,U_0813,2026-01-11,9752.275536677722,True,G_2fcaad,False
V_2616986603,U_0775,2026-01-11,4053.141555560324,False,,False
V_25fdf5d8,U_0800,2026-01-11,3933.643022541648,True,G_4165ab,True
V_9e207be9,U_0729,2026-01-11,5268.878605257646,True,G_4165ab,False
V_3215373469,U_0866,2026-01-11,11186.446088841376,False,,False
V_1976945623,U_0922,2026-01-11,4417.792582842494,False,,False
V_957209657,U_0965,2026-01-11,6401.202605734307,False,,False
V_896fcf07,U_0977,2026-01-11,9534.221532925063,True,G_25fec9,True
V_a0a0c182,U_0168,2026-01-11,9652.658926226884,True,G_25fec9,False
V_0e3a41bb,U_0875,2026-01-11,6043.413926759884,True,G_25fec9,False
V_7b5e16a1,U_0770,2026-01-11,8319.23127185127,True,G_25fec9,False
V_b7d392bf,U_0804,2026-01-11,4535.8273703998475,True,G_25fec9,False
V_1914492446,U_0004,2026-01-11,4586.379473515296,False,,False
V_5bbf5f80,U_0005,2026-01-11,4719.000591767056,True,G_6b8a03,True
V_03b6a8f2,U_0644,2026-01-11,5194.124215148919,True,G_6b8a03,False
V_6188f675,U_0265,2026-01-11,5668.188516602435,True,G_6b8a03,False
V_1958709861,U_0050,2026-01-11,4706.007445969194,False,,False
V_2663912056,U_0053,2026-01-11,4008.8881785051058,False,,False
V_599471bb,U_0065,2026-01-11,4792.588292937396,True,G_31abc8,True
V_5f38986d,U_0582,2026-01-11,6653.38613214422,True,G_31abc8,False
V_36a58f71,U_0438,2026-01-11,2081.280376000412,True,G_31abc8,False
V_e8a9919d,U_0543,2026-01-11,2673.7564473513326,True,G_31abc8,False
V_ed9cfd35,U_0516,2026-01-11,3380.5236284658527,True,G_31abc8,False
V_715211b5,U_0552,2026-01-11,3772.946857036818,True,G_31abc8,False
V_1846291265,U_0071,2026-01-11,6109.4541333982725,False,,False
V_4e893e91,U_0088,2026-01-11,12325.966166589371,True,G_1bbb91,True
V_71cdec7f,U_0647,2026-01-11,6094.905706162515,True,G_1bbb91,False
V_2877550251,U_0148,2026-01-11,3607.7376116897694,False,,False
V_2914870115,U_0202,2026-01-11,8787.87638147209,False,,False
V_111668033,U_0206,2026-01-11,5046.650099553215,False,,False
V_2554967342,U_0208,2026-01-11,10638.441977963792,False,,False
V_1502059695,U_0220,2026-01-11,9305.804870820251,False,,False
V_3088190615,U_0260,2026-01-11,3997.963984158166,False,,False
V_c0b55101,U_0265,2026-01-11,5808.07134369727,True,G_e00b73,True
V_cb88a07d,U_0702,2026-01-11,3687.6770058229417,True,G_e00b73,False
V_715c8e1a,U_0148,2026-01-11,2911.1448507871296,True,G_e00b73,False
V_49ea0e46,U_0080,2026-01-11,7003.233586368543,True,G_e00b73,False
V_2b0cd98b,U_0088,2026-01-11,11643.98177426153,True,G_e00b73,False
V_edf7c6bd,U_0252,2026-01-11,6715.0081181956575,True,G_e00b73,False
V_665952579,U_0295,2026-01-11,10921.218601673225,False,,False
V_4032996732,U_0418,2026-01-11,10543.70673338589,False,,False
V_ee455dcf,U_0435,2026-01-11,3212.584120977263,True,G_d364f8,True
V_aefad28d,U_0003,2026-01-11,3125.6925881262964,True,G_d364f8,False
V_f62c75ab,U_0612,2026-01-11,3189.0943734116245,True,G_d364f8,False
V_4162694047,U_0441,2026-01-11,6807.256662516217,False,,False
V_896525418,U_0478,2026-01-11,11305.677618247291,False,,False
V_28457473,U_0516,2026-01-11,2950.7100873894415,True,G_0f425c,True
V_891e53dd,U_0857,2026-01-11,1739.2378952594647,True,G_0f425c,False
V_62c1b237,U_0943,2026-01-11,1813.7297907261577,True,G_0f425c,False
V_6b173b4f,U_0130,2026-01-11,8458.91213978099,True,G_0f425c,False
V_fadbfb9d,U_0220,2026-01-11,1700.5366925267695,True,G_0f425c,False
V_21bb40e8,U_0517,2026-01-11,2477.322329372527,True,G_8ae6a4,True
V_52acf7d1,U_0626,2026-01-11,2905.540640464886,True,G_8ae6a4,False
V_e95a39e4,U_0858,2026-01-11,5091.212116726152,True,G_8ae6a4,False
V_d3c083f0,U_0486,2026-01-11,7849.263162228734,True,G_8ae6a4,False
V_93c9c64a,U_0094,2026-01-11,3856.1341079270433,True,G_8ae6a4,False
V_2259134429,U_0539,2026-01-11,2249.635954002386,False,,False
V_204c2112,U_0547,2026-01-11,3168.4921775153193,True,G_b52a2f,True
V_5d47374a,U_0925,2026-01-11,2077.736777462082,True,G_b52a2f,False
V_0c5e0262,U_0445,2026-01-11,12113.047335376354,True,G_b52a2f,False
V_38c2825a,U_0261,2026-01-11,4554.122870142407,True,G_b52a2f,False
V_c60c4872,U_0582,2026-01-11,5048.9346008156435,True,G_ef8dc5,True
V_70ea6562,U_0058,2026-01-11,2181.626104357081,True,G_ef8dc5,False
V_d9bf3baf,U_0590,2026-01-11,5809.689575759821,True,G_515dd2,True
V_0d7c8627,U_0504,2026-01-11,2679.356347103758,True,G_515dd2,False
V_641636183,U_0700,2026-01-11,3460.379956780477,False,,False
V_3605957102,U_0712,2026-01-11,2451.682633661538,False,,False
V_2176299662,U_0736,2026-01-11,13752.901450091738,False,,False
V_1009086028,U_0811,2026-01-11,1997.9646476641167,False,,False
V_fa745fab,U_0882,2026-01-11,2727.4527549144464,True,G_ca363a,True
V_c3696737,U_0308,2026-01-11,4557.6901764325185,True,G_ca363a,False
V_3e7b5971,U_0816,2026-01-11,9580.131020007288,True,G_ca363a,False
V_5690a4c5,U_0456,2026-01-11,11314.006604089232,True,G_ca363a,False
V_38d39725,U_0075,2026-01-11,9707.988470023764,True,G_ca363a,False
V_856bf7e1,U_0899,2026-01-11,6747.9623241655745,True,G_8b8a73,True
V_cbbf27d0,U_0366,2026-01-11,3531.9958052581137,True,G_8b8a73,False
V_e6c01301,U_0008,2026-01-11,2463.311222275578,True,G_8b8a73,False
V_200711862,U_0903,2026-01-11,3043.6914035011446,False,,False
V_72a0861c,U_0904,2026-01-11,6454.5925189249265,True,G_7f6de9,True
V_5e29f10a,U_0503,2026-01-11,9216.280150374187,True,G_7f6de9,False
V_0d0fb910,U_0628,2026-01-11,13300.372956970923,True,G_7f6de9,False
V_77b9d37d,U_0225,2026-01-11,10001.354149882443,True,G_7f6de9,False
V_7de7ade6,U_0183,2026-01-11,7688.674831027614,True,G_7f6de9,False
V_597012d4,U_0994,2026-01-11,6262.516161184435,True,G_2f4250,True
V_84e166ae,U_0581,2026-01-11,9062.131553807316,True,G_2f4250,False
V_43adf797,U_0857,2026-01-11,2064.158259109526,True,G_2f4250,False
V_ef63ccee,U_0879,2026-01-11,2228.7836663041503,True,G_2f4250,False
V_3382453782,U_0006,2026-01-12,7190.184906270585,False,,False
V_b5318047,U_0019,2026-01-12,8862.706012180075,True,G_f6c75e,True
V_8c12c560,U_0161,2026-01-12,5388.380397494458,True,G_f6c75e,False
V_a754b6eb,U_0940,2026-01-12,2473.0005959915707,True,G_f6c75e,False
V_520fc94d,U_0225,2026-01-12,10823.242106022213,True,G_f6c75e,False
V_3951926706,U_0024,2026-01-12,9532.819555429007,False,,False
V_1836088368,U_0038,2026-01-12,2434.9561351238544,False,,False
V_5f7f0a6f,U_0068,2026-01-12,3771.171506332151,True,G_f8a056,True
V_786f6e55,U_0398,2026-01-12,2658.4744621533946,True,G_f8a056,False
V_84afd86d,U_0102,2026-01-12,6019.089402868094,True,G_a13917,True
V_ec90967a,U_0054,2026-01-12,1943.9124800721363,True,G_a13917,False
V_b8d88424,U_0745,2026-01-12,2634.5471305606875,True,G_a13917,False
V_1441205957,U_0141,2026-01-12,3641.426187585423,False,,False
V_2986132634,U_0143,2026-01-12,4090.36233077719,False,,False
V_3513255554,U_0154,2026-01-12,6773.196654027132,False,,False
V_411298618,U_0183,2026-01-12,10674.811788122255,False,,False
V_94be9064,U_0210,2026-01-12,2918.673156202767,True,G_d46bed,True
V_705cc5e1,U_0350,2026-01-12,2569.1663273225136,True,G_d46bed,False
V_d3f2eb4e,U_0124,2026-01-12,2471.412616609905,True,G_d46bed,False
V_26209330,U_0797,2026-01-12,2028.7096296176353,True,G_d46bed,False
V_8eeb37b7,U_0914,2026-01-12,3720.82425670293,True,G_d46bed,False
V_ee5f3e5d,U_0233,2026-01-12,2918.7061499632814,True,G_d46bed,False
V_3849351797,U_0212,2026-01-12,6381.85909639043,False,,False
V_e4b3c53f,U_0217,2026-01-12,3649.9666117079,True,G_82a537,True
V_dac6ecaa,U_0327,2026-01-12,2130.4845381978753,True,G_82a537,False
V_b5eb5a62,U_0958,2026-01-12,4207.863155838761,True,G_82a537,False
V_714a6544,U_0239,2026-01-12,2982.41680213408,True,G_82a537,False
V_24079dc0,U_0979,2026-01-12,4209.616805762249,True,G_82a537,False
V_3438444324,U_0265,2026-01-12,6898.200363888317,False,,False
V_3627385896,U_0321,2026-01-12,5898.8502758570685,False,,False
V_2481804023,U_0332,2026-01-12,7426.407446243381,False,,False
V_3796723821,U_0333,2026-01-12,3017.53838205549,False,,False
V_1763044588,U_0338,2026-01-12,8661.806704138924,False,,False
V_483808056,U_0349,2026-01-12,4354.443690763772,False,,False
V_19641730,U_0369,2026-01-12,5343.56484946788,True,G_41d954,True
V_2fa9fe8e,U_0004,2026-01-12,2951.104999347756,True,G_41d954,False
V_cb8fd214,U_0772,2026-01-12,6126.374463440742,True,G_41d954,False
V_be9b0161,U_0705,2026-01-12,4753.141792698632,True,G_41d954,False
V_a2c6ccb2,U_0760,2026-01-12,3732.3129395476853,True,G_41d954,False
V_adc390d9,U_0242,2026-01-12,2196.6320890243946,True,G_41d954,False
V_04a7e6f2,U_0403,2026-01-12,5767.9201344518,True,G_2ec170,True
V_cf5360f0,U_0886,2026-01-12,1915.943355833257,True,G_2ec170,False
V_1b7b0d45,U_0810,2026-01-12,4430.967283229723,True,G_2ec170,False
V_2aa178e5,U_0117,2026-01-12,4479.47814099984,True,G_2ec170,False
V_09e6870d,U_0278,2026-01-12,4504.821793144661,True,G_2ec170,False
V_3732709921,U_0415,2026-01-12,6748.441973771721,False,,False
V_2341858135,U_0418,2026-01-12,4042.5530977208527,False,,False
V_3731815963,U_0423,2026-01-12,2949.764372428313,False,,False
V_3976726499,U_0454,2026-01-12,3517.8329494464388,False,,False
V_1726748353,U_0457,2026-01-12,7828.606795266504,False,,False
V_3131347795,U_0560,2026-01-12,7864.502554585863,False,,False
V_3364184375,U_0567,2026-01-12,8038.2202994346135,False,,False
V_1517118206,U_0613,2026-01-12,6055.135360964092,False,,False
V_1325442111,U_0638,2026-01-12,4042.5423505999133,False,,False
V_433544887,U_0659,2026-01-12,4437.283259016549,False,,False
V_1033770b,U_0718,2026-01-12,7401.821408970142,True,G_e8a9d1,True
V_d44d1e0e,U_0888,2026-01-12,8977.686320441011,True,G_e8a9d1,False
V_016c0ca9,U_0794,2026-01-12,8910.103141367528,True,G_e8a9d1,False
V_1e575a0f,U_0729,2026-01-12,4333.829041010961,True,G_b8ed5a,True
V_370de0df,U_0441,2026-01-12,1984.373161439805,True,G_b8ed5a,False
V_6cca2530,U_0430,2026-01-12,5748.566423339338,True,G_b8ed5a,False
V_2b781c87,U_0884,2026-01-12,4366.672663679809,True,G_b8ed5a,False
V_3410ace2,U_0933,2026-01-12,6277.773966859601,True,G_b8ed5a,False
V_417153933,U_0809,2026-01-12,3724.192365738257,False,,False
V_904663733,U_0817,2026-01-12,4247.111558209782,False,,False
V_d2db0d73,U_0821,2026-01-12,2604.10353466203,True,G_e828a1,True
V_edd473f3,U_0525,2026-01-12,1747.8430494216564,True,G_e828a1,False
V_8b5be5d0,U_0983,2026-01-12,3377.1321478750124,True,G_e828a1,False
V_746456c4,U_0593,2026-01-12,3209.6846020380835,True,G_e828a1,False
V_ea0c90ee,U_0457,2026-01-12,7682.191152588975,True,G_e828a1,False
V_81eb71cf,U_0676,2026-01-12,3348.18481324936,True,G_e828a1,False
V_466213755,U_0852,2026-01-12,10402.26675192974,False,,False
V_1436430554,U_0883,2026-01-12,3192.1163420002968,False,,False
V_cff1808d,U_0912,2026-01-12,3931.4002189516636,True,G_f09f22,True
V_2d4f7e78,U_0299,2026-01-12,7079.154678331085,True,G_f09f22,False
V_0439905b,U_0622,2026-01-12,8057.414954044368,True,G_f09f22,False
V_78ec715c,U_0607,2026-01-12,4620.198224551925,True,G_f09f22,False
V_454865398,U_0929,2026-01-12,7180.427259858878,False,,False
V_d9b73b81,U_0949,2026-01-12,2968.448767786945,True,G_001905,True
V_aeff585d,U_0507,2026-01-12,2047.497344263705,True,G_001905,False
V_61fe5cb4,U_0153,2026-01-12,3359.742532338061,True,G_001905,False
V_1792553552,U_0994,2026-01-12,5908.753008077426,False,,False
V_4053992514,U_0004,2026-01-12,4469.787590766012,False,,False
V_800d7e77,U_0013,2026-01-12,3670.5852814652526,True,G_4bb140,True
V_49e83e36,U_0460,2026-01-12,3627.450094550523,True,G_4bb140,False
V_42276123,U_0363,2026-01-12,2612.0252520680383,True,G_4bb140,False
V_3cc7cc37,U_0019,2026-01-12,6199.021339676922,True,G_155cbe,True
V_15e198e8,U_0659,2026-01-12,4234.673776110002,True,G_155cbe,False
V_33f4f17a,U_0198,2026-01-12,5159.014443269866,True,G_155cbe,False
V_e77588d2,U_0252,2026-01-12,5152.640425804693,True,G_155cbe,False
V_2308791e,U_0948,2026-01-12,6384.665350700397,True,G_155cbe,False
V_3bdd64cf,U_0305,2026-01-12,6815.188866814883,True,G_155cbe,False
V_3830911096,U_0026,2026-01-12,2349.0888659419043,False,,False
V_2850316689,U_0061,2026-01-12,5826.212922475101,False,,False
V_1079208649,U_0165,2026-01-12,4516.534123878959,False,,False
V_a09833c0,U_0197,2026-01-12,4155.714203645909,True,G_7d34bb,True
V_1f9e3e4e,U_0987,2026-01-12,2279.9891953425936,True,G_7d34bb,False
V_1114d269,U_0241,2026-01-12,2149.194545484915,True,G_c37fe0,True
V_2cb996c4,U_0237,2026-01-12,9083.90820028342,True,G_c37fe0,False
V_9afb308f,U_0917,2026-01-12,7257.266810894807,True,G_c37fe0,False
V_0a779164,U_0024,2026-01-12,11404.20967294995,True,G_c37fe0,False
V_80f698be,U_0704,2026-01-12,9557.70284002338,True,G_c37fe0,False
V_19b838c0,U_0514,2026-01-12,2506.8970865591373,True,G_c37fe0,False
V_bfc47ff9,U_0258,2026-01-12,4093.7012659277866,True,G_93e17f,True
V_e769c0d9,U_0593,2026-01-12,3331.1788639492283,True,G_93e17f,False
V_7d867a21,U_0708,2026-01-12,5162.515508717075,True,G_93e17f,False
V_8a18b923,U_0575,2026-01-12,6157.12608525806,True,G_93e17f,False
V_7fbf011b,U_0545,2026-01-12,2621.0097405908296,True,G_93e17f,False
V_e051ded4,U_0280,2026-01-12,5734.711875764173,True,G_134d95,True
V_fe2bdd74,U_0564,2026-01-12,2175.4950351164466,True,G_134d95,False
V_a5b5d4ce,U_0289,2026-01-12,3603.2552174431985,True,G_9802b7,True
V_6f82b431,U_0418,2026-01-12,4906.984131245506,True,G_9802b7,False
V_c4f8a5a3,U_0324,2026-01-12,6940.589068811086,True,G_9802b7,False
V_030a0eb1,U_0436,2026-01-12,11105.42274461592,True,G_9802b7,False
V_2965261184,U_0295,2026-01-12,8737.679790756052,False,,False
V_3366578184,U_0308,2026-01-12,9187.415729958613,False,,False
V_531699854,U_0313,2026-01-12,5752.730523729207,False,,False
V_4051738793,U_0368,2026-01-12,3450.2976721514747,False,,False
V_834389930,U_0409,2026-01-12,5219.876612223102,False,,False
V_2334094220,U_0410,2026-01-12,2608.120990885913,False,,False
V_2430152892,U_0420,2026-01-12,3896.9556507786046,False,,False
V_bf91a8a0,U_0421,2026-01-12,7807.4825425149465,True,G_c74ddd,True
V_26401f85,U_0166,2026-01-12,6991.587753162743,True,G_c74ddd,False
V_a2de6cb8,U_0435,2026-01-12,2671.6461340516344,True,G_4d589b,True
V_422fcebe,U_0133,2026-01-12,3547.0732098573094,True,G_4d589b,False
V_68d7daa9,U_0446,2026-01-12,2824.9041441854356,True,G_b18a77,True
V_105e448d,U_0475,2026-01-12,3955.8753687441063,True,G_b18a77,False
V_8c49bc81,U_0633,2026-01-12,2322.449790752918,True,G_b18a77,False
V_317464c9,U_0372,2026-01-12,4234.798186013822,True,G_b18a77,False
V_9aba5a60,U_0450,2026-01-12,1854.170980580399,True,G_21e373,True
V_c17a0d6e,U_0544,2026-01-12,3127.273545100868,True,G_21e373,False
V_1942986719,U_0468,2026-01-12,11384.057124744462,False,,False
V_2265447970,U_0490,2026-01-12,3368.858910096489,False,,False
V_e779ba51,U_0492,2026-01-12,2263.1437582075355,True,G_9d8c34,True
V_82b25b06,U_0802,2026-01-12,9118.393906262505,True,G_9d8c34,False
V_4b2a04fd,U_0687,2026-01-12,2465.6372951548146,True,G_9d8c34,False
V_d9881ef4,U_0553,2026-01-12,4354.791658682458,True,G_9d8c34,False
V_b1422097,U_0391,2026-01-12,10012.108530427164,True,G_9d8c34,False
V_d8b3bb00,U_0813,2026-01-12,9497.969161998766,True,G_9d8c34,False
V_5cbb205b,U_0534,2026-01-12,4203.455121051828,True,G_19ef83,True
V_eff8a808,U_0347,2026-01-12,3420.293413950956,True,G_19ef83,False
V_48343103,U_0491,2026-01-12,4878.993166336879,True,G_19ef83,False
V_649235503,U_0547,2026-01-12,3744.66053320481,False,,False
V_00bb3a08,U_0595,2026-01-12,7343.289705966937,True,G_0813e1,True
V_d59d2e9d,U_0870,2026-01-12,1830.5653743753012,True,G_0813e1,False
V_fb8b4ad7,U_0185,2026-01-12,4241.008859946092,True,G_0813e1,False
V_3927025450,U_0609,2026-01-12,3965.2815468520416,False,,False
V_b3ad5297,U_0623,2026-01-12,9962.916103798592,True,G_8d45d2,True
V_7f75834f,U_0708,2026-01-12,4417.628785960088,True,G_8d45d2,False
V_b5387b34,U_0162,2026-01-12,2548.2798739139425,True,G_8d45d2,False
V_78a86c91,U_0644,2026-01-12,4538.693736644541,True,G_144469,True
V_88e84c39,U_0692,2026-01-12,5123.1728925491525,True,G_144469,False
V_4020221901,U_0659,2026-01-12,4882.888174537436,False,,False
V_b292a317,U_0676,2026-01-12,4381.197306306262,True,G_1ebae9,True
V_3688b1a3,U_0061,2026-01-12,2034.8262333180555,True,G_1ebae9,False
V_b235e6fe,U_0768,2026-01-12,4766.852024179667,True,G_1ebae9,False
V_856125557,U_0681,2026-01-12,3101.7212292503673,False,,False
V_1085941532,U_0711,2026-01-12,4596.782747382737,False,,False
V_1335176489,U_0713,2026-01-12,3027.227331211859,False,,False
V_e1e228ad,U_0731,2026-01-12,2624.6712376143482,True,G_a7da4b,True
V_a80c4718,U_0404,2026-01-12,2108.5116883609935,True,G_a7da4b,False
V_badf02e9,U_0871,2026-01-12,3239.0404666657546,True,G_a7da4b,False
V_5271f46a,U_0201,2026-01-12,3398.9035811798885,True,G_a7da4b,False
V_3376ac36,U_0182,2026-01-12,3114.297654642535,True,G_a7da4b,False
V_d044c138,U_0155,2026-01-12,2286.9740378215683,True,G_a7da4b,False
V_3767456361,U_0740,2026-01-12,13246.40025345854,False,,False
V_970245106,U_0742,2026-01-12,5254.300564444054,False,,False
V_4256238822,U_0761,2026-01-12,11938.952603110562,False,,False
V_1ed4a417,U_0782,2026-01-12,5229.849786210156,True,G_fa905d,True
V_81cd4e4c,U_0391,2026-01-12,8086.038025291509,True,G_fa905d,False
V_4e0296b4,U_0050,2026-01-12,11209.688472613749,True,G_fa905d,False
V_fdaf9ceb,U_0804,2026-01-12,3946.240030116264,True,G_1f73f9,True
V_af73d7cc,U_0308,2026-01-12,6149.934068973155,True,G_1f73f9,False
V_8e0edc06,U_0831,2026-01-12,6269.619338873069,True,G_1f73f9,False
V_7f2dc1f2,U_0323,2026-01-12,8589.717458223324,True,G_1f73f9,False
V_7d0d0bef,U_0718,2026-01-12,8429.931135952196,True,G_1f73f9,False
V_1789a0e2,U_0418,2026-01-12,4862.984739250766,True,G_1f73f9,False
V_2624533905,U_0826,2026-01-12,5760.850406672949,False,,False
V_fc23901b,U_0840,2026-01-12,4846.176334062631,True,G_6914a2,True
V_0bcdd9af,U_0514,2026-01-12,2567.3544647632125,True,G_6914a2,False
V_02dcf4e5,U_0833,2026-01-12,3118.68582812292,True,G_6914a2,False
V_37420cc0,U_0636,2026-01-12,9376.253352872165,True,G_6914a2,False
V_1803626670,U_0878,2026-01-12,4344.947523655356,False,,False
V_1072141251,U_0005,2026-01-13,4479.053609398808,False,,False
V_4112193655,U_0006,2026-01-13,5478.189129931996,False,,False
V_1940818456,U_0008,2026-01-13,2631.54756101424,False,,False
V_ee8c0b6b,U_0050,2026-01-13,11714.89710241957,True,G_8b8818,True
V_58e9bea3,U_0937,2026-01-13,9986.569396550869,True,G_8b8818,False
V_4f5af906,U_0220,2026-01-13,1909.1268712351375,True,G_8b8818,False
V_05466f40,U_0391,2026-01-13,10361.588771553383,True,G_8b8818,False
V_2058163542,U_0055,2026-01-13,10544.017301790478,False,,False
V_467351213,U_0062,2026-01-13,4321.497425299806,False,,False
V_2732661178,U_0067,2026-01-13,7224.374106850192,False,,False
V_caa943f9,U_0077,2026-01-13,6383.214351725658,True,G_232cdb,True
V_bb8e1f4f,U_0996,2026-01-13,1971.2077003295974,True,G_232cdb,False
V_9e694094,U_0600,2026-01-13,4348.3154001685025,True,G_232cdb,False
V_84aa4e4d,U_0800,2026-01-13,3746.680490193858,True,G_232cdb,False
V_668eda28,U_0101,2026-01-13,3142.7800795206235,True,G_2cc603,True
V_0868f539,U_0873,2026-01-13,6671.85083523105,True,G_2cc603,False
V_f3452745,U_0198,2026-01-13,4943.561400309592,True,G_2cc603,False
V_3518196478,U_0114,2026-01-13,5897.68427386753,False,,False
V_09fc57df,U_0169,2026-01-13,3677.5409796412873,True,G_fab99b,True
V_a4956a92,U_0378,2026-01-13,5353.032125410273,True,G_fab99b,False
V_3962000334,U_0199,2026-01-13,2890.0607407811144,False,,False
V_1656696339,U_0240,2026-01-13,5813.448228851021,False,,False
V_1693182644,U_0243,2026-01-13,5469.051963764723,False,,False
V_413634f4,U_0303,2026-01-13,9778.81872791133,True,G_b3bed8,True
V_b6a78786,U_0218,2026-01-13,3032.6166620045806,True,G_b3bed8,False
V_0f359f3e,U_0869,2026-01-13,3039.161661522388,True,G_b3bed8,False
V_570310657,U_0345,2026-01-13,9233.250438694937,False,,False
V_2914965131,U_0390,2026-01-13,2086.522192118232,False,,False
V_235032887,U_0395,2026-01-13,2110.255543424482,False,,False
V_413410e3,U_0405,2026-01-13,4008.064547288909,True,G_3af1f2,True
V_fc331c87,U_0394,2026-01-13,4178.780701242963,True,G_3af1f2,False
V_97a11a33,U_0351,2026-01-13,4126.401655755975,True,G_3af1f2,False
V_c0e58fed,U_0418,2026-01-13,5295.152574233407,True,G_fbb871,True
V_b5213b05,U_0185,2026-01-13,5277.352001107556,True,G_fbb871,False
V_981b831b,U_0511,2026-01-13,4849.047242558799,True,G_fbb871,False
V_1386181693,U_0431,2026-01-13,5754.250641673547,False,,False
V_2798e674,U_0436,2026-01-13,9486.51604802895,True,G_306bbf,True
V_87e447bb,U_0324,2026-01-13,9796.355377412336,True,G_306bbf,False
V_c5706745,U_0206,2026-01-13,5051.58672600483,True,G_306bbf,False
V_f656410f,U_0328,2026-01-13,6697.597466531944,True,G_306bbf,False
V_2d2030ed,U_0211,2026-01-13,4496.363603315438,True,G_306bbf,False
V_1710436668,U_0457,2026-01-13,8195.869715350407,False,,False
V_225530156,U_0486,2026-01-13,7960.990829182383,False,,False
V_917057642,U_0503,2026-01-13,9294.500269929162,False,,False
V_3568914487,U_0517,2026-01-13,3400.7011277898205,False,,False
V_258306953,U_0592,2026-01-13,2795.3680711883753,False,,False
V_3710095702,U_0659,2026-01-13,3767.0743031119414,False,,False
V_be244ba8,U_0688,2026-01-13,7462.3322546645395,True,G_fae902,True
V_832ea30f,U_0086,2026-01-13,4216.3232703972935,True,G_fae902,False
V_7f6a4f3b,U_0488,2026-01-13,5897.347105662184,True,G_fae902,False
V_2584704847,U_0694,2026-01-13,5796.2915355170035,False,,False
V_2779732316,U_0701,2026-01-13,5017.317867308425,False,,False
V_4109530887,U_0737,2026-01-13,8347.938921759222,False,,False
V_76c2e47d,U_0753,2026-01-13,5597.459164449403,True,G_d53d1a,True
V_f282239e,U_0870,2026-01-13,2549.4476596269465,True,G_d53d1a,False
V_0a0f5acc,U_0247,2026-01-13,4444.556915493281,True,G_d53d1a,False
V_169b9fcf,U_0532,2026-01-13,6718.488950336187,True,G_d53d1a,False
V_48116735,U_0714,2026-01-13,6019.22935041484,True,G_d53d1a,False
V_2900010313,U_0794,2026-01-13,6437.722148531775,False,,False
V_01fed328,U_0831,2026-01-13,5347.649491934235,True,G_b66aa0,True
V_4e3b5f37,U_0993,2026-01-13,6268.25462095371,True,G_b66aa0,False
V_4fedad01,U_0387,2026-01-13,9768.317596549205,True,G_b66aa0,False
V_e6d77518,U_0982,2026-01-13,6567.2691882977915,True,G_b66aa0,False
V_3645fe47,U_0735,2026-01-13,7303.004997471244,True,G_b66aa0,False
V_4099640780,U_0858,2026-01-13,5411.891647254414,False,,False
V_7b78a5f9,U_0863,2026-01-13,7371.340302459227,True,G_6decd2,True
V_a4ae1269,U_0857,2026-01-13,2272.901303723598,True,G_6decd2,False
V_3019480967,U_0866,2026-01-13,10568.78209720682,False,,False
V_2537444350,U_0885,2026-01-13,10242.053040540412,False,,False
V_1192728521,U_0890,2026-01-13,7385.974262769714,False,,False
V_a40a39ea,U_0897,2026-01-13,10370.038506752977,True,G_8dc953,True
V_b50fb663,U_0940,2026-01-13,2424.5162220526645,True,G_8dc953,False
V_ab97ca9a,U_0773,2026-01-13,4659.072931678446,True,G_8dc953,False
V_9ddd589b,U_0006,2026-01-13,7229.3904041645565,True,G_8dc953,False
V_47309232,U_0907,2026-01-13,3698.8747047922084,True,G_5914bd,True
V_03d2e11d,U_0714,2026-01-13,6594.493366915867,True,G_5914bd,False
V_a0fb8ab5,U_0785,2026-01-13,7522.583438501972,True,G_5914bd,False
V_fb128012,U_0727,2026-01-13,10055.608808136789,True,G_5914bd,False
V_1051151114,U_0910,2026-01-13,5239.941154416424,False,,False
V_1975761822,U_0948,2026-01-13,7007.966940891014,False,,False
V_408008683,U_0977,2026-01-13,8456.174391895715,False,,False
V_3600001379,U_0978,2026-01-13,3123.1140441960547,False,,False
V_1502081708,U_0992,2026-01-13,4186.217541296127,False,,False
V_4248197309,U_0032,2026-01-13,8695.265305438199,False,,False
V_cc3e208b,U_0038,2026-01-13,2021.7403566209628,True,G_93aba1,True
V_b22437a0,U_0608,2026-01-13,7321.1110167686875,True,G_93aba1,False
V_604e82d4,U_0403,2026-01-13,4227.270683858706,True,G_93aba1,False
V_75e1e062,U_0905,2026-01-13,3367.8544606127207,True,G_93aba1,False
V_d1ea5095,U_0231,2026-01-13,4693.118780096592,True,G_93aba1,False
V_5155f4cb,U_0168,2026-01-13,8673.517922048037,True,G_93aba1,False
V_3423116471,U_0045,2026-01-13,5931.426193978164,False,,False
V_2573121644,U_0057,2026-01-13,10543.96064065475,False,,False
V_b0c22bf8,U_0120,2026-01-13,2727.982574703578,True,G_ba73e0,True
V_22896a3d,U_0567,2026-01-13,9180.009012175002,True,G_ba73e0,False
V_587243543,U_0161,2026-01-13,8298.969217648888,False,,False
V_70ac4d6c,U_0199,2026-01-13,3204.268512228996,True,G_86b535,True
V_73058fcc,U_0474,2026-01-13,3568.4816111746213,True,G_86b535,False
V_0f5d0d13,U_0290,2026-01-13,2997.874490485917,True,G_86b535,False
V_96510931,U_0273,2026-01-13,3609.8272257172225,True,G_700583,True
V_7ace3c37,U_0801,2026-01-13,3788.8883590677474,True,G_700583,False
V_84724858,U_0696,2026-01-13,5266.69481521661,True,G_700583,False
V_b6da6dfe,U_0658,2026-01-13,3935.842888410983,True,G_700583,False
V_2b3d5b1b,U_0692,2026-01-13,6419.373483714948,True,G_700583,False
V_4201712781,U_0287,2026-01-13,5221.469937227271,False,,False
V_1394977301,U_0318,2026-01-13,4688.06985367869,False,,False
V_1292490835,U_0381,2026-01-13,3527.131428691159,False,,False
V_3299675290,U_0383,2026-01-13,4920.214477776599,False,,False
V_3228310465,U_0501,2026-01-13,2531.8111653933142,False,,False
V_4238652499,U_0504,2026-01-13,5695.27043399891,False,,False
V_2508969587,U_0530,2026-01-13,2304.3875445688395,False,,False
V_4179524863,U_0563,2026-01-13,4519.476009118515,False,,False
V_4024740034,U_0585,2026-01-13,5712.494093679277,False,,False
V_2996388668,U_0595,2026-01-13,3789.5475008545454,False,,False
V_2742785542,U_0603,2026-01-13,2615.292244512476,False,,False
V_83e20d78,U_0607,2026-01-13,4831.813304517837,True,G_63a661,True
V_cb0ed96f,U_0165,2026-01-13,4257.674370518731,True,G_63a661,False
V_2045740e,U_0376,2026-01-13,3138.3854770879425,True,G_63a661,False
V_2767856659,U_0632,2026-01-13,10566.599028273447,False,,False
V_3024444887,U_0758,2026-01-13,6849.650276098923,False,,False
V_58f5e8bf,U_0782,2026-01-13,3995.073606797083,True,G_d8ba39,True
V_79375025,U_0075,2026-01-13,8808.334792134941,True,G_d8ba39,False
V_0728a23b,U_0813,2026-01-13,9204.783922868535,True,G_d8ba39,False
V_3175c075,U_0628,2026-01-13,11130.607599410769,True,G_d8ba39,False
V_e05116b2,U_0800,2026-01-13,4130.864434923557,True,G_868a68,True
V_b9992c42,U_0472,2026-01-13,3396.2137038520004,True,G_868a68,False
V_100a5a5b,U_0815,2026-01-13,5712.413582548554,True,G_868a68,False
V_11657221,U_0837,2026-01-13,4237.51312433299,True,G_868a68,False
V_54db12ad,U_0789,2026-01-13,3127.663610409054,True,G_868a68,False
V_6d597faa,U_0705,2026-01-13,4954.019106513922,True,G_868a68,False
V_3056506677,U_0840,2026-01-13,8951.433774135616,False,,False
V_3feb9c56,U_0866,2026-01-13,11975.648582261865,True,G_3379a1,True
V_2436ee91,U_0721,2026-01-13,8071.614389154546,True,G_3379a1,False
V_63c29b64,U_0203,2026-01-13,2680.46974658491,True,G_3379a1,False
V_e491d36e,U_0550,2026-01-13,4016.886341343043,True,G_3379a1,False
V_4288207488,U_0885,2026-01-13,2799.270958680976,False,,False
V_3144645911,U_0951,2026-01-13,4170.2477904222715,False,,False
V_642643502,U_0982,2026-01-13,10644.664335961419,False,,False
V_4022593381,U_0009,2026-01-14,5229.043889748898,False,,False
V_2820854444,U_0012,2026-01-14,5327.267007017565,False,,False
V_dfad0c92,U_0016,2026-01-14,4307.152118628337,True,G_0e1e71,True
V_ecc80f83,U_0000,2026-01-14,4740.207128679758,True,G_0e1e71,False
V_66fa0815,U_0358,2026-01-14,5274.613086837396,True,G_0e1e71,False
V_49a2ef72,U_0243,2026-01-14,4650.985148365595,True,G_0e1e71,False
V_201077106,U_0035,2026-01-14,2382.0372030619133,False,,False
V_3854903622,U_0040,2026-01-14,2324.9178411639714,False,,False
V_dd9b31c2,U_0102,2026-01-14,5806.554676702202,True,G_e98bc4,True
V_21471218,U_0708,2026-01-14,4606.493157668257,True,G_e98bc4,False
V_913aec8f,U_0608,2026-01-14,6621.727560419615,True,G_e98bc4,False
V_dbec1529,U_0931,2026-01-14,3666.398967015342,True,G_e98bc4,False
V_eefda8d3,U_0310,2026-01-14,2690.5524037668188,True,G_e98bc4,False
V_94ce0798,U_0107,2026-01-14,3152.3998186475915,True,G_a3c77c,True
V_f3b7b712,U_0111,2026-01-14,4906.326367288299,True,G_a3c77c,False
V_8d91dbe6,U_0162,2026-01-14,2814.346364169365,True,G_a3c77c,False
V_9c4c005c,U_0258,2026-01-14,3734.6867833789947,True,G_a3c77c,False
V_1790394850,U_0172,2026-01-14,3018.7440459316977,False,,False
V_12e81606,U_0178,2026-01-14,9382.234077244319,True,G_8d7e28,True
V_9e7c248f,U_0161,2026-01-14,7110.80515827504,True,G_8d7e28,False
V_c3f8dd8a,U_0767,2026-01-14,9169.721448367256,True,G_8d7e28,False
V_4c990832,U_0321,2026-01-14,5498.8491704947955,True,G_8d7e28,False
V_9fba2fc3,U_0428,2026-01-14,2985.0713821642553,True,G_8d7e28,False
V_7734a52e,U_0194,2026-01-14,7876.94052782066,True,G_8d7e28,False
V_2805886097,U_0182,2026-01-14,3197.1294299111596,False,,False
V_720632799,U_0237,2026-01-14,10585.11145282162,False,,False
V_b12abc49,U_0277,2026-01-14,4922.975215846167,True,G_21a1e9,True
V_1de4d2b0,U_0604,2026-01-14,6225.540831075598,True,G_21a1e9,False
V_b1a89de7,U_0748,2026-01-14,5673.467706054548,True,G_21a1e9,False
V_844325e7,U_0256,2026-01-14,1977.3261344485952,True,G_21a1e9,False
V_4241d1cf,U_0195,2026-01-14,6602.174035425769,True,G_21a1e9,False
V_ac278ed4,U_0929,2026-01-14,6795.5987366463505,True,G_21a1e9,False
V_9616c55a,U_0328,2026-01-14,6485.152084692982,True,G_a584d1,True
V_0063b98c,U_0852,2026-01-14,9476.914214736842,True,G_a584d1,False
V_3260030188,U_0353,2026-01-14,2800.3779829193873,False,,False
V_2892647508,U_0387,2026-01-14,9023.034482101099,False,,False
V_f694831b,U_0408,2026-01-14,7534.07281335034,True,G_e519df,True
V_f67682c3,U_0441,2026-01-14,2315.3771648739303,True,G_e519df,False
V_a64906c0,U_0295,2026-01-14,4408.7581569233325,True,G_e519df,False
V_a59cc062,U_0288,2026-01-14,5542.385900399519,True,G_e519df,False
V_b1d43de3,U_0418,2026-01-14,4149.7750293278295,True,G_3705d0,True
V_235e8d7a,U_0951,2026-01-14,8704.512201444173,True,G_3705d0,False
V_a4889de1,U_0103,2026-01-14,3603.3050886984065,True,G_3705d0,False
V_1ba4fcd4,U_0372,2026-01-14,3890.2374928680442,True,G_3705d0,False
V_8c151409,U_0604,2026-01-14,7431.916642715215,True,G_3705d0,False
V_ceb090b0,U_0336,2026-01-14,5929.462945799669,True,G_3705d0,False
V_25096b29,U_0461,2026-01-14,10181.71883931385,True,G_7ab175,True
V_2798a886,U_0458,2026-01-14,12295.956597275917,True,G_7ab175,False
V_47ef02e6,U_0468,2026-01-14,2364.3672677397994,True,G_7ab175,False
V_e969580f,U_0505,2026-01-14,2917.3185437527227,True,G_7ab175,False
V_e63af2bc,U_0449,2026-01-14,3558.399755176867,True,G_7ab175,False
V_3822399743,U_0481,2026-01-14,3854.9569314552887,False,,False
V_d278b7e5,U_0503,2026-01-14,10579.902283345184,True,G_99174e,True
V_3d298356,U_0161,2026-01-14,6563.192732649829,True,G_99174e,False
V_4e4b8b50,U_0560,2026-01-14,10948.382811644355,True,G_99174e,False
V_ff7df14a,U_0181,2026-01-14,9887.529479488292,True,G_99174e,False
V_ced37b41,U_0024,2026-01-14,10702.548297591435,True,G_99174e,False
V_582250538,U_0521,2026-01-14,3158.9239907466676,False,,False
V_7e7a1afc,U_0527,2026-01-14,2741.9549560692117,True,G_783786,True
V_3ae00c9f,U_0224,2026-01-14,3385.2134475422035,True,G_783786,False
V_3cd1ba9f,U_0950,2026-01-14,3503.5098989520793,True,G_783786,False
V_548787450,U_0530,2026-01-14,2001.794252310246,False,,False
V_7462fd8f,U_0548,2026-01-14,7125.975956873202,True,G_110b75,True
V_25a6f0d9,U_0470,2026-01-14,3913.8244991213596,True,G_110b75,False
V_3756c6e6,U_0308,2026-01-14,5154.497983002533,True,G_110b75,False
V_a6dddf4b,U_0400,2026-01-14,9916.362297372798,True,G_110b75,False
V_1bd8665a,U_0636,2026-01-14,10747.534100424484,True,G_110b75,False
V_2168810042,U_0579,2026-01-14,2267.881669805631,False,,False
V_3618617321,U_0636,2026-01-14,8907.610158997206,False,,False
V_928f28f6,U_0681,2026-01-14,11479.43647899425,True,G_717e63,True
V_ff4201ab,U_0693,2026-01-14,6839.434258712837,True,G_717e63,False
V_bafb0d80,U_0672,2026-01-14,3652.7863054808167,True,G_717e63,False
V_c50362a4,U_0032,2026-01-14,4081.1875173191715,True,G_717e63,False
V_31e88c31,U_0704,2026-01-14,8127.665152019996,True,G_80e69d,True
V_c5f5642f,U_0295,2026-01-14,3822.338085871855,True,G_80e69d,False
V_e804f126,U_0673,2026-01-14,2905.2548250323002,True,G_80e69d,False
V_1b525bc9,U_0885,2026-01-14,8232.907049051082,True,G_80e69d,False
V_675fac92,U_0567,2026-01-14,8129.831946693477,True,G_80e69d,False
V_3589801831,U_0727,2026-01-14,10056.42902129597,False,,False
V_2852114888,U_0769,2026-01-14,2614.848398486144,False,,False
V_d87f68c6,U_0794,2026-01-14,8407.61922685479,True,G_a9f6c9,True
V_e66f07fe,U_0962,2026-01-14,2499.85869067117,True,G_a9f6c9,False
V_a2488ba3,U_0220,2026-01-14,1623.9556598710124,True,G_a9f6c9,False
V_1152926055,U_0800,2026-01-14,4400.498751108999,False,,False
V_3856774924,U_0816,2026-01-14,7631.283721253396,False,,False
V_5f35f15e,U_0851,2026-01-14,7067.9860789988,True,G_3f2b4b,True
V_b380735f,U_0039,2026-01-14,2121.4190049502313,True,G_3f2b4b,False
V_6e45dcf4,U_0206,2026-01-14,6570.649510021245,True,G_3f2b4b,False
V_76b01bf4,U_0888,2026-01-14,7799.244426495593,True,G_6c698c,True
V_380e61ff,U_0202,2026-01-14,2636.592250170819,True,G_6c698c,False
V_697f948f,U_0560,2026-01-14,9489.725680759173,True,G_6c698c,False
V_70e49f8a,U_0468,2026-01-14,1698.6275945516284,True,G_6c698c,False
V_3682814c,U_0581,2026-01-14,8745.760773432043,True,G_6c698c,False
V_8ba05e0f,U_0001,2026-01-14,6129.6024381763455,True,G_6c698c,False
V_482402399,U_0900,2026-01-14,4963.964344558633,False,,False
V_6892f477,U_0904,2026-01-14,6728.571142846758,True,G_a436f1,True
V_a67d8625,U_0146,2026-01-14,4758.723934363908,True,G_a436f1,False
V_14b24e8d,U_0697,2026-01-14,2031.9940425749892,True,G_a436f1,False
V_b8b97e95,U_0926,2026-01-14,2465.2116125115435,True,G_9b831b,True
V_c2db14ed,U_0186,2026-01-14,4274.848929769372,True,G_9b831b,False
V_2d4c31ee,U_0638,2026-01-14,4327.292777524185,True,G_9b831b,False
V_6baaa5e0,U_0929,2026-01-14,6819.732755501126,True,G_914bda,True
V_0d8b2a93,U_0890,2026-01-14,6833.226450072083,True,G_914bda,False
V_45111eb3,U_0619,2026-01-14,1773.185279297591,True,G_914bda,False
V_7f32153c,U_0738,2026-01-14,6181.212149712824,True,G_914bda,False
V_e8153583,U_0575,2026-01-14,6228.679199694149,True,G_914bda,False
V_fea267a3,U_0609,2026-01-14,3141.1695283250397,True,G_914bda,False
V_a7c931a3,U_0982,2026-01-14,7682.094865264331,True,G_35e065,True
V_f66763c0,U_0632,2026-01-14,2314.998138040492,True,G_35e065,False
V_3119391790,U_0032,2026-01-14,8253.285721059745,False,,False
V_3150166749,U_0106,2026-01-14,5613.8322613896735,False,,False
V_de7e070f,U_0128,2026-01-14,5675.563773575993,True,G_e17e21,True
V_7e6db7aa,U_0510,2026-01-14,4676.439633358578,True,G_e17e21,False
V_14674ebd,U_0227,2026-01-14,3345.4789820379206,True,G_e17e21,False
V_31351ff9,U_0823,2026-01-14,3190.2865595491503,True,G_e17e21,False
V_72e71b13,U_0710,2026-01-14,3637.43285475437,True,G_e17e21,False
V_7925385c,U_0676,2026-01-14,3457.3115456775345,True,G_e17e21,False
V_1065240991,U_0172,2026-01-14,5057.4443533111125,False,,False
V_579e4cc4,U_0210,2026-01-14,3554.6141088818604,True,G_0aa541,True
V_854b7dbe,U_0411,2026-01-14,2262.983322464178,True,G_0aa541,False
V_7179e6dc,U_0459,2026-01-14,2615.497265771312,True,G_0aa541,False
V_0f8ab2af,U_0375,2026-01-14,4220.08036412665,True,G_0aa541,False
V_256c6e56,U_0230,2026-01-14,4661.797989350964,True,G_0aa541,False
V_691b77ff,U_0220,2026-01-14,1991.6851326905537,True,G_2a1603,True
V_85e4e49d,U_0019,2026-01-14,9061.856097233816,True,G_2a1603,False
V_3bed47b6,U_0303,2026-01-14,8605.955008671743,True,G_2a1603,False
V_2193173576,U_0222,2026-01-14,2421.6551946808595,False,,False
V_3372901656,U_0236,2026-01-14,2953.4652158923996,False,,False
V_4028223865,U_0237,2026-01-14,4415.744848725933,False,,False
V_187846163,U_0273,2026-01-14,5972.755168597451,False,,False
V_a2f4ce48,U_0295,2026-01-14,4204.220546985698,True,G_76ae85,True
V_c5e93065,U_0503,2026-01-14,10510.05849190243,True,G_76ae85,False
V_1744590703,U_0321,2026-01-14,8335.508014856907,False,,False
V_3577793396,U_0333,2026-01-14,6432.841966940366,False,,False
V_3711722458,U_0372,2026-01-14,4368.206842739392,False,,False
V_3339634347,U_0388,2026-01-14,12043.378916636302,False,,False
V_b34edd79,U_0414,2026-01-14,3934.034101236347,True,G_0e3389,True
V_e2e4e3d1,U_0514,2026-01-14,2481.367309553324,True,G_0e3389,False
V_1968945973,U_0427,2026-01-14,2798.84200815501,False,,False
V_2920673930,U_0441,2026-01-14,6151.074750005711,False,,False
V_b81de058,U_0478,2026-01-14,2483.7967733273217,True,G_caaaa0,True
V_f197250e,U_0902,2026-01-14,12189.968572558446,True,G_caaaa0,False
V_7751283d,U_0125,2026-01-14,4755.049061721464,True,G_caaaa0,False
V_0b656494,U_0718,2026-01-14,9199.425412234104,True,G_caaaa0,False
V_a934f0c5,U_0073,2026-01-14,6297.26955134258,True,G_caaaa0,False
V_6dc00d55,U_0752,2026-01-14,5710.967411208566,True,G_caaaa0,False
V_1774268334,U_0505,2026-01-14,6055.18246879827,False,,False
V_3892013219,U_0523,2026-01-14,3549.663454588013,False,,False
V_2665466190,U_0533,2026-01-14,3886.3247973150574,False,,False
V_4064683342,U_0548,2026-01-14,4903.8287024572355,False,,False
V_799837855,U_0569,2026-01-14,3727.689305977647,False,,False
V_4116075085,U_0593,2026-01-14,4419.214872381922,False,,False
V_1853585888,U_0621,2026-01-14,2867.2821816447495,False,,False
V_1462473524,U_0650,2026-01-14,6708.934262287824,False,,False
V_600b583b,U_0688,2026-01-14,7583.467660465496,True,G_9cd0ce,True
V_fa3def72,U_0307,2026-01-14,3315.416061550086,True,G_9cd0ce,False
V_7f0c7a28,U_0431,2026-01-14,5039.975849409032,True,G_9cd0ce,False
V_9d596ced,U_0693,2026-01-14,6635.525231277149,True,G_4c5c73,True
V_03416bac,U_0272,2026-01-14,4290.03156366753,True,G_4c5c73,False
V_222fce39,U_0022,2026-01-14,2045.6770930719592,True,G_4c5c73,False
V_b96c4326,U_0767,2026-01-14,9800.563911194735,True,G_4c5c73,False
V_730aa14f,U_0825,2026-01-14,3230.2515104765994,True,G_4c5c73,False
V_2544863695,U_0711,2026-01-14,4378.815248220749,False,,False
V_4066859303,U_0738,2026-01-14,4492.963343722556,False,,False
V_4208926186,U_0754,2026-01-14,7157.499232227462,False,,False
V_cb2161f5,U_0765,2026-01-14,1822.3338638976309,True,G_4a2dc9,True
V_ef7b8972,U_0130,2026-01-14,10983.85320200339,True,G_4a2dc9,False
V_f595e2d3,U_0704,2026-01-14,7172.885134946753,True,G_4a2dc9,False
V_d32065df,U_0771,2026-01-14,6357.8579787297285,True,G_d595ea,True
V_52fcdd48,U_0795,2026-01-14,2150.2366067864314,True,G_d595ea,False
V_29db2f0c,U_0338,2026-01-14,11719.114609381888,True,G_d595ea,False
V_703a50c5,U_0029,2026-01-14,3795.2186201750474,True,G_d595ea,False
V_df97cd6d,U_0030,2026-01-14,5444.234481527811,True,G_d595ea,False
V_4fb4d055,U_0773,2026-01-14,5517.886165899668,True,G_b039ab,True
V_cde85cb8,U_0840,2026-01-14,3941.297998375129,True,G_b039ab,False
V_8bb5d0a7,U_0089,2026-01-14,5437.586196524156,True,G_b039ab,False
V_e63fdc21,U_0540,2026-01-14,2060.3336127898738,True,G_b039ab,False
V_1296580484,U_0816,2026-01-14,5705.160487910958,False,,False
V_286e1dcd,U_0830,2026-01-14,3883.7256521004024,True,G_fafa66,True
V_431ce525,U_0526,2026-01-14,6439.897395904826,True,G_fafa66,False
V_9749f8af,U_0030,2026-01-14,5158.670756176629,True,G_fafa66,False
V_b69394dd,U_0161,2026-01-14,5599.56050559186,True,G_fafa66,False
V_7dc72ada,U_0857,2026-01-14,1743.9537446122497,True,G_c58ae7,True
V_6e151014,U_0794,2026-01-14,8832.300132180831,True,G_c58ae7,False
V_914a46fd,U_0888,2026-01-14,7126.146902282377,True,G_c58ae7,False
V_fe8ac60c,U_0869,2026-01-14,3845.896888751168,True,G_3b764f,True
V_38dc47aa,U_0074,2026-01-14,2441.1071574027596,True,G_3b764f,False
V_2ca7966c,U_0470,2026-01-14,3464.4625217298026,True,G_3b764f,False
V_bc5dce67,U_0161,2026-01-14,6940.649626163629,True,G_3b764f,False
V_b30181d1,U_0863,2026-01-14,7813.088940888601,True,G_3b764f,False
V_0ec62ecf,U_0241,2026-01-14,1753.9648371666754,True,G_3b764f,False
V_3884376359,U_0882,2026-01-14,9005.855934796871,False,,False
V_2624835983,U_0894,2026-01-14,1959.0092586711862,False,,False
V_3192633308,U_0902,2026-01-14,5491.185855690301,False,,False
V_2464012649,U_0941,2026-01-14,3871.207946075027,False,,False
V_928751017,U_0954,2026-01-14,2804.6053620639013,False,,False
V_933068614,U_0980,2026-01-14,5498.587705247374,False,,False
V_67877116,U_0049,2026-01-15,3286.7406895511995,True,G_f4666c,True
V_ac54b75b,U_0323,2026-01-15,7199.123176708378,True,G_f4666c,False
V_d7f356f6,U_0040,2026-01-15,2549.4325659130195,True,G_f4666c,False
V_5206ca62,U_0756,2026-01-15,2088.0473503111048,True,G_f4666c,False
V_c111e78b,U_0422,2026-01-15,5882.144533989095,True,G_f4666c,False
V_2260706941,U_0075,2026-01-15,10827.896712347616,False,,False
V_d93caaa6,U_0158,2026-01-15,2300.608748071984,True,G_74278a,True
V_61993230,U_0658,2026-01-15,3239.081371107573,True,G_74278a,False
V_82f87b4c,U_0533,2026-01-15,2716.9060543578375,True,G_74278a,False
V_1864235984,U_0194,2026-01-15,8245.939519046822,False,,False
V_3008749976,U_0206,2026-01-15,6986.36543263116,False,,False
V_1184266014,U_0278,2026-01-15,3873.6115226193,False,,False
V_1803553650,U_0362,2026-01-15,1730.00630586113,False,,False
V_2751769087,U_0387,2026-01-15,10618.43408350324,False,,False
V_946618fb,U_0461,2026-01-15,10286.16293603832,True,G_808dfb,True
V_9a0a73fb,U_0456,2026-01-15,11492.48182577098,True,G_808dfb,False
V_ac615e7b,U_0445,2026-01-15,13932.510241953785,True,G_808dfb,False
V_dfdb06b0,U_0500,2026-01-15,2881.2469771016513,True,G_64d752,True
V_eb264132,U_0028,2026-01-15,3182.210012711304,True,G_64d752,False
V_3401572923,U_0523,2026-01-15,4468.325545050338,False,,False
V_1600729491,U_0536,2026-01-15,5864.523059859471,False,,False
V_980506167,U_0548,2026-01-15,7647.224127719343,False,,False
V_9e1c2991,U_0582,2026-01-15,5748.980407005234,True,G_4eedae,True
V_22b80db0,U_0194,2026-01-15,10186.146529867548,True,G_4eedae,False
V_74514c69,U_0875,2026-01-15,8485.320200703178,True,G_4eedae,False
V_c567f012,U_0770,2026-01-15,8786.950387929517,True,G_4eedae,False
V_8f39cc01,U_0220,2026-01-15,2069.421744309357,True,G_4eedae,False
V_df2902d1,U_0754,2026-01-15,2525.1448018815304,True,G_4eedae,False
V_1ce3b8df,U_0616,2026-01-15,7533.786297087349,True,G_d30cd2,True
V_feac9db8,U_0239,2026-01-15,2738.693185542861,True,G_d30cd2,False
V_41d8e9c8,U_0783,2026-01-15,4092.047685562849,True,G_d30cd2,False
V_7eda553b,U_0172,2026-01-15,4057.743958185844,True,G_d30cd2,False
V_3967471828,U_0632,2026-01-15,2147.046825644483,False,,False
V_5fb2a50a,U_0657,2026-01-15,11565.468536783106,True,G_e4ea82,True
V_34733f17,U_0940,2026-01-15,2277.989172663711,True,G_e4ea82,False
V_c6c5b651,U_0178,2026-01-15,7969.914539712266,True,G_e4ea82,False
V_be6b9d70,U_0655,2026-01-15,6696.306669323594,True,G_e4ea82,False
V_fb54ec9d,U_0039,2026-01-15,2716.192495135217,True,G_e4ea82,False
V_f1b27972,U_0436,2026-01-15,10507.38330053141,True,G_e4ea82,False
V_e4a9a964,U_0661,2026-01-15,4172.936899220252,True,G_27d2ff,True
V_19a365eb,U_0433,2026-01-15,5799.069853681274,True,G_27d2ff,False
V_d367dafe,U_0252,2026-01-15,5922.799907672271,True,G_27d2ff,False
V_998931415,U_0666,2026-01-15,4470.378097932585,False,,False
V_2614523416,U_0692,2026-01-15,5540.631317300353,False,,False
V_3158653126,U_0696,2026-01-15,5069.885574437549,False,,False
V_1921292093,U_0708,2026-01-15,3662.611529449474,False,,False
V_1123914661,U_0748,2026-01-15,6481.823272130601,False,,False
V_5a9e5b30,U_0752,2026-01-15,8170.384869962376,True,G_f09ec2,True
V_3ceb6f95,U_0918,2026-01-15,2823.6774642160294,True,G_f09ec2,False
V_21e73837,U_0289,2026-01-15,3671.0203040926617,True,G_f09ec2,False
V_2630552808,U_0815,2026-01-15,5722.368825247533,False,,False
V_2961193641,U_0852,2026-01-15,9155.13653593604,False,,False
V_1090055150,U_0871,2026-01-15,3646.0640980242583,False,,False
V_625548013,U_0873,2026-01-15,7092.039373749934,False,,False
V_19c891cc,U_0885,2026-01-15,9721.360107866405,True,G_976c6f,True
V_0cdbdf1e,U_0124,2026-01-15,2810.6887173848204,True,G_976c6f,False
V_daddd84c,U_0851,2026-01-15,5345.456521422947,True,G_976c6f,False
V_e1299086,U_0758,2026-01-15,2968.7235679716223,True,G_976c6f,False
V_d3dd8032,U_0237,2026-01-15,11243.543974675325,True,G_976c6f,False
V_605d7c90,U_0955,2026-01-15,7450.781233357762,True,G_871ea7,True
V_a8e42ecc,U_0478,2026-01-15,2702.621580069118,True,G_871ea7,False
V_587ad19f,U_0773,2026-01-15,4763.953142167339,True,G_871ea7,False
V_1207684732,U_0023,2026-01-15,4181.519408132322,False,,False
V_e3cf0c87,U_0032,2026-01-15,4059.8031005153894,True,G_48bc82,True
V_c449bb11,U_0194,2026-01-15,8758.753692656266,True,G_48bc82,False
V_97f51c50,U_0515,2026-01-15,2229.8854494978523,True,G_48bc82,False
V_27277d02,U_0324,2026-01-15,7133.218674011653,True,G_48bc82,False
V_3794937710,U_0033,2026-01-15,6757.107655128068,False,,False
V_2845436951,U_0046,2026-01-15,11960.832847718799,False,,False
V_805222833,U_0055,2026-01-15,6921.463205504283,False,,False
V_e9ecfd12,U_0086,2026-01-15,3194.919903646506,True,G_bb0ce8,True
V_1a1ca1ac,U_0111,2026-01-15,5756.650366833239,True,G_bb0ce8,False
V_32ffb273,U_0493,2026-01-15,5920.40930515194,True,G_bb0ce8,False
V_f8fa1baf,U_0321,2026-01-15,6523.694928965856,True,G_bb0ce8,False
V_e9fb9cb4,U_0119,2026-01-15,3719.247111524423,True,G_0bac22,True
V_6947f0fb,U_0516,2026-01-15,2424.2284709467467,True,G_0bac22,False
V_83b0192c,U_0120,2026-01-15,2790.521223727194,True,G_a7a62d,True
V_a7d667d8,U_0767,2026-01-15,10107.716588552996,True,G_a7a62d,False
V_b6f5d5cb,U_0321,2026-01-15,6848.88924585938,True,G_a7a62d,False
V_deb0a89a,U_0206,2026-01-15,5076.177861622033,True,G_a7a62d,False
V_2850166871,U_0124,2026-01-15,9448.819403490203,False,,False
V_11822e0a,U_0185,2026-01-15,4363.574965908279,True,G_a96e10,True
V_5349010d,U_0384,2026-01-15,3684.1760196967016,True,G_a96e10,False
V_53218120,U_0783,2026-01-15,4255.617535959098,True,G_a96e10,False
V_d2e94ed2,U_0170,2026-01-15,4377.5240830173825,True,G_a96e10,False
V_15e2831d,U_0252,2026-01-15,5249.040662185133,True,G_a96e10,False
V_1135825322,U_0217,2026-01-15,6121.201554932356,False,,False
V_289062189,U_0252,2026-01-15,4079.1726582601113,False,,False
V_7e4f6145,U_0276,2026-01-15,6020.038665411138,True,G_1fcb35,True
V_810f5549,U_0917,2026-01-15,8037.899603631639,True,G_1fcb35,False
V_af0b6b9c,U_0600,2026-01-15,4940.317940118462,True,G_1fcb35,False
V_2ac05876,U_0009,2026-01-15,7027.125685766485,True,G_1fcb35,False
V_e3e352e1,U_0958,2026-01-15,3419.7141254909325,True,G_1fcb35,False
V_3987952035,U_0312,2026-01-15,5270.023381627754,False,,False
V_0d708f8f,U_0355,2026-01-15,3791.5444445829576,True,G_98655e,True
V_ec66f493,U_0331,2026-01-15,4593.2523337256225,True,G_98655e,False
V_cef40b4f,U_0961,2026-01-15,2783.2784952104726,True,G_98655e,False
V_1525581033,U_0458,2026-01-15,6421.991189692722,False,,False
V_3633577468,U_0470,2026-01-15,9328.947885068677,False,,False
V_1065717269,U_0518,2026-01-15,1717.1504161734772,False,,False
V_1446735657,U_0582,2026-01-15,2164.0839174957987,False,,False
V_3523606524,U_0598,2026-01-15,5711.896014722782,False,,False
V_1f3a38bb,U_0622,2026-01-15,5933.61956153353,True,G_624f22,True
V_c3884b0a,U_0068,2026-01-15,4402.03099005704,True,G_624f22,False
V_8496f41e,U_0398,2026-01-15,2903.7916335880127,True,G_624f22,False
V_6d3e4fb5,U_0030,2026-01-15,5838.073761245645,True,G_624f22,False
V_609c12fe,U_0291,2026-01-15,4197.880621017716,True,G_624f22,False
V_3830371896,U_0636,2026-01-15,6494.269034355192,False,,False
V_6966b7a4,U_0672,2026-01-15,3400.7417194967556,True,G_e8d019,True
V_e2355920,U_0540,2026-01-15,1998.781855132052,True,G_e8d019,False
V_2b04510d,U_0826,2026-01-15,7576.3061210695705,True,G_e8d019,False
V_19d923fb,U_0513,2026-01-15,12435.868129538607,True,G_e8d019,False
V_7e1f98dc,U_0032,2026-01-15,3723.783618161378,True,G_e8d019,False
V_57167571,U_0705,2026-01-15,4565.923955392072,False,,False
V_4141214059,U_0708,2026-01-15,4784.573681881893,False,,False
V_1578236855,U_0716,2026-01-15,2913.821222213744,False,,False
V_2151761402,U_0764,2026-01-15,4716.667555239407,False,,False
V_535447872,U_0781,2026-01-15,3359.658665028124,False,,False
V_5b9863a8,U_0782,2026-01-15,5058.36965004406,True,G_799856,True
V_eb9504e3,U_0006,2026-01-15,6968.844303474255,True,G_799856,False
V_26a19d46,U_0219,2026-01-15,2103.168615496613,True,G_799856,False
V_3200753038,U_0815,2026-01-15,2192.2966708793538,False,,False
V_750967899,U_0821,2026-01-15,2544.376588551113,False,,False
V_56c43f20,U_0833,2026-01-15,3450.8511673476205,True,G_ab38a1,True
V_b819bb43,U_0295,2026-01-15,3800.8828588256065,True,G_ab38a1,False
V_b82471f6,U_0840,2026-01-15,4658.300006356207,True,G_ab38a1,False
V_702f55f6,U_0274,2026-01-15,5625.995824190014,True,G_ab38a1,False
V_8e62860f,U_0445,2026-01-15,11846.676962699546,True,G_ab38a1,False
V_58339628,U_0484,2026-01-15,13154.041353039933,True,G_ab38a1,False
V_2423792852,U_0865,2026-01-15,3467.368712196289,False,,False
V_1721293115,U_0962,2026-01-15,11338.509928731508,False,,False
V_3379402740,U_0982,2026-01-15,9454.70374397983,False,,False
V_3401338833,U_0075,2026-01-16,9944.414669427244,False,,False
V_3207736889,U_0096,2026-01-16,2431.727826145777,False,,False
V_43c37f6c,U_0112,2026-01-16,6415.858792707409,True,G_f0257e,True
V_5a87e227,U_0312,2026-01-16,4805.0594266210455,True,G_f0257e,False
V_8be067b6,U_0136,2026-01-16,3343.882920315689,True,G_f0257e,False
V_b2d29118,U_0886,2026-01-16,2705.651756867136,True,G_f0257e,False
V_d576b5b6,U_0153,2026-01-16,2593.4656718436167,True,G_e6c525,True
V_3934fa97,U_0498,2026-01-16,3408.6227825608344,True,G_e6c525,False
V_5863a0db,U_0940,2026-01-16,2542.1451160058928,True,G_e6c525,False
V_2486316434,U_0173,2026-01-16,6863.577281129594,False,,False
V_a5f083e6,U_0177,2026-01-16,3015.505691244119,True,G_c6e535,True
V_33f97034,U_0159,2026-01-16,3062.6660021901466,True,G_c6e535,False
V_2752679980,U_0178,2026-01-16,9125.607516406812,False,,False
V_07e302bb,U_0212,2026-01-16,5865.880055579123,True,G_cbb92c,True
V_acf7232f,U_0087,2026-01-16,7464.72861557306,True,G_cbb92c,False
V_336932636,U_0247,2026-01-16,4766.926675782382,False,,False
V_7bd86ebd,U_0320,2026-01-16,3727.2509641559845,True,G_6a1f4c,True
V_9c4dfa84,U_0894,2026-01-16,2322.0193203064277,True,G_6a1f4c,False
V_65884c93,U_0026,2026-01-16,2200.2313167808297,True,G_6a1f4c,False
V_c3136446,U_0043,2026-01-16,3401.3811586362003,True,G_6a1f4c,False
V_91d12383,U_0370,2026-01-16,2080.342763424097,True,G_6a1f4c,False
V_5b035bfe,U_0415,2026-01-16,9732.530534693085,True,G_6a1f4c,False
V_151522787,U_0332,2026-01-16,5418.869388216001,False,,False
V_3510124828,U_0425,2026-01-16,5437.638378578425,False,,False
V_f68069e4,U_0439,2026-01-16,3753.6861198098063,True,G_38ab34,True
V_23d18854,U_0562,2026-01-16,2654.324879770198,True,G_38ab34,False
V_1bace1b0,U_0303,2026-01-16,9383.776336333794,True,G_38ab34,False
V_38635403,U_0983,2026-01-16,3772.0316123121106,True,G_38ab34,False
V_d189fa2e,U_0569,2026-01-16,2751.228313316642,True,G_38ab34,False
V_18026584,U_0453,2026-01-16,5020.358360505199,True,G_74d95d,True
V_014cc359,U_0033,2026-01-16,4111.96479563531,True,G_74d95d,False
V_0f27c78d,U_0383,2026-01-16,4248.171517989064,True,G_74d95d,False
V_74217226,U_0285,2026-01-16,5501.994211161383,True,G_74d95d,False
V_66be0912,U_0019,2026-01-16,8312.381909478609,True,G_74d95d,False
V_56a867b9,U_0032,2026-01-16,3890.2375661727624,True,G_74d95d,False
V_c7ca9ebc,U_0473,2026-01-16,5115.056356057892,True,G_7f2192,True
V_10a24526,U_0589,2026-01-16,2967.7915511313486,True,G_7f2192,False
V_1a4b0b58,U_0336,2026-01-16,7877.547896821965,True,G_7f2192,False
V_610753954,U_0523,2026-01-16,4341.66987008193,False,,False
V_3536550314,U_0565,2026-01-16,8173.812635462263,False,,False
V_1374059143,U_0587,2026-01-16,3231.5379816409336,False,,False
V_3309326499,U_0636,2026-01-16,8947.842662805084,False,,False
V_f5f8246b,U_0643,2026-01-16,2407.673738877434,True,G_625227,True
V_1e270033,U_0444,2026-01-16,3810.632264087832,True,G_625227,False
V_2701b08b,U_0937,2026-01-16,9244.890642163416,True,G_625227,False
V_97a9a249,U_0406,2026-01-16,2617.0345631876708,True,G_625227,False
V_1902726886,U_0674,2026-01-16,2558.4821480931932,False,,False
V_3139382813,U_0677,2026-01-16,2336.0866074261417,False,,False
V_534157092,U_0681,2026-01-16,10514.948634017524,False,,False
V_2880016195,U_0695,2026-01-16,7197.035516450533,False,,False
V_885c917b,U_0732,2026-01-16,7126.469555635624,True,G_58101a,True
V_bbd797af,U_0679,2026-01-16,2712.077816114014,True,G_58101a,False
V_d4bec0e6,U_0793,2026-01-16,4669.17801402913,True,G_58101a,False
V_9c1da69f,U_0753,2026-01-16,5725.414286372534,True,G_79644e,True
V_94bdd98d,U_0372,2026-01-16,3864.511729248064,True,G_79644e,False
V_2df6f65b,U_0408,2026-01-16,5690.550786097605,True,G_79644e,False
V_2379209842,U_0774,2026-01-16,3281.501567165401,False,,False
V_2687734050,U_0782,2026-01-16,4819.214269195342,False,,False
V_2a03d694,U_0859,2026-01-16,4020.4234556163806,True,G_7393fb,True
V_97f3fc9e,U_0111,2026-01-16,4898.395789214042,True,G_7393fb,False
V_e955550b,U_0899,2026-01-16,6909.88620391861,True,G_80376c,True
V_a6c7f5c7,U_0734,2026-01-16,7618.968037457627,True,G_80376c,False
V_2cb04022,U_0981,2026-01-16,5639.579537369082,True,G_80376c,False
V_3543502117,U_0932,2026-01-16,2713.724353144827,False,,False
V_2210143852,U_0993,2026-01-16,7385.032610572877,False,,False
V_4107945328,U_0044,2026-01-16,6317.526471192275,False,,False
V_2134365621,U_0061,2026-01-16,6393.260116230769,False,,False
V_a907e634,U_0087,2026-01-16,6010.550176541246,True,G_996c19,True
V_5119a215,U_0345,2026-01-16,9085.19080573424,True,G_996c19,False
V_4160232324,U_0089,2026-01-16,3165.6942148474814,False,,False
V_c88409ff,U_0101,2026-01-16,4448.768937517038,True,G_d152e8,True
V_fa2fc46e,U_0453,2026-01-16,4773.4316240292455,True,G_d152e8,False
V_693838b1,U_0651,2026-01-16,3711.056179703046,True,G_d152e8,False
V_aac10be3,U_0847,2026-01-16,5374.021437111301,True,G_d152e8,False
V_f1704b89,U_0042,2026-01-16,4186.172363237031,True,G_d152e8,False
V_3c442e3c,U_0812,2026-01-16,5145.5367717986455,True,G_d152e8,False
V_1700922886,U_0114,2026-01-16,4325.403789347631,False,,False
V_da25a25a,U_0161,2026-01-16,5775.688651781598,True,G_210d63,True
V_18b8af95,U_0582,2026-01-16,6756.357431612293,True,G_210d63,False
V_c40c068e,U_0752,2026-01-16,7975.705971574946,True,G_210d63,False
V_8996fa3f,U_0737,2026-01-16,5779.597813361409,True,G_210d63,False
V_1d49cc35,U_0074,2026-01-16,1932.9130885299992,True,G_210d63,False
V_6c2d33ea,U_0816,2026-01-16,7463.199732400844,True,G_210d63,False
V_834447105,U_0196,2026-01-16,2554.968728202326,False,,False
V_4089973357,U_0211,2026-01-16,12217.445934977131,False,,False
V_2686074482,U_0218,2026-01-16,12328.843951151308,False,,False
V_0b59130f,U_0226,2026-01-16,3171.0880322386256,True,G_539747,True
V_c6a203d3,U_0987,2026-01-16,2129.1002382191928,True,G_539747,False
V_626108695,U_0261,2026-01-16,2870.4443557966665,False,,False
V_812105300,U_0404,2026-01-16,3205.3774666293884,False,,False
V_a9ee3dcb,U_0472,2026-01-16,4077.3644281105,True,G_db480d,True
V_050f51de,U_0261,2026-01-16,4415.225860987693,True,G_db480d,False
V_957e0775,U_0489,2026-01-16,2884.9230726674673,True,G_db480d,False
V_427ec23e,U_0516,2026-01-16,3510.18713904414,True,G_7d5d5c,True
V_802e6147,U_0075,2026-01-16,12404.266227931295,True,G_7d5d5c,False
V_1053cab0,U_0802,2026-01-16,10022.32506586106,True,G_7d5d5c,False
V_8e499923,U_0655,2026-01-16,6503.8272149324475,True,G_7d5d5c,False
V_2090148645,U_0540,2026-01-16,7283.4299920430485,False,,False
V_5d55ab87,U_0545,2026-01-16,2028.6927341211767,True,G_21109a,True
V_66561c2c,U_0864,2026-01-16,3659.1253429534627,True,G_21109a,False
V_9aaa3e67,U_0426,2026-01-16,3811.4868363194723,True,G_21109a,False
V_2d05a603,U_0023,2026-01-16,3548.5158980074248,True,G_21109a,False
V_4b5a0ec2,U_0106,2026-01-16,2742.858909524549,True,G_21109a,False
V_1748543927,U_0546,2026-01-16,2722.6333345195935,False,,False
V_71c51642,U_0578,2026-01-16,2323.701280880873,True,G_cfcab4,True
V_923c115e,U_0354,2026-01-16,5732.291678064596,True,G_cfcab4,False
V_4cf1efd9,U_0692,2026-01-16,5115.127871733306,True,G_cfcab4,False
V_27250634,U_0595,2026-01-16,7136.107085518186,True,G_cfcab4,False
V_d2c278b5,U_0678,2026-01-16,7405.345924594084,True,G_cfcab4,False
V_0a93787c,U_0653,2026-01-16,4824.065573019193,True,G_cfcab4,False
V_63d3ebe3,U_0620,2026-01-16,3071.455064085025,True,G_2dec61,True
V_bf9d9e6e,U_0852,2026-01-16,8814.97112356921,True,G_2dec61,False
V_1060885f,U_0664,2026-01-16,3603.3501090022864,True,G_2dec61,False
V_98267331,U_0176,2026-01-16,3353.9791379686085,True,G_2dec61,False
V_6ac7bbf5,U_0189,2026-01-16,1940.114702777979,True,G_2dec61,False
V_b4e188f9,U_0060,2026-01-16,3479.353231356316,True,G_2dec61,False
V_e7edcb7d,U_0646,2026-01-16,8122.591669443401,True,G_f096ae,True
V_0040d2ab,U_0149,2026-01-16,2954.1686411545215,True,G_f096ae,False
V_a22480a5,U_0376,2026-01-16,3620.0694831801366,True,G_f096ae,False
V_7fc0aa9f,U_0534,2026-01-16,5698.091719268096,True,G_f096ae,False
V_62c9213e,U_0697,2026-01-16,2845.123884510558,True,G_24a302,True
V_b6f68a50,U_0811,2026-01-16,5633.4786589855385,True,G_24a302,False
V_db0dbeb3,U_0644,2026-01-16,4334.8877399222865,True,G_24a302,False
V_8edc8c4e,U_0331,2026-01-16,5347.704426586208,True,G_24a302,False
V_2d849af8,U_0824,2026-01-16,2520.782063268468,True,G_24a302,False
V_1f23623e,U_0545,2026-01-16,2612.004693265744,True,G_24a302,False
V_172429545,U_0736,2026-01-16,13546.503638281858,False,,False
V_0ebf0de3,U_0804,2026-01-16,5360.760126754419,True,G_0307ab,True
V_9be37271,U_0937,2026-01-16,10853.866685855732,True,G_0307ab,False
V_df0ded8f,U_0813,2026-01-16,7808.397594071908,True,G_0307ab,False
V_6eff152c,U_0414,2026-01-16,3646.4050892671994,True,G_0307ab,False
V_799a0dfa,U_0120,2026-01-16,2221.325563696702,True,G_0307ab,False
V_0509a79b,U_0220,2026-01-16,2250.175084233198,True,G_0307ab,False
V_b7788860,U_0833,2026-01-16,2725.1374447802377,True,G_9dc39a,True
V_03451cf0,U_0900,2026-01-16,6249.473952296683,True,G_9dc39a,False
V_8d6b3566,U_0505,2026-01-16,2966.786953584787,True,G_9dc39a,False
V_3751654272,U_0840,2026-01-16,10119.27814869799,False,,False
V_1919351377,U_0882,2026-01-16,9489.022123736131,False,,False
V_3c10669f,U_0930,2026-01-16,4350.0002909691475,True,G_dd3128,True
V_31788ed7,U_0362,2026-01-16,1977.1868125108183,True,G_dd3128,False
V_c1b3fb19,U_0736,2026-01-16,3410.496482159722,True,G_dd3128,False
V_f0048a66,U_0717,2026-01-16,4298.504177774078,True,G_dd3128,False
V_f2801ac0,U_0137,2026-01-16,5221.148431610564,True,G_dd3128,False
V_ce319cfb,U_0940,2026-01-16,2238.691636765449,True,G_452f70,True
V_4af32610,U_0682,2026-01-16,9272.987930189409,True,G_452f70,False
V_5ce98966,U_0125,2026-01-16,4009.8153779277077,True,G_452f70,False
V_47ba3a9e,U_0727,2026-01-16,11846.69039546422,True,G_452f70,False
V_5df2d9df,U_0516,2026-01-16,3038.2049975334176,True,G_452f70,False
V_4c95c61e,U_0782,2026-01-16,3876.270663902485,True,G_452f70,False
V_2408127113,U_0956,2026-01-16,2482.9009255879937,False,,False
V_3522204484,U_0975,2026-01-16,6661.893838125363,False,,False
V_e4fa7a64,U_0996,2026-01-16,2394.840547391145,True,G_78cf95,True
V_cbf2d254,U_0121,2026-01-16,5914.075266076132,True,G_78cf95,False
V_83890681,U_0426,2026-01-16,2953.7643628526994,True,G_78cf95,False
V_0f2832d6,U_0734,2026-01-16,5918.813867612266,True,G_78cf95,False
V_282741aa,U_0024,2026-01-17,14112.888441734556,True,G_f93176,True
V_bb4a81b9,U_0262,2026-01-17,8682.86539571173,True,G_f93176,False
V_c8ad8a7d,U_0075,2026-01-17,12676.023847939317,True,G_f93176,False
V_1775598263,U_0045,2026-01-17,5929.548164141001,False,,False
V_1020700914,U_0055,2026-01-17,9034.211176513469,False,,False
V_1115354940,U_0085,2026-01-17,4056.840622426801,False,,False
V_984410604,U_0135,2026-01-17,3352.313793203397,False,,False
V_5023ec02,U_0181,2026-01-17,8186.843562145984,True,G_05d1c0,True
V_ab6b1910,U_0752,2026-01-17,6432.655376531357,True,G_05d1c0,False
V_3b457126,U_0581,2026-01-17,8238.69711095404,True,G_05d1c0,False
V_d8c64be9,U_0050,2026-01-17,12487.781769812798,True,G_05d1c0,False
V_1679175938,U_0232,2026-01-17,4127.186878827238,False,,False
V_1127382959,U_0247,2026-01-17,4044.3281438722324,False,,False
V_3d51c977,U_0248,2026-01-17,3782.21909965003,True,G_8077b2,True
V_4fe223b4,U_0054,2026-01-17,2330.958572848862,True,G_8077b2,False
V_288803333,U_0323,2026-01-17,7159.577061970111,False,,False
V_12bfb016,U_0361,2026-01-17,4269.86197520984,True,G_6d5eaa,True
V_84ef1e27,U_0757,2026-01-17,4265.323366366108,True,G_6d5eaa,False
V_3144110b,U_0874,2026-01-17,4958.337338531493,True,G_6d5eaa,False
V_52c6eefe,U_0480,2026-01-17,4431.593964304304,True,G_6d5eaa,False
V_377d7da0,U_0172,2026-01-17,3641.766023095578,True,G_6d5eaa,False
V_8bce21fa,U_0946,2026-01-17,1896.9316492003934,True,G_6d5eaa,False
V_d5e4872d,U_0363,2026-01-17,3261.10640814455,True,G_fc4ea7,True
V_ef43d780,U_0347,2026-01-17,3369.0337709022133,True,G_fc4ea7,False
V_e77d65b7,U_0231,2026-01-17,5584.603671088897,True,G_fc4ea7,False
V_2514455773,U_0386,2026-01-17,3176.085306143133,False,,False
V_370b47db,U_0418,2026-01-17,5518.129636099452,True,G_36b7d2,True
V_ef7be6e8,U_0959,2026-01-17,2447.274958334449,True,G_36b7d2,False
V_5cb42cb6,U_0102,2026-01-17,5845.674468638696,True,G_36b7d2,False
V_7c0f2b9d,U_0671,2026-01-17,3545.5802858999355,True,G_36b7d2,False
V_4794b3f0,U_0287,2026-01-17,2616.986878620581,True,G_36b7d2,False
V_05d39561,U_0364,2026-01-17,3624.1671997224007,True,G_36b7d2,False
V_908abf3f,U_0422,2026-01-17,7092.9781703614735,True,G_3cf959,True
V_8d0789fb,U_0574,2026-01-17,5288.060524867377,True,G_3cf959,False
V_01c9eb1f,U_0150,2026-01-17,3388.827232474562,True,G_3cf959,False
V_1fffd2f2,U_0887,2026-01-17,5565.773554873627,True,G_3cf959,False
V_1927648885,U_0429,2026-01-17,9061.669056961939,False,,False
V_78cd4937,U_0458,2026-01-17,10284.878573888693,True,G_343c04,True
V_cb97ea1a,U_0062,2026-01-17,4437.171351560003,True,G_343c04,False
V_078b2a16,U_0241,2026-01-17,2374.862690310685,True,G_343c04,False
V_9770a8a2,U_0503,2026-01-17,9964.49134592475,True,G_343c04,False
V_4056843452,U_0465,2026-01-17,4298.977138840929,False,,False
V_23e75ad9,U_0514,2026-01-17,2366.6361369998617,True,G_255c0c,True
V_3d77c129,U_0812,2026-01-17,6609.483608607267,True,G_255c0c,False
V_6dd04505,U_0926,2026-01-17,2355.8059880671913,True,G_255c0c,False
V_29c18ed1,U_0671,2026-01-17,3650.72403154129,True,G_255c0c,False
V_1a51bc61,U_0523,2026-01-17,3883.29403357832,True,G_67f2bd,True
V_76b96e48,U_0692,2026-01-17,6185.305747332049,True,G_67f2bd,False
V_2784744295,U_0532,2026-01-17,6278.564119828604,False,,False
V_1335249794,U_0584,2026-01-17,3240.2134962830187,False,,False
V_431273001,U_0607,2026-01-17,5610.460298009473,False,,False
V_1e56f69c,U_0655,2026-01-17,6193.404825418318,True,G_18c6c6,True
V_a4e2dad4,U_0461,2026-01-17,9919.745990849115,True,G_18c6c6,False
V_f95567da,U_0515,2026-01-17,2388.368438999187,True,G_18c6c6,False
V_1a6f06ec,U_0388,2026-01-17,2263.068888345607,True,G_18c6c6,False
V_d6c7962b,U_0982,2026-01-17,9709.819977604093,True,G_18c6c6,False
V_602047252,U_0657,2026-01-17,13073.736529383552,False,,False
V_3546760114,U_0681,2026-01-17,10606.089479162567,False,,False
V_1977838796,U_0728,2026-01-17,2707.1582431594506,False,,False
V_793b57d6,U_0735,2026-01-17,5646.765781237994,True,G_f19b47,True
V_ec762fee,U_0036,2026-01-17,2558.872266248738,True,G_f19b47,False
V_2a87c41c,U_0328,2026-01-17,7497.325875959438,True,G_f19b47,False
V_881813072,U_0748,2026-01-17,7894.520969048209,False,,False
V_d33ab455,U_0750,2026-01-17,5881.076361441448,True,G_a50140,True
V_4afed42c,U_0095,2026-01-17,3860.0288549144298,True,G_a50140,False
V_6a508246,U_0873,2026-01-17,6338.648498320495,True,G_a50140,False
V_1b105ffe,U_0135,2026-01-17,4568.837902985783,True,G_a50140,False
V_073e220a,U_0804,2026-01-17,5417.038265959904,True,G_d7a47a,True
V_cf923ddf,U_0436,2026-01-17,10036.773509871211,True,G_d7a47a,False
V_f566d46c,U_0232,2026-01-17,4370.884797639551,True,G_d7a47a,False
V_4ab45e29,U_0350,2026-01-17,3283.999272524249,True,G_d7a47a,False
V_bcf0ac36,U_0676,2026-01-17,4079.310857178024,True,G_d7a47a,False
V_b4009f94,U_0823,2026-01-17,2963.2046221959104,True,G_d7a47a,False
V_0055404a,U_0875,2026-01-17,8275.561734755198,True,G_335971,True
V_fefda429,U_0773,2026-01-17,4685.092268867093,True,G_335971,False
V_2497395019,U_0902,2026-01-17,8809.853394253667,False,,False
V_8d254cc3,U_0904,2026-01-17,6380.234630351298,True,G_3ead06,True
V_1003c50a,U_0412,2026-01-17,3744.193205276814,True,G_3ead06,False
V_69ac8333,U_0281,2026-01-17,5597.174431180988,True,G_3ead06,False
V_3861343565,U_0905,2026-01-17,4194.016107448118,False,,False
V_851269603,U_0940,2026-01-17,2950.732462258619,False,,False
V_2063468045,U_0963,2026-01-17,4273.071007871032,False,,False
V_2458033097,U_0972,2026-01-17,6237.516745154806,False,,False
V_2693874518,U_0981,2026-01-17,4541.860688743786,False,,False
V_1362387610,U_0989,2026-01-17,2391.0742257273955,False,,False
V_fedd87f4,U_0068,2026-01-17,4472.04555825317,True,G_13b78e,True
V_3fd52b9d,U_0323,2026-01-17,7641.477609724327,True,G_13b78e,False
V_1acc2f6d,U_0178,2026-01-17,7191.861041438305,True,G_13b78e,False
V_29c52af0,U_0073,2026-01-17,7209.011324236888,True,G_13b78e,False
V_3126066462,U_0076,2026-01-17,4132.639349406679,False,,False
V_a30b7834,U_0154,2026-01-17,6919.909135252477,True,G_48eee7,True
V_f5f8fee7,U_0918,2026-01-17,2943.0721419502133,True,G_48eee7,False
V_3b226323,U_0840,2026-01-17,4849.022730505447,True,G_48eee7,False
V_2b79af7c,U_0794,2026-01-17,6570.088527187945,True,G_48eee7,False
V_2115696364,U_0178,2026-01-17,8079.382447807745,False,,False
V_3967086550,U_0189,2026-01-17,14140.593071196947,False,,False
V_c6748b66,U_0219,2026-01-17,2185.3104330765113,True,G_2c0f2a,True
V_988853fc,U_0262,2026-01-17,11228.067788061924,True,G_2c0f2a,False
V_dff692ef,U_0879,2026-01-17,1979.2058955269802,True,G_2c0f2a,False
V_3447038574,U_0220,2026-01-17,8355.526093490951,False,,False
V_727d6bc9,U_0249,2026-01-17,3234.6939326826164,True,G_67a523,True
V_fe75623a,U_0895,2026-01-17,5858.773175135979,True,G_67a523,False
V_41b6262a,U_0727,2026-01-17,9527.083577313877,True,G_67a523,False
V_3149285348,U_0256,2026-01-17,3744.459896179739,False,,False
V_b17d1620,U_0278,2026-01-17,3390.6168284281193,True,G_e381e4,True
V_d79f288f,U_0591,2026-01-17,6952.921469598031,True,G_e381e4,False
V_ff9c16dd,U_0444,2026-01-17,3253.5072081509675,True,G_e381e4,False
V_0a73a9a3,U_0346,2026-01-17,3199.4426463367286,True,G_e381e4,False
V_2ea0f707,U_0357,2026-01-17,2933.2590362332703,True,G_e381e4,False
V_b6172ef1,U_0042,2026-01-17,3603.7488063741816,True,G_e381e4,False
V_814459018,U_0321,2026-01-17,7560.918003958574,False,,False
V_710266281,U_0348,2026-01-17,6188.70299774307,False,,False
V_287289808,U_0407,2026-01-17,3774.2935259801475,False,,False
V_1634502371,U_0414,2026-01-17,7374.28717866428,False,,False
V_1903403299,U_0418,2026-01-17,9249.444642153949,False,,False
V_4f6909a5,U_0420,2026-01-17,2661.628602350593,True,G_3499c6,True
V_b04420be,U_0834,2026-01-17,3758.7316254800558,True,G_3499c6,False
V_923a288c,U_0748,2026-01-17,5545.574441495988,True,G_3499c6,False
V_f91fc42e,U_0002,2026-01-17,2745.841927706867,True,G_3499c6,False
V_4030439743,U_0422,2026-01-17,3336.704865816582,False,,False
V_efaae98e,U_0440,2026-01-17,4789.333016409106,True,G_4df331,True
V_af439a51,U_0830,2026-01-17,2682.772033398415,True,G_4df331,False
V_dc71b25c,U_0443,2026-01-17,4454.76947177194,True,G_bef04a,True
V_ee1bda6a,U_0507,2026-01-17,2341.944920722978,True,G_bef04a,False
V_d540cec3,U_0461,2026-01-17,8356.81639737624,True,G_0d176f,True
V_186a45a8,U_0413,2026-01-17,5722.434486420457,True,G_0d176f,False
V_c4a9fa09,U_0504,2026-01-17,2722.5748421776816,True,G_001c81,True
V_b300e4e3,U_0216,2026-01-17,2257.8950338435607,True,G_001c81,False
V_67fd00af,U_0554,2026-01-17,5570.123767469742,True,G_001c81,False
V_27f49833,U_0442,2026-01-17,1972.2033030798016,True,G_001c81,False
V_2298182215,U_0505,2026-01-17,7606.4540093663745,False,,False
V_3728239459,U_0516,2026-01-17,9279.328615651399,False,,False
V_636748529,U_0523,2026-01-17,3642.5921429133746,False,,False
V_1723614739,U_0532,2026-01-17,3433.65915804577,False,,False
V_4c9103f4,U_0586,2026-01-17,2642.93352939167,True,G_9adbfc,True
V_7577626b,U_0033,2026-01-17,4149.7334858318445,True,G_9adbfc,False
V_4818d3b8,U_0845,2026-01-17,4179.356135046122,True,G_9adbfc,False
V_45cc7ca9,U_0975,2026-01-17,2807.874111627519,True,G_9adbfc,False
V_597d6fad,U_0678,2026-01-17,5910.325183393712,True,G_9adbfc,False
V_41c6937d,U_0646,2026-01-17,9465.270653779731,True,G_e6f67f,True
V_12c5c5a9,U_0451,2026-01-17,5617.5858661918965,True,G_e6f67f,False
V_fb7ef6cb,U_0849,2026-01-17,2148.4289764484843,True,G_e6f67f,False
V_3c8cb8e2,U_0349,2026-01-17,4301.348041149983,True,G_e6f67f,False
V_4b23c04f,U_0471,2026-01-17,3650.1708864212274,True,G_e6f67f,False
V_293b7003,U_0658,2026-01-17,3208.441311816179,True,G_9f233a,True
V_3b53768d,U_0002,2026-01-17,2460.7095030229543,True,G_9f233a,False
V_677846ab,U_0710,2026-01-17,3209.383552112191,True,G_9f233a,False
V_4ea8ec5f,U_0687,2026-01-17,2934.570674441959,True,G_19f86b,True
V_78041e4f,U_0458,2026-01-17,9790.509288560695,True,G_19f86b,False
V_a389a8af,U_0418,2026-01-17,5723.009437149659,True,G_19f86b,False
V_2999498652,U_0789,2026-01-17,6720.3333375903385,False,,False
V_d6701d45,U_0819,2026-01-17,2912.7008284135577,True,G_6f2b91,True
V_a4797fea,U_0299,2026-01-17,6248.596314985616,True,G_6f2b91,False
V_7e8d69ea,U_0661,2026-01-17,4852.857950592785,True,G_6f2b91,False
V_273de4a5,U_0217,2026-01-17,2640.8506899403287,True,G_6f2b91,False
V_3e43cdcf,U_0864,2026-01-17,4600.337723797355,True,G_6f2b91,False
V_43e844e0,U_0822,2026-01-17,3190.5481854009345,True,G_06d91f,True
V_40ed0212,U_0999,2026-01-17,6001.564018625875,True,G_06d91f,False
V_e41cec9f,U_0866,2026-01-17,11639.799132173317,True,G_0ff710,True
V_0d90dbac,U_0692,2026-01-17,5989.278827384783,True,G_0ff710,False
V_a3fabb67,U_0981,2026-01-17,4305.8199156042265,True,G_0ff710,False
V_5ad59f26,U_0870,2026-01-17,1891.0834000729076,True,G_c2b031,True
V_19293dd4,U_0686,2026-01-17,3621.915178046894,True,G_c2b031,False
V_67637c01,U_0449,2026-01-17,4350.044798045257,True,G_c2b031,False
V_af868122,U_0714,2026-01-17,6208.801629778895,True,G_c2b031,False
V_22499f35,U_0077,2026-01-17,6286.558675580172,True,G_c2b031,False
V_434d6049,U_0888,2026-01-17,9249.774362277654,True,G_4370dc,True
V_dc32b6f0,U_0893,2026-01-17,3888.8624096927574,True,G_4370dc,False
V_331fcc45,U_0469,2026-01-17,4436.870005649165,True,G_4370dc,False
V_c024948d,U_0956,2026-01-17,1824.2984709878758,True,G_4370dc,False
V_1078881399,U_0916,2026-01-17,5385.259568392592,False,,False
V_9a982efd,U_0951,2026-01-17,8607.860061908988,True,G_cca122,True
V_610a28ee,U_0965,2026-01-17,5093.951445457769,True,G_cca122,False
V_01490eca,U_0436,2026-01-17,10109.211497932956,True,G_cca122,False
V_e4c50761,U_0830,2026-01-17,2741.084582994384,True,G_cca122,False
V_d893b2b1,U_0982,2026-01-17,6494.447249204975,True,G_e9461b,True
V_0bc17e41,U_0977,2026-01-17,10195.43344112858,True,G_e9461b,False
V_fdd005c6,U_0458,2026-01-17,10994.268586563754,True,G_e9461b,False
V_d5475756,U_0758,2026-01-17,3506.2249129224533,True,G_e9461b,False
V_46d9e56a,U_0869,2026-01-17,3357.095802280772,True,G_e9461b,False
V_02c9eb37,U_0400,2026-01-17,10383.926918870999,True,G_e9461b,False
V_3111556536,U_0994,2026-01-17,10272.867334996396,False,,False
V_3013433092,U_0032,2026-01-18,4410.799870576383,False,,False
V_3465534445,U_0051,2026-01-18,3320.817635125905,False,,False
V_5b13b1e9,U_0068,2026-01-18,4330.03996022896,True,G_355495,True
V_1548face,U_0667,2026-01-18,2789.2692355057306,True,G_355495,False
V_f0605e46,U_0486,2026-01-18,6274.532332264848,True,G_355495,False
V_e7b8bd05,U_0768,2026-01-18,5054.68670578905,True,G_355495,False
V_481919ed,U_0791,2026-01-18,2982.070481107289,True,G_355495,False
V_a771b40c,U_0142,2026-01-18,6891.931595948541,True,G_a49ed8,True
V_8679a8cb,U_0005,2026-01-18,5380.499595582621,True,G_a49ed8,False
V_4fd272e1,U_0242,2026-01-18,2016.4951242661352,True,G_a49ed8,False
V_7eecc39d,U_0554,2026-01-18,5078.846792714072,True,G_a49ed8,False
V_986785038,U_0217,2026-01-18,2976.1248150627243,False,,False
V_242426921,U_0230,2026-01-18,4793.254969508143,False,,False
V_813a54a1,U_0250,2026-01-18,3257.196908876269,True,G_1fa6a3,True
V_3cf5325b,U_0096,2026-01-18,1985.8405057254374,True,G_1fa6a3,False
V_1772578618,U_0305,2026-01-18,5407.810347819081,False,,False
V_3677393724,U_0314,2026-01-18,4414.433377495599,False,,False
V_3471448802,U_0327,2026-01-18,2276.2446395909797,False,,False
V_9384b051,U_0338,2026-01-18,9066.939601881248,True,G_d2b0b6,True
V_913933e5,U_0019,2026-01-18,6981.84175110733,True,G_d2b0b6,False
V_702c537a,U_0655,2026-01-18,6411.798025840991,True,G_d2b0b6,False
V_86cb9832,U_0181,2026-01-18,11887.414509170874,True,G_d2b0b6,False
V_78daaf0e,U_0374,2026-01-18,2771.256309921594,True,G_f4896a,True
V_0b07e008,U_0919,2026-01-18,2006.5271039243778,True,G_f4896a,False
V_b0f141cf,U_0803,2026-01-18,2490.384727274071,True,G_f4896a,False
V_35e782f6,U_0429,2026-01-18,9847.048277304582,True,G_bbadb8,True
V_6e9d7d2c,U_0289,2026-01-18,3836.3485993566833,True,G_bbadb8,False
V_501c44e0,U_0695,2026-01-18,7734.158476057826,True,G_bbadb8,False
V_00a4d92b,U_0120,2026-01-18,2708.767076558483,True,G_bbadb8,False
V_188663020,U_0434,2026-01-18,5865.230241331063,False,,False
V_7e6c19e1,U_0461,2026-01-18,9899.009613704085,True,G_201c34,True
V_7c35c5bb,U_0445,2026-01-18,11131.29488156763,True,G_201c34,False
V_3e4df0bf,U_0391,2026-01-18,9440.356465058456,True,G_201c34,False
V_317712312,U_0474,2026-01-18,3349.898079326241,False,,False
V_61abfafb,U_0476,2026-01-18,2560.4815230326685,True,G_5d28a5,True
V_e1d85932,U_0437,2026-01-18,2573.227906187728,True,G_5d28a5,False
V_69e26759,U_0448,2026-01-18,3406.770538577215,True,G_5d28a5,False
V_69960cd7,U_0081,2026-01-18,2867.1905693507206,True,G_5d28a5,False
V_4d8bf883,U_0083,2026-01-18,6567.6270636579375,True,G_5d28a5,False
V_e2d9e90b,U_0410,2026-01-18,1943.778551975236,True,G_5d28a5,False
V_3018bac9,U_0484,2026-01-18,9515.820574812906,True,G_ad85e2,True
V_4da94326,U_0804,2026-01-18,3968.7929812205575,True,G_ad85e2,False
V_03c3aceb,U_0125,2026-01-18,5551.276914239891,True,G_ad85e2,False
V_3588091507,U_0505,2026-01-18,2380.280833942686,False,,False
V_a1a6ed50,U_0560,2026-01-18,8644.346755990964,True,G_556f31,True
V_aece45c8,U_0962,2026-01-18,2621.5000992203863,True,G_556f31,False
V_267138a1,U_0565,2026-01-18,10178.948172797935,True,G_0bbc67,True
V_8bec5e70,U_0092,2026-01-18,2857.2131085891524,True,G_0bbc67,False
V_b8606e56,U_0513,2026-01-18,13128.747601705318,True,G_0bbc67,False
V_1518493327,U_0582,2026-01-18,5378.698059664592,False,,False
V_e252ce1a,U_0608,2026-01-18,6573.095731230321,True,G_bf6bf0,True
V_840c9659,U_0488,2026-01-18,6104.633026095985,True,G_bf6bf0,False
V_0399e2ac,U_0619,2026-01-18,2370.505602310646,True,G_bf6bf0,False
V_cf9855e8,U_0260,2026-01-18,7059.124375665134,True,G_bf6bf0,False
V_f77c78a3,U_0361,2026-01-18,3467.4258440953795,True,G_bf6bf0,False
V_7c721b83,U_0828,2026-01-18,3817.1182159251557,True,G_bf6bf0,False
V_1097263780,U_0621,2026-01-18,3640.5833390475855,False,,False
V_483368742,U_0624,2026-01-18,5064.1290348535695,False,,False
V_1107792272,U_0685,2026-01-18,2750.6458353066337,False,,False
V_4278122432,U_0689,2026-01-18,5299.440995909195,False,,False
V_1957639224,U_0801,2026-01-18,4112.541456694113,False,,False
V_2343802012,U_0813,2026-01-18,7695.761871779468,False,,False
V_2370574116,U_0816,2026-01-18,8106.731193763778,False,,False
V_2091385336,U_0818,2026-01-18,3773.739270842612,False,,False
V_1171249012,U_0826,2026-01-18,7441.631856838598,False,,False
V_3428907733,U_0851,2026-01-18,5970.251770329448,False,,False
V_1271660991,U_0872,2026-01-18,8012.496781795576,False,,False
V_d25905e3,U_0884,2026-01-18,4074.25540202102,True,G_7c8ac5,True
V_45d69a3f,U_0480,2026-01-18,5927.5825034645295,True,G_7c8ac5,False
V_ef3bd1b7,U_0471,2026-01-18,4365.226646186968,True,G_7c8ac5,False
V_3001874607,U_0928,2026-01-18,3186.7127828932576,False,,False
V_76dc69b6,U_0939,2026-01-18,4044.769844316011,True,G_65dd85,True
V_eecc3b26,U_0806,2026-01-18,2725.1180684436813,True,G_65dd85,False
V_045a341f,U_0030,2026-01-18,7055.57167883125,True,G_65dd85,False
V_8ead73a5,U_0113,2026-01-18,2832.07520380039,True,G_65dd85,False
V_a06d857d,U_0024,2026-01-18,10085.39984394944,True,G_e7e5c1,True
V_67bcba83,U_0297,2026-01-18,3888.8527173076327,True,G_e7e5c1,False
V_cabe5845,U_0119,2026-01-18,2972.49140473632,True,G_e7e5c1,False
V_87a25aee,U_0570,2026-01-18,4173.424757966891,True,G_e7e5c1,False
V_3231823654,U_0032,2026-01-18,6559.774809038068,False,,False
V_3737010834,U_0046,2026-01-18,13282.313862472482,False,,False
V_2341484965,U_0123,2026-01-18,1709.116102534467,False,,False
V_1857116e,U_0161,2026-01-18,7273.86029015561,True,G_90cad6,True
V_a83cdf89,U_0125,2026-01-18,5081.699652899844,True,G_90cad6,False
V_b52477c6,U_0206,2026-01-18,5025.093298546029,True,G_90cad6,False
V_305782601,U_0177,2026-01-18,6221.760793318928,False,,False
V_4259053599,U_0224,2026-01-18,3155.117507054899,False,,False
V_1556729897,U_0289,2026-01-18,11024.972044720591,False,,False
V_786118295,U_0298,2026-01-18,2515.454422102398,False,,False
V_2246214920,U_0306,2026-01-18,2057.0219051969193,False,,False
V_32248ec4,U_0308,2026-01-18,4835.834737602312,True,G_14dbe3,True
V_2bdfab6a,U_0241,2026-01-18,2158.7131355408583,True,G_14dbe3,False
V_0d29f42a,U_0623,2026-01-18,11454.299486309012,True,G_14dbe3,False
V_2722620246,U_0333,2026-01-18,7241.294991364182,False,,False
V_1961036049,U_0451,2026-01-18,5115.715071261611,False,,False
V_2049267326,U_0461,2026-01-18,5282.863400726415,False,,False
V_2041965841,U_0508,2026-01-18,12826.239843242789,False,,False
V_4feec53b,U_0517,2026-01-18,3271.4593223117517,True,G_29519f,True
V_7fb46360,U_0900,2026-01-18,5774.846175622562,True,G_29519f,False
V_076619e1,U_0601,2026-01-18,2304.0295753727996,True,G_29519f,False
V_2af84389,U_0308,2026-01-18,4835.625603527335,True,G_29519f,False
V_863395567,U_0540,2026-01-18,7289.641841263049,False,,False
V_3078269568,U_0644,2026-01-18,6952.617764080668,False,,False
V_28040f53,U_0646,2026-01-18,7892.054538799048,True,G_485108,True
V_7cd830fb,U_0692,2026-01-18,5194.366432245219,True,G_485108,False
V_59163526,U_0086,2026-01-18,3586.053606168978,True,G_485108,False
V_3a7feed3,U_0030,2026-01-18,6631.152538814348,True,G_485108,False
V_7ce81b74,U_0658,2026-01-18,3448.4530189465195,True,G_9f3b84,True
V_a1e17be2,U_0232,2026-01-18,4892.057984954076,True,G_9f3b84,False
V_12ebc7b8,U_0994,2026-01-18,7090.590885136264,True,G_9f3b84,False
V_4e5b4390,U_0600,2026-01-18,4995.439101728147,True,G_9f3b84,False
V_1561448300,U_0672,2026-01-18,7968.745372785047,False,,False
V_237452079,U_0703,2026-01-18,5243.509928602091,False,,False
V_3266174581,U_0704,2026-01-18,3940.753469829186,False,,False
V_53267beb,U_0753,2026-01-18,6655.570656287696,True,G_743b4c,True
V_a5a3f9f6,U_0472,2026-01-18,3855.0813335781377,True,G_743b4c,False
V_d224906a,U_0349,2026-01-18,3362.770810116135,True,G_743b4c,False
V_b6841a3b,U_0365,2026-01-18,3196.9254930348275,True,G_743b4c,False
V_90a1515a,U_0230,2026-01-18,6558.557803732486,True,G_743b4c,False
V_6eaec8be,U_0215,2026-01-18,6891.102386412358,True,G_743b4c,False
V_2638286317,U_0773,2026-01-18,10564.483242966538,False,,False
V_410611774,U_0792,2026-01-18,4459.749187732896,False,,False
V_235769857,U_0800,2026-01-18,4456.838724840781,False,,False
V_fa2537f3,U_0817,2026-01-18,3487.5132385316333,True,G_36b807,True
V_8a4eb5b8,U_0939,2026-01-18,3362.6203161027042,True,G_36b807,False
V_090fdcf6,U_0823,2026-01-18,2977.6366754906385,True,G_940b24,True
V_08e2e70a,U_0077,2026-01-18,6675.56014815393,True,G_940b24,False
V_ba99328f,U_0252,2026-01-18,4930.683714033855,True,G_940b24,False
V_b07b3b87,U_0486,2026-01-18,6728.6478283412025,True,G_940b24,False
V_49fb4af2,U_0653,2026-01-18,5481.301752020034,True,G_940b24,False
V_a310cba5,U_0595,2026-01-18,6699.1121683335305,True,G_940b24,False
V_2005578006,U_0827,2026-01-18,3448.851667451002,False,,False
V_478724145,U_0838,2026-01-18,6229.586797871215,False,,False
V_2665070c,U_0842,2026-01-18,3512.249493603122,True,G_e5622f,True
V_72a2be90,U_0618,2026-01-18,4223.419490287638,True,G_e5622f,False
V_60834b0d,U_0862,2026-01-18,6296.056163044661,True,G_61d5c3,True
V_efaa21f3,U_0746,2026-01-18,2550.4362454288353,True,G_61d5c3,False
V_134c827b,U_0887,2026-01-18,6331.578211859977,True,G_c3456f,True
V_ff630fca,U_0146,2026-01-18,5956.438124905214,True,G_c3456f,False
V_d669a98a,U_0487,2026-01-18,5133.16105119132,True,G_c3456f,False
V_e095468c,U_0697,2026-01-18,2357.8482483551543,True,G_c3456f,False
V_1d307f63,U_0260,2026-01-18,5771.332235826862,True,G_c3456f,False
V_3852784638,U_0918,2026-01-18,10619.860776167405,False,,False
V_dcf63174,U_0956,2026-01-18,1982.6590250151721,True,G_9b2bf5,True
V_406b0293,U_0571,2026-01-18,3514.658760982036,True,G_9b2bf5,False
V_5272a85b,U_0251,2026-01-18,2713.0925674243726,True,G_9b2bf5,False
V_93417486,U_0962,2026-01-18,2183.2762910421347,True,G_9bc600,True
V_cae1e94a,U_0161,2026-01-18,7264.6600781286115,True,G_9bc600,False
V_f648fcea,U_0758,2026-01-18,2674.021348024716,True,G_9bc600,False
V_3056305198,U_0989,2026-01-18,3068.1442504748575,False,,False
V_47e00d40,U_0038,2026-01-19,2543.206918411017,True,G_a49134,True
V_01a84201,U_0973,2026-01-19,2610.783899857422,True,G_a49134,False
V_2066653160,U_0088,2026-01-19,12327.973893876682,False,,False
V_3575125182,U_0089,2026-01-19,7428.114611364485,False,,False
V_5020e8bd,U_0142,2026-01-19,5444.007310462965,True,G_3bb51c,True
V_5f6c872d,U_0785,2026-01-19,6791.234301561601,True,G_3bb51c,False
V_2854611873,U_0144,2026-01-19,3373.7950349781486,False,,False
V_74bcb1c8,U_0194,2026-01-19,9506.778437149098,True,G_25a13c,True
V_c3baaa0c,U_0863,2026-01-19,8352.586209258787,True,G_25a13c,False
V_3426987121,U_0212,2026-01-19,6698.23305806961,False,,False
V_339537834,U_0225,2026-01-19,9646.183787492422,False,,False
V_ea16e367,U_0234,2026-01-19,4232.438023820745,True,G_457391,True
V_26d1ebf9,U_0799,2026-01-19,3155.8377172657306,True,G_457391,False
V_d2fd9731,U_0892,2026-01-19,3758.8065677982568,True,G_457391,False
V_fd665643,U_0527,2026-01-19,2067.4699694270803,True,G_457391,False
V_a756882d,U_0472,2026-01-19,3418.0543182044084,True,G_457391,False
V_2062550357,U_0237,2026-01-19,9100.985875449835,False,,False
V_2787677399,U_0306,2026-01-19,7275.336699154652,False,,False
V_3102194104,U_0336,2026-01-19,7822.08081615592,False,,False
V_1433103702,U_0358,2026-01-19,7241.202315885438,False,,False
V_ddb1a443,U_0387,2026-01-19,12346.115140171496,True,G_129f18,True
V_cdec90b6,U_0015,2026-01-19,11008.853288178725,True,G_129f18,False
V_a2218af9,U_0429,2026-01-19,8773.638445953975,True,G_129f18,False
V_c937c8b5,U_0401,2026-01-19,4483.032225678807,True,G_dfbe71,True
V_a64903cc,U_0689,2026-01-19,5658.587680426215,True,G_dfbe71,False
V_7e3d18f9,U_0563,2026-01-19,2879.3299458170864,True,G_dfbe71,False
V_3571944416,U_0408,2026-01-19,8005.901017744401,False,,False
V_2897258256,U_0461,2026-01-19,9119.368364444192,False,,False
V_3030747877,U_0486,2026-01-19,7453.5942303751035,False,,False
V_d690d028,U_0507,2026-01-19,2791.8662629188266,True,G_70946a,True
V_30440d3f,U_0901,2026-01-19,4572.864456636957,True,G_70946a,False
V_faff6ab6,U_0348,2026-01-19,3237.642410798427,True,G_70946a,False
V_0179440d,U_0496,2026-01-19,2995.947739086936,True,G_70946a,False
V_5c1c3d99,U_0663,2026-01-19,2761.675843763241,True,G_70946a,False
V_d0819603,U_0078,2026-01-19,3738.10559794283,True,G_70946a,False
V_1893653280,U_0565,2026-01-19,9835.885537339163,False,,False
V_2555956013,U_0581,2026-01-19,9444.98589815572,False,,False
V_224ac351,U_0623,2026-01-19,9024.52922786581,True,G_daeb24,True
V_154ca9d1,U_0969,2026-01-19,9511.696001242655,True,G_daeb24,False
V_408274973,U_0628,2026-01-19,11571.612410287138,False,,False
V_1926015177,U_0634,2026-01-19,3686.953202794085,False,,False
V_1873784824,U_0646,2026-01-19,9131.000637697232,False,,False
V_1969753589,U_0649,2026-01-19,3913.9947505479554,False,,False
V_2581904363,U_0669,2026-01-19,2799.7736755107185,False,,False
V_13df9ee6,U_0731,2026-01-19,2848.9169575327483,True,G_09ec25,True
V_c68342e5,U_0869,2026-01-19,3053.2064437209165,True,G_09ec25,False
V_0d27ab17,U_0798,2026-01-19,4682.917911585878,True,G_314c92,True
V_9e606cbd,U_0300,2026-01-19,6341.383085454428,True,G_314c92,False
V_5f9a475b,U_0572,2026-01-19,6699.542250240927,True,G_314c92,False
V_505595886,U_0824,2026-01-19,2499.109286937649,False,,False
V_e346d76b,U_0834,2026-01-19,3458.4570893877635,True,G_963100,True
V_c9d54564,U_0593,2026-01-19,2635.1885526567203,True,G_963100,False
V_14d2d3b1,U_0000,2026-01-19,4878.807651760265,True,G_963100,False
V_9a1eb719,U_0465,2026-01-19,4346.533271532549,True,G_963100,False
V_2761107113,U_0856,2026-01-19,2781.23674268528,False,,False
V_29969a6f,U_0861,2026-01-19,4106.6712762425295,True,G_83af46,True
V_952d5f9e,U_0315,2026-01-19,1992.2241447850167,True,G_83af46,False
V_e5290a20,U_0528,2026-01-19,2732.5628923536156,True,G_83af46,False
V_c59be073,U_0551,2026-01-19,3203.1794088359084,True,G_83af46,False
V_3e4dd6cd,U_0901,2026-01-19,3932.7968517860954,True,G_83af46,False
V_a17f56eb,U_0863,2026-01-19,8675.348272448438,True,G_9282a8,True
V_b541e64c,U_0866,2026-01-19,9290.914918593313,True,G_9282a8,False
V_5fbadfa6,U_0882,2026-01-19,2607.584064698158,True,G_9282a8,False
V_370871063,U_0935,2026-01-19,3788.142675258484,False,,False
V_1717558205,U_0937,2026-01-19,11345.063715823842,False,,False
V_8b2cb95f,U_0043,2026-01-19,3052.33411503938,True,G_d7fa01,True
V_7a5ffb94,U_0628,2026-01-19,11984.415687129384,True,G_d7fa01,False
V_1172393507,U_0070,2026-01-19,3608.169384693771,False,,False
V_df523ea5,U_0124,2026-01-19,2540.996577871124,True,G_0ef4c1,True
V_c8b8daaf,U_0839,2026-01-19,3075.205674168544,True,G_0ef4c1,False
V_ae0eabf0,U_0163,2026-01-19,11742.32439637793,True,G_0ef4c1,False
V_3681841914,U_0125,2026-01-19,5801.162364011045,False,,False
V_3528855432,U_0208,2026-01-19,9693.164840409821,False,,False
V_1531173925,U_0216,2026-01-19,5454.976403858731,False,,False
V_1353160582,U_0249,2026-01-19,6521.216527021578,False,,False
V_501241841,U_0252,2026-01-19,4262.903021708208,False,,False
V_664743341,U_0260,2026-01-19,3625.6687008461327,False,,False
V_1210496214,U_0287,2026-01-19,6160.9729902363215,False,,False
V_960756287,U_0329,2026-01-19,2615.0322176196273,False,,False
V_440374007,U_0365,2026-01-19,3170.866274988553,False,,False
V_3003928908,U_0380,2026-01-19,2463.569970914679,False,,False
V_9fcab7de,U_0398,2026-01-19,3343.2318068665177,True,G_28ae22,True
V_c183a8d2,U_0659,2026-01-19,4091.398546957498,True,G_28ae22,False
V_caedcc8a,U_0488,2026-01-19,5944.851134173271,True,G_28ae22,False
V_3c0a5835,U_0655,2026-01-19,6711.627636637038,True,G_28ae22,False
V_6df40987,U_0406,2026-01-19,3446.260729229357,True,G_3456a2,True
V_d4919de7,U_0894,2026-01-19,2292.3519323601377,True,G_3456a2,False
V_38e82f11,U_0476,2026-01-19,2552.707033894392,True,G_3456a2,False
V_adc4e825,U_0374,2026-01-19,3024.7777662760154,True,G_3456a2,False
V_e9bb6565,U_0234,2026-01-19,3985.0986404047244,True,G_3456a2,False
V_28cbb220,U_0287,2026-01-19,2420.0837663668176,True,G_3456a2,False
V_3678714078,U_0418,2026-01-19,9751.052385966406,False,,False
V_60f9bd4e,U_0464,2026-01-19,7330.631761482768,True,G_87c5b9,True
V_dd98909f,U_0427,2026-01-19,2915.0154041019928,True,G_87c5b9,False
V_b3ecea3f,U_0118,2026-01-19,2483.618645257714,True,G_87c5b9,False
V_1148715670,U_0505,2026-01-19,5900.708797371927,False,,False
V_2169516543,U_0512,2026-01-19,4598.600623010486,False,,False
V_d3359eea,U_0528,2026-01-19,2638.8535574833,True,G_6e7006,True
V_bdc746b0,U_0204,2026-01-19,6521.175856682335,True,G_6e7006,False
V_3167910039,U_0545,2026-01-19,4184.283973282041,False,,False
V_077305af,U_0690,2026-01-19,2777.1403729516164,True,G_573a52,True
V_aa407f4b,U_0288,2026-01-19,6551.44901552283,True,G_573a52,False
V_ba64c976,U_0201,2026-01-19,2725.962744541278,True,G_573a52,False
V_1ec27035,U_0835,2026-01-19,3846.462470108274,True,G_573a52,False
V_606a436e,U_0699,2026-01-19,3893.7406493955677,True,G_573a52,False
V_c8dac7ee,U_0381,2026-01-19,2371.798413887406,True,G_573a52,False
V_10ccfa8f,U_0742,2026-01-19,6433.239077772447,True,G_a39a4f,True
V_f10126c0,U_0027,2026-01-19,3268.1468705317193,True,G_a39a4f,False
V_e5c46320,U_0656,2026-01-19,4212.798306037699,True,G_a39a4f,False
V_105107619,U_0754,2026-01-19,5302.797274538622,False,,False
V_1508263875,U_0758,2026-01-19,7685.693111266795,False,,False
V_1781231988,U_0783,2026-01-19,5157.31007428937,False,,False
V_3868073863,U_0794,2026-01-19,9846.204237222208,False,,False
V_2264656966,U_0801,2026-01-19,4743.098187995209,False,,False
V_fb62010a,U_0830,2026-01-19,3619.8124593758107,True,G_780c22,True
V_426b99fa,U_0537,2026-01-19,4935.8192056583885,True,G_780c22,False
V_38358586,U_0833,2026-01-19,6825.199047339867,False,,False
V_2089911204,U_0838,2026-01-19,7129.412083486097,False,,False
V_91bea576,U_0919,2026-01-19,2585.8934712866285,True,G_ac60c0,True
V_147a512f,U_0912,2026-01-19,5673.042927378156,True,G_ac60c0,False
V_7ef075a3,U_0517,2026-01-19,2755.786607499213,True,G_ac60c0,False
V_1b01544b,U_0757,2026-01-19,3704.3404703050314,True,G_ac60c0,False
V_59a98484,U_0999,2026-01-19,5188.506383328246,True,G_ac60c0,False
V_ba345c77,U_0672,2026-01-19,4304.558161188619,True,G_ac60c0,False
V_3105540209,U_0961,2026-01-19,4212.014682893664,False,,False
V_d5d608f3,U_0962,2026-01-19,1900.8315940654584,True,G_ab0131,True
V_8b1d7faa,U_0770,2026-01-19,9084.8039581592,True,G_ab0131,False
V_642171916,U_0991,2026-01-19,7350.915366021148,False,,False
V_508690076,U_0994,2026-01-19,10631.748238096248,False,,False
V_e4b61eff,U_0996,2026-01-19,2512.1792292800374,True,G_b5dcbb,True
V_ac6f7e3c,U_0112,2026-01-19,7548.186050541802,True,G_b5dcbb,False
V_3056988685,U_0010,2026-01-20,4280.3934888524345,False,,False
V_92f9d831,U_0123,2026-01-20,3103.544059413262,True,G_619191,True
V_c0afb157,U_0874,2026-01-20,5544.559577053108,True,G_619191,False
V_3229131161,U_0242,2026-01-20,2326.8375615773466,False,,False
V_b50a43cf,U_0252,2026-01-20,6045.468718225073,True,G_9a5451,True
V_40fe5158,U_0365,2026-01-20,3038.298304784117,True,G_9a5451,False
V_6762bc52,U_0760,2026-01-20,4046.615394529889,True,G_9a5451,False
V_918287c5,U_0205,2026-01-20,5590.628759525207,True,G_9a5451,False
V_fcee6c73,U_0433,2026-01-20,6931.539947697872,True,G_9a5451,False
V_6ae48f49,U_0023,2026-01-20,4205.33933237602,True,G_9a5451,False
V_945893039,U_0263,2026-01-20,3729.1274002093487,False,,False
V_3b786450,U_0367,2026-01-20,7921.784461685971,True,G_ebb33a,True
V_f671a800,U_0916,2026-01-20,5081.041457698038,True,G_ebb33a,False
V_a57ef311,U_0373,2026-01-20,13442.963305896896,True,G_d244ac,True
V_d7202323,U_0735,2026-01-20,5680.739770440089,True,G_d244ac,False
V_931e7e87,U_0357,2026-01-20,3978.6679477057864,True,G_d244ac,False
V_393b4f78,U_0618,2026-01-20,4700.2081166151775,True,G_d244ac,False
V_526970df,U_0178,2026-01-20,9991.44289719591,True,G_d244ac,False
V_c92bd3ca,U_0386,2026-01-20,4128.915960682988,True,G_6752e1,True
V_bbf3843f,U_0583,2026-01-20,3565.3491989121394,True,G_6752e1,False
V_de99db0d,U_0935,2026-01-20,3114.009637561312,True,G_6752e1,False
V_b3c28159,U_0505,2026-01-20,2637.101449963643,True,G_6752e1,False
V_2776962325,U_0456,2026-01-20,10160.421129335813,False,,False
V_414191605,U_0487,2026-01-20,3898.995168849687,False,,False
V_758efae6,U_0509,2026-01-20,4053.543321699579,True,G_4a428b,True
V_3353c7ae,U_0356,2026-01-20,3643.0411597863767,True,G_4a428b,False
V_49a6801a,U_0510,2026-01-20,3705.0851572509537,True,G_d82bc3,True
V_6a12f504,U_0430,2026-01-20,4166.327251475482,True,G_d82bc3,False
V_1064983628,U_0582,2026-01-20,5315.028900733326,False,,False
V_65a77aa4,U_0621,2026-01-20,3969.9172825151277,True,G_770a9f,True
V_cddb1ec1,U_0320,2026-01-20,3507.3811386389,True,G_770a9f,False
V_50bc3d4e,U_0060,2026-01-20,2885.727011659397,True,G_770a9f,False
V_d3ff265f,U_0190,2026-01-20,6265.163173141292,True,G_770a9f,False
V_b20391ce,U_0893,2026-01-20,4601.312024917739,True,G_770a9f,False
V_48b6ce4e,U_0197,2026-01-20,3623.811507485176,True,G_770a9f,False
V_447215061,U_0623,2026-01-20,12110.228525377972,False,,False
V_8d8a2e0d,U_0629,2026-01-20,4094.8469381006566,True,G_52bc52,True
V_42facc78,U_0620,2026-01-20,2842.549788748172,True,G_52bc52,False
V_62ba9e73,U_0719,2026-01-20,3202.0110231438443,True,G_52bc52,False
V_aadc886a,U_0919,2026-01-20,2505.3771200747556,True,G_52bc52,False
V_34ae9281,U_0353,2026-01-20,2381.7447686860614,True,G_52bc52,False
V_df0c5cce,U_0008,2026-01-20,2689.2928550146594,True,G_52bc52,False
V_2561842700,U_0724,2026-01-20,2368.759020162133,False,,False
V_2982216885,U_0735,2026-01-20,7853.545545332348,False,,False
V_b3b53277,U_0767,2026-01-20,9648.907445887196,True,G_cf8956,True
V_0e5b207c,U_0062,2026-01-20,4541.36628213458,True,G_cf8956,False
V_2090406843,U_0782,2026-01-20,4074.44573764974,False,,False
V_943f7f75,U_0793,2026-01-20,4226.435558490201,True,G_580312,True
V_21fd7ce4,U_0030,2026-01-20,6622.426128284763,True,G_580312,False
V_3b31ef4f,U_0049,2026-01-20,4427.976200991436,True,G_580312,False
V_23fd30fc,U_0874,2026-01-20,4774.975788697139,True,G_580312,False
V_f50764e9,U_0858,2026-01-20,4844.811526380678,True,G_580312,False
V_e306cc21,U_0851,2026-01-20,6049.554720208726,True,G_cb682b,True
V_4e2a43c0,U_0755,2026-01-20,11950.57792079194,True,G_cb682b,False
V_5e225ea5,U_0328,2026-01-20,8458.00473994725,True,G_cb682b,False
V_9c6b46f2,U_0044,2026-01-20,3142.5521538355465,True,G_cb682b,False
V_7b554701,U_0581,2026-01-20,6781.184556951444,True,G_cb682b,False
V_2351431422,U_0896,2026-01-20,12500.447734066236,False,,False
V_3204bd27,U_0922,2026-01-20,5589.958969424486,True,G_1d057a,True
V_06894946,U_0408,2026-01-20,6750.675213927751,True,G_1d057a,False
V_ccd10668,U_0846,2026-01-20,5991.0778655043805,True,G_1d057a,False
V_89499a5b,U_0260,2026-01-20,5708.198011694161,True,G_1d057a,False
V_4adda124,U_0051,2026-01-20,3266.4955609127087,True,G_1d057a,False
V_96413673,U_0940,2026-01-20,2119.067150355716,False,,False
V_0853ee89,U_0951,2026-01-20,9293.400480325681,True,G_03795c,True
V_09ab9a37,U_0888,2026-01-20,7014.579182733034,True,G_03795c,False
V_dc3f83c3,U_0879,2026-01-20,2471.2537908802587,True,G_03795c,False
V_1f844078,U_0968,2026-01-20,2707.6119341533495,True,G_b1d21f,True
V_dbabcf7d,U_0886,2026-01-20,2126.1583410647672,True,G_b1d21f,False
V_e2de75ba,U_0639,2026-01-20,2101.3708038500945,True,G_b1d21f,False
V_74e84dce,U_0463,2026-01-20,3078.7091039123948,True,G_b1d21f,False
V_c842e6b0,U_0424,2026-01-20,3442.036319540187,True,G_b1d21f,False
V_0b883839,U_0116,2026-01-20,2267.3989144334478,True,G_b1d21f,False
V_3534463689,U_0982,2026-01-20,9634.315827632367,False,,False
V_1245866775,U_0001,2026-01-20,9349.105031387413,False,,False
V_4126918016,U_0041,2026-01-20,2550.7971525939506,False,,False
V_3377221141,U_0066,2026-01-20,5281.753109473596,False,,False
V_4053553297,U_0074,2026-01-20,7109.1363285592415,False,,False
V_797c6828,U_0150,2026-01-20,3251.496392009871,True,G_1dd22b,True
V_159ece2c,U_0692,2026-01-20,6713.843612813438,True,G_1dd22b,False
V_0d6b1d49,U_0400,2026-01-20,8258.812578923027,True,G_1dd22b,False
V_6c4e8dbb,U_0101,2026-01-20,3242.433768376854,True,G_1dd22b,False
V_05639808,U_0688,2026-01-20,6317.5323018770005,True,G_1dd22b,False
V_3220f7a7,U_0160,2026-01-20,9210.002370308956,True,G_900b78,True
V_f63ce460,U_0720,2026-01-20,2425.942164354905,True,G_900b78,False
V_86c4ea01,U_0037,2026-01-20,3513.468901195762,True,G_900b78,False
V_4f385f44,U_0706,2026-01-20,3150.947041440403,True,G_900b78,False
V_1b14d686,U_0057,2026-01-20,2339.1063328090954,True,G_900b78,False
V_2b23fe04,U_0172,2026-01-20,4010.043359512958,True,G_1085de,True
V_aec33987,U_0231,2026-01-20,5767.476422436422,True,G_1085de,False
V_1c8e1a91,U_0742,2026-01-20,5716.401632732648,True,G_1085de,False
V_2436439326,U_0178,2026-01-20,9189.002062402044,False,,False
V_3737130186,U_0198,2026-01-20,3091.0815593522066,False,,False
V_7afecd37,U_0221,2026-01-20,6184.434548383144,True,G_7c2ae8,True
V_6c155c65,U_0073,2026-01-20,6333.012017700445,True,G_7c2ae8,False
V_595970ee,U_0001,2026-01-20,6994.887609830842,True,G_7c2ae8,False
V_3063822662,U_0258,2026-01-20,5618.5121561770175,False,,False
V_1943584457,U_0295,2026-01-20,8767.276473049244,False,,False
V_846335785,U_0308,2026-01-20,8705.735587752899,False,,False
V_444261708,U_0356,2026-01-20,3395.8965005815867,False,,False
V_468899bf,U_0400,2026-01-20,10399.460303312302,True,G_5c345f,True
V_51a7e3b6,U_0607,2026-01-20,5377.6014772773315,True,G_5c345f,False
V_de9ac8ee,U_0637,2026-01-20,5718.528317055182,True,G_5c345f,False
V_3006555e,U_0773,2026-01-20,4484.797440724911,True,G_5c345f,False
V_b936c8e1,U_0478,2026-01-20,3576.2811499420545,True,G_d8569b,True
V_6f727d8b,U_0744,2026-01-20,1978.3828717116269,True,G_d8569b,False
V_1952e0d5,U_0074,2026-01-20,1760.386735826068,True,G_d8569b,False
V_21e58fc7,U_0794,2026-01-20,9022.616138693353,True,G_d8569b,False
V_8b786da9,U_0581,2026-01-20,7771.0186285761465,True,G_d8569b,False
V_2d749755,U_0826,2026-01-20,8738.85722064043,True,G_d8569b,False
V_1782225457,U_0488,2026-01-20,4210.321815757725,False,,False
V_1615843092,U_0509,2026-01-20,3983.97974191961,False,,False
V_612820587,U_0519,2026-01-20,4561.133382249139,False,,False
V_1712333507,U_0527,2026-01-20,2565.4394617375838,False,,False
V_3021157961,U_0540,2026-01-20,9311.097407390676,False,,False
V_54ab777e,U_0610,2026-01-20,2081.4762792280835,True,G_2b976b,True
V_4e8c55b2,U_0390,2026-01-20,2573.27564801058,True,G_2b976b,False
V_fb642bf7,U_0173,2026-01-20,6634.502050858843,True,G_2b976b,False
V_3379655975,U_0676,2026-01-20,5809.152488612053,False,,False
V_2315656949,U_0692,2026-01-20,6869.365938615196,False,,False
V_2782195399,U_0710,2026-01-20,5428.317785129375,False,,False
V_3809406701,U_0714,2026-01-20,4167.073036227276,False,,False
V_9c9f954a,U_0727,2026-01-20,12115.199714173681,True,G_fb32fe,True
V_dc0069b6,U_0608,2026-01-20,6945.098896125839,True,G_fb32fe,False
V_989bd788,U_0425,2026-01-20,5157.155665108885,True,G_fb32fe,False
V_2603806752,U_0776,2026-01-20,2469.009423586162,False,,False
V_2134849851,U_0794,2026-01-20,10624.470402694991,False,,False
V_9044f4b4,U_0795,2026-01-20,2282.9998429678726,True,G_37d1da,True
V_9a949b2f,U_0369,2026-01-20,6521.581174050258,True,G_37d1da,False
V_142ce5c4,U_0801,2026-01-20,3838.1389703609952,True,G_fde759,True
V_d689c533,U_0200,2026-01-20,2953.522773863006,True,G_fde759,False
V_be145a43,U_0802,2026-01-20,7843.108059067996,True,G_876121,True
V_2e3d9ab9,U_0120,2026-01-20,2673.795819310527,True,G_876121,False
V_1112779273,U_0824,2026-01-20,7368.537957014082,False,,False
V_12304492,U_0856,2026-01-20,4660.02616753823,False,,False
V_b5cd16f9,U_0879,2026-01-20,2238.1936968665473,True,G_a7469b,True
V_0fc9656d,U_0802,2026-01-20,8826.853647069396,True,G_a7469b,False
V_6c6c2edd,U_0657,2026-01-20,10126.540120174472,True,G_a7469b,False
V_2618938310,U_0889,2026-01-20,2414.114787040589,False,,False
V_2262647514,U_0920,2026-01-20,7225.75785506867,False,,False
V_2480436965,U_0972,2026-01-20,7601.565603755033,False,,False
V_2371022744,U_0997,2026-01-20,5352.923127111292,False,,False
V_1243670980,U_0003,2026-01-21,3700.2134026459244,False,,False
V_5e25f03f,U_0050,2026-01-21,10069.319462106843,True,G_2ff4f3,True
V_33db989d,U_0207,2026-01-21,3819.977679109011,True,G_2ff4f3,False
V_2781551270,U_0165,2026-01-21,3822.2463628436985,False,,False
V_3592975884,U_0181,2026-01-21,10542.033734004528,False,,False
V_2174409198,U_0230,2026-01-21,5102.30268768425,False,,False
V_4251362180,U_0243,2026-01-21,3931.665878320731,False,,False
V_1673701303,U_0273,2026-01-21,3910.427985985684,False,,False
V_2977402680,U_0294,2026-01-21,3109.120079323864,False,,False
V_4032295881,U_0295,2026-01-21,4265.408945470547,False,,False
V_214628346,U_0300,2026-01-21,6420.085569991868,False,,False
V_1037408097,U_0302,2026-01-21,2271.2800077396855,False,,False
V_36c66205,U_0336,2026-01-21,6556.868488846959,True,G_419ec2,True
V_d86db599,U_0142,2026-01-21,5778.691925094227,True,G_419ec2,False
V_8d02d234,U_0389,2026-01-21,2695.821597845151,True,G_1e63fd,True
V_9b833711,U_0820,2026-01-21,2232.2705297816683,True,G_1e63fd,False
V_fc381693,U_0415,2026-01-21,6524.52034028896,True,G_4c3f42,True
V_54389e75,U_0068,2026-01-21,4181.3246679665335,True,G_4c3f42,False
V_5d1a5934,U_0727,2026-01-21,8903.889135498428,True,G_4c3f42,False
V_ef1bfb9c,U_0440,2026-01-21,6582.687901184065,True,G_57c8a8,True
V_ed45e1e5,U_0300,2026-01-21,4555.567153352378,True,G_57c8a8,False
V_8763deb9,U_0789,2026-01-21,3078.0664808214683,True,G_57c8a8,False
V_62a1753c,U_0290,2026-01-21,3209.4957471811895,True,G_57c8a8,False
V_87f7dd52,U_0559,2026-01-21,1751.0726188157169,True,G_57c8a8,False
V_368d4b08,U_0449,2026-01-21,3817.2342563348184,True,G_79e851,True
V_c2c4356e,U_0667,2026-01-21,2335.9311171069694,True,G_79e851,False
V_8d127354,U_0193,2026-01-21,3325.440961282467,True,G_79e851,False
V_183f3c32,U_0486,2026-01-21,6834.826094269413,True,G_58dc32,True
V_44db5ffe,U_0073,2026-01-21,4990.434578571757,True,G_58dc32,False
V_f797bb21,U_0644,2026-01-21,5103.105355318034,True,G_58dc32,False
V_2419098184,U_0508,2026-01-21,7696.24169103159,False,,False
V_1682203795,U_0530,2026-01-21,2180.435716294493,False,,False
V_5c728811,U_0565,2026-01-21,10205.55969935548,True,G_a7e71e,True
V_7c292c71,U_0839,2026-01-21,3777.9622172448694,True,G_a7e71e,False
V_2107034468,U_0581,2026-01-21,9415.174080308223,False,,False
V_2146713010,U_0610,2026-01-21,2052.879383818467,False,,False
V_1882990351,U_0616,2026-01-21,7048.22732487819,False,,False
V_1327542029,U_0623,2026-01-21,11202.485151207638,False,,False
V_7c18250f,U_0635,2026-01-21,2998.960234650695,True,G_9acd54,True
V_8216aab4,U_0674,2026-01-21,3044.648587727462,True,G_9acd54,False
V_e2afa54b,U_0728,2026-01-21,2232.1292567335395,True,G_9acd54,False
V_d2055b58,U_0223,2026-01-21,2254.7102434507356,True,G_9acd54,False
V_0a355da4,U_0543,2026-01-21,2315.299789940032,True,G_9acd54,False
V_2067036221,U_0649,2026-01-21,3537.601229298175,False,,False
V_3041716119,U_0681,2026-01-21,10285.002286829254,False,,False
V_573946849,U_0691,2026-01-21,7818.024680554026,False,,False
V_3475464821,U_0748,2026-01-21,7607.2405185769,False,,False
V_816fd7e3,U_0783,2026-01-21,3228.282954517206,True,G_6c1aea,True
V_5b51caf9,U_0602,2026-01-21,3161.646221485971,True,G_6c1aea,False
V_2d958b93,U_0376,2026-01-21,4402.19591261057,True,G_6c1aea,False
V_03fb2e77,U_0067,2026-01-21,6917.81746552039,True,G_6c1aea,False
V_bd12e553,U_0125,2026-01-21,4867.041899575003,True,G_6c1aea,False
V_2ce538e3,U_0401,2026-01-21,5649.609265569764,True,G_6c1aea,False
V_1159720158,U_0802,2026-01-21,9861.287847768292,False,,False
V_a04e79a7,U_0816,2026-01-21,9698.76392008507,True,G_5abe78,True
V_88d4a287,U_0120,2026-01-21,2891.9568487506713,True,G_5abe78,False
V_03427a18,U_0636,2026-01-21,10411.298099749793,True,G_5abe78,False
V_dfd678e2,U_0461,2026-01-21,10434.419620049377,True,G_5abe78,False
V_c886a6b8,U_0794,2026-01-21,7957.583707602346,True,G_5abe78,False
V_18aae473,U_0889,2026-01-21,4628.011806518536,True,G_ae07a7,True
V_720a6db7,U_0676,2026-01-21,3093.034678674621,True,G_ae07a7,False
V_629e1e0d,U_0648,2026-01-21,3517.5228206043003,True,G_ae07a7,False
V_a1e73207,U_0908,2026-01-21,4251.87363483468,True,G_25472f,True
V_b5297c3e,U_0135,2026-01-21,4464.2433967588695,True,G_25472f,False
V_13946f40,U_0575,2026-01-21,5478.1688392510905,True,G_25472f,False
V_befe480a,U_0913,2026-01-21,8250.765403024205,True,G_606924,True
V_6a13a157,U_0553,2026-01-21,3329.986771098435,True,G_606924,False
V_2f1782e9,U_0019,2026-01-21,6309.408575617369,True,G_606924,False
V_baa37729,U_0839,2026-01-21,3644.304419548885,True,G_606924,False
V_b3d50f27,U_0057,2026-01-21,2080.4747839594233,True,G_606924,False
V_5a7713d3,U_0917,2026-01-21,7787.478862157568,True,G_606924,False
V_57550594,U_0932,2026-01-21,3462.799583653401,True,G_7a1498,True
V_21bc9640,U_0917,2026-01-21,8408.24847095422,True,G_7a1498,False
V_84c6380d,U_0971,2026-01-21,3351.3116292207733,True,G_50169c,True
V_70dcc4a9,U_0244,2026-01-21,2942.4616769595164,True,G_50169c,False
V_893376f3,U_0670,2026-01-21,4709.633111774988,True,G_50169c,False
V_dd74163f,U_0119,2026-01-21,3246.197844487992,True,G_50169c,False
V_a26394cd,U_0993,2026-01-21,7136.141909490925,True,G_972de2,True
V_2a84998e,U_0767,2026-01-21,10898.840611906659,True,G_972de2,False
V_ca2f8100,U_0977,2026-01-21,8176.592719174656,True,G_972de2,False
V_3823276903,U_0032,2026-01-21,8077.088032188892,False,,False
V_13d9760a,U_0039,2026-01-21,2369.947503204524,True,G_feeb67,True
V_402f3419,U_0773,2026-01-21,5164.358202027871,True,G_feeb67,False
V_4acd0f66,U_0056,2026-01-21,3353.049195075106,True,G_d7b3f0,True
V_8d1dec15,U_0734,2026-01-21,5660.08453055638,True,G_d7b3f0,False
V_489e49f2,U_0062,2026-01-21,3686.288155210435,True,G_40311e,True
V_30164f71,U_0274,2026-01-21,5988.366725258673,True,G_40311e,False
V_c91862ba,U_0831,2026-01-21,5049.093601715351,True,G_40311e,False
V_97019a87,U_0994,2026-01-21,6230.130072005523,True,G_40311e,False
V_a755f5db,U_0043,2026-01-21,3457.528193427245,True,G_40311e,False
V_756854e2,U_0067,2026-01-21,7626.768162553679,True,G_34a57c,True
V_8c664057,U_0563,2026-01-21,2858.9032286629767,True,G_34a57c,False
V_83ce7b16,U_0994,2026-01-21,5764.250781650879,True,G_34a57c,False
V_1d8122e8,U_0312,2026-01-21,4410.261828431457,True,G_34a57c,False
V_517e680c,U_0735,2026-01-21,6699.761015987512,True,G_34a57c,False
V_51487e66,U_0793,2026-01-21,5217.159916155982,True,G_34a57c,False
V_4bede693,U_0070,2026-01-21,6257.218585009215,True,G_38984c,True
V_6817bfb1,U_0217,2026-01-21,2552.3460578543272,True,G_38984c,False
V_faed1f9a,U_0738,2026-01-21,7275.515712633693,True,G_38984c,False
V_35c81be2,U_0671,2026-01-21,3028.6352389104945,True,G_38984c,False
V_208148986,U_0101,2026-01-21,5056.501656189095,False,,False
V_40b30cb8,U_0110,2026-01-21,6004.587909360188,True,G_7f8106,True
V_356da563,U_0407,2026-01-21,2554.1150515893764,True,G_7f8106,False
V_91721647,U_0470,2026-01-21,4401.37441613114,True,G_7f8106,False
V_8746d754,U_0882,2026-01-21,3308.9584345841004,True,G_7f8106,False
V_889a2841,U_0085,2026-01-21,3656.2499188850306,True,G_7f8106,False
V_b8846b53,U_0837,2026-01-21,5442.864971149362,True,G_7f8106,False
V_fb0501b0,U_0111,2026-01-21,5350.846046313718,True,G_02235c,True
V_2c8cc3cd,U_0502,2026-01-21,5887.539576794124,True,G_02235c,False
V_1bda40f9,U_0548,2026-01-21,8496.085482900771,True,G_02235c,False
V_1f73ce0d,U_0770,2026-01-21,10081.741990840448,True,G_02235c,False
V_b5f901c1,U_0595,2026-01-21,5581.21667843939,True,G_02235c,False
V_75e5b6d1,U_0161,2026-01-21,7666.672900426784,True,G_b24bd2,True
V_70e4eafd,U_0765,2026-01-21,1852.0752013933259,True,G_b24bd2,False
V_3471640224,U_0177,2026-01-21,6095.462607627166,False,,False
V_1944138513,U_0226,2026-01-21,1872.6119323342725,False,,False
V_3607618792,U_0388,2026-01-21,11455.419274211845,False,,False
V_2037197422,U_0414,2026-01-21,6450.8732809905205,False,,False
V_beed7479,U_0426,2026-01-21,3524.1755587763,True,G_46e044,True
V_9d3e0538,U_0656,2026-01-21,3323.6983657367227,True,G_46e044,False
V_8224c5d3,U_0793,2026-01-21,5203.2080782427865,True,G_46e044,False
V_52d3c8da,U_0169,2026-01-21,3928.1892063099126,True,G_46e044,False
V_66c9de28,U_0445,2026-01-21,13916.5675709273,True,G_1e4294,True
V_d6eedb00,U_0728,2026-01-21,2712.947184425591,True,G_1e4294,False
V_5cc6b99a,U_0078,2026-01-21,4223.605185858395,True,G_1e4294,False
V_790c82a4,U_0472,2026-01-21,3579.667954545029,True,G_1e4294,False
V_bc2952c4,U_0171,2026-01-21,3478.183757125885,True,G_1e4294,False
V_3fdc6276,U_0470,2026-01-21,4442.301482771179,True,G_7af79c,True
V_daf186b3,U_0006,2026-01-21,7795.051334088938,True,G_7af79c,False
V_841ea094,U_0241,2026-01-21,2320.7309353457363,True,G_7af79c,False
V_fd2f5156,U_0840,2026-01-21,3636.988299561612,True,G_7af79c,False
V_8939b921,U_0514,2026-01-21,2599.715524305686,True,G_8ecb73,True
V_c0370575,U_0130,2026-01-21,9358.898667513928,True,G_8ecb73,False
V_6560a15f,U_0962,2026-01-21,2076.3741846436146,True,G_8ecb73,False
V_c3d1565c,U_0097,2026-01-21,10853.710735501385,True,G_8ecb73,False
V_84f1b1e1,U_0851,2026-01-21,5705.591855637478,True,G_8ecb73,False
V_5919fb4e,U_0068,2026-01-21,3553.7760079261416,True,G_8ecb73,False
V_0065bcc3,U_0595,2026-01-21,6955.306654246128,True,G_965d04,True
V_55f96e33,U_0110,2026-01-21,5576.706832179977,True,G_965d04,False
V_dbb2929a,U_0632,2026-01-21,3089.3848343813124,True,G_2bdc68,True
V_fde448bb,U_0972,2026-01-21,6059.348553414752,True,G_2bdc68,False
V_1c33bcc1,U_0461,2026-01-21,8390.7253356761,True,G_2bdc68,False
V_987a3773,U_0758,2026-01-21,3163.932227947875,True,G_2bdc68,False
V_09f3cc9f,U_0221,2026-01-21,8038.423096884589,True,G_2bdc68,False
V_6e137fdc,U_0831,2026-01-21,5763.3974754599185,True,G_2bdc68,False
V_2782470652,U_0659,2026-01-21,5741.560830842347,False,,False
V_3723064401,U_0672,2026-01-21,7427.095482647108,False,,False
V_2b0353d0,U_0710,2026-01-21,4274.40561158223,True,G_b4f983,True
V_6e31550a,U_0697,2026-01-21,2248.928321604523,True,G_b4f983,False
V_13be8ab3,U_0817,2026-01-21,4930.052564128402,True,G_b4f983,False
V_3639274371,U_0740,2026-01-21,12699.03525278899,False,,False
V_8ac57328,U_0775,2026-01-21,3472.8584378735895,True,G_21d8f2,True
V_7d4a16a7,U_0054,2026-01-21,2067.166687505441,True,G_21d8f2,False
V_e46f88c0,U_0213,2026-01-21,3805.898229198584,True,G_21d8f2,False
V_386a5230,U_0014,2026-01-21,1890.6163242852901,True,G_21d8f2,False
V_736f7c9d,U_0778,2026-01-21,2477.1763387690717,True,G_63e5d1,True
V_1800436f,U_0087,2026-01-21,8132.113223645974,True,G_63e5d1,False
V_bc5c93cd,U_0252,2026-01-21,5081.046621345476,True,G_63e5d1,False
V_581018643,U_0844,2026-01-21,2290.6822600147193,False,,False
V_4070746456,U_0891,2026-01-21,6373.586394042258,False,,False
V_1803883090,U_0902,2026-01-21,5827.962232906452,False,,False
V_bb5b547c,U_0908,2026-01-21,4045.718231152103,True,G_91a19a,True
V_ed420e45,U_0462,2026-01-21,3058.468456219166,True,G_91a19a,False
V_fe737f5d,U_0148,2026-01-21,2503.7861028113584,True,G_91a19a,False
V_2231f308,U_0463,2026-01-21,3515.410078996189,True,G_91a19a,False
V_3bc28baf,U_0129,2026-01-21,2151.4605562281786,True,G_91a19a,False
V_161346eb,U_0061,2026-01-21,2192.892984337467,True,G_91a19a,False
V_760763048,U_0915,2026-01-21,2826.6531260070906,False,,False
V_1736139081,U_0929,2026-01-21,2473.7887164247454,False,,False
V_1200694253,U_0935,2026-01-21,2386.9118236530144,False,,False
V_2563456996,U_0937,2026-01-21,2998.7087082027324,False,,False
V_2956497562,U_0982,2026-01-21,13114.894942261204,False,,False
V_498bb4b5,U_0015,2026-01-22,8911.586700065285,True,G_3c761d,True
V_78fffb11,U_0755,2026-01-22,10452.147493660534,True,G_3c761d,False
V_3a9c52ac,U_0373,2026-01-22,10555.04646008617,True,G_3c761d,False
V_3353339b,U_0019,2026-01-22,6799.212811307102,True,G_a91eb7,True
V_cb731467,U_0055,2026-01-22,9956.15482786095,True,G_a91eb7,False
V_fe91fe1e,U_0470,2026-01-22,3412.932830527811,True,G_a91eb7,False
V_cac3272d,U_0682,2026-01-22,7404.956887990873,True,G_a91eb7,False
V_91f2d220,U_0982,2026-01-22,7663.147821491694,True,G_a91eb7,False
V_1956243796,U_0066,2026-01-22,6428.72449611903,False,,False
V_e14fc160,U_0080,2026-01-22,6714.3891977677395,True,G_4a970e,True
V_b524aa9b,U_0165,2026-01-22,4280.955120885396,True,G_4a970e,False
V_49abb803,U_0190,2026-01-22,6409.202160822361,True,G_4a970e,False
V_ad1e15df,U_0506,2026-01-22,6245.154670693835,True,G_4a970e,False
V_f610f011,U_0874,2026-01-22,5366.0617465789965,True,G_4a970e,False
V_d11ad254,U_0573,2026-01-22,4343.6862794230865,True,G_4a970e,False
V_37e7e010,U_0102,2026-01-22,5221.703251131591,True,G_477b84,True
V_03362d38,U_0110,2026-01-22,5960.5510171834,True,G_477b84,False
V_363e00f7,U_0845,2026-01-22,5121.749503509746,True,G_477b84,False
V_e9de3171,U_0648,2026-01-22,3028.6405602010946,True,G_477b84,False
V_ecbe36a3,U_0729,2026-01-22,4804.926892166849,True,G_477b84,False
V_d872bb86,U_0899,2026-01-22,5224.693784396222,True,G_477b84,False
V_1237137302,U_0103,2026-01-22,4619.428057175895,False,,False
V_1568626023,U_0160,2026-01-22,9106.283441002905,False,,False
V_3741691931,U_0174,2026-01-22,4229.432805617374,False,,False
V_101526315,U_0178,2026-01-22,9781.061298050823,False,,False
V_3436270633,U_0221,2026-01-22,7088.219281604433,False,,False
V_311f30c8,U_0324,2026-01-22,9769.432464638969,True,G_6af1a4,True
V_c17535d6,U_0672,2026-01-22,3583.280147596438,True,G_6af1a4,False
V_03e6d552,U_0338,2026-01-22,12661.80322817585,True,G_726208,True
V_8163b371,U_0508,2026-01-22,7094.063349767355,True,G_726208,False
V_2504817440,U_0391,2026-01-22,10936.636679775305,False,,False
V_b6944129,U_0401,2026-01-22,5549.884626231068,True,G_4463bd,True
V_a062ee3a,U_0005,2026-01-22,5116.868766595421,True,G_4463bd,False
V_33f80df8,U_0328,2026-01-22,8153.127642409869,True,G_4463bd,False
V_85535fdf,U_0548,2026-01-22,9746.17031440678,True,G_4463bd,False
V_4019941365,U_0420,2026-01-22,2897.818396170442,False,,False
V_738382883,U_0448,2026-01-22,3553.4334490206643,False,,False
V_3167658691,U_0461,2026-01-22,8678.620788773971,False,,False
V_3590500501,U_0464,2026-01-22,5381.821588379641,False,,False
V_c02585ba,U_0469,2026-01-22,3207.2061973963664,True,G_02547c,True
V_61d30dd0,U_0837,2026-01-22,4474.936876757264,True,G_02547c,False
V_9e0d7015,U_0200,2026-01-22,3236.409809412737,True,G_02547c,False
V_3713560848,U_0480,2026-01-22,5401.593473427796,False,,False
V_2317094274,U_0487,2026-01-22,5701.594018333704,False,,False
V_83ea0320,U_0502,2026-01-22,5898.554993640249,True,G_3a7813,True
V_4a3c8af5,U_0203,2026-01-22,2618.3874991577054,True,G_3a7813,False
V_1dc0af70,U_0734,2026-01-22,6277.000519378925,True,G_3a7813,False
V_83e821da,U_0874,2026-01-22,5645.070313096698,True,G_3a7813,False
V_90f528ec,U_0659,2026-01-22,3674.7547040681566,True,G_3a7813,False
V_3839662603,U_0506,2026-01-22,4983.865984456926,False,,False
V_4102776828,U_0526,2026-01-22,5724.3213924331985,False,,False
V_2228566436,U_0536,2026-01-22,6550.083997964436,False,,False
V_9e79d9e7,U_0574,2026-01-22,4262.451489465446,True,G_e37090,True
V_a06ae130,U_0162,2026-01-22,2797.839539106501,True,G_e37090,False
V_1581174051,U_0628,2026-01-22,10626.517881259682,False,,False
V_2362129148,U_0645,2026-01-22,2973.4925249321896,False,,False
V_017e67d5,U_0672,2026-01-22,4114.8368252595155,True,G_a54dce,True
V_f19ce3c9,U_0627,2026-01-22,4890.897474109185,True,G_a54dce,False
V_b8ae234d,U_0111,2026-01-22,6339.544296154395,True,G_a54dce,False
V_69213232,U_0682,2026-01-22,8440.040897072142,False,,False
V_21755e80,U_0705,2026-01-22,4519.557043897118,True,G_672df1,True
V_c23f0f8e,U_0135,2026-01-22,3600.6629003767207,True,G_672df1,False
V_eb94df96,U_0709,2026-01-22,3884.1311892971958,True,G_f8b325,True
V_9a22a5e1,U_0728,2026-01-22,2838.618874888602,True,G_f8b325,False
V_581fd117,U_0072,2026-01-22,2357.723141201522,True,G_f8b325,False
V_1206768445,U_0713,2026-01-22,2684.572948978043,False,,False
V_2229505233,U_0735,2026-01-22,5476.9613726642265,False,,False
V_4092968352,U_0737,2026-01-22,8341.316813120136,False,,False
V_78a959be,U_0760,2026-01-22,4175.667293447366,True,G_3e3a4b,True
V_b731e4da,U_0654,2026-01-22,4049.2867626738716,True,G_3e3a4b,False
V_5b816af2,U_0714,2026-01-22,6398.954682751585,True,G_3e3a4b,False
V_0dee46e2,U_0950,2026-01-22,2929.705274287633,True,G_3e3a4b,False
V_928848705,U_0793,2026-01-22,4043.354314061505,False,,False
V_388465266,U_0817,2026-01-22,4004.514131035492,False,,False
V_3988219354,U_0821,2026-01-22,2428.488667123642,False,,False
V_a9ba5342,U_0845,2026-01-22,5430.56641641583,True,G_8ca62b,True
V_69c4fc7d,U_0959,2026-01-22,2481.77924031839,True,G_8ca62b,False
V_1167d66e,U_0863,2026-01-22,7671.403355630221,True,G_bbeb77,True
V_067db924,U_0089,2026-01-22,7576.234867846311,True,G_bbeb77,False
V_517dfa0e,U_0241,2026-01-22,2021.7986112257613,True,G_bbeb77,False
V_8d017891,U_0646,2026-01-22,9071.374592561104,True,G_bbeb77,False
V_2463723478,U_0866,2026-01-22,11580.110312979727,False,,False
V_3833437437,U_0895,2026-01-22,4897.407642947275,False,,False
V_9f8ff5ec,U_0897,2026-01-22,9989.431521885197,True,G_e45aee,True
V_5f86cfde,U_0900,2026-01-22,6684.927497681532,True,G_e45aee,False
V_57870194,U_0673,2026-01-22,2725.358522256075,True,G_e45aee,False
V_e9b07f36,U_0124,2026-01-22,3068.05915659877,True,G_e45aee,False
V_4e41f3cf,U_0802,2026-01-22,9842.775806699228,True,G_e45aee,False
V_82cb88da,U_0357,2026-01-22,3790.506935341902,True,G_e45aee,False
V_3677702368,U_0982,2026-01-22,6537.624883249627,False,,False
V_3cd8e229,U_0012,2026-01-22,5691.145103237224,True,G_a07359,True
V_845954f3,U_0734,2026-01-22,5659.038251216321,True,G_a07359,False
V_909d558c,U_0398,2026-01-22,2754.450368623273,True,G_a07359,False
V_c81b933c,U_0757,2026-01-22,4525.119220280255,True,G_a07359,False
V_1fba25df,U_0425,2026-01-22,4568.428561099457,True,G_a07359,False
V_04a134cf,U_0318,2026-01-22,2074.5683594717348,True,G_a07359,False
V_02dd6456,U_0048,2026-01-22,2990.750295744654,True,G_12fdd3,True
V_dac95a34,U_0011,2026-01-22,2440.792995473746,True,G_12fdd3,False
V_838a0d17,U_0028,2026-01-22,3189.0839475084763,True,G_12fdd3,False
V_4c7a4963,U_0285,2026-01-22,4976.819905026218,True,G_12fdd3,False
V_f31dc334,U_0637,2026-01-22,5776.623717335419,True,G_12fdd3,False
V_b727432e,U_0731,2026-01-22,2790.19876417295,True,G_12fdd3,False
V_1321691704,U_0052,2026-01-22,6456.826347117653,False,,False
V_3d56baa7,U_0085,2026-01-22,3582.8495003815588,True,G_574ce4,True
V_7bf7c658,U_0615,2026-01-22,3287.03314687556,True,G_574ce4,False
V_c6238e58,U_0131,2026-01-22,5659.008913130025,True,G_d9d4e4,True
V_f6fb0bd2,U_0743,2026-01-22,1876.914544643089,True,G_d9d4e4,False
V_efe9365a,U_0629,2026-01-22,3931.6070540519167,True,G_d9d4e4,False
V_8eb5fdfc,U_0442,2026-01-22,2807.5656150736095,True,G_d9d4e4,False
V_def14605,U_0653,2026-01-22,5455.101522696616,True,G_d9d4e4,False
V_1806548572,U_0167,2026-01-22,1854.0925750937445,False,,False
V_4956208b,U_0182,2026-01-22,2383.8464048058,True,G_fde8a8,True
V_d12e7eb1,U_0132,2026-01-22,2489.792020153392,True,G_fde8a8,False
V_af5c03b6,U_0898,2026-01-22,3696.1264674229633,True,G_fde8a8,False
V_4feac568,U_0480,2026-01-22,6235.862657427746,True,G_fde8a8,False
V_2732707887,U_0197,2026-01-22,3125.196490412333,False,,False
V_661546029,U_0298,2026-01-22,2401.766337548354,False,,False
V_98556016,U_0385,2026-01-22,5351.343245442832,True,G_344f74,True
V_1f569eb8,U_0086,2026-01-22,3422.8404426740285,True,G_344f74,False
V_769fdcdd,U_0331,2026-01-22,4103.759832994693,True,G_344f74,False
V_491a1c09,U_0792,2026-01-22,3782.1677792196615,True,G_344f74,False
V_4037052005,U_0409,2026-01-22,6602.7235160807995,False,,False
V_4387418b,U_0434,2026-01-22,5529.50347784131,True,G_cc4e78,True
V_02fa1fa0,U_0791,2026-01-22,3258.869284116501,True,G_cc4e78,False
V_aede20d5,U_0799,2026-01-22,3831.370418947191,True,G_cc4e78,False
V_1488b32f,U_0497,2026-01-22,1976.3276812149877,True,G_cc4e78,False
V_7c480fa2,U_0167,2026-01-22,2659.313629850162,True,G_cc4e78,False
V_3544722578,U_0440,2026-01-22,3037.786751250903,False,,False
V_1a3499e6,U_0505,2026-01-22,2506.7235179912036,True,G_8008e1,True
V_d5e767fb,U_0974,2026-01-22,13403.12393894271,True,G_8008e1,False
V_9ea74934,U_0506,2026-01-22,6292.710278772127,True,G_7f0156,True
V_22c9185f,U_0249,2026-01-22,4557.1394495838895,True,G_7f0156,False
V_d7240e12,U_0929,2026-01-22,7885.853764568999,True,G_7f0156,False
V_37bde154,U_0772,2026-01-22,7046.70133710423,True,G_7f0156,False
V_7c8688ad,U_0910,2026-01-22,5686.556510938173,True,G_7f0156,False
V_49dfee4a,U_0016,2026-01-22,3877.7746831224076,True,G_7f0156,False
V_1472449915,U_0540,2026-01-22,8434.825388114823,False,,False
V_1ddfd929,U_0563,2026-01-22,2370.9409412119535,True,G_b0a439,True
V_650420d1,U_0308,2026-01-22,4766.762617096061,True,G_b0a439,False
V_9030541d,U_0229,2026-01-22,5135.979995491523,True,G_b0a439,False
V_d92b8543,U_0025,2026-01-22,3187.0687313100475,True,G_b0a439,False
V_ce9991ce,U_0633,2026-01-22,2731.9235458319954,True,G_b0a439,False
V_7f275456,U_0175,2026-01-22,5912.650079488206,True,G_b0a439,False
V_14a7d4c5,U_0604,2026-01-22,7143.395012087127,True,G_2ccb93,True
V_36ce8913,U_0121,2026-01-22,5299.54280015257,True,G_2ccb93,False
V_ea6021f9,U_0113,2026-01-22,2546.27340548728,True,G_2ccb93,False
V_5f5f41a9,U_0932,2026-01-22,2883.61200295492,True,G_2ccb93,False
V_af5d1478,U_0845,2026-01-22,5347.951181755068,True,G_2ccb93,False
V_4ff21893,U_0315,2026-01-22,2331.7351696972532,True,G_2ccb93,False
V_4932f8b5,U_0609,2026-01-22,4042.1060848896104,True,G_be03ef,True
V_dbfa5aef,U_0537,2026-01-22,4840.896633383281,True,G_be03ef,False
V_e15bd50b,U_0087,2026-01-22,5945.086699564376,True,G_be03ef,False
V_3020052058,U_0627,2026-01-22,3580.9734823443723,False,,False
V_9b351c64,U_0632,2026-01-22,2435.8643300498657,True,G_a1152b,True
V_24eebc72,U_0917,2026-01-22,7900.506697757766,True,G_a1152b,False
V_479390511,U_0636,2026-01-22,5637.775419227303,False,,False
V_69cd9a3b,U_0754,2026-01-22,2492.992468710842,True,G_857be8,True
V_b6800fb5,U_0518,2026-01-22,9478.958174610914,True,G_857be8,False
V_d265da46,U_0623,2026-01-22,10470.534653093171,True,G_857be8,False
V_2a9c6b0f,U_0917,2026-01-22,6025.638851669119,True,G_857be8,False
V_671837491,U_0789,2026-01-22,6743.599743542248,False,,False
V_3573477442,U_0792,2026-01-22,4426.381658786127,False,,False
V_3782998702,U_0809,2026-01-22,3231.2101736097793,False,,False
V_3392746824,U_0833,2026-01-22,6579.549986125505,False,,False
V_2454508653,U_0846,2026-01-22,5996.078681310262,False,,False
V_1597055931,U_0903,2026-01-22,3126.0139380809487,False,,False
V_34498a7c,U_0938,2026-01-22,5189.684912163532,True,G_d03604,True
V_89520e12,U_0957,2026-01-22,2550.72041020794,True,G_d03604,False
V_9d2d65a0,U_0195,2026-01-22,5157.622645555981,True,G_d03604,False
V_26143410,U_0749,2026-01-22,2196.7466526684993,True,G_d03604,False
V_736766031,U_0005,2026-01-23,5469.219663339356,False,,False
V_3502645483,U_0006,2026-01-23,5979.40204896566,False,,False
V_99ea082e,U_0065,2026-01-23,4648.532641464188,True,G_0be28d,True
V_80b8b158,U_0723,2026-01-23,5298.498574841516,True,G_0be28d,False
V_cca4ffb4,U_0032,2026-01-23,5394.33507133661,True,G_0be28d,False
V_ac2e0911,U_0827,2026-01-23,5306.977723675864,True,G_0be28d,False
V_5dbaae38,U_0840,2026-01-23,4891.321168322717,True,G_0be28d,False
V_a1fa4f6c,U_0050,2026-01-23,9298.534540894958,True,G_0be28d,False
V_3138338159,U_0168,2026-01-23,8500.868761731444,False,,False
V_85f0bd39,U_0181,2026-01-23,11805.582540244193,True,G_7311f3,True
V_8b061d32,U_0456,2026-01-23,10380.637742512037,True,G_7311f3,False
V_1795925436,U_0210,2026-01-23,3768.4327512322316,False,,False
V_a135ec3d,U_0211,2026-01-23,4643.488270605163,True,G_b900bf,True
V_73f18660,U_0383,2026-01-23,3176.341664622296,True,G_b900bf,False
V_d0c711a2,U_0131,2026-01-23,6513.122893625877,True,G_b900bf,False
V_635dacae,U_0142,2026-01-23,6536.497360569845,True,G_b900bf,False
V_9d8805b8,U_0179,2026-01-23,2842.553670191425,True,G_b900bf,False
V_8a822093,U_0981,2026-01-23,5911.581593518957,True,G_b900bf,False
V_544595309,U_0215,2026-01-23,4832.816464840783,False,,False
V_3527419975,U_0229,2026-01-23,6185.991522970003,False,,False
V_b772ee9e,U_0276,2026-01-23,6246.249644543564,True,G_018c16,True
V_bca10d5c,U_0135,2026-01-23,4565.370181459496,True,G_018c16,False
V_7c87882c,U_0810,2026-01-23,3382.9670318957415,True,G_018c16,False
V_eb4df1b7,U_0304,2026-01-23,4532.073185493206,True,G_685292,True
V_bf152169,U_0868,2026-01-23,6181.829692407535,True,G_685292,False
V_fe2d018b,U_0522,2026-01-23,5865.0441605691285,True,G_685292,False
V_b8ff728d,U_0323,2026-01-23,8024.81477882062,True,G_64209a,True
V_23e68007,U_0654,2026-01-23,4291.735535839365,True,G_64209a,False
V_2559f4d7,U_0869,2026-01-23,3939.591294124486,True,G_64209a,False
V_58fa5541,U_0794,2026-01-23,8654.297639367278,True,G_64209a,False
V_c895ffb0,U_0695,2026-01-23,8712.254656096198,True,G_64209a,False
V_dad8d9f0,U_0120,2026-01-23,2319.6663649803613,True,G_64209a,False
V_2783748738,U_0332,2026-01-23,6437.023134666754,False,,False
V_4289273537,U_0400,2026-01-23,11280.640645333298,False,,False
V_38793d57,U_0431,2026-01-23,6291.382817672496,True,G_89273f,True
V_da9ff9c1,U_0626,2026-01-23,3416.6964976285876,True,G_89273f,False
V_bee99a39,U_0907,2026-01-23,4626.893998845957,True,G_89273f,False
V_164db9a2,U_0484,2026-01-23,10427.235942859059,True,G_a14f18,True
V_7edd9579,U_0838,2026-01-23,4399.709862373213,True,G_a14f18,False
V_90ddc9f6,U_0089,2026-01-23,6944.390975294411,True,G_a14f18,False
V_bc307c0b,U_0124,2026-01-23,2849.513198060443,True,G_a14f18,False
V_96304872,U_0125,2026-01-23,5090.891204311258,True,G_a14f18,False
V_2831368378,U_0487,2026-01-23,4981.026682503231,False,,False
V_2932596507,U_0549,2026-01-23,3816.97436426114,False,,False
V_bad881a5,U_0647,2026-01-23,7203.035505408173,True,G_be91e6,True
V_2be476c8,U_0670,2026-01-23,4509.688181134959,True,G_be91e6,False
V_ebbba9af,U_0480,2026-01-23,5716.090433283382,True,G_be91e6,False
V_5ee09a57,U_0722,2026-01-23,6083.896348950817,True,G_be91e6,False
V_64cd3ef3,U_0094,2026-01-23,4992.495889003596,True,G_be91e6,False
V_e3811493,U_0613,2026-01-23,6160.902438162351,True,G_be91e6,False
V_2062028578,U_0669,2026-01-23,2586.387497489777,False,,False
V_d00e56c4,U_0682,2026-01-23,7089.797459994883,True,G_910751,True
V_45e5e6ec,U_0316,2026-01-23,3008.3843549082517,True,G_910751,False
V_d92b15b2,U_0241,2026-01-23,2019.4477298714344,True,G_910751,False
V_cf401a1a,U_0391,2026-01-23,9006.301705379037,True,G_910751,False
V_d8818df3,U_0461,2026-01-23,8566.792480481212,True,G_910751,False
V_34ca2bd8,U_0089,2026-01-23,6377.333425717989,True,G_910751,False
V_f9007bd6,U_0697,2026-01-23,2338.0032180826124,True,G_74674e,True
V_d8af22c7,U_0907,2026-01-23,4415.625719237113,True,G_74674e,False
V_6195b232,U_0271,2026-01-23,2605.9145426759405,True,G_74674e,False
V_59833e16,U_0516,2026-01-23,3112.7495458647154,True,G_74674e,False
V_1064390995,U_0727,2026-01-23,11426.57875562645,False,,False
V_486f70e2,U_0732,2026-01-23,6408.005868851773,True,G_8df5d7,True
V_9dfc2076,U_0933,2026-01-23,5498.315970223878,True,G_8df5d7,False
V_4063399159,U_0738,2026-01-23,5430.565393668625,False,,False
V_2318319343,U_0770,2026-01-23,7588.359850699385,False,,False
V_591897284,U_0782,2026-01-23,4121.652948073074,False,,False
V_512191839,U_0813,2026-01-23,8814.935237500964,False,,False
V_905779690,U_0826,2026-01-23,8691.414500247476,False,,False
V_3410405175,U_0843,2026-01-23,5862.420765438966,False,,False
V_2343287585,U_0863,2026-01-23,9757.52002558747,False,,False
V_931e40e6,U_0868,2026-01-23,5788.703000551837,True,G_0d7d32,True
V_f8e4fda5,U_0981,2026-01-23,5814.620059686237,True,G_0d7d32,False
V_612bb11d,U_0273,2026-01-23,3792.5326412584373,True,G_0d7d32,False
V_0f52ffe2,U_0128,2026-01-23,6134.619888224674,True,G_0d7d32,False
V_29d041f7,U_0012,2026-01-23,4869.74334431689,True,G_0d7d32,False
V_627cd4f9,U_0991,2026-01-23,2014.7136670847565,True,G_0d7d32,False
V_211937649,U_0888,2026-01-23,9569.985943775082,False,,False
V_cdf1395e,U_0902,2026-01-23,8593.780363967518,True,G_3b5f30,True
V_fec73fa8,U_0955,2026-01-23,7578.747821131134,True,G_3b5f30,False
V_089f5138,U_0943,2026-01-23,1793.0755679322417,True,G_3b5f30,False
V_8208f533,U_0681,2026-01-23,11077.297101804656,True,G_3b5f30,False
V_0750e6e8,U_0740,2026-01-23,4590.352518972998,True,G_3b5f30,False
V_40ec53ef,U_0908,2026-01-23,4846.878181706225,True,G_1f2b94,True
V_93e7dc56,U_0537,2026-01-23,4199.95687802319,True,G_1f2b94,False
V_12e1b9ee,U_0827,2026-01-23,6823.277677700971,True,G_1f2b94,False
V_877ce2c3,U_0243,2026-01-23,4506.3796007030105,True,G_1f2b94,False
V_3213aa9c,U_0485,2026-01-23,4087.6452491264854,True,G_1f2b94,False
V_bb68ec26,U_0910,2026-01-23,6603.45274059356,True,G_69835d,True
V_ff3dbb8b,U_0502,2026-01-23,5228.89824720059,True,G_69835d,False
V_adc4fa8e,U_0352,2026-01-23,2412.7313610197857,True,G_69835d,False
V_fd59b917,U_0809,2026-01-23,4087.4176779032523,True,G_69835d,False
V_33dd57c9,U_0959,2026-01-23,2736.3107960419356,True,G_69835d,False
V_991543203,U_0947,2026-01-23,7942.561093584053,False,,False
V_3382800464,U_0963,2026-01-23,5646.710794805269,False,,False
V_3855605176,U_0978,2026-01-23,3003.2242569026666,False,,False
V_ddc90f07,U_0997,2026-01-23,4076.3604127959566,True,G_558096,True
V_de1e22a7,U_0156,2026-01-23,2529.0821900173596,True,G_558096,False
V_2719a264,U_0538,2026-01-23,2318.6491370734475,True,G_558096,False
V_8b4fe8c2,U_0126,2026-01-23,1959.7705275464255,True,G_558096,False
V_dbc10340,U_0057,2026-01-23,2556.4423310338466,True,G_027fa2,True
V_363b9ec1,U_0515,2026-01-23,2858.6708760372603,True,G_027fa2,False
V_ebdf1821,U_0400,2026-01-23,10412.286605014773,True,G_027fa2,False
V_8dd082c4,U_0744,2026-01-23,1920.2506537161469,True,G_027fa2,False
V_558f9d6a,U_0851,2026-01-23,6450.287322903885,True,G_027fa2,False
V_d70d464a,U_0206,2026-01-23,6096.7188727806915,True,G_027fa2,False
V_1473346451,U_0087,2026-01-23,4001.60121375173,False,,False
V_2680459446,U_0119,2026-01-23,13705.93379791582,False,,False
V_2229880675,U_0125,2026-01-23,6634.186275049915,False,,False
V_6047a57c,U_0158,2026-01-23,2660.3948292709606,True,G_e07bc0,True
V_26ab69f6,U_0778,2026-01-23,2952.0144649544914,True,G_e07bc0,False
V_cca9ecaf,U_0797,2026-01-23,2156.6450295157906,True,G_e07bc0,False
V_10ced5b0,U_0570,2026-01-23,4222.948834912541,True,G_e07bc0,False
V_1252480968,U_0165,2026-01-23,4803.155147889979,False,,False
V_7b6e8962,U_0166,2026-01-23,5970.730132239863,True,G_617f62,True
V_f943011a,U_0576,2026-01-23,7624.482106239748,True,G_617f62,False
V_0e01e759,U_0426,2026-01-23,4003.9818510665077,True,G_617f62,False
V_30dec2fa,U_0692,2026-01-23,6036.4490159554025,True,G_617f62,False
V_4fe2b5a1,U_0248,2026-01-23,4415.088363288417,True,G_2a1b00,True
V_a9cf05f4,U_0569,2026-01-23,2952.9588742032147,True,G_2a1b00,False
V_c32c8db1,U_0392,2026-01-23,6062.3697953977035,True,G_2a1b00,False
V_b679e0f1,U_0647,2026-01-23,5003.254849944067,True,G_2a1b00,False
V_d5080990,U_0283,2026-01-23,2994.195236495224,True,G_35713d,True
V_cdfe6b58,U_0953,2026-01-23,3624.2682259648823,True,G_35713d,False
V_aa054175,U_0064,2026-01-23,2568.2463219965416,True,G_35713d,False
V_d59a769e,U_0825,2026-01-23,2998.513891600488,True,G_35713d,False
V_1788dba9,U_0379,2026-01-23,2677.4466696462746,True,G_35713d,False
V_5b7a98c6,U_0288,2026-01-23,5623.156030426061,True,G_9ff0ab,True
V_267e0d30,U_0663,2026-01-23,2328.093205679868,True,G_9ff0ab,False
V_548cb865,U_0707,2026-01-23,2776.639253789751,True,G_9ff0ab,False
V_186d6563,U_0257,2026-01-23,2193.359840043659,True,G_9ff0ab,False
V_2734417764,U_0345,2026-01-23,5313.703863474886,False,,False
V_1165628129,U_0349,2026-01-23,2211.522997250288,False,,False
V_4173296575,U_0368,2026-01-23,4376.780966107917,False,,False
V_3818522130,U_0395,2026-01-23,3096.4219640748875,False,,False
V_2802886693,U_0400,2026-01-23,6938.139251435521,False,,False
V_4274693855,U_0407,2026-01-23,4353.560063094753,False,,False
V_99c4dce9,U_0443,2026-01-23,4352.299765570934,True,G_e879df,True
V_43431e49,U_0337,2026-01-23,3219.6595011206787,True,G_e879df,False
V_b9140c6d,U_0192,2026-01-23,2744.4150373987377,True,G_e879df,False
V_fa11d56b,U_0351,2026-01-23,4078.8417689455628,True,G_e879df,False
V_9448ae96,U_0767,2026-01-23,8662.396914544299,True,G_e879df,False
V_47437f99,U_0871,2026-01-23,2710.252595442211,True,G_e879df,False
V_3384460575,U_0452,2026-01-23,7965.112436831315,False,,False
V_15c400a7,U_0458,2026-01-23,10631.098385118186,True,G_b8a89d,True
V_3625f6bf,U_0572,2026-01-23,7597.253472914443,True,G_b8a89d,False
V_2c5f9615,U_0772,2026-01-23,7902.952710637277,True,G_b8a89d,False
V_4e9521d8,U_0066,2026-01-23,6384.369313744108,True,G_b8a89d,False
V_71c8eefd,U_0712,2026-01-23,4254.012411510313,True,G_b8a89d,False
V_321888584,U_0512,2026-01-23,4419.547268701978,False,,False
V_3781440214,U_0519,2026-01-23,4362.800247993577,False,,False
V_2592086078,U_0548,2026-01-23,4834.635302827872,False,,False
V_4112385952,U_0623,2026-01-23,3217.3799865442206,False,,False
V_c6388abb,U_0664,2026-01-23,3757.0807820477244,True,G_6288ac,True
V_76b3c430,U_0305,2026-01-23,6347.801531122464,True,G_6288ac,False
V_b2e029fe,U_0783,2026-01-23,3568.466895637596,True,G_6288ac,False
V_5fa2711b,U_0738,2026-01-23,5977.861710415685,True,G_fac33a,True
V_6ab7b9b9,U_0963,2026-01-23,4401.860182818838,True,G_fac33a,False
V_fbe339e9,U_0792,2026-01-23,4145.4406757477145,True,G_fac33a,False
V_3490187001,U_0756,2026-01-23,3862.3438445752167,False,,False
V_3125581034,U_0771,2026-01-23,2568.460976628189,False,,False
V_2032102478,U_0881,2026-01-23,4010.1731572654658,False,,False
V_3864537488,U_0009,2026-01-24,6887.587970741088,False,,False
V_69478c87,U_0132,2026-01-24,2445.06499641219,True,G_3c836b,True
V_e088e955,U_0932,2026-01-24,3279.322414024077,True,G_3c836b,False
V_1ff79643,U_0251,2026-01-24,2014.9618074548307,True,G_3c836b,False
V_dec760fd,U_0663,2026-01-24,2246.136762246942,True,G_3c836b,False
V_578979609,U_0168,2026-01-24,9014.12316996675,False,,False
V_2980165875,U_0189,2026-01-24,2321.1817126490955,False,,False
V_2807224769,U_0220,2026-01-24,1885.2314311237817,False,,False
V_5e8bf777,U_0240,2026-01-24,7434.475626831865,True,G_fe1d34,True
V_9382d81d,U_0185,2026-01-24,5055.590051905133,True,G_fe1d34,False
V_2ed23ca8,U_0541,2026-01-24,5872.514376231846,True,G_fe1d34,False
V_024d0e25,U_0656,2026-01-24,3844.774287986565,True,G_fe1d34,False
V_3019453489,U_0280,2026-01-24,7540.251694897284,False,,False
V_3312780672,U_0312,2026-01-24,4775.6578947787,False,,False
V_55828071,U_0377,2026-01-24,3751.661544000643,True,G_9c18ca,True
V_1c5e7789,U_0367,2026-01-24,6794.534868831809,True,G_9c18ca,False
V_81be9ef9,U_0353,2026-01-24,2789.42008501758,True,G_9c18ca,False
V_ceb38b94,U_0239,2026-01-24,3339.493117741738,True,G_9c18ca,False
V_5aa0bf4b,U_0862,2026-01-24,5115.443477563834,True,G_9c18ca,False
V_839218603,U_0411,2026-01-24,2128.768502863389,False,,False
V_1984169457,U_0457,2026-01-24,9229.599047293526,False,,False
V_273744419,U_0475,2026-01-24,3648.767382665065,False,,False
V_74aec60a,U_0623,2026-01-24,10338.635706061514,True,G_f6a7a2,True
V_8303bd78,U_0400,2026-01-24,8993.127753880584,True,G_f6a7a2,False
V_f92d28bb,U_0119,2026-01-24,3825.375493969991,True,G_f6a7a2,False
V_d401b70e,U_0897,2026-01-24,8146.365167758499,True,G_f6a7a2,False
V_dd891fb4,U_0316,2026-01-24,2667.970225056964,True,G_f6a7a2,False
V_e8fbaa4f,U_0852,2026-01-24,9122.619065159011,True,G_f6a7a2,False
V_784517463,U_0660,2026-01-24,4181.49633137951,False,,False
V_2253003681,U_0701,2026-01-24,6874.667787554917,False,,False
V_ad9e4f65,U_0703,2026-01-24,3463.928814241355,True,G_329744,True
V_0c4c0fb1,U_0175,2026-01-24,7234.449402777608,True,G_329744,False
V_f27d4412,U_0346,2026-01-24,3729.4759558825954,True,G_329744,False
V_652c9b42,U_0737,2026-01-24,6089.892595934546,True,G_2c65cf,True
V_d6b21c5a,U_0238,2026-01-24,8064.7388743133415,True,G_2c65cf,False
V_5bc2249c,U_0565,2026-01-24,11002.03162303271,True,G_2c65cf,False
V_8c7323ec,U_0738,2026-01-24,6718.569906391193,True,G_321e94,True
V_0c2972c5,U_0247,2026-01-24,4257.143493560517,True,G_321e94,False
V_6dd8efe4,U_0285,2026-01-24,4155.026858993464,True,G_321e94,False
V_8b3f92b3,U_0752,2026-01-24,7301.0145054501145,True,G_4a5803,True
V_4b511af1,U_0032,2026-01-24,5247.373913308415,True,G_4a5803,False
V_5320210d,U_0178,2026-01-24,9364.973742599019,True,G_4a5803,False
V_da02ec44,U_0581,2026-01-24,7258.228499555533,True,G_4a5803,False
V_cfaea685,U_0328,2026-01-24,7443.107965481751,True,G_4a5803,False
V_e8afd16b,U_0768,2026-01-24,5816.352929486632,True,G_79583b,True
V_9a82004d,U_0166,2026-01-24,7348.047298800848,True,G_79583b,False
V_9b2d746a,U_0510,2026-01-24,4989.43313724007,True,G_79583b,False
V_1090142720,U_0775,2026-01-24,4127.596764096554,False,,False
V_4162640715,U_0780,2026-01-24,2222.4937113807073,False,,False
V_2767709908,U_0817,2026-01-24,4429.458599445659,False,,False
V_d34c4862,U_0835,2026-01-24,3206.402923556228,True,G_9263cc,True
V_c264ba99,U_0150,2026-01-24,2447.41109980805,True,G_9263cc,False
V_153c4e36,U_0669,2026-01-24,3220.8027767537274,True,G_9263cc,False
V_14b97582,U_0808,2026-01-24,2350.5631402693807,True,G_9263cc,False
V_232eda14,U_0841,2026-01-24,6358.979628738853,True,G_fb722e,True
V_a7fc54f5,U_0151,2026-01-24,5878.239679070173,True,G_fb722e,False
V_0d71d16a,U_0610,2026-01-24,2526.8770116811897,True,G_fb722e,False
V_641ba479,U_0695,2026-01-24,8828.56196896782,True,G_fb722e,False
V_3220614d,U_0697,2026-01-24,2680.344772844356,True,G_fb722e,False
V_cbb3ed82,U_0883,2026-01-24,3152.66230824422,True,G_ecb150,True
V_0a79c78f,U_0049,2026-01-24,4345.185304150839,True,G_ecb150,False
V_729df336,U_0427,2026-01-24,3292.8897582365094,True,G_ecb150,False
V_35bbcb7e,U_0370,2026-01-24,1903.8113156883935,True,G_ecb150,False
V_b8b86f77,U_0775,2026-01-24,3135.4804402164555,True,G_ecb150,False
V_73113591,U_0885,2026-01-24,8859.557372801482,False,,False
V_4145afd1,U_0902,2026-01-24,8178.320580533413,True,G_9e32ce,True
V_e003c5a9,U_0316,2026-01-24,2636.4716601914556,True,G_9e32ce,False
V_7107a4be,U_0540,2026-01-24,1867.344036214345,True,G_9e32ce,False
V_f4dd188a,U_0388,2026-01-24,2522.027190169198,True,G_9e32ce,False
V_aa575819,U_0826,2026-01-24,8187.875373255653,True,G_9e32ce,False
V_68c74413,U_0966,2026-01-24,4159.900063556918,True,G_eecf0f,True
V_92bb20ba,U_0001,2026-01-24,7552.395756756198,True,G_eecf0f,False
V_a19209cd,U_0475,2026-01-24,3975.9286990246114,True,G_eecf0f,False
V_9b61ccb2,U_0993,2026-01-24,6177.574147670229,True,G_3b8d55,True
V_58fe08aa,U_0687,2026-01-24,2369.09901171781,True,G_3b8d55,False
V_1a360bc6,U_0043,2026-01-24,3810.4691476603307,True,G_3b8d55,False
V_a8f755a6,U_0548,2026-01-24,8502.008529637906,True,G_3b8d55,False
V_65565a88,U_0099,2026-01-24,3393.0225750279287,True,G_437d69,True
V_7a290614,U_0361,2026-01-24,4321.7345358938355,True,G_437d69,False
V_38f8a087,U_0156,2026-01-24,2731.1041700558653,True,G_437d69,False
V_ad402bf4,U_0831,2026-01-24,6120.734032000443,True,G_437d69,False
V_1320462780,U_0120,2026-01-24,10411.88050047267,False,,False
V_a55a0fa8,U_0135,2026-01-24,3955.470095789466,True,G_cb08bf,True
V_a8bfcb52,U_0790,2026-01-24,7214.169091125793,True,G_cb08bf,False
V_67fa9291,U_0369,2026-01-24,5638.036035314216,True,G_cb08bf,False
V_9898d199,U_0281,2026-01-24,6497.294426000566,True,G_cb08bf,False
V_ec0e3237,U_0326,2026-01-24,6649.097511060686,True,G_cb08bf,False
V_1adbda3e,U_0148,2026-01-24,3026.517258188338,True,G_cc1853,True
V_e572711f,U_0602,2026-01-24,3247.8924701849282,True,G_cc1853,False
V_bf5f2ae0,U_0569,2026-01-24,2581.7082397817103,True,G_cc1853,False
V_e6b21281,U_0626,2026-01-24,2710.353077263681,True,G_cc1853,False
V_8c240baf,U_0169,2026-01-24,4436.64032318584,True,G_cc1853,False
V_6c425e1d,U_0308,2026-01-24,5078.324767304206,True,G_cc1853,False
V_01613a5d,U_0150,2026-01-24,3248.979962638473,True,G_a66e4d,True
V_7b53c9e0,U_0975,2026-01-24,2068.717308165063,True,G_a66e4d,False
V_4ad35d7f,U_0090,2026-01-24,5675.653962725839,True,G_a66e4d,False
V_9ba7494e,U_0850,2026-01-24,3387.2753610233567,True,G_a66e4d,False
V_58d6e3d4,U_0153,2026-01-24,2821.6295516848695,True,G_5ceed6,True
V_660cc8b8,U_0188,2026-01-24,3559.0026542107425,True,G_5ceed6,False
V_548631030,U_0161,2026-01-24,7651.572150126124,False,,False
V_3563969353,U_0170,2026-01-24,3314.8669744064405,False,,False
V_3011595220,U_0175,2026-01-24,2208.0599667435786,False,,False
V_2931430498,U_0316,2026-01-24,9628.791067545444,False,,False
V_3cbf202e,U_0351,2026-01-24,4213.267412464904,True,G_d9c924,True
V_bf9723d3,U_0286,2026-01-24,3370.1088154475365,True,G_d9c924,False
V_79b97da1,U_0687,2026-01-24,2549.3488434865594,True,G_d9c924,False
V_2e9049ae,U_0674,2026-01-24,3202.224284220193,True,G_d9c924,False
V_8170bc9c,U_0434,2026-01-24,5684.62047551156,True,G_d9c924,False
V_cd6c71fb,U_0977,2026-01-24,10099.642276318407,True,G_d9c924,False
V_2200115106,U_0357,2026-01-24,6742.843712677386,False,,False
V_7a623e7e,U_0368,2026-01-24,3158.2978176582847,True,G_941669,True
V_47f601ca,U_0213,2026-01-24,4229.215751018602,True,G_941669,False
V_786256751,U_0388,2026-01-24,11514.647493636217,False,,False
V_2031569156,U_0392,2026-01-24,3467.394020809599,False,,False
V_1917562276,U_0452,2026-01-24,8818.812481146404,False,,False
V_3810609679,U_0456,2026-01-24,3284.0593729833527,False,,False
V_3583333718,U_0498,2026-01-24,2898.6700747777745,False,,False
V_bda1f566,U_0505,2026-01-24,2806.274617068824,True,G_586cf9,True
V_e344143d,U_0089,2026-01-24,7573.8600229959075,True,G_586cf9,False
V_4cf9778f,U_0295,2026-01-24,3214.8624116899377,True,G_586cf9,False
V_8bd4f190,U_0682,2026-01-24,9462.072124500995,True,G_586cf9,False
V_83144656,U_0535,2026-01-24,2871.129449295281,False,,False
V_512692760,U_0549,2026-01-24,4072.500348425467,False,,False
V_1214068885,U_0593,2026-01-24,5976.276802392524,False,,False
V_4062209060,U_0609,2026-01-24,3336.810220499353,False,,False
V_f8869fda,U_0627,2026-01-24,6292.327768143901,True,G_c9f584,True
V_d802f5c4,U_0269,2026-01-24,5652.528311909119,True,G_c9f584,False
V_2ba14a29,U_0121,2026-01-24,5322.092699026301,True,G_c9f584,False
V_18c11325,U_0705,2026-01-24,5607.511428863507,True,G_f08315,True
V_af5a6966,U_0778,2026-01-24,2890.5902425460713,True,G_f08315,False
V_30953875,U_0724,2026-01-24,3502.9032536771074,False,,False
V_3250272642,U_0736,2026-01-24,10620.142351562394,False,,False
V_1549256067,U_0784,2026-01-24,1845.8052053491824,False,,False
V_0a323027,U_0798,2026-01-24,4109.906297615913,True,G_14f6a6,True
V_e35cfe84,U_0618,2026-01-24,3491.158072547164,True,G_14f6a6,False
V_8a182ddd,U_0458,2026-01-24,11258.968284085422,True,G_14f6a6,False
V_4c17eaae,U_0969,2026-01-24,12492.86149007811,True,G_14f6a6,False
V_cb4b00da,U_0124,2026-01-24,2354.1704209425225,True,G_14f6a6,False
V_4b3ff489,U_0782,2026-01-24,4287.633420074948,True,G_14f6a6,False
V_9f4cb9cc,U_0840,2026-01-24,3551.3631033247466,True,G_1861a2,True
V_40138e4f,U_0073,2026-01-24,5015.625546690241,True,G_1861a2,False
V_b4bc479a,U_0682,2026-01-24,9109.6881484294,True,G_1861a2,False
V_8941a401,U_0436,2026-01-24,9094.41835396552,True,G_1861a2,False
V_c9c268d4,U_0388,2026-01-24,2431.7731955302156,True,G_1861a2,False
V_56661af6,U_0851,2026-01-24,6163.507417102157,True,G_3a7944,True
V_cb7dc339,U_0034,2026-01-24,2892.257414990767,True,G_3a7944,False
V_8edac8c6,U_0080,2026-01-24,5796.645507536478,True,G_3a7944,False
V_d21275df,U_0192,2026-01-24,3340.467957151481,True,G_3a7944,False
V_055e8f2b,U_0856,2026-01-24,2665.6850859511537,True,G_1b59ab,True
V_d96de993,U_0721,2026-01-24,6321.994074539214,True,G_1b59ab,False
V_77742807,U_0857,2026-01-24,2015.7595459807508,True,G_dcff30,True
V_9fcb2d85,U_0119,2026-01-24,3804.280110781434,True,G_dcff30,False
V_860011ac,U_0977,2026-01-24,7479.4593623001165,True,G_dcff30,False
V_a85da879,U_0879,2026-01-24,2004.7342635456323,True,G_5f96ff,True
V_d6e7d63f,U_0373,2026-01-24,13224.133105055507,True,G_5f96ff,False
V_9718c53e,U_0904,2026-01-24,6272.7614382442,True,G_4b1385,True
V_9470cc7e,U_0744,2026-01-24,2023.2605182845377,True,G_4b1385,False
V_adb17e14,U_0303,2026-01-24,12345.354329006996,True,G_4b1385,False
V_df11cc4a,U_0939,2026-01-24,4302.483064435365,True,G_34e96a,True
V_a3cfa08f,U_0621,2026-01-24,3295.583217781925,True,G_34e96a,False
V_570c2a5b,U_0914,2026-01-24,4207.725570429182,True,G_34e96a,False
V_7cf734a3,U_0940,2026-01-24,2805.954000434053,True,G_34e96a,False
V_d06a9b9d,U_0982,2026-01-24,7434.883852709509,True,G_7c2fac,True
V_0712fb2e,U_0505,2026-01-24,2282.8047344097654,True,G_7c2fac,False
V_8e326e82,U_0882,2026-01-24,2730.951166748579,True,G_7c2fac,False
V_d78b6368,U_0540,2026-01-24,2143.3178367073156,True,G_7c2fac,False
V_d074c999,U_0019,2026-01-24,7601.498143305444,True,G_7c2fac,False
V_b38e5744,U_0857,2026-01-24,1745.3214486860966,True,G_7c2fac,False
V_332319329,U_0994,2026-01-24,7636.930129834629,False,,False
V_3930474651,U_0055,2026-01-25,8816.880959004098,False,,False
V_315b3a15,U_0059,2026-01-25,5700.894286326042,True,G_48cdab,True
V_cb158858,U_0107,2026-01-25,4052.426797868393,True,G_48cdab,False
V_cb922d14,U_0659,2026-01-25,3122.759224815005,True,G_48cdab,False
V_e919623a,U_0422,2026-01-25,8051.698794923092,True,G_48cdab,False
V_3242dd42,U_0062,2026-01-25,3992.1236981926763,True,G_9fc0f5,True
V_3a0f8d09,U_0077,2026-01-25,7072.955882242423,True,G_9fc0f5,False
V_52714dcd,U_0152,2026-01-25,4058.471968385202,True,G_9fc0f5,False
V_235d3bda,U_0436,2026-01-25,12171.302526756921,True,G_9fc0f5,False
V_ff93e616,U_0423,2026-01-25,3343.8951217882363,True,G_9fc0f5,False
V_520339600,U_0063,2026-01-25,4612.846669791998,False,,False
V_2272428423,U_0077,2026-01-25,5906.237575864984,False,,False
V_f9068ba1,U_0086,2026-01-25,3751.2754698911067,True,G_0e15cc,True
V_6c447b88,U_0439,2026-01-25,2919.994468421286,True,G_0e15cc,False
V_1d18ba86,U_0119,2026-01-25,4368.980379759499,True,G_4c3148,True
V_1e32d9b9,U_0585,2026-01-25,2330.766382134027,True,G_4c3148,False
V_efc235ca,U_0609,2026-01-25,3510.194459558972,True,G_4c3148,False
V_2a760a08,U_0121,2026-01-25,4012.614412131751,True,G_db8503,True
V_59cf9380,U_0611,2026-01-25,6251.463417945559,True,G_db8503,False
V_1815a306,U_0664,2026-01-25,3217.328573346062,True,G_db8503,False
V_70086b75,U_0130,2026-01-25,8479.036149835556,True,G_12b396,True
V_222c9e2f,U_0969,2026-01-25,10031.094536901743,True,G_12b396,False
V_84f9a2c2,U_0089,2026-01-25,7102.265582388011,True,G_12b396,False
V_443ddd0b,U_0518,2026-01-25,8691.229826946825,True,G_12b396,False
V_52eb3033,U_0802,2026-01-25,9270.358404644749,True,G_12b396,False
V_8f6159db,U_0826,2026-01-25,7696.140982180263,True,G_12b396,False
V_1957396096,U_0194,2026-01-25,7024.093997454582,False,,False
V_ecc87c5a,U_0206,2026-01-25,6452.884626438277,True,G_fef5f1,True
V_26048f55,U_0225,2026-01-25,10515.498141722333,True,G_fef5f1,False
V_60866efc,U_0036,2026-01-25,3160.149523430331,True,G_fef5f1,False
V_aeb9eeb9,U_0565,2026-01-25,8088.662385767533,True,G_fef5f1,False
V_24977699,U_0211,2026-01-25,4119.266398734557,True,G_fef5f1,False
V_2440104810,U_0213,2026-01-25,3754.03171021437,False,,False
V_4125164831,U_0241,2026-01-25,1761.7936563341007,False,,False
V_3251516987,U_0261,2026-01-25,3975.140911370346,False,,False
V_2259489002,U_0272,2026-01-25,4190.374287722795,False,,False
V_10852191,U_0316,2026-01-25,2744.6826427091087,True,G_3d3fa2,True
V_c112171e,U_0981,2026-01-25,4901.179183064533,True,G_3d3fa2,False
V_219cf8bb,U_0817,2026-01-25,4427.056888942719,True,G_3d3fa2,False
V_90a52c38,U_0157,2026-01-25,4140.294770123865,True,G_3d3fa2,False
V_d1e2145c,U_0325,2026-01-25,5999.180540937301,True,G_79f578,True
V_6e1d2892,U_0204,2026-01-25,5644.592783140514,True,G_79f578,False
V_76c7561f,U_0727,2026-01-25,8493.226637734502,True,G_79f578,False
V_c9a44e76,U_0365,2026-01-25,4470.342305142348,True,G_79f578,False
V_61288a71,U_0326,2026-01-25,6502.405336524889,True,G_79f578,False
V_f12690de,U_0895,2026-01-25,5987.365069778627,True,G_79f578,False
V_1426367168,U_0360,2026-01-25,3073.6647935534106,False,,False
V_c4eaa256,U_0373,2026-01-25,13132.309185158272,True,G_2364c5,True
V_4cc22598,U_0075,2026-01-25,9936.545960192578,True,G_2364c5,False
V_3fbacd74,U_0120,2026-01-25,2789.438042830422,True,G_2364c5,False
V_1587720324,U_0484,2026-01-25,12042.040790423669,False,,False
V_863424534,U_0625,2026-01-25,4752.514298769386,False,,False
V_a432937c,U_0653,2026-01-25,5395.893319995805,True,G_07612b,True
V_d200a210,U_0438,2026-01-25,2624.6356991643056,True,G_07612b,False
V_1327898710,U_0681,2026-01-25,9040.634539751674,False,,False
V_f34aa467,U_0693,2026-01-25,5328.918083597811,True,G_f7443d,True
V_dccc801f,U_0518,2026-01-25,10007.829301100131,True,G_f7443d,False
V_f6234140,U_0328,2026-01-25,8743.779663686957,True,G_f7443d,False
V_3345023051,U_0737,2026-01-25,7870.379843922531,False,,False
V_b8d385c4,U_0742,2026-01-25,6943.342474127584,True,G_5809ad,True
V_16d7393b,U_0658,2026-01-25,3213.584324972579,True,G_5809ad,False
V_61ec3204,U_0755,2026-01-25,9299.345125917474,True,G_44a306,True
V_c98dcfd7,U_0654,2026-01-25,4177.57233502049,True,G_44a306,False
V_55280ec1,U_0357,2026-01-25,4120.182033880572,True,G_44a306,False
V_d26ab14b,U_0458,2026-01-25,12876.77754557862,True,G_44a306,False
V_ee9a4c86,U_0330,2026-01-25,3272.697368278349,True,G_44a306,False
V_9e4926fa,U_0962,2026-01-25,2071.9858432317624,True,G_44a306,False
V_4d911e1a,U_0777,2026-01-25,2966.089932806559,True,G_aeeebd,True
V_012680cc,U_0958,2026-01-25,3922.9532611440923,True,G_aeeebd,False
V_c82e31df,U_0434,2026-01-25,5697.2821598547835,True,G_aeeebd,False
V_749e54b4,U_0621,2026-01-25,4083.530706563782,True,G_aeeebd,False
V_3249994782,U_0804,2026-01-25,4437.746351068811,False,,False
V_1277333508,U_0810,2026-01-25,3768.00808039726,False,,False
V_1535243891,U_0831,2026-01-25,7263.201638906067,False,,False
V_1605891666,U_0833,2026-01-25,2671.6950075017407,False,,False
V_1c21ea39,U_0859,2026-01-25,3638.1304031480413,True,G_606f64,True
V_0afd9122,U_0262,2026-01-25,8738.636044426019,True,G_606f64,False
V_3642570696,U_0862,2026-01-25,6118.048810137994,False,,False
V_3602553875,U_0890,2026-01-25,5331.30618784112,False,,False
V_360da1b5,U_0896,2026-01-25,12249.904137521855,True,G_9a5526,True
V_2b2e8a2c,U_0505,2026-01-25,2335.6449639264306,True,G_9a5526,False
V_d3c4f6e1,U_0328,2026-01-25,8378.23939281294,True,G_9a5526,False
V_4d964edf,U_0904,2026-01-25,4898.906781342611,True,G_9a5526,False
V_02952c9e,U_0068,2026-01-25,3747.2037155833077,True,G_9a5526,False
V_b43b53da,U_0323,2026-01-25,8027.14796711247,True,G_9a5526,False
V_2584940289,U_0902,2026-01-25,11639.899629620213,False,,False
V_3874760869,U_0910,2026-01-25,6202.246275503276,False,,False
V_1567650991,U_0917,2026-01-25,7470.792627904903,False,,False
V_1649078296,U_0930,2026-01-25,4075.7699612656197,False,,False
V_2752153442,U_0978,2026-01-25,2155.2014191439266,False,,False
V_5043fb03,U_0993,2026-01-25,6943.382000614985,True,G_b1d962,True
V_bda23e6d,U_0323,2026-01-25,9854.593400707383,True,G_b1d962,False
V_2223693034,U_0004,2026-01-25,3437.715744888226,False,,False
V_136ffc0b,U_0039,2026-01-25,2684.9887665384936,True,G_51c70e,True
V_56735875,U_0974,2026-01-25,10856.646870782699,True,G_51c70e,False
V_2710915757,U_0057,2026-01-25,12995.728950745754,False,,False
V_2424326996,U_0070,2026-01-25,4297.390779558107,False,,False
V_3381970682,U_0103,2026-01-25,3603.9029436260853,False,,False
V_3778819160,U_0111,2026-01-25,6781.907257695899,False,,False
V_2481c5f8,U_0126,2026-01-25,2477.473015299085,True,G_b48b04,True
V_fbe9843e,U_0666,2026-01-25,4240.057166876817,True,G_b48b04,False
V_d987b27d,U_0517,2026-01-25,3263.8137569690357,True,G_b48b04,False
V_8efcf213,U_0203,2026-01-25,3031.608107798766,True,G_3e3bec,True
V_353b9df5,U_0625,2026-01-25,4794.5105666678555,True,G_3e3bec,False
V_ec4998f9,U_0216,2026-01-25,2720.8212942561004,True,G_3e3bec,False
V_355b79ea,U_0326,2026-01-25,4794.413279853479,True,G_3e3bec,False
V_1172517215,U_0206,2026-01-25,5317.281589126283,False,,False
V_c2883933,U_0234,2026-01-25,4124.170617830929,True,G_9156b1,True
V_35ad4a91,U_0335,2026-01-25,3859.2580290423693,True,G_9156b1,False
V_2034c7cf,U_0266,2026-01-25,3189.2392110991686,True,G_9156b1,False
V_313c8fb7,U_0405,2026-01-25,2806.7495765009216,True,G_9156b1,False
V_3075f5f5,U_0041,2026-01-25,3891.837264064976,True,G_9156b1,False
V_cc1dde6a,U_0699,2026-01-25,3687.561837215746,True,G_9156b1,False
V_3556045126,U_0255,2026-01-25,2179.676431156101,False,,False
V_3599296696,U_0286,2026-01-25,2786.0893654785928,False,,False
V_3247737263,U_0316,2026-01-25,8500.640680799932,False,,False
V_36e39709,U_0350,2026-01-25,3310.6819488402525,True,G_b91e5d,True
V_5a371be6,U_0179,2026-01-25,2204.937396368198,True,G_b91e5d,False
V_3797f6b7,U_0722,2026-01-25,8277.565372844438,True,G_b91e5d,False
V_7accc10b,U_0070,2026-01-25,5353.495472461683,True,G_b91e5d,False
V_76bd39f2,U_0210,2026-01-25,2664.2177698618507,True,G_b91e5d,False
V_71e962ff,U_0131,2026-01-25,6482.374945098808,True,G_b91e5d,False
V_2219007959,U_0369,2026-01-25,2589.3105741592394,False,,False
V_59886b82,U_0411,2026-01-25,2193.428395770211,True,G_069cfe,True
V_c7c11c74,U_0804,2026-01-25,5526.9897843371255,True,G_069cfe,False
V_ecff8f05,U_0810,2026-01-25,4640.837541855681,True,G_069cfe,False
V_e80a2817,U_0142,2026-01-25,6724.157909297862,True,G_069cfe,False
V_e1d65249,U_0727,2026-01-25,12112.418583802342,True,G_069cfe,False
V_61891542,U_0428,2026-01-25,3114.2255581889117,True,G_741e57,True
V_bb0813b1,U_0798,2026-01-25,4091.028344332525,True,G_741e57,False
V_2455199248,U_0429,2026-01-25,4791.740464660468,False,,False
V_2778636162,U_0501,2026-01-25,2320.0689889962764,False,,False
V_240a682c,U_0522,2026-01-25,7567.268073945561,True,G_1f20aa,True
V_fb8c0508,U_0330,2026-01-25,3310.3310879430355,True,G_1f20aa,False
V_0ffe24e5,U_0555,2026-01-25,2541.450848373825,True,G_25bf12,True
V_0c3c3a37,U_0098,2026-01-25,1616.4564499498458,True,G_25bf12,False
V_d8b4b488,U_0612,2026-01-25,4057.857270918179,True,G_25bf12,False
V_64a0eb57,U_0170,2026-01-25,3717.772201685265,True,G_25bf12,False
V_127b3701,U_0861,2026-01-25,3792.78796003304,True,G_25bf12,False
V_2601278960,U_0586,2026-01-25,3398.9219180185064,False,,False
V_2265949429,U_0633,2026-01-25,4737.1700780208475,False,,False
V_b9fa13b6,U_0647,2026-01-25,6795.912438917132,True,G_79c01f,True
V_d411d02d,U_0494,2026-01-25,4196.808608297544,True,G_79c01f,False
V_b15ad55c,U_0998,2026-01-25,1833.2893969223774,True,G_79c01f,False
V_e0834d9c,U_0573,2026-01-25,4276.096133627774,True,G_79c01f,False
V_144fc0c6,U_0697,2026-01-25,2795.4042808874074,True,G_0b25dc,True
V_c722c70e,U_0566,2026-01-25,4025.2517368248446,True,G_0b25dc,False
V_7a81da89,U_0106,2026-01-25,3106.366870740768,True,G_0b25dc,False
V_189e5ab5,U_0090,2026-01-25,6611.575791983108,True,G_0b25dc,False
V_b9669065,U_0355,2026-01-25,4268.517314076252,True,G_0b25dc,False
V_8fa8ae74,U_0702,2026-01-25,3836.812404350016,True,G_af558e,True
V_32f68866,U_0549,2026-01-25,4507.796295171207,True,G_af558e,False
V_c491272a,U_0224,2026-01-25,3356.320362997828,True,G_af558e,False
V_d7952b1b,U_0619,2026-01-25,2112.663132435224,True,G_af558e,False
V_1866976413,U_0737,2026-01-25,2248.6803629904734,False,,False
V_1221304263,U_0773,2026-01-25,10250.894636069796,False,,False
V_4012318091,U_0783,2026-01-25,4499.243385440966,False,,False
V_42ffa098,U_0787,2026-01-25,6635.694454074836,True,G_f2ff0f,True
V_f4060d0c,U_0492,2026-01-25,2948.1669506225694,True,G_f2ff0f,False
V_3d8615c9,U_0182,2026-01-25,2688.7460917133017,True,G_f2ff0f,False
V_b0926205,U_0126,2026-01-25,2604.3658313177216,True,G_f2ff0f,False
V_e45560e0,U_0810,2026-01-25,3436.372001628379,True,G_f2ff0f,False
V_6a430187,U_0816,2026-01-25,9243.063186369487,True,G_2e220b,True
V_dca58b4f,U_0458,2026-01-25,11457.346052797506,True,G_2e220b,False
V_af160e35,U_0828,2026-01-25,3670.9440541128633,True,G_55f2d4,True
V_5e5b6271,U_0218,2026-01-25,3429.4282080637226,True,G_55f2d4,False
V_f447d98c,U_0842,2026-01-25,3839.335119458296,True,G_55f2d4,False
V_2bff443d,U_0820,2026-01-25,3070.444251816801,True,G_55f2d4,False
V_a06262bf,U_0216,2026-01-25,2958.205434837951,True,G_55f2d4,False
V_2100feb8,U_0833,2026-01-25,3541.4375443824447,True,G_47aaea,True
V_21792a26,U_0857,2026-01-25,1794.346887048172,True,G_47aaea,False
V_52a62dbd,U_0457,2026-01-25,9029.400703726105,True,G_47aaea,False
V_5c059b3d,U_0740,2026-01-25,4453.9248939194185,True,G_47aaea,False
V_3128865735,U_0842,2026-01-25,6396.867602420392,False,,False
V_1259883487,U_0900,2026-01-25,12115.795399296885,False,,False
V_1776315214,U_0934,2026-01-25,5309.056103991476,False,,False
V_449994524,U_0951,2026-01-25,3788.6994461153404,False,,False
V_737497676,U_0992,2026-01-25,2790.9816801731317,False,,False
V_569060255,U_0994,2026-01-25,9656.067748609707,False,,False
V_3047179815,U_0996,2026-01-25,6767.539136717677,False,,False
V_686048b7,U_0007,2026-01-26,5855.557407705517,True,G_76c365,True
V_d533fc6a,U_0243,2026-01-26,4232.372001911654,True,G_76c365,False
V_3879053130,U_0015,2026-01-26,11122.815913578308,False,,False
V_1915941310,U_0054,2026-01-26,2412.3106881366916,False,,False
V_610839147,U_0077,2026-01-26,7207.25296323205,False,,False
V_1964296515,U_0135,2026-01-26,4555.62476371276,False,,False
V_ff512ebb,U_0142,2026-01-26,5082.741247541293,True,G_9464d5,True
V_a45d89d8,U_0648,2026-01-26,3079.7505922543955,True,G_9464d5,False
V_6b0bb03d,U_0559,2026-01-26,2082.6801698991917,True,G_9464d5,False
V_d26b0a46,U_0114,2026-01-26,5964.96745233801,True,G_9464d5,False
V_72fec610,U_0459,2026-01-26,2080.653031125358,True,G_9464d5,False
V_19f4bbcc,U_0274,2026-01-26,5692.907016129207,True,G_9464d5,False
V_3469853631,U_0150,2026-01-26,2787.318804263487,False,,False
V_4078094892,U_0161,2026-01-26,7788.493898649121,False,,False
V_529985836,U_0178,2026-01-26,7786.027929200789,False,,False
V_3005291180,U_0194,2026-01-26,7772.782675191577,False,,False
V_fd485616,U_0195,2026-01-26,5349.635508284467,True,G_d4e5ed,True
V_36d11c05,U_0203,2026-01-26,2533.657762854718,True,G_d4e5ed,False
V_f30ce735,U_0959,2026-01-26,2597.8461753093093,True,G_d4e5ed,False
V_585b0e56,U_0267,2026-01-26,3362.437853947038,True,G_32a40d,True
V_076670bf,U_0520,2026-01-26,2754.087600171926,True,G_32a40d,False
V_5c53d46d,U_0256,2026-01-26,1791.5709624788492,True,G_32a40d,False
V_117021211,U_0349,2026-01-26,3822.8912443731706,False,,False
V_3285609586,U_0401,2026-01-26,4978.975018027057,False,,False
V_2889530717,U_0436,2026-01-26,11622.864723265018,False,,False
V_93278283,U_0455,2026-01-26,3088.9689428847128,True,G_60e913,True
V_7eebb99a,U_0710,2026-01-26,3070.7788355117814,True,G_60e913,False
V_5f60ac01,U_0828,2026-01-26,4192.168120401825,True,G_60e913,False
V_67b97f1d,U_0822,2026-01-26,3186.051114655681,True,G_60e913,False
V_1719729897,U_0465,2026-01-26,3341.1465793779316,False,,False
V_52cefa24,U_0505,2026-01-26,2669.497057887915,True,G_751921,True
V_5e629061,U_0482,2026-01-26,3598.4746831179177,True,G_751921,False
V_a515c9a9,U_0254,2026-01-26,1936.4811506414728,True,G_751921,False
V_6aebf297,U_0509,2026-01-26,3917.810701971404,True,G_85336e,True
V_36d90652,U_0772,2026-01-26,7077.236277073826,True,G_85336e,False
V_7bea93a6,U_0732,2026-01-26,7396.282660859459,True,G_85336e,False
V_474474982,U_0513,2026-01-26,9659.910066940289,False,,False
V_3057739671,U_0536,2026-01-26,6163.317558737862,False,,False
V_652664017,U_0581,2026-01-26,9301.989845587546,False,,False
V_270090605,U_0582,2026-01-26,6224.45126369968,False,,False
V_8fc40d71,U_0587,2026-01-26,2603.646695898491,True,G_ecf730,True
V_f67bc870,U_0257,2026-01-26,2710.1901157250813,True,G_ecf730,False
V_a2dd4eca,U_0945,2026-01-26,4437.503086276134,True,G_ecf730,False
V_2c4e399e,U_0968,2026-01-26,2819.756907676469,True,G_ecf730,False
V_3336782854,U_0595,2026-01-26,6834.510370330247,False,,False
V_3522330526,U_0607,2026-01-26,5143.982068692052,False,,False
V_87f6279a,U_0615,2026-01-26,3370.710823692602,True,G_e09402,True
V_78691d50,U_0427,2026-01-26,2619.5407684085544,True,G_e09402,False
V_38a71b96,U_0628,2026-01-26,10850.573574856253,True,G_800380,True
V_cfaa61a3,U_0206,2026-01-26,5155.848792741323,True,G_800380,False
V_da8c97be,U_0418,2026-01-26,4159.583247699691,True,G_800380,False
V_9bfb9a33,U_0414,2026-01-26,3903.395851511487,True,G_800380,False
V_ad6de5f2,U_0505,2026-01-26,2261.211165238026,True,G_800380,False
V_972052439,U_0696,2026-01-26,6818.075227247872,False,,False
V_df07807c,U_0719,2026-01-26,3445.963504499476,True,G_6ebc08,True
V_b8251b41,U_0987,2026-01-26,2217.968110182761,True,G_6ebc08,False
V_96388bc5,U_0652,2026-01-26,6905.50821462072,True,G_6ebc08,False
V_50c5518b,U_0721,2026-01-26,8039.135510111676,True,G_a562ad,True
V_69415250,U_0991,2026-01-26,2430.5793777498075,True,G_a562ad,False
V_1059699898,U_0730,2026-01-26,2528.6442512433923,False,,False
V_3765663751,U_0770,2026-01-26,10438.241092706035,False,,False
V_fc3c20b1,U_0783,2026-01-26,3826.1435139441814,True,G_6a7905,True
V_4c4addef,U_0947,2026-01-26,5735.5994585436365,True,G_6a7905,False
V_441f98bd,U_0792,2026-01-26,3561.5316392051504,True,G_7f1fbb,True
V_1ebbd667,U_0394,2026-01-26,3960.854867378411,True,G_7f1fbb,False
V_48b3dc8b,U_0981,2026-01-26,6048.359498978157,True,G_7f1fbb,False
V_0835a9f6,U_0830,2026-01-26,3389.633477970317,True,G_7f1fbb,False
V_d4d93dff,U_0801,2026-01-26,3842.5440197175844,True,G_7f1fbb,False
V_9c11f965,U_0834,2026-01-26,3972.92031088664,True,G_7f1fbb,False
V_844706b9,U_0831,2026-01-26,5674.462587963288,True,G_27d2b2,True
V_971ff7e7,U_0044,2026-01-26,2822.4818315991733,True,G_27d2b2,False
V_c093564b,U_0851,2026-01-26,6454.4379736505225,True,G_27d2b2,False
V_1a825eee,U_0308,2026-01-26,5578.230209314274,True,G_27d2b2,False
V_0a77f177,U_0654,2026-01-26,3117.3037745493184,True,G_27d2b2,False
V_1113125192,U_0878,2026-01-26,2610.0725355758345,False,,False
V_b5a0dc56,U_0915,2026-01-26,6685.507971582081,True,G_ab6db5,True
V_1f9aec5c,U_0073,2026-01-26,4923.344631917529,True,G_ab6db5,False
V_0ca285e7,U_0904,2026-01-26,5231.606410741909,True,G_ab6db5,False
V_218db4e7,U_0998,2026-01-26,1811.5476053332156,True,G_ab6db5,False
V_2603420516,U_0925,2026-01-26,2111.1120097271573,False,,False
V_2637473115,U_0929,2026-01-26,5513.675042062837,False,,False
V_1251678931,U_0969,2026-01-26,9147.35430762757,False,,False
V_955dcf4c,U_0971,2026-01-26,3028.339680795351,True,G_04b347,True
V_d9d5f682,U_0703,2026-01-26,3933.5322779892294,True,G_04b347,False
V_925377f3,U_0737,2026-01-26,7822.426840587048,True,G_04b347,False
V_6d230965,U_0762,2026-01-26,2516.404530999816,True,G_04b347,False
V_2586229499,U_0045,2026-01-26,4810.996820926895,False,,False
V_1903568772,U_0046,2026-01-26,12884.4812701576,False,,False
V_cdfaba6f,U_0092,2026-01-26,3341.833678732171,True,G_896663,True
V_5875e5c6,U_0001,2026-01-26,7062.8126735749765,True,G_896663,False
V_a8e9296b,U_0994,2026-01-26,7269.366146532649,True,G_896663,False
V_ac1ca214,U_0727,2026-01-26,9893.41956305666,True,G_896663,False
V_4059851115,U_0206,2026-01-26,5180.403162974754,False,,False
V_1598927564,U_0290,2026-01-26,4648.654038289921,False,,False
V_ab450ab0,U_0298,2026-01-26,2903.6244452861083,True,G_8ad173,True
V_dc62fe9e,U_0975,2026-01-26,2181.0599511648024,True,G_8ad173,False
V_471aa382,U_0359,2026-01-26,3063.886537765767,True,G_8ad173,False
V_933519251,U_0308,2026-01-26,8977.304008248097,False,,False
V_2261361190,U_0330,2026-01-26,12479.288057675147,False,,False
V_6f2877bf,U_0340,2026-01-26,4071.156184922522,True,G_b38b41,True
V_cf628901,U_0920,2026-01-26,3179.1643059618514,True,G_b38b41,False
V_ec7e8f33,U_0525,2026-01-26,1695.4166981655615,True,G_b38b41,False
V_2a53e20d,U_0385,2026-01-26,3969.3681572227306,True,G_5b6305,True
V_666cfdb4,U_0495,2026-01-26,3279.813424128724,True,G_5b6305,False
V_df04822e,U_0578,2026-01-26,2980.541655535513,True,G_5b6305,False
V_5fbab311,U_0618,2026-01-26,4209.904133508563,True,G_5b6305,False
V_861791c8,U_0534,2026-01-26,4733.437896475388,True,G_5b6305,False
V_332556920,U_0431,2026-01-26,2052.6643226403094,False,,False
V_0d4679b9,U_0508,2026-01-26,5291.355029395713,True,G_4ea6ba,True
V_9babffdf,U_0324,2026-01-26,7077.011454566913,True,G_4ea6ba,False
V_dd56c18b,U_0208,2026-01-26,3905.992167973991,True,G_4ea6ba,False
V_d493344b,U_0875,2026-01-26,7305.334997859481,True,G_4ea6ba,False
V_277c72d7,U_0727,2026-01-26,12060.849721646286,True,G_4ea6ba,False
V_ab60352e,U_0585,2026-01-26,2021.3792525274107,True,G_a6e41c,True
V_b9a5179f,U_0313,2026-01-26,3251.805512085595,True,G_a6e41c,False
V_dfc7994c,U_0766,2026-01-26,5389.319487273162,True,G_a6e41c,False
V_6a053636,U_0169,2026-01-26,3772.073068480528,True,G_a6e41c,False
V_7deb7681,U_0304,2026-01-26,4412.703235601884,True,G_a6e41c,False
V_2983685084,U_0588,2026-01-26,4167.942374818071,False,,False
V_2033339647,U_0610,2026-01-26,6615.979894591586,False,,False
V_2855234923,U_0628,2026-01-26,3068.1488990570565,False,,False
V_3f02460d,U_0629,2026-01-26,4137.8631747494865,True,G_cc058c,True
V_b75595dc,U_0403,2026-01-26,4104.856142906411,True,G_cc058c,False
V_c8423bd2,U_0405,2026-01-26,3276.8931571187804,True,G_cc058c,False
V_185131df,U_0739,2026-01-26,2323.055808817156,True,G_cc058c,False
V_662dcf26,U_0501,2026-01-26,4389.899732276147,True,G_cc058c,False
V_67830349,U_0169,2026-01-26,3729.7111095786577,True,G_cc058c,False
V_30671778,U_0632,2026-01-26,2775.812880425055,True,G_cc934d,True
V_279427ca,U_0657,2026-01-26,12603.312547411548,True,G_cc934d,False
V_18371956,U_0636,2026-01-26,10170.451856995416,True,G_cc934d,False
V_551e93a4,U_0206,2026-01-26,6924.117948528499,True,G_cc934d,False
V_9073ba1f,U_0302,2026-01-26,2249.0788249513216,True,G_cc934d,False
V_3161163069,U_0646,2026-01-26,3773.186995361928,False,,False
V_33c64c70,U_0651,2026-01-26,3379.9497492031105,True,G_5156fc,True
V_8bba9007,U_0073,2026-01-26,6107.359334267605,True,G_5156fc,False
V_2716518324,U_0658,2026-01-26,6017.103373716872,False,,False
V_59b5c78e,U_0666,2026-01-26,3279.2792950280564,True,G_711f14,True
V_ccc32ed5,U_0344,2026-01-26,3212.6201519677825,True,G_711f14,False
V_48d757ce,U_0703,2026-01-26,3223.583195464583,True,G_afaba0,True
V_0cabaa0b,U_0290,2026-01-26,3543.4253454794093,True,G_afaba0,False
V_ca9e49e1,U_0041,2026-01-26,3617.9392671039604,True,G_afaba0,False
V_2af81e30,U_0471,2026-01-26,4262.886161205761,True,G_afaba0,False
V_3834822670,U_0709,2026-01-26,4108.967676739668,False,,False
V_1994009807,U_0765,2026-01-26,7503.419530428943,False,,False
V_277751885,U_0779,2026-01-26,2651.63765605623,False,,False
V_22f76ba6,U_0802,2026-01-26,8089.048790166745,True,G_a0714b,True
V_ae9b3b06,U_0119,2026-01-26,3217.9461231105392,True,G_a0714b,False
V_360da24c,U_0888,2026-01-26,7843.068181779209,True,G_a0714b,False
V_517d3829,U_0124,2026-01-26,3249.3580066030013,True,G_a0714b,False
V_33e76948,U_0241,2026-01-26,2400.892267797453,True,G_a0714b,False
V_a2e89ce3,U_0943,2026-01-26,2292.432574243243,True,G_a0714b,False
V_0436cc21,U_0807,2026-01-26,5834.508591900173,True,G_0cf7b1,True
V_bd2b81b8,U_0108,2026-01-26,2774.716714706775,True,G_0cf7b1,False
V_d7edfbc2,U_0195,2026-01-26,6673.764702952477,True,G_0cf7b1,False
V_7150805b,U_0811,2026-01-26,6465.969753561715,True,G_891a0c,True
V_73e02418,U_0898,2026-01-26,3493.47445852519,True,G_891a0c,False
V_051a1732,U_0600,2026-01-26,4949.847499130233,True,G_891a0c,False
V_804de6d6,U_0209,2026-01-26,4505.192880011037,True,G_891a0c,False
V_9a33c658,U_0826,2026-01-26,7228.334870104139,True,G_146ea0,True
V_8141ad02,U_0418,2026-01-26,4116.385881373055,True,G_146ea0,False
V_7ae3db75,U_0302,2026-01-26,1904.1666816232193,True,G_146ea0,False
V_e760ca71,U_0804,2026-01-26,4293.283819443861,True,G_146ea0,False
V_b3ceb90a,U_0124,2026-01-26,3038.86505130864,True,G_146ea0,False
V_b30ab208,U_0125,2026-01-26,5614.312818898423,True,G_146ea0,False
V_bc20af0d,U_0828,2026-01-26,3921.120535710571,True,G_845d2e,True
V_70e21b2e,U_0301,2026-01-26,3006.42105566869,True,G_845d2e,False
V_fbc0432b,U_0571,2026-01-26,3728.7819629836845,True,G_845d2e,False
V_2d7176f4,U_0675,2026-01-26,3808.5771375820723,True,G_845d2e,False
V_f628d33f,U_0153,2026-01-26,3167.379163290478,True,G_845d2e,False
V_b0e05ae8,U_0956,2026-01-26,2445.796053600941,True,G_845d2e,False
V_2722540019,U_0840,2026-01-26,9580.650925325937,False,,False
V_2581690724,U_0848,2026-01-26,3074.395048293837,False,,False
V_345d0099,U_0854,2026-01-26,3888.8309561787455,True,G_c6ce49,True
V_14a0eba9,U_0022,2026-01-26,1801.7235159063023,True,G_c6ce49,False
V_5240a596,U_0202,2026-01-26,3202.578321153204,True,G_c6ce49,False
V_38b22eb0,U_0748,2026-01-26,6730.505913556441,True,G_c6ce49,False
V_2725571429,U_0866,2026-01-26,4708.344680163697,False,,False
V_4be06dc8,U_0919,2026-01-26,2532.14934803863,True,G_fee50f,True
V_d433e86a,U_0721,2026-01-26,6109.881390799579,True,G_fee50f,False
V_2cb8a248,U_0734,2026-01-26,7294.298084758392,True,G_fee50f,False
V_3308691583,U_0933,2026-01-26,3861.54814688372,False,,False
V_2044568814,U_0946,2026-01-26,3533.782439111987,False,,False
V_522fb1ce,U_0960,2026-01-26,2821.650127413487,True,G_8b8c34,True
V_f40f207b,U_0017,2026-01-26,2519.9360477165937,True,G_8b8c34,False
V_f88331ef,U_0689,2026-01-26,5758.9602318194,True,G_8b8c34,False
V_1cad2148,U_0875,2026-01-26,7405.509910194285,True,G_8b8c34,False
V_66aca512,U_0520,2026-01-26,2238.740385377913,True,G_8b8c34,False
V_23293857,U_0978,2026-01-26,2567.3032683412184,True,G_8fcf60,True
V_f24d8cfd,U_0165,2026-01-26,4543.2460852965,True,G_8fcf60,False
V_d01817a7,U_0821,2026-01-26,2545.3562069674954,True,G_8fcf60,False
V_505ecf84,U_0811,2026-01-26,6230.001771630512,True,G_8fcf60,False
V_7e074af6,U_0013,2026-01-26,3592.4774336776877,True,G_8fcf60,False
V_51679090,U_0496,2026-01-26,2492.752460862912,True,G_8fcf60,False
V_dc4d141c,U_0050,2026-01-27,12284.348407593452,True,G_d029d9,True
V_e3f6379d,U_0357,2026-01-27,3580.2813193546917,True,G_d029d9,False
V_2441242410,U_0085,2026-01-27,3439.2493201139678,False,,False
V_0e811543,U_0092,2026-01-27,3311.272292163378,True,G_e2d351,True
V_2b84e045,U_0732,2026-01-27,7068.433292431087,True,G_e2d351,False
V_999b21cc,U_0107,2026-01-27,4267.855395991971,True,G_c5c023,True
V_25659fbb,U_0173,2026-01-27,7388.937239684819,True,G_c5c023,False
V_a78b3b17,U_0336,2026-01-27,7967.918207601847,True,G_c5c023,False
V_64739b18,U_0032,2026-01-27,4794.884525969881,True,G_c5c023,False
V_213151fb,U_0276,2026-01-27,5158.14975529054,True,G_c5c023,False
V_523aeeb9,U_0905,2026-01-27,4292.307240721082,True,G_c5c023,False
V_1388937649,U_0112,2026-01-27,7513.6048923653625,False,,False
V_2944428071,U_0114,2026-01-27,5587.501052812045,False,,False
V_a597cff7,U_0141,2026-01-27,3633.467622347451,True,G_d46697,True
V_70b8f894,U_0864,2026-01-27,4390.491710046434,True,G_d46697,False
V_68685f24,U_0874,2026-01-27,4528.611957960933,True,G_d46697,False
V_0e9c4e36,U_0367,2026-01-27,7383.375783237247,True,G_d46697,False
V_1e499223,U_0881,2026-01-27,4831.499004393967,True,G_d46697,False
V_50d51c2d,U_0365,2026-01-27,4470.871993616065,True,G_d46697,False
V_1848023216,U_0217,2026-01-27,2892.1478835437306,False,,False
V_786668916,U_0237,2026-01-27,11455.727137037311,False,,False
V_b15575f6,U_0287,2026-01-27,1855.2026617125234,True,G_f61636,True
V_da3aa19e,U_0275,2026-01-27,2177.1562122087926,True,G_f61636,False
V_67a66b4e,U_0749,2026-01-27,2282.843353816132,True,G_f61636,False
V_51a138e5,U_0528,2026-01-27,3235.8003974481076,True,G_f61636,False
V_adea4515,U_0234,2026-01-27,4007.9895296721734,True,G_f61636,False
V_388897603,U_0324,2026-01-27,6722.622740644906,False,,False
V_9013caaa,U_0338,2026-01-27,8676.26371212052,True,G_936098,True
V_4182124c,U_0798,2026-01-27,5047.819715367024,True,G_936098,False
V_a3644bf8,U_0241,2026-01-27,1670.2422704133419,True,G_936098,False
V_c32bbc5a,U_0695,2026-01-27,7527.06381318952,True,G_936098,False
V_a7d9b530,U_0225,2026-01-27,11127.556235422468,True,G_936098,False
V_662dd204,U_0375,2026-01-27,4452.587464848835,True,G_04bb8f,True
V_63374bf7,U_0607,2026-01-27,5087.721131283306,True,G_04bb8f,False
V_0c329696,U_0887,2026-01-27,4761.299751902747,True,G_04bb8f,False
V_30cb4bfa,U_0902,2026-01-27,8251.077267638719,True,G_04bb8f,False
V_1312140031,U_0457,2026-01-27,7812.85187230218,False,,False
V_3013947610,U_0462,2026-01-27,3009.4084064735735,False,,False
V_1976867195,U_0479,2026-01-27,2447.7944412053407,False,,False
V_1205423279,U_0483,2026-01-27,2353.4187432509343,False,,False
V_1118cdc7,U_0508,2026-01-27,6921.302834629309,True,G_f5dfd6,True
V_8ba3c9fa,U_0010,2026-01-27,4013.1773341368594,True,G_f5dfd6,False
V_3520029403,U_0510,2026-01-27,4414.361254737755,False,,False
V_2126909893,U_0543,2026-01-27,2265.2118305499157,False,,False
V_626828624,U_0560,2026-01-27,10691.823451694821,False,,False
V_698316098,U_0562,2026-01-27,3243.5439772307577,False,,False
V_1945521616,U_0583,2026-01-27,3760.886047382954,False,,False
V_e252f379,U_0662,2026-01-27,3676.718879234413,True,G_8916e6,True
V_a0c99fcf,U_0942,2026-01-27,3377.157602092225,True,G_8916e6,False
V_c62f3f5c,U_0276,2026-01-27,4901.984676567734,True,G_8916e6,False
V_da6f0995,U_0976,2026-01-27,2465.83452859534,True,G_8916e6,False
V_26d2c199,U_0878,2026-01-27,1859.2867391132843,True,G_8916e6,False
V_379816a4,U_0801,2026-01-27,3560.5271407275577,True,G_8916e6,False
V_2787498135,U_0688,2026-01-27,7396.644563881966,False,,False
V_2235788467,U_0689,2026-01-27,6064.521452980807,False,,False
V_3901a334,U_0774,2026-01-27,2868.8822278878733,True,G_35fbf3,True
V_db6b18d0,U_0290,2026-01-27,2900.8060056967824,True,G_35fbf3,False
V_a788c4d3,U_0076,2026-01-27,3082.1172082872026,True,G_35fbf3,False
V_32541ac6,U_0236,2026-01-27,4114.705109045169,True,G_35fbf3,False
V_77f08085,U_0100,2026-01-27,3419.024643668719,True,G_35fbf3,False
V_2815527259,U_0794,2026-01-27,7037.133563806329,False,,False
V_3825824170,U_0800,2026-01-27,3569.8927408608774,False,,False
V_4175494382,U_0821,2026-01-27,2078.4889589208224,False,,False
V_3066568748,U_0823,2026-01-27,2472.5898654312564,False,,False
V_15ac718b,U_0896,2026-01-27,9886.8454310976,True,G_075fcf,True
V_0e00a292,U_0508,2026-01-27,7011.429581751555,True,G_075fcf,False
V_825278b4,U_0897,2026-01-27,10354.255144604644,True,G_8351fb,True
V_bf334c84,U_0866,2026-01-27,13142.427214865886,True,G_8351fb,False
V_11a41c7c,U_0863,2026-01-27,8803.804770330446,True,G_8351fb,False
V_4bd63b15,U_0979,2026-01-27,3725.6447804233517,True,G_0dcb3c,True
V_39add996,U_0187,2026-01-27,2562.173120449342,True,G_0dcb3c,False
V_c56b9a5d,U_0497,2026-01-27,2241.3934049761697,True,G_0dcb3c,False
V_2377226123,U_0056,2026-01-27,4092.415194135537,False,,False
V_bd5c6124,U_0092,2026-01-27,2790.2974355653473,True,G_d53e34,True
V_31788f72,U_0628,2026-01-27,13205.084818898062,True,G_d53e34,False
V_7052b009,U_0241,2026-01-27,1716.9813585991217,True,G_d53e34,False
V_904674c7,U_0130,2026-01-27,11791.869993069538,True,G_d53e34,False
V_d89427b9,U_0794,2026-01-27,6193.781980467512,True,G_d53e34,False
V_1c31baa9,U_0623,2026-01-27,13038.819180977367,True,G_d53e34,False
V_4136619886,U_0094,2026-01-27,2879.0472257963197,False,,False
V_3190530691,U_0120,2026-01-27,9967.014231375862,False,,False
V_9fab9d5b,U_0125,2026-01-27,4196.385859751178,True,G_ad48ec,True
V_b7dc3e14,U_0457,2026-01-27,7760.665025686188,True,G_ad48ec,False
V_53be3583,U_0189,2026-01-27,2509.927776961516,True,G_24a4d7,True
V_a1e96d85,U_0695,2026-01-27,7057.900563953661,True,G_24a4d7,False
V_8eb37784,U_0655,2026-01-27,6374.815667444596,True,G_24a4d7,False
V_29d273ef,U_0752,2026-01-27,8128.6577320357455,True,G_24a4d7,False
V_1718846345,U_0200,2026-01-27,5695.176836688955,False,,False
V_2306888528,U_0206,2026-01-27,5458.1695092496875,False,,False
V_194665601,U_0218,2026-01-27,10193.653866324277,False,,False
V_e89b0ee5,U_0294,2026-01-27,3901.3725306090964,True,G_625699,True
V_21ba30ba,U_0144,2026-01-27,2588.3324325158956,True,G_625699,False
V_daff2471,U_0058,2026-01-27,2684.260263658993,True,G_625699,False
V_dea4cee3,U_0009,2026-01-27,6311.522514871028,True,G_625699,False
V_e11ffc33,U_0115,2026-01-27,2037.2459517931527,True,G_625699,False
V_3627221382,U_0330,2026-01-27,12234.632928739855,False,,False
V_1760725938,U_0350,2026-01-27,6473.505551168907,False,,False
V_78285071,U_0398,2026-01-27,6959.0887603536685,False,,False
V_257ab244,U_0401,2026-01-27,5089.712641042389,True,G_1aadf0,True
V_b4f35e9a,U_0788,2026-01-27,5634.858410111804,True,G_1aadf0,False
V_abc5b3ff,U_0265,2026-01-27,7591.38183799538,True,G_1aadf0,False
V_469635902,U_0447,2026-01-27,2466.0716980298157,False,,False
V_2839770067,U_0461,2026-01-27,5229.182115442924,False,,False
V_3420831417,U_0485,2026-01-27,6871.865868881018,False,,False
V_3890099829,U_0504,2026-01-27,5964.0663475454,False,,False
V_b7f361b9,U_0513,2026-01-27,11831.427846306251,True,G_ec2120,True
V_28c19405,U_0436,2026-01-27,8858.125042654021,True,G_ec2120,False
V_b5c1cd43,U_0798,2026-01-27,3825.737767528285,True,G_ec2120,False
V_31bd5606,U_0972,2026-01-27,5556.0850662481735,True,G_ec2120,False
V_a600dd04,U_0607,2026-01-27,5221.746784810193,True,G_ec2120,False
V_5f83a2c5,U_0080,2026-01-27,7048.614655842464,True,G_ec2120,False
V_3532895093,U_0514,2026-01-27,8227.889406856442,False,,False
V_714beda1,U_0562,2026-01-27,3288.755299329532,True,G_c29d7e,True
V_58031635,U_0203,2026-01-27,2670.3460205944493,True,G_c29d7e,False
V_a0df5dab,U_0286,2026-01-27,3779.8220535850323,True,G_c29d7e,False
V_543a7ae8,U_0380,2026-01-27,3846.38046883688,True,G_c29d7e,False
V_fddae07c,U_0706,2026-01-27,3851.715961637234,True,G_c29d7e,False
V_d847c9f4,U_0129,2026-01-27,2241.0027976519236,True,G_c29d7e,False
V_68324701,U_0633,2026-01-27,3017.77801910119,True,G_ed6c00,True
V_19e66e30,U_0376,2026-01-27,4359.029751216081,True,G_ed6c00,False
V_7727fb15,U_0149,2026-01-27,4016.365683323743,True,G_ed6c00,False
V_ff61852d,U_0537,2026-01-27,3925.655799972988,True,G_ed6c00,False
V_d71bfd35,U_0083,2026-01-27,7459.798853430734,True,G_ed6c00,False
V_e36648c6,U_0438,2026-01-27,2655.4351467913907,True,G_ed6c00,False
V_38b062b7,U_0652,2026-01-27,5682.9653353359845,True,G_957fea,True
V_0df92252,U_0407,2026-01-27,2648.104232984844,True,G_957fea,False
V_bd158419,U_0925,2026-01-27,2090.4560740142074,True,G_957fea,False
V_3489182702,U_0692,2026-01-27,6875.296215881542,False,,False
V_379ec319,U_0707,2026-01-27,2309.6072935297975,True,G_765105,True
V_5e4165bd,U_0187,2026-01-27,2881.4692450533194,True,G_765105,False
V_d60c9fad,U_0606,2026-01-27,2203.974581061805,True,G_765105,False
V_639a7145,U_0645,2026-01-27,3083.263938758592,True,G_765105,False
V_5e4008c4,U_0371,2026-01-27,2742.8627256291256,True,G_765105,False
V_0aa19823,U_0782,2026-01-27,5013.204027482429,True,G_2a2361,True
V_4c5854d5,U_0445,2026-01-27,11343.423840327221,True,G_2a2361,False
V_0d56516c,U_0001,2026-01-27,7938.232881712918,True,G_2a2361,False
V_b9ba772f,U_0262,2026-01-27,10748.971351647346,True,G_2a2361,False
V_fcc46bd5,U_0039,2026-01-27,2727.4169435011245,True,G_2a2361,False
V_f8f89c03,U_0120,2026-01-27,2350.3043932351347,True,G_2a2361,False
V_f798a54b,U_0846,2026-01-27,6733.337745426889,True,G_e75a03,True
V_5b63e77c,U_0265,2026-01-27,5822.785077937305,True,G_e75a03,False
V_e24e01b6,U_0601,2026-01-27,1874.2942815201213,True,G_e75a03,False
V_23b0ecf5,U_0260,2026-01-27,5622.530193960612,True,G_e75a03,False
V_46bd15df,U_0356,2026-01-27,3130.3160030655154,True,G_e75a03,False
V_1541105915,U_0905,2026-01-27,4575.856441299405,False,,False
V_3183140754,U_0935,2026-01-27,2516.140247167643,False,,False
V_2580913308,U_0937,2026-01-27,3179.5713240764862,False,,False
V_a1f13013,U_0943,2026-01-27,1728.502848466076,True,G_c1efbd,True
V_9b1fe420,U_0178,2026-01-27,7635.785084825177,True,G_c1efbd,False
V_d386e8e5,U_0194,2026-01-27,9843.925057091445,True,G_c1efbd,False
V_8577613e,U_0940,2026-01-27,2157.3017443762515,True,G_c1efbd,False
V_a3efa153,U_0055,2026-01-28,10160.941844296229,True,G_239f24,True
V_6aa25a95,U_0560,2026-01-28,8386.972118032649,True,G_239f24,False
V_1941889256,U_0133,2026-01-28,4051.6523871509107,False,,False
V_2909504757,U_0146,2026-01-28,5832.986841451537,False,,False
V_1162403350,U_0221,2026-01-28,6510.933535923145,False,,False
V_509677d7,U_0273,2026-01-28,3125.8312599322376,True,G_5aaf6c,True
V_69c5208b,U_0242,2026-01-28,2450.6651497818034,True,G_5aaf6c,False
V_aa925375,U_0895,2026-01-28,6014.225462364799,True,G_5aaf6c,False
V_eea5eacc,U_0506,2026-01-28,4842.904335066723,True,G_5aaf6c,False
V_3658684930,U_0288,2026-01-28,5715.328380879374,False,,False
V_e467c149,U_0387,2026-01-28,9925.762068178945,True,G_87fdc2,True
V_57c3b01a,U_0623,2026-01-28,11311.895226897948,True,G_87fdc2,False
V_1309082b,U_0752,2026-01-28,7762.50893268751,True,G_87fdc2,False
V_bb0a1b86,U_0397,2026-01-28,4467.218123312571,True,G_d98c31,True
V_3fd5e36b,U_0020,2026-01-28,2758.197639832453,True,G_d98c31,False
V_848339d5,U_0401,2026-01-28,5354.181282569527,True,G_a4ab0d,True
V_64a4a0ac,U_0897,2026-01-28,9059.292915014707,True,G_a4ab0d,False
V_96ac1e9c,U_0941,2026-01-28,2884.130092906119,True,G_a4ab0d,False
V_aa7bc4dc,U_0453,2026-01-28,3765.518575875037,True,G_a4ab0d,False
V_62d36717,U_0884,2026-01-28,5098.651198252118,True,G_a4ab0d,False
V_1621432494,U_0431,2026-01-28,4857.617072221335,False,,False
V_fc4426b3,U_0446,2026-01-28,4058.321125406247,True,G_661bb9,True
V_718171a0,U_0643,2026-01-28,2118.2896300702564,True,G_661bb9,False
V_e75d1395,U_0468,2026-01-28,1879.1116598664014,True,G_339a4d,True
V_14befff1,U_0184,2026-01-28,3016.926804632157,True,G_339a4d,False
V_8b1626c7,U_0545,2026-01-28,2765.3799318538117,True,G_a7f39f,True
V_061dc169,U_0022,2026-01-28,1975.9037323221519,True,G_a7f39f,False
V_410862996,U_0548,2026-01-28,9399.982952181055,False,,False
V_2219304707,U_0553,2026-01-28,4017.4884035465448,False,,False
V_0531d863,U_0561,2026-01-28,3027.69198665977,True,G_194646,True
V_a63539bb,U_0680,2026-01-28,2371.409499003892,True,G_194646,False
V_b0f1ab6e,U_0935,2026-01-28,3723.641268898891,True,G_194646,False
V_a1e60624,U_0043,2026-01-28,3260.7257795549062,True,G_194646,False
V_8ae6f24f,U_0989,2026-01-28,2132.8002272682184,True,G_194646,False
V_3baa0544,U_0136,2026-01-28,3783.689721381615,True,G_194646,False
V_189968437,U_0594,2026-01-28,5650.575899065099,False,,False
V_4b03020b,U_0614,2026-01-28,12802.87836159111,True,G_65577a,True
V_e8400282,U_0052,2026-01-28,2447.8210381599015,True,G_65577a,False
V_47521cc1,U_0415,2026-01-28,8230.823067901014,True,G_65577a,False
V_3a49d39f,U_0636,2026-01-28,8280.90795485559,True,G_8aa02d,True
V_77359637,U_0591,2026-01-28,6564.192001913322,True,G_8aa02d,False
V_3d11101e,U_0863,2026-01-28,8826.24533141652,True,G_8aa02d,False
V_587dff06,U_0937,2026-01-28,8024.731567763384,True,G_8aa02d,False
V_472645345,U_0734,2026-01-28,8198.915460111833,False,,False
V_1179801544,U_0768,2026-01-28,5182.149146522854,False,,False
V_9697fb06,U_0798,2026-01-28,4236.187702272242,True,G_57ed96,True
V_fb8beb6a,U_0169,2026-01-28,3708.3429211118805,True,G_57ed96,False
V_1776eb5f,U_0659,2026-01-28,3330.4468197473175,True,G_57ed96,False
V_46178013,U_0897,2026-01-28,7020.501615873645,True,G_93fafb,True
V_14be9e40,U_0879,2026-01-28,2155.2700578003637,True,G_93fafb,False
V_f405d910,U_0075,2026-01-28,11978.09110905243,True,G_93fafb,False
V_069f7f97,U_0560,2026-01-28,10019.028497802936,True,G_93fafb,False
V_4e7c1715,U_0770,2026-01-28,9298.449769367851,True,G_93fafb,False
V_a12635fe,U_0001,2026-01-28,5387.605475805534,True,G_93fafb,False
V_2423850536,U_0902,2026-01-28,9499.326851612854,False,,False
V_e07bebff,U_0926,2026-01-28,2360.066583934573,True,G_278f2d,True
V_33488044,U_0989,2026-01-28,2351.192344559393,True,G_278f2d,False
V_4008117875,U_0934,2026-01-28,2567.415420368034,False,,False
V_06135b1e,U_0969,2026-01-28,11573.642244524342,True,G_40bcca,True
V_6010fbb0,U_0695,2026-01-28,8909.269379753696,True,G_40bcca,False
V_b3427217,U_0073,2026-01-28,6545.339761131354,True,G_40bcca,False
V_2d82db14,U_0400,2026-01-28,10636.425173550972,True,G_40bcca,False
V_aa22d054,U_0001,2026-01-28,5727.583950613265,True,G_e68216,True
V_364b6181,U_0075,2026-01-28,10510.306472126027,True,G_e68216,False
V_71e5bcee,U_0052,2026-01-28,2143.6342435888982,True,G_e68216,False
V_2812175792,U_0045,2026-01-28,5464.684126371869,False,,False
V_439904101,U_0049,2026-01-28,3765.594577594751,False,,False
V_9411cef5,U_0068,2026-01-28,4264.80825943054,True,G_1f2e7a,True
V_c961b37d,U_0851,2026-01-28,7104.286603559038,True,G_1f2e7a,False
V_fef94870,U_0120,2026-01-28,2447.594537153262,True,G_0ab164,True
V_bb49382b,U_0415,2026-01-28,7811.830148888356,True,G_0ab164,False
V_234d64bd,U_0126,2026-01-28,2570.996532253437,True,G_c45771,True
V_abd2724f,U_0064,2026-01-28,2929.8744513484844,True,G_c45771,False
V_6da2a23a,U_0397,2026-01-28,3676.2532072208137,True,G_c45771,False
V_58fe4969,U_0645,2026-01-28,3569.882342111315,True,G_c45771,False
V_8efafbe3,U_0463,2026-01-28,3943.797668516686,True,G_c45771,False
V_686e9906,U_0835,2026-01-28,3449.1090018554287,True,G_c45771,False
V_9cc23be4,U_0132,2026-01-28,2169.877827934634,True,G_edce84,True
V_bf436baf,U_0145,2026-01-28,4242.014701776453,True,G_edce84,False
V_62eaa9bd,U_0136,2026-01-28,3741.849760502471,True,G_0a565a,True
V_87caaa2a,U_0355,2026-01-28,3210.1223188041927,True,G_0a565a,False
V_e56575a8,U_0191,2026-01-28,3450.9770777798735,True,G_ca0e84,True
V_f30f0b6c,U_0294,2026-01-28,3337.2307790767168,True,G_ca0e84,False
V_590bb7d9,U_0223,2026-01-28,2412.584863118789,True,G_ca0e84,False
V_ea342643,U_0965,2026-01-28,5441.5886995708,True,G_ca0e84,False
V_9cc2fe50,U_0944,2026-01-28,2178.5110934682534,True,G_ca0e84,False
V_1840367590,U_0219,2026-01-28,11274.412267476351,False,,False
V_2865368172,U_0260,2026-01-28,3631.4386098546684,False,,False
V_3695234250,U_0284,2026-01-28,4607.50347560884,False,,False
V_4113518386,U_0288,2026-01-28,1895.2764114612678,False,,False
V_3456182827,U_0431,2026-01-28,2736.8859080484344,False,,False
V_3132377262,U_0443,2026-01-28,2496.601222096487,False,,False
V_1118907514,U_0446,2026-01-28,5007.034247327496,False,,False
V_550297930,U_0451,2026-01-28,4167.016834972174,False,,False
V_f0f495ea,U_0452,2026-01-28,2706.3079631053147,True,G_a99fc1,True
V_5a29b539,U_0006,2026-01-28,7637.835634097919,True,G_a99fc1,False
V_5e263ae8,U_0161,2026-01-28,6110.3716997057645,True,G_a99fc1,False
V_8122f1c4,U_0693,2026-01-28,7284.872901425301,True,G_a99fc1,False
V_578e8cd3,U_0794,2026-01-28,8739.489728488945,True,G_a99fc1,False
V_005caeaa,U_0453,2026-01-28,3654.4806031688577,True,G_1e9c48,True
V_f3792807,U_0135,2026-01-28,3611.4658895668717,True,G_1e9c48,False
V_84407447,U_0239,2026-01-28,2330.5005150494585,True,G_1e9c48,False
V_4dcf27d9,U_0734,2026-01-28,5720.929966337558,True,G_1e9c48,False
V_c923d461,U_0499,2026-01-28,2669.2941217382972,True,G_ce72f3,True
V_a2528633,U_0278,2026-01-28,3567.9702692230503,True,G_ce72f3,False
V_457e027d,U_0282,2026-01-28,3992.5583311469063,True,G_ce72f3,False
V_f7678a99,U_0371,2026-01-28,3350.465849281112,True,G_ce72f3,False
V_271936591,U_0519,2026-01-28,4602.42330930844,False,,False
V_235360091,U_0521,2026-01-28,2927.7217971519513,False,,False
V_a52fa099,U_0536,2026-01-28,5996.756042535737,True,G_bcaecb,True
V_97f24f8a,U_0079,2026-01-28,1983.5523266171,True,G_bcaecb,False
V_cdaecd2a,U_0592,2026-01-28,2041.3536029586382,True,G_bcaecb,False
V_1611049271,U_0569,2026-01-28,4823.82256072693,False,,False
V_468219107,U_0609,2026-01-28,3529.6407004785688,False,,False
V_958375343,U_0626,2026-01-28,7379.065543011304,False,,False
V_2ebdd00c,U_0632,2026-01-28,2748.1102711289554,True,G_dd8fb2,True
V_6072728d,U_0468,2026-01-28,1965.133383219716,True,G_dd8fb2,False
V_2766446505,U_0654,2026-01-28,9547.349657789362,False,,False
V_4c0a0aee,U_0735,2026-01-28,5338.474641460511,True,G_494f6d,True
V_fc620098,U_0066,2026-01-28,6316.417217299889,True,G_494f6d,False
V_419ba72c,U_0195,2026-01-28,6553.274605566003,True,G_494f6d,False
V_ce4b17be,U_0648,2026-01-28,2811.082995132747,True,G_494f6d,False
V_2b67d83f,U_0285,2026-01-28,5576.305798983662,True,G_494f6d,False
V_ad57faa9,U_0536,2026-01-28,5019.7606219732625,True,G_494f6d,False
V_3135969179,U_0783,2026-01-28,5809.851594153663,False,,False
V_948dbb15,U_0811,2026-01-28,7154.318910941484,True,G_707a98,True
V_6aad1b51,U_0834,2026-01-28,4616.685793273617,True,G_707a98,False
V_97ef8f5b,U_0823,2026-01-28,3403.4367788521754,True,G_449613,True
V_95ce37ed,U_0105,2026-01-28,2122.3594203130615,True,G_449613,False
V_1392035189,U_0837,2026-01-28,4437.597380415996,False,,False
V_1631710813,U_0862,2026-01-28,3442.830884900426,False,,False
V_1134192458,U_0877,2026-01-28,3733.3109488489667,False,,False
V_4202eb88,U_0887,2026-01-28,6466.912385584726,True,G_69a4b6,True
V_b51055a9,U_0785,2026-01-28,6969.680439665321,True,G_69a4b6,False
V_ac732c24,U_0823,2026-01-28,2516.185072864443,True,G_69a4b6,False
V_07ed6f14,U_0667,2026-01-28,2762.8957852218305,True,G_69a4b6,False
V_e8fb1689,U_0321,2026-01-28,6443.190191425512,True,G_69a4b6,False
V_1199259711,U_0909,2026-01-28,3745.9217611652025,False,,False
V_3932795447,U_0913,2026-01-28,4203.795738074334,False,,False
V_146665329,U_0959,2026-01-28,6256.2294555738645,False,,False
V_266182666,U_0979,2026-01-28,2918.5877011590137,False,,False
V_156394903,U_0032,2026-01-29,5366.668505357899,False,,False
V_1435107797,U_0131,2026-01-29,6110.666001725689,False,,False
V_5261a09e,U_0156,2026-01-29,2048.2029081076066,True,G_3fb8df,True
V_127dfd1f,U_0186,2026-01-29,3939.059669526486,True,G_3fb8df,False
V_0766918e,U_0717,2026-01-29,3051.766584225439,True,G_3fb8df,False
V_1208413593,U_0186,2026-01-29,3451.0958913340637,False,,False
V_6e076bf4,U_0231,2026-01-29,4054.2187060807637,True,G_04bb34,True
V_5012ee22,U_0579,2026-01-29,2267.3897951811678,True,G_04bb34,False
V_b2d4a8ab,U_0235,2026-01-29,5092.495634317142,True,G_057773,True
V_74dc233c,U_0991,2026-01-29,2105.8438050530285,True,G_057773,False
V_d5ff790b,U_0238,2026-01-29,6871.298382104764,True,G_9c03b3,True
V_44ac70b2,U_0940,2026-01-29,2024.5794879380578,True,G_9c03b3,False
V_474ae565,U_0206,2026-01-29,6479.368903257886,True,G_9c03b3,False
V_8284bee5,U_0055,2026-01-29,8534.852091954725,True,G_9c03b3,False
V_1b435d5d,U_0036,2026-01-29,3192.2655560458957,True,G_9c03b3,False
V_2165955674,U_0280,2026-01-29,5787.632130565626,False,,False
V_3242840730,U_0297,2026-01-29,2904.6940670644417,False,,False
V_684462840,U_0300,2026-01-29,5194.352908097928,False,,False
V_2227443215,U_0318,2026-01-29,2978.2221111767135,False,,False
V_2861625472,U_0354,2026-01-29,8179.419315221979,False,,False
V_1419453300,U_0391,2026-01-29,10692.731951274558,False,,False
V_56a6dc02,U_0434,2026-01-29,5119.585768050895,True,G_7f8ee9,True
V_f0bc8a24,U_0826,2026-01-29,7872.976825242431,True,G_7f8ee9,False
V_225479988,U_0457,2026-01-29,8436.084716727297,False,,False
V_3510330721,U_0484,2026-01-29,11315.587943143091,False,,False
V_1b91524d,U_0518,2026-01-29,7337.0564454750065,True,G_704733,True
V_6d4725b0,U_0206,2026-01-29,6424.512202597793,True,G_704733,False
V_15d8b1c1,U_0015,2026-01-29,9427.835947373165,True,G_704733,False
V_cfab5a50,U_0752,2026-01-29,7507.045369814078,True,G_704733,False
V_3162238698,U_0565,2026-01-29,9928.104310620407,False,,False
V_e7d5b333,U_0600,2026-01-29,4581.20597294646,True,G_6d1ece,True
V_6f336ce5,U_0162,2026-01-29,2137.9628667748957,True,G_6d1ece,False
V_d082d88c,U_0103,2026-01-29,4345.492695597274,True,G_6d1ece,False
V_13cf95d6,U_0150,2026-01-29,2546.3987952077423,True,G_6d1ece,False
V_95d68e1c,U_0384,2026-01-29,3819.7459031680737,True,G_6d1ece,False
V_2562859322,U_0614,2026-01-29,11912.43215166768,False,,False
V_1460118987,U_0618,2026-01-29,3747.4049753670092,False,,False
V_2a0894e1,U_0623,2026-01-29,11544.294991836641,True,G_35ce75,True
V_3086465e,U_0321,2026-01-29,5557.542285385311,True,G_35ce75,False
V_9305744c,U_0652,2026-01-29,5609.3814672798535,True,G_107097,True
V_2c6e4631,U_0997,2026-01-29,3633.0912461361904,True,G_107097,False
V_77da4a6b,U_0622,2026-01-29,7731.598964774424,True,G_107097,False
V_1669388a,U_0345,2026-01-29,10281.175467965337,True,G_107097,False
V_faa57fae,U_0348,2026-01-29,3544.1027284467186,True,G_107097,False
V_60167cc1,U_0210,2026-01-29,2779.500081236268,True,G_107097,False
V_72b7357a,U_0682,2026-01-29,9060.413642617372,True,G_298de7,True
V_7ed14b5a,U_0704,2026-01-29,8657.124710165584,True,G_298de7,False
V_43d9dc17,U_0826,2026-01-29,9127.415855301071,True,G_298de7,False
V_5102758b,U_0124,2026-01-29,3311.731962435291,True,G_298de7,False
V_3228904192,U_0694,2026-01-29,4780.323699745007,False,,False
V_1210913080,U_0710,2026-01-29,3720.6632089381797,False,,False
V_215330339,U_0718,2026-01-29,7710.979565671064,False,,False
V_aa0cffff,U_0737,2026-01-29,7124.024305688689,True,G_b1922f,True
V_9d5dc7de,U_0879,2026-01-29,2160.5529644664302,True,G_b1922f,False
V_36d87af3,U_0289,2026-01-29,3356.912756884991,True,G_b1922f,False
V_dccd594b,U_0565,2026-01-29,8726.323340058585,True,G_b1922f,False
V_6a56b031,U_0831,2026-01-29,5831.51689395254,True,G_b1922f,False
V_f257b9f9,U_0219,2026-01-29,2279.420403410284,True,G_b1922f,False
V_50f4c47f,U_0748,2026-01-29,7014.888380295991,True,G_dd7daa,True
V_d19121f6,U_0112,2026-01-29,6262.778343401503,True,G_dd7daa,False
V_b1a23a3a,U_0938,2026-01-29,4267.646848654113,True,G_dd7daa,False
V_74843b88,U_0723,2026-01-29,5485.597591388289,True,G_dd7daa,False
V_0de53bc6,U_0752,2026-01-29,5654.444856017169,True,G_42e633,True
V_4981fa7c,U_0798,2026-01-29,4139.3171589393105,True,G_42e633,False
V_72d4dad1,U_0754,2026-01-29,2769.6935845549156,True,G_42e633,False
V_d123f213,U_0802,2026-01-29,10320.898270998288,True,G_42e633,False
V_63faea88,U_0770,2026-01-29,7629.268948416046,True,G_949d4d,True
V_70135686,U_0744,2026-01-29,2712.655316938958,True,G_949d4d,False
V_041a9bde,U_0761,2026-01-29,1957.7413460478444,True,G_949d4d,False
V_37d1796e,U_0994,2026-01-29,7387.458068129556,True,G_949d4d,False
V_ce9cb01a,U_0092,2026-01-29,3473.4269178883783,True,G_949d4d,False
V_86f1e9d1,U_0302,2026-01-29,1919.1602332493255,True,G_949d4d,False
V_2744430733,U_0811,2026-01-29,6726.080306589836,False,,False
V_279395665,U_0813,2026-01-29,7762.208568469781,False,,False
V_d04cf2c3,U_0868,2026-01-29,5925.352318919297,True,G_39f46d,True
V_969fa3b7,U_0137,2026-01-29,5086.71117083386,True,G_39f46d,False
V_27975b8a,U_0622,2026-01-29,7047.833560186681,True,G_39f46d,False
V_5c8968c3,U_0193,2026-01-29,3275.993798466496,True,G_39f46d,False
V_36611ac2,U_0661,2026-01-29,4302.0830478341795,True,G_39f46d,False
V_37e6bde6,U_0712,2026-01-29,4194.976961939846,True,G_39f46d,False
V_3657302047,U_0870,2026-01-29,1952.9850088438536,False,,False
V_72135228,U_0897,2026-01-29,10143.661630807293,False,,False
V_3901332913,U_0915,2026-01-29,5068.700978512941,False,,False
V_62ba931d,U_0937,2026-01-29,9145.452200243275,True,G_4193f7,True
V_1cd9e957,U_0237,2026-01-29,12098.428312368276,True,G_4193f7,False
V_446912c6,U_0852,2026-01-29,8512.898357203063,True,G_4193f7,False
V_aa162e11,U_0704,2026-01-29,7946.290296461847,True,G_4193f7,False
V_e3e3ff91,U_0945,2026-01-29,4414.503890801506,True,G_4159d3,True
V_58ef7034,U_0646,2026-01-29,8498.42172557726,True,G_4159d3,False
V_100c906d,U_0563,2026-01-29,2109.482515116677,True,G_4159d3,False
V_98ee5265,U_0597,2026-01-29,2974.350035352247,True,G_4159d3,False
V_b55bc6e5,U_0611,2026-01-29,5822.355474952298,True,G_4159d3,False
V_e5fc1932,U_0066,2026-01-29,6553.925878309275,True,G_4159d3,False
V_3602305309,U_0950,2026-01-29,3101.9528510332557,False,,False
V_804449365,U_0001,2026-01-29,8376.437191505249,False,,False
V_e6c2626a,U_0039,2026-01-29,2308.17030652724,True,G_729382,True
V_9aa50985,U_0752,2026-01-29,6469.546749464792,True,G_729382,False
V_41d44260,U_0054,2026-01-29,2101.6651879548417,True,G_0ea70c,True
V_4ec56c56,U_0273,2026-01-29,3309.93763683731,True,G_0ea70c,False
V_71317d83,U_0770,2026-01-29,7321.767823787763,True,G_0ea70c,False
V_4bc2819e,U_0111,2026-01-29,5306.768618401287,True,G_f0e428,True
V_7bb5f701,U_0572,2026-01-29,6569.516689383243,True,G_f0e428,False
V_6f90b79b,U_0331,2026-01-29,4737.239217727467,True,G_f0e428,False
V_1572cac1,U_0422,2026-01-29,5455.716432495426,True,G_f0e428,False
V_0f688d60,U_0613,2026-01-29,5272.919022760329,True,G_f0e428,False
V_01a56675,U_0824,2026-01-29,2222.123947997599,True,G_f0e428,False
V_3138311110,U_0136,2026-01-29,6614.765034109042,False,,False
V_2109686833,U_0180,2026-01-29,2938.608343909574,False,,False
V_a496e7ac,U_0206,2026-01-29,6799.815363438653,True,G_d22d59,True
V_b090cec5,U_0885,2026-01-29,9608.34255191093,True,G_d22d59,False
V_e38b5270,U_0513,2026-01-29,10142.502161244705,True,G_d22d59,False
V_20ddddb1,U_0001,2026-01-29,5995.188913923351,True,G_d22d59,False
V_2fe3cb62,U_0216,2026-01-29,2578.3265259537006,True,G_11cece,True
V_39c6d250,U_0760,2026-01-29,4569.000101779892,True,G_11cece,False
V_3080674265,U_0281,2026-01-29,2178.626542319305,False,,False
V_2522810511,U_0335,2026-01-29,4001.8646192312567,False,,False
V_3947796566,U_0362,2026-01-29,6632.328889919649,False,,False
V_89819731,U_0459,2026-01-29,2042.2584144166512,True,G_5ec89b,True
V_79dabd2a,U_0590,2026-01-29,6627.799527519471,True,G_5ec89b,False
V_3993012139,U_0486,2026-01-29,4644.818888845586,False,,False
V_33d7bf5d,U_0508,2026-01-29,5938.740653680927,True,G_332dbf,True
V_f74ba798,U_0050,2026-01-29,12434.196735034486,True,G_332dbf,False
V_384782069,U_0572,2026-01-29,2554.3461516290204,False,,False
V_2211548998,U_0595,2026-01-29,4077.8155913073324,False,,False
V_e960d5a8,U_0624,2026-01-29,6435.538058591618,True,G_0f0e97,True
V_b1b74337,U_0214,2026-01-29,4318.038167857166,True,G_0f0e97,False
V_1c428d20,U_0633,2026-01-29,3052.884180780942,True,G_d91ea5,True
V_805a0867,U_0204,2026-01-29,6045.299482119483,True,G_d91ea5,False
V_61969205,U_0654,2026-01-29,8842.525375197723,False,,False
V_2176148013,U_0656,2026-01-29,6582.429825533111,False,,False
V_af05dc2b,U_0658,2026-01-29,4204.779816626101,True,G_3d5938,True
V_58ddacbf,U_0137,2026-01-29,5236.18204085843,True,G_3d5938,False
V_a72f3bf0,U_0333,2026-01-29,2904.5176179715063,True,G_3d5938,False
V_2cc6e24b,U_0742,2026-01-29,6335.326930459803,True,G_3d5938,False
V_10468106,U_0661,2026-01-29,5812.92932024088,True,G_3d5938,False
V_1814290447,U_0754,2026-01-29,7319.41680002486,False,,False
V_4103660259,U_0756,2026-01-29,3366.9668797236245,False,,False
V_2c1fe8cc,U_0762,2026-01-29,3177.7638627119677,True,G_ed110c,True
V_fbc7e4c7,U_0989,2026-01-29,1914.308285738204,True,G_ed110c,False
V_b4a85733,U_0530,2026-01-29,2161.7169023747633,True,G_ed110c,False
V_55311a2b,U_0987,2026-01-29,2133.014255645259,True,G_ed110c,False
V_2722827477,U_0786,2026-01-29,7973.6743045216335,False,,False
V_393992301,U_0826,2026-01-29,7878.189680416403,False,,False
V_e1555236,U_0837,2026-01-29,5475.828426798212,True,G_fe20e8,True
V_057b987a,U_0431,2026-01-29,4511.603633216701,True,G_fe20e8,False
V_4cde5dd4,U_0579,2026-01-29,1803.3243747850775,True,G_fe20e8,False
V_3309323205,U_0864,2026-01-29,6201.269733218552,False,,False
V_3299904726,U_0872,2026-01-29,2521.281571600269,False,,False
V_3240966132,U_0900,2026-01-29,9987.127846196994,False,,False
V_1377725093,U_0915,2026-01-29,3814.1092904161487,False,,False
V_356a93fa,U_0943,2026-01-29,2233.1611241850114,True,G_85d1d2,True
V_f2dcff85,U_0130,2026-01-29,11373.810193523714,True,G_85d1d2,False
V_f8995439,U_0540,2026-01-29,2278.316990518258,True,G_85d1d2,False
V_3d80b3a4,U_0075,2026-01-29,10062.270279857974,True,G_85d1d2,False
V_773d028f,U_0949,2026-01-29,3041.2478692914,True,G_1b26fd,True
V_ddfbc2b0,U_0127,2026-01-29,2681.275222887161,True,G_1b26fd,False
V_9bf41928,U_0667,2026-01-29,2138.5516238518835,True,G_1b26fd,False
V_dc3c53f8,U_0477,2026-01-29,2623.749019312761,True,G_1b26fd,False
V_6aa1ef1a,U_0100,2026-01-29,3016.8657561682658,True,G_1b26fd,False
V_3454650987,U_0991,2026-01-29,5732.638961099356,False,,False
V_788ae8fc,U_0111,2026-01-30,5937.072825705077,True,G_392259,True
V_7f2bb4b9,U_0588,2026-01-30,3369.8510556328815,True,G_392259,False
V_64068772,U_0465,2026-01-30,4035.819066694978,True,G_392259,False
V_4e368442,U_0586,2026-01-30,1863.6552441025674,True,G_392259,False
V_c50b8d5d,U_0221,2026-01-30,6820.731046551893,True,G_392259,False
V_2229afb3,U_0644,2026-01-30,4917.085451090646,True,G_392259,False
V_999c1ee1,U_0121,2026-01-30,5666.717053210396,True,G_d687a4,True
V_9d25c6ce,U_0425,2026-01-30,5233.836529546054,True,G_d687a4,False
V_1431385387,U_0127,2026-01-30,2694.179331052135,False,,False
V_2c9dee95,U_0149,2026-01-30,3903.8241567819546,True,G_13e6f4,True
V_a5d1ab88,U_0185,2026-01-30,4928.095979140745,True,G_13e6f4,False
V_bab6cbd5,U_0280,2026-01-30,6665.02687861512,True,G_fcb533,True
V_68e8d025,U_0151,2026-01-30,5119.267229526722,True,G_fcb533,False
V_503630967,U_0321,2026-01-30,7526.128198078187,False,,False
V_2645443239,U_0358,2026-01-30,6102.90214415191,False,,False
V_2033811970,U_0369,2026-01-30,6107.885907290116,False,,False
V_2675369884,U_0439,2026-01-30,4125.082696533164,False,,False
V_2372389789,U_0445,2026-01-30,11790.776650486008,False,,False
V_1570503257,U_0544,2026-01-30,3784.889323669835,False,,False
V_d91dc267,U_0595,2026-01-30,5859.1282404991925,True,G_e8da91,True
V_15f905d0,U_0622,2026-01-30,6180.589124262937,True,G_e8da91,False
V_2800929126,U_0678,2026-01-30,7353.969419040101,False,,False
V_2291253189,U_0688,2026-01-30,6184.059004251911,False,,False
V_4af2e6ae,U_0735,2026-01-30,7210.900201804118,True,G_bbfc2f,True
V_88842ad7,U_0993,2026-01-30,6301.78322848057,True,G_bbfc2f,False
V_18f376bc,U_0006,2026-01-30,7248.74382830654,True,G_bbfc2f,False
V_248f74fc,U_0955,2026-01-30,10111.735240546426,True,G_bbfc2f,False
V_3070405932,U_0773,2026-01-30,4803.467118227325,False,,False
V_2361903729,U_0780,2026-01-30,2467.8954494484265,False,,False
V_2628048787,U_0794,2026-01-30,6623.3416137022095,False,,False
V_9dd6d684,U_0802,2026-01-30,10477.756251989815,True,G_8dea24,True
V_a4b2096d,U_0798,2026-01-30,5357.971635317709,True,G_8dea24,False
V_4fa10c1c,U_0125,2026-01-30,5734.822577004469,True,G_8dea24,False
V_81f88582,U_0755,2026-01-30,12023.213154793655,True,G_8dea24,False
V_2542349485,U_0815,2026-01-30,5839.4839440631295,False,,False
V_3705203359,U_0832,2026-01-30,2763.4290542359845,False,,False
V_4802f15e,U_0862,2026-01-30,5983.333994236251,True,G_400b81,True
V_7b40b1fd,U_0066,2026-01-30,5425.424208123888,True,G_400b81,False
V_31901570,U_0868,2026-01-30,7160.374510882286,True,G_cf2381,True
V_b37a237e,U_0859,2026-01-30,4512.405965019945,True,G_cf2381,False
V_9d017138,U_0827,2026-01-30,5600.625229052552,True,G_cf2381,False
V_430a5621,U_0688,2026-01-30,6614.764002555188,True,G_cf2381,False
V_fcc326ef,U_0423,2026-01-30,2413.250345540566,True,G_cf2381,False
V_4683581e,U_0869,2026-01-30,3895.1785655642902,True,G_6cfa7c,True
V_a8c6804c,U_0373,2026-01-30,10802.860761691538,True,G_6cfa7c,False
V_65abce52,U_0162,2026-01-30,2608.8281558099634,True,G_6cfa7c,False
V_9db0e62d,U_0966,2026-01-30,3013.8789291211456,True,G_6cfa7c,False
V_9ae90740,U_0873,2026-01-30,5937.786790293115,True,G_825903,True
V_be0de29a,U_0541,2026-01-30,5490.918212007635,True,G_825903,False
V_48cf683f,U_0812,2026-01-30,5775.026092639922,True,G_825903,False
V_296bf5d0,U_0453,2026-01-30,3433.2487395705793,True,G_825903,False
V_96f0bfc0,U_0537,2026-01-30,4654.886637260167,True,G_825903,False
V_6002fa15,U_0205,2026-01-30,6302.487839019514,True,G_825903,False
V_3306381461,U_0934,2026-01-30,2665.563261797219,False,,False
V_c478bf43,U_0965,2026-01-30,5952.612657901394,True,G_4ef5e2,True
V_76aa168b,U_0656,2026-01-30,3756.4633053560783,True,G_4ef5e2,False
V_34639ad9,U_0887,2026-01-30,5486.163954790479,True,G_4ef5e2,False
V_9927e31e,U_0102,2026-01-30,5765.463582194582,True,G_4ef5e2,False
V_1943800878,U_0054,2026-01-30,5638.127194553748,False,,False
V_9f3a1ede,U_0055,2026-01-30,10611.124333519967,True,G_c09fcf,True
V_7fc929dd,U_0445,2026-01-30,12238.031925726886,True,G_c09fcf,False
V_9f88dc32,U_0879,2026-01-30,2355.3765147849344,True,G_c09fcf,False
V_e8f2d31a,U_0758,2026-01-30,3423.6430919745258,True,G_c09fcf,False
V_63365f35,U_0902,2026-01-30,11036.2155418649,True,G_c09fcf,False
V_df41569d,U_0262,2026-01-30,10565.226935003551,True,G_c09fcf,False
V_384a30b5,U_0074,2026-01-30,2194.58084066748,True,G_974f51,True
V_5469279e,U_0415,2026-01-30,7978.581132026226,True,G_974f51,False
V_d5d54eb2,U_0055,2026-01-30,10683.646651634484,True,G_974f51,False
V_d59b8a92,U_0265,2026-01-30,6949.403258189938,True,G_974f51,False
V_2848972046,U_0104,2026-01-30,2382.6788976590506,False,,False
V_56fb07d7,U_0114,2026-01-30,6773.773497785852,True,G_09e701,True
V_2b02bc38,U_0010,2026-01-30,3800.873818836876,True,G_09e701,False
V_fa88b5ab,U_0095,2026-01-30,4309.395613942622,True,G_09e701,False
V_a6a0205f,U_0481,2026-01-30,3626.5889904440724,True,G_09e701,False
V_f41cc113,U_0742,2026-01-30,7037.389393015601,True,G_09e701,False
V_a27036eb,U_0101,2026-01-30,3606.2051984691025,True,G_09e701,False
V_1f6d4cb6,U_0122,2026-01-30,2693.3538479725285,True,G_deb046,True
V_0a1ad7fb,U_0757,2026-01-30,4626.127151406797,True,G_deb046,False
V_1842924990,U_0150,2026-01-30,3584.3241212845724,False,,False
V_3990713662,U_0172,2026-01-30,6276.81291846999,False,,False
V_2735373441,U_0202,2026-01-30,7961.785475854301,False,,False
V_24507928,U_0316,2026-01-30,8422.176818023245,False,,False
V_3742277451,U_0330,2026-01-30,12584.240606079757,False,,False
V_473165190,U_0345,2026-01-30,5615.016397336366,False,,False
V_3540042331,U_0446,2026-01-30,5238.5196852606205,False,,False
V_3729537192,U_0472,2026-01-30,3270.2898437314325,False,,False
V_9b6f986c,U_0625,2026-01-30,6210.294392199738,True,G_4dc6e0,True
V_3a0d53dc,U_0170,2026-01-30,3636.405019814199,True,G_4dc6e0,False
V_46e23203,U_0834,2026-01-30,4119.575688620514,True,G_4dc6e0,False
V_557546139,U_0632,2026-01-30,11223.410869160007,False,,False
V_c7eeb683,U_0672,2026-01-30,3239.1340976909983,True,G_18f805,True
V_146689ee,U_0623,2026-01-30,12592.511781471478,True,G_18f805,False
V_ec1b71c2,U_0130,2026-01-30,11822.821849084834,True,G_18f805,False
V_9874380c,U_0092,2026-01-30,2698.4579335564486,True,G_18f805,False
V_5bc960f7,U_0676,2026-01-30,3016.2620663498647,True,G_083f60,True
V_a280fc75,U_0619,2026-01-30,2437.17490846901,True,G_083f60,False
V_01211ec1,U_0114,2026-01-30,4620.171236841092,True,G_083f60,False
V_18bba09c,U_0018,2026-01-30,5717.4991247301095,True,G_083f60,False
V_8664d04b,U_0787,2026-01-30,7465.909102730603,True,G_083f60,False
V_7d4c6c76,U_0242,2026-01-30,2593.7676923942217,True,G_083f60,False
V_69759256,U_0716,2026-01-30,2638.532744751939,False,,False
V_99072672,U_0753,2026-01-30,6827.647674251207,False,,False
V_1193043396,U_0765,2026-01-30,7406.2400318054315,False,,False
V_e8d241cb,U_0826,2026-01-30,8940.964260368075,True,G_11454d,True
V_439a6508,U_0024,2026-01-30,12207.10063223006,True,G_11454d,False
V_475386c1,U_0458,2026-01-30,13040.333120698093,True,G_11454d,False
V_564a7792,U_0866,2026-01-30,12211.270191569156,True,G_11454d,False
V_f0f2b386,U_0693,2026-01-30,7655.6056655047405,True,G_11454d,False
V_c4630d7c,U_0840,2026-01-30,3395.1571530557653,True,G_402225,True
V_bebd0d79,U_0321,2026-01-30,5752.786869281404,True,G_402225,False
V_5ae4d4bd,U_0567,2026-01-30,6518.410695183556,True,G_402225,False
V_d807749d,U_0917,2026-01-30,7047.740419842203,True,G_402225,False
V_c257ca64,U_0636,2026-01-30,11292.6137174696,True,G_402225,False
V_9152efed,U_0850,2026-01-30,3502.7613838680304,True,G_c26e4d,True
V_330a811b,U_0384,2026-01-30,3321.7673518899996,True,G_c26e4d,False
V_b2f14603,U_0590,2026-01-30,5217.826603363614,True,G_c26e4d,False
V_74876131,U_0676,2026-01-30,2988.7729803119078,True,G_c26e4d,False
V_8235242e,U_0790,2026-01-30,6208.396510975002,True,G_c26e4d,False
V_8d4648b2,U_0622,2026-01-30,6899.777053369058,True,G_c26e4d,False
V_693585398,U_0860,2026-01-30,2162.3051246645373,False,,False
V_2545405019,U_0896,2026-01-30,2045.9508044129625,False,,False
V_4079667988,U_0903,2026-01-30,3320.0776938147715,False,,False
V_2822769556,U_0934,2026-01-30,5714.770976256329,False,,False
V_2031322713,U_0939,2026-01-30,2289.0670893735632,False,,False
V_2118032881,U_0946,2026-01-30,3610.3818828083927,False,,False
V_3320529337,U_0961,2026-01-30,4330.606099071727,False,,False
V_c8f9b816,U_0985,2026-01-30,2483.6264813984376,True,G_7b21d8,True
V_6728668c,U_0842,2026-01-30,4097.559516704642,True,G_7b21d8,False
V_f9f319af,U_0598,2026-01-30,3078.1253316513657,True,G_7b21d8,False
V_fdfe5939,U_0938,2026-01-30,4757.921951387462,True,G_7b21d8,False
V_7a2161f7,U_0015,2026-01-31,8204.750123168204,True,G_515202,True
V_4413902d,U_0993,2026-01-31,5818.804183808804,True,G_515202,False
V_410e6932,U_0982,2026-01-31,8060.893781777943,True,G_515202,False
V_4b1405f7,U_0219,2026-01-31,2739.5610130650107,True,G_515202,False
V_dad0c005,U_0316,2026-01-31,3549.9728410696234,True,G_515202,False
V_4eda6f00,U_0445,2026-01-31,9838.27710918516,True,G_515202,False
V_1421136399,U_0042,2026-01-31,4198.037547682429,False,,False
V_438870102,U_0064,2026-01-31,2535.4214312631434,False,,False
V_0e5af2e1,U_0111,2026-01-31,5396.479108990883,True,G_b432ae,True
V_fea59a9c,U_0451,2026-01-31,5327.376519139652,True,G_b432ae,False
V_31eb1e45,U_0163,2026-01-31,9932.215223218447,True,G_1c29db,True
V_6e523c84,U_0055,2026-01-31,7596.987269177661,True,G_1c29db,False
V_e7ae3805,U_0755,2026-01-31,11391.575900016669,True,G_1c29db,False
V_94fa1f4a,U_0194,2026-01-31,9374.762994263043,True,G_8228b8,True
V_ee121f2a,U_0225,2026-01-31,13996.423043945806,True,G_8228b8,False
V_cd872241,U_0831,2026-01-31,6210.942993865906,True,G_8228b8,False
V_f42d7e20,U_0548,2026-01-31,8742.466099978341,True,G_8228b8,False
V_fb87cba5,U_0761,2026-01-31,1977.5903495392804,True,G_8228b8,False
V_df2a9706,U_0977,2026-01-31,8791.875592538649,True,G_8228b8,False
V_2691573507,U_0234,2026-01-31,2981.6710552311542,False,,False
V_4020709768,U_0261,2026-01-31,4002.094359250516,False,,False
V_c5435b0c,U_0291,2026-01-31,5255.16727523244,True,G_bfc748,True
V_d5bb5c76,U_0403,2026-01-31,5693.433827403307,True,G_bfc748,False
V_cf9cb416,U_0287,2026-01-31,1886.187009656286,True,G_bfc748,False
V_6bcf1bea,U_0332,2026-01-31,5896.61480549024,True,G_bfc748,False
V_11c2bc49,U_0112,2026-01-31,6668.72117712676,True,G_bfc748,False
V_961870142,U_0303,2026-01-31,9824.584853560884,False,,False
V_610550da,U_0332,2026-01-31,5299.6539618999095,True,G_bee68c,True
V_d94fcbe9,U_0384,2026-01-31,3182.546748827591,True,G_bee68c,False
V_5326cbf4,U_0067,2026-01-31,5105.253247917587,True,G_bee68c,False
V_2397089980,U_0397,2026-01-31,3049.902624697451,False,,False
V_c41ad735,U_0400,2026-01-31,9644.079854894693,True,G_4682ec,True
V_544e621a,U_0068,2026-01-31,3744.0739168824293,True,G_4682ec,False
V_90cd137d,U_0161,2026-01-31,6918.165767393342,True,G_4682ec,False
V_a5345430,U_0019,2026-01-31,6680.666648310234,True,G_4682ec,False
V_d9faca22,U_0289,2026-01-31,3112.3475675736345,True,G_4682ec,False
V_7c80f22c,U_0540,2026-01-31,2332.596522697679,True,G_4682ec,False
V_2374193865,U_0405,2026-01-31,3212.2211412361066,False,,False
V_1981964379,U_0431,2026-01-31,6507.633667113612,False,,False
V_d635a7a9,U_0451,2026-01-31,5580.128619423687,True,G_7d229a,True
V_155fa5ac,U_0195,2026-01-31,5371.505992965081,True,G_7d229a,False
V_89d30667,U_0509,2026-01-31,4348.64259311834,True,G_445333,True
V_30ac69fe,U_0849,2026-01-31,1979.1483185003026,True,G_445333,False
V_d83a1d93,U_0622,2026-01-31,8003.216599689902,True,G_445333,False
V_5b252573,U_0522,2026-01-31,7282.253442362154,True,G_445333,False
V_4380ac18,U_0281,2026-01-31,5807.441337239285,True,G_445333,False
V_3083481631,U_0548,2026-01-31,7393.54858207811,False,,False
V_3066652760,U_0553,2026-01-31,3711.3343579175116,False,,False
V_cc533cfe,U_0654,2026-01-31,3041.1507426554736,True,G_fc90c5,True
V_8a602d23,U_0304,2026-01-31,4693.4877071949195,True,G_fc90c5,False
V_bd848eff,U_0261,2026-01-31,4581.574604400846,True,G_fc90c5,False
V_5f875372,U_0215,2026-01-31,5221.660167386852,True,G_fc90c5,False
V_afeb9db3,U_0933,2026-01-31,4981.271770032027,True,G_fc90c5,False
V_1708327427,U_0661,2026-01-31,5811.908510324065,False,,False
V_970455871,U_0672,2026-01-31,3327.0069314273355,False,,False
V_ad8a09b8,U_0692,2026-01-31,5538.326515304541,True,G_8d6082,True
V_9e222b68,U_0299,2026-01-31,5779.534635466217,True,G_8d6082,False
V_d62d9022,U_0372,2026-01-31,4051.353120548928,True,G_8d6082,False
V_69c97ac0,U_0174,2026-01-31,5567.548651413496,True,G_8d6082,False
V_676b76c1,U_0933,2026-01-31,4386.872243165501,True,G_8d6082,False
V_7dc24459,U_0730,2026-01-31,2206.0106924308316,True,G_2c45c0,True
V_21f37830,U_0179,2026-01-31,2380.9282060440087,True,G_2c45c0,False
V_f8faf8fd,U_0831,2026-01-31,5901.562365979729,True,G_2c45c0,False
V_eb0c2f39,U_0356,2026-01-31,2631.3060372052796,True,G_2c45c0,False
V_3558911901,U_0802,2026-01-31,7840.727803637226,False,,False
V_3734805054,U_0853,2026-01-31,4130.872967640284,False,,False
V_10277678,U_0863,2026-01-31,7565.471011347456,True,G_83bd2b,True
V_b248a632,U_0773,2026-01-31,5952.309674244148,True,G_83bd2b,False
V_c21fefd6,U_0904,2026-01-31,4927.435313964695,True,G_83bd2b,False
V_92d1b491,U_0917,2026-01-31,6500.030024514208,True,G_1d97d1,True
V_c3dcda71,U_0043,2026-01-31,3246.7862639306536,True,G_1d97d1,False
V_bbabc108,U_0782,2026-01-31,5083.926657583024,True,G_1d97d1,False
V_4148e05a,U_0879,2026-01-31,2481.68526120801,True,G_1d97d1,False
V_2565659639,U_0927,2026-01-31,4349.001150527918,False,,False
V_c9e52fd0,U_0955,2026-01-31,7139.984515972446,True,G_bd7806,True
V_00a3df6f,U_0902,2026-01-31,8950.823256984664,True,G_bd7806,False
V_e21347d7,U_0024,2026-01-31,13530.829048577021,True,G_bd7806,False
V_0c151992,U_0025,2026-01-31,3861.4861586684538,True,G_a50f7a,True
V_710c96d6,U_0080,2026-01-31,7303.029109224063,True,G_a50f7a,False
V_2326827978,U_0047,2026-01-31,3357.9952356466533,False,,False
V_862552369,U_0057,2026-01-31,9297.676443171575,False,,False
V_847f9fb6,U_0073,2026-01-31,5720.0632283203695,True,G_f87f2a,True
V_9f05941e,U_0802,2026-01-31,7745.81078403849,True,G_f87f2a,False
V_2472622360,U_0202,2026-01-31,8563.022603907126,False,,False
V_491ed5e7,U_0216,2026-01-31,2741.022650774936,True,G_a59d0b,True
V_d7176e4a,U_0593,2026-01-31,2389.5001368981852,True,G_a59d0b,False
V_c8e218a9,U_0510,2026-01-31,4400.750195491051,True,G_a59d0b,False
V_6942ae87,U_0237,2026-01-31,11146.77037849879,True,G_a59d0b,False
V_a0b924db,U_0234,2026-01-31,3736.5646246283886,True,G_f84a17,True
V_c16b63f0,U_0311,2026-01-31,2168.0008929941528,True,G_f84a17,False
V_3664057545,U_0296,2026-01-31,2469.867566567272,False,,False
V_3275888395,U_0327,2026-01-31,4644.144517088495,False,,False
V_2067131625,U_0360,2026-01-31,2661.4231741382227,False,,False
V_82b39f28,U_0398,2026-01-31,3395.9977982645496,True,G_f7ff45,True
V_547e71d9,U_0023,2026-01-31,3340.0011215916325,True,G_f7ff45,False
V_1548eaae,U_0607,2026-01-31,4775.035260044546,True,G_f7ff45,False
V_0796f3d1,U_0038,2026-01-31,2580.418304250563,True,G_f7ff45,False
V_4becc61f,U_0827,2026-01-31,6426.193345414782,True,G_f7ff45,False
V_2548009433,U_0452,2026-01-31,10136.738027213836,False,,False
V_3442200235,U_0498,2026-01-31,2523.508829810474,False,,False
V_475620077,U_0513,2026-01-31,6726.220973918773,False,,False
V_b238f309,U_0529,2026-01-31,4174.662795916645,True,G_2904fe,True
V_b0968af6,U_0190,2026-01-31,5677.949371117968,True,G_2904fe,False
V_3560101639,U_0549,2026-01-31,4177.606563442632,False,,False
V_4208786918,U_0550,2026-01-31,2502.748628672846,False,,False
V_745356626,U_0588,2026-01-31,3787.7309022724635,False,,False
V_3472793123,U_0636,2026-01-31,5026.8628683382285,False,,False
V_85323650,U_0650,2026-01-31,8044.53996528983,False,,False
V_6e4972e8,U_0703,2026-01-31,2884.724056122429,True,G_e126e7,True
V_e41796cb,U_0504,2026-01-31,2456.8975700128644,True,G_e126e7,False
V_245f69a0,U_0661,2026-01-31,4470.656522646216,True,G_e126e7,False
V_14b168f7,U_0710,2026-01-31,4364.247516413016,True,G_d6a795,True
V_c1155f1d,U_0723,2026-01-31,6301.641670167778,True,G_d6a795,False
V_50d2214e,U_0421,2026-01-31,7870.14206368384,True,G_d6a795,False
V_823f9d9c,U_0843,2026-01-31,6300.455777328613,True,G_d6a795,False
V_2e2787ce,U_0721,2026-01-31,7614.55207661557,True,G_d6a795,False
V_3266234120,U_0723,2026-01-31,4168.484717354333,False,,False
V_a900be46,U_0767,2026-01-31,8382.161814192548,True,G_b5c23f,True
V_33e8bea8,U_0430,2026-01-31,4420.843010476762,True,G_b5c23f,False
V_3497863296,U_0774,2026-01-31,2448.706019420202,False,,False
V_38b07798,U_0816,2026-01-31,8255.117800763492,True,G_627863,True
V_7be3ae6d,U_0608,2026-01-31,7403.341445445485,True,G_627863,False
V_3270186573,U_0818,2026-01-31,4369.405515805748,False,,False
V_1903208983,U_0842,2026-01-31,6992.129462164027,False,,False
V_1353780884,U_0921,2026-01-31,2559.146338446332,False,,False
V_493895622,U_0987,2026-01-31,3521.0345927827466,False,,False
V_3533527499,U_0006,2026-02-01,5532.563515248497,False,,False
V_2510965698,U_0023,2026-02-01,3737.0059022558285,False,,False
V_2536655186,U_0024,2026-02-01,11476.271031304641,False,,False
V_c7ac2151,U_0055,2026-02-01,10325.92020560053,True,G_5b5dea,True
V_aee91320,U_0831,2026-02-01,5879.425220602677,True,G_5b5dea,False
V_48d34cff,U_0093,2026-02-01,5444.1163032452505,True,G_a8f243,True
V_6fcc05e6,U_0783,2026-02-01,3304.8298718096667,True,G_a8f243,False
V_2e90ebd7,U_0420,2026-02-01,3002.7588207735025,True,G_a8f243,False
V_22123d86,U_0646,2026-02-01,10571.67980509761,True,G_a8f243,False
V_ad6b629c,U_0145,2026-02-01,3442.6368480736464,True,G_5a6d71,True
V_4854b379,U_0527,2026-02-01,2226.5241389095368,True,G_5a6d71,False
V_1f9c2b49,U_0317,2026-02-01,2408.5208558285062,True,G_5a6d71,False
V_9c2daa5c,U_0187,2026-02-01,2317.3727405703753,True,G_5a6d71,False
V_7ede5c5e,U_0184,2026-02-01,2450.6060619490554,True,G_8a7940,True
V_5e3ade7f,U_0718,2026-02-01,9063.857859143636,True,G_8a7940,False
V_db74652b,U_0250,2026-02-01,2837.187209811854,True,G_8a7940,False
V_10bddc7d,U_0989,2026-02-01,2218.9593138090518,True,G_8a7940,False
V_c462f66b,U_0428,2026-02-01,2456.814518023151,True,G_8a7940,False
V_1227117727,U_0198,2026-02-01,4852.400639964285,False,,False
V_4110083245,U_0211,2026-02-01,5189.322554477513,False,,False
V_806652892,U_0215,2026-02-01,6393.456606053199,False,,False
V_69cb1396,U_0243,2026-02-01,4913.6864719867,True,G_ff9753,True
V_beec678e,U_0789,2026-02-01,3937.404296286079,True,G_ff9753,False
V_0de17fd1,U_0666,2026-02-01,3976.043957577501,True,G_ff9753,False
V_399d5f8d,U_0757,2026-02-01,4048.53919036827,True,G_ff9753,False
V_1745603649,U_0247,2026-02-01,5682.890646103721,False,,False
V_32ed1dab,U_0276,2026-02-01,5521.088277182491,True,G_82ce18,True
V_b152bce0,U_0872,2026-02-01,6753.058761264617,True,G_82ce18,False
V_91438f01,U_0423,2026-02-01,3110.3187703703534,True,G_82ce18,False
V_59765ee4,U_0922,2026-02-01,4839.961304913053,True,G_82ce18,False
V_4096415805,U_0277,2026-02-01,4554.786468836065,False,,False
V_215623256,U_0328,2026-02-01,6854.982379943795,False,,False
V_551479296,U_0331,2026-02-01,4497.760596569628,False,,False
V_1e546336,U_0372,2026-02-01,4105.851805388023,True,G_9afa80,True
V_1fc56ad8,U_0394,2026-02-01,4616.7656573150125,True,G_9afa80,False
V_701efef2,U_0829,2026-02-01,2408.347367052989,True,G_9afa80,False
V_6bd62239,U_0604,2026-02-01,6530.1432959633785,True,G_9afa80,False
V_63dcfb46,U_0435,2026-02-01,3111.0144158288526,True,G_9afa80,False
V_6648723b,U_0886,2026-02-01,2059.914474679729,True,G_9afa80,False
V_6ec6f218,U_0422,2026-02-01,8026.951401168036,True,G_eb007a,True
V_84579165,U_0016,2026-02-01,4372.039725910383,True,G_eb007a,False
V_ee25d66b,U_0004,2026-02-01,4143.7304387071845,True,G_eb007a,False
V_c9d3e534,U_0384,2026-02-01,4391.8138300445,True,G_eb007a,False
V_c8dd73d6,U_0260,2026-02-01,5050.485021461028,True,G_eb007a,False
V_bef4c6d2,U_0738,2026-02-01,6373.210203557845,True,G_eb007a,False
V_ea913336,U_0445,2026-02-01,12004.316892605073,True,G_37438c,True
V_39ffd874,U_0977,2026-02-01,7948.988435210074,True,G_37438c,False
V_fd940c0b,U_0068,2026-02-01,3932.1659531416976,True,G_37438c,False
V_5e6d3f46,U_0951,2026-02-01,12285.924287571672,True,G_37438c,False
V_b59f25c3,U_0885,2026-02-01,8711.645219372827,True,G_37438c,False
V_69bd7d4d,U_0869,2026-02-01,2788.0805604100915,True,G_37438c,False
V_3431463741,U_0455,2026-02-01,3294.85300405826,False,,False
V_2092580400,U_0479,2026-02-01,2421.4011959341065,False,,False
V_4292389292,U_0513,2026-02-01,13525.768068185833,False,,False
V_1490381658,U_0543,2026-02-01,3021.9229714516086,False,,False
V_4088979172,U_0628,2026-02-01,13667.664975813046,False,,False
V_2773518247,U_0670,2026-02-01,4663.092598809653,False,,False
V_553908624,U_0689,2026-02-01,6134.822589114947,False,,False
V_5524318b,U_0718,2026-02-01,8247.29653922369,True,G_8fedfc,True
V_fbe8157c,U_0513,2026-02-01,12198.581104919836,True,G_8fedfc,False
V_4185778015,U_0721,2026-02-01,7487.321088287627,False,,False
V_687148976,U_0750,2026-02-01,6471.138426956864,False,,False
V_1053994479,U_0767,2026-02-01,10039.928826722868,False,,False
V_2842673737,U_0772,2026-02-01,8021.481583827537,False,,False
V_2558627839,U_0787,2026-02-01,5701.265900075177,False,,False
V_7143a707,U_0794,2026-02-01,8250.171831843929,True,G_2280f9,True
V_546698fe,U_0943,2026-02-01,2239.0288515380785,True,G_2280f9,False
V_5015cbe1,U_0752,2026-02-01,7933.959534548038,True,G_2280f9,False
V_1ff74136,U_0119,2026-02-01,3724.9725274162975,True,G_2280f9,False
V_f04b8873,U_0821,2026-02-01,2977.3365754934466,True,G_e8db70,True
V_aa1d934e,U_0628,2026-02-01,13243.782500121422,True,G_e8db70,False
V_2077065205,U_0851,2026-02-01,6712.326881293043,False,,False
V_2209818748,U_0858,2026-02-01,4612.6744930764335,False,,False
V_3131883615,U_0897,2026-02-01,8372.899429075365,False,,False
V_620873791,U_0985,2026-02-01,3225.726976218176,False,,False
V_e1cda5a5,U_0025,2026-02-01,2745.425114403358,True,G_574449,True
V_d6e9e2fd,U_0721,2026-02-01,5973.798621567511,True,G_574449,False
V_a1c9c799,U_0392,2026-02-01,6216.595120186267,True,G_574449,False
V_3584024129,U_0043,2026-02-01,8110.8589356694465,False,,False
V_1124804480,U_0105,2026-02-01,5425.917063396607,False,,False
V_629895846,U_0137,2026-02-01,2069.858137849975,False,,False
V_81c5a188,U_0158,2026-02-01,2503.0598581246177,True,G_066efd,True
V_4ed6a8d6,U_0577,2026-02-01,4566.871948743284,True,G_066efd,False
V_21def53b,U_0653,2026-02-01,5566.30586285185,True,G_066efd,False
V_6d83959c,U_0921,2026-02-01,2028.0528403658707,True,G_066efd,False
V_5a289f59,U_0383,2026-02-01,4225.515084550479,True,G_066efd,False
V_f80e42ba,U_0161,2026-02-01,6592.149977258092,True,G_d1e237,True
V_30ae404e,U_0513,2026-02-01,10355.954709672806,True,G_d1e237,False
V_738c9525,U_0373,2026-02-01,11077.934211845773,True,G_d1e237,False
V_f305f21e,U_0208,2026-02-01,3772.6693065972863,True,G_d1e237,False
V_5ddd52e2,U_0548,2026-02-01,8580.34757521861,True,G_d1e237,False
V_29bba94e,U_0727,2026-02-01,11241.088303330002,True,G_d1e237,False
V_2204709665,U_0179,2026-02-01,3673.091563067954,False,,False
V_d788fde5,U_0202,2026-02-01,2703.2496211282096,True,G_4f172f,True
V_da9a9697,U_0727,2026-02-01,8202.282860914955,True,G_4f172f,False
V_a57c1da7,U_0826,2026-02-01,8584.1813122392,True,G_4f172f,False
V_12428c9d,U_0208,2026-02-01,3687.717459018156,True,G_4f172f,False
V_1197355700,U_0203,2026-02-01,4656.877727588606,False,,False
V_3237081604,U_0211,2026-02-01,9739.340926468383,False,,False
V_3553125734,U_0266,2026-02-01,4151.24357777979,False,,False
V_1777704226,U_0290,2026-02-01,4497.509286612746,False,,False
V_ebab38d5,U_0314,2026-02-01,5502.702362194769,True,G_581221,True
V_79cc94f1,U_0830,2026-02-01,3063.9660949991894,True,G_581221,False
V_594fea62,U_0787,2026-02-01,8053.023166428016,True,G_581221,False
V_5fbbefe2,U_0306,2026-02-01,5642.000992124425,True,G_581221,False
V_3033540788,U_0344,2026-02-01,4041.2129400422323,False,,False
V_2073579569,U_0376,2026-02-01,2312.8748487784287,False,,False
V_2284196332,U_0386,2026-02-01,3666.8750264778614,False,,False
V_ce977084,U_0418,2026-02-01,5177.32956950064,True,G_2b5e32,True
V_745944b3,U_0943,2026-02-01,2295.020749143036,True,G_2b5e32,False
V_4948f9ea,U_0508,2026-02-01,6467.508910684418,True,G_3727ed,True
V_4a63363d,U_0238,2026-02-01,9570.647040651402,True,G_3727ed,False
V_8d06a62d,U_0289,2026-02-01,4064.0755616995016,True,G_3727ed,False
V_1162105573,U_0569,2026-02-01,3624.5671293571763,False,,False
V_188955784,U_0571,2026-02-01,2981.413034252592,False,,False
V_530872391,U_0617,2026-02-01,4172.196150528347,False,,False
V_ea01b165,U_0622,2026-02-01,6632.194104795452,True,G_760df3,True
V_c4ea1435,U_0804,2026-02-01,4177.591664874182,True,G_760df3,False
V_96217fe1,U_0326,2026-02-01,5328.452234427543,True,G_760df3,False
V_6a457ef0,U_0004,2026-02-01,3464.8560570973104,True,G_760df3,False
V_14a0c5fa,U_0508,2026-02-01,6683.0438153979885,True,G_760df3,False
V_747844a6,U_0827,2026-02-01,5179.9321883049615,True,G_760df3,False
V_2f2bfe58,U_0666,2026-02-01,4498.526168864209,True,G_220aac,True
V_3785035f,U_0390,2026-02-01,2063.9266207920696,True,G_220aac,False
V_95c63459,U_0710,2026-02-01,3405.01449639633,True,G_220aac,False
V_a3413c6b,U_0443,2026-02-01,3804.004435801813,True,G_220aac,False
V_10ae43f8,U_0667,2026-02-01,2715.6810185172208,True,G_220aac,False
V_70810586,U_0934,2026-02-01,2604.0183639721727,True,G_220aac,False
V_2098759547,U_0673,2026-02-01,11312.749181633937,False,,False
V_385711205,U_0721,2026-02-01,6542.351841907801,False,,False
V_d9f40d95,U_0723,2026-02-01,7552.757305754464,True,G_e86fba,True
V_fb357f39,U_0920,2026-02-01,3824.2659836098383,True,G_e86fba,False
V_eb8fd6b3,U_0231,2026-02-01,5954.43359761065,True,G_e86fba,False
V_6061d412,U_0840,2026-02-01,4596.580321318322,True,G_e86fba,False
V_2147456731,U_0740,2026-02-01,9958.972123070738,False,,False
V_410197090,U_0758,2026-02-01,7111.310978736974,False,,False
V_3721172224,U_0770,2026-02-01,3261.1211837733917,False,,False
V_fea2ffe4,U_0801,2026-02-01,3810.420556811645,True,G_b65803,True
V_f405578a,U_0905,2026-02-01,3244.1533395248844,True,G_b65803,False
V_c00a32c7,U_0016,2026-02-01,4623.297560048402,True,G_b65803,False
V_529e0c31,U_0210,2026-02-01,3296.9538268284477,True,G_b65803,False
V_22d4ae22,U_0802,2026-02-01,10728.95954256133,True,G_ca419d,True
V_7957a9b8,U_0044,2026-02-01,2900.860773516343,True,G_ca419d,False
V_da387841,U_0088,2026-02-01,11390.919053026866,True,G_ca419d,False
V_2966021387,U_0815,2026-02-01,2799.4741408402756,False,,False
V_636197291,U_0840,2026-02-01,9995.51128098292,False,,False
V_0d201a66,U_0849,2026-02-01,2712.2191853961854,True,G_362939,True
V_955d4a68,U_0549,2026-02-01,4411.1605222893395,True,G_362939,False
V_12153afc,U_0354,2026-02-01,5730.464196962174,True,G_362939,False
V_134832fe,U_0300,2026-02-01,6155.3941088996635,True,G_362939,False
V_0aae4863,U_0734,2026-02-01,7266.261857943387,True,G_362939,False
V_424c7929,U_0823,2026-02-01,2698.739814284971,True,G_362939,False
V_e8f82354,U_0867,2026-02-01,2184.2512258104134,True,G_d3c5ab,True
V_b1b400a3,U_0283,2026-02-01,4212.044040821973,True,G_d3c5ab,False
V_683b2e98,U_0318,2026-02-01,2703.4841872817074,True,G_d3c5ab,False
V_9695ecb8,U_0460,2026-02-01,2906.8753833045816,True,G_d3c5ab,False
V_d05895b0,U_0037,2026-02-01,4388.709965591375,True,G_d3c5ab,False
V_2cc86393,U_0870,2026-02-01,2088.3404602975065,True,G_9694ec,True
V_1ae35b63,U_0148,2026-02-01,2547.0486410009107,True,G_9694ec,False
V_3525068520,U_0901,2026-02-01,3140.2739309024305,False,,False
V_3504288516,U_0957,2026-02-01,3887.2739567258277,False,,False
V_1766259175,U_0972,2026-02-01,9153.36307394728,False,,False
V_3516048805,U_0038,2026-02-02,1825.6235710250553,False,,False
V_1621949077,U_0073,2026-02-02,4976.951247087304,False,,False
V_2445250201,U_0079,2026-02-02,2093.005625803465,False,,False
V_c3020ba8,U_0089,2026-02-02,7677.746619850893,True,G_0419ae,True
V_9c24bc0b,U_0097,2026-02-02,11986.400856303817,True,G_0419ae,False
V_d734b24c,U_0057,2026-02-02,2377.7913681161504,True,G_0419ae,False
V_4823bb93,U_0120,2026-02-02,2907.5790112601017,True,G_0419ae,False
V_f0cafd74,U_0875,2026-02-02,7241.733422227949,True,G_0419ae,False
V_a57686d5,U_0737,2026-02-02,7156.255193471467,True,G_0419ae,False
V_3707016765,U_0102,2026-02-02,5336.8395855862955,False,,False
V_679298232,U_0160,2026-02-02,9802.696649690964,False,,False
V_387684444,U_0170,2026-02-02,4517.02151598983,False,,False
V_b41e9dbf,U_0174,2026-02-02,4124.097554167411,True,G_6f4b90,True
V_9ba3500a,U_0030,2026-02-02,5975.16529246588,True,G_6f4b90,False
V_b0538e56,U_0469,2026-02-02,4265.149628778669,True,G_6f4b90,False
V_fdb82963,U_0056,2026-02-02,2804.7043135852555,True,G_6f4b90,False
V_df56a681,U_0067,2026-02-02,6024.939645039736,True,G_6f4b90,False
V_686f9117,U_0274,2026-02-02,5215.298282073839,True,G_6f4b90,False
V_3445131992,U_0198,2026-02-02,4751.154096327794,False,,False
V_181a01aa,U_0204,2026-02-02,6980.418199638537,True,G_03d51c,True
V_77d29974,U_0988,2026-02-02,4218.109743107417,True,G_03d51c,False
V_807d4f7d,U_0061,2026-02-02,2105.1677084574726,True,G_03d51c,False
V_cda4718a,U_0276,2026-02-02,7034.486325723497,True,G_03d51c,False
V_fa63f868,U_0326,2026-02-02,6488.493577551234,True,G_03d51c,False
V_4022c045,U_0421,2026-02-02,6799.896108108698,True,G_03d51c,False
V_cfeb0257,U_0254,2026-02-02,1958.8229313902925,True,G_872112,True
V_c7616bee,U_0182,2026-02-02,2713.894657682174,True,G_872112,False
V_780d9a39,U_0956,2026-02-02,1815.0295982460545,True,G_872112,False
V_88c3df8e,U_0662,2026-02-02,2928.965611214081,True,G_872112,False
V_1301096934,U_0268,2026-02-02,5103.932869140921,False,,False
V_c5e00428,U_0269,2026-02-02,5880.434499651169,True,G_ca9033,True
V_09e249dd,U_0421,2026-02-02,7625.940039061142,True,G_ca9033,False
V_f96578eb,U_0071,2026-02-02,3789.9709988547634,True,G_ca9033,False
V_09c1d0a7,U_0550,2026-02-02,4251.723838297116,True,G_ca9033,False
V_7de98b77,U_0338,2026-02-02,8798.739702829673,True,G_f000aa,True
V_888f95ef,U_0582,2026-02-02,7168.692766784837,True,G_f000aa,False
V_2da958a9,U_0875,2026-02-02,7052.821713873298,True,G_f000aa,False
V_d0291e80,U_0019,2026-02-02,6495.51223292064,True,G_f000aa,False
V_1318600915,U_0354,2026-02-02,5850.392248052961,False,,False
V_207940254,U_0408,2026-02-02,5914.390067722703,False,,False
V_1482797869,U_0437,2026-02-02,2405.882834501747,False,,False
V_193113067,U_0494,2026-02-02,3563.3570857952113,False,,False
V_aa368195,U_0506,2026-02-02,4779.534043484002,True,G_e3e353,True
V_9e009710,U_0512,2026-02-02,2383.8289281312614,True,G_e3e353,False
V_8da7ddec,U_0494,2026-02-02,3616.639144210325,True,G_e3e353,False
V_112356106,U_0521,2026-02-02,2765.061737227006,False,,False
V_28628065,U_0542,2026-02-02,4094.6925164594822,False,,False
V_412336358,U_0548,2026-02-02,8170.8289714301445,False,,False
V_cc2c9344,U_0552,2026-02-02,4093.80839401146,True,G_9f9641,True
V_065f9ced,U_0367,2026-02-02,7789.763948156404,True,G_9f9641,False
V_111840920,U_0580,2026-02-02,5719.402070200413,False,,False
V_441829710,U_0604,2026-02-02,7712.1841945693,False,,False
V_1323450914,U_0662,2026-02-02,3720.871091947516,False,,False
V_3248325672,U_0696,2026-02-02,5435.8847682173255,False,,False
V_594903482,U_0815,2026-02-02,5235.978618677495,False,,False
V_3f5d89f4,U_0827,2026-02-02,5577.423510930975,True,G_78591b,True
V_1bfea4ba,U_0720,2026-02-02,2555.0583590419137,True,G_78591b,False
V_fec23bd2,U_0574,2026-02-02,5334.660575680042,True,G_78591b,False
V_96c494f4,U_0823,2026-02-02,3525.9972146920504,True,G_78591b,False
V_08a72eb0,U_0834,2026-02-02,4563.165346263023,True,G_619254,True
V_07175fb0,U_0033,2026-02-02,3356.937152751301,True,G_619254,False
V_c9d36c4f,U_0550,2026-02-02,5009.97065296276,True,G_619254,False
V_0f337c60,U_0532,2026-02-02,6718.4937418886,True,G_619254,False
V_6934eddc,U_0313,2026-02-02,4511.380882976219,True,G_619254,False
V_b0281cd3,U_0864,2026-02-02,3866.2815703024253,True,G_0da64c,True
V_d88d2d01,U_0362,2026-02-02,2019.9010136369889,True,G_0da64c,False
V_610396685,U_0875,2026-02-02,7036.163122107812,False,,False
V_304736251,U_0970,2026-02-02,3306.910686797309,False,,False
V_3831356485,U_0974,2026-02-02,13772.361324217522,False,,False
V_03cf92d7,U_0993,2026-02-02,7405.985417903231,True,G_58f6f4,True
V_ade41cdf,U_0400,2026-02-02,8059.263176025141,True,G_58f6f4,False
V_6c58d689,U_0794,2026-02-02,7452.097686228104,True,G_58f6f4,False
V_b30ca00c,U_0004,2026-02-02,3241.709356926967,True,G_baeb30,True
V_a2c56749,U_0541,2026-02-02,5066.9563776139885,True,G_baeb30,False
V_196d91a7,U_0042,2026-02-02,3692.743147635173,True,G_baeb30,False
V_6f85f617,U_0903,2026-02-02,3049.08913655694,True,G_baeb30,False
V_ac7aea1e,U_0005,2026-02-02,5449.030609256412,True,G_baeb30,False
V_16e5f9a2,U_0012,2026-02-02,3911.9804929983607,True,G_ef045c,True
V_cce6cd73,U_0185,2026-02-02,5102.568092525932,True,G_ef045c,False
V_269616657,U_0023,2026-02-02,5760.587794524815,False,,False
V_3a893a91,U_0051,2026-02-02,3246.463992841392,True,G_64aeb2,True
V_04298bcf,U_0891,2026-02-02,3449.2247943416637,True,G_64aeb2,False
V_35d92ffd,U_0111,2026-02-02,6836.0925041441005,True,G_64aeb2,False
V_3c61627e,U_0362,2026-02-02,2458.746002102753,True,G_64aeb2,False
V_263032472,U_0059,2026-02-02,2498.563109896883,False,,False
V_2259795738,U_0073,2026-02-02,10437.881517165051,False,,False
V_670432880,U_0120,2026-02-02,13677.311619974209,False,,False
V_66ec8091,U_0121,2026-02-02,5440.185687021123,True,G_8507f0,True
V_fecad703,U_0512,2026-02-02,1679.1392374634622,True,G_8507f0,False
V_7f6c15f8,U_0718,2026-02-02,7822.260623736822,True,G_8507f0,False
V_210c17cd,U_0238,2026-02-02,6817.334712271022,True,G_8507f0,False
V_1826173055,U_0130,2026-02-02,6330.998188903684,False,,False
V_983358297,U_0201,2026-02-02,4079.7499120567422,False,,False
V_2395372602,U_0208,2026-02-02,7833.349391654338,False,,False
V_2680049498,U_0215,2026-02-02,4413.663401908461,False,,False
V_4025120366,U_0218,2026-02-02,12379.319248909113,False,,False
V_203700939,U_0219,2026-02-02,11782.59986332931,False,,False
V_ae875330,U_0274,2026-02-02,4515.11732481294,True,G_1371c0,True
V_69462b32,U_0316,2026-02-02,2810.5089828856903,True,G_1371c0,False
V_41aef137,U_0289,2026-02-02,3111.735338684365,True,G_44f8ea,True
V_48e08575,U_0461,2026-02-02,7701.998372512132,True,G_44f8ea,False
V_4156779198,U_0333,2026-02-02,8021.8487817406985,False,,False
V_823835273,U_0338,2026-02-02,2354.0480370212586,False,,False
V_19f6acaa,U_0356,2026-02-02,3317.4636671960207,True,G_125ebb,True
V_755d2229,U_0812,2026-02-02,5642.224993935595,True,G_125ebb,False
V_057dafc6,U_0572,2026-02-02,5490.170716728833,True,G_125ebb,False
V_8350f15c,U_0828,2026-02-02,5128.910603181625,True,G_125ebb,False
V_fa75b89f,U_0284,2026-02-02,3741.63645767569,True,G_125ebb,False
V_4009430d,U_0785,2026-02-02,5121.185189554968,True,G_125ebb,False
V_3703361788,U_0406,2026-02-02,3277.6615308243136,False,,False
V_45e60d33,U_0439,2026-02-02,4014.8735860501906,True,G_5a11c0,True
V_d9c569d8,U_0293,2026-02-02,2140.905250678774,True,G_5a11c0,False
V_2db7c278,U_0322,2026-02-02,2508.68222517421,True,G_5a11c0,False
V_6903a9e5,U_0443,2026-02-02,3293.613148337156,True,G_2d94b8,True
V_c2b59452,U_0998,2026-02-02,2312.847934384726,True,G_2d94b8,False
V_65f96828,U_0397,2026-02-02,4125.243719266232,True,G_2d94b8,False
V_8acf5575,U_0313,2026-02-02,4537.1073694752495,True,G_2d94b8,False
V_5b4e15a7,U_0872,2026-02-02,7458.133007109228,True,G_2d94b8,False
V_2dd35b86,U_0448,2026-02-02,3370.3468868226055,True,G_ad6504,True
V_f0953ab6,U_0245,2026-02-02,2419.089140467724,True,G_ad6504,False
V_de910538,U_0256,2026-02-02,2112.7100196299866,True,G_ad6504,False
V_2028155865,U_0450,2026-02-02,3723.2976900188814,False,,False
V_3506051925,U_0457,2026-02-02,2280.942732720191,False,,False
V_3522410293,U_0459,2026-02-02,7859.077187958388,False,,False
V_2088863907,U_0498,2026-02-02,2452.1965738089652,False,,False
V_ce37f271,U_0504,2026-02-02,3004.52558646534,True,G_d5866e,True
V_f1975303,U_0054,2026-02-02,2652.6420122936133,True,G_d5866e,False
V_2f81d305,U_0209,2026-02-02,6169.828981992269,True,G_d5866e,False
V_c79cb77e,U_0107,2026-02-02,3801.9105419402845,True,G_d5866e,False
V_d0f5bde5,U_0723,2026-02-02,6742.164844170618,True,G_d5866e,False
V_337367a8,U_0553,2026-02-02,3246.8373356252464,True,G_f97b09,True
V_69bf2f15,U_0972,2026-02-02,5762.4420270169085,True,G_f97b09,False
V_47f10f3b,U_0804,2026-02-02,4632.793092224846,True,G_f97b09,False
V_a75e8f9d,U_0178,2026-02-02,9554.159919815545,True,G_f97b09,False
V_88130a91,U_0560,2026-02-02,9148.72020234693,True,G_e619cd,True
V_ff9fd06d,U_0492,2026-02-02,2760.671849757268,True,G_e619cd,False
V_49fae298,U_0075,2026-02-02,12881.203459794391,True,G_e619cd,False
V_1805105113,U_0585,2026-02-02,4368.965433666697,False,,False
V_9a732e02,U_0587,2026-02-02,2427.7720835514087,True,G_c57cc5,True
V_00dbf84e,U_0259,2026-02-02,2340.5682081372347,True,G_c57cc5,False
V_0069d629,U_0615,2026-02-02,2935.7282944721974,True,G_c57cc5,False
V_2472132633,U_0590,2026-02-02,6799.072046960789,False,,False
V_fd896156,U_0618,2026-02-02,3564.3200504120737,True,G_6629a0,True
V_a82518fd,U_0974,2026-02-02,10138.942302797983,True,G_6629a0,False
V_1ace6e6b,U_0434,2026-02-02,5541.225469771976,True,G_6629a0,False
V_3e702e58,U_0718,2026-02-02,9400.005202939123,True,G_6629a0,False
V_1177873167,U_0645,2026-02-02,2923.418646239073,False,,False
V_2587601984,U_0646,2026-02-02,3517.8779711638376,False,,False
V_f9feac58,U_0727,2026-02-02,10143.261588059968,True,G_8cb23c,True
V_3c34f1d7,U_0919,2026-02-02,2210.0551735674667,True,G_8cb23c,False
V_3853767279,U_0754,2026-02-02,6714.770568728209,False,,False
V_780f49f5,U_0756,2026-02-02,2444.3482115788133,True,G_ec8987,True
V_dab4d8ba,U_0722,2026-02-02,6081.662713712816,True,G_ec8987,False
V_fd3af453,U_0567,2026-02-02,8858.186642823755,True,G_ec8987,False
V_e1efc47a,U_0967,2026-02-02,3287.8228991166534,True,G_ec8987,False
V_4164806460,U_0781,2026-02-02,3311.470696669653,False,,False
V_f520d42b,U_0869,2026-02-02,3234.958362736169,True,G_845838,True
V_95f3ac08,U_0687,2026-02-02,2558.002539370898,True,G_845838,False
V_cf45fdcf,U_0514,2026-02-02,2535.9764277705085,True,G_845838,False
V_69b28bd0,U_0657,2026-02-02,12869.859632316271,True,G_845838,False
V_78b41b49,U_0484,2026-02-02,9315.190004609942,True,G_845838,False
V_0874df0a,U_0794,2026-02-02,6877.96650353488,True,G_845838,False
V_d8fcd3a2,U_0922,2026-02-02,5260.386089806996,True,G_4d9a9d,True
V_47e0f89e,U_0531,2026-02-02,1629.9286417238852,True,G_4d9a9d,False
V_724f5f5a,U_0255,2026-02-02,3320.46713292843,True,G_4d9a9d,False
V_8861c040,U_0671,2026-02-02,3330.60103079696,True,G_4d9a9d,False
V_fa27c40c,U_0562,2026-02-02,2341.5471088784993,True,G_4d9a9d,False
V_9cb17fe1,U_0099,2026-02-02,3503.043769287601,True,G_4d9a9d,False
V_86a93ffb,U_0942,2026-02-02,3635.924553572716,True,G_3cb24d,True
V_4e2b2f49,U_0180,2026-02-02,3109.969681627579,True,G_3cb24d,False
V_f0e416fe,U_0652,2026-02-02,6634.370720238633,True,G_3cb24d,False
V_a98a4912,U_0869,2026-02-02,2693.249670071424,True,G_3cb24d,False
V_7f3ff9cd,U_0962,2026-02-02,2163.888302000539,True,G_b5c3e4,True
V_b4331ee0,U_0238,2026-02-02,6907.954920784513,True,G_b5c3e4,False
V_c22f6933,U_0736,2026-02-02,3275.284660834912,True,G_b5c3e4,False
V_2189605280,U_0971,2026-02-02,1950.293731274689,False,,False
V_404881432,U_0077,2026-02-03,7630.771298560068,False,,False
V_cd623ae3,U_0114,2026-02-03,5776.089707378985,True,G_862f29,True
V_4934d94e,U_0066,2026-02-03,4789.533356034538,True,G_862f29,False
V_5d67a0cb,U_0554,2026-02-03,6746.61166070933,True,G_862f29,False
V_96f925d9,U_0261,2026-02-03,4468.2880965222275,True,G_862f29,False
V_d4abc248,U_0278,2026-02-03,4554.4412277785395,True,G_862f29,False
V_df91d00e,U_0638,2026-02-03,4847.799922376648,True,G_862f29,False
V_3847720549,U_0135,2026-02-03,3744.3508839760043,False,,False
V_1258758978,U_0162,2026-02-03,2057.576042028666,False,,False
V_a88f41c5,U_0168,2026-02-03,10454.347839293232,True,G_6ca20e,True
V_a10969e8,U_0345,2026-02-03,10365.05249641429,True,G_6ca20e,False
V_2495b143,U_0036,2026-02-03,2550.1735339325865,True,G_6ca20e,False
V_87f2d589,U_0758,2026-02-03,2785.4786613737206,True,G_6ca20e,False
V_2270149987,U_0180,2026-02-03,3743.456179359836,False,,False
V_1122588414,U_0252,2026-02-03,6028.852803964267,False,,False
V_02a72faf,U_0261,2026-02-03,4070.548905921643,True,G_8d4e15,True
V_6a3c4874,U_0326,2026-02-03,6701.630420844016,True,G_8d4e15,False
V_129255d7,U_0834,2026-02-03,3707.7727661455874,True,G_8d4e15,False
V_494044367,U_0265,2026-02-03,5432.312244365942,False,,False
V_66ffe342,U_0280,2026-02-03,5856.175210676684,True,G_e5ce28,True
V_c62ed4f0,U_0327,2026-02-03,2624.8881587413343,True,G_e5ce28,False
V_f38a7922,U_0504,2026-02-03,2266.8738687703553,True,G_e5ce28,False
V_2170360054,U_0290,2026-02-03,3154.031681201944,False,,False
V_1303102755,U_0306,2026-02-03,6894.377500577626,False,,False
V_3055063619,U_0308,2026-02-03,6093.169050627389,False,,False
V_1473585796,U_0328,2026-02-03,7711.146379690242,False,,False
V_768c2689,U_0369,2026-02-03,5790.122304794532,True,G_35019e,True
V_461c757f,U_0812,2026-02-03,6267.5510736851975,True,G_35019e,False
V_1de26716,U_0909,2026-02-03,2004.0418334641884,True,G_35019e,False
V_986252417,U_0391,2026-02-03,7860.895118945692,False,,False
V_4038374222,U_0399,2026-02-03,2663.2736443775357,False,,False
V_837183144,U_0415,2026-02-03,7076.503304319769,False,,False
V_2246171467,U_0424,2026-02-03,2873.5658597256365,False,,False
V_3508633918,U_0425,2026-02-03,5120.990755725919,False,,False
V_2071401713,U_0445,2026-02-03,13392.672112841808,False,,False
V_ba3cb749,U_0456,2026-02-03,13235.531311911234,True,G_d8d3d0,True
V_ccb60504,U_0130,2026-02-03,10684.635148729629,True,G_d8d3d0,False
V_3477097665,U_0457,2026-02-03,7871.594254748106,False,,False
V_e47bef90,U_0459,2026-02-03,2024.4987548354795,True,G_a57cb7,True
V_b31f5f91,U_0571,2026-02-03,3748.8272618402425,True,G_a57cb7,False
V_dd76710b,U_0487,2026-02-03,4000.2477236204545,True,G_2b9f04,True
V_7a4deb5a,U_0248,2026-02-03,3395.2236332661773,True,G_2b9f04,False
V_40a76772,U_0085,2026-02-03,3629.561179956109,True,G_2b9f04,False
V_8f3eb0c3,U_0088,2026-02-03,13262.029895701688,True,G_2b9f04,False
V_469228193,U_0494,2026-02-03,3013.204691683044,False,,False
V_991848048,U_0503,2026-02-03,9887.934991521202,False,,False
V_2099997225,U_0509,2026-02-03,5284.7572369008385,False,,False
V_b636e269,U_0517,2026-02-03,2671.0245066241837,True,G_13767b,True
V_04171240,U_0777,2026-02-03,3126.5071801280455,True,G_13767b,False
V_64cd4505,U_0518,2026-02-03,10102.541907394068,True,G_0699fe,True
V_d1f76834,U_0400,2026-02-03,8730.122893488076,True,G_0699fe,False
V_e231fed7,U_0208,2026-02-03,3655.2113110856685,True,G_0699fe,False
V_7a8ee008,U_0055,2026-02-03,10970.888592982476,True,G_0699fe,False
V_86334048,U_0572,2026-02-03,6029.207713099091,False,,False
V_1915521122,U_0591,2026-02-03,7793.504786628573,False,,False
V_02802a2c,U_0605,2026-02-03,2865.689456894983,True,G_d2c3e4,True
V_017417e8,U_0455,2026-02-03,3127.8460929885555,True,G_d2c3e4,False
V_69f9bf30,U_0253,2026-02-03,3419.579480054541,True,G_d2c3e4,False
V_c99ed0f0,U_0614,2026-02-03,9271.86028480469,True,G_e909b0,True
V_1b55ea75,U_0904,2026-02-03,6198.395521391837,True,G_e909b0,False
V_29c3ae5e,U_0484,2026-02-03,13580.390437631446,True,G_e909b0,False
V_936378e7,U_0505,2026-02-03,2113.151630196902,True,G_e909b0,False
V_48aa460c,U_0345,2026-02-03,11327.109878596959,True,G_e909b0,False
V_10e35ede,U_0036,2026-02-03,3389.7329567577935,True,G_e909b0,False
V_3404159899,U_0655,2026-02-03,5937.017310789954,False,,False
V_1676192338,U_0683,2026-02-03,5137.292649020841,False,,False
V_1ecc755a,U_0694,2026-02-03,5092.583442191351,True,G_65b70b,True
V_68e2ff50,U_0574,2026-02-03,4004.90113203041,True,G_65b70b,False
V_958e002d,U_0573,2026-02-03,4991.6829515269355,True,G_65b70b,False
V_0936ebca,U_0143,2026-02-03,3713.257786705992,True,G_65b70b,False
V_b4f6cb07,U_0421,2026-02-03,6239.910300144069,True,G_65b70b,False
V_2eb37eee,U_0695,2026-02-03,7539.906484485105,True,G_534087,True
V_b2cb3f87,U_0673,2026-02-03,3362.026937115561,True,G_534087,False
V_064a3ff1,U_0877,2026-02-03,2506.0293788504373,True,G_2feaee,True
V_9ed2a8dc,U_0981,2026-02-03,5492.126942331697,True,G_2feaee,False
V_263b9ef9,U_0524,2026-02-03,2681.7977939848606,True,G_2feaee,False
V_3ad15a29,U_0432,2026-02-03,3402.942803433641,True,G_2feaee,False
V_0d66f1e9,U_0912,2026-02-03,5120.804688981991,True,G_684ab3,True
V_0385cf4f,U_0433,2026-02-03,6111.221938349745,True,G_684ab3,False
V_203de572,U_0992,2026-02-03,3890.1072298724466,True,G_d818e8,True
V_88204d00,U_0312,2026-02-03,5470.2081289286,True,G_d818e8,False
V_4135719411,U_0004,2026-02-03,3587.675864999358,False,,False
V_7597d958,U_0066,2026-02-03,4598.988292051459,True,G_a97fa9,True
V_0a515707,U_0576,2026-02-03,7902.850674084686,True,G_a97fa9,False
V_b37f56c5,U_0710,2026-02-03,3859.3077672432673,True,G_a97fa9,False
V_52ebab53,U_0694,2026-02-03,6106.843907070201,True,G_a97fa9,False
V_1003663873,U_0073,2026-02-03,9707.866061090996,False,,False
V_cca88121,U_0090,2026-02-03,4818.428073182907,True,G_556857,True
V_1a385e43,U_0541,2026-02-03,5635.949133442517,True,G_556857,False
V_4284650463,U_0118,2026-02-03,3420.4627932558215,False,,False
V_4be8da0f,U_0125,2026-02-03,5633.719305483259,True,G_67ab19,True
V_944f7cc7,U_0130,2026-02-03,9420.759870996471,True,G_67ab19,False
V_565039f4,U_0773,2026-02-03,4203.330101307595,True,G_67ab19,False
V_5167f3c0,U_0414,2026-02-03,3343.77817437947,True,G_67ab19,False
V_3873295591,U_0127,2026-02-03,2554.0558806156487,False,,False
V_2246090889,U_0133,2026-02-03,1905.6411448283145,False,,False
V_18b00b23,U_0134,2026-02-03,3503.4713244275886,True,G_9d1433,True
V_32d4a6b6,U_0072,2026-02-03,1937.536830214236,True,G_9d1433,False
V_2cbc16f6,U_0664,2026-02-03,3056.749441121851,True,G_9d1433,False
V_10ba1f01,U_0710,2026-02-03,3866.266564041864,True,G_9d1433,False
V_4202475190,U_0155,2026-02-03,2978.578330492144,False,,False
V_30b1718d,U_0189,2026-02-03,2247.4055628891933,True,G_86b933,True
V_38cc64e3,U_0015,2026-02-03,10142.983553675904,True,G_86b933,False
V_4065412424,U_0206,2026-02-03,7332.9802408970045,False,,False
V_2012757591,U_0269,2026-02-03,1984.7012594640432,False,,False
V_2014941953,U_0289,2026-02-03,11384.824881298342,False,,False
V_624130a9,U_0302,2026-02-03,1884.3660968631127,True,G_c3a02e,True
V_ae686720,U_0295,2026-02-03,4157.137659645298,True,G_c3a02e,False
V_f5d386ef,U_0646,2026-02-03,8729.408151888922,True,G_c3a02e,False
V_5097a918,U_0055,2026-02-03,9964.52410145933,True,G_c3a02e,False
V_754e60ea,U_0782,2026-02-03,4076.6954975165445,True,G_c3a02e,False
V_1c80abae,U_0057,2026-02-03,2553.851037753087,True,G_c3a02e,False
V_c725b8c7,U_0320,2026-02-03,3114.98025720933,True,G_f17be4,True
V_76c80549,U_0635,2026-02-03,3242.8671901186026,True,G_f17be4,False
V_8a042606,U_0408,2026-02-03,7937.905604538222,True,G_f17be4,False
V_043c2a5a,U_0867,2026-02-03,2949.3541610530992,True,G_f17be4,False
V_f1a23f15,U_0396,2026-02-03,2152.736587796377,True,G_f17be4,False
V_ba80d6ce,U_0971,2026-02-03,2404.260692133254,True,G_f17be4,False
V_4233629885,U_0321,2026-02-03,8324.264269686906,False,,False
V_2c795bfc,U_0357,2026-02-03,4282.584942546186,True,G_fa63f4,True
V_cbae4880,U_0237,2026-02-03,8358.477033624455,True,G_fa63f4,False
V_789f24eb,U_0740,2026-02-03,4388.926105631385,True,G_fa63f4,False
V_57fd6970,U_0657,2026-02-03,11753.916482095154,True,G_fa63f4,False
V_1223c9ff,U_0773,2026-02-03,4300.454825416866,True,G_fa63f4,False
V_b8f1560e,U_0206,2026-02-03,5026.91335889034,True,G_fa63f4,False
V_3185672963,U_0398,2026-02-03,5819.537429535555,False,,False
V_3165853302,U_0423,2026-02-03,3692.615868147218,False,,False
V_53525b1d,U_0466,2026-02-03,2210.58042505247,True,G_94937c,True
V_504afa2f,U_0361,2026-02-03,3272.068092468717,True,G_94937c,False
V_da157454,U_0729,2026-02-03,5133.206524840158,True,G_94937c,False
V_3f9b0698,U_0372,2026-02-03,3173.622498437437,True,G_94937c,False
V_a4baeaa7,U_0131,2026-02-03,8097.814500677487,True,G_94937c,False
V_2447232163,U_0492,2026-02-03,10580.902665938927,False,,False
V_1601858314,U_0502,2026-02-03,3349.5024653311857,False,,False
V_58fdf44a,U_0532,2026-02-03,7295.179766478349,True,G_351da9,True
V_e4737789,U_0933,2026-02-03,4454.460592496187,True,G_351da9,False
V_229faf8e,U_0891,2026-02-03,4088.5781203074657,True,G_351da9,False
V_860c0d15,U_0487,2026-02-03,4955.900084712125,True,G_351da9,False
V_4e82d4d7,U_0540,2026-02-03,1743.3388821178914,True,G_edd71d,True
V_b749312b,U_0130,2026-02-03,11524.055664396172,True,G_edd71d,False
V_1ff4b4fd,U_0838,2026-02-03,3284.24572954028,True,G_edd71d,False
V_68e948b6,U_0657,2026-02-03,12485.676181188339,True,G_edd71d,False
V_44a324a1,U_0206,2026-02-03,7334.053534861687,True,G_edd71d,False
V_9a871d08,U_0373,2026-02-03,11222.297105445017,True,G_edd71d,False
V_2054943295,U_0647,2026-02-03,8276.306247979883,False,,False
V_1683208452,U_0792,2026-02-03,4442.134716052413,False,,False
V_1a880033,U_0826,2026-02-03,7010.240680080877,True,G_862d74,True
V_a1cd7130,U_0130,2026-02-03,8096.659584190616,True,G_862d74,False
V_6b1d92c5,U_0183,2026-02-03,9350.256618253365,True,G_862d74,False
V_8eb16513,U_0274,2026-02-03,5720.324938447815,True,G_862d74,False
V_e027be92,U_0505,2026-02-03,2555.4739460075366,True,G_862d74,False
V_252111051,U_0830,2026-02-03,5818.8911951881655,False,,False
V_e9551adb,U_0900,2026-02-03,4781.8130611563865,True,G_9f95da,True
V_40ca3107,U_0456,2026-02-03,11647.45362753946,True,G_9f95da,False
V_d31e2807,U_0189,2026-02-03,2204.6767171690785,True,G_9f95da,False
V_1b3dd30e,U_0904,2026-02-03,6550.632157036745,True,G_6e5c6e,True
V_b0aea08f,U_0183,2026-02-03,9344.165780153133,True,G_6e5c6e,False
V_3018391852,U_0940,2026-02-03,8502.094778270426,False,,False
V_34145906,U_0950,2026-02-03,7370.377969551792,False,,False
V_73f37fe9,U_0982,2026-02-03,6710.740992979784,True,G_cc4a91,True
V_b94ee3d4,U_0202,2026-02-03,2401.331788600135,True,G_cc4a91,False
V_decd3488,U_0851,2026-02-03,5699.981161719107,True,G_cc4a91,False
V_76f9379b,U_0560,2026-02-03,8117.884873401344,True,G_cc4a91,False
V_86f83a2a,U_0993,2026-02-03,5879.27742568302,True,G_7120f6,True
V_4fe33ffb,U_0286,2026-02-03,4034.1111079365965,True,G_7120f6,False
V_53279bab,U_0369,2026-02-03,4784.694115014274,True,G_7120f6,False
V_b022d71b,U_0898,2026-02-03,3622.198278299974,True,G_7120f6,False
V_64bab316,U_0628,2026-02-03,9985.820100449087,True,G_7120f6,False
V_9aea0ec2,U_0091,2026-02-03,2114.328712359901,True,G_7120f6,False
V_3467849464,U_0005,2026-02-04,5498.941112646047,False,,False
V_1997014262,U_0015,2026-02-04,8097.2600844812105,False,,False
V_6e7be35c,U_0030,2026-02-04,5480.347889085902,True,G_c6ad35,True
V_2467ec68,U_0125,2026-02-04,4399.840985752403,True,G_c6ad35,False
V_0fb06621,U_0566,2026-02-04,3563.0251533858877,True,G_c6ad35,False
V_1476833078,U_0067,2026-02-04,7612.768407236005,False,,False
V_aee22db8,U_0110,2026-02-04,4521.532504436868,True,G_83a14c,True
V_677d2168,U_0827,2026-02-04,4907.0297725559885,True,G_83a14c,False
V_8cf62e23,U_0481,2026-02-04,4218.63330198542,True,G_83a14c,False
V_83c656e5,U_0066,2026-02-04,5241.758858418007,True,G_83a14c,False
V_1d5f426d,U_0526,2026-02-04,5486.979475252872,True,G_83a14c,False
V_294bce46,U_0403,2026-02-04,4292.185033473065,True,G_83a14c,False
V_2625034668,U_0169,2026-02-04,3575.8218524352856,False,,False
V_3183751375,U_0183,2026-02-04,10076.622936825343,False,,False
V_1222289424,U_0212,2026-02-04,5991.699128176842,False,,False
V_1143179397,U_0221,2026-02-04,8286.658763843583,False,,False
V_1349192239,U_0231,2026-02-04,4183.044650941987,False,,False
V_5e9ef2a0,U_0295,2026-02-04,3948.150476777227,True,G_85bb61,True
V_63ee66a8,U_0600,2026-02-04,5268.049621386707,True,G_85bb61,False
V_f8a12d0e,U_0408,2026-02-04,6020.468541682179,True,G_85bb61,False
V_4cbb58f4,U_0273,2026-02-04,3646.176138073834,True,G_85bb61,False
V_2703923803,U_0315,2026-02-04,1968.2297180053895,False,,False
V_110710948,U_0328,2026-02-04,7030.484782563474,False,,False
V_4069134849,U_0331,2026-02-04,4954.067093820817,False,,False
V_b3ea68d7,U_0378,2026-02-04,4954.252063268209,True,G_c502c9,True
V_31f2c534,U_0506,2026-02-04,5753.984953526676,True,G_c502c9,False
V_a9d07a08,U_0897,2026-02-04,9696.920782096531,True,G_c502c9,False
V_84a09055,U_0396,2026-02-04,2611.4322411516027,True,G_82b0b1,True
V_7762abaf,U_0796,2026-02-04,1944.5104708950648,True,G_82b0b1,False
V_5b35467a,U_0434,2026-02-04,5702.631450739055,True,G_539911,True
V_bebdb4be,U_0885,2026-02-04,10747.665908711846,True,G_539911,False
V_f7cd4b71,U_0449,2026-02-04,4274.901941257479,True,G_0c6ddd,True
V_73acf033,U_0051,2026-02-04,2403.6256439761573,True,G_0c6ddd,False
V_1df586d5,U_0442,2026-02-04,2050.5926673616823,True,G_0c6ddd,False
V_6ab51250,U_0105,2026-02-04,2629.1538055832357,True,G_0c6ddd,False
V_cf2a7096,U_0300,2026-02-04,5241.952720884858,True,G_0c6ddd,False
V_1591488541,U_0486,2026-02-04,7019.156764368957,False,,False
V_1467093763,U_0502,2026-02-04,5499.208779024371,False,,False
V_2525140202,U_0510,2026-02-04,3961.1997160555043,False,,False
V_3055551222,U_0522,2026-02-04,7263.47697736061,False,,False
V_333208715,U_0552,2026-02-04,3650.967055174983,False,,False
V_3428689229,U_0591,2026-02-04,7683.923421154704,False,,False
V_835423159,U_0615,2026-02-04,2893.4838888738905,False,,False
V_9451b916,U_0616,2026-02-04,5744.105443343461,True,G_d63026,True
V_1a8cbc0e,U_0692,2026-02-04,6822.3467289264945,True,G_d63026,False
V_22bac13b,U_0938,2026-02-04,4152.615258624835,True,G_d63026,False
V_d8293b82,U_0652,2026-02-04,5374.14661771277,True,G_d63026,False
V_9626c2a6,U_0273,2026-02-04,4014.296687451455,True,G_d63026,False
V_67fd773b,U_0385,2026-02-04,4758.17516917191,True,G_d63026,False
V_492567111,U_0624,2026-02-04,6956.306100870826,False,,False
V_2dbc4fd8,U_0704,2026-02-04,7603.962131531541,True,G_2bab32,True
V_ccf65a19,U_0015,2026-02-04,10422.995060849214,True,G_2bab32,False
V_100262452,U_0755,2026-02-04,11048.213562681782,False,,False
V_2253958659,U_0808,2026-02-04,2514.8059410002297,False,,False
V_15ddf324,U_0816,2026-02-04,9368.852385073857,True,G_8faf97,True
V_ec93e2d2,U_0206,2026-02-04,5945.695911752663,True,G_8faf97,False
V_0c64c316,U_0303,2026-02-04,11827.831443830153,True,G_8faf97,False
V_54337451,U_0006,2026-02-04,6549.876705224456,True,G_8faf97,False
V_2759136374,U_0826,2026-02-04,8958.579870984058,False,,False
V_8bffe798,U_0827,2026-02-04,4946.360698874672,True,G_4cffc4,True
V_5a396f2b,U_0517,2026-02-04,3065.5001709856147,True,G_4cffc4,False
V_d37637c0,U_0009,2026-02-04,6146.928617910066,True,G_4cffc4,False
V_d9c3b3a0,U_0624,2026-02-04,5443.988324339229,True,G_4cffc4,False
V_6f070bae,U_0012,2026-02-04,4041.0015641436557,True,G_4cffc4,False
V_4165857665,U_0864,2026-02-04,4895.855115971399,False,,False
V_3933125111,U_0872,2026-02-04,6056.664559030747,False,,False
V_6cda282b,U_0875,2026-02-04,7162.785721346157,True,G_d7dc9d,True
V_4a053039,U_0833,2026-02-04,3042.348792390303,True,G_d7dc9d,False
V_317cdbce,U_0237,2026-02-04,9053.30082561225,True,G_d7dc9d,False
V_4a48b2a6,U_0202,2026-02-04,2418.4371637573718,True,G_d7dc9d,False
V_2f32ad29,U_0373,2026-02-04,13964.206944006839,True,G_d7dc9d,False
V_95c6fdbd,U_0882,2026-02-04,2939.403140636495,True,G_d7dc9d,False
V_350951533,U_0910,2026-02-04,5163.223385524768,False,,False
V_2539120048,U_0941,2026-02-04,3662.504035796798,False,,False
V_378676435,U_0972,2026-02-04,5521.540561570603,False,,False
V_7a4ee347,U_0044,2026-02-04,2631.021300888526,True,G_665616,True
V_bef9b3d3,U_0092,2026-02-04,3262.228710306384,True,G_665616,False
V_20ddd568,U_0091,2026-02-04,2546.286888584247,True,G_9a4ecc,True
V_6708ac88,U_0282,2026-02-04,2949.857990145053,True,G_9a4ecc,False
V_a60dfee8,U_0484,2026-02-04,11361.719695063359,True,G_9a4ecc,False
V_fdf5ccc6,U_0120,2026-02-04,2688.2671164759677,True,G_9977ac,True
V_dd094681,U_0207,2026-02-04,4004.2564265902242,True,G_9977ac,False
V_2648cbce,U_0840,2026-02-04,3880.9372691378408,True,G_9977ac,False
V_dc1a1238,U_0136,2026-02-04,3619.6981438979533,True,G_d74af8,True
V_6ea589f0,U_0992,2026-02-04,3998.697741702098,True,G_d74af8,False
V_5233746b,U_0252,2026-02-04,5882.947266912669,True,G_d74af8,False
V_346fc8a5,U_0890,2026-02-04,6977.49906902416,True,G_d74af8,False
V_3519d528,U_0648,2026-02-04,3068.867627892469,True,G_d74af8,False
V_9220d059,U_0506,2026-02-04,4790.6751641999535,True,G_d74af8,False
V_2353965282,U_0172,2026-02-04,6117.586715951815,False,,False
V_fda0824d,U_0199,2026-02-04,3102.728756877962,True,G_c8eb47,True
V_14d66a5d,U_0498,2026-02-04,2994.0101318426723,True,G_c8eb47,False
V_5f0342f9,U_0483,2026-02-04,2029.7592924389855,True,G_c8eb47,False
V_93e5b71c,U_0776,2026-02-04,2954.217789463152,True,G_c8eb47,False
V_c94d08a4,U_0234,2026-02-04,4180.666613147877,True,G_f2878b,True
V_e6c008e4,U_0213,2026-02-04,3789.039766345452,True,G_f2878b,False
V_a0dc31e8,U_0958,2026-02-04,4249.870172547591,True,G_f2878b,False
V_c3c92024,U_0115,2026-02-04,2781.862951020189,True,G_f2878b,False
V_3107639352,U_0239,2026-02-04,4704.51726946423,False,,False
V_d39cbbdd,U_0241,2026-02-04,2283.358786720105,True,G_dbb488,True
V_08a1af83,U_0075,2026-02-04,9023.83113671192,True,G_dbb488,False
V_58792ebc,U_0373,2026-02-04,10569.50993799052,True,G_dbb488,False
V_2764737075,U_0249,2026-02-04,5443.409614208257,False,,False
V_2864044819,U_0251,2026-02-04,2274.8820820789356,False,,False
V_3920025579,U_0286,2026-02-04,2878.0660244958112,False,,False
V_a74a3fae,U_0366,2026-02-04,3319.3352133593567,True,G_5370d7,True
V_b910ee14,U_0433,2026-02-04,5199.317278824862,True,G_5370d7,False
V_2948807194,U_0400,2026-02-04,5832.070057976607,False,,False
V_74216047,U_0434,2026-02-04,4005.9738702110626,False,,False
V_4211828880,U_0449,2026-02-04,13173.260862717068,False,,False
V_b980ddbb,U_0466,2026-02-04,2223.576208249423,True,G_f20c74,True
V_6afeb6f1,U_0110,2026-02-04,4490.190407404641,True,G_f20c74,False
V_052d03d7,U_0708,2026-02-04,4381.594952568097,True,G_f20c74,False
V_f1f88ed3,U_0478,2026-02-04,2708.2919693585654,True,G_b8c79e,True
V_685eb2af,U_0316,2026-02-04,2787.6404900421794,True,G_b8c79e,False
V_2eba2a67,U_0917,2026-02-04,6224.985771343216,True,G_b8c79e,False
V_6358f10f,U_0357,2026-02-04,3957.341956593262,True,G_b8c79e,False
V_1495883897,U_0505,2026-02-04,8057.97968763177,False,,False
V_57502c1f,U_0516,2026-02-04,2681.8033309496363,True,G_38a0f5,True
V_1bea09fe,U_0567,2026-02-04,7986.047988958416,True,G_38a0f5,False
V_6f112790,U_0940,2026-02-04,2032.5359050316333,True,G_38a0f5,False
V_1f9ae947,U_0548,2026-02-04,9657.668871692063,True,G_38a0f5,False
V_641975f1,U_0513,2026-02-04,12227.84237328536,True,G_38a0f5,False
V_0dba6c93,U_0024,2026-02-04,12836.18396936076,True,G_38a0f5,False
V_5eeb3d02,U_0553,2026-02-04,4225.497006325817,True,G_1a0e6f,True
V_4f3bd5d1,U_0265,2026-02-04,6665.078243477928,True,G_1a0e6f,False
V_f9100553,U_0839,2026-02-04,3381.6460324038426,True,G_1a0e6f,False
V_0f6ff0c5,U_0603,2026-02-04,2576.3901665154926,True,G_66fb0d,True
V_90a77d7a,U_0973,2026-02-04,2775.064642816255,True,G_66fb0d,False
V_51290fe1,U_0912,2026-02-04,4570.100319013154,True,G_66fb0d,False
V_35d6a40d,U_0189,2026-02-04,1942.288553180033,True,G_66fb0d,False
V_d913b0ed,U_0150,2026-02-04,3133.7388100491266,True,G_66fb0d,False
V_bc52ae44,U_0772,2026-02-04,7503.55962884049,True,G_66fb0d,False
V_1357127360,U_0636,2026-02-04,6301.887503369927,False,,False
V_218d8b73,U_0664,2026-02-04,3195.1469430723178,True,G_56cc0e,True
V_6826584d,U_0659,2026-02-04,4334.181831582502,True,G_56cc0e,False
V_29df352e,U_0517,2026-02-04,3410.730359320347,True,G_56cc0e,False
V_f29d3599,U_0890,2026-02-04,6482.0015694613585,True,G_56cc0e,False
V_3507671639,U_0667,2026-02-04,4809.022618577976,False,,False
V_c19c4bc5,U_0768,2026-02-04,5457.593994878716,True,G_2978cd,True
V_63aef8a8,U_0893,2026-02-04,3496.9926741928275,True,G_2978cd,False
V_c07e129a,U_0543,2026-02-04,2227.486391616902,True,G_2978cd,False
V_b1a82fc6,U_0525,2026-02-04,2369.8551056380757,True,G_2978cd,False
V_0bc1bfab,U_0874,2026-02-04,5842.343461100976,True,G_2978cd,False
V_179f32a2,U_0782,2026-02-04,4910.190895411113,True,G_1a4c92,True
V_c8b9e2af,U_0391,2026-02-04,9729.902104905337,True,G_1a4c92,False
V_516391162,U_0795,2026-02-04,2264.5039650364697,False,,False
V_126113127,U_0832,2026-02-04,3460.678519774227,False,,False
V_7d27bf5a,U_0855,2026-02-04,2339.8156071450126,True,G_962d0a,True
V_5d104824,U_0599,2026-02-04,3723.9514373448783,True,G_962d0a,False
V_97442982,U_0888,2026-02-04,2216.254774614772,False,,False
V_3984536761,U_0940,2026-02-04,8796.920748139031,False,,False
V_1146383092,U_0951,2026-02-04,3835.254154119191,False,,False
V_074ec91c,U_0993,2026-02-04,7492.69672129624,True,G_33e81d,True
V_ef5e8a7b,U_0598,2026-02-04,2908.9967937771507,True,G_33e81d,False
V_417172ce,U_0699,2026-02-04,4408.025533641777,True,G_33e81d,False
V_19505266,U_0999,2026-02-04,3442.9656305343983,False,,False
V_1052501254,U_0009,2026-02-05,5789.2104964017835,False,,False
V_305468475,U_0015,2026-02-05,9684.20404835613,False,,False
V_a9214730,U_0038,2026-02-05,2031.3330156231104,True,G_2d72f5,True
V_f7d5b1fc,U_0329,2026-02-05,2070.6356128550588,True,G_2d72f5,False
V_e88a60a7,U_0199,2026-02-05,3183.289357406292,True,G_2d72f5,False
V_ff573f01,U_0516,2026-02-05,2445.6842429567587,True,G_2d72f5,False
V_95dc2276,U_0953,2026-02-05,3642.5006487134788,True,G_2d72f5,False
V_10cb13b7,U_0039,2026-02-05,1987.9811763008536,True,G_2d72f5,False
V_a9a46ce2,U_0068,2026-02-05,4703.7764644868685,True,G_e24913,True
V_227828b1,U_0149,2026-02-05,3496.436853590974,True,G_e24913,False
V_d7718e10,U_0314,2026-02-05,4658.413253173842,True,G_e24913,False
V_9b30a564,U_0522,2026-02-05,6531.52138954714,True,G_e24913,False
V_e8529ad8,U_0609,2026-02-05,3275.2315017896367,True,G_e24913,False
V_1226630690,U_0094,2026-02-05,4065.4916576596556,False,,False
V_3306068620,U_0096,2026-02-05,2378.2964166792,False,,False
V_4047539121,U_0097,2026-02-05,10450.396064646104,False,,False
V_3401472526,U_0108,2026-02-05,3457.945743201141,False,,False
V_54d86347,U_0111,2026-02-05,4859.095031848381,True,G_b4b89b,True
V_583106a1,U_0830,2026-02-05,2805.5642639814096,True,G_b4b89b,False
V_9f9bb8d2,U_0922,2026-02-05,5868.4696625475435,True,G_b4b89b,False
V_a008b618,U_0947,2026-02-05,7231.231106534608,True,G_b4b89b,False
V_a0679b96,U_0916,2026-02-05,5061.993953895352,True,G_b4b89b,False
V_1e92e2a6,U_0378,2026-02-05,5566.132348950317,True,G_b4b89b,False
V_2101867946,U_0177,2026-02-05,3171.6651901632677,False,,False
V_44114a11,U_0252,2026-02-05,4848.902707604133,True,G_6bca1f,True
V_2e657d40,U_0588,2026-02-05,2857.707119143831,True,G_6bca1f,False
V_7428b0fa,U_0101,2026-02-05,3435.221685576083,True,G_6bca1f,False
V_0a05f037,U_0295,2026-02-05,3362.018166136082,True,G_254361,True
V_bedd8e0b,U_0545,2026-02-05,2842.401241903729,True,G_254361,False
V_9ace3fb0,U_0256,2026-02-05,1919.6341118037612,True,G_254361,False
V_d2cee317,U_0010,2026-02-05,4740.360156361492,True,G_254361,False
V_9ce6cf37,U_0579,2026-02-05,2476.2648406629687,True,G_254361,False
V_724ba039,U_0383,2026-02-05,3232.4044719123694,True,G_254361,False
V_2556025805,U_0323,2026-02-05,8565.532306127247,False,,False
V_4277194100,U_0390,2026-02-05,2190.610262961587,False,,False
V_3770009791,U_0394,2026-02-05,4919.049066947582,False,,False
V_1336043165,U_0414,2026-02-05,4317.623473738846,False,,False
V_3353928551,U_0427,2026-02-05,2568.2648181260433,False,,False
V_4132532797,U_0458,2026-02-05,12322.219495153638,False,,False
V_800662729,U_0461,2026-02-05,8672.835034416727,False,,False
V_463a4eda,U_0487,2026-02-05,4217.190632618979,True,G_ae5884,True
V_64a25e7f,U_0173,2026-02-05,6442.751833258729,True,G_ae5884,False
V_ee24d398,U_0720,2026-02-05,2800.021242541001,True,G_ae5884,False
V_9ef99bb9,U_0016,2026-02-05,4763.409787360369,True,G_ae5884,False
V_b6dca845,U_0453,2026-02-05,3679.9725305073316,True,G_ae5884,False
V_a0fa1b63,U_0151,2026-02-05,6027.570026083383,True,G_ae5884,False
V_1738578401,U_0492,2026-02-05,2414.4859830060254,False,,False
V_c407a0b7,U_0526,2026-02-05,6362.013855797032,True,G_fa53f0,True
V_1298486d,U_0327,2026-02-05,2519.2525252906057,True,G_fa53f0,False
V_ed7b4b3c,U_0355,2026-02-05,3624.9727591586848,True,G_fa53f0,False
V_2e88e00b,U_0536,2026-02-05,5556.267674175934,True,G_98213c,True
V_a4ae91e0,U_0899,2026-02-05,5180.217332061855,True,G_98213c,False
V_28450678,U_0573,2026-02-05,5326.474199038506,True,G_98213c,False
V_4594d472,U_0668,2026-02-05,5207.280792135731,True,G_98213c,False
V_9dd329fa,U_0786,2026-02-05,3920.1643560380076,True,G_98213c,False
V_6e6dcc3a,U_0539,2026-02-05,3617.6839303015668,True,G_d1079b,True
V_cb55dca1,U_0437,2026-02-05,2800.525897844842,True,G_d1079b,False
V_084b5cf7,U_0554,2026-02-05,5360.906177304157,True,G_218d46,True
V_562e53bf,U_0087,2026-02-05,8284.581211542445,True,G_218d46,False
V_c4cb8b93,U_0330,2026-02-05,3103.2865213621535,True,G_218d46,False
V_fdaaddf5,U_0365,2026-02-05,4314.1089434869045,True,G_218d46,False
V_3467912179,U_0573,2026-02-05,4664.427697030104,False,,False
V_49c3ee35,U_0581,2026-02-05,7988.082144122856,True,G_0fe83d,True
V_a7b43a08,U_0794,2026-02-05,6953.297132219818,True,G_0fe83d,False
V_be960c6d,U_0704,2026-02-05,8157.148873779901,True,G_5087ec,True
V_aac20bdd,U_0211,2026-02-05,4950.5794955823185,True,G_5087ec,False
V_90fecd8f,U_0974,2026-02-05,13790.054737402217,True,G_5087ec,False
V_1744935581,U_0712,2026-02-05,4188.571699628287,False,,False
V_3352623250,U_0786,2026-02-05,2723.6801076073466,False,,False
V_be77cac8,U_0831,2026-02-05,7255.3060970510805,True,G_067aae,True
V_7733f8ac,U_0178,2026-02-05,8629.035942276749,True,G_067aae,False
V_2945765820,U_0838,2026-02-05,3787.5622862909427,False,,False
V_254d6fc5,U_0851,2026-02-05,5947.29879267013,True,G_158ab5,True
V_07dc4c57,U_0265,2026-02-05,6368.612543062151,True,G_158ab5,False
V_8ba8e5b2,U_0628,2026-02-05,13794.824695668683,True,G_158ab5,False
V_2898d780,U_0744,2026-02-05,2319.018655203638,True,G_158ab5,False
V_38181216,U_0982,2026-02-05,6592.5678457508275,True,G_158ab5,False
V_7b85a859,U_0752,2026-02-05,7365.615583331672,True,G_158ab5,False
V_385782850,U_0861,2026-02-05,3652.372640337898,False,,False
V_86a5bfb1,U_0902,2026-02-05,9593.304408805168,True,G_d47656,True
V_79b3e19f,U_0006,2026-02-05,7364.189120604289,True,G_d47656,False
V_87e1cc70,U_0802,2026-02-05,10157.37375526926,True,G_d47656,False
V_e549261d,U_0655,2026-02-05,6420.090197349392,True,G_d47656,False
V_153fd310,U_0687,2026-02-05,2175.897476026278,True,G_d47656,False
V_e6fcd425,U_0740,2026-02-05,3576.5002855592506,True,G_d47656,False
V_d1793940,U_0915,2026-02-05,6682.43718761277,True,G_440cf0,True
V_804acad5,U_0485,2026-02-05,4044.3827978867557,True,G_440cf0,False
V_e62aec14,U_0572,2026-02-05,7666.643444239449,True,G_440cf0,False
V_ca323eb0,U_0019,2026-02-05,6361.381164087735,True,G_440cf0,False
V_57317bf2,U_0453,2026-02-05,4805.534260083386,True,G_440cf0,False
V_628ab0ef,U_0971,2026-02-05,3185.7186679579468,True,G_003901,True
V_7c639b6e,U_0914,2026-02-05,3393.6779881838484,True,G_003901,False
V_e55736b1,U_0264,2026-02-05,3817.2419707961017,True,G_003901,False
V_cb9150cf,U_0442,2026-02-05,2058.7237533666116,True,G_003901,False
V_e45422de,U_0872,2026-02-05,6610.809405858943,True,G_003901,False
V_1424508449,U_0071,2026-02-05,6728.974442620945,False,,False
V_545366917,U_0072,2026-02-05,4327.805124480974,False,,False
V_4d93cf51,U_0087,2026-02-05,8070.513568474403,True,G_70a8d5,True
V_3ae43d97,U_0422,2026-02-05,6850.067818478142,True,G_70a8d5,False
V_cb019295,U_0354,2026-02-05,7562.9884165031735,True,G_70a8d5,False
V_67ea4afc,U_0862,2026-02-05,7045.115471304778,True,G_70a8d5,False
V_378cec62,U_0097,2026-02-05,10499.314566552677,True,G_7d6e11,True
V_1d9eb370,U_0574,2026-02-05,4307.546446449933,True,G_7d6e11,False
V_1f27303c,U_0859,2026-02-05,4179.559140673716,True,G_7d6e11,False
V_4262422667,U_0100,2026-02-05,2245.7720772120138,False,,False
V_1085783772,U_0120,2026-02-05,13670.437812922173,False,,False
V_bfb7bff8,U_0132,2026-02-05,2034.7965915544473,True,G_65df99,True
V_6c294ca7,U_0572,2026-02-05,5668.224409095499,True,G_65df99,False
V_a2dcfa5e,U_0874,2026-02-05,6048.745388564533,True,G_65df99,False
V_2b66016f,U_0963,2026-02-05,4730.017391647567,True,G_65df99,False
V_65e949c5,U_0667,2026-02-05,2878.948691264475,True,G_65df99,False
V_76353147,U_0579,2026-02-05,2113.3083877539593,True,G_65df99,False
V_1154924203,U_0219,2026-02-05,9860.605119914866,False,,False
V_2371262727,U_0220,2026-02-05,7192.803966129822,False,,False
V_3790564468,U_0256,2026-02-05,5415.094340562392,False,,False
V_2640170197,U_0261,2026-02-05,2965.6828096648574,False,,False
V_e5e20d47,U_0493,2026-02-05,6244.678330456511,True,G_bce93a,True
V_f65ad323,U_0965,2026-02-05,6011.38124442853,True,G_bce93a,False
V_9d8d807c,U_0079,2026-02-05,1918.3793651806811,True,G_bce93a,False
V_4ddbf415,U_0476,2026-02-05,2223.391742684882,True,G_bce93a,False
V_361ef93d,U_0722,2026-02-05,8219.312155426123,True,G_bce93a,False
V_01495ef2,U_0510,2026-02-05,4640.5449420106315,True,G_261f52,True
V_c7475cd4,U_0396,2026-02-05,2377.1325957041536,True,G_261f52,False
V_9ca5fd2b,U_0544,2026-02-05,2806.1944369586954,True,G_261f52,False
V_f47065bb,U_0414,2026-02-05,3886.4574295601165,True,G_261f52,False
V_43599460,U_0230,2026-02-05,5085.529715200859,True,G_261f52,False
V_407b004e,U_0574,2026-02-05,5678.818977962983,True,G_261f52,False
V_2812385291,U_0527,2026-02-05,2771.2270286449448,False,,False
V_825573356,U_0548,2026-02-05,3917.1203205945776,False,,False
V_2019290646,U_0581,2026-02-05,4340.99119002541,False,,False
V_2627054833,U_0601,2026-02-05,4575.334110388192,False,,False
V_46638790,U_0608,2026-02-05,3893.8187955000417,False,,False
V_8c2b033f,U_0667,2026-02-05,2367.1269595229537,True,G_dc7e81,True
V_4d5c84b9,U_0172,2026-02-05,3501.754682993187,True,G_dc7e81,False
V_6e3b637c,U_0425,2026-02-05,4321.157030584291,True,G_dc7e81,False
V_25c1bb83,U_0712,2026-02-05,3123.8134724635383,True,G_dc7e81,False
V_42ca8aab,U_0705,2026-02-05,6048.344060784182,True,G_27cc19,True
V_0e7e86d0,U_0928,2026-02-05,3187.115920111911,True,G_27cc19,False
V_64189bc8,U_0625,2026-02-05,5354.326003978461,True,G_27cc19,False
V_23664622,U_0532,2026-02-05,7597.029033237298,True,G_27cc19,False
V_24024b92,U_0526,2026-02-05,6711.393681042325,True,G_27cc19,False
V_593227488,U_0724,2026-02-05,3423.1814379302746,False,,False
V_e5de7d75,U_0778,2026-02-05,3353.4777967833306,True,G_c3666b,True
V_02f14792,U_0919,2026-02-05,2363.509799296713,True,G_c3666b,False
V_b0a189fa,U_0471,2026-02-05,4102.243488171656,True,G_c3666b,False
V_1082588690,U_0785,2026-02-05,3486.060728134122,False,,False
V_9aabf14c,U_0890,2026-02-05,6400.031883984085,True,G_1899b2,True
V_a74b343d,U_0836,2026-02-05,2948.2412616841925,True,G_1899b2,False
V_2f56a11c,U_0098,2026-02-05,1982.7461785418752,True,G_1899b2,False
V_92d0fbb2,U_0076,2026-02-05,2964.9016079576795,True,G_1899b2,False
V_549d2ecf,U_0381,2026-02-05,2566.1419241889694,True,G_1899b2,False
V_2392716109,U_0958,2026-02-05,3358.074551987785,False,,False
V_4129945103,U_0072,2026-02-06,1828.0828895944844,False,,False
V_9dea2d3f,U_0082,2026-02-06,5848.59447281797,True,G_054c3d,True
V_4162af85,U_0627,2026-02-06,5891.034029284436,True,G_054c3d,False
V_78af4a5c,U_0644,2026-02-06,5306.62654264512,True,G_054c3d,False
V_b2aa39af,U_0783,2026-02-06,3891.1844360339473,True,G_054c3d,False
V_2498766956,U_0095,2026-02-06,4724.0985101045535,False,,False
V_3980646474,U_0161,2026-02-06,7585.163477745089,False,,False
V_77bd86fd,U_0178,2026-02-06,7622.409275395576,True,G_e10f4c,True
V_6abeb704,U_0434,2026-02-06,6147.384499974014,True,G_e10f4c,False
V_d75b6fc4,U_0940,2026-02-06,2897.0091752710473,True,G_e10f4c,False
V_9191f1b4,U_0044,2026-02-06,2744.7035899066773,True,G_e10f4c,False
V_14abc120,U_0515,2026-02-06,2331.5138217192225,True,G_e10f4c,False
V_af5f927c,U_0400,2026-02-06,8719.477021758119,True,G_e10f4c,False
V_2811613879,U_0229,2026-02-06,6395.11642346915,False,,False
V_7fc29fda,U_0235,2026-02-06,5778.814229070153,True,G_0dce5a,True
V_2ab68b20,U_0573,2026-02-06,4675.3781201177635,True,G_0dce5a,False
V_116add5d,U_0487,2026-02-06,3963.9045862567114,True,G_0dce5a,False
V_e6aa26dc,U_0768,2026-02-06,5267.812801827002,True,G_0dce5a,False
V_ce2cda82,U_0721,2026-02-06,7130.038217317986,True,G_0dce5a,False
V_25942d3f,U_0823,2026-02-06,2922.4597151465405,True,G_0dce5a,False
V_8650a098,U_0237,2026-02-06,11230.15366091156,True,G_da7e67,True
V_efa4916d,U_0211,2026-02-06,5772.41459248801,True,G_da7e67,False
V_574e7cd1,U_0371,2026-02-06,3309.5243695774443,True,G_3f777b,True
V_c043e40d,U_0964,2026-02-06,3773.979714265304,True,G_3f777b,False
V_9ce6cdb7,U_0155,2026-02-06,2677.884443249681,True,G_3f777b,False
V_929864739,U_0400,2026-02-06,10202.69560914844,False,,False
V_fd64ae61,U_0446,2026-02-06,3496.9346507448467,True,G_6f434d,True
V_efae7513,U_0482,2026-02-06,3370.4902198638347,True,G_6f434d,False
V_14d38cba,U_0536,2026-02-06,5333.46261183083,True,G_36ae51,True
V_41f6006f,U_0638,2026-02-06,5568.150358901171,True,G_36ae51,False
V_63b20cd4,U_0369,2026-02-06,5062.401308936166,True,G_36ae51,False
V_353bac33,U_0050,2026-02-06,10523.060072817125,True,G_36ae51,False
V_82528093,U_0778,2026-02-06,3389.9433839823723,True,G_36ae51,False
V_a840cd52,U_0704,2026-02-06,8988.774431761602,True,G_36ae51,False
V_a5fe3567,U_0567,2026-02-06,9429.876815575104,True,G_918ed6,True
V_9f41f189,U_0913,2026-02-06,10616.47636869129,True,G_918ed6,False
V_d481ebb7,U_0940,2026-02-06,2643.6547901718322,True,G_918ed6,False
V_3388445949,U_0573,2026-02-06,5317.486848037151,False,,False
V_2449778589,U_0574,2026-02-06,4916.614834400188,False,,False
V_c77de3f9,U_0704,2026-02-06,7285.515612612889,True,G_9de4e8,True
V_e37cac61,U_0636,2026-02-06,10393.63665439578,True,G_9de4e8,False
V_ecd5ec84,U_0391,2026-02-06,9919.767410527182,True,G_9de4e8,False
V_f54d3e2b,U_0238,2026-02-06,8143.509810684306,True,G_9de4e8,False
V_831cdebd,U_0316,2026-02-06,2467.347497210514,True,G_9de4e8,False
V_02a0bcee,U_0839,2026-02-06,3770.057294979126,True,G_9de4e8,False
V_3349026700,U_0712,2026-02-06,3299.4327144998333,False,,False
V_4108252013,U_0717,2026-02-06,3981.588134460466,False,,False
V_d298d339,U_0735,2026-02-06,6544.919830641621,True,G_eea58b,True
V_9642ddae,U_0736,2026-02-06,3706.9022066919356,True,G_eea58b,False
V_53ba53c5,U_0075,2026-02-06,12489.711316503213,True,G_eea58b,False
V_a718b7ba,U_0982,2026-02-06,7800.302993121069,True,G_eea58b,False
V_916a9c03,U_0750,2026-02-06,5729.543319923947,True,G_7d521c,True
V_6bb232b4,U_0485,2026-02-06,3795.0100476439347,True,G_7d521c,False
V_0c7b9d1b,U_0907,2026-02-06,3878.1612241987877,True,G_7d521c,False
V_7e3767b8,U_0093,2026-02-06,5159.579322871573,True,G_7d521c,False
V_3c559aab,U_0909,2026-02-06,2489.431109832342,True,G_7d521c,False
V_c534c9e9,U_0595,2026-02-06,7168.89078191589,True,G_7d521c,False
V_3296e982,U_0767,2026-02-06,9305.163515552149,True,G_a393af,True
V_bd81db3f,U_0050,2026-02-06,10628.846109950844,True,G_a393af,False
V_0461ddf9,U_0207,2026-02-06,4282.088646106798,True,G_a393af,False
V_063d27a8,U_0804,2026-02-06,5726.852339117353,True,G_a393af,False
V_40c54f4f,U_0803,2026-02-06,3092.6219719228843,True,G_10de81,True
V_60811d7d,U_0555,2026-02-06,2198.4001037024227,True,G_10de81,False
V_607712150,U_0812,2026-02-06,6593.255354822276,False,,False
V_1882348268,U_0885,2026-02-06,8150.586945296599,False,,False
V_3560703005,U_0898,2026-02-06,3236.9857156016724,False,,False
V_5815adce,U_0938,2026-02-06,5792.555810207603,True,G_6dfd55,True
V_5412970f,U_0378,2026-02-06,5223.401593177885,True,G_6dfd55,False
V_a838a69e,U_0114,2026-02-06,5799.970739649957,True,G_6dfd55,False
V_17bc40c6,U_0965,2026-02-06,5160.501972353354,True,G_198bf6,True
V_4de2ecc7,U_0398,2026-02-06,2940.3406942118563,True,G_198bf6,False
V_fb99349d,U_0325,2026-02-06,6956.482492270214,True,G_198bf6,False
V_2b537d09,U_0103,2026-02-06,4246.455983029826,True,G_198bf6,False
V_549126217,U_0968,2026-02-06,3286.8897860434827,False,,False
V_2892072925,U_0993,2026-02-06,7282.426003654329,False,,False
V_b6e479d4,U_0001,2026-02-06,7762.323490434406,True,G_4cf301,True
V_7e0aeaf2,U_0840,2026-02-06,3961.452618515981,True,G_4cf301,False
V_de7565db,U_0636,2026-02-06,10110.848527354483,True,G_4cf301,False
V_62925239,U_0044,2026-02-06,2475.7560948854075,True,G_4cf301,False
V_0fd7d8a4,U_0503,2026-02-06,12799.96588330021,True,G_4cf301,False
V_483d8680,U_0023,2026-02-06,3229.9725566686466,True,G_767a54,True
V_28e9139e,U_0005,2026-02-06,3873.6848377245738,True,G_767a54,False
V_de181c90,U_0670,2026-02-06,3795.1048458616096,True,G_767a54,False
V_1f940496,U_0235,2026-02-06,6813.5471165167255,True,G_767a54,False
V_c663e5a9,U_0036,2026-02-06,3368.417527105966,True,G_abc06a,True
V_271b0398,U_0178,2026-02-06,9252.972473704658,True,G_abc06a,False
V_4015bfea,U_0274,2026-02-06,6278.53448063987,True,G_abc06a,False
V_8a219a6e,U_0074,2026-02-06,2291.2917439591242,True,G_abc06a,False
V_163764300,U_0043,2026-02-06,8339.838591264339,False,,False
V_1853344200,U_0111,2026-02-06,7391.315268350167,False,,False
V_c800ee76,U_0114,2026-02-06,5133.891572932812,True,G_07b2e2,True
V_835429de,U_0895,2026-02-06,5214.73284963393,True,G_07b2e2,False
V_df5816a6,U_0692,2026-02-06,5553.722715545848,True,G_07b2e2,False
V_d45af115,U_0068,2026-02-06,4653.016755622818,True,G_07b2e2,False
V_551c3e94,U_0922,2026-02-06,5387.401414192194,True,G_07b2e2,False
V_385381b5,U_0144,2026-02-06,2435.0082569435763,True,G_018df2,True
V_010e62b8,U_0706,2026-02-06,3664.9619846099085,True,G_018df2,False
V_cfaded0c,U_0597,2026-02-06,2579.4160491158777,True,G_018df2,False
V_55bee5dc,U_0851,2026-02-06,7085.6202672989175,True,G_018df2,False
V_21e85d1f,U_0294,2026-02-06,3422.5036658378654,True,G_018df2,False
V_e8b532ad,U_0190,2026-02-06,5826.24713288423,True,G_b193cd,True
V_9f14ad45,U_0105,2026-02-06,2340.397763435626,True,G_b193cd,False
V_1164410308,U_0206,2026-02-06,5560.32890673534,False,,False
V_174e2d0c,U_0210,2026-02-06,3467.9778128389994,True,G_79a8bd,True
V_1322e33d,U_0999,2026-02-06,5454.844035454913,True,G_79a8bd,False
V_21a5eb5b,U_0111,2026-02-06,5329.813477828904,True,G_79a8bd,False
V_2693029722,U_0262,2026-02-06,5442.432542534547,False,,False
V_4233564127,U_0274,2026-02-06,12657.773525013567,False,,False
V_3580695155,U_0296,2026-02-06,2517.3827596259366,False,,False
V_180634796,U_0318,2026-02-06,4608.199685207057,False,,False
V_3532451344,U_0356,2026-02-06,4149.680478275913,False,,False
V_476894360,U_0421,2026-02-06,5623.3104311101315,False,,False
V_2081996827,U_0516,2026-02-06,12711.100504171467,False,,False
V_1328650521,U_0539,2026-02-06,2762.6549985576453,False,,False
V_3209274095,U_0548,2026-02-06,4299.321878130331,False,,False
V_6a5f4966,U_0560,2026-02-06,9681.739990013271,True,G_1398bd,True
V_0dfc807c,U_0744,2026-02-06,1905.3883560446711,True,G_1398bd,False
V_342022713,U_0600,2026-02-06,3474.655074292472,False,,False
V_1564478919,U_0648,2026-02-06,4013.6710859333634,False,,False
V_5066559a,U_0656,2026-02-06,4195.070856725185,True,G_32aaf3,True
V_69f962ab,U_0082,2026-02-06,5702.1790847780385,True,G_32aaf3,False
V_409472964,U_0672,2026-02-06,7201.836699132092,False,,False
V_444951385,U_0679,2026-02-06,5519.370615494292,False,,False
V_18b53626,U_0704,2026-02-06,6907.718105563943,True,G_2d6ad3,True
V_16dcb04e,U_0101,2026-02-06,3228.6706327291436,True,G_2d6ad3,False
V_0849837b,U_0559,2026-02-06,2080.8246502405987,True,G_2d6ad3,False
V_6735550c,U_0033,2026-02-06,4202.040716602869,True,G_2d6ad3,False
V_e5885326,U_0552,2026-02-06,4556.21547929576,True,G_2d6ad3,False
V_24e37204,U_0720,2026-02-06,2520.040014164139,True,G_c626a1,True
V_be87ad9a,U_0929,2026-02-06,5555.049771968648,True,G_c626a1,False
V_1a541e71,U_0694,2026-02-06,6409.486229431078,True,G_c626a1,False
V_59b4dbd4,U_0009,2026-02-06,6459.432510759062,True,G_c626a1,False
V_9687a07f,U_0005,2026-02-06,5225.3494025625805,True,G_c626a1,False
V_a69c35ce,U_0466,2026-02-06,2189.2428650844054,True,G_c626a1,False
V_3874452653,U_0733,2026-02-06,3035.047749513722,False,,False
V_3007382502,U_0758,2026-02-06,8929.579070432854,False,,False
V_4102802133,U_0790,2026-02-06,3202.389034563591,False,,False
V_b8271f7e,U_0818,2026-02-06,3545.198868620835,True,G_5d6e43,True
V_0f93fa44,U_0582,2026-02-06,5255.081381317336,True,G_5d6e43,False
V_b2910374,U_0860,2026-02-06,4069.6872048320593,True,G_9d94e5,True
V_0504e838,U_0119,2026-02-06,2981.053701821715,True,G_9d94e5,False
V_c3593dae,U_0820,2026-02-06,2256.9010607896926,True,G_9d94e5,False
V_420d3f2e,U_0718,2026-02-06,8606.312410003045,True,G_9d94e5,False
V_697834308,U_0886,2026-02-06,4478.136496206857,False,,False
V_7cf5fc52,U_0904,2026-02-06,6387.121756996062,True,G_7a60b9,True
V_3342d11b,U_0614,2026-02-06,11794.029273911563,True,G_7a60b9,False
V_e79531a6,U_0225,2026-02-06,13558.1739601738,True,G_7a60b9,False
V_0c5c9997,U_0934,2026-02-06,3303.2715344871217,True,G_3f3800,True
V_ca48abb6,U_0502,2026-02-06,5504.797739425078,True,G_3f3800,False
V_93bd8b96,U_0262,2026-02-06,10027.599841338912,True,G_3f3800,False
V_f1104a29,U_0554,2026-02-06,6429.330480106553,True,G_3f3800,False
V_4b6076e8,U_0798,2026-02-06,4177.436797424963,True,G_3f3800,False
V_3273481401,U_0943,2026-02-06,6341.436531140683,False,,False
V_fc8e7192,U_0982,2026-02-06,7529.101478641649,True,G_9a5859,True
V_c3d3eb52,U_0321,2026-02-06,7519.443733139969,True,G_9a5859,False
V_5da2d15a,U_0388,2026-02-06,2146.2422104706657,True,G_9a5859,False
V_4164752367,U_0987,2026-02-06,3445.71222016257,False,,False
V_8f8b2dd7,U_0082,2026-02-07,7504.344970854148,True,G_1db684,True
V_74cfce98,U_0915,2026-02-07,4946.510229269969,True,G_1db684,False
V_2160045913,U_0086,2026-02-07,3996.1913581924578,False,,False
V_656697928,U_0110,2026-02-07,6262.039090704275,False,,False
V_1554614877,U_0143,2026-02-07,5285.194156501419,False,,False
V_1679634501,U_0146,2026-02-07,4842.8439411579475,False,,False
V_1246062110,U_0151,2026-02-07,5590.238479764336,False,,False
V_b186f783,U_0173,2026-02-07,5992.289444447488,True,G_0099fa,True
V_2f0f8e92,U_0597,2026-02-07,2753.8666247145825,True,G_0099fa,False
V_857a2caa,U_0623,2026-02-07,10881.899196500068,True,G_0099fa,False
V_640982518,U_0189,2026-02-07,2648.1635990271025,False,,False
V_f43588c2,U_0198,2026-02-07,3672.6080192848876,True,G_655c29,True
V_e330075d,U_0073,2026-02-07,5776.6334566626965,True,G_655c29,False
V_917ee76c,U_0856,2026-02-07,3078.597671786822,True,G_655c29,False
V_33f6f25c,U_0202,2026-02-07,2964.9035418689277,True,G_cd8f41,True
V_0a4eaacb,U_0377,2026-02-07,2633.500327745432,True,G_cd8f41,False
V_ef19a260,U_0223,2026-02-07,2445.286265646151,True,G_cd7fa0,True
V_2d911ab4,U_0890,2026-02-07,6872.227448440616,True,G_cd7fa0,False
V_37a7d2b5,U_0964,2026-02-07,2816.62399789671,True,G_cd7fa0,False
V_b8b32838,U_0624,2026-02-07,6400.173747504774,True,G_cd7fa0,False
V_731ffd2f,U_0192,2026-02-07,2690.436097863074,True,G_cd7fa0,False
V_2117191107,U_0229,2026-02-07,6519.213592775025,False,,False
V_3831296843,U_0232,2026-02-07,4437.257708669338,False,,False
V_3075547654,U_0237,2026-02-07,9603.777226349397,False,,False
V_1117307324,U_0265,2026-02-07,5630.60588793649,False,,False
V_3625812941,U_0288,2026-02-07,5067.613875731719,False,,False
V_2031354119,U_0323,2026-02-07,7111.269602097363,False,,False
V_1291280149,U_0325,2026-02-07,6563.047327908488,False,,False
V_3567264985,U_0365,2026-02-07,3159.559079930842,False,,False
V_1671297141,U_0428,2026-02-07,2443.957490161857,False,,False
V_37603735,U_0454,2026-02-07,4345.896856257161,False,,False
V_1526965348,U_0461,2026-02-07,7297.284856175896,False,,False
V_3806491044,U_0500,2026-02-07,2521.8743801371797,False,,False
V_3001648382,U_0521,2026-02-07,2575.5255485976627,False,,False
V_2985524426,U_0532,2026-02-07,7119.304705937152,False,,False
V_a8a52061,U_0611,2026-02-07,5728.003210823307,True,G_fbe48e,True
V_5e7d9a36,U_0891,2026-02-07,4125.024114371356,True,G_fbe48e,False
V_74751acf,U_0604,2026-02-07,7052.699158004878,True,G_fbe48e,False
V_7769b164,U_0225,2026-02-07,11823.572861455232,True,G_fbe48e,False
V_5516781e,U_0642,2026-02-07,4094.92563660519,True,G_4c8470,True
V_1739bc4f,U_0805,2026-02-07,2964.683145413616,True,G_4c8470,False
V_5262955b,U_0003,2026-02-07,3271.483797403281,True,G_4c8470,False
V_7524278a,U_0733,2026-02-07,3134.2225154696175,True,G_4c8470,False
V_d87b7def,U_0634,2026-02-07,2859.3254693781896,True,G_4c8470,False
V_4256158766,U_0704,2026-02-07,6970.929493755075,False,,False
V_1057963537,U_0774,2026-02-07,2878.568364008435,False,,False
V_3730308326,U_0828,2026-02-07,3704.8188058997807,False,,False
V_4523f0d6,U_0844,2026-02-07,3410.484298343052,True,G_ebc460,True
V_75d33ab2,U_0100,2026-02-07,2666.652374490838,True,G_ebc460,False
V_ea24267c,U_0227,2026-02-07,2877.927195437404,True,G_ebc460,False
V_4a2bfdb2,U_0309,2026-02-07,2248.4066663119593,True,G_ebc460,False
V_bc60ada4,U_0862,2026-02-07,5453.709567191732,True,G_cbbdc3,True
V_ce723467,U_0473,2026-02-07,4004.0121772139214,True,G_cbbdc3,False
V_72a8ae78,U_0863,2026-02-07,10057.977866855603,True,G_ae646e,True
V_621c2285,U_0646,2026-02-07,8450.365468955839,True,G_ae646e,False
V_0178b687,U_0119,2026-02-07,3520.123754914342,True,G_ae646e,False
V_1309e33d,U_0889,2026-02-07,5853.16812589977,True,G_29f462,True
V_de329397,U_0627,2026-02-07,4288.419278898002,True,G_29f462,False
V_11feb5b0,U_0436,2026-02-07,10597.726769525972,True,G_29f462,False
V_935af33a,U_0705,2026-02-07,4171.4689251667005,True,G_29f462,False
V_92aa9e32,U_0891,2026-02-07,3958.4324131651633,True,G_29f462,False
V_92ee2626,U_0910,2026-02-07,5293.428514927202,True,G_815c70,True
V_4519ec5d,U_0513,2026-02-07,13533.55545961486,True,G_815c70,False
V_637f39e5,U_0840,2026-02-07,3535.3964790168025,True,G_815c70,False
V_74704664,U_0059,2026-02-07,4679.7954946851805,True,G_815c70,False
V_7789a84a,U_0915,2026-02-07,6644.990043017851,True,G_dcb3b4,True
V_e59eeb90,U_0354,2026-02-07,6721.893707724171,True,G_dcb3b4,False
V_098cf806,U_0872,2026-02-07,5657.775841931217,True,G_dcb3b4,False
V_529d9b6a,U_0619,2026-02-07,1934.9768369425606,True,G_dcb3b4,False
V_2912681a,U_0638,2026-02-07,5559.567691734585,True,G_dcb3b4,False
V_cc82ae30,U_0917,2026-02-07,6268.352541979613,True,G_38b37f,True
V_74701f0b,U_0565,2026-02-07,7792.264830896014,True,G_38b37f,False
V_6e0e8c66,U_0345,2026-02-07,10429.581988266247,True,G_38b37f,False
V_da617ae9,U_0553,2026-02-07,4485.711990319223,True,G_38b37f,False
V_7266f63f,U_0206,2026-02-07,6817.000523283709,True,G_38b37f,False
V_f4ba1c64,U_0484,2026-02-07,11128.148146914613,True,G_38b37f,False
V_2866660379,U_0922,2026-02-07,4673.426498183494,False,,False
V_b6a35103,U_0951,2026-02-07,8477.572868791854,True,G_4e925d,True
V_d3ed62a1,U_0962,2026-02-07,2494.297333533424,True,G_4e925d,False
V_d0ab5804,U_0560,2026-02-07,10159.929003089796,True,G_4e925d,False
V_5fe955f8,U_0727,2026-02-07,9811.454613616364,True,G_4e925d,False
V_3360082794,U_0992,2026-02-07,3460.765352411487,False,,False
V_f9d2d29d,U_0014,2026-02-07,2261.5681736850024,True,G_2aa92b,True
V_521355df,U_0236,2026-02-07,3823.198755288391,True,G_2aa92b,False
V_286a6ccd,U_0197,2026-02-07,4061.89505665075,True,G_2aa92b,False
V_1536499333,U_0024,2026-02-07,2529.3562064876724,False,,False
V_1491382628,U_0043,2026-02-07,7960.7677417863415,False,,False
V_1984692832,U_0068,2026-02-07,6587.421921903586,False,,False
V_1089989290,U_0069,2026-02-07,2169.4869684616274,False,,False
V_3560826392,U_0073,2026-02-07,11007.537154961186,False,,False
V_634327139,U_0092,2026-02-07,11926.128170811073,False,,False
V_150646445,U_0105,2026-02-07,4807.906365792198,False,,False
V_bbb7255e,U_0124,2026-02-07,2936.388667101875,True,G_912c27,True
V_97fb4625,U_0591,2026-02-07,6876.061615054827,True,G_912c27,False
V_fca2ae5f,U_0515,2026-02-07,2911.258553370836,True,G_912c27,False
V_9c184d96,U_0046,2026-02-07,3722.7546262560004,True,G_912c27,False
V_159daf7a,U_0139,2026-02-07,3207.423364770553,True,G_c3291e,True
V_026fa68e,U_0586,2026-02-07,1872.9676993404094,True,G_c3291e,False
V_45ef4a0f,U_0637,2026-02-07,6921.201784581931,True,G_c3291e,False
V_2fbd3ef9,U_0584,2026-02-07,4013.057038281827,True,G_c3291e,False
V_184112c1,U_0434,2026-02-07,6677.480635256651,True,G_c3291e,False
V_f91642e2,U_0272,2026-02-07,3770.287654169498,True,G_c3291e,False
V_3764675033,U_0161,2026-02-07,8115.074195788223,False,,False
V_2999120197,U_0173,2026-02-07,3975.7206652569866,False,,False
V_da755616,U_0188,2026-02-07,3780.3087664578115,True,G_4fe545,True
V_bda3ab55,U_0927,2026-02-07,3846.598090140295,True,G_4fe545,False
V_8a261cee,U_0370,2026-02-07,2581.495289316849,True,G_4fe545,False
V_4b25b0b3,U_0832,2026-02-07,2525.82705665303,True,G_4fe545,False
V_52243f9f,U_0366,2026-02-07,3112.319549699232,True,G_4fe545,False
V_997e3ace,U_0865,2026-02-07,3199.99493325114,True,G_4fe545,False
V_381100175,U_0203,2026-02-07,5180.429163628363,False,,False
V_94bb2569,U_0213,2026-02-07,4215.261494426779,True,G_743069,True
V_911b0446,U_0218,2026-02-07,4327.086992242196,True,G_743069,False
V_1415173182,U_0217,2026-02-07,5901.855487410566,False,,False
V_3789024921,U_0224,2026-02-07,3052.865131365461,False,,False
V_efdcd975,U_0323,2026-02-07,9799.692551830909,True,G_c2044d,True
V_c93a0fe4,U_0021,2026-02-07,4341.6576191750755,True,G_c2044d,False
V_bef7ac03,U_0347,2026-02-07,3005.091754525934,True,G_c2044d,False
V_193974199,U_0324,2026-02-07,2636.6504049842874,False,,False
V_3925823713,U_0338,2026-02-07,3409.067730870431,False,,False
V_dc2847eb,U_0388,2026-02-07,2275.700858784722,True,G_e669c3,True
V_a1064b73,U_0687,2026-02-07,2926.6370560244986,True,G_e669c3,False
V_d85ccf83,U_0178,2026-02-07,7776.3643943530915,True,G_e669c3,False
V_e2353809,U_0208,2026-02-07,3650.526623611888,True,G_e669c3,False
V_6c5eb616,U_0429,2026-02-07,12830.719466963817,True,G_32bd27,True
V_c67f67f4,U_0102,2026-02-07,6375.455625736635,True,G_32bd27,False
V_53d32948,U_0230,2026-02-07,6450.707500870269,True,G_32bd27,False
V_83b3b1a1,U_0997,2026-02-07,4221.607054345969,True,G_32bd27,False
V_2086671709,U_0473,2026-02-07,1810.3389669368235,False,,False
V_f3f21efc,U_0524,2026-02-07,3380.5516199916106,True,G_720611,True
V_44a61fab,U_0571,2026-02-07,3319.144599727992,True,G_720611,False
V_0bfede8e,U_0354,2026-02-07,6809.606396421193,True,G_720611,False
V_f4f02c02,U_0602,2026-02-07,3012.679378262045,True,G_720611,False
V_b9d5ba8a,U_0322,2026-02-07,2404.4846011092004,True,G_720611,False
V_9630b635,U_0443,2026-02-07,3742.177892511547,True,G_720611,False
V_3693488329,U_0540,2026-02-07,8777.977702658982,False,,False
V_4069918559,U_0591,2026-02-07,1919.231113838943,False,,False
V_4039869400,U_0593,2026-02-07,5521.446278802076,False,,False
V_7fa31c96,U_0651,2026-02-07,2811.5914172596827,True,G_7abe94,True
V_dad17c55,U_0291,2026-02-07,4533.255163739606,True,G_7abe94,False
V_8a3de31a,U_0508,2026-02-07,7180.797837683283,True,G_7abe94,False
V_9c8fb086,U_0873,2026-02-07,7041.638390789605,True,G_7abe94,False
V_737b8dd0,U_0083,2026-02-07,6793.291204042251,True,G_7abe94,False
V_0ebba772,U_0715,2026-02-07,3158.259163901322,True,G_4e89d2,True
V_2e451f52,U_0255,2026-02-07,3988.2105887360776,True,G_4e89d2,False
V_4136191324,U_0802,2026-02-07,13288.146396885091,False,,False
V_1259977517,U_0810,2026-02-07,2885.664417923999,False,,False
V_1bddccea,U_0862,2026-02-07,6054.028921510781,True,G_8862b9,True
V_69b41cad,U_0006,2026-02-07,5455.69133784681,True,G_8862b9,False
V_daacf20d,U_0279,2026-02-07,2946.7512486795713,True,G_8862b9,False
V_1714945233,U_0918,2026-02-07,11539.098611295516,False,,False
V_2360286367,U_0925,2026-02-07,2257.8219592098303,False,,False
V_44990d62,U_0014,2026-02-08,2762.9610730533173,True,G_d1736b,True
V_cb1c4763,U_0205,2026-02-08,6911.850419928503,True,G_d1736b,False
V_ea2e3019,U_0198,2026-02-08,3721.6167521193024,True,G_d1736b,False
V_7cab8019,U_0254,2026-02-08,2106.1757745952123,True,G_d1736b,False
V_c21e5907,U_0361,2026-02-08,3678.2960560708634,True,G_d1736b,False
V_9f16dbfd,U_0393,2026-02-08,2779.641001282393,True,G_d1736b,False
V_3774799417,U_0068,2026-02-08,4350.1240950745505,False,,False
V_1761476350,U_0121,2026-02-08,5730.808631170365,False,,False
V_833942289,U_0128,2026-02-08,6684.832501631839,False,,False
V_2745378470,U_0130,2026-02-08,10427.821463268148,False,,False
V_a12cf528,U_0159,2026-02-08,3061.1385542032926,True,G_15ceac,True
V_93e22a6a,U_0993,2026-02-08,5864.919777079765,True,G_15ceac,False
V_fe3c5046,U_0606,2026-02-08,2293.963793222029,True,G_15ceac,False
V_58b1190f,U_0805,2026-02-08,3049.15911103595,True,G_15ceac,False
V_398be1c0,U_0276,2026-02-08,4903.127742373129,True,G_15ceac,False
V_29452372,U_0164,2026-02-08,2199.527971092388,True,G_1272e9,True
V_2afbb717,U_0498,2026-02-08,3134.3822863784635,True,G_1272e9,False
V_726792934,U_0180,2026-02-08,3540.0474897594295,False,,False
V_d332b494,U_0250,2026-02-08,2978.7400807343565,True,G_8b621b,True
V_20e0d078,U_0855,2026-02-08,2566.777799392438,True,G_8b621b,False
V_9e94ef8e,U_0187,2026-02-08,3024.9072355131734,True,G_8b621b,False
V_782982537,U_0279,2026-02-08,3705.6235677564764,False,,False
V_2401748994,U_0305,2026-02-08,6756.9146700639885,False,,False
V_a9ab090e,U_0347,2026-02-08,2731.6590943883843,True,G_f33e31,True
V_1a316ce9,U_0583,2026-02-08,2729.475328881692,True,G_f33e31,False
V_2628345607,U_0429,2026-02-08,10978.272194906545,False,,False
V_1441359515,U_0460,2026-02-08,2780.1480545223394,False,,False
V_3399214748,U_0506,2026-02-08,6455.612436382122,False,,False
V_1359186567,U_0554,2026-02-08,7290.228997458988,False,,False
V_939ac453,U_0560,2026-02-08,9724.536720391188,True,G_2dd418,True
V_ec187fb2,U_0330,2026-02-08,3242.882835933204,True,G_2dd418,False
V_f32dd1a3,U_0470,2026-02-08,4360.187438961055,True,G_2dd418,False
V_e555f2ac,U_0183,2026-02-08,8227.078651039279,True,G_2dd418,False
V_13006990,U_0565,2026-02-08,9619.454923641377,False,,False
V_1411160175,U_0581,2026-02-08,9330.366857942112,False,,False
V_f6faa5f0,U_0594,2026-02-08,4729.030336829111,True,G_284e44,True
V_8d043e0c,U_0209,2026-02-08,5310.902569329599,True,G_284e44,False
V_13a7f16e,U_0532,2026-02-08,7476.577822527342,True,G_284e44,False
V_a86c5d7d,U_0734,2026-02-08,5551.972282961376,True,G_284e44,False
V_48980802,U_0670,2026-02-08,4273.102288276445,True,G_284e44,False
V_3bb3bcd9,U_0277,2026-02-08,5761.5945892767995,True,G_284e44,False
V_4d9c837a,U_0618,2026-02-08,4782.848195969357,True,G_902fe2,True
V_dfe7e612,U_0572,2026-02-08,5965.469280302731,True,G_902fe2,False
V_e37fd65a,U_0623,2026-02-08,11383.610855135805,True,G_b3ff58,True
V_ec3edc9a,U_0866,2026-02-08,12178.36468192264,True,G_b3ff58,False
V_644d9654,U_0813,2026-02-08,7209.195220139514,True,G_b3ff58,False
V_0341d8fb,U_0863,2026-02-08,9293.32210323357,True,G_b3ff58,False
V_e192382a,U_0693,2026-02-08,7001.851234862979,True,G_b3ff58,False
V_6bedd9e3,U_0888,2026-02-08,7474.107086581424,True,G_b3ff58,False
V_b609c870,U_0670,2026-02-08,4387.983376750023,True,G_8ba7a1,True
V_69d0babd,U_0689,2026-02-08,4918.0178133187055,True,G_8ba7a1,False
V_02db594c,U_0637,2026-02-08,5545.873204345938,True,G_8ba7a1,False
V_2236613546,U_0688,2026-02-08,6315.703351337411,False,,False
V_416ce60b,U_0689,2026-02-08,6014.608687395532,True,G_40b70b,True
V_d2bce983,U_0436,2026-02-08,9948.632991077557,True,G_40b70b,False
V_3529574977,U_0757,2026-02-08,4516.659825647701,False,,False
V_4228663394,U_0762,2026-02-08,2881.9210322410586,False,,False
V_3861898143,U_0768,2026-02-08,4645.489517395841,False,,False
V_a3a568cc,U_0852,2026-02-08,11504.309219168867,True,G_62d8ec,True
V_09821f73,U_0943,2026-02-08,2191.925929762062,True,G_62d8ec,False
V_bc6bfa41,U_0274,2026-02-08,5135.70606465694,True,G_62d8ec,False
V_7eeca6d2,U_0673,2026-02-08,3300.5779302787955,True,G_62d8ec,False
V_9ed84411,U_0972,2026-02-08,5849.187891901287,True,G_62d8ec,False
V_3711639765,U_0856,2026-02-08,2972.3244335061486,False,,False
V_3550652916,U_0881,2026-02-08,5689.609897932249,False,,False
V_2657714993,U_0910,2026-02-08,4893.125900078231,False,,False
V_2498347181,U_0913,2026-02-08,7656.906057157359,False,,False
V_1674043591,U_0007,2026-02-08,2412.42132393528,False,,False
V_4140561868,U_0014,2026-02-08,2814.178150125988,False,,False
V_e11c25d7,U_0027,2026-02-08,4358.4655191068105,True,G_c0de3a,True
V_8fe22b24,U_0789,2026-02-08,2953.9646737928606,True,G_c0de3a,False
V_f9fed8b3,U_0739,2026-02-08,2124.4782391763047,True,G_c0de3a,False
V_c02b5534,U_0327,2026-02-08,1899.0727420979595,True,G_c0de3a,False
V_780e41e5,U_0039,2026-02-08,2764.3014909454837,True,G_7b3024,True
V_16923888,U_0515,2026-02-08,2801.844787060831,True,G_7b3024,False
V_2a5677a8,U_0869,2026-02-08,3793.676396283823,True,G_7b3024,False
V_c5d4051f,U_0289,2026-02-08,4051.8692110658235,True,G_7b3024,False
V_7f3e2bdc,U_0046,2026-02-08,4137.570383718308,True,G_f270c2,True
V_f5dc896d,U_0816,2026-02-08,8685.530184074825,True,G_f270c2,False
V_b0a2055c,U_0515,2026-02-08,3276.9599075214924,True,G_f270c2,False
V_545397a0,U_0181,2026-02-08,11765.848946378097,True,G_f270c2,False
V_7aa12680,U_0178,2026-02-08,9916.419951459753,True,G_f270c2,False
V_ea33b229,U_0120,2026-02-08,2728.7886585976653,True,G_37ea23,True
V_9edaa022,U_0852,2026-02-08,9016.987183602214,True,G_37ea23,False
V_0b3d1446,U_0391,2026-02-08,9702.54242699871,True,G_37ea23,False
V_eb1ea23d,U_0693,2026-02-08,5450.779549227782,True,G_37ea23,False
V_15e0f79d,U_0262,2026-02-08,10519.319102471083,True,G_37ea23,False
V_37722924,U_0977,2026-02-08,9685.380834425403,True,G_37ea23,False
V_1551331616,U_0162,2026-02-08,4898.039115786178,False,,False
V_1319780998,U_0206,2026-02-08,6145.704972984247,False,,False
V_2e7f669c,U_0207,2026-02-08,3608.1866709610754,True,G_5b3b0e,True
V_3f959114,U_0902,2026-02-08,11935.782402917897,True,G_5b3b0e,False
V_3561421252,U_0252,2026-02-08,3668.365006501245,False,,False
V_2165426482,U_0266,2026-02-08,4096.841577606927,False,,False
V_3734725530,U_0302,2026-02-08,5338.335574567202,False,,False
V_92b4b9ab,U_0322,2026-02-08,2063.206858692423,True,G_40941c,True
V_0621f5db,U_0869,2026-02-08,3096.7001696979437,True,G_40941c,False
V_1611640857,U_0358,2026-02-08,3076.051179791373,False,,False
V_b43c00e6,U_0381,2026-02-08,2761.5505298648336,True,G_057d55,True
V_6bab4ab1,U_0719,2026-02-08,2883.064962578786,True,G_057d55,False
V_2ca0b018,U_0147,2026-02-08,4183.678191847364,True,G_057d55,False
V_fc6fa37c,U_0845,2026-02-08,4964.135958665037,True,G_057d55,False
V_d9173a0a,U_0157,2026-02-08,3470.6164419172887,True,G_057d55,False
V_d8c7ddbc,U_0395,2026-02-08,2354.5050517571485,True,G_cf0863,True
V_e1fc1e81,U_0682,2026-02-08,10018.345681988327,True,G_cf0863,False
V_e372a905,U_0298,2026-02-08,2139.4976655329306,True,G_cf0863,False
V_0fef90b9,U_0925,2026-02-08,2156.4032463155763,True,G_cf0863,False
V_beb1a1f5,U_0365,2026-02-08,4456.513191154212,True,G_cf0863,False
V_1b22ebfa,U_0423,2026-02-08,2808.6041106384846,True,G_81569d,True
V_9538b232,U_0365,2026-02-08,3416.6704957097922,True,G_81569d,False
V_083d1ac9,U_0666,2026-02-08,3463.723512657818,True,G_81569d,False
V_d7b4b814,U_0667,2026-02-08,2873.77135610912,True,G_81569d,False
V_8298467e,U_0462,2026-02-08,3135.7604792255106,True,G_ae9fa2,True
V_faf3750c,U_0724,2026-02-08,2024.4796240101973,True,G_ae9fa2,False
V_299f6643,U_0911,2026-02-08,3370.650381748061,True,G_ae9fa2,False
V_f4546c12,U_0648,2026-02-08,2785.4255526867887,True,G_ae9fa2,False
V_510d463f,U_0597,2026-02-08,2122.2133378615317,True,G_ae9fa2,False
V_c5dfe5df,U_0058,2026-02-08,2125.1585326478566,True,G_ae9fa2,False
V_b0a826f7,U_0470,2026-02-08,4101.107729156249,True,G_7b4316,True
V_f14ef0e8,U_0220,2026-02-08,1894.2123226667118,True,G_7b4316,False
V_579dd2f7,U_0687,2026-02-08,2354.73479503054,True,G_7b4316,False
V_de64ba84,U_0982,2026-02-08,9074.040324895865,True,G_7b4316,False
V_85136083,U_0044,2026-02-08,3129.1286681990205,True,G_7b4316,False
V_ad0fc002,U_0481,2026-02-08,3371.3241093958495,True,G_73116c,True
V_fdd8c800,U_0678,2026-02-08,7623.338117136902,True,G_73116c,False
V_1578387772,U_0576,2026-02-08,4067.942055804006,False,,False
V_149578545,U_0582,2026-02-08,2501.6312429525765,False,,False
V_7a5b2b9a,U_0621,2026-02-08,4089.612637554327,True,G_c75d0b,True
V_652ace01,U_0808,2026-02-08,2136.665617476425,True,G_c75d0b,False
V_d6188e87,U_0113,2026-02-08,2243.6483571856043,True,G_c75d0b,False
V_698c2c6f,U_0222,2026-02-08,2759.936865792526,True,G_c75d0b,False
V_b1e5d0da,U_0097,2026-02-08,12641.62961295059,True,G_c75d0b,False
V_53fcb194,U_0372,2026-02-08,3940.807379785267,True,G_c75d0b,False
V_3634608243,U_0719,2026-02-08,3515.1229538600064,False,,False
V_802387769,U_0734,2026-02-08,3704.474884137325,False,,False
V_1651460754,U_0779,2026-02-08,1896.923306294023,False,,False
V_bda15cb0,U_0785,2026-02-08,6603.099926895723,True,G_f78e87,True
V_0837eed4,U_0686,2026-02-08,3620.3768211598353,True,G_f78e87,False
V_2d1ba234,U_0766,2026-02-08,4224.268394487257,True,G_f78e87,False
V_ebd8ce07,U_0569,2026-02-08,3571.8737142714435,True,G_f78e87,False
V_c100a657,U_0836,2026-02-08,3044.611114200788,True,G_f78e87,False
V_83fcbffd,U_0458,2026-02-08,11595.46517217061,True,G_f78e87,False
V_1177955015,U_0856,2026-02-08,4717.934242850589,False,,False
V_1591972549,U_0881,2026-02-08,4335.643702558153,False,,False
V_5f77ca0a,U_0882,2026-02-08,2851.782125832699,True,G_33106b,True
V_a3caecf7,U_0513,2026-02-08,12034.785027821014,True,G_33106b,False
V_2296351502,U_0912,2026-02-08,2648.7643078489723,False,,False
V_2808067058,U_0941,2026-02-08,3981.815052774611,False,,False
V_4cc64045,U_0943,2026-02-08,1755.5530108956352,True,G_8de765,True
V_ac7e7f90,U_0238,2026-02-08,8979.299952845638,True,G_8de765,False
V_1f1ebc78,U_0993,2026-02-08,6777.854885324395,True,G_8de765,False
V_48c92f34,U_0794,2026-02-08,7144.2035809861245,True,G_8de765,False
V_2ee9e495,U_0515,2026-02-08,2705.2915117564185,True,G_8de765,False
V_a8e2a69e,U_0262,2026-02-08,11386.213982106196,True,G_8de765,False
V_2712771656,U_0960,2026-02-08,2540.0396957175353,False,,False
V_1407222882,U_0972,2026-02-08,7717.601551716363,False,,False
V_c6a7c636,U_0979,2026-02-08,3137.685801767438,True,G_c80046,True
V_50ad275a,U_0047,2026-02-08,3342.21376584069,True,G_c80046,False
V_b9547e2c,U_0728,2026-02-08,2169.3954402834415,True,G_c80046,False
V_1386a2c6,U_0634,2026-02-08,3421.283220681503,True,G_c80046,False
V_ddb37f60,U_0424,2026-02-08,2879.168566166375,True,G_c80046,False
V_062f3172,U_0100,2026-02-08,3462.073787482207,True,G_c80046,False
V_9ed51343,U_0989,2026-02-08,2096.5925089698844,True,G_40b2ca,True
V_956d3fc6,U_0819,2026-02-08,2907.0167385713485,True,G_40b2ca,False
V_7522259a,U_0901,2026-02-08,4201.310433522886,True,G_40b2ca,False
V_5ad69510,U_0015,2026-02-09,8591.48914446879,True,G_bc820f,True
V_3b56a80a,U_0918,2026-02-09,2676.707507698644,True,G_bc820f,False
V_654dfe95,U_0225,2026-02-09,11652.76221024784,True,G_bc820f,False
V_dc0b915a,U_0119,2026-02-09,3042.4201262277415,True,G_bc820f,False
V_1173550211,U_0050,2026-02-09,9875.65774999458,False,,False
V_2969774655,U_0055,2026-02-09,10965.389650362824,False,,False
V_2322568332,U_0067,2026-02-09,6014.150563527145,False,,False
V_2af78fb9,U_0082,2026-02-09,6372.058244082061,True,G_223833,True
V_95f521b9,U_0288,2026-02-09,6238.535854085653,True,G_223833,False
V_f7ba0423,U_0059,2026-02-09,5568.500227542664,True,G_223833,False
V_68cbf3ea,U_0828,2026-02-09,4440.786110061227,True,G_223833,False
V_e8bee346,U_0598,2026-02-09,3634.8683952112488,True,G_223833,False
V_6a825546,U_0429,2026-02-09,11964.651862706236,True,G_223833,False
V_1663875780,U_0112,2026-02-09,6279.983799138296,False,,False
V_2952099438,U_0131,2026-02-09,5730.689254354043,False,,False
V_df2b2832,U_0166,2026-02-09,5039.095808438867,True,G_866c15,True
V_811c7f53,U_0137,2026-02-09,5537.464201919189,True,G_866c15,False
V_594160d8,U_0494,2026-02-09,4027.6259430862233,True,G_866c15,False
V_2f513dad,U_0815,2026-02-09,5697.551659319094,True,G_866c15,False
V_20f35806,U_0783,2026-02-09,4357.449641590561,True,G_866c15,False
V_6eb4432f,U_0249,2026-02-09,3677.6988269265385,True,G_866c15,False
V_63069565,U_0225,2026-02-09,11407.28463447554,False,,False
V_1965774867,U_0262,2026-02-09,11948.820916964016,False,,False
V_3674807659,U_0295,2026-02-09,3838.0691278057484,False,,False
V_205736765,U_0434,2026-02-09,4903.270106753782,False,,False
V_3528818623,U_0458,2026-02-09,11230.33016665286,False,,False
V_630084ad,U_0508,2026-02-09,5253.1039219381955,True,G_bc1bfc,True
V_f757a437,U_0333,2026-02-09,3659.453219115154,True,G_bc1bfc,False
V_af7a556e,U_0980,2026-02-09,3527.1692249331795,True,G_bc1bfc,False
V_16d840fb,U_0783,2026-02-09,3104.933773968234,True,G_bc1bfc,False
V_38f2f32e,U_0002,2026-02-09,2191.2501784777032,True,G_bc1bfc,False
V_1af621ea,U_0559,2026-02-09,2456.7262132436836,True,G_78c2d9,True
V_e613e743,U_0893,2026-02-09,4470.684895898815,True,G_78c2d9,False
V_967e8b04,U_0775,2026-02-09,3126.051192455952,True,G_78c2d9,False
V_cf9809aa,U_0499,2026-02-09,2483.951296069304,True,G_78c2d9,False
V_80cd9715,U_0259,2026-02-09,2678.3769061083162,True,G_78c2d9,False
V_3887740337,U_0614,2026-02-09,12156.202372288912,False,,False
V_2d98bf44,U_0654,2026-02-09,3940.677524338011,True,G_d39fa5,True
V_e6dd70cc,U_0215,2026-02-09,5774.742148184355,True,G_d39fa5,False
V_d84801ba,U_0308,2026-02-09,6820.486490801248,True,G_d39fa5,False
V_2183ccb0,U_0721,2026-02-09,7518.483636719165,True,G_d39fa5,False
V_fef481b9,U_0281,2026-02-09,6009.584554790572,True,G_d39fa5,False
V_6cb8435c,U_0602,2026-02-09,3428.6754434847217,True,G_d39fa5,False
V_bebebbb3,U_0689,2026-02-09,6242.465994654431,True,G_e75208,True
V_170e6c60,U_0938,2026-02-09,5262.684743096279,True,G_e75208,False
V_fc55ac40,U_0961,2026-02-09,2829.9401539820183,True,G_e75208,False
V_d1129a76,U_0185,2026-02-09,4591.535556750839,True,G_e75208,False
V_aa4aafc0,U_0671,2026-02-09,3538.2449124755985,True,G_e75208,False
V_1496886188,U_0693,2026-02-09,6391.390234507053,False,,False
V_f5caf07b,U_0703,2026-02-09,3335.93962732948,True,G_a9da71,True
V_7708f968,U_0296,2026-02-09,3957.0782536553256,True,G_a9da71,False
V_f228f1c4,U_0914,2026-02-09,2970.0935284934094,True,G_a9da71,False
V_ad6b8f93,U_0845,2026-02-09,5007.59637091162,True,G_a9da71,False
V_1f11c7a9,U_0953,2026-02-09,3079.056239051388,True,G_a9da71,False
V_4cc2900f,U_0037,2026-02-09,4761.115924939703,True,G_a9da71,False
V_3432426872,U_0704,2026-02-09,9007.636753706916,False,,False
V_93e023e5,U_0708,2026-02-09,4389.373453845591,True,G_525ae5,True
V_567b34ed,U_0816,2026-02-09,8127.551935322432,True,G_525ae5,False
V_535d6edf,U_0800,2026-02-09,4704.768780308895,True,G_525ae5,False
V_69c0b2af,U_0154,2026-02-09,5952.57910845397,True,G_525ae5,False
V_899303ce,U_0703,2026-02-09,3360.744493799312,True,G_525ae5,False
V_fe79346b,U_0378,2026-02-09,3858.700278297525,True,G_525ae5,False
V_2491466371,U_0740,2026-02-09,3128.166931218906,False,,False
V_3025804963,U_0750,2026-02-09,5167.795082488286,False,,False
V_1441624818,U_0794,2026-02-09,7382.309966842825,False,,False
V_525637339,U_0803,2026-02-09,2359.5580003388072,False,,False
V_1972706235,U_0842,2026-02-09,4262.046138572512,False,,False
V_3242952e,U_0845,2026-02-09,3908.5993262278243,True,G_8ed60e,True
V_cd54b738,U_0367,2026-02-09,7309.762803531632,True,G_8ed60e,False
V_1b10a1e3,U_0229,2026-02-09,5868.964529821155,True,G_8ed60e,False
V_123fd443,U_0232,2026-02-09,4645.227428089785,True,G_8ed60e,False
V_06a8b500,U_0522,2026-02-09,6224.163203323556,True,G_8ed60e,False
V_794526736,U_0891,2026-02-09,3938.7439429163624,False,,False
V_2a8eeeea,U_0912,2026-02-09,5331.330521247409,True,G_dc6d82,True
V_46fdb566,U_0228,2026-02-09,3153.352534375469,True,G_dc6d82,False
V_bc0bbe41,U_0170,2026-02-09,4069.0172437478022,True,G_dc6d82,False
V_e11228a1,U_0331,2026-02-09,5171.18603712788,True,G_dc6d82,False
V_548a639e,U_0348,2026-02-09,3394.059616531862,True,G_dc6d82,False
V_9a746069,U_0020,2026-02-09,2812.8412851703056,True,G_dc6d82,False
V_1700528875,U_0924,2026-02-09,3210.146741663582,False,,False
V_2951230268,U_0942,2026-02-09,2788.363926701351,False,,False
V_3941909858,U_0955,2026-02-09,10042.477777976046,False,,False
V_2923313898,U_0969,2026-02-09,11782.237125916747,False,,False
V_2294609323,U_0975,2026-02-09,2828.800485740991,False,,False
V_216756615,U_0001,2026-02-09,9726.164012038424,False,,False
V_1618997361,U_0014,2026-02-09,2779.800109939619,False,,False
V_386801221,U_0033,2026-02-09,6488.107626483998,False,,False
V_a9c17b04,U_0036,2026-02-09,3296.068518886339,True,G_906004,True
V_ed9e3d43,U_0400,2026-02-09,11039.333843270111,True,G_906004,False
V_403fe1f5,U_0794,2026-02-09,9130.408277430583,True,G_906004,False
V_e17e4fca,U_0457,2026-02-09,9234.083977834021,True,G_906004,False
V_136010948,U_0051,2026-02-09,6889.320760689114,False,,False
V_2528957362,U_0069,2026-02-09,2504.6308714516726,False,,False
V_4270149782,U_0090,2026-02-09,5708.47977588928,False,,False
V_f8b76b35,U_0092,2026-02-09,3517.5607808913164,True,G_9f116d,True
V_4933466d,U_0591,2026-02-09,8037.762268582516,True,G_9f116d,False
V_e0f8b96b,U_0436,2026-02-09,12202.50154528052,True,G_9f116d,False
V_2308588112,U_0120,2026-02-09,13127.66133855514,False,,False
V_2354093982,U_0124,2026-02-09,10973.452860573287,False,,False
V_64d6ae24,U_0136,2026-02-09,4667.203431332188,True,G_d5f2a7,True
V_3e625b80,U_0887,2026-02-09,5277.283558694712,True,G_d5f2a7,False
V_38db69f3,U_0421,2026-02-09,7798.360080467974,True,G_d5f2a7,False
V_f887d2b2,U_0312,2026-02-09,4718.370765143352,True,G_d5f2a7,False
V_64362c80,U_0139,2026-02-09,3097.920442807044,True,G_3ee9b7,True
V_5ccc6add,U_0973,2026-02-09,3217.406719975882,True,G_3ee9b7,False
V_2f58473b,U_0047,2026-02-09,2792.227901404981,True,G_3ee9b7,False
V_1939488742,U_0142,2026-02-09,6693.678120341706,False,,False
V_63e93a6d,U_0152,2026-02-09,3676.3342148130823,True,G_c5ce1c,True
V_3be10148,U_0576,2026-02-09,6131.504543267488,True,G_c5ce1c,False
V_09e8b52f,U_0150,2026-02-09,3009.9236350660835,True,G_c5ce1c,False
V_f80936cd,U_0385,2026-02-09,4140.688918220852,True,G_c5ce1c,False
V_43662420,U_0162,2026-02-09,4352.289458545023,False,,False
V_2438676029,U_0177,2026-02-09,5686.849302946391,False,,False
V_b95ac157,U_0185,2026-02-09,5442.145669066158,True,G_921421,True
V_fd26241d,U_0705,2026-02-09,6006.119170445083,True,G_921421,False
V_835a8618,U_0203,2026-02-09,2935.0954970565463,True,G_0ff83c,True
V_197ab8cd,U_0750,2026-02-09,6434.55433049632,True,G_0ff83c,False
V_3125ed2b,U_0475,2026-02-09,3178.7845589106164,True,G_0ff83c,False
V_386fd376,U_0018,2026-02-09,6313.626300643636,True,G_0ff83c,False
V_3326453601,U_0251,2026-02-09,2796.689209772188,False,,False
V_e7e960d1,U_0274,2026-02-09,5955.237020513054,True,G_16d32f,True
V_547096d0,U_0154,2026-02-09,6698.82773216534,True,G_16d32f,False
V_ce717b0f,U_0977,2026-02-09,9257.81576784599,True,G_16d32f,False
V_b88212f5,U_0773,2026-02-09,5913.593960849852,True,G_16d32f,False
V_97c430c2,U_0833,2026-02-09,2763.6720180429893,True,G_16d32f,False
V_3272219693,U_0301,2026-02-09,3890.7634929349806,False,,False
V_97dbfb55,U_0314,2026-02-09,3970.1121674260094,True,G_a9f519,True
V_5ed5923d,U_0188,2026-02-09,4304.14425548247,True,G_a9f519,False
V_03a44ede,U_0534,2026-02-09,4462.779370851482,True,G_a9f519,False
V_1246223262,U_0332,2026-02-09,2349.2240497837665,False,,False
V_550022230,U_0347,2026-02-09,1799.3338898234615,False,,False
V_80041387,U_0438,2026-02-09,2125.2800912677135,True,G_5e7804,True
V_1befeaef,U_0413,2026-02-09,4329.202689038786,True,G_5e7804,False
V_00d0ea58,U_0487,2026-02-09,4185.434521309779,True,G_5e7804,False
V_72083cdc,U_0313,2026-02-09,3155.410598867099,True,G_5e7804,False
V_7bbaa3fb,U_0654,2026-02-09,3564.5425573418493,True,G_5e7804,False
V_a0ac517f,U_0305,2026-02-09,4655.318847251795,True,G_5e7804,False
V_b9e3522f,U_0444,2026-02-09,3041.2613736444528,True,G_5182dd,True
V_98233403,U_0649,2026-02-09,3504.6318656789417,True,G_5182dd,False
V_8bcf1e44,U_0368,2026-02-09,3229.8495733846676,True,G_5182dd,False
V_1234904489,U_0492,2026-02-09,11778.399031406454,False,,False
V_669017035,U_0498,2026-02-09,2727.1790110579086,False,,False
V_a38daadc,U_0514,2026-02-09,1989.7547811021234,True,G_6b6803,True
V_653d392b,U_0560,2026-02-09,7963.390592114699,True,G_6b6803,False
V_b7b01d2c,U_0974,2026-02-09,12057.576525186312,True,G_6b6803,False
V_63d06cda,U_0130,2026-02-09,9437.841972342869,True,G_6b6803,False
V_3318240715,U_0515,2026-02-09,7033.285003145661,False,,False
V_4050171704,U_0519,2026-02-09,3523.075741816014,False,,False
V_422161783,U_0529,2026-02-09,7179.640872048689,False,,False
V_3521875031,U_0532,2026-02-09,4468.541552855492,False,,False
V_385162801,U_0586,2026-02-09,4467.161039120585,False,,False
V_1169454822,U_0618,2026-02-09,12699.430908829057,False,,False
V_1174847270,U_0667,2026-02-09,5908.941823931249,False,,False
V_3235253607,U_0671,2026-02-09,4861.381011883162,False,,False
V_3531356645,U_0707,2026-02-09,2596.1717521422047,False,,False
V_3843201711,U_0721,2026-02-09,6563.728956185411,False,,False
V_3010403478,U_0758,2026-02-09,6941.261192787931,False,,False
V_1009335033,U_0781,2026-02-09,3536.364169203609,False,,False
V_3c154c11,U_0800,2026-02-09,3766.0912439502977,True,G_afeddb,True
V_59ba654e,U_0656,2026-02-09,3870.945762211059,True,G_afeddb,False
V_4bd09763,U_0608,2026-02-09,5728.501328883765,True,G_afeddb,False
V_2d6ed4d5,U_0705,2026-02-09,4265.7122312342135,True,G_afeddb,False
V_123031448,U_0838,2026-02-09,7817.732944382212,False,,False
V_907261287,U_0879,2026-02-09,9257.205161612663,False,,False
V_4250050775,U_0897,2026-02-09,4806.666802840418,False,,False
V_763596863,U_0902,2026-02-09,5380.228189224571,False,,False
V_3042836373,U_0903,2026-02-09,3760.833516549675,False,,False
V_d1be8325,U_0904,2026-02-09,6541.93827793309,True,G_ea3dff,True
V_e577100e,U_0513,2026-02-09,13031.980013367449,True,G_ea3dff,False
V_934bd193,U_0400,2026-02-09,9445.712992393363,True,G_ea3dff,False
V_2320d193,U_0461,2026-02-09,9223.865614809718,True,G_ea3dff,False
V_571408039,U_0916,2026-02-09,6136.157107109103,False,,False
V_5e6bfbf7,U_0933,2026-02-09,6218.789781254245,True,G_7d4a72,True
V_7c7552e8,U_0174,2026-02-09,5589.034073181496,True,G_7d4a72,False
V_3f4cafa9,U_0701,2026-02-09,7022.554234384776,True,G_7d4a72,False
V_116b8480,U_0205,2026-02-09,6873.395999991572,True,G_7d4a72,False
V_83662c97,U_0256,2026-02-09,2035.9297645112156,True,G_7d4a72,False
V_167931855,U_0943,2026-02-09,6628.099148739458,False,,False
V_1846397598,U_0010,2026-02-10,4811.060664894109,False,,False
V_5511bc60,U_0024,2026-02-10,13227.626245906711,True,G_70a02d,True
V_0aa2f78b,U_0977,2026-02-10,8842.881304094428,True,G_70a02d,False
V_88b79ee3,U_0826,2026-02-10,7201.26486293766,True,G_70a02d,False
V_76aeb074,U_0503,2026-02-10,11560.123495013957,True,G_70a02d,False
V_31f8905c,U_0429,2026-02-10,8984.640294635627,True,G_70a02d,False
V_ed7817f7,U_0373,2026-02-10,10278.714967310414,True,G_70a02d,False
V_1513477229,U_0048,2026-02-10,2317.81745402162,False,,False
V_3795568072,U_0055,2026-02-10,8972.680844162249,False,,False
V_16851faa,U_0063,2026-02-10,3375.948262641701,True,G_c5f84e,True
V_390ac94f,U_0639,2026-02-10,2936.308044290235,True,G_c5f84e,False
V_1f0ff6c8,U_0531,2026-02-10,1886.1448076310057,True,G_c5f84e,False
V_67d1615b,U_0823,2026-02-10,3173.4973942387264,True,G_c5f84e,False
V_4084082481,U_0111,2026-02-10,4949.003592553679,False,,False
V_781289154,U_0141,2026-02-10,3324.7569511585793,False,,False
V_3645289110,U_0183,2026-02-10,7800.41210284662,False,,False
V_2896682535,U_0221,2026-02-10,5938.107092997077,False,,False
V_ed884d7c,U_0279,2026-02-10,3471.9920271050296,True,G_242bed,True
V_5b037a5d,U_0584,2026-02-10,2984.6940749556643,True,G_242bed,False
V_877c80bb,U_0641,2026-02-10,2446.5948904687575,True,G_242bed,False
V_2382257929,U_0280,2026-02-10,6723.1748313701555,False,,False
V_1273164079,U_0295,2026-02-10,3814.913050088923,False,,False
V_a42d620b,U_0304,2026-02-10,4721.901518019708,True,G_e1c3b5,True
V_153ee16f,U_0215,2026-02-10,4879.421051613761,True,G_e1c3b5,False
V_f902bb40,U_0708,2026-02-10,3876.635519324398,True,G_e1c3b5,False
V_d90f911d,U_0023,2026-02-10,4245.58365746356,True,G_e1c3b5,False
V_4053e1b0,U_0487,2026-02-10,4904.2040584836195,True,G_e1c3b5,False
V_3536002631,U_0305,2026-02-10,6132.824975763569,False,,False
V_1080323606,U_0341,2026-02-10,7392.701441011483,False,,False
V_726d6689,U_0408,2026-02-10,6563.846587884554,True,G_6aebc3,True
V_498ef89e,U_0696,2026-02-10,5418.699012196621,True,G_6aebc3,False
V_e3e49126,U_0146,2026-02-10,5790.2392638463425,True,G_6aebc3,False
V_760537758,U_0417,2026-02-10,3248.609073920037,False,,False
V_6b8db279,U_0420,2026-02-10,2382.9930068621716,True,G_a6cc22,True
V_1d278010,U_0699,2026-02-10,4122.271998434646,True,G_a6cc22,False
V_80aa3e7a,U_0064,2026-02-10,2979.196971307284,True,G_a6cc22,False
V_3699566774,U_0456,2026-02-10,11727.956926433062,False,,False
V_2757486650,U_0489,2026-02-10,2523.762235909999,False,,False
V_3940687761,U_0553,2026-02-10,3447.094120289613,False,,False
V_4232771058,U_0573,2026-02-10,3616.8979138117693,False,,False
V_3445383119,U_0580,2026-02-10,6295.881614295009,False,,False
V_36a9259f,U_0590,2026-02-10,6334.0021228460155,True,G_0f98a6,True
V_9153ba3e,U_0822,2026-02-10,3566.2381319100577,True,G_0f98a6,False
V_c2d4e7ed,U_0333,2026-02-10,3147.227341967791,True,G_0f98a6,False
V_131227858,U_0609,2026-02-10,4037.7632148489065,False,,False
V_3603237703,U_0616,2026-02-10,6650.5927829151915,False,,False
V_c08c8bac,U_0623,2026-02-10,11186.307225427077,True,G_82d580,True
V_41d62ada,U_0993,2026-02-10,5827.860695735788,True,G_82d580,False
V_3168209341,U_0643,2026-02-10,1809.1618245945833,False,,False
V_3f8e9a6d,U_0735,2026-02-10,5501.705541025388,True,G_27d7c4,True
V_a310f2c8,U_0765,2026-02-10,2422.3679310181537,True,G_27d7c4,False
V_76cb8a03,U_0646,2026-02-10,7809.7132961438865,True,G_27d7c4,False
V_573459b7,U_0478,2026-02-10,2440.0548021637596,True,G_27d7c4,False
V_2273384702,U_0749,2026-02-10,2125.587647658303,False,,False
V_860298290,U_0772,2026-02-10,6749.723226794689,False,,False
V_1a2a64b1,U_0783,2026-02-10,3084.6000784826274,True,G_727458,True
V_b6f6b090,U_0401,2026-02-10,5683.904910712435,True,G_727458,False
V_349ff6e2,U_0668,2026-02-10,6532.95232523814,True,G_727458,False
V_bc4d7c35,U_0554,2026-02-10,5174.110308210502,True,G_727458,False
V_192256722,U_0794,2026-02-10,7394.420273273819,False,,False
V_3426252922,U_0885,2026-02-10,8671.13654405849,False,,False
V_3375861336,U_0912,2026-02-10,4667.479798099717,False,,False
V_46bb28c3,U_0929,2026-02-10,5552.46263835323,True,G_94f580,True
V_d22aeb3e,U_0789,2026-02-10,4190.075926143223,True,G_94f580,False
V_2acb3bc2,U_0083,2026-02-10,7793.977274973337,True,G_94f580,False
V_5ad3c31a,U_0246,2026-02-10,6518.488064716908,True,G_94f580,False
V_41c4398e,U_0553,2026-02-10,3760.3935077289643,True,G_94f580,False
V_5122e2ed,U_0607,2026-02-10,6121.701789759676,True,G_94f580,False
V_4543c51a,U_0937,2026-02-10,11219.470881090532,True,G_c6461c,True
V_574e625d,U_0052,2026-02-10,2869.333587854234,True,G_c6461c,False
V_e8a28d53,U_0581,2026-02-10,8744.663906143729,True,G_c6461c,False
V_10306776,U_0802,2026-02-10,7944.312447156701,True,G_c6461c,False
V_4ecf88c6,U_0295,2026-02-10,3058.434024503519,True,G_c6461c,False
V_b88d8a67,U_0869,2026-02-10,2684.2557059735354,True,G_c6461c,False
V_5fa904aa,U_0969,2026-02-10,10732.567709050576,True,G_fd3339,True
V_9e227cc5,U_0654,2026-02-10,4377.475384084513,True,G_fd3339,False
V_5177880f,U_0765,2026-02-10,2050.131900824176,True,G_fd3339,False
V_5d4cb8ae,U_0553,2026-02-10,4225.511124152839,True,G_fd3339,False
V_fa4f5bbe,U_0238,2026-02-10,7629.898847384579,True,G_fd3339,False
V_1679886454,U_0994,2026-02-10,5557.056710555757,False,,False
V_1851673263,U_0023,2026-02-10,4345.629666976787,False,,False
V_1119551764,U_0036,2026-02-10,9005.88042651325,False,,False
V_4157222755,U_0057,2026-02-10,9240.778863625841,False,,False
V_52a0f7cf,U_0090,2026-02-10,5255.943935883584,True,G_d1a30e,True
V_2ada0381,U_0023,2026-02-10,3813.0430880389517,True,G_d1a30e,False
V_1295d010,U_0600,2026-02-10,5001.48804113617,True,G_d1a30e,False
V_d78a47fc,U_0659,2026-02-10,4314.7206471544605,True,G_d1a30e,False
V_bb389805,U_0105,2026-02-10,2494.8750583130723,True,G_58cf1c,True
V_4645820a,U_0209,2026-02-10,4729.296916881046,True,G_58cf1c,False
V_bdac73b9,U_0900,2026-02-10,4590.3720757607,True,G_58cf1c,False
V_2355855006,U_0130,2026-02-10,6873.365162287086,False,,False
V_2070292371,U_0148,2026-02-10,5064.533629814741,False,,False
V_3488953729,U_0185,2026-02-10,5064.599083862764,False,,False
V_3234753788,U_0200,2026-02-10,5592.851714660461,False,,False
V_2402703233,U_0210,2026-02-10,4502.73533487269,False,,False
V_1271844678,U_0211,2026-02-10,12963.57821121859,False,,False
V_3398060743,U_0284,2026-02-10,4519.6024663672715,False,,False
V_1477191536,U_0295,2026-02-10,11226.958989969273,False,,False
V_1933365384,U_0350,2026-02-10,6738.4117609738305,False,,False
V_3218976893,U_0395,2026-02-10,4093.796617229813,False,,False
V_fd25450d,U_0409,2026-02-10,2904.4528377094825,True,G_df614d,True
V_19fde4d1,U_0513,2026-02-10,13312.803983015876,True,G_df614d,False
V_25e0ad23,U_0647,2026-02-10,4913.858566127325,True,G_df614d,False
V_e62bcca2,U_0529,2026-02-10,4865.455779141487,True,G_df614d,False
V_80fb313a,U_0509,2026-02-10,4142.07792184795,True,G_df614d,False
V_2871411912,U_0418,2026-02-10,8548.355159284594,False,,False
V_3439566842,U_0445,2026-02-10,2291.3107496180446,False,,False
V_2545505844,U_0478,2026-02-10,10868.35101462091,False,,False
V_4cd4acc9,U_0543,2026-02-10,2272.302832880872,True,G_dc7b31,True
V_fb7e908b,U_0209,2026-02-10,5465.24173284523,True,G_dc7b31,False
V_957b25d0,U_0604,2026-02-10,7699.1480367804725,True,G_49c6de,True
V_3535ffef,U_0989,2026-02-10,1742.8085985618793,True,G_49c6de,False
V_45065b3b,U_0203,2026-02-10,3667.0975119081727,True,G_49c6de,False
V_1a8990a1,U_0740,2026-02-10,3811.482922818326,True,G_49c6de,False
V_62b45c79,U_0072,2026-02-10,1653.3935253549528,True,G_49c6de,False
V_692c6724,U_0618,2026-02-10,3749.613127719198,True,G_2befe7,True
V_ac17cd2c,U_0387,2026-02-10,11684.891012096408,True,G_2befe7,False
V_c068325e,U_0937,2026-02-10,8875.092293231166,True,G_2befe7,False
V_601947254,U_0626,2026-02-10,7496.729611674831,False,,False
V_99e8eec8,U_0627,2026-02-10,5663.445881102381,True,G_008e9c,True
V_f4a03110,U_0459,2026-02-10,1962.2697777632047,True,G_008e9c,False
V_292382ef,U_0628,2026-02-10,12263.960041507276,True,G_b89dde,True
V_2c654124,U_0691,2026-02-10,5246.886436942131,True,G_b89dde,False
V_3139093536,U_0637,2026-02-10,1887.9971824235574,False,,False
V_2696581417,U_0647,2026-02-10,7466.355889799432,False,,False
V_1380200268,U_0661,2026-02-10,4680.439468153551,False,,False
V_505169951,U_0671,2026-02-10,6410.254788989147,False,,False
V_3866213465,U_0736,2026-02-10,13986.275438318058,False,,False
V_1782077122,U_0758,2026-02-10,8777.490834658214,False,,False
V_87c065ce,U_0770,2026-02-10,10192.692537078068,True,G_ad0334,True
V_6442a0b3,U_0086,2026-02-10,4396.398815399131,True,G_ad0334,False
V_635602986,U_0788,2026-02-10,7103.235233367113,False,,False
V_0102ed22,U_0794,2026-02-10,7816.632736218969,True,G_24c2bb,True
V_96032c96,U_0752,2026-02-10,6267.314301030659,True,G_24c2bb,False
V_034d6b6e,U_0225,2026-02-10,13524.539804572436,True,G_24c2bb,False
V_ca5a5885,U_0468,2026-02-10,2322.271886463394,True,G_24c2bb,False
V_1588422383,U_0826,2026-02-10,8039.204750678203,False,,False
V_1491365322,U_0870,2026-02-10,4925.364990488065,False,,False
V_2734403231,U_0879,2026-02-10,10719.018143883262,False,,False
V_2673279870,U_0882,2026-02-10,8529.495537507666,False,,False
V_668493fc,U_0886,2026-02-10,2404.4222282213013,True,G_f2054c,True
V_ac0f97f9,U_0600,2026-02-10,5365.358801268619,True,G_f2054c,False
V_ab3094cf,U_0350,2026-02-10,2318.2861841283484,True,G_f2054c,False
V_45a8be0d,U_0121,2026-02-10,4860.362868881744,True,G_f2054c,False
V_b271eca7,U_0487,2026-02-10,5211.618282304505,True,G_f2054c,False
V_cbc12823,U_0326,2026-02-10,5574.422459356335,True,G_f2054c,False
V_3903277080,U_0916,2026-02-10,7195.26538385537,False,,False
V_bc431e28,U_0947,2026-02-10,6515.460196056478,True,G_d6ac03,True
V_21ca9d36,U_0454,2026-02-10,4438.967959522993,True,G_d6ac03,False
V_2024788461,U_0963,2026-02-10,3791.8966741005584,False,,False
V_3507122503,U_0978,2026-02-10,3178.3439556652984,False,,False
V_1650389900,U_0984,2026-02-10,3854.4913219659284,False,,False
V_71221ba5,U_0006,2026-02-11,7657.252469193049,True,G_ed8464,True
V_2aee660f,U_0755,2026-02-11,9839.929573293934,True,G_ed8464,False
V_ca769bd7,U_0902,2026-02-11,10835.177044163738,True,G_ed8464,False
V_503851e7,U_0046,2026-02-11,4402.5157890017945,True,G_ed8464,False
V_4030518308,U_0013,2026-02-11,2995.9333232706585,False,,False
V_4178855890,U_0014,2026-02-11,2669.637906776101,False,,False
V_4137581908,U_0050,2026-02-11,12387.510777735606,False,,False
V_f0cdf59b,U_0067,2026-02-11,7382.998343985008,True,G_d36ea6,True
V_7955d51d,U_0536,2026-02-11,6505.586406175658,True,G_d36ea6,False
V_4da6797e,U_0384,2026-02-11,3992.9263629171537,True,G_d36ea6,False
V_390627bf,U_0464,2026-02-11,5610.820754979525,True,G_d36ea6,False
V_2f4c14f5,U_0676,2026-02-11,4407.546751617274,True,G_d36ea6,False
V_eb8b7940,U_0697,2026-02-11,2774.8867957720595,True,G_d36ea6,False
V_905428164,U_0089,2026-02-11,5471.1421724247475,False,,False
V_755640030,U_0102,2026-02-11,5664.903323344539,False,,False
V_1868220187,U_0160,2026-02-11,8852.593678779733,False,,False
V_6555a888,U_0163,2026-02-11,12651.63398291598,True,G_c0eae2,True
V_97cbccc9,U_0974,2026-02-11,10483.773883466221,True,G_c0eae2,False
V_edb525f3,U_0456,2026-02-11,11448.932029618501,True,G_c0eae2,False
V_1cb2b1cf,U_0124,2026-02-11,2457.27490912008,True,G_c0eae2,False
V_34364472,U_0646,2026-02-11,10715.013603747366,True,G_c0eae2,False
V_2bd33562,U_0178,2026-02-11,10398.721826811072,True,G_225e37,True
V_81dd0c4c,U_0181,2026-02-11,10365.094179230557,True,G_225e37,False
V_d43079d9,U_0623,2026-02-11,10159.291824141988,True,G_225e37,False
V_d079cc33,U_0308,2026-02-11,5207.831638719732,True,G_225e37,False
V_4185480754,U_0235,2026-02-11,5489.407825425059,False,,False
V_2416146329,U_0280,2026-02-11,5311.453011811377,False,,False
V_73993296,U_0300,2026-02-11,4978.439344827472,False,,False
V_771438228,U_0325,2026-02-11,7469.328567695662,False,,False
V_1848187775,U_0328,2026-02-11,5902.341848819851,False,,False
V_2197213619,U_0403,2026-02-11,4997.228715609856,False,,False
V_190804323,U_0418,2026-02-11,5469.101332902705,False,,False
V_26db40b5,U_0420,2026-02-11,2652.9753147273636,True,G_5de686,True
V_bfb113a4,U_0446,2026-02-11,3896.449692425179,True,G_5de686,False
V_b5959043,U_0799,2026-02-11,3607.830771417114,True,G_5de686,False
V_15418f9d,U_0535,2026-02-11,3546.3349842788275,True,G_5de686,False
V_a1a1f931,U_0920,2026-02-11,4002.089534167116,True,G_5de686,False
V_3422877982,U_0445,2026-02-11,12039.933069118637,False,,False
V_555864845,U_0453,2026-02-11,4069.7284851808067,False,,False
V_2fb75149,U_0465,2026-02-11,4024.1430576569273,True,G_6a99c1,True
V_a75f8197,U_0734,2026-02-11,8161.87494368326,True,G_6a99c1,False
V_d106163b,U_0429,2026-02-11,8925.491099043287,True,G_6a99c1,False
V_1486171867,U_0491,2026-02-11,5600.18201660554,False,,False
V_1ab8313a,U_0502,2026-02-11,4779.869554724723,True,G_3a043c,True
V_057eecda,U_0032,2026-02-11,5036.06270095106,True,G_3a043c,False
V_9f2708f9,U_0994,2026-02-11,6193.868518965465,True,G_3a043c,False
V_e511197f,U_0637,2026-02-11,6106.14519773887,True,G_3a043c,False
V_1861645741,U_0512,2026-02-11,2385.1935717668025,False,,False
V_2349537739,U_0515,2026-02-11,3240.0090672491083,False,,False
V_2234869737,U_0518,2026-02-11,10116.982946984188,False,,False
V_4238847714,U_0524,2026-02-11,2985.064526333832,False,,False
V_80df44ef,U_0548,2026-02-11,9433.111921339678,True,G_1c08c9,True
V_cff42c1b,U_0857,2026-02-11,2276.278176268579,True,G_1c08c9,False
V_c91b5c65,U_0993,2026-02-11,6019.494305461829,True,G_1c08c9,False
V_3240324634,U_0614,2026-02-11,9444.389415352747,False,,False
V_670416523,U_0699,2026-02-11,4672.776199523688,False,,False
V_3212008057,U_0747,2026-02-11,1798.3766830167394,False,,False
V_688359156,U_0752,2026-02-11,6705.960045998754,False,,False
V_9b408a63,U_0761,2026-02-11,2040.746408172614,True,G_fb95b6,True
V_128d68f4,U_0039,2026-02-11,2051.229043649433,True,G_fb95b6,False
V_dccef272,U_0524,2026-02-11,2713.2989436492026,True,G_fb95b6,False
V_3896800472,U_0793,2026-02-11,4892.518402946908,False,,False
V_640933088,U_0802,2026-02-11,8060.130723940962,False,,False
V_1427447865,U_0807,2026-02-11,5911.8916425845455,False,,False
V_42196cb0,U_0841,2026-02-11,5315.311149022944,True,G_71579c,True
V_eb3936eb,U_0732,2026-02-11,6730.846390517107,True,G_71579c,False
V_2e7a868e,U_0237,2026-02-11,10449.097238713997,True,G_71579c,False
V_3433dc9d,U_0590,2026-02-11,4838.241326178973,True,G_71579c,False
V_efa5c320,U_0661,2026-02-11,4538.13520000676,True,G_71579c,False
V_4f3426cf,U_0510,2026-02-11,4675.416833240576,True,G_71579c,False
V_20a6b437,U_0930,2026-02-11,4491.044056526061,True,G_f7a2ed,True
V_6e063cd3,U_0774,2026-02-11,3725.645818425264,True,G_f7a2ed,False
V_1260858192,U_0993,2026-02-11,8323.430759269737,False,,False
V_758142436,U_0001,2026-02-11,9406.35426892784,False,,False
V_3505206236,U_0035,2026-02-11,3806.656625736878,False,,False
V_852682188,U_0044,2026-02-11,6350.253192543359,False,,False
V_1708587518,U_0051,2026-02-11,6731.632238213956,False,,False
V_1187906103,U_0062,2026-02-11,9527.474682599572,False,,False
V_55c4cecb,U_0091,2026-02-11,2245.9670265491895,True,G_737ebc,True
V_fd4b0591,U_0796,2026-02-11,2512.316619509206,True,G_737ebc,False
V_1fd644ca,U_0948,2026-02-11,6557.294152158868,True,G_737ebc,False
V_56434ff5,U_0122,2026-02-11,2105.310291430364,True,G_737ebc,False
V_280cf9df,U_0416,2026-02-11,3360.66048344344,True,G_737ebc,False
V_73b3bffc,U_0106,2026-02-11,3414.6746843154206,True,G_216370,True
V_d9471a88,U_0625,2026-02-11,4796.738730227855,True,G_216370,False
V_77aa4b7e,U_0912,2026-02-11,5049.93812619071,True,G_216370,False
V_2122f7c7,U_0666,2026-02-11,3204.9277888806946,True,G_216370,False
V_464addff,U_0157,2026-02-11,3525.5237805041857,True,G_8eff58,True
V_35862289,U_0433,2026-02-11,5728.463364081946,True,G_8eff58,False
V_f5bd74a9,U_0639,2026-02-11,2713.3334777889518,True,G_8eff58,False
V_b1bda691,U_0186,2026-02-11,3991.75619274137,True,G_8eff58,False
V_7e0f2fbc,U_0343,2026-02-11,1837.430058027403,True,G_8eff58,False
V_4260028370,U_0171,2026-02-11,3585.678268326379,False,,False
V_3565786769,U_0200,2026-02-11,6463.745918490284,False,,False
V_2723168876,U_0210,2026-02-11,5193.730567950579,False,,False
V_1050732719,U_0290,2026-02-11,4511.957324288052,False,,False
V_c0158ab6,U_0327,2026-02-11,2689.069008411892,True,G_1e05fa,True
V_d3d33af1,U_0822,2026-02-11,3330.049321718669,True,G_1e05fa,False
V_17f376aa,U_0369,2026-02-11,4871.9847656531,True,G_aef73e,True
V_e8c20919,U_0048,2026-02-11,2799.786709144678,True,G_aef73e,False
V_e7ab3036,U_0842,2026-02-11,4039.4316965260095,True,G_aef73e,False
V_b4406037,U_0224,2026-02-11,3048.26706795007,True,G_aef73e,False
V_10057779,U_0034,2026-02-11,2930.312671608431,True,G_aef73e,False
V_823359937,U_0372,2026-02-11,3890.4691949146854,False,,False
V_498164144,U_0430,2026-02-11,2090.889824866864,False,,False
V_371489255,U_0438,2026-02-11,7067.746940008739,False,,False
V_3041552730,U_0446,2026-02-11,4489.8718354538805,False,,False
V_ba952433,U_0477,2026-02-11,2869.063532948985,True,G_582df1,True
V_d0bf7d2b,U_0859,2026-02-11,3892.732260328449,True,G_582df1,False
V_3b65a7c0,U_0933,2026-02-11,6216.571785755917,True,G_582df1,False
V_191089454,U_0486,2026-02-11,4825.553500360454,False,,False
V_6969b5c0,U_0516,2026-02-11,3615.9772482306566,True,G_3e6934,True
V_57c49a37,U_0955,2026-02-11,9554.275586079237,True,G_3e6934,False
V_91616894,U_0602,2026-02-11,4560.567710661922,False,,False
V_4fa76a48,U_0628,2026-02-11,12587.596824724986,True,G_c7c41e,True
V_f4617884,U_0608,2026-02-11,7437.23557132004,True,G_c7c41e,False
V_3becbfff,U_0654,2026-02-11,4201.120365957865,True,G_ca89c3,True
V_4adb9ba9,U_0515,2026-02-11,2412.769495780943,True,G_ca89c3,False
V_eaf8102c,U_0875,2026-02-11,8294.668987881172,True,G_ca89c3,False
V_3004382227,U_0657,2026-02-11,2357.5686291098477,False,,False
V_44c226e7,U_0669,2026-02-11,2556.5552990721912,True,G_b4b586,True
V_b72217b2,U_0772,2026-02-11,5631.273960227558,True,G_b4b586,False
V_db926206,U_0041,2026-02-11,4315.546803976078,True,G_b4b586,False
V_1479018462,U_0724,2026-02-11,3684.1666873386735,False,,False
V_2ec2750a,U_0726,2026-02-11,2910.568060755279,True,G_352828,True
V_7287f7da,U_0175,2026-02-11,6005.721554584874,True,G_352828,False
V_c69113cc,U_0690,2026-02-11,3058.3219731537106,True,G_352828,False
V_5edf195c,U_0120,2026-02-11,2797.2634221517073,True,G_352828,False
V_2a2aa5ff,U_0746,2026-02-11,2170.9260200199165,True,G_352828,False
V_fcf5e633,U_0533,2026-02-11,2383.863126769762,True,G_352828,False
V_4dc4ad2b,U_0758,2026-02-11,2652.5862412199735,True,G_d3a8a6,True
V_7559707c,U_0567,2026-02-11,8653.94770471416,True,G_d3a8a6,False
V_58588247,U_0073,2026-02-11,6888.7051761959165,True,G_d3a8a6,False
V_e6b864ee,U_0055,2026-02-11,8025.439186997978,True,G_d3a8a6,False
V_891632b5,U_0050,2026-02-11,13198.37968538567,True,G_d3a8a6,False
V_9ee11647,U_0687,2026-02-11,2477.1208015942693,True,G_d3a8a6,False
V_1506549089,U_0761,2026-02-11,11352.968356695588,False,,False
V_310829236,U_0786,2026-02-11,6532.9524678961425,False,,False
V_496321655,U_0815,2026-02-11,2063.5360523197046,False,,False
V_2162343592,U_0840,2026-02-11,9652.11872735557,False,,False
V_1889748748,U_0843,2026-02-11,2542.7859645076055,False,,False
V_2970707609,U_0888,2026-02-11,2198.757174751704,False,,False
V_1019987394,U_0928,2026-02-11,4145.8798374288945,False,,False
V_3396514860,U_0943,2026-02-11,6890.619717861873,False,,False
V_836567818,U_0994,2026-02-11,9418.25894172738,False,,False
V_52c8e8db,U_0015,2026-02-12,8247.777624605897,True,G_83ce62,True
V_55c7142f,U_0178,2026-02-12,8070.940460165427,True,G_83ce62,False
V_69b9d8fa,U_0773,2026-02-12,4714.319293420645,True,G_83ce62,False
V_072cee51,U_0468,2026-02-12,1693.4945191801976,True,G_83ce62,False
V_15b4d45f,U_0030,2026-02-12,7121.49193665187,True,G_f16872,True
V_12aab7d7,U_0020,2026-02-12,2782.1897132067384,True,G_f16872,False
V_098e797a,U_0044,2026-02-12,2458.787515068565,True,G_d8940c,True
V_d927a362,U_0476,2026-02-12,2415.8180157428324,True,G_d8940c,False
V_94aeaca5,U_0147,2026-02-12,4037.941554669696,True,G_d8940c,False
V_20818486,U_0339,2026-02-12,3581.454997025806,True,G_d8940c,False
V_3256222314,U_0154,2026-02-12,6846.939046455888,False,,False
V_1097361944,U_0175,2026-02-12,6052.654519313154,False,,False
V_439272561,U_0215,2026-02-12,4791.737683513576,False,,False
V_45392597,U_0272,2026-02-12,3715.6330637203473,True,G_7786f6,True
V_c8777b79,U_0415,2026-02-12,6883.056143690985,True,G_7786f6,False
V_6a893597,U_0304,2026-02-12,4000.4250886804193,True,G_58b738,True
V_0fc29a03,U_0000,2026-02-12,3897.289388781839,True,G_58b738,False
V_996ea885,U_0512,2026-02-12,1977.3075947504954,True,G_58b738,False
V_481b10f3,U_0425,2026-02-12,4419.736135793524,True,G_58b738,False
V_dffddf80,U_0365,2026-02-12,3507.684751804433,True,G_e535ba,True
V_6de381c5,U_0235,2026-02-12,6521.876328340189,True,G_e535ba,False
V_a1a52dde,U_0575,2026-02-12,5386.9639228317155,True,G_e535ba,False
V_0835220a,U_0558,2026-02-12,2684.0932681264144,True,G_e535ba,False
V_2905159488,U_0428,2026-02-12,2601.8015816986403,False,,False
V_2869683009,U_0449,2026-02-12,4702.183932737144,False,,False
V_801829332,U_0454,2026-02-12,3759.240830392442,False,,False
V_468429332,U_0548,2026-02-12,7583.403959681536,False,,False
V_53c1adc0,U_0555,2026-02-12,2646.317763362471,True,G_922fd9,True
V_5ecdfbad,U_0419,2026-02-12,3610.6777789559487,True,G_922fd9,False
V_c0c3ce1c,U_0236,2026-02-12,4118.846070029989,True,G_922fd9,False
V_2109602533,U_0590,2026-02-12,4754.974684921939,False,,False
V_1608689567,U_0636,2026-02-12,10451.549146313075,False,,False
V_1992648200,U_0691,2026-02-12,7781.646647871408,False,,False
V_0e27eccd,U_0720,2026-02-12,2822.656080205824,True,G_12f09c,True
V_746d3914,U_0423,2026-02-12,2419.637759960656,True,G_12f09c,False
V_a04c032a,U_0396,2026-02-12,2503.873796534812,True,G_12f09c,False
V_ea6decf5,U_0359,2026-02-12,2826.070611724514,True,G_12f09c,False
V_36ebd08e,U_0381,2026-02-12,2808.8289208258507,True,G_12f09c,False
V_b5f6ba34,U_0868,2026-02-12,6332.311170130564,True,G_12f09c,False
V_1167437749,U_0746,2026-02-12,2107.1797242722296,False,,False
V_2df3cb09,U_0793,2026-02-12,4908.876920334093,True,G_e34b88,True
V_ffd42253,U_0281,2026-02-12,5538.544929290379,True,G_e34b88,False
V_4e3992b1,U_0800,2026-02-12,4127.364765999502,True,G_fe6320,True
V_4e23a9fb,U_0045,2026-02-12,6174.170670370926,True,G_fe6320,False
V_6a4cd9e3,U_0676,2026-02-12,2995.7729588978154,True,G_fe6320,False
V_1a0e0ba0,U_0897,2026-02-12,7452.2516699997495,True,G_4f9f20,True
V_e29ede53,U_0826,2026-02-12,7117.231217618819,True,G_4f9f20,False
V_2263800262,U_0955,2026-02-12,9865.831926606505,False,,False
V_3532798193,U_0022,2026-02-12,2282.7445871656064,False,,False
V_05b68c8b,U_0036,2026-02-12,3553.11040242074,True,G_221313,True
V_f7882c82,U_0831,2026-02-12,6265.184097978464,True,G_221313,False
V_bc1c972c,U_0428,2026-02-12,3262.2104051228494,True,G_221313,False
V_682f61aa,U_0516,2026-02-12,3195.010230288142,True,G_221313,False
V_4125239271,U_0052,2026-02-12,7759.9387719877295,False,,False
V_3701154930,U_0057,2026-02-12,11716.3985924866,False,,False
V_3661618646,U_0092,2026-02-12,13315.499416685927,False,,False
V_36666142,U_0114,2026-02-12,5421.980358288916,True,G_809391,True
V_1a5ed200,U_0288,2026-02-12,6137.416289853103,True,G_809391,False
V_29f653f7,U_0025,2026-02-12,2860.1945792136303,True,G_809391,False
V_4849677c,U_0130,2026-02-12,8625.946616862517,True,G_89a492,True
V_7d616e1a,U_0168,2026-02-12,9663.241155724807,True,G_89a492,False
V_3847951448,U_0143,2026-02-12,2870.6598586374557,False,,False
V_1343364681,U_0148,2026-02-12,4600.168308026405,False,,False
V_6087567,U_0150,2026-02-12,3826.921150760869,False,,False
V_2939474779,U_0194,2026-02-12,4333.305319670165,False,,False
V_8b60a660,U_0202,2026-02-12,2783.8839677262145,True,G_4dfd6f,True
V_a051c9ef,U_0373,2026-02-12,13107.01611548816,True,G_4dfd6f,False
V_f1f6de8a,U_0767,2026-02-12,9584.151823185704,True,G_4dfd6f,False
V_04a7ac0b,U_0387,2026-02-12,9976.48479229633,True,G_4dfd6f,False
V_233c8d86,U_0457,2026-02-12,9605.20602622794,True,G_4dfd6f,False
V_c9cad414,U_0120,2026-02-12,2206.5962258161653,True,G_4dfd6f,False
V_d8596bc0,U_0214,2026-02-12,4046.9390627589205,True,G_4241aa,True
V_24d59212,U_0078,2026-02-12,3189.889888636735,True,G_4241aa,False
V_79bebb30,U_0118,2026-02-12,2395.8645376348177,True,G_4241aa,False
V_89511ed6,U_0795,2026-02-12,2093.6812292606814,True,G_4241aa,False
V_23639e29,U_0271,2026-02-12,2423.875475789413,True,G_4241aa,False
V_9298f816,U_0395,2026-02-12,2325.472446823136,True,G_4241aa,False
V_141650878,U_0216,2026-02-12,4349.31252644758,False,,False
V_3200542343,U_0218,2026-02-12,13779.58323934343,False,,False
V_af64b8c1,U_0284,2026-02-12,3861.5573092672757,True,G_e9bbaf,True
V_95bdc2be,U_0552,2026-02-12,3256.9785818155306,True,G_e9bbaf,False
V_2163919053,U_0322,2026-02-12,3040.2501412302536,False,,False
V_998239262,U_0357,2026-02-12,7119.795922693368,False,,False
V_3770041601,U_0393,2026-02-12,2334.0039036638227,False,,False
V_2271577437,U_0433,2026-02-12,2144.8513199899544,False,,False
V_c2e097c7,U_0435,2026-02-12,2841.465724130328,True,G_87e4ee,True
V_ec114948,U_0616,2026-02-12,7994.73580183674,True,G_87e4ee,False
V_5e782242,U_0173,2026-02-12,7249.687329473046,True,G_87e4ee,False
V_46d64e37,U_0515,2026-02-12,3239.1794019013855,True,G_87e4ee,False
V_1847703518,U_0468,2026-02-12,11747.22965672637,False,,False
V_3274f7ab,U_0508,2026-02-12,6906.799859991023,True,G_7cff4f,True
V_a8ee1107,U_0289,2026-02-12,4101.424934403599,True,G_7cff4f,False
V_506352979,U_0515,2026-02-12,8278.045879582478,False,,False
V_776490975,U_0540,2026-02-12,9768.241676171594,False,,False
V_2797750658,U_0542,2026-02-12,3747.6059609735703,False,,False
V_3728521860,U_0553,2026-02-12,8750.575252870185,False,,False
V_893097034,U_0633,2026-02-12,3844.7678945591692,False,,False
V_1e94c5cd,U_0636,2026-02-12,11137.46986098461,True,G_2382dd,True
V_8923b3ce,U_0695,2026-02-12,8578.572739994665,True,G_2382dd,False
V_aa5341ac,U_0974,2026-02-12,11538.047819867556,True,G_2382dd,False
V_1715c1b5,U_0218,2026-02-12,4347.541590958936,True,G_2382dd,False
V_1b9a0894,U_0089,2026-02-12,5936.80595978418,True,G_2382dd,False
V_1808691949,U_0661,2026-02-12,4042.5556602360602,False,,False
V_081a4e5a,U_0686,2026-02-12,3052.354312805964,True,G_0c7fa1,True
V_7279d8b7,U_0509,2026-02-12,4944.893016554795,True,G_0c7fa1,False
V_1624324233,U_0687,2026-02-12,8409.828931335145,False,,False
V_07138348,U_0716,2026-02-12,2808.3146711366207,True,G_f2ee30,True
V_9a5f9708,U_0700,2026-02-12,2415.4912510966765,True,G_f2ee30,False
V_4c151036,U_0726,2026-02-12,3446.103131842047,True,G_f2ee30,False
V_b815bf2b,U_0007,2026-02-12,7256.172874874094,True,G_f2ee30,False
V_7cd7ad5a,U_0707,2026-02-12,3234.8235208008705,True,G_f2ee30,False
V_a6ee6c3a,U_0454,2026-02-12,3512.537853122462,True,G_f2ee30,False
V_f92f4345,U_0722,2026-02-12,6043.785673303277,True,G_ae44a8,True
V_af5dfd18,U_0080,2026-02-12,6718.259787736252,True,G_ae44a8,False
V_bb8d1c13,U_0184,2026-02-12,2300.0264222452256,True,G_ae44a8,False
V_87d96a66,U_0036,2026-02-12,3269.6277138066107,True,G_ae44a8,False
V_889023921,U_0735,2026-02-12,3226.8327498745816,False,,False
V_78528818,U_0747,2026-02-12,3822.638414305888,False,,False
V_2592522711,U_0758,2026-02-12,7161.961125604852,False,,False
V_3608685107,U_0791,2026-02-12,5190.52786397975,False,,False
V_99e98cf9,U_0800,2026-02-12,4050.4213548015186,True,G_e5c07f,True
V_8984377b,U_0526,2026-02-12,5514.657650980199,True,G_e5c07f,False
V_e2674952,U_0061,2026-02-12,2005.2910180623605,True,G_e5c07f,False
V_a2a0940b,U_0071,2026-02-12,4285.3079856543145,True,G_e5c07f,False
V_4dee80c9,U_0819,2026-02-12,2777.6123478050386,True,G_23adf2,True
V_39fa48b1,U_0431,2026-02-12,5559.369183891421,True,G_23adf2,False
V_dfc6d0b7,U_0146,2026-02-12,4921.823199182778,True,G_23adf2,False
V_0e451739,U_0920,2026-02-12,4067.3760584283646,True,G_23adf2,False
V_189ce380,U_0548,2026-02-12,9824.64326349873,True,G_23adf2,False
V_be5ea6d3,U_0792,2026-02-12,3758.9794278959976,True,G_23adf2,False
V_2644248020,U_0823,2026-02-12,6104.689908995001,False,,False
V_474076f0,U_0858,2026-02-12,4587.918655974184,True,G_75bc1c,True
V_c2bff042,U_0896,2026-02-12,10012.256998989535,True,G_75bc1c,False
V_bac0e34d,U_0822,2026-02-12,2757.85260854572,True,G_75bc1c,False
V_e5d77a4b,U_0201,2026-02-12,2734.486117782839,True,G_75bc1c,False
V_3c2b7d70,U_0022,2026-02-12,2501.2540145371486,True,G_75bc1c,False
V_b318432e,U_0713,2026-02-12,1995.596263302681,True,G_75bc1c,False
V_b0dffe2d,U_0920,2026-02-12,4018.8383792695117,True,G_c4bad4,True
V_84dc282a,U_0215,2026-02-12,6004.30033973999,True,G_c4bad4,False
V_2950177325,U_0936,2026-02-12,5293.409481773691,False,,False
V_579310794,U_0970,2026-02-12,2039.5495473895153,False,,False
V_2731533701,U_0972,2026-02-12,8257.551748054106,False,,False
V_1402506590,U_0998,2026-02-12,5237.12075970228,False,,False
V_2510024818,U_0004,2026-02-13,3705.7915950380034,False,,False
V_715870938,U_0059,2026-02-13,5114.431334392331,False,,False
V_3894772852,U_0112,2026-02-13,6591.77311037013,False,,False
V_930210849,U_0178,2026-02-13,7469.259620723325,False,,False
V_3102847232,U_0190,2026-02-13,7390.340146190286,False,,False
V_9a93428f,U_0209,2026-02-13,4405.571350004716,True,G_1ad0c5,True
V_cfb92d2b,U_0232,2026-02-13,5398.547788484616,True,G_1ad0c5,False
V_6379636e,U_0704,2026-02-13,8803.391330836293,True,G_1ad0c5,False
V_f86e8579,U_0596,2026-02-13,3115.859033654703,True,G_1ad0c5,False
V_e5bacdab,U_0263,2026-02-13,4442.744195821594,True,G_8a3941,True
V_468270a8,U_0445,2026-02-13,12732.255713526063,True,G_8a3941,False
V_9953995a,U_0153,2026-02-13,3456.5564669143278,True,G_8a3941,False
V_b3c4f7cd,U_0209,2026-02-13,5415.195849830185,True,G_8a3941,False
V_83fe5c7f,U_0349,2026-02-13,4637.250504829647,True,G_8a3941,False
V_3473048553,U_0345,2026-02-13,9717.448773876407,False,,False
V_29acd7ba,U_0353,2026-02-13,2376.602874703004,True,G_d0be35,True
V_470c9808,U_0680,2026-02-13,3168.812057137895,True,G_d0be35,False
V_8ec353a4,U_0463,2026-02-13,4031.8769207520622,True,G_d0be35,False
V_6fc6183e,U_0358,2026-02-13,5228.800740012865,True,G_9ad17b,True
V_1373f97d,U_0915,2026-02-13,5656.518685384403,True,G_9ad17b,False
V_b73c10c6,U_0938,2026-02-13,4262.542573044484,True,G_9ad17b,False
V_a57e1e03,U_0016,2026-02-13,3973.698253031168,True,G_9ad17b,False
V_815949492,U_0378,2026-02-13,4975.78400987926,False,,False
V_84e27f52,U_0387,2026-02-13,12455.902493430856,True,G_828bc0,True
V_c071e619,U_0672,2026-02-13,3269.936281120562,True,G_828bc0,False
V_df28279f,U_0794,2026-02-13,6198.944019581043,True,G_828bc0,False
V_facdb1e1,U_0646,2026-02-13,9111.155139373514,True,G_828bc0,False
V_9d7ea10d,U_0977,2026-02-13,7308.805720904224,True,G_828bc0,False
V_1c507dc3,U_0513,2026-02-13,9691.83335169548,True,G_828bc0,False
V_2045520994,U_0391,2026-02-13,8566.881776431706,False,,False
V_2849771011,U_0534,2026-02-13,5626.454522700442,False,,False
V_1569474846,U_0554,2026-02-13,5449.957047677982,False,,False
V_3177979484,U_0594,2026-02-13,6420.372123670511,False,,False
V_98aae663,U_0600,2026-02-13,4225.055285692553,True,G_f22d28,True
V_e2fb0432,U_0166,2026-02-13,6028.473507672899,True,G_f22d28,False
V_5c43d278,U_0504,2026-02-13,2315.761871622342,True,G_f22d28,False
V_7ddd0d73,U_0012,2026-02-13,4857.419990433572,True,G_f22d28,False
V_0d793645,U_0933,2026-02-13,5382.195391497347,True,G_f22d28,False
V_1031719041,U_0635,2026-02-13,3413.3186466886928,False,,False
V_394645059,U_0674,2026-02-13,2814.8302493723786,False,,False
V_1098836210,U_0705,2026-02-13,4221.0715590741565,False,,False
V_549d1dce,U_0722,2026-02-13,6393.1031604307145,True,G_b1165a,True
V_313b7a74,U_0815,2026-02-13,4844.388684508434,True,G_b1165a,False
V_22afb3f0,U_0459,2026-02-13,1994.5571164736978,True,G_b1165a,False
V_92b2f995,U_0992,2026-02-13,3293.458910658204,True,G_b1165a,False
V_e57dd828,U_0661,2026-02-13,5296.844127486008,True,G_b1165a,False
V_0728dc52,U_0735,2026-02-13,7491.993763465275,True,G_337591,True
V_5d5aa8b1,U_0727,2026-02-13,11897.38827908235,True,G_337591,False
V_da4b3fa3,U_0414,2026-02-13,4651.178574702394,True,G_337591,False
V_2540197573,U_0755,2026-02-13,9894.969938776507,False,,False
V_374941371,U_0766,2026-02-13,4975.800170802386,False,,False
V_a059a29e,U_0790,2026-02-13,5980.741372930994,True,G_64670a,True
V_dbf7daec,U_0449,2026-02-13,3487.740686611611,True,G_64670a,False
V_cc5a3394,U_0573,2026-02-13,4301.285650367522,True,G_64670a,False
V_b20bdfb5,U_0537,2026-02-13,5353.596552809672,True,G_64670a,False
V_0b016e65,U_0827,2026-02-13,5361.938885247186,True,G_111ed1,True
V_03637dfc,U_0041,2026-02-13,4827.405343822841,True,G_111ed1,False
V_62a80009,U_0669,2026-02-13,2753.3097256782935,True,G_111ed1,False
V_ec969fc7,U_0788,2026-02-13,4338.143669866475,True,G_111ed1,False
V_644216474,U_0864,2026-02-13,3601.0276840963306,False,,False
V_3683981982,U_0882,2026-02-13,2653.163906103216,False,,False
V_f3f50059,U_0884,2026-02-13,5432.686406943623,True,G_e1a737,True
V_59190221,U_0659,2026-02-13,3657.9230650974305,True,G_e1a737,False
V_0b83b1b3,U_0896,2026-02-13,8482.270510196995,True,G_b97e26,True
V_8cff275b,U_0295,2026-02-13,4137.03626373327,True,G_b97e26,False
V_401266069,U_0902,2026-02-13,9467.269707142075,False,,False
V_322764201,U_0910,2026-02-13,5343.861277387766,False,,False
V_ecd37313,U_0974,2026-02-13,12109.043600501329,True,G_58ddde,True
V_2237f8f2,U_0869,2026-02-13,3764.2027263010505,True,G_58ddde,False
V_e23d260d,U_0241,2026-02-13,2068.945674326384,True,G_58ddde,False
V_efffbfd2,U_0682,2026-02-13,10521.279518725465,True,G_58ddde,False
V_467423798,U_0975,2026-02-13,2452.7202004004776,False,,False
V_561596575,U_0977,2026-02-13,9419.69980766548,False,,False
V_de4f1ca1,U_0999,2026-02-13,7222.160460511017,True,G_843ef0,True
V_7fcf5dfc,U_0121,2026-02-13,4807.071564721922,True,G_843ef0,False
V_4b921485,U_0252,2026-02-13,6771.717800984776,True,G_843ef0,False
V_32018116,U_0278,2026-02-13,4280.317293045485,True,G_843ef0,False
V_59796dee,U_0856,2026-02-13,2315.839410314121,True,G_843ef0,False
V_2fba10c0,U_0019,2026-02-13,6442.529889985441,True,G_2c9114,True
V_ed12f885,U_0609,2026-02-13,3460.631726713705,True,G_2c9114,False
V_34dc6abf,U_0216,2026-02-13,2078.996674767965,True,G_2c9114,False
V_673a30d3,U_0403,2026-02-13,5542.491663437417,True,G_2c9114,False
V_69232cf9,U_0367,2026-02-13,6975.028508776172,True,G_2c9114,False
V_2020843221,U_0036,2026-02-13,8232.597290496018,False,,False
V_f993ca8f,U_0055,2026-02-13,7654.444067139597,True,G_e666a8,True
V_ecc3a403,U_0982,2026-02-13,9005.447873355868,True,G_e666a8,False
V_29e39147,U_0221,2026-02-13,7724.341192945431,True,G_e666a8,False
V_1b17dff3,U_0194,2026-02-13,8720.495429206152,True,G_e666a8,False
V_2604024812,U_0060,2026-02-13,3096.77291667574,False,,False
V_667025969,U_0061,2026-02-13,6847.220407065148,False,,False
V_b3d828bf,U_0070,2026-02-13,5946.348139587135,True,G_d9df1f,True
V_b81beaaf,U_0948,2026-02-13,6656.604657935417,True,G_d9df1f,False
V_31d601cf,U_0392,2026-02-13,7138.121251523598,True,G_d9df1f,False
V_c51209f9,U_0274,2026-02-13,5330.878089363176,True,G_d9df1f,False
V_6ad8a1a0,U_0998,2026-02-13,2399.0623709958777,True,G_d9df1f,False
V_2495063392,U_0075,2026-02-13,8094.66618562234,False,,False
V_73915d32,U_0152,2026-02-13,3887.0589593432146,True,G_f0f1ee,True
V_9e5d5be2,U_0890,2026-02-13,5653.057158997298,True,G_f0f1ee,False
V_2e3d95da,U_0722,2026-02-13,7769.597295256797,True,G_f0f1ee,False
V_1154e392,U_0325,2026-02-13,6358.41337018415,True,G_f0f1ee,False
V_20be78d8,U_0471,2026-02-13,4031.875447196942,True,G_f0f1ee,False
V_377514e1,U_0291,2026-02-13,5510.54911163648,True,G_f0f1ee,False
V_2676312914,U_0158,2026-02-13,2043.4170594644713,False,,False
V_59883319,U_0184,2026-02-13,3619.4541463813725,False,,False
V_df737a14,U_0186,2026-02-13,3477.8095829755734,True,G_f39fdc,True
V_ab1e59b7,U_0242,2026-02-13,2078.130037049623,True,G_f39fdc,False
V_f13fcdce,U_0629,2026-02-13,3684.929693647012,True,G_f39fdc,False
V_85a94c48,U_0233,2026-02-13,2780.1916341358938,True,G_f39fdc,False
V_02a522c8,U_0064,2026-02-13,2404.5621894990422,True,G_f39fdc,False
V_2034208933,U_0206,2026-02-13,5186.709078926617,False,,False
V_1108942442,U_0218,2026-02-13,9477.738972956582,False,,False
V_1280446574,U_0274,2026-02-13,13039.829597152842,False,,False
V_3362269976,U_0321,2026-02-13,5948.21340667962,False,,False
V_989668730,U_0348,2026-02-13,4767.572484273693,False,,False
V_95eb0b2f,U_0385,2026-02-13,4681.303904421584,True,G_b00b80,True
V_642296af,U_0268,2026-02-13,7127.181966350423,True,G_b00b80,False
V_40c5525a,U_0426,2026-02-13,3172.9268323724145,True,G_054251,True
V_7b2d6b53,U_0596,2026-02-13,3361.9871815735924,True,G_054251,False
V_1976617730,U_0468,2026-02-13,13081.0932100942,False,,False
V_b9312f87,U_0517,2026-02-13,2955.242429829898,True,G_92734e,True
V_76d31c0b,U_0696,2026-02-13,5947.241905095442,True,G_92734e,False
V_46fd773f,U_0843,2026-02-13,6863.767615600129,True,G_92734e,False
V_992fb213,U_0920,2026-02-13,3630.482353110256,True,G_92734e,False
V_39719715,U_0887,2026-02-13,5304.955785239832,True,G_92734e,False
V_01b9388f,U_0670,2026-02-13,4649.242359359698,True,G_92734e,False
V_a6c21c16,U_0532,2026-02-13,6161.594249569061,True,G_b49fdc,True
V_448d6beb,U_0392,2026-02-13,5815.099129515092,True,G_b49fdc,False
V_5a5c0e41,U_0739,2026-02-13,2630.729926085977,True,G_b49fdc,False
V_cb813673,U_0260,2026-02-13,5791.772462053565,True,G_b49fdc,False
V_6040b016,U_0221,2026-02-13,7844.716245996956,True,G_b49fdc,False
V_743544749,U_0563,2026-02-13,4612.661183725086,False,,False
V_1281939007,U_0593,2026-02-13,4078.7302259100156,False,,False
V_1570357294,U_0611,2026-02-13,5434.503262976854,False,,False
V_2908901704,U_0654,2026-02-13,7937.349305229144,False,,False
V_b25f71c6,U_0672,2026-02-13,4316.417007036065,True,G_9a973c,True
V_19a30a97,U_0591,2026-02-13,5842.143119090454,True,G_9a973c,False
V_0e228c39,U_0075,2026-02-13,9512.777360144251,True,G_9a973c,False
V_3179799911,U_0689,2026-02-13,3190.7532156210086,False,,False
V_3649645714,U_0706,2026-02-13,3641.953695357101,False,,False
V_1834724018,U_0738,2026-02-13,5706.660494800031,False,,False
V_1301019393,U_0741,2026-02-13,2460.7472879036186,False,,False
V_3760464d,U_0758,2026-02-13,3578.40112139257,True,G_1267ab,True
V_abc6a1a1,U_0672,2026-02-13,3651.565702830243,True,G_1267ab,False
V_48ab06c9,U_0429,2026-02-13,10967.402856543582,True,G_1267ab,False
V_920ba31c,U_0124,2026-02-13,2890.2999072731996,True,G_1267ab,False
V_0088e2c9,U_0943,2026-02-13,2508.2300388078206,True,G_1267ab,False
V_c775ea53,U_0560,2026-02-13,8658.111257156155,True,G_1267ab,False
V_809dd3ab,U_0763,2026-02-13,2110.9579940075373,True,G_5522cc,True
V_199fdd9f,U_0950,2026-02-13,3511.556623961868,True,G_5522cc,False
V_593b5b3d,U_0906,2026-02-13,2936.917907490115,True,G_5522cc,False
V_d54cbeb2,U_0526,2026-02-13,5113.477762166792,True,G_5522cc,False
V_6702e536,U_0770,2026-02-13,10371.270651609264,True,G_c6c252,True
V_0546794a,U_0895,2026-02-13,4868.794461630674,True,G_c6c252,False
V_9e47a8a1,U_0625,2026-02-13,5966.404738128878,True,G_c6c252,False
V_387fd7e9,U_0772,2026-02-13,6453.311507949076,True,G_c6c252,False
V_071ea36f,U_0563,2026-02-13,2180.0506071721798,True,G_c6c252,False
V_4a1d6a66,U_0789,2026-02-13,3357.353282383984,True,G_8e0f65,True
V_441bbe3a,U_0101,2026-02-13,4024.1712720542437,True,G_8e0f65,False
V_61654716,U_0459,2026-02-13,1822.592865422183,True,G_8e0f65,False
V_1908116647,U_0794,2026-02-13,8984.48835036278,False,,False
V_1927405856,U_0800,2026-02-13,5457.815444182179,False,,False
V_c754949a,U_0822,2026-02-13,3180.511870153843,True,G_0330cb,True
V_78bb550c,U_0920,2026-02-13,2788.452130163725,True,G_0330cb,False
V_8b71e81d,U_0601,2026-02-13,2438.3905743627047,True,G_0330cb,False
V_471d04bb,U_0832,2026-02-13,2742.8526515533413,True,G_ed9e88,True
V_2a6ac7f5,U_0906,2026-02-13,2818.3689664536882,True,G_ed9e88,False
V_3307ef7a,U_0063,2026-02-13,3942.2473831676675,True,G_ed9e88,False
V_3252886117,U_0879,2026-02-13,11206.543870671663,False,,False
V_219ca28d,U_0940,2026-02-13,2357.726946553101,True,G_90b589,True
V_10dfdf19,U_0636,2026-02-13,9689.338159786304,True,G_90b589,False
V_656a22fd,U_0330,2026-02-13,3515.8980670258943,True,G_90b589,False
V_546eccd4,U_0831,2026-02-13,4983.948506065307,True,G_90b589,False
V_78a2204c,U_0900,2026-02-13,5404.34868386364,True,G_90b589,False
V_dc21294c,U_0857,2026-02-13,2351.514171521418,True,G_90b589,False
V_2938875380,U_0008,2026-02-14,2458.348919261243,False,,False
V_caa9f508,U_0024,2026-02-14,10613.928986852778,True,G_169887,True
V_16f8e065,U_0560,2026-02-14,9405.90258209434,True,G_169887,False
V_1428520595,U_0082,2026-02-14,5242.5614429396155,False,,False
V_2438344859,U_0087,2026-02-14,8163.449483937675,False,,False
V_356121993,U_0104,2026-02-14,3591.1678148778356,False,,False
V_960773602,U_0165,2026-02-14,4365.570163657003,False,,False
V_1114174128,U_0238,2026-02-14,7143.266752231283,False,,False
V_a43de647,U_0269,2026-02-14,5225.663867874408,True,G_b7b058,True
V_3ccebe6d,U_0692,2026-02-14,6249.984587619997,True,G_b7b058,False
V_f4ced127,U_0287,2026-02-14,2024.1388405209602,True,G_ed53d2,True
V_0c99a5b1,U_0660,2026-02-14,2964.920994446183,True,G_ed53d2,False
V_1234966758,U_0331,2026-02-14,5005.07794349891,False,,False
V_302194944,U_0365,2026-02-14,4327.901707201891,False,,False
V_2425746354,U_0384,2026-02-14,3629.967013589549,False,,False
V_4e0edab4,U_0416,2026-02-14,3303.2525029118224,True,G_2ff92b,True
V_8df39c23,U_0224,2026-02-14,3286.7727249321647,True,G_2ff92b,False
V_84e85964,U_0425,2026-02-14,5528.67527196884,True,G_49af15,True
V_b6bead13,U_0071,2026-02-14,4141.726234283031,True,G_49af15,False
V_50ebe64a,U_0106,2026-02-14,2875.1658336200117,True,G_49af15,False
V_18666dac,U_0513,2026-02-14,10585.447696719439,True,G_49af15,False
V_946c2f37,U_0938,2026-02-14,5202.887773444407,True,G_49af15,False
V_16f90ff6,U_0451,2026-02-14,4991.417587032574,True,G_49af15,False
V_2824960133,U_0452,2026-02-14,2869.2462495289064,False,,False
V_f58aa135,U_0458,2026-02-14,11330.954733036651,True,G_c309f1,True
V_db09e4f7,U_0773,2026-02-14,5825.954687761039,True,G_c309f1,False
V_2423138610,U_0489,2026-02-14,3632.348241654046,False,,False
V_2017542455,U_0493,2026-02-14,7413.986344406647,False,,False
V_b6d41d46,U_0523,2026-02-14,3943.1110279829036,True,G_af1346,True
V_fe37279e,U_0919,2026-02-14,2680.128646599838,True,G_af1346,False
V_0066529c,U_0536,2026-02-14,5643.690854324318,True,G_c08649,True
V_4abab080,U_0473,2026-02-14,5357.852522742051,True,G_c08649,False
V_3883495670,U_0537,2026-02-14,5627.269065929015,False,,False
V_352929250,U_0581,2026-02-14,8660.214596450125,False,,False
V_2944001673,U_0595,2026-02-14,5079.990254571536,False,,False
V_58ef6e9d,U_0638,2026-02-14,4010.662729236433,True,G_353817,True
V_030bc02f,U_0071,2026-02-14,3490.4328135002456,True,G_353817,False
V_b99876d5,U_0815,2026-02-14,6311.110198554008,True,G_353817,False
V_303d6e58,U_0094,2026-02-14,4890.802185076241,True,G_353817,False
V_cfbc7e5c,U_0714,2026-02-14,4611.676409407016,True,G_353817,False
V_3768657373,U_0653,2026-02-14,4916.569270207042,False,,False
V_f8ca3484,U_0688,2026-02-14,5477.991456351042,True,G_3786a7,True
V_69867d2d,U_0598,2026-02-14,2828.194753502924,True,G_3786a7,False
V_2addd2ed,U_0451,2026-02-14,5512.6651971748,True,G_3786a7,False
V_096bc313,U_0326,2026-02-14,5410.164052189603,True,G_3786a7,False
V_3ff7caf8,U_0308,2026-02-14,5210.781854579352,True,G_3786a7,False
V_efe8a9dd,U_0367,2026-02-14,6447.162005145396,True,G_3786a7,False
V_3035947683,U_0748,2026-02-14,6016.792711623143,False,,False
V_3118131909,U_0846,2026-02-14,5060.068473200119,False,,False
V_2042329374,U_0885,2026-02-14,10056.235012270072,False,,False
V_862289656,U_0901,2026-02-14,3834.051793135854,False,,False
V_2311758028,U_0902,2026-02-14,11281.584022903402,False,,False
V_98c30ec8,U_0917,2026-02-14,6727.684923508303,True,G_ae3988,True
V_d6eb0d2a,U_0755,2026-02-14,12916.909240365225,True,G_ae3988,False
V_c08cc296,U_0897,2026-02-14,9035.074498109478,True,G_ae3988,False
V_f9006b0e,U_0826,2026-02-14,8067.42191207454,True,G_ae3988,False
V_9ce5c1aa,U_0937,2026-02-14,10193.814420762641,True,G_091d18,True
V_1c49983d,U_0068,2026-02-14,3797.918253081836,True,G_091d18,False
V_dfe06ec4,U_0019,2026-02-14,8523.82907795547,True,G_091d18,False
V_b067b291,U_0560,2026-02-14,8354.662671070637,True,G_091d18,False
V_bd92d858,U_0704,2026-02-14,7438.475558057456,True,G_091d18,False
V_1bfeff87,U_0941,2026-02-14,3209.3881528001957,True,G_34a2fe,True
V_40d012a9,U_0868,2026-02-14,6297.601268502891,True,G_34a2fe,False
V_1824572023,U_0992,2026-02-14,3152.2815627030495,False,,False
V_115172340,U_0020,2026-02-14,4246.721194511227,False,,False
V_8e01887d,U_0036,2026-02-14,3563.45297394439,True,G_699ce1,True
V_1d443271,U_0736,2026-02-14,3742.2436551304636,True,G_699ce1,False
V_b4f061fb,U_0024,2026-02-14,13993.523450920493,True,G_699ce1,False
V_247fd4cb,U_0032,2026-02-14,4542.218589845539,True,G_699ce1,False
V_48fd219b,U_0614,2026-02-14,12117.769017333669,True,G_699ce1,False
V_80495295,U_0037,2026-02-14,3272.6151322535493,False,,False
V_0f48225d,U_0046,2026-02-14,3448.6200596214894,True,G_2278d3,True
V_08490a62,U_0687,2026-02-14,2695.74246584085,True,G_2278d3,False
V_264678b2,U_0802,2026-02-14,8850.52134339486,True,G_2278d3,False
V_755c3c4a,U_0798,2026-02-14,3621.685139081232,True,G_2278d3,False
V_3fb24c1a,U_0866,2026-02-14,13617.977286391142,True,G_2278d3,False
V_c0b4b1c3,U_0092,2026-02-14,3347.6682882979694,True,G_41d9b2,True
V_fe92a7eb,U_0194,2026-02-14,7022.960325569597,True,G_41d9b2,False
V_61229a95,U_0357,2026-02-14,3163.932719802087,True,G_41d9b2,False
V_2269845732,U_0105,2026-02-14,4909.40516925905,False,,False
V_aa28563d,U_0124,2026-02-14,2548.864063470672,True,G_8b50aa,True
V_6826a43e,U_0802,2026-02-14,11128.520947350464,True,G_8b50aa,False
V_2365198051,U_0142,2026-02-14,5223.119130101426,False,,False
V_5c2a5e06,U_0166,2026-02-14,6231.662110652409,True,G_1e6a6a,True
V_b4999dc6,U_0458,2026-02-14,11135.656025354096,True,G_1e6a6a,False
V_5541cb7c,U_0920,2026-02-14,3804.9149416870227,True,G_1e6a6a,False
V_82f17887,U_0173,2026-02-14,5957.52861952246,True,G_1e6a6a,False
V_1054477768,U_0178,2026-02-14,7116.555411551174,False,,False
V_1377389,U_0211,2026-02-14,9579.846577699513,False,,False
V_2623092316,U_0252,2026-02-14,4218.883959837255,False,,False
V_61b61636,U_0306,2026-02-14,5690.951581365928,True,G_99dd32,True
V_a71c7816,U_0828,2026-02-14,4329.488004302019,True,G_99dd32,False
V_25bab9a9,U_0977,2026-02-14,7786.161155788106,True,G_99dd32,False
V_55a1a36e,U_0159,2026-02-14,2631.153027857901,True,G_99dd32,False
V_49fa516c,U_0968,2026-02-14,3521.0271216722226,True,G_99dd32,False
V_f76afd9f,U_0334,2026-02-14,3554.4174365474914,True,G_e81bbc,True
V_caa12caa,U_0104,2026-02-14,3453.783897553478,True,G_e81bbc,False
V_aaefe8b1,U_0227,2026-02-14,3038.3641709846465,True,G_e81bbc,False
V_ece784f1,U_0007,2026-02-14,6856.918728890284,True,G_e81bbc,False
V_0be5985e,U_0475,2026-02-14,4200.9076341516875,True,G_e81bbc,False
V_2530473908,U_0342,2026-02-14,2754.259498821171,False,,False
V_2349075603,U_0438,2026-02-14,5109.417086433736,False,,False
V_3760477899,U_0476,2026-02-14,2279.3016447081686,False,,False
V_f5feedae,U_0628,2026-02-14,10442.217319736594,True,G_0d1cc4,True
V_bf56a9be,U_0562,2026-02-14,3294.0681673564304,True,G_0d1cc4,False
V_dd7edad5,U_0997,2026-02-14,3365.426808591338,True,G_0d1cc4,False
V_6f47fe63,U_0108,2026-02-14,3503.0287701995508,True,G_0d1cc4,False
V_1bf6a17a,U_0949,2026-02-14,2521.0106673957553,True,G_0d1cc4,False
V_1838900120,U_0638,2026-02-14,3863.9549924213084,False,,False
V_6a76bff5,U_0764,2026-02-14,2898.360507257403,True,G_6e9da1,True
V_b0d15b8b,U_0566,2026-02-14,3492.5945902253056,True,G_6e9da1,False
V_aa0151aa,U_0369,2026-02-14,5539.047170015825,True,G_6e9da1,False
V_0c3ed7b1,U_0403,2026-02-14,5656.118184648617,True,G_6e9da1,False
V_8d9180c2,U_0529,2026-02-14,5814.317115895421,True,G_6e9da1,False
V_5b3dda00,U_0195,2026-02-14,6034.794291916454,True,G_6e9da1,False
V_2355306326,U_0792,2026-02-14,3839.4579387874137,False,,False
V_77eb1214,U_0804,2026-02-14,4570.523265061342,True,G_e386fd,True
V_6fc2e3c5,U_0655,2026-02-14,6331.660253381089,True,G_e386fd,False
V_2cea2257,U_0039,2026-02-14,2588.6554452013047,True,G_e386fd,False
V_c16a2fc5,U_0456,2026-02-14,10245.934270070582,True,G_e386fd,False
V_957de6eb,U_0458,2026-02-14,10204.722787700606,True,G_e386fd,False
V_65934db2,U_0823,2026-02-14,2716.1241209764157,True,G_921746,True
V_daeb7e8e,U_0480,2026-02-14,5278.911020753036,True,G_921746,False
V_467f1378,U_0312,2026-02-14,4396.452628245225,True,G_921746,False
V_fe4fc564,U_0916,2026-02-14,5450.792446116293,True,G_921746,False
V_4294234729,U_0839,2026-02-14,8620.37934659985,False,,False
V_3974879755,U_0869,2026-02-14,7563.076219714352,False,,False
V_d91043dc,U_0930,2026-02-14,3261.0583741217492,True,G_eb306f,True
V_b45adce2,U_0966,2026-02-14,3341.9345086237636,True,G_eb306f,False
V_2d6e286c,U_0470,2026-02-14,4085.6596345822336,True,G_eb306f,False
V_ceb8f88e,U_0246,2026-02-14,7616.645308777381,True,G_eb306f,False
V_2617fda5,U_0954,2026-02-14,3413.495418945651,True,G_eb306f,False
V_d07ccaca,U_0053,2026-02-14,3801.57781330366,True,G_eb306f,False
V_584312109,U_0004,2026-02-15,4233.242721506277,False,,False
V_478257145,U_0080,2026-02-15,7041.305694887511,False,,False
V_2692275351,U_0130,2026-02-15,11711.211479646614,False,,False
V_2074801803,U_0138,2026-02-15,4239.543132073782,False,,False
V_241874640,U_0151,2026-02-15,5138.388111280269,False,,False
V_e61daacb,U_0154,2026-02-15,6226.795736726504,True,G_771c72,True
V_01f150e3,U_0734,2026-02-15,7045.718619019369,True,G_771c72,False
V_5d587253,U_0033,2026-02-15,4173.840972305156,True,G_771c72,False
V_d32d638d,U_0200,2026-02-15,3729.1727284763206,True,G_771c72,False
V_881afea9,U_0163,2026-02-15,12892.315366234243,True,G_f2022e,True
V_ef3ab13d,U_0302,2026-02-15,2038.255612852708,True,G_f2022e,False
V_b763b061,U_0614,2026-02-15,11111.768901819134,True,G_f2022e,False
V_833da2ea,U_0265,2026-02-15,6922.075717269043,True,G_f2022e,False
V_c9851847,U_0518,2026-02-15,9000.526983803697,True,G_f2022e,False
V_bc74396e,U_0654,2026-02-15,4078.7463722823513,True,G_f2022e,False
V_1323667089,U_0221,2026-02-15,7134.030258639944,False,,False
V_3063651919,U_0251,2026-02-15,2398.468088704529,False,,False
V_1068128959,U_0260,2026-02-15,7268.666506403937,False,,False
V_2450278714,U_0261,2026-02-15,4351.13691516014,False,,False
V_181873846,U_0295,2026-02-15,4483.431596811076,False,,False
V_b2e981a2,U_0296,2026-02-15,4584.098649905947,True,G_cf557b,True
V_d3c089b9,U_0270,2026-02-15,2495.1574327333115,True,G_cf557b,False
V_62b712a2,U_0240,2026-02-15,6397.29603038342,True,G_cf557b,False
V_1055621043,U_0299,2026-02-15,6112.31093781308,False,,False
V_83170f68,U_0324,2026-02-15,9737.777601234618,True,G_6c8878,True
V_a04bf9b7,U_0804,2026-02-15,5270.027673620915,True,G_6c8878,False
V_498e7d5b,U_0036,2026-02-15,2500.686302754842,True,G_6c8878,False
V_f6b11129,U_0168,2026-02-15,8315.209325873819,True,G_6c8878,False
V_2186757576,U_0330,2026-02-15,3599.2182217094614,False,,False
V_e88ee9a3,U_0355,2026-02-15,4123.24917293723,True,G_2948a0,True
V_34ae1c5a,U_0063,2026-02-15,3406.6374509706166,True,G_2948a0,False
V_a38cfced,U_0381,2026-02-15,2553.3123916709637,True,G_2948a0,False
V_90c022ee,U_0680,2026-02-15,3006.6025697548102,True,G_2948a0,False
V_ee23ce35,U_0201,2026-02-15,3559.08872835914,True,G_2948a0,False
V_cf223be2,U_0689,2026-02-15,6283.431589177956,True,G_2948a0,False
V_2334809954,U_0373,2026-02-15,12006.277588531311,False,,False
V_3935794824,U_0375,2026-02-15,4274.337849010638,False,,False
V_3e886d51,U_0436,2026-02-15,9124.53425192268,True,G_342907,True
V_529bd4e8,U_0206,2026-02-15,6531.409401614856,True,G_342907,False
V_211a4545,U_0154,2026-02-15,5028.079189435269,True,G_342907,False
V_62c9d485,U_0515,2026-02-15,2305.4847459710327,True,G_342907,False
V_956252010,U_0445,2026-02-15,11073.231635716422,False,,False
V_3aacc74a,U_0454,2026-02-15,3921.0419100609083,True,G_08d99f,True
V_fd35c730,U_0748,2026-02-15,6908.287908040123,True,G_08d99f,False
V_bc1d4184,U_0574,2026-02-15,5268.293358287005,True,G_08d99f,False
V_42fe00f6,U_0958,2026-02-15,3304.0918171035537,True,G_08d99f,False
V_2197484207,U_0464,2026-02-15,6584.457069118621,False,,False
V_3879095100,U_0525,2026-02-15,2242.1405645136983,False,,False
V_514488301,U_0541,2026-02-15,5428.8251009720225,False,,False
V_f95858ba,U_0559,2026-02-15,2250.2107075449817,True,G_164dbc,True
V_0fc7ab73,U_0184,2026-02-15,2985.1150210432893,True,G_164dbc,False
V_ef75d524,U_0690,2026-02-15,3126.49813064009,True,G_164dbc,False
V_4728055d,U_0504,2026-02-15,3242.6198241772895,True,G_164dbc,False
V_d25eb8d5,U_0643,2026-02-15,2543.3210138660875,True,G_164dbc,False
V_7edd80a0,U_0448,2026-02-15,3555.421050109572,True,G_164dbc,False
V_528308680,U_0560,2026-02-15,10356.741783905713,False,,False
V_8c7297fb,U_0567,2026-02-15,7195.042770096637,True,G_918153,True
V_8c901c1c,U_0614,2026-02-15,9487.218718575305,True,G_918153,False
V_cd6d81f4,U_0761,2026-02-15,1747.2656690806307,True,G_918153,False
V_12d18a94,U_0074,2026-02-15,1889.0221974034434,True,G_918153,False
V_220817a0,U_0345,2026-02-15,10859.720655261453,True,G_918153,False
V_d9de17c2,U_0338,2026-02-15,11820.13046104329,True,G_918153,False
V_a109d18f,U_0585,2026-02-15,2004.5887823828432,True,G_026c19,True
V_1e0a8da5,U_0419,2026-02-15,2686.935832881316,True,G_026c19,False
V_927d456d,U_0144,2026-02-15,2618.393879290637,True,G_026c19,False
V_4a9ab779,U_0064,2026-02-15,2052.1876041267406,True,G_026c19,False
V_afe54070,U_0611,2026-02-15,5562.308706814993,True,G_53b060,True
V_6dc8afa1,U_0890,2026-02-15,7339.507574392662,True,G_53b060,False
V_ae1096fa,U_0847,2026-02-15,6884.681185237397,True,G_53b060,False
V_dcd273f5,U_0633,2026-02-15,2591.719052484764,True,G_53b060,False
V_d68acb2c,U_0580,2026-02-15,5543.409949087993,True,G_53b060,False
V_8003ff71,U_0817,2026-02-15,4839.096355389395,True,G_53b060,False
V_837c96fd,U_0704,2026-02-15,9303.050960426026,True,G_01a18b,True
V_d48f7c80,U_0718,2026-02-15,9734.712683299727,True,G_01a18b,False
V_54dd38ef,U_0207,2026-02-15,3738.389709300593,True,G_01a18b,False
V_0ac80245,U_0654,2026-02-15,2974.876086752538,True,G_01a18b,False
V_2f972c87,U_0373,2026-02-15,13104.266257115269,True,G_01a18b,False
V_2165580863,U_0768,2026-02-15,5757.781418187422,False,,False
V_3519148176,U_0773,2026-02-15,5081.80585995241,False,,False
V_396489615,U_0780,2026-02-15,2714.192753989506,False,,False
V_8800588b,U_0785,2026-02-15,5204.26038203929,True,G_759f9a,True
V_ff4673f3,U_0423,2026-02-15,3439.1989603179177,True,G_759f9a,False
V_2daa5539,U_0928,2026-02-15,3301.0213016376156,True,G_759f9a,False
V_daf001fb,U_0473,2026-02-15,5689.195439287406,True,G_759f9a,False
V_e9638892,U_0403,2026-02-15,5347.146657016293,True,G_759f9a,False
V_9ed60151,U_0710,2026-02-15,3145.3412486444226,True,G_759f9a,False
V_6be00d1d,U_0792,2026-02-15,3460.682517879822,True,G_e0e7a3,True
V_77ba9526,U_0948,2026-02-15,7051.04539573706,True,G_e0e7a3,False
V_024ab73d,U_0710,2026-02-15,3881.191481491954,True,G_e0e7a3,False
V_4d747cf5,U_0815,2026-02-15,4599.561822639324,True,G_e0e7a3,False
V_bb791d22,U_0211,2026-02-15,5128.076136949395,True,G_e0e7a3,False
V_485a93d4,U_0025,2026-02-15,3519.2074077043208,True,G_e0e7a3,False
V_829312185,U_0800,2026-02-15,4404.404931433626,False,,False
V_f0835282,U_0810,2026-02-15,4545.035247352539,True,G_b41c6e,True
V_e83b7f81,U_0764,2026-02-15,2463.9029458752725,True,G_b41c6e,False
V_8b96507d,U_0785,2026-02-15,6060.204079842192,True,G_b41c6e,False
V_8adcd39c,U_0310,2026-02-15,2972.8592985244395,True,G_b41c6e,False
V_72fcb586,U_0005,2026-02-15,3859.227957656307,True,G_b41c6e,False
V_ff61382e,U_0834,2026-02-15,3330.769550984925,True,G_2d9481,True
V_b42c2dfe,U_0149,2026-02-15,3004.761512039416,True,G_2d9481,False
V_f554c1da,U_0566,2026-02-15,3310.528026172848,True,G_2d9481,False
V_ed7d41d9,U_0885,2026-02-15,7912.297796186642,True,G_5c4de8,True
V_a908acb0,U_0582,2026-02-15,5273.019752830868,True,G_5c4de8,False
V_46de8d51,U_0373,2026-02-15,10719.372176355215,True,G_5c4de8,False
V_7d54c434,U_0218,2026-02-15,3287.6618285219784,True,G_5c4de8,False
V_d2fa33ca,U_0839,2026-02-15,3274.0597266376885,True,G_5c4de8,False
V_cd28926b,U_0929,2026-02-15,6535.6102557582935,True,G_584f30,True
V_de81f80c,U_0121,2026-02-15,4549.588082030229,True,G_584f30,False
V_049a1937,U_0143,2026-02-15,3693.6437958038823,True,G_584f30,False
V_2867540564,U_0951,2026-02-15,10339.949237462162,False,,False
V_1749787507,U_0018,2026-02-15,1833.8550641583406,False,,False
V_1205650772,U_0024,2026-02-15,3109.580939466029,False,,False
V_9465895b,U_0032,2026-02-15,3756.1063873195994,True,G_f2802c,True
V_c0740176,U_0794,2026-02-15,6701.725103255789,True,G_f2802c,False
V_1855735863,U_0053,2026-02-15,3274.3634540037565,False,,False
V_3783276717,U_0069,2026-02-15,2181.5643982505044,False,,False
V_a9842e4a,U_0084,2026-02-15,2359.4144734147058,True,G_9ec7cb,True
V_7091b2f7,U_0475,2026-02-15,4090.5379097026516,True,G_9ec7cb,False
V_1655172733,U_0179,2026-02-15,4023.7937824617616,False,,False
V_1712889407,U_0190,2026-02-15,1875.4932650835542,False,,False
V_3558671051,U_0208,2026-02-15,9008.763880686422,False,,False
V_2889408813,U_0222,2026-02-15,2061.4421244149294,False,,False
V_3990264863,U_0294,2026-02-15,3059.5638376192182,False,,False
V_260446f1,U_0331,2026-02-15,4947.648174789528,True,G_b7b82e,True
V_321f2c1e,U_0712,2026-02-15,3451.7726442251856,True,G_b7b82e,False
V_8e0fbd27,U_0846,2026-02-15,6134.316127055449,True,G_b7b82e,False
V_0c4dca6d,U_0488,2026-02-15,4763.562220437884,True,G_b7b82e,False
V_17897963,U_0391,2026-02-15,7352.883889160804,True,G_197a28,True
V_f6e8a77f,U_0402,2026-02-15,3849.5894526788743,True,G_197a28,False
V_eaec9051,U_0957,2026-02-15,2497.309711800377,True,G_197a28,False
V_36cb4cb5,U_0779,2026-02-15,4042.7971735649767,True,G_197a28,False
V_53041fee,U_0850,2026-02-15,2556.108190168044,True,G_197a28,False
V_7341fc30,U_0557,2026-02-15,2390.5006950302586,True,G_197a28,False
V_2512049814,U_0475,2026-02-15,6987.313306214422,False,,False
V_3737330214,U_0486,2026-02-15,4509.252538356351,False,,False
V_3935241413,U_0487,2026-02-15,6006.294494541772,False,,False
V_2415798132,U_0514,2026-02-15,8792.729295572059,False,,False
V_4e4bac8a,U_0587,2026-02-15,3226.3688777161256,True,G_b3cff8,True
V_e31b2cc4,U_0363,2026-02-15,3032.310085849013,True,G_b3cff8,False
V_c1fa06af,U_0159,2026-02-15,2884.922256338459,True,G_b3cff8,False
V_dfe89d58,U_0699,2026-02-15,4602.284576960446,True,G_b3cff8,False
V_1561089677,U_0636,2026-02-15,6614.985359186603,False,,False
V_971636040,U_0647,2026-02-15,5913.70148394378,False,,False
V_3855120095,U_0697,2026-02-15,5341.887727628781,False,,False
V_3006050151,U_0758,2026-02-15,8489.268729709407,False,,False
V_3910578184,U_0763,2026-02-15,3177.9367714425107,False,,False
V_2199804143,U_0770,2026-02-15,3645.3002508944683,False,,False
V_8473f240,U_0788,2026-02-15,5823.011713836631,True,G_c3da6a,True
V_e59f9809,U_0830,2026-02-15,3215.275970614592,True,G_c3da6a,False
V_74706ed5,U_0850,2026-02-15,2485.9041136358974,True,G_a10dc3,True
V_031c13b4,U_0874,2026-02-15,5250.986640843284,True,G_a10dc3,False
V_4404bdb6,U_0305,2026-02-15,6675.24455000678,True,G_a10dc3,False
V_c53152e9,U_0626,2026-02-15,2367.212693265141,True,G_a10dc3,False
V_fa321333,U_0205,2026-02-15,6336.035683727529,True,G_a10dc3,False
V_b204e6b2,U_0878,2026-02-15,2495.3543340362426,True,G_465cd0,True
V_3f56169b,U_0384,2026-02-15,3876.7334234624745,True,G_465cd0,False
V_ac26f703,U_0880,2026-02-15,4878.65567019725,True,G_82a38e,True
V_88d58d05,U_0570,2026-02-15,4093.9888939734133,True,G_82a38e,False
V_38e22588,U_0167,2026-02-15,3441.5636553330014,True,G_82a38e,False
V_2c89a761,U_0903,2026-02-15,3491.5159611225413,True,G_8ced35,True
V_cf27ec86,U_0019,2026-02-15,7976.9999543984195,True,G_8ced35,False
V_113289689,U_0962,2026-02-15,11992.39584541935,False,,False
V_68374136,U_0024,2026-02-16,13321.511442048473,False,,False
V_716a42da,U_0088,2026-02-16,9569.619962495177,True,G_16222e,True
V_f936fb9b,U_0032,2026-02-16,5197.32796573685,True,G_16222e,False
V_760c2e39,U_0388,2026-02-16,2330.9742397334626,True,G_16222e,False
V_36a8dc15,U_0962,2026-02-16,2244.2853586263504,True,G_16222e,False
V_957cf87c,U_0839,2026-02-16,3032.5414802823207,True,G_16222e,False
V_3aaa9c2f,U_0897,2026-02-16,8314.8492377562,True,G_16222e,False
V_2196603979,U_0089,2026-02-16,6878.559242228939,False,,False
V_2122847948,U_0107,2026-02-16,4007.650073307383,False,,False
V_1424077649,U_0110,2026-02-16,4979.54321749118,False,,False
V_1796982157,U_0121,2026-02-16,5511.666757721293,False,,False
V_4184611487,U_0139,2026-02-16,3114.239849014445,False,,False
V_374341038,U_0209,2026-02-16,4404.544907669906,False,,False
V_137bcc2e,U_0238,2026-02-16,8801.354896341722,True,G_073a3f,True
V_f674c045,U_0851,2026-02-16,5182.109517652583,True,G_073a3f,False
V_cf62a801,U_0727,2026-02-16,10933.181154018364,True,G_073a3f,False
V_6ab64e0f,U_0962,2026-02-16,1996.0704515776222,True,G_073a3f,False
V_3242440312,U_0242,2026-02-16,2851.6044799367646,False,,False
V_3294277985,U_0265,2026-02-16,7062.5064249643265,False,,False
V_2266353530,U_0346,2026-02-16,3412.9171587899687,False,,False
V_966059490,U_0369,2026-02-16,6506.140050009016,False,,False
V_82017525,U_0400,2026-02-16,8789.304236897822,True,G_5d95e6,True
V_8cd1c7f0,U_0691,2026-02-16,6918.683402908229,True,G_5d95e6,False
V_cb8ba774,U_0387,2026-02-16,10028.962110687986,True,G_5d95e6,False
V_afd9e066,U_0415,2026-02-16,8961.773078748927,True,G_5d95e6,False
V_81813584,U_0436,2026-02-16,9424.612669878943,False,,False
V_b5ada637,U_0528,2026-02-16,2576.0036432683823,True,G_d44026,True
V_8e8e6cb5,U_0820,2026-02-16,2511.041311621476,True,G_d44026,False
V_54b155e0,U_0564,2026-02-16,1805.8058686072438,True,G_d44026,False
V_a7aea895,U_0432,2026-02-16,3638.5964348465877,True,G_d44026,False
V_802503551,U_0537,2026-02-16,5684.802805307418,False,,False
V_429d571e,U_0611,2026-02-16,5002.668975114391,True,G_97b72e,True
V_1b398fb2,U_0071,2026-02-16,4036.6529233435017,True,G_97b72e,False
V_7cbe6cd9,U_0920,2026-02-16,3452.4748246889953,True,G_97b72e,False
V_4a8733e6,U_0727,2026-02-16,8674.077479170379,True,G_97b72e,False
V_2076564736,U_0628,2026-02-16,9465.97880432447,False,,False
V_245821646,U_0629,2026-02-16,2915.755205647631,False,,False
V_f13045a5,U_0655,2026-02-16,7441.107107891134,True,G_4e83a2,True
V_f9382274,U_0900,2026-02-16,5571.318916384927,True,G_4e83a2,False
V_b44144fc,U_0770,2026-02-16,8207.253197011569,True,G_4e83a2,False
V_3199431847,U_0660,2026-02-16,3665.808680790622,False,,False
V_a71568f7,U_0682,2026-02-16,8899.536377887209,True,G_58cdb8,True
V_8a0dda1f,U_0387,2026-02-16,10069.576533174924,True,G_58cdb8,False
V_be266831,U_0737,2026-02-16,6414.575499870591,True,G_58cdb8,False
V_ce0426bb,U_0119,2026-02-16,4144.516202460914,True,G_58cdb8,False
V_d321b964,U_0316,2026-02-16,3225.5830557981208,True,G_58cdb8,False
V_ef4c1c3f,U_0696,2026-02-16,6460.024165335602,True,G_b80099,True
V_c60bede3,U_0086,2026-02-16,3344.023012705684,True,G_b80099,False
V_444ebb4a,U_0880,2026-02-16,5350.722432264241,True,G_b80099,False
V_1939044180,U_0718,2026-02-16,8323.957334540315,False,,False
V_ff442ff2,U_0725,2026-02-16,6202.8071354690455,True,G_fd6373,True
V_d1b78650,U_0190,2026-02-16,5927.059619560358,True,G_fd6373,False
V_d4aa6f69,U_0038,2026-02-16,1981.6098352344948,True,G_fd6373,False
V_22336e0c,U_0749,2026-02-16,2573.41844996728,True,G_86abb5,True
V_eab79704,U_0195,2026-02-16,5546.069589256887,True,G_86abb5,False
V_c055e68e,U_0333,2026-02-16,3498.5929615539894,True,G_86abb5,False
V_1020934253,U_0750,2026-02-16,4940.97151819718,False,,False
V_1918096654,U_0752,2026-02-16,7391.045163914505,False,,False
V_da7d50ca,U_0757,2026-02-16,4255.551106362429,True,G_638236,True
V_649540cb,U_0475,2026-02-16,4297.096400188677,True,G_638236,False
V_af4c4786,U_0190,2026-02-16,7003.7407227854355,True,G_638236,False
V_e49cf261,U_0604,2026-02-16,5718.687007931296,True,G_638236,False
V_73958686,U_0249,2026-02-16,4093.887645915758,True,G_638236,False
V_abe0b172,U_0268,2026-02-16,6491.951114150763,True,G_638236,False
V_6378f070,U_0767,2026-02-16,10911.174141363876,True,G_9af221,True
V_6c56f8fa,U_0119,2026-02-16,3480.343693142183,True,G_9af221,False
V_7f0fb388,U_0740,2026-02-16,3553.970003615592,True,G_9af221,False
V_2038876452,U_0779,2026-02-16,3269.3673188371627,False,,False
V_f4149ba6,U_0885,2026-02-16,9897.272662299223,True,G_b075ae,True
V_c87a7b7b,U_0614,2026-02-16,12243.999071033986,True,G_b075ae,False
V_8648d9ea,U_0181,2026-02-16,10393.591088802967,True,G_b075ae,False
V_ad2811ee,U_0826,2026-02-16,6379.425975710523,True,G_b075ae,False
V_bdc6452f,U_0727,2026-02-16,12194.63620542206,True,G_b075ae,False
V_1283617742,U_0897,2026-02-16,8218.582266037247,False,,False
V_4190469602,U_0913,2026-02-16,7684.463307810402,False,,False
V_614460721,U_0992,2026-02-16,3478.4545437709917,False,,False
V_2505324092,U_0002,2026-02-16,4024.0605371853876,False,,False
V_3742774184,U_0039,2026-02-16,7310.727969304768,False,,False
V_1093415115,U_0054,2026-02-16,5966.628744406143,False,,False
V_b85b9df4,U_0056,2026-02-16,2755.4182186509865,True,G_04aaeb,True
V_029e264b,U_0493,2026-02-16,6736.226604078793,True,G_04aaeb,False
V_2320db3d,U_0589,2026-02-16,4304.716152904352,True,G_04aaeb,False
V_ae18591c,U_0131,2026-02-16,5876.03783373171,True,G_04aaeb,False
V_c6f33f25,U_0472,2026-02-16,3675.531051889607,True,G_04aaeb,False
V_a5c57830,U_0409,2026-02-16,2368.9205518231593,True,G_04aaeb,False
V_d25a9e3e,U_0058,2026-02-16,2592.664244209377,True,G_33714d,True
V_9aff8001,U_0099,2026-02-16,3074.6454748404167,True,G_33714d,False
V_9cbb3ce2,U_0578,2026-02-16,2530.8407270181947,True,G_33714d,False
V_5a7205d9,U_0519,2026-02-16,2411.014498396535,True,G_33714d,False
V_c603ee69,U_0120,2026-02-16,2582.7126035694123,True,G_cb4155,True
V_ca13b847,U_0221,2026-02-16,6631.546153172892,True,G_cb4155,False
V_042ae06b,U_0121,2026-02-16,5469.68407672547,True,G_4fa52c,True
V_8e792312,U_0054,2026-02-16,2123.7403295743607,True,G_4fa52c,False
V_43a2da01,U_0535,2026-02-16,4653.256226650469,True,G_4fa52c,False
V_0ce92f48,U_0877,2026-02-16,2681.3800532066803,True,G_4fa52c,False
V_de7d205b,U_0583,2026-02-16,3027.260113786204,True,G_4fa52c,False
V_1682209673,U_0129,2026-02-16,2794.8733308527776,False,,False
V_1204442709,U_0141,2026-02-16,2762.1710777725157,False,,False
V_1113802249,U_0162,2026-02-16,4250.295008836633,False,,False
V_3561936918,U_0189,2026-02-16,12041.840193509104,False,,False
V_2850334556,U_0241,2026-02-16,10727.770582156596,False,,False
V_538577945,U_0251,2026-02-16,2507.343083523869,False,,False
V_bbef0282,U_0274,2026-02-16,5332.194912580883,True,G_064488,True
V_0f6e9768,U_0826,2026-02-16,7925.557772021901,True,G_064488,False
V_9ca393dd,U_0869,2026-02-16,3120.8950687459405,True,G_064488,False
V_3847643740,U_0287,2026-02-16,6190.902876760415,False,,False
V_d8b7b581,U_0290,2026-02-16,3761.861258827579,True,G_244b96,True
V_c4a4ef8f,U_0598,2026-02-16,2567.8499625613845,True,G_244b96,False
V_a8a329d0,U_0106,2026-02-16,3464.192699455129,True,G_244b96,False
V_b4b8b3a8,U_0998,2026-02-16,2009.899386305361,True,G_244b96,False
V_5a186632,U_0532,2026-02-16,6851.857666881483,True,G_244b96,False
V_cc452cff,U_0211,2026-02-16,4014.7801256350467,True,G_244b96,False
V_1411913769,U_0294,2026-02-16,3901.6684234918644,False,,False
V_1796987493,U_0308,2026-02-16,7664.251054464992,False,,False
V_55003dc8,U_0347,2026-02-16,2594.401358068486,True,G_346c5e,True
V_d2d6ba25,U_0987,2026-02-16,2903.4921005854653,True,G_346c5e,False
V_1671108125,U_0410,2026-02-16,2155.644739981705,False,,False
V_3441253514,U_0413,2026-02-16,2211.974606349267,False,,False
V_71378d4f,U_0417,2026-02-16,2324.24281856791,True,G_61351b,True
V_5783d142,U_0071,2026-02-16,3409.09942673978,True,G_61351b,False
V_1a366586,U_0232,2026-02-16,3705.1434129678555,True,G_61351b,False
V_2182df38,U_0276,2026-02-16,6490.9615210910715,True,G_61351b,False
V_d36fd870,U_0435,2026-02-16,2877.316834313761,True,G_4679f4,True
V_3037730f,U_0250,2026-02-16,2683.08932795601,True,G_4679f4,False
V_f30d4706,U_0883,2026-02-16,3666.7862012962364,True,G_4679f4,False
V_325065714,U_0446,2026-02-16,5554.498133481357,False,,False
V_3636508088,U_0465,2026-02-16,2188.5438742185324,False,,False
V_2164601705,U_0486,2026-02-16,4948.368043268553,False,,False
V_909629889,U_0489,2026-02-16,2453.517815713368,False,,False
V_574339298,U_0516,2026-02-16,9474.382664672878,False,,False
V_76edf0ca,U_0540,2026-02-16,1721.6603783418377,True,G_496ed8,True
V_cd0d2c96,U_0015,2026-02-16,7742.720077390131,True,G_496ed8,False
V_fcabe4a8,U_0687,2026-02-16,2619.519494743836,True,G_496ed8,False
V_621f8224,U_0875,2026-02-16,8057.015740512814,True,G_496ed8,False
V_562447710,U_0563,2026-02-16,5265.174293538596,False,,False
V_4022731026,U_0573,2026-02-16,3276.1349685486966,False,,False
V_5e15c877,U_0602,2026-02-16,2756.227591188426,True,G_c951fa,True
V_327e5cd9,U_0016,2026-02-16,3756.6279374656388,True,G_c951fa,False
V_a0c2bc64,U_0611,2026-02-16,4738.371503468993,True,G_ca2ec7,True
V_432ecf1b,U_0258,2026-02-16,3053.627726957692,True,G_ca2ec7,False
V_7ce676f4,U_0757,2026-02-16,4159.094327467712,True,G_ca2ec7,False
V_363c7663,U_0630,2026-02-16,2643.429301016644,True,G_5881c3,True
V_89130c01,U_0837,2026-02-16,4759.649805788298,True,G_5881c3,False
V_0e414e24,U_0880,2026-02-16,6190.471857531456,True,G_5881c3,False
V_52627ccc,U_0561,2026-02-16,2171.0167247606764,True,G_5881c3,False
V_2850539747,U_0705,2026-02-16,4599.163435191395,False,,False
V_2482557388,U_0723,2026-02-16,3680.320658645038,False,,False
V_4f8fe0e2,U_0770,2026-02-16,7888.6938425279295,True,G_0fd753,True
V_7fb68e98,U_0822,2026-02-16,3601.218150565045,True,G_0fd753,False
V_6a0ace86,U_0734,2026-02-16,6262.371932653662,True,G_0fd753,False
V_a26e5e17,U_0826,2026-02-16,8302.362678456475,True,G_6c50d8,True
V_3ee398b7,U_0974,2026-02-16,12015.553262407024,True,G_6c50d8,False
V_634cdbdb,U_0614,2026-02-16,12111.15510943174,True,G_6c50d8,False
V_3521258914,U_0849,2026-02-16,3636.4618455921823,False,,False
V_162555163,U_0893,2026-02-16,2132.148282293088,False,,False
V_4205274856,U_0940,2026-02-16,9271.510961213002,False,,False
V_3355381553,U_0946,2026-02-16,2857.8595202829247,False,,False
V_0e066bf4,U_0020,2026-02-17,2968.9014354523993,True,G_f6ce77,True
V_824c1b84,U_0781,2026-02-17,2889.5226106733194,True,G_f6ce77,False
V_4000210034,U_0045,2026-02-17,6216.453765719027,False,,False
V_3146675059,U_0065,2026-02-17,4576.427677851659,False,,False
V_eaa2905a,U_0066,2026-02-17,4913.9130993185045,True,G_58a68f,True
V_79d014f7,U_0412,2026-02-17,3660.3082963475103,True,G_58a68f,False
V_c4e9bdda,U_0646,2026-02-17,7996.93195853004,True,G_58a68f,False
V_3065616993,U_0114,2026-02-17,4709.18831925306,False,,False
V_4208526874,U_0135,2026-02-17,3547.6868613948004,False,,False
V_fe9edcc3,U_0178,2026-02-17,7294.051421963512,True,G_f82034,True
V_79ada794,U_0221,2026-02-17,8138.638495454437,True,G_f82034,False
V_dcd8231d,U_0046,2026-02-17,4417.217931718361,True,G_f82034,False
V_b4dbfb28,U_0206,2026-02-17,6715.363364976159,True,G_f82034,False
V_2c5cfad3,U_0308,2026-02-17,5069.2861155903365,True,G_f82034,False
V_2687242606,U_0183,2026-02-17,9460.439653578018,False,,False
V_4292947774,U_0194,2026-02-17,9356.968229998716,False,,False
V_282752199,U_0212,2026-02-17,6868.371127534497,False,,False
V_7106be53,U_0221,2026-02-17,6747.099512923225,True,G_f7858b,True
V_08e1d6a0,U_0178,2026-02-17,9303.131960980612,True,G_f7858b,False
V_3672637434,U_0227,2026-02-17,3201.8953335210877,False,,False
V_962517107,U_0258,2026-02-17,3810.0936791786094,False,,False
V_811cbe29,U_0323,2026-02-17,8234.669168350416,True,G_4bc33a,True
V_9827d5d7,U_0206,2026-02-17,6493.728384507721,True,G_4bc33a,False
V_50cc8540,U_0371,2026-02-17,3040.3563825776546,True,G_24cacb,True
V_f93b2c54,U_0008,2026-02-17,2530.796863808595,True,G_24cacb,False
V_a66af73e,U_0423,2026-02-17,2657.9016131849203,True,G_24cacb,False
V_8e8eb985,U_0680,2026-02-17,2557.758239036823,True,G_24cacb,False
V_0fbc73f2,U_0550,2026-02-17,3957.565082683738,True,G_24cacb,False
V_9853ac85,U_0942,2026-02-17,2699.3970948797287,True,G_24cacb,False
V_384101044,U_0408,2026-02-17,6701.984115584526,False,,False
V_1593152594,U_0429,2026-02-17,11809.115961630287,False,,False
V_71580171,U_0434,2026-02-17,4904.980141955814,False,,False
V_36af0451,U_0456,2026-02-17,12362.50020265811,True,G_d56c49,True
V_5f8d0efc,U_0194,2026-02-17,8575.202045142525,True,G_d56c49,False
V_b246c272,U_0262,2026-02-17,11693.610450661607,True,G_d56c49,False
V_644d2773,U_0468,2026-02-17,2113.094671489701,True,G_d56c49,False
V_c4a87f4c,U_0092,2026-02-17,3303.642290660746,True,G_d56c49,False
V_1265940883,U_0469,2026-02-17,4633.466694532146,False,,False
V_260c43f2,U_0572,2026-02-17,5928.12036955218,True,G_170b20,True
V_5166fba6,U_0401,2026-02-17,4897.935567290962,True,G_170b20,False
V_78116f0b,U_0602,2026-02-17,3528.103903162798,True,G_170b20,False
V_94245c45,U_0422,2026-02-17,6650.793555868477,True,G_170b20,False
V_fcbdcc34,U_0384,2026-02-17,4435.186110093304,True,G_170b20,False
V_2518580147,U_0573,2026-02-17,4157.681914911075,False,,False
V_2485409691,U_0623,2026-02-17,12987.281378699254,False,,False
V_3755415963,U_0652,2026-02-17,5967.8277147705185,False,,False
V_1044991928,U_0738,2026-02-17,5140.838756498001,False,,False
V_3122194685,U_0767,2026-02-17,7646.682222412045,False,,False
V_5c2c5125,U_0769,2026-02-17,2985.9134340503624,True,G_e0097d,True
V_4cbb35f9,U_0615,2026-02-17,2450.4829165070983,True,G_e0097d,False
V_5862dacc,U_0778,2026-02-17,2487.0614226063594,True,G_e0097d,False
V_9eb58353,U_0571,2026-02-17,2978.720675149064,True,G_e0097d,False
V_810a2f3e,U_0968,2026-02-17,3591.349809789475,True,G_e0097d,False
V_2500573925,U_0770,2026-02-17,8772.922141573094,False,,False
V_6315a523,U_0818,2026-02-17,3602.295488503148,True,G_24ad89,True
V_0b8b1708,U_0539,2026-02-17,3584.519289595077,True,G_24ad89,False
V_e50401b6,U_0283,2026-02-17,3984.17786782696,True,G_24ad89,False
V_1757919312,U_0850,2026-02-17,3045.491275660195,False,,False
V_622199705,U_0859,2026-02-17,3780.6365487736975,False,,False
V_46726911,U_0868,2026-02-17,5101.352371805578,False,,False
V_1230804907,U_0874,2026-02-17,4350.615263417119,False,,False
V_98389bc7,U_0885,2026-02-17,9691.390497675566,True,G_4febe6,True
V_1ee9c66f,U_0802,2026-02-17,10579.577513490172,True,G_4febe6,False
V_2595361043,U_0903,2026-02-17,3524.7560499239657,False,,False
V_3344497684,U_0960,2026-02-17,2780.7350113052507,False,,False
V_499721669,U_0963,2026-02-17,5680.413577760852,False,,False
V_9622b474,U_0001,2026-02-17,7765.789944411445,True,G_070da1,True
V_6224df82,U_0913,2026-02-17,10232.301623634236,True,G_070da1,False
V_905f67e7,U_0794,2026-02-17,8383.78595736504,True,G_070da1,False
V_c16c9208,U_0687,2026-02-17,2583.6704536098114,True,G_070da1,False
V_0c130fc1,U_0004,2026-02-17,4238.13567638683,True,G_92f39c,True
V_44ce2beb,U_0314,2026-02-17,5377.875188358123,True,G_92f39c,False
V_2591388447,U_0119,2026-02-17,13219.899396339153,False,,False
V_354523437,U_0130,2026-02-17,6783.210081351709,False,,False
V_7313dc80,U_0142,2026-02-17,6218.003108436602,True,G_7026bc,True
V_1c940275,U_0493,2026-02-17,6638.189768746349,True,G_7026bc,False
V_fa479100,U_0895,2026-02-17,6310.5048916882515,True,G_7026bc,False
V_eeea43bd,U_0153,2026-02-17,3072.471183919171,True,G_4e4ae7,True
V_f8764671,U_0992,2026-02-17,3448.521207878187,True,G_4e4ae7,False
V_4a669eef,U_0570,2026-02-17,3916.955130204732,True,G_4e4ae7,False
V_7533f532,U_0069,2026-02-17,2729.105177622717,True,G_4e4ae7,False
V_71c724d8,U_0507,2026-02-17,2012.239786645906,True,G_4e4ae7,False
V_fb9c6976,U_0229,2026-02-17,6395.189088777759,True,G_4e4ae7,False
V_1317112818,U_0166,2026-02-17,3899.9332174339725,False,,False
V_2104077768,U_0189,2026-02-17,14206.481426632365,False,,False
V_ddbdd335,U_0212,2026-02-17,6820.25151127268,True,G_6aed0c,True
V_e41bc1dd,U_0437,2026-02-17,2292.9626118933043,True,G_6aed0c,False
V_b86a04ea,U_0484,2026-02-17,10346.30205668987,True,G_6aed0c,False
V_b2ab6550,U_0680,2026-02-17,2334.6212818616345,True,G_6aed0c,False
V_0bee54df,U_0100,2026-02-17,2461.1514132160632,True,G_6aed0c,False
V_1844842024,U_0273,2026-02-17,4862.059064047283,False,,False
V_1917958183,U_0274,2026-02-17,11759.94351085604,False,,False
V_979045278,U_0302,2026-02-17,6878.140335050113,False,,False
V_3157143575,U_0318,2026-02-17,3690.8249412683676,False,,False
V_2535670225,U_0333,2026-02-17,7533.778787372378,False,,False
V_2763148047,U_0462,2026-02-17,2561.5714583012773,False,,False
V_1126249896,U_0470,2026-02-17,9047.687083457886,False,,False
V_852befe8,U_0494,2026-02-17,4103.037123499169,True,G_1a9208,True
V_509651c7,U_0402,2026-02-17,2715.1062760151995,True,G_1a9208,False
V_da5fa4df,U_0983,2026-02-17,3291.180731710158,True,G_1a9208,False
V_3173660389,U_0540,2026-02-17,10454.645878057734,False,,False
V_2085101581,U_0572,2026-02-17,3308.4824594968327,False,,False
V_3075657719,U_0633,2026-02-17,4676.41812397135,False,,False
V_dca76518,U_0658,2026-02-17,3115.603503164073,True,G_afe85f,True
V_cd5d1c8e,U_0016,2026-02-17,4469.236745067563,True,G_afe85f,False
V_1a4edb8a,U_0306,2026-02-17,7301.432810997199,True,G_afe85f,False
V_2f41eaf7,U_0005,2026-02-17,5581.516327239733,True,G_afe85f,False
V_407866561,U_0673,2026-02-17,9226.498899208022,False,,False
V_1585353441,U_0687,2026-02-17,7787.250359782309,False,,False
V_1757753275,U_0758,2026-02-17,8438.537377814482,False,,False
V_2284946951,U_0773,2026-02-17,8474.97157716539,False,,False
V_3610700110,U_0778,2026-02-17,4046.918180689282,False,,False
V_2030688264,U_0830,2026-02-17,5969.311758294253,False,,False
V_21013265,U_0839,2026-02-17,7213.619451086541,False,,False
V_21773be2,U_0842,2026-02-17,4341.307764289194,True,G_05e48e,True
V_505378ce,U_0683,2026-02-17,4585.728476142398,True,G_05e48e,False
V_4009364e,U_0385,2026-02-17,4776.596604639201,True,G_05e48e,False
V_2219861039,U_0869,2026-02-17,7471.937548485764,False,,False
V_3510148869,U_0873,2026-02-17,5444.7317310475055,False,,False
V_3639050429,U_0882,2026-02-17,8788.594368749627,False,,False
V_6bbcf2e4,U_0886,2026-02-17,2250.283110064886,True,G_a9fcdc,True
V_f4b854a1,U_0071,2026-02-17,3368.691055483228,True,G_a9fcdc,False
V_abf2bc51,U_0627,2026-02-17,4309.141467885246,True,G_a9fcdc,False
V_82b7366e,U_0200,2026-02-17,3675.178159898633,True,G_a9fcdc,False
V_fec2f540,U_0809,2026-02-17,4364.423053330844,True,G_a9fcdc,False
V_d783d59a,U_0717,2026-02-17,3269.8482715152877,True,G_a9fcdc,False
V_5562ef24,U_0891,2026-02-17,3978.260190611643,True,G_832f34,True
V_a8296c18,U_0922,2026-02-17,5524.968545238376,True,G_832f34,False
V_de001e0f,U_0276,2026-02-17,7159.837613720588,True,G_832f34,False
V_c0821c6e,U_0788,2026-02-17,5804.234846618963,True,G_832f34,False
V_1823737482,U_0905,2026-02-17,4579.957984590727,False,,False
V_2a910c34,U_0945,2026-02-17,4201.389045913266,True,G_528c43,True
V_0bb4b4c5,U_0609,2026-02-17,3680.9331630717093,True,G_528c43,False
V_b29b7d2b,U_0006,2026-02-18,5921.7087763830295,True,G_9cfe81,True
V_5b0c4954,U_0492,2026-02-18,2762.3668885886987,True,G_9cfe81,False
V_3e5aa4e0,U_0918,2026-02-18,3609.2386668768295,True,G_9cfe81,False
V_7b8ee41f,U_0075,2026-02-18,12261.21154306634,True,G_9cfe81,False
V_1973238946,U_0043,2026-02-18,4137.962003584513,False,,False
V_3899595063,U_0052,2026-02-18,2238.6785220337256,False,,False
V_ae3fe178,U_0073,2026-02-18,6443.378536645433,True,G_0a422b,True
V_c141a474,U_0676,2026-02-18,4069.476697896872,True,G_0a422b,False
V_cd19d787,U_0248,2026-02-18,3516.165199422004,True,G_0a422b,False
V_6f00ecc9,U_0644,2026-02-18,3834.511621381837,True,G_0a422b,False
V_572fa80f,U_0113,2026-02-18,2578.5940825537587,True,G_a3bac8,True
V_e01f6df8,U_0029,2026-02-18,3538.7534054963744,True,G_a3bac8,False
V_569f29cb,U_0006,2026-02-18,5421.391706458184,True,G_a3bac8,False
V_0c296c4e,U_0026,2026-02-18,2523.918091853988,True,G_a3bac8,False
V_29489997,U_0928,2026-02-18,2828.0820143316164,True,G_a3bac8,False
V_b94b7493,U_0829,2026-02-18,3407.0199220422355,True,G_a3bac8,False
V_fcbca401,U_0114,2026-02-18,6751.608395734259,True,G_7c1f0c,True
V_e950c64f,U_0823,2026-02-18,2471.9718642520124,True,G_7c1f0c,False
V_0df27b34,U_0061,2026-02-18,2702.6057974766313,True,G_7c1f0c,False
V_f4d52fb4,U_0745,2026-02-18,2771.0730489385924,True,G_7c1f0c,False
V_748356c1,U_0536,2026-02-18,4881.745799369844,True,G_7c1f0c,False
V_5dde3726,U_0121,2026-02-18,5533.005415583607,True,G_dd3a5a,True
V_0ff113db,U_0647,2026-02-18,5162.423438873145,True,G_dd3a5a,False
V_e1d95be8,U_0916,2026-02-18,4569.557955619384,True,G_dd3a5a,False
V_998fafac,U_0609,2026-02-18,2872.861166740843,True,G_dd3a5a,False
V_a0581653,U_0552,2026-02-18,3107.797943812939,True,G_dd3a5a,False
V_6b819fe4,U_0261,2026-02-18,4146.663269205195,True,G_dd3a5a,False
V_2481771289,U_0123,2026-02-18,3158.7050271947965,False,,False
V_78121668,U_0178,2026-02-18,8761.025751737663,True,G_01485d,True
V_f20b7388,U_0646,2026-02-18,9865.416898382571,True,G_01485d,False
V_ea06f84e,U_0591,2026-02-18,6035.579319936317,True,G_01485d,False
V_1bf07085,U_0896,2026-02-18,10034.19183694552,True,G_01485d,False
V_0002a264,U_0560,2026-02-18,8098.043882505959,True,G_01485d,False
V_b4e9c2ea,U_0798,2026-02-18,4913.76095785824,True,G_01485d,False
V_5578bad7,U_0181,2026-02-18,11556.193522192127,True,G_96101d,True
V_1a29a503,U_0632,2026-02-18,3061.817993415231,True,G_96101d,False
V_1308d77f,U_0088,2026-02-18,13645.493781047153,True,G_96101d,False
V_78776561,U_0516,2026-02-18,2958.364505971049,True,G_96101d,False
V_ac621171,U_0414,2026-02-18,4561.001724835883,True,G_96101d,False
V_1798990296,U_0185,2026-02-18,4694.448410152821,False,,False
V_2291524934,U_0341,2026-02-18,6389.009028514056,False,,False
V_0226fd3a,U_0387,2026-02-18,8899.07997271203,True,G_ae7b0a,True
V_b4af814b,U_0289,2026-02-18,4159.087536630726,True,G_ae7b0a,False
V_0001cf32,U_0735,2026-02-18,7790.044524804782,True,G_ae7b0a,False
V_f077388f,U_0937,2026-02-18,8258.630896898738,True,G_ae7b0a,False
V_5987c47f,U_0782,2026-02-18,4971.273863386556,True,G_ae7b0a,False
V_21009fb3,U_0413,2026-02-18,5703.465435257425,True,G_00bace,True
V_bd7337a1,U_0590,2026-02-18,5362.725533305308,True,G_00bace,False
V_b4a71c1c,U_0880,2026-02-18,5191.279402095029,True,G_00bace,False
V_584ead9a,U_0785,2026-02-18,6013.5733735229815,True,G_00bace,False
V_d341cffe,U_0376,2026-02-18,3193.167723542764,True,G_00bace,False
V_9f82ff31,U_0791,2026-02-18,2611.8055687273077,True,G_00bace,False
V_2257324962,U_0415,2026-02-18,8573.998382788777,False,,False
V_88f44be1,U_0430,2026-02-18,4670.587520066772,True,G_fd269b,True
V_f4c31df3,U_0321,2026-02-18,7484.881153794292,True,G_fd269b,False
V_47b9d373,U_0702,2026-02-18,3879.126948915898,True,G_fd269b,False
V_e596991e,U_0625,2026-02-18,5547.197936711977,True,G_fd269b,False
V_700537349,U_0434,2026-02-18,7169.525424985614,False,,False
V_749926287,U_0460,2026-02-18,2511.7035995047413,False,,False
V_4100521059,U_0472,2026-02-18,3792.974531708085,False,,False
V_969891673,U_0473,2026-02-18,5653.670381195458,False,,False
V_278583425,U_0488,2026-02-18,4988.741225869722,False,,False
V_2714017246,U_0500,2026-02-18,2127.208555768852,False,,False
V_0a74078b,U_0570,2026-02-18,3624.309043250111,True,G_1b9ddf,True
V_5064a9f3,U_0339,2026-02-18,4391.8646167011875,True,G_1b9ddf,False
V_6a510071,U_0848,2026-02-18,1945.0003048741771,True,G_1b9ddf,False
V_e31960ec,U_0948,2026-02-18,5055.709072543439,True,G_1b9ddf,False
V_2411948431,U_0600,2026-02-18,3910.738870499714,False,,False
V_954216384,U_0613,2026-02-18,6154.581787408232,False,,False
V_231434336,U_0615,2026-02-18,2624.7083539850237,False,,False
V_1a6d4b1a,U_0624,2026-02-18,6808.281349714224,True,G_a379b2,True
V_dca625c5,U_0328,2026-02-18,8796.035855447719,True,G_a379b2,False
V_4217374400,U_0634,2026-02-18,4130.201454990341,False,,False
V_243139779,U_0638,2026-02-18,4593.918122042915,False,,False
V_2223896916,U_0646,2026-02-18,8553.743826086918,False,,False
V_83461125,U_0657,2026-02-18,9599.961041649973,True,G_c0bf37,True
V_84b545c0,U_0241,2026-02-18,1976.7049862863373,True,G_c0bf37,False
V_9c0da943,U_0515,2026-02-18,2773.78652637549,True,G_c0bf37,False
V_a9e7ac13,U_0689,2026-02-18,6863.479533151599,True,G_e51671,True
V_9a3ab882,U_0054,2026-02-18,2565.5401473200627,True,G_e51671,False
V_fe21b07f,U_0552,2026-02-18,4407.28017726539,True,G_e51671,False
V_ff73e775,U_0575,2026-02-18,5848.230780142234,True,G_e51671,False
V_98b97a0d,U_0701,2026-02-18,4984.169470973235,True,G_91642a,True
V_24e4d3b9,U_0941,2026-02-18,3464.0949095190986,True,G_91642a,False
V_c8af751b,U_0864,2026-02-18,3680.73653216708,True,G_91642a,False
V_2568459401,U_0713,2026-02-18,2508.9555346703683,False,,False
V_4241941642,U_0726,2026-02-18,4025.107721090177,False,,False
V_982946d5,U_0753,2026-02-18,7728.695504060215,True,G_7309a2,True
V_d91ad276,U_0300,2026-02-18,4637.187369424739,True,G_7309a2,False
V_3c45acf0,U_0162,2026-02-18,2010.265981257928,True,G_7309a2,False
V_7555f003,U_0800,2026-02-18,5255.162439479701,True,G_935f47,True
V_85ef921c,U_0033,2026-02-18,4032.491357510304,True,G_935f47,False
V_71ed4aa9,U_0916,2026-02-18,4717.449260799762,True,G_935f47,False
V_b435bb99,U_0721,2026-02-18,5633.778613963531,True,G_935f47,False
V_f19056b9,U_0211,2026-02-18,5569.246319080602,True,G_935f47,False
V_f070b109,U_0151,2026-02-18,4242.4598388912555,True,G_935f47,False
V_c05fa2f3,U_0875,2026-02-18,6207.12933170752,True,G_6aee3e,True
V_3b65e3a2,U_0097,2026-02-18,10887.849237485536,True,G_6aee3e,False
V_419dac95,U_0073,2026-02-18,6743.719353345618,True,G_6aee3e,False
V_2961535950,U_0888,2026-02-18,8839.287696384075,False,,False
V_1834197859,U_0907,2026-02-18,3842.222767978385,False,,False
V_52d8a70f,U_0921,2026-02-18,1838.8336073914938,True,G_ef24cb,True
V_4c49fc37,U_0832,2026-02-18,2565.3151279256253,True,G_ef24cb,False
V_c448da6d,U_0663,2026-02-18,1936.9169606309852,True,G_ef24cb,False
V_7ece7626,U_0852,2026-02-18,10715.267562724552,True,G_ef24cb,False
V_98385a6a,U_0841,2026-02-18,6456.3823117726,True,G_ef24cb,False
V_cdd09d45,U_0706,2026-02-18,3129.4870689728677,True,G_ef24cb,False
V_1106024426,U_0936,2026-02-18,2606.533925371302,False,,False
V_1648453920,U_0955,2026-02-18,9424.794659791938,False,,False
V_2125145702,U_0966,2026-02-18,4418.205580487,False,,False
V_1194645533,U_0972,2026-02-18,5230.953921482151,False,,False
V_4276396289,U_0037,2026-02-18,4211.205348184859,False,,False
V_6cecd109,U_0048,2026-02-18,2496.8488646400624,True,G_e5b2c8,True
V_d251d162,U_0583,2026-02-18,2701.088567009532,True,G_e5b2c8,False
V_f832835b,U_0562,2026-02-18,3068.2490522380203,True,G_e5b2c8,False
V_e703e40f,U_0615,2026-02-18,2779.873783581606,True,G_e5b2c8,False
V_ccc797ba,U_0054,2026-02-18,2122.007247142491,True,G_f64efe,True
V_a83054c4,U_0073,2026-02-18,6170.148673140188,True,G_f64efe,False
V_7a180635,U_0321,2026-02-18,6656.716892949176,True,G_f64efe,False
V_835e5406,U_0065,2026-02-18,5237.947542350501,True,G_7ebbd8,True
V_3fa71876,U_0834,2026-02-18,3554.420760512127,True,G_7ebbd8,False
V_4f4fa3e7,U_0587,2026-02-18,3487.6984820124953,True,G_7ebbd8,False
V_4581fb8e,U_0381,2026-02-18,2488.760842138773,True,G_7ebbd8,False
V_48dc4620,U_0227,2026-02-18,3130.380232535959,True,G_7ebbd8,False
V_678d6cfe,U_0092,2026-02-18,3522.198806290759,True,G_7ebbd8,False
V_87fdac9b,U_0070,2026-02-18,5671.7243536500755,True,G_6068b4,True
V_f7b2e8ae,U_0511,2026-02-18,5404.475655621275,True,G_6068b4,False
V_c8be5b24,U_0931,2026-02-18,4066.247433778218,True,G_6068b4,False
V_4123829352,U_0114,2026-02-18,4601.378950440901,False,,False
V_995166100,U_0118,2026-02-18,3277.0578447982043,False,,False
V_4128315737,U_0167,2026-02-18,2123.031232364219,False,,False
V_2451458828,U_0168,2026-02-18,7125.8978717632435,False,,False
V_d2bca0c4,U_0290,2026-02-18,3125.878905954872,True,G_8b8de1,True
V_8d06ab90,U_0327,2026-02-18,2374.017463463392,True,G_8b8de1,False
V_bc9d58c9,U_0513,2026-02-18,12892.443811919433,True,G_8b8de1,False
V_426c3138,U_0506,2026-02-18,5190.7046727029,True,G_8b8de1,False
V_5d22f4d0,U_0928,2026-02-18,3051.5879147343976,True,G_8b8de1,False
V_228902634,U_0334,2026-02-18,1675.871674927957,False,,False
V_2092774944,U_0388,2026-02-18,11503.849391940774,False,,False
V_1276554345,U_0413,2026-02-18,2110.3907799212666,False,,False
V_2208915528,U_0414,2026-02-18,6570.607664398917,False,,False
V_3259343710,U_0438,2026-02-18,6828.675230486906,False,,False
V_41227226,U_0451,2026-02-18,5892.940411943384,False,,False
V_9f3148b1,U_0452,2026-02-18,3236.366662718782,True,G_d6e075,True
V_08fffc2f,U_0387,2026-02-18,10883.358939051266,True,G_d6e075,False
V_0e53ff12,U_0673,2026-02-18,2638.4069183941506,True,G_d6e075,False
V_0b67faa7,U_0802,2026-02-18,9712.00658346004,True,G_d6e075,False
V_4ba6294c,U_0415,2026-02-18,6504.645522241847,True,G_d6e075,False
V_c455f683,U_0782,2026-02-18,4916.888504214537,True,G_d6e075,False
V_346485988,U_0458,2026-02-18,6345.546804055358,False,,False
V_2900456749,U_0474,2026-02-18,2287.479647284485,False,,False
V_c61d68c2,U_0477,2026-02-18,2532.306041720944,True,G_3d368a,True
V_62c86bd9,U_0723,2026-02-18,7118.405399498316,True,G_3d368a,False
V_9f350ee5,U_0066,2026-02-18,6226.482119306313,True,G_3d368a,False
V_06ae78f6,U_0616,2026-02-18,6653.409865711778,True,G_3d368a,False
V_a96b0b48,U_0247,2026-02-18,4796.841837878556,True,G_3d368a,False
V_6a3f4a61,U_0458,2026-02-18,12492.763757127346,True,G_3d368a,False
V_459148838,U_0492,2026-02-18,8429.317904955595,False,,False
V_1691701583,U_0533,2026-02-18,3836.4902032519667,False,,False
V_3734970877,U_0542,2026-02-18,4459.036563438616,False,,False
V_2700604764,U_0560,2026-02-18,11483.319112643489,False,,False
V_3518459636,U_0597,2026-02-18,4600.446554233604,False,,False
V_537fca1e,U_0604,2026-02-18,7571.219687939053,True,G_0575db,True
V_4492d745,U_0562,2026-02-18,2482.47329724646,True,G_0575db,False
V_f38fac07,U_0315,2026-02-18,2385.1638457454455,True,G_0575db,False
V_78250a4d,U_0138,2026-02-18,3635.883835239306,True,G_0575db,False
V_66f8500c,U_0474,2026-02-18,3209.1062303910026,True,G_0575db,False
V_954f091e,U_0380,2026-02-18,3918.203048385319,True,G_0575db,False
V_f9ae9be0,U_0632,2026-02-18,3096.5282338149773,True,G_df7499,True
V_2a8ff129,U_0623,2026-02-18,12590.42874612207,True,G_df7499,False
V_2ca29cb1,U_0088,2026-02-18,10994.38287098907,True,G_df7499,False
V_2b9258b0,U_0189,2026-02-18,2353.20500754873,True,G_df7499,False
V_c9b7e4f2,U_0019,2026-02-18,6674.260025867722,True,G_df7499,False
V_1812984904,U_0651,2026-02-18,6281.780396384844,False,,False
V_4109678888,U_0671,2026-02-18,6493.992914972783,False,,False
V_aec0f43e,U_0694,2026-02-18,4764.709157302197,True,G_d30a76,True
V_b133b682,U_0217,2026-02-18,3425.247229724288,True,G_d30a76,False
V_a570fa44,U_0684,2026-02-18,2677.593577002568,True,G_d30a76,False
V_0bdc3536,U_0695,2026-02-18,7514.060554729103,True,G_bbe433,True
V_6f43a90a,U_0481,2026-02-18,4089.9264050740767,True,G_bbe433,False
V_0f0a304a,U_0910,2026-02-18,5053.501241947197,True,G_bbe433,False
V_3d7d3823,U_0700,2026-02-18,1857.4447716631814,True,G_3d132c,True
V_4a27fc56,U_0126,2026-02-18,2094.3304671606065,True,G_3d132c,False
V_3995034783,U_0708,2026-02-18,4924.495478878794,False,,False
V_1375120406,U_0710,2026-02-18,5092.614598567492,False,,False
V_3278151895,U_0783,2026-02-18,5851.200077565361,False,,False
V_99ba9b50,U_0823,2026-02-18,2673.385173312243,True,G_96d68c,True
V_74d0db65,U_0676,2026-02-18,4226.688879141779,True,G_96d68c,False
V_8a7069d1,U_0131,2026-02-18,6534.265399506149,True,G_96d68c,False
V_0eb7a318,U_0717,2026-02-18,3525.4819843627024,True,G_96d68c,False
V_b611248a,U_0593,2026-02-18,3066.6002001029133,True,G_96d68c,False
V_8b92a588,U_0252,2026-02-18,5909.10268254155,True,G_96d68c,False
V_3897476933,U_0860,2026-02-18,2752.9925903374806,False,,False
V_1820746488,U_0904,2026-02-18,6327.301790025574,False,,False
V_648e7f93,U_0930,2026-02-18,3773.4649571349223,True,G_1e1158,True
V_0ac7a257,U_0938,2026-02-18,5793.999001419737,True,G_1e1158,False
V_8b19b121,U_0113,2026-02-18,2423.4975612782305,True,G_1e1158,False
V_a183834b,U_0081,2026-02-18,3186.9794398773934,True,G_1e1158,False
V_24fc7ab1,U_0474,2026-02-18,3919.5472513283044,True,G_1e1158,False
V_358ce166,U_0931,2026-02-18,3958.692664636516,True,G_f9d37b,True
V_989ab29d,U_0348,2026-02-18,3027.4989186414814,True,G_f9d37b,False
V_ca34a14e,U_0725,2026-02-18,6248.006540977003,True,G_f9d37b,False
V_606e7fae,U_0273,2026-02-18,4488.829884045125,True,G_f9d37b,False
V_1550014111,U_0946,2026-02-18,2853.9454425233066,False,,False
V_4197126685,U_0962,2026-02-18,10366.575967621393,False,,False
V_190e4ac3,U_0970,2026-02-18,3800.4148548781,True,G_19509b,True
V_1d7fc2a8,U_0439,2026-02-18,3157.097190700452,True,G_19509b,False
V_ac77d4af,U_0006,2026-02-18,6372.150817909806,True,G_19509b,False
V_8aef18d4,U_0991,2026-02-18,1670.5141871991855,True,G_19509b,False
V_b1922888,U_0452,2026-02-18,3253.302568751491,True,G_19509b,False
V_cc74bb03,U_0728,2026-02-18,2556.5758542521025,True,G_19509b,False
V_1eedb09f,U_0975,2026-02-18,2446.496621172725,True,G_74cb52,True
V_837e867d,U_0910,2026-02-18,4960.5419955301995,True,G_74cb52,False
V_7f0718fc,U_0623,2026-02-18,10759.467691539,True,G_74cb52,False
V_b8e87f13,U_0107,2026-02-18,3356.126288190457,True,G_74cb52,False
V_33a41aab,U_0588,2026-02-18,3187.3278243304503,True,G_74cb52,False
V_f94a69c6,U_0661,2026-02-18,4803.741036920751,True,G_74cb52,False
V_c4175f89,U_0065,2026-02-19,4883.829325610199,True,G_fe9250,True
V_7d9c3539,U_0384,2026-02-19,4269.82211705808,True,G_fe9250,False
V_dbaf91e4,U_0486,2026-02-19,6849.148789699967,True,G_fe9250,False
V_4184039119,U_0075,2026-02-19,13058.369631885453,False,,False
V_3334260332,U_0077,2026-02-19,7248.389855182522,False,,False
V_3b5c3791,U_0097,2026-02-19,10392.092423531192,True,G_bea0bb,True
V_888a6f88,U_0632,2026-02-19,2809.728092368115,True,G_bea0bb,False
V_1885213928,U_0156,2026-02-19,2126.758991970085,False,,False
V_576704143,U_0181,2026-02-19,11304.425759461532,False,,False
V_1906582106,U_0183,2026-02-19,10918.669013349381,False,,False
V_5aaabc21,U_0237,2026-02-19,11524.838663008424,True,G_ddbd75,True
V_ccd9885f,U_0445,2026-02-19,12995.845494202973,True,G_ddbd75,False
V_9320b9c7,U_0238,2026-02-19,7008.183062190891,True,G_f04caf,True
V_8a19a08b,U_0972,2026-02-19,7546.506804385314,True,G_f04caf,False
V_77f0cbe5,U_0869,2026-02-19,3830.567431986997,True,G_f04caf,False
V_3584736667,U_0240,2026-02-19,6979.308727358607,False,,False
V_10605091,U_0258,2026-02-19,3277.3708074435867,False,,False
V_20162896,U_0288,2026-02-19,4771.802507758961,True,G_d93163,True
V_2786c568,U_0672,2026-02-19,3486.8278121737417,True,G_d93163,False
V_e5a2ce68,U_0345,2026-02-19,9266.165235949837,True,G_44e06f,True
V_ac6a7c29,U_0508,2026-02-19,6329.343094889815,True,G_44e06f,False
V_e2a03d7e,U_0682,2026-02-19,7713.149826292507,True,G_44e06f,False
V_9cb91fc4,U_0458,2026-02-19,11019.083990862797,True,G_44e06f,False
V_dc312bfb,U_0428,2026-02-19,3124.0551488508577,True,G_44e06f,False
V_293eb3d4,U_0470,2026-02-19,4237.463738955266,True,G_44e06f,False
V_3072489337,U_0357,2026-02-19,3131.4551781633368,False,,False
V_8ab77681,U_0408,2026-02-19,7184.211907740907,True,G_bdb479,True
V_e0f0dd79,U_0491,2026-02-19,5546.919648883023,True,G_bdb479,False
V_02a35934,U_0965,2026-02-19,5390.242844325544,True,G_bdb479,False
V_7f303cb3,U_0495,2026-02-19,3680.1800156753916,True,G_bdb479,False
V_8156467a,U_0427,2026-02-19,3214.134967706268,True,G_4d0fa8,True
V_ac876930,U_0100,2026-02-19,2974.252716582244,True,G_4d0fa8,False
V_b114e51e,U_0925,2026-02-19,2592.8521111666732,True,G_4d0fa8,False
V_2d6bb0aa,U_0746,2026-02-19,2694.3475595937143,True,G_4d0fa8,False
V_30857aa2,U_0377,2026-02-19,2985.2766849108443,True,G_4d0fa8,False
V_7f586651,U_0474,2026-02-19,3812.894071677935,True,G_4d0fa8,False
V_604343722,U_0429,2026-02-19,8837.156383292646,False,,False
V_4292042084,U_0445,2026-02-19,11630.10608776505,False,,False
V_2752993191,U_0457,2026-02-19,8465.052793786173,False,,False
V_344998178,U_0474,2026-02-19,2756.3300000364625,False,,False
V_2a00ca35,U_0491,2026-02-19,4663.69470369735,True,G_fe4a5d,True
V_370de7e2,U_0653,2026-02-19,5030.510518764962,True,G_fe4a5d,False
V_3560631886,U_0493,2026-02-19,6680.355100036072,False,,False
V_3288756182,U_0505,2026-02-19,2715.934806433923,False,,False
V_1492787496,U_0526,2026-02-19,4769.988770540976,False,,False
V_97116321,U_0560,2026-02-19,7566.65759666738,False,,False
V_2715926570,U_0581,2026-02-19,7603.133726888578,False,,False
V_fffd6147,U_0591,2026-02-19,8372.389189422556,True,G_c48be7,True
V_ed6fcf19,U_0900,2026-02-19,5980.062913772312,True,G_c48be7,False
V_1972566558,U_0622,2026-02-19,7381.173525207394,False,,False
V_2552638848,U_0663,2026-02-19,2080.349293010767,False,,False
V_3996227545,U_0702,2026-02-19,3879.584767738325,False,,False
V_3646776370,U_0730,2026-02-19,2879.4390489995276,False,,False
V_3815266856,U_0737,2026-02-19,7001.5082250466685,False,,False
V_3920793611,U_0813,2026-02-19,7753.443035264587,False,,False
V_1157368299,U_0858,2026-02-19,4281.709676762172,False,,False
V_2588301345,U_0863,2026-02-19,8248.935639503085,False,,False
V_2372097391,U_0874,2026-02-19,5795.19829150965,False,,False
V_1491845455,U_0911,2026-02-19,4013.578059273964,False,,False
V_4ca9ac08,U_0951,2026-02-19,9688.69908915639,True,G_1547e3,True
V_5da54bb8,U_0428,2026-02-19,3160.477921355411,True,G_1547e3,False
V_5c01a9bd,U_0693,2026-02-19,7842.234045203864,True,G_1547e3,False
V_1280541429,U_0966,2026-02-19,3216.5262791401096,False,,False
V_1803617534,U_0004,2026-02-19,3658.5557737975987,False,,False
V_cf68070f,U_0014,2026-02-19,2215.4406633214776,True,G_ad5c50,True
V_477def12,U_0419,2026-02-19,3154.1208801813336,True,G_ad5c50,False
V_9581dcf3,U_0914,2026-02-19,3130.714687555728,True,G_ad5c50,False
V_12662014,U_0405,2026-02-19,3424.8039342811267,True,G_ad5c50,False
V_2a6bc83a,U_0942,2026-02-19,3067.5532191578272,True,G_ad5c50,False
V_226140948,U_0045,2026-02-19,6504.346302485816,False,,False
V_1108332018,U_0061,2026-02-19,6023.27519120965,False,,False
V_b29bb8e8,U_0092,2026-02-19,2800.3263442750567,True,G_accc43,True
V_eac3de96,U_0219,2026-02-19,2203.240153056486,True,G_accc43,False
V_83e69172,U_0119,2026-02-19,3469.3132241702256,True,G_0c9554,True
V_9a56e39c,U_0316,2026-02-19,3451.5103391887933,True,G_0c9554,False
V_3f04d969,U_0982,2026-02-19,8802.950165188622,True,G_0c9554,False
V_9293a60f,U_0052,2026-02-19,2991.360749066958,True,G_0c9554,False
V_a392003f,U_0682,2026-02-19,8192.542503623174,True,G_0c9554,False
V_3e950be9,U_0206,2026-02-19,7065.3413817768505,True,G_0c9554,False
V_1c2860bd,U_0120,2026-02-19,2717.7455382881562,True,G_54dcc0,True
V_38d57462,U_0024,2026-02-19,9744.74499078536,True,G_54dcc0,False
V_174eedce,U_0434,2026-02-19,7215.305781622471,True,G_54dcc0,False
V_39291645,U_0414,2026-02-19,3306.4700170735614,True,G_54dcc0,False
V_d4556b17,U_0740,2026-02-19,3709.895248992955,True,G_54dcc0,False
V_f6b0b4ac,U_0125,2026-02-19,5280.530450836381,True,G_b6a37b,True
V_805a3344,U_0897,2026-02-19,8645.124206181832,True,G_b6a37b,False
V_d6af8649,U_0646,2026-02-19,10121.794010528278,True,G_b6a37b,False
V_96e764da,U_0852,2026-02-19,11432.69201117741,True,G_b6a37b,False
V_d6be1800,U_0044,2026-02-19,2629.3320546802865,True,G_b6a37b,False
V_51146775,U_0217,2026-02-19,2744.4177978638722,True,G_6c3772,True
V_6ae6565d,U_0117,2026-02-19,4980.926568841239,True,G_6c3772,False
V_2910284213,U_0222,2026-02-19,2267.514979723798,False,,False
V_4107278111,U_0228,2026-02-19,5616.72754085483,False,,False
V_3719929006,U_0258,2026-02-19,5636.04636453538,False,,False
V_19ee3fc0,U_0374,2026-02-19,3071.87593662467,True,G_9e4022,True
V_86236d15,U_0901,2026-02-19,4710.656200583759,True,G_9e4022,False
V_947900500,U_0379,2026-02-19,2018.6493570859398,False,,False
V_2a5744f7,U_0381,2026-02-19,2172.0313142459718,True,G_b9b8c3,True
V_1bfc66f9,U_0000,2026-02-19,3789.356509923226,True,G_b9b8c3,False
V_2022312749,U_0423,2026-02-19,4534.989334520739,False,,False
V_818349721,U_0452,2026-02-19,10116.986882582676,False,,False
V_153885631,U_0518,2026-02-19,2414.6971579649107,False,,False
V_1400075873,U_0609,2026-02-19,3276.8460968600994,False,,False
V_b1bf39de,U_0644,2026-02-19,4456.614520692086,True,G_0f2d24,True
V_5617eff9,U_0903,2026-02-19,3431.4862556955927,True,G_0f2d24,False
V_ffc74dad,U_0349,2026-02-19,3948.791496800073,True,G_0f2d24,False
V_623d116a,U_0750,2026-02-19,6540.141569451642,True,G_0f2d24,False
V_1759460469,U_0648,2026-02-19,3857.2920586596565,False,,False
V_3631856083,U_0667,2026-02-19,4716.895024351749,False,,False
V_3bd140f3,U_0713,2026-02-19,2688.585169905124,True,G_928a22,True
V_48fcaa60,U_0691,2026-02-19,6763.3263395645545,True,G_928a22,False
V_3b35b25e,U_0282,2026-02-19,2856.6819409971686,True,G_928a22,False
V_a452e1e9,U_0235,2026-02-19,7301.652058715626,True,G_928a22,False
V_1573782514,U_0754,2026-02-19,5936.80721579953,False,,False
V_36fa4079,U_0768,2026-02-19,5850.733697595101,True,G_669faf,True
V_f769921a,U_0205,2026-02-19,5346.5175566155995,True,G_669faf,False
V_ced48e49,U_0163,2026-02-19,11807.129628814977,True,G_669faf,False
V_1d663953,U_0311,2026-02-19,2308.401260081339,True,G_669faf,False
V_c0cda74c,U_0344,2026-02-19,2522.2414830327575,True,G_669faf,False
V_3a802b2a,U_0871,2026-02-19,3904.429207887936,True,G_669faf,False
V_31e8babb,U_0794,2026-02-19,6716.344415846426,True,G_bebd47,True
V_7322406b,U_0691,2026-02-19,7545.952283319756,True,G_bebd47,False
V_23ea3884,U_0681,2026-02-19,12898.550101269564,True,G_bebd47,False
V_e3706a48,U_0897,2026-02-19,8573.694897586329,True,G_bebd47,False
V_67beb8af,U_0492,2026-02-19,2485.335822912856,True,G_bebd47,False
V_608bbe2e,U_0324,2026-02-19,7529.081369393885,True,G_bebd47,False
V_1544520876,U_0800,2026-02-19,5299.490592784684,False,,False
V_226c587f,U_0873,2026-02-19,7605.392684942952,True,G_a1f6a9,True
V_d69d7d67,U_0536,2026-02-19,5348.752534821628,True,G_a1f6a9,False
V_1f4e2ad8,U_0313,2026-02-19,3196.2294938415394,True,G_a1f6a9,False
V_13d230dd,U_0005,2026-02-19,4291.883510439055,True,G_a1f6a9,False
V_4e8676b1,U_0659,2026-02-19,3022.1998213235343,True,G_a1f6a9,False
V_2655003220,U_0962,2026-02-19,9750.621617057397,False,,False
V_2945978016,U_0016,2026-02-20,4182.699616696337,False,,False
V_3420819220,U_0060,2026-02-20,2598.7148931886095,False,,False
V_1564292098,U_0083,2026-02-20,7126.547113574539,False,,False
V_3487712259,U_0095,2026-02-20,4202.871351862788,False,,False
V_b858a1aa,U_0119,2026-02-20,4219.353835424253,True,G_6eca9b,True
V_0250bb65,U_0194,2026-02-20,10482.159161613734,True,G_6eca9b,False
V_ff40ea8a,U_0383,2026-02-20,3491.4074248028423,True,G_6eca9b,False
V_12963a32,U_0266,2026-02-20,3646.021156800482,True,G_6eca9b,False
V_438530c1,U_0524,2026-02-20,3123.8814331072103,True,G_6eca9b,False
V_b6c62377,U_0677,2026-02-20,2052.0934711225636,True,G_6eca9b,False
V_1837444932,U_0160,2026-02-20,11692.459232707679,False,,False
V_2581429720,U_0211,2026-02-20,4747.318097500958,False,,False
V_ddcc29b3,U_0221,2026-02-20,7341.454979407902,True,G_c3d6a8,True
V_1b4fd826,U_0896,2026-02-20,12217.290831928323,True,G_c3d6a8,False
V_6813bb91,U_0206,2026-02-20,7063.242743853351,True,G_c3d6a8,False
V_e5eb1aa4,U_0219,2026-02-20,2002.9551056488954,True,G_c3d6a8,False
V_4e47e19f,U_0225,2026-02-20,11726.561074651403,True,G_dd347a,True
V_9d41d89f,U_0917,2026-02-20,8037.291941464027,True,G_dd347a,False
V_b2c4b12b,U_0866,2026-02-20,9599.23723597436,True,G_dd347a,False
V_6486c6c1,U_0461,2026-02-20,7130.58737697061,True,G_dd347a,False
V_f162cfac,U_0154,2026-02-20,5002.920877420404,True,G_dd347a,False
V_1573136470,U_0287,2026-02-20,2775.7547822483834,False,,False
V_90dba8c2,U_0418,2026-02-20,4311.8375794876765,True,G_388b69,True
V_29aba9f2,U_0931,2026-02-20,3685.6666924954416,True,G_388b69,False
V_7da91864,U_0142,2026-02-20,4790.86664420289,True,G_388b69,False
V_13c01b41,U_0473,2026-02-20,4191.818901341008,True,G_388b69,False
V_1545757646,U_0456,2026-02-20,9064.855807743179,False,,False
V_1837400337,U_0462,2026-02-20,2684.6827779113382,False,,False
V_3133146869,U_0472,2026-02-20,3674.3900045996456,False,,False
V_5d131d77,U_0532,2026-02-20,6006.179120527683,True,G_1104ea,True
V_010cbb54,U_0114,2026-02-20,4575.086496989299,True,G_1104ea,False
V_0c09c09b,U_0235,2026-02-20,5275.849405961459,True,G_1104ea,False
V_19ce11b4,U_0168,2026-02-20,9487.940865022956,True,G_1104ea,False
V_170f8980,U_0240,2026-02-20,5873.7756635582255,True,G_1104ea,False
V_9022347e,U_0542,2026-02-20,3272.3454416923673,True,G_c17aa7,True
V_805c1a2a,U_0014,2026-02-20,2233.957189753479,True,G_c17aa7,False
V_926de453,U_0988,2026-02-20,3259.222705100707,True,G_c17aa7,False
V_9034dc55,U_0777,2026-02-20,3888.7820602124416,True,G_c17aa7,False
V_3590745b,U_0939,2026-02-20,3236.6206917439513,True,G_c17aa7,False
V_2039048235,U_0552,2026-02-20,4475.780866043084,False,,False
V_f67850a7,U_0645,2026-02-20,3242.382467430115,True,G_d3b85e,True
V_61dc0d11,U_0959,2026-02-20,2469.360970915602,True,G_d3b85e,False
V_f1fac381,U_0893,2026-02-20,3564.216993374045,True,G_d3b85e,False
V_6e49894a,U_0819,2026-02-20,2675.4126560153168,True,G_d3b85e,False
V_3dfa5d62,U_0934,2026-02-20,3168.123012944372,True,G_d3b85e,False
V_da4813f9,U_0190,2026-02-20,6613.434050267784,True,G_d3b85e,False
V_0609618a,U_0684,2026-02-20,2652.885686115693,True,G_ae34ce,True
V_fb7154f5,U_0730,2026-02-20,2501.2701073788166,True,G_ae34ce,False
V_780be667,U_0448,2026-02-20,3263.895181827964,True,G_ae34ce,False
V_1532690363,U_0691,2026-02-20,6471.0800919285275,False,,False
V_1597720619,U_0702,2026-02-20,4209.481958392624,False,,False
V_4266944754,U_0735,2026-02-20,7751.6009257704345,False,,False
V_457289836,U_0771,2026-02-20,5718.059404357313,False,,False
V_4068619551,U_0800,2026-02-20,4369.186947898737,False,,False
V_0b002bc6,U_0831,2026-02-20,6541.964598413791,True,G_916cd3,True
V_16a239d4,U_0006,2026-02-20,7558.051239606009,True,G_916cd3,False
V_2995241179,U_0859,2026-02-20,3166.422246979044,False,,False
V_2960938132,U_0888,2026-02-20,9490.125996308952,False,,False
V_1423899529,U_0901,2026-02-20,3929.7838165218895,False,,False
V_93392444,U_0913,2026-02-20,8055.68594090756,False,,False
V_1967389653,U_0917,2026-02-20,7341.939214177109,False,,False
V_0a624f52,U_0994,2026-02-20,5213.16236458213,True,G_db0814,True
V_277279d5,U_0622,2026-02-20,5627.625801543151,True,G_db0814,False
V_c59d8ffb,U_0537,2026-02-20,4576.23692276202,True,G_db0814,False
V_3c54cb96,U_0403,2026-02-20,5675.669331333652,True,G_db0814,False
V_24247a3f,U_0625,2026-02-20,5823.843474530725,True,G_db0814,False
V_8171e31e,U_0062,2026-02-20,4847.465153471565,True,G_b9c73c,True
V_d42fa426,U_0194,2026-02-20,7775.137022235101,True,G_b9c73c,False
V_3f4aa0ae,U_0074,2026-02-20,1888.483506402876,True,G_b9c73c,False
V_b267798a,U_0851,2026-02-20,6617.854706720455,True,G_b9c73c,False
V_825597524,U_0088,2026-02-20,3572.5654618359563,False,,False
V_1d71b446,U_0094,2026-02-20,4637.5403757236345,True,G_36c93d,True
V_7d76cedd,U_0748,2026-02-20,5844.682708992064,True,G_36c93d,False
V_8c304181,U_0747,2026-02-20,2257.121333062174,True,G_36c93d,False
V_7a6a92f1,U_0997,2026-02-20,4135.7996886384235,True,G_36c93d,False
V_40c98f4a,U_0853,2026-02-20,3425.205712285276,True,G_36c93d,False
V_7b75d2a5,U_0399,2026-02-20,2702.1034577810206,True,G_36c93d,False
V_11090649,U_0203,2026-02-20,4479.191619611678,False,,False
V_27501785,U_0208,2026-02-20,9584.455102671302,False,,False
V_3159234235,U_0239,2026-02-20,5591.719503740692,False,,False
V_1791170933,U_0273,2026-02-20,4505.737776008869,False,,False
V_bd1f0a00,U_0289,2026-02-20,3649.177231740363,True,G_b8367b,True
V_48aead59,U_0308,2026-02-20,6215.928731319426,True,G_b8367b,False
V_f259a0fb,U_0691,2026-02-20,5956.601912355774,True,G_b8367b,False
V_ddd7cb23,U_0503,2026-02-20,8796.977689636873,True,G_b8367b,False
V_610903c4,U_0241,2026-02-20,1889.2142878113739,True,G_b8367b,False
V_808238946,U_0320,2026-02-20,2672.9328609967183,False,,False
V_908886570,U_0348,2026-02-20,4637.014521546197,False,,False
V_fe711c0e,U_0388,2026-02-20,2452.386553241632,True,G_b8398f,True
V_fccc4bc1,U_0237,2026-02-20,9346.794542461937,True,G_b8398f,False
V_ab28f389,U_0794,2026-02-20,6553.154734380934,True,G_b8398f,False
V_e43818cc,U_0505,2026-02-20,2790.9434146696767,True,G_b8398f,False
V_74f48908,U_0428,2026-02-20,2497.2910661281603,True,G_473748,True
V_244c961b,U_0560,2026-02-20,10931.716924879827,True,G_473748,False
V_c493936f,U_0913,2026-02-20,8325.460440729947,True,G_473748,False
V_536864c7,U_0636,2026-02-20,9791.664574415783,True,G_473748,False
V_f5bf387d,U_0657,2026-02-20,9561.899777923707,True,G_473748,False
V_64d58a8f,U_0466,2026-02-20,2803.903329069817,True,G_89488e,True
V_46c03946,U_0522,2026-02-20,5897.2699181799335,True,G_89488e,False
V_9ecc02bf,U_0704,2026-02-20,7845.792886396647,True,G_89488e,False
V_0bd457bc,U_0135,2026-02-20,3657.240105501304,True,G_89488e,False
V_160cf158,U_0495,2026-02-20,3533.5968278763216,True,G_e20ea2,True
V_7264f428,U_0200,2026-02-20,3115.461653635009,True,G_e20ea2,False
V_2bfa09f8,U_0221,2026-02-20,7535.713940997215,True,G_e20ea2,False
V_7f4c682f,U_0891,2026-02-20,4082.5169363882196,True,G_e20ea2,False
V_4cad3a71,U_0517,2026-02-20,2434.0653579584477,True,G_70704b,True
V_ed3b62f7,U_0087,2026-02-20,7137.75176122394,True,G_70704b,False
V_1489819698,U_0532,2026-02-20,3272.1199164533236,False,,False
V_434498355,U_0548,2026-02-20,4888.694332279974,False,,False
V_64d34b8e,U_0553,2026-02-20,4075.6151490982807,True,G_e79a4d,True
V_a595ae0b,U_0736,2026-02-20,4468.350194668667,True,G_e79a4d,False
V_d63b7aaa,U_0218,2026-02-20,3043.0208997409345,True,G_e79a4d,False
V_c70868ac,U_0194,2026-02-20,9465.679561692607,True,G_e79a4d,False
V_16a8147a,U_0429,2026-02-20,12021.642164275798,True,G_e79a4d,False
V_0240b44e,U_0089,2026-02-20,6101.390579103642,True,G_e79a4d,False
V_1563468912,U_0667,2026-02-20,4559.6375785225955,False,,False
V_2148927619,U_0721,2026-02-20,4778.609791946033,False,,False
V_3690198974,U_0781,2026-02-20,2795.235876463271,False,,False
V_940d9bb8,U_0799,2026-02-20,4508.081579853195,True,G_931ef4,True
V_f08527c4,U_0687,2026-02-20,2427.514422231424,True,G_931ef4,False
V_dbadaff5,U_0699,2026-02-20,4090.1486336196326,True,G_931ef4,False
V_1497391865,U_0804,2026-02-20,10308.003606841548,False,,False
V_778401231,U_0828,2026-02-20,2925.955765807547,False,,False
V_2438594074,U_0833,2026-02-20,7346.139833895995,False,,False
V_1697399283,U_0838,2026-02-20,7252.600604156668,False,,False
V_2030124237,U_0853,2026-02-20,2520.778330468369,False,,False
V_2283978093,U_0897,2026-02-20,3892.247091248628,False,,False
V_580095698,U_0944,2026-02-20,2382.620500211395,False,,False
V_bf60daeb,U_0962,2026-02-20,2238.8419566973175,True,G_4753d0,True
V_8cad6427,U_0744,2026-02-20,2171.247683291923,True,G_4753d0,False
V_18a50e37,U_0718,2026-02-20,8294.106681647016,True,G_4753d0,False
V_d1392a33,U_0869,2026-02-20,3825.5804271587367,True,G_4753d0,False
V_25b2c2f9,U_0875,2026-02-20,6283.585863168181,True,G_4753d0,False
V_1e484814,U_0994,2026-02-20,6790.542616315396,True,G_4753d0,False
V_1274978880,U_0975,2026-02-20,5818.657346580151,False,,False
V_425441639,U_0997,2026-02-20,4502.733315844172,False,,False
V_0b22aa57,U_0006,2026-02-21,7459.574685014421,True,G_1ccaf6,True
V_4e2551bd,U_0767,2026-02-21,8185.30021833299,True,G_1ccaf6,False
V_44f02c14,U_0265,2026-02-21,5805.485118033282,True,G_1ccaf6,False
V_47e34fc9,U_0074,2026-02-21,2212.6556690187485,True,G_1ccaf6,False
V_8d49f8a3,U_0614,2026-02-21,12670.609008739826,True,G_1ccaf6,False
V_306196745,U_0016,2026-02-21,4283.366983426901,False,,False
V_2210304482,U_0023,2026-02-21,3721.8595807253337,False,,False
V_92d97670,U_0033,2026-02-21,3398.9983108649185,True,G_23a84f,True
V_064813b7,U_0486,2026-02-21,8090.907742415741,True,G_23a84f,False
V_373018347,U_0057,2026-02-21,2289.7826054150732,False,,False
V_42b30ae5,U_0095,2026-02-21,4339.259156341995,True,G_f42605,True
V_3360e61a,U_0185,2026-02-21,3740.60393563401,True,G_f42605,False
V_626948246,U_0101,2026-02-21,3342.133030603737,False,,False
V_1260363320,U_0173,2026-02-21,6405.807530978899,False,,False
V_2055445840,U_0181,2026-02-21,11348.985688794739,False,,False
V_2998554613,U_0221,2026-02-21,5790.409760624922,False,,False
V_3725708594,U_0258,2026-02-21,3580.845122247683,False,,False
V_4000718282,U_0266,2026-02-21,3383.5935222645644,False,,False
V_0438206e,U_0267,2026-02-21,3600.172609113165,True,G_9bc962,True
V_31e60647,U_0463,2026-02-21,4002.406701910847,True,G_9bc962,False
V_91030294,U_0271,2026-02-21,2496.4184540822193,True,G_feaa69,True
V_22220980,U_0092,2026-02-21,3479.3206630363,True,G_feaa69,False
V_95b7274d,U_0157,2026-02-21,3891.2028084291237,True,G_feaa69,False
V_4fcec348,U_0377,2026-02-21,3492.2233262915606,True,G_feaa69,False
V_a1de2e48,U_0987,2026-02-21,2867.290434645127,True,G_feaa69,False
V_f40ba97f,U_0339,2026-02-21,4293.092602813148,True,G_feaa69,False
V_1763685126,U_0378,2026-02-21,5652.160662395861,False,,False
V_93522384,U_0399,2026-02-21,3094.0414392195967,False,,False
V_4025164320,U_0400,2026-02-21,8969.592305155084,False,,False
V_5f473c30,U_0413,2026-02-21,5203.270514384463,True,G_ce6237,True
V_dcffbebe,U_0248,2026-02-21,3849.2772595679558,True,G_ce6237,False
V_9de9908c,U_0384,2026-02-21,3790.099232655906,True,G_ce6237,False
V_4020452343,U_0423,2026-02-21,2422.754151480128,False,,False
V_39f58783,U_0437,2026-02-21,2394.3428080111885,True,G_7fc4d9,True
V_f05c9430,U_0809,2026-02-21,3860.581810055756,True,G_7fc4d9,False
V_ebb1e313,U_0475,2026-02-21,3598.757237088696,True,G_7fc4d9,False
V_28fd8cb1,U_0155,2026-02-21,2258.816231063318,True,G_7fc4d9,False
V_702169857,U_0439,2026-02-21,3329.871796617144,False,,False
V_2449494030,U_0440,2026-02-21,5244.718042624924,False,,False
V_1247353386,U_0462,2026-02-21,2817.9330308736066,False,,False
V_289699445,U_0477,2026-02-21,2664.132077150018,False,,False
V_2371522316,U_0506,2026-02-21,5452.607544428038,False,,False
V_f6d766b5,U_0529,2026-02-21,5105.773495175862,True,G_4e5dc7,True
V_b0253734,U_0453,2026-02-21,3873.18247578176,True,G_4e5dc7,False
V_1c62e707,U_0545,2026-02-21,2929.8310181326656,True,G_a017af,True
V_fd5ace3f,U_0094,2026-02-21,4945.59123928166,True,G_a017af,False
V_6b8cad5f,U_0100,2026-02-21,3195.1297672108903,True,G_a017af,False
V_3966339702,U_0550,2026-02-21,4151.595389234222,False,,False
V_1264262355,U_0557,2026-02-21,1996.7384508838015,False,,False
V_2070460154,U_0573,2026-02-21,4005.71810799153,False,,False
V_39822a6d,U_0611,2026-02-21,5534.076537395193,True,G_aa6b50,True
V_c9e5ef81,U_0459,2026-02-21,2007.604989348498,True,G_aa6b50,False
V_d38ff863,U_0033,2026-02-21,3812.6028580186007,True,G_aa6b50,False
V_e80e2405,U_0617,2026-02-21,2898.7150750921046,True,G_697142,True
V_28d36579,U_0223,2026-02-21,2617.213765228845,True,G_697142,False
V_35e6650e,U_0932,2026-02-21,3254.4949171218987,True,G_697142,False
V_4179464344,U_0645,2026-02-21,4188.990686938747,False,,False
V_3199904654,U_0742,2026-02-21,6387.093419252045,False,,False
V_cbc8c4a5,U_0774,2026-02-21,3739.2132338104047,True,G_4b710f,True
V_90581946,U_0789,2026-02-21,4036.288448214689,True,G_4b710f,False
V_afb344e8,U_0138,2026-02-21,3691.7400049340968,True,G_4b710f,False
V_a989ef8d,U_0022,2026-02-21,2352.5754908837507,True,G_4b710f,False
V_2c357865,U_0715,2026-02-21,3060.7789907186957,True,G_4b710f,False
V_24c0d13d,U_0346,2026-02-21,4148.794408858074,True,G_4b710f,False
V_1938459061,U_0801,2026-02-21,3564.6070175981467,False,,False
V_cd5b5232,U_0868,2026-02-21,6637.597746548924,True,G_fd8667,True
V_b7d9870a,U_0672,2026-02-21,3850.0610193827415,True,G_fd8667,False
V_9de71553,U_0566,2026-02-21,4094.055878281114,True,G_fd8667,False
V_5e32ebf5,U_0312,2026-02-21,5747.718620101373,True,G_fd8667,False
V_c63758f5,U_0473,2026-02-21,3993.948472990343,True,G_fd8667,False
V_a9af2045,U_0269,2026-02-21,7205.033042723061,True,G_fd8667,False
V_2534431174,U_0891,2026-02-21,4739.049936622743,False,,False
V_2950032146,U_0897,2026-02-21,9856.445875822086,False,,False
V_4168919870,U_0937,2026-02-21,11459.948807705401,False,,False
V_560353946,U_0948,2026-02-21,7018.312583384515,False,,False
V_2406729374,U_0965,2026-02-21,5896.358952035113,False,,False
V_2681077431,U_0984,2026-02-21,2545.60853344349,False,,False
V_f520ccf1,U_0989,2026-02-21,1841.9048409552217,True,G_06d86b,True
V_6f9c5802,U_0043,2026-02-21,3057.0394752316893,True,G_06d86b,False
V_86c1797f,U_0045,2026-02-21,7843.436203417597,True,G_a77fa5,True
V_19f970b0,U_0111,2026-02-21,5912.2979325398965,True,G_a77fa5,False
V_8cf71420,U_0056,2026-02-21,3080.537269366872,True,G_a77fa5,False
V_64730c0c,U_0819,2026-02-21,2347.8933236622847,True,G_a77fa5,False
V_c06f6d91,U_0216,2026-02-21,2802.5563053868423,True,G_a77fa5,False
V_b834e49f,U_0889,2026-02-21,5792.430295694032,True,G_a77fa5,False
V_04a8d27c,U_0094,2026-02-21,5016.558961471458,True,G_16fdd2,True
V_5167a1bd,U_0236,2026-02-21,3424.7045967859826,True,G_16fdd2,False
V_d9346e28,U_0289,2026-02-21,3108.2979786593382,True,G_16fdd2,False
V_339b9adb,U_0353,2026-02-21,2864.866374798947,True,G_16fdd2,False
V_db9f547a,U_0814,2026-02-21,3289.8803088075515,True,G_16fdd2,False
V_2427311372,U_0114,2026-02-21,5094.088144684951,False,,False
V_1936013975,U_0130,2026-02-21,8418.682216102012,False,,False
V_3118447414,U_0178,2026-02-21,7346.62706355537,False,,False
V_96db7a0f,U_0203,2026-02-21,3294.1804673377633,True,G_f823f1,True
V_6a3fc273,U_0738,2026-02-21,7317.741161786599,True,G_f823f1,False
V_f40eee5b,U_0392,2026-02-21,8120.707415336291,True,G_f823f1,False
V_59c00de3,U_0486,2026-02-21,8266.40082874905,True,G_f823f1,False
V_1977759312,U_0215,2026-02-21,4966.614716752725,False,,False
V_b17382ea,U_0220,2026-02-21,2141.571193890889,True,G_d9bc4b,True
V_6362ebb5,U_0189,2026-02-21,2488.2839937801746,True,G_d9bc4b,False
V_f460432a,U_0418,2026-02-21,4447.853331030605,True,G_d9bc4b,False
V_00ba5049,U_0672,2026-02-21,3360.3097936409613,True,G_d9bc4b,False
V_1c3ace46,U_0345,2026-02-21,8793.597749422073,True,G_d9bc4b,False
V_63f0b64f,U_0221,2026-02-21,6799.795725023573,True,G_016439,True
V_efdca077,U_0902,2026-02-21,11688.526666852202,True,G_016439,False
V_00fbf2c3,U_0537,2026-02-21,4031.125389961799,True,G_016439,False
V_03ac960c,U_0705,2026-02-21,4325.037427874035,True,G_016439,False
V_c5a813eb,U_0625,2026-02-21,5364.58966477558,True,G_016439,False
V_998eae3f,U_0279,2026-02-21,2535.218954354105,True,G_3b1a6a,True
V_192ee799,U_0422,2026-02-21,7390.34609889971,True,G_3b1a6a,False
V_1753e2ee,U_0312,2026-02-21,5803.596310035237,True,G_676bec,True
V_f99d0436,U_0692,2026-02-21,6000.682043713005,True,G_676bec,False
V_fcd8dd6e,U_0446,2026-02-21,3362.5540269992093,True,G_676bec,False
V_2866099383,U_0344,2026-02-21,4386.390670121711,False,,False
V_103483178,U_0414,2026-02-21,5591.794173522023,False,,False
V_4106591655,U_0593,2026-02-21,5385.593783555413,False,,False
V_4888048d,U_0619,2026-02-21,2330.9046140552427,True,G_dc9d1f,True
V_7ae8358b,U_0090,2026-02-21,4687.029277560465,True,G_dc9d1f,False
V_3bfb209f,U_0626,2026-02-21,2494.9173479936617,True,G_dc9d1f,False
V_d6249f05,U_0810,2026-02-21,4129.600945204462,True,G_dc9d1f,False
V_05786948,U_0654,2026-02-21,3731.227374919533,True,G_cdf423,True
V_5743c90d,U_0130,2026-02-21,10021.572633180844,True,G_cdf423,False
V_454325400,U_0710,2026-02-21,5526.237930340482,False,,False
V_80a15e31,U_0721,2026-02-21,8265.829715787233,True,G_534791,True
V_9214b8f5,U_0459,2026-02-21,2298.9536729539354,True,G_534791,False
V_0e45e0fb,U_0866,2026-02-21,9490.2078195547,True,G_534791,False
V_845104352,U_0735,2026-02-21,4514.219915961167,False,,False
V_99979599,U_0736,2026-02-21,4267.501731285365,True,G_df2ff7,True
V_1f518a5a,U_0044,2026-02-21,2537.928475380202,True,G_df2ff7,False
V_251ceefd,U_0073,2026-02-21,6958.661524000653,True,G_df2ff7,False
V_08161ad5,U_0515,2026-02-21,3276.51556388866,True,G_df2ff7,False
V_96fd60b8,U_0207,2026-02-21,3672.436810195864,True,G_df2ff7,False
V_fdc9a7dd,U_0754,2026-02-21,2694.0903228317475,True,G_b90f48,True
V_92c138d0,U_0826,2026-02-21,8376.227124075867,True,G_b90f48,False
V_c1001440,U_0295,2026-02-21,3942.6794764305523,True,G_b90f48,False
V_12464b3a,U_0982,2026-02-21,7603.516022895316,True,G_b90f48,False
V_3971418994,U_0761,2026-02-21,11680.619961906565,False,,False
V_4256031878,U_0832,2026-02-21,3739.4417740209446,False,,False
V_2153871961,U_0833,2026-02-21,7098.983608783955,False,,False
V_0ec54231,U_0840,2026-02-21,4457.354254323371,True,G_874f62,True
V_b6995e38,U_0074,2026-02-21,2321.9394423565855,True,G_874f62,False
V_764e8229,U_0853,2026-02-21,3888.153516810966,True,G_59ae8e,True
V_dab091ff,U_0234,2026-02-21,3152.432250000663,True,G_59ae8e,False
V_b78d5462,U_0410,2026-02-21,1921.401437105643,True,G_59ae8e,False
V_b16251eb,U_0935,2026-02-21,2940.299058908103,True,G_59ae8e,False
V_1a52e322,U_0524,2026-02-21,3505.536456290596,True,G_59ae8e,False
V_5e37fcb2,U_0247,2026-02-21,5685.523428578215,True,G_59ae8e,False
V_522235580,U_0869,2026-02-21,5496.9678257812975,False,,False
V_1208993205,U_0872,2026-02-21,2585.000768258455,False,,False
V_540e1be1,U_0943,2026-02-21,1888.8399285571943,True,G_0caae3,True
V_d2e74721,U_0043,2026-02-21,3945.348741542568,True,G_0caae3,False
V_1f107e34,U_0265,2026-02-21,5690.181368964336,True,G_0caae3,False
V_2a5e06cb,U_0262,2026-02-21,12271.699983315959,True,G_0caae3,False
V_3bb4159e,U_0949,2026-02-21,2953.5348341471795,True,G_77f87c,True
V_a716e6f4,U_0831,2026-02-21,7390.291297553523,True,G_77f87c,False
V_8fc49f30,U_0512,2026-02-21,2231.928046605648,True,G_77f87c,False
V_621894624,U_0975,2026-02-21,5608.272275823134,False,,False
V_3626527173,U_0988,2026-02-21,2542.7228168765882,False,,False
V_3975932665,U_0050,2026-02-22,10893.807634346409,False,,False
V_2059268925,U_0072,2026-02-22,2038.5873568166114,False,,False
V_0df90dff,U_0077,2026-02-22,7011.418806955876,True,G_833188,True
V_683773ec,U_0426,2026-02-22,3395.635039558766,True,G_833188,False
V_27f270f9,U_0023,2026-02-22,3711.780813055872,True,G_833188,False
V_fe632f99,U_0188,2026-02-22,3214.5989687000633,True,G_61130f,True
V_c7cbdf7b,U_0416,2026-02-22,3621.5592882358014,True,G_61130f,False
V_332a05f8,U_0374,2026-02-22,3135.387371020685,True,G_61130f,False
V_921e14e3,U_0923,2026-02-22,2149.6491762007595,True,G_61130f,False
V_4104187944,U_0196,2026-02-22,3718.5975925492608,False,,False
V_3922792983,U_0204,2026-02-22,6293.448717653465,False,,False
V_67ef0b7e,U_0206,2026-02-22,5438.256324830853,True,G_5cd860,True
V_5d225a89,U_0826,2026-02-22,9131.944106853054,True,G_5cd860,False
V_580481786,U_0221,2026-02-22,6143.1204494342865,False,,False
V_294299857,U_0235,2026-02-22,6971.648558018086,False,,False
V_3415362042,U_0252,2026-02-22,6578.372538485202,False,,False
V_185458898,U_0276,2026-02-22,5034.217017160957,False,,False
V_2980223799,U_0300,2026-02-22,4586.708385511199,False,,False
V_3604857091,U_0303,2026-02-22,11440.036768447497,False,,False
V_3437497750,U_0325,2026-02-22,5553.174707051593,False,,False
V_2589712388,U_0366,2026-02-22,3143.12560972367,False,,False
V_3539251417,U_0369,2026-02-22,4780.413423153542,False,,False
V_951437165,U_0387,2026-02-22,10372.155805780138,False,,False
V_ebddb51a,U_0438,2026-02-22,1994.0001794248487,True,G_e60f95,True
V_7c3bf239,U_0035,2026-02-22,2043.7260853832736,True,G_e60f95,False
V_29e5aaa9,U_0789,2026-02-22,3023.407275462241,True,G_e60f95,False
V_e26c0d19,U_0189,2026-02-22,2349.085116610085,True,G_e60f95,False
V_610a1fcb,U_0562,2026-02-22,3082.710133554798,True,G_e60f95,False
V_5c0ee575,U_0282,2026-02-22,3493.287548903005,True,G_e60f95,False
V_0f61393f,U_0461,2026-02-22,8798.921288451313,True,G_0eb40c,True
V_97dc65f7,U_0119,2026-02-22,3429.4124165458034,True,G_0eb40c,False
V_23bbead4,U_0324,2026-02-22,9629.27565165636,True,G_0eb40c,False
V_cb6215f1,U_0972,2026-02-22,6665.035729070789,True,G_0eb40c,False
V_ef754a31,U_0089,2026-02-22,6193.538164533858,True,G_0eb40c,False
V_3704c740,U_0484,2026-02-22,10142.825371710713,True,G_3652b3,True
V_3b0175dc,U_0089,2026-02-22,5815.698940112703,True,G_3652b3,False
V_583197733,U_0488,2026-02-22,5236.180761692016,False,,False
V_4027032457,U_0548,2026-02-22,8554.65039357509,False,,False
V_dcf297a3,U_0549,2026-02-22,3674.5678162259615,True,G_93ea86,True
V_226b7458,U_0993,2026-02-22,7692.112916794488,True,G_93ea86,False
V_06306825,U_0415,2026-02-22,7697.019385225326,True,G_93ea86,False
V_36fcb93b,U_0832,2026-02-22,2165.3100420614132,True,G_93ea86,False
V_a926b1d4,U_0901,2026-02-22,4736.167111566537,True,G_93ea86,False
V_c82fc5a2,U_0034,2026-02-22,3627.6701374843783,True,G_93ea86,False
V_1356202092,U_0554,2026-02-22,5474.939829125621,False,,False
V_2812781719,U_0558,2026-02-22,2207.469164195142,False,,False
V_8e8d74c3,U_0565,2026-02-22,11583.34201251547,True,G_1ff70b,True
V_18c6da38,U_0458,2026-02-22,9528.494492437829,True,G_1ff70b,False
V_2a263425,U_0211,2026-02-22,5718.250048767544,True,G_1ff70b,False
V_4710dbe0,U_0904,2026-02-22,5549.981366687468,True,G_1ff70b,False
V_661612bf,U_0484,2026-02-22,13051.902252098316,True,G_1ff70b,False
V_2266572845,U_0595,2026-02-22,6043.055083612933,False,,False
V_1160114318,U_0609,2026-02-22,3657.4384867679387,False,,False
V_186958183,U_0616,2026-02-22,7958.086097473224,False,,False
V_bb5237c9,U_0618,2026-02-22,4488.159291158072,True,G_c841af,True
V_8b66e991,U_0472,2026-02-22,3580.6854567805863,True,G_c841af,False
V_2214bed1,U_0179,2026-02-22,2569.780585194384,True,G_c841af,False
V_5a7b7068,U_0536,2026-02-22,4919.684473899841,True,G_c841af,False
V_b4a61e36,U_0691,2026-02-22,6756.125502724564,True,G_74fe92,True
V_e9e49502,U_0765,2026-02-22,1965.5892028273308,True,G_74fe92,False
V_c1db2524,U_0866,2026-02-22,12568.861655192482,True,G_74fe92,False
V_6eb93641,U_0701,2026-02-22,5004.148253873359,True,G_b519a1,True
V_ea87b9c3,U_0819,2026-02-22,2320.2734492592626,True,G_b519a1,False
V_da81470d,U_0313,2026-02-22,3953.3090709642647,True,G_b519a1,False
V_35748e59,U_0102,2026-02-22,6280.947039578302,True,G_b519a1,False
V_44099022,U_0719,2026-02-22,3027.474498318715,False,,False
V_c9f0491c,U_0721,2026-02-22,5937.629566950277,True,G_c2824e,True
V_4cf6eade,U_0843,2026-02-22,5621.423278433289,True,G_c2824e,False
V_5249de9f,U_0128,2026-02-22,7303.350036411154,True,G_c2824e,False
V_3555453477,U_0724,2026-02-22,2079.9543959122316,False,,False
V_5ab0077b,U_0727,2026-02-22,10650.767731511936,True,G_cffeab,True
V_38570dcc,U_0006,2026-02-22,6667.370115017408,True,G_cffeab,False
V_94b873b2,U_0918,2026-02-22,2956.339815922276,True,G_cffeab,False
V_acd4cabd,U_0548,2026-02-22,7981.746774537962,True,G_cffeab,False
V_ace84d9c,U_0068,2026-02-22,4270.083174524722,True,G_cffeab,False
V_cf47ca31,U_0567,2026-02-22,7980.930097988134,True,G_cffeab,False
V_1755227196,U_0752,2026-02-22,7072.650318457937,False,,False
V_a70b02bd,U_0772,2026-02-22,7578.747773030607,True,G_db4d06,True
V_3bc6678e,U_0576,2026-02-22,5586.010086914752,True,G_db4d06,False
V_ea7d68e9,U_0071,2026-02-22,3239.700650427537,True,G_db4d06,False
V_decc6434,U_0088,2026-02-22,13519.970082018042,True,G_db4d06,False
V_63156bd9,U_0933,2026-02-22,5563.035994483192,True,G_db4d06,False
V_1507585407,U_0777,2026-02-22,3746.6630611848805,False,,False
V_6b38d0c8,U_0788,2026-02-22,5526.517047857561,True,G_843abd,True
V_6b8ac7d1,U_0659,2026-02-22,4305.862181344347,True,G_843abd,False
V_a2228291,U_0705,2026-02-22,5348.712878456334,True,G_843abd,False
V_977806318,U_0798,2026-02-22,4521.1421179860245,False,,False
V_815776117,U_0810,2026-02-22,4641.860225109346,False,,False
V_a432d482,U_0826,2026-02-22,9409.119058771139,True,G_3b8c0e,True
V_0bfeb759,U_0765,2026-02-22,1858.8141138230449,True,G_3b8c0e,False
V_4203337917,U_0851,2026-02-22,7096.066607296999,False,,False
V_14563792,U_0866,2026-02-22,12269.55834280933,False,,False
V_1433033829,U_0925,2026-02-22,2658.802282224588,False,,False
V_8ac23999,U_0937,2026-02-22,11342.330875394588,True,G_668fa5,True
V_245ec994,U_0972,2026-02-22,7436.314438064878,True,G_668fa5,False
V_1706736467,U_0945,2026-02-22,4574.447375727482,False,,False
V_16e7fed5,U_0977,2026-02-22,9037.103192367967,True,G_ebc78e,True
V_db703557,U_0428,2026-02-22,2291.850584046947,True,G_ebc78e,False
V_28964d8b,U_0429,2026-02-22,10168.265140220836,True,G_ebc78e,False
V_72e272ba,U_0006,2026-02-22,6330.669045303398,True,G_ebc78e,False
V_e2e1235b,U_0972,2026-02-22,6264.45503349012,True,G_ebc78e,False
V_a8dd90ff,U_0548,2026-02-22,10070.869398841418,True,G_ebc78e,False
V_856014452,U_0001,2026-02-22,8372.74265533712,False,,False
V_ac7b1163,U_0055,2026-02-22,8480.63066883204,True,G_014b62,True
V_f502d78c,U_0614,2026-02-22,11496.16829586305,True,G_014b62,False
V_75e2cb68,U_0458,2026-02-22,11368.607503524696,True,G_014b62,False
V_635cb5f1,U_0202,2026-02-22,2339.8794768880307,True,G_014b62,False
V_51753bbc,U_0503,2026-02-22,11539.131875530951,True,G_014b62,False
V_2994177820,U_0214,2026-02-22,3781.6841286096947,False,,False
V_79842e60,U_0217,2026-02-22,3200.3179260485945,True,G_e40092,True
V_46fe8107,U_0670,2026-02-22,3696.1467829802095,True,G_e40092,False
V_a86f1552,U_0878,2026-02-22,2431.6421912750457,True,G_e40092,False
V_5a3d6ef0,U_0810,2026-02-22,3273.2079087410875,True,G_e40092,False
V_7c9fe9de,U_0738,2026-02-22,6057.95281583455,True,G_e40092,False
V_6855a420,U_0318,2026-02-22,2326.4809613515185,True,G_e40092,False
V_1cecb4bd,U_0219,2026-02-22,1905.2617620239253,True,G_88b27c,True
V_81290f60,U_0902,2026-02-22,9884.517290202306,True,G_88b27c,False
V_554733767,U_0221,2026-02-22,4736.060851834267,False,,False
V_0a8fb610,U_0239,2026-02-22,3262.909077433031,True,G_81c55c,True
V_1fff2b78,U_0975,2026-02-22,2223.9863678762454,True,G_81c55c,False
V_bb73e81d,U_0947,2026-02-22,6329.102254479269,True,G_81c55c,False
V_97930017,U_0241,2026-02-22,1700.9152284687616,True,G_bed1b3,True
V_49824664,U_0044,2026-02-22,2981.5275332450024,True,G_bed1b3,False
V_bd516c4f,U_0657,2026-02-22,10894.052418039328,True,G_bed1b3,False
V_722c4f1b,U_0429,2026-02-22,8822.911146783948,True,G_bed1b3,False
V_37c08666,U_0839,2026-02-22,2979.20654567424,True,G_bed1b3,False
V_fbf3ccbe,U_0456,2026-02-22,10565.608100873156,True,G_bed1b3,False
V_17739382,U_0302,2026-02-22,5524.908104264178,False,,False
V_1181780700,U_0326,2026-02-22,6236.720465918939,False,,False
V_26753981,U_0330,2026-02-22,3014.805154406717,True,G_ac33ac,True
V_136b7f74,U_0039,2026-02-22,2340.349184136443,True,G_ac33ac,False
V_93ac4a45,U_0632,2026-02-22,2529.836698513001,True,G_ac33ac,False
V_662c6ce7,U_0024,2026-02-22,9949.071780968048,True,G_ac33ac,False
V_19aa8877,U_0449,2026-02-22,4070.5078883139304,True,G_ac33ac,False
V_3146445651,U_0388,2026-02-22,12182.28520538707,False,,False
V_2baf9f4f,U_0400,2026-02-22,9118.716829297946,True,G_846520,True
V_da6acfd3,U_0886,2026-02-22,1959.5244759684176,True,G_846520,False
V_6c47ce4a,U_0597,2026-02-22,2366.96841444292,True,G_846520,False
V_9d2a65d9,U_0117,2026-02-22,4425.5955295135855,True,G_846520,False
V_17950617,U_0428,2026-02-22,2305.576531114835,True,G_78c30a,True
V_8c5da049,U_0074,2026-02-22,2120.1261641764063,True,G_78c30a,False
V_a1bc1457,U_0442,2026-02-22,2133.708288478344,True,G_72d88a,True
V_b0eac0c6,U_0001,2026-02-22,7132.311707388157,True,G_72d88a,False
V_4061168921,U_0446,2026-02-22,6182.768914296583,False,,False
V_7c0377d8,U_0459,2026-02-22,1942.3700351800444,True,G_ec0151,True
V_7b98ae01,U_0466,2026-02-22,3142.7186449273713,True,G_ec0151,False
V_275634760,U_0487,2026-02-22,6865.51145351971,False,,False
V_838754241,U_0540,2026-02-22,9688.632357337261,False,,False
V_3491281115,U_0557,2026-02-22,3759.0975763817123,False,,False
V_1436407347,U_0563,2026-02-22,4894.465784868545,False,,False
V_dcc84be2,U_0598,2026-02-22,2909.540686812726,True,G_d04de2,True
V_e2fbd421,U_0929,2026-02-22,6919.7074425497385,True,G_d04de2,False
V_f60ba3f1,U_0599,2026-02-22,4239.458407245153,True,G_4ab5cf,True
V_66e9d10d,U_0899,2026-02-22,4975.411972433517,True,G_4ab5cf,False
V_2573205096,U_0609,2026-02-22,3688.3659472691097,False,,False
V_50c714ea,U_0611,2026-02-22,6452.544611367629,True,G_9f5d80,True
V_917f97e0,U_0659,2026-02-22,3323.031931889191,True,G_9f5d80,False
V_5c30e5b2,U_0780,2026-02-22,2093.209505095176,True,G_9f5d80,False
V_58d59810,U_0354,2026-02-22,8054.656516097345,True,G_9f5d80,False
V_1f9e317f,U_0745,2026-02-22,3254.955204419079,True,G_9f5d80,False
V_c6586356,U_0658,2026-02-22,2846.5867334816335,True,G_f65f0b,True
V_75edb17e,U_0717,2026-02-22,3515.329233939896,True,G_f65f0b,False
V_58aef20d,U_0421,2026-02-22,6770.290602231585,True,G_f65f0b,False
V_5179d9ae,U_0742,2026-02-22,5716.097226109554,True,G_f65f0b,False
V_e982e541,U_0179,2026-02-22,2841.0308397758804,True,G_f65f0b,False
V_d0f595ff,U_0679,2026-02-22,2609.7271738034688,True,G_d60984,True
V_dbd349b8,U_0783,2026-02-22,3983.300417207471,True,G_d60984,False
V_409119e6,U_0125,2026-02-22,5374.163102430786,True,G_d60984,False
V_86239fb9,U_0107,2026-02-22,3844.5613808107,True,G_d60984,False
V_8a01a0dd,U_0273,2026-02-22,4604.325396987862,True,G_d60984,False
V_2007838369,U_0721,2026-02-22,5741.180327163314,False,,False
V_1203540319,U_0723,2026-02-22,5101.353718391565,False,,False
V_1276216949,U_0753,2026-02-22,6418.912580369717,False,,False
V_3562647915,U_0761,2026-02-22,9743.97842210393,False,,False
V_2897023996,U_0819,2026-02-22,3872.6913995457435,False,,False
V_4166442304,U_0904,2026-02-22,7215.028573846066,False,,False
V_197ce754,U_0960,2026-02-22,2591.032818764307,True,G_19ac87,True
V_43ca7272,U_0035,2026-02-22,2632.1831596524744,True,G_19ac87,False
V_59544d1d,U_0172,2026-02-22,2757.3779165507813,True,G_19ac87,False
V_d79da85e,U_0434,2026-02-22,6659.112571633988,True,G_19ac87,False
V_270b3c11,U_0641,2026-02-22,2000.9187392228837,True,G_19ac87,False
V_d7aa818d,U_0962,2026-02-22,1825.87115133724,True,G_19ac87,False
V_3530730257,U_0961,2026-02-22,4271.314218811359,False,,False
V_1603004513,U_0973,2026-02-22,3068.1466008081684,False,,False
V_2995544188,U_0982,2026-02-22,10781.86959983596,False,,False
V_1074513914,U_0016,2026-02-23,4780.576460541326,False,,False
V_3f9c2d5e,U_0040,2026-02-23,2139.502163688508,True,G_60e31e,True
V_54fc2280,U_0689,2026-02-23,5471.195770020505,True,G_60e31e,False
V_1b8cd56c,U_0617,2026-02-23,2798.5967902392385,True,G_60e31e,False
V_2005080164,U_0055,2026-02-23,10100.332110689316,False,,False
V_b22c736c,U_0068,2026-02-23,3934.246166754228,True,G_067f69,True
V_2adb5d47,U_0798,2026-02-23,3889.2893877001284,True,G_067f69,False
V_d0d066df,U_0738,2026-02-23,6387.03448432706,True,G_067f69,False
V_760eb72a,U_0714,2026-02-23,5035.460689327949,True,G_067f69,False
V_614430830,U_0117,2026-02-23,5206.858228176236,False,,False
V_1100718295,U_0127,2026-02-23,2370.0644107693506,False,,False
V_68e03075,U_0143,2026-02-23,5003.067632242311,True,G_4674b6,True
V_17d44881,U_0611,2026-02-23,4648.88943958501,True,G_4674b6,False
V_368f2f2c,U_0608,2026-02-23,5726.817293300752,True,G_4674b6,False
V_524bc198,U_0166,2026-02-23,7371.255389176807,True,G_ac8ec6,True
V_6b3c4fd7,U_0453,2026-02-23,4984.899532048826,True,G_ac8ec6,False
V_b5de6431,U_0094,2026-02-23,3769.7104303408814,True,G_ac8ec6,False
V_e68259d1,U_0792,2026-02-23,3900.478410928779,True,G_ac8ec6,False
V_675b94a1,U_0167,2026-02-23,2576.3992237694847,True,G_976930,True
V_c6732dd0,U_0473,2026-02-23,5741.327338693536,True,G_976930,False
V_f8636bd8,U_0531,2026-02-23,1790.104880648895,True,G_976930,False
V_97e7fd58,U_0589,2026-02-23,2965.072153165702,True,G_976930,False
V_510994316,U_0183,2026-02-23,9905.793704887217,False,,False
V_2736717610,U_0206,2026-02-23,7395.968770584633,False,,False
V_1442055718,U_0230,2026-02-23,6155.707735513198,False,,False
V_2099323917,U_0231,2026-02-23,5152.17322099864,False,,False
V_374172609,U_0266,2026-02-23,3627.5031820220047,False,,False
V_8f61fc95,U_0267,2026-02-23,2549.9695240680185,True,G_8cfbf6,True
V_57c8ff03,U_0920,2026-02-23,3325.400609525724,True,G_8cfbf6,False
V_90ce5afb,U_0007,2026-02-23,7244.650036182889,True,G_8cfbf6,False
V_de0e0e17,U_0600,2026-02-23,4223.252383257679,True,G_8cfbf6,False
V_362bad1e,U_0592,2026-02-23,2594.012344208294,True,G_8cfbf6,False
V_309279087,U_0309,2026-02-23,2104.2753000682014,False,,False
V_1407651970,U_0336,2026-02-23,7675.532374432205,False,,False
V_1080036384,U_0338,2026-02-23,10438.02477681598,False,,False
V_3746630416,U_0377,2026-02-23,2801.4500344347307,False,,False
V_3018603507,U_0418,2026-02-23,4336.513350730661,False,,False
V_a8c6e187,U_0434,2026-02-23,5565.206121982706,True,G_641771,True
V_9b6dc480,U_0794,2026-02-23,7461.981041338159,True,G_641771,False
V_1081419031,U_0455,2026-02-23,3128.434573919823,False,,False
V_1514e0b5,U_0465,2026-02-23,3508.754787375656,True,G_b10b6f,True
V_1dd68a8f,U_0633,2026-02-23,3075.3719844760194,True,G_b10b6f,False
V_cd087f03,U_0607,2026-02-23,5195.450117869902,True,G_b10b6f,False
V_06318ea3,U_0453,2026-02-23,4934.81754824498,True,G_b10b6f,False
V_49a9ac71,U_0887,2026-02-23,5405.778681656427,True,G_b10b6f,False
V_bc55158a,U_0101,2026-02-23,3529.3334065015747,True,G_b10b6f,False
V_1064711118,U_0472,2026-02-23,4616.961542641551,False,,False
V_3753117738,U_0489,2026-02-23,2623.0369508221943,False,,False
V_ac05b58c,U_0525,2026-02-23,2148.54430220366,True,G_93d638,True
V_c8f0edf5,U_0768,2026-02-23,5911.849812842441,True,G_93d638,False
V_efdcbef1,U_0454,2026-02-23,4069.2358615915796,True,G_93d638,False
V_3330579044,U_0591,2026-02-23,5685.498526091625,False,,False
V_4263813932,U_0604,2026-02-23,5946.5321239882505,False,,False
V_353086720,U_0623,2026-02-23,9699.548688291157,False,,False
V_58407b50,U_0628,2026-02-23,10342.606459326376,True,G_726f88,True
V_9b489b8e,U_0591,2026-02-23,7879.43476652167,True,G_726f88,False
V_3392740942,U_0632,2026-02-23,3181.311643442499,False,,False
V_1765058477,U_0635,2026-02-23,3061.1563374438283,False,,False
V_1337257961,U_0652,2026-02-23,6880.04345139158,False,,False
V_3044710178,U_0695,2026-02-23,7756.209448580381,False,,False
V_2864401608,U_0785,2026-02-23,6821.0321120194785,False,,False
V_1864243395,U_0788,2026-02-23,4791.508794459672,False,,False
V_3629867894,U_0812,2026-02-23,5131.597074307947,False,,False
V_8a985857,U_0833,2026-02-23,3032.218750160124,True,G_5fcc74,True
V_55856aaf,U_0084,2026-02-23,2913.9790156933564,True,G_5fcc74,False
V_b4c5af62,U_0388,2026-02-23,2681.643047234176,True,G_5fcc74,False
V_e3b414a4,U_0944,2026-02-23,2303.7072318599635,True,G_5fcc74,False
V_4f9678c5,U_0580,2026-02-23,6606.538995598224,True,G_5fcc74,False
V_2a8f3ad5,U_0864,2026-02-23,4346.261061884677,True,G_5cfffe,True
V_2a78cb49,U_0834,2026-02-23,3211.798232122729,True,G_5cfffe,False
V_f5285b38,U_0112,2026-02-23,5464.7980726219075,True,G_5cfffe,False
V_36a4ca92,U_0493,2026-02-23,7578.965323685163,True,G_5cfffe,False
V_8011cc77,U_0785,2026-02-23,5512.36756915388,True,G_5cfffe,False
V_1876224342,U_0866,2026-02-23,10321.861842024582,False,,False
V_9c11fce4,U_0912,2026-02-23,3912.8660160624017,True,G_a4afb6,True
V_767e1916,U_0701,2026-02-23,5462.790875188437,True,G_a4afb6,False
V_926f5ace,U_0569,2026-02-23,3362.3613682529426,True,G_a4afb6,False
V_821ce731,U_0336,2026-02-23,5710.95365534066,True,G_a4afb6,False
V_9de23ace,U_0102,2026-02-23,5967.446538615697,True,G_a4afb6,False
V_036d4986,U_0937,2026-02-23,11631.04834494233,True,G_f86e18,True
V_1f68d570,U_0321,2026-02-23,5864.240922617204,True,G_f86e18,False
V_2946987561,U_0952,2026-02-23,3072.0326109992434,False,,False
V_1371792280,U_0993,2026-02-23,7302.240547680346,False,,False
V_3202744416,U_0994,2026-02-23,7053.630057053451,False,,False
V_1204715699,U_0998,2026-02-23,2255.2126643484075,False,,False
V_4cbd47a8,U_0004,2026-02-23,3618.152366754195,True,G_ab6f51,True
V_91875be3,U_0149,2026-02-23,3595.0954896782487,True,G_ab6f51,False
V_49722150,U_0438,2026-02-23,2784.9627966947473,True,G_ab6f51,False
V_1677399302,U_0036,2026-02-23,8625.650533816728,False,,False
V_5b70d016,U_0106,2026-02-23,2760.7066887258793,True,G_aa34f0,True
V_98068afb,U_0175,2026-02-23,5403.357701041175,True,G_aa34f0,False
V_0ef4e4b3,U_0534,2026-02-23,4403.836853496515,True,G_aa34f0,False
V_998b69b2,U_0988,2026-02-23,3371.5826795799335,True,G_aa34f0,False
V_063d693a,U_0950,2026-02-23,3265.0236499398557,True,G_aa34f0,False
V_3822641296,U_0125,2026-02-23,6359.958262621675,False,,False
V_504a6ed1,U_0135,2026-02-23,3162.196020780974,True,G_bed21e,True
V_d5580cf9,U_0811,2026-02-23,5218.706147118314,True,G_bed21e,False
V_bca012cc,U_0155,2026-02-23,2845.5510155638817,True,G_8edee0,True
V_0157e36d,U_0116,2026-02-23,2298.8675549067657,True,G_8edee0,False
V_68f6080e,U_0172,2026-02-23,3152.419091360145,True,G_8edee0,False
V_9244d9e7,U_0467,2026-02-23,2818.805848744972,True,G_8edee0,False
V_170254976,U_0164,2026-02-23,4178.087433463398,False,,False
V_3232399409,U_0287,2026-02-23,5974.376800231956,False,,False
V_822744337,U_0304,2026-02-23,2826.241906633512,False,,False
V_2864196434,U_0328,2026-02-23,5037.339868771713,False,,False
V_130529270,U_0352,2026-02-23,3660.7854185144915,False,,False
V_7f519335,U_0357,2026-02-23,3773.946272422776,True,G_18eb23,True
V_b19d8bbf,U_0794,2026-02-23,7592.019535683485,True,G_18eb23,False
V_002043de,U_0225,2026-02-23,10635.00796300252,True,G_18eb23,False
V_2919070976,U_0365,2026-02-23,4075.128486143292,False,,False
V_3071825837,U_0420,2026-02-23,4510.303026794595,False,,False
V_2d0d26f2,U_0449,2026-02-23,4797.993156059505,True,G_7351a4,True
V_f1d4997e,U_0219,2026-02-23,2394.2635992628902,True,G_7351a4,False
V_5ee9da0e,U_0969,2026-02-23,10286.888781115853,True,G_7351a4,False
V_f147250b,U_0802,2026-02-23,7948.690617290529,True,G_7351a4,False
V_31d7f48e,U_0518,2026-02-23,9418.03673814861,True,G_7351a4,False
V_af50d385,U_0451,2026-02-23,6773.268378257458,True,G_dd88a5,True
V_4dc214af,U_0890,2026-02-23,6266.366183525143,True,G_dd88a5,False
V_503a689b,U_0505,2026-02-23,2586.1434703006908,True,G_419fbe,True
V_def0e814,U_0330,2026-02-23,3252.9466240278443,True,G_419fbe,False
V_187d1bc2,U_0628,2026-02-23,11493.125235404856,True,G_419fbe,False
V_3334e36f,U_0526,2026-02-23,5455.320880213468,True,G_3b5496,True
V_256ce5a5,U_0465,2026-02-23,3864.0561200016527,True,G_3b5496,False
V_1923848943,U_0540,2026-02-23,8941.07786438464,False,,False
V_3080511310,U_0553,2026-02-23,9908.278214673543,False,,False
V_ec3a14af,U_0579,2026-02-23,2207.0566706213745,True,G_504c1e,True
V_c602fc4f,U_0785,2026-02-23,6297.62350989109,True,G_504c1e,False
V_fc2af887,U_0994,2026-02-23,6463.698313558346,True,G_504c1e,False
V_e0137166,U_0421,2026-02-23,5780.662406299436,True,G_504c1e,False
V_0a5ce1b7,U_0203,2026-02-23,3045.472928115694,True,G_504c1e,False
V_b6443e4e,U_0830,2026-02-23,2677.468626563112,True,G_504c1e,False
V_609531233,U_0586,2026-02-23,3606.13870432384,False,,False
V_2120258918,U_0589,2026-02-23,2906.619512784722,False,,False
V_3574775469,U_0646,2026-02-23,3694.9124757669697,False,,False
V_3248713086,U_0651,2026-02-23,5311.748667737986,False,,False
V_864aecd7,U_0672,2026-02-23,3179.46108172115,True,G_5f3f4d,True
V_a8ffcc48,U_0295,2026-02-23,3324.021033711815,True,G_5f3f4d,False
V_8890ee8c,U_0673,2026-02-23,2751.1698433722468,True,G_359421,True
V_f9cdd3f3,U_0044,2026-02-23,3030.4025524694603,True,G_359421,False
V_fec966c2,U_0857,2026-02-23,1820.40444861898,True,G_359421,False
V_0f504eee,U_0055,2026-02-23,8559.312959261466,True,G_359421,False
V_9cef34bb,U_0840,2026-02-23,3518.951337854936,True,G_359421,False
V_6e3da5fe,U_0429,2026-02-23,9674.974865586259,True,G_359421,False
V_729f40c9,U_0707,2026-02-23,2284.8036508185196,True,G_1833bf,True
V_27886495,U_0763,2026-02-23,2031.0541591724418,True,G_1833bf,False
V_63665a8e,U_0710,2026-02-23,4137.026970523532,True,G_0248a7,True
V_4bf7ccfe,U_0801,2026-02-23,4148.142210935994,True,G_0248a7,False
V_33d5c454,U_0760,2026-02-23,4032.5224255028784,True,G_0248a7,False
V_1f96614a,U_0071,2026-02-23,4053.820609281416,True,G_0248a7,False
V_e8900398,U_0602,2026-02-23,2591.664671184514,True,G_0248a7,False
V_1737743111,U_0723,2026-02-23,4912.364677605807,False,,False
V_4230556625,U_0765,2026-02-23,6758.612186488228,False,,False
V_2738049089,U_0771,2026-02-23,3065.6711009792534,False,,False
V_2336425852,U_0772,2026-02-23,1935.5356164240611,False,,False
V_86c59ae0,U_0790,2026-02-23,5794.45836918561,True,G_39f54e,True
V_44026716,U_0198,2026-02-23,4551.835380726912,True,G_39f54e,False
V_85b9ed7a,U_0398,2026-02-23,3522.78212138569,True,G_39f54e,False
V_15b38fd0,U_0399,2026-02-23,3018.92131816045,True,G_39f54e,False
V_937b4564,U_0214,2026-02-23,4578.512548785223,True,G_39f54e,False
V_d01261cf,U_0465,2026-02-23,3271.9527376474853,True,G_39f54e,False
V_9f37f8ec,U_0792,2026-02-23,3066.7232010785547,True,G_8121cf,True
V_ab84e105,U_0580,2026-02-23,5173.407797489794,True,G_8121cf,False
V_332434300,U_0804,2026-02-23,10826.63632851612,False,,False
V_878658771,U_0930,2026-02-23,2661.5765273274624,False,,False
V_2541451989,U_0091,2026-02-24,2886.772092823903,False,,False
V_2842000008,U_0103,2026-02-24,4207.792423774524,False,,False
V_3712426261,U_0160,2026-02-24,11573.828799833751,False,,False
V_8011619a,U_0194,2026-02-24,8870.188883229388,True,G_89d234,True
V_969221aa,U_0032,2026-02-24,3672.6492970289855,True,G_89d234,False
V_96821a60,U_0654,2026-02-24,3370.068507895521,True,G_89d234,False
V_932147818,U_0270,2026-02-24,2427.767973722018,False,,False
V_211d295f,U_0321,2026-02-24,5775.750868717627,True,G_d01a9e,True
V_d2290545,U_0841,2026-02-24,6063.5609621940475,True,G_d01a9e,False
V_02f1e425,U_0240,2026-02-24,5811.901504697704,True,G_d01a9e,False
V_d2024c7e,U_0827,2026-02-24,4627.190506565062,True,G_d01a9e,False
V_5f0d8159,U_0798,2026-02-24,5335.144064248323,True,G_d01a9e,False
V_e142a9bf,U_0016,2026-02-24,3724.3589172081915,True,G_d01a9e,False
V_851dfa0d,U_0325,2026-02-24,6935.766582376825,True,G_61ac48,True
V_abeed1f4,U_0895,2026-02-24,6273.128758802941,True,G_61ac48,False
V_d06bcddc,U_0383,2026-02-24,3837.220780530316,True,G_61ac48,False
V_379bfb8f,U_0811,2026-02-24,6619.98281471727,True,G_61ac48,False
V_da3a75fc,U_0352,2026-02-24,2063.005499929141,True,G_61ac48,False
V_8a732195,U_0010,2026-02-24,4558.926592398968,True,G_61ac48,False
V_1164721673,U_0341,2026-02-24,6248.682525781137,False,,False
V_3733550575,U_0375,2026-02-24,3581.632785148252,False,,False
V_dc44fb52,U_0394,2026-02-24,4835.681505300389,True,G_2db7af,True
V_066bf03b,U_0018,2026-02-24,6719.179705700022,True,G_2db7af,False
V_69a808c3,U_0723,2026-02-24,7226.755814913598,True,G_2db7af,False
V_bca7615b,U_0658,2026-02-24,3678.213624565913,True,G_2db7af,False
V_bcc87cbc,U_0242,2026-02-24,2505.966476679752,True,G_2db7af,False
V_3eba725a,U_0256,2026-02-24,2347.9990579980526,True,G_2db7af,False
V_10796f42,U_0429,2026-02-24,12193.559946035868,True,G_b84714,True
V_203d443d,U_0794,2026-02-24,8193.387394640935,True,G_b84714,False
V_713129a1,U_0540,2026-02-24,1946.7853136799383,True,G_b84714,False
V_4e6cd316,U_0541,2026-02-24,5334.550700434221,True,G_a3228f,True
V_06067f6e,U_0016,2026-02-24,4180.978309285799,True,G_a3228f,False
V_3521f7b6,U_0212,2026-02-24,6714.36678743505,True,G_a3228f,False
V_797ce4ab,U_0215,2026-02-24,6809.796789085406,True,G_a3228f,False
V_1945911626,U_0572,2026-02-24,8033.741529831252,False,,False
V_1376207717,U_0580,2026-02-24,5921.92769758625,False,,False
V_06073db7,U_0590,2026-02-24,5691.724948309555,True,G_726ccd,True
V_9cd6746b,U_0246,2026-02-24,6848.601163145427,True,G_726ccd,False
V_4287202551,U_0627,2026-02-24,5411.798027708422,False,,False
V_2900890352,U_0644,2026-02-24,5052.757505287461,False,,False
V_3125423935,U_0657,2026-02-24,10722.517007232904,False,,False
V_f2584e64,U_0678,2026-02-24,7445.334419966619,True,G_91a0ba,True
V_8fc2fc33,U_0564,2026-02-24,2141.3332159246147,True,G_91a0ba,False
V_fa8e588b,U_0859,2026-02-24,3184.83355808739,True,G_91a0ba,False
V_0f7d2227,U_0701,2026-02-24,5665.284650217668,True,G_91a0ba,False
V_969991776,U_0695,2026-02-24,7508.200610312527,False,,False
V_07b48407,U_0717,2026-02-24,3844.542563962933,True,G_85bdef,True
V_e3874477,U_0379,2026-02-24,2817.4264510191,True,G_85bdef,False
V_fd8bc019,U_0779,2026-02-24,3279.5778884873957,True,G_85bdef,False
V_3577050686,U_0728,2026-02-24,2749.3480414473256,False,,False
V_1185507411,U_0740,2026-02-24,4481.21564011534,False,,False
V_557744259,U_0768,2026-02-24,4500.763438770453,False,,False
V_2353452110,U_0816,2026-02-24,8099.709340209818,False,,False
V_980644190,U_0852,2026-02-24,9172.04154418915,False,,False
V_375319320,U_0885,2026-02-24,7385.02727115046,False,,False
V_a1d4be3d,U_0901,2026-02-24,4005.833510378898,True,G_26f026,True
V_7ef40116,U_0986,2026-02-24,2956.6730386959152,True,G_26f026,False
V_5742ff7c,U_0416,2026-02-24,3156.8124725899543,True,G_26f026,False
V_bd9e009f,U_0732,2026-02-24,5256.096747134714,True,G_26f026,False
V_5ed722a9,U_0977,2026-02-24,7329.217879866318,True,G_26f026,False
V_8061c01c,U_0912,2026-02-24,5594.8218563318405,True,G_92b29a,True
V_41569af7,U_0770,2026-02-24,10512.293355845755,True,G_92b29a,False
V_591f0713,U_0242,2026-02-24,2404.2019338416885,True,G_92b29a,False
V_b658c1ed,U_0486,2026-02-24,8234.946988969648,True,G_92b29a,False
V_7162d585,U_0575,2026-02-24,5559.903189349501,True,G_92b29a,False
V_0735ed57,U_0925,2026-02-24,2601.5098275662313,True,G_4dea77,True
V_2dc7e501,U_0171,2026-02-24,3768.936485280792,True,G_4dea77,False
V_6c565bec,U_0756,2026-02-24,2558.6068831928933,True,G_4dea77,False
V_1032155693,U_0937,2026-02-24,7967.320179835874,False,,False
V_995041504,U_0947,2026-02-24,5870.621554422062,False,,False
V_2882360974,U_0955,2026-02-24,8011.743602536206,False,,False
V_3474f8f9,U_0991,2026-02-24,2207.459946090991,True,G_58402f,True
V_15a9f5b8,U_0435,2026-02-24,2847.8934939753317,True,G_58402f,False
V_2f12c340,U_0405,2026-02-24,3937.6304145305235,True,G_58402f,False
V_2180213743,U_0075,2026-02-24,7605.3120231168095,False,,False
V_b919f954,U_0119,2026-02-24,3605.911382862682,True,G_142ee2,True
V_bf5f017a,U_0682,2026-02-24,9319.39887627674,True,G_142ee2,False
V_8411280e,U_0154,2026-02-24,5719.159245898396,True,G_142ee2,False
V_06fae434,U_0673,2026-02-24,2581.07518206448,True,G_142ee2,False
V_f5929661,U_0189,2026-02-24,2223.579405980762,True,G_142ee2,False
V_80ef1284,U_0695,2026-02-24,9019.568785704896,True,G_142ee2,False
V_d5a13583,U_0136,2026-02-24,3599.454945349029,True,G_eb9094,True
V_2d148e15,U_0506,2026-02-24,4555.052028817827,True,G_eb9094,False
V_f49ff042,U_0623,2026-02-24,10676.866022654373,True,G_eb9094,False
V_21cb4338,U_0823,2026-02-24,3025.078825374393,True,G_eb9094,False
V_36097d4b,U_0564,2026-02-24,2120.610993933911,True,G_eb9094,False
V_3170801108,U_0154,2026-02-24,11010.341148437192,False,,False
V_3864846,U_0210,2026-02-24,3825.173634153265,False,,False
V_e8c165bd,U_0249,2026-02-24,4461.066086974921,True,G_1b738e,True
V_157f32d9,U_0511,2026-02-24,5144.741317773215,True,G_1b738e,False
V_d9b523e0,U_0423,2026-02-24,2407.2103496047966,True,G_1b738e,False
V_210e68ce,U_0341,2026-02-24,5503.868290220987,True,G_1b738e,False
V_1906f268,U_0692,2026-02-24,5185.302336189774,True,G_1b738e,False
V_338bc497,U_0595,2026-02-24,5477.1234329319595,True,G_1b738e,False
V_4106842933,U_0258,2026-02-24,5681.6352768194165,False,,False
V_2172487229,U_0280,2026-02-24,3178.390757041684,False,,False
V_36524514,U_0295,2026-02-24,8731.903046142736,False,,False
V_3849562001,U_0359,2026-02-24,2461.3246268985927,False,,False
V_09c77515,U_0418,2026-02-24,4062.51607558641,True,G_1fd828,True
V_cc8ff692,U_0225,2026-02-24,11233.676338598789,True,G_1fd828,False
V_d3fbbdd1,U_0974,2026-02-24,12858.788967879447,True,G_1fd828,False
V_a69a6d33,U_0657,2026-02-24,9302.073138470925,True,G_1fd828,False
V_541560ef,U_0400,2026-02-24,9553.606843173711,True,G_1fd828,False
V_f579048e,U_0055,2026-02-24,9279.16482107869,True,G_1fd828,False
V_3146571794,U_0421,2026-02-24,4346.147453579155,False,,False
V_826044352,U_0423,2026-02-24,3580.7438170131104,False,,False
V_10688769,U_0460,2026-02-24,2801.9759614659806,False,,False
V_1838697126,U_0501,2026-02-24,2933.7355371990343,False,,False
V_1239081532,U_0536,2026-02-24,2220.968858530009,False,,False
V_f3310137,U_0537,2026-02-24,4085.101618165419,True,G_bae139,True
V_8f017511,U_0274,2026-02-24,5784.795819693879,True,G_bae139,False
V_637af864,U_0704,2026-02-24,8277.18819116393,True,G_bae139,False
V_cc9a05e9,U_0542,2026-02-24,4259.367253510738,True,G_e41ac0,True
V_4b75f540,U_0250,2026-02-24,3141.4168367983916,True,G_e41ac0,False
V_92f6b779,U_0301,2026-02-24,2237.390213291272,True,G_e41ac0,False
V_f489358f,U_0242,2026-02-24,2057.855369280037,True,G_e41ac0,False
V_3df6e255,U_0964,2026-02-24,3624.912177742608,True,G_e41ac0,False
V_9aef4c06,U_0098,2026-02-24,2158.083158708053,True,G_e41ac0,False
V_1491060503,U_0559,2026-02-24,3683.73386676396,False,,False
V_fcc64739,U_0648,2026-02-24,3862.2680742027073,True,G_7a90dd,True
V_6d8897bc,U_0670,2026-02-24,3871.944830499409,True,G_7a90dd,False
V_8964092c,U_0210,2026-02-24,3114.7504639504114,True,G_7a90dd,False
V_59d9502e,U_0487,2026-02-24,5465.996800672801,True,G_7a90dd,False
V_3c357dce,U_0061,2026-02-24,2271.194861487359,True,G_7a90dd,False
V_2055384588,U_0656,2026-02-24,6475.691539812931,False,,False
V_3186714316,U_0672,2026-02-24,9240.898242938129,False,,False
V_3244c31a,U_0698,2026-02-24,2137.0143030158983,True,G_c78e00,True
V_164f5943,U_0829,2026-02-24,3458.132018013915,True,G_c78e00,False
V_a8a9c22e,U_0521,2026-02-24,2449.5542322039564,True,G_c78e00,False
V_e653f586,U_0368,2026-02-24,2973.3914100887446,True,G_c78e00,False
V_1127926135,U_0705,2026-02-24,4142.445931371595,False,,False
V_446964157,U_0742,2026-02-24,5498.696789593849,False,,False
V_1446592779,U_0753,2026-02-24,5210.827163216084,False,,False
V_7d75dc67,U_0770,2026-02-24,7884.347480152092,True,G_d822e2,True
V_726cd005,U_0522,2026-02-24,6535.991850956189,True,G_d822e2,False
V_2d97ccbf,U_0778,2026-02-24,2854.7485894942392,True,G_dece1d,True
V_b791a8da,U_0732,2026-02-24,5476.085975357068,True,G_dece1d,False
V_1c15d36f,U_0161,2026-02-24,7475.949277114518,True,G_dece1d,False
V_1e4bc275,U_0493,2026-02-24,5980.4867091924525,True,G_dece1d,False
V_29b9e9ed,U_0016,2026-02-24,3544.0204492772855,True,G_dece1d,False
V_89900a3e,U_0300,2026-02-24,4532.700251730347,True,G_dece1d,False
V_690374168,U_0779,2026-02-24,2655.6362743692107,False,,False
V_905668631,U_0792,2026-02-24,4048.8904492385736,False,,False
V_1592359946,U_0793,2026-02-24,2356.081223848022,False,,False
V_d19a52e7,U_0794,2026-02-24,6233.476631474413,True,G_45ed71,True
V_3f13eea8,U_0857,2026-02-24,2167.9722131883655,True,G_45ed71,False
V_1877411c,U_0468,2026-02-24,2174.2966809907084,True,G_45ed71,False
V_f21ed336,U_0097,2026-02-24,13416.47655353176,True,G_45ed71,False
V_841e99ed,U_0770,2026-02-24,8387.664990710851,True,G_45ed71,False
V_0dc457e4,U_0560,2026-02-24,9027.54799423761,True,G_45ed71,False
V_4c1af1e1,U_0811,2026-02-24,5459.306935987815,True,G_2413b0,True
V_ead1c9ed,U_0490,2026-02-24,1807.405972348122,True,G_2413b0,False
V_0796e2f1,U_0329,2026-02-24,2152.875879496124,True,G_2413b0,False
V_abcd7057,U_0853,2026-02-24,2922.585176620169,True,G_001bab,True
V_4ad012a7,U_0926,2026-02-24,2724.6743367602985,True,G_001bab,False
V_383b3f89,U_0944,2026-02-24,2195.367703886392,True,G_001bab,False
V_a972da05,U_0425,2026-02-24,4838.103667953061,True,G_001bab,False
V_e7c150f8,U_0768,2026-02-24,4917.403320303538,True,G_001bab,False
V_99f51b1e,U_0603,2026-02-24,2230.6353881994755,True,G_001bab,False
V_1771576227,U_0869,2026-02-24,7186.529470689407,False,,False
V_2928003247,U_0879,2026-02-24,8697.10144380942,False,,False
V_2320285962,U_0918,2026-02-24,8940.398907972614,False,,False
V_3434458658,U_0985,2026-02-24,4160.984212237592,False,,False
V_3357613656,U_0997,2026-02-24,4857.221271138869,False,,False
V_1544891881,U_0006,2026-02-25,6832.442988970141,False,,False
V_3858107256,U_0037,2026-02-25,3939.3932650332226,False,,False
V_1282621961,U_0173,2026-02-25,7373.556664900961,False,,False
V_a471a9cd,U_0205,2026-02-25,5029.945434011703,True,G_21ec6a,True
V_faead92c,U_0154,2026-02-25,5141.00256892071,True,G_21ec6a,False
V_3f4057ed,U_0508,2026-02-25,6623.490327728681,True,G_21ec6a,False
V_090765f6,U_0623,2026-02-25,10386.166845732661,True,G_21ec6a,False
V_837870873,U_0223,2026-02-25,2726.4117783524557,False,,False
V_66123447,U_0237,2026-02-25,8569.393692320189,True,G_bfc572,True
V_51304776,U_0328,2026-02-25,6330.132407024058,True,G_bfc572,False
V_035b1e54,U_0006,2026-02-25,6697.132420519614,True,G_bfc572,False
V_a74a0cbe,U_0565,2026-02-25,8708.106421317087,True,G_bfc572,False
V_586615c5,U_0075,2026-02-25,10624.575889113357,True,G_bfc572,False
V_31ed3ee7,U_0681,2026-02-25,12142.831899669847,True,G_bfc572,False
V_fcab0958,U_0261,2026-02-25,4470.429649649895,True,G_5c94fa,True
V_225cf55e,U_0465,2026-02-25,4503.380947911757,True,G_5c94fa,False
V_c88ff579,U_0038,2026-02-25,2264.1464043480632,True,G_5c94fa,False
V_ef25155d,U_0458,2026-02-25,10239.285920094131,True,G_5c94fa,False
V_ea950b38,U_0951,2026-02-25,10699.88152619568,True,G_5c94fa,False
V_3638751562,U_0290,2026-02-25,3447.4543632146883,False,,False
V_3427543414,U_0299,2026-02-25,7053.996040445698,False,,False
V_2249657138,U_0374,2026-02-25,2571.352260092688,False,,False
V_2580373626,U_0432,2026-02-25,3869.563930791436,False,,False
V_1703030063,U_0443,2026-02-25,4601.758587453387,False,,False
V_65c107e6,U_0445,2026-02-25,13854.182854837463,True,G_726f2b,True
V_f95cff34,U_0321,2026-02-25,5852.620169386966,True,G_726f2b,False
V_d36091b9,U_0449,2026-02-25,5018.237738281408,True,G_726f2b,False
V_ae151c53,U_0540,2026-02-25,1679.8800480528116,True,G_726f2b,False
V_6e151c0b,U_0515,2026-02-25,2898.7193845016973,True,G_726f2b,False
V_03459d4d,U_0124,2026-02-25,3234.7117403734323,True,G_726f2b,False
V_1376958789,U_0464,2026-02-25,5983.091604061012,False,,False
V_3547369693,U_0480,2026-02-25,4353.149043539191,False,,False
V_826386753,U_0494,2026-02-25,3059.4137956919067,False,,False
V_41a5ebd6,U_0547,2026-02-25,4123.4336433560375,True,G_6d569c,True
V_5ff7d319,U_0126,2026-02-25,2006.886440258442,True,G_6d569c,False
V_afc4c75f,U_0505,2026-02-25,2816.3279134759364,True,G_6d569c,False
V_0b006114,U_0685,2026-02-25,3273.22863954524,True,G_6d569c,False
V_caae5ae2,U_0917,2026-02-25,6874.095748148478,True,G_6d569c,False
V_28f91c3f,U_0567,2026-02-25,9287.65065917442,True,G_632f1a,True
V_3cca4884,U_0654,2026-02-25,3458.5225435019074,True,G_632f1a,False
V_8ec36b03,U_0754,2026-02-25,2620.8744218407423,True,G_632f1a,False
V_17bebff8,U_0434,2026-02-25,6526.157538819273,True,G_632f1a,False
V_1ed1594b,U_0681,2026-02-25,10627.360354589942,True,G_632f1a,False
V_3688019543,U_0582,2026-02-25,6812.298524850737,False,,False
V_1fd9058d,U_0601,2026-02-25,2458.3603350065823,True,G_cc772a,True
V_830bf09a,U_0381,2026-02-25,2912.3584600324157,True,G_cc772a,False
V_1312937672,U_0628,2026-02-25,11815.126628057249,False,,False
V_0aaa555f,U_0682,2026-02-25,7808.743516549677,True,G_340834,True
V_15d1f096,U_0798,2026-02-25,5251.925286320909,True,G_340834,False
V_8231dfe8,U_0241,2026-02-25,2419.444676820941,True,G_340834,False
V_bc3f2d84,U_0802,2026-02-25,10883.73411622398,True,G_340834,False
V_a9a52b00,U_0163,2026-02-25,11113.718056114432,True,G_340834,False
V_2726100890,U_0686,2026-02-25,3165.4330045984143,False,,False
V_d249d83d,U_0701,2026-02-25,6772.557606003523,True,G_795d11,True
V_31252e96,U_0638,2026-02-25,4519.199849052916,True,G_795d11,False
V_fa275612,U_0826,2026-02-25,9106.683010846144,True,G_c3a5bb,True
V_c0d765a4,U_0434,2026-02-25,7000.177461736479,True,G_c3a5bb,False
V_9f888084,U_0982,2026-02-25,8655.706509614169,True,G_c3a5bb,False
V_fd53d8f6,U_0737,2026-02-25,7577.958032097403,True,G_c3a5bb,False
V_430849975,U_0832,2026-02-25,2163.4817315188498,False,,False
V_1999838170,U_0839,2026-02-25,3943.8426228751073,False,,False
V_ddecabf3,U_0890,2026-02-25,6240.661711869972,True,G_9124c2,True
V_5d4883ca,U_0326,2026-02-25,4780.422006882636,True,G_9124c2,False
V_18126ad4,U_0659,2026-02-25,3019.520878504579,True,G_9124c2,False
V_8e9e65d0,U_0894,2026-02-25,2239.5572868700942,True,G_68b328,True
V_573a84f4,U_0935,2026-02-25,4243.012686694235,True,G_68b328,False
V_49ba2f0a,U_0502,2026-02-25,4309.172320349157,True,G_68b328,False
V_3e7607f7,U_0489,2026-02-25,3478.7339648232587,True,G_68b328,False
V_414e0981,U_0899,2026-02-25,5478.211396808589,True,G_eb394a,True
V_5a9da5c9,U_0717,2026-02-25,3759.7107273320944,True,G_eb394a,False
V_3872450477,U_0913,2026-02-25,8546.40104978362,False,,False
V_311261695,U_0977,2026-02-25,8780.320481749317,False,,False
V_afb06c45,U_0040,2026-02-25,2469.3951145146307,True,G_bb43eb,True
V_5c4939c4,U_0411,2026-02-25,2580.465520343587,True,G_bb43eb,False
V_878114421,U_0046,2026-02-25,10578.61667121382,False,,False
V_2078206580,U_0068,2026-02-25,6599.7015735713385,False,,False
V_1466748150,U_0070,2026-02-25,3636.9238614568435,False,,False
V_4282769199,U_0092,2026-02-25,9164.852843834991,False,,False
V_3087391011,U_0117,2026-02-25,4189.429679640238,False,,False
V_1826495506,U_0120,2026-02-25,11840.867016443462,False,,False
V_e7a9be86,U_0153,2026-02-25,3445.4139307204346,True,G_862d5b,True
V_4c05bca4,U_0186,2026-02-25,4268.173100229012,True,G_862d5b,False
V_9976309b,U_0203,2026-02-25,2984.4655190466797,True,G_862d5b,False
V_c0a23dab,U_0410,2026-02-25,2531.5939568143394,True,G_862d5b,False
V_0f9b05f3,U_0479,2026-02-25,1886.7266168678925,True,G_862d5b,False
V_548364e4,U_0138,2026-02-25,3052.920746149368,True,G_862d5b,False
V_250ade66,U_0193,2026-02-25,2773.002970213501,True,G_e1cdaf,True
V_99d579d1,U_0664,2026-02-25,2757.464349431973,True,G_e1cdaf,False
V_53b03163,U_0590,2026-02-25,6712.0390145729625,True,G_e1cdaf,False
V_20162985,U_0451,2026-02-25,5162.027801328465,True,G_e1cdaf,False
V_fdc2b700,U_0106,2026-02-25,3628.3804023030048,True,G_e1cdaf,False
V_adcad60d,U_0981,2026-02-25,5225.519298530413,True,G_e1cdaf,False
V_fbd8e9f2,U_0199,2026-02-25,3573.3474699605617,True,G_8ae531,True
V_905154ef,U_0728,2026-02-25,2261.5972428640584,True,G_8ae531,False
V_61945fba,U_0122,2026-02-25,2034.6074918869072,True,G_8ae531,False
V_0f5a1a27,U_0007,2026-02-25,5317.654615734136,True,G_8ae531,False
V_d0b22124,U_0812,2026-02-25,6644.415566260488,True,G_8ae531,False
V_8f0bfd75,U_0084,2026-02-25,2900.088427710267,True,G_8ae531,False
V_3679376811,U_0202,2026-02-25,10521.28496333851,False,,False
V_9c10674e,U_0206,2026-02-25,6238.520718491825,True,G_24dd82,True
V_e83369b7,U_0937,2026-02-25,8465.51367379065,True,G_24dd82,False
V_2478203681,U_0208,2026-02-25,10625.834622557944,False,,False
V_2d92c58a,U_0237,2026-02-25,12102.028705725774,True,G_55f4ae,True
V_b5952f6d,U_0211,2026-02-25,4472.49610973704,True,G_55f4ae,False
V_20bd07cb,U_0512,2026-02-25,2398.917520780514,True,G_55f4ae,False
V_cc8612e5,U_0266,2026-02-25,2908.711108256189,True,G_d7c5f5,True
V_89aac999,U_0450,2026-02-25,2197.3914018630144,True,G_d7c5f5,False
V_e074979e,U_0531,2026-02-25,2404.0339386561923,True,G_d7c5f5,False
V_49b813fd,U_0042,2026-02-25,3659.5100866933,True,G_d7c5f5,False
V_ffa76c8b,U_0693,2026-02-25,6921.776669368236,True,G_d7c5f5,False
V_7931a186,U_0546,2026-02-25,2402.7945557331877,True,G_d7c5f5,False
V_119666910,U_0274,2026-02-25,12343.51933769749,False,,False
V_02020e12,U_0296,2026-02-25,4207.257945702524,True,G_7c57dc,True
V_cb722416,U_0343,2026-02-25,2277.592760384852,True,G_7c57dc,False
V_1744827018,U_0310,2026-02-25,4327.835757813268,False,,False
V_3840863478,U_0324,2026-02-25,2813.2684577500727,False,,False
V_3261999094,U_0327,2026-02-25,4666.474315983582,False,,False
V_3464736214,U_0350,2026-02-25,5916.983069929166,False,,False
V_547835016,U_0352,2026-02-25,4196.462860032917,False,,False
V_4005591326,U_0395,2026-02-25,4216.245002224434,False,,False
V_456561858,U_0397,2026-02-25,3253.031936797503,False,,False
V_916e0967,U_0401,2026-02-25,5803.190720886871,True,G_d5baca,True
V_d9ffc6ad,U_0992,2026-02-25,3243.824985092056,True,G_d5baca,False
V_de694ec2,U_0318,2026-02-25,2204.3654145500977,True,G_d5baca,False
V_01084f89,U_0398,2026-02-25,3141.5459037149185,True,G_d5baca,False
V_59fb6e48,U_0175,2026-02-25,6208.503340945552,True,G_d5baca,False
V_1437628204,U_0442,2026-02-25,3268.6587238869984,False,,False
V_3ea30ca8,U_0452,2026-02-25,3035.1643271691846,True,G_e33e5f,True
V_c9ea7189,U_0289,2026-02-25,3876.7537145784945,True,G_e33e5f,False
V_cbabbfbe,U_0618,2026-02-25,3420.903080063091,True,G_e33e5f,False
V_922e6ce9,U_0646,2026-02-25,10164.384832323769,True,G_e33e5f,False
V_470fa412,U_0468,2026-02-25,2020.6283195213723,True,G_4de081,True
V_65ca673c,U_0436,2026-02-25,9148.747087804906,True,G_4de081,False
V_2731478743,U_0633,2026-02-25,3570.3900631674005,False,,False
V_9d78748e,U_0672,2026-02-25,4296.8721165069655,True,G_47a41b,True
V_e5a96904,U_0073,2026-02-25,5126.3000284935115,True,G_47a41b,False
V_703011843,U_0676,2026-02-25,4981.950880495053,False,,False
V_3143467501,U_0693,2026-02-25,2428.1305451644116,False,,False
V_1071677872,U_0699,2026-02-25,3954.3242470398086,False,,False
V_eaed6851,U_0703,2026-02-25,3113.3880258906306,True,G_75bba4,True
V_b7247545,U_0529,2026-02-25,5486.019832377812,True,G_75bba4,False
V_25784ca0,U_0412,2026-02-25,2756.480486385843,True,G_75bba4,False
V_4d6f354c,U_0798,2026-02-25,4034.9430531421503,True,G_75bba4,False
V_3303958315,U_0736,2026-02-25,10914.744869885637,False,,False
V_3388160527,U_0768,2026-02-25,2867.0379089594876,False,,False
V_cbbb1434,U_0783,2026-02-25,3461.5698857938764,True,G_6e40f1,True
V_218de57e,U_0345,2026-02-25,8034.588994472151,True,G_6e40f1,False
V_3356e734,U_0912,2026-02-25,4946.316659638715,True,G_6e40f1,False
V_2e9d01bf,U_0842,2026-02-25,4167.450296800102,True,G_6e40f1,False
V_4119989114,U_0820,2026-02-25,1705.7358752090286,False,,False
V_2115821217,U_0864,2026-02-25,5723.54041942287,False,,False
V_1051637379,U_0893,2026-02-25,2071.962435313303,False,,False
V_2187323971,U_0896,2026-02-25,1715.2723836632595,False,,False
V_621529195,U_0918,2026-02-25,9433.36579893881,False,,False
V_c075d2f2,U_0984,2026-02-25,2259.033284819931,True,G_68c65f,True
V_cada32f5,U_0818,2026-02-25,4205.390951383941,True,G_68c65f,False
V_71c772a0,U_0370,2026-02-25,1744.3632056315453,True,G_68c65f,False
V_36810a1f,U_0006,2026-02-26,6078.663241769197,True,G_bf9428,True
V_6ebfac16,U_0937,2026-02-26,10812.1413780014,True,G_bf9428,False
V_16c30461,U_0057,2026-02-26,1870.1471980075498,True,G_bf9428,False
V_af81ffd8,U_0623,2026-02-26,9043.820709653774,True,G_bf9428,False
V_35e37819,U_0831,2026-02-26,6409.218788306766,True,G_bf9428,False
V_c468d217,U_0875,2026-02-26,5995.580109675003,True,G_bf9428,False
V_64d95f28,U_0010,2026-02-26,4450.499765031654,True,G_51f2c3,True
V_1eb0cc69,U_0400,2026-02-26,9166.17073184078,True,G_51f2c3,False
V_73dbb12f,U_0321,2026-02-26,5663.250065469058,True,G_51f2c3,False
V_8bda29c6,U_0061,2026-02-26,2935.135482644077,True,G_51f2c3,False
V_ac874f78,U_0013,2026-02-26,3068.452475633308,True,G_655ad4,True
V_84285f48,U_0350,2026-02-26,2592.0446573212976,True,G_655ad4,False
V_2b3a0823,U_0172,2026-02-26,2741.187660191953,True,G_655ad4,False
V_a846f15d,U_0048,2026-02-26,3394.921822597754,True,G_655ad4,False
V_a6ba8d45,U_0381,2026-02-26,2857.856575916616,True,G_655ad4,False
V_2712341700,U_0058,2026-02-26,2206.792714117396,False,,False
V_3033696336,U_0128,2026-02-26,5056.226270701369,False,,False
V_9680ed57,U_0169,2026-02-26,4263.520743002144,True,G_fb48bb,True
V_db60abb1,U_0154,2026-02-26,5871.847096365077,True,G_fb48bb,False
V_c00962b4,U_0902,2026-02-26,10183.997030574645,True,G_fb48bb,False
V_c9798a98,U_0146,2026-02-26,5034.916921930152,True,G_fb48bb,False
V_677d9d52,U_0872,2026-02-26,6252.486217294139,True,G_fb48bb,False
V_1646410492,U_0206,2026-02-26,6797.940374855918,False,,False
V_1836790111,U_0258,2026-02-26,2975.6200348942775,False,,False
V_3796000405,U_0260,2026-02-26,5799.53572623116,False,,False
V_4122139533,U_0262,2026-02-26,10846.87360714249,False,,False
V_1174248815,U_0295,2026-02-26,4459.202975965535,False,,False
V_878f6307,U_0308,2026-02-26,6807.329396885804,True,G_4708b7,True
V_7e217a62,U_0087,2026-02-26,7879.537249451899,True,G_4708b7,False
V_2279235937,U_0346,2026-02-26,3549.42292685756,False,,False
V_3665322484,U_0361,2026-02-26,4454.033817582238,False,,False
V_42842cb8,U_0420,2026-02-26,2855.8615321122343,True,G_54b6e7,True
V_256b0940,U_0761,2026-02-26,1840.5092236640419,True,G_54b6e7,False
V_3880efbc,U_0150,2026-02-26,2960.3622317839095,True,G_54b6e7,False
V_1113726304,U_0451,2026-02-26,6726.044312272871,False,,False
V_73b039ad,U_0457,2026-02-26,7737.115721334819,True,G_658bfe,True
V_0cec8715,U_0704,2026-02-26,7195.951357600993,True,G_658bfe,False
V_5b66ae16,U_0125,2026-02-26,5799.179985247173,True,G_658bfe,False
V_b8ea8e7b,U_0219,2026-02-26,2082.080111923218,True,G_658bfe,False
V_86660cfe,U_0211,2026-02-26,5260.7164571931435,True,G_658bfe,False
V_3085720626,U_0476,2026-02-26,2149.936424523358,False,,False
V_3993840558,U_0494,2026-02-26,3787.0170628487217,False,,False
V_736718d2,U_0522,2026-02-26,7164.152755822805,True,G_76734e,True
V_8dd7de4d,U_0101,2026-02-26,4267.89956558875,True,G_76734e,False
V_109aa47f,U_0887,2026-02-26,5011.501818180605,True,G_76734e,False
V_4d2e654e,U_0485,2026-02-26,3817.2381204145436,True,G_76734e,False
V_473864085,U_0529,2026-02-26,4326.3356654421705,False,,False
V_1588094377,U_0580,2026-02-26,5365.462365156433,False,,False
V_151200510,U_0623,2026-02-26,11762.204629017348,False,,False
V_3128122237,U_0633,2026-02-26,2456.0083329668664,False,,False
V_1961363063,U_0653,2026-02-26,5637.561766378909,False,,False
V_3428194849,U_0662,2026-02-26,3035.326510743174,False,,False
V_3467589686,U_0681,2026-02-26,11056.742652949422,False,,False
V_6f86eb1d,U_0727,2026-02-26,10220.389406601025,True,G_f923d8,True
V_3e09c1e5,U_0503,2026-02-26,11592.582598253644,True,G_f923d8,False
V_5395afa0,U_0752,2026-02-26,6080.038777306213,True,G_f923d8,False
V_80c8acd1,U_0567,2026-02-26,6807.360603029279,True,G_f923d8,False
V_93a7d932,U_0321,2026-02-26,7696.503545241624,True,G_f923d8,False
V_91ebaeae,U_0461,2026-02-26,7950.514004287495,True,G_f923d8,False
V_3456963837,U_0767,2026-02-26,10015.81096435347,False,,False
V_2198988492,U_0820,2026-02-26,2395.4227085068205,False,,False
V_970855273,U_0860,2026-02-26,4018.732075297902,False,,False
V_367052333,U_0874,2026-02-26,4790.700056283164,False,,False
V_2561417908,U_0889,2026-02-26,5451.7290470602375,False,,False
V_3570444450,U_0975,2026-02-26,2544.2520499230823,False,,False
V_b5ff7103,U_0046,2026-02-26,3378.4052850273424,True,G_003d14,True
V_92958b68,U_0885,2026-02-26,8967.075861765503,True,G_003d14,False
V_ae466d2b,U_0323,2026-02-26,7579.290315093501,True,G_003d14,False
V_2870ab36,U_0039,2026-02-26,2067.3449336459234,True,G_003d14,False
V_f311c2a2,U_0560,2026-02-26,8178.073734989637,True,G_003d14,False
V_3327370333,U_0073,2026-02-26,10096.393461955422,False,,False
V_76c311bc,U_0124,2026-02-26,2717.3586299350213,True,G_cfa141,True
V_ac5bf7b2,U_0972,2026-02-26,5824.437805418999,True,G_cfa141,False
V_d4df390e,U_0178,2026-02-26,8103.462213636714,True,G_cfa141,False
V_6bf091df,U_0673,2026-02-26,2435.067269862892,True,G_cfa141,False
V_5d44ed55,U_0055,2026-02-26,7515.265289464446,True,G_cfa141,False
V_da3e7170,U_0130,2026-02-26,10784.447786966599,True,G_b5cfe5,True
V_3edcccf8,U_0581,2026-02-26,8196.023032242649,True,G_b5cfe5,False
V_95c5dfde,U_0560,2026-02-26,11258.243796923987,True,G_b5cfe5,False
V_445051558,U_0173,2026-02-26,2904.6723038410937,False,,False
V_f9ee7d6f,U_0185,2026-02-26,4179.456967390678,True,G_054029,True
V_fb41ca8b,U_0312,2026-02-26,6082.075257207247,True,G_054029,False
V_f9eef69f,U_0197,2026-02-26,4000.0984702066944,True,G_6fe6e7,True
V_4d63ba67,U_0307,2026-02-26,2905.6788782690664,True,G_6fe6e7,False
V_323bd452,U_0689,2026-02-26,6246.727572673203,True,G_6fe6e7,False
V_b4fbdde6,U_0214,2026-02-26,4081.6586846043224,True,G_37d82c,True
V_4b82cd6f,U_0974,2026-02-26,11213.480698213369,True,G_37d82c,False
V_851ba009,U_0406,2026-02-26,3101.9859697496677,True,G_37d82c,False
V_11cc97f7,U_0584,2026-02-26,3603.3411514769896,True,G_37d82c,False
V_231170513,U_0241,2026-02-26,11578.996755749899,False,,False
V_66bb14de,U_0273,2026-02-26,4278.486054622879,True,G_a0ed34,True
V_85ba68d2,U_0644,2026-02-26,3906.9857571834436,True,G_a0ed34,False
V_91c80c0c,U_0030,2026-02-26,5672.664601327283,True,G_a0ed34,False
V_526790919,U_0274,2026-02-26,11727.288689233725,False,,False
V_5f80a767,U_0284,2026-02-26,2740.8672220828275,True,G_0402b9,True
V_b22bd835,U_0106,2026-02-26,3732.5191724389983,True,G_0402b9,False
V_3138987518,U_0285,2026-02-26,2013.932852224367,False,,False
V_2227543569,U_0321,2026-02-26,7804.921341733027,False,,False
V_41d6f827,U_0345,2026-02-26,8060.746721767431,True,G_f3a45a,True
V_0d3412ac,U_0240,2026-02-26,5382.068544820417,True,G_f3a45a,False
V_329945ea,U_0664,2026-02-26,2943.169539625234,True,G_f3a45a,False
V_7bc37813,U_0359,2026-02-26,3614.345694914193,True,G_37084c,True
V_5cf8e4c6,U_0805,2026-02-26,3196.298078442732,True,G_37084c,False
V_e55acf1f,U_0733,2026-02-26,3143.8543294438227,True,G_37084c,False
V_943dd7e3,U_0234,2026-02-26,2953.319021029777,True,G_37084c,False
V_38876cb4,U_0122,2026-02-26,2347.7447115943887,True,G_37084c,False
V_0cd8291a,U_0449,2026-02-26,3609.9115973436033,True,G_8ff7e8,True
V_0c9d9c0b,U_0902,2026-02-26,9647.230993579897,True,G_8ff7e8,False
V_15ee9e64,U_0181,2026-02-26,10137.68717780165,True,G_8ff7e8,False
V_c8f4a8d4,U_0515,2026-02-26,2620.134817071032,True,G_8ff7e8,False
V_6ea12be6,U_0937,2026-02-26,7985.90113083025,True,G_8ff7e8,False
V_c88f62d0,U_0951,2026-02-26,10823.440361784571,True,G_8ff7e8,False
V_4dda21fd,U_0487,2026-02-26,4592.507732170319,True,G_0fe37c,True
V_11e072bd,U_0453,2026-02-26,4923.735213923946,True,G_0fe37c,False
V_f60b3b0d,U_0899,2026-02-26,6699.23105895535,True,G_0fe37c,False
V_ecf65289,U_0519,2026-02-26,2063.254030477783,True,G_0fe37c,False
V_8acae16e,U_0578,2026-02-26,2682.639393845757,True,G_0fe37c,False
V_95482cca,U_0864,2026-02-26,4763.966754581449,True,G_0fe37c,False
V_4116523221,U_0601,2026-02-26,4377.3800367295735,False,,False
V_2759694154,U_0644,2026-02-26,4931.39812164507,False,,False
V_2468128753,U_0669,2026-02-26,4844.420092616953,False,,False
V_2034806152,U_0673,2026-02-26,12204.587325284767,False,,False
V_608bb006,U_0732,2026-02-26,5533.814098056393,True,G_2be1d0,True
V_e94e8135,U_0269,2026-02-26,6384.98219444822,True,G_2be1d0,False
V_86add061,U_0145,2026-02-26,3456.260775407833,True,G_2be1d0,False
V_beac1c3d,U_0351,2026-02-26,4073.796646569773,True,G_2be1d0,False
V_d5d3fbbc,U_0969,2026-02-26,10006.747702296789,True,G_2be1d0,False
V_b94e4c71,U_0327,2026-02-26,2243.9047820346705,True,G_2be1d0,False
V_3c5bee62,U_0744,2026-02-26,2344.3801476068716,True,G_764520,True
V_35fb2fed,U_0323,2026-02-26,6798.188461618775,True,G_764520,False
V_8683756c,U_0400,2026-02-26,9606.002426233083,True,G_764520,False
V_a3151233,U_0505,2026-02-26,2714.139034700444,True,G_764520,False
V_d722c313,U_0822,2026-02-26,3683.6834351396024,True,G_476bbf,True
V_fcf3f8da,U_0291,2026-02-26,4325.662656795772,True,G_476bbf,False
V_36507667,U_0816,2026-02-26,10389.501703892041,True,G_476bbf,False
V_92abff71,U_0431,2026-02-26,4864.092764748402,True,G_476bbf,False
V_2178440675,U_0852,2026-02-26,3213.312449297375,False,,False
V_07fe1951,U_0893,2026-02-26,4223.921147948291,True,G_1cd67c,True
V_df431b0c,U_0236,2026-02-26,3281.845929847753,True,G_1cd67c,False
V_6adaaf5d,U_0551,2026-02-26,4448.471277158887,True,G_1cd67c,False
V_689e424b,U_0381,2026-02-26,2506.970409688516,True,G_1cd67c,False
V_609b7572,U_0270,2026-02-26,2479.241115039659,True,G_1cd67c,False
V_1792755932,U_0918,2026-02-26,11536.09852978186,False,,False
V_3336080133,U_0962,2026-02-26,10620.068279553701,False,,False
V_3594872260,U_0006,2026-02-27,7430.585941350187,False,,False
V_0b12ecb0,U_0017,2026-02-27,2690.850312839463,True,G_763d16,True
V_39349d2e,U_0419,2026-02-27,3082.2483264941943,True,G_763d16,False
V_69b6d2b5,U_0041,2026-02-27,3972.03989049105,True,G_763d16,False
V_951f0232,U_0450,2026-02-27,1972.928640934858,True,G_763d16,False
V_bb334e63,U_0998,2026-02-27,2065.68667174958,True,G_763d16,False
V_12e88f43,U_0115,2026-02-27,2517.055812891325,True,G_763d16,False
V_445fc0af,U_0044,2026-02-27,2453.3656147368984,True,G_c12812,True
V_1a49747c,U_0957,2026-02-27,2617.8179566387607,True,G_c12812,False
V_353ad81b,U_0549,2026-02-27,4386.943818515437,True,G_c12812,False
V_aab6e4f7,U_0837,2026-02-27,5292.989427766204,True,G_c12812,False
V_ab9b6d93,U_0620,2026-02-27,2511.375249375329,True,G_c12812,False
V_c1219ace,U_0059,2026-02-27,6011.7922846059,True,G_7ef5f6,True
V_07e42435,U_0436,2026-02-27,10285.898674632332,True,G_7ef5f6,False
V_9fc33e35,U_0509,2026-02-27,5089.201785301783,True,G_7ef5f6,False
V_2c318ddd,U_0585,2026-02-27,1985.3488973351564,True,G_7ef5f6,False
V_551ff395,U_0383,2026-02-27,2981.541727867993,True,G_7ef5f6,False
V_79834468,U_0085,2026-02-27,3496.7030968616214,True,G_27119c,True
V_caab488c,U_0623,2026-02-27,12345.649346969283,True,G_27119c,False
V_d4d546ce,U_0658,2026-02-27,3664.6505929129044,True,G_27119c,False
V_b27e1b70,U_0090,2026-02-27,6347.050068727552,True,G_83868f,True
V_1d9eac2a,U_0054,2026-02-27,2376.260189524985,True,G_83868f,False
V_8ca2c592,U_0431,2026-02-27,5207.751985712309,True,G_83868f,False
V_5552ca9c,U_0910,2026-02-27,6961.122732454174,True,G_83868f,False
V_a92b2418,U_0121,2026-02-27,4771.355831794273,True,G_f60879,True
V_d1ae99c2,U_0580,2026-02-27,5131.598712361907,True,G_f60879,False
V_6db1dc64,U_0376,2026-02-27,3959.0889746332846,True,G_f60879,False
V_82ca7e0f,U_0128,2026-02-27,6697.922512175197,True,G_f60879,False
V_ed571807,U_0130,2026-02-27,10950.066998990098,True,G_44aaa8,True
V_a3e70ca2,U_0219,2026-02-27,2656.28116124944,True,G_44aaa8,False
V_defc6929,U_0391,2026-02-27,9641.055671844202,True,G_44aaa8,False
V_2586b9b6,U_0567,2026-02-27,9357.29606111762,True,G_44aaa8,False
V_6621e3f3,U_0755,2026-02-27,11479.319796591659,True,G_44aaa8,False
V_89488f06,U_0178,2026-02-27,10514.015030654899,True,G_44aaa8,False
V_c5d41388,U_0131,2026-02-27,5844.291018765182,True,G_0fbdeb,True
V_f730a5fb,U_0788,2026-02-27,4992.065023370808,True,G_0fbdeb,False
V_e8fd25b4,U_0573,2026-02-27,4289.014725885828,True,G_0fbdeb,False
V_472d5bf4,U_0230,2026-02-27,4723.753597217259,True,G_0fbdeb,False
V_20816cb3,U_0705,2026-02-27,5932.390787024193,True,G_0fbdeb,False
V_4464e049,U_0105,2026-02-27,2737.8443307166845,True,G_0fbdeb,False
V_43d4deae,U_0174,2026-02-27,5602.127453029853,True,G_1ad713,True
V_caa19ba0,U_0392,2026-02-27,6341.650253863603,True,G_1ad713,False
V_6fc17f64,U_0090,2026-02-27,5298.447507789336,True,G_1ad713,False
V_460106c3,U_0172,2026-02-27,3271.278325444884,True,G_1ad713,False
V_ce56e0dc,U_0800,2026-02-27,3893.3563559933873,True,G_1ad713,False
V_5287688a,U_0625,2026-02-27,5436.093899731184,True,G_1ad713,False
V_f57254ae,U_0178,2026-02-27,7705.054894570786,True,G_03d43b,True
V_07738c04,U_0773,2026-02-27,5599.1321699935725,True,G_03d43b,False
V_f07d24a6,U_0391,2026-02-27,10838.246256232535,True,G_03d43b,False
V_31c45a09,U_0937,2026-02-27,9077.516955128724,True,G_03d43b,False
V_2831339072,U_0182,2026-02-27,3185.529968687255,False,,False
V_1727138400,U_0184,2026-02-27,2656.562486141056,False,,False
V_e0a41aba,U_0194,2026-02-27,9443.32304733666,True,G_1e9434,True
V_351d343a,U_0089,2026-02-27,5673.961720999414,True,G_1e9434,False
V_9054afc1,U_0429,2026-02-27,12408.838743486804,True,G_1e9434,False
V_1514291351,U_0197,2026-02-27,3833.447228044205,False,,False
V_9f38cb41,U_0237,2026-02-27,8423.976752145512,True,G_8ecd8e,True
V_a54686b9,U_0220,2026-02-27,1869.8250235847186,True,G_8ecd8e,False
V_f1c7054a,U_0879,2026-02-27,2102.5535886734783,True,G_8ecd8e,False
V_634aab7b,U_0124,2026-02-27,2542.5397944535816,True,G_8ecd8e,False
V_3fd2d79a,U_0804,2026-02-27,5596.029353996245,True,G_8ecd8e,False
V_a1cc9de4,U_0303,2026-02-27,10861.927852834851,True,G_8ecd8e,False
V_827679129,U_0246,2026-02-27,7866.758853851287,False,,False
V_593f51fa,U_0292,2026-02-27,2743.990553678184,True,G_a0ea46,True
V_fb5f1f23,U_0284,2026-02-27,2881.8758636513435,True,G_a0ea46,False
V_3296335776,U_0299,2026-02-27,7454.593370823103,False,,False
V_3133634671,U_0323,2026-02-27,7775.753751989875,False,,False
V_121150575,U_0353,2026-02-27,2797.2794142239336,False,,False
V_c851cf33,U_0371,2026-02-27,3207.918471392157,True,G_e38b0d,True
V_8b87cbe3,U_0612,2026-02-27,3601.335281783175,True,G_e38b0d,False
V_d763d8a9,U_0562,2026-02-27,2913.7837240995477,True,G_e38b0d,False
V_c4c71c20,U_0660,2026-02-27,4265.9418569805175,True,G_e38b0d,False
V_458e715a,U_0392,2026-02-27,8246.562357276185,True,G_da3de6,True
V_48f46049,U_0537,2026-02-27,5114.644952979279,True,G_da3de6,False
V_0af44978,U_0843,2026-02-27,5058.75511612853,True,G_da3de6,False
V_49d2bb55,U_0590,2026-02-27,4853.302018631312,True,G_da3de6,False
V_bdf5c02b,U_0313,2026-02-27,3187.8258117367195,True,G_da3de6,False
V_dd3a489b,U_0410,2026-02-27,1927.1892023554515,True,G_56ff33,True
V_146b6af5,U_0682,2026-02-27,9309.548017938743,True,G_56ff33,False
V_5e9690f3,U_0939,2026-02-27,3790.2326017889636,True,G_56ff33,False
V_1afda17c,U_0084,2026-02-27,3347.9009556718156,True,G_56ff33,False
V_2352907859,U_0431,2026-02-27,5746.852540137874,False,,False
V_e380fdc7,U_0437,2026-02-27,2623.282017437235,True,G_9b7f40,True
V_ff6e9103,U_0017,2026-02-27,2848.42475713299,True,G_9b7f40,False
V_56e9887f,U_0831,2026-02-27,6585.072512431278,True,G_9b7f40,False
V_e0fec7f5,U_0551,2026-02-27,4409.454497899973,True,G_9b7f40,False
V_c27dddf9,U_0279,2026-02-27,3459.468034766519,True,G_9b7f40,False
V_e462587f,U_0529,2026-02-27,5695.020617137947,True,G_2d120f,True
V_b17915a1,U_0569,2026-02-27,3449.841532432422,True,G_2d120f,False
V_612673e8,U_0054,2026-02-27,2244.469792993635,True,G_2d120f,False
V_8f20b09e,U_0548,2026-02-27,7169.213189821616,True,G_af9858,True
V_cf316d67,U_0237,2026-02-27,8752.597869340096,True,G_af9858,False
V_0cd0cbe3,U_0955,2026-02-27,9249.155325351123,True,G_af9858,False
V_a72efe13,U_0581,2026-02-27,8582.479154270313,True,G_af9858,False
V_05ef05f0,U_0055,2026-02-27,7493.723265630764,True,G_af9858,False
V_1215295711,U_0565,2026-02-27,10834.183779230183,False,,False
V_0f56f6f9,U_0582,2026-02-27,5357.025186223488,True,G_cb991b,True
V_653eae60,U_0295,2026-02-27,4270.310465437799,True,G_cb991b,False
V_2431289707,U_0618,2026-02-27,4395.678650679286,False,,False
V_7a8e239d,U_0628,2026-02-27,10062.997640818634,True,G_9408f3,True
V_66861c8c,U_0388,2026-02-27,2223.7804324101685,True,G_9408f3,False
V_d57ce01b,U_0838,2026-02-27,4153.927436039364,True,G_9408f3,False
V_f6a7f196,U_0202,2026-02-27,2798.557960930154,True,G_9408f3,False
V_fa32367a,U_0918,2026-02-27,2870.903695906445,True,G_9408f3,False
V_b46533e6,U_0721,2026-02-27,6222.956005408443,True,G_b61655,True
V_0c239516,U_0010,2026-02-27,4270.798031011622,True,G_b61655,False
V_9c2689e3,U_0722,2026-02-27,5837.929700725019,True,G_b61655,False
V_1ae602bb,U_0995,2026-02-27,5447.596232309093,True,G_b61655,False
V_787e1a49,U_0051,2026-02-27,3227.8128433652187,True,G_b61655,False
V_e27dbac4,U_0897,2026-02-27,8005.243198506296,True,G_b61655,False
V_1651165248,U_0732,2026-02-27,6450.283374208518,False,,False
V_3410570681,U_0767,2026-02-27,9743.34184425892,False,,False
V_2398968277,U_0798,2026-02-27,4871.600682724965,False,,False
V_4217651186,U_0816,2026-02-27,9500.621004814453,False,,False
V_b5a89e3f,U_0823,2026-02-27,2771.0527323752876,True,G_880999,True
V_c25f130f,U_0390,2026-02-27,2577.43983715068,True,G_880999,False
V_bceda036,U_0536,2026-02-27,5821.218898208504,True,G_880999,False
V_3175ff1a,U_0119,2026-02-27,4279.254767708418,True,G_880999,False
V_7a4a2ed4,U_0784,2026-02-27,3292.5202465713483,True,G_880999,False
V_50374eae,U_0685,2026-02-27,2419.0559925390044,True,G_880999,False
V_a61e7c3e,U_0872,2026-02-27,6449.895484262342,True,G_209025,True
V_50edf216,U_0575,2026-02-27,5904.584523938356,True,G_209025,False
V_56914b77,U_0252,2026-02-27,5366.818973845128,True,G_209025,False
V_65a0f4c4,U_0888,2026-02-27,9481.227475570053,True,G_cf35da,True
V_9516ccd7,U_0202,2026-02-27,2791.5808521608415,True,G_cf35da,False
V_448811396,U_0897,2026-02-27,8809.503790925188,False,,False
V_3b6b9811,U_0902,2026-02-27,9565.443680854116,True,G_619f99,True
V_ae25c4b4,U_0449,2026-02-27,3669.7021969179773,True,G_619f99,False
V_1383210019,U_0002,2026-02-27,4570.6644597948825,False,,False
V_166360886,U_0005,2026-02-27,4692.002756238465,False,,False
V_2f3dd7a7,U_0032,2026-02-27,4206.664193889664,True,G_f993b5,True
V_0f17b8fc,U_0736,2026-02-27,3419.3546109821027,True,G_f993b5,False
V_3e4bb623,U_0130,2026-02-27,8993.728357425096,True,G_f993b5,False
V_14479d00,U_0904,2026-02-27,6467.009714033847,True,G_f993b5,False
V_8df1172d,U_0046,2026-02-27,4032.9063195162603,True,G_9e055b,True
V_a7ecd0c5,U_0591,2026-02-27,8377.150667999715,True,G_9e055b,False
V_df17cbe7,U_0765,2026-02-27,2428.087871599691,True,G_9e055b,False
V_71510684,U_0055,2026-02-27,10178.373278842262,True,G_9fa112,True
V_de14c235,U_0673,2026-02-27,2696.4977905823134,True,G_9fa112,False
V_c0282961,U_0071,2026-02-27,4171.047519950616,True,G_a5b1fa,True
V_0578746e,U_0590,2026-02-27,5699.170001315706,True,G_a5b1fa,False
V_29a6f9bb,U_0174,2026-02-27,4829.266552076968,True,G_a5b1fa,False
V_8e71ba2d,U_0248,2026-02-27,4348.524727017527,True,G_a5b1fa,False
V_68836822,U_0895,2026-02-27,5082.60295437561,True,G_a5b1fa,False
V_a473456d,U_0367,2026-02-27,5687.412527726812,True,G_a5b1fa,False
V_0d55d07e,U_0086,2026-02-27,3345.8969893596523,True,G_57d952,True
V_ed6c49a0,U_0866,2026-02-27,12588.624566575489,True,G_57d952,False
V_33ebc9e2,U_0451,2026-02-27,5332.627025500193,True,G_57d952,False
V_0ef60b9e,U_0738,2026-02-27,5559.3573606911195,True,G_57d952,False
V_3342681758,U_0096,2026-02-27,3361.5542546771276,False,,False
V_4235445750,U_0102,2026-02-27,2325.4783365136796,False,,False
V_2041105075,U_0120,2026-02-27,13147.491388448912,False,,False
V_34f7edc7,U_0214,2026-02-27,3323.847999279713,True,G_71818e,True
V_15b4b7dd,U_0730,2026-02-27,2606.30980925373,True,G_71818e,False
V_01d27512,U_0234,2026-02-27,4084.6582045052864,True,G_71818e,False
V_154321266,U_0218,2026-02-27,11401.807978567449,False,,False
V_2641207693,U_0225,2026-02-27,6922.571567675101,False,,False
V_1236822351,U_0242,2026-02-27,5702.472833517867,False,,False
V_7abe815b,U_0274,2026-02-27,5181.338208271209,True,G_38f761,True
V_c7fd1c6c,U_0218,2026-02-27,3700.853315180316,True,G_38f761,False
V_5bcd4adb,U_0628,2026-02-27,10422.038493849708,True,G_38f761,False
V_614ea84a,U_0309,2026-02-27,2970.3832487849318,True,G_593483,True
V_824689c9,U_0304,2026-02-27,3663.708062326032,True,G_593483,False
V_c9a23598,U_0357,2026-02-27,4164.4460401544075,True,G_593483,False
V_d581ab8e,U_0316,2026-02-27,3031.85569203037,True,G_593483,False
V_fb38c7b3,U_0484,2026-02-27,12308.825132365404,True,G_593483,False
V_ad53011c,U_0425,2026-02-27,5301.851831290557,True,G_593483,False
V_1050220074,U_0333,2026-02-27,7182.938181232686,False,,False
V_2814595911,U_0348,2026-02-27,5641.686600291424,False,,False
V_2636622734,U_0354,2026-02-27,3020.4347714435803,False,,False
V_3534877745,U_0411,2026-02-27,6087.1809019870625,False,,False
V_4276696852,U_0418,2026-02-27,8962.908412084547,False,,False
V_2043811364,U_0421,2026-02-27,4924.710223053624,False,,False
V_76371922,U_0438,2026-02-27,2471.471024459973,True,G_e903cb,True
V_3dcc9624,U_0384,2026-02-27,3491.6887964658667,True,G_e903cb,False
V_bd9c995a,U_0494,2026-02-27,3461.6813758079943,True,G_e903cb,False
V_81808c85,U_0452,2026-02-27,3257.5479233768715,True,G_11933f,True
V_10e4066b,U_0428,2026-02-27,3160.2318713520344,True,G_11933f,False
V_bf3a0c72,U_0655,2026-02-27,7485.287457805544,True,G_11933f,False
V_565565bb,U_0794,2026-02-27,8536.451602675656,True,G_11933f,False
V_cb6f7cbc,U_0513,2026-02-27,11352.244734557158,True,G_11933f,False
V_2162650608,U_0473,2026-02-27,1684.4786658086382,False,,False
V_2473922468,U_0492,2026-02-27,11293.734264443718,False,,False
V_2197968531,U_0505,2026-02-27,6610.3456971982405,False,,False
V_53251701,U_0512,2026-02-27,4269.719895337505,False,,False
V_1219168498,U_0541,2026-02-27,3601.5805835843244,False,,False
V_2235181688,U_0576,2026-02-27,4086.5374981881937,False,,False
V_2485804760,U_0578,2026-02-27,4950.955086154354,False,,False
V_722f2071,U_0598,2026-02-27,2687.5511260735284,True,G_73e48c,True
V_d5fe321d,U_0701,2026-02-27,6467.237793541356,True,G_73e48c,False
V_3146522155,U_0641,2026-02-27,3603.9017477476946,False,,False
V_2234642980,U_0659,2026-02-27,5841.927577305192,False,,False
V_0e1d34ee,U_0709,2026-02-27,3880.9057224540447,True,G_19168a,True
V_97f61908,U_0561,2026-02-27,2433.9450995285974,True,G_19168a,False
V_2154088582,U_0729,2026-02-27,3072.445944211001,False,,False
V_2025990117,U_0749,2026-02-27,2619.7308468091146,False,,False
V_c5fd2414,U_0761,2026-02-27,2405.614842638741,True,G_2fc471,True
V_f3a0e483,U_0208,2026-02-27,3510.501439811594,True,G_2fc471,False
V_6acf3795,U_0130,2026-02-27,8704.490548946054,True,G_2fc471,False
V_926f8387,U_0046,2026-02-27,3001.259013733893,True,G_2fc471,False
V_fec9ef73,U_0765,2026-02-27,2217.0015156406785,True,G_00a6e5,True
V_82b234aa,U_0752,2026-02-27,6735.024049058185,True,G_00a6e5,False
V_abca571d,U_0125,2026-02-27,4136.658802906055,True,G_00a6e5,False
V_21ff3205,U_0770,2026-02-27,9858.429981658537,True,G_cf2510,True
V_61ae9684,U_0481,2026-02-27,3639.9345234956786,True,G_cf2510,False
V_5650c018,U_0235,2026-02-27,6392.012028228728,True,G_cf2510,False
V_1ec6b8ab,U_0833,2026-02-27,3518.5406264086346,True,G_bc4263,True
V_ea9edd28,U_0993,2026-02-27,7225.985262426117,True,G_bc4263,False
V_0aa94001,U_0039,2026-02-27,2762.589447570386,True,G_bc4263,False
V_20a6f5fc,U_0866,2026-02-27,10864.65638903601,True,G_bc4263,False
V_d1190558,U_0736,2026-02-27,3573.613692296768,True,G_bc4263,False
V_ff52bb2b,U_0073,2026-02-27,6857.672919246395,True,G_bc4263,False
V_8a990357,U_0858,2026-02-27,4698.4720751754685,True,G_ec55e0,True
V_beb39ce5,U_0106,2026-02-27,3270.6446780496485,True,G_ec55e0,False
V_1e5349af,U_0204,2026-02-27,4981.5534965536535,True,G_ec55e0,False
V_fdddb96c,U_0267,2026-02-27,3652.8697982769295,True,G_ec55e0,False
V_b6a01841,U_0677,2026-02-27,2019.0098721554227,True,G_ec55e0,False
V_659fc5e9,U_0942,2026-02-27,2704.266546205718,True,G_ec55e0,False
V_4294645773,U_0909,2026-02-27,3640.4823509297817,False,,False
V_b8e6a8b9,U_0041,2026-02-28,4783.168587530111,True,G_626e2f,True
V_58731445,U_0536,2026-02-28,6626.71745239249,True,G_626e2f,False
V_03114ad7,U_0627,2026-02-28,6338.885792374861,True,G_626e2f,False
V_775f7ee7,U_0712,2026-02-28,3874.289457679253,True,G_626e2f,False
V_7b07d226,U_0692,2026-02-28,5056.316809177238,True,G_626e2f,False
V_674c44d6,U_0067,2026-02-28,7481.296020641961,True,G_60bd74,True
V_c9275fab,U_0010,2026-02-28,4688.221292826812,True,G_60bd74,False
V_20625ce1,U_0859,2026-02-28,3469.398254463939,True,G_60bd74,False
V_26362416,U_0830,2026-02-28,3415.0125612014754,True,G_60bd74,False
V_b3c60a42,U_0367,2026-02-28,6328.819783422825,True,G_60bd74,False
V_4193046010,U_0123,2026-02-28,2512.3663283744963,False,,False
V_e1207fec,U_0130,2026-02-28,11688.059432704553,True,G_a97681,True
V_b1c5cf59,U_0693,2026-02-28,7568.87842015832,True,G_a97681,False
V_b5c03130,U_0470,2026-02-28,3698.5328645472846,True,G_a97681,False
V_cb753bf6,U_0330,2026-02-28,2925.2084583965484,True,G_a97681,False
V_d22007be,U_0900,2026-02-28,6057.794188227733,True,G_a97681,False
V_cd0ff295,U_0154,2026-02-28,6595.937659185734,True,G_662b56,True
V_248127be,U_0773,2026-02-28,4126.112045287514,True,G_662b56,False
V_e991fadd,U_0174,2026-02-28,4544.683161573563,True,G_0f414c,True
V_7feca1f5,U_0486,2026-02-28,6980.122040297722,True,G_0f414c,False
V_9225767,U_0206,2026-02-28,6224.697787561026,False,,False
V_1245571343,U_0215,2026-02-28,6712.433193235975,False,,False
V_2347932982,U_0229,2026-02-28,6967.0632529704035,False,,False
V_1300491935,U_0323,2026-02-28,8766.348791288146,False,,False
V_245120904,U_0338,2026-02-28,9362.223968594211,False,,False
V_3062017651,U_0361,2026-02-28,4117.377044158936,False,,False
V_f2d819e5,U_0368,2026-02-28,3130.754335472769,True,G_82b349,True
V_f4fa1989,U_0191,2026-02-28,2342.467264870266,True,G_82b349,False
V_fab8e459,U_0378,2026-02-28,4440.267795221533,True,G_82b349,False
V_16ca2fef,U_0475,2026-02-28,3477.455845279002,True,G_82b349,False
V_b4ac4a9d,U_0763,2026-02-28,2474.1500456672857,True,G_82b349,False
V_730fb3d2,U_0417,2026-02-28,2422.353791310301,True,G_9b0c8c,True
V_bee468d3,U_0984,2026-02-28,2184.872048856352,True,G_9b0c8c,False
V_6c784934,U_0373,2026-02-28,12165.281849657165,True,G_9b0c8c,False
V_a7073863,U_0877,2026-02-28,3272.9906273509328,True,G_9b0c8c,False
V_bfa3ef2f,U_0746,2026-02-28,2216.988436568212,True,G_9b0c8c,False
V_21703d61,U_0233,2026-02-28,3613.7190660473825,True,G_9b0c8c,False
V_405323909,U_0445,2026-02-28,9670.544312555487,False,,False
V_2500153996,U_0446,2026-02-28,3636.2204775969735,False,,False
V_d6a1eda8,U_0484,2026-02-28,12519.69354284568,True,G_79e058,True
V_445c006a,U_0211,2026-02-28,4410.7483923081845,True,G_79e058,False
V_3420797600,U_0494,2026-02-28,3668.181983736051,False,,False
V_390446386,U_0522,2026-02-28,7532.337815884714,False,,False
V_4196720626,U_0526,2026-02-28,5912.158712548319,False,,False
V_1576963725,U_0536,2026-02-28,5269.596867505518,False,,False
V_755976103,U_0548,2026-02-28,8627.888244180229,False,,False
V_3367284377,U_0582,2026-02-28,6483.658358018927,False,,False
V_9c6649d4,U_0614,2026-02-28,11081.170929302285,True,G_e41456,True
V_f0d39b3e,U_0567,2026-02-28,9423.070779528447,True,G_e41456,False
V_63318b91,U_0457,2026-02-28,9589.719130166979,True,G_e41456,False
V_2b429410,U_0816,2026-02-28,7602.376116799621,True,G_e41456,False
V_dd5a4582,U_0015,2026-02-28,8640.221390890683,True,G_e41456,False
V_dcb0e742,U_0885,2026-02-28,9737.162261117923,True,G_e41456,False
V_706622465,U_0625,2026-02-28,4192.962467812156,False,,False
V_1224395831,U_0657,2026-02-28,11109.478826228147,False,,False
V_1f270738,U_0681,2026-02-28,9169.632082901951,True,G_29b927,True
V_0d1bebff,U_0125,2026-02-28,5816.704997127223,True,G_29b927,False
V_be4963cf,U_0770,2026-02-28,9111.143437999557,True,G_29b927,False
V_e526d3ec,U_0833,2026-02-28,3684.8367249604553,True,G_29b927,False
V_63dff44d,U_0735,2026-02-28,5579.109369515199,True,G_29b927,False
V_3208233740,U_0683,2026-02-28,5052.237982997463,False,,False
V_2318309683,U_0723,2026-02-28,5970.120790995907,False,,False
V_2779196907,U_0727,2026-02-28,10234.538372947949,False,,False
V_f8d8b4a2,U_0732,2026-02-28,6250.063183109939,True,G_ffe1c1,True
V_2533c96d,U_0214,2026-02-28,3370.3118198366024,True,G_ffe1c1,False
V_958412a2,U_0529,2026-02-28,5843.43482548699,True,G_ffe1c1,False
V_96a9e2ff,U_0209,2026-02-28,4217.8397633923205,True,G_ffe1c1,False
V_1115595669,U_0736,2026-02-28,3517.1396674903913,False,,False
V_3393414284,U_0738,2026-02-28,6940.72252037112,False,,False
V_c263651b,U_0782,2026-02-28,4633.479968488,True,G_8070f3,True
V_9305ed62,U_0790,2026-02-28,5835.883837529245,True,G_8070f3,False
V_2538217355,U_0809,2026-02-28,5246.89910340612,False,,False
V_1413602878,U_0836,2026-02-28,2745.068187501869,False,,False
V_1a14ffe6,U_0864,2026-02-28,3757.618649932939,True,G_ba17a8,True
V_361ff071,U_0780,2026-02-28,2085.919194313264,True,G_ba17a8,False
V_20c33c82,U_0352,2026-02-28,2783.3402463210687,True,G_ba17a8,False
V_1475628675,U_0866,2026-02-28,12224.968974083553,False,,False
V_3161092964,U_0988,2026-02-28,4297.975703622866,False,,False
V_f5a26689,U_0001,2026-02-28,5764.251998809697,True,G_cd432a,True
V_49c2f804,U_0879,2026-02-28,1850.646997668585,True,G_cd432a,False
V_d7f1decc,U_0302,2026-02-28,2451.369011896226,True,G_cd432a,False
V_07792a47,U_0043,2026-02-28,4020.1969785809174,True,G_cd432a,False
V_8e84e46c,U_0518,2026-02-28,8949.943064029898,True,G_cd432a,False
V_c4587018,U_0020,2026-02-28,3376.750047184058,True,G_5dfefb,True
V_decc34fc,U_0135,2026-02-28,4526.60700962137,True,G_5dfefb,False
V_04c593ff,U_0804,2026-02-28,4374.629485438239,True,G_5dfefb,False
V_245d73ed,U_0039,2026-02-28,2799.801253874722,True,G_67b6c8,True
V_a5834c62,U_0456,2026-02-28,9546.692883939493,True,G_67b6c8,False
V_6e89d4fc,U_0052,2026-02-28,2077.03713357058,True,G_f5b7a9,True
V_fb8d5e74,U_0505,2026-02-28,2283.077681580241,True,G_f5b7a9,False
V_0ecb03cd,U_0770,2026-02-28,9807.22750907415,True,G_f5b7a9,False
V_d933b15e,U_0833,2026-02-28,3453.159110442003,True,G_f5b7a9,False
V_364d60d0,U_0154,2026-02-28,6521.604021695427,True,G_f5b7a9,False
V_1023008642,U_0099,2026-02-28,3698.939631093243,False,,False
V_2404182566,U_0125,2026-02-28,5589.5349930650145,False,,False
V_977361618,U_0127,2026-02-28,2685.5398333517824,False,,False
V_d49dc9fd,U_0136,2026-02-28,3563.6152363900705,True,G_c2bf72,True
V_7c48660d,U_0486,2026-02-28,6225.191214411292,True,G_c2bf72,False
V_3c352359,U_0362,2026-02-28,1753.0529042356839,True,G_c2bf72,False
V_f19d4eca,U_0258,2026-02-28,3222.257295570447,True,G_c2bf72,False
V_aeac5d39,U_0717,2026-02-28,3463.581897018848,True,G_c2bf72,False
V_e0e2ae95,U_0519,2026-02-28,2107.868536891391,True,G_c2bf72,False
V_15f4a71f,U_0206,2026-02-28,7187.865127915357,True,G_c7800d,True
V_15dba069,U_0882,2026-02-28,3030.7683874741356,True,G_c7800d,False
V_96097281,U_0513,2026-02-28,12230.187757711345,True,G_c7800d,False
V_2b3d4385,U_0478,2026-02-28,3372.6643462060683,True,G_c7800d,False
V_1332404218,U_0211,2026-02-28,12879.499697945173,False,,False
V_537927854,U_0261,2026-02-28,2504.9431355902984,False,,False
V_1723008912,U_0308,2026-02-28,10525.657364087236,False,,False
V_1063656395,U_0316,2026-02-28,9335.876558378915,False,,False
V_be9a1661,U_0414,2026-02-28,3773.812855277157,True,G_874d57,True
V_eab41090,U_0691,2026-02-28,7160.177286252064,True,G_874d57,False
V_9621ca6b,U_0591,2026-02-28,6422.034692029623,True,G_874d57,False
V_3ba63f55,U_0452,2026-02-28,3293.7117947736733,True,G_874d57,False
V_2ed2dd2f,U_0452,2026-02-28,3041.8146091929416,True,G_6dea85,True
V_7e9c9616,U_0560,2026-02-28,8535.519159953828,True,G_6dea85,False
V_2478741417,U_0492,2026-02-28,9546.68577274757,False,,False
V_135ef010,U_0522,2026-02-28,6004.801292716985,True,G_3b8766,True
V_f6ea19df,U_0331,2026-02-28,4533.09073099841,True,G_3b8766,False
V_52399c25,U_0532,2026-02-28,7044.863901632833,True,G_1801f6,True
V_fffc48a0,U_0689,2026-02-28,6704.4232355854365,True,G_1801f6,False
V_00ff8134,U_0232,2026-02-28,5049.757638727804,True,G_1801f6,False
V_0f7f2fa5,U_0508,2026-02-28,6530.229445078525,True,G_1801f6,False
V_7e9557ab,U_0237,2026-02-28,9530.256143134404,True,G_1801f6,False
V_cae966af,U_0822,2026-02-28,3505.271753447983,True,G_1801f6,False
V_1482003010,U_0579,2026-02-28,6777.172457997074,False,,False
V_d2b9d3bd,U_0620,2026-02-28,2979.693030645115,True,G_d036b4,True
V_f59db438,U_0437,2026-02-28,3168.026586316713,True,G_d036b4,False
V_4db31a59,U_0402,2026-02-28,3772.458551371096,True,G_d036b4,False
V_b2ceb43f,U_0978,2026-02-28,2316.2407539089936,True,G_d036b4,False
V_3095016430,U_0624,2026-02-28,3420.093316729975,False,,False
V_0e58861f,U_0626,2026-02-28,3289.6967596766594,True,G_585955,True
V_1d21cba8,U_0723,2026-02-28,5568.025863895282,True,G_585955,False
V_1bbe6247,U_0312,2026-02-28,4659.226082557354,True,G_585955,False
V_a74de5dd,U_0627,2026-02-28,6329.682810347996,True,G_585955,False
V_2171985421,U_0705,2026-02-28,4510.824448104377,False,,False
V_3476892913,U_0735,2026-02-28,3479.4735992730484,False,,False
V_975455104,U_0749,2026-02-28,2999.5611615798553,False,,False
V_3225990917,U_0764,2026-02-28,6419.640659215846,False,,False
V_1717669177,U_0767,2026-02-28,3682.464432981761,False,,False
V_1513115457,U_0768,2026-02-28,2589.6017023538907,False,,False
V_97a62595,U_0770,2026-02-28,8271.956100437292,True,G_022f41,True
V_c81c6f97,U_0916,2026-02-28,6115.447807933348,True,G_022f41,False
V_8f259241,U_0485,2026-02-28,2991.5806294003064,True,G_022f41,False
V_3363520503,U_0778,2026-02-28,5122.037952837217,False,,False
V_1476114343,U_0783,2026-02-28,5117.307544847935,False,,False
V_13f4ccba,U_0792,2026-02-28,3210.8501490709905,True,G_ecc01c,True
V_a46d83f4,U_0721,2026-02-28,5960.255408648425,True,G_ecc01c,False
V_55381c0f,U_0420,2026-02-28,2425.098803873356,True,G_ecc01c,False
V_2971970516,U_0802,2026-02-28,10231.550295271234,False,,False
V_1481154111,U_0824,2026-02-28,6041.911817888097,False,,False
V_46277d18,U_0826,2026-02-28,7987.972485878774,True,G_8f3bcf,True
V_46868080,U_0073,2026-02-28,6181.706230756167,True,G_8f3bcf,False
V_34d68067,U_0879,2026-02-28,2609.1837012527094,True,G_9b5df0,True
V_302bddc9,U_0124,2026-02-28,2739.545880662256,True,G_9b5df0,False
V_1494388582,U_0897,2026-02-28,4119.782965851277,False,,False
V_3229459880,U_0933,2026-02-28,4305.956251768416,False,,False
V_1168518044,U_0938,2026-02-28,3391.4657766035602,False,,False
V_3880045720,U_0959,2026-02-28,8017.17454834709,False,,False
V_4009990835,U_0023,2026-03-01,3641.27072930484,False,,False
V_a01c83e2,U_0033,2026-03-01,3380.0492196129485,True,G_5ebe92,True
V_25fc73ab,U_0336,2026-03-01,5484.078582866384,True,G_5ebe92,False
V_f28d3ece,U_0341,2026-03-01,7000.789925471758,True,G_5ebe92,False
V_600e76f7,U_0886,2026-03-01,2226.848962158299,True,G_5ebe92,False
V_f63b88cb,U_0385,2026-03-01,5625.114334766832,True,G_5ebe92,False
V_2193776747,U_0060,2026-03-01,3310.504599101411,False,,False
V_142739933,U_0082,2026-03-01,6789.749530202416,False,,False
V_63c5064b,U_0088,2026-03-01,9730.877911473008,True,G_c56b9b,True
V_01c126d6,U_0514,2026-03-01,2777.9468213777036,True,G_c56b9b,False
V_76bc1b88,U_0345,2026-03-01,9552.622525191231,True,G_c56b9b,False
V_39c1ad9f,U_0879,2026-03-01,2408.2832737696212,True,G_c56b9b,False
V_d219a7ff,U_0089,2026-03-01,7786.336699097036,True,G_4ae1b9,True
V_40ece019,U_0802,2026-03-01,8275.533306293284,True,G_4ae1b9,False
V_070dd26e,U_0869,2026-03-01,3799.4538217808827,True,G_4ae1b9,False
V_b06952d7,U_0090,2026-03-01,5119.160144587489,True,G_44affd,True
V_1abe99e7,U_0938,2026-03-01,4243.969545480995,True,G_44affd,False
V_d648cad5,U_0912,2026-03-01,4603.259077489549,True,G_44affd,False
V_9d4bf300,U_0148,2026-03-01,2661.166171789978,True,G_44affd,False
V_bee52329,U_0225,2026-03-01,10908.94159954766,True,G_44affd,False
V_05966e8c,U_0087,2026-03-01,7542.7589957780565,True,G_44affd,False
V_e09fec0d,U_0127,2026-03-01,2574.683063640196,True,G_2c085c,True
V_f9bb4010,U_0216,2026-03-01,2620.165424141865,True,G_2c085c,False
V_6efc8969,U_0382,2026-03-01,2352.1046245183884,True,G_2c085c,False
V_257a9370,U_0078,2026-03-01,3054.535024347282,True,G_2c085c,False
V_1085161731,U_0130,2026-03-01,8006.478316751756,False,,False
V_374439983,U_0176,2026-03-01,3804.2165373833377,False,,False
V_1971271906,U_0178,2026-03-01,10732.983949621255,False,,False
V_941062214,U_0194,2026-03-01,9380.881009282573,False,,False
V_2150521114,U_0195,2026-03-01,5838.170201594431,False,,False
V_5ae19009,U_0258,2026-03-01,3861.8065996259215,True,G_a58927,True
V_0f009864,U_0273,2026-03-01,4513.701903413366,True,G_a58927,False
V_de48dbff,U_0532,2026-03-01,5589.78099859671,True,G_a58927,False
V_6ef0d23b,U_0738,2026-03-01,6896.303521167381,True,G_a58927,False
V_389c0912,U_0723,2026-03-01,5986.934869530758,True,G_a58927,False
V_3900489759,U_0267,2026-03-01,2473.8282372650297,False,,False
V_3139704269,U_0268,2026-03-01,5252.831127783775,False,,False
V_05355002,U_0277,2026-03-01,5317.145598269742,True,G_52afcc,True
V_419c8b41,U_0668,2026-03-01,5040.317437540679,True,G_52afcc,False
V_ac8d1fd6,U_0659,2026-03-01,3740.3881253777004,True,G_52afcc,False
V_13fbb2ef,U_0791,2026-03-01,2887.132265880158,True,G_52afcc,False
V_1a4d3d84,U_0532,2026-03-01,7075.563641267459,True,G_52afcc,False
V_c35c6005,U_0356,2026-03-01,3646.1303289480597,True,G_52afcc,False
V_4abf045f,U_0286,2026-03-01,3536.3095445388976,True,G_a43d31,True
V_ad945e6a,U_0558,2026-03-01,2486.597352770567,True,G_a43d31,False
V_281aed63,U_0304,2026-03-01,4269.831508569302,True,G_7347b2,True
V_94344b44,U_0481,2026-03-01,4197.50734194138,True,G_7347b2,False
V_d54a498b,U_0305,2026-03-01,6890.427476890193,True,G_7c74df,True
V_df93c934,U_0166,2026-03-01,6499.255708273379,True,G_7c74df,False
V_bb4f315a,U_0431,2026-03-01,6414.8552061876135,True,G_7c74df,False
V_790decd3,U_0177,2026-03-01,2911.2894416707586,True,G_7c74df,False
V_0becac07,U_0363,2026-03-01,2565.059870001614,True,G_196ccf,True
V_ea8fb2c0,U_0796,2026-03-01,2678.5794563178806,True,G_196ccf,False
V_fec7123c,U_0375,2026-03-01,3929.092982000993,True,G_196ccf,False
V_794f6222,U_0696,2026-03-01,6121.54265503938,True,G_196ccf,False
V_1af351e1,U_0366,2026-03-01,3312.497227466634,True,G_196ccf,False
V_8a97dac7,U_0462,2026-03-01,2351.596415339679,True,G_196ccf,False
V_911295566,U_0370,2026-03-01,1920.7312512160445,False,,False
V_2165214718,U_0429,2026-03-01,12415.882197065454,False,,False
V_0a256a4a,U_0431,2026-03-01,4577.014093706188,True,G_636bc2,True
V_f2150f88,U_0980,2026-03-01,3014.40934437043,True,G_636bc2,False
V_cdea6ccb,U_0135,2026-03-01,4602.629859473329,True,G_636bc2,False
V_2553914083,U_0448,2026-03-01,3658.947976799531,False,,False
V_2708901786,U_0548,2026-03-01,9645.436395941695,False,,False
V_99477b6d,U_0572,2026-03-01,6783.169147405378,True,G_cea910,True
V_89e6beb8,U_0421,2026-03-01,7328.883285367823,True,G_cea910,False
V_a2398993,U_0438,2026-03-01,2756.1128195140714,True,G_cea910,False
V_0940b195,U_0281,2026-03-01,6358.4130340347565,True,G_cea910,False
V_86716fdd,U_0054,2026-03-01,2295.2083347858143,True,G_cea910,False
V_eb7515f1,U_0618,2026-03-01,3840.8709878918166,True,G_cea910,False
V_1671485760,U_0580,2026-03-01,4915.544099992657,False,,False
V_ff30e55a,U_0595,2026-03-01,6807.238244489362,True,G_618287,True
V_5b67ea58,U_0216,2026-03-01,2387.577778073221,True,G_618287,False
V_6b88d52c,U_0947,2026-03-01,7051.35222178761,True,G_618287,False
V_6ddd3109,U_0300,2026-03-01,5479.349662194114,True,G_618287,False
V_7a92f27a,U_0793,2026-03-01,5242.169466624383,True,G_618287,False
V_914510820,U_0624,2026-03-01,6107.735644429852,False,,False
V_2970099650,U_0655,2026-03-01,6461.292336106576,False,,False
V_702134192,U_0674,2026-03-01,3275.593675257119,False,,False
V_49221289,U_0689,2026-03-01,7172.08760145794,False,,False
V_2296940927,U_0691,2026-03-01,7020.568811815657,False,,False
V_3691775369,U_0701,2026-03-01,6120.0502575604305,False,,False
V_ec161a19,U_0706,2026-03-01,3342.3196063454775,True,G_2934d7,True
V_1b847f17,U_0709,2026-03-01,4184.098463647759,True,G_2934d7,False
V_ded14314,U_0394,2026-03-01,3775.8653489779736,True,G_2934d7,False
V_ba2bd4b1,U_0693,2026-03-01,6778.592277551574,True,G_2934d7,False
V_d9c76a12,U_0635,2026-03-01,2758.928371355153,True,G_2934d7,False
V_3233651954,U_0718,2026-03-01,9238.605680080305,False,,False
V_264e8ce1,U_0750,2026-03-01,6177.364418938084,True,G_66b2f7,True
V_48e42b4e,U_0475,2026-03-01,3659.2553700678877,True,G_66b2f7,False
V_1982815047,U_0791,2026-03-01,3378.162152998183,False,,False
V_b05db667,U_0817,2026-03-01,3498.2860291615066,True,G_7ddcc0,True
V_772f6013,U_0526,2026-03-01,4934.117426280724,True,G_7ddcc0,False
V_e4d1fbec,U_0714,2026-03-01,5213.876910372506,True,G_7ddcc0,False
V_fe1d9156,U_0425,2026-03-01,4801.159041166606,True,G_7ddcc0,False
V_958b0d12,U_0851,2026-03-01,6990.291666395282,True,G_bdd617,True
V_183cd2f1,U_0813,2026-03-01,7393.812631287344,True,G_bdd617,False
V_2c235825,U_0218,2026-03-01,3058.778838284993,True,G_bdd617,False
V_906c23b1,U_0655,2026-03-01,5558.025263375279,True,G_bdd617,False
V_82b57a6d,U_0088,2026-03-01,12153.622199700092,True,G_bdd617,False
V_3535130653,U_0974,2026-03-01,13768.60938381137,False,,False
V_2766c304,U_0005,2026-03-01,4106.03350658695,True,G_5395de,True
V_6faf9ac3,U_0881,2026-03-01,4046.752578832991,True,G_5395de,False
V_13339297,U_0421,2026-03-01,7058.921303230575,True,G_5395de,False
V_f794cb0c,U_0348,2026-03-01,3438.9083173776016,True,G_5395de,False
V_5d9aff5e,U_0787,2026-03-01,7680.437491290156,True,G_5395de,False
V_b93bbe98,U_0998,2026-03-01,2219.7516955390265,True,G_5395de,False
V_097222c7,U_0040,2026-03-01,2912.1792367189346,True,G_f2f9dc,True
V_0d33e844,U_0927,2026-03-01,3401.3669435957954,True,G_f2f9dc,False
V_294386d7,U_0389,2026-03-01,3000.9516709850686,True,G_f2f9dc,False
V_3b776645,U_0752,2026-03-01,7981.370755538231,True,G_f2f9dc,False
V_dc0c2c52,U_0991,2026-03-01,1985.1814387319139,True,G_f2f9dc,False
V_af036a51,U_0562,2026-03-01,2771.7898707115232,True,G_f2f9dc,False
V_709800223,U_0061,2026-03-01,7335.5589174841025,False,,False
V_144209193,U_0101,2026-03-01,5098.160956664231,False,,False
V_5bd728b1,U_0161,2026-03-01,5247.612870738061,True,G_591a18,True
V_6f7bea86,U_0974,2026-03-01,11681.056983029372,True,G_591a18,False
V_f67f377d,U_0937,2026-03-01,10122.143829068278,True,G_591a18,False
V_0f03b428,U_0197,2026-03-01,4418.893944269628,True,G_e0bd59,True
V_1f0b347b,U_0042,2026-03-01,3892.658825223692,True,G_e0bd59,False
V_ab4b0197,U_0448,2026-03-01,2918.2025190868985,True,G_e0bd59,False
V_c5aaf819,U_0329,2026-03-01,2186.52867833159,True,G_e0bd59,False
V_6bd336ab,U_0254,2026-03-01,2218.5832600020344,True,G_e0bd59,False
V_178aefe5,U_0988,2026-03-01,3108.7428309159186,True,G_e0bd59,False
V_2266747052,U_0287,2026-03-01,4269.24341549027,False,,False
V_3329199874,U_0302,2026-03-01,5504.003021783177,False,,False
V_072b2a6c,U_0326,2026-03-01,5326.751303828165,True,G_2c2342,True
V_de44426e,U_0945,2026-03-01,4436.3428181162035,True,G_2c2342,False
V_1a60b052,U_0090,2026-03-01,5119.701973737818,True,G_2c2342,False
V_66339d2d,U_0310,2026-03-01,2296.5685194093403,True,G_2c2342,False
V_4cf4694c,U_0948,2026-03-01,7264.78548632085,True,G_2c2342,False
V_98b07a14,U_0822,2026-03-01,3100.16854069617,True,G_2c2342,False
V_4070134743,U_0327,2026-03-01,3773.4011082651346,False,,False
V_3428964871,U_0374,2026-03-01,4096.629438365462,False,,False
V_f1e0b5f8,U_0417,2026-03-01,3268.07419175029,True,G_8fb548,True
V_e82cd4e7,U_0260,2026-03-01,5654.746238131825,True,G_8fb548,False
V_fd08bae7,U_0817,2026-03-01,3742.9035001231878,True,G_8fb548,False
V_1174195080,U_0441,2026-03-01,7635.131608640956,False,,False
V_64393929,U_0447,2026-03-01,2048.781817989381,False,,False
V_2806619718,U_0459,2026-03-01,7588.358127654908,False,,False
V_3295921372,U_0486,2026-03-01,3801.767018899484,False,,False
V_2029562320,U_0504,2026-03-01,5004.490417338369,False,,False
V_3693446009,U_0545,2026-03-01,4641.320120895579,False,,False
V_75166409,U_0553,2026-03-01,3924.334317179178,True,G_bd1058,True
V_59128912,U_0478,2026-03-01,3443.649718696943,True,G_bd1058,False
V_d79cf44b,U_0885,2026-03-01,8976.89935932654,True,G_bd1058,False
V_3138990810,U_0590,2026-03-01,6839.913356242112,False,,False
V_694ff89e,U_0636,2026-03-01,9978.42094051064,True,G_227121,True
V_a103ae28,U_0057,2026-03-01,2069.170254127899,True,G_227121,False
V_c67ec851,U_0484,2026-03-01,10163.073483869182,True,G_227121,False
V_613231f3,U_0657,2026-03-01,12166.873287723929,True,G_4247b5,True
V_9516f367,U_0144,2026-03-01,2569.8115535515963,True,G_4247b5,False
V_2872723f,U_0180,2026-03-01,3901.554571947739,True,G_4247b5,False
V_c2149336,U_0339,2026-03-01,4190.172072338856,True,G_4247b5,False
V_3563121016,U_0664,2026-03-01,6260.80136785296,False,,False
V_7abcec6c,U_0672,2026-03-01,4376.659334206325,True,G_7a6173,True
V_7321c10a,U_0044,2026-03-01,3243.469413211742,True,G_7a6173,False
V_7ce06a89,U_0794,2026-03-01,8842.83575321421,True,G_7a6173,False
V_85959711,U_0565,2026-03-01,9218.480109810884,True,G_7a6173,False
V_f454115a,U_0673,2026-03-01,2686.391053223838,True,G_7a6173,False
V_556490154,U_0675,2026-03-01,3937.9882434782535,False,,False
V_24d3a203,U_0684,2026-03-01,2590.7072589634263,True,G_84a8fb,True
V_5b152610,U_0180,2026-03-01,3645.4718473613457,True,G_84a8fb,False
V_15c7d989,U_0359,2026-03-01,3022.620301349507,True,G_84a8fb,False
V_dcefc798,U_0299,2026-03-01,5816.913549156169,True,G_84a8fb,False
V_54392e8c,U_0108,2026-03-01,3433.615397170737,True,G_84a8fb,False
V_841ada59,U_0692,2026-03-01,6005.653130454843,True,G_95c687,True
V_699bb424,U_0745,2026-03-01,3678.2892327021978,True,G_95c687,False
V_097a9874,U_0800,2026-03-01,5177.772089888037,True,G_95c687,False
V_7a71cecf,U_0951,2026-03-01,8740.782928680797,True,G_95c687,False
V_383d7c00,U_0451,2026-03-01,6401.771024537834,True,G_95c687,False
V_3182177182,U_0717,2026-03-01,4378.258277189351,False,,False
V_5edc131b,U_0811,2026-03-01,5732.882355754523,True,G_6027ab,True
V_bb3b12f9,U_0954,2026-03-01,4418.276048551513,True,G_6027ab,False
V_6d4767dd,U_0913,2026-03-01,8060.115078547269,True,G_6027ab,False
V_610b1afd,U_0283,2026-03-01,3226.629636572637,True,G_6027ab,False
V_31da1fb7,U_0417,2026-03-01,2719.7611927622875,True,G_6027ab,False
V_a32804e1,U_0002,2026-03-01,2425.3898997863635,True,G_6027ab,False
V_1735678416,U_0832,2026-03-01,4575.294495659653,False,,False
V_1829592346,U_0841,2026-03-01,4064.0628109835657,False,,False
V_1452994502,U_0856,2026-03-01,4032.173611946597,False,,False
V_4273151441,U_0857,2026-03-01,9619.136193760623,False,,False
V_b1bbdf22,U_0955,2026-03-01,9235.106756422698,True,G_7c5406,True
V_1616abe8,U_0769,2026-03-01,3508.3103084202207,True,G_7c5406,False
V_6dbc0360,U_0322,2026-03-01,2263.058368482461,True,G_7c5406,False
V_0820813f,U_0939,2026-03-01,3916.831242130387,True,G_7c5406,False
V_00cdbf9c,U_0031,2026-03-01,2141.580206718411,True,G_7c5406,False
V_a2c2b10a,U_0806,2026-03-01,3203.436775775563,True,G_7c5406,False
V_1673477211,U_0982,2026-03-01,11124.20475150413,False,,False
V_59d20d5e,U_0007,2026-03-02,6685.238530205593,True,G_401a33,True
V_a305baf6,U_0739,2026-03-02,2665.8449366124064,True,G_401a33,False
V_9617e6ae,U_0143,2026-03-02,4493.648453118327,True,G_401a33,False
V_1691199737,U_0016,2026-03-02,4071.4316296205516,False,,False
V_1297940762,U_0017,2026-03-02,2762.289989856802,False,,False
V_2367036318,U_0019,2026-03-02,7482.017539136222,False,,False
V_2896804447,U_0031,2026-03-02,2117.5082450283107,False,,False
V_1479672447,U_0048,2026-03-02,3206.8698580030914,False,,False
V_82ac2bd8,U_0080,2026-03-02,7022.055739676197,True,G_4ccaa4,True
V_8582abb0,U_0487,2026-03-02,4783.410955456014,True,G_4ccaa4,False
V_3532897872,U_0083,2026-03-02,6040.936124512319,False,,False
V_547837208,U_0086,2026-03-02,3529.767119613392,False,,False
V_2143969115,U_0128,2026-03-02,6034.526075555554,False,,False
V_404452931,U_0148,2026-03-02,2503.1847798774684,False,,False
V_677811365,U_0178,2026-03-02,9613.23907464007,False,,False
V_1375984638,U_0190,2026-03-02,5827.821955327942,False,,False
V_779421be,U_0279,2026-03-02,3711.3005309808523,True,G_ec341d,True
V_d1bf3173,U_0948,2026-03-02,6914.251640410891,True,G_ec341d,False
V_b83a2c38,U_0209,2026-03-02,5938.917043523262,True,G_ec341d,False
V_1271561818,U_0282,2026-03-02,3829.4592125762956,False,,False
V_17bc4002,U_0303,2026-03-02,10030.957534669042,True,G_0bbe41,True
V_03074843,U_0618,2026-03-02,3591.2048482285795,True,G_0bbe41,False
V_0b9390bd,U_0044,2026-03-02,2650.761063855906,True,G_0bbe41,False
V_42d8b231,U_0445,2026-03-02,11753.871212484604,True,G_0bbe41,False
V_2438024440,U_0319,2026-03-02,2959.065375117557,False,,False
V_1188283226,U_0328,2026-03-02,7731.580401872542,False,,False
V_1723251679,U_0370,2026-03-02,1929.427079522652,False,,False
V_3008163615,U_0425,2026-03-02,4106.4887457718005,False,,False
V_1871146226,U_0432,2026-03-02,3016.386564880053,False,,False
V_1807279337,U_0440,2026-03-02,6754.291220214583,False,,False
V_3784ff15,U_0480,2026-03-02,5484.723661707654,True,G_fa653b,True
V_1b4642c8,U_0553,2026-03-02,3056.3468235145924,True,G_fa653b,False
V_501902fc,U_0336,2026-03-02,5819.15034393363,True,G_fa653b,False
V_9cab5641,U_0451,2026-03-02,7378.141548969762,True,G_fa653b,False
V_7d2814d3,U_0328,2026-03-02,7301.154850700671,True,G_fa653b,False
V_2328880428,U_0498,2026-03-02,2965.4633376067895,False,,False
V_5ca7ab55,U_0502,2026-03-02,6016.550225403811,True,G_9eb765,True
V_75fe115d,U_0054,2026-03-02,2063.9243824161676,True,G_9eb765,False
V_2676e376,U_0773,2026-03-02,4457.115132772374,True,G_9eb765,False
V_df63f81e,U_0421,2026-03-02,6243.954548964841,True,G_9eb765,False
V_eaf4a84f,U_0922,2026-03-02,5246.268139576298,True,G_9eb765,False
V_1338429965,U_0560,2026-03-02,9735.639375021305,False,,False
V_959583948,U_0608,2026-03-02,6933.042688768042,False,,False
V_1790373073,U_0635,2026-03-02,2635.6692176620404,False,,False
V_4206789092,U_0647,2026-03-02,6373.6371639655845,False,,False
V_749c76df,U_0720,2026-03-02,2453.624353103387,True,G_f65705,True
V_4b1287f5,U_0271,2026-03-02,2874.2904242006275,True,G_f65705,False
V_aeec0bc0,U_0838,2026-03-02,4480.977452844631,True,G_f65705,False
V_3205acde,U_0971,2026-03-02,2564.911532961958,True,G_f65705,False
V_68179512,U_0945,2026-03-02,5079.960218609877,True,G_f65705,False
V_abdf4cc8,U_0572,2026-03-02,6447.881730468449,True,G_f65705,False
V_2627544487,U_0807,2026-03-02,5280.255310827344,False,,False
V_60d6f12b,U_0816,2026-03-02,7329.692410763238,True,G_a25300,True
V_f1d91f5d,U_0321,2026-03-02,7014.21574742863,True,G_a25300,False
V_d73c91d7,U_0687,2026-03-02,2777.8869430764803,True,G_a25300,False
V_9f168c25,U_0357,2026-03-02,3197.2787587219227,True,G_a25300,False
V_8afbb7ed,U_0817,2026-03-02,3616.881454683638,True,G_b69724,True
V_1afd0bff,U_0748,2026-03-02,7499.6122939393435,True,G_b69724,False
V_692988572,U_0832,2026-03-02,2679.0129163499228,False,,False
V_e999acce,U_0852,2026-03-02,9877.082568480093,True,G_0c019f,True
V_a8734892,U_0969,2026-03-02,11972.799375454126,True,G_0c019f,False
V_4f353327,U_0740,2026-03-02,3682.8453949474065,True,G_0c019f,False
V_cc86d8b3,U_0704,2026-03-02,7797.9335223409325,True,G_0c019f,False
V_a86d96a8,U_0302,2026-03-02,2406.3892687462626,True,G_0c019f,False
V_ad7e384b,U_0752,2026-03-02,7717.976325736077,True,G_0c019f,False
V_294922223,U_0922,2026-03-02,6188.127894884772,False,,False
V_709354250,U_0955,2026-03-02,8099.918641014137,False,,False
V_2023223741,U_0989,2026-03-02,1806.5017231721663,False,,False
V_1277915950,U_0029,2026-03-02,4416.678580629607,False,,False
V_c29dba5c,U_0032,2026-03-02,5260.9422435737015,True,G_443f18,True
V_77f491d8,U_0178,2026-03-02,7581.108276547277,True,G_443f18,False
V_d400f19c,U_0006,2026-03-02,7489.089200415183,True,G_443f18,False
V_2291eb84,U_0904,2026-03-02,5534.832557066214,True,G_443f18,False
V_e60a0e5a,U_0851,2026-03-02,6901.301616416203,True,G_443f18,False
V_eea11aaa,U_0075,2026-03-02,9947.458978104114,True,G_443f18,False
V_e3d8e8b9,U_0038,2026-03-02,1926.889879390989,True,G_ec005f,True
V_480d0b06,U_0772,2026-03-02,5904.945089004919,True,G_ec005f,False
V_d148ebcb,U_0997,2026-03-02,3677.6607722950066,True,G_ec005f,False
V_3a5e5cc4,U_0874,2026-03-02,5353.679381300534,True,G_ec005f,False
V_48dfb398,U_0062,2026-03-02,5017.311358677095,True,G_911b28,True
V_4f886960,U_0478,2026-03-02,2510.8867299426015,True,G_911b28,False
V_fb0adbdd,U_0816,2026-03-02,8661.400014866238,True,G_911b28,False
V_01491d2f,U_0492,2026-03-02,3036.7394872149243,True,G_911b28,False
V_43c60ffb,U_0120,2026-03-02,2437.846364663669,True,G_911b28,False
V_4c1ea3c9,U_0088,2026-03-02,10823.194699100774,True,G_911b28,False
V_181719576,U_0074,2026-03-02,7008.679048894216,False,,False
V_2684665520,U_0104,2026-03-02,2527.4304198189957,False,,False
V_17d026f6,U_0108,2026-03-02,2666.1704965977924,True,G_d697ce,True
V_d9b714ea,U_0007,2026-03-02,5404.081826390123,True,G_d697ce,False
V_a2a8b7d2,U_0240,2026-03-02,5408.483459527303,True,G_d697ce,False
V_439020f7,U_0609,2026-03-02,4154.490621382283,True,G_d697ce,False
V_17cfc7cd,U_0130,2026-03-02,10595.521978628843,True,G_eb68c5,True
V_08af8791,U_0468,2026-03-02,1648.1968037155627,True,G_eb68c5,False
V_1ba8f749,U_0581,2026-03-02,8155.76492842134,True,G_eb68c5,False
V_5fed1324,U_0161,2026-03-02,7824.897318346521,True,G_6b6b9b,True
V_5fbe23f8,U_0484,2026-03-02,12318.306922147076,True,G_6b6b9b,False
V_85334cea,U_0802,2026-03-02,11291.375886005057,True,G_6b6b9b,False
V_408817b1,U_0951,2026-03-02,10598.341168207184,True,G_6b6b9b,False
V_16bc4576,U_0962,2026-03-02,2715.7800901755163,True,G_6b6b9b,False
V_d3bfcc92,U_0046,2026-03-02,3069.1314301424495,True,G_6b6b9b,False
V_9f3c8fcd,U_0162,2026-03-02,2210.74770604967,True,G_58afc3,True
V_faa79546,U_0510,2026-03-02,3442.1574948070656,True,G_58afc3,False
V_9bd5ace0,U_0688,2026-03-02,8175.557358187554,True,G_58afc3,False
V_a1610edd,U_0469,2026-03-02,3616.587856908598,True,G_58afc3,False
V_c9a0d0ef,U_0310,2026-03-02,2727.6926580094814,True,G_750877,True
V_f9e42118,U_0908,2026-03-02,4875.725053691423,True,G_750877,False
V_7790cd3d,U_0477,2026-03-02,2543.556865513049,True,G_750877,False
V_1be618ed,U_0793,2026-03-02,3581.7142970612117,True,G_750877,False
V_f76d198b,U_0596,2026-03-02,3178.012487095075,True,G_750877,False
V_ede6a2ef,U_0174,2026-03-02,4416.7669472884345,True,G_750877,False
V_1457862766,U_0341,2026-03-02,2851.685743040396,False,,False
V_2114919847,U_0350,2026-03-02,7717.870183341194,False,,False
V_440b0a7e,U_0393,2026-03-02,2669.008823333129,True,G_8fb85f,True
V_45701341,U_0979,2026-03-02,3746.0323669336176,True,G_8fb85f,False
V_5740c087,U_0256,2026-03-02,1687.0711402327756,True,G_8fb85f,False
V_52fe6a9d,U_0158,2026-03-02,2533.1312892683113,True,G_8fb85f,False
V_61219436,U_0083,2026-03-02,7074.58962829219,True,G_8fb85f,False
V_21eaa342,U_0020,2026-03-02,3701.7497447239657,True,G_8fb85f,False
V_2243738515,U_0473,2026-03-02,2089.504510283265,False,,False
V_469592993,U_0515,2026-03-02,8378.000306036833,False,,False
V_3440139795,U_0518,2026-03-02,2145.6347894513597,False,,False
V_751733677,U_0522,2026-03-02,6278.256268842414,False,,False
V_e9332db3,U_0593,2026-03-02,2866.6284194603604,True,G_2c2029,True
V_b01efa48,U_0750,2026-03-02,5147.124988484382,True,G_2c2029,False
V_5a43b924,U_0066,2026-03-02,5090.984487420017,True,G_2c2029,False
V_54f8d7a0,U_0598,2026-03-02,3413.3733829588764,True,G_2d8708,True
V_9f468b66,U_0792,2026-03-02,3666.1275290945,True,G_2d8708,False
V_f43faa17,U_0827,2026-03-02,6734.940468159534,True,G_2d8708,False
V_5664c0e4,U_0112,2026-03-02,6404.898403505819,True,G_2d8708,False
V_5c5d4ac8,U_0258,2026-03-02,3292.4613133589446,True,G_2d8708,False
V_5b17f3cb,U_0049,2026-03-02,3927.591812997241,True,G_2d8708,False
V_1462857759,U_0615,2026-03-02,3028.836298660388,False,,False
V_2888973232,U_0654,2026-03-02,7274.522476989769,False,,False
V_29a1f715,U_0658,2026-03-02,3155.6770930567786,True,G_9289bc,True
V_5594a4bc,U_0135,2026-03-02,4044.561618176226,True,G_9289bc,False
V_56b823c5,U_0607,2026-03-02,5302.761562142053,True,G_9289bc,False
V_ebb01210,U_0689,2026-03-02,5582.7510670868105,True,G_9289bc,False
V_7caab8ff,U_0012,2026-03-02,4432.590251512568,True,G_9289bc,False
V_1024601215,U_0676,2026-03-02,6298.612969019935,False,,False
V_cbf7f254,U_0683,2026-03-02,4431.180646948735,True,G_184e25,True
V_301bb7cf,U_0398,2026-03-02,2569.4794333541504,True,G_184e25,False
V_309003432,U_0704,2026-03-02,4805.347472539407,False,,False
V_2159251060,U_0729,2026-03-02,3937.9738723463643,False,,False
V_e48d1ab1,U_0744,2026-03-02,2772.4650859393323,True,G_ce1f1c,True
V_c8bba48a,U_0052,2026-03-02,2030.028823624538,True,G_ce1f1c,False
V_70877318,U_0754,2026-03-02,6008.715100571331,False,,False
V_775370405,U_0761,2026-03-02,12832.102676325514,False,,False
V_735010207,U_0798,2026-03-02,5449.296334075859,False,,False
V_52818964,U_0864,2026-03-02,4669.1696588298255,True,G_0992cc,True
V_5b6397ea,U_0362,2026-03-02,2480.962478371242,True,G_0992cc,False
V_4a3ebc2e,U_0997,2026-03-02,4428.442694605263,True,G_0992cc,False
V_53d75cbd,U_0049,2026-03-02,3915.927976330458,True,G_0992cc,False
V_3aa9c8e6,U_0727,2026-03-02,11438.025855582007,True,G_0992cc,False
V_2324211662,U_0870,2026-03-02,6119.121251165154,False,,False
V_1386838837,U_0906,2026-03-02,4219.518039138552,False,,False
V_1666927086,U_0943,2026-03-02,6042.513354300408,False,,False
V_999407912,U_0975,2026-03-02,7804.172469659874,False,,False
V_2dd66bde,U_0017,2026-03-03,2259.3400967951,True,G_98337d,True
V_6d9d15e9,U_0748,2026-03-03,7530.436443785362,True,G_98337d,False
V_112f1d6c,U_0557,2026-03-03,1958.5183178041925,True,G_98337d,False
V_3069529931,U_0035,2026-03-03,3020.5680071545476,False,,False
V_1446433310,U_0038,2026-03-03,2514.0658375555445,False,,False
V_a601db2f,U_0093,2026-03-03,5204.937391325022,True,G_f2d612,True
V_c6cdd27e,U_0141,2026-03-03,4490.312937729,True,G_f2d612,False
V_61735b34,U_0440,2026-03-03,5214.279360454169,True,G_f2d612,False
V_403378187,U_0149,2026-03-03,3394.1450263601096,False,,False
V_1740320684,U_0181,2026-03-03,11835.59048379613,False,,False
V_324887236,U_0209,2026-03-03,5673.648007093582,False,,False
V_2666891865,U_0267,2026-03-03,3350.0469776846217,False,,False
V_189172721,U_0282,2026-03-03,2968.1081426974606,False,,False
V_469079583,U_0304,2026-03-03,4688.212096693905,False,,False
V_3795993964,U_0343,2026-03-03,1933.5236483783829,False,,False
V_fcbc91f3,U_0376,2026-03-03,4336.004847309615,True,G_bb36de,True
V_43c85a07,U_0384,2026-03-03,3314.8204454915217,True,G_bb36de,False
V_b8e2f063,U_0834,2026-03-03,4068.2663903142247,True,G_bb36de,False
V_db05ae09,U_0018,2026-03-03,5420.061620824718,True,G_bb36de,False
V_2359154007,U_0391,2026-03-03,8741.320317400025,False,,False
V_1529749860,U_0400,2026-03-03,9476.193672533733,False,,False
V_3490b198,U_0406,2026-03-03,3430.6731392476004,True,G_50110a,True
V_7c988c2a,U_0476,2026-03-03,2152.5623426221364,True,G_50110a,False
V_f54e70e5,U_0497,2026-03-03,1781.4481739462362,True,G_50110a,False
V_47a4554a,U_0602,2026-03-03,2421.8629264895644,True,G_50110a,False
V_2261175732,U_0457,2026-03-03,7979.244405903623,False,,False
V_628f724f,U_0460,2026-03-03,2803.226735848023,True,G_f6f19c,True
V_04c358f3,U_0855,2026-03-03,2494.104840019808,True,G_f6f19c,False
V_bc9a6601,U_0140,2026-03-03,2802.1571649468374,True,G_f6f19c,False
V_f166ec3e,U_0447,2026-03-03,3264.9400667973828,True,G_f6f19c,False
V_7080eefa,U_0579,2026-03-03,2401.2119819037193,True,G_f6f19c,False
V_72efd7ff,U_0464,2026-03-03,5406.153815160542,True,G_ae7ac0,True
V_52e00a11,U_0161,2026-03-03,5678.77644521945,True,G_ae7ac0,False
V_74fbeeea,U_0499,2026-03-03,2246.3458009184887,True,G_c94ce9,True
V_09b51342,U_0620,2026-03-03,2519.340333685553,True,G_c94ce9,False
V_dd7d9bfd,U_0917,2026-03-03,7366.019798993439,True,G_c94ce9,False
V_1558612842,U_0518,2026-03-03,8940.868323303926,False,,False
V_d80209db,U_0529,2026-03-03,4309.632298066418,True,G_1f8aad,True
V_2011daf0,U_0131,2026-03-03,6228.510611923257,True,G_1f8aad,False
V_af2f3a62,U_0475,2026-03-03,4276.86453014367,True,G_1f8aad,False
V_0fb7c49d,U_0595,2026-03-03,5392.356426722807,True,G_1f8aad,False
V_3634719573,U_0552,2026-03-03,4013.460810310522,False,,False
V_04a9fc31,U_0555,2026-03-03,2602.2889482773257,True,G_b54a5f,True
V_169e3e96,U_0663,2026-03-03,2579.6352567535146,True,G_b54a5f,False
V_380a33f8,U_0544,2026-03-03,3192.283506117413,True,G_b54a5f,False
V_2cae3c23,U_0591,2026-03-03,8383.015699603977,True,G_b54a5f,False
V_c846b09a,U_0767,2026-03-03,7917.246486671731,True,G_b54a5f,False
V_9718bfe7,U_0283,2026-03-03,3528.062361807151,True,G_b54a5f,False
V_1723535922,U_0557,2026-03-03,1997.32563740543,False,,False
V_5276f8ba,U_0581,2026-03-03,9466.71486430596,True,G_cc3579,True
V_0a3cd335,U_0456,2026-03-03,9299.361659118009,True,G_cc3579,False
V_bda152a3,U_0457,2026-03-03,7171.231626532592,True,G_cc3579,False
V_1b410e3c,U_0458,2026-03-03,9266.453565088994,True,G_cc3579,False
V_1462334979,U_0582,2026-03-03,6837.2535777278335,False,,False
V_dc52b5c4,U_0594,2026-03-03,5207.9962415188,True,G_5bfe67,True
V_07e03b45,U_0172,2026-03-03,3483.8767376696196,True,G_5bfe67,False
V_64c44176,U_0169,2026-03-03,3762.173714753323,True,G_5bfe67,False
V_e01c9594,U_0210,2026-03-03,3058.893163822983,True,G_5bfe67,False
V_7b619171,U_0679,2026-03-03,2843.244501545364,True,G_5bfe67,False
V_6f707355,U_0654,2026-03-03,3162.674983744699,True,G_670f8a,True
V_b23ca967,U_0033,2026-03-03,3780.92498753319,True,G_670f8a,False
V_90da07a5,U_0608,2026-03-03,7455.243647320133,True,G_670f8a,False
V_4fcfdd69,U_0613,2026-03-03,7169.780059066323,True,G_670f8a,False
V_34499495,U_0010,2026-03-03,4238.969658665949,True,G_670f8a,False
V_f46c6ca3,U_0401,2026-03-03,5973.3513668569885,True,G_670f8a,False
V_5ff63a5c,U_0744,2026-03-03,2480.8793953622476,True,G_060800,True
V_964b8a93,U_0686,2026-03-03,3382.9288005642206,True,G_060800,False
V_69444fb3,U_0489,2026-03-03,2706.2745267465057,True,G_060800,False
V_645c4a09,U_0272,2026-03-03,3312.8165347369604,True,G_060800,False
V_d32edb02,U_0768,2026-03-03,5413.752473478987,True,G_060800,False
V_fb0c810c,U_0587,2026-03-03,2730.5185971659494,True,G_060800,False
V_54f4fa8c,U_0745,2026-03-03,3876.737705109723,True,G_d86538,True
V_8448ec3a,U_0942,2026-03-03,3226.1057426702464,True,G_d86538,False
V_4dbda0c7,U_0587,2026-03-03,2957.7687944236773,True,G_d86538,False
V_4f079b8d,U_0785,2026-03-03,5242.631492998761,True,G_3f1914,True
V_0207b593,U_0661,2026-03-03,5351.524621139003,True,G_3f1914,False
V_2454180075,U_0866,2026-03-03,9557.92363698831,False,,False
V_4205e408,U_0876,2026-03-03,3019.8387520855526,True,G_735190,True
V_19c5a806,U_0907,2026-03-03,5308.664969566361,True,G_735190,False
V_1905580627,U_0885,2026-03-03,7837.4184416878,False,,False
V_234267680,U_0891,2026-03-03,3385.1507635461267,False,,False
V_00824ed8,U_0917,2026-03-03,7504.429172114582,True,G_322e97,True
V_bfc16055,U_0124,2026-03-03,2634.476668609475,True,G_322e97,False
V_54df2810,U_0851,2026-03-03,6991.997227896409,True,G_322e97,False
V_56f56ac6,U_0857,2026-03-03,1908.7550360078183,True,G_322e97,False
V_2688481204,U_0919,2026-03-03,2106.357402571526,False,,False
V_11c11a47,U_0937,2026-03-03,9818.516431992473,True,G_6c8ac3,True
V_83f4168a,U_0202,2026-03-03,2454.0841748775333,True,G_6c8ac3,False
V_99fee446,U_0691,2026-03-03,5726.220690759276,True,G_6c8ac3,False
V_2e7ab0ee,U_0687,2026-03-03,2133.868213612126,True,G_6c8ac3,False
V_1c940a0b,U_0632,2026-03-03,2761.0990297723524,True,G_6c8ac3,False
V_c8efd76e,U_0982,2026-03-03,6758.078115187879,True,G_213427,True
V_0a99d06f,U_0456,2026-03-03,13280.627115290456,True,G_213427,False
V_7bbdd52c,U_0189,2026-03-03,2270.976684729549,True,G_213427,False
V_f69528b6,U_0345,2026-03-03,8635.36503465685,True,G_213427,False
V_437845453,U_0106,2026-03-03,6371.707755490652,False,,False
V_6f65df0b,U_0107,2026-03-03,4388.2086732121625,True,G_53ae0d,True
V_a87602ee,U_0436,2026-03-03,9713.72542100386,True,G_53ae0d,False
V_f0996b38,U_0714,2026-03-03,5120.917248716711,True,G_53ae0d,False
V_843029821,U_0122,2026-03-03,3242.400662928923,False,,False
V_7fd1497b,U_0178,2026-03-03,9201.862184381005,True,G_2df7e4,True
V_827a457b,U_0075,2026-03-03,11615.979066717604,True,G_2df7e4,False
V_ae06bac9,U_0560,2026-03-03,8861.232427960407,True,G_2df7e4,False
V_3c0279e4,U_0200,2026-03-03,3104.0911914924623,True,G_f53d06,True
V_75c92813,U_0231,2026-03-03,4336.345825140664,True,G_f53d06,False
V_73318af7,U_0005,2026-03-03,4894.927710805193,True,G_f53d06,False
V_521cefc4,U_0849,2026-03-03,2654.2005674823595,True,G_f53d06,False
V_3399553506,U_0218,2026-03-03,13771.229953634778,False,,False
V_97016f81,U_0219,2026-03-03,1977.2793444991978,True,G_4447a8,True
V_9df7d148,U_0044,2026-03-03,3164.8800573293006,True,G_4447a8,False
V_4e6a6d55,U_0782,2026-03-03,3639.3812873355037,True,G_4447a8,False
V_514dcc7b,U_0461,2026-03-03,7616.546444952703,True,G_4447a8,False
V_16abc9ef,U_0866,2026-03-03,9573.83224067362,True,G_4447a8,False
V_f66072bd,U_0826,2026-03-03,6465.159471427355,True,G_4447a8,False
V_eda79ace,U_0244,2026-03-03,2180.5480734971898,True,G_c7344c,True
V_4d56e9a0,U_0022,2026-03-03,2274.3016128021472,True,G_c7344c,False
V_65c2994d,U_0408,2026-03-03,6248.2202446132915,True,G_c7344c,False
V_a8a510d8,U_0040,2026-03-03,2073.0544046867603,True,G_c7344c,False
V_751952085,U_0321,2026-03-03,8350.085898148236,False,,False
V_61202607,U_0332,2026-03-03,5464.745083248382,True,G_81ac8a,True
V_6a679e0f,U_0416,2026-03-03,3881.4947870113347,True,G_81ac8a,False
V_a6d929d4,U_0839,2026-03-03,2881.1042923907917,True,G_81ac8a,False
V_6b492878,U_0239,2026-03-03,3045.825459070305,True,G_81ac8a,False
V_2e7024e4,U_0691,2026-03-03,7116.04187169352,True,G_81ac8a,False
V_352052384,U_0390,2026-03-03,5854.789097876064,False,,False
V_6bd0ad2a,U_0449,2026-03-03,4131.318147429175,True,G_72665c,True
V_93356854,U_0125,2026-03-03,4515.051229520512,True,G_72665c,False
V_2744784484,U_0478,2026-03-03,12054.913418190648,False,,False
V_3295671942,U_0499,2026-03-03,2477.1319222823495,False,,False
V_1912398304,U_0540,2026-03-03,7630.72257329194,False,,False
V_501432418,U_0564,2026-03-03,6805.966741693552,False,,False
V_1977907924,U_0704,2026-03-03,4519.624361920734,False,,False
V_3743317080,U_0726,2026-03-03,2990.2403577277437,False,,False
V_1016623501,U_0770,2026-03-03,2963.5455153526023,False,,False
V_5efe9255,U_0907,2026-03-03,3837.6667088766912,True,G_5dd7d5,True
V_7df58cff,U_0254,2026-03-03,2031.0032315813287,True,G_5dd7d5,False
V_914e0e09,U_0709,2026-03-03,4104.645516279334,True,G_5dd7d5,False
V_3941938325,U_0928,2026-03-03,4518.9274873202685,False,,False
V_2253302601,U_0932,2026-03-03,2185.8973808628307,False,,False
V_255388497,U_0006,2026-03-04,6980.67205537455,False,,False
V_63b70c89,U_0024,2026-03-04,12108.65911884702,True,G_6d62c4,True
V_3e5cc902,U_0885,2026-03-04,7756.648341448762,True,G_6d62c4,False
V_05c928b6,U_0565,2026-03-04,8861.660635827679,True,G_6d62c4,False
V_ecbe587c,U_0484,2026-03-04,13541.281510853933,True,G_6d62c4,False
V_810b8d45,U_0623,2026-03-04,11738.969162539033,True,G_6d62c4,False
V_29b749a4,U_0063,2026-03-04,4775.915980440993,True,G_344d3d,True
V_c0d3ccbc,U_0002,2026-03-04,2775.259945723117,True,G_344d3d,False
V_ccfa2764,U_0249,2026-03-04,3976.4474667617787,True,G_344d3d,False
V_dd6bf227,U_0524,2026-03-04,3495.03789975842,True,G_344d3d,False
V_a65dc079,U_0870,2026-03-04,2003.4283557248534,True,G_344d3d,False
V_c546b200,U_0626,2026-03-04,2784.5795891534817,True,G_344d3d,False
V_3571634445,U_0075,2026-03-04,11030.034984465714,False,,False
V_83ae2b09,U_0089,2026-03-04,6690.454984301459,True,G_69b250,True
V_aa811153,U_0515,2026-03-04,2867.180489006358,True,G_69b250,False
V_5e6f2795,U_0514,2026-03-04,2861.4244074073167,True,G_69b250,False
V_2e4c2101,U_0238,2026-03-04,7487.787572193732,True,G_69b250,False
V_929ce53f,U_0429,2026-03-04,9973.906434624427,True,G_69b250,False
V_ae5c5cf0,U_0154,2026-03-04,5817.551873519791,True,G_1def07,True
V_a0a47906,U_0232,2026-03-04,5139.100097055121,True,G_1def07,False
V_2121517349,U_0183,2026-03-04,9077.785937057804,False,,False
V_3384694666,U_0230,2026-03-04,6791.980507278252,False,,False
V_495331783,U_0245,2026-03-04,2715.460763828553,False,,False
V_3393679302,U_0255,2026-03-04,3082.2842312639705,False,,False
V_52811b83,U_0265,2026-03-04,7538.501331968313,True,G_061704,True
V_35bec180,U_0505,2026-03-04,2681.524201231769,True,G_061704,False
V_7853c96a,U_0302,2026-03-04,2584.332206763556,True,G_061704,False
V_5f8c23b1,U_0457,2026-03-04,8259.07453638983,True,G_061704,False
V_e6017de2,U_0896,2026-03-04,10130.035366736389,True,G_061704,False
V_3334394346,U_0273,2026-03-04,4148.485033993517,False,,False
V_e433c1cc,U_0291,2026-03-04,4308.949902193379,True,G_2499dd,True
V_131ef56a,U_0593,2026-03-04,2514.4537998855667,True,G_2499dd,False
V_59a49687,U_0469,2026-03-04,3704.4157892769567,True,G_2499dd,False
V_f7976ac8,U_0333,2026-03-04,2850.3740274717265,True,G_2499dd,False
V_a56f4633,U_0391,2026-03-04,9845.198102546185,True,G_86b894,True
V_23a9aefd,U_0869,2026-03-04,3281.7830747326034,True,G_86b894,False
V_b6ca305a,U_0321,2026-03-04,7804.727307605896,True,G_86b894,False
V_64b0d900,U_0019,2026-03-04,7946.900602725245,True,G_86b894,False
V_f04ae3f4,U_0452,2026-03-04,3198.7021654002824,True,G_86b894,False
V_0b61393b,U_0345,2026-03-04,9836.534529043842,True,G_86b894,False
V_1327560719,U_0397,2026-03-04,3353.2020715165054,False,,False
V_2275302060,U_0430,2026-03-04,4300.835576142201,False,,False
V_441635e3,U_0432,2026-03-04,3604.6009468532375,True,G_828dab,True
V_f94473a4,U_0910,2026-03-04,6531.358394948478,True,G_828dab,False
V_3d783d0d,U_0986,2026-03-04,4171.144045102582,True,G_828dab,False
V_ade6788e,U_0564,2026-03-04,1925.3309253859693,True,G_828dab,False
V_7c4ee547,U_0462,2026-03-04,2961.0435781020196,True,G_ae8f5e,True
V_245d0514,U_0781,2026-03-04,2950.1820132738076,True,G_ae8f5e,False
V_4bfb62b9,U_0936,2026-03-04,2635.36122533222,True,G_ae8f5e,False
V_157220a4,U_0777,2026-03-04,2949.267197577401,True,G_ae8f5e,False
V_ad284b68,U_0888,2026-03-04,8047.256508806524,True,G_ae8f5e,False
V_1322036205,U_0488,2026-03-04,6455.055100406626,False,,False
V_1498233723,U_0503,2026-03-04,9851.154544857009,False,,False
V_c5ed44c3,U_0582,2026-03-04,6697.205804386589,True,G_db78ed,True
V_0110f55e,U_0036,2026-03-04,3028.6672240665384,True,G_db78ed,False
V_9856636a,U_0918,2026-03-04,3142.6397321911168,True,G_db78ed,False
V_4fa1c171,U_0581,2026-03-04,7968.196499111387,True,G_db78ed,False
V_c99e6920,U_0308,2026-03-04,5632.228598753043,True,G_db78ed,False
V_f4ab6979,U_0019,2026-03-04,7927.168272854611,True,G_db78ed,False
V_263205cb,U_0623,2026-03-04,12615.80086366145,True,G_5f0c5e,True
V_b8bef775,U_0516,2026-03-04,2727.738590568393,True,G_5f0c5e,False
V_e3fc262f,U_0478,2026-03-04,2785.3344353426164,True,G_5f0c5e,False
V_5810b650,U_0994,2026-03-04,5418.002611742594,True,G_5f0c5e,False
V_8d772aad,U_0993,2026-03-04,5657.418670566818,True,G_5f0c5e,False
V_c962aa88,U_0645,2026-03-04,2932.6248159448037,True,G_ef0f85,True
V_c36e21b4,U_0132,2026-03-04,2177.8825154072942,True,G_ef0f85,False
V_50ed9a87,U_0857,2026-03-04,1975.739611857642,True,G_ef0f85,False
V_22da7c49,U_0081,2026-03-04,3002.221254891481,True,G_ef0f85,False
V_786731627,U_0655,2026-03-04,7831.497992750322,False,,False
V_3462550675,U_0659,2026-03-04,4028.573141821666,False,,False
V_3dee3f1b,U_0666,2026-03-04,3561.8293812610887,True,G_629e62,True
V_909f7eb3,U_0002,2026-03-04,2013.8406168777262,True,G_629e62,False
V_2dadde99,U_0928,2026-03-04,2911.3179501210934,True,G_629e62,False
V_5d8ac0b7,U_0788,2026-03-04,4039.895847451166,True,G_629e62,False
V_b717b914,U_0545,2026-03-04,2707.7220688397088,True,G_629e62,False
V_f27b3593,U_0672,2026-03-04,3287.249620991249,True,G_7cb703,True
V_f7450b7a,U_0858,2026-03-04,4770.525777291714,True,G_7cb703,False
V_cd10aa9c,U_0678,2026-03-04,7377.638511307885,True,G_19b43b,True
V_61c32948,U_0589,2026-03-04,3786.8405016950073,True,G_19b43b,False
V_6df66256,U_0522,2026-03-04,5748.919008493008,True,G_19b43b,False
V_1635748746,U_0692,2026-03-04,6942.724433316813,False,,False
V_1534080958,U_0735,2026-03-04,5288.38584592264,False,,False
V_2260973943,U_0744,2026-03-04,1927.824297151807,False,,False
V_09583c3c,U_0752,2026-03-04,6508.849206762724,True,G_539585,True
V_d48934b7,U_0904,2026-03-04,5535.612689410057,True,G_539585,False
V_3492310817,U_0799,2026-03-04,4202.34757070464,False,,False
V_6a0826fc,U_0806,2026-03-04,3317.7992323817157,True,G_cffdcb,True
V_9c64c0ba,U_0880,2026-03-04,6083.367962254343,True,G_cffdcb,False
V_3855087293,U_0847,2026-03-04,4957.256106638727,False,,False
V_1945093347,U_0889,2026-03-04,5187.712353247563,False,,False
V_1185558375,U_0893,2026-03-04,3748.364695628835,False,,False
V_2479752101,U_0896,2026-03-04,8668.33354405594,False,,False
V_4196176510,U_0913,2026-03-04,10542.837973932215,False,,False
V_232212607,U_0922,2026-03-04,5508.592371457927,False,,False
V_2811135100,U_0944,2026-03-04,2628.3531628757028,False,,False
V_bff76bc7,U_0965,2026-03-04,6127.690926052227,True,G_7f9864,True
V_549537c4,U_0065,2026-03-04,3879.0939763087654,True,G_7f9864,False
V_a4b055ab,U_0778,2026-03-04,2605.8893027172066,True,G_7f9864,False
V_2703312663,U_0972,2026-03-04,6521.737835816355,False,,False
V_3479601956,U_0045,2026-03-04,5679.516382384262,False,,False
V_2511079892,U_0103,2026-03-04,2838.712622850838,False,,False
V_09132b72,U_0126,2026-03-04,2100.5456894678414,True,G_68c917,True
V_0640e02b,U_0332,2026-03-04,6864.024992982641,True,G_68c917,False
V_270bc58b,U_0592,2026-03-04,2148.725240732457,True,G_68c917,False
V_32bdf7a8,U_0399,2026-03-04,3366.509359920149,True,G_68c917,False
V_0403853e,U_0629,2026-03-04,3796.730497232653,True,G_68c917,False
V_620572754,U_0161,2026-03-04,6720.308156193036,False,,False
V_2049446322,U_0229,2026-03-04,3656.4123647790984,False,,False
V_7719c577,U_0242,2026-03-04,2147.7954989885698,True,G_11f594,True
V_abac864a,U_0694,2026-03-04,6098.557013764678,True,G_11f594,False
V_be305057,U_0563,2026-03-04,2093.93514287314,True,G_11f594,False
V_3047486769,U_0320,2026-03-04,2582.3003975035463,False,,False
V_1dcb1474,U_0350,2026-03-04,2793.9294131363863,True,G_4f06da,True
V_7698d237,U_0020,2026-03-04,3696.451830369614,True,G_4f06da,False
V_7c1f5c58,U_0051,2026-03-04,2793.598724981619,True,G_4f06da,False
V_4575f731,U_0858,2026-03-04,4662.366068223274,True,G_4f06da,False
V_1a10ac73,U_0522,2026-03-04,7330.381717108136,True,G_4f06da,False
V_0f8b07ab,U_0651,2026-03-04,2983.833172867361,True,G_4f06da,False
V_774bad2c,U_0364,2026-03-04,2969.8016017301557,True,G_8473ab,True
V_aee5c932,U_0902,2026-03-04,11687.294165614516,True,G_8473ab,False
V_b827faa7,U_0548,2026-03-04,7460.7106677895645,True,G_8473ab,False
V_532cf4a0,U_0951,2026-03-04,9338.326849667157,True,G_8473ab,False
V_8ba34714,U_0849,2026-03-04,2281.628509297481,True,G_8473ab,False
V_e4a28c65,U_0390,2026-03-04,2258.2059807683513,True,G_796c79,True
V_c0ed5faa,U_0522,2026-03-04,6357.339957543896,True,G_796c79,False
V_8362aec9,U_0891,2026-03-04,3288.9302147384647,True,G_796c79,False
V_4799c1b8,U_0101,2026-03-04,3763.37991209676,True,G_796c79,False
V_a5c2c946,U_0819,2026-03-04,2653.2071873332598,True,G_796c79,False
V_0b1d2fe7,U_0421,2026-03-04,6362.068553509544,True,G_cc5ca3,True
V_9d57a334,U_0951,2026-03-04,12138.917424348425,True,G_cc5ca3,False
V_18e75229,U_0002,2026-03-04,2675.20079361458,True,G_cc5ca3,False
V_659130ae,U_0328,2026-03-04,6491.516892090225,True,G_cc5ca3,False
V_3504e10c,U_0903,2026-03-04,3052.341653566137,True,G_cc5ca3,False
V_3d38e64e,U_0454,2026-03-04,3356.10073138923,True,G_76255b,True
V_51187c0d,U_0820,2026-03-04,2563.1062040247375,True,G_76255b,False
V_2475409003,U_0497,2026-03-04,2181.120184825941,False,,False
V_df0b4426,U_0520,2026-03-04,2402.6803696055886,True,G_7e1ec5,True
V_2ad46c7f,U_0547,2026-03-04,2760.522193204981,True,G_7e1ec5,False
V_f3fd638b,U_0208,2026-03-04,3404.845697259404,True,G_7e1ec5,False
V_ac465e62,U_0536,2026-03-04,6332.639764908329,True,G_7e1ec5,False
V_b6580995,U_0553,2026-03-04,4533.158090683057,True,G_ba91d5,True
V_30c5bba2,U_0194,2026-03-04,9227.34459698347,True,G_ba91d5,False
V_e5b367cf,U_0513,2026-03-04,11029.909530611536,True,G_ba91d5,False
V_7032c65d,U_0623,2026-03-04,11237.956884011388,True,G_ba91d5,False
V_74da05db,U_0206,2026-03-04,5412.813766508185,True,G_ba91d5,False
V_51ef4e97,U_0628,2026-03-04,12154.445512796192,True,G_ba91d5,False
V_24f08580,U_0656,2026-03-04,3406.397975331066,True,G_f400b8,True
V_b8280ae1,U_0401,2026-03-04,6050.076128531825,True,G_f400b8,False
V_42bb9a2d,U_0061,2026-03-04,2185.3127804906517,True,G_f400b8,False
V_42048303,U_0532,2026-03-04,6139.159118107438,True,G_f400b8,False
V_03e1b489,U_0627,2026-03-04,5337.231282858996,True,G_f400b8,False
V_b574c860,U_0700,2026-03-04,2046.0154950817782,True,G_98f2c2,True
V_88c0089b,U_0605,2026-03-04,2804.799947701818,True,G_98f2c2,False
V_61348df9,U_0455,2026-03-04,3228.900574087475,True,G_98f2c2,False
V_41ea4fe3,U_0960,2026-03-04,2224.182783152093,True,G_98f2c2,False
V_d168b1ba,U_0797,2026-03-04,2660.3627096366404,True,G_98f2c2,False
V_fe383a13,U_0713,2026-03-04,2496.6453455083656,True,G_c9870e,True
V_5dd44de9,U_0172,2026-03-04,4054.069394386175,True,G_c9870e,False
V_20f2ce47,U_0782,2026-03-04,3919.4787698045534,True,G_b77835,True
V_32d14c2a,U_0478,2026-03-04,2588.2797330362355,True,G_b77835,False
V_9f36fd9f,U_0265,2026-03-04,7677.662056824237,True,G_b77835,False
V_21034672,U_0736,2026-03-04,4202.966106080044,True,G_b77835,False
V_1539933803,U_0826,2026-03-04,7716.652032537228,False,,False
V_1248799250,U_0865,2026-03-04,3911.240142518015,False,,False
V_6603c90b,U_0922,2026-03-04,4276.182663414857,True,G_1012ff,True
V_51accfc6,U_0967,2026-03-04,3734.6621844873716,True,G_1012ff,False
V_1170023684,U_0020,2026-03-05,2914.800276112414,False,,False
V_1197853438,U_0024,2026-03-05,13587.122075595398,False,,False
V_2402348010,U_0068,2026-03-05,4353.878196996573,False,,False
V_3263831401,U_0151,2026-03-05,4781.805222526829,False,,False
V_3312092147,U_0237,2026-03-05,11247.683629235962,False,,False
V_3447808580,U_0304,2026-03-05,3553.784643628891,False,,False
V_1433189236,U_0305,2026-03-05,6412.73976707627,False,,False
V_7f151faa,U_0321,2026-03-05,7171.001530000283,True,G_0e91bb,True
V_a73e9bc0,U_0152,2026-03-05,3974.3893654857025,True,G_0e91bb,False
V_a2963ece,U_0856,2026-03-05,2957.15298971866,True,G_0e91bb,False
V_3a6a33d8,U_0059,2026-03-05,4862.064717635803,True,G_0e91bb,False
V_90da93c2,U_0328,2026-03-05,8277.605919219071,True,G_bd5b2b,True
V_c443e6a8,U_0001,2026-03-05,6742.299586119509,True,G_bd5b2b,False
V_a1e1a1d0,U_0161,2026-03-05,5456.665944726742,True,G_bd5b2b,False
V_3742925383,U_0415,2026-03-05,7313.558625992622,False,,False
V_1704147297,U_0427,2026-03-05,2506.457421108319,False,,False
V_9d1fe26e,U_0480,2026-03-05,5844.440301554878,True,G_af9ca0,True
V_370a1d23,U_0262,2026-03-05,9555.615041047724,True,G_af9ca0,False
V_a772457a,U_0000,2026-03-05,4423.994195276981,True,G_af9ca0,False
V_7544d636,U_0503,2026-03-05,11779.082453902309,True,G_e75b84,True
V_f9355a3f,U_0882,2026-03-05,3238.0892003699178,True,G_e75b84,False
V_3109b194,U_0794,2026-03-05,6977.05484394744,True,G_e75b84,False
V_9a69c9ab,U_0969,2026-03-05,11224.101002022835,True,G_e75b84,False
V_3764031303,U_0520,2026-03-05,2579.45877556361,False,,False
V_6433795c,U_0523,2026-03-05,3553.262206891706,True,G_521c85,True
V_f55c596b,U_0598,2026-03-05,3196.9388749054656,True,G_521c85,False
V_e8c41b38,U_0066,2026-03-05,4558.082307714879,True,G_521c85,False
V_662ff8d0,U_0537,2026-03-05,5420.159762714546,True,G_521c85,False
V_206929117,U_0569,2026-03-05,2973.37317278333,False,,False
V_2352408,U_0574,2026-03-05,5322.537833731019,False,,False
V_193074000,U_0577,2026-03-05,4452.937360597609,False,,False
V_1243363126,U_0655,2026-03-05,6725.737436427302,False,,False
V_1944963367,U_0656,2026-03-05,4657.220698904754,False,,False
V_2648818674,U_0678,2026-03-05,5579.637308992416,False,,False
V_731508433,U_0688,2026-03-05,5979.367313583769,False,,False
V_3fe47e22,U_0713,2026-03-05,2341.938995895877,True,G_c2ca92,True
V_939eb802,U_0872,2026-03-05,6288.943031046034,True,G_c2ca92,False
V_01677719,U_0408,2026-03-05,6943.928608410293,True,G_c2ca92,False
V_727963408,U_0762,2026-03-05,2507.10492807952,False,,False
V_4249109080,U_0779,2026-03-05,4384.0612066708945,False,,False
V_f77fabdd,U_0798,2026-03-05,4961.729271148067,True,G_bf142a,True
V_12ccf476,U_0815,2026-03-05,5053.1366506346285,True,G_bf142a,False
V_a4392559,U_0487,2026-03-05,4034.1337110593317,True,G_bf142a,False
V_7c85c317,U_0843,2026-03-05,5174.67746769856,True,G_bf142a,False
V_c0f24ccc,U_0748,2026-03-05,7406.900280542838,True,G_bf142a,False
V_9e2f9863,U_0800,2026-03-05,4825.5330910296625,True,G_0c627a,True
V_e5de314b,U_0016,2026-03-05,4119.81124906928,True,G_0c627a,False
V_43a0ade2,U_0023,2026-03-05,3949.715116590504,True,G_0c627a,False
V_ce9fdeb3,U_0090,2026-03-05,5857.409288423336,True,G_0c627a,False
V_0ef881fe,U_0285,2026-03-05,5284.9937289129175,True,G_0c627a,False
V_40f9cbcd,U_0256,2026-03-05,1955.1975608294533,True,G_0c627a,False
V_1626621221,U_0843,2026-03-05,6841.581253026644,False,,False
V_5ad29f86,U_0899,2026-03-05,6993.942335088028,True,G_f6b6cb,True
V_9b44a201,U_0714,2026-03-05,5526.93184601325,True,G_f6b6cb,False
V_6615cfc5,U_0703,2026-03-05,3756.32629886464,True,G_f6b6cb,False
V_a84abfcb,U_0185,2026-03-05,3770.0466391334053,True,G_f6b6cb,False
V_01b88d9d,U_0331,2026-03-05,5070.345875254475,True,G_f6b6cb,False
V_1250e814,U_0453,2026-03-05,3589.6051266971103,True,G_f6b6cb,False
V_1195993450,U_0906,2026-03-05,3481.63406157895,False,,False
V_2682995810,U_0915,2026-03-05,5785.119829921173,False,,False
V_1207603489,U_0974,2026-03-05,10570.351871627612,False,,False
V_1587196124,U_0993,2026-03-05,8151.089738781179,False,,False
V_d912df96,U_0032,2026-03-05,5448.0065550169365,True,G_41413d,True
V_0d30119b,U_0055,2026-03-05,8967.852411645972,True,G_41413d,False
V_3284946341,U_0034,2026-03-05,2088.5620414166756,False,,False
V_220471501,U_0115,2026-03-05,2836.7699466673826,False,,False
V_2689610182,U_0125,2026-03-05,6903.693897548862,False,,False
V_28c227a8,U_0143,2026-03-05,4322.779680120047,True,G_7eb405,True
V_50eeb87e,U_0179,2026-03-05,2538.874173567506,True,G_7eb405,False
V_7dbd871d,U_0643,2026-03-05,2027.6045261766255,True,G_7eb405,False
V_aaeeee22,U_0966,2026-03-05,3585.4365345298024,True,G_7eb405,False
V_4210dbee,U_0127,2026-03-05,2357.1034988491115,True,G_7eb405,False
V_6987b7e0,U_0178,2026-03-05,7248.714641134304,True,G_9846c2,True
V_36648507,U_0826,2026-03-05,7189.543308229472,True,G_9846c2,False
V_2f1250a7,U_0044,2026-03-05,3116.3390840488046,True,G_9846c2,False
V_1616200936,U_0199,2026-03-05,2736.478227471135,False,,False
V_1149915949,U_0205,2026-03-05,2484.7300845081368,False,,False
V_608793051,U_0208,2026-03-05,7709.634191799089,False,,False
V_a67a037b,U_0265,2026-03-05,6717.191249821348,True,G_b2235e,True
V_5117420b,U_0440,2026-03-05,5725.945982243877,True,G_b2235e,False
V_debaaba6,U_0480,2026-03-05,4363.276080446472,True,G_b2235e,False
V_88b97bf5,U_0785,2026-03-05,6831.930194084394,True,G_b2235e,False
V_20cc8d78,U_0782,2026-03-05,4551.619834308695,True,G_b2235e,False
V_36d0122d,U_0321,2026-03-05,5807.771999549672,True,G_963dd0,True
V_fc0dd680,U_0484,2026-03-05,11180.895422881915,True,G_963dd0,False
V_20b413c2,U_0457,2026-03-05,7694.897983500251,True,G_963dd0,False
V_f92d727c,U_0838,2026-03-05,4440.897000855919,True,G_963dd0,False
V_7c3ea4ed,U_0120,2026-03-05,2786.652958448436,True,G_963dd0,False
V_3578222379,U_0325,2026-03-05,3375.2128108357633,False,,False
V_532000783,U_0359,2026-03-05,3024.403399223644,False,,False
V_2289156333,U_0452,2026-03-05,9877.045606237918,False,,False
V_48a7b41f,U_0522,2026-03-05,7262.203746036546,True,G_65bf81,True
V_648d7344,U_0625,2026-03-05,5699.287255816787,True,G_65bf81,False
V_9ea9d61b,U_0174,2026-03-05,4708.883227155468,True,G_65bf81,False
V_2dc74d20,U_0509,2026-03-05,4316.399273670144,True,G_65bf81,False
V_b4f1b003,U_0859,2026-03-05,3684.651926402779,True,G_65bf81,False
V_f384fdba,U_0553,2026-03-05,3277.0282947587034,True,G_051f1a,True
V_0f6f8cd2,U_0468,2026-03-05,1900.9425373436234,True,G_051f1a,False
V_5297f20e,U_0189,2026-03-05,2140.0160661133887,True,G_051f1a,False
V_07479a70,U_0436,2026-03-05,10699.253750838125,True,G_051f1a,False
V_8454d8c2,U_0036,2026-03-05,3629.669111916365,True,G_051f1a,False
V_246691840,U_0584,2026-03-05,2968.4876285532896,False,,False
V_2211967482,U_0597,2026-03-05,4995.727220992205,False,,False
V_3135382503,U_0618,2026-03-05,11865.909828592166,False,,False
V_784558728,U_0658,2026-03-05,4320.834227683848,False,,False
V_3130126354,U_0667,2026-03-05,5892.976756591912,False,,False
V_3235622993,U_0698,2026-03-05,3408.2638162391404,False,,False
V_8779b034,U_0721,2026-03-05,6944.030839889287,True,G_64d87e,True
V_3bc359c4,U_0146,2026-03-05,4421.770899463096,True,G_64d87e,False
V_53b69ef9,U_0228,2026-03-05,3305.041096200669,True,G_64d87e,False
V_3a5608a7,U_0745,2026-03-05,3693.579627012984,True,G_64d87e,False
V_0fd7f05e,U_0801,2026-03-05,3441.5240790025687,True,G_64d87e,False
V_6975b3b7,U_0117,2026-03-05,4685.332399915263,True,G_64d87e,False
V_340835038,U_0779,2026-03-05,2320.424342714717,False,,False
V_2387180510,U_0785,2026-03-05,5084.7332637123745,False,,False
V_2251789186,U_0811,2026-03-05,2613.3077338871217,False,,False
V_3655205781,U_0826,2026-03-05,8160.758648704072,False,,False
V_cc793341,U_0882,2026-03-05,2579.716475502453,True,G_ac294e,True
V_c9227674,U_0505,2026-03-05,2427.7408426450847,True,G_ac294e,False
V_bac6797b,U_0097,2026-03-05,13508.685893299984,True,G_ac294e,False
V_fbb1f21f,U_0581,2026-03-05,7241.619871974682,True,G_ac294e,False
V_fdb149cb,U_0940,2026-03-05,2743.0246871580234,True,G_d582d9,True
V_edf8d4e0,U_0900,2026-03-05,5275.73227630262,True,G_d582d9,False
V_2868854161,U_0956,2026-03-05,2302.3314396215787,False,,False
V_1964168610,U_0000,2026-03-06,3576.958719267355,False,,False
V_af465ca6,U_0009,2026-03-06,6811.626583147331,True,G_9c0904,True
V_6fbf11a8,U_0016,2026-03-06,4278.069840673331,True,G_9c0904,False
V_4ae3041d,U_0532,2026-03-06,7626.081558734547,True,G_9c0904,False
V_f6fa973c,U_0331,2026-03-06,5171.031632715062,True,G_9c0904,False
V_2766845560,U_0018,2026-03-06,6438.802655451503,False,,False
V_c6de4c30,U_0110,2026-03-06,5409.043665292587,True,G_0a5c0d,True
V_96216973,U_0418,2026-03-06,5720.273171781825,True,G_0a5c0d,False
V_f4d3919e,U_0708,2026-03-06,4066.6267523715983,True,G_0a5c0d,False
V_d80ad9c1,U_0136,2026-03-06,4047.9504668363447,True,G_0a5c0d,False
V_f97a6fbe,U_0385,2026-03-06,3958.0726408673154,True,G_0a5c0d,False
V_27d8c1df,U_0431,2026-03-06,6362.079143747902,True,G_0a5c0d,False
V_099c856a,U_0135,2026-03-06,3177.5080017530067,True,G_173c21,True
V_cf0e72a2,U_0142,2026-03-06,5916.484826082185,True,G_173c21,False
V_2c54a19b,U_0659,2026-03-06,3930.946295831114,True,G_173c21,False
V_2c3db2f2,U_0376,2026-03-06,4231.909982609635,True,G_173c21,False
V_e93ab06c,U_0738,2026-03-06,6821.172949107605,True,G_173c21,False
V_487025216,U_0169,2026-03-06,3388.232809658383,False,,False
V_1116758955,U_0175,2026-03-06,5297.716811918227,False,,False
V_2612540291,U_0191,2026-03-06,2869.5091879123693,False,,False
V_3982402756,U_0212,2026-03-06,5710.53701134835,False,,False
V_1406018152,U_0244,2026-03-06,2593.1390709156453,False,,False
V_2473186428,U_0285,2026-03-06,4639.830434344703,False,,False
V_1187425284,U_0328,2026-03-06,6145.970169146441,False,,False
V_2031614975,U_0345,2026-03-06,11154.947494028655,False,,False
V_1041050713,U_0360,2026-03-06,2582.6750185453934,False,,False
V_3457592522,U_0375,2026-03-06,3424.267304107595,False,,False
V_1598462142,U_0391,2026-03-06,8323.48992204232,False,,False
V_19cc302b,U_0470,2026-03-06,3620.0337158639895,True,G_9d32b5,True
V_2abc2673,U_0748,2026-03-06,6748.419292536198,True,G_9d32b5,False
V_1fb53ba7,U_0091,2026-03-06,2321.2972775721682,True,G_9d32b5,False
V_bfca3206,U_0963,2026-03-06,4544.9976134595345,True,G_9d32b5,False
V_babf040d,U_0626,2026-03-06,2675.4819020740615,True,G_9d32b5,False
V_5cc87356,U_0717,2026-03-06,2929.1643473229024,True,G_9d32b5,False
V_dfd099dd,U_0484,2026-03-06,13210.945040833478,True,G_6b6a89,True
V_c795746a,U_0154,2026-03-06,5999.078104245877,True,G_6b6a89,False
V_bcccd3af,U_0982,2026-03-06,7339.432716206861,True,G_6b6a89,False
V_70eb5204,U_0553,2026-03-06,3464.4012345977694,True,G_6b6a89,False
V_73b7a3aa,U_0124,2026-03-06,3504.2526802393104,True,G_6b6a89,False
V_48d552ad,U_0373,2026-03-06,12911.265626974835,True,G_6b6a89,False
V_dd558c51,U_0528,2026-03-06,2453.8961425200187,True,G_3ef504,True
V_54d3cb6b,U_0404,2026-03-06,2307.651114007112,True,G_3ef504,False
V_831497ef,U_0309,2026-03-06,2247.968304488,True,G_3ef504,False
V_ec84e0d8,U_0709,2026-03-06,4206.918289756247,True,G_3ef504,False
V_4f89db3f,U_0544,2026-03-06,3307.0395962575135,True,G_ea46b7,True
V_60f5ef9d,U_0808,2026-03-06,2195.745978505505,True,G_ea46b7,False
V_1b035a84,U_0990,2026-03-06,2157.682824542198,True,G_ea46b7,False
V_2110475790,U_0553,2026-03-06,3965.6649391073215,False,,False
V_1191457420,U_0595,2026-03-06,5512.433964402528,False,,False
V_4135890608,U_0718,2026-03-06,8488.257715365015,False,,False
V_aedeaac9,U_0766,2026-03-06,4045.9377171946253,True,G_9d6325,True
V_b8e274cb,U_0152,2026-03-06,3205.926875680547,True,G_9d6325,False
V_da01c79f,U_0312,2026-03-06,5239.553222905204,True,G_9d6325,False
V_f10ac49a,U_0725,2026-03-06,6413.299088003456,True,G_9d6325,False
V_4abc6344,U_0310,2026-03-06,2542.526236323065,True,G_9d6325,False
V_965019497,U_0784,2026-03-06,3485.884907972147,False,,False
V_1851d6f3,U_0787,2026-03-06,7602.440016111417,True,G_4453de,True
V_becdf591,U_0165,2026-03-06,4408.387511567228,True,G_4453de,False
V_c7de5f43,U_0870,2026-03-06,2399.917485252385,True,G_4453de,False
V_9e85af99,U_0666,2026-03-06,4292.345005107942,True,G_4453de,False
V_b3cbed61,U_0210,2026-03-06,2717.79067945212,True,G_4453de,False
V_3459894444,U_0811,2026-03-06,5941.30657660187,False,,False
V_4169177262,U_0812,2026-03-06,6985.242529426827,False,,False
V_2447414837,U_0859,2026-03-06,4398.805273726092,False,,False
V_3415700799,U_0895,2026-03-06,4519.155835561123,False,,False
V_fd2299dc,U_0905,2026-03-06,3199.505223765084,True,G_2b10a6,True
V_c7570975,U_0468,2026-03-06,2110.958020342159,True,G_2b10a6,False
V_6485d9da,U_0880,2026-03-06,4486.847315499507,True,G_2b10a6,False
V_dd323af9,U_0796,2026-03-06,2159.045677924322,True,G_2b10a6,False
V_9bf80bb7,U_0912,2026-03-06,4440.9870277190785,True,G_c71af5,True
V_c5620b4e,U_0161,2026-03-06,6687.036899284563,True,G_c71af5,False
V_00801113,U_0228,2026-03-06,2998.2053486118625,True,G_c71af5,False
V_5968ae4d,U_0362,2026-03-06,1810.4539626224612,True,G_c71af5,False
V_97580af0,U_0239,2026-03-06,2550.4158924680028,True,G_c71af5,False
V_1057175194,U_0968,2026-03-06,3224.8067550828405,False,,False
V_1396589459,U_0993,2026-03-06,6601.359355291923,False,,False
V_1248708460,U_0995,2026-03-06,6725.995199131566,False,,False
V_854389773,U_0015,2026-03-06,2986.1128415006974,False,,False
V_3768834039,U_0051,2026-03-06,4931.423550791408,False,,False
V_3715916068,U_0073,2026-03-06,7843.675511422228,False,,False
V_f4789ae9,U_0075,2026-03-06,10595.132824573499,True,G_98cc47,True
V_1e74873c,U_0962,2026-03-06,2634.454257755585,True,G_98cc47,False
V_407346d5,U_0672,2026-03-06,3015.206931976487,True,G_98cc47,False
V_dcc6e926,U_0505,2026-03-06,2981.3972384117,True,G_98cc47,False
V_01df38e8,U_0560,2026-03-06,8477.799028692803,True,G_98cc47,False
V_d580b31a,U_0181,2026-03-06,8321.311876411539,True,G_98cc47,False
V_699357022,U_0102,2026-03-06,2201.324087539484,False,,False
V_2016152452,U_0105,2026-03-06,5341.212917536146,False,,False
V_887955811,U_0107,2026-03-06,6117.5748853711,False,,False
V_2120989148,U_0136,2026-03-06,7464.51720705013,False,,False
V_258198534,U_0151,2026-03-06,3186.2305177265625,False,,False
V_158fbb12,U_0154,2026-03-06,6869.174617887279,True,G_178ea2,True
V_2a475d08,U_0838,2026-03-06,4394.675456769814,True,G_178ea2,False
V_f8e8ac13,U_0802,2026-03-06,8283.241832988264,True,G_178ea2,False
V_92b146f8,U_0178,2026-03-06,9275.06227189906,True,G_178ea2,False
V_e891067c,U_0324,2026-03-06,9297.31025270478,True,G_178ea2,False
V_a0dacdbd,U_0414,2026-03-06,3154.6412257400875,True,G_178ea2,False
V_50934242,U_0155,2026-03-06,2502.655558578492,False,,False
V_3643128045,U_0156,2026-03-06,3933.1473964272022,False,,False
V_1202651446,U_0165,2026-03-06,4488.658578660092,False,,False
V_bc183605,U_0177,2026-03-06,3500.646919810621,True,G_1f4d24,True
V_5c829f65,U_0136,2026-03-06,3803.336058652703,True,G_1f4d24,False
V_805dfcb6,U_0050,2026-03-06,9020.483861742396,True,G_1f4d24,False
V_3230525512,U_0178,2026-03-06,8113.304219718907,False,,False
V_1362829687,U_0189,2026-03-06,10272.796258374703,False,,False
V_1330128522,U_0191,2026-03-06,2712.9221442857433,False,,False
V_de6d86f2,U_0203,2026-03-06,2674.595033203034,True,G_017c36,True
V_f553bcbc,U_0304,2026-03-06,3284.070803257636,True,G_017c36,False
V_7ad77c50,U_0874,2026-03-06,5436.540681433941,True,G_017c36,False
V_eb307e41,U_0486,2026-03-06,8099.470782372279,True,G_017c36,False
V_9fe2b49f,U_0237,2026-03-06,10273.69358080022,True,G_017c36,False
V_949164982,U_0214,2026-03-06,4175.272025181341,False,,False
V_268465655,U_0234,2026-03-06,3961.241427960736,False,,False
V_4ac1ab6a,U_0303,2026-03-06,12142.614331600862,True,G_afcdd1,True
V_382e53c9,U_0876,2026-03-06,3204.02446810934,True,G_afcdd1,False
V_1416122109,U_0356,2026-03-06,4103.336257088654,False,,False
V_bd4af177,U_0396,2026-03-06,2228.3524317669694,True,G_343d31,True
V_5f2ed75b,U_0989,2026-03-06,1812.7540907513353,True,G_343d31,False
V_fe31bfb7,U_0065,2026-03-06,4129.075951548184,True,G_343d31,False
V_e0f1e088,U_0986,2026-03-06,3312.764954249626,True,G_343d31,False
V_dc68040a,U_0743,2026-03-06,2145.657220604714,True,G_343d31,False
V_cfbef0f8,U_0829,2026-03-06,2929.2566119412895,True,G_343d31,False
V_5bda9dfe,U_0418,2026-03-06,4956.143582416334,True,G_c089e8,True
V_f7821bfb,U_0189,2026-03-06,2042.8620547340206,True,G_c089e8,False
V_1936834,U_0432,2026-03-06,2615.805354969288,False,,False
V_171562021,U_0468,2026-03-06,12109.661556202478,False,,False
V_2395699094,U_0546,2026-03-06,2261.897418690566,False,,False
V_5ebd4c0f,U_0553,2026-03-06,4039.9351946854795,True,G_b36628,True
V_73d7f3e5,U_0456,2026-03-06,10366.862380030416,True,G_b36628,False
V_1d1073f9,U_0514,2026-03-06,2101.51237580025,True,G_b36628,False
V_568d0a6a,U_0761,2026-03-06,2318.9398331771586,True,G_b36628,False
V_381e3716,U_0744,2026-03-06,2799.200988604345,True,G_b36628,False
V_4254045588,U_0630,2026-03-06,2184.271670851336,False,,False
V_6a942a37,U_0658,2026-03-06,3545.1956331919796,True,G_1cd745,True
V_2f6a291b,U_0148,2026-03-06,2402.009040837156,True,G_1cd745,False
V_adf02648,U_0310,2026-03-06,3112.4954732972446,True,G_1cd745,False
V_6745dfe2,U_0652,2026-03-06,5327.748770040478,True,G_1cd745,False
V_616aea52,U_0408,2026-03-06,6563.302155830422,True,G_1cd745,False
V_2621481795,U_0661,2026-03-06,5248.317861200984,False,,False
V_2850682684,U_0671,2026-03-06,6271.311805531243,False,,False
V_2809416031,U_0679,2026-03-06,6030.79407898817,False,,False
V_2845113806,U_0705,2026-03-06,4821.985958767934,False,,False
V_3136369018,U_0723,2026-03-06,5069.994495489094,False,,False
V_102660704,U_0733,2026-03-06,2330.004533570296,False,,False
V_0662a31e,U_0737,2026-03-06,7424.48924032238,True,G_da123c,True
V_e9d5c8e5,U_0175,2026-03-06,6192.718524736212,True,G_da123c,False
V_993177f7,U_0759,2026-03-06,2361.4621132637894,True,G_da123c,False
V_3534922121,U_0815,2026-03-06,2354.182446529099,False,,False
V_2462158673,U_0838,2026-03-06,6667.264988514828,False,,False
V_f8f21b68,U_0891,2026-03-06,4545.282271648178,True,G_167eca,True
V_e08978b0,U_0723,2026-03-06,5881.493586853519,True,G_167eca,False
V_0157cef7,U_0532,2026-03-06,5812.9368989774675,True,G_167eca,False
V_f2583d79,U_0647,2026-03-06,4871.380349431252,True,G_167eca,False
V_051e0bc3,U_0137,2026-03-06,6228.920879118111,True,G_167eca,False
V_5ee229ad,U_0712,2026-03-06,3047.6460198856016,True,G_167eca,False
V_73ee3449,U_0900,2026-03-06,5345.783472651356,True,G_cf7c45,True
V_ba197e5f,U_0744,2026-03-06,2475.734991727414,True,G_cf7c45,False
V_e8849878,U_0761,2026-03-06,2342.013200351131,True,G_cf7c45,False
V_222dcdb8,U_0515,2026-03-06,3280.3747945193277,True,G_cf7c45,False
V_7dfb2d58,U_0632,2026-03-06,3061.7986989448073,True,G_cf7c45,False
V_99ac9e6a,U_0323,2026-03-06,8638.868731762837,True,G_cf7c45,False
V_621524030,U_0920,2026-03-06,6319.463522417206,False,,False
V_1480105565,U_0923,2026-03-06,2821.8415870428857,False,,False
V_0ac7aaa3,U_0925,2026-03-06,2702.8540179102047,True,G_59da83,True
V_61650290,U_0630,2026-03-06,2844.418535826748,True,G_59da83,False
V_3686471973,U_0972,2026-03-06,10443.263517816978,False,,False
V_dec23534,U_0032,2026-03-07,3838.0160269071966,True,G_efec31,True
V_af6c7dd0,U_0738,2026-03-07,7466.107379458769,True,G_efec31,False
V_640f2bea,U_0936,2026-03-07,3576.3708194692863,True,G_efec31,False
V_2607607501,U_0181,2026-03-07,8980.313640159735,False,,False
V_7942743d,U_0203,2026-03-07,3359.419367447461,True,G_d04e9c,True
V_68a63c6c,U_0267,2026-03-07,3105.6882391629833,True,G_d04e9c,False
V_33675f19,U_0603,2026-03-07,1918.1590119257835,True,G_d04e9c,False
V_7d70f4d4,U_0002,2026-03-07,2456.160776515106,True,G_d04e9c,False
V_b35da154,U_0914,2026-03-07,3806.4336497294375,True,G_d04e9c,False
V_2928198976,U_0211,2026-03-07,5375.902594613361,False,,False
V_1548924671,U_0237,2026-03-07,12325.324974309773,False,,False
V_74bb1a23,U_0280,2026-03-07,5642.773329387299,True,G_fb5903,True
V_7101d917,U_0070,2026-03-07,6446.55302148212,True,G_fb5903,False
V_5c8bd481,U_0950,2026-03-07,3286.5328959216413,True,G_fb5903,False
V_df6533cc,U_0451,2026-03-07,5981.579372574697,True,G_fb5903,False
V_5cb6e8dc,U_0574,2026-03-07,5493.661338283209,True,G_fb5903,False
V_123d4f64,U_0308,2026-03-07,4968.88387491463,True,G_fb5903,False
V_d8f7bdff,U_0338,2026-03-07,9901.644597404094,True,G_b4c539,True
V_a85740f6,U_0982,2026-03-07,6517.886143706336,True,G_b4c539,False
V_c97aadef,U_0221,2026-03-07,7791.207604521887,True,G_b4c539,False
V_b88cceed,U_0735,2026-03-07,5733.455568445707,True,G_b4c539,False
V_575658597,U_0339,2026-03-07,4311.257874993857,False,,False
V_4a13b808,U_0378,2026-03-07,3912.0175465527627,True,G_902246,True
V_0fa81421,U_0252,2026-03-07,5736.634432851789,True,G_902246,False
V_edfb0699,U_0625,2026-03-07,5229.398363041908,True,G_902246,False
V_3463379402,U_0400,2026-03-07,11235.753606076045,False,,False
V_60c76542,U_0445,2026-03-07,10211.870200113071,True,G_89fdd2,True
V_48795ee1,U_0993,2026-03-07,6883.345636670273,True,G_89fdd2,False
V_dc1ceabb,U_0794,2026-03-07,7813.6444800791505,True,G_89fdd2,False
V_db26ca24,U_0160,2026-03-07,9131.332592225594,True,G_89fdd2,False
V_60d3bb01,U_0189,2026-03-07,2149.410366988277,True,G_89fdd2,False
V_d0e1f5da,U_0328,2026-03-07,7422.381788042124,True,G_89fdd2,False
V_3085077288,U_0451,2026-03-07,6880.000451456117,False,,False
V_a96ff711,U_0452,2026-03-07,2538.4423061062175,True,G_a64947,True
V_2f7e29be,U_0638,2026-03-07,3948.1934827073082,True,G_a64947,False
V_2284323577,U_0456,2026-03-07,9369.970145309617,False,,False
V_71a8fc0d,U_0511,2026-03-07,5830.303080513613,True,G_34f432,True
V_ef16e1be,U_0384,2026-03-07,3248.196872091953,True,G_34f432,False
V_98fea81b,U_0671,2026-03-07,4041.941557232484,True,G_34f432,False
V_df046cbf,U_0082,2026-03-07,7048.730146928567,True,G_34f432,False
V_14423da8,U_0528,2026-03-07,2798.346935297962,True,G_7bf4c9,True
V_a8e0d1cf,U_0240,2026-03-07,5274.146834373538,True,G_7bf4c9,False
V_96bc25e3,U_0162,2026-03-07,2746.3809541296264,True,G_7bf4c9,False
V_3a8ea195,U_0848,2026-03-07,1943.3139323569014,True,G_7bf4c9,False
V_d51fc1e5,U_0763,2026-03-07,2224.734399049482,True,G_7bf4c9,False
V_0e6d2750,U_0776,2026-03-07,2194.647515906292,True,G_7bf4c9,False
V_9cdfc7d9,U_0565,2026-03-07,11558.618701244868,True,G_521ba5,True
V_1dfd6de2,U_0001,2026-03-07,6539.158390339229,True,G_521ba5,False
V_75580fa0,U_0218,2026-03-07,4241.065000868428,True,G_521ba5,False
V_52ca25fc,U_0761,2026-03-07,2269.95663600214,True,G_521ba5,False
V_0eda20e4,U_0575,2026-03-07,6372.105290634588,True,G_444425,True
V_40398ddb,U_0786,2026-03-07,2716.491286224914,True,G_444425,False
V_88668901,U_0423,2026-03-07,2721.1451172571983,True,G_444425,False
V_e8a0467e,U_0249,2026-03-07,3832.9328745848675,True,G_444425,False
V_020f081d,U_0959,2026-03-07,3085.2522394974003,True,G_444425,False
V_37d572fb,U_0884,2026-03-07,4215.686864004452,True,G_444425,False
V_1345605176,U_0628,2026-03-07,10786.698655076594,False,,False
V_4082600359,U_0646,2026-03-07,8452.835433203463,False,,False
V_3543603908,U_0682,2026-03-07,10290.181319151165,False,,False
V_3812885b,U_0724,2026-03-07,2164.554970195512,True,G_6195e9,True
V_ba1e1dbc,U_0108,2026-03-07,3104.0785397207733,True,G_6195e9,False
V_675da168,U_0376,2026-03-07,3724.202965994627,True,G_6195e9,False
V_9d097af6,U_0300,2026-03-07,4680.762201085155,True,G_6195e9,False
V_3833805811,U_0727,2026-03-07,11464.834243589008,False,,False
V_2045660181,U_0812,2026-03-07,5971.452681303536,False,,False
V_3364504280,U_0836,2026-03-07,3070.1713407822926,False,,False
V_1663762876,U_0859,2026-03-07,3546.7629589513854,False,,False
V_254449614,U_0912,2026-03-07,4679.092767799905,False,,False
V_3693307592,U_0955,2026-03-07,9039.80164557185,False,,False
V_7b313280,U_0972,2026-03-07,6063.065661694429,True,G_6413aa,True
V_55611883,U_0884,2026-03-07,4894.530019549644,True,G_6413aa,False
V_847f94c1,U_0045,2026-03-07,8088.743461725383,True,G_6413aa,False
V_7cb44520,U_0125,2026-03-07,5691.5217772684455,True,G_6413aa,False
V_dea8f7c2,U_0088,2026-03-07,11825.35288482425,True,G_6413aa,False
V_53f62003,U_0982,2026-03-07,7985.714879321182,True,G_91e2dc,True
V_f65d050d,U_0046,2026-03-07,3243.533722116511,True,G_91e2dc,False
V_661746676,U_0994,2026-03-07,5691.930445922231,False,,False
V_4219162236,U_0996,2026-03-07,1973.110285466894,False,,False
V_2aa94345,U_0001,2026-03-07,6912.212600077292,True,G_11e123,True
V_6ceccfa7,U_0591,2026-03-07,5862.034759791878,True,G_11e123,False
V_b5261f0e,U_0994,2026-03-07,6344.657141556522,True,G_11e123,False
V_44a7dc5e,U_0982,2026-03-07,9545.865156412885,True,G_11e123,False
V_43320ce6,U_0896,2026-03-07,12150.025645802643,True,G_11e123,False
V_1276831730,U_0033,2026-03-07,6676.242630945981,False,,False
V_1671101440,U_0051,2026-03-07,6669.102364964875,False,,False
V_3f3129ad,U_0097,2026-03-07,13695.46126900457,True,G_1830eb,True
V_d2eec179,U_0719,2026-03-07,3395.8266627177536,True,G_1830eb,False
V_3b82c120,U_0102,2026-03-07,7309.575578942865,True,G_84f62e,True
V_95d3dabb,U_0186,2026-03-07,3040.152789409223,True,G_84f62e,False
V_a87ee799,U_0730,2026-03-07,1997.2986749166046,True,G_84f62e,False
V_d97be6e0,U_0978,2026-03-07,2350.457532187831,True,G_84f62e,False
V_1011886975,U_0110,2026-03-07,3848.582339395431,False,,False
V_04b8dd3f,U_0126,2026-03-07,2166.495815859079,True,G_2b8757,True
V_9a8a05de,U_0397,2026-03-07,4387.2924830560905,True,G_2b8757,False
V_35c0b1ba,U_0127,2026-03-07,2894.708210196267,True,G_647979,True
V_0f4e2044,U_0961,2026-03-07,2201.168839267097,True,G_647979,False
V_e82e8d50,U_0213,2026-03-07,4462.613274937068,True,G_647979,False
V_e501d85e,U_0022,2026-03-07,2616.693947118639,True,G_647979,False
V_b6960942,U_0207,2026-03-07,3183.613406462008,True,G_647979,False
V_2304026673,U_0151,2026-03-07,2735.532336291082,False,,False
V_501117808,U_0169,2026-03-07,2846.5585476087085,False,,False
V_b8ef2730,U_0189,2026-03-07,1927.671362014721,True,G_802306,True
V_0cad2309,U_0516,2026-03-07,3196.3947058282606,True,G_802306,False
V_1f09f38d,U_0654,2026-03-07,3738.8182634837463,True,G_802306,False
V_9f724d71,U_0718,2026-03-07,6871.786284814381,True,G_802306,False
V_3627038639,U_0200,2026-03-07,5457.020156481861,False,,False
V_712395383,U_0201,2026-03-07,2791.8624903309424,False,,False
V_fda937f3,U_0284,2026-03-07,3281.0817481967615,True,G_c22cc3,True
V_21172d71,U_0611,2026-03-07,4596.2144120260555,True,G_c22cc3,False
V_c38c147a,U_0209,2026-03-07,4825.407632783027,True,G_c22cc3,False
V_8214680e,U_0768,2026-03-07,5135.089294384191,True,G_c22cc3,False
V_3890772424,U_0308,2026-03-07,8381.239079137136,False,,False
V_1fafebac,U_0318,2026-03-07,2064.9547148595693,True,G_4ef127,True
V_3f7cd9d6,U_0705,2026-03-07,5810.8633576995,True,G_4ef127,False
V_cfebb4aa,U_0210,2026-03-07,2859.765014977922,True,G_4ef127,False
V_9c4ed53a,U_0903,2026-03-07,2884.8479023270143,True,G_4ef127,False
V_1af03710,U_0947,2026-03-07,7880.718134662442,True,G_4ef127,False
V_fbe1e189,U_0938,2026-03-07,5868.3257533823025,True,G_4ef127,False
V_3039577529,U_0321,2026-03-07,6220.912149130465,False,,False
V_821943478,U_0356,2026-03-07,3644.228164511315,False,,False
V_2011802741,U_0359,2026-03-07,3045.458657866041,False,,False
V_d496a373,U_0374,2026-03-07,2780.959757568925,True,G_83cbc1,True
V_4e3746fb,U_0729,2026-03-07,3883.879846196783,True,G_83cbc1,False
V_34252800,U_0108,2026-03-07,2837.971067183627,True,G_83cbc1,False
V_2422173371,U_0388,2026-03-07,9226.61163961156,False,,False
V_1104721802,U_0414,2026-03-07,6374.768829496272,False,,False
V_2309466320,U_0450,2026-03-07,2801.473812036519,False,,False
V_691f6f71,U_0476,2026-03-07,2188.8314110084557,True,G_a13788,True
V_dc65f629,U_0784,2026-03-07,4062.5126406208615,True,G_a13788,False
V_be40e2e1,U_0478,2026-03-07,3515.763597178404,True,G_3560e0,True
V_f82bfddd,U_0623,2026-03-07,11514.6732731849,True,G_3560e0,False
V_170340b0,U_0904,2026-03-07,5963.815654268942,True,G_3560e0,False
V_3030896002,U_0481,2026-03-07,3256.4445688142996,False,,False
V_184064340,U_0505,2026-03-07,6569.616798762328,False,,False
V_3956216743,U_0551,2026-03-07,2370.43183042972,False,,False
V_2915941757,U_0553,2026-03-07,9350.528140608694,False,,False
V_2590660586,U_0579,2026-03-07,7212.847697690776,False,,False
V_08f114d7,U_0599,2026-03-07,3887.4298593170533,True,G_d3d3d6,True
V_2142651d,U_0583,2026-03-07,2604.330425095866,True,G_d3d3d6,False
V_191157219,U_0618,2026-03-07,11250.680948372164,False,,False
V_153405355,U_0673,2026-03-07,9794.565281560155,False,,False
V_e8e73712,U_0703,2026-03-07,3728.114198590212,True,G_d7afef,True
V_fe02c648,U_0590,2026-03-07,4934.050170688878,True,G_d7afef,False
V_fabd582b,U_0735,2026-03-07,7740.5571138969335,True,G_262232,True
V_547d5b67,U_0574,2026-03-07,5736.200231338903,True,G_262232,False
V_e6793e54,U_0686,2026-03-07,3505.562457740326,True,G_262232,False
V_fdc9b8c0,U_0963,2026-03-07,4711.512016914724,True,G_262232,False
V_44f839bc,U_0824,2026-03-07,2489.472362789149,True,G_262232,False
V_5ce6c383,U_0070,2026-03-07,4808.424553122471,True,G_262232,False
V_9bdfcffd,U_0741,2026-03-07,3265.2704536525043,True,G_af07db,True
V_fcd4254d,U_0931,2026-03-07,3062.5281984740654,True,G_af07db,False
V_4f8a3cc8,U_0763,2026-03-07,2315.4788939457353,True,G_af07db,False
V_c3f4eb59,U_0011,2026-03-07,2049.391342789889,True,G_af07db,False
V_2441124689,U_0775,2026-03-07,1862.7288494696738,False,,False
V_1752915469,U_0804,2026-03-07,11473.780365395834,False,,False
V_175479741,U_0826,2026-03-07,6025.898826454264,False,,False
V_e19ca566,U_0891,2026-03-07,3331.81378480957,True,G_684d98,True
V_e2061b5c,U_0637,2026-03-07,5742.849177765684,True,G_684d98,False
V_3c9ffd7d,U_0922,2026-03-07,4298.291162518266,True,G_684d98,False
V_8173609f,U_0179,2026-03-07,3163.8869821382195,True,G_684d98,False
V_05b88e69,U_0800,2026-03-07,5048.111659138317,True,G_684d98,False
V_46170cae,U_0943,2026-03-07,1917.1358945835523,True,G_979717,True
V_f1c78e1c,U_0951,2026-03-07,12221.475199317943,True,G_979717,False
V_e794b078,U_0019,2026-03-07,6509.798997080784,True,G_979717,False
V_0b689702,U_0875,2026-03-07,7860.91869530631,True,G_979717,False
V_2829382190,U_0962,2026-03-07,10609.422199824076,False,,False
V_1ffe8101,U_0972,2026-03-07,6941.245022616602,True,G_8d03a9,True
V_2adaa5e6,U_0704,2026-03-07,8607.503088264073,True,G_8d03a9,False
V_307f4d1f,U_0560,2026-03-07,10136.486686962655,True,G_8d03a9,False
V_1625513308,U_0077,2026-03-08,7214.01767205141,False,,False
V_9f4d45b4,U_0103,2026-03-08,4249.335234869959,True,G_a5d348,True
V_1f6ffac4,U_0656,2026-03-08,4074.096239850262,True,G_a5d348,False
V_1312517433,U_0142,2026-03-08,6015.583224251614,False,,False
V_15da1515,U_0148,2026-03-08,2805.768731015502,True,G_6e7625,True
V_ed87ffe7,U_0837,2026-03-08,4151.966918488465,True,G_6e7625,False
V_458ba23e,U_0316,2026-03-08,2790.559380137254,True,G_6e7625,False
V_e1eeb6bd,U_0442,2026-03-08,2324.458704853463,True,G_6e7625,False
V_d95c382e,U_0726,2026-03-08,4172.420239764873,True,G_6e7625,False
V_bc2360f0,U_0542,2026-03-08,4287.910377520749,True,G_6e7625,False
V_2394533192,U_0150,2026-03-08,3341.049969705207,False,,False
V_2482493721,U_0160,2026-03-08,9766.17612308915,False,,False
V_e2491562,U_0166,2026-03-08,5370.202966049598,True,G_4ac8db,True
V_98778368,U_0114,2026-03-08,6634.3077264138055,True,G_4ac8db,False
V_caea3bdd,U_0441,2026-03-08,2635.889535264211,True,G_4ac8db,False
V_1541206548,U_0194,2026-03-08,8865.313322819657,False,,False
V_0f6e31fa,U_0234,2026-03-08,3175.3104221511426,True,G_de38eb,True
V_82496fd2,U_0812,2026-03-08,5111.532961378384,True,G_de38eb,False
V_0778d755,U_0588,2026-03-08,3334.8153574633993,True,G_de38eb,False
V_79ab8bd0,U_0349,2026-03-08,4033.482323419229,True,G_de38eb,False
V_2256270358,U_0261,2026-03-08,4202.929783182643,False,,False
V_673523952,U_0294,2026-03-08,2940.073966048368,False,,False
V_3523399131,U_0295,2026-03-08,3730.7619192222837,False,,False
V_348805068,U_0353,2026-03-08,2145.8113472867026,False,,False
V_3423395209,U_0373,2026-03-08,10435.366429127778,False,,False
V_2355436844,U_0401,2026-03-08,4650.54185640799,False,,False
V_68a13f90,U_0486,2026-03-08,5798.580742184262,True,G_87572e,True
V_377e90f7,U_0331,2026-03-08,5275.62371114833,True,G_87572e,False
V_461455e5,U_0933,2026-03-08,5996.292532113405,True,G_87572e,False
V_507fea90,U_0933,2026-03-08,6154.446751570393,True,G_87572e,False
V_d1398a01,U_0873,2026-03-08,5983.0626769257715,True,G_87572e,False
V_1140369959,U_0496,2026-03-08,2310.359703916274,False,,False
V_3751336768,U_0515,2026-03-08,2504.7677889847578,False,,False
V_2417062598,U_0521,2026-03-08,2906.423546659783,False,,False
V_2008901324,U_0541,2026-03-08,5455.241014959728,False,,False
V_3062653043,U_0553,2026-03-08,4504.37921593046,False,,False
V_3271479797,U_0559,2026-03-08,2569.8881745021827,False,,False
V_1807461006,U_0565,2026-03-08,8409.780568803779,False,,False
V_839847288,U_0610,2026-03-08,2110.5693744595433,False,,False
V_54b49056,U_0623,2026-03-08,12528.500593074272,True,G_431d81,True
V_cb551597,U_0518,2026-03-08,7430.312627809382,True,G_431d81,False
V_a0a18d74,U_0636,2026-03-08,9885.876391065498,True,G_b3d6e7,True
V_3f8cd32c,U_0851,2026-03-08,5939.9043350197,True,G_b3d6e7,False
V_c4522838,U_0826,2026-03-08,8459.508056850234,True,G_b3d6e7,False
V_2700312c,U_0154,2026-03-08,5454.517282947135,True,G_b3d6e7,False
V_b0bd7cf1,U_0124,2026-03-08,3068.6282166449523,True,G_b3d6e7,False
V_9522e8bb,U_0308,2026-03-08,6800.022325882863,True,G_b3d6e7,False
V_d3f99337,U_0679,2026-03-08,3340.614223097893,True,G_5eeb99,True
V_82069039,U_0488,2026-03-08,5824.536402913963,True,G_5eeb99,False
V_ca92d54e,U_0359,2026-03-08,3063.8600864692953,True,G_5eeb99,False
V_101a57df,U_0025,2026-03-08,3621.7479119942373,True,G_5eeb99,False
V_0fd4f66c,U_0132,2026-03-08,2031.312033946113,True,G_5eeb99,False
V_1943371572,U_0681,2026-03-08,10132.15712989417,False,,False
V_1069917235,U_0693,2026-03-08,7046.281643139707,False,,False
V_3012026109,U_0716,2026-03-08,2424.3827616793874,False,,False
V_3015728486,U_0804,2026-03-08,4290.336344782922,False,,False
V_2985395848,U_0843,2026-03-08,6780.241395112832,False,,False
V_e8ff4f13,U_0885,2026-03-08,9046.813035541776,True,G_e5ed2d,True
V_79aa8708,U_0614,2026-03-08,11479.001897208502,True,G_e5ed2d,False
V_6f3c5cf7,U_0802,2026-03-08,9213.56021182873,True,G_e5ed2d,False
V_99c38e85,U_0969,2026-03-08,12711.669031958934,True,G_e5ed2d,False
V_a12aada2,U_0388,2026-03-08,2423.7076364858003,True,G_e5ed2d,False
V_3366754972,U_0917,2026-03-08,8257.925584427829,False,,False
V_5acc24c8,U_0965,2026-03-08,5607.919082433527,True,G_a3661f,True
V_77260672,U_0441,2026-03-08,2567.9820837963393,True,G_a3661f,False
V_cc39cdf0,U_0430,2026-03-08,5351.734892077428,True,G_a3661f,False
V_5c2c41db,U_0873,2026-03-08,6836.768384569439,True,G_a3661f,False
V_3cc33a2f,U_0398,2026-03-08,2925.9056948786597,True,G_a3661f,False
V_008ae8e2,U_0864,2026-03-08,3996.263933229074,True,G_a3661f,False
V_3078457636,U_0983,2026-03-08,3054.0012695905307,False,,False
V_1163969948,U_0043,2026-03-08,7587.7526356591125,False,,False
V_72142f3a,U_0124,2026-03-08,3019.266930748133,True,G_b19a3d,True
V_f103a625,U_0089,2026-03-08,6266.838284287755,True,G_b19a3d,False
V_5e2f6d1b,U_0039,2026-03-08,2729.237871710615,True,G_b19a3d,False
V_1af07845,U_0032,2026-03-08,4479.290680906915,True,G_b19a3d,False
V_3508443193,U_0206,2026-03-08,6731.990546673108,False,,False
V_07d73da1,U_0218,2026-03-08,3384.640764981212,True,G_fec2af,True
V_7e7ebc16,U_0962,2026-03-08,2387.700867984947,True,G_fec2af,False
V_1220403844,U_0263,2026-03-08,2287.8198410808795,False,,False
V_da1292a4,U_0268,2026-03-08,5672.587516030222,True,G_f627dc,True
V_815191cd,U_0380,2026-03-08,3274.1303514649267,True,G_f627dc,False
V_45a06a69,U_0776,2026-03-08,3116.255720772406,True,G_f627dc,False
V_8e46b1de,U_0684,2026-03-08,2949.9316033696964,True,G_f627dc,False
V_6f78b5ab,U_0883,2026-03-08,3252.5943238810937,True,G_f627dc,False
V_3df211fe,U_0566,2026-03-08,3851.6081961149725,True,G_f627dc,False
V_840556461,U_0306,2026-03-08,1885.3887934191318,False,,False
V_2638755868,U_0330,2026-03-08,10336.042381376017,False,,False
V_1320415538,U_0344,2026-03-08,3991.5526947181934,False,,False
V_86d8b966,U_0408,2026-03-08,6739.426909914601,True,G_9c98de,True
V_3791c1cb,U_0267,2026-03-08,2755.7556385488956,True,G_9c98de,False
V_9116e580,U_0454,2026-03-08,3438.182810270662,True,G_9c98de,False
V_bbaea785,U_0335,2026-03-08,4174.492414235364,True,G_9c98de,False
V_b1acc342,U_0399,2026-03-08,2969.310847047397,True,G_9c98de,False
V_2113087448,U_0412,2026-03-08,5902.473055321986,False,,False
V_a8656d9a,U_0442,2026-03-08,2751.1157130142196,True,G_627903,True
V_2aeec563,U_0446,2026-03-08,3231.2926072884284,True,G_627903,False
V_80b9402d,U_0260,2026-03-08,7146.697680600439,True,G_627903,False
V_5169507b,U_0929,2026-03-08,7728.116375816327,True,G_627903,False
V_f90033fb,U_0623,2026-03-08,12284.667706669226,True,G_627903,False
V_d04687f8,U_0647,2026-03-08,6275.1191977991575,True,G_627903,False
V_a3f4e757,U_0486,2026-03-08,8295.62448237165,True,G_c85152,True
V_fa705a1b,U_0045,2026-03-08,8308.191409026282,True,G_c85152,False
V_8171fa8e,U_0536,2026-03-08,5392.360274333211,True,G_55cf05,True
V_dca9f2df,U_0552,2026-03-08,3099.78030306086,True,G_55cf05,False
V_df1c2069,U_0297,2026-03-08,2757.4515582263034,True,G_55cf05,False
V_d6590c25,U_0818,2026-03-08,3536.440058508164,True,G_55cf05,False
V_1960154197,U_0589,2026-03-08,3321.0638577432624,False,,False
V_4007217537,U_0632,2026-03-08,9740.336191595414,False,,False
V_10f7c3da,U_0773,2026-03-08,4640.502606354982,True,G_d3be44,True
V_ebb1add8,U_0237,2026-03-08,12161.307412293536,True,G_d3be44,False
V_2fb016d0,U_0565,2026-03-08,9940.063611992437,True,G_d3be44,False
V_196314659,U_0807,2026-03-08,3183.2157656575487,False,,False
V_2723224129,U_0829,2026-03-08,2362.405512936175,False,,False
V_7277a121,U_0838,2026-03-08,3594.8499930349726,True,G_dc172c,True
V_ffae2181,U_0052,2026-03-08,2634.314057668576,True,G_dc172c,False
V_3493002691,U_0840,2026-03-08,7562.555219038273,False,,False
V_17ab8a73,U_0873,2026-03-08,7465.699542484046,True,G_2f9877,True
V_e49876ba,U_0009,2026-03-08,6453.223232510837,True,G_2f9877,False
V_3bb833dc,U_0409,2026-03-08,2248.834597394397,True,G_2f9877,False
V_54ee4ffc,U_0858,2026-03-08,5202.785867822479,True,G_2f9877,False
V_b973ba42,U_0895,2026-03-08,6245.446093194499,True,G_2f9877,False
V_4114958203,U_0880,2026-03-08,3473.3855187034587,False,,False
V_2779528831,U_0887,2026-03-08,3804.0863665031693,False,,False
V_145260735,U_0891,2026-03-08,6638.253133143954,False,,False
V_992441313,U_0900,2026-03-08,12624.847998732066,False,,False
V_3068893707,U_0918,2026-03-08,11063.455179880002,False,,False
V_2993745961,U_0931,2026-03-08,5768.018055663506,False,,False
V_165991277,U_0943,2026-03-08,5156.315663505297,False,,False
V_3417243370,U_0962,2026-03-08,8868.69429402443,False,,False
V_8f2a971f,U_0982,2026-03-08,7250.66054918941,True,G_dde026,True
V_6ed3e56e,U_0782,2026-03-08,4500.798559883031,True,G_dde026,False
V_b4a20a03,U_0130,2026-03-08,10057.208815926968,True,G_dde026,False
V_3824896335,U_0024,2026-03-09,12887.06077280849,False,,False
V_5ca6db59,U_0045,2026-03-09,7654.704847889159,True,G_9bec6f,True
V_c8b55723,U_0070,2026-03-09,6008.145255258985,True,G_9bec6f,False
V_13175fd1,U_0891,2026-03-09,4029.8872807391804,True,G_9bec6f,False
V_f629af28,U_0873,2026-03-09,7712.402285578378,True,G_9bec6f,False
V_326457bf,U_0216,2026-03-09,2659.224507970454,True,G_9bec6f,False
V_b0d293b4,U_0059,2026-03-09,6593.442493967142,True,G_a42911,True
V_f8e97c96,U_0597,2026-03-09,2719.1476314080405,True,G_a42911,False
V_bfc89f9e,U_0005,2026-03-09,5456.335909485181,True,G_a42911,False
V_392ddc01,U_0864,2026-03-09,4687.0440161717825,True,G_a42911,False
V_75f15fbc,U_0446,2026-03-09,3436.4295670450065,True,G_a42911,False
V_8fb861c2,U_0284,2026-03-09,3116.0358001209524,True,G_a42911,False
V_4215121853,U_0062,2026-03-09,4109.321076535921,False,,False
V_671bc261,U_0088,2026-03-09,10658.972008968392,True,G_e156b0,True
V_5504c229,U_0735,2026-03-09,6365.414273380997,True,G_e156b0,False
V_67c56625,U_0687,2026-03-09,2489.681850985575,True,G_e156b0,False
V_1841740679,U_0117,2026-03-09,5566.221055386617,False,,False
V_1152586470,U_0130,2026-03-09,10799.754114041734,False,,False
V_89c55a79,U_0131,2026-03-09,6368.771520641202,True,G_a25d86,True
V_c6735b8e,U_0305,2026-03-09,5580.936277879943,True,G_a25d86,False
V_1bd89e8a,U_0980,2026-03-09,2764.3843503842545,True,G_a25d86,False
V_428d5a67,U_0550,2026-03-09,4405.540628496961,True,G_a25d86,False
V_2311529529,U_0135,2026-03-09,3609.235525407059,False,,False
V_3031515141,U_0141,2026-03-09,4117.50432726534,False,,False
V_b273eff1,U_0160,2026-03-09,11998.431992542346,True,G_30281c,True
V_e3e01e59,U_0055,2026-03-09,7414.547609962262,True,G_30281c,False
V_744312ff,U_0001,2026-03-09,6678.174090464381,True,G_30281c,False
V_e36bc926,U_0687,2026-03-09,2788.4514647646297,True,G_30281c,False
V_093ac514,U_0024,2026-03-09,11521.46399689439,True,G_30281c,False
V_02eab128,U_0120,2026-03-09,2718.132461928481,True,G_30281c,False
V_fa5da1e6,U_0175,2026-03-09,5866.660875277681,True,G_bd9c5d,True
V_35f3a6cd,U_0121,2026-03-09,5170.04609322641,True,G_bd9c5d,False
V_2012025237,U_0191,2026-03-09,3391.2899458035226,False,,False
V_c3a69456,U_0206,2026-03-09,6928.180008889523,True,G_db5066,True
V_6aeaf3af,U_0618,2026-03-09,4173.726043901107,True,G_db5066,False
V_d852ec5c,U_0782,2026-03-09,3741.8711221419608,True,G_db5066,False
V_759f32dd,U_0839,2026-03-09,3798.0832036623333,True,G_db5066,False
V_d96792d1,U_0994,2026-03-09,5136.97231997652,True,G_db5066,False
V_a01d65b6,U_0228,2026-03-09,3727.4769856022453,True,G_b84a07,True
V_47217495,U_0476,2026-03-09,2254.1713206788113,True,G_b84a07,False
V_6adf4f83,U_0497,2026-03-09,1760.5803816381558,True,G_b84a07,False
V_336c9cb0,U_0270,2026-03-09,3140.8743799895024,True,G_b84a07,False
V_2864560,U_0230,2026-03-09,5498.087153336129,False,,False
V_1247873835,U_0238,2026-03-09,8939.586074640481,False,,False
V_7df41b8e,U_0262,2026-03-09,11153.071129522661,True,G_86c094,True
V_b75bc4db,U_0161,2026-03-09,6709.653066944657,True,G_86c094,False
V_05ad2eaa,U_0373,2026-03-09,12740.549533430598,True,G_86c094,False
V_2492718879,U_0277,2026-03-09,5190.074513152679,False,,False
V_a4fc02ee,U_0338,2026-03-09,10028.29296674887,True,G_c33c86,True
V_084b4411,U_0206,2026-03-09,7244.839676458897,True,G_c33c86,False
V_d890c8f6,U_0591,2026-03-09,6975.558954567656,True,G_c33c86,False
V_8984b20c,U_0043,2026-03-09,4054.816777246535,True,G_c33c86,False
V_2cf7d9f0,U_0879,2026-03-09,2306.1125748198715,True,G_c33c86,False
V_d33b81a4,U_0917,2026-03-09,7340.616124597058,True,G_c33c86,False
V_498289027,U_0339,2026-03-09,4335.413786416781,False,,False
V_4053977500,U_0425,2026-03-09,4186.504164971309,False,,False
V_3352861913,U_0428,2026-03-09,2322.570053499339,False,,False
V_0df29849,U_0429,2026-03-09,8852.592652942734,True,G_a36701,True
V_9f991940,U_0330,2026-03-09,3430.08353059694,True,G_a36701,False
V_07d79348,U_0618,2026-03-09,3388.1812770708366,True,G_a36701,False
V_45893d40,U_0457,2026-03-09,7310.70848044042,True,G_a36701,False
V_544624e7,U_0445,2026-03-09,12631.30226483049,True,G_0d6346,True
V_e0a5df7d,U_0163,2026-03-09,12682.706970595224,True,G_0d6346,False
V_67d0efc0,U_0448,2026-03-09,3192.4562177674584,True,G_6e6ed7,True
V_a25b075b,U_0060,2026-03-09,3537.949036136054,True,G_6e6ed7,False
V_c011f47f,U_0377,2026-03-09,2661.696922396974,True,G_6e6ed7,False
V_9313f3d5,U_0876,2026-03-09,3300.7925785536354,True,G_6e6ed7,False
V_a4388f8b,U_0605,2026-03-09,2770.153268934981,True,G_6e6ed7,False
V_1608154181,U_0457,2026-03-09,7429.498793679952,False,,False
V_1111391571,U_0460,2026-03-09,2618.779883963478,False,,False
V_3209712016,U_0484,2026-03-09,10205.229836398792,False,,False
V_2998338529,U_0511,2026-03-09,4697.965076778714,False,,False
V_6b39a7c4,U_0553,2026-03-09,3954.487457713414,True,G_c7e978,True
V_6dd885f9,U_0493,2026-03-09,7268.795154103967,True,G_c7e978,False
V_464ee643,U_0262,2026-03-09,12447.216148468451,True,G_c7e978,False
V_86b29812,U_0137,2026-03-09,4853.442173850162,True,G_c7e978,False
V_2491890734,U_0571,2026-03-09,3524.7540150447003,False,,False
V_97400102,U_0582,2026-03-09,5031.704450058636,False,,False
V_2215258035,U_0583,2026-03-09,3585.447478658293,False,,False
V_2893060127,U_0586,2026-03-09,2396.820137251094,False,,False
V_1795475406,U_0637,2026-03-09,5600.051458397472,False,,False
V_3098367406,U_0683,2026-03-09,5780.46036906006,False,,False
V_03c84169,U_0757,2026-03-09,4042.3199668360476,True,G_2d76ae,True
V_e535669a,U_0488,2026-03-09,6575.413868189544,True,G_2d76ae,False
V_c970bb6d,U_0703,2026-03-09,3400.325455939308,True,G_2d76ae,False
V_87a355e7,U_0422,2026-03-09,6631.088167329547,True,G_2d76ae,False
V_3521777639,U_0878,2026-03-09,1950.598500536597,False,,False
V_4abc78c2,U_0881,2026-03-09,4681.941413335497,True,G_9cf996,True
V_9e04824e,U_0934,2026-03-09,3053.266564707194,True,G_9cf996,False
V_0cb1412e,U_0885,2026-03-09,9641.722219027282,True,G_ee35fc,True
V_7683fa8b,U_0075,2026-03-09,8828.916590318255,True,G_ee35fc,False
V_158b200b,U_0565,2026-03-09,8573.779092662775,True,G_ee35fc,False
V_cf84aa31,U_0636,2026-03-09,11486.177216942624,True,G_ee35fc,False
V_2451762776,U_0912,2026-03-09,4638.716523307596,False,,False
V_4292268150,U_0937,2026-03-09,11628.56566838417,False,,False
V_1284134170,U_0951,2026-03-09,11831.613234288503,False,,False
V_2972316963,U_0977,2026-03-09,8647.083193789345,False,,False
V_3275083034,U_0011,2026-03-09,2747.3273402963905,False,,False
V_3b9a821b,U_0044,2026-03-09,2653.337107698207,True,G_0b2afe,True
V_d24891be,U_0913,2026-03-09,10858.005952116582,True,G_0b2afe,False
V_f6c57c2f,U_0391,2026-03-09,8695.539788639355,True,G_0b2afe,False
V_2c78c40f,U_0125,2026-03-09,5236.191706920169,True,G_0b2afe,False
V_9483479b,U_0567,2026-03-09,6451.28002304305,True,G_0b2afe,False
V_2994892153,U_0130,2026-03-09,9196.41885010534,False,,False
V_1550239775,U_0142,2026-03-09,5302.362400633282,False,,False
V_3996325897,U_0150,2026-03-09,4166.228592374135,False,,False
V_3860778917,U_0166,2026-03-09,5337.3239900358985,False,,False
V_cc00ecc3,U_0254,2026-03-09,1828.7995225094335,True,G_abe965,True
V_82bab6b8,U_0555,2026-03-09,2531.189840907638,True,G_abe965,False
V_4480e803,U_0791,2026-03-09,3519.6336063080385,True,G_abe965,False
V_11e53192,U_0940,2026-03-09,2486.94120632143,True,G_abe965,False
V_a9ce3e4a,U_0962,2026-03-09,2198.704021304234,True,G_abe965,False
V_f6917690,U_0302,2026-03-09,2511.7754267119826,True,G_ff1ae2,True
V_2b887b95,U_0036,2026-03-09,3690.8607118591494,True,G_ff1ae2,False
V_c3c46660,U_0918,2026-03-09,3322.7765997932343,True,G_ff1ae2,False
V_10be4cfa,U_0274,2026-03-09,5736.104616572855,True,G_ff1ae2,False
V_e04e603d,U_0904,2026-03-09,6889.0583665390595,True,G_ff1ae2,False
V_4957734b,U_0863,2026-03-09,7046.295663556363,True,G_ff1ae2,False
V_2189349281,U_0316,2026-03-09,9597.278063803733,False,,False
V_2748476451,U_0326,2026-03-09,7961.777423113939,False,,False
V_1233516797,U_0375,2026-03-09,2333.5053954204186,False,,False
V_3627966591,U_0420,2026-03-09,5070.9278210219345,False,,False
V_1443099399,U_0426,2026-03-09,4408.298289719051,False,,False
V_2228672145,U_0607,2026-03-09,3676.0059598133853,False,,False
V_7a1c0baa,U_0610,2026-03-09,2434.0371391608815,True,G_7e7003,True
V_31a7bfae,U_0411,2026-03-09,2683.2464852041207,True,G_7e7003,False
V_4e4cb58d,U_0887,2026-03-09,4798.895282117482,True,G_7e7003,False
V_ba56a9e4,U_0367,2026-03-09,6910.2319872079925,True,G_7e7003,False
V_817789280,U_0614,2026-03-09,2578.9023136643177,False,,False
V_6c3a4a39,U_0632,2026-03-09,2679.776575253337,True,G_809388,True
V_76e9688e,U_0415,2026-03-09,8526.08621727328,True,G_809388,False
V_086b10bb,U_0882,2026-03-09,3706.5376381551787,True,G_809388,False
V_29fc2e92,U_0508,2026-03-09,7052.883205198094,True,G_809388,False
V_2dc19d69,U_0654,2026-03-09,3365.1629733500877,True,G_b01f58,True
V_60b70ebf,U_0178,2026-03-09,9446.820328220785,True,G_b01f58,False
V_71adf187,U_0666,2026-03-09,3701.391886815022,True,G_7e1217,True
V_05a2a01c,U_0228,2026-03-09,3485.8277760121273,True,G_7e1217,False
V_654088939,U_0723,2026-03-09,5384.004928489265,False,,False
V_b2e8da06,U_0727,2026-03-09,10119.257847973156,True,G_42c438,True
V_a1125051,U_0671,2026-03-09,4195.100667409783,True,G_42c438,False
V_a3b3e5fc,U_0372,2026-03-09,3972.079886694711,True,G_42c438,False
V_86fa82a1,U_0701,2026-03-09,6732.737642424434,True,G_42c438,False
V_9378e473,U_0991,2026-03-09,2079.0137750117633,True,G_42c438,False
V_f6afc12a,U_0249,2026-03-09,3602.7092694687844,True,G_42c438,False
V_949972172,U_0735,2026-03-09,4294.3779703582895,False,,False
V_2867551932,U_0742,2026-03-09,6453.555820608391,False,,False
V_6846210e,U_0744,2026-03-09,2771.8040188970594,True,G_500d38,True
V_3b73c98c,U_0178,2026-03-09,7217.442370150712,True,G_500d38,False
V_2509254894,U_0753,2026-03-09,4904.55441437576,False,,False
V_b17670ad,U_0758,2026-03-09,2970.9807778082545,True,G_dd6446,True
V_d888e30d,U_0308,2026-03-09,4620.324521558019,True,G_dd6446,False
V_963657015,U_0761,2026-03-09,12707.201767522663,False,,False
V_1283c846,U_0766,2026-03-09,4939.722531126267,True,G_885531,True
V_9937ecce,U_0257,2026-03-09,2652.891700907069,True,G_885531,False
V_2851046001,U_0773,2026-03-09,7590.053129778398,False,,False
V_2154502476,U_0853,2026-03-09,2571.6233690451445,False,,False
V_1218571011,U_0865,2026-03-09,3352.4865908743263,False,,False
V_2535286099,U_0873,2026-03-09,6042.405926475779,False,,False
V_88a68988,U_0916,2026-03-09,4824.293915547412,True,G_48b8cc,True
V_4bcb9f20,U_0951,2026-03-09,9337.934314714837,True,G_48b8cc,False
V_de389815,U_0594,2026-03-09,6668.990263472085,True,G_48b8cc,False
V_eee1e225,U_0149,2026-03-09,3487.0252420182223,True,G_48b8cc,False
V_e0fb162a,U_0966,2026-03-09,3587.2681435487625,True,G_48b8cc,False
V_603659906,U_0967,2026-03-09,2369.9825058033525,False,,False
V_3626608092,U_0998,2026-03-09,6564.821355984907,False,,False
V_219896728,U_0007,2026-03-10,7162.604074707057,False,,False
V_b1e40f61,U_0021,2026-03-10,4211.917921621886,True,G_f10ad5,True
V_02b7c11a,U_0701,2026-03-10,6023.629502107585,True,G_f10ad5,False
V_e4ecca27,U_0963,2026-03-10,4680.40195896651,True,G_f10ad5,False
V_55dd1a86,U_0947,2026-03-10,7046.33915634291,True,G_f10ad5,False
V_098e0853,U_0525,2026-03-10,2186.331657687536,True,G_f10ad5,False
V_46c37109,U_0113,2026-03-10,2763.6642586240755,True,G_f10ad5,False
V_2449830893,U_0033,2026-03-10,3539.745846401935,False,,False
V_ef231245,U_0089,2026-03-10,5654.565249174083,True,G_17e9a8,True
V_544e3b06,U_0636,2026-03-10,10092.101832952716,True,G_17e9a8,False
V_57d709cf,U_0863,2026-03-10,7930.376523016101,True,G_17e9a8,False
V_bfc66c17,U_0736,2026-03-10,3326.521930454471,True,G_17e9a8,False
V_873cd93a,U_0103,2026-03-10,3746.0409321538646,True,G_dc0e29,True
V_395237ef,U_0723,2026-03-10,7381.126776578983,True,G_dc0e29,False
V_733403054,U_0142,2026-03-10,4988.174634222109,False,,False
V_23c93ca8,U_0154,2026-03-10,5239.2594004415205,True,G_de87f8,True
V_6eb07c65,U_0610,2026-03-10,2369.204014345602,True,G_de87f8,False
V_c646c1f8,U_0174,2026-03-10,5632.212082084669,True,G_b29adf,True
V_f0dba1fd,U_0169,2026-03-10,3691.0172455558677,True,G_b29adf,False
V_81f70689,U_0200,2026-03-10,3303.23486728673,True,G_b29adf,False
V_50f404f7,U_0229,2026-03-10,4844.884136954444,True,G_b29adf,False
V_585cd064,U_0850,2026-03-10,3261.4575012269706,True,G_b29adf,False
V_3390997839,U_0185,2026-03-10,5230.265313798916,False,,False
V_8e1e9949,U_0206,2026-03-10,5858.864270443405,True,G_e593e9,True
V_182f298a,U_0548,2026-03-10,7044.3837445957,True,G_e593e9,False
V_70a5f139,U_0591,2026-03-10,6896.726172844905,True,G_e593e9,False
V_5657a6ba,U_0052,2026-03-10,2338.7139887130306,True,G_e593e9,False
V_94d43c03,U_0503,2026-03-10,12726.453451295081,True,G_e593e9,False
V_71634311,U_0125,2026-03-10,4658.4275047625415,True,G_e593e9,False
V_904239249,U_0212,2026-03-10,7756.383272988909,False,,False
V_4138626722,U_0226,2026-03-10,3004.662941864849,False,,False
V_3366657821,U_0250,2026-03-10,2723.412784138072,False,,False
V_325b7e1b,U_0307,2026-03-10,3741.3534472106976,True,G_5a71de,True
V_1f2eac3b,U_0158,2026-03-10,2846.697647849358,True,G_5a71de,False
V_70bdc48c,U_0311,2026-03-10,2267.169789947117,True,G_1f8e78,True
V_6adda134,U_0240,2026-03-10,5194.5710729976345,True,G_1f8e78,False
V_e341ebea,U_0960,2026-03-10,2852.787949984924,True,G_1f8e78,False
V_4148123914,U_0312,2026-03-10,4429.542190753484,False,,False
V_718977399,U_0325,2026-03-10,6951.184118369927,False,,False
V_2856727606,U_0374,2026-03-10,2448.645515245134,False,,False
V_3358115806,U_0433,2026-03-10,4780.630341663316,False,,False
V_369145381,U_0434,2026-03-10,5058.073087011634,False,,False
V_b36bf08d,U_0456,2026-03-10,13506.277799051892,True,G_b8138f,True
V_be54f755,U_0219,2026-03-10,1990.0482848332015,True,G_b8138f,False
V_98b9ee3a,U_0654,2026-03-10,3544.504770544368,True,G_b8138f,False
V_8db0d712,U_0673,2026-03-10,2579.622798745408,True,G_b8138f,False
V_ad45319d,U_0183,2026-03-10,11253.62379788216,True,G_b8138f,False
V_9afc09da,U_0457,2026-03-10,8380.613125022932,True,G_949594,True
V_b7ad0f5a,U_0802,2026-03-10,8239.527999363725,True,G_949594,False
V_eeddf5d5,U_0321,2026-03-10,5699.029755495913,True,G_949594,False
V_c5124681,U_0461,2026-03-10,8543.349498170848,True,G_d2337b,True
V_a0193542,U_0758,2026-03-10,2629.2102812843264,True,G_d2337b,False
V_f9c6ec80,U_0852,2026-03-10,8357.896786920855,True,G_d2337b,False
V_2504779735,U_0462,2026-03-10,3012.4371802874425,False,,False
V_2640884752,U_0548,2026-03-10,7597.705787255843,False,,False
V_4157818824,U_0565,2026-03-10,9745.247622283448,False,,False
V_314681933,U_0604,2026-03-10,6431.026589846114,False,,False
V_45503750,U_0622,2026-03-10,5983.429085721081,False,,False
V_3511687072,U_0672,2026-03-10,2986.7532957705203,False,,False
V_cf8108e9,U_0713,2026-03-10,2411.226888319933,True,G_d3a16d,True
V_40a77d89,U_0899,2026-03-10,6461.310021559657,True,G_d3a16d,False
V_7f68c66e,U_0924,2026-03-10,2800.4766744006515,True,G_d3a16d,False
V_3dc4d38e,U_0717,2026-03-10,3961.962848985981,True,G_e44ca1,True
V_e52e9801,U_0750,2026-03-10,6571.126247668519,True,G_e44ca1,False
V_f1e2b493,U_0504,2026-03-10,2519.7283168180165,True,G_e44ca1,False
V_36643373,U_0732,2026-03-10,5174.145975637602,False,,False
V_1256744360,U_0737,2026-03-10,7935.453368464216,False,,False
V_2aca19ce,U_0767,2026-03-10,8617.79305769813,True,G_61d6ae,True
V_eb793319,U_0470,2026-03-10,3685.7222244040368,True,G_61d6ae,False
V_d21fdcb6,U_0798,2026-03-10,4959.935599476453,True,G_61d6ae,False
V_ca14fa4c,U_0655,2026-03-10,6629.40579716466,True,G_61d6ae,False
V_0ba7b098,U_0513,2026-03-10,14070.800722189964,True,G_61d6ae,False
V_98fac9e9,U_0768,2026-03-10,5446.5291705729205,True,G_7a9a46,True
V_2960f4c1,U_0308,2026-03-10,5542.35495275388,True,G_7a9a46,False
V_3479729835,U_0770,2026-03-10,9601.095021079987,False,,False
V_3451785282,U_0824,2026-03-10,2285.698573881174,False,,False
V_4125000900,U_0840,2026-03-10,4340.292159009004,False,,False
V_9f617046,U_0859,2026-03-10,3894.719922347058,True,G_70a079,True
V_50487393,U_0000,2026-03-10,5261.629064220179,True,G_70a079,False
V_1607fe84,U_0240,2026-03-10,7577.979489283332,True,G_70a079,False
V_1fcdab02,U_0506,2026-03-10,5945.989029181525,True,G_70a079,False
V_4089103394,U_0880,2026-03-10,4542.15129610064,False,,False
V_1009017127,U_0977,2026-03-10,10232.410030019095,False,,False
V_738679361,U_0075,2026-03-10,8474.214162199902,False,,False
V_742c6491,U_0111,2026-03-10,4856.4804854378035,True,G_05ff51,True
V_16eba2c4,U_0216,2026-03-10,2300.9004336991616,True,G_05ff51,False
V_bfbd9498,U_0295,2026-03-10,3320.4999974319794,True,G_05ff51,False
V_6753dd25,U_0066,2026-03-10,4523.425998053113,True,G_05ff51,False
V_9741ebb0,U_0354,2026-03-10,5586.681009264306,True,G_05ff51,False
V_3637615094,U_0193,2026-03-10,5852.974044717844,False,,False
V_316249275,U_0202,2026-03-10,7609.893936154619,False,,False
V_1435241252,U_0210,2026-03-10,3845.0551170600274,False,,False
V_630c8dec,U_0218,2026-03-10,3325.8209051183544,True,G_55a03c,True
V_3016bb45,U_0075,2026-03-10,10616.525739351662,True,G_55a03c,False
V_1ffa8ab5,U_0937,2026-03-10,10246.203931918506,True,G_55a03c,False
V_e6afa55b,U_0691,2026-03-10,5376.8834712890275,True,G_55a03c,False
V_aca3bc4a,U_0869,2026-03-10,3603.933169204192,True,G_55a03c,False
V_2888148868,U_0237,2026-03-10,3252.3873726991083,False,,False
V_1957091981,U_0310,2026-03-10,5710.691184320873,False,,False
V_2839274431,U_0353,2026-03-10,3178.4070237297715,False,,False
V_782141af,U_0401,2026-03-10,6378.546012600603,True,G_21802e,True
V_d21ee760,U_0648,2026-03-10,2978.857425023644,True,G_21802e,False
V_782235219,U_0404,2026-03-10,2770.2974728952126,False,,False
V_2dd25739,U_0418,2026-03-10,3931.5306299382687,True,G_cd5252,True
V_ce6a39a3,U_0851,2026-03-10,4955.73614271316,True,G_cd5252,False
V_45a54beb,U_0691,2026-03-10,6606.405934734637,True,G_cd5252,False
V_3940112745,U_0424,2026-03-10,3336.643770297057,False,,False
V_4086818987,U_0430,2026-03-10,2547.491875093042,False,,False
V_04942ec3,U_0454,2026-03-10,4560.363201913249,True,G_79eaac,True
V_96c872e2,U_0963,2026-03-10,4121.506814815557,True,G_79eaac,False
V_c1a49f29,U_0939,2026-03-10,3795.6977050739456,True,G_79eaac,False
V_af3f723d,U_0455,2026-03-10,3714.8798220026806,True,G_79eaac,False
V_736d15a0,U_0468,2026-03-10,1929.7208782590264,True,G_f17bb7,True
V_498c6857,U_0484,2026-03-10,13698.234433924927,True,G_f17bb7,False
V_117619418,U_0500,2026-03-10,2994.878296512051,False,,False
V_85391c24,U_0515,2026-03-10,2679.0343288053955,True,G_0c5cd8,True
V_deef9b9e,U_0289,2026-03-10,3869.801767342999,True,G_0c5cd8,False
V_0922a058,U_0308,2026-03-10,5212.082756298744,True,G_0c5cd8,False
V_3598530815,U_0517,2026-03-10,5954.968317289339,False,,False
V_107a4775,U_0537,2026-03-10,5361.12736304228,True,G_c06c81,True
V_d06773c2,U_0421,2026-03-10,7511.50643012124,True,G_c06c81,False
V_d03ea7a6,U_0299,2026-03-10,5834.514295155517,True,G_c06c81,False
V_72286789,U_0772,2026-03-10,5762.24183549484,True,G_c06c81,False
V_31cbc046,U_0023,2026-03-10,3943.3584003734986,True,G_c06c81,False
V_3be61756,U_0025,2026-03-10,3661.440262539598,True,G_c06c81,False
V_699c7f80,U_0539,2026-03-10,2540.5330626815053,True,G_70e877,True
V_6ff8a7ee,U_0084,2026-03-10,3111.2049399747248,True,G_70e877,False
V_126260081,U_0553,2026-03-10,11421.67234461194,False,,False
V_223868137,U_0598,2026-03-10,5391.28670418202,False,,False
V_118660726,U_0610,2026-03-10,5869.507097718266,False,,False
V_3312053319,U_0611,2026-03-10,5192.644695099036,False,,False
V_62e3e71e,U_0733,2026-03-10,3776.232295627926,True,G_0ad742,True
V_a48e0c4a,U_0283,2026-03-10,4176.352074916896,True,G_0ad742,False
V_ec5cc58e,U_0752,2026-03-10,6461.115743450408,True,G_3bc3be,True
V_82769d48,U_0155,2026-03-10,2605.0252583159568,True,G_3bc3be,False
V_671b0b9d,U_0805,2026-03-10,3472.1392492167743,True,G_3bc3be,False
V_96bbf8f9,U_0313,2026-03-10,4087.826676354103,True,G_3bc3be,False
V_8c24a76d,U_0533,2026-03-10,2021.0149972167376,True,G_3bc3be,False
V_042f9cbd,U_0991,2026-03-10,2043.2625565559124,True,G_3bc3be,False
V_433179338,U_0754,2026-03-10,7296.264957264896,False,,False
V_3135b6d2,U_0791,2026-03-10,3495.8575816013,True,G_e54a00,True
V_9766eea9,U_0798,2026-03-10,5291.235099649684,True,G_e54a00,False
V_31b88634,U_0086,2026-03-10,4306.883523959373,True,G_e54a00,False
V_a3c4e682,U_0708,2026-03-10,3595.866923506615,True,G_e54a00,False
V_f7772135,U_0793,2026-03-10,3906.518325667494,True,G_d78988,True
V_5888d50a,U_0930,2026-03-10,3153.4351672549096,True,G_d78988,False
V_fc9e56e9,U_0613,2026-03-10,7053.736588708827,True,G_d78988,False
V_9615e942,U_0041,2026-03-10,5059.455145962424,True,G_d78988,False
V_ae4cac84,U_0796,2026-03-10,2526.783528861235,True,G_d78988,False
V_38ca91ff,U_0171,2026-03-10,3796.081444171401,True,G_d78988,False
V_440374750,U_0811,2026-03-10,1969.357952233509,False,,False
V_93423cc3,U_0842,2026-03-10,4649.5128693559955,True,G_8b667e,True
V_e03e1d5c,U_0576,2026-03-10,7638.625450933646,True,G_8b667e,False
V_2581280811,U_0846,2026-03-10,5178.131649629549,False,,False
V_836a0244,U_0902,2026-03-10,10832.106923909641,True,G_dbc7d4,True
V_9990a25f,U_0209,2026-03-10,5750.644792487378,True,G_dbc7d4,False
V_fb001c96,U_0010,2026-03-10,4087.5457184650627,True,G_dbc7d4,False
V_541e7191,U_0745,2026-03-10,2878.3678541374784,True,G_dbc7d4,False
V_5da42610,U_0304,2026-03-10,3430.0592243991046,True,G_dbc7d4,False
V_90b08b1c,U_0281,2026-03-10,6272.364697740261,True,G_dbc7d4,False
V_1415133546,U_0904,2026-03-10,6252.160554469369,False,,False
V_3388129348,U_0920,2026-03-10,7145.702397666788,False,,False
V_2786237621,U_0954,2026-03-10,2547.594716933177,False,,False
V_3159018571,U_0962,2026-03-10,9342.56331229431,False,,False
V_4ea13982,U_0051,2026-03-11,2753.883090085691,True,G_f0ea26,True
V_87f0eea5,U_0368,2026-03-11,3607.8775935440835,True,G_f0ea26,False
V_7f0e5ac6,U_0355,2026-03-11,3718.8894694448145,True,G_f0ea26,False
V_61266b05,U_0350,2026-03-11,3369.9878843552005,True,G_f0ea26,False
V_9e5cf442,U_0962,2026-03-11,2476.045227215393,True,G_f0ea26,False
V_a1cdeda7,U_0906,2026-03-11,3813.8280500722535,True,G_f0ea26,False
V_1209315330,U_0099,2026-03-11,2961.681212791458,False,,False
V_526466808,U_0174,2026-03-11,4026.41032355726,False,,False
V_1944782936,U_0193,2026-03-11,3369.3754853890528,False,,False
V_98db2a30,U_0206,2026-03-11,7162.373243978964,True,G_62875a,True
V_ae1c801c,U_0516,2026-03-11,2544.5527454555877,True,G_62875a,False
V_7b6bb93e,U_0209,2026-03-11,5747.52789734289,True,G_78f12c,True
V_29345472,U_0783,2026-03-11,3281.075215259742,True,G_78f12c,False
V_94f4e6ff,U_0211,2026-03-11,5503.868234768162,True,G_f1b00f,True
V_3ed64597,U_0418,2026-03-11,4979.678532004613,True,G_f1b00f,False
V_2103136345,U_0237,2026-03-11,11682.849357654912,False,,False
V_fa486437,U_0238,2026-03-11,7009.960624569598,True,G_ed220b,True
V_10c1a33c,U_0782,2026-03-11,4025.690262378707,True,G_ed220b,False
V_2c7d5c31,U_0628,2026-03-11,12637.073423146807,True,G_ed220b,False
V_819420527,U_0243,2026-03-11,5058.227120300052,False,,False
V_3140459608,U_0288,2026-03-11,6791.181329596055,False,,False
V_3298267812,U_0338,2026-03-11,9092.718763258472,False,,False
V_3772033072,U_0349,2026-03-11,4452.7970374537845,False,,False
V_ddb2643c,U_0361,2026-03-11,3728.463454422797,True,G_2d4b02,True
V_3c1e697a,U_0566,2026-03-11,2911.8082027358378,True,G_2d4b02,False
V_1860348632,U_0391,2026-03-11,10560.559626710241,False,,False
V_2341539219,U_0429,2026-03-11,12883.088026147941,False,,False
V_2d9b0e60,U_0449,2026-03-11,4352.498975510752,True,G_f0cbb6,True
V_4a38ec18,U_0491,2026-03-11,5322.562480822899,True,G_f0cbb6,False
V_3323457333,U_0461,2026-03-11,7263.317492847516,False,,False
V_1986363914,U_0475,2026-03-11,3399.3187791862297,False,,False
V_9cbf1979,U_0554,2026-03-11,5000.066453933354,True,G_48a3ff,True
V_4161dcb7,U_0007,2026-03-11,5280.97571594846,True,G_48a3ff,False
V_e44d2b07,U_0106,2026-03-11,3512.9058885941204,True,G_48a3ff,False
V_8080588d,U_0552,2026-03-11,4465.031857460289,True,G_48a3ff,False
V_0b60d16a,U_0506,2026-03-11,5745.059792624116,True,G_48a3ff,False
V_66961b1f,U_0185,2026-03-11,4182.791597212894,True,G_48a3ff,False
V_539102585,U_0566,2026-03-11,4352.599040456876,False,,False
V_5918ceef,U_0586,2026-03-11,2006.99946637332,True,G_050230,True
V_31474e5b,U_0435,2026-03-11,2416.508305400389,True,G_050230,False
V_b620e974,U_0040,2026-03-11,2619.2288286956973,True,G_050230,False
V_7a732c3c,U_0389,2026-03-11,2218.8795579491257,True,G_050230,False
V_5b58c642,U_0482,2026-03-11,3788.486684828848,True,G_050230,False
V_1d578132,U_0719,2026-03-11,2863.367316515516,True,G_050230,False
V_e13837ca,U_0657,2026-03-11,11170.762354288721,True,G_e2d812,True
V_c55469ea,U_0221,2026-03-11,7867.426485211014,True,G_e2d812,False
V_bf446830,U_0515,2026-03-11,2819.4621825255986,True,G_e2d812,False
V_be691c4c,U_0207,2026-03-11,3719.0057159124162,True,G_e2d812,False
V_a9fa748d,U_0452,2026-03-11,2491.155654204062,True,G_e2d812,False
V_697e20f3,U_0839,2026-03-11,3805.1599456564404,True,G_e2d812,False
V_2316782625,U_0691,2026-03-11,6112.158805113876,False,,False
V_1477350105,U_0701,2026-03-11,6073.775383910379,False,,False
V_496298843,U_0748,2026-03-11,6991.809723852383,False,,False
V_4017c8b0,U_0766,2026-03-11,3904.9607343338107,True,G_367765,True
V_1b819b58,U_0934,2026-03-11,3532.7314077566657,True,G_367765,False
V_b1c51dfa,U_0785,2026-03-11,5872.112534576916,True,G_367765,False
V_1f82c02d,U_0010,2026-03-11,4473.072858516109,True,G_367765,False
V_527cad9b,U_0859,2026-03-11,3315.552225332103,True,G_f4ceaa,True
V_a3925844,U_0087,2026-03-11,8195.703878180044,True,G_f4ceaa,False
V_328859f3,U_0655,2026-03-11,6092.142640514348,True,G_f4ceaa,False
V_180b8c14,U_0355,2026-03-11,3823.320075746284,True,G_f4ceaa,False
V_1febeb48,U_0166,2026-03-11,6592.067724563922,True,G_f4ceaa,False
V_4099335936,U_0864,2026-03-11,3667.6020567292867,False,,False
V_829557921,U_0895,2026-03-11,5493.90278525855,False,,False
V_2851815288,U_0910,2026-03-11,6000.562244899061,False,,False
V_1757967510,U_0969,2026-03-11,10636.606005562558,False,,False
V_2182675933,U_0972,2026-03-11,6139.841875255513,False,,False
V_771761571,U_0025,2026-03-11,6262.628734359755,False,,False
V_4276613686,U_0036,2026-03-11,8517.321145683465,False,,False
V_c7285ffb,U_0066,2026-03-11,5934.299882663411,True,G_b7dd8e,True
V_f2d3ac64,U_0436,2026-03-11,10239.702550880053,True,G_b7dd8e,False
V_c04443a6,U_0170,2026-03-11,3893.1117340134138,True,G_b7dd8e,False
V_5ddb821b,U_0624,2026-03-11,6741.644856376308,True,G_b7dd8e,False
V_eb76a1db,U_0486,2026-03-11,6153.69780073349,True,G_b7dd8e,False
V_1568431291,U_0100,2026-03-11,2237.9366837418124,False,,False
V_2255795369,U_0119,2026-03-11,13374.404894361112,False,,False
V_49417cc5,U_0165,2026-03-11,3645.008564875707,True,G_8fb2ae,True
V_73f0cd6f,U_0487,2026-03-11,4372.921714919528,True,G_8fb2ae,False
V_2c7e94d8,U_0169,2026-03-11,5028.45404267376,True,G_8fb2ae,False
V_f9bb5407,U_0676,2026-03-11,4398.783312533654,True,G_8fb2ae,False
V_c148f69e,U_0858,2026-03-11,5041.098587322017,True,G_8fb2ae,False
V_659089130,U_0168,2026-03-11,6060.0829283854655,False,,False
V_1185a53e,U_0208,2026-03-11,3164.5134596525204,True,G_b87bfc,True
V_c9c1076b,U_0206,2026-03-11,7042.321545943266,True,G_b87bfc,False
V_f72ad6c8,U_0052,2026-03-11,2818.4890384681207,True,G_b87bfc,False
V_7acb6308,U_0994,2026-03-11,6132.483607617501,True,G_b87bfc,False
V_3fa90605,U_0068,2026-03-11,4225.688084705405,True,G_b87bfc,False
V_a9b4dac4,U_0324,2026-03-11,8092.955066647898,True,G_b87bfc,False
V_3716360054,U_0225,2026-03-11,5235.482962090461,False,,False
V_1746822359,U_0237,2026-03-11,3610.913029563939,False,,False
V_383287327,U_0241,2026-03-11,9428.331606551845,False,,False
V_de52c70b,U_0243,2026-03-11,3940.869598240356,True,G_4a6746,True
V_852c231e,U_0857,2026-03-11,1896.5142005271641,True,G_4a6746,False
V_8804e283,U_0898,2026-03-11,3134.0244311468828,True,G_4a6746,False
V_bbf7b51d,U_0265,2026-03-11,7585.473129380599,True,G_d672b9,True
V_e2ee11e4,U_0161,2026-03-11,5562.126504084321,True,G_d672b9,False
V_2797040108,U_0331,2026-03-11,7281.981276201864,False,,False
V_1173465755,U_0345,2026-03-11,7483.839865067128,False,,False
V_2705f5c7,U_0399,2026-03-11,3067.2550182267605,True,G_742ae1,True
V_cda5fda1,U_0079,2026-03-11,2116.210183986428,True,G_742ae1,False
V_354204ff,U_0756,2026-03-11,2540.648648796261,True,G_742ae1,False
V_7d770cdb,U_0004,2026-03-11,4179.883780330214,True,G_742ae1,False
V_8cb69193,U_0580,2026-03-11,5479.844793654881,True,G_742ae1,False
V_27e8c055,U_0778,2026-03-11,3061.90417977495,True,G_742ae1,False
V_93059191,U_0400,2026-03-11,8038.290130358147,True,G_8717f5,True
V_e916deb0,U_0782,2026-03-11,4138.1476079136455,True,G_8717f5,False
V_497b0b6c,U_0742,2026-03-11,6782.853943046055,True,G_8717f5,False
V_40391899,U_0383,2026-03-11,3289.633328372493,True,G_8717f5,False
V_5114b033,U_0300,2026-03-11,5053.555117060615,True,G_8717f5,False
V_2b4e7288,U_0999,2026-03-11,6318.235761078648,True,G_8717f5,False
V_2334030967,U_0415,2026-03-11,4272.1822806041855,False,,False
V_e0d08de4,U_0420,2026-03-11,2974.9354325946306,True,G_4ce8fa,True
V_3639bd50,U_0909,2026-03-11,1956.5215404994526,True,G_4ce8fa,False
V_3932443873,U_0442,2026-03-11,3218.3821053166334,False,,False
V_e0be4c75,U_0451,2026-03-11,7173.154294261547,True,G_681140,True
V_035a429c,U_0864,2026-03-11,4149.637876086699,True,G_681140,False
V_ce4fc3de,U_0554,2026-03-11,7121.860599763666,True,G_681140,False
V_1377501591,U_0453,2026-03-11,5902.2039105741,False,,False
V_00c88f91,U_0471,2026-03-11,4466.851084727365,True,G_aad272,True
V_5044a588,U_0624,2026-03-11,5621.7049302845635,True,G_aad272,False
V_f732b9be,U_0268,2026-03-11,6610.67784654606,True,G_aad272,False
V_00dc08f6,U_0659,2026-03-11,4053.129985098951,True,G_aad272,False
V_39e387ee,U_0459,2026-03-11,2411.5291226078384,True,G_aad272,False
V_b3c7fe76,U_0476,2026-03-11,1779.91609488248,True,G_199d7d,True
V_a8a6f1a8,U_0467,2026-03-11,3144.0136010134684,True,G_199d7d,False
V_acf68ef8,U_0486,2026-03-11,6557.808292317945,True,G_cf827f,True
V_7111c5ac,U_0509,2026-03-11,4263.040273933687,True,G_cf827f,False
V_3dcaa990,U_0273,2026-03-11,3751.693435842521,True,G_cf827f,False
V_d7cf7ad1,U_0142,2026-03-11,5866.991236671909,True,G_cf827f,False
V_e0ab6d2a,U_0242,2026-03-11,2317.346113609835,True,G_cf827f,False
V_1659fbed,U_0517,2026-03-11,2514.019762826705,True,G_abfc78,True
V_3bd4a040,U_0764,2026-03-11,2704.1929524545403,True,G_abfc78,False
V_656dcbd4,U_0016,2026-03-11,3611.2101634697083,True,G_abfc78,False
V_1379b271,U_0000,2026-03-11,4594.396537009894,True,G_abfc78,False
V_f1fa2569,U_0023,2026-03-11,3108.2531718433543,True,G_abfc78,False
V_edd0386f,U_0105,2026-03-11,2567.272561253707,True,G_abfc78,False
V_336170615,U_0526,2026-03-11,3575.035253966828,False,,False
V_2191103192,U_0604,2026-03-11,3135.186968675528,False,,False
V_484297137,U_0622,2026-03-11,5745.393054705682,False,,False
V_754478759,U_0623,2026-03-11,3932.875932085715,False,,False
V_c5d557be,U_0647,2026-03-11,5414.182498122042,True,G_d50ea3,True
V_56e5b45f,U_0843,2026-03-11,5755.19060148664,True,G_d50ea3,False
V_2480775576,U_0727,2026-03-11,6691.47506958587,False,,False
V_1615449915,U_0735,2026-03-11,4289.140675219008,False,,False
V_45c284be,U_0738,2026-03-11,5731.098280158231,True,G_121bed,True
V_e5c44f38,U_0683,2026-03-11,6346.793457356973,True,G_121bed,False
V_0bd45d9b,U_0644,2026-03-11,3696.5607866049822,True,G_121bed,False
V_2152370338,U_0788,2026-03-11,5996.995014968397,False,,False
V_488904809,U_0840,2026-03-11,9392.638596780258,False,,False
V_2130967401,U_0857,2026-03-11,7002.8793052853935,False,,False
V_efd0ea04,U_0920,2026-03-11,3562.6135696070387,True,G_2868b5,True
V_d1cdd005,U_0668,2026-03-11,6626.261769166189,True,G_2868b5,False
V_af9038f8,U_0273,2026-03-11,4540.547934897171,True,G_2868b5,False
V_799fed24,U_0441,2026-03-11,2796.5149731630545,True,G_2868b5,False
V_09f333b5,U_0059,2026-03-11,5594.288824268484,True,G_2868b5,False
V_1488444759,U_0921,2026-03-11,2161.2845384754078,False,,False
V_197480a4,U_0054,2026-03-12,2128.8246098704926,True,G_ae7291,True
V_b1584dc7,U_0922,2026-03-12,4422.692488397272,True,G_ae7291,False
V_7ca5e4bd,U_0638,2026-03-12,3923.586288403922,True,G_ae7291,False
V_241b13c2,U_0592,2026-03-12,2232.7818575846936,True,G_ae7291,False
V_1638448094,U_0065,2026-03-12,5636.815031836393,False,,False
V_9de8b752,U_0079,2026-03-12,2071.1265001618726,True,G_ba8a09,True
V_df3828bf,U_0160,2026-03-12,9973.391797872499,True,G_ba8a09,False
V_702765be,U_0046,2026-03-12,4438.5556716609635,True,G_ba8a09,False
V_325256246,U_0097,2026-03-12,11699.311065105056,False,,False
V_3869397393,U_0134,2026-03-12,2978.4516531945064,False,,False
V_2179209734,U_0140,2026-03-12,2769.888797020933,False,,False
V_1564008966,U_0141,2026-03-12,4169.614633016359,False,,False
V_0307d470,U_0195,2026-03-12,4827.6569540267665,True,G_c0e303,True
V_4a10e2e1,U_0564,2026-03-12,2020.094573074558,True,G_c0e303,False
V_1db041fe,U_0425,2026-03-12,4593.233275137617,True,G_c0e303,False
V_03a6bac0,U_0828,2026-03-12,3658.9370588328793,True,G_c0e303,False
V_91c2a90e,U_0205,2026-03-12,5490.798078445583,True,G_cde807,True
V_02826fe9,U_0907,2026-03-12,4252.889530566457,True,G_cde807,False
V_b27d8728,U_0659,2026-03-12,3798.825327375486,True,G_cde807,False
V_a8b71e22,U_0327,2026-03-12,1969.9117767491252,True,G_cde807,False
V_58d2ab6b,U_0232,2026-03-12,4160.350610577852,True,G_cde807,False
V_d2f87b99,U_0172,2026-03-12,2977.0365243630977,True,G_cde807,False
V_324239133,U_0237,2026-03-12,8938.38170532935,False,,False
V_620669223,U_0336,2026-03-12,6439.827196232625,False,,False
V_1127903880,U_0403,2026-03-12,4285.072862633793,False,,False
V_3072230620,U_0415,2026-03-12,6658.630385414726,False,,False
V_2143816816,U_0437,2026-03-12,2744.7747634750667,False,,False
V_1172065599,U_0463,2026-03-12,4183.011173928843,False,,False
V_6c162b73,U_0485,2026-03-12,3584.723236380368,True,G_e1e967,True
V_ea5657bf,U_0918,2026-03-12,3303.109739351482,True,G_e1e967,False
V_c4abe687,U_0989,2026-03-12,2058.3807258562624,True,G_e1e967,False
V_02e1c028,U_0730,2026-03-12,2522.526513265757,True,G_e1e967,False
V_3886369394,U_0551,2026-03-12,3677.7565003776895,False,,False
V_d6701e4b,U_0565,2026-03-12,10149.483976823882,True,G_b1bc3a,True
V_df605cc8,U_0977,2026-03-12,8831.712448257687,True,G_b1bc3a,False
V_63e6b9d8,U_0295,2026-03-12,3391.557821325529,True,G_b1bc3a,False
V_39e461df,U_0632,2026-03-12,2275.3457753258613,True,G_b1bc3a,False
V_e267cd7a,U_0088,2026-03-12,10351.551065526126,True,G_b1bc3a,False
V_3988cbd4,U_0754,2026-03-12,2421.4264774609605,True,G_b1bc3a,False
V_2117719530,U_0569,2026-03-12,3444.303250354452,False,,False
V_865970537,U_0574,2026-03-12,5024.6521007071315,False,,False
V_5084b412,U_0613,2026-03-12,6134.575396170837,True,G_a31aee,True
V_d0962d50,U_0164,2026-03-12,2099.9390596911785,True,G_a31aee,False
V_ab9cd36f,U_0708,2026-03-12,4376.3355367348,True,G_a31aee,False
V_a8a6a972,U_0620,2026-03-12,2946.8665186381922,True,G_0b2ac1,True
V_cee9057b,U_0340,2026-03-12,3368.379774854191,True,G_0b2ac1,False
V_ab246a5a,U_0219,2026-03-12,2201.1990278793114,True,G_0b2ac1,False
V_039fd874,U_0347,2026-03-12,2849.9622347682835,True,G_0b2ac1,False
V_3f4d213e,U_0725,2026-03-12,5650.548427359331,True,G_0b2ac1,False
V_2bf2796d,U_0542,2026-03-12,3998.3429159885713,True,G_0b2ac1,False
V_4124289089,U_0627,2026-03-12,4981.454551079769,False,,False
V_fac19737,U_0646,2026-03-12,10278.04904528182,True,G_dfc990,True
V_bc60ad74,U_0503,2026-03-12,10815.47226921731,True,G_dfc990,False
V_e9e010d6,U_0206,2026-03-12,7028.5324789119295,True,G_dfc990,False
V_cba58715,U_0015,2026-03-12,8083.6470356622885,True,G_dfc990,False
V_6e347987,U_0802,2026-03-12,9289.032861312608,True,G_dfc990,False
V_52d1bdd4,U_0560,2026-03-12,10927.20150036071,True,G_dfc990,False
V_7e06396b,U_0654,2026-03-12,2957.8847227628607,True,G_698e7b,True
V_22e1fb89,U_0910,2026-03-12,6419.0260612400225,True,G_698e7b,False
V_1b76edc0,U_0655,2026-03-12,6793.597307101245,True,G_698e7b,False
V_1be061b7,U_0692,2026-03-12,6061.239434644686,True,G_698e7b,False
V_3338088287,U_0661,2026-03-12,5379.17858281644,False,,False
V_d9708eec,U_0691,2026-03-12,6188.962765232584,True,G_382126,True
V_ab683001,U_0206,2026-03-12,5462.269708936418,True,G_382126,False
V_1910571818,U_0704,2026-03-12,9402.607050708828,False,,False
V_28725258,U_0752,2026-03-12,6293.014489784668,True,G_1629aa,True
V_5564019f,U_0735,2026-03-12,6922.655803550978,True,G_1629aa,False
V_d1118ac4,U_0623,2026-03-12,10738.454390162538,True,G_1629aa,False
V_88ca4bda,U_0759,2026-03-12,3315.615090883093,True,G_e3fa4b,True
V_5f2b535d,U_0700,2026-03-12,2373.1647187665767,True,G_e3fa4b,False
V_250527da,U_0231,2026-03-12,4122.085549918617,True,G_e3fa4b,False
V_20c1b866,U_0562,2026-03-12,2946.9139930777196,True,G_e3fa4b,False
V_6113f2ca,U_0967,2026-03-12,3054.523274043666,True,G_e3fa4b,False
V_06a758de,U_0081,2026-03-12,3051.584963624792,True,G_e3fa4b,False
V_34fa6d1b,U_0774,2026-03-12,3322.7590218411465,True,G_0fcc40,True
V_14bf603a,U_0726,2026-03-12,4306.519791476259,True,G_0fcc40,False
V_4366a6d3,U_0694,2026-03-12,5130.064763103026,True,G_0fcc40,False
V_5868a314,U_0728,2026-03-12,2218.2628938250728,True,G_0fcc40,False
V_77bab852,U_0311,2026-03-12,1783.168255792171,True,G_0fcc40,False
V_98fc46f6,U_0968,2026-03-12,3190.746039272881,True,G_0fcc40,False
V_e1717f2d,U_0786,2026-03-12,3825.0718263455406,True,G_77da85,True
V_b787364e,U_0397,2026-03-12,3601.9813754028814,True,G_77da85,False
V_fb8fa39a,U_0787,2026-03-12,5919.2675333544385,True,G_77da85,False
V_aec1a76b,U_0427,2026-03-12,2776.194978327821,True,G_77da85,False
V_23c6b741,U_0297,2026-03-12,2890.6478538499587,True,G_77da85,False
V_d43dfad5,U_0792,2026-03-12,4037.9252828273566,True,G_a67ec5,True
V_eaab1468,U_0757,2026-03-12,4511.249982297583,True,G_a67ec5,False
V_ce54adab,U_0177,2026-03-12,2876.5038067343253,True,G_a67ec5,False
V_833587366,U_0813,2026-03-12,6942.343778681162,False,,False
V_1065912701,U_0847,2026-03-12,5444.473981410055,False,,False
V_5092728c,U_0851,2026-03-12,6185.7581265799345,True,G_d8f922,True
V_ecc841a9,U_0429,2026-03-12,8662.7894295151,True,G_d8f922,False
V_242372c2,U_0673,2026-03-12,3112.291084441585,True,G_d8f922,False
V_2525115226,U_0878,2026-03-12,1949.7647519239108,False,,False
V_2869158416,U_0913,2026-03-12,8112.413352573587,False,,False
V_439920304,U_0915,2026-03-12,6958.981067032642,False,,False
V_3ed1b157,U_0955,2026-03-12,10482.209984578718,True,G_20114a,True
V_65803a76,U_0456,2026-03-12,13203.150779108899,True,G_20114a,False
V_aaa93b2a,U_0695,2026-03-12,8504.850131350864,True,G_20114a,False
V_56e83619,U_0005,2026-03-12,4839.224691155213,True,G_cab2fb,True
V_d202afff,U_0215,2026-03-12,5272.951100814138,True,G_cab2fb,False
V_3923194414,U_0008,2026-03-12,1957.0163744651088,False,,False
V_2769693760,U_0075,2026-03-12,9465.84762088941,False,,False
V_3041946392,U_0165,2026-03-12,4688.951267002934,False,,False
V_f279ddbb,U_0207,2026-03-12,3149.803608836767,True,G_da6882,True
V_4038ec3a,U_0418,2026-03-12,4366.674788222384,True,G_da6882,False
V_667dafd1,U_0897,2026-03-12,7949.801178853199,True,G_da6882,False
V_c8513aa1,U_0565,2026-03-12,10207.046314291863,True,G_da6882,False
V_cfa7a141,U_0181,2026-03-12,9512.104310220599,True,G_da6882,False
V_c62e66e2,U_0068,2026-03-12,3337.2154459630556,True,G_da6882,False
V_3609471084,U_0259,2026-03-12,3782.3839065355733,False,,False
V_3564588996,U_0274,2026-03-12,11506.001242654205,False,,False
V_014052bf,U_0313,2026-03-12,3827.8363020976185,True,G_ede4a3,True
V_bbeb6998,U_0169,2026-03-12,4367.839701058843,True,G_ede4a3,False
V_3dcf2dfb,U_0330,2026-03-12,3988.794708373691,True,G_e65912,True
V_5ab94126,U_0969,2026-03-12,12622.610521102657,True,G_e65912,False
V_3a8bf9e3,U_0900,2026-03-12,4566.671613330789,True,G_e65912,False
V_07566b29,U_0977,2026-03-12,7549.60934924429,True,G_e65912,False
V_afd5900d,U_0308,2026-03-12,5000.175470947273,True,G_e65912,False
V_c32ae54b,U_0338,2026-03-12,11709.777850661623,True,G_e65912,False
V_41077831,U_0350,2026-03-12,5357.122516968572,False,,False
V_3185577613,U_0353,2026-03-12,3874.6190140857952,False,,False
V_1835093724,U_0357,2026-03-12,8932.145599044272,False,,False
V_3011916280,U_0362,2026-03-12,7720.429245837239,False,,False
V_32824565,U_0388,2026-03-12,2704.176175839242,True,G_6563c7,True
V_7a1b780a,U_0838,2026-03-12,3290.491435812592,True,G_6563c7,False
V_7fa93df1,U_0695,2026-03-12,6880.493422851093,True,G_6563c7,False
V_0fa151de,U_0357,2026-03-12,2909.0247127868,True,G_6563c7,False
V_9f6a74e7,U_0130,2026-03-12,8386.229950631681,True,G_6563c7,False
V_4064403476,U_0414,2026-03-12,5332.482860439938,False,,False
V_825738082,U_0421,2026-03-12,5047.771417201546,False,,False
V_cfd67cc5,U_0424,2026-03-12,2857.8724917456084,True,G_e2c589,True
V_27b300f7,U_0407,2026-03-12,2192.1904439376012,True,G_e2c589,False
V_cfddf70a,U_0447,2026-03-12,3253.590744214092,True,G_e2c589,False
V_93cefc77,U_0805,2026-03-12,3435.9611691479845,True,G_e2c589,False
V_d8cc3c36,U_0228,2026-03-12,3108.998581960303,True,G_e2c589,False
V_ff044fa5,U_0578,2026-03-12,2804.219193985872,True,G_e2c589,False
V_7d60c6de,U_0436,2026-03-12,12215.599585599657,True,G_aec3f3,True
V_89dfe328,U_0664,2026-03-12,3046.716315919592,True,G_aec3f3,False
V_0328e7f6,U_0480,2026-03-12,4379.7107137684225,True,G_aec3f3,False
V_1370797279,U_0540,2026-03-12,7947.582872876609,False,,False
V_934300378,U_0578,2026-03-12,6220.736633074317,False,,False
V_3246224725,U_0585,2026-03-12,5039.689937112396,False,,False
V_3755589141,U_0604,2026-03-12,2948.8660997600223,False,,False
V_4242236315,U_0619,2026-03-12,4052.1541990789633,False,,False
V_755434b2,U_0692,2026-03-12,5499.812029115516,True,G_793093,True
V_2cd9b2d0,U_0670,2026-03-12,3542.714731227248,True,G_793093,False
V_2418810816,U_0702,2026-03-12,2340.4211997085513,False,,False
V_119fc5ef,U_0782,2026-03-12,5330.087634802449,True,G_8ebb7e,True
V_fc42765a,U_0015,2026-03-12,10025.609067250716,True,G_8ebb7e,False
V_76dccc95,U_0740,2026-03-12,3700.9738811159655,True,G_8ebb7e,False
V_fe539da7,U_0582,2026-03-12,5885.141468619739,True,G_8ebb7e,False
V_2afcf05b,U_0790,2026-03-12,5855.661960364799,True,G_6e1ba3,True
V_1201b762,U_0815,2026-03-12,5537.0896112575465,True,G_6e1ba3,False
V_73dd3446,U_0060,2026-03-12,2591.96343007673,True,G_6e1ba3,False
V_afe39c67,U_0747,2026-03-12,1663.697530054636,True,G_6e1ba3,False
V_1a337ba5,U_0804,2026-03-12,5727.3673024163845,True,G_2f8b3a,True
V_5192beaf,U_0052,2026-03-12,2654.4464838456342,True,G_2f8b3a,False
V_962762ca,U_0429,2026-03-12,10372.689500485607,True,G_2f8b3a,False
V_f604709c,U_0782,2026-03-12,4884.020809002593,True,G_2f8b3a,False
V_8aae50dd,U_0813,2026-03-12,8500.303276570012,True,G_2f8b3a,False
V_7cdf2b09,U_0833,2026-03-12,3044.352430655712,True,G_9b3ce6,True
V_77ad78bb,U_0015,2026-03-12,7659.848236376722,True,G_9b3ce6,False
V_5de33442,U_0470,2026-03-12,4009.5318460788153,True,G_9b3ce6,False
V_e111127e,U_0883,2026-03-12,3437.027967711705,True,G_36a154,True
V_290fd08f,U_0531,2026-03-12,2026.9815083810226,True,G_36a154,False
V_9493522b,U_0944,2026-03-12,3013.27136848655,True,G_36a154,False
V_a3e24581,U_0367,2026-03-12,7907.918505405548,True,G_36a154,False
V_87125a51,U_0323,2026-03-12,7648.011737979782,True,G_36a154,False
V_12948723,U_0694,2026-03-12,5580.352890098752,True,G_36a154,False
V_4149891458,U_0962,2026-03-12,10091.173567354921,False,,False
V_d5ac442c,U_0990,2026-03-12,2354.4225528338443,True,G_a7d7df,True
V_048b2ad7,U_0233,2026-03-12,3144.0151533842068,True,G_a7d7df,False
V_e3d2bfae,U_0223,2026-03-12,2549.180537199877,True,G_a7d7df,False
V_5aa533d7,U_0478,2026-03-12,3535.1132238202626,True,G_a7d7df,False
V_2542448082,U_0991,2026-03-12,6621.606058679354,False,,False
V_eec45cb3,U_0994,2026-03-12,5200.964027153201,True,G_c4d198,True
V_d82b0b95,U_0415,2026-03-12,9669.234498040076,True,G_c4d198,False
V_5ffbfeaa,U_0178,2026-03-12,7950.588617807775,True,G_c4d198,False
V_4e4a7a7d,U_0316,2026-03-12,2454.398027547226,True,G_c4d198,False
V_467297ea,U_0241,2026-03-12,1711.4207429738326,True,G_c4d198,False
V_eb186bb3,U_0902,2026-03-12,12128.772421058038,True,G_c4d198,False
V_4197175777,U_0999,2026-03-12,3261.8292983025217,False,,False
V_03f55d54,U_0043,2026-03-13,3918.5942415152354,True,G_0d627f,True
V_3f542f1c,U_0604,2026-03-13,7308.863772410551,True,G_0d627f,False
V_cf161830,U_0698,2026-03-13,2035.5745143965203,True,G_0d627f,False
V_08e7689c,U_0070,2026-03-13,5265.827550795687,True,G_2ca897,True
V_e5582b9a,U_0508,2026-03-13,7589.553303884257,True,G_2ca897,False
V_d436d4b7,U_0938,2026-03-13,4259.575451660447,True,G_2ca897,False
V_1014532936,U_0084,2026-03-13,3394.750764802815,False,,False
V_027e5377,U_0095,2026-03-13,3939.69960227689,True,G_704edd,True
V_2c46928c,U_0493,2026-03-13,7175.557627678655,True,G_704edd,False
V_54843ea2,U_0572,2026-03-13,6476.294814795299,True,G_704edd,False
V_68b623f8,U_0142,2026-03-13,6379.121065276873,True,G_15df4c,True
V_4048bb3f,U_0002,2026-03-13,2703.238781850653,True,G_15df4c,False
V_06e9e3be,U_0840,2026-03-13,3724.050182014588,True,G_15df4c,False
V_1a1b5b50,U_0417,2026-03-13,3119.9499248212537,True,G_15df4c,False
V_e4bab6b7,U_0356,2026-03-13,3109.2249832887055,True,G_15df4c,False
V_962327229,U_0154,2026-03-13,6184.812521412054,False,,False
V_2001160031,U_0158,2026-03-13,2580.9284241873697,False,,False
V_1159468599,U_0160,2026-03-13,10890.432817939147,False,,False
V_487bcf7e,U_0163,2026-03-13,11956.921248692812,True,G_915513,True
V_94abd344,U_0565,2026-03-13,8449.295486944628,True,G_915513,False
V_1529aa86,U_0237,2026-03-13,11302.52125013034,True,G_915513,False
V_4271390452,U_0168,2026-03-13,11304.57755441063,False,,False
V_6f171ff5,U_0178,2026-03-13,9562.291416205057,True,G_5b9227,True
V_e93d3c94,U_0194,2026-03-13,7766.182799878406,True,G_5b9227,False
V_a7949ea7,U_0693,2026-03-13,5722.821413274938,True,G_5b9227,False
V_229a1cbe,U_0955,2026-03-13,7567.091286736172,True,G_5b9227,False
V_b777b925,U_0221,2026-03-13,6020.053469556811,True,G_72b781,True
V_20843337,U_0838,2026-03-13,3273.999856780935,True,G_72b781,False
V_ecbbf9bd,U_0804,2026-03-13,5199.215960150047,True,G_72b781,False
V_a333fe28,U_0429,2026-03-13,11998.564528385357,True,G_72b781,False
V_adbac438,U_0254,2026-03-13,2047.1574675788795,True,G_f2e3da,True
V_e292fef8,U_0303,2026-03-13,8453.43320986828,True,G_f2e3da,False
V_8934c6f9,U_0413,2026-03-13,4554.276561823202,True,G_bba36a,True
V_750fdebc,U_0963,2026-03-13,5587.02146688134,True,G_bba36a,False
V_50808da0,U_0778,2026-03-13,2903.765874662825,True,G_bba36a,False
V_8fc107cc,U_0841,2026-03-13,5607.631161000615,True,G_bba36a,False
V_e336becc,U_0424,2026-03-13,2593.2518277911954,True,G_5a7ecc,True
V_f043adb8,U_0504,2026-03-13,2827.1745681358766,True,G_5a7ecc,False
V_03659a10,U_0823,2026-03-13,3240.794391990495,True,G_5a7ecc,False
V_4257020888,U_0436,2026-03-13,9869.69688663799,False,,False
V_2192096172,U_0450,2026-03-13,1988.4038074891632,False,,False
V_750006808,U_0553,2026-03-13,3137.651718260472,False,,False
V_cc436156,U_0589,2026-03-13,3852.4224321455786,True,G_8f79d8,True
V_da40f979,U_0651,2026-03-13,2849.1768967861585,True,G_8f79d8,False
V_cb0f6065,U_0512,2026-03-13,1995.2692387166176,True,G_8f79d8,False
V_da303c3f,U_0920,2026-03-13,3206.0311593927554,True,G_8f79d8,False
V_176716283,U_0591,2026-03-13,8027.6215618674405,False,,False
V_f2db225a,U_0599,2026-03-13,3778.0865446486278,True,G_d090bf,True
V_870e1d28,U_0027,2026-03-13,3468.0657941766262,True,G_d090bf,False
V_55b71ae8,U_0140,2026-03-13,2802.567481163952,True,G_d090bf,False
V_abd3e3e4,U_0724,2026-03-13,2279.7155606410265,True,G_d090bf,False
V_4151881411,U_0607,2026-03-13,6269.133825812143,False,,False
V_3579426832,U_0624,2026-03-13,4938.179768643384,False,,False
V_4278500664,U_0650,2026-03-13,2917.8705652818962,False,,False
V_500a5f0e,U_0655,2026-03-13,6775.11455525701,True,G_a90394,True
V_ebd8e98d,U_0567,2026-03-13,7232.437954331073,True,G_a90394,False
V_d36d63fb,U_0036,2026-03-13,2788.4240256412836,True,G_a90394,False
V_8a84d425,U_0553,2026-03-13,4048.5822914588803,True,G_a90394,False
V_8d896600,U_0657,2026-03-13,13310.56021790203,True,G_91feda,True
V_15ec46da,U_0518,2026-03-13,8197.682740852375,True,G_91feda,False
V_134110d2,U_0514,2026-03-13,2394.1555033057984,True,G_91feda,False
V_e9a54c2f,U_0718,2026-03-13,8824.771073050522,True,G_79b6df,True
V_d0ff7f29,U_0937,2026-03-13,9305.68465833397,True,G_79b6df,False
V_7961c546,U_0219,2026-03-13,2451.6776145621943,True,G_79b6df,False
V_3ce81beb,U_0516,2026-03-13,3453.0505909408944,True,G_79b6df,False
V_3116856376,U_0727,2026-03-13,8685.988582624374,False,,False
V_1942257529,U_0741,2026-03-13,3917.026053472281,False,,False
V_3565793851,U_0795,2026-03-13,2590.0439664093215,False,,False
V_3489045234,U_0799,2026-03-13,3753.2757786793795,False,,False
V_3297839711,U_0856,2026-03-13,2596.325458557071,False,,False
V_3426546624,U_0897,2026-03-13,8042.184276502475,False,,False
V_1461117034,U_0910,2026-03-13,6635.24895365475,False,,False
V_3c201d53,U_0939,2026-03-13,3851.8108806255714,True,G_de6a3a,True
V_0dee798f,U_0396,2026-03-13,3066.3772493746833,True,G_de6a3a,False
V_4bc7f978,U_0414,2026-03-13,3190.6569559409395,True,G_de6a3a,False
V_a6e76176,U_0325,2026-03-13,5532.414818274787,True,G_de6a3a,False
V_1bd80feb,U_0925,2026-03-13,2768.5790459785753,True,G_de6a3a,False
V_1688637697,U_0075,2026-03-13,8449.301471411074,False,,False
V_1375269391,U_0092,2026-03-13,10566.915127599685,False,,False
V_cc4b893c,U_0136,2026-03-13,3433.9495945103217,True,G_321f32,True
V_6657998a,U_0738,2026-03-13,6478.5681867921085,True,G_321f32,False
V_bccb251f,U_0235,2026-03-13,7130.8739487437915,True,G_321f32,False
V_ab1e15a6,U_0689,2026-03-13,5719.185182855819,True,G_321f32,False
V_f842a46a,U_0495,2026-03-13,2782.591200085206,True,G_321f32,False
V_2842873773,U_0150,2026-03-13,4277.568672058008,False,,False
V_1619928424,U_0218,2026-03-13,11704.43983381074,False,,False
V_627028393,U_0267,2026-03-13,4009.7464861362087,False,,False
V_94ce6302,U_0383,2026-03-13,3766.2222978073273,True,G_b55d06,True
V_47d6d723,U_0686,2026-03-13,3953.96226647125,True,G_b55d06,False
V_114d6c6a,U_0529,2026-03-13,5500.885483703415,True,G_b55d06,False
V_3871780116,U_0395,2026-03-13,2958.172979758616,False,,False
V_789439332,U_0407,2026-03-13,3878.712368032667,False,,False
V_a9494512,U_0419,2026-03-13,3359.874434834566,True,G_5f1c4f,True
V_bdc0af35,U_0860,2026-03-13,4063.150752373862,True,G_5f1c4f,False
V_466e7aef,U_0120,2026-03-13,2296.4373088356665,True,G_5f1c4f,False
V_e3c1e4bc,U_0449,2026-03-13,3615.657465140273,True,G_45f2a3,True
V_f3869992,U_0225,2026-03-13,12401.9605373988,True,G_45f2a3,False
V_3739981100,U_0464,2026-03-13,2941.119018339658,False,,False
V_4019763989,U_0468,2026-03-13,13087.946277739205,False,,False
V_4207540326,U_0485,2026-03-13,5794.707578768327,False,,False
V_642723238,U_0492,2026-03-13,10965.912255430536,False,,False
V_1481816777,U_0505,2026-03-13,6729.733328438099,False,,False
V_2906350231,U_0511,2026-03-13,2190.523653451618,False,,False
V_bf481d8e,U_0533,2026-03-13,2630.938397254229,True,G_5c9586,True
V_f11b4f90,U_0662,2026-03-13,3294.210936222128,True,G_5c9586,False
V_26c92c8b,U_0251,2026-03-13,2718.9503025693034,True,G_5c9586,False
V_a333f1f1,U_0558,2026-03-13,2803.935606225313,True,G_5c9586,False
V_9ad085f4,U_0048,2026-03-13,2594.1719316771137,True,G_5c9586,False
V_b8a4e316,U_0223,2026-03-13,2300.981413329636,True,G_5c9586,False
V_2edb867d,U_0559,2026-03-13,1895.5284203935494,True,G_91bd42,True
V_21c572c1,U_0356,2026-03-13,2620.5484285908583,True,G_91bd42,False
V_6c32adfc,U_0150,2026-03-13,3484.4757974451063,True,G_91bd42,False
V_20b0d9bf,U_0090,2026-03-13,5693.675123207266,True,G_91bd42,False
V_473934119,U_0571,2026-03-13,3224.018040140802,False,,False
V_ecb17f0d,U_0595,2026-03-13,5837.726026974634,True,G_4b7460,True
V_93a5273e,U_0487,2026-03-13,5589.043331874449,True,G_4b7460,False
V_1b8bae95,U_0246,2026-03-13,7586.626912687777,True,G_4b7460,False
V_f0695d01,U_0142,2026-03-13,7090.20266696569,True,G_4b7460,False
V_f38f9159,U_0622,2026-03-13,6883.9655160953325,True,G_c43439,True
V_d4945083,U_0608,2026-03-13,6425.2792410841885,True,G_c43439,False
V_26083662,U_0941,2026-03-13,3768.5455612307414,True,G_c43439,False
V_74125596,U_0656,2026-03-13,3535.2274927063922,True,G_c43439,False
V_80f8075c,U_0200,2026-03-13,2967.6769539731135,True,G_c43439,False
V_67004acd,U_0676,2026-03-13,3734.7603029669835,True,G_fa1f46,True
V_30846a43,U_0812,2026-03-13,5710.887773936636,True,G_fa1f46,False
V_518908e4,U_0928,2026-03-13,2714.5254172782493,True,G_fa1f46,False
V_e7956a36,U_0679,2026-03-13,2280.3232360551124,True,G_a5df44,True
V_ef9701ad,U_0232,2026-03-13,4771.100972945415,True,G_a5df44,False
V_d76a411e,U_0693,2026-03-13,6948.359760998559,True,G_c5afa5,True
V_48a4f33a,U_0709,2026-03-13,4170.839324310406,True,G_c5afa5,False
V_39fb3984,U_0621,2026-03-13,4125.584054413799,True,G_c5afa5,False
V_ee6d55b8,U_0656,2026-03-13,4167.971275750964,True,G_c5afa5,False
V_01aacd5f,U_0823,2026-03-13,2839.234024992057,True,G_c5afa5,False
V_c13c35a9,U_0083,2026-03-13,6071.342119213002,True,G_c5afa5,False
V_52d82f54,U_0697,2026-03-13,2736.6502860574683,True,G_f28676,True
V_c708c9b5,U_0887,2026-03-13,5037.497800134692,True,G_f28676,False
V_1842941912,U_0754,2026-03-13,6967.839993125912,False,,False
V_6ae90a58,U_0761,2026-03-13,1893.7572664632685,True,G_cc6720,True
V_4c0648a5,U_0218,2026-03-13,4053.1390093457094,True,G_cc6720,False
V_76346ead,U_0515,2026-03-13,2364.523262574218,True,G_cc6720,False
V_522d23af,U_0718,2026-03-13,8494.226433423279,True,G_cc6720,False
V_4263448636,U_0802,2026-03-13,11521.744286929681,False,,False
V_21116766,U_0815,2026-03-13,2161.926731767588,False,,False
V_8684cccb,U_0836,2026-03-13,3384.8409685659412,True,G_3cdcc3,True
V_24c1ceb2,U_0815,2026-03-13,4645.007473332263,True,G_3cdcc3,False
V_5a7ce390,U_0933,2026-03-13,5915.854105414952,True,G_3cdcc3,False
V_7403b172,U_0094,2026-03-13,5075.499652373876,True,G_3cdcc3,False
V_efc09690,U_0534,2026-03-13,5472.24939083499,True,G_3cdcc3,False
V_46c04c35,U_0941,2026-03-13,3701.1259676633968,True,G_3cdcc3,False
V_6ec4e675,U_0843,2026-03-13,4765.682368409223,True,G_d597b1,True
V_7f02c182,U_0892,2026-03-13,4227.9182515014045,True,G_d597b1,False
V_e70a3d58,U_0296,2026-03-13,3099.719999021211,True,G_d597b1,False
V_8798d94b,U_0134,2026-03-13,2967.0006418842627,True,G_d597b1,False
V_86639a63,U_0857,2026-03-13,2166.9189748638223,True,G_2d71d0,True
V_6d99b59f,U_0902,2026-03-13,9025.70967188723,True,G_2d71d0,False
V_2c3c67cf,U_0274,2026-03-13,4685.433234992781,True,G_2d71d0,False
V_dbc61fc0,U_0044,2026-03-13,2353.1529645205646,True,G_2d71d0,False
V_adba00a3,U_0673,2026-03-13,3232.8721471702684,True,G_2d71d0,False
V_3a975ae5,U_0879,2026-03-13,2338.3629224113415,True,G_2fbf79,True
V_8ab13799,U_0704,2026-03-13,9912.63243120921,True,G_2fbf79,False
V_70ad18f5,U_0062,2026-03-13,5250.499481431529,True,G_2fbf79,False
V_2ed0249b,U_0057,2026-03-13,2040.1671784211403,True,G_2fbf79,False
V_79678173,U_0125,2026-03-13,4037.1847495638813,True,G_2fbf79,False
V_518632676,U_0908,2026-03-13,4460.9733934006135,False,,False
V_d8318994,U_0962,2026-03-13,2120.4637084083274,True,G_e54666,True
V_bb8dfba7,U_0400,2026-03-13,11418.871988023795,True,G_e54666,False
V_a67c664b,U_0582,2026-03-13,5966.407102356873,True,G_e54666,False
V_ff82c495,U_0636,2026-03-13,11729.421081573582,True,G_e54666,False
V_047fc452,U_0951,2026-03-13,11069.319711597069,True,G_e54666,False
V_f825f5be,U_0238,2026-03-13,9561.63811575797,True,G_e54666,False
V_2559806542,U_0058,2026-03-14,2591.577307552311,False,,False
V_97aca0a0,U_0077,2026-03-14,6029.564320186777,True,G_e53aa1,True
V_364707df,U_0486,2026-03-14,6529.626630882587,True,G_e53aa1,False
V_e56b64b2,U_0310,2026-03-14,3046.236228199401,True,G_e53aa1,False
V_5e9aafbd,U_0486,2026-03-14,5940.461448693133,True,G_e53aa1,False
V_dc9bdd0c,U_0240,2026-03-14,7318.255539924237,True,G_e53aa1,False
V_180859ec,U_0229,2026-03-14,6780.268862132193,True,G_e53aa1,False
V_4214045990,U_0102,2026-03-14,5724.823234531008,False,,False
V_1710513906,U_0107,2026-03-14,3519.4222605432724,False,,False
V_14060ccb,U_0153,2026-03-14,2993.1044858781274,True,G_d71891,True
V_29799102,U_0849,2026-03-14,2429.88824423856,True,G_d71891,False
V_2883697985,U_0238,2026-03-14,9746.31980514896,False,,False
V_915791ed,U_0262,2026-03-14,9702.453510660624,True,G_6b9613,True
V_1cdc15de,U_0655,2026-03-14,6710.480988234385,True,G_6b9613,False
V_a269be88,U_0831,2026-03-14,6134.058335638148,True,G_6b9613,False
V_a66dc0ec,U_0461,2026-03-14,8160.759990815684,True,G_6b9613,False
V_1e9be1c5,U_0773,2026-03-14,5391.349989708174,True,G_6b9613,False
V_6c992825,U_0839,2026-03-14,3368.3313725457865,True,G_6b9613,False
V_4ed3909c,U_0323,2026-03-14,9796.049824046599,True,G_fefe50,True
V_cc8b1e60,U_0704,2026-03-14,8671.265831082403,True,G_fefe50,False
V_0c8b31d1,U_0208,2026-03-14,3409.0374848057418,True,G_fefe50,False
V_a5351b4d,U_0348,2026-03-14,4216.409218661208,True,G_6124d8,True
V_f7b48b18,U_0803,2026-03-14,2561.4519413040302,True,G_6124d8,False
V_4227832952,U_0349,2026-03-14,4204.954850020013,False,,False
V_3262050370,U_0385,2026-03-14,4487.296395776548,False,,False
V_05117099,U_0391,2026-03-14,8386.596612317275,True,G_ba6896,True
V_ed963f1d,U_0718,2026-03-14,7622.634911961038,True,G_ba6896,False
V_873cb7a2,U_0972,2026-03-14,5503.05979301568,True,G_ba6896,False
V_450c8cb3,U_0302,2026-03-14,1892.7477871041806,True,G_ba6896,False
V_65696b31,U_0357,2026-03-14,3378.939697072134,True,G_ba6896,False
V_2000587230,U_0415,2026-03-14,8180.245922312355,False,,False
V_2975806700,U_0429,2026-03-14,10678.331600686111,False,,False
V_3734031960,U_0434,2026-03-14,5635.492165145466,False,,False
V_3149347855,U_0455,2026-03-14,2758.724578989074,False,,False
V_d7a39019,U_0461,2026-03-14,7205.291493565276,True,G_0a6bd5,True
V_e7307921,U_0492,2026-03-14,2364.9042388057715,True,G_0a6bd5,False
V_503fd11d,U_0798,2026-03-14,3759.82250845279,True,G_0a6bd5,False
V_a1de8eb4,U_0546,2026-03-14,3125.0747676328187,True,G_d4095c,True
V_941d4c93,U_0462,2026-03-14,2917.8079093699926,True,G_d4095c,False
V_9d371a9f,U_0810,2026-03-14,4004.5850307999017,True,G_d4095c,False
V_c23e6086,U_0127,2026-03-14,2543.987570137209,True,G_d4095c,False
V_6f568376,U_0569,2026-03-14,3186.7173992381013,True,G_bd36a3,True
V_8679613e,U_0603,2026-03-14,2205.256739574735,True,G_bd36a3,False
V_c7f701f3,U_0650,2026-03-14,2905.0329137623035,True,G_bd36a3,False
V_3431044248,U_0575,2026-03-14,5965.132449837923,False,,False
V_1645155723,U_0579,2026-03-14,2464.977143610137,False,,False
V_738039505,U_0623,2026-03-14,13157.936931931225,False,,False
V_85a426ce,U_0625,2026-03-14,5104.492560911842,True,G_a4ba03,True
V_133d8f2f,U_0436,2026-03-14,11510.551095061006,True,G_a4ba03,False
V_db1ba397,U_0748,2026-03-14,6212.522857313949,True,G_a4ba03,False
V_4c73d1f8,U_0312,2026-03-14,5791.356675674274,True,G_a4ba03,False
V_eeb7a50d,U_0082,2026-03-14,6662.215358868029,True,G_a4ba03,False
V_2634a3a7,U_0846,2026-03-14,5319.305603402848,True,G_a4ba03,False
V_3148187173,U_0633,2026-03-14,2622.2810111958047,False,,False
V_2718401903,U_0656,2026-03-14,4715.791351169757,False,,False
V_05d12ee9,U_0672,2026-03-14,4370.209584859052,True,G_c4db01,True
V_b4f6faca,U_0701,2026-03-14,6376.689306912222,True,G_c4db01,False
V_1481514359,U_0681,2026-03-14,9749.41628177494,False,,False
V_2314384787,U_0683,2026-03-14,5235.239909602936,False,,False
V_797462776,U_0691,2026-03-14,6958.046552843286,False,,False
V_82f0bd50,U_0771,2026-03-14,4559.362642971065,True,G_2daf16,True
V_84cfe1b9,U_0723,2026-03-14,5287.487202938078,True,G_2daf16,False
V_5f37b01b,U_0915,2026-03-14,6379.740536629903,True,G_2daf16,False
V_d02765a6,U_0627,2026-03-14,5660.530111575281,True,G_2daf16,False
V_eeae023a,U_0009,2026-03-14,7436.911697645529,True,G_2daf16,False
V_2197558875,U_0772,2026-03-14,7934.299881982127,False,,False
V_93774188,U_0790,2026-03-14,6833.8829524947005,True,G_1bc14d,True
V_2de1d546,U_0232,2026-03-14,4612.563188762131,True,G_1bc14d,False
V_ca2b9a4b,U_0101,2026-03-14,3898.0595968917055,True,G_1bc14d,False
V_4262881661,U_0821,2026-03-14,2765.2954595306096,False,,False
V_2548176484,U_0827,2026-03-14,4759.786882014752,False,,False
V_4a0ded88,U_0846,2026-03-14,6245.17513759363,True,G_5bee11,True
V_4269ce04,U_0475,2026-03-14,3832.5845131970564,True,G_5bee11,False
V_3681606272,U_0890,2026-03-14,6196.664151030687,False,,False
V_2999719498,U_0907,2026-03-14,4902.1238323008,False,,False
V_0bb45bb0,U_0922,2026-03-14,5172.65248707285,True,G_ad203e,True
V_53dfacd7,U_0658,2026-03-14,3177.874832480392,True,G_ad203e,False
V_0510b056,U_0190,2026-03-14,6019.7506584059165,True,G_ad203e,False
V_3367320155,U_0066,2026-03-14,5358.214088993731,False,,False
V_1595027834,U_0074,2026-03-14,8967.996882697436,False,,False
V_3396698468,U_0097,2026-03-14,3486.717059978915,False,,False
V_abab8ceb,U_0107,2026-03-14,3308.793326389686,True,G_3e446c,True
V_24eed008,U_0042,2026-03-14,3998.629006127947,True,G_3e446c,False
V_69e5a773,U_0203,2026-03-14,3203.353286920339,True,G_3e446c,False
V_b3eb638d,U_0601,2026-03-14,1912.46932784034,True,G_3e446c,False
V_ceb67624,U_0173,2026-03-14,5512.147017199473,True,G_3e446c,False
V_618937495,U_0179,2026-03-14,4918.660574431033,False,,False
V_2155864263,U_0184,2026-03-14,3000.656685474278,False,,False
V_777598148,U_0211,2026-03-14,11873.554749683572,False,,False
V_1729193954,U_0218,2026-03-14,12256.563017877941,False,,False
V_ce44f488,U_0240,2026-03-14,6703.436770983679,True,G_d8ea04,True
V_4d75d481,U_0602,2026-03-14,3591.5518542227187,True,G_d8ea04,False
V_0e3bbbee,U_0250,2026-03-14,3522.3293712498726,True,G_d8ea04,False
V_3601611623,U_0248,2026-03-14,4284.383079535581,False,,False
V_1251672030,U_0288,2026-03-14,2576.3977145458234,False,,False
V_659807001,U_0361,2026-03-14,2197.1073514307373,False,,False
V_3910240484,U_0366,2026-03-14,4450.1347041527615,False,,False
V_848876022,U_0426,2026-03-14,3282.785770845019,False,,False
V_f58a3972,U_0428,2026-03-14,3054.5864783280763,True,G_dcdfb2,True
V_2b478f38,U_0220,2026-03-14,2314.2239579374123,True,G_dcdfb2,False
V_64ffab7a,U_0089,2026-03-14,6929.758350067528,True,G_dcdfb2,False
V_038c5a69,U_0178,2026-03-14,10092.170202719884,True,G_dcdfb2,False
V_8b007c5f,U_0513,2026-03-14,11881.2371273139,True,G_dcdfb2,False
V_3666500922,U_0445,2026-03-14,2247.017612771379,False,,False
V_3799547615,U_0490,2026-03-14,3185.4670675343273,False,,False
V_3038895514,U_0505,2026-03-14,8207.953605172432,False,,False
V_3224355835,U_0508,2026-03-14,10415.622530767188,False,,False
V_1679282832,U_0561,2026-03-14,3580.3650986751536,False,,False
V_3746062333,U_0650,2026-03-14,7835.179896514444,False,,False
V_1913736056,U_0661,2026-03-14,4636.127541180071,False,,False
V_6f4873fc,U_0714,2026-03-14,5574.067826734243,True,G_891a6f,True
V_97ae7537,U_0625,2026-03-14,5558.296107432883,True,G_891a6f,False
V_fd8755d8,U_0739,2026-03-14,2814.0948538727284,True,G_891a6f,False
V_b385c364,U_0458,2026-03-14,10176.03707054633,True,G_891a6f,False
V_3531140151,U_0739,2026-03-14,5206.450618737939,False,,False
V_df592561,U_0801,2026-03-14,4240.903671760187,True,G_d01e39,True
V_4df53be1,U_0836,2026-03-14,3607.310032619131,True,G_d01e39,False
V_e0d6fbcf,U_0295,2026-03-14,3931.5324333359863,True,G_d01e39,False
V_b03b5460,U_0355,2026-03-14,4354.177502765679,True,G_d01e39,False
V_2357bf37,U_0667,2026-03-14,2647.2164092366047,True,G_d01e39,False
V_3989774847,U_0802,2026-03-14,12684.980541180583,False,,False
V_132379790,U_0825,2026-03-14,2825.331020499431,False,,False
V_f3823eb8,U_0839,2026-03-14,3003.08767092782,True,G_960cc0,True
V_fafb1061,U_0160,2026-03-14,11722.398385212016,True,G_960cc0,False
V_b7027e13,U_0303,2026-03-14,11581.758967090895,True,G_960cc0,False
V_709b4e19,U_0458,2026-03-14,10192.205749134879,True,G_960cc0,False
V_4cfb98f8,U_0882,2026-03-14,3490.3329579838405,True,G_960cc0,False
V_0a1a9698,U_0540,2026-03-14,2170.8571337541816,True,G_960cc0,False
V_1520748360,U_0841,2026-03-14,3113.268203970791,False,,False
V_3233878288,U_0855,2026-03-14,3718.103043148083,False,,False
V_1657819898,U_0928,2026-03-14,4872.80199040207,False,,False
V_6c5a57bd,U_0011,2026-03-15,1991.594979853383,True,G_cb0bd2,True
V_124d3297,U_0676,2026-03-15,3526.9124922999413,True,G_cb0bd2,False
V_da57bcf5,U_0278,2026-03-15,4070.047125987031,True,G_cb0bd2,False
V_c46ce6d6,U_0324,2026-03-15,8738.684429014917,True,G_cb0bd2,False
V_47c19189,U_0984,2026-03-15,1761.5997120366208,True,G_cb0bd2,False
V_3933e259,U_0450,2026-03-15,2401.725141199155,True,G_cb0bd2,False
V_2223967092,U_0054,2026-03-15,2482.721475008145,False,,False
V_3532668678,U_0066,2026-03-15,4556.906281743327,False,,False
V_1799947976,U_0083,2026-03-15,6391.830725474293,False,,False
V_1696592377,U_0126,2026-03-15,2337.8347425161032,False,,False
V_2856363462,U_0135,2026-03-15,4513.997556768213,False,,False
V_309506048,U_0146,2026-03-15,5322.230646729429,False,,False
V_972171110,U_0160,2026-03-15,9469.10340095553,False,,False
V_2236532941,U_0168,2026-03-15,11239.522713291828,False,,False
V_554954599,U_0169,2026-03-15,4188.386062053818,False,,False
V_4bcbf1ac,U_0170,2026-03-15,4341.949887048593,True,G_0ff41f,True
V_4b3dde01,U_0550,2026-03-15,3851.968226119781,True,G_0ff41f,False
V_b9b82733,U_0764,2026-03-15,2206.810779853617,True,G_0ff41f,False
V_75390651,U_0487,2026-03-15,5284.8499404781405,True,G_0ff41f,False
V_645ff052,U_0827,2026-03-15,6048.693487183613,True,G_0ff41f,False
V_db5fe774,U_0173,2026-03-15,5358.705581958657,True,G_3fb1dc,True
V_778ad948,U_0966,2026-03-15,3201.0993546441323,True,G_3fb1dc,False
V_ee5c7688,U_0837,2026-03-15,5416.35439264764,True,G_3fb1dc,False
V_ae49d0e2,U_0306,2026-03-15,5015.827013881467,True,G_3fb1dc,False
V_1536346401,U_0240,2026-03-15,6091.576241544489,False,,False
V_3007112988,U_0260,2026-03-15,6178.521236059052,False,,False
V_1058676982,U_0267,2026-03-15,2590.4580025172377,False,,False
V_557238444,U_0276,2026-03-15,7041.611819694801,False,,False
V_27ede7c3,U_0278,2026-03-15,3793.543685281875,True,G_af6446,True
V_dc5e1f0d,U_0215,2026-03-15,5335.288467613691,True,G_af6446,False
V_1995492619,U_0332,2026-03-15,5738.941919281831,False,,False
V_2232903128,U_0340,2026-03-15,4361.5505829861095,False,,False
V_355bd410,U_0387,2026-03-15,8865.016023779623,True,G_5914e3,True
V_51b142b0,U_0237,2026-03-15,8748.741975818999,True,G_5914e3,False
V_7d0b41df,U_0050,2026-03-15,10602.090434666005,True,G_5914e3,False
V_2d12c01e,U_0505,2026-03-15,3007.1852999203056,True,G_5914e3,False
V_825ce954,U_0857,2026-03-15,2437.3849677064118,True,G_5914e3,False
V_3cd69450,U_0426,2026-03-15,4079.856490077724,True,G_e05818,True
V_eac94dc4,U_0063,2026-03-15,3358.18738305243,True,G_e05818,False
V_3128684974,U_0430,2026-03-15,4962.3289656386605,False,,False
V_1423448499,U_0436,2026-03-15,10805.07757415936,False,,False
V_b9c6c76e,U_0445,2026-03-15,9482.169482524492,True,G_0d6659,True
V_d60ed923,U_0623,2026-03-15,12475.329779350153,True,G_0d6659,False
V_3ac6b28c,U_0262,2026-03-15,11925.983206177758,True,G_0d6659,False
V_28b70deb,U_0206,2026-03-15,6538.406866069611,True,G_0d6659,False
V_1658609811,U_0449,2026-03-15,5175.267815555728,False,,False
V_3378842299,U_0489,2026-03-15,3286.5077958339175,False,,False
V_3310626876,U_0529,2026-03-15,5943.170681381554,False,,False
V_630049915,U_0541,2026-03-15,5080.325499804511,False,,False
V_1804218291,U_0565,2026-03-15,11375.653677994836,False,,False
V_3866858405,U_0586,2026-03-15,2213.3986057341563,False,,False
V_3803845102,U_0591,2026-03-15,7260.817885508508,False,,False
V_592711823,U_0709,2026-03-15,3206.501999804192,False,,False
V_24d40867,U_0766,2026-03-15,4948.720905932308,True,G_8bb441,True
V_035d7f47,U_0345,2026-03-15,9759.215909936445,True,G_8bb441,False
V_e1783983,U_0769,2026-03-15,2729.6756423193865,True,G_017413,True
V_4984a893,U_0876,2026-03-15,2416.707154908599,True,G_017413,False
V_daf8edd3,U_0651,2026-03-15,3659.3768052000128,True,G_017413,False
V_359216a0,U_0571,2026-03-15,3117.4538340756985,True,G_017413,False
V_47ba99da,U_0677,2026-03-15,2584.234809190284,True,G_017413,False
V_51cba595,U_0790,2026-03-15,7457.03991950075,True,G_017413,False
V_ce629805,U_0785,2026-03-15,6873.705463959905,True,G_458383,True
V_477a9355,U_0333,2026-03-15,3550.700952561226,True,G_458383,False
V_da2b7ba7,U_0566,2026-03-15,2986.282941589637,True,G_458383,False
V_04727288,U_0067,2026-03-15,7297.118889550643,True,G_458383,False
V_469219746,U_0790,2026-03-15,6975.59665674569,False,,False
V_1156031501,U_0826,2026-03-15,6859.396481512426,False,,False
V_f69e3554,U_0888,2026-03-15,8989.978342203547,True,G_15b6c3,True
V_d4cf8b7c,U_0804,2026-03-15,4233.401668210269,True,G_15b6c3,False
V_cc523339,U_0154,2026-03-15,6201.168625010648,True,G_15b6c3,False
V_1019841713,U_0890,2026-03-15,5098.841873214587,False,,False
V_1950124875,U_0896,2026-03-15,9472.561613038244,False,,False
V_894201899,U_0937,2026-03-15,9713.849684263698,False,,False
V_c48651dc,U_0945,2026-03-15,5821.491502962786,True,G_c9c1dc,True
V_9fe0a2bc,U_0495,2026-03-15,3321.4579727955647,True,G_c9c1dc,False
V_d91ab85a,U_0193,2026-03-15,2980.3792198722454,True,G_c9c1dc,False
V_edfe88ca,U_0974,2026-03-15,10065.500933137671,True,G_7bcdff,True
V_765a6a2a,U_0657,2026-03-15,11753.54318169741,True,G_7bcdff,False
V_df4feeb6,U_0057,2026-03-15,1979.8768748277341,True,G_7bcdff,False
V_094206ed,U_0567,2026-03-15,8138.136054507214,True,G_7bcdff,False
V_3148226611,U_0999,2026-03-15,6458.293692010008,False,,False
V_224973983,U_0043,2026-03-15,10853.55743723963,False,,False
V_a0711a1a,U_0052,2026-03-15,2789.749645282913,True,G_4c7f4e,True
V_ff633c02,U_0073,2026-03-15,7290.795467733886,True,G_4c7f4e,False
V_44f8b1f4,U_0492,2026-03-15,2854.2670519592675,True,G_4c7f4e,False
V_f8388d60,U_0388,2026-03-15,1942.3471704241126,True,G_4c7f4e,False
V_aebc32db,U_0636,2026-03-15,10315.775573136123,True,G_4c7f4e,False
V_d3ffb827,U_0124,2026-03-15,2676.118837795201,True,G_75a14e,True
V_caa52a23,U_0415,2026-03-15,7391.185776998032,True,G_75a14e,False
V_6dc4d930,U_0345,2026-03-15,8610.333415295869,True,G_75a14e,False
V_f58aa042,U_0484,2026-03-15,10561.61232197398,True,G_75a14e,False
V_4237604797,U_0136,2026-03-15,6627.622221639788,False,,False
V_2453405134,U_0142,2026-03-15,6016.711489315459,False,,False
V_ec115c3a,U_0154,2026-03-15,5460.609860998272,True,G_aa60b7,True
V_89e485b3,U_0802,2026-03-15,9860.690036860291,True,G_aa60b7,False
V_943195632,U_0190,2026-03-15,2200.6611496989894,False,,False
V_47ca49e1,U_0207,2026-03-15,3440.5431531537133,True,G_482328,True
V_d4d33074,U_0752,2026-03-15,8009.784145888204,True,G_482328,False
V_1e65c0f6,U_0073,2026-03-15,6234.56512626972,True,G_482328,False
V_5247bf52,U_0241,2026-03-15,2132.816094885418,True,G_482328,False
V_98258782,U_0220,2026-03-15,7148.921278917984,False,,False
V_7b3df67b,U_0260,2026-03-15,5837.461293667587,True,G_4caed3,True
V_c119f414,U_0895,2026-03-15,5820.1406257949375,True,G_4caed3,False
V_13478b53,U_0306,2026-03-15,5803.969744975285,True,G_4caed3,False
V_860d0b96,U_0054,2026-03-15,2056.414199220848,True,G_4caed3,False
V_2b86f09c,U_0274,2026-03-15,5170.473046467269,True,G_992f21,True
V_7c70337a,U_0050,2026-03-15,13148.571633868183,True,G_992f21,False
V_b80c6de6,U_0208,2026-03-15,3185.7397542889844,True,G_992f21,False
V_ad5ceedc,U_0735,2026-03-15,7625.347274723464,True,G_992f21,False
V_c86d9d85,U_0831,2026-03-15,7158.7798545084015,True,G_992f21,False
V_1267793495,U_0295,2026-03-15,8894.66053582151,False,,False
V_2030419467,U_0335,2026-03-15,3923.5885552935983,False,,False
V_3597356523,U_0339,2026-03-15,3721.068904672281,False,,False
V_968165822,U_0357,2026-03-15,9250.181186915594,False,,False
V_2506642139,U_0364,2026-03-15,5371.568363178879,False,,False
V_01534e6f,U_0423,2026-03-15,2459.3092938377445,True,G_3539dc,True
V_ae08361c,U_0735,2026-03-15,6304.512629456326,True,G_3539dc,False
V_966138312,U_0508,2026-03-15,11019.735225871282,False,,False
V_2756883431,U_0536,2026-03-15,2528.073133432403,False,,False
V_22d71e12,U_0579,2026-03-15,2026.5403661688777,True,G_86e88a,True
V_65e6d66b,U_0168,2026-03-15,11216.550522591398,True,G_86e88a,False
V_2a89db04,U_0742,2026-03-15,6370.0898129454345,True,G_86e88a,False
V_4e1d5b41,U_0628,2026-03-15,10333.535154339485,True,G_d86cc9,True
V_f5fd0a2f,U_0264,2026-03-15,2861.2157802681954,True,G_d86cc9,False
V_3392520101,U_0736,2026-03-15,10939.681905415378,False,,False
V_3172990358,U_0739,2026-03-15,3558.2534055398073,False,,False
V_2902255028,U_0804,2026-03-15,12728.466463056915,False,,False
V_849216613,U_0869,2026-03-15,6100.858214641242,False,,False
V_95f63f1c,U_0900,2026-03-15,5250.476015691945,True,G_c93aaa,True
V_7a366f4e,U_0387,2026-03-15,9327.772659103344,True,G_c93aaa,False
V_7a2e354a,U_0903,2026-03-15,3459.127960390218,True,G_e8e6fa,True
V_6fd03893,U_0273,2026-03-15,3078.0018226397515,True,G_e8e6fa,False
V_8ab72d02,U_0398,2026-03-15,3539.8473676865206,True,G_e8e6fa,False
V_1319027277,U_0956,2026-03-15,2198.5270220234725,False,,False
V_5a3081e8,U_0975,2026-03-15,2752.3038928666742,True,G_e91e4b,True
V_4329ea21,U_0252,2026-03-15,4780.020592373484,True,G_e91e4b,False
V_baab59fa,U_0135,2026-03-15,3248.975928129982,True,G_e91e4b,False
V_2a9a7fa7,U_0998,2026-03-15,2234.1642562056363,True,G_e91e4b,False
V_40655d6e,U_0299,2026-03-15,5929.285462773203,True,G_e91e4b,False
V_678531373,U_0016,2026-03-16,4347.536106960699,False,,False
V_973334d9,U_0098,2026-03-16,1663.7424216059367,True,G_a987ea,True
V_186ea087,U_0267,2026-03-16,2577.927108729374,True,G_a987ea,False
V_47ad10cd,U_0200,2026-03-16,2590.2236428106135,True,G_a987ea,False
V_de227b20,U_0214,2026-03-16,3413.1449808060092,True,G_a987ea,False
V_64fbce4e,U_0474,2026-03-16,3592.455522744619,True,G_a987ea,False
V_1358bf59,U_0069,2026-03-16,2959.4030722987804,True,G_a987ea,False
V_2557450202,U_0103,2026-03-16,4340.257816887926,False,,False
V_2516594135,U_0160,2026-03-16,8502.263484084879,False,,False
V_1478962185,U_0205,2026-03-16,6195.933922080835,False,,False
V_1363993602,U_0206,2026-03-16,6297.190427173486,False,,False
V_1353244141,U_0280,2026-03-16,6505.6324527743345,False,,False
V_3580771679,U_0321,2026-03-16,7841.012792083568,False,,False
V_c0ab9a18,U_0385,2026-03-16,5347.807586744772,True,G_f913e0,True
V_883f0deb,U_0773,2026-03-16,4264.520705247322,True,G_f913e0,False
V_1a34fc55,U_0919,2026-03-16,1928.4915924660568,True,G_f913e0,False
V_6c33d5d5,U_0742,2026-03-16,5578.621887593302,True,G_f913e0,False
V_2613346318,U_0455,2026-03-16,3890.091441190544,False,,False
V_72439422,U_0456,2026-03-16,10320.150865318765,False,,False
V_1499470998,U_0486,2026-03-16,8062.937773410881,False,,False
V_2459769036,U_0503,2026-03-16,8975.62950297512,False,,False
V_2816281777,U_0553,2026-03-16,4087.7443005986015,False,,False
V_3224793978,U_0560,2026-03-16,11005.986760439102,False,,False
V_3174225542,U_0598,2026-03-16,3171.2897551451547,False,,False
V_584700352,U_0602,2026-03-16,2695.2280213555155,False,,False
V_e54d0252,U_0603,2026-03-16,2419.711083499111,True,G_5a5c5e,True
V_967a4760,U_0730,2026-03-16,2100.3808727932396,True,G_5a5c5e,False
V_c69a3fda,U_0763,2026-03-16,2084.6381907202663,True,G_5a5c5e,False
V_2092e107,U_0987,2026-03-16,2359.4664664581974,True,G_5a5c5e,False
V_2722457618,U_0614,2026-03-16,10216.52274116996,False,,False
V_2092826715,U_0625,2026-03-16,5829.366175350152,False,,False
V_1673323024,U_0655,2026-03-16,7752.617691511933,False,,False
V_917270866,U_0722,2026-03-16,6449.088066100317,False,,False
V_256106e4,U_0766,2026-03-16,4425.85385528263,True,G_d646c8,True
V_b609a3c3,U_0291,2026-03-16,4760.942345658721,True,G_d646c8,False
V_f9e528db,U_0278,2026-03-16,3477.333318647879,True,G_d646c8,False
V_6b877ae6,U_0005,2026-03-16,5325.336639310209,True,G_d646c8,False
V_068297aa,U_0032,2026-03-16,5367.675009350635,True,G_d646c8,False
V_c70a6922,U_0554,2026-03-16,5949.0394733435,True,G_d646c8,False
V_f8c5d57f,U_0802,2026-03-16,9781.01445515664,True,G_efed9e,True
V_130649b8,U_0219,2026-03-16,2064.492689268276,True,G_efed9e,False
V_7fe6ab2f,U_0885,2026-03-16,10317.200693975821,True,G_efed9e,False
V_0441638e,U_0338,2026-03-16,9853.334535232074,True,G_efed9e,False
V_e19074c5,U_0767,2026-03-16,10418.431539260433,True,G_efed9e,False
V_67066e53,U_0817,2026-03-16,4478.076768273653,True,G_7bd62d,True
V_aea63d79,U_0646,2026-03-16,8630.50805565965,True,G_7bd62d,False
V_f705980b,U_0536,2026-03-16,4892.766253195898,True,G_7bd62d,False
V_1464304461,U_0830,2026-03-16,3351.288547887495,False,,False
V_aa2ec4bf,U_0884,2026-03-16,3925.015930009656,True,G_2659f8,True
V_f5dfee00,U_0488,2026-03-16,5245.823205525151,True,G_2659f8,False
V_6fe1b5a4,U_0056,2026-03-16,2714.3956119861823,True,G_2659f8,False
V_40dcb77d,U_0745,2026-03-16,3148.8827102488704,True,G_2659f8,False
V_ff1d5960,U_0066,2026-03-16,4868.918901148135,True,G_2659f8,False
V_167cb071,U_0164,2026-03-16,2401.724877589281,True,G_2659f8,False
V_1644843120,U_0895,2026-03-16,5918.711247924565,False,,False
V_120987db,U_0896,2026-03-16,11035.29222793573,True,G_fe9ecd,True
V_0420366c,U_0274,2026-03-16,4922.1790640673225,True,G_fe9ecd,False
V_3774187934,U_0932,2026-03-16,3191.461161183579,False,,False
V_3104533823,U_0969,2026-03-16,11627.327585739096,False,,False
V_37f79cfc,U_0982,2026-03-16,8934.196275357443,True,G_3ecd4e,True
V_b51ff7b0,U_0046,2026-03-16,4089.1645406172747,True,G_3ecd4e,False
V_43778ac0,U_0461,2026-03-16,9267.651373581564,True,G_3ecd4e,False
V_3515456952,U_0001,2026-03-16,9202.876840443907,False,,False
V_1595265819,U_0011,2026-03-16,1894.6740644412334,False,,False
V_528585770,U_0027,2026-03-16,4564.29381163371,False,,False
V_2592018387,U_0054,2026-03-16,6810.001809569864,False,,False
V_2523453637,U_0100,2026-03-16,2272.379672369786,False,,False
V_2372086251,U_0120,2026-03-16,12333.224338229249,False,,False
V_cbde02e3,U_0160,2026-03-16,9803.962077059965,True,G_e8a963,True
V_c39c2cf2,U_0441,2026-03-16,2774.8882218342983,True,G_e8a963,False
V_b16dbfab,U_0297,2026-03-16,2948.5024874419587,True,G_e8a963,False
V_2645307217,U_0220,2026-03-16,8414.56492452353,False,,False
V_3000455987,U_0243,2026-03-16,4207.646232956611,False,,False
V_2575187222,U_0291,2026-03-16,2437.4308961033203,False,,False
V_3590218860,U_0295,2026-03-16,9787.349136097822,False,,False
V_4ba376a8,U_0352,2026-03-16,2148.010158326299,True,G_637090,True
V_a1ce8ff7,U_0321,2026-03-16,5875.726214664252,True,G_637090,False
V_64a0896e,U_0938,2026-03-16,5288.376227318147,True,G_637090,False
V_524315086,U_0380,2026-03-16,2480.2904595772707,False,,False
V_3bc22d0e,U_0387,2026-03-16,9792.48089223312,True,G_41a63a,True
V_d8c4126a,U_0377,2026-03-16,2850.1732718148705,True,G_41a63a,False
V_c9422cd8,U_0940,2026-03-16,2994.8005295476387,True,G_41a63a,False
V_696c7987,U_0835,2026-03-16,3225.773568106448,True,G_41a63a,False
V_c1655a84,U_0441,2026-03-16,2109.1413747658057,True,G_3f95b4,True
V_abc52c2e,U_0597,2026-03-16,2527.376177741115,True,G_3f95b4,False
V_a928f1e8,U_0511,2026-03-16,5305.3397317499575,True,G_3f95b4,False
V_49dc230f,U_0326,2026-03-16,5384.7458178820525,True,G_3f95b4,False
V_81831654,U_0487,2026-03-16,5374.13341164147,False,,False
V_3031823634,U_0515,2026-03-16,8071.94674264583,False,,False
V_2202b4a4,U_0541,2026-03-16,5321.305321626488,True,G_bd84f7,True
V_3e669052,U_0561,2026-03-16,2170.932092288509,True,G_bd84f7,False
V_601e8378,U_0990,2026-03-16,2677.0060551214415,True,G_bd84f7,False
V_96f09367,U_0452,2026-03-16,2914.6251438202403,True,G_bd84f7,False
V_285965352,U_0550,2026-03-16,3341.2398883382402,False,,False
V_0a87e990,U_0588,2026-03-16,3420.4445412957116,True,G_f62055,True
V_e762d5fa,U_0823,2026-03-16,3557.5410998624993,True,G_f62055,False
V_d2ed836c,U_0336,2026-03-16,7673.313536963715,True,G_f62055,False
V_be5655b2,U_0355,2026-03-16,4323.032706551896,True,G_f62055,False
V_51b52256,U_0975,2026-03-16,2466.9077896092417,True,G_f62055,False
V_0c4d5129,U_0873,2026-03-16,6505.810370210395,True,G_f62055,False
V_2018787963,U_0613,2026-03-16,3823.2451227601996,False,,False
V_1110795855,U_0646,2026-03-16,4491.265093133526,False,,False
V_970db3b3,U_0672,2026-03-16,3579.0324125526076,True,G_c7afd7,True
V_616ebb7e,U_0208,2026-03-16,3247.5048992980696,True,G_c7afd7,False
V_54e7af22,U_0075,2026-03-16,10648.106290183954,True,G_c7afd7,False
V_1bb5be4e,U_0303,2026-03-16,9412.458899145695,True,G_c7afd7,False
V_880ecfd2,U_0900,2026-03-16,6173.212647219527,True,G_c7afd7,False
V_1712758677,U_0717,2026-03-16,4639.213982757352,False,,False
V_842937278,U_0727,2026-03-16,4801.710388829087,False,,False
V_1940297682,U_0739,2026-03-16,4530.992344673092,False,,False
V_3782843299,U_0744,2026-03-16,10966.79566248112,False,,False
V_86c9b4ce,U_0846,2026-03-16,6016.974266092961,True,G_537502,True
V_29835d2c,U_0941,2026-03-16,3595.618358379176,True,G_537502,False
V_162ffba9,U_0882,2026-03-16,3196.096721283844,True,G_6bdc84,True
V_15093693,U_0802,2026-03-16,8306.735991390351,True,G_6bdc84,False
V_d89425e1,U_0885,2026-03-16,10459.106527924685,True,G_6bdc84,False
V_38368b00,U_0218,2026-03-16,3457.02141695141,True,G_6bdc84,False
V_01dff172,U_0851,2026-03-16,6351.893702357315,True,G_6bdc84,False
V_93689787,U_0773,2026-03-16,4124.871433201357,True,G_6bdc84,False
V_396004322,U_0904,2026-03-16,7274.8185669325185,False,,False
V_3517499145,U_0918,2026-03-16,11586.128236606859,False,,False
V_3739104819,U_0934,2026-03-16,6167.351105288596,False,,False
V_1ea70d32,U_0946,2026-03-16,2222.0273923982363,True,G_4a0f4c,True
V_efda1fe0,U_0594,2026-03-16,5672.325114184214,True,G_4a0f4c,False
V_5f388e63,U_0625,2026-03-16,4783.077840670255,True,G_4a0f4c,False
V_84d4953f,U_0735,2026-03-16,6874.994436196277,True,G_4a0f4c,False
V_2701306889,U_0009,2026-03-17,6136.763362713942,False,,False
V_643d5c66,U_0024,2026-03-17,10450.674521897807,True,G_827574,True
V_577f6fb3,U_0614,2026-03-17,12304.964783545027,True,G_827574,False
V_25c8cf57,U_0050,2026-03-17,8926.524093078013,True,G_ad2027,True
V_a931e2d9,U_0560,2026-03-17,10021.867609032777,True,G_ad2027,False
V_c6e73431,U_0207,2026-03-17,3443.623332412376,True,G_ad2027,False
V_6a2cecc0,U_0840,2026-03-17,4499.9854770031325,True,G_ad2027,False
V_f0bd104c,U_0869,2026-03-17,3118.8569010103834,True,G_ad2027,False
V_cf83f978,U_0114,2026-03-17,6602.1026805534375,True,G_72b017,True
V_423df7e6,U_0800,2026-03-17,4493.068560266404,True,G_72b017,False
V_51b6a512,U_0786,2026-03-17,3699.07945969325,True,G_72b017,False
V_88b96a72,U_0130,2026-03-17,11137.275703416959,True,G_0262b3,True
V_492c2543,U_0718,2026-03-17,8597.33868073229,True,G_0262b3,False
V_1966702276,U_0160,2026-03-17,11291.876013403853,False,,False
V_2976046697,U_0190,2026-03-17,6254.313511924298,False,,False
V_a93da327,U_0196,2026-03-17,3452.9330560902217,True,G_a8b81b,True
V_8628c862,U_0608,2026-03-17,5273.8450461361135,True,G_a8b81b,False
V_d7922f30,U_0619,2026-03-17,1910.6931494675414,True,G_a8b81b,False
V_3c639cea,U_0268,2026-03-17,6107.121652422652,True,G_8cc0a7,True
V_c7dd0daf,U_0827,2026-03-17,5815.629955810557,True,G_8cc0a7,False
V_bd89aabc,U_0836,2026-03-17,3432.9954789168087,True,G_8cc0a7,False
V_d362fac7,U_0313,2026-03-17,3054.928736472015,True,G_8cc0a7,False
V_23ec416c,U_0292,2026-03-17,2232.850018398183,True,G_5fa4b0,True
V_deb447b0,U_0145,2026-03-17,4340.73691763932,True,G_5fa4b0,False
V_2137db20,U_0224,2026-03-17,3748.6253996303158,True,G_5fa4b0,False
V_fa6d6cde,U_0970,2026-03-17,3912.086226372412,True,G_5fa4b0,False
V_e7f52b40,U_0557,2026-03-17,2203.2255775238455,True,G_5fa4b0,False
V_4026390284,U_0323,2026-03-17,8978.582809745825,False,,False
V_1171513319,U_0337,2026-03-17,2252.568040064626,False,,False
V_1225181343,U_0342,2026-03-17,2823.2427185552974,False,,False
V_3658290167,U_0345,2026-03-17,10551.689042717499,False,,False
V_3381399988,U_0373,2026-03-17,14241.021552698328,False,,False
V_3839539209,U_0385,2026-03-17,4991.88582920153,False,,False
V_2259620435,U_0456,2026-03-17,10059.022286465482,False,,False
V_2681499735,U_0480,2026-03-17,4408.4016408169055,False,,False
V_7cbf5309,U_0526,2026-03-17,5002.494304404469,True,G_6c6b1f,True
V_0d3e1a17,U_0966,2026-03-17,3153.291848020893,True,G_6c6b1f,False
V_88f06b8e,U_0626,2026-03-17,3275.144388456401,True,G_6c6b1f,False
V_deaf4f7f,U_0466,2026-03-17,2765.926687545097,True,G_6c6b1f,False
V_4f67527f,U_0071,2026-03-17,4110.491396504914,True,G_6c6b1f,False
V_62594198,U_0548,2026-03-17,9760.536292173063,False,,False
V_178314807,U_0562,2026-03-17,2755.671533846082,False,,False
V_1161263210,U_0614,2026-03-17,9467.361086720712,False,,False
V_d92a4bb6,U_0681,2026-03-17,9077.611755213562,True,G_063355,True
V_e5e4b9a2,U_0015,2026-03-17,10204.78927562795,True,G_063355,False
V_3a324919,U_0154,2026-03-17,5417.784456221943,True,G_063355,False
V_1215027323,U_0695,2026-03-17,6949.700820128963,False,,False
V_3117788212,U_0696,2026-03-17,5656.042552473844,False,,False
V_7262500e,U_0709,2026-03-17,3681.165981910177,True,G_ddf7a6,True
V_5475daf5,U_0555,2026-03-17,2835.9428603997494,True,G_ddf7a6,False
V_4200274563,U_0770,2026-03-17,8349.21571895675,False,,False
V_79c5b654,U_0774,2026-03-17,3478.7656926964924,True,G_e54b65,True
V_44d59400,U_0879,2026-03-17,2011.2318025286388,True,G_e54b65,False
V_a9b51b63,U_0525,2026-03-17,1757.708852842705,True,G_e54b65,False
V_2304668840,U_0790,2026-03-17,5857.1483726501265,False,,False
V_333473155,U_0812,2026-03-17,6374.167362215515,False,,False
V_3141928225,U_0816,2026-03-17,8554.30024229169,False,,False
V_20794733,U_0819,2026-03-17,2836.880673666758,False,,False
V_f17fed9d,U_0834,2026-03-17,4306.2288521704795,True,G_83c4cc,True
V_9dd2d52e,U_0365,2026-03-17,3519.302482673954,True,G_83c4cc,False
V_4b1eef04,U_0840,2026-03-17,3565.6580435881147,True,G_e00530,True
V_d8d22fa0,U_0070,2026-03-17,5466.560206080339,True,G_e00530,False
V_22220320,U_0364,2026-03-17,2959.0683854121676,True,G_e00530,False
V_8242f341,U_0426,2026-03-17,3153.3341356585697,True,G_e00530,False
V_a9a3321d,U_0787,2026-03-17,5960.752318987571,True,G_e00530,False
V_9facd60e,U_0018,2026-03-17,6799.64481876634,True,G_e00530,False
V_442639582,U_0851,2026-03-17,6645.55651476018,False,,False
V_ecbdeb80,U_0994,2026-03-17,5865.454866459211,True,G_651577,True
V_a46749fd,U_0785,2026-03-17,6470.476792179047,True,G_651577,False
V_4ffe203d,U_0453,2026-03-17,4199.314939812496,True,G_651577,False
V_687bca86,U_0008,2026-03-17,2902.0448455924784,True,G_1b78ce,True
V_4d9cef93,U_0660,2026-03-17,2893.43000523499,True,G_1b78ce,False
V_cdd6626e,U_0875,2026-03-17,8300.521089283238,True,G_1b78ce,False
V_3477520154,U_0030,2026-03-17,2867.5901329185845,False,,False
V_820091211,U_0085,2026-03-17,3292.538397388782,False,,False
V_974455980,U_0119,2026-03-17,12465.749785676999,False,,False
V_44c01ba9,U_0142,2026-03-17,5368.525574593998,True,G_6dd154,True
V_6b3ab394,U_0062,2026-03-17,5033.071044617074,True,G_6dd154,False
V_300ecb9a,U_0023,2026-03-17,3980.518252910098,True,G_6dd154,False
V_176396423,U_0161,2026-03-17,6259.608649861916,False,,False
V_769623654,U_0167,2026-03-17,2082.701047209683,False,,False
V_797553067,U_0173,2026-03-17,4224.578822218032,False,,False
V_2915177334,U_0200,2026-03-17,4861.738113204965,False,,False
V_23d16986,U_0203,2026-03-17,3474.9757136909443,True,G_a72759,True
V_f9bfa0bb,U_0985,2026-03-17,2409.3398213838445,True,G_a72759,False
V_44a22df2,U_0899,2026-03-17,7109.938166830958,True,G_a72759,False
V_1802509371,U_0217,2026-03-17,6868.526432882232,False,,False
V_2596739443,U_0256,2026-03-17,4874.316069966365,False,,False
V_6f57c923,U_0260,2026-03-17,5580.437859877396,True,G_5c4bb5,True
V_299052bc,U_0909,2026-03-17,2156.8742583659478,True,G_5c4bb5,False
V_9261d402,U_0886,2026-03-17,2213.504831815925,True,G_5c4bb5,False
V_b36447d0,U_0897,2026-03-17,9505.946680052322,True,G_5c4bb5,False
V_a4f0d7ee,U_0062,2026-03-17,4225.257174540428,True,G_5c4bb5,False
V_c9936728,U_0608,2026-03-17,6797.099838699709,True,G_5c4bb5,False
V_3689555245,U_0274,2026-03-17,8804.228768392255,False,,False
V_e3c03e04,U_0336,2026-03-17,7971.721965896408,True,G_7e46fb,True
V_de1d3c30,U_0235,2026-03-17,6370.466728292011,True,G_7e46fb,False
V_f63c37b9,U_0487,2026-03-17,5772.345772838106,True,G_7e46fb,False
V_ba46e045,U_0512,2026-03-17,1877.8196164492065,True,G_7e46fb,False
V_a21d1add,U_0277,2026-03-17,6456.424826070686,True,G_7e46fb,False
V_30495cc6,U_0005,2026-03-17,4427.859004530032,True,G_7e46fb,False
V_3142365465,U_0350,2026-03-17,5592.745394801801,False,,False
V_55daa67d,U_0364,2026-03-17,3063.224907206971,True,G_7fa224,True
V_7fc71b20,U_0237,2026-03-17,8681.622433859326,True,G_7fa224,False
V_5059445d,U_0141,2026-03-17,3115.8804157084596,True,G_7fa224,False
V_daf45a4a,U_0830,2026-03-17,2970.7995324589974,True,G_7fa224,False
V_1119139385,U_0414,2026-03-17,6840.182151719647,False,,False
V_4356c413,U_0428,2026-03-17,2224.0123997702535,True,G_78d3ac,True
V_6d90178f,U_0518,2026-03-17,8147.589813601654,True,G_78d3ac,False
V_62972b66,U_0974,2026-03-17,11238.404860926928,True,G_78d3ac,False
V_9746fdbd,U_0503,2026-03-17,9291.822343178968,True,G_78d3ac,False
V_216824669,U_0455,2026-03-17,2236.528561115073,False,,False
V_3484798315,U_0458,2026-03-17,5690.532795487488,False,,False
V_1b6ce825,U_0478,2026-03-17,3012.475849800264,True,G_4664e1,True
V_411a06c3,U_0672,2026-03-17,4013.0139915318055,True,G_4664e1,False
V_f8657570,U_0485,2026-03-17,3497.2753480706256,True,G_c0fc11,True
V_c7ae0bef,U_0420,2026-03-17,2380.08928193083,True,G_c0fc11,False
V_d40aaa6a,U_0067,2026-03-17,5970.308037390778,True,G_c0fc11,False
V_ee90165b,U_0333,2026-03-17,3097.955156945697,True,G_c0fc11,False
V_d1fc0e70,U_0310,2026-03-17,2205.4951623608486,True,G_c0fc11,False
V_514355404,U_0512,2026-03-17,5024.10010389428,False,,False
V_650541672,U_0517,2026-03-17,7238.740502601132,False,,False
V_59b6b5b6,U_0632,2026-03-17,2975.8714359131004,True,G_13b3b4,True
V_cd798b25,U_0154,2026-03-17,5838.24209937421,True,G_13b3b4,False
V_cd3ac091,U_0993,2026-03-17,7070.205531572572,True,G_13b3b4,False
V_78e4e05b,U_0888,2026-03-17,9196.238020367482,True,G_13b3b4,False
V_2543afa2,U_0415,2026-03-17,7982.669873080409,True,G_13b3b4,False
V_524558955,U_0740,2026-03-17,11362.257383337801,False,,False
V_3924086084,U_0786,2026-03-17,7449.489014926675,False,,False
V_975391051,U_0833,2026-03-17,5944.038194462304,False,,False
V_75e2a60d,U_0846,2026-03-17,5660.907439385635,True,G_d24cc3,True
V_05a1cb6f,U_0164,2026-03-17,1941.9961973975487,True,G_d24cc3,False
V_1b893a37,U_0106,2026-03-17,3879.937241749948,True,G_d24cc3,False
V_a82a777d,U_0486,2026-03-17,7016.464409407895,True,G_d24cc3,False
V_ea44d931,U_0403,2026-03-17,5192.500835515,True,G_d24cc3,False
V_48b95642,U_0783,2026-03-17,3632.6761498435926,True,G_d24cc3,False
V_945f8f67,U_0857,2026-03-17,2104.5022324253428,True,G_9ebd8c,True
V_b002a616,U_0073,2026-03-17,5565.973646553222,True,G_9ebd8c,False
V_22fddac3,U_0636,2026-03-17,11083.311116003228,True,G_9ebd8c,False
V_565a4d89,U_0302,2026-03-17,2330.840843443546,True,G_9ebd8c,False
V_70420289,U_0478,2026-03-17,3149.0574786648963,True,G_9ebd8c,False
V_10374036,U_0919,2026-03-17,2240.858138310176,True,G_4046fd,True
V_e80b553e,U_0931,2026-03-17,4549.358730820575,True,G_4046fd,False
V_7fd2e8be,U_0121,2026-03-17,5808.064030732149,True,G_4046fd,False
V_395d8dea,U_0790,2026-03-17,6333.7551856107275,True,G_4046fd,False
V_f1986325,U_0944,2026-03-17,3035.5155182218864,True,G_0522fd,True
V_1f1cfcb4,U_0469,2026-03-17,4549.137686613424,True,G_0522fd,False
V_b5cd55e0,U_0666,2026-03-17,3204.964703918935,True,G_0522fd,False
V_60f972b1,U_0923,2026-03-17,2145.0035646196866,True,G_0522fd,False
V_15029f9f,U_0639,2026-03-17,2879.351750334456,True,G_0522fd,False
V_694aec0d,U_0313,2026-03-17,3982.9235700645113,True,G_0522fd,False
V_1221124620,U_0050,2026-03-18,11058.601607095847,False,,False
V_c8b2818f,U_0111,2026-03-18,6438.812778997885,True,G_9df3e5,True
V_de55089c,U_0010,2026-03-18,3889.985923281536,True,G_9df3e5,False
V_8d466c63,U_0623,2026-03-18,12562.191865326835,True,G_9df3e5,False
V_c1ad2c80,U_0491,2026-03-18,4908.620943580895,True,G_9df3e5,False
V_d6b1945d,U_0122,2026-03-18,2746.2756444964057,True,G_8d6435,True
V_138fdbe8,U_0271,2026-03-18,2939.9951454993684,True,G_8d6435,False
V_bf174a38,U_0424,2026-03-18,3211.574741668548,True,G_8d6435,False
V_926b04eb,U_0446,2026-03-18,4072.731940886816,True,G_8d6435,False
V_efe42c82,U_0413,2026-03-18,5418.034396891482,True,G_8d6435,False
V_891169154,U_0136,2026-03-18,4311.244342735093,False,,False
V_4086840d,U_0141,2026-03-18,3289.4634810273155,True,G_33dd54,True
V_fb913c34,U_0800,2026-03-18,4705.917192954931,True,G_33dd54,False
V_40e823c6,U_0907,2026-03-18,5096.4597879778,True,G_33dd54,False
V_2660886701,U_0160,2026-03-18,11407.17993846329,False,,False
V_1382118957,U_0183,2026-03-18,8279.056892301918,False,,False
V_1751085132,U_0206,2026-03-18,7345.416356780109,False,,False
V_66420820,U_0223,2026-03-18,2566.9981833315424,False,,False
V_5a020173,U_0230,2026-03-18,6495.788653957277,True,G_8300c8,True
V_9345c1f2,U_0785,2026-03-18,5585.165784965628,True,G_8300c8,False
V_15523a82,U_0916,2026-03-18,6205.470698573657,True,G_8300c8,False
V_b7cc0119,U_0327,2026-03-18,2485.8465209912247,True,G_8300c8,False
V_3a1a9116,U_0085,2026-03-18,3548.1841428527387,True,G_8300c8,False
V_91517fb2,U_0260,2026-03-18,7195.685265203948,True,G_91b610,True
V_371d7837,U_0994,2026-03-18,6254.864241622009,True,G_91b610,False
V_adfdb624,U_0333,2026-03-18,3644.5860331490135,True,G_91b610,False
V_61a3a70f,U_0618,2026-03-18,4830.36403018703,True,G_91b610,False
V_1a66b148,U_0077,2026-03-18,7631.658411098639,True,G_91b610,False
V_39845ddc,U_0491,2026-03-18,4543.201741608037,True,G_91b610,False
V_3895265336,U_0265,2026-03-18,6061.793633650371,False,,False
V_5e6b1cc6,U_0349,2026-03-18,3312.01755761128,True,G_133fed,True
V_60384b57,U_0051,2026-03-18,2561.8076044600834,True,G_133fed,False
V_dca340a1,U_0020,2026-03-18,3437.4279023225677,True,G_133fed,False
V_4e53e9c7,U_0378,2026-03-18,5144.647695948431,True,G_bce5f3,True
V_983badc5,U_0341,2026-03-18,6433.140956346051,True,G_bce5f3,False
V_2995351838,U_0422,2026-03-18,5647.190241237453,False,,False
V_2804068618,U_0446,2026-03-18,2863.447633643611,False,,False
V_426405871,U_0457,2026-03-18,9645.847479154756,False,,False
V_3332896243,U_0488,2026-03-18,5706.559414754727,False,,False
V_924b5288,U_0500,2026-03-18,2650.308376937655,True,G_c693c3,True
V_4160e6a8,U_0382,2026-03-18,2357.779664505486,True,G_c693c3,False
V_2fa97985,U_0369,2026-03-18,5552.089555899282,True,G_c693c3,False
V_ed0d7587,U_0796,2026-03-18,1983.9650975174416,True,G_c693c3,False
V_a35a4004,U_0516,2026-03-18,2539.106645249736,True,G_c693c3,False
V_1e0ea6a1,U_0747,2026-03-18,1899.8304989025282,True,G_c693c3,False
V_3813923764,U_0536,2026-03-18,6848.579372779376,False,,False
V_1785053505,U_0541,2026-03-18,5301.47606021781,False,,False
V_1988790035,U_0567,2026-03-18,9078.0954098627,False,,False
V_4148394910,U_0653,2026-03-18,5095.935726239629,False,,False
V_2123333544,U_0655,2026-03-18,5476.7220515408935,False,,False
V_3102060254,U_0659,2026-03-18,3814.056652885814,False,,False
V_1597224335,U_0704,2026-03-18,9391.303928383037,False,,False
V_2633370659,U_0750,2026-03-18,6074.796897590774,False,,False
V_780409204,U_0766,2026-03-18,4806.176912413573,False,,False
V_2152802611,U_0770,2026-03-18,7984.928616814297,False,,False
V_3344222881,U_0786,2026-03-18,3251.2822243102646,False,,False
V_3599802049,U_0798,2026-03-18,5346.156700482112,False,,False
V_1390741445,U_0809,2026-03-18,4462.343616571977,False,,False
V_89a01684,U_0851,2026-03-18,7011.320736360625,True,G_3a2f10,True
V_2b89070e,U_0737,2026-03-18,6258.355123821208,True,G_3a2f10,False
V_e372acfb,U_0896,2026-03-18,9657.363826718161,True,G_3a2f10,False
V_feeadcf8,U_0767,2026-03-18,8618.282517779198,True,G_3a2f10,False
V_0e6f6105,U_0303,2026-03-18,9385.042437726817,True,G_3a2f10,False
V_4020898767,U_0864,2026-03-18,3795.998163687419,False,,False
V_4092532279,U_0913,2026-03-18,10952.5311459866,False,,False
V_1185383005,U_0966,2026-03-18,3667.1616831547412,False,,False
V_6576c0fd,U_0974,2026-03-18,10896.967249590258,True,G_b64e66,True
V_fb9861b0,U_0302,2026-03-18,2128.723982331769,True,G_b64e66,False
V_05132363,U_0515,2026-03-18,2836.8842718038263,True,G_b64e66,False
V_80ed0284,U_0062,2026-03-18,4912.911697105527,True,G_b64e66,False
V_1383902628,U_0977,2026-03-18,9664.631924190064,False,,False
V_973267032,U_0989,2026-03-18,2426.1230469755305,False,,False
V_2de3446f,U_0997,2026-03-18,3915.123395982529,True,G_22b01f,True
V_1a95eb4e,U_0525,2026-03-18,1988.5598529005938,True,G_22b01f,False
V_e95ed5b3,U_0000,2026-03-18,3884.4556701159904,True,G_0ea81d,True
V_0fcc4f6f,U_0504,2026-03-18,2563.9199272300652,True,G_0ea81d,False
V_3857340762,U_0068,2026-03-18,5655.69522966218,False,,False
V_4238457443,U_0073,2026-03-18,7639.665832253478,False,,False
V_3881343441,U_0100,2026-03-18,1854.2009386746608,False,,False
V_8f9a9a00,U_0107,2026-03-18,3673.962545627448,True,G_fb26f5,True
V_ba88621e,U_0281,2026-03-18,5875.5833312553395,True,G_fb26f5,False
V_0dfdbc88,U_0891,2026-03-18,4446.410469405951,True,G_fb26f5,False
V_124a9a2a,U_0566,2026-03-18,3696.646184115704,True,G_fb26f5,False
V_22de6bc6,U_0143,2026-03-18,4484.974206742225,True,G_d78e24,True
V_13f00c1a,U_0041,2026-03-18,4537.544637488212,True,G_d78e24,False
V_9d4d4e51,U_0195,2026-03-18,6791.6590011640255,True,G_d78e24,False
V_1eec7509,U_0949,2026-03-18,2654.441870077171,True,G_d78e24,False
V_0335d0c2,U_0663,2026-03-18,2455.8240615773775,True,G_d78e24,False
V_39679688,U_0161,2026-03-18,5862.5805203874315,True,G_0c88f7,True
V_3070dac8,U_0918,2026-03-18,2917.5447950192606,True,G_0c88f7,False
V_f8b24705,U_0468,2026-03-18,2176.9398973631733,True,G_0c88f7,False
V_bb373f6c,U_0039,2026-03-18,2837.2948638055864,True,G_0c88f7,False
V_0c76e08a,U_0210,2026-03-18,2908.8217229246575,True,G_cdf2ae,True
V_df0b26a0,U_0623,2026-03-18,11433.702837879446,True,G_cdf2ae,False
V_89cc48c1,U_0280,2026-03-18,7298.713195307153,True,G_cdf2ae,False
V_21174043,U_0203,2026-03-18,3483.475330266841,True,G_cdf2ae,False
V_ac9d2807,U_0304,2026-03-18,4054.0439044768964,True,G_cdf2ae,False
V_db5c34bd,U_0264,2026-03-18,3286.861747124119,True,G_027cff,True
V_850785c0,U_0739,2026-03-18,2291.39929084249,True,G_027cff,False
V_644210c1,U_0393,2026-03-18,2630.501572386009,True,G_027cff,False
V_8959ce08,U_0372,2026-03-18,3372.6218540640034,True,G_027cff,False
V_0ded80bd,U_0277,2026-03-18,6010.315079895406,True,G_e48b3f,True
V_89bef674,U_0528,2026-03-18,2505.2078226693766,True,G_e48b3f,False
V_3305895103,U_0284,2026-03-18,3319.0064771511666,False,,False
V_2374666702,U_0362,2026-03-18,7673.333252423303,False,,False
V_62a7b4a9,U_0382,2026-03-18,2203.900118320531,True,G_df2f64,True
V_0629ac19,U_0810,2026-03-18,4513.1875316195865,True,G_df2f64,False
V_10f6fbb8,U_0059,2026-03-18,6100.209165245329,True,G_df2f64,False
V_6c35cdee,U_0391,2026-03-18,9224.983063247946,True,G_df2f64,False
V_eaa8331f,U_0245,2026-03-18,2405.0304590178985,True,G_df2f64,False
V_aa593dbe,U_0271,2026-03-18,2348.1704027880974,True,G_df2f64,False
V_1097207297,U_0418,2026-03-18,8339.32016830779,False,,False
V_4792c71c,U_0421,2026-03-18,7764.187205832305,True,G_dd5588,True
V_2c9fa8d9,U_0734,2026-03-18,6692.748361799783,True,G_dd5588,False
V_582ae53d,U_0661,2026-03-18,5427.570794819946,True,G_dd5588,False
V_3926431209,U_0451,2026-03-18,4964.536500597354,False,,False
V_2066736850,U_0470,2026-03-18,9776.90674396986,False,,False
V_3919661668,U_0485,2026-03-18,6191.749890779126,False,,False
V_165002586,U_0540,2026-03-18,8177.0467691100985,False,,False
V_16b50006,U_0632,2026-03-18,2723.4002046123946,True,G_b746e5,True
V_110ab5a2,U_0391,2026-03-18,8595.468234154989,True,G_b746e5,False
V_bcaa48a8,U_0055,2026-03-18,8751.858272622418,True,G_b746e5,False
V_e24659af,U_0508,2026-03-18,6921.827945340153,True,G_b746e5,False
V_ce14b971,U_0711,2026-03-18,2683.9331778646033,True,G_f66e70,True
V_cf5e8442,U_0152,2026-03-18,2981.0443899101106,True,G_f66e70,False
V_720e4cbd,U_0720,2026-03-18,2382.1488076676414,True,G_f66e70,False
V_5ea8dcac,U_0484,2026-03-18,13683.005265980946,True,G_f66e70,False
V_40224858,U_0901,2026-03-18,4134.7372054704665,True,G_f66e70,False
V_1695727065,U_0744,2026-03-18,9366.287477524487,False,,False
V_1183774282,U_0745,2026-03-18,5162.093822903921,False,,False
V_793347cb,U_0749,2026-03-18,2436.5260681341706,True,G_3883c1,True
V_6829c402,U_0256,2026-03-18,1659.4454561244515,True,G_3883c1,False
V_0b8613e4,U_0934,2026-03-18,2692.4949421188526,True,G_3883c1,False
V_3601345121,U_0763,2026-03-18,2362.405849728107,False,,False
V_188d9dc9,U_0827,2026-03-18,6276.675791843054,True,G_77b876,True
V_08c8b9c8,U_0562,2026-03-18,3049.1698014183044,True,G_77b876,False
V_d9b35c45,U_0390,2026-03-18,2272.4630184404664,True,G_77b876,False
V_763eb67b,U_0850,2026-03-18,3505.2665753239835,True,G_31ee88,True
V_40048eaa,U_0326,2026-03-18,5494.6016044537655,True,G_31ee88,False
V_533848013,U_0939,2026-03-18,2461.9943751510305,False,,False
V_3180360594,U_0994,2026-03-18,8056.689547192557,False,,False
V_dc9c729d,U_0021,2026-03-19,4650.079599939336,True,G_86a658,True
V_c611be2b,U_0404,2026-03-19,3092.6675148863606,True,G_86a658,False
V_c5a8cd68,U_0017,2026-03-19,2442.251848060788,True,G_86a658,False
V_dce5e68e,U_0944,2026-03-19,2647.7150818766595,True,G_86a658,False
V_5d336417,U_0023,2026-03-19,3077.7874565335765,True,G_0a2370,True
V_dd181c40,U_0868,2026-03-19,7286.442519663222,True,G_0a2370,False
V_4a6bd20f,U_0866,2026-03-19,9221.860388203017,True,G_0a2370,False
V_dfde1e94,U_0836,2026-03-19,2570.853110139931,True,G_0a2370,False
V_428cf69e,U_0595,2026-03-19,7168.668889862062,True,G_0a2370,False
V_2acc7734,U_0870,2026-03-19,2257.5306512301045,True,G_0a2370,False
V_d5eeef32,U_0035,2026-03-19,2630.4612317298042,True,G_1a0a56,True
V_0a1eefd0,U_0056,2026-03-19,2788.8811557691483,True,G_1a0a56,False
V_2229a670,U_0519,2026-03-19,2536.569398985881,True,G_1a0a56,False
V_1985816115,U_0039,2026-03-19,2536.1948267348416,False,,False
V_1460901112,U_0108,2026-03-19,2810.1818327016113,False,,False
V_771acbfa,U_0167,2026-03-19,3414.245937572233,True,G_57a371,True
V_c9ab61ef,U_0558,2026-03-19,2517.6792791426165,True,G_57a371,False
V_1cabddc6,U_0671,2026-03-19,3106.9187887553185,True,G_57a371,False
V_3791663491,U_0192,2026-03-19,2937.62891806232,False,,False
V_eec18625,U_0220,2026-03-19,2039.7478962529244,True,G_95b54d,True
V_e9126392,U_0549,2026-03-19,4328.760163023964,True,G_95b54d,False
V_1831779471,U_0238,2026-03-19,7172.378769551842,False,,False
V_d58a07ac,U_0269,2026-03-19,5099.994300263643,True,G_23273b,True
V_f25e8dd7,U_0800,2026-03-19,4574.92051026776,True,G_23273b,False
V_3cbce0ea,U_0601,2026-03-19,1987.3891826295442,True,G_23273b,False
V_8721dbef,U_0093,2026-03-19,4738.44708324505,True,G_23273b,False
V_7d55c2ba,U_0285,2026-03-19,4082.921475847896,True,G_f8b102,True
V_821a3de7,U_0493,2026-03-19,7560.199915559017,True,G_f8b102,False
V_4d26814d,U_0647,2026-03-19,6105.967458344497,True,G_f8b102,False
V_4e5c070a,U_0198,2026-03-19,4223.550230204266,True,G_f8b102,False
V_425ba71d,U_0009,2026-03-19,7379.409949442335,True,G_f8b102,False
V_e5277923,U_0306,2026-03-19,4945.527619954787,True,G_28f475,True
V_ca1edf07,U_0016,2026-03-19,4572.571672065067,True,G_28f475,False
V_0e8b5ae4,U_0679,2026-03-19,2761.297485473215,True,G_28f475,False
V_f5264d5c,U_0083,2026-03-19,7132.42403046133,True,G_28f475,False
V_1520586256,U_0326,2026-03-19,6227.970113568364,False,,False
V_2613692265,U_0375,2026-03-19,4776.829494781831,False,,False
V_2050386161,U_0387,2026-03-19,12173.019538720555,False,,False
V_4462f878,U_0401,2026-03-19,4528.048518935745,True,G_8025eb,True
V_06fd72a4,U_0607,2026-03-19,4287.100383160041,True,G_8025eb,False
V_8a21d8dd,U_0647,2026-03-19,5063.40654066549,True,G_8025eb,False
V_868491154,U_0420,2026-03-19,2584.1625953316557,False,,False
V_767c0600,U_0429,2026-03-19,11371.419665374575,True,G_d81af1,True
V_40df1598,U_0436,2026-03-19,9489.924078977374,True,G_d81af1,False
V_0ae32988,U_0057,2026-03-19,2078.022639780404,True,G_d81af1,False
V_1a6ab877,U_0130,2026-03-19,10500.417202352442,True,G_d81af1,False
V_6168dfb7,U_0831,2026-03-19,5666.191586318474,True,G_d81af1,False
V_61e1ab05,U_0052,2026-03-19,2409.375844449031,True,G_d81af1,False
V_17644494,U_0434,2026-03-19,5084.770424942592,True,G_aa845c,True
V_2b09d2e7,U_0673,2026-03-19,3443.1033769501582,True,G_aa845c,False
V_1857159346,U_0446,2026-03-19,3457.951549155,False,,False
V_8d75131f,U_0450,2026-03-19,2238.389473398489,True,G_dd7266,True
V_3e9be5ba,U_0615,2026-03-19,3187.8439969028873,True,G_dd7266,False
V_2675163565,U_0532,2026-03-19,7338.462344986338,False,,False
V_3482033387,U_0573,2026-03-19,4212.007861586402,False,,False
V_1232664332,U_0576,2026-03-19,8023.023559383168,False,,False
V_87d1c9b6,U_0679,2026-03-19,3151.624382187235,True,G_08d4c6,True
V_c0c73d6d,U_0643,2026-03-19,1751.2877853229215,True,G_08d4c6,False
V_d13942f8,U_0861,2026-03-19,3150.4994759378646,True,G_08d4c6,False
V_3290824058,U_0695,2026-03-19,8521.896262470671,False,,False
V_3173261640,U_0697,2026-03-19,2652.087833827697,False,,False
V_39d965dc,U_0708,2026-03-19,4070.4365936537565,True,G_812171,True
V_56b20f7b,U_0689,2026-03-19,5429.544433424684,True,G_812171,False
V_4120885572,U_0745,2026-03-19,3197.703287373426,False,,False
V_8e987564,U_0755,2026-03-19,11452.498321173658,True,G_3ed593,True
V_fe1a5827,U_0414,2026-03-19,4535.715269827825,True,G_3ed593,False
V_1ed14984,U_0636,2026-03-19,8405.142276513017,True,G_3ed593,False
V_18797f9f,U_0782,2026-03-19,4814.899067443689,True,G_3ed593,False
V_37729224,U_0052,2026-03-19,3026.3686533050477,True,G_3ed593,False
V_4073178422,U_0875,2026-03-19,7146.594434508738,False,,False
V_645650082,U_0895,2026-03-19,5234.3542193725025,False,,False
V_2858024497,U_0912,2026-03-19,5461.047819518536,False,,False
V_6cc8bf08,U_0982,2026-03-19,9184.921507048277,True,G_8219c2,True
V_208821c2,U_0178,2026-03-19,7352.446590487985,True,G_8219c2,False
V_804a4e4a,U_0428,2026-03-19,2605.3441006219377,True,G_8219c2,False
V_7e579382,U_0937,2026-03-19,8284.0936524445,True,G_8219c2,False
V_542282650,U_0993,2026-03-19,6468.754488421045,False,,False
V_998a33cf,U_0005,2026-03-19,3879.8750995992036,True,G_4c6dcd,True
V_a987db2a,U_0842,2026-03-19,3228.840469957936,True,G_4c6dcd,False
V_2290681045,U_0044,2026-03-19,7447.651095449994,False,,False
V_2340077991,U_0053,2026-03-19,3673.1519394373454,False,,False
V_1385831535,U_0055,2026-03-19,8083.658202305613,False,,False
V_437062906,U_0062,2026-03-19,10566.0002479276,False,,False
V_29642b60,U_0070,2026-03-19,5718.823126945471,True,G_b7474b,True
V_e0f3c689,U_0703,2026-03-19,3704.317279972159,True,G_b7474b,False
V_31397264,U_0412,2026-03-19,3681.491805411361,True,G_b7474b,False
V_bf8c19b1,U_0313,2026-03-19,4507.120858496074,True,G_b7474b,False
V_1bac12ff,U_0093,2026-03-19,5253.791876953721,True,G_0288b8,True
V_7846b4db,U_0967,2026-03-19,3662.816973300698,True,G_0288b8,False
V_bd24af50,U_0159,2026-03-19,3646.606827779819,True,G_0288b8,False
V_6117449e,U_0098,2026-03-19,2343.1346357029993,True,G_29d22b,True
V_a1df35b2,U_0216,2026-03-19,2499.6668905370307,True,G_29d22b,False
V_2823973438,U_0119,2026-03-19,11284.836990518437,False,,False
V_29e790aa,U_0134,2026-03-19,3754.1918131202574,True,G_12fac5,True
V_159ea41f,U_0827,2026-03-19,5798.739216450561,True,G_12fac5,False
V_c534cb13,U_0713,2026-03-19,2343.848086533517,True,G_12fac5,False
V_282a1e65,U_0351,2026-03-19,4016.918293940938,True,G_12fac5,False
V_929679429,U_0199,2026-03-19,2380.4703228272733,False,,False
V_bf520cef,U_0206,2026-03-19,7345.752430990289,True,G_60bed0,True
V_e748ce44,U_0515,2026-03-19,2211.730779223646,True,G_60bed0,False
V_49c737b9,U_0434,2026-03-19,6250.451308925309,True,G_60bed0,False
V_96ddb003,U_0218,2026-03-19,4004.9848680098985,True,G_60bed0,False
V_dfe96704,U_0073,2026-03-19,5796.247866445537,True,G_60bed0,False
V_542747130,U_0207,2026-03-19,7924.899290582948,False,,False
V_2825996087,U_0294,2026-03-19,3151.914163124258,False,,False
V_1776932786,U_0316,2026-03-19,9230.148551775663,False,,False
V_908fb8a4,U_0323,2026-03-19,6980.4845565629275,True,G_8a6bd4,True
V_1e71bed8,U_0874,2026-03-19,5091.7644641857005,True,G_8a6bd4,False
V_47287745,U_0860,2026-03-19,3183.3046180698802,True,G_8a6bd4,False
V_d7cc5d29,U_0405,2026-03-19,3349.6301814680546,True,G_8a6bd4,False
V_3073707954,U_0330,2026-03-19,10846.954699065383,False,,False
V_727036832,U_0411,2026-03-19,4642.825919304897,False,,False
V_3648472624,U_0428,2026-03-19,5936.6683515754685,False,,False
V_3b16d632,U_0439,2026-03-19,3827.7002509292242,True,G_941414,True
V_12f4c0af,U_0377,2026-03-19,2537.1208275794966,True,G_941414,False
V_c2c0fdae,U_0451,2026-03-19,5039.064140553901,True,G_1ef6aa,True
V_309401d2,U_0523,2026-03-19,3511.0353578037884,True,G_1ef6aa,False
V_3cbbe0da,U_0999,2026-03-19,6593.885375130554,True,G_1ef6aa,False
V_be75e2a3,U_0010,2026-03-19,4044.888017140993,True,G_1ef6aa,False
V_384490087,U_0456,2026-03-19,4481.211948765365,False,,False
V_3116022016,U_0458,2026-03-19,6619.940755376577,False,,False
V_516597280,U_0459,2026-03-19,7058.3734737127115,False,,False
V_502574820,U_0576,2026-03-19,3367.637459861319,False,,False
V_4b0d0cd9,U_0585,2026-03-19,2398.409025261504,True,G_8910a5,True
V_7676f6e4,U_0212,2026-03-19,7018.214147822011,True,G_8910a5,False
V_f0120192,U_0269,2026-03-19,5110.021630848569,True,G_8910a5,False
V_87b5329c,U_0610,2026-03-19,1943.5174364512866,True,G_c44ddd,True
V_bc500b50,U_0068,2026-03-19,4166.356204251277,True,G_c44ddd,False
V_2621525575,U_0611,2026-03-19,5048.986431776349,False,,False
V_96802f34,U_0656,2026-03-19,3173.8734710061044,True,G_504bae,True
V_ea17bb9f,U_0260,2026-03-19,5138.759606897327,True,G_504bae,False
V_281a976c,U_0672,2026-03-19,3895.991416138759,True,G_504bae,False
V_e9598082,U_0963,2026-03-19,4849.131208759875,True,G_504bae,False
V_d50dbc66,U_0073,2026-03-19,7067.639836009964,True,G_504bae,False
V_1632559839,U_0731,2026-03-19,3592.19879466359,False,,False
V_35e7a26e,U_0734,2026-03-19,6219.448773273623,True,G_d22720,True
V_11fe120c,U_0611,2026-03-19,5878.68768628174,True,G_d22720,False
V_0e0524f5,U_0082,2026-03-19,5538.466310112747,True,G_d22720,False
V_3362624754,U_0742,2026-03-19,5741.834453478317,False,,False
V_1326796628,U_0802,2026-03-19,11828.557063564065,False,,False
V_3450206334,U_0819,2026-03-19,4575.7593969717855,False,,False
V_83371e61,U_0840,2026-03-19,3404.258359562507,True,G_b60038,True
V_46cb4c6a,U_0055,2026-03-19,11099.165095935197,True,G_b60038,False
V_24698359,U_0993,2026-03-19,8128.36277418446,True,G_b60038,False
V_04b3f49c,U_0211,2026-03-19,5540.215240665998,True,G_b60038,False
V_cdba631b,U_0513,2026-03-19,12992.072937815019,True,G_b60038,False
V_7bab9b51,U_0752,2026-03-19,8196.130272320588,True,G_b60038,False
V_3865791431,U_0843,2026-03-19,2607.8326244910027,False,,False
V_82fcf084,U_0956,2026-03-19,1873.970187169447,True,G_12870f,True
V_bd5312ce,U_0435,2026-03-19,2592.427355081681,True,G_12870f,False
V_21f3d279,U_0286,2026-03-19,3622.2710228701044,True,G_12870f,False
V_d50c86a8,U_0685,2026-03-19,3521.7284183954725,True,G_12870f,False
V_1582673984,U_0978,2026-03-19,4125.589929247444,False,,False
V_e8263b5d,U_0982,2026-03-19,9002.699594367796,True,G_c38f2a,True
V_46432a27,U_0962,2026-03-19,2674.336758235916,True,G_c38f2a,False
V_eb1ad223,U_0154,2026-03-19,4826.650913519228,True,G_c38f2a,False
V_6c9ade0a,U_0735,2026-03-19,5333.288808836215,True,G_c38f2a,False
V_3080459922,U_0996,2026-03-19,5808.856199273872,False,,False
V_122769458,U_0006,2026-03-20,6323.562170496343,False,,False
V_9e7d0c2e,U_0019,2026-03-20,7609.638361748901,True,G_f78058,True
V_4971b8e3,U_0163,2026-03-20,11014.443006129382,True,G_f78058,False
V_2450330213,U_0040,2026-03-20,2564.6303332481366,False,,False
V_1471688717,U_0082,2026-03-20,7543.70375123373,False,,False
V_cc393112,U_0114,2026-03-20,6454.615374021265,True,G_dfa943,True
V_dbef7fd0,U_0729,2026-03-20,3791.0921180964356,True,G_dfa943,False
V_6cfad8dc,U_0692,2026-03-20,6010.316795156196,True,G_dfa943,False
V_318f6256,U_0260,2026-03-20,4956.555820483366,True,G_dfa943,False
V_7cf638fa,U_0350,2026-03-20,3261.460970761195,True,G_dfa943,False
V_6a7582b8,U_0586,2026-03-20,2127.190212252213,True,G_dfa943,False
V_b9813cfd,U_0154,2026-03-20,6416.358074671109,True,G_09fdfc,True
V_f0ad439c,U_0491,2026-03-20,6167.88340003929,True,G_09fdfc,False
V_5fe24713,U_0185,2026-03-20,5560.610653436166,True,G_3dbc57,True
V_13853c47,U_0586,2026-03-20,2185.22152412885,True,G_3dbc57,False
V_9543e30c,U_0992,2026-03-20,3361.934249449818,True,G_3dbc57,False
V_5450c37a,U_0354,2026-03-20,5725.906487508316,True,G_3dbc57,False
V_1459d3ff,U_0548,2026-03-20,10209.063694252052,True,G_3dbc57,False
V_1227768328,U_0217,2026-03-20,3603.75335953385,False,,False
V_391182213,U_0221,2026-03-20,6198.988417384924,False,,False
V_3760995281,U_0235,2026-03-20,5369.002264617214,False,,False
V_79a11179,U_0243,2026-03-20,3954.7300065407176,True,G_b5a443,True
V_4dd93022,U_0721,2026-03-20,8261.371390927832,True,G_b5a443,False
V_b444daa2,U_0472,2026-03-20,3378.924848827747,True,G_b5a443,False
V_d29fa5bc,U_0020,2026-03-20,3238.553373689126,True,G_b5a443,False
V_8db8521d,U_0536,2026-03-20,5653.145116062965,True,G_b5a443,False
V_f51d8f0d,U_0355,2026-03-20,3532.1409268184916,True,G_b5a443,False
V_47e00b81,U_0253,2026-03-20,3527.366891570574,True,G_e91586,True
V_b3bda3f2,U_0078,2026-03-20,4210.99332088505,True,G_e91586,False
V_2e076701,U_0227,2026-03-20,2765.288976304488,True,G_e91586,False
V_1c50cb2b,U_0065,2026-03-20,4862.269437933104,True,G_e91586,False
V_9d83c4f4,U_0777,2026-03-20,2984.526549967101,True,G_e91586,False
V_ff61225f,U_0373,2026-03-20,13990.406520505952,True,G_e91586,False
V_2679824649,U_0276,2026-03-20,7065.182533877331,False,,False
V_3808021504,U_0324,2026-03-20,8921.00143927084,False,,False
V_371513140,U_0381,2026-03-20,2189.1217598191874,False,,False
V_3513106014,U_0399,2026-03-20,3071.52764989802,False,,False
V_4291604689,U_0400,2026-03-20,9648.142606227213,False,,False
V_2561657253,U_0453,2026-03-20,3410.0611096014513,False,,False
V_97c3094a,U_0465,2026-03-20,3055.0974456352924,True,G_94ffb4,True
V_dd54620c,U_0672,2026-03-20,3461.3190660797095,True,G_94ffb4,False
V_63a18d00,U_0625,2026-03-20,5358.359312148522,True,G_94ffb4,False
V_24dbd0fd,U_0948,2026-03-20,7352.95530665161,True,G_94ffb4,False
V_4053196462,U_0574,2026-03-20,4302.3797587685885,False,,False
V_acb1d5cc,U_0595,2026-03-20,6941.208352968795,True,G_9337d2,True
V_b5f99d1a,U_0661,2026-03-20,4570.130958568374,True,G_9337d2,False
V_cae6b121,U_0734,2026-03-20,6592.156403505193,True,G_9337d2,False
V_8b5a7f37,U_0616,2026-03-20,6479.772508082909,True,G_510bbd,True
V_b3d8cb49,U_0041,2026-03-20,3724.9731046765414,True,G_510bbd,False
V_e5e6befc,U_0101,2026-03-20,4377.29718138881,True,G_510bbd,False
V_1244445388,U_0617,2026-03-20,2787.42989615292,False,,False
V_270f8acf,U_0672,2026-03-20,4007.7381401745083,True,G_252b83,True
V_e0e32407,U_0931,2026-03-20,3710.385391654036,True,G_252b83,False
V_7263d21c,U_0010,2026-03-20,4644.194812958692,True,G_252b83,False
V_3330779780,U_0682,2026-03-20,8449.075756450913,False,,False
V_1233463174,U_0704,2026-03-20,7638.142215366902,False,,False
V_1487537965,U_0775,2026-03-20,4150.944750281228,False,,False
V_237602749,U_0826,2026-03-20,8355.5798791049,False,,False
V_1324921006,U_0848,2026-03-20,2369.9110806051385,False,,False
V_3020447590,U_0875,2026-03-20,6737.159317261841,False,,False
V_bb8f2bcc,U_0897,2026-03-20,7990.5117758894075,True,G_4af423,True
V_3698a4a2,U_0338,2026-03-20,12713.326678890428,True,G_4af423,False
V_c119d758,U_0794,2026-03-20,8226.066983608682,True,G_4af423,False
V_ec42c814,U_0508,2026-03-20,6156.097716801576,True,G_4af423,False
V_dbb71e90,U_0851,2026-03-20,6373.249993789158,True,G_4af423,False
V_5eb5a24b,U_0295,2026-03-20,4025.554529175246,True,G_4af423,False
V_631d7584,U_0910,2026-03-20,6769.802640661975,True,G_91c548,True
V_e4d0eb07,U_0722,2026-03-20,6470.618291496993,True,G_91c548,False
V_a8eadce5,U_0661,2026-03-20,5720.328412260823,True,G_91c548,False
V_3ce9f57a,U_0811,2026-03-20,5221.910170044565,True,G_91c548,False
V_fe89538a,U_0114,2026-03-20,6296.15552499244,True,G_91c548,False
V_ac6fe58e,U_0955,2026-03-20,7419.7616363019315,True,G_88356a,True
V_cd700e65,U_0006,2026-03-20,7846.561366650565,True,G_88356a,False
V_1b46bb3e,U_0130,2026-03-20,11070.62519242279,True,G_88356a,False
V_6ee62c71,U_0956,2026-03-20,2033.4943397365103,True,G_6b85d0,True
V_d6fd8e4f,U_0998,2026-03-20,2105.0756757650197,True,G_6b85d0,False
V_d6f9b5fb,U_0271,2026-03-20,3231.1902096027497,True,G_6b85d0,False
V_3ba473c3,U_0930,2026-03-20,3966.1570882569613,True,G_6b85d0,False
V_3668830215,U_0963,2026-03-20,5033.398509113365,False,,False
V_3143100657,U_0969,2026-03-20,10106.884067579247,False,,False
V_2391166293,U_0004,2026-03-20,4625.099899006578,False,,False
V_4029245427,U_0060,2026-03-20,2998.952415964434,False,,False
V_0753b255,U_0092,2026-03-20,3024.1732773325016,True,G_29fc5e,True
V_2603210e,U_0357,2026-03-20,3615.6279800451066,True,G_29fc5e,False
V_3812280728,U_0119,2026-03-20,12620.688770717496,False,,False
V_80278337,U_0128,2026-03-20,2476.624442714065,False,,False
V_490354093,U_0169,2026-03-20,2949.401336713862,False,,False
V_3fd58623,U_0195,2026-03-20,7092.656567962574,True,G_9a3869,True
V_7640f411,U_0256,2026-03-20,2360.8388156620863,True,G_9a3869,False
V_10b66018,U_0025,2026-03-20,3110.1074760189745,True,G_9a3869,False
V_d3f7f19f,U_0824,2026-03-20,2161.566699684253,True,G_9a3869,False
V_3079818539,U_0202,2026-03-20,10548.136229036563,False,,False
V_dc5386c1,U_0206,2026-03-20,6996.30510625937,True,G_6dcb33,True
V_68a2c830,U_0794,2026-03-20,8453.2163319967,True,G_6dcb33,False
V_60bb9709,U_0024,2026-03-20,11354.315952466488,True,G_6dcb33,False
V_1663698696,U_0260,2026-03-20,4665.1443326982835,False,,False
V_ec0045e3,U_0273,2026-03-20,3841.7827566455417,True,G_029ac6,True
V_69c951ac,U_0665,2026-03-20,4959.221818004896,True,G_029ac6,False
V_ee2a9d14,U_0816,2026-03-20,9699.210358650455,True,G_029ac6,False
V_766977b1,U_0305,2026-03-20,5597.9422615216945,True,G_029ac6,False
V_41e9ad3e,U_0613,2026-03-20,7061.980344112446,True,G_029ac6,False
V_3f9ae659,U_0622,2026-03-20,6321.147076249999,True,G_029ac6,False
V_1283870905,U_0274,2026-03-20,10941.091977600943,False,,False
V_1846049394,U_0291,2026-03-20,1992.4080594691657,False,,False
V_1669922260,U_0365,2026-03-20,4226.345553964471,False,,False
V_2577294579,U_0374,2026-03-20,3257.271581917546,False,,False
V_3335254809,U_0383,2026-03-20,6926.877410030513,False,,False
V_3334423625,U_0395,2026-03-20,4234.724668301234,False,,False
V_2679375504,U_0468,2026-03-20,12860.06399677234,False,,False
V_efe7a5ae,U_0474,2026-03-20,3636.079071876176,True,G_4f8d53,True
V_0807364a,U_0716,2026-03-20,2014.0029571490404,True,G_4f8d53,False
V_f763a89f,U_0634,2026-03-20,3465.968650481102,True,G_4f8d53,False
V_6d7abd22,U_0578,2026-03-20,3016.748756269705,True,G_ba1d4a,True
V_96e1ef84,U_0881,2026-03-20,4055.989276248946,True,G_ba1d4a,False
V_099440c7,U_0608,2026-03-20,7218.131777029828,True,G_ba1d4a,False
V_5e3ba7cf,U_0910,2026-03-20,6961.075644980225,True,G_ba1d4a,False
V_a84d9e5e,U_0586,2026-03-20,2594.3601784728266,True,G_fb3ebe,True
V_50bb52f1,U_0025,2026-03-20,3657.0974762407104,True,G_fb3ebe,False
V_cb2919b8,U_0051,2026-03-20,2590.114339272306,True,G_fb3ebe,False
V_1aa1e76e,U_0532,2026-03-20,7999.758545567353,True,G_fb3ebe,False
V_27304238,U_0771,2026-03-20,4846.974986026958,True,G_fb3ebe,False
V_863950c0,U_0549,2026-03-20,4432.539140923306,True,G_fb3ebe,False
V_2866576357,U_0607,2026-03-20,3728.4995025190447,False,,False
V_ee0c7f19,U_0610,2026-03-20,1992.3372443136298,True,G_83f056,True
V_26cf94e7,U_0791,2026-03-20,2778.8465780706306,True,G_83f056,False
V_d24e7f5e,U_0083,2026-03-20,7521.067809127394,True,G_83f056,False
V_31576376,U_0994,2026-03-20,7642.279785117954,True,G_83f056,False
V_2f039c50,U_0121,2026-03-20,4169.893433488146,True,G_83f056,False
V_a72b9e92,U_0633,2026-03-20,3057.862900338928,True,G_ee4ec1,True
V_7f1fe8ed,U_0573,2026-03-20,3794.4543665304977,True,G_ee4ec1,False
V_18919837,U_0780,2026-03-20,2224.989814991178,True,G_ee4ec1,False
V_4265233509,U_0636,2026-03-20,5008.380868330386,False,,False
V_1909987096,U_0643,2026-03-20,3333.4522908180415,False,,False
V_11376362,U_0655,2026-03-20,4941.129478938103,False,,False
V_fb847f20,U_0732,2026-03-20,5388.5750814927505,True,G_294549,True
V_1a093abd,U_0803,2026-03-20,2812.7385610722945,True,G_294549,False
V_b8c4a99a,U_0698,2026-03-20,2769.9708519032015,True,G_294549,False
V_8133787c,U_0025,2026-03-20,3193.4260225191424,True,G_294549,False
V_6f873dce,U_0737,2026-03-20,6309.043167502562,True,G_294549,False
V_b199bb15,U_0735,2026-03-20,6713.288700021833,True,G_e9958d,True
V_91db8878,U_0237,2026-03-20,10250.013090175264,True,G_e9958d,False
V_37f11187,U_0789,2026-03-20,4047.8501784237783,True,G_e9958d,False
V_d71eff24,U_0596,2026-03-20,3494.7801451331725,True,G_e9958d,False
V_5f3e8465,U_0710,2026-03-20,3295.1240786426856,True,G_e9958d,False
V_b75c5084,U_0780,2026-03-20,2716.941452107907,True,G_e9958d,False
V_3310224854,U_0742,2026-03-20,4984.300509401296,False,,False
V_3134152034,U_0761,2026-03-20,12375.681776275784,False,,False
V_1972117734,U_0765,2026-03-20,6337.999487562081,False,,False
V_2566395210,U_0787,2026-03-20,3108.7697589752174,False,,False
V_81a010dc,U_0788,2026-03-20,4054.4486048288695,True,G_91d8a7,True
V_bacf1080,U_0102,2026-03-20,5836.743486014912,True,G_91d8a7,False
V_296abdc7,U_0834,2026-03-20,4687.582959057391,True,G_91d8a7,False
V_04ec20b7,U_0137,2026-03-20,5554.365622645643,True,G_91d8a7,False
V_4fdf5231,U_0453,2026-03-20,4480.626067616355,True,G_91d8a7,False
V_1097036550,U_0857,2026-03-20,6991.483164189192,False,,False
V_c918c575,U_0900,2026-03-20,4848.089737674598,True,G_9c7b17,True
V_6ac1274f,U_0458,2026-03-20,10762.731436393678,True,G_9c7b17,False
V_f732ba5e,U_0206,2026-03-20,5835.726180709142,True,G_9c7b17,False
V_898bd922,U_0567,2026-03-20,6409.487479516699,True,G_9c7b17,False
V_e5e70575,U_0032,2026-03-20,4128.864051692946,True,G_9c7b17,False
V_6c787179,U_0092,2026-03-20,3423.393051167013,True,G_9c7b17,False
V_d752a27f,U_0905,2026-03-20,3949.258196457402,True,G_425281,True
V_481d96f0,U_0622,2026-03-20,6005.771394180342,True,G_425281,False
V_d939c525,U_0771,2026-03-20,5689.854537550938,True,G_425281,False
V_7811d286,U_0430,2026-03-20,6164.220326973642,True,G_425281,False
V_7be67ed7,U_0333,2026-03-20,3783.598366201111,True,G_425281,False
V_dad3b325,U_0942,2026-03-20,3172.2296465382874,True,G_fc649d,True
V_1c0396db,U_0076,2026-03-20,2930.5868080270598,True,G_fc649d,False
V_5ebd447b,U_0259,2026-03-20,2672.763060270172,True,G_fc649d,False
V_aa3089d3,U_0199,2026-03-20,2738.8792710773423,True,G_fc649d,False
V_74c98233,U_0621,2026-03-20,3937.112098180494,True,G_fc649d,False
V_390327978,U_0948,2026-03-20,3428.470590790652,False,,False
V_8d8668a0,U_0960,2026-03-20,2978.567811961625,True,G_ce5762,True
V_44b34b5a,U_0311,2026-03-20,2434.1929475197853,True,G_ce5762,False
V_580572331,U_0972,2026-03-20,10009.20384354225,False,,False
V_3424481027,U_0006,2026-03-21,7455.045550530902,False,,False
V_08f8100a,U_0043,2026-03-21,3935.590051806769,True,G_ab0a2d,True
V_2415159e,U_0987,2026-03-21,2192.0714511598235,True,G_ab0a2d,False
V_1281674429,U_0065,2026-03-21,3944.7602711294876,False,,False
V_e7e9e2bb,U_0082,2026-03-21,7591.372749284001,True,G_a68f0c,True
V_770785be,U_0190,2026-03-21,7168.321692379019,True,G_a68f0c,False
V_963af8a6,U_0947,2026-03-21,7582.830836000001,True,G_a68f0c,False
V_4f7a7de0,U_0768,2026-03-21,5395.116722503463,True,G_a68f0c,False
V_29ee486f,U_0018,2026-03-21,5589.1098278298105,True,G_a68f0c,False
V_1d5a18e3,U_0619,2026-03-21,2370.7149307238765,True,G_a68f0c,False
V_1821623209,U_0119,2026-03-21,4038.584191924867,False,,False
V_b8aecb98,U_0189,2026-03-21,1981.1411298507567,True,G_57a9ac,True
V_09c4a197,U_0079,2026-03-21,2320.138710109417,True,G_57a9ac,False
V_a08e1a85,U_0346,2026-03-21,3035.637228628541,True,G_57a9ac,False
V_4b71c8aa,U_0207,2026-03-21,4382.645300578236,True,G_57a9ac,False
V_562961905,U_0199,2026-03-21,2481.270587790507,False,,False
V_bed44547,U_0251,2026-03-21,2359.8587667418155,True,G_60aa50,True
V_40825b58,U_0095,2026-03-21,4545.5672077923255,True,G_60aa50,False
V_65558def,U_0297,2026-03-21,3452.8079159248855,True,G_60aa50,False
V_6932ff4b,U_0871,2026-03-21,3340.4361582120314,True,G_60aa50,False
V_ba13c535,U_0697,2026-03-21,2759.8588595352,True,G_60aa50,False
V_3558190226,U_0265,2026-03-21,7713.564075829958,False,,False
V_1244083727,U_0324,2026-03-21,7980.169927719877,False,,False
V_131482536,U_0341,2026-03-21,6270.863858124992,False,,False
V_751515664,U_0374,2026-03-21,2609.54566603694,False,,False
V_d7cc0fec,U_0394,2026-03-21,4952.882500860498,True,G_e73fe9,True
V_7f8e54e1,U_0859,2026-03-21,4528.654964608014,True,G_e73fe9,False
V_fcf108fe,U_0200,2026-03-21,2715.9474504466243,True,G_e73fe9,False
V_252335503,U_0449,2026-03-21,3970.3071900125296,False,,False
V_469a074d,U_0459,2026-03-21,1800.8589793858037,True,G_8d3b7b,True
V_a335def8,U_0806,2026-03-21,3052.4277242884896,True,G_8d3b7b,False
V_3040305108,U_0501,2026-03-21,3980.7049766422206,False,,False
V_3340287842,U_0518,2026-03-21,9416.210746735656,False,,False
V_6ec26a83,U_0573,2026-03-21,5133.760823121583,True,G_3841ae,True
V_6acd80ca,U_0012,2026-03-21,5490.067952616378,True,G_3841ae,False
V_a8be50d0,U_0622,2026-03-21,6160.456259508698,True,G_3841ae,False
V_d506d6f0,U_0007,2026-03-21,5245.426360129116,True,G_3841ae,False
V_1be5aa19,U_0582,2026-03-21,5153.609844015938,True,G_b42464,True
V_3b9809b8,U_0468,2026-03-21,2393.8967776422855,True,G_b42464,False
V_bd6ea2f1,U_0513,2026-03-21,11381.972191861005,True,G_b42464,False
V_5dd0ede9,U_0414,2026-03-21,4415.195762476131,True,G_b42464,False
V_672fbb5e,U_0120,2026-03-21,2545.512530004555,True,G_b42464,False
V_28ee1e50,U_0616,2026-03-21,7373.993981902553,True,G_82d58b,True
V_d03a5950,U_0878,2026-03-21,2191.916802653316,True,G_82d58b,False
V_040b8d37,U_0798,2026-03-21,4117.2571908696145,True,G_82d58b,False
V_5fdeb94d,U_0529,2026-03-21,6057.320234747118,True,G_82d58b,False
V_16d65563,U_0506,2026-03-21,6432.071961726358,True,G_82d58b,False
V_5175c711,U_0618,2026-03-21,4278.176987814277,True,G_3c7c55,True
V_e3d9c520,U_0349,2026-03-21,3117.4571012964307,True,G_3c7c55,False
V_afe7259f,U_0284,2026-03-21,3746.994016286569,True,G_3c7c55,False
V_18c078e4,U_0248,2026-03-21,3653.784503961136,True,G_3c7c55,False
V_e0218bde,U_0070,2026-03-21,5830.746444767595,True,G_3c7c55,False
V_6c26def1,U_0625,2026-03-21,4296.527259563297,True,G_da6aaf,True
V_1397ad59,U_0903,2026-03-21,3529.5461053279505,True,G_da6aaf,False
V_3612a027,U_0790,2026-03-21,5300.602578714272,True,G_da6aaf,False
V_ecb183f6,U_0050,2026-03-21,10678.820183920188,True,G_da6aaf,False
V_f6eacbb6,U_0010,2026-03-21,4133.1368788856635,True,G_da6aaf,False
V_fd5c3055,U_0400,2026-03-21,8192.185934163206,True,G_da6aaf,False
V_2889928094,U_0649,2026-03-21,3969.570107545593,False,,False
V_a7385c71,U_0657,2026-03-21,11512.704252002533,True,G_bcb55f,True
V_2d889c79,U_0770,2026-03-21,8461.860962607348,True,G_bcb55f,False
V_07f2cc4e,U_0826,2026-03-21,7761.658225195883,True,G_bcb55f,False
V_b0b7f026,U_0618,2026-03-21,4005.61408061216,True,G_bcb55f,False
V_f1a11b0e,U_0006,2026-03-21,5256.157794859587,True,G_bcb55f,False
V_8fe46396,U_0740,2026-03-21,4455.938460866799,True,G_bcb55f,False
V_1215482199,U_0705,2026-03-21,5132.369651139013,False,,False
V_d7299144,U_0725,2026-03-21,5749.138623939459,True,G_ee141e,True
V_3bc749d2,U_0077,2026-03-21,6659.8070030333165,True,G_ee141e,False
V_d1741b0c,U_0753,2026-03-21,5995.2101805572,True,G_ee141e,False
V_5fd539e0,U_0506,2026-03-21,4846.140750387249,True,G_ee141e,False
V_895ee1f7,U_0727,2026-03-21,8892.049236024757,True,G_80e329,True
V_d6392d53,U_0075,2026-03-21,9054.394834737892,True,G_80e329,False
V_f72d832a,U_0704,2026-03-21,7429.060168671957,True,G_80e329,False
V_e4c9a946,U_0802,2026-03-21,11368.544985687327,True,G_80e329,False
V_7350b9bb,U_0470,2026-03-21,4096.07961173787,True,G_80e329,False
V_2d5ff41e,U_0758,2026-03-21,3193.106316619316,True,G_80e329,False
V_1574418232,U_0743,2026-03-21,1856.189311178027,False,,False
V_6d7bf12e,U_0859,2026-03-21,3659.9723817130766,True,G_e50641,True
V_3802ecea,U_0249,2026-03-21,3482.554735945207,True,G_e50641,False
V_ea9434f8,U_0005,2026-03-21,4232.009053209178,True,G_e50641,False
V_c4a29cc8,U_0653,2026-03-21,5579.7052344273625,True,G_e50641,False
V_1295937228,U_0872,2026-03-21,8058.087600567597,False,,False
V_3529936589,U_0917,2026-03-21,7056.239151508264,False,,False
V_92e5cc36,U_0948,2026-03-21,6188.89198896288,True,G_140261,True
V_ae55c3b2,U_0203,2026-03-21,3218.6554178062006,True,G_140261,False
V_9c4fa911,U_0229,2026-03-21,4954.563020466305,True,G_140261,False
V_291989527,U_0955,2026-03-21,9534.141071259244,False,,False
V_f78fb372,U_0963,2026-03-21,5319.072025201923,True,G_79d2f7,True
V_9707bb65,U_0333,2026-03-21,2874.9113238079403,True,G_79d2f7,False
V_19904c4b,U_0012,2026-03-21,4674.927804790406,True,G_79d2f7,False
V_d2c22201,U_0801,2026-03-21,3075.186902314131,True,G_79d2f7,False
V_b350521c,U_0695,2026-03-21,7162.0438208432915,True,G_79d2f7,False
V_5f71e815,U_0742,2026-03-21,7381.9482407779005,True,G_79d2f7,False
V_5d9eb242,U_0977,2026-03-21,10264.232637984414,True,G_381f0c,True
V_d95753d8,U_0514,2026-03-21,2429.035542469137,True,G_381f0c,False
V_3e6a7799,U_0220,2026-03-21,1904.7834093052784,True,G_381f0c,False
V_28ecedf7,U_0755,2026-03-21,10764.026883202778,True,G_381f0c,False
V_361b646e,U_0046,2026-03-21,3402.1221042199018,True,G_381f0c,False
V_556b9d2d,U_0833,2026-03-21,3023.828246807365,True,G_381f0c,False
V_e1f76b4c,U_0982,2026-03-21,8254.2784776416,True,G_2c0d40,True
V_6b95c9ac,U_0470,2026-03-21,3228.44010792493,True,G_2c0d40,False
V_ee16d161,U_0018,2026-03-21,6869.218217785983,True,G_644751,True
V_e16e2ba2,U_0076,2026-03-21,3069.84070896858,True,G_644751,False
V_3c585039,U_0482,2026-03-21,3692.5055555201234,True,G_644751,False
V_3304615958,U_0031,2026-03-21,3812.185590720484,False,,False
V_223719535,U_0039,2026-03-21,9485.033859116456,False,,False
V_63cb9ff3,U_0054,2026-03-21,2729.008810936907,True,G_3b181d,True
V_2fc1e39c,U_0473,2026-03-21,5897.475609571355,True,G_3b181d,False
V_8dcf9acc,U_0232,2026-03-21,4948.996421587331,True,G_3b181d,False
V_67ba72e4,U_0131,2026-03-21,7592.8943919678195,True,G_3b181d,False
V_3449664818,U_0085,2026-03-21,2734.9112128303727,False,,False
V_4072725668,U_0107,2026-03-21,6062.57893413727,False,,False
V_4ea99bbb,U_0154,2026-03-21,5576.340296085282,True,G_c2976b,True
V_0d6e1a87,U_0052,2026-03-21,2706.2255248519523,True,G_c2976b,False
V_0b802c58,U_0718,2026-03-21,7763.050869272398,True,G_c2976b,False
V_98037a50,U_0560,2026-03-21,8613.853966958322,True,G_c2976b,False
V_a62b5645,U_0457,2026-03-21,9444.800669742144,True,G_c2976b,False
V_8e59d2ad,U_0974,2026-03-21,13295.47075996504,True,G_c2976b,False
V_2750723582,U_0164,2026-03-21,5236.3216544106335,False,,False
V_d753f46c,U_0167,2026-03-21,3236.1104202082065,True,G_7d8c2c,True
V_7f6406a2,U_0667,2026-03-21,2693.783689987905,True,G_7d8c2c,False
V_38e4d45a,U_0448,2026-03-21,2776.688995059973,True,G_7d8c2c,False
V_1bde51fa,U_0649,2026-03-21,4197.576286120234,True,G_7d8c2c,False
V_eaa3fbc2,U_0828,2026-03-21,5206.3721679844775,True,G_7d8c2c,False
V_56b3550b,U_0178,2026-03-21,10012.897904682906,True,G_b0445c,True
V_03c7fc31,U_0632,2026-03-21,2594.9088706826196,True,G_b0445c,False
V_ab8c5c21,U_0851,2026-03-21,6192.167658547847,True,G_b0445c,False
V_d2c0d42c,U_0218,2026-03-21,4475.370685192832,True,G_b0445c,False
V_f2aa1398,U_0414,2026-03-21,4153.205166345796,True,G_b0445c,False
V_2114042097,U_0193,2026-03-21,6399.681965327278,False,,False
V_2099599915,U_0211,2026-03-21,11696.446279450487,False,,False
V_e001c278,U_0248,2026-03-21,3402.320124337942,True,G_d9dff3,True
V_2c326386,U_0929,2026-03-21,7519.758899101433,True,G_d9dff3,False
V_1358698,U_0287,2026-03-21,4689.8757623421925,False,,False
V_ec367307,U_0289,2026-03-21,3170.325859921987,True,G_377123,True
V_9bd5d835,U_0682,2026-03-21,10268.942511258032,True,G_377123,False
V_ac11f9cb,U_0206,2026-03-21,6714.27475936493,True,G_377123,False
V_e436b974,U_0704,2026-03-21,8818.686691026189,True,G_377123,False
V_013eb48f,U_0262,2026-03-21,12329.798844985582,True,G_377123,False
V_6fbd53f8,U_0540,2026-03-21,2332.981246117142,True,G_377123,False
V_2043795836,U_0302,2026-03-21,5536.568006629391,False,,False
V_1427147190,U_0321,2026-03-21,7045.863159962686,False,,False
V_95e9fce0,U_0340,2026-03-21,3424.6652966225574,True,G_5a0cbc,True
V_10809761,U_0617,2026-03-21,2723.9694333750695,True,G_5a0cbc,False
V_b7aae69d,U_0724,2026-03-21,1986.3430299812242,True,G_5a0cbc,False
V_9686a8cf,U_0797,2026-03-21,2268.2329707120884,True,G_5a0cbc,False
V_efd4dc57,U_0437,2026-03-21,2461.2944457287786,True,G_5a0cbc,False
V_eda53624,U_0160,2026-03-21,10040.32744467126,True,G_5a0cbc,False
V_4d05066a,U_0354,2026-03-21,5993.277261727027,True,G_32c9df,True
V_a765cdd9,U_0867,2026-03-21,2402.8887973446476,True,G_32c9df,False
V_262433c2,U_0473,2026-03-21,5492.81909262053,True,G_32c9df,False
V_ecc3791a,U_0558,2026-03-21,2542.0493566913665,True,G_32c9df,False
V_681af133,U_0301,2026-03-21,3059.8987322344,True,G_32c9df,False
V_0badc48d,U_0761,2026-03-21,1873.1742653039726,True,G_32c9df,False
V_1710551913,U_0396,2026-03-21,2128.5896088945397,False,,False
V_1131465347,U_0401,2026-03-21,4107.609742956579,False,,False
V_537650946,U_0441,2026-03-21,7958.929812516401,False,,False
V_4226397959,U_0450,2026-03-21,3473.0182773056695,False,,False
V_3007064435,U_0493,2026-03-21,3791.865075686357,False,,False
V_3190635652,U_0501,2026-03-21,2271.261317725124,False,,False
V_a6df20f5,U_0505,2026-03-21,2848.1222814566045,True,G_7f833d,True
V_8e96ac3e,U_0875,2026-03-21,7724.640208413371,True,G_7f833d,False
V_876cf5e8,U_0220,2026-03-21,1695.3200851029242,True,G_7f833d,False
V_4234783b,U_0436,2026-03-21,12354.08048460983,True,G_7f833d,False
V_4be0e0f9,U_0553,2026-03-21,3250.1651171973785,True,G_7f833d,False
V_2415110946,U_0512,2026-03-21,4815.1592691412225,False,,False
V_4075183216,U_0541,2026-03-21,3665.978458334917,False,,False
V_16643c57,U_0630,2026-03-21,2972.133482751562,True,G_372300,True
V_a71312a4,U_0348,2026-03-21,3530.0445078476887,True,G_372300,False
V_fcb9cbc2,U_0389,2026-03-21,2702.10020186742,True,G_372300,False
V_b8df7cd6,U_0353,2026-03-21,2651.2310651679277,True,G_372300,False
V_4298cefd,U_0632,2026-03-21,2469.5383961040443,True,G_f2cbe1,True
V_6fc4c9c9,U_0019,2026-03-21,9056.398964993781,True,G_f2cbe1,False
V_ccf00c40,U_0434,2026-03-21,5021.557238398938,True,G_f2cbe1,False
V_4693f796,U_0882,2026-03-21,2614.982970846995,True,G_f2cbe1,False
V_8f51c690,U_0055,2026-03-21,9200.618551514188,True,G_f2cbe1,False
V_483c642c,U_0802,2026-03-21,7985.343446477105,True,G_f2cbe1,False
V_146f4b3b,U_0636,2026-03-21,9176.975824535559,True,G_d56c96,True
V_a34418d3,U_0582,2026-03-21,6515.177064502272,True,G_d56c96,False
V_f64bc31d,U_0816,2026-03-21,7989.342567963285,True,G_d56c96,False
V_bb2c144b,U_0639,2026-03-21,3050.3544819092053,True,G_9510e1,True
V_e797ca0b,U_0389,2026-03-21,2190.401150603989,True,G_9510e1,False
V_362abacc,U_0438,2026-03-21,2430.5979389479485,True,G_9510e1,False
V_8ada438d,U_0776,2026-03-21,2767.327917798866,True,G_9510e1,False
V_ef65d511,U_0103,2026-03-21,3678.067067195099,True,G_9510e1,False
V_23f85d94,U_0651,2026-03-21,2493.21974670429,True,G_9b97f0,True
V_b29280bc,U_0451,2026-03-21,6970.9129959299635,True,G_9b97f0,False
V_bddd39d5,U_0273,2026-03-21,4011.462846390494,True,G_9b97f0,False
V_2409873c,U_0664,2026-03-21,3519.4939892985394,True,G_9b97f0,False
V_3b48d0ce,U_0545,2026-03-21,2060.2696087136387,True,G_9b97f0,False
V_8969a7e0,U_0992,2026-03-21,3952.8981715042255,True,G_9b97f0,False
V_9f354ab7,U_0664,2026-03-21,3164.841209035027,True,G_ba0b66,True
V_09f69495,U_0905,2026-03-21,3503.1181444047957,True,G_ba0b66,False
V_f8a19179,U_0304,2026-03-21,3411.075334980735,True,G_ba0b66,False
V_db0a4a22,U_0764,2026-03-21,2696.0117549881234,True,G_ba0b66,False
V_373461b8,U_0536,2026-03-21,6191.786051704999,True,G_ba0b66,False
V_cb2a3956,U_0278,2026-03-21,3475.7631875405036,True,G_ba0b66,False
V_214357796,U_0673,2026-03-21,9449.821284500214,False,,False
V_940871278,U_0714,2026-03-21,3863.110274301754,False,,False
V_3734949570,U_0784,2026-03-21,2166.6894270679036,False,,False
V_1331207513,U_0830,2026-03-21,4359.512711338901,False,,False
V_3578141115,U_0879,2026-03-21,10037.511442178598,False,,False
V_1201586466,U_0887,2026-03-21,4156.642010009676,False,,False
V_3246888130,U_0940,2026-03-21,7481.536274348744,False,,False
V_a8764a9f,U_0943,2026-03-21,1965.6471661046376,True,G_f7aa02,True
V_1b0f2de4,U_0902,2026-03-21,9602.803774981065,True,G_f7aa02,False
V_66a064c4,U_0001,2026-03-21,5812.207796568575,True,G_f7aa02,False
V_2880501306,U_0947,2026-03-21,3334.439962293432,False,,False
V_9051e727,U_0982,2026-03-21,8015.062919206448,True,G_10c776,True
V_f4f72f32,U_0770,2026-03-21,9949.201928358838,True,G_10c776,False
V_e342cf59,U_0802,2026-03-21,10978.89944044862,True,G_10c776,False
V_e9ec6112,U_0514,2026-03-21,2447.3290749311705,True,G_10c776,False
V_9f5ed81b,U_0302,2026-03-21,2240.5567402243482,True,G_10c776,False
V_7ae3bd28,U_0024,2026-03-21,9767.360046500466,True,G_10c776,False
V_215165163,U_0001,2026-03-22,7351.563033900856,False,,False
V_1530445324,U_0063,2026-03-22,3596.0716878123794,False,,False
V_3121088987,U_0097,2026-03-22,11529.32012939907,False,,False
V_1597952914,U_0112,2026-03-22,6523.195644402748,False,,False
V_18df7aeb,U_0130,2026-03-22,10726.228580269284,True,G_96148e,True
V_c32f3ee3,U_0219,2026-03-22,1861.2989952244036,True,G_96148e,False
V_3c37dbd7,U_0839,2026-03-22,3969.057240378351,True,G_96148e,False
V_ef221f92,U_0458,2026-03-22,12066.162745885558,True,G_96148e,False
V_445bc6d7,U_0628,2026-03-22,11194.06382427951,True,G_96148e,False
V_6d0b46ad,U_0632,2026-03-22,2679.9348142973295,True,G_96148e,False
V_be74ec70,U_0137,2026-03-22,6049.207738637914,True,G_3ca5fb,True
V_04078c6f,U_0517,2026-03-22,2764.662874556233,True,G_3ca5fb,False
V_3778836793,U_0178,2026-03-22,8796.080458106784,False,,False
V_1017486204,U_0185,2026-03-22,5257.879911202585,False,,False
V_437630698,U_0190,2026-03-22,7168.927053072442,False,,False
V_6b421bb7,U_0193,2026-03-22,2530.686435814888,True,G_77de81,True
V_984bbd05,U_0966,2026-03-22,4212.047029177075,True,G_77de81,False
V_04fe5d8b,U_0969,2026-03-22,9941.280344332079,True,G_77de81,False
V_c03ac9af,U_0084,2026-03-22,3005.010117120918,True,G_77de81,False
V_917ffd94,U_0366,2026-03-22,4367.972632933031,True,G_77de81,False
V_3498003495,U_0237,2026-03-22,11220.466954768232,False,,False
V_1523648097,U_0259,2026-03-22,2748.6174231851587,False,,False
V_1190673626,U_0261,2026-03-22,4070.239804738555,False,,False
V_2bb006bb,U_0323,2026-03-22,7716.06650847453,True,G_abd30c,True
V_57690eaa,U_0262,2026-03-22,10644.64016539242,True,G_abd30c,False
V_f45cb67c,U_0478,2026-03-22,3478.444308385821,True,G_abd30c,False
V_4c0a0817,U_0591,2026-03-22,8373.911836857314,True,G_abd30c,False
V_cb893211,U_0221,2026-03-22,5569.687110343047,True,G_abd30c,False
V_fa99b8dd,U_0328,2026-03-22,6222.618177645518,True,G_9c5bb1,True
V_413370a8,U_0681,2026-03-22,10792.18437372774,True,G_9c5bb1,False
V_07246d46,U_0289,2026-03-22,3864.8076805226337,True,G_9c5bb1,False
V_5ae079d5,U_0331,2026-03-22,4818.202954430509,True,G_05e2b9,True
V_9288c2ee,U_0345,2026-03-22,10432.353066278045,True,G_05e2b9,False
V_766a3479,U_0106,2026-03-22,2979.49249255281,True,G_05e2b9,False
V_1791474901,U_0394,2026-03-22,4628.664914604422,False,,False
V_7bf59d17,U_0427,2026-03-22,3221.5588426276363,True,G_a4d4f5,True
V_5bab2d3e,U_0061,2026-03-22,2939.6707446247883,True,G_a4d4f5,False
V_6ab66ea9,U_0781,2026-03-22,2411.82193286216,True,G_a4d4f5,False
V_799405e7,U_0496,2026-03-22,2623.985785651824,True,G_a4d4f5,False
V_79e0582f,U_0893,2026-03-22,4575.305780052177,True,G_a4d4f5,False
V_b0159512,U_0064,2026-03-22,2466.678861803937,True,G_a4d4f5,False
V_243414048,U_0431,2026-03-22,5051.569362655296,False,,False
V_1070365354,U_0459,2026-03-22,2294.450907904365,False,,False
V_2391347678,U_0534,2026-03-22,3969.69844255053,False,,False
V_2007623309,U_0548,2026-03-22,7343.190565787156,False,,False
V_cffae8d9,U_0581,2026-03-22,7732.281478659535,True,G_43fab2,True
V_b257753c,U_0181,2026-03-22,8728.238618892976,True,G_43fab2,False
V_451711b1,U_0798,2026-03-22,4462.390187864582,True,G_43fab2,False
V_7668b92c,U_0092,2026-03-22,3407.893534895615,True,G_43fab2,False
V_88c4cfbf,U_0373,2026-03-22,13103.890886926583,True,G_43fab2,False
V_0e2143ce,U_0321,2026-03-22,5703.281725328156,True,G_43fab2,False
V_1258400965,U_0598,2026-03-22,3458.034862336975,False,,False
V_7632c79c,U_0604,2026-03-22,5957.2890210969435,True,G_09d431,True
V_ede330ef,U_0007,2026-03-22,6329.440459229235,True,G_09d431,False
V_a700065b,U_0403,2026-03-22,4453.625118697769,True,G_09d431,False
V_0bfaf4e7,U_0655,2026-03-22,7353.970995209059,True,G_09d431,False
V_566414270,U_0693,2026-03-22,5642.336987467239,False,,False
V_16d0eaae,U_0735,2026-03-22,5834.309278908083,True,G_94c6dd,True
V_d66c723a,U_0436,2026-03-22,9440.464796202188,True,G_94c6dd,False
V_57c19fda,U_0900,2026-03-22,5879.864851554853,True,G_94c6dd,False
V_668df191,U_0119,2026-03-22,3656.441429741535,True,G_94c6dd,False
V_7b45d875,U_0274,2026-03-22,5055.172198535939,True,G_94c6dd,False
V_3498708547,U_0772,2026-03-22,7432.243883092346,False,,False
V_3392099172,U_0783,2026-03-22,3812.3352239228784,False,,False
V_346382407,U_0807,2026-03-22,5837.173474300934,False,,False
V_2868494010,U_0844,2026-03-22,2812.3892931672644,False,,False
V_d6e54955,U_0863,2026-03-22,9211.779892239809,True,G_d1a6b6,True
V_d4249fb8,U_0826,2026-03-22,8148.635666704379,True,G_d1a6b6,False
V_0d70a01d,U_0982,2026-03-22,9593.398607705018,True,G_d1a6b6,False
V_d71e8bde,U_0794,2026-03-22,8926.069149464467,True,G_d1a6b6,False
V_10056c2d,U_0917,2026-03-22,7897.676724567591,True,G_d1a6b6,False
V_28308423,U_0875,2026-03-22,7494.254397964298,False,,False
V_ee9e96a0,U_0883,2026-03-22,3240.977152919736,True,G_dbc5e1,True
V_af8d1020,U_0217,2026-03-22,2905.391841582917,True,G_dbc5e1,False
V_328deb8b,U_0870,2026-03-22,2329.1687326421297,True,G_dbc5e1,False
V_8ccc3e56,U_0885,2026-03-22,10393.760643861184,True,G_fcc6a5,True
V_92d9027c,U_0765,2026-03-22,2407.853602153685,True,G_fcc6a5,False
V_d525c3b0,U_0161,2026-03-22,5959.074358623887,True,G_fcc6a5,False
V_0c02b37f,U_0503,2026-03-22,10546.935363520499,True,G_fcc6a5,False
V_2121118822,U_0897,2026-03-22,7968.866257392429,False,,False
V_3965789016,U_0902,2026-03-22,10947.106303404613,False,,False
V_1534355084,U_0929,2026-03-22,6013.904488433762,False,,False
V_e322599d,U_0944,2026-03-22,2782.637885188165,True,G_fa266d,True
V_e76eb381,U_0827,2026-03-22,5785.952203590851,True,G_fa266d,False
V_476eabaf,U_0415,2026-03-22,9240.033898806154,True,G_fa266d,False
V_ea17583d,U_0641,2026-03-22,2343.042668019212,True,G_fa266d,False
V_78e6cb33,U_0129,2026-03-22,1764.5114682549588,True,G_fa266d,False
V_b13a81e5,U_0972,2026-03-22,6652.527728839545,True,G_ff01d9,True
V_8e4597a2,U_0648,2026-03-22,3325.2751109961873,True,G_ff01d9,False
V_dd16807f,U_0928,2026-03-22,2641.890330466433,True,G_ff01d9,False
V_515a4c22,U_0318,2026-03-22,2435.3637410550236,True,G_ff01d9,False
V_1536251975,U_0978,2026-03-22,2268.5551920809203,False,,False
V_4137568713,U_0993,2026-03-22,8017.401482641096,False,,False
V_1202679895,U_0039,2026-03-22,8252.915821154587,False,,False
V_338ce1e2,U_0055,2026-03-22,10525.992758168108,True,G_b8d74e,True
V_b0c9b312,U_0736,2026-03-22,4650.665881001751,True,G_b8d74e,False
V_cad6af26,U_0064,2026-03-22,2642.694832995056,True,G_07e6c7,True
V_fd4d3c54,U_0036,2026-03-22,3291.3663836913656,True,G_07e6c7,False
V_28664720,U_0249,2026-03-22,4575.455154551483,True,G_07e6c7,False
V_ade2a66a,U_0275,2026-03-22,3243.8324685858192,True,G_07e6c7,False
V_59cacc29,U_0420,2026-03-22,3013.9420365668043,True,G_07e6c7,False
V_2173770539,U_0141,2026-03-22,2692.830786371522,False,,False
V_2d4cdb8e,U_0171,2026-03-22,3582.324482198708,True,G_857237,True
V_391d96be,U_0083,2026-03-22,6275.420786773333,True,G_857237,False
V_0012acfa,U_0002,2026-03-22,2703.8779139483295,True,G_857237,False
V_080f45d5,U_0468,2026-03-22,1877.5246538631195,True,G_857237,False
V_ffbf2390,U_0178,2026-03-22,7771.120256650856,True,G_d8bf62,True
V_27b73f42,U_0373,2026-03-22,9593.970681516554,True,G_d8bf62,False
V_798654007,U_0186,2026-03-22,3754.66945470265,False,,False
V_196390769,U_0206,2026-03-22,5247.460900684469,False,,False
V_488673326,U_0207,2026-03-22,6374.097101479062,False,,False
V_634dfdc9,U_0218,2026-03-22,3297.0680558994636,True,G_9757e4,True
V_fb43ac37,U_0875,2026-03-22,8216.598271598214,True,G_9757e4,False
V_05450a23,U_0737,2026-03-22,6718.696385328289,True,G_9757e4,False
V_bb8e1d50,U_0736,2026-03-22,4585.280690394484,True,G_9757e4,False
V_6073e5ee,U_0900,2026-03-22,4833.296661330887,True,G_9757e4,False
V_2a32d580,U_0161,2026-03-22,7472.450407992167,True,G_9757e4,False
V_2927650175,U_0252,2026-03-22,4200.05041099355,False,,False
V_723ed8d4,U_0268,2026-03-22,5507.081673025244,True,G_76ba83,True
V_5c1576a7,U_0255,2026-03-22,3551.8368367677676,True,G_76ba83,False
V_a2530d7a,U_0722,2026-03-22,6915.608758227728,True,G_76ba83,False
V_5e8b7d6b,U_0556,2026-03-22,2497.1243318970173,True,G_76ba83,False
V_192910604,U_0270,2026-03-22,3192.933352237489,False,,False
V_4055140359,U_0323,2026-03-22,3661.6961291196817,False,,False
V_3210432183,U_0365,2026-03-22,4383.009477320146,False,,False
V_8f78b875,U_0411,2026-03-22,2373.4011890632787,True,G_a9aa38,True
V_7955276e,U_0750,2026-03-22,6012.455287169189,True,G_a9aa38,False
V_2188509747,U_0428,2026-03-22,7739.340702140358,False,,False
V_934406595,U_0429,2026-03-22,4962.957610901768,False,,False
V_1887648742,U_0468,2026-03-22,11829.027785510725,False,,False
V_8c158fb7,U_0515,2026-03-22,2892.782945655816,True,G_018a94,True
V_7b3b9094,U_0514,2026-03-22,2189.6772188728705,True,G_018a94,False
V_8156c2da,U_0687,2026-03-22,2375.801028655003,True,G_018a94,False
V_48173bbf,U_0560,2026-03-22,10456.892396507315,True,G_018a94,False
V_2408187599,U_0564,2026-03-22,5116.320814475453,False,,False
V_3895027449,U_0590,2026-03-22,4894.281309412684,False,,False
V_1216731109,U_0618,2026-03-22,11669.004413211078,False,,False
V_1749924857,U_0636,2026-03-22,6783.365771905274,False,,False
V_960074084,U_0651,2026-03-22,5760.1946618807415,False,,False
V_3151663325,U_0671,2026-03-22,6532.429325423668,False,,False
V_51e594c7,U_0703,2026-03-22,3879.718655444428,True,G_d94364,True
V_dc3bdb26,U_0742,2026-03-22,5940.908225313943,True,G_d94364,False
V_0e36b419,U_0142,2026-03-22,6545.889970154671,True,G_d94364,False
V_4a8e56d2,U_0856,2026-03-22,2668.390965192465,True,G_d94364,False
V_80e03b90,U_0916,2026-03-22,6620.640000100257,True,G_d94364,False
V_825805588,U_0758,2026-03-22,9362.803377097722,False,,False
V_1879638334,U_0798,2026-03-22,7652.680234418452,False,,False
V_2389304359,U_0824,2026-03-22,8208.34659813748,False,,False
V_69486615,U_0836,2026-03-22,3467.2833650050334,False,,False
V_3427364498,U_0838,2026-03-22,7895.475163770025,False,,False
V_4221067346,U_0846,2026-03-22,6093.538422442714,False,,False
V_8456971,U_0880,2026-03-22,3884.826013047902,False,,False
V_306fc4fa,U_0882,2026-03-22,2597.4508660723673,True,G_c411a4,True
V_63ffc7c7,U_0691,2026-03-22,6587.613523822492,True,G_c411a4,False
V_d4655d9a,U_0062,2026-03-22,4576.534374799476,True,G_c411a4,False
V_d390456a,U_0516,2026-03-22,2879.899329970181,True,G_c411a4,False
V_1004397151,U_0926,2026-03-22,2640.4876108902577,False,,False
V_2608434010,U_0994,2026-03-22,10618.317711078951,False,,False
V_3181793098,U_0062,2026-03-23,3840.110703198605,False,,False
V_262d2257,U_0080,2026-03-23,7554.329045630583,True,G_50653d,True
V_23f142b4,U_0210,2026-03-23,2951.8988256427083,True,G_50653d,False
V_c9ff3855,U_0610,2026-03-23,2117.409922030177,True,G_50653d,False
V_82295bb3,U_0757,2026-03-23,3826.787529814332,True,G_50653d,False
V_c0074d3e,U_0604,2026-03-23,7850.811477779952,True,G_50653d,False
V_2ccbced2,U_0107,2026-03-23,4013.439953717912,True,G_245030,True
V_5c7b2777,U_0019,2026-03-23,7998.3429808441815,True,G_245030,False
V_62f65e13,U_0722,2026-03-23,6620.432190751203,True,G_245030,False
V_89fd3a92,U_0611,2026-03-23,6382.783531796322,True,G_245030,False
V_47be7459,U_0941,2026-03-23,3781.57728520592,True,G_245030,False
V_3467108391,U_0114,2026-03-23,6156.442072182496,False,,False
V_761644869,U_0130,2026-03-23,10873.688866647513,False,,False
V_15da1030,U_0148,2026-03-23,2330.482884958729,True,G_14370a,True
V_814f8c95,U_0885,2026-03-23,7820.480829323602,True,G_14370a,False
V_44dc93df,U_0881,2026-03-23,3854.941550900973,True,G_14370a,False
V_05ab2d23,U_0173,2026-03-23,5065.099286337242,True,G_229965,True
V_e818432d,U_0066,2026-03-23,5650.627881812111,True,G_229965,False
V_b2ec4c3f,U_0475,2026-03-23,4054.4077845866323,True,G_229965,False
V_76674ffd,U_0934,2026-03-23,2782.459472860946,True,G_229965,False
V_29ae2858,U_0186,2026-03-23,2956.500854255856,True,G_b02d57,True
V_7b26b24f,U_0835,2026-03-23,3751.4046623568424,True,G_b02d57,False
V_abd25378,U_0225,2026-03-23,12817.735324783524,True,G_3a8a92,True
V_d3652d3e,U_0695,2026-03-23,7138.527609586583,True,G_3a8a92,False
V_5f28349d,U_0202,2026-03-23,2904.5552810065005,True,G_3a8a92,False
V_2819079662,U_0240,2026-03-23,6402.566084441316,False,,False
V_3491257872,U_0265,2026-03-23,7386.275858317721,False,,False
V_188785540,U_0299,2026-03-23,7772.272896243437,False,,False
V_2762077705,U_0331,2026-03-23,4500.962935661263,False,,False
V_3070783037,U_0447,2026-03-23,3088.1086034414857,False,,False
V_2002286917,U_0457,2026-03-23,7230.909514256147,False,,False
V_4214557499,U_0493,2026-03-23,5335.677914482341,False,,False
V_439964682,U_0548,2026-03-23,9272.507285386919,False,,False
V_2362544266,U_0579,2026-03-23,2386.72380404289,False,,False
V_21297296,U_0581,2026-03-23,8968.377388842262,True,G_bb8184,True
V_067a5200,U_0691,2026-03-23,6390.604234441701,True,G_bb8184,False
V_dd6da3f2,U_0761,2026-03-23,2237.3898249406143,True,G_bb8184,False
V_c66584ea,U_0977,2026-03-23,9519.806461525779,True,G_bb8184,False
V_dd800838,U_0682,2026-03-23,9385.773233754297,True,G_bb8184,False
V_2635632900,U_0616,2026-03-23,6412.79197913061,False,,False
V_b4246a9a,U_0637,2026-03-23,7759.444956962752,True,G_da92db,True
V_e2cadd88,U_0148,2026-03-23,2779.2685702339995,True,G_da92db,False
V_fbc2c9f5,U_0564,2026-03-23,2094.5595549470977,True,G_da92db,False
V_552f6dd8,U_0136,2026-03-23,3800.854222386395,True,G_da92db,False
V_14f27d72,U_0655,2026-03-23,7656.1940501256695,True,G_14745b,True
V_ba292823,U_0219,2026-03-23,1993.5598836391694,True,G_14745b,False
V_1d5ce598,U_0816,2026-03-23,7892.880857225342,True,G_14745b,False
V_41f52abd,U_0681,2026-03-23,12166.061573322153,True,G_3d6c4b,True
V_d82bcde1,U_0740,2026-03-23,4509.395611570739,True,G_3d6c4b,False
V_76b9094b,U_0289,2026-03-23,3457.2271830873283,True,G_3d6c4b,False
V_a291e4ae,U_0024,2026-03-23,9690.244810718868,True,G_3d6c4b,False
V_f2dc381d,U_0548,2026-03-23,6986.435785860938,True,G_3d6c4b,False
V_d83fef91,U_0782,2026-03-23,5291.918946077113,True,G_3d6c4b,False
V_2842204565,U_0718,2026-03-23,8094.744056186715,False,,False
V_206831504,U_0735,2026-03-23,7907.932560214505,False,,False
V_d2d3c44d,U_0766,2026-03-23,4844.5609294288215,True,G_6eef2c,True
V_068183bc,U_0485,2026-03-23,2912.823085342161,True,G_6eef2c,False
V_a272df75,U_0210,2026-03-23,3528.982650668047,True,G_6eef2c,False
V_9a87ac67,U_0417,2026-03-23,3045.5495783926513,True,G_6eef2c,False
V_6812c8cd,U_0966,2026-03-23,4429.9979937538255,True,G_6eef2c,False
V_9af376c6,U_0559,2026-03-23,2289.149076953919,True,G_6eef2c,False
V_61835805,U_0787,2026-03-23,7759.450754676825,False,,False
V_1667388036,U_0809,2026-03-23,3632.6425854942986,False,,False
V_2085379541,U_0816,2026-03-23,10301.280870318215,False,,False
V_3652146056,U_0852,2026-03-23,11942.045933526257,False,,False
V_e81b794e,U_0854,2026-03-23,4665.327315637531,True,G_e710ab,True
V_797336a4,U_0906,2026-03-23,3474.461009562407,True,G_e710ab,False
V_d4c95d6a,U_0097,2026-03-23,11698.98615171316,True,G_e710ab,False
V_0dbec4cc,U_0456,2026-03-23,12138.45271668324,True,G_e710ab,False
V_1215473968,U_0879,2026-03-23,2153.424403694535,False,,False
V_a8ec2923,U_0895,2026-03-23,5503.95665907927,True,G_315da9,True
V_fa8ce292,U_0093,2026-03-23,3920.7558486150783,True,G_315da9,False
V_fcecb640,U_0665,2026-03-23,5965.677304729762,True,G_315da9,False
V_38fdd0d3,U_0912,2026-03-23,4625.241621305101,True,G_a05fc4,True
V_718006ae,U_0517,2026-03-23,2792.8146758209186,True,G_a05fc4,False
V_0cc5b1e4,U_0107,2026-03-23,4023.8951512818817,True,G_a05fc4,False
V_21b62ba2,U_0646,2026-03-23,10968.712912380524,True,G_a05fc4,False
V_2980201330,U_0913,2026-03-23,7632.429398335971,False,,False
V_78e2a2c8,U_0930,2026-03-23,3802.874105193175,True,G_bbd9b4,True
V_1061458e,U_0504,2026-03-23,2488.862358400036,True,G_bbd9b4,False
V_2660e57e,U_0927,2026-03-23,4014.3396696729874,True,G_bbd9b4,False
V_ce8d037f,U_0382,2026-03-23,2594.296580273272,True,G_bbd9b4,False
V_f7eb5567,U_0550,2026-03-23,3845.386748737365,True,G_bbd9b4,False
V_d6a84815,U_0063,2026-03-23,3866.396136496597,True,G_bbd9b4,False
V_1735836108,U_0949,2026-03-23,2851.017744732597,False,,False
V_1161764074,U_0961,2026-03-23,2818.679853081922,False,,False
V_f2876819,U_0039,2026-03-23,2678.7658966387867,True,G_40bb87,True
V_84c13c78,U_0238,2026-03-23,8267.119227199955,True,G_40bb87,False
V_f8222ae1,U_0043,2026-03-23,4186.690109423013,True,G_c553ef,True
V_4e15e77a,U_0516,2026-03-23,2519.237094262865,True,G_c553ef,False
V_2595685028,U_0050,2026-03-23,5509.414847306649,False,,False
V_4223742441,U_0284,2026-03-23,3869.1115829644646,False,,False
V_1915883316,U_0287,2026-03-23,5440.208903784946,False,,False
V_a93336ce,U_0290,2026-03-23,2716.9683569499807,True,G_332901,True
V_e1fe3103,U_0824,2026-03-23,1940.8625085470205,True,G_332901,False
V_b321e382,U_0049,2026-03-23,3541.680874583591,True,G_332901,False
V_f7829e0a,U_0401,2026-03-23,4998.282789433683,True,G_332901,False
V_dc45b3c9,U_0486,2026-03-23,7403.217820703986,True,G_332901,False
V_13bf5f50,U_0365,2026-03-23,3037.8002993074256,True,G_332901,False
V_3417021804,U_0331,2026-03-23,7331.292322349479,False,,False
V_1233095648,U_0340,2026-03-23,3936.8096873136365,False,,False
V_2113942518,U_0357,2026-03-23,7437.954322806395,False,,False
V_7a4c1c1a,U_0358,2026-03-23,6856.07212759216,True,G_3864c6,True
V_e1de3a97,U_0188,2026-03-23,4669.084831976445,True,G_3864c6,False
V_ec69fb9f,U_0186,2026-03-23,4288.483756303041,True,G_3864c6,False
V_f8960b9b,U_0376,2026-03-23,3320.4439391637125,True,G_4dcdc5,True
V_705094e1,U_0571,2026-03-23,3333.6404599670072,True,G_4dcdc5,False
V_447254ec,U_0113,2026-03-23,2358.5079824527315,True,G_4dcdc5,False
V_3410581658,U_0383,2026-03-23,4919.196239479076,False,,False
V_c2995032,U_0388,2026-03-23,2509.5074773364813,True,G_9a123a,True
V_17c9b092,U_0338,2026-03-23,10440.083026724902,True,G_9a123a,False
V_16495295,U_0440,2026-03-23,3414.2266223570364,False,,False
V_36c594c3,U_0453,2026-03-23,3813.235739879824,True,G_6ccd59,True
V_27d0b844,U_0105,2026-03-23,2299.989450314759,True,G_6ccd59,False
V_4da35a13,U_0678,2026-03-23,7105.049191519771,True,G_6ccd59,False
V_6857eb27,U_0086,2026-03-23,3516.7798321713262,True,G_6ccd59,False
V_f19863ee,U_0963,2026-03-23,4295.450315614556,True,G_6ccd59,False
V_d6bce4cd,U_0560,2026-03-23,10299.404647210336,True,G_10759e,True
V_fca9c3a6,U_0548,2026-03-23,9730.742501069744,True,G_10759e,False
V_60d9c7d5,U_0773,2026-03-23,5104.055981386432,True,G_10759e,False
V_2695198200,U_0636,2026-03-23,5723.241278692441,False,,False
V_2972730524,U_0672,2026-03-23,7163.332931939945,False,,False
V_3a2a8b74,U_0731,2026-03-23,1957.9001174028879,True,G_dd9fd5,True
V_fe6e9302,U_0777,2026-03-23,4223.132965915402,True,G_dd9fd5,False
V_657b003d,U_0691,2026-03-23,6280.401989545469,True,G_dd9fd5,False
V_0fd73b1a,U_0878,2026-03-23,2333.749545226799,True,G_dd9fd5,False
V_9b4e96c1,U_0752,2026-03-23,7958.647929909704,True,G_b738b3,True
V_0f3225fa,U_0686,2026-03-23,3422.633675515953,True,G_b738b3,False
V_088acfcd,U_0851,2026-03-23,6742.709848288707,True,G_b738b3,False
V_856d6da3,U_0917,2026-03-23,6858.639233730965,True,G_b738b3,False
V_cc4b3dc8,U_0527,2026-03-23,2016.9860024116408,True,G_b738b3,False
V_1862dca4,U_0754,2026-03-23,2996.8829671219305,True,G_48e9a4,True
V_b0295c59,U_0505,2026-03-23,2948.736595557113,True,G_48e9a4,False
V_1a46dc59,U_0161,2026-03-23,5858.130747080877,True,G_48e9a4,False
V_8d95644c,U_0735,2026-03-23,6253.045914656796,True,G_48e9a4,False
V_010760a3,U_0852,2026-03-23,11224.468369525655,True,G_48e9a4,False
V_3423748412,U_0756,2026-03-23,3273.405358234862,False,,False
V_1689086898,U_0765,2026-03-23,7929.0030329670835,False,,False
V_2075307120,U_0773,2026-03-23,8213.309230552086,False,,False
V_339330876,U_0778,2026-03-23,4424.99238903508,False,,False
V_dc78e283,U_0802,2026-03-23,9102.191609998925,True,G_3e18ba,True
V_d93824f1,U_0646,2026-03-23,8207.028399902476,True,G_3e18ba,False
V_bbf1c7cd,U_0238,2026-03-23,7298.439762295258,True,G_3e18ba,False
V_695375213,U_0818,2026-03-23,3063.2894857851934,False,,False
V_2079540691,U_0837,2026-03-23,3368.45300339812,False,,False
V_b06c5024,U_0902,2026-03-23,10673.53434050707,True,G_cf12e3,True
V_247b59f3,U_0278,2026-03-23,3157.411163108002,True,G_cf12e3,False
V_feda1646,U_0173,2026-03-23,6664.820187336361,True,G_cf12e3,False
V_ca5fcf36,U_0110,2026-03-23,6652.70292912182,True,G_cf12e3,False
V_715a7ec0,U_0333,2026-03-23,3035.37740418678,True,G_cf12e3,False
V_734bec70,U_0873,2026-03-23,5332.138382639202,True,G_cf12e3,False
V_975fbbb1,U_0943,2026-03-23,1726.7100677355186,True,G_eb62fa,True
V_10a16f6a,U_0219,2026-03-23,1888.0197964799947,True,G_eb62fa,False
V_af95d767,U_0478,2026-03-23,2529.970606440453,True,G_eb62fa,False
V_055d5860,U_0274,2026-03-23,5632.621168545991,True,G_eb62fa,False
V_e348a2fa,U_0456,2026-03-23,10158.049397804994,True,G_eb62fa,False
V_fda21d8c,U_0794,2026-03-23,8567.311178162487,True,G_eb62fa,False
V_3142192422,U_0953,2026-03-23,4173.029071646161,False,,False
V_69429273,U_0960,2026-03-23,2996.3434311078104,True,G_a39346,True
V_98117fc9,U_0801,2026-03-23,3513.0062459891346,True,G_a39346,False
V_ed7020c0,U_0405,2026-03-23,3425.7605798821837,True,G_a39346,False
V_9f441675,U_0132,2026-03-23,2611.841197532387,True,G_a39346,False
V_c608ea2d,U_0681,2026-03-23,11522.625562182522,True,G_a39346,False
V_767e0632,U_0641,2026-03-23,2516.466149944495,True,G_a39346,False
V_938eae0f,U_0962,2026-03-23,1892.6268587409143,True,G_fbc0dd,True
V_7ae76ac7,U_0303,2026-03-23,10318.07840010215,True,G_fbc0dd,False
V_d5cd0f3f,U_0168,2026-03-23,11208.93740850073,True,G_fbc0dd,False
V_52c68f8c,U_0986,2026-03-23,2924.47741477873,True,G_c9437b,True
V_c6c34db4,U_0454,2026-03-23,3529.435266163151,True,G_c9437b,False
V_164929982,U_0998,2026-03-23,5830.6926894382905,False,,False
V_802854414,U_0001,2026-03-24,7564.9114929195075,False,,False
V_3494224841,U_0009,2026-03-24,6513.650757811534,False,,False
V_577036112,U_0027,2026-03-24,3065.966043787379,False,,False
V_3099103295,U_0031,2026-03-24,2164.2530956013197,False,,False
V_ceca6c0b,U_0048,2026-03-24,3191.480861564882,True,G_ccceb1,True
V_c1740d6d,U_0099,2026-03-24,3767.8119159706816,True,G_ccceb1,False
V_46ca4f52,U_0859,2026-03-24,3573.899073756834,True,G_ccceb1,False
V_ffa6ebe3,U_0082,2026-03-24,7051.079707999599,True,G_ccceb1,False
V_91678280,U_0050,2026-03-24,9209.55173295322,True,G_55ebfc,True
V_afc8b0a6,U_0391,2026-03-24,7941.943232544533,True,G_55ebfc,False
V_0f50fabc,U_0436,2026-03-24,9262.560544639886,True,G_55ebfc,False
V_314d9183,U_0074,2026-03-24,2190.512334898021,True,G_55ebfc,False
V_377f3452,U_0109,2026-03-24,2979.146444974142,True,G_ab2412,True
V_00fba3cd,U_0381,2026-03-24,2484.4988481899672,True,G_ab2412,False
V_1380900097,U_0168,2026-03-24,10847.613257200715,False,,False
V_2765996505,U_0169,2026-03-24,3469.9517451186525,False,,False
V_198215382,U_0181,2026-03-24,8738.828347204248,False,,False
V_2157695548,U_0198,2026-03-24,5088.8543981247385,False,,False
V_29c43d3c,U_0229,2026-03-24,6647.5048874375325,True,G_780ccd,True
V_7059b73e,U_0676,2026-03-24,3759.32990078915,True,G_780ccd,False
V_a9fbb742,U_0878,2026-03-24,2347.983225105888,True,G_780ccd,False
V_76dc2d2e,U_0284,2026-03-24,3460.0711323194096,True,G_780ccd,False
V_fb434bac,U_0638,2026-03-24,3965.9501258228215,True,G_780ccd,False
V_a5d10dd9,U_0522,2026-03-24,7611.592127194012,True,G_780ccd,False
V_3076222957,U_0231,2026-03-24,4619.820322998501,False,,False
V_ae9b71bf,U_0259,2026-03-24,2814.973706855314,True,G_e370b1,True
V_aa4c492b,U_0872,2026-03-24,7663.583826017923,True,G_e370b1,False
V_1e346421,U_0265,2026-03-24,7606.304132482261,True,G_1450f7,True
V_ff1261fe,U_0802,2026-03-24,9816.377541936532,True,G_1450f7,False
V_973f9b1b,U_0391,2026-03-24,10887.367812414195,True,G_1450f7,False
V_bfcc4eb7,U_0484,2026-03-24,13688.787063334521,True,G_1450f7,False
V_f2a09b49,U_0241,2026-03-24,2395.89184804417,True,G_1450f7,False
V_4286141821,U_0325,2026-03-24,6835.671804583101,False,,False
V_64d431b7,U_0378,2026-03-24,4859.347202167884,True,G_33e8d9,True
V_23564eb3,U_0611,2026-03-24,5474.7539089049405,True,G_33e8d9,False
V_e573d74d,U_0045,2026-03-24,6990.621603711805,True,G_33e8d9,False
V_1133386277,U_0398,2026-03-24,2959.892758200035,False,,False
V_d334c0fb,U_0417,2026-03-24,2596.9807013260383,True,G_ad0698,True
V_8aa135bc,U_0399,2026-03-24,3174.395942422761,True,G_ad0698,False
V_c381d19c,U_0609,2026-03-24,3401.2976169743374,True,G_ad0698,False
V_e81ca0f0,U_0793,2026-03-24,5246.8028234502435,True,G_ad0698,False
V_5afc659f,U_0419,2026-03-24,2889.9193122983957,True,G_4a7eab,True
V_ee937691,U_0527,2026-03-24,2831.5936420068806,True,G_4a7eab,False
V_1ae1b0b4,U_0436,2026-03-24,11857.964624889644,True,G_da3f2f,True
V_db658b89,U_0655,2026-03-24,6092.747158829155,True,G_da3f2f,False
V_e9a02bf1,U_0194,2026-03-24,9440.85443220554,True,G_da3f2f,False
V_3e745df1,U_0450,2026-03-24,1982.8688412168933,True,G_6bdf9d,True
V_e68dbf1b,U_0155,2026-03-24,2082.2956483326184,True,G_6bdf9d,False
V_41e72192,U_0488,2026-03-24,6941.539273701624,True,G_6bdf9d,False
V_1100772272,U_0460,2026-03-24,3031.9510388741155,False,,False
V_626106171,U_0518,2026-03-24,9835.247971747573,False,,False
V_1514450805,U_0661,2026-03-24,4535.362219108493,False,,False
V_1163474861,U_0681,2026-03-24,8826.831198426053,False,,False
V_832d7b10,U_0698,2026-03-24,2011.3858719722443,True,G_2fc8e7,True
V_89afd6e8,U_0294,2026-03-24,3262.4320234414536,True,G_2fc8e7,False
V_f17d64c5,U_0176,2026-03-24,3695.2871012671067,True,G_2fc8e7,False
V_a5649e9b,U_0728,2026-03-24,2131.769384204583,True,G_448ca4,True
V_789a11fa,U_0983,2026-03-24,3428.0035673807965,True,G_448ca4,False
V_310d3c3b,U_0849,2026-03-24,2048.977900989823,True,G_448ca4,False
V_eae1ff27,U_0940,2026-03-24,2366.033588673667,True,G_448ca4,False
V_71350753,U_0811,2026-03-24,6098.8039425312145,True,G_448ca4,False
V_3d121787,U_0589,2026-03-24,3275.4333469715416,True,G_448ca4,False
V_b7f2fd36,U_0813,2026-03-24,10144.03296077147,True,G_f37bb0,True
V_01071f97,U_0913,2026-03-24,8262.777274745045,True,G_f37bb0,False
V_ee174da6,U_0969,2026-03-24,11904.363649351559,True,G_f37bb0,False
V_3311388857,U_0817,2026-03-24,3847.886716085747,False,,False
V_3652979728,U_0831,2026-03-24,5939.564630554421,False,,False
V_b0499bb2,U_0843,2026-03-24,5547.640040184291,True,G_83cfac,True
V_21bf1d79,U_0198,2026-03-24,3631.0319495374506,True,G_83cfac,False
V_dba840ec,U_0384,2026-03-24,4450.580216664616,True,G_83cfac,False
V_69953cf6,U_0086,2026-03-24,3737.698062633869,True,G_83cfac,False
V_634a4380,U_0563,2026-03-24,2709.0108990267327,True,G_83cfac,False
V_345643605,U_0852,2026-03-24,8797.555892754037,False,,False
V_2134757596,U_0884,2026-03-24,4110.655466434077,False,,False
V_4deb12a9,U_0993,2026-03-24,5742.374124983665,True,G_6f5112,True
V_d05255fc,U_0917,2026-03-24,6860.7418505991445,True,G_6f5112,False
V_9bf9f3dc,U_0221,2026-03-24,8292.58135990587,True,G_6f5112,False
V_70009830,U_0241,2026-03-24,1664.6002342662466,True,G_6f5112,False
V_a79878ac,U_0001,2026-03-24,7233.277913992911,True,G_6f5112,False
V_d9e4e38a,U_0289,2026-03-24,2961.9783313437824,True,G_6f5112,False
V_1178492739,U_0012,2026-03-24,5852.286248983282,False,,False
V_2344235640,U_0042,2026-03-24,5861.614950661195,False,,False
V_1000906870,U_0124,2026-03-24,8824.082283562668,False,,False
V_2880692789,U_0151,2026-03-24,3369.2532062425294,False,,False
V_225c2069,U_0157,2026-03-24,3966.9279271369014,True,G_3925f0,True
V_369ca990,U_0825,2026-03-24,2389.724435178245,True,G_3925f0,False
V_6d83044e,U_0039,2026-03-24,2744.186644136286,True,G_3925f0,False
V_fc6cba8f,U_0565,2026-03-24,11444.607885314977,True,G_3925f0,False
V_cc6cc830,U_0014,2026-03-24,2227.1388128067974,True,G_3925f0,False
V_035192b8,U_0579,2026-03-24,1793.907245613477,True,G_3925f0,False
V_1596889661,U_0187,2026-03-24,3603.5677872668753,False,,False
V_3650788323,U_0190,2026-03-24,2380.5766236064264,False,,False
V_2183697711,U_0193,2026-03-24,4600.561086414519,False,,False
V_1382045268,U_0208,2026-03-24,9787.89591796774,False,,False
V_9b567ed9,U_0211,2026-03-24,5082.682331168003,True,G_120c35,True
V_23a41dc2,U_0744,2026-03-24,2149.8222892323674,True,G_120c35,False
V_9ec9e8e2,U_0937,2026-03-24,11598.918867442406,True,G_120c35,False
V_bb07ccf2,U_0219,2026-03-24,2639.3441694556736,True,G_7e4bce,True
V_deb1b644,U_0062,2026-03-24,3791.207327032502,True,G_7e4bce,False
V_74092b49,U_0758,2026-03-24,3301.2546909126077,True,G_7e4bce,False
V_677ba116,U_0833,2026-03-24,2717.450441103768,True,G_7e4bce,False
V_c1cddcd1,U_0161,2026-03-24,7773.675128649507,True,G_7e4bce,False
V_d7405b38,U_0220,2026-03-24,2178.9263985141292,True,G_50a8dd,True
V_c2b5811a,U_0328,2026-03-24,7805.223059086946,True,G_50a8dd,False
V_f9f46711,U_0237,2026-03-24,10420.92110381864,True,G_5ff68e,True
V_5e79b9dc,U_0288,2026-03-24,6739.718162387849,True,G_5ff68e,False
V_9138d14d,U_0027,2026-03-24,4191.741675765597,True,G_5ff68e,False
V_2446946385,U_0256,2026-03-24,4398.833142448423,False,,False
V_1780406563,U_0352,2026-03-24,3771.417947205931,False,,False
V_3743141192,U_0355,2026-03-24,6110.189824966959,False,,False
V_70c91d5c,U_0357,2026-03-24,3310.1986146136846,True,G_c4f3dc,True
V_96c131b3,U_0851,2026-03-24,7193.962756075769,True,G_c4f3dc,False
V_0652d3b8,U_0323,2026-03-24,7957.5138073210555,True,G_c4f3dc,False
V_757789394,U_0426,2026-03-24,4714.9296013712055,False,,False
V_08fbb508,U_0434,2026-03-24,6028.855021471475,True,G_b65c4f,True
V_388a296d,U_0974,2026-03-24,10099.975836075935,True,G_b65c4f,False
V_5ef80bee,U_0192,2026-03-24,3392.9165107547483,True,G_b65c4f,False
V_31fc94ed,U_0096,2026-03-24,2454.924823466259,True,G_b65c4f,False
V_916da03c,U_0702,2026-03-24,4088.349686797015,True,G_b65c4f,False
V_e6163696,U_0458,2026-03-24,13310.17855544686,True,G_bdd953,True
V_94a70580,U_0369,2026-03-24,6692.284828696926,True,G_bdd953,False
V_430c8a27,U_0936,2026-03-24,2719.7540750956155,True,G_bdd953,False
V_3015000139,U_0463,2026-03-24,2180.7644312156917,False,,False
V_4174060001,U_0550,2026-03-24,2859.532431895377,False,,False
V_b7d26a95,U_0651,2026-03-24,3538.543090802045,True,G_983db9,True
V_e2135dcb,U_0941,2026-03-24,2934.9899053559575,True,G_983db9,False
V_eba47586,U_0502,2026-03-24,5193.316429160021,True,G_983db9,False
V_2ee48ab2,U_0945,2026-03-24,5472.084905770368,True,G_983db9,False
V_d441fcaa,U_0870,2026-03-24,2468.4126326457335,True,G_983db9,False
V_35678e73,U_0841,2026-03-24,6418.089329255954,True,G_983db9,False
V_2732201244,U_0667,2026-03-24,4329.178664831575,False,,False
V_3f5f75ff,U_0683,2026-03-24,5424.819029702787,True,G_5379a1,True
V_4e319261,U_0791,2026-03-24,2535.6141151085158,True,G_5379a1,False
V_8983a978,U_0736,2026-03-24,3779.392234059629,True,G_caec5e,True
V_c9393686,U_0516,2026-03-24,3362.343096941572,True,G_caec5e,False
V_9d2bd5ab,U_0052,2026-03-24,2168.8644246673593,True,G_caec5e,False
V_83085335,U_0119,2026-03-24,3378.820127924058,True,G_caec5e,False
V_7066d2a2,U_0753,2026-03-24,7488.482596887079,True,G_85b44a,True
V_8a206df2,U_0464,2026-03-24,7258.048629452574,True,G_85b44a,False
V_3162032719,U_0767,2026-03-24,3213.439323299611,False,,False
V_2879981585,U_0840,2026-03-24,8415.273547594703,False,,False
V_2101402304,U_0846,2026-03-24,7130.065341177491,False,,False
V_f3ca22f0,U_0860,2026-03-24,3764.633269976615,True,G_ac0da1,True
V_e255d576,U_0630,2026-03-24,2567.4127619420697,True,G_ac0da1,False
V_723b3c64,U_0195,2026-03-24,5688.80213310796,True,G_ac0da1,False
V_95bbc617,U_0640,2026-03-24,3173.76265940869,True,G_ac0da1,False
V_3d86f027,U_0854,2026-03-24,3688.996863505501,True,G_ac0da1,False
V_2409745029,U_0897,2026-03-24,3495.959700493103,False,,False
V_d48c0791,U_0015,2026-03-25,10806.208458926092,True,G_f3a675,True
V_aea57684,U_0852,2026-03-25,9906.612754882039,True,G_f3a675,False
V_d019d873,U_0553,2026-03-25,3636.1483133197357,True,G_f3a675,False
V_77e7e5a0,U_0016,2026-03-25,5148.424574371986,True,G_d1447d,True
V_e54ae39d,U_0789,2026-03-25,3465.9765009545677,True,G_d1447d,False
V_cbae4ac7,U_0318,2026-03-25,2576.3771219740743,True,G_d1447d,False
V_909b82ba,U_0114,2026-03-25,6544.345793126109,True,G_d1447d,False
V_0a7071c8,U_0019,2026-03-25,7935.256283980044,True,G_c991e6,True
V_ed6ba9fb,U_0687,2026-03-25,2654.945644207256,True,G_c991e6,False
V_a1481f2c,U_0160,2026-03-25,9047.372915045544,True,G_c991e6,False
V_03f4cb73,U_0163,2026-03-25,12784.665544414187,True,G_c991e6,False
V_6759326a,U_0977,2026-03-25,8257.272387799978,True,G_c991e6,False
V_7223ded0,U_0831,2026-03-25,6916.308258137258,True,G_c991e6,False
V_2040757826,U_0023,2026-03-25,3903.832927905319,False,,False
V_c9b390da,U_0052,2026-03-25,2452.745356948258,True,G_5a64e3,True
V_9c385075,U_0368,2026-03-25,3426.4875381609845,True,G_5a64e3,False
V_8b358a30,U_0932,2026-03-25,2652.9075447952064,True,G_5a64e3,False
V_2214a2d8,U_0894,2026-03-25,2309.657360275037,True,G_5a64e3,False
V_26508ee8,U_0200,2026-03-25,2917.109308000683,True,G_5a64e3,False
V_d2c57515,U_0771,2026-03-25,5223.864315627385,True,G_5a64e3,False
V_8bf201eb,U_0073,2026-03-25,5363.031695527821,True,G_60cb0a,True
V_d8e1f7df,U_0038,2026-03-25,2064.2924719115504,True,G_60cb0a,False
V_49ff7256,U_0936,2026-03-25,2738.8072289320894,True,G_60cb0a,False
V_58dfceb4,U_0001,2026-03-25,5962.700962511095,True,G_60cb0a,False
V_264c2ff4,U_0141,2026-03-25,4417.89831917561,True,G_0c0bdb,True
V_6aa909bc,U_0810,2026-03-25,4613.294994079204,True,G_0c0bdb,False
V_ed0d8a77,U_0554,2026-03-25,6521.467953379394,True,G_0c0bdb,False
V_2a82dd91,U_0305,2026-03-25,6655.759991188684,True,G_0c0bdb,False
V_a98ad409,U_0722,2026-03-25,7511.390229867539,True,G_0c0bdb,False
V_3116455813,U_0172,2026-03-25,3273.5546623459672,False,,False
V_6820cbea,U_0262,2026-03-25,8807.662070616507,True,G_fbd321,True
V_85656ec3,U_0582,2026-03-25,6724.365930389788,True,G_fbd321,False
V_3f0c624f,U_0387,2026-03-25,10232.690355604613,True,G_fbd321,False
V_39c918e0,U_0972,2026-03-25,7086.905800474018,True,G_fbd321,False
V_97c0c7db,U_0161,2026-03-25,7295.174963200009,True,G_fbd321,False
V_38760582,U_0208,2026-03-25,3645.8322833191414,True,G_fbd321,False
V_1904736754,U_0268,2026-03-25,6379.286122747691,False,,False
V_199383823,U_0285,2026-03-25,4543.766473638017,False,,False
V_1895755224,U_0328,2026-03-25,6120.637034707292,False,,False
V_1789057857,U_0431,2026-03-25,6352.084391233941,False,,False
V_2757205598,U_0453,2026-03-25,4849.59067980531,False,,False
V_2371162028,U_0473,2026-03-25,5338.108706765368,False,,False
V_35394399,U_0485,2026-03-25,3724.8393142889463,True,G_2a4113,True
V_93246a1d,U_0724,2026-03-25,2875.8789499682803,True,G_2a4113,False
V_4984532f,U_0199,2026-03-25,3321.8223593452244,True,G_2a4113,False
V_caa25698,U_0489,2026-03-25,2521.414046081461,True,G_d88f8b,True
V_1ac6ac0e,U_0637,2026-03-25,6683.264104463218,True,G_d88f8b,False
V_2618145677,U_0521,2026-03-25,2532.877971976978,False,,False
V_23eb8cec,U_0543,2026-03-25,2697.6192206186365,True,G_09405a,True
V_d3225747,U_0751,2026-03-25,2652.691658035706,True,G_09405a,False
V_903799238,U_0560,2026-03-25,9779.544690166511,False,,False
V_327766334,U_0565,2026-03-25,8429.523621022281,False,,False
V_782940981,U_0574,2026-03-25,5122.153769381323,False,,False
V_636bdc97,U_0579,2026-03-25,2011.52602664319,True,G_7652c0,True
V_0060a219,U_0930,2026-03-25,3181.0068915347156,True,G_7652c0,False
V_d1f2b576,U_0183,2026-03-25,7979.266619998284,True,G_7652c0,False
V_85969428,U_0935,2026-03-25,4007.9692268530926,True,G_7652c0,False
V_024a35ca,U_0187,2026-03-25,2811.458175975788,True,G_7652c0,False
V_07bae1f9,U_0000,2026-03-25,5105.088660846071,True,G_7652c0,False
V_6e0371c0,U_0581,2026-03-25,6741.9139053336185,True,G_527dd4,True
V_dffdc617,U_0119,2026-03-25,3014.606986942208,True,G_527dd4,False
V_3853c777,U_0492,2026-03-25,3055.6211521546857,True,G_527dd4,False
V_4c64fa9c,U_0718,2026-03-25,6566.59342178109,True,G_527dd4,False
V_3984e2a2,U_0623,2026-03-25,13231.642923709416,True,G_f0a09c,True
V_35cc7da9,U_0388,2026-03-25,2345.4937116917536,True,G_f0a09c,False
V_bba27d61,U_0208,2026-03-25,3594.2608212075916,True,G_f0a09c,False
V_488f840d,U_0625,2026-03-25,5245.728504599122,True,G_2dea2c,True
V_42f92166,U_0412,2026-03-25,3156.7651278778403,True,G_2dea2c,False
V_2a2000ad,U_0093,2026-03-25,4381.225781405942,True,G_2dea2c,False
V_00c7d9d4,U_0471,2026-03-25,3525.1953053971147,True,G_2dea2c,False
V_2712593960,U_0701,2026-03-25,6790.435249495133,False,,False
V_8cbbfa2e,U_0703,2026-03-25,3242.2095115330394,True,G_f4c353,True
V_449aab82,U_0787,2026-03-25,5854.44417326629,True,G_f4c353,False
V_fa83fa8a,U_0718,2026-03-25,9011.226038377652,True,G_381682,True
V_5cf80186,U_0802,2026-03-25,9997.223044946688,True,G_381682,False
V_1380609886,U_0749,2026-03-25,2341.598911542393,False,,False
V_1365146063,U_0750,2026-03-25,6767.978126878926,False,,False
V_2107526106,U_0752,2026-03-25,7960.082716656257,False,,False
V_1295794894,U_0816,2026-03-25,7512.936722078372,False,,False
V_312054803,U_0852,2026-03-25,11326.33608578528,False,,False
V_1732113925,U_0872,2026-03-25,6463.885242527013,False,,False
V_1034532699,U_0907,2026-03-25,5013.903563142797,False,,False
V_310dd521,U_0909,2026-03-25,1766.5520178826416,True,G_638232,True
V_b5fb4298,U_0853,2026-03-25,4128.143150252183,True,G_638232,False
V_95cbbbf0,U_0217,2026-03-25,2558.362030033373,True,G_638232,False
V_45fa7d0c,U_0680,2026-03-25,3249.195087989625,True,G_638232,False
V_2679fd18,U_0937,2026-03-25,9626.90866177419,True,G_9f666b,True
V_468acce9,U_0770,2026-03-25,8304.17272787358,True,G_9f666b,False
V_1950337027,U_0032,2026-03-25,5825.470029471288,False,,False
V_b4969ae9,U_0041,2026-03-25,4190.394194419404,True,G_36e613,True
V_1ac6159d,U_0042,2026-03-25,3227.5632237923073,True,G_36e613,False
V_0589c1f4,U_0993,2026-03-25,6872.055249365771,True,G_36e613,False
V_b50b4c58,U_0043,2026-03-25,3314.1280955411394,True,G_827ac8,True
V_e1391bac,U_0308,2026-03-25,6463.583151784696,True,G_827ac8,False
V_2c86450f,U_0006,2026-03-25,7560.003840712296,True,G_827ac8,False
V_404248599,U_0048,2026-03-25,3279.305522131018,False,,False
V_2246e33b,U_0055,2026-03-25,7872.260990024113,True,G_5cf981,True
V_dbc3b7a3,U_0735,2026-03-25,6913.693582081763,True,G_5cf981,False
V_365729da,U_0436,2026-03-25,10508.633398476672,True,G_5cf981,False
V_4a231058,U_0962,2026-03-25,2686.205583809817,True,G_5cf981,False
V_1d923304,U_0069,2026-03-25,2196.518385622287,True,G_2c20e2,True
V_6d766cb1,U_0399,2026-03-25,3289.310373966444,True,G_2c20e2,False
V_1b543262,U_0821,2026-03-25,2978.8087012856745,True,G_2c20e2,False
V_597ca002,U_0319,2026-03-25,3987.698825649731,True,G_2c20e2,False
V_0f15279f,U_0634,2026-03-25,2985.653313904516,True,G_2c20e2,False
V_b3c3ce25,U_0685,2026-03-25,3542.824884304366,True,G_2c20e2,False
V_973057c6,U_0088,2026-03-25,12903.687035678111,True,G_8c437f,True
V_f582b02e,U_0229,2026-03-25,6664.403534597405,True,G_8c437f,False
V_9f5d1a25,U_0318,2026-03-25,2286.391320014208,True,G_8c437f,False
V_3da20944,U_0425,2026-03-25,4837.654830963341,True,G_8c437f,False
V_cc88fb7d,U_0692,2026-03-25,5122.656892772677,True,G_8c437f,False
V_cb803258,U_0111,2026-03-25,6868.955217402552,True,G_33eb1c,True
V_d08a42cc,U_0417,2026-03-25,3287.129303714751,True,G_33eb1c,False
V_20256775,U_0398,2026-03-25,3091.1926584940034,True,G_33eb1c,False
V_d833fd9a,U_0824,2026-03-25,1869.8416228201643,True,G_33eb1c,False
V_81c7d975,U_0148,2026-03-25,2192.0376274579276,True,G_fabbb6,True
V_dc0cfa4b,U_0742,2026-03-25,6020.265955981791,True,G_fabbb6,False
V_8bd81c18,U_0772,2026-03-25,5978.915494772644,True,G_fabbb6,False
V_873f6bd3,U_0291,2026-03-25,4350.8646381946455,True,G_fabbb6,False
V_2949418616,U_0190,2026-03-25,2320.9502709742565,False,,False
V_3667986445,U_0252,2026-03-25,3574.3078841077017,False,,False
V_1542341226,U_0274,2026-03-25,10663.510886516136,False,,False
V_1604878637,U_0289,2026-03-25,10429.783773822592,False,,False
V_2217780213,U_0308,2026-03-25,9918.598312332155,False,,False
V_3809626425,U_0316,2026-03-25,7676.9679169722085,False,,False
V_2858623724,U_0336,2026-03-25,6106.972028887454,False,,False
V_a0f114a1,U_0338,2026-03-25,9004.273262485853,True,G_94f352,True
V_aec55683,U_0160,2026-03-25,11557.788410784842,True,G_94f352,False
V_6cbebef6,U_0495,2026-03-25,3357.1874137027426,True,G_94f352,False
V_394b8398,U_0447,2026-03-25,3368.8265154119663,True,G_94f352,False
V_1b5856ec,U_0233,2026-03-25,3228.5971626382698,True,G_94f352,False
V_69074ddd,U_0667,2026-03-25,2928.1544679955327,True,G_94f352,False
V_a154cf58,U_0339,2026-03-25,4122.043169829652,True,G_5a2c4c,True
V_bac7c66f,U_0615,2026-03-25,3381.850436463758,True,G_5a2c4c,False
V_6690c0e1,U_0991,2026-03-25,2053.210168394533,True,G_5a2c4c,False
V_1690971059,U_0357,2026-03-25,7937.1749662947805,False,,False
V_1140666475,U_0417,2026-03-25,6327.3386085530665,False,,False
V_2345596979,U_0421,2026-03-25,4450.606476745282,False,,False
V_4144978316,U_0589,2026-03-25,3389.1028640549907,False,,False
V_3153819538,U_0597,2026-03-25,4677.762048493307,False,,False
V_beece751,U_0610,2026-03-25,2097.208678679157,True,G_9d9fdb,True
V_018d7be9,U_0725,2026-03-25,5271.743379676188,True,G_9d9fdb,False
V_eaf04d3c,U_0135,2026-03-25,3992.3053177378533,True,G_9d9fdb,False
V_e810b93e,U_0430,2026-03-25,5855.530868156263,True,G_9d9fdb,False
V_49c3fd4f,U_0429,2026-03-25,12371.976684157606,True,G_9d9fdb,False
V_2470283057,U_0723,2026-03-25,4551.699546518057,False,,False
V_2595191436,U_0740,2026-03-25,11174.759096453467,False,,False
V_2067853138,U_0761,2026-03-25,10253.379595929655,False,,False
V_2553031138,U_0765,2026-03-25,7256.4658548051275,False,,False
V_1861693666,U_0777,2026-03-25,2843.885843177,False,,False
V_3108753530,U_0783,2026-03-25,4820.900523786148,False,,False
V_961399866,U_0798,2026-03-25,7114.700973770849,False,,False
V_4290451565,U_0840,2026-03-25,7946.321559404177,False,,False
V_7ef21b2f,U_0864,2026-03-25,3832.499632802129,True,G_03cb78,True
V_a9115398,U_0887,2026-03-25,5673.24448132807,True,G_03cb78,False
V_95964275,U_0005,2026-03-25,5323.956825767294,True,G_03cb78,False
V_392645681,U_0956,2026-03-25,2155.2379733482962,False,,False
V_1427f2b1,U_0972,2026-03-25,5721.4019756311745,True,G_19c49a,True
V_256acd67,U_0062,2026-03-25,4583.935251414682,True,G_19c49a,False
V_fd8ef818,U_0857,2026-03-25,2327.544953909738,True,G_19c49a,False
V_a22909b4,U_0767,2026-03-25,9547.091686073054,True,G_19c49a,False
V_4837de7f,U_0974,2026-03-25,9574.529753524173,True,G_6e19ca,True
V_372e29c6,U_0242,2026-03-25,2904.3874201551757,True,G_6e19ca,False
V_c8d4dfce,U_0148,2026-03-25,2975.591751847014,True,G_6e19ca,False
V_6df55a48,U_0835,2026-03-25,4332.991567354122,True,G_6e19ca,False
V_fa55caed,U_0120,2026-03-25,2511.528827036864,True,G_6e19ca,False
V_0db156d6,U_0530,2026-03-25,2329.771507394586,True,G_6e19ca,False
V_109055980,U_0015,2026-03-26,10771.630806432398,False,,False
V_1809824691,U_0020,2026-03-26,2893.9947822330937,False,,False
V_874731123,U_0031,2026-03-26,2023.596596065045,False,,False
V_2d977a0e,U_0068,2026-03-26,4368.744737901286,True,G_d14f6c,True
V_08419494,U_0059,2026-03-26,6667.5756429366065,True,G_d14f6c,False
V_516537056,U_0130,2026-03-26,9337.037462151367,False,,False
V_2963911678,U_0178,2026-03-26,8988.09153289974,False,,False
V_1631390585,U_0214,2026-03-26,3611.8553549367725,False,,False
V_140934918,U_0229,2026-03-26,6698.040279101671,False,,False
V_6c1b8394,U_0338,2026-03-26,10168.652041961011,True,G_9b2a95,True
V_40afca32,U_0373,2026-03-26,13904.15676066762,True,G_9b2a95,False
V_a92496d1,U_0798,2026-03-26,5273.365149708781,True,G_9b2a95,False
V_1ecc545a,U_0802,2026-03-26,10653.433977896615,True,G_9b2a95,False
V_2033187462,U_0375,2026-03-26,3396.813060362016,False,,False
V_721e899c,U_0387,2026-03-26,9188.049929003637,True,G_920a83,True
V_68143f16,U_0758,2026-03-26,3435.702796439074,True,G_920a83,False
V_79eb903c,U_0869,2026-03-26,3840.812200919433,True,G_920a83,False
V_adc070d5,U_0400,2026-03-26,8459.230884117573,True,G_db76d1,True
V_64c67989,U_0904,2026-03-26,6959.053120465548,True,G_db76d1,False
V_001398fe,U_0405,2026-03-26,3903.063222114073,True,G_53c039,True
V_7fa162c8,U_0733,2026-03-26,4295.107703540436,True,G_53c039,False
V_298f0de9,U_0109,2026-03-26,2450.8118711785696,True,G_53c039,False
V_febadad1,U_0514,2026-03-26,2458.3019745648453,True,G_53c039,False
V_5cc92d40,U_0434,2026-03-26,5064.503649669031,True,G_f02923,True
V_e0b6235a,U_0092,2026-03-26,2719.291663131682,True,G_f02923,False
V_3d57cf52,U_0448,2026-03-26,2821.822104219343,True,G_48d965,True
V_02257778,U_0562,2026-03-26,3299.0107979723266,True,G_48d965,False
V_a1123e8e,U_0752,2026-03-26,7087.03269838871,True,G_48d965,False
V_20e96b9a,U_0698,2026-03-26,1922.532645085774,True,G_48d965,False
V_f0115256,U_0830,2026-03-26,3550.2114050189352,True,G_48d965,False
V_837ed03b,U_0199,2026-03-26,2830.618309460752,True,G_48d965,False
V_2139821081,U_0453,2026-03-26,3981.274448907327,False,,False
V_853403503,U_0457,2026-03-26,7933.532294416373,False,,False
V_2265734992,U_0459,2026-03-26,1776.0353046363343,False,,False
V_f56249cb,U_0482,2026-03-26,4189.464698227605,True,G_2436aa,True
V_8bf3dcab,U_0014,2026-03-26,2051.6657770466736,True,G_2436aa,False
V_1f0617c4,U_0141,2026-03-26,3896.5317118526755,True,G_2436aa,False
V_cc91457c,U_0690,2026-03-26,2624.353759541031,True,G_2436aa,False
V_a4b0fec7,U_0128,2026-03-26,6753.59754606062,True,G_2436aa,False
V_9a54cafb,U_0607,2026-03-26,5548.547153286405,True,G_7cf3e1,True
V_b882d4c0,U_0904,2026-03-26,5183.1255729497625,True,G_7cf3e1,False
V_6d0a0e1e,U_0242,2026-03-26,2753.783882256421,True,G_7cf3e1,False
V_28436fbf,U_0101,2026-03-26,4416.3246315047945,True,G_7cf3e1,False
V_459fd65d,U_0260,2026-03-26,6936.615286403979,True,G_7cf3e1,False
V_85c0f105,U_0945,2026-03-26,4080.5211656404704,True,G_7cf3e1,False
V_db635431,U_0655,2026-03-26,6727.895546349298,True,G_5d54c5,True
V_a68b42bc,U_0917,2026-03-26,6711.963478790294,True,G_5d54c5,False
V_9c65bf9a,U_0567,2026-03-26,7822.1134823437005,True,G_5d54c5,False
V_17346595,U_0715,2026-03-26,3027.3290908913996,False,,False
V_2475370327,U_0722,2026-03-26,6076.831511975983,False,,False
V_2347807165,U_0726,2026-03-26,3987.9689814571316,False,,False
V_f5921f88,U_0727,2026-03-26,8461.535279286194,True,G_e25bc4,True
V_b410a4e3,U_0468,2026-03-26,2025.464499407392,True,G_e25bc4,False
V_2d0a8750,U_0225,2026-03-26,11721.248374663448,True,G_e25bc4,False
V_7a19bd11,U_0429,2026-03-26,8675.821996787225,True,G_e25bc4,False
V_789e30da,U_0672,2026-03-26,4171.72133160277,True,G_e25bc4,False
V_1db10509,U_0754,2026-03-26,2977.3221518276005,True,G_23c5a4,True
V_8bf6194d,U_0724,2026-03-26,1951.6858889782775,True,G_23c5a4,False
V_4c2eafff,U_0057,2026-03-26,2144.4030808938574,True,G_23c5a4,False
V_90cb59ce,U_0141,2026-03-26,3631.297994408472,True,G_23c5a4,False
V_a1cb995b,U_0351,2026-03-26,3648.0731265268114,True,G_23c5a4,False
V_3083530084,U_0876,2026-03-26,3140.361518995682,False,,False
V_2921674193,U_0916,2026-03-26,4502.868783960721,False,,False
V_51e2be3f,U_0926,2026-03-26,2459.5379641581003,True,G_e3a4e6,True
V_6cf26815,U_0483,2026-03-26,2018.032692266573,True,G_e3a4e6,False
V_4e13075b,U_0116,2026-03-26,2387.0338250246673,True,G_e3a4e6,False
V_cb4c08cb,U_0726,2026-03-26,4151.555631229544,True,G_e3a4e6,False
V_0b686a5f,U_0344,2026-03-26,2225.2427993068404,True,G_e3a4e6,False
V_aad44368,U_0963,2026-03-26,4577.879479533928,True,G_e3a4e6,False
V_2de067ad,U_0932,2026-03-26,3381.174497343517,True,G_529a48,True
V_9eae8e43,U_0254,2026-03-26,2228.0050182189943,True,G_529a48,False
V_1ea4c6a5,U_0293,2026-03-26,2182.606249161453,True,G_529a48,False
V_60da86f1,U_0938,2026-03-26,5907.697897866996,True,G_c9fa39,True
V_87e4b589,U_0125,2026-03-26,4555.432971887038,True,G_c9fa39,False
V_8799eeed,U_0992,2026-03-26,3714.98708573744,True,G_c9fa39,False
V_ff312492,U_0154,2026-03-26,4788.617736107433,True,G_c9fa39,False
V_ebcc3c85,U_0619,2026-03-26,2192.4754491320136,True,G_c9fa39,False
V_10fe784b,U_0087,2026-03-26,6062.179433460417,True,G_c9fa39,False
V_2629261667,U_0004,2026-03-26,4859.676858361893,False,,False
V_1218712137,U_0052,2026-03-26,7258.420490947766,False,,False
V_964438564,U_0062,2026-03-26,8783.579571599104,False,,False
V_90efc14b,U_0090,2026-03-26,5966.303135442107,True,G_12175a,True
V_d2d621ad,U_0284,2026-03-26,2860.0046634479177,True,G_12175a,False
V_f1b09ffc,U_0889,2026-03-26,4673.920532278204,True,G_12175a,False
V_e5e96112,U_0421,2026-03-26,6512.585319937163,True,G_12175a,False
V_2208318674,U_0107,2026-03-26,7066.5339132898025,False,,False
V_3768053087,U_0161,2026-03-26,6479.541792468906,False,,False
V_3695929528,U_0168,2026-03-26,6621.073683224377,False,,False
V_3926823728,U_0221,2026-03-26,5778.637814754708,False,,False
V_3759774518,U_0266,2026-03-26,3318.884948335055,False,,False
V_1242958491,U_0289,2026-03-26,11353.271520352793,False,,False
V_2699830227,U_0290,2026-03-26,3452.85666745708,False,,False
V_77751315,U_0295,2026-03-26,4258.48881201707,True,G_60fcb2,True
V_2cfc165f,U_0831,2026-03-26,6942.6238401965875,True,G_60fcb2,False
V_4ee8c4b6,U_0896,2026-03-26,9505.789767078506,True,G_60fcb2,False
V_7bea1938,U_0306,2026-03-26,6672.803223163798,True,G_2784c7,True
V_fde91c65,U_0123,2026-03-26,2961.6894442062357,True,G_2784c7,False
V_63f4ab86,U_0776,2026-03-26,3036.7544589839486,True,G_2784c7,False
V_a43653ea,U_0558,2026-03-26,3006.54826966083,True,G_2784c7,False
V_3617ee6d,U_0313,2026-03-26,4491.712701138682,True,G_b8bc1d,True
V_5201c429,U_0783,2026-03-26,4315.518446582917,True,G_b8bc1d,False
V_e09fec13,U_0999,2026-03-26,6921.159532991383,True,G_b8bc1d,False
V_1897363471,U_0314,2026-03-26,2099.1819649561635,False,,False
V_2040659537,U_0330,2026-03-26,12766.861403344463,False,,False
V_7a2e4c28,U_0356,2026-03-26,3101.8846475282803,True,G_45b895,True
V_41877fc3,U_0997,2026-03-26,4175.20446401365,True,G_45b895,False
V_999746058,U_0366,2026-03-26,3302.661143399622,False,,False
V_3087121874,U_0385,2026-03-26,3614.211253917508,False,,False
V_2648763627,U_0449,2026-03-26,9189.549782544485,False,,False
V_1777214213,U_0467,2026-03-26,2838.0970435740346,False,,False
V_2619986084,U_0477,2026-03-26,5828.497476150459,False,,False
V_113d847b,U_0485,2026-03-26,3202.7668721060554,True,G_81e3df,True
V_7553a967,U_0235,2026-03-26,6720.704027032304,True,G_81e3df,False
V_1fadc183,U_0205,2026-03-26,6549.337221449098,True,G_81e3df,False
V_986d18b6,U_0378,2026-03-26,5069.478238647348,True,G_81e3df,False
V_3fffbc55,U_0980,2026-03-26,2909.718822001308,True,G_81e3df,False
V_141056195,U_0505,2026-03-26,5963.831694081472,False,,False
V_740617078,U_0519,2026-03-26,3983.8850850013787,False,,False
V_4146830912,U_0529,2026-03-26,6759.263441961239,False,,False
V_784aeb9e,U_0549,2026-03-26,3285.1308688232966,True,G_6319eb,True
V_cd46bd9d,U_0688,2026-03-26,6740.422108601943,True,G_6319eb,False
V_f53c0bf2,U_0637,2026-03-26,6830.144742576516,True,G_6319eb,False
V_3eaac65e,U_0295,2026-03-26,4411.555025417067,True,G_6319eb,False
V_7ea763eb,U_0425,2026-03-26,4638.42583659345,True,G_6319eb,False
V_5f619a4a,U_0504,2026-03-26,2659.049946828071,True,G_6319eb,False
V_1572f5c0,U_0576,2026-03-26,5798.8346318154245,True,G_951958,True
V_b425e8c7,U_0004,2026-03-26,3877.553514452701,True,G_951958,False
V_e582638f,U_0554,2026-03-26,5705.49489228125,True,G_951958,False
V_b2239942,U_0870,2026-03-26,1928.5011724616652,True,G_951958,False
V_99a33882,U_0164,2026-03-26,1816.5412742055405,True,G_951958,False
V_3808226238,U_0595,2026-03-26,3914.836928980893,False,,False
V_9fbd1b57,U_0600,2026-03-26,4140.810065432376,True,G_b5fcd6,True
V_96b8aebc,U_0428,2026-03-26,3179.1659684638935,True,G_b5fcd6,False
V_2258ab68,U_0776,2026-03-26,2586.238145678773,True,G_b5fcd6,False
V_5c6f291d,U_0504,2026-03-26,3280.352046340989,True,G_b5fcd6,False
V_efdf3b54,U_0301,2026-03-26,3075.2195146807594,True,G_b5fcd6,False
V_448764553,U_0695,2026-03-26,5141.124804413234,False,,False
V_3551689256,U_0702,2026-03-26,2706.1132280745833,False,,False
V_3392036041,U_0754,2026-03-26,5476.5189572016025,False,,False
V_3639895203,U_0758,2026-03-26,7205.803455626957,False,,False
V_451c8947,U_0782,2026-03-26,4350.0143453118435,True,G_11e5da,True
V_c2084dcc,U_0055,2026-03-26,7894.688364368871,True,G_11e5da,False
V_32185de5,U_0303,2026-03-26,10066.183278356948,True,G_11e5da,False
V_02d7a634,U_0857,2026-03-26,2347.726414247054,True,G_11e5da,False
V_e679fa8d,U_0813,2026-03-26,10188.210353710707,True,G_11e5da,False
V_c12efed3,U_0074,2026-03-26,2463.2454449156653,True,G_11e5da,False
V_168ae1cf,U_0844,2026-03-26,2477.2034671697443,True,G_4f60f0,True
V_ceb0d198,U_0849,2026-03-26,2599.9897907955524,True,G_4f60f0,False
V_1c16e81f,U_0443,2026-03-26,4519.561341132045,True,G_4f60f0,False
V_fa41b15a,U_0404,2026-03-26,2500.333181022669,True,G_4f60f0,False
V_854417322,U_0858,2026-03-26,4062.609855849259,False,,False
V_af44b59f,U_0866,2026-03-26,10066.878963287387,True,G_9f7ef3,True
V_a92fe7b4,U_0332,2026-03-26,6806.002191836544,True,G_9f7ef3,False
V_c48476ab,U_0891,2026-03-26,3682.1042903580405,True,G_2e15f1,True
V_bc048c86,U_0541,2026-03-26,4796.667835107241,True,G_2e15f1,False
V_fa624169,U_0905,2026-03-26,3641.365767936661,True,G_fc4198,True
V_2d00d3ae,U_0768,2026-03-26,4979.922407631637,True,G_fc4198,False
V_2dbbee4f,U_0369,2026-03-26,5073.9782666844,True,G_fc4198,False
V_3ee7fb16,U_0212,2026-03-26,7409.470755292497,True,G_fc4198,False
V_a222714b,U_0165,2026-03-26,3234.9582809604244,True,G_fc4198,False
V_bd5ea589,U_0352,2026-03-26,2910.4467034887125,True,G_fc4198,False
V_663320d9,U_0910,2026-03-26,7075.7753375763195,True,G_e8b720,True
V_fd51049f,U_0116,2026-03-26,2581.3916061604764,True,G_e8b720,False
V_9a96ab21,U_0629,2026-03-26,3169.7553525057833,True,G_e8b720,False
V_ea8be438,U_0126,2026-03-26,2706.3573248548046,True,G_e8b720,False
V_6186bd2a,U_0474,2026-03-26,3322.044825761655,True,G_e8b720,False
V_7cc11d25,U_0955,2026-03-26,7803.222005624572,True,G_676f99,True
V_2c5546eb,U_0245,2026-03-26,1915.6548920854639,True,G_676f99,False
V_31561741,U_0054,2026-03-26,2688.579149250156,True,G_676f99,False
V_2420965735,U_0972,2026-03-26,7972.2434106778555,False,,False
V_1c353391,U_0982,2026-03-26,7067.9009146586195,True,G_d12a58,True
V_995702ed,U_0015,2026-03-26,8393.861697236562,True,G_d12a58,False
V_877a73d3,U_0913,2026-03-26,10533.379456452447,True,G_d12a58,False
V_0f3ecbc6,U_0206,2026-03-26,6747.30315362461,True,G_d12a58,False
V_de234be8,U_0770,2026-03-26,10103.708468740117,True,G_d12a58,False
V_558780534,U_0006,2026-03-27,7272.6880837140825,False,,False
V_4f4126a3,U_0009,2026-03-27,5577.263688401861,True,G_b83883,True
V_b0e77fcf,U_0383,2026-03-27,3814.9979551381393,True,G_b83883,False
V_73dafb80,U_0665,2026-03-27,6889.205882195911,True,G_b83883,False
V_e896ad37,U_0721,2026-03-27,6705.579327994313,True,G_b83883,False
V_1717641545,U_0019,2026-03-27,8127.474714835229,False,,False
V_2813831054,U_0109,2026-03-27,2850.095531048077,False,,False
V_4221718130,U_0115,2026-03-27,2302.091683595274,False,,False
V_2059324130,U_0166,2026-03-27,6535.115159391421,False,,False
V_3146012341,U_0173,2026-03-27,5685.085256631731,False,,False
V_cc2881bc,U_0178,2026-03-27,9432.263495981984,True,G_e3b4e8,True
V_76e25e9a,U_0262,2026-03-27,10166.45813275655,True,G_e3b4e8,False
V_c0576006,U_0857,2026-03-27,2427.317856862528,True,G_e3b4e8,False
V_23428894,U_0251,2026-03-27,2815.555221671343,False,,False
V_3888448824,U_0287,2026-03-27,1882.6435299790546,False,,False
V_174259042,U_0297,2026-03-27,3259.8439579270644,False,,False
V_69d2954e,U_0305,2026-03-27,6909.506995996643,True,G_f015db,True
V_f81593f8,U_0288,2026-03-27,6077.8223049241205,True,G_f015db,False
V_f9530540,U_0517,2026-03-27,3292.2512447321487,True,G_f015db,False
V_7e24b314,U_0661,2026-03-27,4035.554384319477,True,G_f015db,False
V_48a743ed,U_0085,2026-03-27,3425.506390407822,True,G_f015db,False
V_1121312069,U_0323,2026-03-27,9896.96928624372,False,,False
V_443bfd15,U_0338,2026-03-27,10510.039379791702,True,G_877c57,True
V_13c9235e,U_0057,2026-03-27,2188.067734823479,True,G_877c57,False
V_814024752,U_0361,2026-03-27,3927.246309022354,False,,False
V_3770182843,U_0427,2026-03-27,2759.752148597563,False,,False
V_4202414611,U_0503,2026-03-27,9362.867918467738,False,,False
V_46f83280,U_0537,2026-03-27,5443.5827697880395,True,G_4fb6ba,True
V_2fba293e,U_0594,2026-03-27,4860.420058342242,True,G_4fb6ba,False
V_4185a5b9,U_0185,2026-03-27,5228.648281526908,True,G_4fb6ba,False
V_cc50c447,U_0856,2026-03-27,2391.5457240776386,True,G_4fb6ba,False
V_5b6804fd,U_0846,2026-03-27,6191.738622803671,True,G_4fb6ba,False
V_66c98567,U_0647,2026-03-27,6081.124479178952,True,G_4fb6ba,False
V_2006156984,U_0582,2026-03-27,4992.029603638555,False,,False
V_a6a965b3,U_0614,2026-03-27,12601.480831807394,True,G_23b1b7,True
V_cec264dd,U_0357,2026-03-27,4106.7274831046525,True,G_23b1b7,False
V_a0b99554,U_0560,2026-03-27,10903.953983358917,True,G_23b1b7,False
V_b5dab275,U_0518,2026-03-27,6857.9840548508955,True,G_23b1b7,False
V_7a8c47bd,U_0623,2026-03-27,12195.669240118792,True,G_33c189,True
V_c783b9f9,U_0074,2026-03-27,2131.6300382559084,True,G_33c189,False
V_2808a0ca,U_0687,2026-03-27,2223.016639935673,True,G_93ab4f,True
V_81db905f,U_0599,2026-03-27,3292.5166582876395,True,G_93ab4f,False
V_94b246c4,U_0836,2026-03-27,2607.062240774057,True,G_93ab4f,False
V_2859976819,U_0693,2026-03-27,7103.566527889695,False,,False
V_2295269534,U_0728,2026-03-27,2181.104465742414,False,,False
V_1451612366,U_0773,2026-03-27,5030.742263913519,False,,False
V_b2f9b458,U_0774,2026-03-27,2669.9435318348465,True,G_ccd8a0,True
V_295eae48,U_0936,2026-03-27,2500.775609071889,True,G_ccd8a0,False
V_8cf5fd48,U_0247,2026-03-27,4988.769284906491,True,G_ccd8a0,False
V_f52da2d2,U_0534,2026-03-27,5535.477727160177,True,G_ccd8a0,False
V_69550d69,U_0556,2026-03-27,2774.6838473186585,True,G_ccd8a0,False
V_3406260793,U_0828,2026-03-27,4804.721102093008,False,,False
V_9c476e9e,U_0938,2026-03-27,4445.808973726641,True,G_7d26c6,True
V_9f873412,U_0042,2026-03-27,3182.5848715682446,True,G_7d26c6,False
V_ab60e7fe,U_0981,2026-03-27,5373.492272338662,True,G_7d26c6,False
V_15a9ee25,U_0274,2026-03-27,5022.443133437434,True,G_7d26c6,False
V_9e5899b3,U_0903,2026-03-27,3110.7907576205557,True,G_7d26c6,False
V_d71d407b,U_0708,2026-03-27,5139.806766503873,True,G_7d26c6,False
V_1252088822,U_0943,2026-03-27,2541.0783714583667,False,,False
V_6bceb846,U_0963,2026-03-27,4398.463875046639,True,G_e9cda1,True
V_8093d084,U_0566,2026-03-27,3316.841369815867,True,G_e9cda1,False
V_39fb3fc0,U_0107,2026-03-27,3819.738363670173,True,G_e9cda1,False
V_2de00820,U_0033,2026-03-27,3787.787618792385,True,G_e9cda1,False
V_5fef95b6,U_0510,2026-03-27,3972.95541754117,True,G_e9cda1,False
V_74c94179,U_0308,2026-03-27,6449.754291978509,True,G_e9cda1,False
V_2918289058,U_0974,2026-03-27,13855.51472968882,False,,False
V_5c38db7d,U_0001,2026-03-27,7701.178023173391,True,G_447659,True
V_28b452b9,U_0737,2026-03-27,6312.965836729735,True,G_447659,False
V_5f7105d9,U_0591,2026-03-27,7397.616052168291,True,G_447659,False
V_3a6c41eb,U_0130,2026-03-27,10095.532035141478,True,G_447659,False
V_71d31afc,U_0357,2026-03-27,3741.2828695677576,True,G_447659,False
V_16f1175e,U_0044,2026-03-27,2529.53638843912,True,G_1b6ce7,True
V_9252bf94,U_0478,2026-03-27,3502.8252798333856,True,G_1b6ce7,False
V_444b945c,U_0262,2026-03-27,9586.130757144434,True,G_1b6ce7,False
V_1886970019,U_0057,2026-03-27,9598.842373937725,False,,False
V_3522998203,U_0066,2026-03-27,5787.811500571443,False,,False
V_2240246197,U_0162,2026-03-27,4460.134152721323,False,,False
V_228995362,U_0206,2026-03-27,7023.358170386739,False,,False
V_3043725240,U_0249,2026-03-27,5699.228340139052,False,,False
V_cc5267aa,U_0279,2026-03-27,3621.381347859129,True,G_1dd373,True
V_84edd82a,U_0309,2026-03-27,2927.056281266262,True,G_1dd373,False
V_fc67c422,U_0283,2026-03-27,4159.794626978763,True,G_1dd373,False
V_348336de,U_0675,2026-03-27,2892.838976758841,True,G_1dd373,False
V_6cb4d5b4,U_0923,2026-03-27,2178.3290692734536,True,G_1dd373,False
V_2763371232,U_0357,2026-03-27,6970.428011529936,False,,False
V_3018570302,U_0384,2026-03-27,6776.934079889132,False,,False
V_3436953540,U_0487,2026-03-27,6035.440004036257,False,,False
V_90791773,U_0638,2026-03-27,4550.62540926965,False,,False
V_86edf64b,U_0644,2026-03-27,4884.2059539784905,True,G_2161dc,True
V_c8d176f4,U_0922,2026-03-27,4483.0791946081545,True,G_2161dc,False
V_c6491032,U_0141,2026-03-27,3614.4395566506646,True,G_2161dc,False
V_4a2c67d3,U_0364,2026-03-27,2870.0445226741886,True,G_2161dc,False
V_13efa11f,U_0647,2026-03-27,5009.788477987369,True,G_4b74f0,True
V_03db83a5,U_0403,2026-03-27,5282.191844082465,True,G_4b74f0,False
V_400c01fe,U_0694,2026-03-27,6212.957242472773,True,G_4b74f0,False
V_b8fab87a,U_0864,2026-03-27,4145.0488501323525,True,G_4b74f0,False
V_12100c7c,U_0880,2026-03-27,4892.0589830785775,True,G_4b74f0,False
V_f500315b,U_0590,2026-03-27,5944.933364845783,True,G_4b74f0,False
V_d27b6fd1,U_0658,2026-03-27,3769.756624902105,True,G_1f6235,True
V_45aef731,U_0613,2026-03-27,6418.849612381158,True,G_1f6235,False
V_c14fe364,U_0705,2026-03-27,5510.0129380727985,True,G_1f6235,False
V_16d27b53,U_0491,2026-03-27,4806.1558076180345,True,G_1f6235,False
V_5767bde9,U_0548,2026-03-27,7224.980029499918,True,G_1f6235,False
V_681411580,U_0671,2026-03-27,4994.241781515695,False,,False
V_59804596,U_0672,2026-03-27,8444.286373912382,False,,False
V_2553623884,U_0759,2026-03-27,1906.0430653667386,False,,False
V_3519519026,U_0761,2026-03-27,13027.515337024965,False,,False
V_2d820724,U_0833,2026-03-27,3191.0241384898045,True,G_71392a,True
V_d1c4db92,U_0208,2026-03-27,4050.323431673811,True,G_71392a,False
V_b4db99db,U_0274,2026-03-27,5210.396483302874,True,G_71392a,False
V_a7eb660a,U_0238,2026-03-27,7672.191462926383,True,G_71392a,False
V_063a46f7,U_0415,2026-03-27,7171.577627730778,True,G_71392a,False
V_a5748ea8,U_0323,2026-03-27,7703.352885586753,True,G_71392a,False
V_72e2b645,U_0837,2026-03-27,5593.383354199141,True,G_010882,True
V_ac5955e1,U_0277,2026-03-27,5884.99316555119,True,G_010882,False
V_862cc3c4,U_0139,2026-03-27,3912.2680472562874,True,G_010882,False
V_cc58e982,U_0904,2026-03-27,6246.1229543582895,True,G_ecec23,True
V_3b9bd697,U_0831,2026-03-27,5551.95108392563,True,G_ecec23,False
V_5aa435cb,U_0130,2026-03-27,10639.01171473259,True,G_ecec23,False
V_85d974a5,U_0956,2026-03-27,2388.8215479386613,True,G_4d6c0c,True
V_50576a82,U_0402,2026-03-27,3060.5934599644197,True,G_4d6c0c,False
V_918e0303,U_0406,2026-03-27,3073.8911858299766,True,G_4d6c0c,False
V_e84f608a,U_0538,2026-03-27,2792.081008102338,True,G_4d6c0c,False
V_ccb35fbd,U_0975,2026-03-27,2608.1422367331807,True,G_14fe4b,True
V_4629b866,U_0495,2026-03-27,2953.457609919401,True,G_14fe4b,False
V_e750d6e4,U_0783,2026-03-27,4129.733260523742,True,G_14fe4b,False
V_2c455add,U_0077,2026-03-27,5594.458402071724,True,G_14fe4b,False
V_a4715127,U_0205,2026-03-27,4976.200597431526,True,G_14fe4b,False
V_3642829979,U_0050,2026-03-28,12097.623849587517,False,,False
V_1058122755,U_0051,2026-03-28,2995.7765528705677,False,,False
V_59cba783,U_0055,2026-03-28,8425.384576396567,True,G_0c1a0f,True
V_40c6d860,U_0681,2026-03-28,10360.882897780763,True,G_0c1a0f,False
V_bd9a29e7,U_0065,2026-03-28,4156.188586018779,True,G_9ea819,True
V_64e1620d,U_0175,2026-03-28,5641.884995686768,True,G_9ea819,False
V_3c02ffdf,U_0859,2026-03-28,4542.965617959785,True,G_9ea819,False
V_86cae68a,U_0318,2026-03-28,2853.9797929066212,True,G_9ea819,False
V_7f4e93f2,U_0537,2026-03-28,4577.669372488698,True,G_9ea819,False
V_825825386,U_0115,2026-03-28,2713.7389790595175,False,,False
V_1353325120,U_0178,2026-03-28,10736.403962301969,False,,False
V_3677171070,U_0181,2026-03-28,11716.336903178932,False,,False
V_3862223902,U_0194,2026-03-28,10225.238330352957,False,,False
V_2a424c6c,U_0244,2026-03-28,2206.679796285474,True,G_8c5607,True
V_4b7b23f8,U_0021,2026-03-28,4038.1504479418386,True,G_8c5607,False
V_c8fe864f,U_0973,2026-03-28,3238.919686775891,True,G_8c5607,False
V_3730155087,U_0265,2026-03-28,6655.019076516716,False,,False
V_3152166559,U_0295,2026-03-28,3064.626449321248,False,,False
V_a29046b4,U_0303,2026-03-28,11141.149983602063,True,G_a0534b,True
V_60fa5f52,U_0917,2026-03-28,7208.488767941223,True,G_a0534b,False
V_15870eec,U_0124,2026-03-28,2653.713104771901,True,G_a0534b,False
V_66565e47,U_0755,2026-03-28,10094.234205098339,True,G_a0534b,False
V_2820688069,U_0310,2026-03-28,2233.8603898724327,False,,False
V_15206e05,U_0312,2026-03-28,4698.781940734896,True,G_11ecd3,True
V_81004c25,U_0237,2026-03-28,9691.972317017775,True,G_11ecd3,False
V_6fe1ee80,U_0149,2026-03-28,3897.053906058287,True,G_11ecd3,False
V_3a3592cb,U_0317,2026-03-28,2548.4037124171045,True,G_d80d1a,True
V_4a99e989,U_0683,2026-03-28,6205.944826607872,True,G_d80d1a,False
V_b050975b,U_0670,2026-03-28,3498.102939533017,True,G_d80d1a,False
V_9228f0c4,U_0371,2026-03-28,3183.0848244148265,True,G_d80d1a,False
V_b3de4b93,U_0257,2026-03-28,2967.076309627661,True,G_d80d1a,False
V_3200275026,U_0330,2026-03-28,3795.8756099625425,False,,False
V_3861247496,U_0476,2026-03-28,1730.3740666292401,False,,False
V_4225597271,U_0496,2026-03-28,2936.0802252681788,False,,False
V_29373a25,U_0503,2026-03-28,11467.484033284893,True,G_50dc88,True
V_da52de17,U_0456,2026-03-28,10066.938303617646,True,G_50dc88,False
V_a27c7d02,U_0161,2026-03-28,5930.342367633902,True,G_50dc88,False
V_15cc7327,U_0770,2026-03-28,9879.284885291667,True,G_50dc88,False
V_959419380,U_0513,2026-03-28,10903.04629116943,False,,False
V_d415e688,U_0550,2026-03-28,4737.736762868438,True,G_5777bc,True
V_659edc6f,U_0300,2026-03-28,5168.591232540842,True,G_5777bc,False
V_1188299820,U_0571,2026-03-28,3382.566383301062,False,,False
V_77357720,U_0588,2026-03-28,2571.975604259257,False,,False
V_1654182305,U_0626,2026-03-28,2490.8535387612524,False,,False
V_34136327,U_0640,2026-03-28,3796.1315045230353,False,,False
V_2491147704,U_0652,2026-03-28,5331.902069851107,False,,False
V_9060d075,U_0655,2026-03-28,6050.653200133703,True,G_bddc24,True
V_02461db1,U_0130,2026-03-28,8035.85173431741,True,G_bddc24,False
V_b0d3d692,U_0691,2026-03-28,5554.235278803784,True,G_cdb26a,True
V_81007d7a,U_0623,2026-03-28,12601.396450445216,True,G_cdb26a,False
V_fc8e9c0c,U_0074,2026-03-28,2082.744390399317,True,G_cdb26a,False
V_d3c73c70,U_0560,2026-03-28,7806.630609540106,True,G_cdb26a,False
V_4c03bc2b,U_0429,2026-03-28,12775.874247925103,True,G_cdb26a,False
V_088e0c2c,U_0168,2026-03-28,8461.115457256508,True,G_cdb26a,False
V_1318833275,U_0727,2026-03-28,9583.473627487278,False,,False
V_548339790,U_0737,2026-03-28,8213.511266490816,False,,False
V_9cc5dd03,U_0793,2026-03-28,4126.995727338722,True,G_3a9f1b,True
V_0219318a,U_0429,2026-03-28,10056.863894375923,True,G_3a9f1b,False
V_800ae9cd,U_0578,2026-03-28,2291.1076848078496,True,G_3a9f1b,False
V_64f7dc9e,U_0916,2026-03-28,5725.759101382254,True,G_3a9f1b,False
V_1a35e161,U_0441,2026-03-28,2200.955292253818,True,G_3a9f1b,False
V_1542192407,U_0794,2026-03-28,7928.113526140365,False,,False
V_4d49bd83,U_0808,2026-03-28,1889.8338258917001,True,G_2e6a98,True
V_528ab002,U_0138,2026-03-28,3913.114383588819,True,G_2e6a98,False
V_3e998d0b,U_0278,2026-03-28,4625.907259061009,True,G_2e6a98,False
V_d0da62c3,U_0133,2026-03-28,3902.8103158278373,True,G_2e6a98,False
V_3406413559,U_0826,2026-03-28,7179.284026442628,False,,False
V_ef24745e,U_0864,2026-03-28,4509.390724233711,True,G_f798d8,True
V_9138c5bd,U_0051,2026-03-28,2725.4057622853406,True,G_f798d8,False
V_2405011144,U_0873,2026-03-28,6433.252802696277,False,,False
V_1076841699,U_0918,2026-03-28,3008.9110637951035,False,,False
V_3053374473,U_0932,2026-03-28,2473.9636694192122,False,,False
V_1257771968,U_0974,2026-03-28,13658.495503636817,False,,False
V_243671150,U_0073,2026-03-28,10198.982044894885,False,,False
V_a6f22d9a,U_0075,2026-03-28,9036.875621321307,True,G_93816f,True
V_5d492177,U_0046,2026-03-28,3085.3765741713228,True,G_93816f,False
V_ccf0697c,U_0130,2026-03-28,10200.829362311522,True,G_93816f,False
V_8bde4437,U_0092,2026-03-28,3057.8649547475648,True,G_151c1a,True
V_c4686963,U_0693,2026-03-28,6717.833947534905,True,G_151c1a,False
V_4881335d,U_0737,2026-03-28,8139.073868153489,True,G_151c1a,False
V_78301df8,U_0055,2026-03-28,10875.825697863373,True,G_151c1a,False
V_33ca34ee,U_0052,2026-03-28,2921.036908008158,True,G_151c1a,False
V_19c61b52,U_0508,2026-03-28,6347.415259711276,True,G_151c1a,False
V_637584212,U_0166,2026-03-28,4535.834968888019,False,,False
V_3112524340,U_0208,2026-03-28,10830.442084371029,False,,False
V_1530276170,U_0219,2026-03-28,11374.493432029925,False,,False
V_269492651,U_0220,2026-03-28,9345.404875874707,False,,False
V_0ed75dc1,U_0225,2026-03-28,11951.54814843769,True,G_3a3af4,True
V_0a310520,U_0016,2026-03-28,4913.270938614765,True,G_3a3af4,False
V_dfd9d9da,U_0333,2026-03-28,3523.801770922366,True,G_3a3af4,False
V_df4404e1,U_0241,2026-03-28,2081.6498851336355,True,G_60d22b,True
V_b76f3480,U_0782,2026-03-28,4989.619585790109,True,G_60d22b,False
V_8de50fd7,U_0917,2026-03-28,5821.854669756178,True,G_60d22b,False
V_e856311c,U_0074,2026-03-28,2358.3713900018033,True,G_60d22b,False
V_fee39925,U_0092,2026-03-28,3605.426744458465,True,G_60d22b,False
V_96ddad2f,U_0391,2026-03-28,10771.089969155411,True,G_60d22b,False
V_2234111442,U_0274,2026-03-28,8895.315384741718,False,,False
V_ef243290,U_0300,2026-03-28,6169.953782686119,True,G_629c09,True
V_828366ff,U_0805,2026-03-28,3553.8958069302184,True,G_629c09,False
V_ba3c108d,U_0321,2026-03-28,7731.763713974957,True,G_581ad6,True
V_51cd7cb0,U_0802,2026-03-28,8560.19489757266,True,G_581ad6,False
V_07bcf832,U_0274,2026-03-28,6006.296644047192,True,G_581ad6,False
V_2b298a71,U_0492,2026-03-28,2158.5154832148005,True,G_581ad6,False
V_16ff0ce3,U_0657,2026-03-28,11471.093389317979,True,G_581ad6,False
V_90dbf327,U_0326,2026-03-28,6515.49121147626,True,G_c5a2dc,True
V_fd73af77,U_0961,2026-03-28,2807.812558793792,True,G_c5a2dc,False
V_bd233ffa,U_0330,2026-03-28,3338.536559764221,True,G_5755fc,True
V_2981821c,U_0798,2026-03-28,5381.539687372155,True,G_5755fc,False
V_8ea35906,U_0782,2026-03-28,3808.6328021347836,True,G_5755fc,False
V_2813251739,U_0331,2026-03-28,7276.9569510863985,False,,False
V_3088073367,U_0338,2026-03-28,3100.9074052046944,False,,False
V_3c0de8f8,U_0365,2026-03-28,4088.50864312254,True,G_e76ff3,True
V_b0ed6324,U_0306,2026-03-28,5595.871291290528,True,G_e76ff3,False
V_fdd30194,U_0371,2026-03-28,2967.0383167604878,True,G_f93803,True
V_8ff4b7b6,U_0849,2026-03-28,2338.5926264498758,True,G_f93803,False
V_a3945ebc,U_0455,2026-03-28,3457.4710223714274,True,G_f93803,False
V_d64b633c,U_0077,2026-03-28,6149.542590474431,True,G_f93803,False
V_541c0291,U_0351,2026-03-28,3111.0330327555525,True,G_f93803,False
V_2213534891,U_0411,2026-03-28,4315.632858580461,False,,False
V_ba48134c,U_0444,2026-03-28,3455.9795472246215,True,G_226d18,True
V_d84c58ce,U_0842,2026-03-28,3311.5255329190836,True,G_226d18,False
V_15010739,U_0449,2026-03-28,4093.7946179559012,True,G_614e2f,True
V_56e7d90b,U_0429,2026-03-28,11119.173928810802,True,G_614e2f,False
V_ac4efc6b,U_0050,2026-03-28,10054.841614597955,True,G_614e2f,False
V_2e607474,U_0632,2026-03-28,2337.1583631222834,True,G_614e2f,False
V_e30b84fc,U_0289,2026-03-28,3927.206788515381,True,G_614e2f,False
V_5aaa4487,U_0019,2026-03-28,8571.481615785302,True,G_614e2f,False
V_487804652,U_0492,2026-03-28,8750.744028396817,False,,False
V_2e5843ee,U_0498,2026-03-28,2987.431415219841,True,G_d46462,True
V_6f6eaa44,U_0266,2026-03-28,3737.6910284250207,True,G_d46462,False
V_2b4553e5,U_0378,2026-03-28,5280.93973587295,True,G_d46462,False
V_2229541078,U_0579,2026-03-28,7889.412206061322,False,,False
V_2364746941,U_0692,2026-03-28,6177.294383072234,False,,False
V_17ca3b38,U_0710,2026-03-28,4034.4743669620357,True,G_327525,True
V_5dd7116b,U_0633,2026-03-28,3208.9297900953325,True,G_327525,False
V_e766beb0,U_0085,2026-03-28,2955.83600715094,True,G_327525,False
V_2562933088,U_0768,2026-03-28,3493.6902251879214,False,,False
V_3109085597,U_0785,2026-03-28,4409.519595148003,False,,False
V_3016729232,U_0824,2026-03-28,7074.04479642524,False,,False
V_2480243c,U_0842,2026-03-28,3218.562894134274,True,G_052b10,True
V_3f79cf51,U_0004,2026-03-28,3221.1886696385586,True,G_052b10,False
V_f1976981,U_0009,2026-03-28,7212.927452378507,True,G_052b10,False
V_e6fcfbe2,U_0358,2026-03-28,6825.476479641656,True,G_052b10,False
V_1d127705,U_0142,2026-03-28,4893.342269820482,True,G_052b10,False
V_1486063199,U_0938,2026-03-28,3055.2669547061896,False,,False
V_5d1d7896,U_0946,2026-03-28,2349.8281876744727,True,G_90df06,True
V_27779f91,U_0485,2026-03-28,3882.7030030468454,True,G_90df06,False
V_2378117302,U_0968,2026-03-28,3273.2887901206464,False,,False
V_560046284,U_0999,2026-03-28,2890.1586560254277,False,,False
V_2096177250,U_0026,2026-03-29,2394.78211703089,False,,False
V_1752480977,U_0039,2026-03-29,2014.409111478654,False,,False
V_3007292240,U_0090,2026-03-29,4826.070774260538,False,,False
V_473167922,U_0178,2026-03-29,7191.618049915097,False,,False
V_2539978497,U_0181,2026-03-29,11607.033254153994,False,,False
V_2530693179,U_0241,2026-03-29,1967.1150257264362,False,,False
V_21f46a5a,U_0244,2026-03-29,2265.6240171477903,True,G_81928a,True
V_3a15b1e8,U_0821,2026-03-29,2097.3752965300164,True,G_81928a,False
V_e663790f,U_0674,2026-03-29,2347.6188130147166,True,G_81928a,False
V_7558f60d,U_0414,2026-03-29,3437.3729081298156,True,G_81928a,False
V_5527122d,U_0949,2026-03-29,3349.627069877442,True,G_81928a,False
V_58d32955,U_0447,2026-03-29,2644.3857553105995,True,G_81928a,False
V_fa2873df,U_0258,2026-03-29,3202.981115558733,True,G_b9b7b5,True
V_3417cf06,U_0276,2026-03-29,5291.604401142061,True,G_b9b7b5,False
V_fec51344,U_0310,2026-03-29,2486.478940698079,True,G_b9b7b5,False
V_fde624b0,U_0929,2026-03-29,7996.415586813862,True,G_b9b7b5,False
V_5acff747,U_0394,2026-03-29,4820.476352849978,True,G_b9b7b5,False
V_786855760,U_0382,2026-03-29,3016.713084324761,False,,False
V_3216545426,U_0506,2026-03-29,5004.807884918615,False,,False
V_d92e457a,U_0529,2026-03-29,4422.865700966653,True,G_a264f0,True
V_6ec5026c,U_0668,2026-03-29,5538.623796233178,True,G_a264f0,False
V_521e437f,U_0237,2026-03-29,9843.627838878507,True,G_a264f0,False
V_5b45206d,U_0995,2026-03-29,5021.6568383954045,True,G_a264f0,False
V_6dfa8fc5,U_0694,2026-03-29,6500.31596307798,True,G_a264f0,False
V_a58a4be7,U_0792,2026-03-29,3048.1702457640454,True,G_a264f0,False
V_79aa18f4,U_0552,2026-03-29,3287.9581571430476,True,G_2187a1,True
V_303dc26b,U_0836,2026-03-29,3428.204252334458,True,G_2187a1,False
V_630b6345,U_0694,2026-03-29,5807.522725776471,True,G_2187a1,False
V_4e95d519,U_0225,2026-03-29,10582.93663415005,True,G_2187a1,False
V_2626461059,U_0576,2026-03-29,6440.202197011976,False,,False
V_712abb73,U_0578,2026-03-29,2260.090276502167,True,G_8e2b73,True
V_ea3ff11f,U_0412,2026-03-29,3229.148050124001,True,G_8e2b73,False
V_211227097,U_0590,2026-03-29,6218.188662019357,False,,False
V_1586061711,U_0620,2026-03-29,2946.5905961025137,False,,False
V_078a9858,U_0631,2026-03-29,3358.3719376361537,True,G_6f5ada,True
V_404c34e3,U_0466,2026-03-29,2417.4655337272216,True,G_6f5ada,False
V_d896dbe0,U_0424,2026-03-29,2649.734911563231,True,G_6f5ada,False
V_7c1e393b,U_0510,2026-03-29,4856.891136759296,True,G_6f5ada,False
V_fbeb6ea7,U_0374,2026-03-29,3171.547802480143,True,G_6f5ada,False
V_4208786856,U_0647,2026-03-29,6559.59128426519,False,,False
V_4095945620,U_0688,2026-03-29,6293.466710633199,False,,False
V_3671322901,U_0702,2026-03-29,4125.599209823235,False,,False
V_522ba098,U_0714,2026-03-29,5035.455160885056,True,G_1cf408,True
V_fc9bacb4,U_0154,2026-03-29,5527.634640049025,True,G_1cf408,False
V_c288a729,U_0665,2026-03-29,4797.641757900755,True,G_1cf408,False
V_d1ddb509,U_0203,2026-03-29,3576.2845522201414,True,G_1cf408,False
V_2151378741,U_0733,2026-03-29,4343.816103613706,False,,False
V_3974871891,U_0810,2026-03-29,4245.197411643328,False,,False
V_2160825245,U_0831,2026-03-29,5791.299657907402,False,,False
V_1497023569,U_0864,2026-03-29,4904.257401792419,False,,False
V_5836b1bd,U_0872,2026-03-29,7847.3168151096315,True,G_3881f9,True
V_980b3b11,U_0429,2026-03-29,11875.295546005891,True,G_3881f9,False
V_1029889762,U_0885,2026-03-29,9623.359066079809,False,,False
V_2770233477,U_0902,2026-03-29,11622.497898736034,False,,False
V_933145294,U_0913,2026-03-29,9434.251100524934,False,,False
V_2a1d55f8,U_0916,2026-03-29,4604.575137780896,True,G_7e773e,True
V_5df1df7a,U_0070,2026-03-29,5361.211370027719,True,G_7e773e,False
V_a9ff7a21,U_0086,2026-03-29,4145.912186244666,True,G_7e773e,False
V_81b1a73c,U_0937,2026-03-29,10141.635824402061,True,G_39e29f,True
V_b4a8a941,U_0043,2026-03-29,3591.716697648341,True,G_39e29f,False
V_705fa969,U_0484,2026-03-29,11925.034533042315,True,G_39e29f,False
V_c5940ef1,U_0046,2026-03-29,4242.414569437116,True,G_30dc3a,True
V_f87a33d0,U_0681,2026-03-29,11712.477743160338,True,G_30dc3a,False
V_f907f1a4,U_0414,2026-03-29,4243.465638485081,True,G_30dc3a,False
V_5dcdc752,U_0057,2026-03-29,2502.9811494309142,True,G_687b45,True
V_1a714b9e,U_0752,2026-03-29,5739.431006033821,True,G_687b45,False
V_49f60e28,U_0160,2026-03-29,11116.395320317759,True,G_687b45,False
V_2380f910,U_0691,2026-03-29,5413.6247937297,True,G_687b45,False
V_2093538617,U_0062,2026-03-29,10740.336298122447,False,,False
V_1271773508,U_0070,2026-03-29,3922.5413308352877,False,,False
V_1845481876,U_0092,2026-03-29,10627.129138862381,False,,False
V_2c3d8e39,U_0112,2026-03-29,7692.684646642098,True,G_f405bc,True
V_0a9c75ea,U_0322,2026-03-29,2077.135998786295,True,G_f405bc,False
V_953667949,U_0133,2026-03-29,2085.21345858378,False,,False
V_510f7a4e,U_0148,2026-03-29,2783.905656371767,True,G_04a174,True
V_cf43cc08,U_0442,2026-03-29,2888.3623731281905,True,G_04a174,False
V_d861621c,U_0243,2026-03-29,5326.638260551364,True,G_04a174,False
V_a2193583,U_0889,2026-03-29,4265.8952512956575,True,G_04a174,False
V_1744066109,U_0178,2026-03-29,6283.114415235658,False,,False
V_214529733,U_0218,2026-03-29,12989.650893048425,False,,False
V_67288606,U_0262,2026-03-29,8872.72662504951,True,G_d44c4f,True
V_3996a7f7,U_0269,2026-03-29,6233.170534222964,True,G_d44c4f,False
V_58ecddec,U_0274,2026-03-29,5633.616707769843,True,G_fc7f19,True
V_97ab3e23,U_0006,2026-03-29,5880.809216774434,True,G_fc7f19,False
V_25aa41df,U_0851,2026-03-29,5008.927461089311,True,G_fc7f19,False
V_7f19b422,U_0974,2026-03-29,12456.037355116594,True,G_fc7f19,False
V_27bd53c1,U_0237,2026-03-29,10350.889700567604,True,G_fc7f19,False
V_d5b76140,U_0838,2026-03-29,4648.854074883325,True,G_fc7f19,False
V_1140901706,U_0296,2026-03-29,2693.217577862905,False,,False
V_1124196788,U_0357,2026-03-29,6717.831897274535,False,,False
V_487f8484,U_0402,2026-03-29,3858.080933298269,True,G_b21fa5,True
V_171cf624,U_0180,2026-03-29,4291.735233023536,True,G_b21fa5,False
V_f0f57d70,U_0934,2026-03-29,2982.832169978526,True,G_b21fa5,False
V_d7caa635,U_0631,2026-03-29,3200.3890543217485,True,G_b21fa5,False
V_045a0608,U_0877,2026-03-29,3287.596018028217,True,G_b21fa5,False
V_1418032574,U_0404,2026-03-29,2561.803125011104,False,,False
V_d09f256e,U_0485,2026-03-29,3333.9825813495727,True,G_8671ae,True
V_46f25e38,U_0619,2026-03-29,2512.8277086831977,True,G_8671ae,False
V_3f9a8cc9,U_0458,2026-03-29,10892.488665180323,True,G_8671ae,False
V_86d121cd,U_0487,2026-03-29,5166.304650449846,True,G_08ef9a,True
V_df6bbf89,U_0287,2026-03-29,2744.1736599107144,True,G_08ef9a,False
V_d2020a9f,U_0312,2026-03-29,4429.5723076069735,True,G_08ef9a,False
V_b6bb5d0f,U_0598,2026-03-29,3482.7021475021693,True,G_08ef9a,False
V_ed608809,U_0321,2026-03-29,5784.529039977399,True,G_08ef9a,False
V_27012b94,U_0495,2026-03-29,3260.971527768148,True,G_260461,True
V_16b37717,U_0941,2026-03-29,4164.875164429205,True,G_260461,False
V_118e8431,U_0817,2026-03-29,4765.16388002525,True,G_260461,False
V_1f24eb1a,U_0095,2026-03-29,4913.381084731651,True,G_260461,False
V_f315fcc5,U_0846,2026-03-29,6236.974319488144,True,G_260461,False
V_8dd2cf5b,U_0516,2026-03-29,3164.7528721245367,True,G_6e8ec2,True
V_5eaa4ad4,U_0993,2026-03-29,5951.929589661178,True,G_6e8ec2,False
V_b84d34e7,U_0074,2026-03-29,1762.0116916427332,True,G_6e8ec2,False
V_53ea40df,U_0727,2026-03-29,10341.909832524514,True,G_6e8ec2,False
V_15b6fcd4,U_0211,2026-03-29,4600.098142604164,True,G_6e8ec2,False
V_1358406017,U_0545,2026-03-29,4817.048361467133,False,,False
V_300d19c0,U_0557,2026-03-29,1692.6197902145702,True,G_e0f838,True
V_ff49fbbf,U_0685,2026-03-29,3009.0779621265733,True,G_e0f838,False
V_71b48004,U_0586,2026-03-29,2567.613436568629,True,G_e0f838,False
V_337a44c6,U_0129,2026-03-29,1681.5162217252976,True,G_e0f838,False
V_732726035,U_0561,2026-03-29,4171.198393844985,False,,False
V_1422184521,U_0632,2026-03-29,10538.626666907512,False,,False
V_3822476692,U_0636,2026-03-29,6604.319001343172,False,,False
V_189629406,U_0700,2026-03-29,4424.769601145922,False,,False
V_1722931578,U_0707,2026-03-29,2075.234351760671,False,,False
V_3552928125,U_0708,2026-03-29,4800.773354118189,False,,False
V_1cd3074e,U_0740,2026-03-29,3887.8745998949776,True,G_b1200e,True
V_ccebe382,U_0782,2026-03-29,4964.157275760887,True,G_b1200e,False
V_d219ffdc,U_0130,2026-03-29,10851.604609260785,True,G_b1200e,False
V_b60be5d2,U_0092,2026-03-29,3049.1079563077706,True,G_b1200e,False
V_4ffadc8d,U_0753,2026-03-29,6412.867642564908,True,G_cd20da,True
V_64d08330,U_0811,2026-03-29,5907.9209103013345,True,G_cd20da,False
V_a02e3d4f,U_0117,2026-03-29,5243.431904555965,True,G_cd20da,False
V_195742437,U_0777,2026-03-29,3177.120793271594,False,,False
V_4e32bc25,U_0798,2026-03-29,5084.534926793108,True,G_055ef4,True
V_cb3e3d65,U_0503,2026-03-29,8742.629680295671,True,G_055ef4,False
V_6a53ad14,U_0614,2026-03-29,10340.187326674923,True,G_055ef4,False
V_ca300168,U_0415,2026-03-29,7549.179825031684,True,G_055ef4,False
V_66b1555c,U_0323,2026-03-29,8786.715940816995,True,G_055ef4,False
V_8f6d1e81,U_0814,2026-03-29,3398.6597208201906,True,G_4c42f1,True
V_4e3d389e,U_0681,2026-03-29,12341.48547050866,True,G_4c42f1,False
V_77e833cf,U_0583,2026-03-29,3050.827298636606,True,G_4c42f1,False
V_6f756a75,U_0679,2026-03-29,2366.825922640219,True,G_4c42f1,False
V_e61d536e,U_0976,2026-03-29,2277.908571957413,True,G_4c42f1,False
V_88d174ee,U_0350,2026-03-29,2890.8081762541287,True,G_4c42f1,False
V_2711211711,U_0870,2026-03-29,4870.396002882015,False,,False
V_8b0f9361,U_0909,2026-03-29,2020.3458735642428,True,G_638563,True
V_da0931fc,U_0910,2026-03-29,5910.92745995024,True,G_638563,False
V_25435bb1,U_0992,2026-03-29,3804.661998992193,True,G_638563,False
V_2193065073,U_0915,2026-03-29,3620.08885116814,False,,False
V_3133067210,U_0968,2026-03-29,2498.8802733978505,False,,False
V_ca07419a,U_0991,2026-03-29,1947.6239537607942,True,G_f29828,True
V_da14240f,U_0103,2026-03-29,3727.8060902930947,True,G_f29828,False
V_77717eea,U_0295,2026-03-29,3782.9299940102537,True,G_f29828,False
V_48015202,U_0864,2026-03-29,3795.168917107636,True,G_f29828,False
V_1b9e2487,U_0580,2026-03-29,4941.751376563342,True,G_f29828,False
V_0647ed6f,U_0112,2026-03-29,7169.613589936197,True,G_f29828,False
V_2654238550,U_0000,2026-03-30,3928.943286181951,False,,False
V_2650718870,U_0036,2026-03-30,3574.8431587921027,False,,False
V_2941508993,U_0050,2026-03-30,12938.033764073303,False,,False
V_04411562,U_0055,2026-03-30,9716.435930006746,True,G_3c1e37,True
V_7b9e90ae,U_0654,2026-03-30,3452.2110980577318,True,G_3c1e37,False
V_5479fcc2,U_0066,2026-03-30,5864.917543246935,True,G_e9cbfb,True
V_beb8c279,U_0420,2026-03-30,2245.171664614387,True,G_e9cbfb,False
V_9b82d06b,U_0077,2026-03-30,5918.789569699989,True,G_e9cbfb,False
V_7b23badc,U_0073,2026-03-30,6612.698409027198,True,G_e9cbfb,False
V_4ac9a458,U_0732,2026-03-30,6603.401786168862,True,G_e9cbfb,False
V_e151be67,U_0172,2026-03-30,3920.700323677442,True,G_e9cbfb,False
V_ddaeff3c,U_0072,2026-03-30,1998.6235033579767,True,G_2f548c,True
V_740e7334,U_0751,2026-03-30,2750.6867475223335,True,G_2f548c,False
V_eb383a27,U_0883,2026-03-30,3598.5819379660825,True,G_2f548c,False
V_895067e7,U_0914,2026-03-30,3589.736840244785,True,G_2f548c,False
V_747a6376,U_0603,2026-03-30,2298.3994849168503,True,G_2f548c,False
V_98b5dbff,U_0479,2026-03-30,2253.8771829169764,True,G_2f548c,False
V_fb0ec9d3,U_0088,2026-03-30,13838.830278551426,True,G_1d38a5,True
V_a4b13eeb,U_0955,2026-03-30,9662.43496321522,True,G_1d38a5,False
V_29c58256,U_0126,2026-03-30,2068.079974415499,True,G_b4f2f6,True
V_38a00509,U_0047,2026-03-30,2621.7789306012323,True,G_b4f2f6,False
V_16828a69,U_0134,2026-03-30,3295.456793727437,True,G_b4f2f6,False
V_abe77f10,U_0135,2026-03-30,3471.5384164292755,True,G_466766,True
V_64ec0f86,U_0137,2026-03-30,6400.1598513618255,True,G_466766,False
V_f726c122,U_0174,2026-03-30,4293.3008744407725,True,G_33ccea,True
V_0b45d7b2,U_0920,2026-03-30,2850.0335319160276,True,G_33ccea,False
V_96f02096,U_0183,2026-03-30,9393.260184990635,True,G_967f3d,True
V_81eb87f6,U_0055,2026-03-30,9599.382188952295,True,G_967f3d,False
V_1f0dfb2d,U_0882,2026-03-30,3545.8262833579324,True,G_967f3d,False
V_620c6df9,U_0345,2026-03-30,9478.92424190801,True,G_967f3d,False
V_3200d881,U_0445,2026-03-30,11301.281009308459,True,G_967f3d,False
V_587282720,U_0206,2026-03-30,7430.481313691491,False,,False
V_779dac9c,U_0268,2026-03-30,5794.774547425498,True,G_3159d5,True
V_514e386a,U_0016,2026-03-30,4685.375090867795,True,G_3159d5,False
V_47fd3abd,U_0141,2026-03-30,3924.9417228494676,True,G_3159d5,False
V_d4c66183,U_0413,2026-03-30,5864.264972340464,True,G_3159d5,False
V_f12eb679,U_0314,2026-03-30,4891.214885356832,True,G_3159d5,False
V_69c50114,U_0532,2026-03-30,8016.186590124305,True,G_3159d5,False
V_8d71bfe4,U_0275,2026-03-30,3248.0092851038794,True,G_07cbc8,True
V_2af2946d,U_0141,2026-03-30,4255.785910925355,True,G_07cbc8,False
V_fe847dfd,U_0474,2026-03-30,2972.8678701074064,True,G_07cbc8,False
V_af273866,U_0592,2026-03-30,2075.0004914148312,True,G_07cbc8,False
V_2501143161,U_0277,2026-03-30,6348.905461407581,False,,False
V_2815c600,U_0338,2026-03-30,12792.664739740145,True,G_12b6b2,True
V_dfd54cea,U_0782,2026-03-30,5294.54580810974,True,G_12b6b2,False
V_393600904,U_0382,2026-03-30,2342.8910460138263,False,,False
V_c818d74e,U_0409,2026-03-30,2981.6680032132026,True,G_95223e,True
V_5045675f,U_0096,2026-03-30,2629.211769658379,True,G_95223e,False
V_cc579706,U_0468,2026-03-30,1712.8309984753143,True,G_5ea1e5,True
V_42ce8bfa,U_0133,2026-03-30,3894.967483011352,True,G_5ea1e5,False
V_e95dada7,U_0233,2026-03-30,3560.2480146913513,True,G_5ea1e5,False
V_e30e539e,U_0478,2026-03-30,3515.234582968394,True,G_5ea1e5,False
V_4572c72a,U_0261,2026-03-30,3284.8492099089626,True,G_5ea1e5,False
V_7f5eb34b,U_0353,2026-03-30,2778.9609225981867,True,G_5ea1e5,False
V_515430476,U_0494,2026-03-30,4140.3971569001105,False,,False
V_301997051,U_0501,2026-03-30,4058.732908397312,False,,False
V_473575552,U_0512,2026-03-30,2424.2352329857667,False,,False
V_2972758127,U_0534,2026-03-30,4332.155793946095,False,,False
V_9e48ae5e,U_0546,2026-03-30,2466.8009466793433,True,G_8813f8,True
V_7de82faa,U_0379,2026-03-30,3206.864480594,True,G_8813f8,False
V_d1f682e4,U_0582,2026-03-30,5160.023682409206,True,G_b8cf53,True
V_f6f48152,U_0514,2026-03-30,2857.7275975630387,True,G_b8cf53,False
V_e426d735,U_0736,2026-03-30,4493.599332728721,True,G_b8cf53,False
V_451232676,U_0618,2026-03-30,3411.849096018458,False,,False
V_740000366,U_0632,2026-03-30,2429.0650639889095,False,,False
V_8eb662fc,U_0727,2026-03-30,9440.48813430162,True,G_d8c4e4,True
V_9ce7ee0f,U_0241,2026-03-30,2357.4567757023706,True,G_d8c4e4,False
V_feadef57,U_0744,2026-03-30,2080.3049758944926,True,G_e5051b,True
V_452f0c47,U_0296,2026-03-30,3300.8396611947696,True,G_e5051b,False
V_643836c0,U_0398,2026-03-30,3100.173697723851,True,G_e5051b,False
V_9a4a9a9e,U_0737,2026-03-30,6502.771943429769,True,G_e5051b,False
V_d892fc4b,U_0782,2026-03-30,4736.419819401138,True,G_73dfd8,True
V_c2826028,U_0378,2026-03-30,4552.098563442567,True,G_73dfd8,False
V_a12aa882,U_0945,2026-03-30,5089.1396321116545,True,G_73dfd8,False
V_c668c1b9,U_0576,2026-03-30,7806.416919537397,True,G_73dfd8,False
V_96dd6fb3,U_0799,2026-03-30,3609.641111670012,True,G_a477fb,True
V_cddeccf5,U_0582,2026-03-30,6581.677487775757,True,G_a477fb,False
V_3510e4de,U_0405,2026-03-30,3443.728893630613,True,G_a477fb,False
V_19fbcb83,U_0056,2026-03-30,3373.1204221198423,True,G_a477fb,False
V_c32d3387,U_0740,2026-03-30,4054.216695887857,True,G_a477fb,False
V_69ed6f50,U_0412,2026-03-30,3485.7866923706138,True,G_a477fb,False
V_2301861133,U_0816,2026-03-30,7341.559118469369,False,,False
V_8b00c1ce,U_0826,2026-03-30,8209.992378501665,True,G_0630a4,True
V_ef46d3b7,U_0125,2026-03-30,5800.922281035817,True,G_0630a4,False
V_62722260,U_0681,2026-03-30,12723.17951492119,True,G_0630a4,False
V_1d465b20,U_0994,2026-03-30,5563.446447952555,True,G_0630a4,False
V_926586991,U_0834,2026-03-30,4138.52739242651,False,,False
V_224956984,U_0864,2026-03-30,3503.430289677474,False,,False
V_3660440989,U_0872,2026-03-30,6892.142283226968,False,,False
V_7da1fb33,U_0897,2026-03-30,9539.821369693964,True,G_32bf0c,True
V_8c1d0943,U_0735,2026-03-30,5394.364809809753,True,G_32bf0c,False
V_9c478eaf,U_0955,2026-03-30,10370.09493044105,True,G_32bf0c,False
V_879724867,U_0902,2026-03-30,10294.064778584256,False,,False
V_96e5478a,U_0913,2026-03-30,9975.004978208615,True,G_5517a0,True
V_ebf2cb28,U_0457,2026-03-30,7689.044301401499,True,G_5517a0,False
V_3204378671,U_0917,2026-03-30,6777.502801657481,False,,False
V_337551385,U_0924,2026-03-30,2517.4410423286263,False,,False
V_880cb9ba,U_0937,2026-03-30,8975.034634207756,True,G_1cba36,True
V_86208d95,U_0767,2026-03-30,10425.662720772127,True,G_1cba36,False
V_3146580821,U_0942,2026-03-30,2645.437120003257,False,,False
V_a4ddb888,U_0001,2026-03-30,6600.751986973661,True,G_18413a,True
V_2e30e95f,U_0130,2026-03-30,11504.05106445164,True,G_18413a,False
V_d5f0e6d2,U_0866,2026-03-30,12406.463434636431,True,G_18413a,False
V_361710cc,U_0017,2026-03-30,2672.0325758286526,True,G_700164,True
V_d46fa0a9,U_0527,2026-03-30,2167.776782836951,True,G_700164,False
V_2076f12e,U_0765,2026-03-30,2203.6512605749463,True,G_700164,False
V_1556984554,U_0028,2026-03-30,3371.871130300485,False,,False
V_2271664177,U_0036,2026-03-30,8285.016916764858,False,,False
V_cc18e658,U_0042,2026-03-30,4459.451833990435,True,G_54619c,True
V_8060f398,U_0773,2026-03-30,4952.711345793917,True,G_54619c,False
V_88d992cf,U_0522,2026-03-30,5635.018037069731,True,G_54619c,False
V_a33f9002,U_0247,2026-03-30,4082.405574687363,True,G_54619c,False
V_3112964114,U_0148,2026-03-30,4272.264911689682,False,,False
V_2797087472,U_0154,2026-03-30,8034.273228165668,False,,False
V_3915435289,U_0164,2026-03-30,3886.979012597048,False,,False
V_333017881,U_0211,2026-03-30,13427.7249312648,False,,False
V_a4cefa64,U_0299,2026-03-30,6080.914831906577,True,G_4f5f6c,True
V_d79cf8bd,U_0379,2026-03-30,2783.373470621898,True,G_4f5f6c,False
V_dfa774ce,U_0410,2026-03-30,2252.3840532135923,True,G_4f5f6c,False
V_5526129f,U_0465,2026-03-30,4416.537860015722,True,G_4f5f6c,False
V_0e45a33e,U_0092,2026-03-30,2666.656830575692,True,G_4f5f6c,False
V_1409b056,U_0129,2026-03-30,2165.1358132134196,True,G_4f5f6c,False
V_1356816225,U_0302,2026-03-30,5605.661291121009,False,,False
V_1220031080,U_0336,2026-03-30,5821.267980210965,False,,False
V_450624829,U_0367,2026-03-30,3349.3970907542393,False,,False
V_3912424688,U_0400,2026-03-30,7330.769172449994,False,,False
V_3949295240,U_0406,2026-03-30,3589.528542815603,False,,False
V_9126b3df,U_0409,2026-03-30,2343.5565212932274,True,G_5eb7fa,True
V_332c9776,U_0214,2026-03-30,3942.9137291812167,True,G_5eb7fa,False
V_d5bd1701,U_0648,2026-03-30,2709.865097819689,True,G_5eb7fa,False
V_2b5257bf,U_0998,2026-03-30,2518.089058509431,True,G_5eb7fa,False
V_7003d11d,U_0523,2026-03-30,4431.970663963266,True,G_5eb7fa,False
V_a66c1208,U_0383,2026-03-30,3096.0381006098,True,G_5eb7fa,False
V_1acb46c3,U_0426,2026-03-30,3172.926737171482,True,G_de370a,True
V_d37aa819,U_0494,2026-03-30,3300.466584594267,True,G_de370a,False
V_57c529d2,U_0111,2026-03-30,5590.101824314601,True,G_de370a,False
V_40ab352b,U_0523,2026-03-30,3524.287021971914,True,G_de370a,False
V_67591048,U_0290,2026-03-30,3927.9723660612417,True,G_de370a,False
V_0c225def,U_0504,2026-03-30,2868.159022050178,True,G_de370a,False
V_b4c929c4,U_0427,2026-03-30,2522.1027031236827,True,G_3977af,True
V_a84ea720,U_0485,2026-03-30,3100.082944087269,True,G_3977af,False
V_af11f32b,U_0374,2026-03-30,3051.3543663060473,True,G_3977af,False
V_83348b52,U_0508,2026-03-30,5784.298055345023,True,G_1e51cd,True
V_bce9bf86,U_0211,2026-03-30,4318.490023752083,True,G_1e51cd,False
V_b40faa21,U_0057,2026-03-30,2195.15829343903,True,G_1e51cd,False
V_57661847,U_0833,2026-03-30,2962.378498665214,True,G_1e51cd,False
V_4c237456,U_0882,2026-03-30,3560.784580304525,True,G_1e51cd,False
V_b1c7242c,U_0553,2026-03-30,3534.020437641396,True,G_1e51cd,False
V_335053452,U_0515,2026-03-30,8158.711176461984,False,,False
V_3355544681,U_0560,2026-03-30,9685.473423261754,False,,False
V_2388129265,U_0576,2026-03-30,3046.700953783843,False,,False
V_2082211740,U_0586,2026-03-30,4227.9483563642425,False,,False
V_2066716620,U_0588,2026-03-30,4202.533377619034,False,,False
V_3a48f031,U_0651,2026-03-30,3275.1086553462455,True,G_925c05,True
V_6d5a29c5,U_0038,2026-03-30,2157.688980559306,True,G_925c05,False
V_aed94d1e,U_0361,2026-03-30,3943.836482558758,True,G_925c05,False
V_c37a9b3e,U_0080,2026-03-30,5473.334187566502,True,G_925c05,False
V_2318300857,U_0705,2026-03-30,3844.8426981871316,False,,False
V_cb129b57,U_0741,2026-03-30,4092.3950456762095,True,G_7071e7,True
V_0da58f40,U_0791,2026-03-30,3257.3997745816873,True,G_7071e7,False
V_3280927467,U_0767,2026-03-30,3476.8312001860722,False,,False
V_1941240982,U_0779,2026-03-30,2691.0605413188696,False,,False
V_1731093622,U_0782,2026-03-30,13034.850278963237,False,,False
V_2da28cb0,U_0826,2026-03-30,8197.802655726626,True,G_5ae769,True
V_a9effac7,U_0736,2026-03-30,4275.094568325434,True,G_5ae769,False
V_100818482,U_0850,2026-03-30,4280.633330576886,False,,False
V_11d21964,U_0919,2026-03-30,2520.8454644753815,True,G_151cd5,True
V_f0b5c79c,U_0403,2026-03-30,4086.9449693094084,True,G_151cd5,False
V_69d771e8,U_0908,2026-03-30,4527.195723718299,True,G_151cd5,False
V_2ebebdb2,U_0231,2026-03-30,5562.91769093815,True,G_151cd5,False
V_1777831048,U_0931,2026-03-30,6178.969197942017,False,,False
V_c878a510,U_0958,2026-03-30,4397.622000746017,True,G_c2dcda,True
V_31f5999d,U_0724,2026-03-30,2839.432177385565,True,G_c2dcda,False
V_ee36ce62,U_0108,2026-03-30,3460.0166793417607,True,G_c2dcda,False
V_1381258277,U_0959,2026-03-30,6035.751407952581,False,,False
V_1551fcc8,U_0016,2026-03-31,3652.516608774675,True,G_f10143,True
V_29a252d7,U_0650,2026-03-31,2870.329721631292,True,G_f10143,False
V_3149120342,U_0033,2026-03-31,3743.7255136312924,False,,False
V_962201540,U_0070,2026-03-31,6200.4038925018895,False,,False
V_958786236,U_0080,2026-03-31,5634.197352898735,False,,False
V_638c0f60,U_0160,2026-03-31,12131.30731330131,True,G_a355b3,True
V_6b2437dd,U_0062,2026-03-31,4839.503858062556,True,G_a355b3,False
V_6fec3efb,U_0982,2026-03-31,7356.358211203706,True,G_a355b3,False
V_baff52e7,U_0969,2026-03-31,12548.382681495803,True,G_a355b3,False
V_5ae81530,U_0166,2026-03-31,5965.511580243493,True,G_90cf46,True
V_c7a94567,U_0511,2026-03-31,5165.225853341288,True,G_90cf46,False
V_2724033741,U_0206,2026-03-31,6589.792126630359,False,,False
V_3457623447,U_0238,2026-03-31,7808.638361461822,False,,False
V_c4cfc48b,U_0269,2026-03-31,6387.789016138623,True,G_4a9731,True
V_239764ac,U_0231,2026-03-31,5286.43309254332,True,G_4a9731,False
V_bf453a7f,U_0378,2026-03-31,4212.632189294595,True,G_4a9731,False
V_03306a27,U_0757,2026-03-31,4313.943384193216,True,G_4a9731,False
V_47306ca5,U_0786,2026-03-31,3851.0653113279736,True,G_4a9731,False
V_1893174215,U_0276,2026-03-31,6120.193503917075,False,,False
V_1370137385,U_0348,2026-03-31,3437.266900445487,False,,False
V_a1107070,U_0427,2026-03-31,3243.3589790363367,True,G_242c9f,True
V_613f4359,U_0145,2026-03-31,4086.7246996815884,True,G_242c9f,False
V_852cab25,U_0428,2026-03-31,2996.5309187944845,True,G_242c9f,False
V_2b529b61,U_0759,2026-03-31,2736.5413547734915,True,G_242c9f,False
V_7b62cf87,U_0181,2026-03-31,10389.99202148381,True,G_242c9f,False
V_f81300d4,U_0081,2026-03-31,2615.3085097046837,True,G_242c9f,False
V_431cf3b9,U_0520,2026-03-31,2083.507645419059,True,G_c921f3,True
V_e48098ee,U_0652,2026-03-31,5288.841349368321,True,G_c921f3,False
V_e1759738,U_0930,2026-03-31,3881.3768861835815,True,G_c921f3,False
V_aca83bd1,U_0471,2026-03-31,3923.905610222256,True,G_c921f3,False
V_9d236323,U_0763,2026-03-31,2836.6191973638033,True,G_c921f3,False
V_40b0d6fc,U_0852,2026-03-31,10580.194688404703,True,G_c921f3,False
V_3bb410ac,U_0565,2026-03-31,9031.296319153962,True,G_f057c1,True
V_c93be43c,U_0654,2026-03-31,3092.472876295659,True,G_f057c1,False
V_23deaa4e,U_0682,2026-03-31,9301.206124935256,True,G_f057c1,False
V_db3f7f79,U_0515,2026-03-31,2616.8152855668714,True,G_f057c1,False
V_3891283303,U_0580,2026-03-31,6109.981270734287,False,,False
V_8ba37580,U_0652,2026-03-31,5499.405561971602,True,G_dc4e70,True
V_7109b424,U_0912,2026-03-31,4547.4380927983375,True,G_dc4e70,False
V_ce7cf092,U_0195,2026-03-31,5743.103798342791,True,G_dc4e70,False
V_5ac07ce3,U_0866,2026-03-31,13113.391996226508,True,G_dc4e70,False
V_1743886676,U_0668,2026-03-31,5978.516137235063,False,,False
V_52778748,U_0690,2026-03-31,3524.8392232924716,True,G_59ca71,True
V_d927632f,U_0457,2026-03-31,7828.602386118845,True,G_59ca71,False
V_c21d3204,U_0832,2026-03-31,3147.397002463979,True,G_783290,True
V_253f5b71,U_0776,2026-03-31,2897.2674701527794,True,G_783290,False
V_cc6a0b01,U_0131,2026-03-31,6259.301555385833,True,G_783290,False
V_a2ed524e,U_0469,2026-03-31,3708.999497277476,True,G_783290,False
V_455813e3,U_0945,2026-03-31,5486.124427192094,True,G_783290,False
V_2ef1d88b,U_0985,2026-03-31,2724.115743441409,True,G_783290,False
V_1383903237,U_0942,2026-03-31,3821.7059714132515,False,,False
V_80412238,U_0965,2026-03-31,6008.995312772631,False,,False
V_915656738,U_0982,2026-03-31,6591.347452905411,False,,False
V_2118405530,U_0020,2026-03-31,5640.116319240122,False,,False
V_2205785401,U_0031,2026-03-31,3501.608345356058,False,,False
V_810f1b85,U_0039,2026-03-31,2214.978951929834,True,G_0fa924,True
V_4e3edb23,U_0826,2026-03-31,6484.327869635374,True,G_0fa924,False
V_b0115e2e,U_0553,2026-03-31,3145.2214334476853,True,G_0fa924,False
V_4b792224,U_0972,2026-03-31,5718.6527526905775,True,G_0fa924,False
V_d96f022c,U_0838,2026-03-31,4109.69555107553,True,G_0fa924,False
V_9e33d50b,U_0062,2026-03-31,3828.0206021630074,True,G_d714ac,True
V_0244488e,U_0632,2026-03-31,2482.8970792692144,True,G_d714ac,False
V_5fc95f83,U_0567,2026-03-31,9307.486919482879,True,G_d714ac,False
V_bf22aaaf,U_0484,2026-03-31,11888.442804661601,True,G_d714ac,False
V_bf85e500,U_0428,2026-03-31,2398.813500620321,True,G_d714ac,False
V_309799847,U_0071,2026-03-31,6218.610868147925,False,,False
V_318b9f0b,U_0092,2026-03-31,3606.361315571937,True,G_18263e,True
V_85760468,U_0075,2026-03-31,12744.98307037978,True,G_18263e,False
V_5b7a7d52,U_0917,2026-03-31,7947.4637377068175,True,G_18263e,False
V_202904bc,U_0826,2026-03-31,7410.91236060592,True,G_18263e,False
V_4aeea0ef,U_0324,2026-03-31,6781.660644372618,True,G_18263e,False
V_47c55e86,U_0802,2026-03-31,7861.101815238358,True,G_18263e,False
V_31200111,U_0111,2026-03-31,5511.2991316373755,False,,False
V_7d862cce,U_0154,2026-03-31,7040.421502511839,True,G_f16d54,True
V_5e20049f,U_0062,2026-03-31,4715.468790067786,True,G_f16d54,False
V_4e34a49c,U_0075,2026-03-31,12581.264054336687,True,G_f16d54,False
V_2948049928,U_0159,2026-03-31,2292.5880518754357,False,,False
V_1966434378,U_0186,2026-03-31,3857.9191037136607,False,,False
V_2714946096,U_0187,2026-03-31,4140.26416491852,False,,False
V_4153458428,U_0208,2026-03-31,9658.898843669687,False,,False
V_3919086794,U_0279,2026-03-31,1856.1403575820243,False,,False
V_4131422082,U_0285,2026-03-31,2368.0233658887773,False,,False
V_1906714221,U_0372,2026-03-31,4056.3049650703465,False,,False
V_3024637299,U_0417,2026-03-31,6949.106241925831,False,,False
V_fe220d42,U_0419,2026-03-31,2860.0045586894316,True,G_75f5e6,True
V_4fbd162b,U_0118,2026-03-31,3244.9387026049453,True,G_75f5e6,False
V_1d370670,U_0818,2026-03-31,3554.715151950808,True,G_75f5e6,False
V_fa24c4f9,U_0432,2026-03-31,3727.6501795787995,True,G_75f5e6,False
V_c3ffd77d,U_0187,2026-03-31,2129.12187872902,True,G_75f5e6,False
V_de15959d,U_0449,2026-03-31,4746.345194318865,True,G_a5c385,True
V_b26f0d63,U_0006,2026-03-31,6572.4098015973395,True,G_a5c385,False
V_977288bb,U_0904,2026-03-31,5825.026349274419,True,G_a5c385,False
V_55fd8c62,U_0977,2026-03-31,9013.364403835294,True,G_a5c385,False
V_3733417866,U_0508,2026-03-31,11765.256462112702,False,,False
V_1712082535,U_0514,2026-03-31,7179.87854294505,False,,False
V_2908933965,U_0523,2026-03-31,3363.922372621217,False,,False
V_1225763176,U_0540,2026-03-31,10275.997587339087,False,,False
V_867958156,U_0553,2026-03-31,10006.21366188725,False,,False
V_3567707907,U_0563,2026-03-31,6274.888043212486,False,,False
V_3062059049,U_0569,2026-03-31,4018.269203651495,False,,False
V_1226447011,U_0571,2026-03-31,2822.57811259719,False,,False
V_2109645997,U_0573,2026-03-31,3270.0259969879558,False,,False
V_1828232092,U_0574,2026-03-31,3489.4492708899134,False,,False
V_8622b8ec,U_0579,2026-03-31,2134.881059611684,True,G_a2a3b3,True
V_505f7fd3,U_0586,2026-03-31,2100.6985053065764,True,G_a2a3b3,False
V_a9f76961,U_0625,2026-03-31,4750.030799586541,True,G_a2a3b3,False
V_cebc2f34,U_0886,2026-03-31,1965.7926685084808,True,G_a2a3b3,False
V_3d23970b,U_0823,2026-03-31,3379.263760727164,True,G_a2a3b3,False
V_8f1a3d61,U_0673,2026-03-31,2938.3106229795108,True,G_9b976f,True
V_46adcd8c,U_0736,2026-03-31,3341.8474266307717,True,G_9b976f,False
V_4cc054c3,U_0852,2026-03-31,9909.013921046684,True,G_9b976f,False
V_b1468cc6,U_0869,2026-03-31,3219.63008333287,True,G_9b976f,False
V_11e2a7a4,U_0714,2026-03-31,5017.729793830214,True,G_931393,True
V_94fed410,U_0004,2026-03-31,3912.2744343881777,True,G_931393,False
V_3b4120f1,U_0891,2026-03-31,4283.2231409258075,True,G_931393,False
V_9c313d8b,U_0364,2026-03-31,3366.3952616387214,True,G_931393,False
V_7ab4bede,U_0086,2026-03-31,3192.0786800007013,True,G_931393,False
V_880567825,U_0749,2026-03-31,2968.3787648430366,False,,False
V_80837956,U_0840,2026-03-31,8950.646472360315,False,,False
V_6d6b85d3,U_0842,2026-03-31,3717.2383544322815,True,G_dfeeda,True
V_16ba62ed,U_0519,2026-03-31,2164.0368161215115,True,G_dfeeda,False
V_72e7bd4f,U_0846,2026-03-31,5349.080540043481,True,G_dd4b8e,True
V_b99d4ec1,U_0210,2026-03-31,3288.74809698989,True,G_dd4b8e,False
V_86286c46,U_0421,2026-03-31,6317.451625986119,True,G_dd4b8e,False
V_278b8835,U_0849,2026-03-31,2197.2066760570337,True,G_dd4b8e,False
V_702d5c8a,U_0869,2026-03-31,2696.9180684217763,True,G_caf11c,True
V_56fd0cb9,U_0052,2026-03-31,2762.808015098694,True,G_caf11c,False
V_a18059cd,U_0338,2026-03-31,11336.42043355932,True,G_caf11c,False
V_43ad8860,U_0024,2026-03-31,10513.584746686076,True,G_caf11c,False
V_6509a0d1,U_0754,2026-03-31,3482.68829531117,True,G_caf11c,False
V_545820400,U_0879,2026-03-31,11994.944780598542,False,,False
V_1665510843,U_0923,2026-03-31,3043.5315462340654,False,,False
