url,0
https://www.zenga.hu/ingatlan/elado-teglalakas-budapest-xiii-kerulet-ujlipotvaros/8666812?page=1&pos=1&cr=601,
https://www.zenga.hu/ingatlan/elado-csusztatott-zsalus-lakas-budapest-x-kerulet-ohegy/8555291?page=1&pos=2&cr=600,
https://www.zenga.hu/ingatlan/elado-teglalakas-budapest-x-kerulet/8571798?page=1&pos=3&cr=600,
https://www.zenga.hu/ingatlan/elado-tarsashazi-lakas-budapest-vi-kerulet-nagykoruton-beluli-terulet/7899058?page=1&pos=4&cr=600,
https://www.zenga.hu/ingatlan/elado-teglalakas-budapest-viii-kerulet/8639628?page=1&pos=5&cr=600,
https://www.zenga.hu/ingatlan/elado-teglalakas-budapest-xiii-kerulet-vizafogo/8608201?page=1&pos=6&cr=600,
https://www.zenga.hu/ingatlan/elado-teglalakas-budapest-viii-kerulet-corvin-negyed/8531175?page=1&pos=7&cr=600,
https://www.zenga.hu/ingatlan/elado-panellakas-budapest-xix-kerulet-felso-kispest/8661974?page=1&pos=8&cr=595,
https://www.zenga.hu/ingatlan/elado-teglalakas-budapest-vii-kerulet-ligetvaros/8655552?page=1&pos=9&cr=575,
https://www.zenga.hu/ingatlan/elado-teglalakas-budapest-xiv-kerulet-alsorakos/8654229?page=1&pos=10&cr=550,
https://www.zenga.hu/ingatlan/elado-egyeb-lakas-budapest-viii-kerulet/8635766?page=1&pos=11&cr=519,
https://www.zenga.hu/ingatlan/elado-teglalakas-budapest-xix-kerulet-wekerletelep/8626302?page=1&pos=12&cr=500,
https://www.zenga.hu/ingatlan/elado-teglalakas-budapest-iii-kerulet/8654188?page=1&pos=13&cr=500,
https://www.zenga.hu/ingatlan/elado-teglalakas-budapest-iii-kerulet/8655619?page=1&pos=14&cr=500,
https://www.zenga.hu/ingatlan/elado-teglalakas-budapest-viii-kerulet/8196668?page=1&pos=15&cr=500,
https://www.zenga.hu/ingatlan/elado-teglalakas-budapest-xix-kerulet/8606996?page=1&pos=16&cr=500,
https://www.zenga.hu/ingatlan/elado-teglalakas-budapest-xi-kerulet/8398708?page=1&pos=17&cr=451,
https://www.zenga.hu/ingatlan/elado-teglalakas-budapest-xiii-kerulet-ujlipotvaros/8414292?page=1&pos=18&cr=401,
https://www.zenga.hu/ingatlan/elado-teglalakas-budapest-ix-kerulet/8447529?page=1&pos=19&cr=401,
https://www.zenga.hu/ingatlan/elado-teglalakas-budapest-ix-kerulet/8447550?page=1&pos=20&cr=401,
https://www.zenga.hu/ingatlan/elado-teglalakas-budapest-ix-kerulet/8447536?page=2&pos=1&cr=401,
https://www.zenga.hu/ingatlan/elado-teglalakas-budapest-ii-kerulet-budaliget/8442508?page=2&pos=2&cr=400,
https://www.zenga.hu/ingatlan/elado-teglalakas-budapest-xvi-kerulet-cinkota/8263303?page=2&pos=3&cr=400,
https://www.zenga.hu/ingatlan/elado-teglalakas-budapest-ix-kerulet-belso-ferencvaros/8431808?page=2&pos=4&cr=400,
https://www.zenga.hu/ingatlan/elado-teglalakas-budapest-ix-kerulet-belso-ferencvaros/8430367?page=2&pos=5&cr=400,
https://www.zenga.hu/ingatlan/elado-teglalakas-budapest-xiii-kerulet-angyalfold/8563675?page=2&pos=6&cr=400,
https://www.zenga.hu/ingatlan/elado-teglalakas-budapest-x-kerulet-laposdulo/8635968?page=2&pos=7&cr=395,
https://www.zenga.hu/ingatlan/elado-tarsashazi-lakas-budapest-xiii-kerulet-vizafogo/8553458?page=2&pos=8&cr=375,
https://www.zenga.hu/ingatlan/elado-teglalakas-budapest-vii-kerulet/8587195?page=2&pos=9&cr=360,
https://www.zenga.hu/ingatlan/elado-tarsashazi-lakas-budapest-xiv-kerulet-torokor/8660145?page=2&pos=10&cr=350,
https://www.zenga.hu/ingatlan/elado-teglalakas-budapest-xxii-kerulet-baross-gabor-telep/8338676?page=2&pos=11&cr=350,
https://www.zenga.hu/ingatlan/elado-teglalakas-budapest-viii-kerulet/8523223?page=2&pos=12&cr=350,
https://www.zenga.hu/ingatlan/elado-teglalakas-budapest-xii-kerulet-svabhegy/8637823?page=2&pos=13&cr=350,
https://www.zenga.hu/ingatlan/elado-panellakas-budapest-xxi-kerulet-szabotelep/8635901?page=2&pos=14&cr=350,
https://www.zenga.hu/ingatlan/elado-teglalakas-debrecen/8449160?page=2&pos=15&cr=350,
https://www.zenga.hu/ingatlan/elado-teglalakas-budapest-vi-kerulet/8652739?page=2&pos=16&cr=348,
https://www.zenga.hu/ingatlan/elado-teglalakas-budapest-vi-kerulet/8651438?page=2&pos=17&cr=348,
https://www.zenga.hu/ingatlan/elado-teglalakas-budapest-vi-kerulet/8655239?page=2&pos=18&cr=348,
https://www.zenga.hu/ingatlan/elado-teglalakas-budapest-vi-kerulet/8662293?page=2&pos=19&cr=348,
https://www.zenga.hu/ingatlan/elado-teglalakas-budapest-vi-kerulet/8659804?page=2&pos=20&cr=348,
https://www.zenga.hu/ingatlan/elado-teglalakas-budapest-vi-kerulet/8654382?page=3&pos=1&cr=348,
https://www.zenga.hu/ingatlan/elado-teglalakas-budapest-vi-kerulet/8659972?page=3&pos=2&cr=348,
https://www.zenga.hu/ingatlan/elado-teglalakas-budapest-vi-kerulet/8652906?page=3&pos=3&cr=348,
https://www.zenga.hu/ingatlan/elado-teglalakas-budapest-xvi-kerulet-sashalom/8663528?page=3&pos=4&cr=325,
https://www.zenga.hu/ingatlan/elado-teglalakas-budapest-xiii-kerulet/8417985?page=3&pos=5&cr=325,
https://www.zenga.hu/ingatlan/elado-teglalakas-budapest-i-kerulet/8578776?page=3&pos=6&cr=300,
https://www.zenga.hu/ingatlan/elado-teglalakas-budapest-xi-kerulet-kelenfold/8551508?page=3&pos=7&cr=300,
https://www.zenga.hu/ingatlan/elado-teglalakas-budapest-xi-kerulet-sasad-sashegy-xi-ker/8662045?page=3&pos=8&cr=300,
https://www.zenga.hu/ingatlan/elado-teglalakas-budapest-xii-kerulet-orbanhegy/8662419?page=3&pos=9&cr=300,
https://www.zenga.hu/ingatlan/elado-teglalakas-budapest-v-kerulet/8369090?page=3&pos=10&cr=300,
https://www.zenga.hu/ingatlan/elado-csusztatott-zsalus-lakas-budapest-xiv-kerulet/8612857?page=3&pos=11&cr=300,
https://www.zenga.hu/ingatlan/elado-teglalakas-budapest-xi-kerulet-sasad-sashegy-xi-ker/8613221?page=3&pos=12&cr=300,
https://www.zenga.hu/ingatlan/elado-egyeb-lakas-budapest-xii-kerulet/8575536?page=3&pos=13&cr=300,
https://www.zenga.hu/ingatlan/elado-teglalakas-budapest-xi-kerulet-sasad-sashegy-xi-ker/8611678?page=3&pos=14&cr=300,
https://www.zenga.hu/ingatlan/elado-teglalakas-budapest-ii-kerulet-rezmal/8174214?page=3&pos=15&cr=300,
https://www.zenga.hu/ingatlan/elado-teglalakas-budapest-ii-kerulet-vizivaros-ii-ker/8619230?page=3&pos=16&cr=300,
https://www.zenga.hu/ingatlan/elado-tarsashazi-lakas-budapest-vi-kerulet-nagykoruton-beluli-terulet/8628383?page=3&pos=17&cr=300,
https://www.zenga.hu/ingatlan/elado-tarsashazi-lakas-budapest-vii-kerulet/8505022?page=3&pos=18&cr=300,
https://www.zenga.hu/ingatlan/elado-tarsashazi-lakas-budapest-vii-kerulet-nagykoruton-beluli-terulet/8590547?page=3&pos=19&cr=300,
https://www.zenga.hu/ingatlan/elado-teglalakas-budapest-xi-kerulet-sasad-sashegy-xi-ker/8613223?page=3&pos=20&cr=290,
https://www.zenga.hu/ingatlan/elado-tarsashazi-lakas-budapest-vii-kerulet-nagykoruton-beluli-terulet/8614776?page=4&pos=1&cr=290,
https://www.zenga.hu/ingatlan/elado-panellakas-budapest-viii-kerulet/8665738?page=4&pos=2&cr=286,
https://www.zenga.hu/ingatlan/elado-teglalakas-budapest-viii-kerulet-corvin-negyed/8652789?page=4&pos=3&cr=286,
https://www.zenga.hu/ingatlan/elado-teglalakas-budapest-viii-kerulet/8652752?page=4&pos=4&cr=286,
https://www.zenga.hu/ingatlan/elado-teglalakas-budapest-viii-kerulet/8653408?page=4&pos=5&cr=286,
https://www.zenga.hu/ingatlan/elado-teglalakas-budapest-viii-kerulet/8664165?page=4&pos=6&cr=286,
https://www.zenga.hu/ingatlan/elado-teglalakas-budapest-viii-kerulet/8661123?page=4&pos=7&cr=286,
https://www.zenga.hu/ingatlan/elado-teglalakas-budapest-viii-kerulet/8665086?page=4&pos=8&cr=286,
https://www.zenga.hu/ingatlan/elado-teglalakas-budapest-viii-kerulet/8661128?page=4&pos=9&cr=286,
https://www.zenga.hu/ingatlan/elado-teglalakas-budapest-viii-kerulet/8662685?page=4&pos=10&cr=286,
https://www.zenga.hu/ingatlan/elado-teglalakas-budapest-viii-kerulet/8662050?page=4&pos=11&cr=286,
https://www.zenga.hu/ingatlan/elado-teglalakas-budapest-viii-kerulet/8657248?page=4&pos=12&cr=286,
https://www.zenga.hu/ingatlan/elado-teglalakas-budapest-viii-kerulet/8654391?page=4&pos=13&cr=286,
https://www.zenga.hu/ingatlan/elado-teglalakas-budapest-viii-kerulet/8657303?page=4&pos=14&cr=286,
https://www.zenga.hu/ingatlan/elado-teglalakas-budapest-xiv-kerulet-istvanmezo/8637837?page=4&pos=15&cr=265,
https://www.zenga.hu/ingatlan/elado-teglalakas-budapest-xiii-kerulet-angyalfold/8651440?page=4&pos=16&cr=263,
https://www.zenga.hu/ingatlan/elado-teglalakas-budapest-xiii-kerulet-loportardulo/8658039?page=4&pos=17&cr=263,
https://www.zenga.hu/ingatlan/elado-teglalakas-budapest-xiii-kerulet-ujlipotvaros/8652792?page=4&pos=18&cr=263,
https://www.zenga.hu/ingatlan/elado-panellakas-budapest-xiii-kerulet-vizafogo/8661809?page=4&pos=19&cr=263,
https://www.zenga.hu/ingatlan/elado-teglalakas-budapest-xiii-kerulet/8659805?page=4&pos=20&cr=263,
https://www.zenga.hu/ingatlan/elado-teglalakas-budapest-xiii-kerulet-loportardulo/8652791?page=5&pos=1&cr=263,
https://www.zenga.hu/ingatlan/elado-teglalakas-budapest-xiii-kerulet-angyalfold/8661159?page=5&pos=2&cr=263,
https://www.zenga.hu/ingatlan/elado-teglalakas-budapest-xiii-kerulet/8664895?page=5&pos=3&cr=263,
https://www.zenga.hu/ingatlan/elado-teglalakas-budapest-xiii-kerulet-ujlipotvaros/8659809?page=5&pos=4&cr=263,
https://www.zenga.hu/ingatlan/elado-teglalakas-budapest-xiii-kerulet/8663340?page=5&pos=5&cr=263,
https://www.zenga.hu/ingatlan/elado-teglalakas-budapest-xiii-kerulet/8655430?page=5&pos=6&cr=263,
https://www.zenga.hu/ingatlan/elado-teglalakas-budapest-xii-kerulet-istenhegy/8562026?page=5&pos=7&cr=260,
https://www.zenga.hu/ingatlan/elado-panellakas-budapest-iii-kerulet-obuda/8663792?page=5&pos=8&cr=260,
https://www.zenga.hu/ingatlan/elado-teglalakas-budapest-iv-kerulet-megyer/8586502?page=5&pos=9&cr=258,
https://www.zenga.hu/ingatlan/elado-teglalakas-budapest-xiv-kerulet-alsorakos/8587364?page=5&pos=10&cr=255,
https://www.zenga.hu/ingatlan/elado-teglalakas-budapest-xiii-kerulet/8611400?page=5&pos=11&cr=251,
https://www.zenga.hu/ingatlan/elado-teglalakas-budapest-xiii-kerulet/8611417?page=5&pos=12&cr=251,
https://www.zenga.hu/ingatlan/elado-teglalakas-budapest-xv-kerulet-rakospalota/8666815?page=5&pos=13&cr=250,
https://www.zenga.hu/ingatlan/elado-teglalakas-budapest-xi-kerulet/8614552?page=5&pos=14&cr=250,
https://www.zenga.hu/ingatlan/elado-teglalakas-budapest-xi-kerulet/8614566?page=5&pos=15&cr=250,
https://www.zenga.hu/ingatlan/elado-teglalakas-budapest-xi-kerulet/8614716?page=5&pos=16&cr=250,
https://www.zenga.hu/ingatlan/elado-teglalakas-budapest-xiii-kerulet/8647208?page=5&pos=17&cr=250,
https://www.zenga.hu/ingatlan/elado-teglalakas-budapest-xiii-kerulet/8647201?page=5&pos=18&cr=250,
https://www.zenga.hu/ingatlan/elado-teglalakas-budapest-xiii-kerulet/8647204?page=5&pos=19&cr=250,
https://www.zenga.hu/ingatlan/elado-teglalakas-budapest-x-kerulet/8470972?page=5&pos=20&cr=250,
https://www.zenga.hu/ingatlan/elado-teglalakas-budapest-ix-kerulet/7620867?page=6&pos=1&cr=250,
https://www.zenga.hu/ingatlan/elado-teglalakas-budapest-ix-kerulet/8633163?page=6&pos=2&cr=250,
https://www.zenga.hu/ingatlan/elado-tarsashazi-lakas-budapest-ii-kerulet-huvosvolgy/8613340?page=6&pos=3&cr=250,
https://www.zenga.hu/ingatlan/elado-teglalakas-budapest-viii-kerulet/7958256?page=6&pos=4&cr=250,
https://www.zenga.hu/ingatlan/elado-teglalakas-budapest-viii-kerulet/7349233?page=6&pos=5&cr=250,
https://www.zenga.hu/ingatlan/elado-teglalakas-budapest-xi-kerulet-koerberek/8557632?page=6&pos=6&cr=250,
https://www.zenga.hu/ingatlan/elado-teglalakas-budapest-xi-kerulet/8614687?page=6&pos=7&cr=250,
https://www.zenga.hu/ingatlan/elado-teglalakas-budapest-iv-kerulet/8372241?page=6&pos=8&cr=250,
https://www.zenga.hu/ingatlan/elado-panellakas-budapest-xv-kerulet-ujpalota/8617890?page=6&pos=9&cr=250,
https://www.zenga.hu/ingatlan/elado-teglalakas-budapest-iv-kerulet/8367750?page=6&pos=10&cr=250,
https://www.zenga.hu/ingatlan/elado-teglalakas-budapest-iv-kerulet/8387699?page=6&pos=11&cr=250,
https://www.zenga.hu/ingatlan/elado-teglalakas-budapest-ix-kerulet/7518172?page=6&pos=12&cr=250,
https://www.zenga.hu/ingatlan/elado-teglalakas-budapest-xix-kerulet/8606967?page=6&pos=13&cr=250,
https://www.zenga.hu/ingatlan/elado-teglalakas-budapest-vii-kerulet/8602468?page=6&pos=14&cr=250,
https://www.zenga.hu/ingatlan/elado-teglalakas-budapest-vii-kerulet/8602460?page=6&pos=15&cr=250,
https://www.zenga.hu/ingatlan/elado-teglalakas-budapest-xiv-kerulet/8510409?page=6&pos=16&cr=250,
https://www.zenga.hu/ingatlan/elado-teglalakas-budapest-xiv-kerulet/8510407?page=6&pos=17&cr=250,
https://www.zenga.hu/ingatlan/elado-teglalakas-budapest-xiv-kerulet/8579076?page=6&pos=18&cr=250,
https://www.zenga.hu/ingatlan/elado-teglalakas-budapest-xiv-kerulet/8579069?page=6&pos=19&cr=250,
https://www.zenga.hu/ingatlan/elado-teglalakas-budapest-xv-kerulet/8538099?page=6&pos=20&cr=250,
https://www.zenga.hu/ingatlan/elado-teglalakas-budapest-xiii-kerulet/8570007?page=7&pos=1&cr=250,
https://www.zenga.hu/ingatlan/elado-teglalakas-budapest-xiii-kerulet/8569998?page=7&pos=2&cr=250,
https://www.zenga.hu/ingatlan/elado-teglalakas-budapest-xiii-kerulet/7930693?page=7&pos=3&cr=250,
https://www.zenga.hu/ingatlan/elado-teglalakas-budapest-xiii-kerulet/7930668?page=7&pos=4&cr=250,
https://www.zenga.hu/ingatlan/elado-teglalakas-budapest-xiii-kerulet/7930669?page=7&pos=5&cr=250,
https://www.zenga.hu/ingatlan/elado-teglalakas-budapest-xxiii-kerulet/8554200?page=7&pos=6&cr=250,
https://www.zenga.hu/ingatlan/elado-teglalakas-budapest-xxiii-kerulet/8554202?page=7&pos=7&cr=250,
https://www.zenga.hu/ingatlan/elado-teglalakas-budapest-ix-kerulet/8549263?page=7&pos=8&cr=250,
https://www.zenga.hu/ingatlan/elado-teglalakas-budapest-ix-kerulet/8539346?page=7&pos=9&cr=250,
https://www.zenga.hu/ingatlan/elado-teglalakas-budapest-vi-kerulet/8526456?page=7&pos=10&cr=250,
https://www.zenga.hu/ingatlan/elado-teglalakas-budapest-vi-kerulet/8526454?page=7&pos=11&cr=250,
https://www.zenga.hu/ingatlan/elado-teglalakas-budapest-xiii-kerulet/7900464?page=7&pos=12&cr=250,
https://www.zenga.hu/ingatlan/elado-teglalakas-budapest-xiii-kerulet/7900457?page=7&pos=13&cr=250,
https://www.zenga.hu/ingatlan/elado-teglalakas-budapest-viii-kerulet/8517110?page=7&pos=14&cr=250,
https://www.zenga.hu/ingatlan/elado-teglalakas-budapest-iv-kerulet/8314161?page=7&pos=15&cr=250,
https://www.zenga.hu/ingatlan/elado-teglalakas-budapest-xi-kerulet/8482456?page=7&pos=16&cr=250,
https://www.zenga.hu/ingatlan/elado-teglalakas-budapest-xi-kerulet/8482364?page=7&pos=17&cr=250,
https://www.zenga.hu/ingatlan/elado-teglalakas-budapest-xi-kerulet/8482386?page=7&pos=18&cr=250,
https://www.zenga.hu/ingatlan/elado-teglalakas-budapest-xiii-kerulet/8431341?page=7&pos=19&cr=250,
https://www.zenga.hu/ingatlan/elado-teglalakas-budapest-xiii-kerulet/8431348?page=7&pos=20&cr=250,
https://www.zenga.hu/ingatlan/elado-teglalakas-budapest-xiii-kerulet/8431353?page=8&pos=1&cr=250,
https://www.zenga.hu/ingatlan/elado-teglalakas-budapest-xiii-kerulet/8431345?page=8&pos=2&cr=250,
https://www.zenga.hu/ingatlan/elado-teglalakas-budapest-xiv-kerulet/8383058?page=8&pos=3&cr=250,
https://www.zenga.hu/ingatlan/elado-teglalakas-budapest-xiv-kerulet/8357111?page=8&pos=4&cr=250,
https://www.zenga.hu/ingatlan/elado-teglalakas-budapest-xiii-kerulet/8390987?page=8&pos=5&cr=250,
https://www.zenga.hu/ingatlan/elado-teglalakas-budapest-xi-kerulet/8454282?page=8&pos=6&cr=250,
https://www.zenga.hu/ingatlan/elado-teglalakas-budapest-xi-kerulet/8454276?page=8&pos=7&cr=250,
https://www.zenga.hu/ingatlan/elado-teglalakas-debrecen/8449159?page=8&pos=8&cr=250,
https://www.zenga.hu/ingatlan/elado-teglalakas-budapest-ix-kerulet/8070330?page=8&pos=9&cr=250,
https://www.zenga.hu/ingatlan/elado-teglalakas-budapest-xii-kerulet/8391019?page=8&pos=10&cr=250,
https://www.zenga.hu/ingatlan/elado-teglalakas-budapest-xii-kerulet/8327424?page=8&pos=11&cr=250,
https://www.zenga.hu/ingatlan/elado-teglalakas-budapest-x-kerulet/8327394?page=8&pos=12&cr=250,
https://www.zenga.hu/ingatlan/elado-teglalakas-budapest-v-kerulet/8665107?page=8&pos=13&cr=248,
https://www.zenga.hu/ingatlan/elado-teglalakas-budapest-v-kerulet-lipotvaros/8663414?page=8&pos=14&cr=248,
https://www.zenga.hu/ingatlan/elado-teglalakas-budapest-v-kerulet/8660309?page=8&pos=15&cr=248,
https://www.zenga.hu/ingatlan/elado-teglalakas-budapest-v-kerulet/8657165?page=8&pos=16&cr=248,
https://www.zenga.hu/ingatlan/elado-teglalakas-budapest-v-kerulet/8656935?page=8&pos=17&cr=248,
https://www.zenga.hu/ingatlan/elado-teglalakas-budapest-vii-kerulet/8665739?page=8&pos=18&cr=242,
https://www.zenga.hu/ingatlan/elado-teglalakas-budapest-vii-kerulet-nagykoruton-beluli-terulet/8663413?page=8&pos=19&cr=242,
https://www.zenga.hu/ingatlan/elado-teglalakas-budapest-vii-kerulet/8664070?page=8&pos=20&cr=242,
https://www.zenga.hu/ingatlan/elado-teglalakas-budapest-vii-kerulet/8664070?page=9&pos=1&cr=242,
https://www.zenga.hu/ingatlan/elado-teglalakas-budapest-vii-kerulet-nagykoruton-kivuli-terulet/8664163?page=9&pos=2&cr=242,
https://www.zenga.hu/ingatlan/elado-teglalakas-budapest-vii-kerulet-nagykoruton-beluli-terulet/8663413?page=9&pos=3&cr=242,
https://www.zenga.hu/ingatlan/elado-teglalakas-budapest-vii-kerulet/8658074?page=9&pos=4&cr=242,
https://www.zenga.hu/ingatlan/elado-teglalakas-budapest-vii-kerulet-ligetvaros/8662547?page=9&pos=5&cr=242,
https://www.zenga.hu/ingatlan/elado-teglalakas-budapest-vii-kerulet/8657266?page=9&pos=6&cr=242,
https://www.zenga.hu/ingatlan/elado-teglalakas-budapest-vii-kerulet/8651625?page=9&pos=7&cr=242,
https://www.zenga.hu/ingatlan/elado-panellakas-bekescsaba-lencsesi-jozsef-attila-lakotelep/8665811?page=9&pos=8&cr=230,
https://www.zenga.hu/ingatlan/elado-teglalakas-budapest-xi-kerulet-szentimrevaros/8523726?page=9&pos=9&cr=230,
https://www.zenga.hu/ingatlan/elado-teglalakas-budapest-xix-kerulet/8658612?page=9&pos=10&cr=229,
https://www.zenga.hu/ingatlan/elado-teglalakas-budapest-xix-kerulet/8655437?page=9&pos=11&cr=229,
https://www.zenga.hu/ingatlan/elado-panellakas-budapest-xi-kerulet-kelenfold/8653380?page=9&pos=12&cr=227,
https://www.zenga.hu/ingatlan/elado-panellakas-budapest-xi-kerulet-kelenfold/8664942?page=9&pos=13&cr=227,
https://www.zenga.hu/ingatlan/elado-teglalakas-budapest-xi-kerulet-sasad-sashegy-xi-ker/8661845?page=9&pos=14&cr=227,
https://www.zenga.hu/ingatlan/elado-teglalakas-budapest-xi-kerulet/8660185?page=9&pos=15&cr=227,
https://www.zenga.hu/ingatlan/elado-teglalakas-budapest-xi-kerulet/8657277?page=9&pos=16&cr=227,
https://www.zenga.hu/ingatlan/elado-teglalakas-budapest-xi-kerulet/8454338?page=9&pos=17&cr=225,
https://www.zenga.hu/ingatlan/elado-teglalakas-budapest-xvi-kerulet-rakosszentmihaly/8586511?page=9&pos=18&cr=222,
https://www.zenga.hu/ingatlan/elado-teglalakas-budapest-ii-kerulet/8582900?page=9&pos=19&cr=220,
https://www.zenga.hu/ingatlan/elado-teglalakas-budapest-vii-kerulet/8602434?page=9&pos=20&cr=220,
https://www.zenga.hu/ingatlan/elado-teglalakas-budapest-xi-kerulet/8454339?page=10&pos=1&cr=215,
https://www.zenga.hu/ingatlan/elado-teglalakas-budapest-iii-kerulet-uromhegy/8360852?page=10&pos=2&cr=211,
https://www.zenga.hu/ingatlan/elado-teglalakas-dunakeszi/8524823?page=10&pos=3&cr=210,
https://www.zenga.hu/ingatlan/elado-teglalakas-budapest-xiii-kerulet/8455867?page=10&pos=4&cr=210,
https://www.zenga.hu/ingatlan/elado-teglalakas-budapest-xiii-kerulet-vizafogo/8554593?page=10&pos=5&cr=210,
https://www.zenga.hu/ingatlan/elado-teglalakas-budapest-ix-kerulet-rehabilitacios-terulet-ix-/8386054?page=10&pos=6&cr=201,
https://www.zenga.hu/ingatlan/elado-teglalakas-budapest-vi-kerulet/8660958?page=10&pos=7&cr=200,
https://www.zenga.hu/ingatlan/elado-teglalakas-budapest-viii-kerulet/8660957?page=10&pos=8&cr=200,
https://www.zenga.hu/ingatlan/elado-teglalakas-budapest-xiv-kerulet-herminamezo/8663393?page=10&pos=9&cr=200,
https://www.zenga.hu/ingatlan/elado-tarsashazi-lakas-budapest-vi-kerulet/8663817?page=10&pos=10&cr=200,
https://www.zenga.hu/ingatlan/elado-teglalakas-budapest-xiii-kerulet-ujlipotvaros/8629708?page=10&pos=11&cr=200,
https://www.zenga.hu/ingatlan/elado-teglalakas-budapest-v-kerulet/8388075?page=10&pos=12&cr=200,
https://www.zenga.hu/ingatlan/elado-teglalakas-budapest-v-kerulet/8369068?page=10&pos=13&cr=200,
https://www.zenga.hu/ingatlan/elado-teglalakas-budapest-v-kerulet/8433051?page=10&pos=14&cr=200,
https://www.zenga.hu/ingatlan/elado-teglalakas-budapest-v-kerulet/8481034?page=10&pos=15&cr=200,
https://www.zenga.hu/ingatlan/elado-teglalakas-budapest-xv-kerulet-rakospalota/8329239?page=10&pos=16&cr=200,
https://www.zenga.hu/ingatlan/elado-teglalakas-budapest-vii-kerulet/8369105?page=10&pos=17&cr=200,
https://www.zenga.hu/ingatlan/elado-teglalakas-budapest-xiv-kerulet/8660968?page=10&pos=18&cr=200,
https://www.zenga.hu/ingatlan/elado-tarsashazi-lakas-nyiregyhaza-orokosfold/7488487?page=10&pos=19&cr=200,
https://www.zenga.hu/ingatlan/elado-tarsashazi-lakas-nyiregyhaza-orokosfold/7488483?page=10&pos=20&cr=200,
https://www.zenga.hu/ingatlan/elado-teglalakas-budapest-ix-kerulet/8644209?page=11&pos=1&cr=200,
https://www.zenga.hu/ingatlan/elado-teglalakas-budapest-v-kerulet/8490966?page=11&pos=2&cr=200,
https://www.zenga.hu/ingatlan/elado-teglalakas-szazhalombatta/8586657?page=11&pos=3&cr=200,
https://www.zenga.hu/ingatlan/elado-teglalakas-budapest-xvi-kerulet/8450003?page=11&pos=4&cr=200,
https://www.zenga.hu/ingatlan/elado-teglalakas-szentes/8363669?page=11&pos=5&cr=200,
https://www.zenga.hu/ingatlan/elado-teglalakas-budapest-xi-kerulet-kelenfold/8551504?page=11&pos=6&cr=200,
https://www.zenga.hu/ingatlan/elado-teglalakas-balatonmariafurdo/8440065?page=11&pos=7&cr=200,
https://www.zenga.hu/ingatlan/elado-teglalakas-balatonmariafurdo/8619441?page=11&pos=8&cr=200,
https://www.zenga.hu/ingatlan/elado-teglalakas-balatonmariafurdo/8466871?page=11&pos=9&cr=200,
https://www.zenga.hu/ingatlan/elado-egyeb-lakas-budapest-viii-kerulet/8344226?page=11&pos=10&cr=200,
https://www.zenga.hu/ingatlan/elado-teglalakas-budapest-xix-kerulet/8606986?page=11&pos=11&cr=200,
https://www.zenga.hu/ingatlan/elado-teglalakas-budapest-vii-kerulet/8602507?page=11&pos=12&cr=200,
https://www.zenga.hu/ingatlan/elado-teglalakas-budapest-xi-kerulet/8577373?page=11&pos=13&cr=200,
https://www.zenga.hu/ingatlan/elado-teglalakas-budapest-xiii-kerulet/8264321?page=11&pos=14&cr=200,
https://www.zenga.hu/ingatlan/elado-teglalakas-budapest-xiii-kerulet/8264312?page=11&pos=15&cr=200,
https://www.zenga.hu/ingatlan/elado-teglalakas-budapest-v-kerulet/8528444?page=11&pos=16&cr=200,
https://www.zenga.hu/ingatlan/elado-teglalakas-budapest-vi-kerulet-nagykoruton-beluli-terulet/8368782?page=11&pos=17&cr=200,
https://www.zenga.hu/ingatlan/elado-teglalakas-budapest-ix-kerulet/8665103?page=11&pos=18&cr=195,
https://www.zenga.hu/ingatlan/elado-teglalakas-budapest-ix-kerulet-belso-ferencvaros/8653401?page=11&pos=19&cr=195,
https://www.zenga.hu/ingatlan/elado-teglalakas-budapest-ix-kerulet-rehabilitacios-terulet-ix-/8664189?page=11&pos=20&cr=195,
https://www.zenga.hu/ingatlan/elado-teglalakas-budapest-ix-kerulet-rehabilitacios-terulet-ix-/8651429?page=12&pos=1&cr=195,
https://www.zenga.hu/ingatlan/elado-teglalakas-budapest-ix-kerulet/8652896?page=12&pos=2&cr=195,
https://www.zenga.hu/ingatlan/elado-teglalakas-budapest-ix-kerulet/8651658?page=12&pos=3&cr=195,
https://www.zenga.hu/ingatlan/elado-teglalakas-budapest-xx-kerulet-pesterzsebet/8593098?page=12&pos=4&cr=194,
https://www.zenga.hu/ingatlan/elado-tarsashazi-lakas-budapest-xiii-kerulet/8119959?page=12&pos=5&cr=190,
https://www.zenga.hu/ingatlan/elado-teglalakas-budapest-xiii-kerulet-ujlipotvaros/8543932?page=12&pos=6&cr=190,
https://www.zenga.hu/ingatlan/elado-panellakas-budapest-xi-kerulet-gazdagret/8646545?page=12&pos=7&cr=188,
https://www.zenga.hu/ingatlan/elado-teglalakas-budapest-x-kerulet/8658094?page=12&pos=8&cr=185,
https://www.zenga.hu/ingatlan/elado-csusztatott-zsalus-lakas-budapest-x-kerulet/8664142?page=12&pos=9&cr=185,
https://www.zenga.hu/ingatlan/elado-teglalakas-budapest-x-kerulet-kereszturidulo/8664182?page=12&pos=10&cr=185,
https://www.zenga.hu/ingatlan/elado-teglalakas-budapest-x-kerulet/8661110?page=12&pos=11&cr=185,
https://www.zenga.hu/ingatlan/elado-teglalakas-budapest-iii-kerulet-uromhegy/7939037?page=12&pos=12&cr=181,
https://www.zenga.hu/ingatlan/elado-panellakas-budapest-xi-kerulet-kelenfold/8625121?page=12&pos=13&cr=180,
https://www.zenga.hu/ingatlan/elado-teglalakas-zalaegerszeg/8472430?page=12&pos=14&cr=180,
https://www.zenga.hu/ingatlan/elado-teglalakas-zalaegerszeg/8472429?page=12&pos=15&cr=180,
https://www.zenga.hu/ingatlan/elado-teglalakas-budapest-xii-kerulet-istenhegy/8622724?page=12&pos=16&cr=180,
https://www.zenga.hu/ingatlan/elado-teglalakas-nagykanizsa-belvaros/8452295?page=12&pos=17&cr=175,
https://www.zenga.hu/ingatlan/elado-teglalakas-budapest-ii-kerulet-torokvesz/8653415?page=12&pos=18&cr=173,
https://www.zenga.hu/ingatlan/elado-teglalakas-budapest-ii-kerulet-pasaret/8661111?page=12&pos=19&cr=173,
https://www.zenga.hu/ingatlan/elado-teglalakas-budapest-ii-kerulet/8653937?page=12&pos=20&cr=173,
https://www.zenga.hu/ingatlan/elado-teglalakas-budapest-ii-kerulet-rozsadomb/8664152?page=13&pos=1&cr=173,
https://www.zenga.hu/ingatlan/elado-teglalakas-budapest-ii-kerulet-torokvesz/8661157?page=13&pos=2&cr=173,
https://www.zenga.hu/ingatlan/elado-teglalakas-budapest-ii-kerulet-rozsadomb/8652788?page=13&pos=3&cr=173,
https://www.zenga.hu/ingatlan/elado-teglalakas-budapest-ii-kerulet/8662682?page=13&pos=4&cr=173,
https://www.zenga.hu/ingatlan/elado-teglalakas-budapest-ii-kerulet/8660293?page=13&pos=5&cr=173,
https://www.zenga.hu/ingatlan/elado-teglalakas-keszthely/8183218?page=13&pos=6&cr=170,
https://www.zenga.hu/ingatlan/elado-teglalakas-budapest-x-kerulet/8422650?page=13&pos=7&cr=170,
https://www.zenga.hu/ingatlan/elado-teglalakas-budapest-viii-kerulet-jozsefvaros/8646548?page=13&pos=8&cr=168,
https://www.zenga.hu/ingatlan/elado-teglalakas-budapest-v-kerulet-belvaros/8642469?page=13&pos=9&cr=165,
https://www.zenga.hu/ingatlan/elado-teglalakas-budapest-ii-kerulet/8582902?page=13&pos=10&cr=165,
https://www.zenga.hu/ingatlan/elado-teglalakas-budapest-xi-kerulet/8613312?page=13&pos=11&cr=160,
https://www.zenga.hu/ingatlan/elado-tarsashazi-lakas-aszod/8549722?page=13&pos=12&cr=160,
https://www.zenga.hu/ingatlan/elado-teglalakas-budapest-xiv-kerulet/8663616?page=13&pos=13&cr=158,
https://www.zenga.hu/ingatlan/elado-teglalakas-budapest-xiv-kerulet-alsorakos/8651428?page=13&pos=14&cr=158,
https://www.zenga.hu/ingatlan/elado-teglalakas-budapest-xiv-kerulet/8665104?page=13&pos=15&cr=158,
https://www.zenga.hu/ingatlan/elado-panellakas-budapest-xix-kerulet-kispest-lakotelep/8646544?page=13&pos=16&cr=157,
https://www.zenga.hu/ingatlan/elado-teglalakas-budapest-iii-kerulet-uromhegy/8333313?page=13&pos=17&cr=156,
https://www.zenga.hu/ingatlan/elado-panellakas-debrecen-dobozi-lakotelep/8444905?page=13&pos=18&cr=155,
https://www.zenga.hu/ingatlan/elado-tarsashazi-lakas-budapest-xiii-kerulet/8469029?page=13&pos=19&cr=155,
https://www.zenga.hu/ingatlan/elado-panellakas-budapest-xxi-kerulet-erdoalja/8587719?page=13&pos=20&cr=155,
https://www.zenga.hu/ingatlan/elado-teglalakas-nagykanizsa-belvaros/8584691?page=14&pos=1&cr=155,
https://www.zenga.hu/ingatlan/elado-teglalakas-budapest-xiii-kerulet/8339083?page=14&pos=2&cr=155,
https://www.zenga.hu/ingatlan/elado-teglalakas-budapest-xiii-kerulet/8228576?page=14&pos=3&cr=155,
https://www.zenga.hu/ingatlan/elado-teglalakas-budapest-iv-kerulet/8666775?page=14&pos=4&cr=153,
https://www.zenga.hu/ingatlan/elado-teglalakas-budapest-iv-kerulet/8666776?page=14&pos=5&cr=153,
https://www.zenga.hu/ingatlan/elado-teglalakas-budapest-iv-kerulet-kaposztasmegyer/8651454?page=14&pos=6&cr=153,
https://www.zenga.hu/ingatlan/elado-teglalakas-budapest-iv-kerulet-kaposztasmegyer/8661120?page=14&pos=7&cr=153,
https://www.zenga.hu/ingatlan/elado-teglalakas-budapest-iv-kerulet-ujpest/8661158?page=14&pos=8&cr=153,
https://www.zenga.hu/ingatlan/elado-panellakas-budapest-iv-kerulet/8661848?page=14&pos=9&cr=153,
https://www.zenga.hu/ingatlan/elado-csusztatott-zsalus-lakas-budapest-iv-kerulet/8652900?page=14&pos=10&cr=153,
https://www.zenga.hu/ingatlan/elado-panellakas-budapest-iv-kerulet/8651672?page=14&pos=11&cr=153,
https://www.zenga.hu/ingatlan/elado-teglalakas-nyiregyhaza-malomkert/8650628?page=14&pos=12&cr=151,
https://www.zenga.hu/ingatlan/elado-teglalakas-budapest-v-kerulet-belvaros/8463777?page=14&pos=13&cr=151,
https://www.zenga.hu/ingatlan/elado-panellakas-nyiregyhaza-orokosfold/8647308?page=14&pos=14&cr=151,
https://www.zenga.hu/ingatlan/elado-csusztatott-zsalus-lakas-miskolc/8554810?page=14&pos=15&cr=150,
https://www.zenga.hu/ingatlan/elado-panellakas-budapest-xiv-kerulet/8660970?page=14&pos=16&cr=150,
https://www.zenga.hu/ingatlan/elado-teglalakas-budapest-xiv-kerulet/8660974?page=14&pos=17&cr=150,
https://www.zenga.hu/ingatlan/elado-teglalakas-budapest-xiii-kerulet/8228585?page=14&pos=18&cr=150,
https://www.zenga.hu/ingatlan/elado-teglalakas-budapest-ii-kerulet-rozsadomb/8210223?page=14&pos=19&cr=150,
https://www.zenga.hu/ingatlan/elado-teglalakas-budapest-xiv-kerulet-torokor/8352125?page=14&pos=20&cr=150,
https://www.zenga.hu/ingatlan/elado-teglalakas-budapest-iii-kerulet-obuda/8581889?page=15&pos=1&cr=150,
https://www.zenga.hu/ingatlan/elado-panellakas-bekescsaba-belvaros/8592135?page=15&pos=2&cr=150,
https://www.zenga.hu/ingatlan/elado-panellakas-budapest-xix-kerulet/8555277?page=15&pos=3&cr=150,
https://www.zenga.hu/ingatlan/elado-teglalakas-gyula/8631739?page=15&pos=4&cr=150,
https://www.zenga.hu/ingatlan/elado-teglalakas-tokaj/8404757?page=15&pos=5&cr=150,
https://www.zenga.hu/ingatlan/elado-teglalakas-tokaj-kistokaj/8404761?page=15&pos=6&cr=150,
https://www.zenga.hu/ingatlan/elado-teglalakas-tokaj/8404755?page=15&pos=7&cr=150,
https://www.zenga.hu/ingatlan/elado-teglalakas-gyor-nadorvaros/8616420?page=15&pos=8&cr=150,
https://www.zenga.hu/ingatlan/elado-teglalakas-nyiregyhaza-belvaros/8628524?page=15&pos=9&cr=150,
https://www.zenga.hu/ingatlan/elado-panellakas-budapest-iv-kerulet-ujpest/8517291?page=15&pos=10&cr=150,
https://www.zenga.hu/ingatlan/elado-teglalakas-gyor-sziget/8635918?page=15&pos=11&cr=150,
https://www.zenga.hu/ingatlan/elado-teglalakas-budapest-iii-kerulet/8570568?page=15&pos=12&cr=150,
https://www.zenga.hu/ingatlan/elado-teglalakas-budapest-xii-kerulet/8621547?page=15&pos=13&cr=150,
https://www.zenga.hu/ingatlan/elado-teglalakas-budapest-vii-kerulet-nagykoruton-beluli-terulet/8652936?page=15&pos=14&cr=150,
https://www.zenga.hu/ingatlan/elado-teglalakas-budapest-vii-kerulet/8651806?page=15&pos=15&cr=150,
https://www.zenga.hu/ingatlan/elado-teglalakas-budapest-vi-kerulet/8514350?page=15&pos=16&cr=150,
https://www.zenga.hu/ingatlan/elado-teglalakas-budapest-xii-kerulet-zugliget/8572542?page=15&pos=17&cr=150,
https://www.zenga.hu/ingatlan/elado-tarsashazi-lakas-nyiregyhaza/8647200?page=15&pos=18&cr=150,
https://www.zenga.hu/ingatlan/elado-teglalakas-nyiregyhaza/8647274?page=15&pos=19&cr=150,
https://www.zenga.hu/ingatlan/elado-teglalakas-nyiregyhaza/8647114?page=15&pos=20&cr=150,
,https://www.zenga.hu/ingatlan/elado-tarsashazi-lakas-budapest-xix-kerulet/8559019?page=50&pos=20&cr=51
https://www.zenga.hu/ingatlan/elado-teglalakas-budapest-ii-kerulet-rozsadomb/8652788?page=15&pos=1&cr=164,
https://www.zenga.hu/ingatlan/elado-teglalakas-budapest-ii-kerulet/8653937?page=15&pos=2&cr=164,
https://www.zenga.hu/ingatlan/elado-teglalakas-budapest-ii-kerulet-torokvesz/8661157?page=15&pos=3&cr=164,
https://www.zenga.hu/ingatlan/elado-teglalakas-budapest-ii-kerulet-rozsadomb/8664152?page=15&pos=4&cr=164,
https://www.zenga.hu/ingatlan/elado-teglalakas-budapest-ii-kerulet-pasaret/8661111?page=15&pos=5&cr=164,
https://www.zenga.hu/ingatlan/elado-teglalakas-budapest-ii-kerulet-torokvesz/8653415?page=15&pos=6&cr=164,
https://www.zenga.hu/ingatlan/elado-teglalakas-budapest-ii-kerulet/8662682?page=15&pos=7&cr=164,
https://www.zenga.hu/ingatlan/elado-teglalakas-budapest-ii-kerulet/8660293?page=15&pos=8&cr=164,
https://www.zenga.hu/ingatlan/elado-teglalakas-budapest-xiv-kerulet-alsorakos/8667984?page=15&pos=9&cr=162,
https://www.zenga.hu/ingatlan/elado-teglalakas-budapest-xiv-kerulet-kiszuglo/8642472?page=15&pos=10&cr=162,
https://www.zenga.hu/ingatlan/elado-teglalakas-budapest-xiv-kerulet/8663616?page=15&pos=11&cr=162,
https://www.zenga.hu/ingatlan/elado-teglalakas-budapest-xiv-kerulet/8665104?page=15&pos=12&cr=162,
https://www.zenga.hu/ingatlan/elado-panellakas-budapest-xi-kerulet-gazdagret/8646545?page=15&pos=13&cr=162,
https://www.zenga.hu/ingatlan/elado-teglalakas-budapest-xi-kerulet/8613312?page=15&pos=14&cr=160,
https://www.zenga.hu/ingatlan/elado-tarsashazi-lakas-aszod/8549722?page=15&pos=15&cr=160,
https://www.zenga.hu/ingatlan/elado-teglalakas-budapest-iii-kerulet-uromhegy/8333313?page=15&pos=16&cr=156,
https://www.zenga.hu/ingatlan/elado-teglalakas-budapest-iv-kerulet-kaposztasmegyer/8661120?page=15&pos=17&cr=155,
https://www.zenga.hu/ingatlan/elado-teglalakas-budapest-iv-kerulet/8666775?page=15&pos=18&cr=155,
https://www.zenga.hu/ingatlan/elado-teglalakas-budapest-iv-kerulet/8666776?page=15&pos=19&cr=155,
https://www.zenga.hu/ingatlan/elado-tarsashazi-lakas-budapest-xiii-kerulet/8469029?page=15&pos=20&cr=155,
https://www.zenga.hu/ingatlan/elado-teglalakas-budapest-iv-kerulet-ujpest/8661158?page=16&pos=1&cr=155,
https://www.zenga.hu/ingatlan/elado-panellakas-budapest-iv-kerulet/8661848?page=16&pos=2&cr=155,
https://www.zenga.hu/ingatlan/elado-csusztatott-zsalus-lakas-budapest-iv-kerulet/8652900?page=16&pos=3&cr=155,
https://www.zenga.hu/ingatlan/elado-teglalakas-nagykanizsa-belvaros/8584691?page=16&pos=4&cr=155,
https://www.zenga.hu/ingatlan/elado-teglalakas-budapest-xiii-kerulet/8339083?page=16&pos=5&cr=155,
https://www.zenga.hu/ingatlan/elado-teglalakas-budapest-xiii-kerulet/8228576?page=16&pos=6&cr=155,
https://www.zenga.hu/ingatlan/elado-teglalakas-nyiregyhaza-malomkert/8650628?page=16&pos=7&cr=151,
https://www.zenga.hu/ingatlan/elado-panellakas-nyiregyhaza-orokosfold/8647308?page=16&pos=8&cr=151,
https://www.zenga.hu/ingatlan/elado-tarsashazi-lakas-miskolc-martinkertvaros/8592312?page=16&pos=9&cr=151,
https://www.zenga.hu/ingatlan/elado-teglalakas-nyiregyhaza-belvaros/8659862?page=16&pos=10&cr=150,
https://www.zenga.hu/ingatlan/elado-teglalakas-budapest-ii-kerulet-rozsadomb/8210223?page=16&pos=11&cr=150,
https://www.zenga.hu/ingatlan/elado-teglalakas-budapest-xiii-kerulet/8228585?page=16&pos=12&cr=150,
https://www.zenga.hu/ingatlan/elado-teglalakas-budapest-xiv-kerulet-nagyzuglo/8641050?page=16&pos=13&cr=150,
https://www.zenga.hu/ingatlan/elado-teglalakas-budapest-vi-kerulet/8161014?page=16&pos=14&cr=150,
https://www.zenga.hu/ingatlan/elado-teglalakas-budapest-vii-kerulet-nagykoruton-beluli-terulet/8487336?page=16&pos=15&cr=150,
https://www.zenga.hu/ingatlan/elado-teglalakas-budapest-xiv-kerulet-alsorakos/8602146?page=16&pos=16&cr=150,
https://www.zenga.hu/ingatlan/elado-panellakas-budapest-xviii-kerulet-havanna-lakotelep/8640289?page=16&pos=17&cr=150,
https://www.zenga.hu/ingatlan/elado-teglalakas-gyula/8631739?page=16&pos=18&cr=150,
https://www.zenga.hu/ingatlan/elado-panellakas-bekescsaba-belvaros/8592135?page=16&pos=19&cr=150,
https://www.zenga.hu/ingatlan/elado-panellakas-budapest-xviii-kerulet-havanna-lakotelep/8502356?page=16&pos=20&cr=150,
https://www.zenga.hu/ingatlan/elado-teglalakas-budapest-xiii-kerulet-ujlipotvaros/8662627?page=17&pos=1&cr=150,
https://www.zenga.hu/ingatlan/elado-teglalakas-budapest-xiii-kerulet-ujlipotvaros/8662626?page=17&pos=2&cr=150,
https://www.zenga.hu/ingatlan/elado-teglalakas-budapest-xiii-kerulet-ujlipotvaros/8662625?page=17&pos=3&cr=150,
https://www.zenga.hu/ingatlan/elado-teglalakas-nyiregyhaza-belvaros/8628524?page=17&pos=4&cr=150,
https://www.zenga.hu/ingatlan/elado-teglalakas-gyor-nadorvaros/8616420?page=17&pos=5&cr=150,
https://www.zenga.hu/ingatlan/elado-teglalakas-gyor-sziget/8635918?page=17&pos=6&cr=150,
https://www.zenga.hu/ingatlan/elado-teglalakas-budapest-iii-kerulet/8570568?page=17&pos=7&cr=150,
https://www.zenga.hu/ingatlan/elado-teglalakas-budapest-xii-kerulet/8621547?page=17&pos=8&cr=150,
https://www.zenga.hu/ingatlan/elado-teglalakas-budapest-v-kerulet-belvaros/8478533?page=17&pos=9&cr=150,
https://www.zenga.hu/ingatlan/elado-teglalakas-budapest-vii-kerulet/8651806?page=17&pos=10&cr=150,
https://www.zenga.hu/ingatlan/elado-teglalakas-budapest-iii-kerulet/8642335?page=17&pos=11&cr=150,
https://www.zenga.hu/ingatlan/elado-teglalakas-budapest-xii-kerulet-zugliget/8572542?page=17&pos=12&cr=150,
https://www.zenga.hu/ingatlan/elado-teglalakas-budapest-vi-kerulet/8514350?page=17&pos=13&cr=150,
https://www.zenga.hu/ingatlan/elado-teglalakas-nyiregyhaza/8647274?page=17&pos=14&cr=150,
https://www.zenga.hu/ingatlan/elado-tarsashazi-lakas-nyiregyhaza/8647259?page=17&pos=15&cr=150,
https://www.zenga.hu/ingatlan/elado-tarsashazi-lakas-nyiregyhaza/8647108?page=17&pos=16&cr=150,
https://www.zenga.hu/ingatlan/elado-tarsashazi-lakas-nyiregyhaza/8647200?page=17&pos=17&cr=150,
https://www.zenga.hu/ingatlan/elado-teglalakas-nyiregyhaza/8647114?page=17&pos=18&cr=150,
https://www.zenga.hu/ingatlan/elado-tarsashazi-lakas-nyiregyhaza/8647269?page=17&pos=19&cr=150,
https://www.zenga.hu/ingatlan/elado-teglalakas-nyiregyhaza/8645345?page=17&pos=20&cr=150,
https://www.zenga.hu/ingatlan/elado-egyeb-lakas-budapest-v-kerulet-belvaros/8510169?page=18&pos=1&cr=150,
https://www.zenga.hu/ingatlan/elado-teglalakas-budapest-xiii-kerulet-ujlipotvaros/8563867?page=18&pos=2&cr=150,
https://www.zenga.hu/ingatlan/elado-teglalakas-budapest-xi-kerulet/8556774?page=18&pos=3&cr=150,
https://www.zenga.hu/ingatlan/elado-teglalakas-budapest-vii-kerulet/8626478?page=18&pos=4&cr=150,
https://www.zenga.hu/ingatlan/elado-egyeb-lakas-balatonfured/8534066?page=18&pos=5&cr=150,
https://www.zenga.hu/ingatlan/elado-teglalakas-budapest-xvi-kerulet-rakosszentmihaly/8533561?page=18&pos=6&cr=150,
https://www.zenga.hu/ingatlan/elado-teglalakas-balatonmariafurdo/8440064?page=18&pos=7&cr=150,
https://www.zenga.hu/ingatlan/elado-teglalakas-lenti/8609496?page=18&pos=8&cr=150,
https://www.zenga.hu/ingatlan/elado-teglalakas-budapest-xiii-kerulet/8595449?page=18&pos=9&cr=150,
https://www.zenga.hu/ingatlan/elado-panellakas-budapest-iii-kerulet-bekasmegyer/8523193?page=18&pos=10&cr=150,
https://www.zenga.hu/ingatlan/elado-panellakas-budapest-iii-kerulet-obuda/8586577?page=18&pos=11&cr=150,
https://www.zenga.hu/ingatlan/elado-teglalakas-budapest-xiii-kerulet-loportardulo/8586580?page=18&pos=12&cr=150,
https://www.zenga.hu/ingatlan/elado-teglalakas-hegyeshalom/8521742?page=18&pos=13&cr=150,
https://www.zenga.hu/ingatlan/elado-teglalakas-budapest-xiii-kerulet/7930688?page=18&pos=14&cr=150,
https://www.zenga.hu/ingatlan/elado-teglalakas-keszthely/8487702?page=18&pos=15&cr=150,
https://www.zenga.hu/ingatlan/elado-teglalakas-aszofo/8285210?page=18&pos=16&cr=150,
https://www.zenga.hu/ingatlan/elado-teglalakas-budapest-xx-kerulet-pesterzsebet/8593098?page=18&pos=17&cr=148,
https://www.zenga.hu/ingatlan/elado-teglalakas-budapest-viii-kerulet-fuvesz-kert/8631158?page=18&pos=18&cr=147,
https://www.zenga.hu/ingatlan/elado-teglalakas-keszthely/8183244?page=18&pos=19&cr=145,
https://www.zenga.hu/ingatlan/elado-panellakas-budapest-iii-kerulet-obuda/8659807?page=18&pos=20&cr=142,
https://www.zenga.hu/ingatlan/elado-teglalakas-budapest-iii-kerulet/8663598?page=19&pos=1&cr=142,
https://www.zenga.hu/ingatlan/elado-teglalakas-budapest-iii-kerulet/8663600?page=19&pos=2&cr=142,
https://www.zenga.hu/ingatlan/elado-teglalakas-budapest-iii-kerulet/8663599?page=19&pos=3&cr=142,
https://www.zenga.hu/ingatlan/elado-teglalakas-budapest-iii-kerulet/8660202?page=19&pos=4&cr=142,
https://www.zenga.hu/ingatlan/elado-tarsashazi-lakas-nyiregyhaza/8657391?page=19&pos=5&cr=141,
https://www.zenga.hu/ingatlan/elado-tarsashazi-lakas-nyiregyhaza/8622764?page=19&pos=6&cr=141,
https://www.zenga.hu/ingatlan/elado-tarsashazi-lakas-nyiregyhaza/8418219?page=19&pos=7&cr=141,
https://www.zenga.hu/ingatlan/elado-tarsashazi-lakas-nyiregyhaza/8667146?page=19&pos=8&cr=140,
https://www.zenga.hu/ingatlan/elado-tarsashazi-lakas-nyiregyhaza/8667147?page=19&pos=9&cr=140,
https://www.zenga.hu/ingatlan/elado-tarsashazi-lakas-nyiregyhaza/8621970?page=19&pos=10&cr=140,
https://www.zenga.hu/ingatlan/elado-teglalakas-budapest-xi-kerulet-madarhegy/8417513?page=19&pos=11&cr=140,
https://www.zenga.hu/ingatlan/elado-teglalakas-keszthely/8183210?page=19&pos=12&cr=140,
https://www.zenga.hu/ingatlan/elado-teglalakas-gyor-nadorvaros/8507912?page=19&pos=13&cr=130,
https://www.zenga.hu/ingatlan/elado-teglalakas-budapest-xiii-kerulet/8661000?page=19&pos=14&cr=130,
https://www.zenga.hu/ingatlan/elado-tarsashazi-lakas-szeged-ujszeged/8662792?page=19&pos=15&cr=130,
https://www.zenga.hu/ingatlan/elado-tarsashazi-lakas-nyiregyhaza/8632056?page=19&pos=16&cr=130,
https://www.zenga.hu/ingatlan/elado-teglalakas-budapest-xvi-kerulet-rakosszentmihaly/8659789?page=19&pos=17&cr=127,
https://www.zenga.hu/ingatlan/elado-teglalakas-budapest-xvi-kerulet-rakosszentmihaly/8659787?page=19&pos=18&cr=127,
https://www.zenga.hu/ingatlan/elado-teglalakas-budapest-xvi-kerulet-rakosszentmihaly/8659790?page=19&pos=19&cr=127,
https://www.zenga.hu/ingatlan/elado-teglalakas-budapest-xvi-kerulet-rakosszentmihaly/8659788?page=19&pos=20&cr=127,
https://www.zenga.hu/ingatlan/elado-teglalakas-budapest-xvi-kerulet-rakosszentmihaly/8659786?page=20&pos=1&cr=127,
https://www.zenga.hu/ingatlan/elado-teglalakas-budapest-xvi-kerulet-rakosszentmihaly/8661127?page=20&pos=2&cr=127,
https://www.zenga.hu/ingatlan/elado-teglalakas-budapest-xvi-kerulet-rakosszentmihaly/8659791?page=20&pos=3&cr=127,
https://www.zenga.hu/ingatlan/elado-teglalakas-budapest-xvi-kerulet-rakosszentmihaly/8659784?page=20&pos=4&cr=127,
https://www.zenga.hu/ingatlan/elado-teglalakas-budapest-xvi-kerulet-rakosszentmihaly/8659785?page=20&pos=5&cr=127,
https://www.zenga.hu/ingatlan/elado-teglalakas-budapest-xvi-kerulet-sashalom/8655180?page=20&pos=6&cr=127,
https://www.zenga.hu/ingatlan/elado-panellakas-budapest-xviii-kerulet-havanna-lakotelep/8666618?page=20&pos=7&cr=126,
https://www.zenga.hu/ingatlan/elado-panellakas-budapest-xviii-kerulet/8667981?page=20&pos=8&cr=126,
https://www.zenga.hu/ingatlan/elado-teglalakas-budapest-xviii-kerulet-erdoskert/8664939?page=20&pos=9&cr=126,
https://www.zenga.hu/ingatlan/elado-teglalakas-budapest-xviii-kerulet/8662657?page=20&pos=10&cr=126,
https://www.zenga.hu/ingatlan/elado-teglalakas-budapest-xviii-kerulet/8654055?page=20&pos=11&cr=126,
https://www.zenga.hu/ingatlan/elado-panellakas-budapest-xviii-kerulet/8657252?page=20&pos=12&cr=126,
https://www.zenga.hu/ingatlan/elado-teglalakas-sopron/8645707?page=20&pos=13&cr=125,
https://www.zenga.hu/ingatlan/elado-teglalakas-kecskemet-belvaros/8660254?page=20&pos=14&cr=125,
https://www.zenga.hu/ingatlan/elado-teglalakas-pecs/8480687?page=20&pos=15&cr=125,
https://www.zenga.hu/ingatlan/elado-panellakas-nagykanizsa-keleti-varosresz/8652684?page=20&pos=16&cr=125,
https://www.zenga.hu/ingatlan/elado-teglalakas-sopron/8440268?page=20&pos=17&cr=125,
https://www.zenga.hu/ingatlan/elado-teglalakas-budapest-xiv-kerulet-torokor/8583352?page=20&pos=18&cr=125,
https://www.zenga.hu/ingatlan/elado-teglalakas-pecs/8282914?page=20&pos=19&cr=120,
https://www.zenga.hu/ingatlan/elado-teglalakas-pecs/8282906?page=20&pos=20&cr=120,
https://www.zenga.hu/ingatlan/elado-teglalakas-sopron/8645670?page=21&pos=1&cr=120,
https://www.zenga.hu/ingatlan/elado-teglalakas-budapest-viii-kerulet-corvin-negyed/8522855?page=21&pos=2&cr=120,
https://www.zenga.hu/ingatlan/elado-tarsashazi-lakas-nyiregyhaza/8662716?page=21&pos=3&cr=120,
https://www.zenga.hu/ingatlan/elado-teglalakas-kecskemet-kecskemeti-katonai-repuloter/8662762?page=21&pos=4&cr=120,
https://www.zenga.hu/ingatlan/elado-teglalakas-kecskemet-belvaros/8657094?page=21&pos=5&cr=120,
https://www.zenga.hu/ingatlan/elado-teglalakas-nagykanizsa-belvaros/8642459?page=21&pos=6&cr=120,
https://www.zenga.hu/ingatlan/elado-teglalakas-debrecen-homokkert/8647849?page=21&pos=7&cr=120,
https://www.zenga.hu/ingatlan/elado-tarsashazi-lakas-nyiregyhaza/7944210?page=21&pos=8&cr=120,
https://www.zenga.hu/ingatlan/elado-tarsashazi-lakas-nyiregyhaza/8641572?page=21&pos=9&cr=120,
https://www.zenga.hu/ingatlan/elado-tarsashazi-lakas-nyiregyhaza/8628558?page=21&pos=10&cr=120,
https://www.zenga.hu/ingatlan/elado-teglalakas-budapest-xi-kerulet-madarhegy/8379734?page=21&pos=11&cr=120,
https://www.zenga.hu/ingatlan/elado-teglalakas-budapest-vii-kerulet/8496188?page=21&pos=12&cr=120,
https://www.zenga.hu/ingatlan/elado-teglalakas-keszthely/8487700?page=21&pos=13&cr=120,
https://www.zenga.hu/ingatlan/elado-teglalakas-budapest-vii-kerulet-ligetvaros/8604896?page=21&pos=14&cr=116,
https://www.zenga.hu/ingatlan/elado-tarsashazi-lakas-budapest-xi-kerulet/8121560?page=21&pos=15&cr=115,
https://www.zenga.hu/ingatlan/elado-teglalakas-siofok/8628272?page=21&pos=16&cr=115,
https://www.zenga.hu/ingatlan/elado-teglalakas-eger/8323138?page=21&pos=17&cr=112,
https://www.zenga.hu/ingatlan/elado-teglalakas-budapest-ii-kerulet-pesthidegkut-ofalu/8533348?page=21&pos=18&cr=111,
https://www.zenga.hu/ingatlan/elado-teglalakas-eger/8373869?page=21&pos=19&cr=111,
https://www.zenga.hu/ingatlan/elado-egyeb-lakas-budapest-viii-kerulet/8535912?page=21&pos=20&cr=111,
https://www.zenga.hu/ingatlan/elado-teglalakas-nyiregyhaza/8617785?page=22&pos=1&cr=111,
https://www.zenga.hu/ingatlan/elado-teglalakas-budapest-vii-kerulet-ligetvaros/8539557?page=22&pos=2&cr=111,
https://www.zenga.hu/ingatlan/elado-csusztatott-zsalus-lakas-gyor-nadorvaros/8514088?page=22&pos=3&cr=110,
https://www.zenga.hu/ingatlan/elado-panellakas-budapest-iii-kerulet/8659071?page=22&pos=4&cr=110,
https://www.zenga.hu/ingatlan/elado-tarsashazi-lakas-nyiregyhaza/8559540?page=22&pos=5&cr=110,
https://www.zenga.hu/ingatlan/elado-teglalakas-budapest-viii-kerulet/8477625?page=22&pos=6&cr=110,
https://www.zenga.hu/ingatlan/elado-teglalakas-budapest-xiv-kerulet-torokor/8569029?page=22&pos=7&cr=110,
https://www.zenga.hu/ingatlan/elado-panellakas-budapest-xv-kerulet-ujpalota/8652753?page=22&pos=8&cr=109,
https://www.zenga.hu/ingatlan/elado-panellakas-budapest-xv-kerulet/8657262?page=22&pos=9&cr=109,
https://www.zenga.hu/ingatlan/elado-teglalakas-zalaegerszeg/8355614?page=22&pos=10&cr=105,
https://www.zenga.hu/ingatlan/elado-panellakas-budapest-iii-kerulet-bekasmegyer/8665372?page=22&pos=11&cr=103,
https://www.zenga.hu/ingatlan/elado-teglalakas-miskolc-diosgyor/8650565?page=22&pos=12&cr=102,
https://www.zenga.hu/ingatlan/elado-teglalakas-miskolc/8642935?page=22&pos=13&cr=102,
https://www.zenga.hu/ingatlan/elado-teglalakas-budapest-xii-kerulet-krisztinavaros-xii-ker/8604893?page=22&pos=14&cr=102,
https://www.zenga.hu/ingatlan/elado-panellakas-miskolc-hejocsaba/8515687?page=22&pos=15&cr=102,
https://www.zenga.hu/ingatlan/elado-teglalakas-szeged-felsovaros/8501915?page=22&pos=16&cr=101,
https://www.zenga.hu/ingatlan/elado-panellakas-budapest-iii-kerulet-obuda/8662486?page=22&pos=17&cr=101,
https://www.zenga.hu/ingatlan/elado-panellakas-debrecen/8657666?page=22&pos=18&cr=101,
https://www.zenga.hu/ingatlan/elado-teglalakas-budapest-viii-kerulet-corvin-negyed/8245099?page=22&pos=19&cr=101,
https://www.zenga.hu/ingatlan/elado-teglalakas-budapest-xiii-kerulet-angyalfold/8632326?page=22&pos=20&cr=101,
https://www.zenga.hu/ingatlan/elado-teglalakas-budapest-xiii-kerulet-angyalfold/8613537?page=23&pos=1&cr=101,
https://www.zenga.hu/ingatlan/elado-teglalakas-budapest-xix-kerulet-kispest/8574733?page=23&pos=2&cr=101,
https://www.zenga.hu/ingatlan/elado-teglalakas-pecs/8529118?page=23&pos=3&cr=100,
https://www.zenga.hu/ingatlan/elado-teglalakas-budapest-ii-kerulet-rozsadomb/8661102?page=23&pos=4&cr=100,
https://www.zenga.hu/ingatlan/elado-teglalakas-gyor-nadorvaros/8650753?page=23&pos=5&cr=100,
https://www.zenga.hu/ingatlan/elado-teglalakas-budapest-xiv-kerulet/8660972?page=23&pos=6&cr=100,
https://www.zenga.hu/ingatlan/elado-panellakas-pecs/8643478?page=23&pos=7&cr=100,
https://www.zenga.hu/ingatlan/elado-teglalakas-monorierdo/8657735?page=23&pos=8&cr=100,
https://www.zenga.hu/ingatlan/elado-panellakas-pecs/8643473?page=23&pos=9&cr=100,
https://www.zenga.hu/ingatlan/elado-teglalakas-budapest-v-kerulet/8392151?page=23&pos=10&cr=100,
https://www.zenga.hu/ingatlan/elado-teglalakas-debrecen-homokkert/8391587?page=23&pos=11&cr=100,
https://www.zenga.hu/ingatlan/elado-teglalakas-budapest-vii-kerulet/8468565?page=23&pos=12&cr=100,
https://www.zenga.hu/ingatlan/elado-teglalakas-budapest-xiii-kerulet/8660986?page=23&pos=13&cr=100,
https://www.zenga.hu/ingatlan/elado-teglalakas-pecs/8649562?page=23&pos=14&cr=100,
https://www.zenga.hu/ingatlan/elado-panellakas-pecs/8548814?page=23&pos=15&cr=100,
https://www.zenga.hu/ingatlan/elado-teglalakas-budapest-ix-kerulet/8660997?page=23&pos=16&cr=100,
https://www.zenga.hu/ingatlan/elado-teglalakas-budapest-vii-kerulet/8660963?page=23&pos=17&cr=100,
https://www.zenga.hu/ingatlan/elado-teglalakas-mezokovesd/8632421?page=23&pos=18&cr=100,
https://www.zenga.hu/ingatlan/elado-teglalakas-pecs/8603448?page=23&pos=19&cr=100,
https://www.zenga.hu/ingatlan/elado-teglalakas-budapest-ii-kerulet/8569116?page=23&pos=20&cr=100,
https://www.zenga.hu/ingatlan/elado-teglalakas-nagykoros/8666820?page=24&pos=1&cr=100,
https://www.zenga.hu/ingatlan/elado-teglalakas-budapest-v-kerulet-del-belvaros/8413882?page=24&pos=2&cr=100,
https://www.zenga.hu/ingatlan/elado-teglalakas-balatonmariafurdo/8061093?page=24&pos=3&cr=100,
https://www.zenga.hu/ingatlan/elado-teglalakas-budapest-vi-kerulet/8544965?page=24&pos=4&cr=100,
https://www.zenga.hu/ingatlan/elado-teglalakas-budapest-vi-kerulet-nagykoruton-beluli-terulet/8358588?page=24&pos=5&cr=100,
https://www.zenga.hu/ingatlan/elado-teglalakas-budapest-xiii-kerulet-vizafogo/8545002?page=24&pos=6&cr=100,
https://www.zenga.hu/ingatlan/elado-teglalakas-budapest-xiv-kerulet-torokor/8352125?page=24&pos=7&cr=100,
https://www.zenga.hu/ingatlan/elado-panellakas-budapest-xvii-kerulet/8507307?page=24&pos=8&cr=100,
https://www.zenga.hu/ingatlan/elado-teglalakas-budapest-vi-kerulet/8500932?page=24&pos=9&cr=100,
https://www.zenga.hu/ingatlan/elado-teglalakas-budapest-xiv-kerulet-alsorakos/8542671?page=24&pos=10&cr=100,
https://www.zenga.hu/ingatlan/elado-teglalakas-budapest-iii-kerulet-taborhegy/7815942?page=24&pos=11&cr=100,
https://www.zenga.hu/ingatlan/elado-teglalakas-dombovar/8587745?page=24&pos=12&cr=100,
https://www.zenga.hu/ingatlan/elado-teglalakas-budapest-viii-kerulet-corvin-negyed/8206106?page=24&pos=13&cr=100,
https://www.zenga.hu/ingatlan/elado-teglalakas-hegyeshalom/8664995?page=24&pos=14&cr=100,
https://www.zenga.hu/ingatlan/elado-teglalakas-budapest-xviii-kerulet-gloriett-telep/8664762?page=24&pos=15&cr=100,
https://www.zenga.hu/ingatlan/elado-teglalakas-budapest-vii-kerulet-nagykoruton-kivuli-terulet/8569745?page=24&pos=16&cr=100,
https://www.zenga.hu/ingatlan/elado-tarsashazi-lakas-budapest-xii-kerulet/8118896?page=24&pos=17&cr=100,
https://www.zenga.hu/ingatlan/elado-csusztatott-zsalus-lakas-budapest-xx-kerulet-pacsirtatelep/8650231?page=24&pos=18&cr=100,
https://www.zenga.hu/ingatlan/elado-panellakas-budapest-xviii-kerulet-havanna-lakotelep/8656602?page=24&pos=19&cr=100,
https://www.zenga.hu/ingatlan/elado-csusztatott-zsalus-lakas-budapest-xiv-kerulet-torokor/8361514?page=24&pos=20&cr=100,
https://www.zenga.hu/ingatlan/elado-panellakas-szeged-rokus/8646701?page=25&pos=1&cr=100,
https://www.zenga.hu/ingatlan/elado-teglalakas-budapest-iii-kerulet/8597085?page=25&pos=2&cr=100,
https://www.zenga.hu/ingatlan/elado-teglalakas-budapest-viii-kerulet-jozsefvaros/8533322?page=25&pos=3&cr=100,
https://www.zenga.hu/ingatlan/elado-tarsashazi-lakas-budapest-xix-kerulet/8472397?page=25&pos=4&cr=100,
https://www.zenga.hu/ingatlan/elado-panellakas-budapest-xv-kerulet-rakospalota/8450239?page=25&pos=5&cr=100,
https://www.zenga.hu/ingatlan/elado-teglalakas-budapest-xiv-kerulet-istvanmezo/8631206?page=25&pos=6&cr=100,
https://www.zenga.hu/ingatlan/elado-teglalakas-nyiregyhaza-belvaros/8657084?page=25&pos=7&cr=100,
https://www.zenga.hu/ingatlan/elado-teglalakas-budapest-vi-kerulet/8581335?page=25&pos=8&cr=100,
https://www.zenga.hu/ingatlan/elado-tarsashazi-lakas-budapest-iii-kerulet/8468501?page=25&pos=9&cr=100,
https://www.zenga.hu/ingatlan/elado-tarsashazi-lakas-budapest-xi-kerulet/8469209?page=25&pos=10&cr=100,
https://www.zenga.hu/ingatlan/elado-tarsashazi-lakas-budapest-xix-kerulet/7930758?page=25&pos=11&cr=100,
https://www.zenga.hu/ingatlan/elado-teglalakas-budapest-ix-kerulet-belso-ferencvaros/8663822?page=25&pos=12&cr=100,
https://www.zenga.hu/ingatlan/elado-panellakas-budapest-xviii-kerulet-havanna-lakotelep/8640280?page=25&pos=13&cr=100,
https://www.zenga.hu/ingatlan/elado-teglalakas-budapest-vii-kerulet-ligetvaros/8575645?page=25&pos=14&cr=100,
https://www.zenga.hu/ingatlan/elado-panellakas-budapest-xix-kerulet/8555277?page=25&pos=15&cr=100,
https://www.zenga.hu/ingatlan/elado-teglalakas-budapest-vi-kerulet/8484869?page=25&pos=16&cr=100,
https://www.zenga.hu/ingatlan/elado-teglalakas-budapest-xx-kerulet/8642311?page=25&pos=17&cr=100,
https://www.zenga.hu/ingatlan/elado-tarsashazi-lakas-nyiregyhaza/8645832?page=25&pos=18&cr=100,
https://www.zenga.hu/ingatlan/elado-panellakas-budapest-xxi-kerulet-erdoalja/8587719?page=25&pos=19&cr=100,
https://www.zenga.hu/ingatlan/elado-teglalakas-szigetszentmiklos/8660014?page=25&pos=20&cr=100,
https://www.zenga.hu/ingatlan/elado-teglalakas-balatonmariafurdo/8662584?page=26&pos=1&cr=100,
https://www.zenga.hu/ingatlan/elado-teglalakas-budapest-xx-kerulet/8657873?page=26&pos=2&cr=100,
https://www.zenga.hu/ingatlan/elado-teglalakas-hajduszoboszlo/8661988?page=26&pos=3&cr=100,
https://www.zenga.hu/ingatlan/elado-teglalakas-hajduszoboszlo/8661987?page=26&pos=4&cr=100,
https://www.zenga.hu/ingatlan/elado-teglalakas-budapest-xii-kerulet-krisztinavaros-xii-ker/8503832?page=26&pos=5&cr=100,
https://www.zenga.hu/ingatlan/elado-teglalakas-budapest-viii-kerulet/8590776?page=26&pos=6&cr=100,
https://www.zenga.hu/ingatlan/elado-egyeb-lakas-kiskunlachaza/8659945?page=26&pos=7&cr=100,
https://www.zenga.hu/ingatlan/elado-teglalakas-budapest-xviii-kerulet-bokaytelep/8617362?page=26&pos=8&cr=100,
https://www.zenga.hu/ingatlan/elado-teglalakas-budapest-ii-kerulet/8658417?page=26&pos=9&cr=100,
https://www.zenga.hu/ingatlan/elado-teglalakas-budapest-ix-kerulet-belso-ferencvaros/8612409?page=26&pos=10&cr=100,
https://www.zenga.hu/ingatlan/elado-teglalakas-budapest-xi-kerulet/8556773?page=26&pos=11&cr=100,
https://www.zenga.hu/ingatlan/elado-teglalakas-budapest-xi-kerulet-kelenfold/8510575?page=26&pos=12&cr=100,
https://www.zenga.hu/ingatlan/elado-teglalakas-szeged-ujszeged/8658392?page=26&pos=13&cr=100,
https://www.zenga.hu/ingatlan/elado-teglalakas-budapest-ii-kerulet-szepvolgy/8561754?page=26&pos=14&cr=100,
https://www.zenga.hu/ingatlan/elado-teglalakas-nagylak/8655911?page=26&pos=15&cr=100,
https://www.zenga.hu/ingatlan/elado-teglalakas-budapest-xiii-kerulet/8542361?page=26&pos=16&cr=100,
https://www.zenga.hu/ingatlan/elado-panellakas-budapest-iii-kerulet-pok-utcai-lakotelep/8652950?page=26&pos=17&cr=100,
https://www.zenga.hu/ingatlan/elado-teglalakas-budapest-iii-kerulet-filatorigat/8229780?page=26&pos=18&cr=100,
https://www.zenga.hu/ingatlan/elado-teglalakas-eger/8619113?page=26&pos=19&cr=100,
https://www.zenga.hu/ingatlan/elado-teglalakas-eger-lajosvaros/8397562?page=26&pos=20&cr=100,
https://www.zenga.hu/ingatlan/elado-teglalakas-kecskemet-belvaros/8647531?page=27&pos=1&cr=100,
https://www.zenga.hu/ingatlan/elado-teglalakas-szeged-rokus/8650222?page=27&pos=2&cr=100,
https://www.zenga.hu/ingatlan/elado-teglalakas-budapest-xviii-kerulet-gloriett-telep/8523571?page=27&pos=3&cr=100,
https://www.zenga.hu/ingatlan/elado-teglalakas-debrecen-belvaros/8224585?page=27&pos=4&cr=100,
https://www.zenga.hu/ingatlan/elado-panellakas-debrecen-venkert/8649081?page=27&pos=5&cr=100,
https://www.zenga.hu/ingatlan/elado-teglalakas-mezohegyes/8506904?page=27&pos=6&cr=100,
https://www.zenga.hu/ingatlan/elado-csusztatott-zsalus-lakas-miskolc-tampere/8428064?page=27&pos=7&cr=100,
https://www.zenga.hu/ingatlan/elado-teglalakas-budapest-vii-kerulet-ligetvaros/8647361?page=27&pos=8&cr=100,
https://www.zenga.hu/ingatlan/elado-teglalakas-szombathely-szentkiraly/8624562?page=27&pos=9&cr=100,
https://www.zenga.hu/ingatlan/elado-tarsashazi-lakas-nyiregyhaza/8609720?page=27&pos=10&cr=100,
https://www.zenga.hu/ingatlan/elado-panellakas-paks-lakotelep/8644856?page=27&pos=11&cr=100,
https://www.zenga.hu/ingatlan/elado-teglalakas-paks-ovaros/8644860?page=27&pos=12&cr=100,
https://www.zenga.hu/ingatlan/elado-teglalakas-budapest-xi-kerulet-madarhegy/8378020?page=27&pos=13&cr=100,
https://www.zenga.hu/ingatlan/elado-csusztatott-zsalus-lakas-budapest-xx-kerulet-pesterzsebet/8643991?page=27&pos=14&cr=100,
https://www.zenga.hu/ingatlan/elado-teglalakas-budapest-xi-kerulet-kelenfold/8387439?page=27&pos=15&cr=100,
https://www.zenga.hu/ingatlan/elado-teglalakas-budapest-v-kerulet-belvaros/8427590?page=27&pos=16&cr=100,
https://www.zenga.hu/ingatlan/elado-teglalakas-budapest-v-kerulet-belvaros/8426442?page=27&pos=17&cr=100,
https://www.zenga.hu/ingatlan/elado-teglalakas-budapest-xvii-kerulet-rakoscsaba-ujtelep/8544450?page=27&pos=18&cr=100,
https://www.zenga.hu/ingatlan/elado-teglalakas-budapest-vii-kerulet/8512787?page=27&pos=19&cr=100,
https://www.zenga.hu/ingatlan/elado-teglalakas-budapest-xiii-kerulet-ujlipotvaros/8607072?page=27&pos=20&cr=100,
https://www.zenga.hu/ingatlan/elado-panellakas-debrecen-belvaros/8643031?page=28&pos=1&cr=100,
https://www.zenga.hu/ingatlan/elado-teglalakas-budapest-ii-kerulet-rezmal/8175307?page=28&pos=2&cr=100,
https://www.zenga.hu/ingatlan/elado-teglalakas-budapest-xvii-kerulet-rakoscsaba-ujtelep/8544452?page=28&pos=3&cr=100,
https://www.zenga.hu/ingatlan/elado-teglalakas-budapest-iv-kerulet-megyer/8229152?page=28&pos=4&cr=100,
https://www.zenga.hu/ingatlan/elado-teglalakas-budapest-xvii-kerulet-rakoscsaba-ujtelep/8544451?page=28&pos=5&cr=100,
https://www.zenga.hu/ingatlan/elado-teglalakas-budapest-xviii-kerulet-miklostelep/8626479?page=28&pos=6&cr=100,
https://www.zenga.hu/ingatlan/elado-panellakas-budapest-viii-kerulet-corvin-negyed/8637614?page=28&pos=7&cr=100,
https://www.zenga.hu/ingatlan/elado-panellakas-budapest-iv-kerulet-ujpest/8616503?page=28&pos=8&cr=100,
https://www.zenga.hu/ingatlan/elado-teglalakas-budapest-vi-kerulet/8619379?page=28&pos=9&cr=100,
https://www.zenga.hu/ingatlan/elado-teglalakas-gyongyos/8602886?page=28&pos=10&cr=100,
https://www.zenga.hu/ingatlan/elado-tarsashazi-lakas-debrecen-postakert/8630028?page=28&pos=11&cr=100,
https://www.zenga.hu/ingatlan/elado-teglalakas-siofok/8628263?page=28&pos=12&cr=100,
https://www.zenga.hu/ingatlan/elado-tarsashazi-lakas-budapest-xvi-kerulet-cinkota/8625425?page=28&pos=13&cr=100,
https://www.zenga.hu/ingatlan/elado-teglalakas-balatonfured-belvaros/8609534?page=28&pos=14&cr=100,
https://www.zenga.hu/ingatlan/elado-panellakas-debrecen/8603887?page=28&pos=15&cr=100,
https://www.zenga.hu/ingatlan/elado-teglalakas-budapest-xv-kerulet-rakospalota/8521973?page=28&pos=16&cr=100,
https://www.zenga.hu/ingatlan/elado-teglalakas-paks-lakotelep/8458957?page=28&pos=17&cr=100,
https://www.zenga.hu/ingatlan/elado-panellakas-paks-lakotelep/8590420?page=28&pos=18&cr=100,
https://www.zenga.hu/ingatlan/elado-teglalakas-budapest-xv-kerulet-pestujhely/8587737?page=28&pos=19&cr=100,
https://www.zenga.hu/ingatlan/elado-teglalakas-budapest-xi-kerulet-kelenfold/8549272?page=28&pos=20&cr=100,
https://www.zenga.hu/ingatlan/elado-panellakas-budapest-xiv-kerulet-nagyzuglo/8497256?page=29&pos=1&cr=100,
https://www.zenga.hu/ingatlan/elado-teglalakas-budapest-xiii-kerulet/8549719?page=29&pos=2&cr=100,
https://www.zenga.hu/ingatlan/elado-tarsashazi-lakas-gyula/8356636?page=29&pos=3&cr=100,
https://www.zenga.hu/ingatlan/elado-teglalakas-budapest-xii-kerulet/8667116?page=29&pos=4&cr=99,
https://www.zenga.hu/ingatlan/elado-teglalakas-balatonmariafurdo/8060938?page=29&pos=5&cr=99,
https://www.zenga.hu/ingatlan/elado-teglalakas-balatonmariafurdo/8056731?page=29&pos=6&cr=98,
https://www.zenga.hu/ingatlan/elado-teglalakas-budapest-i-kerulet/8547228?page=29&pos=7&cr=95,
https://www.zenga.hu/ingatlan/elado-teglalakas-szeged-felsovaros/8544098?page=29&pos=8&cr=95,
https://www.zenga.hu/ingatlan/elado-teglalakas-balatonmariafurdo/8061098?page=29&pos=9&cr=95,
https://www.zenga.hu/ingatlan/elado-teglalakas-budapest-ii-kerulet-rozsadomb/8666963?page=29&pos=10&cr=95,
https://www.zenga.hu/ingatlan/elado-teglalakas-tokol-pesti-uti-lakotelep/8666843?page=29&pos=11&cr=95,
https://www.zenga.hu/ingatlan/elado-tarsashazi-lakas-budapest-xii-kerulet-svabhegy/8659995?page=29&pos=12&cr=95,
https://www.zenga.hu/ingatlan/elado-teglalakas-pomaz-vorosmarty-lakotelep/8665118?page=29&pos=13&cr=95,
https://www.zenga.hu/ingatlan/elado-teglalakas-budapest-iv-kerulet-ujpest/8637592?page=29&pos=14&cr=95,
https://www.zenga.hu/ingatlan/elado-panellakas-tatabanya-banhidai-lakotelep/8645369?page=29&pos=15&cr=95,
https://www.zenga.hu/ingatlan/elado-teglalakas-budapest-vii-kerulet/8422475?page=29&pos=16&cr=95,
https://www.zenga.hu/ingatlan/elado-teglalakas-budapest-xiv-kerulet-herminamezo/8583207?page=29&pos=17&cr=95,
https://www.zenga.hu/ingatlan/elado-teglalakas-budapest-xi-kerulet-nadorkert/8647195?page=29&pos=18&cr=95,
https://www.zenga.hu/ingatlan/elado-teglalakas-budapest-v-kerulet-lipotvaros/8659949?page=29&pos=19&cr=95,
https://www.zenga.hu/ingatlan/elado-egyeb-lakas-szombathely/8255172?page=29&pos=20&cr=95,
https://www.zenga.hu/ingatlan/elado-panellakas-budapest-xiii-kerulet-ujlipotvaros/8638384?page=30&pos=1&cr=95,
https://www.zenga.hu/ingatlan/elado-teglalakas-debrecen/8641236?page=30&pos=2&cr=95,
https://www.zenga.hu/ingatlan/elado-tarsashazi-lakas-budapest-ii-kerulet-zoldmal/8654461?page=30&pos=3&cr=95,
https://www.zenga.hu/ingatlan/elado-teglalakas-eger-hatvanihostya/8654086?page=30&pos=4&cr=95,
https://www.zenga.hu/ingatlan/elado-teglalakas-debrecen-belvaros/8644679?page=30&pos=5&cr=95,
https://www.zenga.hu/ingatlan/elado-teglalakas-budapest-ii-kerulet/8628716?page=30&pos=6&cr=95,
https://www.zenga.hu/ingatlan/elado-tarsashazi-lakas-gyor-jancsifalu/8653531?page=30&pos=7&cr=95,
https://www.zenga.hu/ingatlan/elado-panellakas-budapest-x-kerulet-ohegy/8644028?page=30&pos=8&cr=95,
https://www.zenga.hu/ingatlan/elado-teglalakas-budapest-xi-kerulet-gazdagret/8552574?page=30&pos=9&cr=95,
https://www.zenga.hu/ingatlan/elado-tarsashazi-lakas-budapest-xx-kerulet-pesterzsebet/8647593?page=30&pos=10&cr=95,
https://www.zenga.hu/ingatlan/elado-tarsashazi-lakas-budapest-viii-kerulet/8637781?page=30&pos=11&cr=95,
https://www.zenga.hu/ingatlan/elado-teglalakas-budapest-ii-kerulet-szemlohegy/8633156?page=30&pos=12&cr=95,
https://www.zenga.hu/ingatlan/elado-panellakas-budapest-xi-kerulet/8644664?page=30&pos=13&cr=95,
https://www.zenga.hu/ingatlan/elado-panellakas-budapest-xiv-kerulet/8644781?page=30&pos=14&cr=95,
https://www.zenga.hu/ingatlan/elado-teglalakas-budapest-xi-kerulet-kelenfold/8594029?page=30&pos=15&cr=95,
https://www.zenga.hu/ingatlan/elado-teglalakas-erd-erdliget/8372204?page=30&pos=16&cr=95,
https://www.zenga.hu/ingatlan/elado-teglalakas-budapest-xiii-kerulet/8633527?page=30&pos=17&cr=95,
https://www.zenga.hu/ingatlan/elado-tarsashazi-lakas-debrecen-postakert/8447686?page=30&pos=18&cr=95,
https://www.zenga.hu/ingatlan/elado-panellakas-miskolc-diosgyor/8619428?page=30&pos=19&cr=95,
https://www.zenga.hu/ingatlan/elado-panellakas-debrecen/8454529?page=30&pos=20&cr=95,
https://www.zenga.hu/ingatlan/elado-teglalakas-cegled/8563021?page=31&pos=1&cr=95,
https://www.zenga.hu/ingatlan/elado-panellakas-paks/8536183?page=31&pos=2&cr=95,
https://www.zenga.hu/ingatlan/elado-panellakas-budapest-xxi-kerulet-kiralymajor/8668082?page=31&pos=3&cr=91,
https://www.zenga.hu/ingatlan/elado-panellakas-budapest-xxi-kerulet-csillagtelep/8664141?page=31&pos=4&cr=91,
https://www.zenga.hu/ingatlan/elado-panellakas-nyiregyhaza-belvaros/8656792?page=31&pos=5&cr=90,
https://www.zenga.hu/ingatlan/elado-teglalakas-siofok/8561500?page=31&pos=6&cr=90,
https://www.zenga.hu/ingatlan/elado-teglalakas-vac-belvaros/8318885?page=31&pos=7&cr=90,
https://www.zenga.hu/ingatlan/elado-teglalakas-nyaregyhaza/8102510?page=31&pos=8&cr=90,
https://www.zenga.hu/ingatlan/elado-teglalakas-nyiregyhaza-orokosfold/8487668?page=31&pos=9&cr=90,
https://www.zenga.hu/ingatlan/elado-panellakas-miskolc/8619466?page=31&pos=10&cr=90,
https://www.zenga.hu/ingatlan/elado-teglalakas-nyiregyhaza-belvaros/8476769?page=31&pos=11&cr=90,
https://www.zenga.hu/ingatlan/elado-teglalakas-zalakaros/8337599?page=31&pos=12&cr=89,
https://www.zenga.hu/ingatlan/elado-egyeb-lakas-sopron/8540754?page=31&pos=13&cr=85,
https://www.zenga.hu/ingatlan/elado-teglalakas-zalaegerszeg-belvaros/8415820?page=31&pos=14&cr=85,
https://www.zenga.hu/ingatlan/elado-teglalakas-gyor-revfalu/8530872?page=31&pos=15&cr=85,
https://www.zenga.hu/ingatlan/elado-teglalakas-gyor-revfalu/8476360?page=31&pos=16&cr=85,
https://www.zenga.hu/ingatlan/elado-teglalakas-kecskemet/8244929?page=31&pos=17&cr=85,
https://www.zenga.hu/ingatlan/elado-teglalakas-szeged/8653585?page=31&pos=18&cr=81,
https://www.zenga.hu/ingatlan/elado-teglalakas-szeged/8662670?page=31&pos=19&cr=81,
https://www.zenga.hu/ingatlan/elado-panellakas-szeged/8655413?page=31&pos=20&cr=81,
https://www.zenga.hu/ingatlan/elado-teglalakas-budapest-xiv-kerulet-alsorakos/8490942?page=32&pos=1&cr=81,
https://www.zenga.hu/ingatlan/elado-teglalakas-budapest-xiv-kerulet/8646568?page=32&pos=2&cr=80,
https://www.zenga.hu/ingatlan/elado-teglalakas-nyiregyhaza-josavaros/8639482?page=32&pos=3&cr=80,
https://www.zenga.hu/ingatlan/elado-teglalakas-budapest-ix-kerulet-belso-ferencvaros/8478237?page=32&pos=4&cr=80,
https://www.zenga.hu/ingatlan/elado-teglalakas-nyiregyhaza-belvaros/8664140?page=32&pos=5&cr=80,
https://www.zenga.hu/ingatlan/elado-teglalakas-siofok-aranypart/8382753?page=32&pos=6&cr=80,
https://www.zenga.hu/ingatlan/elado-panellakas-szeged-felsovaros/8665349?page=32&pos=7&cr=80,
https://www.zenga.hu/ingatlan/elado-teglalakas-budakeszi/8663013?page=32&pos=8&cr=80,
https://www.zenga.hu/ingatlan/elado-panellakas-nyiregyhaza/8664201?page=32&pos=9&cr=80,
https://www.zenga.hu/ingatlan/elado-teglalakas-nyiregyhaza-himes/8663838?page=32&pos=10&cr=80,
https://www.zenga.hu/ingatlan/elado-teglalakas-ullo/8640287?page=32&pos=11&cr=80,
https://www.zenga.hu/ingatlan/elado-teglalakas-szekesfehervar-belvaros-es-kornyeke/8638559?page=32&pos=12&cr=80,
https://www.zenga.hu/ingatlan/elado-teglalakas-szigetszentmiklos/8607693?page=32&pos=13&cr=80,
https://www.zenga.hu/ingatlan/elado-teglalakas-szeged/8658591?page=32&pos=14&cr=80,
https://www.zenga.hu/ingatlan/elado-panellakas-miskolc-belvaros/8656969?page=32&pos=15&cr=80,
https://www.zenga.hu/ingatlan/elado-panellakas-siofok/8428963?page=32&pos=16&cr=80,
https://www.zenga.hu/ingatlan/elado-teglalakas-szeged-belvaros/8613189?page=32&pos=17&cr=80,
https://www.zenga.hu/ingatlan/elado-teglalakas-csorna/8649717?page=32&pos=18&cr=80,
https://www.zenga.hu/ingatlan/elado-teglalakas-budapest-x-kerulet/8528775?page=32&pos=19&cr=80,
https://www.zenga.hu/ingatlan/elado-panellakas-budapest-iv-kerulet/8636556?page=32&pos=20&cr=80,
https://www.zenga.hu/ingatlan/elado-teglalakas-szeged-felsovaros/8534462?page=33&pos=1&cr=80,
https://www.zenga.hu/ingatlan/elado-teglalakas-budapest-ix-kerulet-belso-ferencvaros/8323096?page=33&pos=2&cr=80,
https://www.zenga.hu/ingatlan/elado-panellakas-kecskemet/8548766?page=33&pos=3&cr=80,
https://www.zenga.hu/ingatlan/elado-panellakas-miskolc-belvaros/8636545?page=33&pos=4&cr=80,
https://www.zenga.hu/ingatlan/elado-teglalakas-nyiregyhaza-belvaros/8633360?page=33&pos=5&cr=80,
https://www.zenga.hu/ingatlan/elado-teglalakas-nyiregyhaza-belvaros/8561093?page=33&pos=6&cr=80,
https://www.zenga.hu/ingatlan/elado-teglalakas-nyiregyhaza-belvaros/8599659?page=33&pos=7&cr=80,
https://www.zenga.hu/ingatlan/elado-teglalakas-budapest-vii-kerulet-nagykoruton-beluli-terulet/8464189?page=33&pos=8&cr=80,
https://www.zenga.hu/ingatlan/elado-panellakas-budapest-xviii-kerulet-havanna-lakotelep/8655093?page=33&pos=9&cr=79,
https://www.zenga.hu/ingatlan/elado-teglalakas-budapest-xiv-kerulet-kiszuglo/8554668?page=33&pos=10&cr=77,
https://www.zenga.hu/ingatlan/elado-teglalakas-pecs-belvaros/8529193?page=33&pos=11&cr=77,
https://www.zenga.hu/ingatlan/elado-teglalakas-budapest-xx-kerulet/8638120?page=33&pos=12&cr=76,
https://www.zenga.hu/ingatlan/elado-panellakas-nyiregyhaza-orokosfold/8662492?page=33&pos=13&cr=76,
https://www.zenga.hu/ingatlan/elado-teglalakas-budapest-xvi-kerulet-sashalom/8667215?page=33&pos=14&cr=75,
https://www.zenga.hu/ingatlan/elado-panellakas-pecs-kertvaros/8529580?page=33&pos=15&cr=75,
https://www.zenga.hu/ingatlan/elado-teglalakas-kecskemet-belvaros/8427901?page=33&pos=16&cr=75,
https://www.zenga.hu/ingatlan/elado-egyeb-lakas-debrecen/8628326?page=33&pos=17&cr=75,
https://www.zenga.hu/ingatlan/elado-teglalakas-cegled/8659992?page=33&pos=18&cr=75,
https://www.zenga.hu/ingatlan/elado-panellakas-mosonmagyarovar-varoskozpont/8658784?page=33&pos=19&cr=75,
https://www.zenga.hu/ingatlan/elado-tarsashazi-lakas-budapest-viii-kerulet-corvin-negyed/7896121?page=33&pos=20&cr=75,
https://www.zenga.hu/ingatlan/elado-teglalakas-budapest-xiii-kerulet-angyalfold/8667074?page=34&pos=1&cr=75,
https://www.zenga.hu/ingatlan/elado-tarsashazi-lakas-siofok-sosto/8662373?page=34&pos=2&cr=75,
https://www.zenga.hu/ingatlan/elado-tarsashazi-lakas-budapest-xiii-kerulet-angyalfold/8643034?page=34&pos=3&cr=75,
https://www.zenga.hu/ingatlan/elado-egyeb-lakas-szombathely/8641203?page=34&pos=4&cr=75,
https://www.zenga.hu/ingatlan/elado-teglalakas-budapest-ix-kerulet/8666598?page=34&pos=5&cr=75,
https://www.zenga.hu/ingatlan/elado-teglalakas-dunakeszi-alag/8662470?page=34&pos=6&cr=75,
https://www.zenga.hu/ingatlan/elado-panellakas-budapest-xxi-kerulet-csepel-belvaros/8533418?page=34&pos=7&cr=75,
https://www.zenga.hu/ingatlan/elado-panellakas-pecs-belvaros/8660016?page=34&pos=8&cr=75,
https://www.zenga.hu/ingatlan/elado-teglalakas-budapest-xix-kerulet-kispest/8665417?page=34&pos=9&cr=75,
https://www.zenga.hu/ingatlan/elado-teglalakas-budapest-vii-kerulet-nagykoruton-beluli-terulet/8664124?page=34&pos=10&cr=75,
https://www.zenga.hu/ingatlan/elado-teglalakas-budapest-ix-kerulet-belso-ferencvaros/8645529?page=34&pos=11&cr=75,
https://www.zenga.hu/ingatlan/elado-teglalakas-balatonfoldvar/8665373?page=34&pos=12&cr=75,
https://www.zenga.hu/ingatlan/elado-panellakas-debrecen-ujkert/8658783?page=34&pos=13&cr=75,
https://www.zenga.hu/ingatlan/elado-teglalakas-budapest-xiii-kerulet-angyalfold/7670086?page=34&pos=14&cr=75,
https://www.zenga.hu/ingatlan/elado-tarsashazi-lakas-budapest-xxi-kerulet/8478916?page=34&pos=15&cr=75,
https://www.zenga.hu/ingatlan/elado-panellakas-budapest-x-kerulet-ujhegy/8646551?page=34&pos=16&cr=75,
https://www.zenga.hu/ingatlan/elado-teglalakas-szigetszentmiklos/8633189?page=34&pos=17&cr=75,
https://www.zenga.hu/ingatlan/elado-teglalakas-budapest-xviii-kerulet-szent-lorinc-telep/8636973?page=34&pos=18&cr=75,
https://www.zenga.hu/ingatlan/elado-teglalakas-budapest-ix-kerulet-kozepso-ferencvaros/8662490?page=34&pos=19&cr=75,
https://www.zenga.hu/ingatlan/elado-teglalakas-debrecen-sestakert/8660148?page=34&pos=20&cr=75,
https://www.zenga.hu/ingatlan/elado-teglalakas-budapest-ii-kerulet/8627510?page=35&pos=1&cr=75,
https://www.zenga.hu/ingatlan/elado-tarsashazi-lakas-budapest-xx-kerulet-gubacsipuszta/8642788?page=35&pos=2&cr=75,
https://www.zenga.hu/ingatlan/elado-teglalakas-budapest-iv-kerulet-ujpest/8662479?page=35&pos=3&cr=75,
https://www.zenga.hu/ingatlan/elado-teglalakas-budapest-xii-kerulet-nemetvolgy/8662712?page=35&pos=4&cr=75,
https://www.zenga.hu/ingatlan/elado-tarsashazi-lakas-vecses-felsohalom/8661452?page=35&pos=5&cr=75,
https://www.zenga.hu/ingatlan/elado-teglalakas-debrecen-belvaros/8662590?page=35&pos=6&cr=75,
https://www.zenga.hu/ingatlan/elado-tarsashazi-lakas-budapest-xiii-kerulet-ujlipotvaros/8655901?page=35&pos=7&cr=75,
https://www.zenga.hu/ingatlan/elado-panellakas-kiskunfelegyhaza-petofi-lakotelep/8642674?page=35&pos=8&cr=75,
https://www.zenga.hu/ingatlan/elado-panellakas-budapest-xiii-kerulet/8616363?page=35&pos=9&cr=75,
https://www.zenga.hu/ingatlan/elado-tarsashazi-lakas-budapest-viii-kerulet-csarnoknegyed/8660163?page=35&pos=10&cr=75,
https://www.zenga.hu/ingatlan/elado-csusztatott-zsalus-lakas-szeged-moravaros/8661468?page=35&pos=11&cr=75,
https://www.zenga.hu/ingatlan/elado-teglalakas-budapest-xiii-kerulet/8232228?page=35&pos=12&cr=75,
https://www.zenga.hu/ingatlan/elado-tarsashazi-lakas-budapest-xiii-kerulet-vizafogo/8553458?page=35&pos=13&cr=75,
https://www.zenga.hu/ingatlan/elado-panellakas-nyiregyhaza/8660166?page=35&pos=14&cr=75,
https://www.zenga.hu/ingatlan/elado-egyeb-lakas-szombathely/8264118?page=35&pos=15&cr=75,
https://www.zenga.hu/ingatlan/elado-teglalakas-budapest-xxi-kerulet-csepel-belvaros/8341482?page=35&pos=16&cr=75,
https://www.zenga.hu/ingatlan/elado-teglalakas-kormend-belvaros/8621713?page=35&pos=17&cr=75,
https://www.zenga.hu/ingatlan/elado-teglalakas-siofok/8659332?page=35&pos=18&cr=75,
https://www.zenga.hu/ingatlan/elado-panellakas-budapest-iv-kerulet-kaposztasmegyer/8660030?page=35&pos=19&cr=75,
https://www.zenga.hu/ingatlan/elado-panellakas-budapest-xiv-kerulet-alsorakos/8341488?page=35&pos=20&cr=75,
https://www.zenga.hu/ingatlan/elado-panellakas-budapest-xi-kerulet-kelenfold/8647309?page=36&pos=1&cr=75,
https://www.zenga.hu/ingatlan/elado-teglalakas-budapest-xiv-kerulet-alsorakos/8660064?page=36&pos=2&cr=75,
https://www.zenga.hu/ingatlan/elado-tarsashazi-lakas-nyiregyhaza-erkert/8658725?page=36&pos=3&cr=75,
https://www.zenga.hu/ingatlan/elado-teglalakas-gyor-belvaros/8658785?page=36&pos=4&cr=75,
https://www.zenga.hu/ingatlan/elado-panellakas-gyula/8658786?page=36&pos=5&cr=75,
https://www.zenga.hu/ingatlan/elado-panellakas-budapest-xxi-kerulet-csepel-belvaros/8658406?page=36&pos=6&cr=75,
https://www.zenga.hu/ingatlan/elado-panellakas-budapest-xi-kerulet-kelenfold/8658401?page=36&pos=7&cr=75,
https://www.zenga.hu/ingatlan/elado-tarsashazi-lakas-budapest-viii-kerulet-szazadosnegyed/8657022?page=36&pos=8&cr=75,
https://www.zenga.hu/ingatlan/elado-panellakas-budapest-iv-kerulet-ujpest/8657375?page=36&pos=9&cr=75,
https://www.zenga.hu/ingatlan/elado-panellakas-nyiregyhaza-orokosfold/8655493?page=36&pos=10&cr=75,
https://www.zenga.hu/ingatlan/elado-panellakas-budapest-iii-kerulet-bekasmegyer/8654251?page=36&pos=11&cr=75,
https://www.zenga.hu/ingatlan/elado-teglalakas-budapest-vii-kerulet-ligetvaros/8655552?page=36&pos=12&cr=75,
https://www.zenga.hu/ingatlan/elado-teglalakas-budapest-x-kerulet-kobanya/8649074?page=36&pos=13&cr=75,
https://www.zenga.hu/ingatlan/elado-teglalakas-vac-alsovaros/8654175?page=36&pos=14&cr=75,
https://www.zenga.hu/ingatlan/elado-panellakas-budapest-iii-kerulet-obuda/8654184?page=36&pos=15&cr=75,
https://www.zenga.hu/ingatlan/elado-teglalakas-debrecen-nagyerdopark/8654231?page=36&pos=16&cr=75,
https://www.zenga.hu/ingatlan/elado-teglalakas-tapioszecso/8195773?page=36&pos=17&cr=75,
https://www.zenga.hu/ingatlan/elado-panellakas-pecs/8637341?page=36&pos=18&cr=75,
https://www.zenga.hu/ingatlan/elado-csusztatott-zsalus-lakas-szazhalombatta-deli-lakotelep/8654476?page=36&pos=19&cr=75,
https://www.zenga.hu/ingatlan/elado-panellakas-veszprem/8652040?page=36&pos=20&cr=75,
https://www.zenga.hu/ingatlan/elado-teglalakas-budapest-viii-kerulet/8637046?page=37&pos=1&cr=75,
https://www.zenga.hu/ingatlan/elado-panellakas-fertod-suttor/8644087?page=37&pos=2&cr=75,
https://www.zenga.hu/ingatlan/elado-tarsashazi-lakas-siofok-ezustpart/8650080?page=37&pos=3&cr=75,
https://www.zenga.hu/ingatlan/elado-teglalakas-oroszlany/8650218?page=37&pos=4&cr=75,
https://www.zenga.hu/ingatlan/elado-teglalakas-berhida/8651507?page=37&pos=5&cr=75,
https://www.zenga.hu/ingatlan/elado-teglalakas-budapest-xiv-kerulet-herminamezo/8651784?page=37&pos=6&cr=75,
https://www.zenga.hu/ingatlan/elado-teglalakas-debrecen-belvaros/8650264?page=37&pos=7&cr=75,
https://www.zenga.hu/ingatlan/elado-teglalakas-budapest-xx-kerulet-pesterzsebet/8641362?page=37&pos=8&cr=75,
https://www.zenga.hu/ingatlan/elado-teglalakas-szeged-belvaros/8588254?page=37&pos=9&cr=75,
https://www.zenga.hu/ingatlan/elado-teglalakas-debrecen-hatvan-utcai-kert/8650203?page=37&pos=10&cr=75,
https://www.zenga.hu/ingatlan/elado-teglalakas-urom/8488782?page=37&pos=11&cr=75,
https://www.zenga.hu/ingatlan/elado-panellakas-budapest-xix-kerulet/8540971?page=37&pos=12&cr=75,
https://www.zenga.hu/ingatlan/elado-teglalakas-miskolc-komlosteto/8528083?page=37&pos=13&cr=75,
https://www.zenga.hu/ingatlan/elado-panellakas-budapest-xv-kerulet-ujpalota/8647596?page=37&pos=14&cr=75,
https://www.zenga.hu/ingatlan/elado-teglalakas-budapest-vii-kerulet-nagykoruton-beluli-terulet/7722574?page=37&pos=15&cr=75,
https://www.zenga.hu/ingatlan/elado-tarsashazi-lakas-szekszard-bakta/8645298?page=37&pos=16&cr=75,
https://www.zenga.hu/ingatlan/elado-panellakas-budapest-x-kerulet/8634938?page=37&pos=17&cr=75,
https://www.zenga.hu/ingatlan/elado-teglalakas-budapest-vii-kerulet/8480694?page=37&pos=18&cr=75,
https://www.zenga.hu/ingatlan/elado-teglalakas-vac/8645518?page=37&pos=19&cr=75,
https://www.zenga.hu/ingatlan/elado-panellakas-budapest-xv-kerulet-ujpalota/8641634?page=37&pos=20&cr=75,
https://www.zenga.hu/ingatlan/elado-teglalakas-veszprem-belvaros/8644686?page=38&pos=1&cr=75,
https://www.zenga.hu/ingatlan/elado-csusztatott-zsalus-lakas-gyor-nadorvaros/8644774?page=38&pos=2&cr=75,
https://www.zenga.hu/ingatlan/elado-teglalakas-gyor-revfalu/8507563?page=38&pos=3&cr=75,
https://www.zenga.hu/ingatlan/elado-teglalakas-budapest-ii-kerulet-pasaret/8642543?page=38&pos=4&cr=75,
https://www.zenga.hu/ingatlan/elado-teglalakas-polgar/8644006?page=38&pos=5&cr=75,
https://www.zenga.hu/ingatlan/elado-teglalakas-szolnok-deli-varosresz/8644082?page=38&pos=6&cr=75,
https://www.zenga.hu/ingatlan/elado-teglalakas-budapest-vii-kerulet-nagykoruton-beluli-terulet/8643987?page=38&pos=7&cr=75,
https://www.zenga.hu/ingatlan/elado-teglalakas-budapest-ii-kerulet/8643979?page=38&pos=8&cr=75,
https://www.zenga.hu/ingatlan/elado-teglalakas-budapest-xiii-kerulet-vizafogo/8630213?page=38&pos=9&cr=75,
https://www.zenga.hu/ingatlan/elado-panellakas-szeged/8630113?page=38&pos=10&cr=75,
https://www.zenga.hu/ingatlan/elado-panellakas-veszprem/8638360?page=38&pos=11&cr=75,
https://www.zenga.hu/ingatlan/elado-tarsashazi-lakas-miskolc-del-kilian/8629976?page=38&pos=12&cr=75,
https://www.zenga.hu/ingatlan/elado-panellakas-pecs-kertvaros/8563026?page=38&pos=13&cr=75,
https://www.zenga.hu/ingatlan/elado-teglalakas-budapest-xiv-kerulet-herminamezo/8637825?page=38&pos=14&cr=75,
https://www.zenga.hu/ingatlan/elado-panellakas-budapest-xx-kerulet-pesterzsebet/8637686?page=38&pos=15&cr=75,
https://www.zenga.hu/ingatlan/elado-teglalakas-mor/8634725?page=38&pos=16&cr=75,
https://www.zenga.hu/ingatlan/elado-tarsashazi-lakas-mosonmagyarovar-varoskozpont/8636458?page=38&pos=17&cr=75,
https://www.zenga.hu/ingatlan/elado-tarsashazi-lakas-budapest-xiv-kerulet-alsorakos/8636434?page=38&pos=18&cr=75,
https://www.zenga.hu/ingatlan/elado-panellakas-szekesfehervar-vizivaros/8635845?page=38&pos=19&cr=75,
https://www.zenga.hu/ingatlan/elado-tarsashazi-lakas-budapest-xx-kerulet-pesterzsebet/8635673?page=38&pos=20&cr=75,
https://www.zenga.hu/ingatlan/elado-teglalakas-budapest-xiv-kerulet-alsorakos/8634802?page=39&pos=1&cr=75,
https://www.zenga.hu/ingatlan/elado-teglalakas-budapest-xiv-kerulet-kiszuglo/8634748?page=39&pos=2&cr=75,
https://www.zenga.hu/ingatlan/elado-tarsashazi-lakas-fonyod/8633216?page=39&pos=3&cr=75,
https://www.zenga.hu/ingatlan/elado-teglalakas-budapest-xiv-kerulet-istvanmezo/8513559?page=39&pos=4&cr=75,
https://www.zenga.hu/ingatlan/elado-teglalakas-budapest-v-kerulet-lipotvaros/8323137?page=39&pos=5&cr=75,
https://www.zenga.hu/ingatlan/elado-tarsashazi-lakas-budapest-vii-kerulet-nagykoruton-kivuli-terulet/8631937?page=39&pos=6&cr=75,
https://www.zenga.hu/ingatlan/elado-teglalakas-nyiregyhaza-belvaros/8631744?page=39&pos=7&cr=75,
https://www.zenga.hu/ingatlan/elado-teglalakas-debrecen-belvaros/8447614?page=39&pos=8&cr=75,
https://www.zenga.hu/ingatlan/elado-teglalakas-budapest-ix-kerulet-belso-ferencvaros/8542953?page=39&pos=9&cr=75,
https://www.zenga.hu/ingatlan/elado-teglalakas-gyor-csanakfalu/8476747?page=39&pos=10&cr=75,
https://www.zenga.hu/ingatlan/elado-panellakas-nyiregyhaza-josavaros/8401474?page=39&pos=11&cr=75,
https://www.zenga.hu/ingatlan/elado-teglalakas-pecs/8667101?page=39&pos=12&cr=73,
https://www.zenga.hu/ingatlan/elado-teglalakas-pecs/8665089?page=39&pos=13&cr=73,
https://www.zenga.hu/ingatlan/elado-panellakas-pecs/8664031?page=39&pos=14&cr=73,
https://www.zenga.hu/ingatlan/elado-panellakas-pecs-kertvaros/8664937?page=39&pos=15&cr=73,
https://www.zenga.hu/ingatlan/elado-teglalakas-pecs/8665098?page=39&pos=16&cr=73,
https://www.zenga.hu/ingatlan/elado-panellakas-pecs/8659966?page=39&pos=17&cr=73,
https://www.zenga.hu/ingatlan/elado-teglalakas-pecs/8657292?page=39&pos=18&cr=73,
https://www.zenga.hu/ingatlan/elado-panellakas-pecs/8653066?page=39&pos=19&cr=73,
https://www.zenga.hu/ingatlan/elado-teglalakas-debrecen-belvaros/8388544?page=39&pos=20&cr=72,
https://www.zenga.hu/ingatlan/elado-teglalakas-hajduszoboszlo/8636658?page=40&pos=1&cr=71,
https://www.zenga.hu/ingatlan/elado-teglalakas-miskolc-gyori-kapu/8668072?page=40&pos=2&cr=70,
https://www.zenga.hu/ingatlan/elado-teglalakas-halasztelek/8564167?page=40&pos=3&cr=70,
https://www.zenga.hu/ingatlan/elado-panellakas-miskolc-avas/8668073?page=40&pos=4&cr=70,
https://www.zenga.hu/ingatlan/elado-teglalakas-celldomolk/8338133?page=40&pos=5&cr=70,
https://www.zenga.hu/ingatlan/elado-panellakas-miskolc-avas/8666990?page=40&pos=6&cr=70,
https://www.zenga.hu/ingatlan/elado-panellakas-miskolc/8664008?page=40&pos=7&cr=70,
https://www.zenga.hu/ingatlan/elado-panellakas-miskolc-belvaros/8664183?page=40&pos=8&cr=70,
https://www.zenga.hu/ingatlan/elado-tarsashazi-lakas-balatonszemes/8520118?page=40&pos=9&cr=70,
https://www.zenga.hu/ingatlan/elado-teglalakas-budapest-xiv-kerulet/8622446?page=40&pos=10&cr=70,
https://www.zenga.hu/ingatlan/elado-panellakas-miskolc-belvaros/8663882?page=40&pos=11&cr=70,
https://www.zenga.hu/ingatlan/elado-tarsashazi-lakas-siofok-ezustpart/7956370?page=40&pos=12&cr=70,
https://www.zenga.hu/ingatlan/elado-teglalakas-miskolc/8663881?page=40&pos=13&cr=70,
https://www.zenga.hu/ingatlan/elado-teglalakas-miskolc-belvaros/8662261?page=40&pos=14&cr=70,
https://www.zenga.hu/ingatlan/elado-panellakas-miskolc-avas/8661472?page=40&pos=15&cr=70,
https://www.zenga.hu/ingatlan/elado-panellakas-miskolc-avas/8660172?page=40&pos=16&cr=70,
https://www.zenga.hu/ingatlan/elado-csusztatott-zsalus-lakas-miskolc/8660182?page=40&pos=17&cr=70,
https://www.zenga.hu/ingatlan/elado-panellakas-eger/8531291?page=40&pos=18&cr=70,
https://www.zenga.hu/ingatlan/elado-teglalakas-hajduszoboszlo/8392340?page=40&pos=19&cr=70,
https://www.zenga.hu/ingatlan/elado-teglalakas-budapest-xiii-kerulet-vizafogo/8638382?page=40&pos=20&cr=70,
https://www.zenga.hu/ingatlan/elado-teglalakas-budapest-vi-kerulet-nagykoruton-kivuli-terulet/8547088?page=41&pos=1&cr=70,
https://www.zenga.hu/ingatlan/elado-teglalakas-nyiregyhaza-belvaros/8510727?page=41&pos=2&cr=70,
https://www.zenga.hu/ingatlan/elado-teglalakas-gyomro/8506180?page=41&pos=3&cr=70,
https://www.zenga.hu/ingatlan/elado-teglalakas-kecskemet/8244949?page=41&pos=4&cr=70,
https://www.zenga.hu/ingatlan/elado-panellakas-debrecen-tocoskert/8667919?page=41&pos=5&cr=69,
https://www.zenga.hu/ingatlan/elado-teglalakas-debrecen/8668089?page=41&pos=6&cr=69,
https://www.zenga.hu/ingatlan/elado-teglalakas-debrecen-belvaros/8668099?page=41&pos=7&cr=69,
https://www.zenga.hu/ingatlan/elado-teglalakas-debrecen-belvaros/8668054?page=41&pos=8&cr=69,
https://www.zenga.hu/ingatlan/elado-teglalakas-debrecen-belvaros/8664190?page=41&pos=9&cr=69,
https://www.zenga.hu/ingatlan/elado-teglalakas-debrecen/8666612?page=41&pos=10&cr=69,
https://www.zenga.hu/ingatlan/elado-teglalakas-debrecen-kerekestelep/8666607?page=41&pos=11&cr=69,
https://www.zenga.hu/ingatlan/elado-panellakas-debrecen-venkert/8663410?page=41&pos=12&cr=69,
https://www.zenga.hu/ingatlan/elado-panellakas-debrecen-tocoskert/8663411?page=41&pos=13&cr=69,
https://www.zenga.hu/ingatlan/elado-panellakas-debrecen-belvaros/8656812?page=41&pos=14&cr=69,
https://www.zenga.hu/ingatlan/elado-panellakas-debrecen-tocoskert/8664170?page=41&pos=15&cr=69,
https://www.zenga.hu/ingatlan/elado-teglalakas-debrecen/8657169?page=41&pos=16&cr=69,
https://www.zenga.hu/ingatlan/elado-teglalakas-debrecen-belvaros/8652642?page=41&pos=17&cr=69,
https://www.zenga.hu/ingatlan/elado-teglalakas-budapest-iv-kerulet-ujpest/8588866?page=41&pos=18&cr=68,
https://www.zenga.hu/ingatlan/elado-panellakas-heviz/8661817?page=41&pos=19&cr=66,
https://www.zenga.hu/ingatlan/elado-teglalakas-miskolc/8563250?page=41&pos=20&cr=66,
https://www.zenga.hu/ingatlan/elado-csusztatott-zsalus-lakas-budapest-ii-kerulet-harshegy/8655086?page=42&pos=1&cr=66,
https://www.zenga.hu/ingatlan/elado-teglalakas-dombovar-gunarasfurdo/8529594?page=42&pos=2&cr=65,
https://www.zenga.hu/ingatlan/elado-teglalakas-budapest-xiv-kerulet/8664635?page=42&pos=3&cr=65,
https://www.zenga.hu/ingatlan/elado-teglalakas-budapest-xi-kerulet-albertfalva/8623636?page=42&pos=4&cr=65,
https://www.zenga.hu/ingatlan/elado-egyeb-lakas-szombathely/8429673?page=42&pos=5&cr=65,
https://www.zenga.hu/ingatlan/elado-teglalakas-budapest-v-kerulet-belvaros/8382938?page=42&pos=6&cr=65,
https://www.zenga.hu/ingatlan/elado-egyeb-lakas-szombathely/8429672?page=42&pos=7&cr=65,
https://www.zenga.hu/ingatlan/elado-tarsashazi-lakas-nyiregyhaza/8622632?page=42&pos=8&cr=65,
https://www.zenga.hu/ingatlan/elado-panellakas-pecs/8546555?page=42&pos=9&cr=65,
https://www.zenga.hu/ingatlan/elado-teglalakas-siofok/8388543?page=42&pos=10&cr=65,
https://www.zenga.hu/ingatlan/elado-teglalakas-balatonlelle/8275581?page=42&pos=11&cr=65,
https://www.zenga.hu/ingatlan/elado-panellakas-budapest-xx-kerulet/8667093?page=42&pos=12&cr=62,
https://www.zenga.hu/ingatlan/elado-teglalakas-budapest-xx-kerulet/8665719?page=42&pos=13&cr=62,
https://www.zenga.hu/ingatlan/elado-csusztatott-zsalus-lakas-budapest-xx-kerulet/8663602?page=42&pos=14&cr=62,
https://www.zenga.hu/ingatlan/elado-teglalakas-budapest-xx-kerulet/8652727?page=42&pos=15&cr=62,
https://www.zenga.hu/ingatlan/elado-teglalakas-budapest-xx-kerulet/8655830?page=42&pos=16&cr=62,
https://www.zenga.hu/ingatlan/elado-teglalakas-budapest-xx-kerulet/8655676?page=42&pos=17&cr=62,
https://www.zenga.hu/ingatlan/elado-teglalakas-gyor-szitasdomb/8668061?page=42&pos=18&cr=61,
https://www.zenga.hu/ingatlan/elado-teglalakas-gyor/8666778?page=42&pos=19&cr=61,
https://www.zenga.hu/ingatlan/elado-teglalakas-pecs/8537056?page=42&pos=20&cr=61,
https://www.zenga.hu/ingatlan/elado-teglalakas-gyor-gyarvaros/8653413?page=43&pos=1&cr=61,
https://www.zenga.hu/ingatlan/elado-panellakas-gyor/8654056?page=43&pos=2&cr=61,
https://www.zenga.hu/ingatlan/elado-teglalakas-gyor/8659803?page=43&pos=3&cr=61,
https://www.zenga.hu/ingatlan/elado-panellakas-gyor-adyvaros/8661836?page=43&pos=4&cr=61,
https://www.zenga.hu/ingatlan/elado-teglalakas-gyor/8664173?page=43&pos=5&cr=61,
https://www.zenga.hu/ingatlan/elado-teglalakas-kiskunlachaza/8620584?page=43&pos=6&cr=61,
https://www.zenga.hu/ingatlan/elado-teglalakas-gyor-szabadhegy/8536535?page=43&pos=7&cr=60,
https://www.zenga.hu/ingatlan/elado-teglalakas-szerencs/8563141?page=43&pos=8&cr=60,
https://www.zenga.hu/ingatlan/elado-teglalakas-pecs-uranvaros/8596235?page=43&pos=9&cr=60,
https://www.zenga.hu/ingatlan/elado-teglalakas-pecs/8513074?page=43&pos=10&cr=60,
https://www.zenga.hu/ingatlan/elado-teglalakas-sopron/8664910?page=43&pos=11&cr=60,
https://www.zenga.hu/ingatlan/elado-teglalakas-siofok-ezustpart/8558844?page=43&pos=12&cr=60,
https://www.zenga.hu/ingatlan/elado-teglalakas-pecs-ispitaalja/8597009?page=43&pos=13&cr=60,
https://www.zenga.hu/ingatlan/elado-egyeb-lakas-debrecen/8567384?page=43&pos=14&cr=60,
https://www.zenga.hu/ingatlan/elado-csusztatott-zsalus-lakas-eger-lajosvaros/8655211?page=43&pos=15&cr=60,
https://www.zenga.hu/ingatlan/elado-teglalakas-balatonfuzfo-fuzfogyartelep/8661866?page=43&pos=16&cr=60,
https://www.zenga.hu/ingatlan/elado-teglalakas-budapest-xii-kerulet/8484124?page=43&pos=17&cr=60,
https://www.zenga.hu/ingatlan/elado-panellakas-budapest-iv-kerulet-ujpest/8595027?page=43&pos=18&cr=60,
https://www.zenga.hu/ingatlan/elado-tarsashazi-lakas-nyiregyhaza/8655861?page=43&pos=19&cr=60,
https://www.zenga.hu/ingatlan/elado-tarsashazi-lakas-budapest-ii-kerulet-kurucles/8570222?page=43&pos=20&cr=60,
https://www.zenga.hu/ingatlan/elado-teglalakas-kecskemet/8559990?page=44&pos=1&cr=60,
https://www.zenga.hu/ingatlan/elado-teglalakas-budapest-viii-kerulet/6477872?page=44&pos=2&cr=60,
https://www.zenga.hu/ingatlan/elado-tarsashazi-lakas-budapest-xi-kerulet-albertfalva/8653499?page=44&pos=3&cr=60,
https://www.zenga.hu/ingatlan/elado-tarsashazi-lakas-hajduszoboszlo/8653676?page=44&pos=4&cr=60,
https://www.zenga.hu/ingatlan/elado-teglalakas-pecs/8529137?page=44&pos=5&cr=60,
https://www.zenga.hu/ingatlan/elado-teglalakas-siofok/8587372?page=44&pos=6&cr=60,
https://www.zenga.hu/ingatlan/elado-teglalakas-pecs-uranvaros/8603404?page=44&pos=7&cr=60,
https://www.zenga.hu/ingatlan/elado-panellakas-pecs-egyetemvaros/8617300?page=44&pos=8&cr=60,
https://www.zenga.hu/ingatlan/elado-teglalakas-pecs/8550368?page=44&pos=9&cr=60,
https://www.zenga.hu/ingatlan/elado-egyeb-lakas-szeged/8472960?page=44&pos=10&cr=60,
https://www.zenga.hu/ingatlan/elado-teglalakas-debrecen-belvaros/8139588?page=44&pos=11&cr=60,
https://www.zenga.hu/ingatlan/elado-teglalakas-kiskunlachaza/8072737?page=44&pos=12&cr=60,
https://www.zenga.hu/ingatlan/elado-teglalakas-szombathely-belvaros/8279532?page=44&pos=13&cr=60,
https://www.zenga.hu/ingatlan/elado-teglalakas-ujhartyan/8633142?page=44&pos=14&cr=60,
https://www.zenga.hu/ingatlan/elado-teglalakas-nyiregyhaza-belvaros/8609077?page=44&pos=15&cr=60,
https://www.zenga.hu/ingatlan/elado-teglalakas-zalaegerszeg-kertvaros/8435383?page=44&pos=16&cr=60,
https://www.zenga.hu/ingatlan/elado-tarsashazi-lakas-vasarosnameny/8397885?page=44&pos=17&cr=60,
https://www.zenga.hu/ingatlan/elado-teglalakas-koszeg-belvaros/8260612?page=44&pos=18&cr=60,
https://www.zenga.hu/ingatlan/elado-panellakas-budapest-xx-kerulet-pesterzsebet/8646550?page=44&pos=19&cr=59,
https://www.zenga.hu/ingatlan/elado-panellakas-pecs-kertvaros/8623651?page=44&pos=20&cr=57,
https://www.zenga.hu/ingatlan/elado-teglalakas-siofok-ezustpart/8667982?page=45&pos=1&cr=56,
https://www.zenga.hu/ingatlan/elado-teglalakas-barcs/8665095?page=45&pos=2&cr=56,
https://www.zenga.hu/ingatlan/elado-panellakas-pecs-kertvaros/8661985?page=45&pos=3&cr=56,
https://www.zenga.hu/ingatlan/elado-teglalakas-fonyod/8661775?page=45&pos=4&cr=56,
https://www.zenga.hu/ingatlan/elado-teglalakas-budapest-xiv-kerulet-istvanmezo/8572843?page=45&pos=5&cr=56,
https://www.zenga.hu/ingatlan/elado-teglalakas-zalaegerszeg-kertvaros/7664223?page=45&pos=6&cr=55,
https://www.zenga.hu/ingatlan/elado-teglalakas-debrecen-nagyerdopark/8662858?page=45&pos=7&cr=55,
https://www.zenga.hu/ingatlan/elado-egyeb-lakas-budaors/8594105?page=45&pos=8&cr=55,
https://www.zenga.hu/ingatlan/elado-teglalakas-budapest-ii-kerulet-rozsadomb/8650175?page=45&pos=9&cr=55,
https://www.zenga.hu/ingatlan/elado-teglalakas-budapest-xv-kerulet-rakospalota/8339425?page=45&pos=10&cr=55,
https://www.zenga.hu/ingatlan/elado-csusztatott-zsalus-lakas-budapest-xi-kerulet-kelenfold/8647287?page=45&pos=11&cr=55,
https://www.zenga.hu/ingatlan/elado-teglalakas-budapest-xii-kerulet-orbanhegy/8666643?page=45&pos=12&cr=55,
https://www.zenga.hu/ingatlan/elado-panellakas-dunaujvaros-romai-varosresz/8661932?page=45&pos=13&cr=55,
https://www.zenga.hu/ingatlan/elado-panellakas-budapest-iv-kerulet-ujpest/8662011?page=45&pos=14&cr=55,
https://www.zenga.hu/ingatlan/elado-panellakas-keszthely/8653554?page=45&pos=15&cr=55,
https://www.zenga.hu/ingatlan/elado-tarsashazi-lakas-budapest-x-kerulet-ohegy/8665569?page=45&pos=16&cr=55,
https://www.zenga.hu/ingatlan/elado-teglalakas-kecskemet/8664072?page=45&pos=17&cr=55,
https://www.zenga.hu/ingatlan/elado-teglalakas-budapest-xi-kerulet-szentimrevaros/8662642?page=45&pos=18&cr=55,
https://www.zenga.hu/ingatlan/elado-teglalakas-kecskemet/8619400?page=45&pos=19&cr=55,
https://www.zenga.hu/ingatlan/elado-csusztatott-zsalus-lakas-budapest-xv-kerulet-rakospalota/8651821?page=45&pos=20&cr=55,
https://www.zenga.hu/ingatlan/elado-panellakas-kecskemet-belvaros/8661824?page=46&pos=1&cr=55,
https://www.zenga.hu/ingatlan/elado-teglalakas-nagykata/8665692?page=46&pos=2&cr=55,
https://www.zenga.hu/ingatlan/elado-teglalakas-budapest-iii-kerulet-obuda/8657015?page=46&pos=3&cr=55,
https://www.zenga.hu/ingatlan/elado-teglalakas-budapest-xi-kerulet/8569018?page=46&pos=4&cr=55,
https://www.zenga.hu/ingatlan/elado-tarsashazi-lakas-mezotur/8513645?page=46&pos=5&cr=55,
https://www.zenga.hu/ingatlan/elado-panellakas-budapest-xv-kerulet-ujpalota/8640957?page=46&pos=6&cr=55,
https://www.zenga.hu/ingatlan/elado-teglalakas-budapest-viii-kerulet/8627905?page=46&pos=7&cr=55,
https://www.zenga.hu/ingatlan/elado-panellakas-kecskemet-szechenyivaros/8663802?page=46&pos=8&cr=55,
https://www.zenga.hu/ingatlan/elado-teglalakas-szombathely-deli-varosresz/8582308?page=46&pos=9&cr=55,
https://www.zenga.hu/ingatlan/elado-teglalakas-sopron/8661494?page=46&pos=10&cr=55,
https://www.zenga.hu/ingatlan/elado-teglalakas-budapest-iv-kerulet-istvantelek/8664191?page=46&pos=11&cr=55,
https://www.zenga.hu/ingatlan/elado-teglalakas-gardony/8612418?page=46&pos=12&cr=55,
https://www.zenga.hu/ingatlan/elado-teglalakas-budapest-vii-kerulet/8662517?page=46&pos=13&cr=55,
https://www.zenga.hu/ingatlan/elado-tarsashazi-lakas-kecskemet-belvaros/8662390?page=46&pos=14&cr=55,
https://www.zenga.hu/ingatlan/elado-teglalakas-nyiregyhaza-belvaros/8609935?page=46&pos=15&cr=55,
https://www.zenga.hu/ingatlan/elado-tarsashazi-lakas-gyal-gyalliget/8662412?page=46&pos=16&cr=55,
https://www.zenga.hu/ingatlan/elado-teglalakas-budapest-viii-kerulet-magdolnanegyed/8662099?page=46&pos=17&cr=55,
https://www.zenga.hu/ingatlan/elado-teglalakas-budapest-ii-kerulet-orszagut/8649015?page=46&pos=18&cr=55,
https://www.zenga.hu/ingatlan/elado-teglalakas-nyiregyhaza-belvaros/8658425?page=46&pos=19&cr=55,
https://www.zenga.hu/ingatlan/elado-teglalakas-nyiregyhaza-belvaros/8662476?page=46&pos=20&cr=55,
https://www.zenga.hu/ingatlan/elado-teglalakas-budapest-xiv-kerulet-alsorakos/8461948?page=47&pos=1&cr=55,
https://www.zenga.hu/ingatlan/elado-teglalakas-vac/8634740?page=47&pos=2&cr=55,
https://www.zenga.hu/ingatlan/elado-teglalakas-budapest-i-kerulet-vizivaros-i-ker/8662034?page=47&pos=3&cr=55,
https://www.zenga.hu/ingatlan/elado-csusztatott-zsalus-lakas-budapest-iv-kerulet-ujpest/8658746?page=47&pos=4&cr=55,
https://www.zenga.hu/ingatlan/elado-panellakas-pecs-kertvaros/8508319?page=47&pos=5&cr=55,
https://www.zenga.hu/ingatlan/elado-panellakas-bekescsaba-belvaros/8658660?page=47&pos=6&cr=55,
https://www.zenga.hu/ingatlan/elado-egyeb-lakas-sarvar/8317657?page=47&pos=7&cr=55,
https://www.zenga.hu/ingatlan/elado-teglalakas-budapest-x-kerulet/8648369?page=47&pos=8&cr=55,
https://www.zenga.hu/ingatlan/elado-egyeb-lakas-sarvar/8321260?page=47&pos=9&cr=55,
https://www.zenga.hu/ingatlan/elado-teglalakas-debrecen-nagyerdopark/8653549?page=47&pos=10&cr=55,
https://www.zenga.hu/ingatlan/elado-egyeb-lakas-sarvar/8321261?page=47&pos=11&cr=55,
https://www.zenga.hu/ingatlan/elado-panellakas-budapest-xi-kerulet-kelenfold/8653534?page=47&pos=12&cr=55,
https://www.zenga.hu/ingatlan/elado-teglalakas-bekescsaba-penza-lakotelep/8627012?page=47&pos=13&cr=55,
https://www.zenga.hu/ingatlan/elado-teglalakas-szentes/8658423?page=47&pos=14&cr=55,
https://www.zenga.hu/ingatlan/elado-teglalakas-zalaegerszeg-kertvaros/8642982?page=47&pos=15&cr=55,
https://www.zenga.hu/ingatlan/elado-panellakas-budapest-xv-kerulet-ujpalota/8638331?page=47&pos=16&cr=55,
https://www.zenga.hu/ingatlan/elado-panellakas-nyiregyhaza-orokosfold/8653650?page=47&pos=17&cr=55,
https://www.zenga.hu/ingatlan/elado-panellakas-budapest-xxi-kerulet/8636476?page=47&pos=18&cr=55,
https://www.zenga.hu/ingatlan/elado-panellakas-debrecen-ujkert/8587545?page=47&pos=19&cr=55,
https://www.zenga.hu/ingatlan/elado-teglalakas-szolnok-belvaros/8586797?page=47&pos=20&cr=55,
https://www.zenga.hu/ingatlan/elado-teglalakas-budapest-vii-kerulet-ligetvaros/8527739?page=48&pos=1&cr=55,
https://www.zenga.hu/ingatlan/elado-teglalakas-budapest-xviii-kerulet-rendessytelep/8648977?page=48&pos=2&cr=55,
https://www.zenga.hu/ingatlan/elado-teglalakas-dunaujvaros-belvaros/8634708?page=48&pos=3&cr=55,
https://www.zenga.hu/ingatlan/elado-panellakas-szeged-ujrokus/8653684?page=48&pos=4&cr=55,
https://www.zenga.hu/ingatlan/elado-teglalakas-budapest-viii-kerulet-corvin-negyed/8644733?page=48&pos=5&cr=55,
https://www.zenga.hu/ingatlan/elado-tarsashazi-lakas-nyiregyhaza/8601454?page=48&pos=6&cr=55,
https://www.zenga.hu/ingatlan/elado-tarsashazi-lakas-nyiregyhaza/7932623?page=48&pos=7&cr=55,
https://www.zenga.hu/ingatlan/elado-teglalakas-budapest-iii-kerulet-filatorigat/8644739?page=48&pos=8&cr=55,
https://www.zenga.hu/ingatlan/elado-tarsashazi-lakas-debrecen/8653558?page=48&pos=9&cr=55,
https://www.zenga.hu/ingatlan/elado-teglalakas-budapest-xi-kerulet-szentimrevaros/8652989?page=48&pos=10&cr=55,
https://www.zenga.hu/ingatlan/elado-panellakas-pecs/8620698?page=48&pos=11&cr=55,
https://www.zenga.hu/ingatlan/elado-teglalakas-budapest-ix-kerulet/8610586?page=48&pos=12&cr=55,
https://www.zenga.hu/ingatlan/elado-panellakas-szekesfehervar-kofem-lakotelep/8636450?page=48&pos=13&cr=55,
https://www.zenga.hu/ingatlan/elado-teglalakas-mateszalka/8649084?page=48&pos=14&cr=55,
https://www.zenga.hu/ingatlan/elado-teglalakas-erd-dombosvaros/8545120?page=48&pos=15&cr=55,
https://www.zenga.hu/ingatlan/elado-tarsashazi-lakas-budapest-xx-kerulet-gubacsipuszta/8643941?page=48&pos=16&cr=55,
https://www.zenga.hu/ingatlan/elado-csusztatott-zsalus-lakas-budapest-xx-kerulet-pesterzsebet/8637863?page=48&pos=17&cr=55,
https://www.zenga.hu/ingatlan/elado-teglalakas-siofok/8561242?page=48&pos=18&cr=55,
https://www.zenga.hu/ingatlan/elado-tarsashazi-lakas-budapest-iii-kerulet-obuda/8647545?page=48&pos=19&cr=55,
https://www.zenga.hu/ingatlan/elado-panellakas-pecs-kertvaros/8588747?page=48&pos=20&cr=55,
https://www.zenga.hu/ingatlan/elado-teglalakas-budapest-ix-kerulet-kozepso-ferencvaros/8572850?page=49&pos=1&cr=55,
https://www.zenga.hu/ingatlan/elado-teglalakas-pecs-belvaros/8637014?page=49&pos=2&cr=55,
https://www.zenga.hu/ingatlan/elado-panellakas-debrecen-venkert/8342740?page=49&pos=3&cr=55,
https://www.zenga.hu/ingatlan/elado-panellakas-budapest-ix-kerulet-jozsef-attila-lakotelep/8644713?page=49&pos=4&cr=55,
https://www.zenga.hu/ingatlan/elado-teglalakas-budapest-vii-kerulet-nagykoruton-beluli-terulet/8634932?page=49&pos=5&cr=55,
https://www.zenga.hu/ingatlan/elado-teglalakas-debrecen/8634801?page=49&pos=6&cr=55,
https://www.zenga.hu/ingatlan/elado-teglalakas-budapest-vii-kerulet-ligetvaros/8643929?page=49&pos=7&cr=55,
https://www.zenga.hu/ingatlan/elado-teglalakas-eger-rachostya/8642707?page=49&pos=8&cr=55,
https://www.zenga.hu/ingatlan/elado-tarsashazi-lakas-budapest-ix-kerulet/8642791?page=49&pos=9&cr=55,
https://www.zenga.hu/ingatlan/elado-teglalakas-debrecen/8641620?page=49&pos=10&cr=55,
https://www.zenga.hu/ingatlan/elado-panellakas-gyor-kismegyer/8636383?page=49&pos=11&cr=55,
https://www.zenga.hu/ingatlan/elado-tarsashazi-lakas-komarom-csillag-lakotelep/8638038?page=49&pos=12&cr=55,
https://www.zenga.hu/ingatlan/elado-tarsashazi-lakas-budapest-ix-kerulet-kozepso-ferencvaros/8553446?page=49&pos=13&cr=55,
https://www.zenga.hu/ingatlan/elado-panellakas-veszprem-jutasi-uti-lakotelep/8552591?page=49&pos=14&cr=55,
https://www.zenga.hu/ingatlan/elado-teglalakas-nyiregyhaza/8636515?page=49&pos=15&cr=55,
https://www.zenga.hu/ingatlan/elado-teglalakas-budapest-vi-kerulet/8589421?page=49&pos=16&cr=55,
https://www.zenga.hu/ingatlan/elado-tarsashazi-lakas-budapest-vii-kerulet-nagykoruton-kivuli-terulet/8635907?page=49&pos=17&cr=55,
https://www.zenga.hu/ingatlan/elado-teglalakas-nagykanizsa/8635086?page=49&pos=18&cr=55,
https://www.zenga.hu/ingatlan/elado-panellakas-debrecen-tocoskert/8606970?page=49&pos=19&cr=55,
https://www.zenga.hu/ingatlan/elado-panellakas-miskolc-diosgyor/8631983?page=49&pos=20&cr=55,
https://www.zenga.hu/ingatlan/elado-panellakas-debrecen-tocoskert/8542884?page=50&pos=1&cr=55,
https://www.zenga.hu/ingatlan/elado-teglalakas-budapest-vi-kerulet-nagykoruton-beluli-terulet/8558017?page=50&pos=2&cr=55,
https://www.zenga.hu/ingatlan/elado-panellakas-debrecen-ujkert/8581338?page=50&pos=3&cr=55,
https://www.zenga.hu/ingatlan/elado-teglalakas-kecskemet-hunyadivaros/8559582?page=50&pos=4&cr=55,
https://www.zenga.hu/ingatlan/elado-csusztatott-zsalus-lakas-eger-belvaros/8515086?page=50&pos=5&cr=55,
https://www.zenga.hu/ingatlan/elado-teglalakas-kormend-belvaros/8497558?page=50&pos=6&cr=55,
https://www.zenga.hu/ingatlan/elado-teglalakas-sopron/8667978?page=50&pos=7&cr=52,
https://www.zenga.hu/ingatlan/elado-panellakas-pecs-kertvaros/8665816?page=50&pos=8&cr=52,
https://www.zenga.hu/ingatlan/elado-teglalakas-budapest-iii-kerulet/8626081?page=50&pos=9&cr=52,
https://www.zenga.hu/ingatlan/elado-panellakas-mosonmagyarovar/8660316?page=50&pos=10&cr=52,
https://www.zenga.hu/ingatlan/elado-panellakas-mosonmagyarovar/8655829?page=50&pos=11&cr=52,
https://www.zenga.hu/ingatlan/elado-teglalakas-sopron/8652895?page=50&pos=12&cr=52,
https://www.zenga.hu/ingatlan/elado-teglalakas-budapest-xvi-kerulet-rakosszentmihaly/8636892?page=50&pos=13&cr=52,
https://www.zenga.hu/ingatlan/elado-tarsashazi-lakas-budapest-xiv-kerulet/8557424?page=50&pos=14&cr=51,
https://www.zenga.hu/ingatlan/elado-tarsashazi-lakas-budapest-xiii-kerulet/8555702?page=50&pos=15&cr=51,
https://www.zenga.hu/ingatlan/elado-egyeb-lakas-siofok-ezustpart/8514241?page=50&pos=16&cr=51,
https://www.zenga.hu/ingatlan/elado-csusztatott-zsalus-lakas-zalaegerszeg-belvaros/8668043?page=50&pos=17&cr=51,
https://www.zenga.hu/ingatlan/elado-tarsashazi-lakas-budapest-xiv-kerulet/8588060?page=50&pos=18&cr=51,
https://www.zenga.hu/ingatlan/elado-tarsashazi-lakas-budapest-iii-kerulet/8588669?page=50&pos=19&cr=51,
https://www.zenga.hu/ingatlan/elado-tarsashazi-lakas-budapest-xix-kerulet/8559019?page=50&pos=20&cr=51,
https://www.zenga.hu/ingatlan/elado-teglalakas-budapest-vii-kerulet/8487660?page=51&pos=1&cr=50,
https://www.zenga.hu/ingatlan/elado-teglalakas-szeged-belvaros/8410187?page=51&pos=2&cr=50,
https://www.zenga.hu/ingatlan/elado-teglalakas-pecs-belvaros/8508991?page=51&pos=3&cr=50,
https://www.zenga.hu/ingatlan/elado-teglalakas-budapest-vii-kerulet-nagykoruton-beluli-terulet/8622506?page=51&pos=4&cr=50,
https://www.zenga.hu/ingatlan/elado-tarsashazi-lakas-budapest-iii-kerulet-filatorigat/8619600?page=51&pos=5&cr=50,
https://www.zenga.hu/ingatlan/elado-tarsashazi-lakas-nagytarcsa/8619603?page=51&pos=6&cr=50,
https://www.zenga.hu/ingatlan/elado-teglalakas-balatonlelle/8424239?page=51&pos=7&cr=50,
https://www.zenga.hu/ingatlan/elado-teglalakas-szeged-rokus/8536191?page=51&pos=8&cr=50,
https://www.zenga.hu/ingatlan/elado-teglalakas-budapest-xiii-kerulet/7930680?page=51&pos=9&cr=50,
https://www.zenga.hu/ingatlan/elado-teglalakas-debrecen-homokkert/8545538?page=51&pos=10&cr=50,
https://www.zenga.hu/ingatlan/elado-teglalakas-szekesfehervar-horvat-istvan-lakotelep/8539726?page=51&pos=11&cr=50,
https://www.zenga.hu/ingatlan/elado-teglalakas-szeged-belvaros/8523175?page=51&pos=12&cr=50,
https://www.zenga.hu/ingatlan/elado-tarsashazi-lakas-balatonlelle/8494651?page=51&pos=13&cr=50,
https://www.zenga.hu/ingatlan/elado-teglalakas-budapest-xiii-kerulet-ujlipotvaros/8474891?page=51&pos=14&cr=50,
https://www.zenga.hu/ingatlan/elado-teglalakas-budapest-ix-kerulet/8460218?page=51&pos=15&cr=50,
https://www.zenga.hu/ingatlan/elado-tarsashazi-lakas-budapest-vii-kerulet-nagykoruton-kivuli-terulet/8460266?page=51&pos=16&cr=50,
https://www.zenga.hu/ingatlan/elado-teglalakas-balatonlelle/8255572?page=51&pos=17&cr=50,
https://www.zenga.hu/ingatlan/elado-teglalakas-balatonlelle/8255575?page=51&pos=18&cr=50,
https://www.zenga.hu/ingatlan/elado-teglalakas-balatonlelle/8255561?page=51&pos=19&cr=50,
https://www.zenga.hu/ingatlan/elado-teglalakas-budaors/8255290?page=51&pos=20&cr=50,
https://www.zenga.hu/ingatlan/elado-teglalakas-eger-karolyvaros/8669224?page=52&pos=1&cr=48,
https://www.zenga.hu/ingatlan/elado-panellakas-pecs/8661976?page=52&pos=2&cr=46,
https://www.zenga.hu/ingatlan/elado-panellakas-pecs-kertvaros/8606906?page=52&pos=3&cr=46,
https://www.zenga.hu/ingatlan/elado-panellakas-pecs-egyetemvaros/8653648?page=52&pos=4&cr=46,
https://www.zenga.hu/ingatlan/elado-panellakas-pecs-kertvaros/8636433?page=52&pos=5&cr=46,
https://www.zenga.hu/ingatlan/elado-teglalakas-kecskemet/8491177?page=52&pos=6&cr=45,
https://www.zenga.hu/ingatlan/elado-teglalakas-miskolc-selyemret/8606015?page=52&pos=7&cr=45,
https://www.zenga.hu/ingatlan/elado-teglalakas-vamosszabadi/8597126?page=52&pos=8&cr=45,
https://www.zenga.hu/ingatlan/elado-teglalakas-debrecen-venkert/8470580?page=52&pos=9&cr=45,
https://www.zenga.hu/ingatlan/elado-teglalakas-gyor-szitasdomb/8597367?page=52&pos=10&cr=45,
https://www.zenga.hu/ingatlan/elado-panellakas-pecs-kertvaros/8662041?page=52&pos=11&cr=45,
https://www.zenga.hu/ingatlan/elado-egyeb-lakas-szombathely/8264118?page=52&pos=12&cr=45,
https://www.zenga.hu/ingatlan/elado-egyeb-lakas-szombathely/8429672?page=52&pos=13&cr=45,
https://www.zenga.hu/ingatlan/elado-teglalakas-torokbalint-tukorhegy/8283445?page=52&pos=14&cr=45,
https://www.zenga.hu/ingatlan/elado-teglalakas-torokbalint-tukorhegy/8283458?page=52&pos=15&cr=45,
https://www.zenga.hu/ingatlan/elado-teglalakas-mosonmagyarovar/8547294?page=52&pos=16&cr=45,
https://www.zenga.hu/ingatlan/elado-teglalakas-mosonmagyarovar/8547222?page=52&pos=17&cr=45,
https://www.zenga.hu/ingatlan/elado-teglalakas-szeged-felsovaros/8386401?page=52&pos=18&cr=45,
https://www.zenga.hu/ingatlan/elado-teglalakas-budapest-xv-kerulet-rakospalota/8503028?page=52&pos=19&cr=45,
https://www.zenga.hu/ingatlan/elado-panellakas-bekescsaba/8657153?page=52&pos=20&cr=44,
https://www.zenga.hu/ingatlan/elado-teglalakas-budapest-v-kerulet/8656693?page=53&pos=1&cr=42,
https://www.zenga.hu/ingatlan/elado-teglalakas-budapest-xiv-kerulet/8667889?page=53&pos=2&cr=42,
https://www.zenga.hu/ingatlan/elado-teglalakas-siofok-belvaros/8469223?page=53&pos=3&cr=42,
https://www.zenga.hu/ingatlan/elado-teglalakas-budapest-xiv-kerulet/8667890?page=53&pos=4&cr=42,
https://www.zenga.hu/ingatlan/elado-teglalakas-budapest-xiv-kerulet/8667891?page=53&pos=5&cr=42,
https://www.zenga.hu/ingatlan/elado-csusztatott-zsalus-lakas-budapest-viii-kerulet/8606002?page=53&pos=6&cr=42,
https://www.zenga.hu/ingatlan/elado-teglalakas-budapest-vi-kerulet/8659466?page=53&pos=7&cr=42,
https://www.zenga.hu/ingatlan/elado-teglalakas-budapest-vi-kerulet/8659481?page=53&pos=8&cr=42,
https://www.zenga.hu/ingatlan/elado-teglalakas-budapest-vi-kerulet/8659461?page=53&pos=9&cr=42,
https://www.zenga.hu/ingatlan/elado-teglalakas-budapest-vi-kerulet/8659477?page=53&pos=10&cr=42,
https://www.zenga.hu/ingatlan/elado-teglalakas-budapest-vi-kerulet/8659472?page=53&pos=11&cr=42,
https://www.zenga.hu/ingatlan/elado-teglalakas-budapest-vi-kerulet/8659479?page=53&pos=12&cr=42,
https://www.zenga.hu/ingatlan/elado-teglalakas-budapest-vi-kerulet/8659480?page=53&pos=13&cr=42,
https://www.zenga.hu/ingatlan/elado-teglalakas-budapest-vi-kerulet/8659476?page=53&pos=14&cr=42,
https://www.zenga.hu/ingatlan/elado-teglalakas-budapest-vi-kerulet/8659478?page=53&pos=15&cr=42,
https://www.zenga.hu/ingatlan/elado-teglalakas-budapest-vi-kerulet/8659473?page=53&pos=16&cr=42,
https://www.zenga.hu/ingatlan/elado-panellakas-pecs-kertvaros/8636399?page=53&pos=17&cr=42,
https://www.zenga.hu/ingatlan/elado-teglalakas-budapest-xv-kerulet/8506177?page=53&pos=18&cr=42,
https://www.zenga.hu/ingatlan/elado-csusztatott-zsalus-lakas-budapest-xxii-kerulet-nagyteteny/8588832?page=53&pos=19&cr=41,
https://www.zenga.hu/ingatlan/elado-teglalakas-budapest-xiv-kerulet/8667888?page=53&pos=20&cr=41,
https://www.zenga.hu/ingatlan/elado-teglalakas-szeged-moravaros/8444662?page=54&pos=1&cr=41,
https://www.zenga.hu/ingatlan/elado-teglalakas-budapest-xix-kerulet/8665494?page=54&pos=2&cr=41,
https://www.zenga.hu/ingatlan/elado-teglalakas-budapest-viii-kerulet-corvin-negyed/8642445?page=54&pos=3&cr=41,
https://www.zenga.hu/ingatlan/elado-teglalakas-budapest-xiii-kerulet-angyalfold/8606798?page=54&pos=4&cr=41,
https://www.zenga.hu/ingatlan/elado-panellakas-miskolc/8612102?page=54&pos=5&cr=41,
https://www.zenga.hu/ingatlan/elado-teglalakas-nyiregyhaza/8594829?page=54&pos=6&cr=41,
https://www.zenga.hu/ingatlan/elado-tarsashazi-lakas-debrecen-nagyerdopark/8384751?page=54&pos=7&cr=41,
https://www.zenga.hu/ingatlan/elado-teglalakas-budapest-viii-kerulet/8642450?page=54&pos=8&cr=41,
https://www.zenga.hu/ingatlan/elado-panellakas-szazhalombatta-deli-lakotelep/8669509?page=54&pos=9&cr=40,
https://www.zenga.hu/ingatlan/elado-csusztatott-zsalus-lakas-ecser/8669269?page=54&pos=10&cr=40,
https://www.zenga.hu/ingatlan/elado-teglalakas-halasztelek/8668606?page=54&pos=11&cr=40,
https://www.zenga.hu/ingatlan/elado-panellakas-god/8669278?page=54&pos=12&cr=40,
https://www.zenga.hu/ingatlan/elado-teglalakas-galgamacsa/8658096?page=54&pos=13&cr=40,
https://www.zenga.hu/ingatlan/elado-teglalakas-godollo-kertvaros/8658089?page=54&pos=14&cr=40,
https://www.zenga.hu/ingatlan/elado-teglalakas-dunakeszi/8661148?page=54&pos=15&cr=40,
https://www.zenga.hu/ingatlan/elado-panellakas-ozd/8433724?page=54&pos=16&cr=40,
https://www.zenga.hu/ingatlan/elado-teglalakas-eger-belvaros/8359860?page=54&pos=17&cr=40,
https://www.zenga.hu/ingatlan/elado-panellakas-szazhalombatta-deli-lakotelep/8668014?page=54&pos=18&cr=40,
https://www.zenga.hu/ingatlan/elado-teglalakas-ozd-bolyok/7332315?page=54&pos=19&cr=40,
https://www.zenga.hu/ingatlan/elado-csusztatott-zsalus-lakas-nagykata/8668484?page=54&pos=20&cr=40,
https://www.zenga.hu/ingatlan/elado-teglalakas-vac/8664166?page=55&pos=1&cr=40,
https://www.zenga.hu/ingatlan/elado-teglalakas-biatorbagy/8661105?page=55&pos=2&cr=40,
https://www.zenga.hu/ingatlan/elado-teglalakas-ozd/8279824?page=55&pos=3&cr=40,
https://www.zenga.hu/ingatlan/elado-teglalakas-eger-hajduhegy/8393572?page=55&pos=4&cr=40,
https://www.zenga.hu/ingatlan/elado-teglalakas-ozd/8402745?page=55&pos=5&cr=40,
https://www.zenga.hu/ingatlan/elado-teglalakas-vac/8585099?page=55&pos=6&cr=40,
https://www.zenga.hu/ingatlan/elado-teglalakas-siklos/8571949?page=55&pos=7&cr=40,
https://www.zenga.hu/ingatlan/elado-teglalakas-budapest-xiii-kerulet-angyalfold/7997552?page=55&pos=8&cr=40,
https://www.zenga.hu/ingatlan/elado-teglalakas-ozd/7330506?page=55&pos=9&cr=40,
https://www.zenga.hu/ingatlan/elado-teglalakas-budapest-vi-kerulet-nagykoruton-beluli-terulet/8665872?page=55&pos=10&cr=40,
https://www.zenga.hu/ingatlan/elado-teglalakas-budapest-i-kerulet/8579854?page=55&pos=11&cr=40,
https://www.zenga.hu/ingatlan/elado-teglalakas-budapest-x-kerulet-teglagyardulo/8666945?page=55&pos=12&cr=40,
https://www.zenga.hu/ingatlan/elado-teglalakas-kapuvar/8662497?page=55&pos=13&cr=40,
https://www.zenga.hu/ingatlan/elado-panellakas-budaors/8661709?page=55&pos=14&cr=40,
https://www.zenga.hu/ingatlan/elado-teglalakas-pomaz/8665085?page=55&pos=15&cr=40,
https://www.zenga.hu/ingatlan/elado-teglalakas-zalaegerszeg-belvaros/8233951?page=55&pos=16&cr=40,
https://www.zenga.hu/ingatlan/elado-teglalakas-pilisszentivan/8653926?page=55&pos=17&cr=40,
https://www.zenga.hu/ingatlan/elado-teglalakas-budapest-xii-kerulet/8636331?page=55&pos=18&cr=40,
https://www.zenga.hu/ingatlan/elado-teglalakas-pilisszentivan/8653924?page=55&pos=19&cr=40,
https://www.zenga.hu/ingatlan/elado-teglalakas-pilisszentivan/8653920?page=55&pos=20&cr=40,
https://www.zenga.hu/ingatlan/elado-panellakas-budapest-xviii-kerulet/8642174?page=56&pos=1&cr=40,
https://www.zenga.hu/ingatlan/elado-teglalakas-pilisszentivan/8653925?page=56&pos=2&cr=40,
https://www.zenga.hu/ingatlan/elado-teglalakas-budapest-xx-kerulet/8654930?page=56&pos=3&cr=40,
https://www.zenga.hu/ingatlan/elado-teglalakas-budapest-xix-kerulet/8642178?page=56&pos=4&cr=40,
https://www.zenga.hu/ingatlan/elado-teglalakas-budapest-xiii-kerulet-loportardulo/8662387?page=56&pos=5&cr=40,
https://www.zenga.hu/ingatlan/elado-teglalakas-budapest-vi-kerulet/8544074?page=56&pos=6&cr=40,
https://www.zenga.hu/ingatlan/elado-teglalakas-debrecen-faloger/8661554?page=56&pos=7&cr=40,
https://www.zenga.hu/ingatlan/elado-panellakas-miskolc-vologda/8661311?page=56&pos=8&cr=40,
https://www.zenga.hu/ingatlan/elado-teglalakas-cegled/8654393?page=56&pos=9&cr=40,
https://www.zenga.hu/ingatlan/elado-panellakas-miskolc/8610197?page=56&pos=10&cr=40,
https://www.zenga.hu/ingatlan/elado-teglalakas-szigetszentmiklos/8655427?page=56&pos=11&cr=40,
https://www.zenga.hu/ingatlan/elado-teglalakas-budapest-xiii-kerulet/8641687?page=56&pos=12&cr=40,
https://www.zenga.hu/ingatlan/elado-teglalakas-budapest-vii-kerulet/8654504?page=56&pos=13&cr=40,
https://www.zenga.hu/ingatlan/elado-teglalakas-monor/8655178?page=56&pos=14&cr=40,
https://www.zenga.hu/ingatlan/elado-teglalakas-kecskemet/8512827?page=56&pos=15&cr=40,
https://www.zenga.hu/ingatlan/elado-teglalakas-budapest-vii-kerulet/8649110?page=56&pos=16&cr=40,
https://www.zenga.hu/ingatlan/elado-teglalakas-nyiregyhaza/8653108?page=56&pos=17&cr=40,
https://www.zenga.hu/ingatlan/elado-teglalakas-budapest-xx-kerulet/8494053?page=56&pos=18&cr=40,
https://www.zenga.hu/ingatlan/elado-egyeb-lakas-eger/8517668?page=56&pos=19&cr=40,
https://www.zenga.hu/ingatlan/elado-teglalakas-miskolc-belvaros/8399374?page=56&pos=20&cr=40,
https://www.zenga.hu/ingatlan/elado-teglalakas-szerencs/8180177?page=57&pos=1&cr=40,
https://www.zenga.hu/ingatlan/elado-teglalakas-budapest-xi-kerulet-sasad-sashegy-xi-ker/8619241?page=57&pos=2&cr=40,
https://www.zenga.hu/ingatlan/elado-panellakas-kiskunfelegyhaza-petofi-lakotelep/8580150?page=57&pos=3&cr=40,
https://www.zenga.hu/ingatlan/elado-teglalakas-budapest-xiii-kerulet-ujlipotvaros/8403155?page=57&pos=4&cr=40,
https://www.zenga.hu/ingatlan/elado-teglalakas-mezokovesd/8619239?page=57&pos=5&cr=40,
https://www.zenga.hu/ingatlan/elado-teglalakas-letavertes/8615149?page=57&pos=6&cr=40,
https://www.zenga.hu/ingatlan/elado-panellakas-kiskunfelegyhaza-petofi-lakotelep/8560738?page=57&pos=7&cr=40,
https://www.zenga.hu/ingatlan/elado-panellakas-mosonmagyarovar-varoskozpont/8547198?page=57&pos=8&cr=40,
https://www.zenga.hu/ingatlan/elado-teglalakas-eger-belvaros/8565275?page=57&pos=9&cr=40,
https://www.zenga.hu/ingatlan/elado-teglalakas-mezokovesd/8565357?page=57&pos=10&cr=40,
https://www.zenga.hu/ingatlan/elado-teglalakas-budapest-xii-kerulet-krisztinavaros-xii-ker/8476765?page=57&pos=11&cr=40,
https://www.zenga.hu/ingatlan/elado-egyeb-lakas-alsonemedi/8412780?page=57&pos=12&cr=40,
https://www.zenga.hu/ingatlan/elado-tarsashazi-lakas-mende/8264347?page=57&pos=13&cr=40,
https://www.zenga.hu/ingatlan/elado-teglalakas-kal/8669231?page=57&pos=14&cr=39,
https://www.zenga.hu/ingatlan/elado-teglalakas-budapest-xxii-kerulet-budafok/8585977?page=57&pos=15&cr=38,
https://www.zenga.hu/ingatlan/elado-teglalakas-gyomro/8503015?page=57&pos=16&cr=38,
https://www.zenga.hu/ingatlan/elado-teglalakas-gyor-revfalu/8597289?page=57&pos=17&cr=37,
https://www.zenga.hu/ingatlan/elado-teglalakas-szabadszallas/8667929?page=57&pos=18&cr=37,
https://www.zenga.hu/ingatlan/elado-teglalakas-budapest-xiii-kerulet-loportardulo/8478474?page=57&pos=19&cr=37,
https://www.zenga.hu/ingatlan/elado-csusztatott-zsalus-lakas-kiskunfelegyhaza/8656955?page=57&pos=20&cr=37,
https://www.zenga.hu/ingatlan/elado-teglalakas-budapest-xii-kerulet-krisztinavaros-xii-ker/8604897?page=58&pos=1&cr=37,
https://www.zenga.hu/ingatlan/elado-teglalakas-villany/8599627?page=58&pos=2&cr=37,
https://www.zenga.hu/ingatlan/elado-panellakas-debrecen-tocoskert/8481086?page=58&pos=3&cr=37,
https://www.zenga.hu/ingatlan/elado-panellakas-mezokovacshaza/8665592?page=58&pos=4&cr=36,
https://www.zenga.hu/ingatlan/elado-panellakas-pecs-kertvaros/8649060?page=58&pos=5&cr=36,
https://www.zenga.hu/ingatlan/elado-panellakas-bekes/8315499?page=58&pos=6&cr=36,
https://www.zenga.hu/ingatlan/elado-teglalakas-nagycenk/8643632?page=58&pos=7&cr=36,
https://www.zenga.hu/ingatlan/elado-teglalakas-pecs/8636440?page=58&pos=8&cr=36,
https://www.zenga.hu/ingatlan/elado-panellakas-pecs-kertvaros/8608330?page=58&pos=9&cr=36,
https://www.zenga.hu/ingatlan/elado-panellakas-debrecen-belvaros/8431749?page=58&pos=10&cr=35,
https://www.zenga.hu/ingatlan/elado-teglalakas-nagykoros/8593403?page=58&pos=11&cr=35,
https://www.zenga.hu/ingatlan/elado-teglalakas-buk/8574028?page=58&pos=12&cr=35,
https://www.zenga.hu/ingatlan/elado-teglalakas-gyor-belvaros/8667410?page=58&pos=13&cr=35,
https://www.zenga.hu/ingatlan/elado-panellakas-szekesfehervar/8641099?page=58&pos=14&cr=35,
https://www.zenga.hu/ingatlan/elado-teglalakas-szekesfehervar/8638164?page=58&pos=15&cr=35,
https://www.zenga.hu/ingatlan/elado-teglalakas-gyor-belvaros/8597226?page=58&pos=16&cr=35,
https://www.zenga.hu/ingatlan/elado-teglalakas-debrecen-nagyerdopark/8587260?page=58&pos=17&cr=35,
https://www.zenga.hu/ingatlan/elado-panellakas-debrecen-belvaros/8572656?page=58&pos=18&cr=35,
https://www.zenga.hu/ingatlan/elado-teglalakas-koszeg/8658064?page=58&pos=19&cr=35,
https://www.zenga.hu/ingatlan/elado-teglalakas-gyor-marcalvaros-ii/8589030?page=58&pos=20&cr=35,
https://www.zenga.hu/ingatlan/elado-teglalakas-szeged/8402029?page=59&pos=1&cr=35,
https://www.zenga.hu/ingatlan/elado-teglalakas-budapest-viii-kerulet/8666898?page=59&pos=2&cr=35,
https://www.zenga.hu/ingatlan/elado-teglalakas-szeged/8418401?page=59&pos=3&cr=35,
https://www.zenga.hu/ingatlan/elado-teglalakas-vasvar/8665731?page=59&pos=4&cr=35,
https://www.zenga.hu/ingatlan/elado-panellakas-debrecen-dobozi-lakotelep/8664139?page=59&pos=5&cr=35,
https://www.zenga.hu/ingatlan/elado-tarsashazi-lakas-veresegyhaz-topart/8429835?page=59&pos=6&cr=35,
https://www.zenga.hu/ingatlan/elado-panellakas-pecs-kertvaros/8652049?page=59&pos=7&cr=35,
https://www.zenga.hu/ingatlan/elado-teglalakas-zalaegerszeg/8198335?page=59&pos=8&cr=35,
https://www.zenga.hu/ingatlan/elado-teglalakas-gyor/8578995?page=59&pos=9&cr=35,
https://www.zenga.hu/ingatlan/elado-teglalakas-debrecen-homokkert/8372811?page=59&pos=10&cr=35,
https://www.zenga.hu/ingatlan/elado-teglalakas-nagycenk/8643631?page=59&pos=11&cr=35,
https://www.zenga.hu/ingatlan/elado-teglalakas-sopron/7961423?page=59&pos=12&cr=35,
https://www.zenga.hu/ingatlan/elado-teglalakas-sopron-belvaros/7961429?page=59&pos=13&cr=35,
https://www.zenga.hu/ingatlan/elado-teglalakas-budapest-viii-kerulet/8642449?page=59&pos=14&cr=35,
https://www.zenga.hu/ingatlan/elado-teglalakas-balatonlelle/8424244?page=59&pos=15&cr=35,
https://www.zenga.hu/ingatlan/elado-panellakas-budapest-xv-kerulet-ujpalota/8568599?page=59&pos=16&cr=35,
https://www.zenga.hu/ingatlan/elado-teglalakas-zalaegerszeg-belvaros/8376936?page=59&pos=17&cr=35,
https://www.zenga.hu/ingatlan/elado-teglalakas-gyomro/8506180?page=59&pos=18&cr=35,
https://www.zenga.hu/ingatlan/elado-tarsashazi-lakas-mende/8264356?page=59&pos=19&cr=35,
https://www.zenga.hu/ingatlan/elado-panellakas-veszprem/8668291?page=59&pos=20&cr=34,
https://www.zenga.hu/ingatlan/elado-panellakas-veszprem/8661106?page=60&pos=1&cr=34,
https://www.zenga.hu/ingatlan/elado-teglalakas-veszprem/8662051?page=60&pos=2&cr=34,
https://www.zenga.hu/ingatlan/elado-teglalakas-budapest-vii-kerulet/8664401?page=60&pos=3&cr=33,
https://www.zenga.hu/ingatlan/elado-teglalakas-bicske/8509022?page=60&pos=4&cr=33,
https://www.zenga.hu/ingatlan/elado-teglalakas-bicske/8509017?page=60&pos=5&cr=33,
https://www.zenga.hu/ingatlan/elado-teglalakas-bicske/8509014?page=60&pos=6&cr=33,
https://www.zenga.hu/ingatlan/elado-teglalakas-bicske/8509132?page=60&pos=7&cr=33,
https://www.zenga.hu/ingatlan/elado-teglalakas-budapest-xiii-kerulet/8616825?page=60&pos=8&cr=33,
https://www.zenga.hu/ingatlan/elado-teglalakas-budapest-xiii-kerulet-angyalfold/8669219?page=60&pos=9&cr=32,
https://www.zenga.hu/ingatlan/elado-teglalakas-budapest-vi-kerulet-diplomatanegyed/8633312?page=60&pos=10&cr=32,
https://www.zenga.hu/ingatlan/elado-teglalakas-budapest-iv-kerulet/8605006?page=60&pos=11&cr=32,
https://www.zenga.hu/ingatlan/elado-panellakas-dunaujvaros-beke-varosresz/8627347?page=60&pos=12&cr=32,
https://www.zenga.hu/ingatlan/elado-teglalakas-bicske/8565253?page=60&pos=13&cr=32,
https://www.zenga.hu/ingatlan/elado-teglalakas-bicske/8565266?page=60&pos=14&cr=32,
https://www.zenga.hu/ingatlan/elado-teglalakas-bicske/8565256?page=60&pos=15&cr=32,
https://www.zenga.hu/ingatlan/elado-teglalakas-bicske/8565260?page=60&pos=16&cr=32,
https://www.zenga.hu/ingatlan/elado-teglalakas-budapest-xi-kerulet-muegyetem-kornyeke/8444075?page=60&pos=17&cr=32,
https://www.zenga.hu/ingatlan/elado-panellakas-budapest-xi-kerulet/8667896?page=60&pos=18&cr=31,
https://www.zenga.hu/ingatlan/elado-teglalakas-budapest-viii-kerulet/8667893?page=60&pos=19&cr=31,
https://www.zenga.hu/ingatlan/elado-teglalakas-szekesfehervar-belvaros-es-kornyeke/8659768?page=60&pos=20&cr=31,
https://www.zenga.hu/ingatlan/elado-teglalakas-budapest-viii-kerulet/8667892?page=61&pos=1&cr=31,
https://www.zenga.hu/ingatlan/elado-teglalakas-szeged/8471529?page=61&pos=2&cr=31,
https://www.zenga.hu/ingatlan/elado-teglalakas-szekesfehervar/8664022?page=61&pos=3&cr=31,
https://www.zenga.hu/ingatlan/elado-teglalakas-szekesfehervar/8665096?page=61&pos=4&cr=31,
https://www.zenga.hu/ingatlan/elado-panellakas-debrecen/8639229?page=61&pos=5&cr=31,
https://www.zenga.hu/ingatlan/elado-panellakas-budapest-xv-kerulet-ujpalota/8656632?page=61&pos=6&cr=31,
https://www.zenga.hu/ingatlan/elado-panellakas-budapest-iv-kerulet/8643531?page=61&pos=7&cr=31,
https://www.zenga.hu/ingatlan/elado-teglalakas-budapest-xi-kerulet-kelenvolgy/8588798?page=61&pos=8&cr=31,
https://www.zenga.hu/ingatlan/elado-teglalakas-gardony-agard/8576271?page=61&pos=9&cr=31,
https://www.zenga.hu/ingatlan/elado-teglalakas-varpalota/8556723?page=61&pos=10&cr=31,
https://www.zenga.hu/ingatlan/elado-teglalakas-budapest-v-kerulet-belvaros/8588841?page=61&pos=11&cr=31,
https://www.zenga.hu/ingatlan/elado-teglalakas-gyor-revfalu/8528117?page=61&pos=12&cr=31,
https://www.zenga.hu/ingatlan/elado-teglalakas-pecs-uranvaros/8609491?page=61&pos=13&cr=31,
https://www.zenga.hu/ingatlan/elado-egyeb-lakas-miskolc/8567457?page=61&pos=14&cr=30,
https://www.zenga.hu/ingatlan/elado-teglalakas-budapest-xiii-kerulet/8654963?page=61&pos=15&cr=30,
https://www.zenga.hu/ingatlan/elado-panellakas-szeged-makkoshaz/8543214?page=61&pos=16&cr=30,
https://www.zenga.hu/ingatlan/elado-panellakas-budapest-iii-kerulet/8619802?page=61&pos=17&cr=30,
https://www.zenga.hu/ingatlan/elado-panellakas-miskolc/8619717?page=61&pos=18&cr=30,
https://www.zenga.hu/ingatlan/elado-teglalakas-gyor-szitasdomb/8668871?page=61&pos=19&cr=30,
https://www.zenga.hu/ingatlan/elado-teglalakas-szeged/8477658?page=61&pos=20&cr=30,
https://www.zenga.hu/ingatlan/elado-teglalakas-gyor-szitasdomb/8668872?page=62&pos=1&cr=30,
https://www.zenga.hu/ingatlan/elado-teglalakas-gyor/8559092?page=62&pos=2&cr=30,
https://www.zenga.hu/ingatlan/elado-teglalakas-tatabanya/7969470?page=62&pos=3&cr=30,
https://www.zenga.hu/ingatlan/elado-teglalakas-veszprem/8542672?page=62&pos=4&cr=30,
https://www.zenga.hu/ingatlan/elado-panellakas-kecskemet-belvaros/8668696?page=62&pos=5&cr=30,
https://www.zenga.hu/ingatlan/elado-teglalakas-ozd-ujtelep/7492627?page=62&pos=6&cr=30,
https://www.zenga.hu/ingatlan/elado-teglalakas-siofok-belvaros/7960118?page=62&pos=7&cr=30,
https://www.zenga.hu/ingatlan/elado-panellakas-kecskemet/8303612?page=62&pos=8&cr=30,
https://www.zenga.hu/ingatlan/elado-teglalakas-szombathely-belvaros/8468460?page=62&pos=9&cr=30,
https://www.zenga.hu/ingatlan/elado-panellakas-ozd/7560590?page=62&pos=10&cr=30,
https://www.zenga.hu/ingatlan/elado-teglalakas-siofok/8361484?page=62&pos=11&cr=30,
https://www.zenga.hu/ingatlan/elado-panellakas-siofok-belvaros/8605328?page=62&pos=12&cr=30,
https://www.zenga.hu/ingatlan/elado-teglalakas-borsodnadasd/8182557?page=62&pos=13&cr=30,
https://www.zenga.hu/ingatlan/elado-teglalakas-szazhalombatta/8668353?page=62&pos=14&cr=30,
https://www.zenga.hu/ingatlan/elado-teglalakas-budapest-xx-kerulet/8666043?page=62&pos=15&cr=30,
https://www.zenga.hu/ingatlan/elado-teglalakas-szekesfehervar/8662077?page=62&pos=16&cr=30,
https://www.zenga.hu/ingatlan/elado-teglalakas-tatabanya-ujvaros/8666878?page=62&pos=17&cr=30,
https://www.zenga.hu/ingatlan/elado-teglalakas-budapest-xiii-kerulet/8544972?page=62&pos=18&cr=30,
https://www.zenga.hu/ingatlan/elado-teglalakas-balatonfured-belvaros/8652718?page=62&pos=19&cr=30,
https://www.zenga.hu/ingatlan/elado-tarsashazi-lakas-debrecen-belvaros/8665464?page=62&pos=20&cr=30,
https://www.zenga.hu/ingatlan/elado-teglalakas-budapest-ii-kerulet-rozsadomb/8663644?page=63&pos=1&cr=30,
https://www.zenga.hu/ingatlan/elado-teglalakas-budapest-viii-kerulet-szazadosnegyed/8605714?page=63&pos=2&cr=30,
https://www.zenga.hu/ingatlan/elado-teglalakas-gyor-belvaros/8510375?page=63&pos=3&cr=30,
https://www.zenga.hu/ingatlan/elado-teglalakas-budapest-ix-kerulet/8662406?page=63&pos=4&cr=30,
https://www.zenga.hu/ingatlan/elado-teglalakas-budapest-xiii-kerulet/8538051?page=63&pos=5&cr=30,
https://www.zenga.hu/ingatlan/elado-teglalakas-budapest-xiii-kerulet/8652017?page=63&pos=6&cr=30,
https://www.zenga.hu/ingatlan/elado-teglalakas-budapest-xiii-kerulet/8652018?page=63&pos=7&cr=30,
https://www.zenga.hu/ingatlan/elado-panellakas-kecskemet-homokbanya/8609800?page=63&pos=8&cr=30,
https://www.zenga.hu/ingatlan/elado-teglalakas-kecskemet-belvaros/8507133?page=63&pos=9&cr=30,
https://www.zenga.hu/ingatlan/elado-teglalakas-budapest-ii-kerulet/8552710?page=63&pos=10&cr=30,
https://www.zenga.hu/ingatlan/elado-panellakas-kecskemet-petofivaros/8609801?page=63&pos=11&cr=30,
https://www.zenga.hu/ingatlan/elado-teglalakas-miskolc/8603071?page=63&pos=12&cr=30,
https://www.zenga.hu/ingatlan/elado-teglalakas-budapest-ix-kerulet-kozepso-ferencvaros/8660113?page=63&pos=13&cr=30,
https://www.zenga.hu/ingatlan/elado-teglalakas-hodmezovasarhely/8382392?page=63&pos=14&cr=30,
https://www.zenga.hu/ingatlan/elado-panellakas-szeged/8523464?page=63&pos=15&cr=30,
https://www.zenga.hu/ingatlan/elado-teglalakas-siofok-aranypart/8654254?page=63&pos=16&cr=30,
https://www.zenga.hu/ingatlan/elado-teglalakas-budapest-xvi-kerulet/8589387?page=63&pos=17&cr=30,
https://www.zenga.hu/ingatlan/elado-teglalakas-mezohegyes/8656216?page=63&pos=18&cr=30,
https://www.zenga.hu/ingatlan/elado-teglalakas-budapest-vii-kerulet/8464497?page=63&pos=19&cr=30,
https://www.zenga.hu/ingatlan/elado-teglalakas-budapest-xi-kerulet-kelenvolgy/7441741?page=63&pos=20&cr=30,
https://www.zenga.hu/ingatlan/elado-teglalakas-budapest-ix-kerulet/8654579?page=64&pos=1&cr=30,
https://www.zenga.hu/ingatlan/elado-teglalakas-budapest-xvi-kerulet-petofikert/8653532?page=64&pos=2&cr=30,
https://www.zenga.hu/ingatlan/elado-teglalakas-budapest-v-kerulet-belvaros/8620875?page=64&pos=3&cr=30,
https://www.zenga.hu/ingatlan/elado-panellakas-budapest-xi-kerulet-gazdagret/8653219?page=64&pos=4&cr=30,
https://www.zenga.hu/ingatlan/elado-teglalakas-budapest-vii-kerulet/8620876?page=64&pos=5&cr=30,
https://www.zenga.hu/ingatlan/elado-teglalakas-szolnok/8259740?page=64&pos=6&cr=30,
https://www.zenga.hu/ingatlan/elado-teglalakas-budapest-xx-kerulet/8535689?page=64&pos=7&cr=30,
https://www.zenga.hu/ingatlan/elado-teglalakas-pecs-belvaros/8572580?page=64&pos=8&cr=30,
https://www.zenga.hu/ingatlan/elado-teglalakas-budapest-xi-kerulet/8617683?page=64&pos=9&cr=30,
https://www.zenga.hu/ingatlan/elado-teglalakas-budapest-xi-kerulet/8612901?page=64&pos=10&cr=30,
https://www.zenga.hu/ingatlan/elado-csusztatott-zsalus-lakas-szekesfehervar-vizivaros/8475044?page=64&pos=11&cr=30,
https://www.zenga.hu/ingatlan/elado-panellakas-miskolc-belvaros/8618869?page=64&pos=12&cr=30,
https://www.zenga.hu/ingatlan/elado-teglalakas-szeged-belvaros/8605354?page=64&pos=13&cr=30,
https://www.zenga.hu/ingatlan/elado-teglalakas-budapest-ii-kerulet-szemlohegy/8546635?page=64&pos=14&cr=30,
https://www.zenga.hu/ingatlan/elado-teglalakas-budapest-vii-kerulet/8239913?page=64&pos=15&cr=30,
https://www.zenga.hu/ingatlan/elado-teglalakas-budapest-ix-kerulet-kozepso-ferencvaros/8645604?page=64&pos=16&cr=30,
https://www.zenga.hu/ingatlan/elado-teglalakas-kecskemet/8643037?page=64&pos=17&cr=30,
https://www.zenga.hu/ingatlan/elado-teglalakas-budapest-x-kerulet-ujhegy/8456488?page=64&pos=18&cr=30,
https://www.zenga.hu/ingatlan/elado-teglalakas-komarom/8638333?page=64&pos=19&cr=30,
https://www.zenga.hu/ingatlan/elado-teglalakas-gyor-nadorvaros/8636994?page=64&pos=20&cr=30,
https://www.zenga.hu/ingatlan/elado-teglalakas-budapest-iv-kerulet-megyer/8636907?page=65&pos=1&cr=30,
https://www.zenga.hu/ingatlan/elado-teglalakas-budapest-ix-kerulet-kozepso-ferencvaros/8635083?page=65&pos=2&cr=30,
https://www.zenga.hu/ingatlan/elado-panellakas-debrecen-tocoskert/8633288?page=65&pos=3&cr=30,
https://www.zenga.hu/ingatlan/elado-tarsashazi-lakas-erd-erdliget/7476888?page=65&pos=4&cr=30,
https://www.zenga.hu/ingatlan/elado-teglalakas-budapest-vi-kerulet-nagykoruton-beluli-terulet/8629732?page=65&pos=5&cr=30,
https://www.zenga.hu/ingatlan/elado-teglalakas-budapest-iv-kerulet-szekesdulo/8625337?page=65&pos=6&cr=30,
https://www.zenga.hu/ingatlan/elado-teglalakas-budapest-v-kerulet-belvaros/8625319?page=65&pos=7&cr=30,
https://www.zenga.hu/ingatlan/elado-teglalakas-budapest-vii-kerulet/8618663?page=65&pos=8&cr=30,
https://www.zenga.hu/ingatlan/elado-tarsashazi-lakas-kalocsa/8611441?page=65&pos=9&cr=30,
https://www.zenga.hu/ingatlan/elado-teglalakas-balatonfured-belvaros/8432722?page=65&pos=10&cr=30,
https://www.zenga.hu/ingatlan/elado-teglalakas-szolnok-tallinn-varosresz/8604154?page=65&pos=11&cr=30,
https://www.zenga.hu/ingatlan/elado-teglalakas-dunaujvaros-belvaros/8594015?page=65&pos=12&cr=30,
https://www.zenga.hu/ingatlan/elado-panellakas-tatabanya-ujvaros/8590557?page=65&pos=13&cr=30,
https://www.zenga.hu/ingatlan/elado-teglalakas-kormend-belvaros/8352691?page=65&pos=14&cr=30,
https://www.zenga.hu/ingatlan/elado-teglalakas-jaszszentlaszlo/8503346?page=65&pos=15&cr=30,
https://www.zenga.hu/ingatlan/elado-teglalakas-budapest-ii-kerulet-pasaret/8568610?page=65&pos=16&cr=30,
https://www.zenga.hu/ingatlan/elado-teglalakas-tatabanya-sagvari-lakotelep/8568674?page=65&pos=17&cr=30,
https://www.zenga.hu/ingatlan/elado-tarsashazi-lakas-siofok-aranypart/8568642?page=65&pos=18&cr=30,
https://www.zenga.hu/ingatlan/elado-tarsashazi-lakas-esztergom-esztergom-kertvaros/8460170?page=65&pos=19&cr=30,
https://www.zenga.hu/ingatlan/elado-teglalakas-budapest-xi-kerulet-muegyetem-kornyeke/8444081?page=65&pos=20&cr=30,
https://www.zenga.hu/ingatlan/elado-teglalakas-budapest-vi-kerulet-nagykoruton-kivuli-terulet/7250632?page=66&pos=1&cr=30,
https://www.zenga.hu/ingatlan/elado-teglalakas-szekszard/8661150?page=66&pos=2&cr=29,
https://www.zenga.hu/ingatlan/elado-teglalakas-szekszard/8667988?page=66&pos=3&cr=29,
https://www.zenga.hu/ingatlan/elado-teglalakas-hajduszoboszlo/8658054?page=66&pos=4&cr=29,
https://www.zenga.hu/ingatlan/elado-csusztatott-zsalus-lakas-szekszard-felsovaros/8662534?page=66&pos=5&cr=29,
https://www.zenga.hu/ingatlan/elado-teglalakas-budapest-xviii-kerulet-ganzkertvaros/8537108?page=66&pos=6&cr=29,
https://www.zenga.hu/ingatlan/elado-teglalakas-budapest-xviii-kerulet/8634336?page=66&pos=7&cr=29,
https://www.zenga.hu/ingatlan/elado-panellakas-budapest-xviii-kerulet/8515325?page=66&pos=8&cr=29,
https://www.zenga.hu/ingatlan/elado-panellakas-budapest-xviii-kerulet-liptaktelep/8553937?page=66&pos=9&cr=29,
https://www.zenga.hu/ingatlan/elado-teglalakas-pomaz/8506183?page=66&pos=10&cr=29,
https://www.zenga.hu/ingatlan/elado-teglalakas-varpalota/8668013?page=66&pos=11&cr=28,
https://www.zenga.hu/ingatlan/elado-teglalakas-balatonfured-belvaros/8662282?page=66&pos=12&cr=28,
https://www.zenga.hu/ingatlan/elado-teglalakas-siofok-fokihegy/8597793?page=66&pos=13&cr=28,
https://www.zenga.hu/ingatlan/elado-csusztatott-zsalus-lakas-tapolca-keleti-varosresz/8661114?page=66&pos=14&cr=28,
https://www.zenga.hu/ingatlan/elado-teglalakas-papa/8668454?page=66&pos=15&cr=28,
https://www.zenga.hu/ingatlan/elado-teglalakas-balatonfuzfo/8665753?page=66&pos=16&cr=28,
https://www.zenga.hu/ingatlan/elado-teglalakas-pecs-egyetemvaros/8398699?page=66&pos=17&cr=26,
https://www.zenga.hu/ingatlan/elado-teglalakas-veresegyhaz/8486770?page=66&pos=18&cr=26,
https://www.zenga.hu/ingatlan/elado-teglalakas-budapest-iv-kerulet/8667448?page=66&pos=19&cr=26,
https://www.zenga.hu/ingatlan/elado-teglalakas-heviz/8597645?page=66&pos=20&cr=26,
https://www.zenga.hu/ingatlan/elado-teglalakas-budapest-ii-kerulet-vizivaros-ii-ker/8589653?page=67&pos=1&cr=26,
https://www.zenga.hu/ingatlan/elado-teglalakas-budapest-vii-kerulet/8589655?page=67&pos=2&cr=26,
https://www.zenga.hu/ingatlan/elado-teglalakas-veszprem/8436016?page=67&pos=3&cr=26,
https://www.zenga.hu/ingatlan/elado-egyeb-lakas-budapest-ii-kerulet/8621922?page=67&pos=4&cr=26,
https://www.zenga.hu/ingatlan/elado-teglalakas-budapest-i-kerulet/8540510?page=67&pos=5&cr=26,
https://www.zenga.hu/ingatlan/elado-panellakas-budapest-xix-kerulet-kispest-lakotelep/8646544?page=67&pos=6&cr=26,
https://www.zenga.hu/ingatlan/elado-teglalakas-ajka/8433299?page=67&pos=7&cr=26,
https://www.zenga.hu/ingatlan/elado-egyeb-lakas-celldomolk/8296579?page=67&pos=8&cr=26,
https://www.zenga.hu/ingatlan/elado-teglalakas-budapest-viii-kerulet/8570106?page=67&pos=9&cr=26,
https://www.zenga.hu/ingatlan/elado-teglalakas-pecs/8442019?page=67&pos=10&cr=25,
https://www.zenga.hu/ingatlan/elado-teglalakas-szeged-felsovaros/8567649?page=67&pos=11&cr=25,
https://www.zenga.hu/ingatlan/elado-teglalakas-budapest-ix-kerulet/8547086?page=67&pos=12&cr=25,
https://www.zenga.hu/ingatlan/elado-teglalakas-budapest-xx-kerulet/8669247?page=67&pos=13&cr=25,
https://www.zenga.hu/ingatlan/elado-teglalakas-siofok/8598256?page=67&pos=14&cr=25,
https://www.zenga.hu/ingatlan/elado-teglalakas-zalacsany/8598016?page=67&pos=15&cr=25,
https://www.zenga.hu/ingatlan/elado-teglalakas-kaposvar-belvaros/8600059?page=67&pos=16&cr=25,
https://www.zenga.hu/ingatlan/elado-teglalakas-siofok-ezustpart/8601256?page=67&pos=17&cr=25,
https://www.zenga.hu/ingatlan/elado-teglalakas-debrecen-hatvan-utcai-kert/8636791?page=67&pos=18&cr=25,
https://www.zenga.hu/ingatlan/elado-teglalakas-debrecen-belvaros/8629423?page=67&pos=19&cr=25,
https://www.zenga.hu/ingatlan/elado-teglalakas-siofok-ezustpart/7117848?page=67&pos=20&cr=25,
https://www.zenga.hu/ingatlan/elado-teglalakas-kaposvar-belvaros/8600059?page=68&pos=1&cr=25,
https://www.zenga.hu/ingatlan/elado-teglalakas-siofok-ezustpart/8601256?page=68&pos=2&cr=25,
https://www.zenga.hu/ingatlan/elado-teglalakas-debrecen-epreskert/8605844?page=68&pos=3&cr=25,
https://www.zenga.hu/ingatlan/elado-teglalakas-budapest-xiv-kerulet-herminamezo/8623888?page=68&pos=4&cr=25,
https://www.zenga.hu/ingatlan/elado-teglalakas-gyor-nadorvaros/8622735?page=68&pos=5&cr=25,
https://www.zenga.hu/ingatlan/elado-teglalakas-budapest-vi-kerulet/8557994?page=68&pos=6&cr=25,
https://www.zenga.hu/ingatlan/elado-teglalakas-budapest-vii-kerulet/8522076?page=68&pos=7&cr=25,
https://www.zenga.hu/ingatlan/elado-teglalakas-budapest-vii-kerulet/8548000?page=68&pos=8&cr=25,
https://www.zenga.hu/ingatlan/elado-teglalakas-debrecen-belvaros/8548462?page=68&pos=9&cr=25,
https://www.zenga.hu/ingatlan/elado-teglalakas-budapest-viii-kerulet/8653677?page=68&pos=10&cr=25,
https://www.zenga.hu/ingatlan/elado-teglalakas-budapest-vii-kerulet/8430740?page=68&pos=11&cr=25,
https://www.zenga.hu/ingatlan/elado-panellakas-ajka/8589472?page=68&pos=12&cr=25,
https://www.zenga.hu/ingatlan/elado-teglalakas-balatonfoldvar/8223176?page=68&pos=13&cr=25,
https://www.zenga.hu/ingatlan/elado-teglalakas-szombathely/8577128?page=68&pos=14&cr=25,
https://www.zenga.hu/ingatlan/elado-panellakas-miskolc-belvaros/8544349?page=68&pos=15&cr=25,
https://www.zenga.hu/ingatlan/elado-teglalakas-debrecen-mikloskapu/8654421?page=68&pos=16&cr=25,
https://www.zenga.hu/ingatlan/elado-teglalakas-budapest-vi-kerulet/8652672?page=68&pos=17&cr=25,
https://www.zenga.hu/ingatlan/elado-teglalakas-szolnok/7331527?page=68&pos=18&cr=25,
https://www.zenga.hu/ingatlan/elado-teglalakas-pecs/8480003?page=68&pos=19&cr=25,
https://www.zenga.hu/ingatlan/elado-teglalakas-mezohegyes/8639177?page=68&pos=20&cr=25,
https://www.zenga.hu/ingatlan/elado-teglalakas-mezohegyes/8639194?page=69&pos=1&cr=25,
https://www.zenga.hu/ingatlan/elado-csusztatott-zsalus-lakas-budapest-ii-kerulet-torokvesz/8572539?page=69&pos=2&cr=25,
https://www.zenga.hu/ingatlan/elado-teglalakas-debrecen-nagyerdoalja/8602550?page=69&pos=3&cr=25,
https://www.zenga.hu/ingatlan/elado-teglalakas-budapest-vi-kerulet-nagykoruton-kivuli-terulet/8540169?page=69&pos=4&cr=25,
https://www.zenga.hu/ingatlan/elado-teglalakas-budapest-vii-kerulet-nagykoruton-kivuli-terulet/8643606?page=69&pos=5&cr=25,
https://www.zenga.hu/ingatlan/elado-panellakas-debrecen-venkert/8639424?page=69&pos=6&cr=25,
https://www.zenga.hu/ingatlan/elado-teglalakas-debrecen-belvaros/8594706?page=69&pos=7&cr=25,
https://www.zenga.hu/ingatlan/elado-teglalakas-hajdunanas/8641254?page=69&pos=8&cr=25,
https://www.zenga.hu/ingatlan/elado-teglalakas-hajdunanas-szolooldal/8641256?page=69&pos=9&cr=25,
https://www.zenga.hu/ingatlan/elado-teglalakas-balatonvilagos/8618641?page=69&pos=10&cr=25,
https://www.zenga.hu/ingatlan/elado-teglalakas-szeged-alsovaros/8520234?page=69&pos=11&cr=25,
https://www.zenga.hu/ingatlan/elado-teglalakas-siofok-fokihegy/8629943?page=69&pos=12&cr=25,
https://www.zenga.hu/ingatlan/elado-panellakas-pecs-kertvaros/8609351?page=69&pos=13&cr=25,
https://www.zenga.hu/ingatlan/elado-teglalakas-balatonlelle/8424240?page=69&pos=14&cr=25,
https://www.zenga.hu/ingatlan/elado-teglalakas-debrecen-nagyerdoalja/8581282?page=69&pos=15&cr=25,
https://www.zenga.hu/ingatlan/elado-teglalakas-debrecen-juliatelep/8512055?page=69&pos=16&cr=25,
https://www.zenga.hu/ingatlan/elado-teglalakas-budapest-xi-kerulet/8291083?page=69&pos=17&cr=25,
https://www.zenga.hu/ingatlan/elado-teglalakas-budapest-xvi-kerulet-rakosszentmihaly/8554249?page=69&pos=18&cr=25,
https://www.zenga.hu/ingatlan/elado-teglalakas-budapest-xvi-kerulet-rakosszentmihaly/8554333?page=69&pos=19&cr=25,
https://www.zenga.hu/ingatlan/elado-teglalakas-balatonlelle/8381935?page=69&pos=20&cr=25,
https://www.zenga.hu/ingatlan/elado-teglalakas-budapest-ix-kerulet-belso-ferencvaros/8518540?page=70&pos=1&cr=25,
https://www.zenga.hu/ingatlan/elado-tarsashazi-lakas-budapest-vii-kerulet-nagykoruton-kivuli-terulet/8460308?page=70&pos=2&cr=25,
https://www.zenga.hu/ingatlan/elado-teglalakas-baja-belvaros/8362297?page=70&pos=3&cr=25,
https://www.zenga.hu/ingatlan/elado-panellakas-almasfuzito/8669829?page=70&pos=4&cr=23,
https://www.zenga.hu/ingatlan/elado-teglalakas-budapest-vi-kerulet/8669217?page=70&pos=5&cr=23,
https://www.zenga.hu/ingatlan/elado-teglalakas-tokodaltaro/8667105?page=70&pos=6&cr=23,
https://www.zenga.hu/ingatlan/elado-teglalakas-komarom/8663415?page=70&pos=7&cr=23,
https://www.zenga.hu/ingatlan/elado-teglalakas-hidasnemeti/8664178?page=70&pos=8&cr=23,
https://www.zenga.hu/ingatlan/elado-teglalakas-hidasnemeti/8664177?page=70&pos=9&cr=23,
https://www.zenga.hu/ingatlan/elado-teglalakas-budapest-iv-kerulet-ujpest/8593467?page=70&pos=10&cr=23,
https://www.zenga.hu/ingatlan/elado-teglalakas-tiszaujvaros/8653907?page=70&pos=11&cr=23,
https://www.zenga.hu/ingatlan/elado-panellakas-budapest-xv-kerulet-ujpalota/8657351?page=70&pos=12&cr=23,
https://www.zenga.hu/ingatlan/elado-teglalakas-budapest-xi-kerulet-hosszuret/8653113?page=70&pos=13&cr=23,
https://www.zenga.hu/ingatlan/elado-teglalakas-gyomro-klotildtelep/8506172?page=70&pos=14&cr=23,
https://www.zenga.hu/ingatlan/elado-teglalakas-budapest-vi-kerulet-diplomatanegyed/8639723?page=70&pos=15&cr=22,
https://www.zenga.hu/ingatlan/elado-teglalakas-szombathely-belvaros/8450278?page=70&pos=16&cr=22,
https://www.zenga.hu/ingatlan/elado-teglalakas-szolnok-belvaros/8662540?page=70&pos=17&cr=22,
https://www.zenga.hu/ingatlan/elado-teglalakas-miskolc-selyemret/8662907?page=70&pos=18&cr=22,
https://www.zenga.hu/ingatlan/elado-teglalakas-budapest-xii-kerulet/8663520?page=70&pos=19&cr=22,
https://www.zenga.hu/ingatlan/elado-teglalakas-budapest-vi-kerulet-nagykoruton-beluli-terulet/8639722?page=70&pos=20&cr=22,
https://www.zenga.hu/ingatlan/elado-teglalakas-debrecen-belvaros/8434946?page=71&pos=1&cr=22,
https://www.zenga.hu/ingatlan/elado-panellakas-budapest-iii-kerulet-obuda/8628432?page=71&pos=2&cr=22,
https://www.zenga.hu/ingatlan/elado-panellakas-pecs-kertvaros/8527755?page=71&pos=3&cr=22,
https://www.zenga.hu/ingatlan/elado-panellakas-ajka/8613036?page=71&pos=4&cr=22,
https://www.zenga.hu/ingatlan/elado-csusztatott-zsalus-lakas-budapest-xiii-kerulet/8669676?page=71&pos=5&cr=21,
https://www.zenga.hu/ingatlan/elado-panellakas-pecs-uranvaros/8669688?page=71&pos=6&cr=21,
https://www.zenga.hu/ingatlan/elado-teglalakas-budapest-iv-kerulet-ujpest/8588809?page=71&pos=7&cr=21,
https://www.zenga.hu/ingatlan/elado-teglalakas-budapest-viii-kerulet/8669202?page=71&pos=8&cr=21,
https://www.zenga.hu/ingatlan/elado-teglalakas-budapest-viii-kerulet/8669203?page=71&pos=9&cr=21,
https://www.zenga.hu/ingatlan/elado-teglalakas-komlo/8659754?page=71&pos=10&cr=21,
https://www.zenga.hu/ingatlan/elado-teglalakas-debrecen/8553247?page=71&pos=11&cr=21,
https://www.zenga.hu/ingatlan/elado-teglalakas-budapest-xi-kerulet/8667895?page=71&pos=12&cr=21,
https://www.zenga.hu/ingatlan/elado-teglalakas-mohacs/8668293?page=71&pos=13&cr=21,
https://www.zenga.hu/ingatlan/elado-teglalakas-budapest-xxi-kerulet-csillagtelep/8649746?page=71&pos=14&cr=21,
https://www.zenga.hu/ingatlan/elado-teglalakas-budapest-xi-kerulet/8667894?page=71&pos=15&cr=21,
https://www.zenga.hu/ingatlan/elado-teglalakas-budapest-ix-kerulet/8667447?page=71&pos=16&cr=21,
https://www.zenga.hu/ingatlan/elado-panellakas-budapest-xi-kerulet-gazdagret/8643085?page=71&pos=17&cr=21,
https://www.zenga.hu/ingatlan/elado-teglalakas-harkany/8667117?page=71&pos=18&cr=21,
https://www.zenga.hu/ingatlan/elado-panellakas-budapest-xv-kerulet-ujpalota/8613959?page=71&pos=19&cr=21,
https://www.zenga.hu/ingatlan/elado-teglalakas-budapest-xiv-kerulet/8664350?page=71&pos=20&cr=21,
https://www.zenga.hu/ingatlan/elado-teglalakas-budapest-v-kerulet/8664351?page=72&pos=1&cr=21,
https://www.zenga.hu/ingatlan/elado-teglalakas-budapest-vi-kerulet/8664349?page=72&pos=2&cr=21,
https://www.zenga.hu/ingatlan/elado-teglalakas-sopron-egeredidomb/8595751?page=72&pos=3&cr=21,
https://www.zenga.hu/ingatlan/elado-teglalakas-budapest-xi-kerulet-gellerthegy/8651824?page=72&pos=4&cr=21,
https://www.zenga.hu/ingatlan/elado-teglalakas-budapest-xi-kerulet/8659495?page=72&pos=5&cr=21,
https://www.zenga.hu/ingatlan/elado-teglalakas-budapest-v-kerulet/8653227?page=72&pos=6&cr=21,
https://www.zenga.hu/ingatlan/elado-teglalakas-budapest-xiii-kerulet-ujlipotvaros/8648161?page=72&pos=7&cr=21,
https://www.zenga.hu/ingatlan/elado-teglalakas-budapest-xi-kerulet/8659486?page=72&pos=8&cr=21,
https://www.zenga.hu/ingatlan/elado-teglalakas-budapest-xi-kerulet/8659494?page=72&pos=9&cr=21,
https://www.zenga.hu/ingatlan/elado-teglalakas-budapest-viii-kerulet/8659484?page=72&pos=10&cr=21,
https://www.zenga.hu/ingatlan/elado-teglalakas-budapest-viii-kerulet/8659483?page=72&pos=11&cr=21,
https://www.zenga.hu/ingatlan/elado-teglalakas-kozarmisleny/8662061?page=72&pos=12&cr=21,
https://www.zenga.hu/ingatlan/elado-teglalakas-budapest-xi-kerulet/8659502?page=72&pos=13&cr=21,
https://www.zenga.hu/ingatlan/elado-teglalakas-budapest-xvi-kerulet-cinkota/8648162?page=72&pos=14&cr=21,
https://www.zenga.hu/ingatlan/elado-teglalakas-budapest-viii-kerulet/8659504?page=72&pos=15&cr=21,
https://www.zenga.hu/ingatlan/elado-teglalakas-sasd/8655793?page=72&pos=16&cr=21,
https://www.zenga.hu/ingatlan/elado-teglalakas-budapest-xiii-kerulet-angyalfold/8654067?page=72&pos=17&cr=21,
https://www.zenga.hu/ingatlan/elado-teglalakas-szentlorinc/8660335?page=72&pos=18&cr=21,
https://www.zenga.hu/ingatlan/elado-panellakas-budapest-iv-kerulet-ujpest/8627467?page=72&pos=19&cr=21,
https://www.zenga.hu/ingatlan/elado-teglalakas-budapest-xiv-kerulet-alsorakos/8624912?page=72&pos=20&cr=21,
https://www.zenga.hu/ingatlan/elado-teglalakas-budapest-vii-kerulet/8656635?page=73&pos=1&cr=21,
https://www.zenga.hu/ingatlan/elado-panellakas-salgotarjan/8459460?page=73&pos=2&cr=21,
https://www.zenga.hu/ingatlan/elado-teglalakas-budapest-vii-kerulet/8656634?page=73&pos=3&cr=21,
https://www.zenga.hu/ingatlan/elado-teglalakas-budapest-xii-kerulet-orbanhegy/8625989?page=73&pos=4&cr=21,
https://www.zenga.hu/ingatlan/elado-teglalakas-budapest-i-kerulet/8592692?page=73&pos=5&cr=21,
https://www.zenga.hu/ingatlan/elado-teglalakas-budapest-xvii-kerulet-rakoshegy/8656636?page=73&pos=6&cr=21,
https://www.zenga.hu/ingatlan/elado-egyeb-lakas-budapest-ii-kerulet-csatarka/8643084?page=73&pos=7&cr=21,
https://www.zenga.hu/ingatlan/elado-teglalakas-budapest-ii-kerulet-lipotmezo/8627677?page=73&pos=8&cr=21,
https://www.zenga.hu/ingatlan/elado-teglalakas-budapest-ii-kerulet-palvolgy/8618792?page=73&pos=9&cr=21,
https://www.zenga.hu/ingatlan/elado-teglalakas-budapest-iii-kerulet-ujlak-iii-ker/8595813?page=73&pos=10&cr=21,
https://www.zenga.hu/ingatlan/elado-teglalakas-budapest-xvi-kerulet-rakosszentmihaly/8588786?page=73&pos=11&cr=21,
https://www.zenga.hu/ingatlan/elado-panellakas-budapest-xxi-kerulet-erdoalja/8651253?page=73&pos=12&cr=21,
https://www.zenga.hu/ingatlan/elado-panellakas-budapest-xv-kerulet-ujpalota/8648160?page=73&pos=13&cr=21,
https://www.zenga.hu/ingatlan/elado-teglalakas-budapest-i-kerulet-naphegy/8643636?page=73&pos=14&cr=21,
https://www.zenga.hu/ingatlan/elado-panellakas-budapest-iv-kerulet/8648159?page=73&pos=15&cr=21,
https://www.zenga.hu/ingatlan/elado-teglalakas-budapest-vii-kerulet/8624911?page=73&pos=16&cr=21,
https://www.zenga.hu/ingatlan/elado-teglalakas-budapest-xiv-kerulet-alsorakos/8616365?page=73&pos=17&cr=21,
https://www.zenga.hu/ingatlan/elado-teglalakas-budapest-vi-kerulet/8592789?page=73&pos=18&cr=21,
https://www.zenga.hu/ingatlan/elado-teglalakas-budapest-xiv-kerulet/8541396?page=73&pos=19&cr=21,
https://www.zenga.hu/ingatlan/elado-panellakas-budapest-x-kerulet/8456424?page=73&pos=20&cr=21,
https://www.zenga.hu/ingatlan/elado-teglalakas-budapest-ix-kerulet/8644250?page=74&pos=1&cr=21,
https://www.zenga.hu/ingatlan/elado-teglalakas-budapest-vi-kerulet/8443696?page=74&pos=2&cr=21,
https://www.zenga.hu/ingatlan/elado-teglalakas-budapest-ix-kerulet/8446495?page=74&pos=3&cr=21,
https://www.zenga.hu/ingatlan/elado-teglalakas-budapest-vi-kerulet/8491216?page=74&pos=4&cr=21,
https://www.zenga.hu/ingatlan/elado-teglalakas-budapest-vi-kerulet/8536720?page=74&pos=5&cr=21,
https://www.zenga.hu/ingatlan/elado-teglalakas-budapest-xiii-kerulet-angyalfold/8588807?page=74&pos=6&cr=21,
https://www.zenga.hu/ingatlan/elado-teglalakas-budapest-xiii-kerulet/8630653?page=74&pos=7&cr=21,
https://www.zenga.hu/ingatlan/elado-teglalakas-budapest-xxi-kerulet/8586021?page=74&pos=8&cr=21,
https://www.zenga.hu/ingatlan/elado-teglalakas-budapest-xxi-kerulet/8575726?page=74&pos=9&cr=21,
https://www.zenga.hu/ingatlan/elado-teglalakas-budapest-xxi-kerulet/8614066?page=74&pos=10&cr=21,
https://www.zenga.hu/ingatlan/elado-teglalakas-budapest-xxi-kerulet/8602129?page=74&pos=11&cr=21,
https://www.zenga.hu/ingatlan/elado-panellakas-budapest-xxi-kerulet/8575760?page=74&pos=12&cr=21,
https://www.zenga.hu/ingatlan/elado-teglalakas-budapest-vi-kerulet/8643530?page=74&pos=13&cr=21,
https://www.zenga.hu/ingatlan/elado-panellakas-budapest-xiv-kerulet-alsorakos/8588835?page=74&pos=14&cr=21,
https://www.zenga.hu/ingatlan/elado-teglalakas-budapest-iv-kerulet/8612505?page=74&pos=15&cr=21,
https://www.zenga.hu/ingatlan/elado-teglalakas-komlo/8641623?page=74&pos=16&cr=21,
https://www.zenga.hu/ingatlan/elado-teglalakas-nyiregyhaza-malomkert/8622293?page=74&pos=17&cr=21,
https://www.zenga.hu/ingatlan/elado-teglalakas-balatonfured/8632032?page=74&pos=18&cr=21,
https://www.zenga.hu/ingatlan/elado-teglalakas-budapest-i-kerulet-varnegyed/8285405?page=74&pos=19&cr=21,
https://www.zenga.hu/ingatlan/elado-tarsashazi-lakas-budapest-ii-kerulet-huvosvolgy/8234084?page=74&pos=20&cr=21,
https://www.zenga.hu/ingatlan/elado-panellakas-budapest-xv-kerulet-ujpalota/8452971?page=75&pos=1&cr=21,
https://www.zenga.hu/ingatlan/elado-teglalakas-budapest-ix-kerulet/8395728?page=75&pos=2&cr=20,
https://www.zenga.hu/ingatlan/elado-teglalakas-budapest-viii-kerulet-jozsefvaros/8479476?page=75&pos=3&cr=20,
https://www.zenga.hu/ingatlan/elado-teglalakas-budapest-v-kerulet/8512960?page=75&pos=4&cr=20,
https://www.zenga.hu/ingatlan/elado-teglalakas-budapest-v-kerulet-lipotvaros/8653753?page=75&pos=5&cr=20,
https://www.zenga.hu/ingatlan/elado-teglalakas-kecskemet/8634111?page=75&pos=6&cr=20,
https://www.zenga.hu/ingatlan/elado-panellakas-miskolc/8615214?page=75&pos=7&cr=20,
https://www.zenga.hu/ingatlan/elado-teglalakas-pecs-mecsekoldal-makar/8467459?page=75&pos=8&cr=20,
https://www.zenga.hu/ingatlan/elado-panellakas-budapest-xxii-kerulet-budateteny/8666917?page=75&pos=9&cr=20,
https://www.zenga.hu/ingatlan/elado-panellakas-debrecen-tocoskert/8613475?page=75&pos=10&cr=20,
https://www.zenga.hu/ingatlan/elado-teglalakas-budapest-v-kerulet-lipotvaros/8643143?page=75&pos=11&cr=20,
https://www.zenga.hu/ingatlan/elado-teglalakas-budapest-xi-kerulet-ormezo/8377431?page=75&pos=12&cr=20,
https://www.zenga.hu/ingatlan/elado-teglalakas-budapest-xiv-kerulet-alsorakos/8604486?page=75&pos=13&cr=20,
https://www.zenga.hu/ingatlan/elado-teglalakas-cserkeszolo/8669480?page=75&pos=14&cr=20,
https://www.zenga.hu/ingatlan/elado-teglalakas-budapest-x-kerulet/8594712?page=75&pos=15&cr=20,
https://www.zenga.hu/ingatlan/elado-teglalakas-budapest-xii-kerulet/8606681?page=75&pos=16&cr=20,
https://www.zenga.hu/ingatlan/elado-teglalakas-szeged-belvaros/8621786?page=75&pos=17&cr=20,
https://www.zenga.hu/ingatlan/elado-teglalakas-budapest-xii-kerulet/8623687?page=75&pos=18&cr=20,
https://www.zenga.hu/ingatlan/elado-csusztatott-zsalus-lakas-budapest-iii-kerulet/8540177?page=75&pos=19&cr=20,
https://www.zenga.hu/ingatlan/elado-teglalakas-kecskemet/8433322?page=75&pos=20&cr=20,
https://www.zenga.hu/ingatlan/elado-teglalakas-sopron/8532707?page=76&pos=1&cr=20,
https://www.zenga.hu/ingatlan/elado-teglalakas-eger-belvaros/8651416?page=76&pos=2&cr=20,
https://www.zenga.hu/ingatlan/elado-teglalakas-mohacs/7965940?page=76&pos=3&cr=20,
https://www.zenga.hu/ingatlan/elado-teglalakas-sopron/8581726?page=76&pos=4&cr=20,
https://www.zenga.hu/ingatlan/elado-teglalakas-gyor-gyorszentivan/7862778?page=76&pos=5&cr=20,
https://www.zenga.hu/ingatlan/elado-teglalakas-vac-deakvar/8608643?page=76&pos=6&cr=20,
https://www.zenga.hu/ingatlan/elado-panellakas-budapest-iv-kerulet-kaposztasmegyer/8623667?page=76&pos=7&cr=20,
https://www.zenga.hu/ingatlan/elado-teglalakas-piliscsaba/7985843?page=76&pos=8&cr=20,
https://www.zenga.hu/ingatlan/elado-teglalakas-mohacs/8552359?page=76&pos=9&cr=20,
https://www.zenga.hu/ingatlan/elado-teglalakas-balatonoszod/8598672?page=76&pos=10&cr=20,
https://www.zenga.hu/ingatlan/elado-teglalakas-gyor-szitasdomb/8597520?page=76&pos=11&cr=20,
https://www.zenga.hu/ingatlan/elado-teglalakas-budapest-xiii-kerulet/8522879?page=76&pos=12&cr=20,
https://www.zenga.hu/ingatlan/elado-teglalakas-debrecen/8654809?page=76&pos=13&cr=20,
https://www.zenga.hu/ingatlan/elado-panellakas-budapest-iv-kerulet/8632909?page=76&pos=14&cr=20,
https://www.zenga.hu/ingatlan/elado-teglalakas-debrecen-nagyerdopark/8566858?page=76&pos=15&cr=20,
https://www.zenga.hu/ingatlan/elado-teglalakas-diosd/8623673?page=76&pos=16&cr=20,
https://www.zenga.hu/ingatlan/elado-teglalakas-budapest-iii-kerulet-csillaghegy/8591875?page=76&pos=17&cr=20,
https://www.zenga.hu/ingatlan/elado-panellakas-pecs-kertvaros/8612709?page=76&pos=18&cr=20,
https://www.zenga.hu/ingatlan/elado-teglalakas-sopron-belvaros/8603622?page=76&pos=19&cr=20,
https://www.zenga.hu/ingatlan/elado-teglalakas-budapest-viii-kerulet/8584305?page=76&pos=20&cr=20,
https://www.zenga.hu/ingatlan/elado-teglalakas-mosonmagyarovar-varoskozpont/8589029?page=77&pos=1&cr=20,
https://www.zenga.hu/ingatlan/elado-teglalakas-budapest-vi-kerulet/8580523?page=77&pos=2&cr=20,
https://www.zenga.hu/ingatlan/elado-teglalakas-gyor-revfalu/8236183?page=77&pos=3&cr=20,
https://www.zenga.hu/ingatlan/elado-teglalakas-budapest-xiii-kerulet-ujlipotvaros/8578716?page=77&pos=4&cr=20,
https://www.zenga.hu/ingatlan/elado-teglalakas-debrecen-teglagyar/8568332?page=77&pos=5&cr=20,
https://www.zenga.hu/ingatlan/elado-teglalakas-budapest-v-kerulet-belvaros/7530277?page=77&pos=6&cr=20,
https://www.zenga.hu/ingatlan/elado-teglalakas-eger-belvaros/8668420?page=77&pos=7&cr=20,
https://www.zenga.hu/ingatlan/elado-panellakas-budapest-xv-kerulet-ujpalota/8605109?page=77&pos=8&cr=20,
https://www.zenga.hu/ingatlan/elado-teglalakas-budapest-iv-kerulet-ujpest/8612726?page=77&pos=9&cr=20,
https://www.zenga.hu/ingatlan/elado-teglalakas-sopron/8513289?page=77&pos=10&cr=20,
https://www.zenga.hu/ingatlan/elado-panellakas-budapest-xvii-kerulet-pesti-uti-lakopark/8626640?page=77&pos=11&cr=20,
https://www.zenga.hu/ingatlan/elado-panellakas-budaors/8523241?page=77&pos=12&cr=20,
https://www.zenga.hu/ingatlan/elado-teglalakas-budapest-xiii-kerulet/8631220?page=77&pos=13&cr=20,
https://www.zenga.hu/ingatlan/elado-teglalakas-budapest-vii-kerulet/8518459?page=77&pos=14&cr=20,
https://www.zenga.hu/ingatlan/elado-teglalakas-budapest-xiii-kerulet-vizafogo/8631219?page=77&pos=15&cr=20,
https://www.zenga.hu/ingatlan/elado-teglalakas-budapest-v-kerulet/8544967?page=77&pos=16&cr=20,
https://www.zenga.hu/ingatlan/elado-teglalakas-budapest-iii-kerulet/8626510?page=77&pos=17&cr=20,
https://www.zenga.hu/ingatlan/elado-teglalakas-tiszasziget/8350332?page=77&pos=18&cr=20,
https://www.zenga.hu/ingatlan/elado-teglalakas-budapest-v-kerulet/8625355?page=77&pos=19&cr=20,
https://www.zenga.hu/ingatlan/elado-teglalakas-budapest-viii-kerulet-palotanegyed/8613131?page=77&pos=20&cr=20,
https://www.zenga.hu/ingatlan/elado-teglalakas-budapest-viii-kerulet-palotanegyed/8613131?page=78&pos=1&cr=20,
https://www.zenga.hu/ingatlan/elado-teglalakas-szeged-moravaros/8426804?page=78&pos=2&cr=20,
https://www.zenga.hu/ingatlan/elado-teglalakas-budapest-xxiii-kerulet-soroksar-ujtelep/8601776?page=78&pos=3&cr=20,
https://www.zenga.hu/ingatlan/elado-teglalakas-godollo/8610618?page=78&pos=4&cr=20,
https://www.zenga.hu/ingatlan/elado-teglalakas-sopron-aranyhegy/7519705?page=78&pos=5&cr=20,
https://www.zenga.hu/ingatlan/elado-teglalakas-budapest-vi-kerulet-nagykoruton-kivuli-terulet/8265914?page=78&pos=6&cr=20,
https://www.zenga.hu/ingatlan/elado-teglalakas-budapest-v-kerulet-belvaros/8171059?page=78&pos=7&cr=20,
https://www.zenga.hu/ingatlan/elado-teglalakas-debrecen-belvaros/8333539?page=78&pos=8&cr=20,
https://www.zenga.hu/ingatlan/elado-teglalakas-godollo/8610621?page=78&pos=9&cr=20,
https://www.zenga.hu/ingatlan/elado-teglalakas-papa/8205175?page=78&pos=10&cr=20,
https://www.zenga.hu/ingatlan/elado-egyeb-lakas-cegled/8425131?page=78&pos=11&cr=20,
https://www.zenga.hu/ingatlan/elado-teglalakas-papa/8262034?page=78&pos=12&cr=20,
https://www.zenga.hu/ingatlan/elado-teglalakas-papa/8180237?page=78&pos=13&cr=20,
https://www.zenga.hu/ingatlan/elado-teglalakas-nyiregyhaza-belvaros/8661963?page=78&pos=14&cr=20,
https://www.zenga.hu/ingatlan/elado-panellakas-debrecen/8568293?page=78&pos=15&cr=20,
https://www.zenga.hu/ingatlan/elado-teglalakas-budapest-xiii-kerulet-angyalfold/8593777?page=78&pos=16&cr=20,
https://www.zenga.hu/ingatlan/elado-teglalakas-nagykoros/8634114?page=78&pos=17&cr=20,
https://www.zenga.hu/ingatlan/elado-teglalakas-nagykoros/8511394?page=78&pos=18&cr=20,
https://www.zenga.hu/ingatlan/elado-teglalakas-kecskemet/8623463?page=78&pos=19&cr=20,
https://www.zenga.hu/ingatlan/elado-teglalakas-gyor-nadorvaros/8522820?page=78&pos=20&cr=20,
https://www.zenga.hu/ingatlan/elado-teglalakas-gyor-nadorvaros/8522820?page=79&pos=1&cr=20,
https://www.zenga.hu/ingatlan/elado-teglalakas-kecskemet-belvaros/8502379?page=79&pos=2&cr=20,
https://www.zenga.hu/ingatlan/elado-teglalakas-gyor-belvaros/8627988?page=79&pos=3&cr=20,
https://www.zenga.hu/ingatlan/elado-teglalakas-makad/8659049?page=79&pos=4&cr=20,
https://www.zenga.hu/ingatlan/elado-teglalakas-nyergesujfalu/8488893?page=79&pos=5&cr=20,
https://www.zenga.hu/ingatlan/elado-panellakas-nyergesujfalu/8420016?page=79&pos=6&cr=20,
https://www.zenga.hu/ingatlan/elado-csusztatott-zsalus-lakas-esztergom/8483105?page=79&pos=7&cr=20,
https://www.zenga.hu/ingatlan/elado-teglalakas-szekesfehervar/8565381?page=79&pos=8&cr=20,
https://www.zenga.hu/ingatlan/elado-teglalakas-balatonszemes/8657542?page=79&pos=9&cr=20,
https://www.zenga.hu/ingatlan/elado-panellakas-salgotarjan/8579626?page=79&pos=10&cr=20,
https://www.zenga.hu/ingatlan/elado-teglalakas-miskolc/8574712?page=79&pos=11&cr=20,
https://www.zenga.hu/ingatlan/elado-teglalakas-budapest-xx-kerulet/8494058?page=79&pos=12&cr=20,
https://www.zenga.hu/ingatlan/elado-teglalakas-tatabanya/8553978?page=79&pos=13&cr=20,
https://www.zenga.hu/ingatlan/elado-teglalakas-budapest-xvi-kerulet/8604963?page=79&pos=14&cr=20,
https://www.zenga.hu/ingatlan/elado-teglalakas-budapest-iv-kerulet/8604965?page=79&pos=15&cr=20,
https://www.zenga.hu/ingatlan/elado-teglalakas-tapioszolos/8428922?page=79&pos=16&cr=20,
https://www.zenga.hu/ingatlan/elado-teglalakas-pecs-gyarvaros/8552159?page=79&pos=17&cr=20,
https://www.zenga.hu/ingatlan/elado-teglalakas-szigetszentmiklos/8535480?page=79&pos=18&cr=20,
https://www.zenga.hu/ingatlan/elado-teglalakas-budapest-vi-kerulet/7946888?page=79&pos=19&cr=20,
https://www.zenga.hu/ingatlan/elado-teglalakas-budapest-vii-kerulet/8100067?page=79&pos=20&cr=20,
https://www.zenga.hu/ingatlan/elado-teglalakas-budapest-vi-kerulet/8653217?page=80&pos=1&cr=20,
https://www.zenga.hu/ingatlan/elado-teglalakas-budapest-vi-kerulet-nagykoruton-kivuli-terulet/8652889?page=80&pos=2&cr=20,
https://www.zenga.hu/ingatlan/elado-panellakas-pecs/8652500?page=80&pos=3&cr=20,
https://www.zenga.hu/ingatlan/elado-teglalakas-esztergom/8226988?page=80&pos=4&cr=20,
https://www.zenga.hu/ingatlan/elado-panellakas-jaszbereny/8500553?page=80&pos=5&cr=20,
https://www.zenga.hu/ingatlan/elado-egyeb-lakas-mako/8613331?page=80&pos=6&cr=20,
https://www.zenga.hu/ingatlan/elado-teglalakas-cserkeszolo/8494055?page=80&pos=7&cr=20,
https://www.zenga.hu/ingatlan/elado-panellakas-budapest-iii-kerulet/8495775?page=80&pos=8&cr=20,
https://www.zenga.hu/ingatlan/elado-teglalakas-tatabanya-gal-istvan-lakotelep/8169360?page=80&pos=9&cr=20,
https://www.zenga.hu/ingatlan/elado-teglalakas-villany/8632653?page=80&pos=10&cr=20,
https://www.zenga.hu/ingatlan/elado-teglalakas-pecs-belvaros/8489413?page=80&pos=11&cr=20,
https://www.zenga.hu/ingatlan/elado-panellakas-pecs/8519519?page=80&pos=12&cr=20,
https://www.zenga.hu/ingatlan/elado-panellakas-pecs-kertvaros/8515342?page=80&pos=13&cr=20,
https://www.zenga.hu/ingatlan/elado-teglalakas-keszthely/8057777?page=80&pos=14&cr=20,
https://www.zenga.hu/ingatlan/elado-teglalakas-keszthely/8057778?page=80&pos=15&cr=20,
https://www.zenga.hu/ingatlan/elado-csusztatott-zsalus-lakas-debrecen-vargakert/8559729?page=80&pos=16&cr=20,
https://www.zenga.hu/ingatlan/elado-teglalakas-debrecen-dobozikert/8646023?page=80&pos=17&cr=20,
https://www.zenga.hu/ingatlan/elado-teglalakas-szekesfehervar-belvaros-es-kornyeke/8282084?page=80&pos=18&cr=20,
https://www.zenga.hu/ingatlan/elado-teglalakas-szekesfehervar-oreghegy/8282137?page=80&pos=19&cr=20,
https://www.zenga.hu/ingatlan/elado-teglalakas-miskolc-belvaros/8544350?page=80&pos=20&cr=20,
https://www.zenga.hu/ingatlan/elado-teglalakas-budapest-ii-kerulet-lipotmezo/8635204?page=81&pos=1&cr=20,
https://www.zenga.hu/ingatlan/elado-teglalakas-budapest-x-kerulet-ohegy/8585458?page=81&pos=2&cr=20,
https://www.zenga.hu/ingatlan/elado-egyeb-lakas-balatonfured/8646804?page=81&pos=3&cr=20,
https://www.zenga.hu/ingatlan/elado-panellakas-siofok-aranypart/8624360?page=81&pos=4&cr=20,
https://www.zenga.hu/ingatlan/elado-teglalakas-budapest-xi-kerulet-kelenvolgy/7441740?page=81&pos=5&cr=20,
https://www.zenga.hu/ingatlan/elado-teglalakas-budapest-xi-kerulet-peterhegy/8354055?page=81&pos=6&cr=20,
https://www.zenga.hu/ingatlan/elado-teglalakas-csorna/8647339?page=81&pos=7&cr=20,
https://www.zenga.hu/ingatlan/elado-teglalakas-budapest-viii-kerulet/8535193?page=81&pos=8&cr=20,
https://www.zenga.hu/ingatlan/elado-teglalakas-dunaujvaros-belvaros/8645596?page=81&pos=9&cr=20,
https://www.zenga.hu/ingatlan/elado-csusztatott-zsalus-lakas-debrecen-nagyerdoalja/8434958?page=81&pos=10&cr=20,
https://www.zenga.hu/ingatlan/elado-teglalakas-debrecen-tocovolgy/8434951?page=81&pos=11&cr=20,
https://www.zenga.hu/ingatlan/elado-teglalakas-debrecen-belvaros/8619903?page=81&pos=12&cr=20,
https://www.zenga.hu/ingatlan/elado-teglalakas-debrecen-homokkert/8372808?page=81&pos=13&cr=20,
https://www.zenga.hu/ingatlan/elado-teglalakas-debrecen/8469874?page=81&pos=14&cr=20,
https://www.zenga.hu/ingatlan/elado-teglalakas-budapest-viii-kerulet-csarnoknegyed/8606954?page=81&pos=15&cr=20,
https://www.zenga.hu/ingatlan/elado-teglalakas-balatonfuzfo/8603163?page=81&pos=16&cr=20,
https://www.zenga.hu/ingatlan/elado-teglalakas-pecs-uranvaros/8642815?page=81&pos=17&cr=20,
https://www.zenga.hu/ingatlan/elado-panellakas-nagyoroszi/8642751?page=81&pos=18&cr=20,
https://www.zenga.hu/ingatlan/elado-teglalakas-szeged-belvaros/8595523?page=81&pos=19&cr=20,
https://www.zenga.hu/ingatlan/elado-teglalakas-szeged-moravaros/8347749?page=81&pos=20&cr=20,
https://www.zenga.hu/ingatlan/elado-teglalakas-debrecen-nagyerdoalja/8569000?page=82&pos=1&cr=20,
https://www.zenga.hu/ingatlan/elado-tarsashazi-lakas-pecs-belvaros/8638428?page=82&pos=2&cr=20,
https://www.zenga.hu/ingatlan/elado-teglalakas-budapest-viii-kerulet-jozsefvaros/8518460?page=82&pos=3&cr=20,
https://www.zenga.hu/ingatlan/elado-panellakas-komarom/8638324?page=82&pos=4&cr=20,
https://www.zenga.hu/ingatlan/elado-teglalakas-budapest-i-kerulet-vizivaros-i-ker/8588698?page=82&pos=5&cr=20,
https://www.zenga.hu/ingatlan/elado-csusztatott-zsalus-lakas-budaors/8594379?page=82&pos=6&cr=20,
https://www.zenga.hu/ingatlan/elado-panellakas-pecs-kertvaros/8631786?page=82&pos=7&cr=20,
https://www.zenga.hu/ingatlan/elado-panellakas-pecs-kertvaros/8631863?page=82&pos=8&cr=20,
https://www.zenga.hu/ingatlan/elado-teglalakas-dunaujvaros-belvaros/8631825?page=82&pos=9&cr=20,
https://www.zenga.hu/ingatlan/elado-teglalakas-sopron/8440263?page=82&pos=10&cr=20,
https://www.zenga.hu/ingatlan/elado-teglalakas-sopron/8440274?page=82&pos=11&cr=20,
https://www.zenga.hu/ingatlan/elado-teglalakas-sopron/8440277?page=82&pos=12&cr=20,
https://www.zenga.hu/ingatlan/elado-teglalakas-budapest-vii-kerulet-nagykoruton-beluli-terulet/8617770?page=82&pos=13&cr=20,
https://www.zenga.hu/ingatlan/elado-teglalakas-sopron/8440270?page=82&pos=14&cr=20,
https://www.zenga.hu/ingatlan/elado-teglalakas-sopron/8440272?page=82&pos=15&cr=20,
https://www.zenga.hu/ingatlan/elado-teglalakas-budapest-xvii-kerulet-rakoscsaba-ujtelep/8625377?page=82&pos=16&cr=20,
https://www.zenga.hu/ingatlan/elado-teglalakas-budapest-xiv-kerulet-alsorakos/8625358?page=82&pos=17&cr=20,
https://www.zenga.hu/ingatlan/elado-teglalakas-budapest-vi-kerulet/8623943?page=82&pos=18&cr=20,
https://www.zenga.hu/ingatlan/elado-teglalakas-budapest-vii-kerulet-nagykoruton-beluli-terulet/8622025?page=82&pos=19&cr=20,
https://www.zenga.hu/ingatlan/elado-teglalakas-budapest-vi-kerulet-nagykoruton-beluli-terulet/8613123?page=82&pos=20&cr=20,
https://www.zenga.hu/ingatlan/elado-teglalakas-budapest-ii-kerulet-rozsadomb/8572920?page=83&pos=1&cr=20,
https://www.zenga.hu/ingatlan/elado-teglalakas-gyula/8464447?page=83&pos=2&cr=20,
https://www.zenga.hu/ingatlan/elado-tarsashazi-lakas-budapest-xviii-kerulet/8123289?page=83&pos=3&cr=20,
https://www.zenga.hu/ingatlan/elado-teglalakas-balatonszepezd/8609586?page=83&pos=4&cr=20,
https://www.zenga.hu/ingatlan/elado-teglalakas-balatonudvari/8609581?page=83&pos=5&cr=20,
https://www.zenga.hu/ingatlan/elado-teglalakas-szerencs/8609495?page=83&pos=6&cr=20,
https://www.zenga.hu/ingatlan/elado-csusztatott-zsalus-lakas-eger-belvaros/8464640?page=83&pos=7&cr=20,
https://www.zenga.hu/ingatlan/elado-teglalakas-nyiregyhaza-orokosfold/8550871?page=83&pos=8&cr=20,
https://www.zenga.hu/ingatlan/elado-tarsashazi-lakas-dorog/8557725?page=83&pos=9&cr=20,
https://www.zenga.hu/ingatlan/elado-teglalakas-komarom/8592263?page=83&pos=10&cr=20,
https://www.zenga.hu/ingatlan/elado-teglalakas-komarom/8590379?page=83&pos=11&cr=20,
https://www.zenga.hu/ingatlan/elado-teglalakas-szeged/8550952?page=83&pos=12&cr=20,
https://www.zenga.hu/ingatlan/elado-teglalakas-budapest-iii-kerulet/8563616?page=83&pos=13&cr=20,
https://www.zenga.hu/ingatlan/elado-tarsashazi-lakas-budapest-ii-kerulet-pasaret/8567058?page=83&pos=14&cr=20,
https://www.zenga.hu/ingatlan/elado-teglalakas-budapest-xv-kerulet-pestujhely/8567370?page=83&pos=15&cr=20,
https://www.zenga.hu/ingatlan/elado-teglalakas-szerencs/8516485?page=83&pos=16&cr=20,
https://www.zenga.hu/ingatlan/elado-teglalakas-papa/8556284?page=83&pos=17&cr=20,
https://www.zenga.hu/ingatlan/elado-teglalakas-budapest-xx-kerulet/8555849?page=83&pos=18&cr=20,
https://www.zenga.hu/ingatlan/elado-tarsashazi-lakas-erd-parkvaros/8494546?page=83&pos=19&cr=20,
https://www.zenga.hu/ingatlan/elado-tarsashazi-lakas-debrecen/8526256?page=83&pos=20&cr=20,
https://www.zenga.hu/ingatlan/elado-teglalakas-balatonfoldvar/8512415?page=84&pos=1&cr=20,
https://www.zenga.hu/ingatlan/elado-panellakas-szeged-rokus/8507767?page=84&pos=2&cr=20,
https://www.zenga.hu/ingatlan/elado-tarsashazi-lakas-fonyod/8487903?page=84&pos=3&cr=20,
https://www.zenga.hu/ingatlan/elado-teglalakas-szombathely-belvaros/8484871?page=84&pos=4&cr=20,
https://www.zenga.hu/ingatlan/elado-panellakas-salgotarjan-vasarter/8478878?page=84&pos=5&cr=20,
https://www.zenga.hu/ingatlan/elado-teglalakas-pecs-belvaros/8474584?page=84&pos=6&cr=20,
https://www.zenga.hu/ingatlan/elado-teglalakas-tiszavasvari/8112364?page=84&pos=7&cr=20,
https://www.zenga.hu/ingatlan/elado-panellakas-tatabanya-ujvaros/8669830?page=84&pos=8&cr=19,
https://www.zenga.hu/ingatlan/elado-teglalakas-tatabanya-ovaros/8658075?page=84&pos=9&cr=19,
https://www.zenga.hu/ingatlan/elado-teglalakas-tatabanya/8668622?page=84&pos=10&cr=19,
https://www.zenga.hu/ingatlan/elado-panellakas-dunaujvaros/8668005?page=84&pos=11&cr=19,
https://www.zenga.hu/ingatlan/elado-teglalakas-alsoors/8468535?page=84&pos=12&cr=19,
https://www.zenga.hu/ingatlan/elado-panellakas-dunaujvaros/8664069?page=84&pos=13&cr=19,
https://www.zenga.hu/ingatlan/elado-teglalakas-budapest-iv-kerulet-ujpest/8657354?page=84&pos=14&cr=19,
https://www.zenga.hu/ingatlan/elado-teglalakas-budapest-ii-kerulet-szemlohegy/8606704?page=84&pos=15&cr=19,
https://www.zenga.hu/ingatlan/elado-teglalakas-debrecen/8372809?page=84&pos=16&cr=19,
https://www.zenga.hu/ingatlan/elado-teglalakas-retsag/8606416?page=84&pos=17&cr=18,
https://www.zenga.hu/ingatlan/elado-teglalakas-debrecen-belvaros/8465201?page=84&pos=18&cr=18,
https://www.zenga.hu/ingatlan/elado-teglalakas-komarom/8592274?page=84&pos=19&cr=18,
https://www.zenga.hu/ingatlan/elado-egyeb-lakas-pecs-ledina/8461175?page=84&pos=20&cr=17,
https://www.zenga.hu/ingatlan/elado-panellakas-budapest-iii-kerulet-obuda/8659070?page=85&pos=1&cr=17,
https://www.zenga.hu/ingatlan/elado-teglalakas-balatonfured-alsovaros/8584510?page=85&pos=2&cr=17,
https://www.zenga.hu/ingatlan/elado-teglalakas-debrecen-dobozi-lakotelep/8569003?page=85&pos=3&cr=17,
https://www.zenga.hu/ingatlan/elado-teglalakas-siofok/8581905?page=85&pos=4&cr=17,
https://www.zenga.hu/ingatlan/elado-teglalakas-szombathely-belvaros/8438511?page=85&pos=5&cr=17,
https://www.zenga.hu/ingatlan/elado-teglalakas-balatonfured-balatonaracs/8575403?page=85&pos=6&cr=16,
https://www.zenga.hu/ingatlan/elado-panellakas-nyergesujfalu/8540545?page=85&pos=7&cr=16,
https://www.zenga.hu/ingatlan/elado-teglalakas-budapest-i-kerulet-vizivaros-i-ker/8534520?page=85&pos=8&cr=16,
https://www.zenga.hu/ingatlan/elado-panellakas-debrecen-venkert/8661453?page=85&pos=9&cr=16,
https://www.zenga.hu/ingatlan/elado-teglalakas-szolnok/8433276?page=85&pos=10&cr=16,
https://www.zenga.hu/ingatlan/elado-teglalakas-hajduboszormeny/8648919?page=85&pos=11&cr=16,
https://www.zenga.hu/ingatlan/elado-panellakas-szeged-felsovaros/8576996?page=85&pos=12&cr=16,
https://www.zenga.hu/ingatlan/elado-teglalakas-budapest-xi-kerulet/8442017?page=85&pos=13&cr=16,
https://www.zenga.hu/ingatlan/elado-teglalakas-budapest-xiii-kerulet/8616956?page=85&pos=14&cr=16,
https://www.zenga.hu/ingatlan/elado-teglalakas-veszprem/8383696?page=85&pos=15&cr=16,
https://www.zenga.hu/ingatlan/elado-teglalakas-veszprem/8486762?page=85&pos=16&cr=16,
https://www.zenga.hu/ingatlan/elado-teglalakas-budapest-xiii-kerulet-loportardulo/8501642?page=85&pos=17&cr=16,
https://www.zenga.hu/ingatlan/elado-teglalakas-budapest-vii-kerulet-nagykoruton-beluli-terulet/8478901?page=85&pos=18&cr=16,
https://www.zenga.hu/ingatlan/elado-panellakas-salgotarjan/8330703?page=85&pos=19&cr=16,
https://www.zenga.hu/ingatlan/elado-teglalakas-szeged/8168406?page=85&pos=20&cr=15,
https://www.zenga.hu/ingatlan/elado-teglalakas-balatonfoldvar/8391939?page=86&pos=1&cr=15,
https://www.zenga.hu/ingatlan/elado-panellakas-debrecen-tocoskert/8613477?page=86&pos=2&cr=15,
https://www.zenga.hu/ingatlan/elado-teglalakas-balatonfured/8619747?page=86&pos=3&cr=15,
https://www.zenga.hu/ingatlan/elado-teglalakas-lepseny/8601015?page=86&pos=4&cr=15,
https://www.zenga.hu/ingatlan/elado-teglalakas-fonyod/8585725?page=86&pos=5&cr=15,
https://www.zenga.hu/ingatlan/elado-teglalakas-balatonfoldvar/8663143?page=86&pos=6&cr=15,
https://www.zenga.hu/ingatlan/elado-teglalakas-harkany/8395636?page=86&pos=7&cr=15,
https://www.zenga.hu/ingatlan/elado-teglalakas-siofok-belvaros/8600960?page=86&pos=8&cr=15,
https://www.zenga.hu/ingatlan/elado-teglalakas-budapest-viii-kerulet/8519152?page=86&pos=9&cr=15,
https://www.zenga.hu/ingatlan/elado-panellakas-gyor-marcalvaros-ii/8669587?page=86&pos=10&cr=15,
https://www.zenga.hu/ingatlan/elado-teglalakas-koszeg/8540761?page=86&pos=11&cr=15,
https://www.zenga.hu/ingatlan/elado-teglalakas-pecs/8648124?page=86&pos=12&cr=15,
https://www.zenga.hu/ingatlan/elado-teglalakas-debrecen-belvaros/8496279?page=86&pos=13&cr=15,
https://www.zenga.hu/ingatlan/elado-teglalakas-siofok-belvaros/8601004?page=86&pos=14&cr=15,
https://www.zenga.hu/ingatlan/elado-panellakas-dombovar/8600067?page=86&pos=15&cr=15,
https://www.zenga.hu/ingatlan/elado-panellakas-dombovar/8600064?page=86&pos=16&cr=15,
https://www.zenga.hu/ingatlan/elado-teglalakas-siofok-aranypart/8600963?page=86&pos=17&cr=15,
https://www.zenga.hu/ingatlan/elado-panellakas-debrecen/8550650?page=86&pos=18&cr=15,
https://www.zenga.hu/ingatlan/elado-panellakas-dombovar/8600057?page=86&pos=19&cr=15,
https://www.zenga.hu/ingatlan/elado-teglalakas-pecs-mecsekoldal-makar/8513302?page=86&pos=20&cr=15,
https://www.zenga.hu/ingatlan/elado-teglalakas-siofok-belvaros/8601004?page=87&pos=1&cr=15,
https://www.zenga.hu/ingatlan/elado-teglalakas-zalaegerszeg-belvaros/8640940?page=87&pos=2&cr=15,
https://www.zenga.hu/ingatlan/elado-teglalakas-gyor-szabadhegy/8597408?page=87&pos=3&cr=15,
https://www.zenga.hu/ingatlan/elado-teglalakas-budapest-ii-kerulet-pasaret/8541903?page=87&pos=4&cr=15,
https://www.zenga.hu/ingatlan/elado-teglalakas-budapest-xi-kerulet-albertfalva/8623636?page=87&pos=5&cr=15,
https://www.zenga.hu/ingatlan/elado-teglalakas-debrecen-homokkert/8468625?page=87&pos=6&cr=15,
https://www.zenga.hu/ingatlan/elado-teglalakas-siofok-aranypart/8600963?page=87&pos=7&cr=15,
https://www.zenga.hu/ingatlan/elado-panellakas-dombovar/8600064?page=87&pos=8&cr=15,
https://www.zenga.hu/ingatlan/elado-panellakas-dombovar/8600057?page=87&pos=9&cr=15,
https://www.zenga.hu/ingatlan/elado-teglalakas-debrecen-libakert/8666912?page=87&pos=10&cr=15,
https://www.zenga.hu/ingatlan/elado-csusztatott-zsalus-lakas-heviz/8655686?page=87&pos=11&cr=15,
https://www.zenga.hu/ingatlan/elado-teglalakas-budapest-vi-kerulet-nagykoruton-kivuli-terulet/8665492?page=87&pos=12&cr=15,
https://www.zenga.hu/ingatlan/elado-panellakas-budapest-x-kerulet-ujhegy/8646551?page=87&pos=13&cr=15,
https://www.zenga.hu/ingatlan/elado-teglalakas-gyor-sziget/8633232?page=87&pos=14&cr=15,
https://www.zenga.hu/ingatlan/elado-teglalakas-budapest-xi-kerulet-nadorkert/8513126?page=87&pos=15&cr=15,
https://www.zenga.hu/ingatlan/elado-teglalakas-budapest-v-kerulet-lipotvaros/8323094?page=87&pos=16&cr=15,
https://www.zenga.hu/ingatlan/elado-teglalakas-varpalota/8552971?page=87&pos=17&cr=15,
https://www.zenga.hu/ingatlan/elado-csusztatott-zsalus-lakas-debrecen-akademiakert/8662859?page=87&pos=18&cr=15,
https://www.zenga.hu/ingatlan/elado-panellakas-debrecen-tocoskert/8662589?page=87&pos=19&cr=15,
https://www.zenga.hu/ingatlan/elado-teglalakas-cegled/8527231?page=87&pos=20&cr=15,
https://www.zenga.hu/ingatlan/elado-teglalakas-budapest-ix-kerulet-belso-ferencvaros/8351627?page=88&pos=1&cr=15,
https://www.zenga.hu/ingatlan/elado-teglalakas-bekescsaba-belvaros/8581787?page=88&pos=2&cr=15,
https://www.zenga.hu/ingatlan/elado-teglalakas-budapest-v-kerulet-belvaros/7919233?page=88&pos=3&cr=15,
https://www.zenga.hu/ingatlan/elado-teglalakas-kecskemet/8458076?page=88&pos=4&cr=15,
https://www.zenga.hu/ingatlan/elado-teglalakas-budapest-ii-kerulet-torokvesz/8645436?page=88&pos=5&cr=15,
https://www.zenga.hu/ingatlan/elado-teglalakas-budapest-v-kerulet-belvaros/8658117?page=88&pos=6&cr=15,
https://www.zenga.hu/ingatlan/elado-teglalakas-kapuvar-varoskozpont/8657055?page=88&pos=7&cr=15,
https://www.zenga.hu/ingatlan/elado-teglalakas-balatonfoldvar/8590009?page=88&pos=8&cr=15,
https://www.zenga.hu/ingatlan/elado-teglalakas-balatonfoldvar/8590008?page=88&pos=9&cr=15,
https://www.zenga.hu/ingatlan/elado-teglalakas-budapest-v-kerulet-lipotvaros/8617953?page=88&pos=10&cr=15,
https://www.zenga.hu/ingatlan/elado-teglalakas-budapest-vi-kerulet-nagykoruton-kivuli-terulet/8617950?page=88&pos=11&cr=15,
https://www.zenga.hu/ingatlan/elado-teglalakas-gyor-sziget/8503066?page=88&pos=12&cr=15,
https://www.zenga.hu/ingatlan/elado-teglalakas-mosonmagyarovar/8635200?page=88&pos=13&cr=15,
https://www.zenga.hu/ingatlan/elado-egyeb-lakas-bekescsaba/8626197?page=88&pos=14&cr=15,
https://www.zenga.hu/ingatlan/elado-teglalakas-keszthely/8533930?page=88&pos=15&cr=15,
https://www.zenga.hu/ingatlan/elado-teglalakas-pecs-budai-varosresz/8642823?page=88&pos=16&cr=15,
https://www.zenga.hu/ingatlan/elado-panellakas-dunaujvaros-romai-varosresz/8621676?page=88&pos=17&cr=15,
https://www.zenga.hu/ingatlan/elado-csusztatott-zsalus-lakas-budapest-ii-kerulet/7911380?page=88&pos=18&cr=15,
https://www.zenga.hu/ingatlan/elado-panellakas-debrecen-tocoskert/8605884?page=88&pos=19&cr=15,
https://www.zenga.hu/ingatlan/elado-teglalakas-budapest-xiii-kerulet-ujlipotvaros/8643626?page=88&pos=20&cr=15,
https://www.zenga.hu/ingatlan/elado-teglalakas-budapest-iii-kerulet/8621079?page=89&pos=1&cr=15,
https://www.zenga.hu/ingatlan/elado-teglalakas-tatabanya/8549136?page=89&pos=2&cr=15,
https://www.zenga.hu/ingatlan/elado-teglalakas-hodmezovasarhely/8142186?page=89&pos=3&cr=15,
https://www.zenga.hu/ingatlan/elado-teglalakas-tatabanya/8623985?page=89&pos=4&cr=15,
https://www.zenga.hu/ingatlan/elado-tarsashazi-lakas-fonyod-kertvaros/8188684?page=89&pos=5&cr=15,
https://www.zenga.hu/ingatlan/elado-teglalakas-kazincbarcika-belvaros/8584391?page=89&pos=6&cr=15,
https://www.zenga.hu/ingatlan/elado-teglalakas-fonyod/8188685?page=89&pos=7&cr=15,
https://www.zenga.hu/ingatlan/elado-teglalakas-kecskemet-mariavaros/8476782?page=89&pos=8&cr=15,
https://www.zenga.hu/ingatlan/elado-teglalakas-kecskemet-mariavaros/8476766?page=89&pos=9&cr=15,
https://www.zenga.hu/ingatlan/elado-teglalakas-pecs-uranvaros/8642819?page=89&pos=10&cr=15,
https://www.zenga.hu/ingatlan/elado-teglalakas-kecskemet-mariavaros/8476799?page=89&pos=11&cr=15,
https://www.zenga.hu/ingatlan/elado-teglalakas-bekes/7669365?page=89&pos=12&cr=15,
https://www.zenga.hu/ingatlan/elado-teglalakas-kecskemet-mariavaros/8476770?page=89&pos=13&cr=15,
https://www.zenga.hu/ingatlan/elado-tarsashazi-lakas-zalaegerszeg-kertvaros/8577287?page=89&pos=14&cr=15,
https://www.zenga.hu/ingatlan/elado-teglalakas-retsag/8606417?page=89&pos=15&cr=15,
https://www.zenga.hu/ingatlan/elado-teglalakas-budapest-ix-kerulet/8562492?page=89&pos=16&cr=15,
https://www.zenga.hu/ingatlan/elado-teglalakas-budapest-ix-kerulet/8515847?page=89&pos=17&cr=15,
https://www.zenga.hu/ingatlan/elado-teglalakas-vecses/8546134?page=89&pos=18&cr=15,
https://www.zenga.hu/ingatlan/elado-teglalakas-budapest-xi-kerulet-lagymanyos/8619352?page=89&pos=19&cr=15,
https://www.zenga.hu/ingatlan/elado-teglalakas-pecs-ispitaalja/8631805?page=89&pos=20&cr=15,
https://www.zenga.hu/ingatlan/elado-teglalakas-budapest-xi-kerulet-lagymanyos/8619352?page=90&pos=1&cr=15,
https://www.zenga.hu/ingatlan/elado-teglalakas-budapest-iv-kerulet-ujpest/8625427?page=90&pos=2&cr=15,
https://www.zenga.hu/ingatlan/elado-teglalakas-miskolc-bulgarfold/8581302?page=90&pos=3&cr=15,
https://www.zenga.hu/ingatlan/elado-teglalakas-tiszaujvaros/8616364?page=90&pos=4&cr=15,
https://www.zenga.hu/ingatlan/elado-teglalakas-nagycenk/8606827?page=90&pos=5&cr=15,
https://www.zenga.hu/ingatlan/elado-teglalakas-csorna/8549355?page=90&pos=6&cr=15,
https://www.zenga.hu/ingatlan/elado-teglalakas-veszprem-bakonyalja/8567114?page=90&pos=7&cr=15,
https://www.zenga.hu/ingatlan/elado-teglalakas-budapest-vii-kerulet-nagykoruton-beluli-terulet/8567125?page=90&pos=8&cr=15,
https://www.zenga.hu/ingatlan/elado-teglalakas-mosonmagyarovar/8555854?page=90&pos=9&cr=15,
https://www.zenga.hu/ingatlan/elado-teglalakas-eger-belvaros/8543801?page=90&pos=10&cr=15,
https://www.zenga.hu/ingatlan/elado-teglalakas-kaposszekcso-liget-lakotelep/8516962?page=90&pos=11&cr=15,
https://www.zenga.hu/ingatlan/elado-teglalakas-balatonszemes/7727228?page=90&pos=12&cr=15,
https://www.zenga.hu/ingatlan/elado-panellakas-debrecen-tocoskert/8442737?page=90&pos=13&cr=15,
https://www.zenga.hu/ingatlan/elado-teglalakas-fonyod/8466918?page=90&pos=14&cr=15,
https://www.zenga.hu/ingatlan/elado-teglalakas-budapest-vii-kerulet-nagykoruton-kivuli-terulet/8460307?page=90&pos=15&cr=15,
https://www.zenga.hu/ingatlan/elado-teglalakas-szekesfehervar-maroshegy/8639450?page=90&pos=16&cr=14,
https://www.zenga.hu/ingatlan/elado-panellakas-budapest-x-kerulet/8612507?page=90&pos=17&cr=14,
https://www.zenga.hu/ingatlan/elado-panellakas-debrecen-belvaros/8663779?page=90&pos=18&cr=14,
https://www.zenga.hu/ingatlan/elado-teglalakas-budapest-x-kerulet/8612510?page=90&pos=19&cr=14,
https://www.zenga.hu/ingatlan/elado-teglalakas-sopron-kurucdomb/8625350?page=90&pos=20&cr=14,
https://www.zenga.hu/ingatlan/elado-teglalakas-fot/8588811?page=91&pos=1&cr=14,
https://www.zenga.hu/ingatlan/elado-teglalakas-miskolc-zsolcai-kapu/8659850?page=91&pos=2&cr=14,
https://www.zenga.hu/ingatlan/elado-teglalakas-urom/8588810?page=91&pos=3&cr=14,
https://www.zenga.hu/ingatlan/elado-teglalakas-sopron-belvaros/8636834?page=91&pos=4&cr=14,
https://www.zenga.hu/ingatlan/elado-teglalakas-szombathely/8645239?page=91&pos=5&cr=14,
https://www.zenga.hu/ingatlan/elado-tarsashazi-lakas-satoraljaujhely/8501036?page=91&pos=6&cr=14,
https://www.zenga.hu/ingatlan/elado-teglalakas-pecs-belvaros/8627410?page=91&pos=7&cr=14,
https://www.zenga.hu/ingatlan/elado-teglalakas-pecs-balokany/8497021?page=91&pos=8&cr=14,
https://www.zenga.hu/ingatlan/elado-teglalakas-budapest-iv-kerulet/8636326?page=91&pos=9&cr=14,
https://www.zenga.hu/ingatlan/elado-teglalakas-pecs-belvaros/8510054?page=91&pos=10&cr=14,
https://www.zenga.hu/ingatlan/elado-teglalakas-budapest-vi-kerulet/8648517?page=91&pos=11&cr=14,
https://www.zenga.hu/ingatlan/elado-panellakas-miskolc-avas/8578829?page=91&pos=12&cr=14,
https://www.zenga.hu/ingatlan/elado-panellakas-pecs-kertvaros/8468591?page=91&pos=13&cr=14,
https://www.zenga.hu/ingatlan/elado-teglalakas-pecs-kertvaros/8466457?page=91&pos=14&cr=14,
https://www.zenga.hu/ingatlan/elado-teglalakas-budapest-vi-kerulet/8605240?page=91&pos=15&cr=14,
https://www.zenga.hu/ingatlan/elado-teglalakas-bekescsaba-belvaros/8580589?page=91&pos=16&cr=14,
https://www.zenga.hu/ingatlan/elado-panellakas-bekescsaba-belvaros/8540643?page=91&pos=17&cr=14,
https://www.zenga.hu/ingatlan/elado-tarsashazi-lakas-pecs-piricsizma/8450329?page=91&pos=18&cr=14,
https://www.zenga.hu/ingatlan/elado-panellakas-bekescsaba-belvaros/8634554?page=91&pos=19&cr=14,
https://www.zenga.hu/ingatlan/elado-teglalakas-miskolc/8645240?page=91&pos=20&cr=14,
https://www.zenga.hu/ingatlan/elado-teglalakas-budapest-vi-kerulet/8648517?page=92&pos=1&cr=14,
https://www.zenga.hu/ingatlan/elado-teglalakas-pecs-egyetemvaros/8508683?page=92&pos=2&cr=14,
https://www.zenga.hu/ingatlan/elado-teglalakas-sopron-belvaros/8636834?page=92&pos=3&cr=14,
https://www.zenga.hu/ingatlan/elado-teglalakas-pecs-belvaros/8504262?page=92&pos=4&cr=14,
https://www.zenga.hu/ingatlan/elado-panellakas-bekescsaba-belvaros/8634554?page=92&pos=5&cr=14,
https://www.zenga.hu/ingatlan/elado-panellakas-miskolc/8636833?page=92&pos=6&cr=14,
https://www.zenga.hu/ingatlan/elado-teglalakas-szombathely/8645239?page=92&pos=7&cr=14,
https://www.zenga.hu/ingatlan/elado-teglalakas-budapest-iv-kerulet/8636326?page=92&pos=8&cr=14,
https://www.zenga.hu/ingatlan/elado-teglalakas-pecs-egyetemvaros/8626673?page=92&pos=9&cr=14,
https://www.zenga.hu/ingatlan/elado-teglalakas-satoraljaujhely/8495923?page=92&pos=10&cr=14,
https://www.zenga.hu/ingatlan/elado-teglalakas-miskolc/8645240?page=92&pos=11&cr=14,
https://www.zenga.hu/ingatlan/elado-teglalakas-pecs-belvaros/8466458?page=92&pos=12&cr=14,
https://www.zenga.hu/ingatlan/elado-teglalakas-fuzesgyarmat/8602212?page=92&pos=13&cr=14,
https://www.zenga.hu/ingatlan/elado-teglalakas-budapest-i-kerulet/8620247?page=92&pos=14&cr=14,
https://www.zenga.hu/ingatlan/elado-teglalakas-budapest-xi-kerulet-sashegy-xi-ker/8588839?page=92&pos=15&cr=14,
https://www.zenga.hu/ingatlan/elado-csusztatott-zsalus-lakas-budapest-xv-kerulet-rakospalota/8624913?page=92&pos=16&cr=14,
https://www.zenga.hu/ingatlan/elado-panellakas-budapest-xvii-kerulet-rakoskeresztur/8588800?page=92&pos=17&cr=14,
https://www.zenga.hu/ingatlan/elado-teglalakas-budapest-iii-kerulet/8550924?page=92&pos=18&cr=14,
https://www.zenga.hu/ingatlan/elado-teglalakas-budapest-ii-kerulet-orszagut/8669424?page=92&pos=19&cr=13,
https://www.zenga.hu/ingatlan/elado-teglalakas-sopron-belvaros/8532706?page=92&pos=20&cr=13,
https://www.zenga.hu/ingatlan/elado-teglalakas-nemesvamos/8600883?page=93&pos=1&cr=13,
https://www.zenga.hu/ingatlan/elado-teglalakas-kecskemet/8593349?page=93&pos=2&cr=13,
https://www.zenga.hu/ingatlan/elado-teglalakas-dunaujvaros-belvaros/8648420?page=93&pos=3&cr=13,
https://www.zenga.hu/ingatlan/elado-teglalakas-budapest-xii-kerulet-krisztinavaros-xii-ker/8603603?page=93&pos=4&cr=13,
https://www.zenga.hu/ingatlan/elado-teglalakas-budapest-xii-kerulet-martonhegy/8540511?page=93&pos=5&cr=13,
https://www.zenga.hu/ingatlan/elado-teglalakas-zalaegerszeg/8564229?page=93&pos=6&cr=13,
https://www.zenga.hu/ingatlan/elado-teglalakas-budapest-ii-kerulet-szemlohegy/8515357?page=93&pos=7&cr=13,
https://www.zenga.hu/ingatlan/elado-teglalakas-budapest-i-kerulet-naphegy/8424140?page=93&pos=8&cr=13,
https://www.zenga.hu/ingatlan/elado-tarsashazi-lakas-tata-ovaros/8670093?page=93&pos=9&cr=12,
https://www.zenga.hu/ingatlan/elado-tarsashazi-lakas-tata-ovaros/8670076?page=93&pos=10&cr=12,
https://www.zenga.hu/ingatlan/elado-teglalakas-dombovar/8600041?page=93&pos=11&cr=12,
https://www.zenga.hu/ingatlan/elado-teglalakas-dunaujvaros-belvaros/8545117?page=93&pos=12&cr=12,
https://www.zenga.hu/ingatlan/elado-csusztatott-zsalus-lakas-debrecen-vargakert/8662591?page=93&pos=13&cr=12,
https://www.zenga.hu/ingatlan/elado-csusztatott-zsalus-lakas-budapest-iii-kerulet-obuda/8540000?page=93&pos=14&cr=12,
https://www.zenga.hu/ingatlan/elado-teglalakas-budapest-ix-kerulet-rehabilitacios-terulet-ix-/8387467?page=93&pos=15&cr=12,
https://www.zenga.hu/ingatlan/elado-teglalakas-budapest-ix-kerulet-rehabilitacios-terulet-ix-/8386052?page=93&pos=16&cr=12,
https://www.zenga.hu/ingatlan/elado-teglalakas-budapest-iv-kerulet/8604971?page=93&pos=17&cr=12,
https://www.zenga.hu/ingatlan/elado-panellakas-dunaujvaros-romai-varosresz/8634446?page=93&pos=18&cr=12,
https://www.zenga.hu/ingatlan/elado-teglalakas-dunaujvaros-kertvaros/8223585?page=93&pos=19&cr=12,
https://www.zenga.hu/ingatlan/elado-panellakas-dunaujvaros-belvaros/8537308?page=93&pos=20&cr=12,
https://www.zenga.hu/ingatlan/elado-teglalakas-budapest-xiii-kerulet-vizafogo/8328382?page=94&pos=1&cr=12,
https://www.zenga.hu/ingatlan/elado-teglalakas-budapest-xiii-kerulet/8542436?page=94&pos=2&cr=12,
https://www.zenga.hu/ingatlan/elado-teglalakas-budapest-iii-kerulet-harmashatarhegy/8633856?page=94&pos=3&cr=12,
https://www.zenga.hu/ingatlan/elado-teglalakas-siofok/8362538?page=94&pos=4&cr=12,
https://www.zenga.hu/ingatlan/elado-teglalakas-pecs-egyetemvaros/8647802?page=94&pos=5&cr=11,
https://www.zenga.hu/ingatlan/elado-teglalakas-budapest-xxi-kerulet-csepel-belvaros/8636654?page=94&pos=6&cr=11,
https://www.zenga.hu/ingatlan/elado-csusztatott-zsalus-lakas-zalaegerszeg-belvaros/8638922?page=94&pos=7&cr=11,
https://www.zenga.hu/ingatlan/elado-teglalakas-pecs-egyetemvaros/8440529?page=94&pos=8&cr=11,
https://www.zenga.hu/ingatlan/elado-teglalakas-gyor-szabadhegy/8622205?page=94&pos=9&cr=11,
https://www.zenga.hu/ingatlan/elado-teglalakas-kaposvar/8668567?page=94&pos=10&cr=11,
https://www.zenga.hu/ingatlan/elado-teglalakas-budapest-xiii-kerulet-loportardulo/8451847?page=94&pos=11&cr=11,
https://www.zenga.hu/ingatlan/elado-teglalakas-komarom/8658934?page=94&pos=12&cr=11,
https://www.zenga.hu/ingatlan/elado-teglalakas-budapest-vii-kerulet-ligetvaros/8381812?page=94&pos=13&cr=11,
https://www.zenga.hu/ingatlan/elado-teglalakas-budapest-ii-kerulet-vizivaros-ii-ker/8558196?page=94&pos=14&cr=11,
https://www.zenga.hu/ingatlan/elado-teglalakas-budapest-ix-kerulet/8653149?page=94&pos=15&cr=11,
https://www.zenga.hu/ingatlan/elado-teglalakas-budapest-xxi-kerulet/8637399?page=94&pos=16&cr=11,
https://www.zenga.hu/ingatlan/elado-teglalakas-budapest-xi-kerulet/8659490?page=94&pos=17&cr=11,
https://www.zenga.hu/ingatlan/elado-teglalakas-dunaujvaros-technikum-varosresz/8606528?page=94&pos=18&cr=11,
https://www.zenga.hu/ingatlan/elado-panellakas-miskolc/8638389?page=94&pos=19&cr=11,
https://www.zenga.hu/ingatlan/elado-teglalakas-budapest-vi-kerulet/8659492?page=94&pos=20&cr=11,
https://www.zenga.hu/ingatlan/elado-teglalakas-budapest-vi-kerulet/8659505?page=95&pos=1&cr=11,
https://www.zenga.hu/ingatlan/elado-csusztatott-zsalus-lakas-budapest-xi-kerulet/8659498?page=95&pos=2&cr=11,
https://www.zenga.hu/ingatlan/elado-teglalakas-budapest-vi-kerulet/8659497?page=95&pos=3&cr=11,
https://www.zenga.hu/ingatlan/elado-teglalakas-budapest-viii-kerulet/8659501?page=95&pos=4&cr=11,
https://www.zenga.hu/ingatlan/elado-teglalakas-budapest-vii-kerulet/8659496?page=95&pos=5&cr=11,
https://www.zenga.hu/ingatlan/elado-teglalakas-budapest-viii-kerulet/8659500?page=95&pos=6&cr=11,
https://www.zenga.hu/ingatlan/elado-teglalakas-budapest-viii-kerulet/8659499?page=95&pos=7&cr=11,
https://www.zenga.hu/ingatlan/elado-teglalakas-budapest-xiv-kerulet-istvanmezo/8575751?page=95&pos=8&cr=11,
https://www.zenga.hu/ingatlan/elado-teglalakas-budapest-iii-kerulet-romaifurdo/8419019?page=95&pos=9&cr=11,
https://www.zenga.hu/ingatlan/elado-teglalakas-szombathely/8507742?page=95&pos=10&cr=11,
https://www.zenga.hu/ingatlan/elado-teglalakas-zalaegerszeg-belvaros/8418890?page=95&pos=11&cr=11,
https://www.zenga.hu/ingatlan/elado-teglalakas-kaposvar/8657995?page=95&pos=12&cr=11,
https://www.zenga.hu/ingatlan/elado-panellakas-budapest-iii-kerulet-obuda/8586876?page=95&pos=13&cr=11,
https://www.zenga.hu/ingatlan/elado-egyeb-lakas-budapest-ii-kerulet-pasaret/8633709?page=95&pos=14&cr=11,
https://www.zenga.hu/ingatlan/elado-teglalakas-nyiregyhaza/8653286?page=95&pos=15&cr=11,
https://www.zenga.hu/ingatlan/elado-teglalakas-budapest-xiii-kerulet-angyalfold/8619598?page=95&pos=16&cr=11,
https://www.zenga.hu/ingatlan/elado-teglalakas-zalaegerszeg-belvaros/8515899?page=95&pos=17&cr=11,
https://www.zenga.hu/ingatlan/elado-teglalakas-zalaegerszeg-belvaros/8244375?page=95&pos=18&cr=11,
https://www.zenga.hu/ingatlan/elado-teglalakas-zalaegerszeg-belvaros/8479883?page=95&pos=19&cr=11,
https://www.zenga.hu/ingatlan/elado-panellakas-zalaegerszeg-belvaros/8540217?page=95&pos=20&cr=11,
https://www.zenga.hu/ingatlan/elado-teglalakas-budapest-xiii-kerulet-loportardulo/8653050?page=96&pos=1&cr=11,
https://www.zenga.hu/ingatlan/elado-teglalakas-dunaujvaros-technikum-varosresz/8494191?page=96&pos=2&cr=11,
https://www.zenga.hu/ingatlan/elado-panellakas-kazincbarcika/8507559?page=96&pos=3&cr=11,
https://www.zenga.hu/ingatlan/elado-teglalakas-teskand/8561302?page=96&pos=4&cr=11,
https://www.zenga.hu/ingatlan/elado-panellakas-kazincbarcika/8505943?page=96&pos=5&cr=11,
https://www.zenga.hu/ingatlan/elado-teglalakas-budapest-ii-kerulet-orszagut/8637397?page=96&pos=6&cr=11,
https://www.zenga.hu/ingatlan/elado-teglalakas-budapest-ix-kerulet/8448314?page=96&pos=7&cr=11,
https://www.zenga.hu/ingatlan/elado-teglalakas-tata/8534153?page=96&pos=8&cr=11,
https://www.zenga.hu/ingatlan/elado-teglalakas-budapest-vii-kerulet/8582546?page=96&pos=9&cr=11,
https://www.zenga.hu/ingatlan/elado-teglalakas-hajduszoboszlo/8562540?page=96&pos=10&cr=11,
https://www.zenga.hu/ingatlan/elado-teglalakas-budapest-xx-kerulet-pesterzsebet/8611876?page=96&pos=11&cr=11,
https://www.zenga.hu/ingatlan/elado-teglalakas-dunaujvaros/8484930?page=96&pos=12&cr=11,
https://www.zenga.hu/ingatlan/elado-teglalakas-budapest-ix-kerulet/8334235?page=96&pos=13&cr=10,
https://www.zenga.hu/ingatlan/elado-teglalakas-budapest-i-kerulet/8489598?page=96&pos=14&cr=10,
https://www.zenga.hu/ingatlan/elado-panellakas-eger/8669669?page=96&pos=15&cr=10,
https://www.zenga.hu/ingatlan/elado-panellakas-pecs-kertvaros/8594892?page=96&pos=16&cr=10,
https://www.zenga.hu/ingatlan/elado-teglalakas-siofok-fokihegy/8597895?page=96&pos=17&cr=10,
https://www.zenga.hu/ingatlan/elado-tarsashazi-lakas-hegyeshalom/8490928?page=96&pos=18&cr=10,
https://www.zenga.hu/ingatlan/elado-teglalakas-kunszentmarton/8669795?page=96&pos=19&cr=10,
https://www.zenga.hu/ingatlan/elado-teglalakas-budapest-xv-kerulet-rakospalota/8593978?page=96&pos=20&cr=10,
https://www.zenga.hu/ingatlan/elado-teglalakas-eger/8636083?page=97&pos=1&cr=10,
https://www.zenga.hu/ingatlan/elado-teglalakas-siofok-fokihegy/8598028?page=97&pos=2&cr=10,
https://www.zenga.hu/ingatlan/elado-teglalakas-herend/8355794?page=97&pos=3&cr=10,
https://www.zenga.hu/ingatlan/elado-teglalakas-pecs-mecsekoldal-makar/8467458?page=97&pos=4&cr=10,
https://www.zenga.hu/ingatlan/elado-teglalakas-pecs-egyetemvaros/8567868?page=97&pos=5&cr=10,
https://www.zenga.hu/ingatlan/elado-teglalakas-siofok-fokihegy/8597728?page=97&pos=6&cr=10,
https://www.zenga.hu/ingatlan/elado-teglalakas-szombathely/8577071?page=97&pos=7&cr=10,
https://www.zenga.hu/ingatlan/elado-panellakas-budapest-xv-kerulet-ujpalota/8666809?page=97&pos=8&cr=10,
https://www.zenga.hu/ingatlan/elado-teglalakas-pecs/8529302?page=97&pos=9&cr=10,
https://www.zenga.hu/ingatlan/elado-teglalakas-kecskemet/8511395?page=97&pos=10&cr=10,
https://www.zenga.hu/ingatlan/elado-panellakas-eger/8525422?page=97&pos=11&cr=10,
https://www.zenga.hu/ingatlan/elado-teglalakas-pecs-mecsekoldal-makar/8467457?page=97&pos=12&cr=10,
https://www.zenga.hu/ingatlan/elado-teglalakas-pecs-belvaros/8610527?page=97&pos=13&cr=10,
https://www.zenga.hu/ingatlan/elado-teglalakas-budapest-viii-kerulet-jozsefvaros/8331252?page=97&pos=14&cr=10,
https://www.zenga.hu/ingatlan/elado-teglalakas-komlo-kokonyos/8594896?page=97&pos=15&cr=10,
https://www.zenga.hu/ingatlan/elado-egyeb-lakas-bekescsaba/8591086?page=97&pos=16&cr=10,
https://www.zenga.hu/ingatlan/elado-teglalakas-pecs/8644311?page=97&pos=17&cr=10,
https://www.zenga.hu/ingatlan/elado-teglalakas-eger/8639663?page=97&pos=18&cr=10,
https://www.zenga.hu/ingatlan/elado-teglalakas-komlo/8389897?page=97&pos=19&cr=10,
https://www.zenga.hu/ingatlan/elado-teglalakas-siklos/8467460?page=97&pos=20&cr=10,
https://www.zenga.hu/ingatlan/elado-teglalakas-szigetszentmiklos/8532662?page=98&pos=1&cr=10,
https://www.zenga.hu/ingatlan/elado-teglalakas-balatonlelle/8597620?page=98&pos=2&cr=10,
https://www.zenga.hu/ingatlan/elado-teglalakas-gyor-nadorvaros/8609503?page=98&pos=3&cr=10,
https://www.zenga.hu/ingatlan/elado-teglalakas-sajoszentpeter/8469583?page=98&pos=4&cr=10,
https://www.zenga.hu/ingatlan/elado-panellakas-kecskemet/8570776?page=98&pos=5&cr=10,
https://www.zenga.hu/ingatlan/elado-panellakas-sajoszentpeter/7918537?page=98&pos=6&cr=10,
https://www.zenga.hu/ingatlan/elado-teglalakas-budapest-xx-kerulet/8648190?page=98&pos=7&cr=10,
https://www.zenga.hu/ingatlan/elado-teglalakas-pecs/8402160?page=98&pos=8&cr=10,
https://www.zenga.hu/ingatlan/elado-teglalakas-hodmezovasarhely/8369703?page=98&pos=9&cr=10,
https://www.zenga.hu/ingatlan/elado-panellakas-eger/8588501?page=98&pos=10&cr=10,
https://www.zenga.hu/ingatlan/elado-teglalakas-pecs-belvaros/8567867?page=98&pos=11&cr=10,
https://www.zenga.hu/ingatlan/elado-panellakas-budapest-xv-kerulet-ujpalota/8617788?page=98&pos=12&cr=10,
https://www.zenga.hu/ingatlan/elado-teglalakas-nyiregyhaza/8527153?page=98&pos=13&cr=10,
https://www.zenga.hu/ingatlan/elado-teglalakas-budapest-xiv-kerulet-alsorakos/8669355?page=98&pos=14&cr=10,
https://www.zenga.hu/ingatlan/elado-teglalakas-salgotarjan/7936266?page=98&pos=15&cr=10,
https://www.zenga.hu/ingatlan/elado-teglalakas-gyorladamer/8573343?page=98&pos=16&cr=10,
https://www.zenga.hu/ingatlan/elado-teglalakas-sopron-belvaros/8535778?page=98&pos=17&cr=10,
https://www.zenga.hu/ingatlan/elado-teglalakas-heves/8408838?page=98&pos=18&cr=10,
https://www.zenga.hu/ingatlan/elado-egyeb-lakas-eger/8653772?page=98&pos=19&cr=10,
https://www.zenga.hu/ingatlan/elado-teglalakas-budapest-vi-kerulet/8487393?page=98&pos=20&cr=10,
https://www.zenga.hu/ingatlan/elado-teglalakas-fertoszentmiklos/8586042?page=99&pos=1&cr=10,
https://www.zenga.hu/ingatlan/elado-teglalakas-gyor-revfalu/8617644?page=99&pos=2&cr=10,
https://www.zenga.hu/ingatlan/elado-teglalakas-sopron-belvaros/8588550?page=99&pos=3&cr=10,
https://www.zenga.hu/ingatlan/elado-teglalakas-budapest-xi-kerulet/8636644?page=99&pos=4&cr=10,
https://www.zenga.hu/ingatlan/elado-teglalakas-jaszbereny/8309188?page=99&pos=5&cr=10,
https://www.zenga.hu/ingatlan/elado-teglalakas-gyor/8420763?page=99&pos=6&cr=10,
https://www.zenga.hu/ingatlan/elado-panellakas-budapest-xxii-kerulet-budafok/8627769?page=99&pos=7&cr=10,
https://www.zenga.hu/ingatlan/elado-teglalakas-koszeg/8535933?page=99&pos=8&cr=10,
https://www.zenga.hu/ingatlan/elado-teglalakas-komarom/8668804?page=99&pos=9&cr=10,
https://www.zenga.hu/ingatlan/elado-teglalakas-gyor-belvaros/8537514?page=99&pos=10&cr=10,
https://www.zenga.hu/ingatlan/elado-teglalakas-budapest-v-kerulet/8450317?page=99&pos=11&cr=10,
https://www.zenga.hu/ingatlan/elado-teglalakas-jaszbereny/8467326?page=99&pos=12&cr=10,
https://www.zenga.hu/ingatlan/elado-teglalakas-jaszbereny/8460491?page=99&pos=13&cr=10,
https://www.zenga.hu/ingatlan/elado-panellakas-budapest-xv-kerulet-ujpalota/8644422?page=99&pos=14&cr=10,
https://www.zenga.hu/ingatlan/elado-teglalakas-siofok-balatonszeplak/8633002?page=99&pos=15&cr=10,
https://www.zenga.hu/ingatlan/elado-teglalakas-gyor/8492032?page=99&pos=16&cr=10,
https://www.zenga.hu/ingatlan/elado-teglalakas-eger/8645190?page=99&pos=17&cr=10,
https://www.zenga.hu/ingatlan/elado-teglalakas-vac-alsovaros/8602514?page=99&pos=18&cr=10,
https://www.zenga.hu/ingatlan/elado-teglalakas-gyor-menfocsanak/8560494?page=99&pos=19&cr=10,
https://www.zenga.hu/ingatlan/elado-teglalakas-szombathely-belvaros/8182579?page=99&pos=20&cr=10,
https://www.zenga.hu/ingatlan/elado-teglalakas-komarom/8668804?page=100&pos=1&cr=10,
https://www.zenga.hu/ingatlan/elado-teglalakas-sopron-belvaros/8535778?page=100&pos=2&cr=10,
https://www.zenga.hu/ingatlan/elado-teglalakas-heves/8408838?page=100&pos=3&cr=10,
https://www.zenga.hu/ingatlan/elado-teglalakas-budapest-vi-kerulet/8654776?page=100&pos=4&cr=10,
https://www.zenga.hu/ingatlan/elado-panellakas-budapest-xxii-kerulet-budafok/8627769?page=100&pos=5&cr=10,
https://www.zenga.hu/ingatlan/elado-teglalakas-budapest-i-kerulet/8551974?page=100&pos=6&cr=10,
https://www.zenga.hu/ingatlan/elado-teglalakas-jaszbereny/8467326?page=100&pos=7&cr=10,
https://www.zenga.hu/ingatlan/elado-teglalakas-budapest-xiii-kerulet/8592829?page=100&pos=8&cr=10,
https://www.zenga.hu/ingatlan/elado-teglalakas-koszeg/8535933?page=100&pos=9&cr=10,
https://www.zenga.hu/ingatlan/elado-teglalakas-budapest-xiii-kerulet/8606092?page=100&pos=10&cr=10,
https://www.zenga.hu/ingatlan/elado-teglalakas-jaszbereny/8309188?page=100&pos=11&cr=10,
https://www.zenga.hu/ingatlan/elado-teglalakas-budapest-vi-kerulet/8661621?page=100&pos=12&cr=10,
https://www.zenga.hu/ingatlan/elado-teglalakas-gyor-revfalu/8617644?page=100&pos=13&cr=10,
https://www.zenga.hu/ingatlan/elado-teglalakas-gyor-belvaros/8537514?page=100&pos=14&cr=10,
https://www.zenga.hu/ingatlan/elado-teglalakas-budapest-xiv-kerulet-alsorakos/8669355?page=100&pos=15&cr=10,
https://www.zenga.hu/ingatlan/elado-teglalakas-szombathely-oladi-lakotelep/8507502?page=100&pos=16&cr=10,
https://www.zenga.hu/ingatlan/elado-teglalakas-vonyarcvashegy/8668335?page=100&pos=17&cr=10,
https://www.zenga.hu/ingatlan/elado-teglalakas-gyor/8588014?page=100&pos=18&cr=10,
https://www.zenga.hu/ingatlan/elado-teglalakas-vac-alsovaros/8602515?page=100&pos=19&cr=10,
https://www.zenga.hu/ingatlan/elado-teglalakas-vac-alsovaros/8602516?page=100&pos=20&cr=10,
https://www.zenga.hu/ingatlan/elado-panellakas-siofok-fokihegy/8599903?page=101&pos=1&cr=10,
https://www.zenga.hu/ingatlan/elado-teglalakas-sopron-belvaros/8612695?page=101&pos=2&cr=10,
https://www.zenga.hu/ingatlan/elado-teglalakas-telki/8198741?page=101&pos=3&cr=10,
https://www.zenga.hu/ingatlan/elado-panellakas-debrecen-tocoskert/8540581?page=101&pos=4&cr=10,
https://www.zenga.hu/ingatlan/elado-teglalakas-gyor/8562013?page=101&pos=5&cr=10,
https://www.zenga.hu/ingatlan/elado-teglalakas-eger-belvaros/8668420?page=101&pos=6&cr=10,
https://www.zenga.hu/ingatlan/elado-teglalakas-siofok-balatonkiliti/8631533?page=101&pos=7&cr=10,
https://www.zenga.hu/ingatlan/elado-teglalakas-siofok/8573965?page=101&pos=8&cr=10,
https://www.zenga.hu/ingatlan/elado-teglalakas-sopron-belvaros/8483627?page=101&pos=9&cr=10,
https://www.zenga.hu/ingatlan/elado-teglalakas-nyiregyhaza/8406161?page=101&pos=10&cr=10,
https://www.zenga.hu/ingatlan/elado-panellakas-gyor-adyvaros/8466391?page=101&pos=11&cr=10,
https://www.zenga.hu/ingatlan/elado-teglalakas-budapest-iv-kerulet-ujpest/8642484?page=101&pos=12&cr=10,
https://www.zenga.hu/ingatlan/elado-teglalakas-siofok/8599402?page=101&pos=13&cr=10,
https://www.zenga.hu/ingatlan/elado-teglalakas-vac/8585098?page=101&pos=14&cr=10,
https://www.zenga.hu/ingatlan/elado-teglalakas-csorna/8515511?page=101&pos=15&cr=10,
https://www.zenga.hu/ingatlan/elado-teglalakas-sopron-belvaros/8540526?page=101&pos=16&cr=10,
https://www.zenga.hu/ingatlan/elado-teglalakas-siofok/6953455?page=101&pos=17&cr=10,
https://www.zenga.hu/ingatlan/elado-teglalakas-vac-alsovaros/8599293?page=101&pos=18&cr=10,
https://www.zenga.hu/ingatlan/elado-panellakas-debrecen-belvaros/8552480?page=101&pos=19&cr=10,
https://www.zenga.hu/ingatlan/elado-teglalakas-siofok/6953456?page=101&pos=20&cr=10,
https://www.zenga.hu/ingatlan/elado-panellakas-budapest-xv-kerulet-ujpalota/8644422?page=102&pos=1&cr=10,
https://www.zenga.hu/ingatlan/elado-teglalakas-siofok-ezustpart/8598226?page=102&pos=2&cr=10,
https://www.zenga.hu/ingatlan/elado-teglalakas-gyor/8489855?page=102&pos=3&cr=10,
https://www.zenga.hu/ingatlan/elado-teglalakas-dombovar/8600032?page=102&pos=4&cr=10,
https://www.zenga.hu/ingatlan/elado-teglalakas-gyor/8492032?page=102&pos=5&cr=10,
https://www.zenga.hu/ingatlan/elado-csusztatott-zsalus-lakas-gyor-nadorvaros/8514088?page=102&pos=6&cr=10,
https://www.zenga.hu/ingatlan/elado-panellakas-nyergesujfalu/8540545?page=102&pos=7&cr=10,
https://www.zenga.hu/ingatlan/elado-teglalakas-vac/8585096?page=102&pos=8&cr=10,
https://www.zenga.hu/ingatlan/elado-teglalakas-budapest-xiv-kerulet-herminamezo/8612725?page=102&pos=9&cr=10,
https://www.zenga.hu/ingatlan/elado-teglalakas-szombathely-belvaros/8182579?page=102&pos=10&cr=10,
https://www.zenga.hu/ingatlan/elado-teglalakas-derecske/8573966?page=102&pos=11&cr=10,
https://www.zenga.hu/ingatlan/elado-teglalakas-vac-alsovaros/8602514?page=102&pos=12&cr=10,
https://www.zenga.hu/ingatlan/elado-teglalakas-debrecen-belvaros/8542224?page=102&pos=13&cr=10,
https://www.zenga.hu/ingatlan/elado-teglalakas-edeleny/8599265?page=102&pos=14&cr=10,
https://www.zenga.hu/ingatlan/elado-teglalakas-gyor-menfocsanak/8560494?page=102&pos=15&cr=10,
https://www.zenga.hu/ingatlan/elado-teglalakas-vac/8585097?page=102&pos=16&cr=10,
https://www.zenga.hu/ingatlan/elado-panellakas-eger/8636635?page=102&pos=17&cr=10,
https://www.zenga.hu/ingatlan/elado-teglalakas-budapest-vii-kerulet/8440522?page=102&pos=18&cr=10,
https://www.zenga.hu/ingatlan/elado-teglalakas-szekszard-alsovaros/8600044?page=102&pos=19&cr=10,
https://www.zenga.hu/ingatlan/elado-teglalakas-mohacs/7203035?page=102&pos=20&cr=10,
https://www.zenga.hu/ingatlan/elado-teglalakas-komarom-szony/8639617?page=103&pos=1&cr=10,
https://www.zenga.hu/ingatlan/elado-teglalakas-budapest-i-kerulet/8604953?page=103&pos=2&cr=10,
https://www.zenga.hu/ingatlan/elado-teglalakas-budaors/8666000?page=103&pos=3&cr=10,
https://www.zenga.hu/ingatlan/elado-teglalakas-mosonmagyarovar/8642443?page=103&pos=4&cr=10,
https://www.zenga.hu/ingatlan/elado-teglalakas-nyiregyhaza-belvaros/8596624?page=103&pos=5&cr=10,
https://www.zenga.hu/ingatlan/elado-teglalakas-budapest-xiii-kerulet/8544969?page=103&pos=6&cr=10,
https://www.zenga.hu/ingatlan/elado-teglalakas-budapest-vii-kerulet/8339920?page=103&pos=7&cr=10,
https://www.zenga.hu/ingatlan/elado-teglalakas-budapest-xiii-kerulet/8544970?page=103&pos=8&cr=10,
https://www.zenga.hu/ingatlan/elado-teglalakas-budapest-xiii-kerulet/8615760?page=103&pos=9&cr=10,
https://www.zenga.hu/ingatlan/elado-panellakas-budapest-xv-kerulet/8623462?page=103&pos=10&cr=10,
https://www.zenga.hu/ingatlan/elado-teglalakas-mende/8459398?page=103&pos=11&cr=10,
https://www.zenga.hu/ingatlan/elado-panellakas-budapest-iii-kerulet/8624935?page=103&pos=12&cr=10,
https://www.zenga.hu/ingatlan/elado-teglalakas-budapest-xiii-kerulet/8615758?page=103&pos=13&cr=10,
https://www.zenga.hu/ingatlan/elado-teglalakas-budapest-xiv-kerulet/8545006?page=103&pos=14&cr=10,
https://www.zenga.hu/ingatlan/elado-teglalakas-budapest-xiii-kerulet-ujlipotvaros/8544964?page=103&pos=15&cr=10,
https://www.zenga.hu/ingatlan/elado-teglalakas-budapest-vi-kerulet/8544954?page=103&pos=16&cr=10,
https://www.zenga.hu/ingatlan/elado-teglalakas-dunaujvaros-belvaros/8659734?page=103&pos=17&cr=10,
https://www.zenga.hu/ingatlan/elado-teglalakas-budapest-xiii-kerulet/8617420?page=103&pos=18&cr=10,
https://www.zenga.hu/ingatlan/elado-teglalakas-budapest-vi-kerulet/8544990?page=103&pos=19&cr=10,
https://www.zenga.hu/ingatlan/elado-teglalakas-budapest-vii-kerulet/8667209?page=103&pos=20&cr=10,
https://www.zenga.hu/ingatlan/elado-teglalakas-budapest-xiv-kerulet-torokor/8586837?page=104&pos=1&cr=10,
https://www.zenga.hu/ingatlan/elado-teglalakas-budaors-varoskozpont/8542137?page=104&pos=2&cr=10,
https://www.zenga.hu/ingatlan/elado-teglalakas-debrecen-hatvan-utcai-kert/8619604?page=104&pos=3&cr=10,
https://www.zenga.hu/ingatlan/elado-teglalakas-budapest-vi-kerulet-nagykoruton-kivuli-terulet/8626162?page=104&pos=4&cr=10,
https://www.zenga.hu/ingatlan/elado-tarsashazi-lakas-vac-belvaros/8333468?page=104&pos=5&cr=10,
https://www.zenga.hu/ingatlan/elado-panellakas-debrecen-ujkert/8665375?page=104&pos=6&cr=10,
https://www.zenga.hu/ingatlan/elado-teglalakas-budapest-vi-kerulet/8665432?page=104&pos=7&cr=10,
https://www.zenga.hu/ingatlan/elado-teglalakas-budapest-xi-kerulet-nadorkert/8513126?page=104&pos=8&cr=10,
https://www.zenga.hu/ingatlan/elado-csusztatott-zsalus-lakas-keszthely/8353783?page=104&pos=9&cr=10,
https://www.zenga.hu/ingatlan/elado-teglalakas-sopron-aranyhegy/7519706?page=104&pos=10&cr=10,
https://www.zenga.hu/ingatlan/elado-tarsashazi-lakas-mosonmagyarovar-ipartelep/8445727?page=104&pos=11&cr=10,
https://www.zenga.hu/ingatlan/elado-panellakas-pecs-kertvaros/8663640?page=104&pos=12&cr=10,
https://www.zenga.hu/ingatlan/elado-teglalakas-budapest-vi-kerulet/8405112?page=104&pos=13&cr=10,
https://www.zenga.hu/ingatlan/elado-teglalakas-cegled/8527228?page=104&pos=14&cr=10,
https://www.zenga.hu/ingatlan/elado-teglalakas-csorna/8480673?page=104&pos=15&cr=10,
https://www.zenga.hu/ingatlan/elado-teglalakas-budapest-xiv-kerulet/8531203?page=104&pos=16&cr=10,
https://www.zenga.hu/ingatlan/elado-teglalakas-cegled/8535637?page=104&pos=17&cr=10,
https://www.zenga.hu/ingatlan/elado-teglalakas-cegled/8450146?page=104&pos=18&cr=10,
https://www.zenga.hu/ingatlan/elado-teglalakas-cegled/8427915?page=104&pos=19&cr=10,
https://www.zenga.hu/ingatlan/elado-teglalakas-cegled/8451374?page=104&pos=20&cr=10,
https://www.zenga.hu/ingatlan/elado-egyeb-lakas-szekesfehervar/8527675?page=105&pos=1&cr=10,
https://www.zenga.hu/ingatlan/elado-teglalakas-gyor-marcalvaros-ii/8424090?page=105&pos=2&cr=10,
https://www.zenga.hu/ingatlan/elado-panellakas-balassagyarmat/8603170?page=105&pos=3&cr=10,
https://www.zenga.hu/ingatlan/elado-teglalakas-szombathely-belvaros/8179144?page=105&pos=4&cr=10,
https://www.zenga.hu/ingatlan/elado-teglalakas-kecskemet/8514372?page=105&pos=5&cr=10,
https://www.zenga.hu/ingatlan/elado-teglalakas-gyor-belvaros/8575333?page=105&pos=6&cr=10,
https://www.zenga.hu/ingatlan/elado-teglalakas-debrecen-nagyerdopark/8661465?page=105&pos=7&cr=10,
https://www.zenga.hu/ingatlan/elado-teglalakas-kecskemet/8615620?page=105&pos=8&cr=10,
https://www.zenga.hu/ingatlan/elado-csusztatott-zsalus-lakas-zalaegerszeg-landorhegy/8524309?page=105&pos=9&cr=10,
https://www.zenga.hu/ingatlan/elado-teglalakas-budapest-xiii-kerulet/8589271?page=105&pos=10&cr=10,
https://www.zenga.hu/ingatlan/elado-csusztatott-zsalus-lakas-zalaegerszeg-kertvaros/8524311?page=105&pos=11&cr=10,
https://www.zenga.hu/ingatlan/elado-teglalakas-kecskemet/8593312?page=105&pos=12&cr=10,
https://www.zenga.hu/ingatlan/elado-teglalakas-nagykoros/8548680?page=105&pos=13&cr=10,
https://www.zenga.hu/ingatlan/elado-teglalakas-gyor-nadorvaros/8380011?page=105&pos=14&cr=10,
https://www.zenga.hu/ingatlan/elado-teglalakas-varosfold/8609752?page=105&pos=15&cr=10,
https://www.zenga.hu/ingatlan/elado-teglalakas-budapest-iii-kerulet-obuda/8432428?page=105&pos=16&cr=10,
https://www.zenga.hu/ingatlan/elado-panellakas-nyergesujfalu/8355743?page=105&pos=17&cr=10,
https://www.zenga.hu/ingatlan/elado-panellakas-vac/8649046?page=105&pos=18&cr=10,
https://www.zenga.hu/ingatlan/elado-teglalakas-vac-belvaros/8658394?page=105&pos=19&cr=10,
https://www.zenga.hu/ingatlan/elado-panellakas-szekesfehervar-belvaros-es-kornyeke/8611436?page=105&pos=20&cr=10,
https://www.zenga.hu/ingatlan/elado-teglalakas-budapest-vi-kerulet/8659829?page=106&pos=1&cr=10,
https://www.zenga.hu/ingatlan/elado-teglalakas-labatlan/8512770?page=106&pos=2&cr=10,
https://www.zenga.hu/ingatlan/elado-teglalakas-szeged/8570685?page=106&pos=3&cr=10,
https://www.zenga.hu/ingatlan/elado-teglalakas-nyergesujfalu/8506938?page=106&pos=4&cr=10,
https://www.zenga.hu/ingatlan/elado-teglalakas-budapest-vii-kerulet/8602128?page=106&pos=5&cr=10,
https://www.zenga.hu/ingatlan/elado-panellakas-veszprem/8659116?page=106&pos=6&cr=10,
https://www.zenga.hu/ingatlan/elado-teglalakas-szekesfehervar-oreghegy/8660095?page=106&pos=7&cr=10,
https://www.zenga.hu/ingatlan/elado-teglalakas-sarvar/8660258?page=106&pos=8&cr=10,
https://www.zenga.hu/ingatlan/elado-teglalakas-budapest-iii-kerulet-testverhegy/7856132?page=106&pos=9&cr=10,
https://www.zenga.hu/ingatlan/elado-teglalakas-szekesfehervar-belvaros-es-kornyeke/8660122?page=106&pos=10&cr=10,
https://www.zenga.hu/ingatlan/elado-teglalakas-szeged/8615424?page=106&pos=11&cr=10,
https://www.zenga.hu/ingatlan/elado-teglalakas-hatvan/8659895?page=106&pos=12&cr=10,
https://www.zenga.hu/ingatlan/elado-egyeb-lakas-dunaalmas/8514408?page=106&pos=13&cr=10,
https://www.zenga.hu/ingatlan/elado-teglalakas-nyiregyhaza/8493710?page=106&pos=14&cr=10,
https://www.zenga.hu/ingatlan/elado-panellakas-nyiregyhaza/8581656?page=106&pos=15&cr=10,
https://www.zenga.hu/ingatlan/elado-panellakas-balassagyarmat/8426439?page=106&pos=16&cr=10,
https://www.zenga.hu/ingatlan/elado-teglalakas-salgotarjan/8446614?page=106&pos=17&cr=10,
https://www.zenga.hu/ingatlan/elado-teglalakas-kaposvar/8657995?page=106&pos=18&cr=10,
https://www.zenga.hu/ingatlan/elado-teglalakas-salgotarjan/8438973?page=106&pos=19&cr=10,
https://www.zenga.hu/ingatlan/elado-egyeb-lakas-eger/8636633?page=106&pos=20&cr=10,
https://www.zenga.hu/ingatlan/elado-teglalakas-salgotarjan/8393093?page=107&pos=1&cr=10,
https://www.zenga.hu/ingatlan/elado-teglalakas-budapest-viii-kerulet/8653645?page=107&pos=2&cr=10,
https://www.zenga.hu/ingatlan/elado-teglalakas-vac-ovaros/8643024?page=107&pos=3&cr=10,
https://www.zenga.hu/ingatlan/elado-teglalakas-budapest-xx-kerulet/8627128?page=107&pos=4&cr=10,
https://www.zenga.hu/ingatlan/elado-teglalakas-csorna/8302773?page=107&pos=5&cr=10,
https://www.zenga.hu/ingatlan/elado-teglalakas-budapest-vii-kerulet/8512795?page=107&pos=6&cr=10,
https://www.zenga.hu/ingatlan/elado-teglalakas-budapest-v-kerulet-belvaros/8639411?page=107&pos=7&cr=10,
https://www.zenga.hu/ingatlan/elado-teglalakas-budapest-viii-kerulet-orczynegyed/8654132?page=107&pos=8&cr=10,
https://www.zenga.hu/ingatlan/elado-teglalakas-budapest-xi-kerulet-szentimrevaros/8633876?page=107&pos=9&cr=10,
https://www.zenga.hu/ingatlan/elado-teglalakas-gyor-szitasdomb/8657034?page=107&pos=10&cr=10,
https://www.zenga.hu/ingatlan/elado-teglalakas-budapest-xi-kerulet-belbuda-xi-ker/8624449?page=107&pos=11&cr=10,
https://www.zenga.hu/ingatlan/elado-teglalakas-budapest-vii-kerulet/8520815?page=107&pos=12&cr=10,
https://www.zenga.hu/ingatlan/elado-panellakas-dorog/8511632?page=107&pos=13&cr=10,
https://www.zenga.hu/ingatlan/elado-teglalakas-budapest-viii-kerulet-corvin-negyed/8641984?page=107&pos=14&cr=10,
https://www.zenga.hu/ingatlan/elado-teglalakas-budapest-vi-kerulet/8561429?page=107&pos=15&cr=10,
https://www.zenga.hu/ingatlan/elado-teglalakas-budapest-vii-kerulet/8574738?page=107&pos=16&cr=10,
https://www.zenga.hu/ingatlan/elado-teglalakas-budapest-xi-kerulet-kelenfold/8649293?page=107&pos=17&cr=10,
https://www.zenga.hu/ingatlan/elado-teglalakas-budapest-vi-kerulet/8606084?page=107&pos=18&cr=10,
https://www.zenga.hu/ingatlan/elado-teglalakas-tatabanya/8585966?page=107&pos=19&cr=10,
https://www.zenga.hu/ingatlan/elado-teglalakas-dunaujvaros-technikum-varosresz/8265719?page=107&pos=20&cr=10,
https://www.zenga.hu/ingatlan/elado-teglalakas-budapest-vii-kerulet/8506957?page=108&pos=1&cr=10,
https://www.zenga.hu/ingatlan/elado-teglalakas-gyor-szitasdomb/8657076?page=108&pos=2&cr=10,
https://www.zenga.hu/ingatlan/elado-teglalakas-gyor-szitasdomb/8657040?page=108&pos=3&cr=10,
https://www.zenga.hu/ingatlan/elado-teglalakas-kisvarda/8459803?page=108&pos=4&cr=10,
https://www.zenga.hu/ingatlan/elado-teglalakas-budapest-vi-kerulet/8550094?page=108&pos=5&cr=10,
https://www.zenga.hu/ingatlan/elado-teglalakas-kutas/8656830?page=108&pos=6&cr=10,
https://www.zenga.hu/ingatlan/elado-teglalakas-budapest-vi-kerulet-nagykoruton-beluli-terulet/8623100?page=108&pos=7&cr=10,
https://www.zenga.hu/ingatlan/elado-teglalakas-budapest-xiii-kerulet-ujlipotvaros/8254539?page=108&pos=8&cr=10,
https://www.zenga.hu/ingatlan/elado-teglalakas-tatabanya/8585968?page=108&pos=9&cr=10,
https://www.zenga.hu/ingatlan/elado-teglalakas-gyor-szitasdomb/8657014?page=108&pos=10&cr=10,
https://www.zenga.hu/ingatlan/elado-teglalakas-budapest-xii-kerulet/8655570?page=108&pos=11&cr=10,
https://www.zenga.hu/ingatlan/elado-teglalakas-gyor-szitasdomb/8655615?page=108&pos=12&cr=10,
https://www.zenga.hu/ingatlan/elado-teglalakas-gyor-szitasdomb/8655632?page=108&pos=13&cr=10,
https://www.zenga.hu/ingatlan/elado-panellakas-budapest-xxi-kerulet-csillagtelep/8654796?page=108&pos=14&cr=10,
https://www.zenga.hu/ingatlan/elado-egyeb-lakas-keszthely/8125242?page=108&pos=15&cr=10,
https://www.zenga.hu/ingatlan/elado-teglalakas-gyor-szitasdomb/8655649?page=108&pos=16&cr=10,
https://www.zenga.hu/ingatlan/elado-teglalakas-salgotarjan-vasarter/8636253?page=108&pos=17&cr=10,
https://www.zenga.hu/ingatlan/elado-teglalakas-batonyterenye-nagybatony/8653936?page=108&pos=18&cr=10,
https://www.zenga.hu/ingatlan/elado-teglalakas-gyor-gyarvaros/8654077?page=108&pos=19&cr=10,
https://www.zenga.hu/ingatlan/elado-panellakas-debrecen-burgundia/8528018?page=108&pos=20&cr=10,
https://www.zenga.hu/ingatlan/elado-panellakas-debrecen-ujkert/8654317?page=109&pos=1&cr=10,
https://www.zenga.hu/ingatlan/elado-panellakas-budapest-iv-kerulet-kaposztasmegyer/8616705?page=109&pos=2&cr=10,
https://www.zenga.hu/ingatlan/elado-teglalakas-budapest-viii-kerulet-corvin-negyed/8616695?page=109&pos=3&cr=10,
https://www.zenga.hu/ingatlan/elado-teglalakas-budapest-vii-kerulet-ligetvaros/8617961?page=109&pos=4&cr=10,
https://www.zenga.hu/ingatlan/elado-teglalakas-budapest-vii-kerulet/8636020?page=109&pos=5&cr=10,
https://www.zenga.hu/ingatlan/elado-teglalakas-eger-felsovaros-eszaki-varosresz/8540867?page=109&pos=6&cr=10,
https://www.zenga.hu/ingatlan/elado-teglalakas-kaposvar/7896097?page=109&pos=7&cr=10,
https://www.zenga.hu/ingatlan/elado-teglalakas-budapest-ii-kerulet/8377438?page=109&pos=8&cr=10,
https://www.zenga.hu/ingatlan/elado-teglalakas-veszprem/8553887?page=109&pos=9&cr=10,
https://www.zenga.hu/ingatlan/elado-panellakas-szekesfehervar-szedreskert-es-kornyeke/8652944?page=109&pos=10&cr=10,
https://www.zenga.hu/ingatlan/elado-panellakas-szolnok/8397109?page=109&pos=11&cr=10,
https://www.zenga.hu/ingatlan/elado-teglalakas-salgotarjan/8500923?page=109&pos=12&cr=10,
https://www.zenga.hu/ingatlan/elado-teglalakas-salgotarjan/8396103?page=109&pos=13&cr=10,
https://www.zenga.hu/ingatlan/elado-teglalakas-budapest-ix-kerulet/8584416?page=109&pos=14&cr=10,
https://www.zenga.hu/ingatlan/elado-teglalakas-budapest-ix-kerulet/8575498?page=109&pos=15&cr=10,
https://www.zenga.hu/ingatlan/elado-teglalakas-budapest-ix-kerulet-belso-ferencvaros/8621703?page=109&pos=16&cr=10,
https://www.zenga.hu/ingatlan/elado-teglalakas-galgamacsa/8497016?page=109&pos=17&cr=10,
https://www.zenga.hu/ingatlan/elado-teglalakas-salgotarjan-forgachtelep/8636254?page=109&pos=18&cr=10,
https://www.zenga.hu/ingatlan/elado-teglalakas-salgotarjan-kemerovo-lakotelep/8583000?page=109&pos=19&cr=10,
https://www.zenga.hu/ingatlan/elado-teglalakas-salgotarjan-kemerovo-lakotelep/8521458?page=109&pos=20&cr=10,
https://www.zenga.hu/ingatlan/elado-panellakas-szekesfehervar-kofem-lakotelep/8651826?page=110&pos=1&cr=10,
https://www.zenga.hu/ingatlan/elado-teglalakas-nagykoros-taban/8554251?page=110&pos=2&cr=10,
https://www.zenga.hu/ingatlan/elado-teglalakas-budapest-xiii-kerulet-angyalfold/8602193?page=110&pos=3&cr=10,
https://www.zenga.hu/ingatlan/elado-teglalakas-nagykanizsa-belvaros/8259620?page=110&pos=4&cr=10,
https://www.zenga.hu/ingatlan/elado-teglalakas-bazakerettye/8476259?page=110&pos=5&cr=10,
https://www.zenga.hu/ingatlan/elado-panellakas-dunaujvaros-belvaros/8537306?page=110&pos=6&cr=10,
https://www.zenga.hu/ingatlan/elado-teglalakas-eger-belvaros/8617494?page=110&pos=7&cr=10,
https://www.zenga.hu/ingatlan/elado-teglalakas-pecs-mecsekoldal-makar/8601960?page=110&pos=8&cr=10,
https://www.zenga.hu/ingatlan/elado-teglalakas-zalaegerszeg-belvaros/8259614?page=110&pos=9&cr=10,
https://www.zenga.hu/ingatlan/elado-teglalakas-nyiregyhaza-belvaros/8557730?page=110&pos=10&cr=10,
https://www.zenga.hu/ingatlan/elado-teglalakas-sopron-belvaros/7644351?page=110&pos=11&cr=10,
https://www.zenga.hu/ingatlan/elado-panellakas-dunaujvaros-beke-varosresz/8644401?page=110&pos=12&cr=10,
https://www.zenga.hu/ingatlan/elado-teglalakas-budapest-ii-kerulet/8004910?page=110&pos=13&cr=10,
https://www.zenga.hu/ingatlan/elado-teglalakas-budapest-xiii-kerulet/8405961?page=110&pos=14&cr=10,
https://www.zenga.hu/ingatlan/elado-panellakas-battonya/8320268?page=110&pos=15&cr=10,
https://www.zenga.hu/ingatlan/elado-teglalakas-budapest-xiii-kerulet-vizafogo/8485487?page=110&pos=16&cr=10,
https://www.zenga.hu/ingatlan/elado-teglalakas-mucsony/8605348?page=110&pos=17&cr=10,
https://www.zenga.hu/ingatlan/elado-teglalakas-ormosbanya/8595199?page=110&pos=18&cr=10,
https://www.zenga.hu/ingatlan/elado-teglalakas-budapest-vi-kerulet/8487391?page=110&pos=19&cr=10,
https://www.zenga.hu/ingatlan/elado-teglalakas-budapest-ii-kerulet-vizivaros-ii-ker/8648801?page=110&pos=20&cr=10,
https://www.zenga.hu/ingatlan/elado-teglalakas-budapest-xii-kerulet/8511823?page=111&pos=1&cr=10,
https://www.zenga.hu/ingatlan/elado-teglalakas-debrecen-homokkert/8647850?page=111&pos=2&cr=10,
https://www.zenga.hu/ingatlan/elado-egyeb-lakas-bekescsaba-belvaros/8235996?page=111&pos=3&cr=10,
https://www.zenga.hu/ingatlan/elado-teglalakas-kazincbarcika/8641163?page=111&pos=4&cr=10,
https://www.zenga.hu/ingatlan/elado-teglalakas-budapest-vii-kerulet/8423972?page=111&pos=5&cr=10,
https://www.zenga.hu/ingatlan/elado-teglalakas-budapest-xii-kerulet-krisztinavaros-xii-ker/8458540?page=111&pos=6&cr=10,
https://www.zenga.hu/ingatlan/elado-teglalakas-szigetszentmiklos/8627768?page=111&pos=7&cr=10,
https://www.zenga.hu/ingatlan/elado-teglalakas-szigetszentmiklos/8627767?page=111&pos=8&cr=10,
https://www.zenga.hu/ingatlan/elado-panellakas-nyergesujfalu/8647247?page=111&pos=9&cr=10,
https://www.zenga.hu/ingatlan/elado-teglalakas-debrecen-homokkert/8475332?page=111&pos=10&cr=10,
https://www.zenga.hu/ingatlan/elado-panellakas-sirok/8300868?page=111&pos=11&cr=10,
https://www.zenga.hu/ingatlan/elado-teglalakas-bekescsaba-belvaros/8521858?page=111&pos=12&cr=10,
https://www.zenga.hu/ingatlan/elado-teglalakas-halasztelek/8540444?page=111&pos=13&cr=10,
https://www.zenga.hu/ingatlan/elado-teglalakas-budapest-ii-kerulet-szepjuhaszne/8644164?page=111&pos=14&cr=10,
https://www.zenga.hu/ingatlan/elado-teglalakas-hajduszoboszlo/8639427?page=111&pos=15&cr=10,
https://www.zenga.hu/ingatlan/elado-teglalakas-tatabanya/8641373?page=111&pos=16&cr=10,
https://www.zenga.hu/ingatlan/elado-teglalakas-budapest-v-kerulet-belvaros/8550928?page=111&pos=17&cr=10,
https://www.zenga.hu/ingatlan/elado-teglalakas-debrecen-belvaros/8465204?page=111&pos=18&cr=10,
https://www.zenga.hu/ingatlan/elado-teglalakas-pecs-belvaros/8581754?page=111&pos=19&cr=10,
https://www.zenga.hu/ingatlan/elado-teglalakas-debrecen/8568292?page=111&pos=20&cr=10,
https://www.zenga.hu/ingatlan/elado-teglalakas-miskolc-ujdiosgyor/8392338?page=112&pos=1&cr=10,
https://www.zenga.hu/ingatlan/elado-teglalakas-vecses/8546284?page=112&pos=2&cr=10,
https://www.zenga.hu/ingatlan/elado-teglalakas-veszprem/8537463?page=112&pos=3&cr=10,
https://www.zenga.hu/ingatlan/elado-teglalakas-tatabanya/8557167?page=112&pos=4&cr=10,
https://www.zenga.hu/ingatlan/elado-teglalakas-tatabanya-dozsakert/8546808?page=112&pos=5&cr=10,
https://www.zenga.hu/ingatlan/elado-teglalakas-budapest-viii-kerulet/8149312?page=112&pos=6&cr=10,
https://www.zenga.hu/ingatlan/elado-panellakas-budapest-xix-kerulet/8512849?page=112&pos=7&cr=10,
https://www.zenga.hu/ingatlan/elado-teglalakas-vamosszabadi/8564934?page=112&pos=8&cr=10,
https://www.zenga.hu/ingatlan/elado-panellakas-szeged-rokus/7446845?page=112&pos=9&cr=10,
https://www.zenga.hu/ingatlan/elado-teglalakas-budapest-xx-kerulet/8612150?page=112&pos=10&cr=10,
https://www.zenga.hu/ingatlan/elado-panellakas-budapest-x-kerulet-ujhegy/8540059?page=112&pos=11&cr=10,
https://www.zenga.hu/ingatlan/elado-teglalakas-nyiregyhaza-belvaros/8637017?page=112&pos=12&cr=10,
https://www.zenga.hu/ingatlan/elado-teglalakas-budapest-xv-kerulet-rakospalota/8565562?page=112&pos=13&cr=10,
https://www.zenga.hu/ingatlan/elado-panellakas-budapest-xxi-kerulet/8461166?page=112&pos=14&cr=10,
https://www.zenga.hu/ingatlan/elado-teglalakas-eger-lajosvaros/8485974?page=112&pos=15&cr=10,
https://www.zenga.hu/ingatlan/elado-teglalakas-budapest-xi-kerulet/8513125?page=112&pos=16&cr=10,
https://www.zenga.hu/ingatlan/elado-teglalakas-hatvan/8520893?page=112&pos=17&cr=10,
https://www.zenga.hu/ingatlan/elado-teglalakas-csorna/8577436?page=112&pos=18&cr=10,
https://www.zenga.hu/ingatlan/elado-teglalakas-budapest-vii-kerulet-nagykoruton-kivuli-terulet/8633162?page=112&pos=19&cr=10,
https://www.zenga.hu/ingatlan/elado-teglalakas-balatonudvari/8603903?page=112&pos=20&cr=10,
https://www.zenga.hu/ingatlan/elado-tarsashazi-lakas-debrecen-postakert/8630005?page=113&pos=1&cr=10,
https://www.zenga.hu/ingatlan/elado-teglalakas-budapest-vii-kerulet-nagykoruton-beluli-terulet/8617770?page=113&pos=2&cr=10,
https://www.zenga.hu/ingatlan/elado-teglalakas-budapest-vi-kerulet/8536154?page=113&pos=3&cr=10,
https://www.zenga.hu/ingatlan/elado-teglalakas-budapest-xvii-kerulet-rakoscsaba-ujtelep/8625374?page=113&pos=4&cr=10,
https://www.zenga.hu/ingatlan/elado-teglalakas-budapest-iv-kerulet-szekesdulo/8625418?page=113&pos=5&cr=10,
https://www.zenga.hu/ingatlan/elado-teglalakas-budapest-xiii-kerulet/8609379?page=113&pos=6&cr=10,
https://www.zenga.hu/ingatlan/elado-teglalakas-nyiregyhaza-kertvaros/8617849?page=113&pos=7&cr=10,
https://www.zenga.hu/ingatlan/elado-panellakas-dunaujvaros-beke-varosresz/8615111?page=113&pos=8&cr=10,
https://www.zenga.hu/ingatlan/elado-teglalakas-sopron/8613089?page=113&pos=9&cr=10,
https://www.zenga.hu/ingatlan/elado-teglalakas-budapest-viii-kerulet-corvin-negyed/8580781?page=113&pos=10&cr=10,
https://www.zenga.hu/ingatlan/elado-apartman-garzon-siofok-aranypart/8595757?page=113&pos=11&cr=10,
https://www.zenga.hu/ingatlan/elado-teglalakas-heviz/8590751?page=113&pos=12&cr=10,
https://www.zenga.hu/ingatlan/elado-teglalakas-nyiregyhaza-erkert/8590455?page=113&pos=13&cr=10,
https://www.zenga.hu/ingatlan/elado-teglalakas-budapest-vii-kerulet-nagykoruton-beluli-terulet/8587538?page=113&pos=14&cr=10,
https://www.zenga.hu/ingatlan/elado-teglalakas-eger-hatvanihostya/8565247?page=113&pos=15&cr=10,
https://www.zenga.hu/ingatlan/elado-teglalakas-szantod/8582029?page=113&pos=16&cr=10,
https://www.zenga.hu/ingatlan/elado-teglalakas-budapest-v-kerulet-lipotvaros/8580773?page=113&pos=17&cr=10,
https://www.zenga.hu/ingatlan/elado-teglalakas-budapest-vii-kerulet-ligetvaros/8432772?page=113&pos=18&cr=10,
https://www.zenga.hu/ingatlan/elado-tarsashazi-lakas-dunaujvaros/8571460?page=113&pos=19&cr=10,
https://www.zenga.hu/ingatlan/elado-tarsashazi-lakas-eger-belvaros/8579114?page=113&pos=20&cr=10,
https://www.zenga.hu/ingatlan/elado-teglalakas-csorna/8572928?page=114&pos=1&cr=10,
https://www.zenga.hu/ingatlan/elado-teglalakas-szolnok-belvaros/8568435?page=114&pos=2&cr=10,
https://www.zenga.hu/ingatlan/elado-teglalakas-sopron/8559220?page=114&pos=3&cr=10,
https://www.zenga.hu/ingatlan/elado-tarsashazi-lakas-budapest-ii-kerulet-pasaret/7642643?page=114&pos=4&cr=10,
https://www.zenga.hu/ingatlan/elado-teglalakas-budapest-xiv-kerulet/8533463?page=114&pos=5&cr=10,
https://www.zenga.hu/ingatlan/elado-teglalakas-budapest-viii-kerulet-tisztviselotelep/8547154?page=114&pos=6&cr=10,
https://www.zenga.hu/ingatlan/elado-teglalakas-szazhalombatta/8543695?page=114&pos=7&cr=10,
https://www.zenga.hu/ingatlan/elado-teglalakas-kapuvar/8482328?page=114&pos=8&cr=10,
https://www.zenga.hu/ingatlan/elado-tarsashazi-lakas-erd/8523247?page=114&pos=9&cr=10,
https://www.zenga.hu/ingatlan/elado-teglalakas-balatonfoldvar/8512435?page=114&pos=10&cr=10,
https://www.zenga.hu/ingatlan/elado-teglalakas-balatonfoldvar/8512428?page=114&pos=11&cr=10,
https://www.zenga.hu/ingatlan/elado-teglalakas-balatonfoldvar/8512451?page=114&pos=12&cr=10,
https://www.zenga.hu/ingatlan/elado-teglalakas-balatonfoldvar/8512440?page=114&pos=13&cr=10,
https://www.zenga.hu/ingatlan/elado-teglalakas-balatonfoldvar/8512445?page=114&pos=14&cr=10,
https://www.zenga.hu/ingatlan/elado-teglalakas-balatonfoldvar/8512430?page=114&pos=15&cr=10,
https://www.zenga.hu/ingatlan/elado-teglalakas-budapest-vi-kerulet/8504713?page=114&pos=16&cr=10,
https://www.zenga.hu/ingatlan/elado-teglalakas-budapest-ix-kerulet-belso-ferencvaros/8492659?page=114&pos=17&cr=10,
https://www.zenga.hu/ingatlan/elado-teglalakas-pecs-havihegy/8457510?page=114&pos=18&cr=10,
https://www.zenga.hu/ingatlan/elado-teglalakas-pecs-havihegy/8457507?page=114&pos=19&cr=10,
https://www.zenga.hu/ingatlan/elado-teglalakas-pecs-mecsekoldal-makar/8179213?page=114&pos=20&cr=10,
https://www.zenga.hu/ingatlan/elado-teglalakas-ajka/8449110?page=115&pos=1&cr=10,
https://www.zenga.hu/ingatlan/elado-teglalakas-komarom-szony/7990277?page=115&pos=2&cr=10,
https://www.zenga.hu/ingatlan/elado-teglalakas-oroshaza/8429709?page=115&pos=3&cr=10,
https://www.zenga.hu/ingatlan/elado-teglalakas-sarvar/8426849?page=115&pos=4&cr=10,
https://www.zenga.hu/ingatlan/elado-tarsashazi-lakas-eger-karolyvaros/8404762?page=115&pos=5&cr=10,
https://www.zenga.hu/ingatlan/elado-apartman-garzon-gyula/8394375?page=115&pos=6&cr=10,
https://www.zenga.hu/ingatlan/elado-teglalakas-kormend/8351315?page=115&pos=7&cr=10,
https://www.zenga.hu/ingatlan/elado-tarsashazi-lakas-kapuvar-hazhely/8304066?page=115&pos=8&cr=10,
https://www.zenga.hu/ingatlan/elado-tarsashazi-lakas-gyula/8125759?page=115&pos=9&cr=10,
https://www.zenga.hu/ingatlan/elado-panellakas-pecs-kertvaros/8592800?page=115&pos=10&cr=9,
https://www.zenga.hu/ingatlan/elado-teglalakas-budapest-v-kerulet-belvaros/8571750?page=115&pos=11&cr=9,
https://www.zenga.hu/ingatlan/elado-teglalakas-debrecen-nagyerdopark/8562933?page=115&pos=12&cr=9,
https://www.zenga.hu/ingatlan/elado-teglalakas-dunaujvaros-belvaros/8608618?page=115&pos=13&cr=9,
https://www.zenga.hu/ingatlan/elado-panellakas-dunaujvaros-belvaros/8646693?page=115&pos=14&cr=9,
https://www.zenga.hu/ingatlan/elado-teglalakas-balatonbereny/8570783?page=115&pos=15&cr=9,
https://www.zenga.hu/ingatlan/elado-panellakas-dunaujvaros-beke-varosresz/8636240?page=115&pos=16&cr=9,
https://www.zenga.hu/ingatlan/elado-teglalakas-dunaujvaros-kertvaros/8588543?page=115&pos=17&cr=9,
https://www.zenga.hu/ingatlan/elado-teglalakas-dunaujvaros-belvaros/8555565?page=115&pos=18&cr=9,
https://www.zenga.hu/ingatlan/elado-teglalakas-teskand/8561303?page=115&pos=19&cr=9,
https://www.zenga.hu/ingatlan/elado-teglalakas-budapest-ii-kerulet/8433648?page=115&pos=20&cr=9,
https://www.zenga.hu/ingatlan/elado-teglalakas-dunaujvaros-belvaros/8563845?page=116&pos=1&cr=9,
https://www.zenga.hu/ingatlan/elado-teglalakas-balatonfuzfo-fuzfogyartelep/8543700?page=116&pos=2&cr=9,
https://www.zenga.hu/ingatlan/elado-teglalakas-budapest-xiii-kerulet/8623503?page=116&pos=3&cr=8,
https://www.zenga.hu/ingatlan/elado-teglalakas-pecs-belvaros/8608451?page=116&pos=4&cr=8,
https://www.zenga.hu/ingatlan/elado-teglalakas-fonyod-fonyodliget/8598653?page=116&pos=5&cr=8,
https://www.zenga.hu/ingatlan/elado-teglalakas-pecs-egyetemvaros/8418583?page=116&pos=6&cr=8,
https://www.zenga.hu/ingatlan/elado-panellakas-budapest-xiii-kerulet/8654778?page=116&pos=7&cr=8,
https://www.zenga.hu/ingatlan/elado-teglalakas-budapest-vi-kerulet/8613660?page=116&pos=8&cr=8,
https://www.zenga.hu/ingatlan/elado-teglalakas-fonyod-fonyodliget/8598609?page=116&pos=9&cr=8,
https://www.zenga.hu/ingatlan/elado-teglalakas-dombovar/8600055?page=116&pos=10&cr=8,
https://www.zenga.hu/ingatlan/elado-teglalakas-budapest-xiii-kerulet-vizafogo/8642909?page=116&pos=11&cr=8,
https://www.zenga.hu/ingatlan/elado-teglalakas-szolnok/8590295?page=116&pos=12&cr=8,
https://www.zenga.hu/ingatlan/elado-teglalakas-szolnok/8190555?page=116&pos=13&cr=8,
https://www.zenga.hu/ingatlan/elado-panellakas-dunaujvaros-belvaros/8537305?page=116&pos=14&cr=8,
https://www.zenga.hu/ingatlan/elado-teglalakas-dunaujvaros-kertvaros/8644402?page=116&pos=15&cr=8,
https://www.zenga.hu/ingatlan/elado-teglalakas-dunaujvaros-kertvaros/8634445?page=116&pos=16&cr=8,
https://www.zenga.hu/ingatlan/elado-teglalakas-zalaegerszeg-belvaros/8630616?page=116&pos=17&cr=8,
https://www.zenga.hu/ingatlan/elado-teglalakas-zalaszentgrot/8379994?page=116&pos=18&cr=8,
https://www.zenga.hu/ingatlan/elado-teglalakas-eger/8485964?page=116&pos=19&cr=8,
https://www.zenga.hu/ingatlan/elado-panellakas-debrecen-tocoskert/8641295?page=116&pos=20&cr=8,
https://www.zenga.hu/ingatlan/elado-teglalakas-budapest-i-kerulet-krisztinavaros-i-ker/8610531?page=117&pos=1&cr=8,
https://www.zenga.hu/ingatlan/elado-teglalakas-budapest-ii-kerulet-szemlohegy/8515357?page=117&pos=2&cr=8,
https://www.zenga.hu/ingatlan/elado-teglalakas-zamardi-furdotelep/8537845?page=117&pos=3&cr=8,
https://www.zenga.hu/ingatlan/elado-teglalakas-harkany/8395638?page=117&pos=4&cr=7,
https://www.zenga.hu/ingatlan/elado-teglalakas-pecs-egyetemvaros/8572510?page=117&pos=5&cr=7,
https://www.zenga.hu/ingatlan/elado-teglalakas-pecs-belvaros/8362704?page=117&pos=6&cr=7,
https://www.zenga.hu/ingatlan/elado-teglalakas-pecs-egyetemvaros/8402166?page=117&pos=7&cr=7,
https://www.zenga.hu/ingatlan/elado-panellakas-budapest-xi-kerulet-gazdagret/8646545?page=117&pos=8&cr=7,
https://www.zenga.hu/ingatlan/elado-panellakas-budapest-xiv-kerulet-alsorakos/8452073?page=117&pos=9&cr=7,
https://www.zenga.hu/ingatlan/elado-teglalakas-budapest-vii-kerulet-nagykoruton-beluli-terulet/8608660?page=117&pos=10&cr=7,
https://www.zenga.hu/ingatlan/elado-teglalakas-budapest-xv-kerulet-rakospalota/8524427?page=117&pos=11&cr=7,
https://www.zenga.hu/ingatlan/elado-teglalakas-budapest-viii-kerulet/8617572?page=117&pos=12&cr=7,
https://www.zenga.hu/ingatlan/elado-teglalakas-budapest-xxi-kerulet/8515485?page=117&pos=13&cr=7,
https://www.zenga.hu/ingatlan/elado-panellakas-budapest-x-kerulet/8608661?page=117&pos=14&cr=7,
https://www.zenga.hu/ingatlan/elado-teglalakas-budapest-viii-kerulet/8625099?page=117&pos=15&cr=7,
https://www.zenga.hu/ingatlan/elado-teglalakas-salgotarjan-beszterce-lakotelep/8569723?page=117&pos=16&cr=7,
https://www.zenga.hu/ingatlan/elado-teglalakas-szolnok/8569904?page=117&pos=17&cr=7,
https://www.zenga.hu/ingatlan/elado-teglalakas-zalaegerszeg-belvaros/8475847?page=117&pos=18&cr=7,
https://www.zenga.hu/ingatlan/elado-csusztatott-zsalus-lakas-zalaegerszeg-belvaros/8576684?page=117&pos=19&cr=7,
https://www.zenga.hu/ingatlan/elado-teglalakas-budapest-x-kerulet-teglagyardulo/8652003?page=117&pos=20&cr=7,
https://www.zenga.hu/ingatlan/elado-csusztatott-zsalus-lakas-szekszard-alsovaros/8651760?page=118&pos=1&cr=7,
https://www.zenga.hu/ingatlan/elado-teglalakas-dunaujvaros-technikum-varosresz/8571933?page=118&pos=2&cr=7,
https://www.zenga.hu/ingatlan/elado-panellakas-dunaujvaros-romai-varosresz/8569726?page=118&pos=3&cr=7,
https://www.zenga.hu/ingatlan/elado-teglalakas-dunaujvaros-technikum-varosresz/8607824?page=118&pos=4&cr=7,
https://www.zenga.hu/ingatlan/elado-teglalakas-dunaujvaros-kertvaros/8507411?page=118&pos=5&cr=7,
https://www.zenga.hu/ingatlan/elado-teglalakas-budapest-iii-kerulet-obuda/8645894?page=118&pos=6&cr=7,
https://www.zenga.hu/ingatlan/elado-teglalakas-budapest-iv-kerulet/8361946?page=118&pos=7&cr=7,
https://www.zenga.hu/ingatlan/elado-teglalakas-budapest-iv-kerulet/8361947?page=118&pos=8&cr=7,
https://www.zenga.hu/ingatlan/elado-teglalakas-budapest-iv-kerulet/8361943?page=118&pos=9&cr=7,
https://www.zenga.hu/ingatlan/elado-teglalakas-budapest-iv-kerulet/8358951?page=118&pos=10&cr=7,
https://www.zenga.hu/ingatlan/elado-teglalakas-budapest-iv-kerulet/8361948?page=118&pos=11&cr=7,
https://www.zenga.hu/ingatlan/elado-teglalakas-budapest-iv-kerulet/8361945?page=118&pos=12&cr=7,
https://www.zenga.hu/ingatlan/elado-teglalakas-balatonfoldvar/8641356?page=118&pos=13&cr=7,
https://www.zenga.hu/ingatlan/elado-teglalakas-balatonfoldvar/8641365?page=118&pos=14&cr=7,
https://www.zenga.hu/ingatlan/elado-teglalakas-balatonfoldvar/8641383?page=118&pos=15&cr=7,
https://www.zenga.hu/ingatlan/elado-teglalakas-siofok/8362538?page=118&pos=16&cr=7,
https://www.zenga.hu/ingatlan/elado-panellakas-budapest-xiii-kerulet-angyalfold/8450591?page=118&pos=17&cr=7,
https://www.zenga.hu/ingatlan/elado-panellakas-debrecen-egyetemvaros/8592214?page=118&pos=18&cr=7,
https://www.zenga.hu/ingatlan/elado-teglalakas-siofok-belvaros/8572886?page=118&pos=19&cr=7,
https://www.zenga.hu/ingatlan/elado-panellakas-dunaujvaros-technikum-varosresz/8565718?page=118&pos=20&cr=7,
https://www.zenga.hu/ingatlan/elado-teglalakas-zalaegerszeg-kertvaros/8421392?page=119&pos=1&cr=6,
https://www.zenga.hu/ingatlan/elado-teglalakas-zalaegerszeg-belvaros/8671481?page=119&pos=2&cr=6,
https://www.zenga.hu/ingatlan/elado-egyeb-lakas-hajduszoboszlo/8667552?page=119&pos=3&cr=6,
https://www.zenga.hu/ingatlan/elado-teglalakas-budapest-xii-kerulet-nemetvolgy/8602226?page=119&pos=4&cr=6,
https://www.zenga.hu/ingatlan/elado-panellakas-tatabanya/8648050?page=119&pos=5&cr=6,
https://www.zenga.hu/ingatlan/elado-teglalakas-pecs-belvaros/8601938?page=119&pos=6&cr=6,
https://www.zenga.hu/ingatlan/elado-teglalakas-budapest-vii-kerulet/8649316?page=119&pos=7&cr=6,
https://www.zenga.hu/ingatlan/elado-teglalakas-budapest-xiii-kerulet/8654781?page=119&pos=8&cr=6,
https://www.zenga.hu/ingatlan/elado-teglalakas-siofok-ezustpart/8598315?page=119&pos=9&cr=6,
https://www.zenga.hu/ingatlan/elado-teglalakas-fonyod/8598414?page=119&pos=10&cr=6,
https://www.zenga.hu/ingatlan/elado-teglalakas-buk/8429510?page=119&pos=11&cr=6,
https://www.zenga.hu/ingatlan/elado-teglalakas-balatonlelle/8468644?page=119&pos=12&cr=6,
https://www.zenga.hu/ingatlan/elado-teglalakas-gyula-torokzug/8655341?page=119&pos=13&cr=6,
https://www.zenga.hu/ingatlan/elado-panellakas-kecskemet/8664434?page=119&pos=14&cr=6,
https://www.zenga.hu/ingatlan/elado-panellakas-kecskemet/8664431?page=119&pos=15&cr=6,
https://www.zenga.hu/ingatlan/elado-teglalakas-nagykoros/8664433?page=119&pos=16&cr=6,
https://www.zenga.hu/ingatlan/elado-teglalakas-budapest-vii-kerulet/8662814?page=119&pos=17&cr=6,
https://www.zenga.hu/ingatlan/elado-teglalakas-budapest-xxiii-kerulet/8465501?page=119&pos=18&cr=6,
https://www.zenga.hu/ingatlan/elado-teglalakas-budapest-xix-kerulet/8471843?page=119&pos=19&cr=6,
https://www.zenga.hu/ingatlan/elado-panellakas-debrecen-tocoskert/8646127?page=119&pos=20&cr=6,
https://www.zenga.hu/ingatlan/kiado-teglalakas-budapest-v-kerulet/6823096?page=1&pos=1&cr=700,
https://www.zenga.hu/ingatlan/kiado-teglalakas-budapest-i-kerulet-vizivaros-i-ker/8678051?page=1&pos=2&cr=300,
https://www.zenga.hu/ingatlan/kiado-teglalakas-budapest-vii-kerulet/8572878?page=1&pos=3&cr=200,
https://www.zenga.hu/ingatlan/kiado-tarsashazi-lakas-budapest-xi-kerulet/8590841?page=1&pos=4&cr=155,
https://www.zenga.hu/ingatlan/kiado-teglalakas-budapest-v-kerulet/8691782?page=1&pos=5&cr=150,
https://www.zenga.hu/ingatlan/kiado-teglalakas-budapest-xiii-kerulet-ujlipotvaros/8645433?page=1&pos=6&cr=150,
https://www.zenga.hu/ingatlan/kiado-teglalakas-budapest-viii-kerulet-corvin-negyed/8605602?page=1&pos=7&cr=150,
https://www.zenga.hu/ingatlan/kiado-tarsashazi-lakas-budapest-xiii-kerulet-ujlipotvaros/8636561?page=1&pos=8&cr=110,
https://www.zenga.hu/ingatlan/kiado-teglalakas-budapest-ii-kerulet-torokvesz/8688606?page=1&pos=9&cr=110,
https://www.zenga.hu/ingatlan/kiado-teglalakas-budapest-i-kerulet/8578915?page=1&pos=10&cr=101,
https://www.zenga.hu/ingatlan/kiado-teglalakas-budapest-xii-kerulet-nemetvolgy/8388084?page=1&pos=11&cr=101,
https://www.zenga.hu/ingatlan/kiado-tarsashazi-lakas-budapest-xii-kerulet-istenhegy/8691781?page=1&pos=12&cr=100,
https://www.zenga.hu/ingatlan/kiado-teglalakas-budapest-i-kerulet/8616026?page=1&pos=13&cr=100,
https://www.zenga.hu/ingatlan/kiado-teglalakas-budapest-vi-kerulet-nagykoruton-beluli-terulet/8685939?page=1&pos=14&cr=100,
https://www.zenga.hu/ingatlan/kiado-teglalakas-budapest-xvi-kerulet-matyasfold/8621033?page=1&pos=15&cr=100,
https://www.zenga.hu/ingatlan/kiado-teglalakas-budapest-x-kerulet-laposdulo/8669656?page=1&pos=16&cr=100,
https://www.zenga.hu/ingatlan/kiado-teglalakas-budapest-i-kerulet-gellerthegy-i-ker/8545902?page=1&pos=17&cr=100,
https://www.zenga.hu/ingatlan/kiado-teglalakas-budapest-xiii-kerulet-loportardulo/8675563?page=1&pos=18&cr=100,
https://www.zenga.hu/ingatlan/kiado-teglalakas-budapest-vi-kerulet-nagykoruton-beluli-terulet/8545834?page=1&pos=19&cr=100,
https://www.zenga.hu/ingatlan/kiado-teglalakas-budapest-v-kerulet-belvaros/8648921?page=1&pos=20&cr=100,
https://www.zenga.hu/ingatlan/kiado-teglalakas-budapest-vii-kerulet-ligetvaros/8686719?page=2&pos=1&cr=90,
https://www.zenga.hu/ingatlan/kiado-teglalakas-budapest-xiii-kerulet-angyalfold/8686807?page=2&pos=2&cr=88,
https://www.zenga.hu/ingatlan/kiado-teglalakas-budapest-vii-kerulet-nagykoruton-beluli-terulet/8691770?page=2&pos=3&cr=80,
https://www.zenga.hu/ingatlan/kiado-teglalakas-budapest-viii-kerulet/8692122?page=2&pos=4&cr=80,
https://www.zenga.hu/ingatlan/kiado-panellakas-budapest-viii-kerulet/8662571?page=2&pos=5&cr=80,
https://www.zenga.hu/ingatlan/kiado-teglalakas-budapest-xiv-kerulet/8469246?page=2&pos=6&cr=80,
https://www.zenga.hu/ingatlan/kiado-tarsashazi-lakas-budapest-ix-kerulet-kozepso-ferencvaros/8662521?page=2&pos=7&cr=80,
https://www.zenga.hu/ingatlan/kiado-teglalakas-budapest-iii-kerulet-csillaghegy/8682555?page=2&pos=8&cr=80,
https://www.zenga.hu/ingatlan/kiado-teglalakas-budapest-xx-kerulet-pesterzsebet/8655542?page=2&pos=9&cr=79,
https://www.zenga.hu/ingatlan/kiado-teglalakas-budapest-xiv-kerulet-istvanmezo/8691879?page=2&pos=10&cr=78,
https://www.zenga.hu/ingatlan/kiado-teglalakas-budapest-vi-kerulet/8684805?page=2&pos=11&cr=76,
https://www.zenga.hu/ingatlan/kiado-teglalakas-budapest-viii-kerulet-magdolnanegyed/8686081?page=2&pos=12&cr=75,
https://www.zenga.hu/ingatlan/kiado-teglalakas-budapest-vii-kerulet-nagykoruton-kivuli-terulet/8662455?page=2&pos=13&cr=75,
https://www.zenga.hu/ingatlan/kiado-panellakas-budapest-xiv-kerulet-alsorakos/8598950?page=2&pos=14&cr=75,
https://www.zenga.hu/ingatlan/kiado-tarsashazi-lakas-budapest-viii-kerulet-palotanegyed/8686031?page=2&pos=15&cr=75,
https://www.zenga.hu/ingatlan/kiado-teglalakas-budapest-vii-kerulet-ligetvaros/8606943?page=2&pos=16&cr=75,
https://www.zenga.hu/ingatlan/kiado-teglalakas-budapest-xiii-kerulet-angyalfold/8686076?page=2&pos=17&cr=75,
https://www.zenga.hu/ingatlan/kiado-teglalakas-budapest-xiii-kerulet-ujlipotvaros/8677428?page=2&pos=18&cr=75,
https://www.zenga.hu/ingatlan/kiado-panellakas-budapest-iii-kerulet-bekasmegyer/8670689?page=2&pos=19&cr=75,
https://www.zenga.hu/ingatlan/kiado-panellakas-budapest-xiv-kerulet/8669492?page=2&pos=20&cr=75,
https://www.zenga.hu/ingatlan/kiado-teglalakas-budapest-xiii-kerulet/8663649?page=3&pos=1&cr=75,
https://www.zenga.hu/ingatlan/kiado-teglalakas-budapest-i-kerulet-vizivaros-i-ker/8677531?page=3&pos=2&cr=75,
https://www.zenga.hu/ingatlan/kiado-teglalakas-budapest-xiv-kerulet-kiszuglo/8677522?page=3&pos=3&cr=75,
https://www.zenga.hu/ingatlan/kiado-tarsashazi-lakas-budapest-xiii-kerulet-vizafogo/8675390?page=3&pos=4&cr=75,
https://www.zenga.hu/ingatlan/kiado-teglalakas-budapest-ii-kerulet/8670534?page=3&pos=5&cr=75,
https://www.zenga.hu/ingatlan/kiado-csusztatott-zsalus-lakas-budapest-xiv-kerulet-alsorakos/8657370?page=3&pos=6&cr=75,
https://www.zenga.hu/ingatlan/kiado-csusztatott-zsalus-lakas-budapest-ii-kerulet/8628393?page=3&pos=7&cr=75,
https://www.zenga.hu/ingatlan/kiado-tarsashazi-lakas-budapest-x-kerulet/8324106?page=3&pos=8&cr=75,
https://www.zenga.hu/ingatlan/kiado-teglalakas-budapest-v-kerulet-belvaros/8648959?page=3&pos=9&cr=71,
https://www.zenga.hu/ingatlan/kiado-teglalakas-budapest-v-kerulet-belvaros/8620809?page=3&pos=10&cr=70,
https://www.zenga.hu/ingatlan/kiado-teglalakas-budapest-viii-kerulet-corvin-negyed/8660121?page=3&pos=11&cr=65,
https://www.zenga.hu/ingatlan/kiado-teglalakas-budapest-i-kerulet-vizivaros-i-ker/8686045?page=3&pos=12&cr=60,
https://www.zenga.hu/ingatlan/kiado-teglalakas-budapest-ii-kerulet-vizivaros-ii-ker/8429761?page=3&pos=13&cr=60,
https://www.zenga.hu/ingatlan/kiado-teglalakas-budapest-ii-kerulet-verhalom/8482367?page=3&pos=14&cr=60,
https://www.zenga.hu/ingatlan/kiado-teglalakas-budapest-xiii-kerulet-ujlipotvaros/8682535?page=3&pos=15&cr=56,
https://www.zenga.hu/ingatlan/kiado-teglalakas-budapest-vi-kerulet-nagykoruton-kivuli-terulet/6836225?page=3&pos=16&cr=56,
https://www.zenga.hu/ingatlan/kiado-teglalakas-budapest-viii-kerulet-palotanegyed/8677662?page=3&pos=17&cr=55,
https://www.zenga.hu/ingatlan/kiado-teglalakas-budapest-xi-kerulet-lagymanyos/8657377?page=3&pos=18&cr=55,
https://www.zenga.hu/ingatlan/kiado-teglalakas-budapest-vii-kerulet-nagykoruton-kivuli-terulet/8686872?page=3&pos=19&cr=55,
https://www.zenga.hu/ingatlan/kiado-teglalakas-budapest-xi-kerulet-gellerthegy/8684963?page=3&pos=20&cr=55,
https://www.zenga.hu/ingatlan/kiado-teglalakas-budapest-xi-kerulet-szentimrevaros/8676952?page=4&pos=1&cr=55,
https://www.zenga.hu/ingatlan/kiado-teglalakas-budapest-ii-kerulet-vizivaros-ii-ker/8650159?page=4&pos=2&cr=55,
https://www.zenga.hu/ingatlan/kiado-panellakas-budapest-xi-kerulet-kelenfold/8678033?page=4&pos=3&cr=55,
https://www.zenga.hu/ingatlan/kiado-csusztatott-zsalus-lakas-budapest-ix-kerulet-jozsef-attila-lakotelep/8677421?page=4&pos=4&cr=55,
https://www.zenga.hu/ingatlan/kiado-teglalakas-budapest-x-kerulet-ohegy/8675661?page=4&pos=5&cr=55,
https://www.zenga.hu/ingatlan/kiado-apartman-garzon-budapest-vii-kerulet/8482788?page=4&pos=6&cr=55,
https://www.zenga.hu/ingatlan/kiado-teglalakas-budapest-xiii-kerulet-ujlipotvaros/8670562?page=4&pos=7&cr=55,
https://www.zenga.hu/ingatlan/kiado-teglalakas-budapest-iii-kerulet-obuda/8668513?page=4&pos=8&cr=55,
https://www.zenga.hu/ingatlan/kiado-teglalakas-budapest-xi-kerulet-infopark/8657359?page=4&pos=9&cr=55,
https://www.zenga.hu/ingatlan/kiado-teglalakas-budapest-vi-kerulet-diplomatanegyed/8384641?page=4&pos=10&cr=55,
https://www.zenga.hu/ingatlan/kiado-tarsashazi-lakas-budapest-ix-kerulet-belso-ferencvaros/8513815?page=4&pos=11&cr=55,
https://www.zenga.hu/ingatlan/kiado-tarsashazi-lakas-budapest-vii-kerulet-ligetvaros/8661408?page=4&pos=12&cr=55,
https://www.zenga.hu/ingatlan/kiado-tarsashazi-lakas-budapest-v-kerulet/8614259?page=4&pos=13&cr=51,
https://www.zenga.hu/ingatlan/kiado-tarsashazi-lakas-budapest-xi-kerulet/8614262?page=4&pos=14&cr=51,
https://www.zenga.hu/ingatlan/kiado-tarsashazi-lakas-budapest-iv-kerulet/8612889?page=4&pos=15&cr=51,
https://www.zenga.hu/ingatlan/kiado-teglalakas-budapest-xii-kerulet/8482464?page=4&pos=16&cr=50,
https://www.zenga.hu/ingatlan/kiado-tarsashazi-lakas-budapest-i-kerulet-krisztinavaros-i-ker/8691809?page=4&pos=17&cr=50,
https://www.zenga.hu/ingatlan/kiado-teglalakas-budapest-i-kerulet/8274844?page=4&pos=18&cr=50,
https://www.zenga.hu/ingatlan/kiado-teglalakas-budapest-xii-kerulet-nemetvolgy/8688468?page=4&pos=19&cr=50,
https://www.zenga.hu/ingatlan/kiado-tarsashazi-lakas-budapest-viii-kerulet/8360243?page=4&pos=20&cr=50,
https://www.zenga.hu/ingatlan/kiado-teglalakas-budapest-vi-kerulet-nagykoruton-beluli-terulet/8649109?page=5&pos=1&cr=50,
https://www.zenga.hu/ingatlan/kiado-teglalakas-budapest-xiv-kerulet-alsorakos/8686953?page=5&pos=2&cr=50,
https://www.zenga.hu/ingatlan/kiado-teglalakas-budapest-ix-kerulet/8356059?page=5&pos=3&cr=50,
https://www.zenga.hu/ingatlan/kiado-teglalakas-budapest-x-kerulet-felsorakos/8679525?page=5&pos=4&cr=50,
https://www.zenga.hu/ingatlan/kiado-teglalakas-budapest-i-kerulet-gellerthegy-i-ker/8565727?page=5&pos=5&cr=50,
https://www.zenga.hu/ingatlan/kiado-teglalakas-budapest-i-kerulet-vizivaros-i-ker/8648979?page=5&pos=6&cr=50,
https://www.zenga.hu/ingatlan/kiado-teglalakas-budapest-i-kerulet-vizivaros-i-ker/8648976?page=5&pos=7&cr=50,
https://www.zenga.hu/ingatlan/kiado-teglalakas-budapest-i-kerulet-vizivaros-i-ker/8648989?page=5&pos=8&cr=50,
https://www.zenga.hu/ingatlan/kiado-teglalakas-budapest-vii-kerulet-ligetvaros/8613361?page=5&pos=9&cr=50,
https://www.zenga.hu/ingatlan/kiado-teglalakas-budapest-i-kerulet-varnegyed/8545877?page=5&pos=10&cr=50,
https://www.zenga.hu/ingatlan/kiado-teglalakas-budapest-iii-kerulet-romai-part/8665668?page=5&pos=11&cr=45,
https://www.zenga.hu/ingatlan/kiado-teglalakas-budapest-xiii-kerulet/8688374?page=5&pos=12&cr=44,
https://www.zenga.hu/ingatlan/kiado-teglalakas-budapest-ii-kerulet-kurucles/8519870?page=5&pos=13&cr=40,
https://www.zenga.hu/ingatlan/kiado-tarsashazi-lakas-budapest-iii-kerulet-csillaghegy/8683779?page=5&pos=14&cr=40,
https://www.zenga.hu/ingatlan/kiado-teglalakas-budapest-v-kerulet-belvaros/8638365?page=5&pos=15&cr=38,
https://www.zenga.hu/ingatlan/kiado-teglalakas-budapest-ii-kerulet-vizivaros-ii-ker/8631851?page=5&pos=16&cr=35,
https://www.zenga.hu/ingatlan/kiado-teglalakas-budapest-ix-kerulet/8684806?page=5&pos=17&cr=31,
https://www.zenga.hu/ingatlan/kiado-egyeb-lakas-budapest-vi-kerulet/8580098?page=5&pos=18&cr=30,
https://www.zenga.hu/ingatlan/kiado-teglalakas-budapest-vii-kerulet-nagykoruton-kivuli-terulet/8686891?page=5&pos=19&cr=30,
https://www.zenga.hu/ingatlan/kiado-teglalakas-budapest-ii-kerulet-torokvesz/8433698?page=5&pos=20&cr=30,
https://www.zenga.hu/ingatlan/kiado-teglalakas-budapest-xi-kerulet-sasad-sashegy-xi-ker/8685073?page=6&pos=1&cr=30,
https://www.zenga.hu/ingatlan/kiado-teglalakas-budapest-xiv-kerulet-alsorakos/8680851?page=6&pos=2&cr=30,
https://www.zenga.hu/ingatlan/kiado-teglalakas-budapest-xi-kerulet-albertfalva/8671785?page=6&pos=3&cr=30,
https://www.zenga.hu/ingatlan/kiado-egyeb-lakas-budapest-xiii-kerulet/8644471?page=6&pos=4&cr=29,
https://www.zenga.hu/ingatlan/kiado-teglalakas-budapest-xiii-kerulet-angyalfold/8555641?page=6&pos=5&cr=29,
https://www.zenga.hu/ingatlan/kiado-teglalakas-budapest-xii-kerulet-viranyos/8433805?page=6&pos=6&cr=25,
https://www.zenga.hu/ingatlan/kiado-panellakas-budapest-iv-kerulet-ujpest/8690028?page=6&pos=7&cr=25,
https://www.zenga.hu/ingatlan/kiado-teglalakas-budapest-xi-kerulet-spanyolret/8520344?page=6&pos=8&cr=25,
https://www.zenga.hu/ingatlan/kiado-teglalakas-budapest-ix-kerulet/8631282?page=6&pos=9&cr=23,
https://www.zenga.hu/ingatlan/kiado-teglalakas-budapest-ii-kerulet-pasaret/8652678?page=6&pos=10&cr=23,
https://www.zenga.hu/ingatlan/kiado-teglalakas-budapest-ix-kerulet-belso-ferencvaros/8680550?page=6&pos=11&cr=23,
https://www.zenga.hu/ingatlan/kiado-teglalakas-budapest-ix-kerulet-belso-ferencvaros/8666646?page=6&pos=12&cr=23,
https://www.zenga.hu/ingatlan/kiado-teglalakas-budapest-vii-kerulet/8610745?page=6&pos=13&cr=23,
https://www.zenga.hu/ingatlan/kiado-teglalakas-budapest-ix-kerulet-belso-ferencvaros/8603605?page=6&pos=14&cr=23,
https://www.zenga.hu/ingatlan/kiado-teglalakas-budapest-xiii-kerulet/8658828?page=6&pos=15&cr=22,
https://www.zenga.hu/ingatlan/kiado-teglalakas-budapest-vii-kerulet/8681456?page=6&pos=16&cr=21,
https://www.zenga.hu/ingatlan/kiado-teglalakas-budapest-viii-kerulet/8680674?page=6&pos=17&cr=21,
https://www.zenga.hu/ingatlan/kiado-teglalakas-budapest-xiii-kerulet-loportardulo/8671032?page=6&pos=18&cr=20,
https://www.zenga.hu/ingatlan/kiado-egyeb-lakas-budapest-vi-kerulet/8612921?page=6&pos=19&cr=20,
https://www.zenga.hu/ingatlan/kiado-teglalakas-budapest-xv-kerulet/8679148?page=6&pos=20&cr=20,
https://www.zenga.hu/ingatlan/kiado-teglalakas-budapest-xi-kerulet-lagymanyos/8675738?page=7&pos=1&cr=20,
https://www.zenga.hu/ingatlan/kiado-teglalakas-budapest-xviii-kerulet-ganztelep/7931620?page=7&pos=2&cr=20,
https://www.zenga.hu/ingatlan/kiado-teglalakas-budapest-viii-kerulet/8636803?page=7&pos=3&cr=20,
https://www.zenga.hu/ingatlan/kiado-teglalakas-budapest-xiii-kerulet-angyalfold/8143362?page=7&pos=4&cr=20,
https://www.zenga.hu/ingatlan/kiado-teglalakas-budapest-xiv-kerulet-istvanmezo/8676447?page=7&pos=5&cr=20,
https://www.zenga.hu/ingatlan/kiado-teglalakas-budapest-ix-kerulet/8630253?page=7&pos=6&cr=20,
https://www.zenga.hu/ingatlan/kiado-teglalakas-budapest-vii-kerulet-ligetvaros/8682747?page=7&pos=7&cr=20,
https://www.zenga.hu/ingatlan/kiado-teglalakas-budapest-iii-kerulet-obuda/8662771?page=7&pos=8&cr=20,
https://www.zenga.hu/ingatlan/kiado-teglalakas-budapest-iii-kerulet/8685367?page=7&pos=9&cr=16,
https://www.zenga.hu/ingatlan/kiado-teglalakas-budapest-ii-kerulet-szepilona/8687113?page=7&pos=10&cr=15,
https://www.zenga.hu/ingatlan/kiado-teglalakas-budapest-vi-kerulet/8141030?page=7&pos=11&cr=15,
https://www.zenga.hu/ingatlan/kiado-teglalakas-budapest-xi-kerulet-sasad-sashegy-xi-ker/8645189?page=7&pos=12&cr=15,
https://www.zenga.hu/ingatlan/kiado-teglalakas-budapest-xi-kerulet-albertfalva/8651352?page=7&pos=13&cr=15,
https://www.zenga.hu/ingatlan/kiado-teglalakas-budapest-ii-kerulet-budaliget/8657205?page=7&pos=14&cr=15,
https://www.zenga.hu/ingatlan/kiado-teglalakas-budapest-xiv-kerulet-torokor/8624089?page=7&pos=15&cr=15,
https://www.zenga.hu/ingatlan/kiado-teglalakas-budapest-vi-kerulet-nagykoruton-beluli-terulet/8613363?page=7&pos=16&cr=15,
https://www.zenga.hu/ingatlan/kiado-egyeb-lakas-budapest-xiii-kerulet/8274397?page=7&pos=17&cr=13,
https://www.zenga.hu/ingatlan/kiado-teglalakas-budapest-ii-kerulet-torokvesz/8668334?page=7&pos=18&cr=13,
https://www.zenga.hu/ingatlan/kiado-teglalakas-budapest-xii-kerulet-nemetvolgy/8611094?page=7&pos=19&cr=13,
https://www.zenga.hu/ingatlan/kiado-panellakas-budapest-xi-kerulet-kelenfold/8513638?page=7&pos=20&cr=13,
https://www.zenga.hu/ingatlan/kiado-teglalakas-budapest-iii-kerulet-obuda/8583070?page=8&pos=1&cr=12,
https://www.zenga.hu/ingatlan/kiado-teglalakas-budapest-vi-kerulet/8624385?page=8&pos=2&cr=11,
https://www.zenga.hu/ingatlan/kiado-egyeb-lakas-budapest-ii-kerulet/8621921?page=8&pos=3&cr=11,
https://www.zenga.hu/ingatlan/kiado-teglalakas-budapest-vi-kerulet/8487394?page=8&pos=4&cr=10,
https://www.zenga.hu/ingatlan/kiado-teglalakas-budapest-v-kerulet/7786983?page=8&pos=5&cr=10,
https://www.zenga.hu/ingatlan/kiado-teglalakas-budapest-xiv-kerulet-istvanmezo/8587265?page=8&pos=6&cr=10,
https://www.zenga.hu/ingatlan/kiado-teglalakas-budapest-xiii-kerulet-angyalfold/8138869?page=8&pos=7&cr=10,
https://www.zenga.hu/ingatlan/kiado-teglalakas-budapest-vi-kerulet/8654445?page=8&pos=8&cr=10,
https://www.zenga.hu/ingatlan/kiado-teglalakas-budapest-xiii-kerulet-vizafogo/8613981?page=8&pos=9&cr=10,
https://www.zenga.hu/ingatlan/kiado-teglalakas-budapest-vi-kerulet/8573784?page=8&pos=10&cr=10,
https://www.zenga.hu/ingatlan/kiado-teglalakas-budapest-vi-kerulet-nagykoruton-kivuli-terulet/8613364?page=8&pos=11&cr=10,
https://www.zenga.hu/ingatlan/kiado-teglalakas-budapest-ii-kerulet-lipotmezo/8344174?page=8&pos=12&cr=10,
https://www.zenga.hu/ingatlan/kiado-teglalakas-budapest-xiii-kerulet-ujlipotvaros/8414885?page=8&pos=13&cr=9,
https://www.zenga.hu/ingatlan/kiado-teglalakas-budapest-xiii-kerulet/8607600?page=8&pos=14&cr=6,
https://www.zenga.hu/ingatlan/kiado-teglalakas-budapest-xi-kerulet-sasad-sashegy-xi-ker/8507407?page=8&pos=15&cr=6,
https://www.zenga.hu/ingatlan/kiado-panellakas-budapest-xv-kerulet/8680671?page=8&pos=16&cr=6,
https://www.zenga.hu/ingatlan/kiado-panellakas-budapest-xi-kerulet/8663380?page=8&pos=17&cr=6,
https://www.zenga.hu/ingatlan/kiado-teglalakas-budapest-xi-kerulet-hosszuret/8679199?page=8&pos=18&cr=6,
https://www.zenga.hu/ingatlan/kiado-teglalakas-budapest-xiv-kerulet-istvanmezo/8484002?page=8&pos=19&cr=6,
https://www.zenga.hu/ingatlan/kiado-teglalakas-budapest-ii-kerulet-szemlohegy/8547207?page=8&pos=20&cr=6,
https://www.zenga.hu/ingatlan/kiado-teglalakas-budapest-ii-kerulet-kurucles/8563794?page=9&pos=1&cr=6,
https://www.zenga.hu/ingatlan/kiado-teglalakas-budapest-iii-kerulet-ujlak-iii-ker/8081649?page=9&pos=2&cr=5,
https://www.zenga.hu/ingatlan/kiado-teglalakas-budapest-ii-kerulet/8646741?page=9&pos=3&cr=5,
https://www.zenga.hu/ingatlan/kiado-teglalakas-budapest-ii-kerulet/8686230?page=9&pos=4&cr=5,
https://www.zenga.hu/ingatlan/kiado-teglalakas-budapest-vi-kerulet/8649846?page=9&pos=5&cr=5,
https://www.zenga.hu/ingatlan/kiado-teglalakas-budapest-i-kerulet-varnegyed/8595499?page=9&pos=6&cr=5,
https://www.zenga.hu/ingatlan/kiado-teglalakas-budapest-viii-kerulet-tisztviselotelep/8690039?page=9&pos=7&cr=5,
https://www.zenga.hu/ingatlan/kiado-teglalakas-budapest-v-kerulet-belvaros/8542733?page=9&pos=8&cr=5,
https://www.zenga.hu/ingatlan/kiado-egyeb-lakas-budapest-viii-kerulet-palotanegyed/8638229?page=9&pos=9&cr=5,
https://www.zenga.hu/ingatlan/kiado-teglalakas-budapest-xviii-kerulet/8687995?page=9&pos=10&cr=5,
https://www.zenga.hu/ingatlan/kiado-teglalakas-budapest-vii-kerulet-nagykoruton-beluli-terulet/8637898?page=9&pos=11&cr=5,
https://www.zenga.hu/ingatlan/kiado-teglalakas-budapest-ii-kerulet-rozsadomb/8641706?page=9&pos=12&cr=5,
https://www.zenga.hu/ingatlan/kiado-teglalakas-budapest-viii-kerulet-corvin-negyed/8662097?page=9&pos=13&cr=5,
https://www.zenga.hu/ingatlan/kiado-teglalakas-budapest-ix-kerulet-belso-ferencvaros/8686861?page=9&pos=14&cr=5,
https://www.zenga.hu/ingatlan/kiado-teglalakas-budapest-xx-kerulet/8565040?page=9&pos=15&cr=5,
https://www.zenga.hu/ingatlan/kiado-teglalakas-budapest-ix-kerulet/8682334?page=9&pos=16&cr=5,
https://www.zenga.hu/ingatlan/kiado-teglalakas-budapest-vi-kerulet/8307219?page=9&pos=17&cr=5,
https://www.zenga.hu/ingatlan/kiado-panellakas-budapest-xv-kerulet/8680517?page=9&pos=18&cr=5,
https://www.zenga.hu/ingatlan/kiado-teglalakas-budapest-ix-kerulet-rehabilitacios-terulet-ix-/8635624?page=9&pos=19&cr=5,
https://www.zenga.hu/ingatlan/kiado-teglalakas-budapest-vi-kerulet/8213458?page=9&pos=20&cr=5,
https://www.zenga.hu/ingatlan/kiado-teglalakas-budapest-xi-kerulet-nadorkert/8662098?page=10&pos=1&cr=5,
https://www.zenga.hu/ingatlan/kiado-teglalakas-budapest-xiii-kerulet/8653522?page=10&pos=2&cr=5,
https://www.zenga.hu/ingatlan/kiado-teglalakas-budapest-ix-kerulet-belso-ferencvaros/8650343?page=10&pos=3&cr=5,
https://www.zenga.hu/ingatlan/kiado-teglalakas-budapest-xiv-kerulet-istvanmezo/8517299?page=10&pos=4,
https://www.zenga.hu/ingatlan/kiado-teglalakas-budapest-xx-kerulet/8681080?page=10&pos=5,
https://www.zenga.hu/ingatlan/kiado-teglalakas-budapest-xi-kerulet/8588302?page=10&pos=6,
https://www.zenga.hu/ingatlan/kiado-teglalakas-budapest-iv-kerulet-ujpest/8668308?page=10&pos=7,
https://www.zenga.hu/ingatlan/kiado-panellakas-budapest-x-kerulet/8690388?page=10&pos=8,
https://www.zenga.hu/ingatlan/kiado-egyeb-lakas-budapest-iii-kerulet/8668733?page=10&pos=9,
https://www.zenga.hu/ingatlan/kiado-tarsashazi-lakas-budapest-xvi-kerulet/8668209?page=10&pos=10,
https://www.zenga.hu/ingatlan/kiado-teglalakas-budapest-ii-kerulet/8678960?page=10&pos=11,
https://www.zenga.hu/ingatlan/kiado-teglalakas-budapest-viii-kerulet/8673399?page=10&pos=12,
https://www.zenga.hu/ingatlan/kiado-panellakas-budapest-xxi-kerulet/8649045?page=10&pos=13,
https://www.zenga.hu/ingatlan/kiado-teglalakas-budapest-viii-kerulet/8692294?page=10&pos=14,
https://www.zenga.hu/ingatlan/kiado-teglalakas-budapest-xviii-kerulet/8692277?page=10&pos=15,
https://www.zenga.hu/ingatlan/kiado-teglalakas-budapest-v-kerulet/8449075?page=10&pos=16,
https://www.zenga.hu/ingatlan/kiado-teglalakas-budapest-iv-kerulet-ujpest/8611676?page=10&pos=17,
https://www.zenga.hu/ingatlan/kiado-teglalakas-budapest-v-kerulet-belvaros/7378902?page=10&pos=18,
https://www.zenga.hu/ingatlan/kiado-teglalakas-budapest-ix-kerulet/8603737?page=10&pos=19,
https://www.zenga.hu/ingatlan/kiado-teglalakas-budapest-xiii-kerulet/8692084?page=10&pos=20,
https://www.zenga.hu/ingatlan/kiado-teglalakas-budapest-xii-kerulet/8316191?page=11&pos=1,
https://www.zenga.hu/ingatlan/kiado-teglalakas-budapest-v-kerulet-belvaros/7893135?page=11&pos=2,
https://www.zenga.hu/ingatlan/kiado-teglalakas-budapest-xiii-kerulet-ujlipotvaros/8654941?page=11&pos=3,
https://www.zenga.hu/ingatlan/kiado-teglalakas-budapest-v-kerulet/5925494?page=11&pos=4,
https://www.zenga.hu/ingatlan/kiado-teglalakas-budapest-vii-kerulet/8626326?page=11&pos=5,
https://www.zenga.hu/ingatlan/kiado-teglalakas-budapest-xv-kerulet/8693141?page=11&pos=6,
https://www.zenga.hu/ingatlan/kiado-teglalakas-budapest-vi-kerulet/8692758?page=11&pos=7,
https://www.zenga.hu/ingatlan/kiado-teglalakas-budapest-ii-kerulet-pasaret/8433807?page=11&pos=8,
https://www.zenga.hu/ingatlan/kiado-teglalakas-budapest-vi-kerulet/8692279?page=11&pos=9,
https://www.zenga.hu/ingatlan/kiado-teglalakas-budapest-ix-kerulet/8692292?page=11&pos=10,
https://www.zenga.hu/ingatlan/kiado-teglalakas-budapest-ii-kerulet/8643406?page=11&pos=11,
https://www.zenga.hu/ingatlan/kiado-teglalakas-budapest-xiii-kerulet-angyalfold/8619324?page=11&pos=12,
https://www.zenga.hu/ingatlan/kiado-teglalakas-budapest-xiii-kerulet/8692467?page=11&pos=13,
https://www.zenga.hu/ingatlan/kiado-egyeb-lakas-budapest-xiii-kerulet-ujlipotvaros/8645271?page=11&pos=14,
https://www.zenga.hu/ingatlan/kiado-teglalakas-budapest-xi-kerulet/8676364?page=11&pos=15,
https://www.zenga.hu/ingatlan/kiado-teglalakas-budapest-xi-kerulet-szentimrevaros/8691999?page=11&pos=16,
https://www.zenga.hu/ingatlan/kiado-teglalakas-budapest-xii-kerulet-kissvabhegy/8690384?page=11&pos=17,
https://www.zenga.hu/ingatlan/kiado-teglalakas-budapest-vi-kerulet-nagykoruton-beluli-terulet/8626327?page=11&pos=18,
https://www.zenga.hu/ingatlan/kiado-teglalakas-budapest-xiii-kerulet-angyalfold/8689641?page=11&pos=19,
https://www.zenga.hu/ingatlan/kiado-teglalakas-budapest-i-kerulet/8692720?page=11&pos=20,
https://www.zenga.hu/ingatlan/kiado-teglalakas-budapest-vii-kerulet/8610832?page=12&pos=1,
https://www.zenga.hu/ingatlan/kiado-teglalakas-budapest-xiii-kerulet-angyalfold/8693252?page=12&pos=2,
https://www.zenga.hu/ingatlan/kiado-panellakas-budapest-ii-kerulet-zoldmal/8692866?page=12&pos=3,
https://www.zenga.hu/ingatlan/kiado-panellakas-budapest-xi-kerulet/8548073?page=12&pos=4,
https://www.zenga.hu/ingatlan/kiado-teglalakas-budapest-xiv-kerulet-istvanmezo/8517302?page=12&pos=5,
https://www.zenga.hu/ingatlan/kiado-teglalakas-budapest-ix-kerulet-rehabilitacios-terulet-ix-/8673777?page=12&pos=6,
https://www.zenga.hu/ingatlan/kiado-panellakas-budapest-xv-kerulet-ujpalota/8657218?page=12&pos=7,
https://www.zenga.hu/ingatlan/kiado-teglalakas-budapest-xiii-kerulet-vizafogo/8691393?page=12&pos=8,
https://www.zenga.hu/ingatlan/kiado-teglalakas-budapest-xiv-kerulet/8693214?page=12&pos=9,
https://www.zenga.hu/ingatlan/kiado-teglalakas-budapest-i-kerulet/8644904?page=12&pos=10,
https://www.zenga.hu/ingatlan/kiado-teglalakas-budapest-vi-kerulet/8528374?page=12&pos=11,
https://www.zenga.hu/ingatlan/kiado-teglalakas-budapest-vi-kerulet/8692800?page=12&pos=12,
https://www.zenga.hu/ingatlan/kiado-teglalakas-budapest-xii-kerulet-svabhegy/8624853?page=12&pos=13,
https://www.zenga.hu/ingatlan/kiado-teglalakas-budapest-ii-kerulet/8506777?page=12&pos=14,
https://www.zenga.hu/ingatlan/kiado-teglalakas-budapest-ii-kerulet-szepilona/7059828?page=12&pos=15,
https://www.zenga.hu/ingatlan/kiado-teglalakas-budapest-ii-kerulet/8607939?page=12&pos=16,
https://www.zenga.hu/ingatlan/kiado-teglalakas-budapest-ii-kerulet/8650730?page=12&pos=17,
https://www.zenga.hu/ingatlan/kiado-teglalakas-budapest-ii-kerulet/8688252?page=12&pos=18,
https://www.zenga.hu/ingatlan/kiado-teglalakas-budapest-xiii-kerulet/8692281?page=12&pos=19,
https://www.zenga.hu/ingatlan/kiado-teglalakas-budapest-v-kerulet-belvaros/7893137?page=12&pos=20,
https://www.zenga.hu/ingatlan/kiado-tarsashazi-lakas-budapest-xiv-kerulet/8250459?page=13&pos=1,
https://www.zenga.hu/ingatlan/kiado-teglalakas-budapest-ix-kerulet/8615158?page=13&pos=2,
https://www.zenga.hu/ingatlan/kiado-teglalakas-budapest-vii-kerulet-nagykoruton-beluli-terulet/8692731?page=13&pos=3,
https://www.zenga.hu/ingatlan/kiado-teglalakas-budapest-vii-kerulet/8692207?page=13&pos=4,
https://www.zenga.hu/ingatlan/kiado-panellakas-budapest-xv-kerulet/8684554?page=13&pos=5,
https://www.zenga.hu/ingatlan/kiado-teglalakas-budapest-xiii-kerulet/8512474?page=13&pos=6,
https://www.zenga.hu/ingatlan/kiado-teglalakas-budapest-xii-kerulet-diosarok/8497794?page=13&pos=7,
https://www.zenga.hu/ingatlan/kiado-teglalakas-budapest-xiv-kerulet-istvanmezo/8648999?page=13&pos=8,
https://www.zenga.hu/ingatlan/kiado-teglalakas-budapest-xiv-kerulet/8692206?page=13&pos=9,
https://www.zenga.hu/ingatlan/kiado-teglalakas-budapest-i-kerulet/8692208?page=13&pos=10,
https://www.zenga.hu/ingatlan/kiado-teglalakas-budapest-xiv-kerulet/8692211?page=13&pos=11,
https://www.zenga.hu/ingatlan/kiado-teglalakas-budapest-v-kerulet-belvaros/7543759?page=13&pos=12,
https://www.zenga.hu/ingatlan/kiado-teglalakas-budapest-vi-kerulet/8692730?page=13&pos=13,
https://www.zenga.hu/ingatlan/kiado-teglalakas-budapest-ix-kerulet-belso-ferencvaros/8687980?page=13&pos=14,
https://www.zenga.hu/ingatlan/kiado-teglalakas-budapest-xi-kerulet-budapart/8692133?page=13&pos=15,
https://www.zenga.hu/ingatlan/kiado-teglalakas-budapest-ii-kerulet-rozsadomb/8651995?page=13&pos=16,
https://www.zenga.hu/ingatlan/kiado-teglalakas-budapest-xiii-kerulet-ujlipotvaros/8692748?page=13&pos=17,
https://www.zenga.hu/ingatlan/kiado-teglalakas-budapest-ix-kerulet/8692284?page=13&pos=18,
https://www.zenga.hu/ingatlan/kiado-teglalakas-budapest-v-kerulet/8692209?page=13&pos=19,
https://www.zenga.hu/ingatlan/kiado-teglalakas-budapest-i-kerulet/8615160?page=13&pos=20,
https://www.zenga.hu/ingatlan/kiado-teglalakas-budapest-ix-kerulet-belso-ferencvaros/8684567?page=14&pos=1,
https://www.zenga.hu/ingatlan/kiado-teglalakas-budapest-vi-kerulet/8692132?page=14&pos=2,
https://www.zenga.hu/ingatlan/kiado-tarsashazi-lakas-budapest-x-kerulet/8680698?page=14&pos=3,
https://www.zenga.hu/ingatlan/kiado-teglalakas-budapest-xiii-kerulet-angyalfold/8662623?page=14&pos=4,
https://www.zenga.hu/ingatlan/kiado-teglalakas-budapest-ii-kerulet/7174282?page=14&pos=5,
https://www.zenga.hu/ingatlan/kiado-teglalakas-budapest-viii-kerulet-corvin-negyed/8687045?page=14&pos=6,
https://www.zenga.hu/ingatlan/kiado-tarsashazi-lakas-budapest-vii-kerulet/8634602?page=14&pos=7,
https://www.zenga.hu/ingatlan/kiado-egyeb-lakas-budapest-v-kerulet/8692798?page=14&pos=8,
https://www.zenga.hu/ingatlan/kiado-teglalakas-budapest-viii-kerulet-csarnoknegyed/8662629?page=14&pos=9,
https://www.zenga.hu/ingatlan/kiado-teglalakas-budapest-ix-kerulet/8692797?page=14&pos=10,
https://www.zenga.hu/ingatlan/kiado-teglalakas-budapest-v-kerulet-belvaros/7580634?page=14&pos=11,
https://www.zenga.hu/ingatlan/kiado-teglalakas-budapest-ii-kerulet-szepilona/8684523?page=14&pos=12,
https://www.zenga.hu/ingatlan/kiado-teglalakas-budapest-xii-kerulet/8688763?page=14&pos=13,
https://www.zenga.hu/ingatlan/kiado-teglalakas-budapest-v-kerulet-belvaros/8692732?page=14&pos=14,
https://www.zenga.hu/ingatlan/kiado-teglalakas-budapest-xiii-kerulet-angyalfold/8689849?page=14&pos=15,
https://www.zenga.hu/ingatlan/kiado-teglalakas-budapest-viii-kerulet-palotanegyed/8634491?page=14&pos=16,
https://www.zenga.hu/ingatlan/kiado-teglalakas-budapest-v-kerulet/8636342?page=14&pos=17,
https://www.zenga.hu/ingatlan/kiado-teglalakas-budapest-viii-kerulet/8692210?page=14&pos=18,
https://www.zenga.hu/ingatlan/kiado-teglalakas-budapest-vi-kerulet/8111566?page=14&pos=19,
https://www.zenga.hu/ingatlan/kiado-teglalakas-budapest-v-kerulet/8645403?page=14&pos=20,
https://www.zenga.hu/ingatlan/kiado-teglalakas-budapest-vi-kerulet/8686446?page=15&pos=1,
https://www.zenga.hu/ingatlan/kiado-teglalakas-budapest-xiii-kerulet/8692280?page=15&pos=2,
https://www.zenga.hu/ingatlan/kiado-teglalakas-budapest-v-kerulet-belvaros/8676149?page=15&pos=3,
https://www.zenga.hu/ingatlan/kiado-teglalakas-budapest-xi-kerulet-szentimrevaros/8693253?page=15&pos=4,
https://www.zenga.hu/ingatlan/kiado-panellakas-budapest-xvii-kerulet-rakoskeresztur/8692741?page=15&pos=5,
https://www.zenga.hu/ingatlan/kiado-teglalakas-budapest-vi-kerulet-nagykoruton-kivuli-terulet/8627217?page=15&pos=6,
https://www.zenga.hu/ingatlan/kiado-teglalakas-budapest-ix-kerulet/8144724?page=15&pos=7,
https://www.zenga.hu/ingatlan/kiado-teglalakas-budapest-v-kerulet-belvaros/8629501?page=15&pos=8,
https://www.zenga.hu/ingatlan/kiado-teglalakas-budapest-vi-kerulet/8636579?page=15&pos=9,
https://www.zenga.hu/ingatlan/kiado-teglalakas-budapest-v-kerulet-belvaros/8389658?page=15&pos=10,
https://www.zenga.hu/ingatlan/kiado-teglalakas-budapest-vi-kerulet/8056366?page=15&pos=11,
https://www.zenga.hu/ingatlan/kiado-teglalakas-budapest-xii-kerulet/8684069?page=15&pos=12,
https://www.zenga.hu/ingatlan/kiado-teglalakas-budapest-iii-kerulet-remetehegy/8433706?page=15&pos=13,
https://www.zenga.hu/ingatlan/kiado-teglalakas-budapest-viii-kerulet-nepszinhaznegyed/8691753?page=15&pos=14,
https://www.zenga.hu/ingatlan/kiado-teglalakas-budapest-xi-kerulet/8573201?page=15&pos=15,
https://www.zenga.hu/ingatlan/kiado-teglalakas-budapest-v-kerulet-lipotvaros/8622072?page=15&pos=16,
https://www.zenga.hu/ingatlan/kiado-teglalakas-budapest-vi-kerulet/8058901?page=15&pos=17,
https://www.zenga.hu/ingatlan/kiado-teglalakas-budapest-xiii-kerulet-angyalfold/8688008?page=15&pos=18,
https://www.zenga.hu/ingatlan/kiado-teglalakas-budapest-v-kerulet/8595777?page=15&pos=19,
https://www.zenga.hu/ingatlan/kiado-teglalakas-budapest-xiii-kerulet/8638065?page=15&pos=20,
https://www.zenga.hu/ingatlan/kiado-teglalakas-budapest-viii-kerulet/8684066?page=16&pos=1,
https://www.zenga.hu/ingatlan/kiado-teglalakas-budapest-vi-kerulet/8591031?page=16&pos=2,
https://www.zenga.hu/ingatlan/kiado-teglalakas-budapest-vii-kerulet/8641649?page=16&pos=3,
https://www.zenga.hu/ingatlan/kiado-teglalakas-budapest-v-kerulet/8681356?page=16&pos=4,
https://www.zenga.hu/ingatlan/kiado-teglalakas-budapest-xiii-kerulet/8683586?page=16&pos=5,
https://www.zenga.hu/ingatlan/kiado-teglalakas-budapest-viii-kerulet/8638031?page=16&pos=6,
https://www.zenga.hu/ingatlan/kiado-teglalakas-budapest-xiv-kerulet/8672559?page=16&pos=7,
https://www.zenga.hu/ingatlan/kiado-teglalakas-budapest-xi-kerulet/8619633?page=16&pos=8,
https://www.zenga.hu/ingatlan/kiado-teglalakas-budapest-xi-kerulet-lagymanyos/8688747?page=16&pos=9,
https://www.zenga.hu/ingatlan/kiado-teglalakas-budapest-ix-kerulet/8692125?page=16&pos=10,
https://www.zenga.hu/ingatlan/kiado-teglalakas-budapest-iii-kerulet/8558057?page=16&pos=11,
https://www.zenga.hu/ingatlan/kiado-teglalakas-budapest-xiii-kerulet/8690796?page=16&pos=12,
https://www.zenga.hu/ingatlan/kiado-teglalakas-budapest-viii-kerulet/8670987?page=16&pos=13,
https://www.zenga.hu/ingatlan/kiado-teglalakas-budapest-vi-kerulet/8681221?page=16&pos=14,
https://www.zenga.hu/ingatlan/kiado-teglalakas-budapest-vi-kerulet/8682782?page=16&pos=15,
https://www.zenga.hu/ingatlan/kiado-teglalakas-budapest-v-kerulet/8508404?page=16&pos=16,
https://www.zenga.hu/ingatlan/kiado-teglalakas-budapest-xii-kerulet-nemetvolgy/8230781?page=16&pos=17,
https://www.zenga.hu/ingatlan/kiado-egyeb-lakas-budapest-i-kerulet/8668245?page=16&pos=18,
https://www.zenga.hu/ingatlan/kiado-teglalakas-budapest-xii-kerulet-istenhegy/8056483?page=16&pos=19,
https://www.zenga.hu/ingatlan/kiado-teglalakas-budapest-xiii-kerulet-ujlipotvaros/8040274?page=16&pos=20,
https://www.zenga.hu/ingatlan/kiado-teglalakas-budapest-i-kerulet/8274835?page=17&pos=1,
https://www.zenga.hu/ingatlan/kiado-teglalakas-budapest-xiii-kerulet/8658128?page=17&pos=2,
https://www.zenga.hu/ingatlan/kiado-teglalakas-budapest-xiii-kerulet/8690281?page=17&pos=3,
https://www.zenga.hu/ingatlan/kiado-egyeb-lakas-budapest-xvi-kerulet/7807605?page=17&pos=4,
https://www.zenga.hu/ingatlan/kiado-teglalakas-budapest-vi-kerulet/8187001?page=17&pos=5,
https://www.zenga.hu/ingatlan/kiado-teglalakas-budapest-xi-kerulet-lagymanyos/8691484?page=17&pos=6,
https://www.zenga.hu/ingatlan/kiado-teglalakas-budapest-vi-kerulet/8056896?page=17&pos=7,
https://www.zenga.hu/ingatlan/kiado-teglalakas-budapest-i-kerulet/8672393?page=17&pos=8,
https://www.zenga.hu/ingatlan/kiado-teglalakas-budapest-vi-kerulet/8691528?page=17&pos=9,
https://www.zenga.hu/ingatlan/kiado-teglalakas-budapest-xi-kerulet-muegyetem-kornyeke/8691826?page=17&pos=10,
https://www.zenga.hu/ingatlan/kiado-egyeb-lakas-budapest-iv-kerulet/8646921?page=17&pos=11,
https://www.zenga.hu/ingatlan/kiado-teglalakas-budapest-viii-kerulet/7740907?page=17&pos=12,
https://www.zenga.hu/ingatlan/kiado-teglalakas-budapest-vii-kerulet/8023211?page=17&pos=13,
https://www.zenga.hu/ingatlan/kiado-teglalakas-budapest-xiii-kerulet/8681216?page=17&pos=14,
https://www.zenga.hu/ingatlan/kiado-teglalakas-budapest-vii-kerulet/8415680?page=17&pos=15,
https://www.zenga.hu/ingatlan/kiado-teglalakas-budapest-xiii-kerulet/8615263?page=17&pos=16,
https://www.zenga.hu/ingatlan/kiado-teglalakas-budapest-vii-kerulet/8679864?page=17&pos=17,
https://www.zenga.hu/ingatlan/kiado-teglalakas-budapest-xi-kerulet/8678358?page=17&pos=18,
https://www.zenga.hu/ingatlan/kiado-teglalakas-budapest-vii-kerulet/8464872?page=17&pos=19,
https://www.zenga.hu/ingatlan/kiado-teglalakas-budapest-iii-kerulet/8691551?page=17&pos=20,
https://www.zenga.hu/ingatlan/kiado-teglalakas-budapest-vi-kerulet/8628720?page=18&pos=1,
https://www.zenga.hu/ingatlan/kiado-teglalakas-budapest-vi-kerulet/8667248?page=18&pos=2,
https://www.zenga.hu/ingatlan/kiado-teglalakas-budapest-xiii-kerulet-angyalfold/8691390?page=18&pos=3,
https://www.zenga.hu/ingatlan/kiado-teglalakas-budapest-vi-kerulet/8058526?page=18&pos=4,
https://www.zenga.hu/ingatlan/kiado-teglalakas-budapest-vi-kerulet/8622268?page=18&pos=5,
https://www.zenga.hu/ingatlan/kiado-teglalakas-budapest-vi-kerulet/8056367?page=18&pos=6,
https://www.zenga.hu/ingatlan/kiado-teglalakas-budapest-v-kerulet/8187000?page=18&pos=7,
https://www.zenga.hu/ingatlan/kiado-teglalakas-budapest-vi-kerulet/8506369?page=18&pos=8,
https://www.zenga.hu/ingatlan/kiado-teglalakas-budapest-ii-kerulet/8410256?page=18&pos=9,
https://www.zenga.hu/ingatlan/kiado-teglalakas-budapest-xxi-kerulet/8654447?page=18&pos=10,
https://www.zenga.hu/ingatlan/kiado-teglalakas-budapest-xii-kerulet-kutvolgy/8056481?page=18&pos=11,
https://www.zenga.hu/ingatlan/kiado-teglalakas-budapest-i-kerulet-varnegyed/8691949?page=18&pos=12,
https://www.zenga.hu/ingatlan/kiado-teglalakas-budapest-ix-kerulet/8668739?page=18&pos=13,
https://www.zenga.hu/ingatlan/kiado-teglalakas-budapest-xiii-kerulet/8691289?page=18&pos=14,
https://www.zenga.hu/ingatlan/kiado-teglalakas-budapest-xi-kerulet-muegyetem-kornyeke/8652714?page=18&pos=15,
https://www.zenga.hu/ingatlan/kiado-teglalakas-budapest-xiii-kerulet/8682779?page=18&pos=16,
https://www.zenga.hu/ingatlan/kiado-teglalakas-budapest-v-kerulet/8676961?page=18&pos=17,
https://www.zenga.hu/ingatlan/kiado-teglalakas-budapest-vi-kerulet/8593561?page=18&pos=18,
https://www.zenga.hu/ingatlan/kiado-teglalakas-budapest-vi-kerulet/8056504?page=18&pos=19,
https://www.zenga.hu/ingatlan/kiado-teglalakas-budapest-ix-kerulet/8667194?page=18&pos=20,
https://www.zenga.hu/ingatlan/kiado-teglalakas-budapest-ii-kerulet-szemlohegy/8180428?page=19&pos=1,
https://www.zenga.hu/ingatlan/kiado-teglalakas-budapest-xiii-kerulet-angyalfold/8653520?page=19&pos=2,
https://www.zenga.hu/ingatlan/kiado-teglalakas-budapest-i-kerulet/8274841?page=19&pos=3,
https://www.zenga.hu/ingatlan/kiado-teglalakas-budapest-vi-kerulet/8547654?page=19&pos=4,
https://www.zenga.hu/ingatlan/kiado-teglalakas-budapest-vi-kerulet/7886773?page=19&pos=5,
https://www.zenga.hu/ingatlan/kiado-teglalakas-budapest-xxiii-kerulet-soroksar/8691520?page=19&pos=6,
https://www.zenga.hu/ingatlan/kiado-teglalakas-budapest-i-kerulet-naphegy/8332204?page=19&pos=7,
https://www.zenga.hu/ingatlan/kiado-teglalakas-budapest-v-kerulet/8615159?page=19&pos=8,
https://www.zenga.hu/ingatlan/kiado-teglalakas-budapest-i-kerulet/8472846?page=19&pos=9,
https://www.zenga.hu/ingatlan/kiado-teglalakas-budapest-vii-kerulet/8479328?page=19&pos=10,
https://www.zenga.hu/ingatlan/kiado-teglalakas-budapest-xi-kerulet/8434835?page=19&pos=11,
https://www.zenga.hu/ingatlan/kiado-teglalakas-budapest-xiii-kerulet/8690794?page=19&pos=12,
https://www.zenga.hu/ingatlan/kiado-teglalakas-budapest-v-kerulet/8681357?page=19&pos=13,
https://www.zenga.hu/ingatlan/kiado-teglalakas-budapest-viii-kerulet/8688809?page=19&pos=14,
https://www.zenga.hu/ingatlan/kiado-teglalakas-budapest-viii-kerulet/8613529?page=19&pos=15,
https://www.zenga.hu/ingatlan/kiado-teglalakas-budapest-i-kerulet/8078445?page=19&pos=16,
https://www.zenga.hu/ingatlan/kiado-teglalakas-budapest-v-kerulet/8658849?page=19&pos=17,
https://www.zenga.hu/ingatlan/kiado-teglalakas-budapest-xiii-kerulet-ujlipotvaros/8014668?page=19&pos=18,
https://www.zenga.hu/ingatlan/kiado-teglalakas-budapest-vi-kerulet-diplomatanegyed/8273056?page=19&pos=19,
https://www.zenga.hu/ingatlan/kiado-tarsashazi-lakas-budapest-i-kerulet/8675319?page=19&pos=20,
https://www.zenga.hu/ingatlan/kiado-teglalakas-budapest-viii-kerulet/8685178?page=20&pos=1,
https://www.zenga.hu/ingatlan/kiado-teglalakas-budapest-vii-kerulet-nagykoruton-beluli-terulet/8691917?page=20&pos=2,
https://www.zenga.hu/ingatlan/kiado-teglalakas-budapest-vi-kerulet/7886774?page=20&pos=3,
https://www.zenga.hu/ingatlan/kiado-teglalakas-budapest-vi-kerulet/8690792?page=20&pos=4,
https://www.zenga.hu/ingatlan/kiado-teglalakas-budapest-viii-kerulet-palotanegyed/8502789?page=20&pos=5,
https://www.zenga.hu/ingatlan/kiado-teglalakas-budapest-vi-kerulet/8056927?page=20&pos=6,
https://www.zenga.hu/ingatlan/kiado-teglalakas-budapest-vi-kerulet/7886777?page=20&pos=7,
https://www.zenga.hu/ingatlan/kiado-teglalakas-budapest-i-kerulet-vizivaros-i-ker/8210579?page=20&pos=8,
https://www.zenga.hu/ingatlan/kiado-teglalakas-budapest-ix-kerulet/8506662?page=20&pos=9,
https://www.zenga.hu/ingatlan/kiado-egyeb-lakas-budapest-xvi-kerulet/7807605?page=20&pos=10,
https://www.zenga.hu/ingatlan/kiado-teglalakas-budapest-ii-kerulet-szemlohegy/8286287?page=20&pos=11,
https://www.zenga.hu/ingatlan/kiado-teglalakas-budapest-xvi-kerulet/8677534?page=20&pos=12,
https://www.zenga.hu/ingatlan/kiado-teglalakas-budapest-ix-kerulet/8692127?page=20&pos=13,
https://www.zenga.hu/ingatlan/kiado-teglalakas-budapest-ii-kerulet/8622759?page=20&pos=14,
https://www.zenga.hu/ingatlan/kiado-teglalakas-budapest-xiii-kerulet/8664208?page=20&pos=15,
https://www.zenga.hu/ingatlan/kiado-panellakas-budapest-xiii-kerulet/8690380?page=20&pos=16,
https://www.zenga.hu/ingatlan/kiado-teglalakas-budapest-vi-kerulet/8058901?page=20&pos=17,
https://www.zenga.hu/ingatlan/kiado-teglalakas-budapest-ii-kerulet-pasaret/8476952?page=20&pos=18,
https://www.zenga.hu/ingatlan/kiado-teglalakas-budapest-viii-kerulet/8432453?page=20&pos=19,
https://www.zenga.hu/ingatlan/kiado-teglalakas-budapest-vii-kerulet/8538934?page=20&pos=20,
https://www.zenga.hu/ingatlan/kiado-teglalakas-budapest-xiii-kerulet/8638067?page=21&pos=1,
https://www.zenga.hu/ingatlan/kiado-teglalakas-budapest-ix-kerulet/8692119?page=21&pos=2,
https://www.zenga.hu/ingatlan/kiado-teglalakas-budapest-vi-kerulet/8687188?page=21&pos=3,
https://www.zenga.hu/ingatlan/kiado-teglalakas-budapest-xi-kerulet-gellerthegy/8691870?page=21&pos=4,
https://www.zenga.hu/ingatlan/kiado-teglalakas-budapest-xiii-kerulet/8681215?page=21&pos=5,
https://www.zenga.hu/ingatlan/kiado-teglalakas-budapest-vi-kerulet/8058929?page=21&pos=6,
https://www.zenga.hu/ingatlan/kiado-teglalakas-budapest-xiii-kerulet/8658779?page=21&pos=7,
https://www.zenga.hu/ingatlan/kiado-tarsashazi-lakas-budapest-ix-kerulet/8691623?page=21&pos=8,
https://www.zenga.hu/ingatlan/kiado-teglalakas-budapest-ii-kerulet-torokvesz/8351198?page=21&pos=9,
https://www.zenga.hu/ingatlan/kiado-teglalakas-budapest-ii-kerulet/8662107?page=21&pos=10,
https://www.zenga.hu/ingatlan/kiado-teglalakas-budapest-v-kerulet/8636578?page=21&pos=11,
https://www.zenga.hu/ingatlan/kiado-teglalakas-budapest-ii-kerulet-rozsadomb/8668093?page=21&pos=12,
https://www.zenga.hu/ingatlan/kiado-teglalakas-budapest-viii-kerulet-palotanegyed/8557282?page=21&pos=13,
https://www.zenga.hu/ingatlan/kiado-teglalakas-budapest-iii-kerulet-obuda/8661109?page=21&pos=14,
https://www.zenga.hu/ingatlan/kiado-teglalakas-budapest-vii-kerulet/8617881?page=21&pos=15,
https://www.zenga.hu/ingatlan/kiado-teglalakas-budapest-xiii-kerulet/8601642?page=21&pos=16,
https://www.zenga.hu/ingatlan/kiado-teglalakas-budapest-ix-kerulet/8662808?page=21&pos=17,
https://www.zenga.hu/ingatlan/kiado-teglalakas-budapest-ii-kerulet/8560456?page=21&pos=18,
https://www.zenga.hu/ingatlan/kiado-teglalakas-budapest-xi-kerulet/8674443?page=21&pos=19,
https://www.zenga.hu/ingatlan/kiado-teglalakas-budapest-iii-kerulet/8522125?page=21&pos=20,
https://www.zenga.hu/ingatlan/kiado-teglalakas-budapest-xi-kerulet-madarhegy/8644623?page=22&pos=1,
https://www.zenga.hu/ingatlan/kiado-teglalakas-budapest-v-kerulet/7943462?page=22&pos=2,
https://www.zenga.hu/ingatlan/kiado-teglalakas-budapest-xii-kerulet-orbanhegy/7681397?page=22&pos=3,
https://www.zenga.hu/ingatlan/kiado-teglalakas-budapest-ix-kerulet/8537067?page=22&pos=4,
https://www.zenga.hu/ingatlan/kiado-teglalakas-budapest-iii-kerulet-csucshegy/8219013?page=22&pos=5,
https://www.zenga.hu/ingatlan/kiado-teglalakas-budapest-vi-kerulet/8605185?page=22&pos=6,
https://www.zenga.hu/ingatlan/kiado-teglalakas-budapest-i-kerulet-naphegy/8355366?page=22&pos=7,
https://www.zenga.hu/ingatlan/kiado-teglalakas-budapest-xiii-kerulet/8676172?page=22&pos=8,
https://www.zenga.hu/ingatlan/kiado-teglalakas-budapest-xi-kerulet/8688066?page=22&pos=9,
https://www.zenga.hu/ingatlan/kiado-panellakas-budapest-xi-kerulet-kelenfold/8670949?page=22&pos=10,
https://www.zenga.hu/ingatlan/kiado-teglalakas-budapest-xii-kerulet/8681223?page=22&pos=11,
https://www.zenga.hu/ingatlan/kiado-teglalakas-budapest-iii-kerulet/8245108?page=22&pos=12,
https://www.zenga.hu/ingatlan/kiado-teglalakas-budapest-ii-kerulet/8376947?page=22&pos=13,
https://www.zenga.hu/ingatlan/kiado-teglalakas-budapest-iii-kerulet/8622761?page=22&pos=14,
https://www.zenga.hu/ingatlan/kiado-teglalakas-budapest-iv-kerulet/8664209?page=22&pos=15,
https://www.zenga.hu/ingatlan/kiado-teglalakas-budapest-vi-kerulet/8056409?page=22&pos=16,
https://www.zenga.hu/ingatlan/kiado-teglalakas-budapest-vi-kerulet/8548071?page=22&pos=17,
https://www.zenga.hu/ingatlan/kiado-teglalakas-budapest-vi-kerulet/8632196?page=22&pos=18,
https://www.zenga.hu/ingatlan/kiado-teglalakas-budapest-ii-kerulet-szepvolgy/8249232?page=22&pos=19,
https://www.zenga.hu/ingatlan/kiado-teglalakas-budapest-xi-kerulet/8675779?page=22&pos=20,
https://www.zenga.hu/ingatlan/kiado-teglalakas-budapest-xiv-kerulet/8682778?page=23&pos=1,
https://www.zenga.hu/ingatlan/kiado-teglalakas-budapest-vi-kerulet/8058528?page=23&pos=2,
https://www.zenga.hu/ingatlan/kiado-teglalakas-budapest-ii-kerulet-torokvesz/8655737?page=23&pos=3,
https://www.zenga.hu/ingatlan/kiado-teglalakas-budapest-vi-kerulet-nagykoruton-kivuli-terulet/8677663?page=23&pos=4,
https://www.zenga.hu/ingatlan/kiado-teglalakas-budapest-v-kerulet-belvaros/8455456?page=23&pos=5,
https://www.zenga.hu/ingatlan/kiado-teglalakas-budapest-i-kerulet/7991449?page=23&pos=6,
https://www.zenga.hu/ingatlan/kiado-teglalakas-budapest-xiii-kerulet/8254176?page=23&pos=7,
https://www.zenga.hu/ingatlan/kiado-teglalakas-budapest-ix-kerulet/8674438?page=23&pos=8,
https://www.zenga.hu/ingatlan/kiado-teglalakas-budapest-vii-kerulet/8645173?page=23&pos=9,
https://www.zenga.hu/ingatlan/kiado-teglalakas-budapest-xi-kerulet/8664207?page=23&pos=10,
https://www.zenga.hu/ingatlan/kiado-teglalakas-budapest-xi-kerulet/8674444?page=23&pos=11,
https://www.zenga.hu/ingatlan/kiado-teglalakas-budapest-i-kerulet-naphegy/8563830?page=23&pos=12,
https://www.zenga.hu/ingatlan/kiado-teglalakas-budapest-xiv-kerulet/8682781?page=23&pos=13,
https://www.zenga.hu/ingatlan/kiado-teglalakas-budapest-ii-kerulet-rozsadomb/8626941?page=23&pos=14,
https://www.zenga.hu/ingatlan/kiado-teglalakas-budapest-xii-kerulet-krisztinavaros-xii-ker/8343709?page=23&pos=15,
https://www.zenga.hu/ingatlan/kiado-teglalakas-budapest-vii-kerulet/8690790?page=23&pos=16,
https://www.zenga.hu/ingatlan/kiado-teglalakas-budapest-ii-kerulet-torokvesz/8623682?page=23&pos=17,
https://www.zenga.hu/ingatlan/kiado-teglalakas-budapest-vi-kerulet/7886779?page=23&pos=18,
https://www.zenga.hu/ingatlan/kiado-teglalakas-budapest-iii-kerulet-csucshegy/8219012?page=23&pos=19,
https://www.zenga.hu/ingatlan/kiado-teglalakas-budapest-ii-kerulet-pasaret/8476953?page=23&pos=20,
https://www.zenga.hu/ingatlan/kiado-teglalakas-budapest-vi-kerulet/8058903?page=24&pos=1,
https://www.zenga.hu/ingatlan/kiado-teglalakas-budapest-viii-kerulet/8608339?page=24&pos=2,
https://www.zenga.hu/ingatlan/kiado-teglalakas-budapest-viii-kerulet/8522120?page=24&pos=3,
https://www.zenga.hu/ingatlan/kiado-teglalakas-budapest-vi-kerulet-nagykoruton-beluli-terulet/8691817?page=24&pos=4,
https://www.zenga.hu/ingatlan/kiado-teglalakas-budapest-xi-kerulet/8552762?page=24&pos=5,
https://www.zenga.hu/ingatlan/kiado-teglalakas-budapest-viii-kerulet/8670986?page=24&pos=6,
https://www.zenga.hu/ingatlan/kiado-teglalakas-budapest-i-kerulet/8513350?page=24&pos=7,
https://www.zenga.hu/ingatlan/kiado-teglalakas-budapest-xi-kerulet/8679863?page=24&pos=8,
https://www.zenga.hu/ingatlan/kiado-teglalakas-budapest-vi-kerulet-diplomatanegyed/8534463?page=24&pos=9,
https://www.zenga.hu/ingatlan/kiado-teglalakas-budapest-vi-kerulet/8474913?page=24&pos=10,
https://www.zenga.hu/ingatlan/kiado-tarsashazi-lakas-budapest-i-kerulet/8674060?page=24&pos=11,
https://www.zenga.hu/ingatlan/kiado-teglalakas-budapest-xiii-kerulet-vizafogo/8691483?page=24&pos=12,
https://www.zenga.hu/ingatlan/kiado-teglalakas-budapest-xii-kerulet-nemetvolgy/8630103?page=24&pos=13,
https://www.zenga.hu/ingatlan/kiado-teglalakas-budapest-i-kerulet/8574482?page=24&pos=14,
https://www.zenga.hu/ingatlan/kiado-teglalakas-budapest-xiii-kerulet/8171528?page=24&pos=15,
https://www.zenga.hu/ingatlan/kiado-teglalakas-budapest-xxi-kerulet-csillagtelep/8691758?page=24&pos=16,
https://www.zenga.hu/ingatlan/kiado-teglalakas-budapest-i-kerulet-naphegy/8341517?page=24&pos=17,
https://www.zenga.hu/ingatlan/kiado-teglalakas-budapest-xii-kerulet-kissvabhegy/8509968?page=24&pos=18,
https://www.zenga.hu/ingatlan/kiado-teglalakas-budapest-vi-kerulet/8056927?page=24&pos=19,
https://www.zenga.hu/ingatlan/kiado-teglalakas-budapest-vi-kerulet/8636247?page=24&pos=20,
https://www.zenga.hu/ingatlan/kiado-teglalakas-budapest-i-kerulet/8670985?page=25&pos=1,
https://www.zenga.hu/ingatlan/kiado-teglalakas-budapest-xiii-kerulet/8662891?page=25&pos=2,
https://www.zenga.hu/ingatlan/kiado-teglalakas-budapest-xiii-kerulet/8681214?page=25&pos=3,
https://www.zenga.hu/ingatlan/kiado-teglalakas-budapest-xii-kerulet/8598992?page=25&pos=4,
https://www.zenga.hu/ingatlan/kiado-teglalakas-budapest-vi-kerulet/7886777?page=25&pos=5,
https://www.zenga.hu/ingatlan/kiado-teglalakas-budapest-xii-kerulet/8692131?page=25&pos=6,
https://www.zenga.hu/ingatlan/kiado-egyeb-lakas-budapest-iii-kerulet/8679392?page=25&pos=7,
https://www.zenga.hu/ingatlan/kiado-teglalakas-budapest-xii-kerulet/8690951?page=25&pos=8,
https://www.zenga.hu/ingatlan/kiado-teglalakas-budapest-vi-kerulet-nagykoruton-beluli-terulet/8014667?page=25&pos=9,
https://www.zenga.hu/ingatlan/kiado-teglalakas-budapest-vi-kerulet/8056774?page=25&pos=10,
https://www.zenga.hu/ingatlan/kiado-teglalakas-budapest-xiii-kerulet/8690799?page=25&pos=11,
https://www.zenga.hu/ingatlan/kiado-teglalakas-budapest-xii-kerulet-kutvolgy/8561940?page=25&pos=12,
https://www.zenga.hu/ingatlan/kiado-teglalakas-budapest-vii-kerulet/8647607?page=25&pos=13,
https://www.zenga.hu/ingatlan/kiado-teglalakas-budapest-vi-kerulet/8180559?page=25&pos=14,
https://www.zenga.hu/ingatlan/kiado-teglalakas-budapest-x-kerulet-kobanya/8690196?page=25&pos=15,
https://www.zenga.hu/ingatlan/kiado-egyeb-lakas-budapest-viii-kerulet/8678359?page=25&pos=16,
https://www.zenga.hu/ingatlan/kiado-teglalakas-budapest-ii-kerulet/8681350?page=25&pos=17,
https://www.zenga.hu/ingatlan/kiado-teglalakas-budapest-ix-kerulet/8692126?page=25&pos=18,
https://www.zenga.hu/ingatlan/kiado-panellakas-budapest-xvii-kerulet-rakoskeresztur/8673594?page=25&pos=19,
https://www.zenga.hu/ingatlan/kiado-teglalakas-budapest-v-kerulet/8589452?page=25&pos=20,
https://www.zenga.hu/ingatlan/kiado-teglalakas-budapest-xii-kerulet-kutvolgy/7365912?page=26&pos=1,
https://www.zenga.hu/ingatlan/kiado-teglalakas-budapest-v-kerulet-belvaros/8395154?page=26&pos=2,
https://www.zenga.hu/ingatlan/kiado-teglalakas-budapest-i-kerulet/8607921?page=26&pos=3,
https://www.zenga.hu/ingatlan/kiado-teglalakas-budapest-vii-kerulet/8269766?page=26&pos=4,
https://www.zenga.hu/ingatlan/kiado-teglalakas-budapest-vi-kerulet/8058527?page=26&pos=5,
https://www.zenga.hu/ingatlan/kiado-teglalakas-budapest-ii-kerulet-orszagut/8552380?page=26&pos=6,
https://www.zenga.hu/ingatlan/kiado-teglalakas-budapest-xii-kerulet/8691507?page=26&pos=7,
https://www.zenga.hu/ingatlan/kiado-teglalakas-budapest-v-kerulet/8434836?page=26&pos=8,
https://www.zenga.hu/ingatlan/kiado-teglalakas-budapest-xi-kerulet-kelenfold/8680564?page=26&pos=9,
https://www.zenga.hu/ingatlan/kiado-teglalakas-budapest-ii-kerulet-torokvesz/8342874?page=26&pos=10,
https://www.zenga.hu/ingatlan/kiado-teglalakas-budapest-v-kerulet-belvaros/8565692?page=26&pos=11,
https://www.zenga.hu/ingatlan/kiado-teglalakas-budapest-ix-kerulet/8617460?page=26&pos=12,
https://www.zenga.hu/ingatlan/kiado-teglalakas-budapest-xi-kerulet/8682596?page=26&pos=13,
https://www.zenga.hu/ingatlan/kiado-teglalakas-budapest-ix-kerulet/8688307?page=26&pos=14,
https://www.zenga.hu/ingatlan/kiado-teglalakas-budapest-vi-kerulet/8644871?page=26&pos=15,
https://www.zenga.hu/ingatlan/kiado-teglalakas-budapest-xi-kerulet/8675780?page=26&pos=16,
https://www.zenga.hu/ingatlan/kiado-teglalakas-budapest-xiv-kerulet-nagyzuglo/8691867?page=26&pos=17,
https://www.zenga.hu/ingatlan/kiado-teglalakas-budapest-ii-kerulet-pasaret/7958432?page=26&pos=18,
https://www.zenga.hu/ingatlan/kiado-teglalakas-budapest-xiii-kerulet/8254182?page=26&pos=19,
https://www.zenga.hu/ingatlan/kiado-teglalakas-budapest-v-kerulet-bank-negyed/7690758?page=26&pos=20,
https://www.zenga.hu/ingatlan/kiado-teglalakas-budapest-viii-kerulet/8608338?page=27&pos=1,
https://www.zenga.hu/ingatlan/kiado-teglalakas-budapest-v-kerulet-belvaros/8573004?page=27&pos=2,
https://www.zenga.hu/ingatlan/kiado-teglalakas-budapest-v-kerulet/8688678?page=27&pos=3,
https://www.zenga.hu/ingatlan/kiado-teglalakas-budapest-xiii-kerulet/8691608?page=27&pos=4,
https://www.zenga.hu/ingatlan/kiado-teglalakas-budapest-vi-kerulet/8692135?page=27&pos=5,
https://www.zenga.hu/ingatlan/kiado-teglalakas-budapest-xii-kerulet-orbanhegy/7681396?page=27&pos=6,
https://www.zenga.hu/ingatlan/kiado-teglalakas-budapest-xii-kerulet/8302806?page=27&pos=7,
https://www.zenga.hu/ingatlan/kiado-teglalakas-budapest-xiii-kerulet/8658842?page=27&pos=8,
https://www.zenga.hu/ingatlan/kiado-teglalakas-budapest-vi-kerulet/7886774?page=27&pos=9,
https://www.zenga.hu/ingatlan/kiado-teglalakas-budapest-xv-kerulet-rakospalota/8691891?page=27&pos=10,
https://www.zenga.hu/ingatlan/kiado-teglalakas-budapest-xii-kerulet-krisztinavaros-xii-ker/8638045?page=27&pos=11,
https://www.zenga.hu/ingatlan/kiado-teglalakas-budapest-ii-kerulet-palvolgy/8488279?page=27&pos=12,
https://www.zenga.hu/ingatlan/kiado-teglalakas-budapest-xiii-kerulet/8690791?page=27&pos=13,
https://www.zenga.hu/ingatlan/kiado-teglalakas-budapest-ix-kerulet-kozepso-ferencvaros/8691916?page=27&pos=14,
https://www.zenga.hu/ingatlan/kiado-teglalakas-budapest-xiv-kerulet-istvanmezo/8691389?page=27&pos=15,
https://www.zenga.hu/ingatlan/kiado-teglalakas-budapest-xiv-kerulet/8682783?page=27&pos=16,
https://www.zenga.hu/ingatlan/kiado-teglalakas-budapest-vi-kerulet/7886775?page=27&pos=17,
https://www.zenga.hu/ingatlan/kiado-teglalakas-budapest-xi-kerulet-sasad-sashegy-xi-ker/8605057?page=27&pos=18,
https://www.zenga.hu/ingatlan/kiado-teglalakas-budapest-vi-kerulet/8654480?page=27&pos=19,
https://www.zenga.hu/ingatlan/kiado-teglalakas-budapest-ii-kerulet/8681224?page=27&pos=20,
https://www.zenga.hu/ingatlan/kiado-teglalakas-budapest-ii-kerulet/7913900?page=28&pos=1,
https://www.zenga.hu/ingatlan/kiado-teglalakas-budapest-xvi-kerulet-cinkota/8692124?page=28&pos=2,
https://www.zenga.hu/ingatlan/kiado-teglalakas-budapest-i-kerulet/8644111?page=28&pos=3,
https://www.zenga.hu/ingatlan/kiado-teglalakas-budapest-ix-kerulet/8692128?page=28&pos=4,
https://www.zenga.hu/ingatlan/kiado-teglalakas-budapest-vii-kerulet/8690295?page=28&pos=5,
https://www.zenga.hu/ingatlan/kiado-teglalakas-budapest-viii-kerulet/8320480?page=28&pos=6,
https://www.zenga.hu/ingatlan/kiado-teglalakas-budapest-xii-kerulet/8684070?page=28&pos=7,
https://www.zenga.hu/ingatlan/kiado-teglalakas-budapest-ii-kerulet-torokvesz/8561942?page=28&pos=8,
https://www.zenga.hu/ingatlan/kiado-teglalakas-budapest-i-kerulet/8274838?page=28&pos=9,
https://www.zenga.hu/ingatlan/kiado-teglalakas-budapest-xii-kerulet/8680763?page=28&pos=10,
https://www.zenga.hu/ingatlan/kiado-teglalakas-budapest-v-kerulet/8311273?page=28&pos=11,
https://www.zenga.hu/ingatlan/kiado-egyeb-lakas-budapest-x-kerulet/8646922?page=28&pos=12,
https://www.zenga.hu/ingatlan/kiado-teglalakas-budapest-vii-kerulet/8692123?page=28&pos=13,
https://www.zenga.hu/ingatlan/kiado-teglalakas-budapest-vi-kerulet/8594607?page=28&pos=14,
https://www.zenga.hu/ingatlan/kiado-teglalakas-budapest-xi-kerulet-nadorkert/8682479?page=28&pos=15,
https://www.zenga.hu/ingatlan/kiado-teglalakas-budapest-vi-kerulet/8578914?page=28&pos=16,
https://www.zenga.hu/ingatlan/kiado-teglalakas-budapest-v-kerulet-belvaros/7327575?page=28&pos=17,
https://www.zenga.hu/ingatlan/kiado-teglalakas-budapest-v-kerulet/7812763?page=28&pos=18,
https://www.zenga.hu/ingatlan/kiado-teglalakas-budapest-xvi-kerulet-arpadfold/8682756?page=28&pos=19,
https://www.zenga.hu/ingatlan/kiado-teglalakas-budapest-v-kerulet/8593685?page=28&pos=20,
https://www.zenga.hu/ingatlan/kiado-teglalakas-budapest-vi-kerulet/8631958?page=29&pos=1,
https://www.zenga.hu/ingatlan/kiado-teglalakas-budapest-ii-kerulet/8274402?page=29&pos=2,
https://www.zenga.hu/ingatlan/kiado-teglalakas-budapest-v-kerulet-belvaros/7327576?page=29&pos=3,
https://www.zenga.hu/ingatlan/kiado-teglalakas-budapest-xii-kerulet-zugliget/8689706?page=29&pos=4,
https://www.zenga.hu/ingatlan/kiado-teglalakas-budapest-vii-kerulet/8689765?page=29&pos=5,
https://www.zenga.hu/ingatlan/kiado-teglalakas-budapest-xii-kerulet-svabhegy/8690381?page=29&pos=6,
https://www.zenga.hu/ingatlan/kiado-teglalakas-budapest-ii-kerulet/8677409?page=29&pos=7,
https://www.zenga.hu/ingatlan/kiado-panellakas-budapest-xiv-kerulet-rakosfalva/8634643?page=29&pos=8,
https://www.zenga.hu/ingatlan/kiado-tarsashazi-lakas-budapest-i-kerulet/8625745?page=29&pos=9,
https://www.zenga.hu/ingatlan/kiado-teglalakas-budapest-vi-kerulet/8590201?page=29&pos=10,
https://www.zenga.hu/ingatlan/kiado-teglalakas-budapest-ii-kerulet-orszagut/6713306?page=29&pos=11,
https://www.zenga.hu/ingatlan/kiado-teglalakas-budapest-xi-kerulet/8392388?page=29&pos=12,
https://www.zenga.hu/ingatlan/kiado-teglalakas-budapest-ii-kerulet/7258340?page=29&pos=13,
https://www.zenga.hu/ingatlan/kiado-teglalakas-budapest-iii-kerulet-uromhegy/8466782?page=29&pos=14,
https://www.zenga.hu/ingatlan/kiado-teglalakas-budapest-vi-kerulet/8688216?page=29&pos=15,
https://www.zenga.hu/ingatlan/kiado-teglalakas-budapest-vii-kerulet/8033811?page=29&pos=16,
https://www.zenga.hu/ingatlan/kiado-tarsashazi-lakas-budapest-vi-kerulet/8449322?page=29&pos=17,
https://www.zenga.hu/ingatlan/kiado-teglalakas-budapest-vi-kerulet/8670730?page=29&pos=18,
https://www.zenga.hu/ingatlan/kiado-teglalakas-budapest-xii-kerulet/7131392?page=29&pos=19,
https://www.zenga.hu/ingatlan/kiado-teglalakas-budapest-v-kerulet-belvaros/6747152?page=29&pos=20,
https://www.zenga.hu/ingatlan/kiado-teglalakas-budapest-ix-kerulet/8673263?page=30&pos=1,
https://www.zenga.hu/ingatlan/kiado-egyeb-lakas-budapest-xiii-kerulet/8274372?page=30&pos=2,
https://www.zenga.hu/ingatlan/kiado-teglalakas-budapest-xiii-kerulet/8689753?page=30&pos=3,
https://www.zenga.hu/ingatlan/kiado-teglalakas-budapest-vii-kerulet-nagykoruton-beluli-terulet/8661828?page=30&pos=4,
https://www.zenga.hu/ingatlan/kiado-teglalakas-budapest-ix-kerulet/8614874?page=30&pos=5,
https://www.zenga.hu/ingatlan/kiado-teglalakas-budapest-ii-kerulet/8689543?page=30&pos=6,
https://www.zenga.hu/ingatlan/kiado-tarsashazi-lakas-budapest-vi-kerulet/8450640?page=30&pos=7,
https://www.zenga.hu/ingatlan/kiado-teglalakas-budapest-v-kerulet/8677970?page=30&pos=8,
https://www.zenga.hu/ingatlan/kiado-teglalakas-budapest-ix-kerulet-belso-ferencvaros/8682148?page=30&pos=9,
https://www.zenga.hu/ingatlan/kiado-teglalakas-budapest-vi-kerulet/7967989?page=30&pos=10,
https://www.zenga.hu/ingatlan/kiado-teglalakas-budapest-v-kerulet-belvaros/8394227?page=30&pos=11,
https://www.zenga.hu/ingatlan/kiado-teglalakas-budapest-v-kerulet-belvaros/8655704?page=30&pos=12,
https://www.zenga.hu/ingatlan/kiado-teglalakas-budapest-i-kerulet/8212626?page=30&pos=13,
https://www.zenga.hu/ingatlan/kiado-teglalakas-budapest-xiv-kerulet-kiszuglo/8288120?page=30&pos=14,
https://www.zenga.hu/ingatlan/kiado-teglalakas-budapest-vi-kerulet/8448958?page=30&pos=15,
https://www.zenga.hu/ingatlan/kiado-teglalakas-budapest-i-kerulet-krisztinavaros-i-ker/8611437?page=30&pos=16,
https://www.zenga.hu/ingatlan/kiado-tarsashazi-lakas-budapest-xiii-kerulet-ujlipotvaros/7688785?page=30&pos=17,
https://www.zenga.hu/ingatlan/kiado-teglalakas-budapest-xi-kerulet/8689544?page=30&pos=18,
https://www.zenga.hu/ingatlan/kiado-tarsashazi-lakas-budapest-xiii-kerulet/8592369?page=30&pos=19,
https://www.zenga.hu/ingatlan/kiado-teglalakas-budapest-xiii-kerulet/8628041?page=30&pos=20,
https://www.zenga.hu/ingatlan/kiado-teglalakas-budapest-ii-kerulet/8394473?page=31&pos=1,
https://www.zenga.hu/ingatlan/kiado-teglalakas-budapest-vii-kerulet/8653081?page=31&pos=2,
https://www.zenga.hu/ingatlan/kiado-teglalakas-budapest-x-kerulet/8674064?page=31&pos=3,
https://www.zenga.hu/ingatlan/kiado-panellakas-budapest-xiii-kerulet-ujlipotvaros/8689553?page=31&pos=4,
https://www.zenga.hu/ingatlan/kiado-teglalakas-budapest-vi-kerulet/7943283?page=31&pos=5,
https://www.zenga.hu/ingatlan/kiado-teglalakas-budapest-i-kerulet/8690216?page=31&pos=6,
https://www.zenga.hu/ingatlan/kiado-teglalakas-budapest-viii-kerulet-palotanegyed/8684769?page=31&pos=7,
https://www.zenga.hu/ingatlan/kiado-teglalakas-budapest-ix-kerulet/8662531?page=31&pos=8,
https://www.zenga.hu/ingatlan/kiado-teglalakas-budapest-vi-kerulet/8683549?page=31&pos=9,
https://www.zenga.hu/ingatlan/kiado-teglalakas-budapest-viii-kerulet/8550689?page=31&pos=10,
https://www.zenga.hu/ingatlan/kiado-teglalakas-budapest-vii-kerulet/8670729?page=31&pos=11,
https://www.zenga.hu/ingatlan/kiado-teglalakas-budapest-xiii-kerulet/8663470?page=31&pos=12,
https://www.zenga.hu/ingatlan/kiado-teglalakas-budapest-xiii-kerulet-ujlipotvaros/8579405?page=31&pos=13,
https://www.zenga.hu/ingatlan/kiado-teglalakas-budapest-xviii-kerulet/8665629?page=31&pos=14,
https://www.zenga.hu/ingatlan/kiado-teglalakas-budapest-vi-kerulet/8678128?page=31&pos=15,
https://www.zenga.hu/ingatlan/kiado-teglalakas-budapest-ii-kerulet-szepilona/8100066?page=31&pos=16,
https://www.zenga.hu/ingatlan/kiado-teglalakas-budapest-x-kerulet/8679242?page=31&pos=17,
https://www.zenga.hu/ingatlan/kiado-teglalakas-budapest-ii-kerulet/8661354?page=31&pos=18,
https://www.zenga.hu/ingatlan/kiado-teglalakas-budapest-ix-kerulet/8372050?page=31&pos=19,
https://www.zenga.hu/ingatlan/kiado-teglalakas-budapest-xiii-kerulet/8690378?page=31&pos=20,
https://www.zenga.hu/ingatlan/kiado-teglalakas-budapest-i-kerulet/8319180?page=32&pos=1,
https://www.zenga.hu/ingatlan/kiado-teglalakas-budapest-viii-kerulet/8675594?page=32&pos=2,
https://www.zenga.hu/ingatlan/kiado-teglalakas-budapest-xxii-kerulet-budafok/8674411?page=32&pos=3,
https://www.zenga.hu/ingatlan/kiado-teglalakas-budapest-i-kerulet/8594181?page=32&pos=4,
https://www.zenga.hu/ingatlan/kiado-teglalakas-budapest-vi-kerulet/6540758?page=32&pos=5,
https://www.zenga.hu/ingatlan/kiado-teglalakas-budapest-ii-kerulet-huvosvolgy/8690386?page=32&pos=6,
https://www.zenga.hu/ingatlan/kiado-panellakas-budapest-xv-kerulet-ujpalota/8690441?page=32&pos=7,
https://www.zenga.hu/ingatlan/kiado-teglalakas-budapest-xii-kerulet/8663469?page=32&pos=8,
https://www.zenga.hu/ingatlan/kiado-teglalakas-budapest-xiv-kerulet/8583058?page=32&pos=9,
https://www.zenga.hu/ingatlan/kiado-teglalakas-budapest-v-kerulet/8688754?page=32&pos=10,
https://www.zenga.hu/ingatlan/kiado-teglalakas-budapest-v-kerulet-belvaros/7091381?page=32&pos=11,
https://www.zenga.hu/ingatlan/kiado-teglalakas-budapest-ii-kerulet-kurucles/8602075?page=32&pos=12,
https://www.zenga.hu/ingatlan/kiado-panellakas-budapest-x-kerulet-ohegy/8543886?page=32&pos=13,
https://www.zenga.hu/ingatlan/kiado-teglalakas-budapest-v-kerulet/8590202?page=32&pos=14,
https://www.zenga.hu/ingatlan/kiado-teglalakas-budapest-ix-kerulet/8668674?page=32&pos=15,
https://www.zenga.hu/ingatlan/kiado-teglalakas-budapest-xiii-kerulet/8356910?page=32&pos=16,
https://www.zenga.hu/ingatlan/kiado-teglalakas-budapest-ix-kerulet/8662562?page=32&pos=17,
https://www.zenga.hu/ingatlan/kiado-teglalakas-budapest-vii-kerulet/8027899?page=32&pos=18,
https://www.zenga.hu/ingatlan/kiado-egyeb-lakas-budapest-ix-kerulet/8274416?page=32&pos=19,
https://www.zenga.hu/ingatlan/kiado-teglalakas-budapest-ii-kerulet/8658126?page=32&pos=20,
https://www.zenga.hu/ingatlan/kiado-teglalakas-budapest-xiii-kerulet/8408511?page=33&pos=1,
https://www.zenga.hu/ingatlan/kiado-teglalakas-budapest-viii-kerulet/8635773?page=33&pos=2,
https://www.zenga.hu/ingatlan/kiado-teglalakas-budapest-v-kerulet/8390625?page=33&pos=3,
https://www.zenga.hu/ingatlan/kiado-teglalakas-budapest-ix-kerulet-rehabilitacios-terulet-ix-/8689257?page=33&pos=4,
https://www.zenga.hu/ingatlan/kiado-teglalakas-budapest-xvi-kerulet/8690375?page=33&pos=5,
https://www.zenga.hu/ingatlan/kiado-teglalakas-budapest-vi-kerulet/8658894?page=33&pos=6,
https://www.zenga.hu/ingatlan/kiado-teglalakas-budapest-vi-kerulet/8690133?page=33&pos=7,
https://www.zenga.hu/ingatlan/kiado-teglalakas-budapest-vi-kerulet/8259678?page=33&pos=8,
https://www.zenga.hu/ingatlan/kiado-teglalakas-budapest-xiii-kerulet-angyalfold/8670073?page=33&pos=9,
https://www.zenga.hu/ingatlan/kiado-teglalakas-budapest-xiii-kerulet/8689754?page=33&pos=10,
https://www.zenga.hu/ingatlan/kiado-teglalakas-budapest-xiii-kerulet-angyalfold/8688380?page=33&pos=11,
https://www.zenga.hu/ingatlan/kiado-teglalakas-budapest-xiii-kerulet-vizafogo/8690234?page=33&pos=12,
https://www.zenga.hu/ingatlan/kiado-teglalakas-budapest-v-kerulet/8441216?page=33&pos=13,
https://www.zenga.hu/ingatlan/kiado-teglalakas-budapest-ix-kerulet-belso-ferencvaros/8584359?page=33&pos=14,
https://www.zenga.hu/ingatlan/kiado-teglalakas-budapest-xii-kerulet-svabhegy/8618314?page=33&pos=15,
https://www.zenga.hu/ingatlan/kiado-teglalakas-budapest-xii-kerulet-kissvabhegy/8637120?page=33&pos=16,
https://www.zenga.hu/ingatlan/kiado-teglalakas-budapest-xii-kerulet-janoshegy/8407433?page=33&pos=17,
https://www.zenga.hu/ingatlan/kiado-teglalakas-budapest-viii-kerulet/8654301?page=33&pos=18,
https://www.zenga.hu/ingatlan/kiado-panellakas-budapest-xx-kerulet-pacsirtatelep/8690383?page=33&pos=19,
https://www.zenga.hu/ingatlan/kiado-egyeb-lakas-budapest-xi-kerulet-sashegy-xi-ker/8689310?page=33&pos=20,
https://www.zenga.hu/ingatlan/kiado-teglalakas-budapest-vi-kerulet/7948037?page=34&pos=1,
https://www.zenga.hu/ingatlan/kiado-teglalakas-budapest-v-kerulet/7939143?page=34&pos=2,
https://www.zenga.hu/ingatlan/kiado-teglalakas-budapest-viii-kerulet-jozsefvaros/8626284?page=34&pos=3,
https://www.zenga.hu/ingatlan/kiado-teglalakas-budapest-vii-kerulet/8690397?page=34&pos=4,
https://www.zenga.hu/ingatlan/kiado-teglalakas-budapest-ix-kerulet/8689545?page=34&pos=5,
https://www.zenga.hu/ingatlan/kiado-teglalakas-budapest-v-kerulet-lipotvaros/7345388?page=34&pos=6,
https://www.zenga.hu/ingatlan/kiado-teglalakas-budapest-xiii-kerulet/8689664?page=34&pos=7,
https://www.zenga.hu/ingatlan/kiado-teglalakas-budapest-vi-kerulet/8628040?page=34&pos=8,
https://www.zenga.hu/ingatlan/kiado-teglalakas-budapest-xii-kerulet-istenhegy/8572390?page=34&pos=9,
https://www.zenga.hu/ingatlan/kiado-teglalakas-budapest-ix-kerulet/8676959?page=34&pos=10,
https://www.zenga.hu/ingatlan/kiado-teglalakas-budapest-viii-kerulet-palotanegyed/8614160?page=34&pos=11,
https://www.zenga.hu/ingatlan/kiado-teglalakas-budapest-v-kerulet/7943284?page=34&pos=12,
https://www.zenga.hu/ingatlan/kiado-teglalakas-budapest-ii-kerulet-torokvesz/8589740?page=34&pos=13,
https://www.zenga.hu/ingatlan/kiado-teglalakas-budapest-v-kerulet/8668481?page=34&pos=14,
https://www.zenga.hu/ingatlan/kiado-teglalakas-budapest-v-kerulet-belvaros/8528187?page=34&pos=15,
https://www.zenga.hu/ingatlan/kiado-teglalakas-budapest-v-kerulet/7948039?page=34&pos=16,
https://www.zenga.hu/ingatlan/kiado-teglalakas-budapest-xiv-kerulet/8673640?page=34&pos=17,
https://www.zenga.hu/ingatlan/kiado-teglalakas-budapest-v-kerulet-lipotvaros/8683901?page=34&pos=18,
https://www.zenga.hu/ingatlan/kiado-teglalakas-budapest-xiii-kerulet-vizafogo/8689752?page=34&pos=19,
https://www.zenga.hu/ingatlan/kiado-teglalakas-budapest-v-kerulet/7941315?page=34&pos=20,
https://www.zenga.hu/ingatlan/kiado-teglalakas-budapest-v-kerulet-belvaros/8428473?page=35&pos=1,
https://www.zenga.hu/ingatlan/kiado-teglalakas-budapest-xxi-kerulet/8690254?page=35&pos=2,
https://www.zenga.hu/ingatlan/kiado-teglalakas-budapest-v-kerulet/7941316?page=35&pos=3,
https://www.zenga.hu/ingatlan/kiado-teglalakas-budapest-v-kerulet-belvaros/8501077?page=35&pos=4,
https://www.zenga.hu/ingatlan/kiado-teglalakas-budapest-iii-kerulet-romaifurdo/8587295?page=35&pos=5,
https://www.zenga.hu/ingatlan/kiado-teglalakas-budapest-viii-kerulet/8688136?page=35&pos=6,
https://www.zenga.hu/ingatlan/kiado-teglalakas-budapest-v-kerulet/7948038?page=35&pos=7,
https://www.zenga.hu/ingatlan/kiado-teglalakas-budapest-x-kerulet-ohegy/8678170?page=35&pos=8,
https://www.zenga.hu/ingatlan/kiado-teglalakas-budapest-ii-kerulet/8259677?page=35&pos=9,
https://www.zenga.hu/ingatlan/kiado-teglalakas-budapest-vi-kerulet/8591938?page=35&pos=10,
https://www.zenga.hu/ingatlan/kiado-teglalakas-budapest-ix-kerulet/8552429?page=35&pos=11,
https://www.zenga.hu/ingatlan/kiado-teglalakas-budapest-viii-kerulet/8690382?page=35&pos=12,
https://www.zenga.hu/ingatlan/kiado-tarsashazi-lakas-budapest-vi-kerulet/8436668?page=35&pos=13,
https://www.zenga.hu/ingatlan/kiado-teglalakas-budapest-xiv-kerulet-zuglo/8650141?page=35&pos=14,
https://www.zenga.hu/ingatlan/kiado-teglalakas-budapest-viii-kerulet/8678165?page=35&pos=15,
https://www.zenga.hu/ingatlan/kiado-teglalakas-budapest-viii-kerulet/8433182?page=35&pos=16,
https://www.zenga.hu/ingatlan/kiado-teglalakas-budapest-iii-kerulet/8628042?page=35&pos=17,
https://www.zenga.hu/ingatlan/kiado-teglalakas-budapest-vii-kerulet/7239032?page=35&pos=18,
https://www.zenga.hu/ingatlan/kiado-teglalakas-budapest-viii-kerulet/8399649?page=35&pos=19,
https://www.zenga.hu/ingatlan/kiado-teglalakas-budapest-viii-kerulet/8583400?page=35&pos=20,
https://www.zenga.hu/ingatlan/kiado-egyeb-lakas-budapest-vi-kerulet/8679512?page=36&pos=1,
https://www.zenga.hu/ingatlan/kiado-teglalakas-budapest-v-kerulet-del-belvaros/8352165?page=36&pos=2,
https://www.zenga.hu/ingatlan/kiado-teglalakas-budapest-vii-kerulet-nagykoruton-beluli-terulet/8690385?page=36&pos=3,
https://www.zenga.hu/ingatlan/kiado-teglalakas-budapest-xiii-kerulet/8545191?page=36&pos=4,
https://www.zenga.hu/ingatlan/kiado-teglalakas-budapest-i-kerulet/8402819?page=36&pos=5,
https://www.zenga.hu/ingatlan/kiado-teglalakas-budapest-v-kerulet/8439623?page=36&pos=6,
https://www.zenga.hu/ingatlan/kiado-teglalakas-budapest-vi-kerulet/8625196?page=36&pos=7,
https://www.zenga.hu/ingatlan/kiado-teglalakas-budapest-v-kerulet-belvaros/8584868?page=36&pos=8,
https://www.zenga.hu/ingatlan/kiado-teglalakas-budapest-vii-kerulet/8655816?page=36&pos=9,
https://www.zenga.hu/ingatlan/kiado-teglalakas-budapest-vi-kerulet/8622034?page=36&pos=10,
https://www.zenga.hu/ingatlan/kiado-teglalakas-budapest-iii-kerulet-matyashegy/8617894?page=36&pos=11,
https://www.zenga.hu/ingatlan/kiado-teglalakas-budapest-xvi-kerulet-matyasfold/8689983?page=36&pos=12,
https://www.zenga.hu/ingatlan/kiado-teglalakas-budapest-v-kerulet-lipotvaros/8688868?page=36&pos=13,
https://www.zenga.hu/ingatlan/kiado-teglalakas-budapest-xii-kerulet-viranyos/8690014?page=36&pos=14,
https://www.zenga.hu/ingatlan/kiado-teglalakas-budapest-xi-kerulet-kelenfold/8689601?page=36&pos=15,
https://www.zenga.hu/ingatlan/kiado-teglalakas-budapest-xii-kerulet-svabhegy/8663460?page=36&pos=16,
https://www.zenga.hu/ingatlan/kiado-teglalakas-budapest-ii-kerulet/8647555?page=36&pos=17,
https://www.zenga.hu/ingatlan/kiado-teglalakas-budapest-ii-kerulet/8677339?page=36&pos=18,
https://www.zenga.hu/ingatlan/kiado-teglalakas-budapest-vi-kerulet/7073775?page=36&pos=19,
https://www.zenga.hu/ingatlan/kiado-teglalakas-budapest-xi-kerulet-kelenfold/8689309?page=36&pos=20,
https://www.zenga.hu/ingatlan/kiado-teglalakas-budapest-xi-kerulet/8690399?page=37&pos=1,
https://www.zenga.hu/ingatlan/kiado-teglalakas-budapest-viii-kerulet/8677310?page=37&pos=2,
https://www.zenga.hu/ingatlan/kiado-teglalakas-budapest-viii-kerulet/8433182?page=37&pos=3,
https://www.zenga.hu/ingatlan/kiado-teglalakas-budapest-vii-kerulet/8557760?page=37&pos=4,
https://www.zenga.hu/ingatlan/kiado-teglalakas-budapest-xiv-kerulet-varosliget/8627361?page=37&pos=5,
https://www.zenga.hu/ingatlan/kiado-panellakas-budapest-viii-kerulet-corvin-negyed/8661170?page=37&pos=6,
https://www.zenga.hu/ingatlan/kiado-teglalakas-budapest-xi-kerulet-nadorkert/8292769?page=37&pos=7,
https://www.zenga.hu/ingatlan/kiado-teglalakas-budapest-v-kerulet-lipotvaros/8684664?page=37&pos=8,
https://www.zenga.hu/ingatlan/kiado-teglalakas-budapest-xiii-kerulet-angyalfold/8690407?page=37&pos=9,
https://www.zenga.hu/ingatlan/kiado-egyeb-lakas-budapest-vi-kerulet/8662316?page=37&pos=10,
https://www.zenga.hu/ingatlan/kiado-teglalakas-budapest-ii-kerulet/6296903?page=37&pos=11,
https://www.zenga.hu/ingatlan/kiado-teglalakas-budapest-vii-kerulet/8132928?page=37&pos=12,
https://www.zenga.hu/ingatlan/kiado-teglalakas-budapest-v-kerulet-belvaros/8517206?page=37&pos=13,
https://www.zenga.hu/ingatlan/kiado-teglalakas-budapest-xiii-kerulet-vizafogo/8683860?page=37&pos=14,
https://www.zenga.hu/ingatlan/kiado-teglalakas-budapest-v-kerulet-belvaros/8064140?page=37&pos=15,
https://www.zenga.hu/ingatlan/kiado-teglalakas-budapest-ix-kerulet/8301099?page=37&pos=16,
https://www.zenga.hu/ingatlan/kiado-teglalakas-budapest-viii-kerulet/8678129?page=37&pos=17,
https://www.zenga.hu/ingatlan/kiado-teglalakas-budapest-xi-kerulet/8690398?page=37&pos=18,
https://www.zenga.hu/ingatlan/kiado-teglalakas-budapest-xiii-kerulet-ujlipotvaros/8574278?page=37&pos=19,
https://www.zenga.hu/ingatlan/kiado-teglalakas-budapest-v-kerulet-belvaros/8064141?page=37&pos=20,
https://www.zenga.hu/ingatlan/kiado-teglalakas-budapest-v-kerulet-belvaros/8064141?page=38&pos=1,
https://www.zenga.hu/ingatlan/kiado-teglalakas-budapest-vi-kerulet/8688872?page=38&pos=2,
https://www.zenga.hu/ingatlan/kiado-teglalakas-budapest-xi-kerulet-nadorkert/8682493?page=38&pos=3,
https://www.zenga.hu/ingatlan/kiado-teglalakas-budapest-xi-kerulet-lagymanyos/8674295?page=38&pos=4,
https://www.zenga.hu/ingatlan/kiado-teglalakas-budapest-v-kerulet/7939696?page=38&pos=5,
https://www.zenga.hu/ingatlan/kiado-teglalakas-budapest-i-kerulet/8682736?page=38&pos=6,
https://www.zenga.hu/ingatlan/kiado-teglalakas-budapest-v-kerulet-lipotvaros/7054583?page=38&pos=7,
https://www.zenga.hu/ingatlan/kiado-teglalakas-budapest-ii-kerulet-orszagut/7976516?page=38&pos=8,
https://www.zenga.hu/ingatlan/kiado-teglalakas-budapest-iii-kerulet-aranyhegy/8472685?page=38&pos=9,
https://www.zenga.hu/ingatlan/kiado-teglalakas-budapest-viii-kerulet-corvin-negyed/8670420?page=38&pos=10,
https://www.zenga.hu/ingatlan/kiado-teglalakas-budapest-vii-kerulet/8379904?page=38&pos=11,
https://www.zenga.hu/ingatlan/kiado-tarsashazi-lakas-budapest-vi-kerulet/8436670?page=38&pos=12,
https://www.zenga.hu/ingatlan/kiado-teglalakas-budapest-xi-kerulet-sasad-sashegy-xi-ker/8634439?page=38&pos=13,
https://www.zenga.hu/ingatlan/kiado-teglalakas-budapest-xiii-kerulet/8648917?page=38&pos=14,
https://www.zenga.hu/ingatlan/kiado-panellakas-budapest-xviii-kerulet-lonyaytelep/8680787?page=38&pos=15,
https://www.zenga.hu/ingatlan/kiado-teglalakas-budapest-xiii-kerulet/8631956?page=38&pos=16,
https://www.zenga.hu/ingatlan/kiado-panellakas-budapest-xiv-kerulet/8689546?page=38&pos=17,
https://www.zenga.hu/ingatlan/kiado-teglalakas-budapest-ix-kerulet-belso-ferencvaros/8663445?page=38&pos=18,
https://www.zenga.hu/ingatlan/kiado-teglalakas-budapest-xiii-kerulet/8677340?page=38&pos=19,
https://www.zenga.hu/ingatlan/kiado-teglalakas-budapest-vi-kerulet/8306831?page=38&pos=20,
https://www.zenga.hu/ingatlan/kiado-teglalakas-budapest-ix-kerulet-rehabilitacios-terulet-ix-/7102413?page=39&pos=1,
https://www.zenga.hu/ingatlan/kiado-teglalakas-budapest-i-kerulet/8637142?page=39&pos=2,
https://www.zenga.hu/ingatlan/kiado-teglalakas-budapest-ii-kerulet/8687189?page=39&pos=3,
https://www.zenga.hu/ingatlan/kiado-teglalakas-budapest-vi-kerulet/7619487?page=39&pos=4,
https://www.zenga.hu/ingatlan/kiado-teglalakas-budapest-xi-kerulet-gellerthegy/8582063?page=39&pos=5,
https://www.zenga.hu/ingatlan/kiado-teglalakas-budapest-vii-kerulet/8675595?page=39&pos=6,
https://www.zenga.hu/ingatlan/kiado-teglalakas-budapest-vi-kerulet/8680989?page=39&pos=7,
https://www.zenga.hu/ingatlan/kiado-teglalakas-budapest-xxiii-kerulet-soroksar/8655709?page=39&pos=8,
https://www.zenga.hu/ingatlan/kiado-teglalakas-budapest-iii-kerulet-obuda/8651470?page=39&pos=9,
https://www.zenga.hu/ingatlan/kiado-teglalakas-budapest-vi-kerulet/8661305?page=39&pos=10,
https://www.zenga.hu/ingatlan/kiado-teglalakas-budapest-xi-kerulet-kelenfold/8689766?page=39&pos=11,
https://www.zenga.hu/ingatlan/kiado-teglalakas-budapest-vii-kerulet/6551465?page=39&pos=12,
https://www.zenga.hu/ingatlan/kiado-teglalakas-budapest-xiii-kerulet/8648966?page=39&pos=13,
https://www.zenga.hu/ingatlan/kiado-teglalakas-budapest-xiii-kerulet/8663468?page=39&pos=14,
https://www.zenga.hu/ingatlan/kiado-teglalakas-budapest-xi-kerulet-szentimrevaros/8690387?page=39&pos=15,
https://www.zenga.hu/ingatlan/kiado-teglalakas-budapest-i-kerulet-gellerthegy-i-ker/8504540?page=39&pos=16,
https://www.zenga.hu/ingatlan/kiado-teglalakas-budapest-vii-kerulet/8624244?page=39&pos=17,
https://www.zenga.hu/ingatlan/kiado-teglalakas-budapest-i-kerulet/8590198?page=39&pos=18,
https://www.zenga.hu/ingatlan/kiado-teglalakas-budapest-ii-kerulet-verhalom/8668461?page=39&pos=19,
https://www.zenga.hu/ingatlan/kiado-teglalakas-budapest-ii-kerulet/8667204?page=39&pos=20,
https://www.zenga.hu/ingatlan/kiado-tarsashazi-lakas-budapest-xiii-kerulet-vizafogo/8688480?page=40&pos=1,
https://www.zenga.hu/ingatlan/kiado-egyeb-lakas-budapest-viii-kerulet/8630412?page=40&pos=2,
https://www.zenga.hu/ingatlan/kiado-teglalakas-budapest-ii-kerulet-orszagut/8688746?page=40&pos=3,
https://www.zenga.hu/ingatlan/kiado-teglalakas-budapest-ix-kerulet/8686161?page=40&pos=4,
https://www.zenga.hu/ingatlan/kiado-teglalakas-budapest-v-kerulet/8686159?page=40&pos=5,
https://www.zenga.hu/ingatlan/kiado-teglalakas-budapest-vii-kerulet/8688743?page=40&pos=6,
https://www.zenga.hu/ingatlan/kiado-teglalakas-budapest-xiii-kerulet-ujlipotvaros/8674158?page=40&pos=7,
https://www.zenga.hu/ingatlan/kiado-teglalakas-budapest-xi-kerulet-sashegy/8688017?page=40&pos=8,
https://www.zenga.hu/ingatlan/kiado-teglalakas-budapest-xiii-kerulet/8688759?page=40&pos=9,
https://www.zenga.hu/ingatlan/kiado-teglalakas-budapest-vi-kerulet/8680515?page=40&pos=10,
https://www.zenga.hu/ingatlan/kiado-teglalakas-budapest-xxi-kerulet/8688749?page=40&pos=11,
https://www.zenga.hu/ingatlan/kiado-teglalakas-budapest-ii-kerulet-torokvesz/8525205?page=40&pos=12,
https://www.zenga.hu/ingatlan/kiado-teglalakas-budapest-xii-kerulet/8688305?page=40&pos=13,
https://www.zenga.hu/ingatlan/kiado-teglalakas-budapest-vi-kerulet/8688761?page=40&pos=14,
https://www.zenga.hu/ingatlan/kiado-teglalakas-budapest-ix-kerulet/8686665?page=40&pos=15,
https://www.zenga.hu/ingatlan/kiado-teglalakas-budapest-xii-kerulet/8624810?page=40&pos=16,
https://www.zenga.hu/ingatlan/kiado-panellakas-budapest-xviii-kerulet/8662748?page=40&pos=17,
https://www.zenga.hu/ingatlan/kiado-teglalakas-budapest-v-kerulet-lipotvaros/8627973?page=40&pos=18,
https://www.zenga.hu/ingatlan/kiado-teglalakas-budapest-v-kerulet/8657381?page=40&pos=19,
https://www.zenga.hu/ingatlan/kiado-csusztatott-zsalus-lakas-budapest-ix-kerulet-jozsef-attila-lakotelep/8688764?page=40&pos=20,
https://www.zenga.hu/ingatlan/kiado-teglalakas-budapest-v-kerulet-lipotvaros/7670602?page=41&pos=1,
https://www.zenga.hu/ingatlan/kiado-teglalakas-budapest-ii-kerulet-pasaret/8381579?page=41&pos=2,
https://www.zenga.hu/ingatlan/kiado-teglalakas-budapest-vii-kerulet/8515108?page=41&pos=3,
https://www.zenga.hu/ingatlan/kiado-teglalakas-budapest-xi-kerulet/8688752?page=41&pos=4,
https://www.zenga.hu/ingatlan/kiado-teglalakas-budapest-ix-kerulet/8639528?page=41&pos=5,
https://www.zenga.hu/ingatlan/kiado-teglalakas-budapest-vi-kerulet/8688738?page=41&pos=6,
https://www.zenga.hu/ingatlan/kiado-teglalakas-budapest-v-kerulet-belvaros/7703501?page=41&pos=7,
https://www.zenga.hu/ingatlan/kiado-tarsashazi-lakas-budapest-vii-kerulet-nagykoruton-kivuli-terulet/8644151?page=41&pos=8,
https://www.zenga.hu/ingatlan/kiado-teglalakas-budapest-vi-kerulet/8622215?page=41&pos=9,
https://www.zenga.hu/ingatlan/kiado-teglalakas-budapest-vi-kerulet/8580306?page=41&pos=10,
https://www.zenga.hu/ingatlan/kiado-teglalakas-budapest-xxii-kerulet-budafok/8665808?page=41&pos=11,
https://www.zenga.hu/ingatlan/kiado-teglalakas-budapest-xi-kerulet-kelenfold/8672363?page=41&pos=12,
https://www.zenga.hu/ingatlan/kiado-teglalakas-budapest-vii-kerulet/8667210?page=41&pos=13,
https://www.zenga.hu/ingatlan/kiado-teglalakas-budapest-xiv-kerulet/8685180?page=41&pos=14,
https://www.zenga.hu/ingatlan/kiado-teglalakas-budapest-xiii-kerulet-vizafogo/8643705?page=41&pos=15,
https://www.zenga.hu/ingatlan/kiado-teglalakas-budapest-ii-kerulet/8688681?page=41&pos=16,
https://www.zenga.hu/ingatlan/kiado-teglalakas-budapest-ii-kerulet-rozsadomb/8669487?page=41&pos=17,
https://www.zenga.hu/ingatlan/kiado-apartman-garzon-budapest-i-kerulet-vizivaros-i-ker/8688479?page=41&pos=18,
https://www.zenga.hu/ingatlan/kiado-teglalakas-budapest-xiii-kerulet/8630374?page=41&pos=19,
https://www.zenga.hu/ingatlan/kiado-teglalakas-budapest-x-kerulet/8639456?page=41&pos=20,
https://www.zenga.hu/ingatlan/kiado-teglalakas-budapest-ii-kerulet/8443533?page=42&pos=1,
https://www.zenga.hu/ingatlan/kiado-panellakas-budapest-xi-kerulet-kelenfold/8680516?page=42&pos=2,
https://www.zenga.hu/ingatlan/kiado-teglalakas-budapest-xxi-kerulet-csillagtelep/8688511?page=42&pos=3,
https://www.zenga.hu/ingatlan/kiado-teglalakas-budapest-v-kerulet-belvaros/8688457?page=42&pos=4,
https://www.zenga.hu/ingatlan/kiado-teglalakas-budapest-v-kerulet-belvaros/8688446?page=42&pos=5,
https://www.zenga.hu/ingatlan/kiado-teglalakas-budapest-vi-kerulet/8684086?page=42&pos=6,
https://www.zenga.hu/ingatlan/kiado-egyeb-lakas-budapest-ii-kerulet/8638239?page=42&pos=7,
https://www.zenga.hu/ingatlan/kiado-teglalakas-budapest-xiv-kerulet-alsorakos/8686118?page=42&pos=8,
https://www.zenga.hu/ingatlan/kiado-teglalakas-budapest-ix-kerulet/8662250?page=42&pos=9,
https://www.zenga.hu/ingatlan/kiado-teglalakas-budapest-vii-kerulet/8688000?page=42&pos=10,
https://www.zenga.hu/ingatlan/kiado-teglalakas-budapest-xi-kerulet-szentimrevaros/8645931?page=42&pos=11,
https://www.zenga.hu/ingatlan/kiado-teglalakas-budapest-xvi-kerulet-matyasfold/8624332?page=42&pos=12,
https://www.zenga.hu/ingatlan/kiado-teglalakas-budapest-xi-kerulet/8681217?page=42&pos=13,
https://www.zenga.hu/ingatlan/kiado-teglalakas-budapest-v-kerulet-lipotvaros/7437363?page=42&pos=14,
https://www.zenga.hu/ingatlan/kiado-teglalakas-budapest-xiv-kerulet/8688740?page=42&pos=15,
https://www.zenga.hu/ingatlan/kiado-teglalakas-budapest-v-kerulet/8621549?page=42&pos=16,
https://www.zenga.hu/ingatlan/kiado-teglalakas-budapest-vi-kerulet/8660414?page=42&pos=17,
https://www.zenga.hu/ingatlan/kiado-teglalakas-budapest-xii-kerulet/8687914?page=42&pos=18,
https://www.zenga.hu/ingatlan/kiado-teglalakas-budapest-vi-kerulet/8655896?page=42&pos=19,
https://www.zenga.hu/ingatlan/kiado-teglalakas-budapest-viii-kerulet-csarnoknegyed/8638317?page=42&pos=20,
https://www.zenga.hu/ingatlan/kiado-teglalakas-budapest-vi-kerulet-nagykoruton-beluli-terulet/8649107?page=43&pos=1,
https://www.zenga.hu/ingatlan/kiado-egyeb-lakas-budapest-ix-kerulet-belso-ferencvaros/8468732?page=43&pos=2,
https://www.zenga.hu/ingatlan/kiado-teglalakas-budapest-vii-kerulet/8688745?page=43&pos=3,
https://www.zenga.hu/ingatlan/kiado-teglalakas-budapest-xi-kerulet-kelenfold/8688006?page=43&pos=4,
https://www.zenga.hu/ingatlan/kiado-teglalakas-budapest-xiii-kerulet-ujlipotvaros/8641095?page=43&pos=5,
https://www.zenga.hu/ingatlan/kiado-teglalakas-budapest-v-kerulet/8676664?page=43&pos=6,
https://www.zenga.hu/ingatlan/kiado-teglalakas-budapest-iii-kerulet-obuda/8686131?page=43&pos=7,
https://www.zenga.hu/ingatlan/kiado-teglalakas-budapest-xiii-kerulet-vizafogo/8668392?page=43&pos=8,
https://www.zenga.hu/ingatlan/kiado-teglalakas-budapest-vii-kerulet/8000029?page=43&pos=9,
https://www.zenga.hu/ingatlan/kiado-egyeb-lakas-budapest-xviii-kerulet-ujpeteritelep/8653559?page=43&pos=10,
https://www.zenga.hu/ingatlan/kiado-teglalakas-budapest-xii-kerulet/8661704?page=43&pos=11,
https://www.zenga.hu/ingatlan/kiado-egyeb-lakas-budapest-i-kerulet/8688273?page=43&pos=12,
https://www.zenga.hu/ingatlan/kiado-teglalakas-budapest-ii-kerulet-pasaret/8668731?page=43&pos=13,
https://www.zenga.hu/ingatlan/kiado-teglalakas-budapest-i-kerulet/8688760?page=43&pos=14,
https://www.zenga.hu/ingatlan/kiado-teglalakas-budapest-vi-kerulet/8618568?page=43&pos=15,
https://www.zenga.hu/ingatlan/kiado-teglalakas-budapest-vi-kerulet/8662307?page=43&pos=16,
https://www.zenga.hu/ingatlan/kiado-teglalakas-budapest-xi-kerulet/8659363?page=43&pos=17,
https://www.zenga.hu/ingatlan/kiado-teglalakas-budapest-vi-kerulet/8688004?page=43&pos=18,
https://www.zenga.hu/ingatlan/kiado-egyeb-lakas-budapest-i-kerulet/8688271?page=43&pos=19,
https://www.zenga.hu/ingatlan/kiado-teglalakas-budapest-xiii-kerulet-angyalfold/8679539?page=43&pos=20,
https://www.zenga.hu/ingatlan/kiado-teglalakas-budapest-iii-kerulet/8651985?page=44&pos=1,
https://www.zenga.hu/ingatlan/kiado-teglalakas-budapest-xiii-kerulet-ujlipotvaros/8666429?page=44&pos=2,
https://www.zenga.hu/ingatlan/kiado-teglalakas-budapest-viii-kerulet/8688748?page=44&pos=3,
https://www.zenga.hu/ingatlan/kiado-teglalakas-budapest-xiv-kerulet-nagyzuglo/8661799?page=44&pos=4,
https://www.zenga.hu/ingatlan/kiado-teglalakas-budapest-vi-kerulet/8688742?page=44&pos=5,
https://www.zenga.hu/ingatlan/kiado-teglalakas-budapest-xiv-kerulet/8688739?page=44&pos=6,
https://www.zenga.hu/ingatlan/kiado-teglalakas-budapest-xiii-kerulet-ujlipotvaros/8625799?page=44&pos=7,
https://www.zenga.hu/ingatlan/kiado-teglalakas-budapest-vi-kerulet/7541000?page=44&pos=8,
https://www.zenga.hu/ingatlan/kiado-teglalakas-budapest-vii-kerulet-nagykoruton-beluli-terulet/8688353?page=44&pos=9,
https://www.zenga.hu/ingatlan/kiado-teglalakas-budapest-xiii-kerulet/8681153?page=44&pos=10,
https://www.zenga.hu/ingatlan/kiado-teglalakas-budapest-xii-kerulet-viranyos/8655620?page=44&pos=11,
https://www.zenga.hu/ingatlan/kiado-teglalakas-budapest-ix-kerulet/8662755?page=44&pos=12,
https://www.zenga.hu/ingatlan/kiado-teglalakas-budapest-xiii-kerulet/8688130?page=44&pos=13,
https://www.zenga.hu/ingatlan/kiado-teglalakas-budapest-vi-kerulet/8622076?page=44&pos=14,
https://www.zenga.hu/ingatlan/kiado-teglalakas-budapest-i-kerulet-krisztinavaros-i-ker/8450690?page=44&pos=15,
https://www.zenga.hu/ingatlan/kiado-teglalakas-budapest-v-kerulet/8501596?page=44&pos=16,
https://www.zenga.hu/ingatlan/kiado-panellakas-budapest-x-kerulet-ujhegy/8680580?page=44&pos=17,
https://www.zenga.hu/ingatlan/kiado-teglalakas-budapest-v-kerulet-belvaros/8583549?page=44&pos=18,
https://www.zenga.hu/ingatlan/kiado-teglalakas-budapest-viii-kerulet/8686160?page=44&pos=19,
https://www.zenga.hu/ingatlan/kiado-teglalakas-budapest-ix-kerulet-belso-ferencvaros/8687186?page=44&pos=20,
https://www.zenga.hu/ingatlan/kiado-teglalakas-budapest-xii-kerulet-viranyos/8688486?page=45&pos=1,
https://www.zenga.hu/ingatlan/kiado-teglalakas-budapest-xi-kerulet-kelenfold/8669818?page=45&pos=2,
https://www.zenga.hu/ingatlan/kiado-teglalakas-budapest-xii-kerulet/8679862?page=45&pos=3,
https://www.zenga.hu/ingatlan/kiado-teglalakas-budapest-i-kerulet/8688005?page=45&pos=4,
https://www.zenga.hu/ingatlan/kiado-teglalakas-budapest-i-kerulet-vizivaros-i-ker/8688794?page=45&pos=5,
https://www.zenga.hu/ingatlan/kiado-panellakas-budapest-x-kerulet-nepliget/8660380?page=45&pos=6,
https://www.zenga.hu/ingatlan/kiado-teglalakas-budapest-xiii-kerulet/8517432?page=45&pos=7,
https://www.zenga.hu/ingatlan/kiado-teglalakas-budapest-ix-kerulet/8667249?page=45&pos=8,
https://www.zenga.hu/ingatlan/kiado-teglalakas-budapest-v-kerulet-lipotvaros/8682735?page=45&pos=9,
https://www.zenga.hu/ingatlan/kiado-teglalakas-budapest-viii-kerulet/8607139?page=45&pos=10,
https://www.zenga.hu/ingatlan/kiado-csusztatott-zsalus-lakas-budapest-x-kerulet/8652825?page=45&pos=11,
https://www.zenga.hu/ingatlan/kiado-teglalakas-budapest-iii-kerulet-obuda/8679149?page=45&pos=12,
https://www.zenga.hu/ingatlan/kiado-teglalakas-budapest-xvi-kerulet-matyasfold/8621047?page=45&pos=13,
https://www.zenga.hu/ingatlan/kiado-teglalakas-budapest-iii-kerulet-obuda/8650588?page=45&pos=14,
https://www.zenga.hu/ingatlan/kiado-teglalakas-budapest-xi-kerulet/8671776?page=45&pos=15,
https://www.zenga.hu/ingatlan/kiado-tarsashazi-lakas-budapest-xiii-kerulet/8507605?page=45&pos=16,
https://www.zenga.hu/ingatlan/kiado-egyeb-lakas-budapest-x-kerulet/8686615?page=45&pos=17,
https://www.zenga.hu/ingatlan/kiado-teglalakas-budapest-i-kerulet/8687132?page=45&pos=18,
https://www.zenga.hu/ingatlan/kiado-teglalakas-budapest-vii-kerulet/8682179?page=45&pos=19,
https://www.zenga.hu/ingatlan/kiado-teglalakas-budapest-vi-kerulet/8684027?page=45&pos=20,
https://www.zenga.hu/ingatlan/kiado-teglalakas-budapest-xiii-kerulet-vizafogo/8686841?page=46&pos=1,
https://www.zenga.hu/ingatlan/kiado-teglalakas-budapest-iv-kerulet-ujpest/8671781?page=46&pos=2,
https://www.zenga.hu/ingatlan/kiado-teglalakas-budapest-x-kerulet/8680676?page=46&pos=3,
https://www.zenga.hu/ingatlan/kiado-teglalakas-budapest-ii-kerulet/8675706?page=46&pos=4,
https://www.zenga.hu/ingatlan/kiado-teglalakas-budapest-ix-kerulet-belso-ferencvaros/8684716?page=46&pos=5,
https://www.zenga.hu/ingatlan/kiado-teglalakas-budapest-viii-kerulet/8664115?page=46&pos=6,
https://www.zenga.hu/ingatlan/kiado-teglalakas-budapest-viii-kerulet/8619556?page=46&pos=7,
https://www.zenga.hu/ingatlan/kiado-teglalakas-budapest-ii-kerulet/8551252?page=46&pos=8,
https://www.zenga.hu/ingatlan/kiado-teglalakas-budapest-xiii-kerulet-ujlipotvaros/8665493?page=46&pos=9,
https://www.zenga.hu/ingatlan/kiado-panellakas-budapest-ii-kerulet-zoldmal/8583092?page=46&pos=10,
https://www.zenga.hu/ingatlan/kiado-teglalakas-budapest-viii-kerulet/8666691?page=46&pos=11,
https://www.zenga.hu/ingatlan/kiado-teglalakas-budapest-xi-kerulet/8665800?page=46&pos=12,
https://www.zenga.hu/ingatlan/kiado-teglalakas-budapest-ii-kerulet/8687063?page=46&pos=13,
https://www.zenga.hu/ingatlan/kiado-teglalakas-budapest-xiii-kerulet/8686941?page=46&pos=14,
https://www.zenga.hu/ingatlan/kiado-tarsashazi-lakas-budapest-ii-kerulet/7824599?page=46&pos=15,
https://www.zenga.hu/ingatlan/kiado-teglalakas-budapest-vii-kerulet/8586202?page=46&pos=16,
https://www.zenga.hu/ingatlan/kiado-teglalakas-budapest-vi-kerulet/8679740?page=46&pos=17,
https://www.zenga.hu/ingatlan/kiado-tarsashazi-lakas-budapest-xiv-kerulet/8648558?page=46&pos=18,
https://www.zenga.hu/ingatlan/kiado-tarsashazi-lakas-budapest-xix-kerulet/8655316?page=46&pos=19,
https://www.zenga.hu/ingatlan/kiado-teglalakas-budapest-vi-kerulet/8686560?page=46&pos=20,
https://www.zenga.hu/ingatlan/kiado-tarsashazi-lakas-budapest-ii-kerulet/7873542?page=47&pos=1,
https://www.zenga.hu/ingatlan/kiado-teglalakas-budapest-v-kerulet/8549118?page=47&pos=2,
https://www.zenga.hu/ingatlan/kiado-tarsashazi-lakas-budapest-xiv-kerulet-torokor/8687168?page=47&pos=3,
https://www.zenga.hu/ingatlan/kiado-teglalakas-budapest-iii-kerulet-remetehegy/8317587?page=47&pos=4,
https://www.zenga.hu/ingatlan/kiado-teglalakas-budapest-xiii-kerulet/8683585?page=47&pos=5,
https://www.zenga.hu/ingatlan/kiado-tarsashazi-lakas-budapest-ix-kerulet/8675318?page=47&pos=6,
https://www.zenga.hu/ingatlan/kiado-panellakas-budapest-iv-kerulet/8687074?page=47&pos=7,
https://www.zenga.hu/ingatlan/kiado-teglalakas-budapest-v-kerulet/8651532?page=47&pos=8,
https://www.zenga.hu/ingatlan/kiado-teglalakas-budapest-viii-kerulet/8611828?page=47&pos=9,
https://www.zenga.hu/ingatlan/kiado-teglalakas-budapest-xiii-kerulet/8568481?page=47&pos=10,
https://www.zenga.hu/ingatlan/kiado-teglalakas-budapest-viii-kerulet/8611037?page=47&pos=11,
https://www.zenga.hu/ingatlan/kiado-teglalakas-budapest-v-kerulet/8658138?page=47&pos=12,
https://www.zenga.hu/ingatlan/kiado-tarsashazi-lakas-budapest-xix-kerulet/8617657?page=47&pos=13,
https://www.zenga.hu/ingatlan/kiado-teglalakas-budapest-xvi-kerulet/8661873?page=47&pos=14,
https://www.zenga.hu/ingatlan/kiado-tarsashazi-lakas-budapest-xiv-kerulet/8671948?page=47&pos=15,
https://www.zenga.hu/ingatlan/kiado-tarsashazi-lakas-budapest-viii-kerulet/8638221?page=47&pos=16,
https://www.zenga.hu/ingatlan/kiado-teglalakas-budapest-xi-kerulet-albertfalva/8669791?page=47&pos=17,
https://www.zenga.hu/ingatlan/kiado-teglalakas-budapest-xi-kerulet/8644805?page=47&pos=18,
https://www.zenga.hu/ingatlan/kiado-teglalakas-budapest-xv-kerulet/8613284?page=47&pos=19,
https://www.zenga.hu/ingatlan/kiado-teglalakas-budapest-v-kerulet/8609689?page=47&pos=20,
https://www.zenga.hu/ingatlan/kiado-panellakas-budapest-xix-kerulet-kispest/8685135?page=48&pos=1,
https://www.zenga.hu/ingatlan/kiado-teglalakas-budapest-vi-kerulet/8687064?page=48&pos=2,
https://www.zenga.hu/ingatlan/kiado-teglalakas-budapest-xi-kerulet-albertfalva/8642708?page=48&pos=3,
https://www.zenga.hu/ingatlan/kiado-teglalakas-budapest-iii-kerulet/8646757?page=48&pos=4,
https://www.zenga.hu/ingatlan/kiado-teglalakas-budapest-viii-kerulet/8608165?page=48&pos=5,
https://www.zenga.hu/ingatlan/kiado-teglalakas-budapest-v-kerulet-lipotvaros/8436385?page=48&pos=6,
https://www.zenga.hu/ingatlan/kiado-teglalakas-budapest-vi-kerulet/8594281?page=48&pos=7,
https://www.zenga.hu/ingatlan/kiado-teglalakas-budapest-ix-kerulet-belso-ferencvaros/8686539?page=48&pos=8,
https://www.zenga.hu/ingatlan/kiado-teglalakas-budapest-vii-kerulet/8682178?page=48&pos=9,
https://www.zenga.hu/ingatlan/kiado-teglalakas-budapest-ii-kerulet/8686489?page=48&pos=10,
https://www.zenga.hu/ingatlan/kiado-teglalakas-budapest-xi-kerulet-madarhegy/8648665?page=48&pos=11,
https://www.zenga.hu/ingatlan/kiado-tarsashazi-lakas-budapest-xiii-kerulet/8676650?page=48&pos=12,
https://www.zenga.hu/ingatlan/kiado-teglalakas-budapest-v-kerulet-belvaros/8434626?page=48&pos=13,
https://www.zenga.hu/ingatlan/kiado-tarsashazi-lakas-budapest-xiii-kerulet/8676653?page=48&pos=14,
https://www.zenga.hu/ingatlan/kiado-teglalakas-budapest-xi-kerulet/8683584?page=48&pos=15,
https://www.zenga.hu/ingatlan/kiado-teglalakas-budapest-vii-kerulet/8651536?page=48&pos=16,
https://www.zenga.hu/ingatlan/kiado-teglalakas-budapest-viii-kerulet/8607140?page=48&pos=17,
https://www.zenga.hu/ingatlan/kiado-teglalakas-budapest-ii-kerulet-szepilona/8684028?page=48&pos=18,
https://www.zenga.hu/ingatlan/kiado-teglalakas-budapest-xiii-kerulet-ujlipotvaros/8641745?page=48&pos=19,
https://www.zenga.hu/ingatlan/kiado-apartman-garzon-budapest-v-kerulet-lipotvaros/8505771?page=48&pos=20,
https://www.zenga.hu/ingatlan/kiado-teglalakas-budapest-ix-kerulet/8632925?page=49&pos=1,
https://www.zenga.hu/ingatlan/kiado-tarsashazi-lakas-budapest-i-kerulet/8635752?page=49&pos=2,
https://www.zenga.hu/ingatlan/kiado-teglalakas-budapest-viii-kerulet/8619543?page=49&pos=3,
https://www.zenga.hu/ingatlan/kiado-teglalakas-budapest-viii-kerulet/8607141?page=49&pos=4,
https://www.zenga.hu/ingatlan/kiado-teglalakas-budapest-xv-kerulet/8671924?page=49&pos=5,
https://www.zenga.hu/ingatlan/kiado-teglalakas-budapest-xiii-kerulet-angyalfold/8367724?page=49&pos=6,
https://www.zenga.hu/ingatlan/kiado-teglalakas-budapest-xiii-kerulet/8684867?page=49&pos=7,
https://www.zenga.hu/ingatlan/kiado-teglalakas-budapest-ix-kerulet/8648521?page=49&pos=8,
https://www.zenga.hu/ingatlan/kiado-teglalakas-budapest-vi-kerulet/8508158?page=49&pos=9,
https://www.zenga.hu/ingatlan/kiado-tarsashazi-lakas-budapest-ii-kerulet/7819647?page=49&pos=10,
https://www.zenga.hu/ingatlan/kiado-teglalakas-budapest-viii-kerulet/8607138?page=49&pos=11,
https://www.zenga.hu/ingatlan/kiado-teglalakas-budapest-xiv-kerulet/8647470?page=49&pos=12,
https://www.zenga.hu/ingatlan/kiado-teglalakas-budapest-viii-kerulet/8607134?page=49&pos=13,
https://www.zenga.hu/ingatlan/kiado-teglalakas-budapest-xiii-kerulet-vizafogo/8686443?page=49&pos=14,
https://www.zenga.hu/ingatlan/kiado-teglalakas-budapest-xii-kerulet-nemetvolgy/8655197?page=49&pos=15,
https://www.zenga.hu/ingatlan/kiado-tarsashazi-lakas-budapest-xiv-kerulet/8671949?page=49&pos=16,
https://www.zenga.hu/ingatlan/kiado-teglalakas-budapest-xiii-kerulet-ujlipotvaros/8684026?page=49&pos=17,
https://www.zenga.hu/ingatlan/kiado-teglalakas-budapest-viii-kerulet/8619559?page=49&pos=18,
https://www.zenga.hu/ingatlan/kiado-tarsashazi-lakas-budapest-iv-kerulet/8665018?page=49&pos=19,
https://www.zenga.hu/ingatlan/kiado-tarsashazi-lakas-budapest-iii-kerulet/8645257?page=49&pos=20,
https://www.zenga.hu/ingatlan/kiado-teglalakas-budapest-vii-kerulet/8673291?page=50&pos=1,
https://www.zenga.hu/ingatlan/kiado-teglalakas-budapest-v-kerulet/8639459?page=50&pos=2,
https://www.zenga.hu/ingatlan/kiado-teglalakas-budapest-i-kerulet/7642940?page=50&pos=3,
https://www.zenga.hu/ingatlan/kiado-panellakas-budapest-iii-kerulet/8244573?page=50&pos=4,
https://www.zenga.hu/ingatlan/kiado-teglalakas-budapest-xvi-kerulet-cinkota/8305370?page=50&pos=5,
https://www.zenga.hu/ingatlan/kiado-teglalakas-budapest-vi-kerulet/8505978?page=50&pos=6,
https://www.zenga.hu/ingatlan/kiado-teglalakas-budapest-vi-kerulet/8685132?page=50&pos=7,
https://www.zenga.hu/ingatlan/kiado-teglalakas-budapest-vi-kerulet/8687127?page=50&pos=8,
https://www.zenga.hu/ingatlan/kiado-teglalakas-budapest-ii-kerulet-szepilona/8665702?page=50&pos=9,
https://www.zenga.hu/ingatlan/kiado-teglalakas-budapest-i-kerulet/8646755?page=50&pos=10,
https://www.zenga.hu/ingatlan/kiado-teglalakas-budapest-viii-kerulet/8607153?page=50&pos=11,
https://www.zenga.hu/ingatlan/kiado-tarsashazi-lakas-budapest-xv-kerulet/8273220?page=50&pos=12,
https://www.zenga.hu/ingatlan/kiado-teglalakas-budapest-viii-kerulet/8609715?page=50&pos=13,
https://www.zenga.hu/ingatlan/kiado-teglalakas-budapest-vi-kerulet/7972051?page=50&pos=14,
https://www.zenga.hu/ingatlan/kiado-teglalakas-budapest-vi-kerulet-nagykoruton-beluli-terulet/8681070?page=50&pos=15,
https://www.zenga.hu/ingatlan/kiado-teglalakas-budapest-xiii-kerulet/8241107?page=50&pos=16,
https://www.zenga.hu/ingatlan/kiado-tarsashazi-lakas-budapest-xi-kerulet/8387582?page=50&pos=17,
https://www.zenga.hu/ingatlan/kiado-teglalakas-budapest-vii-kerulet/8687133?page=50&pos=18,
https://www.zenga.hu/ingatlan/kiado-teglalakas-budapest-vi-kerulet/8589225?page=50&pos=19,
https://www.zenga.hu/ingatlan/kiado-tarsashazi-lakas-budapest-xiii-kerulet/8666717?page=50&pos=20,
https://www.zenga.hu/ingatlan/kiado-teglalakas-budapest-i-kerulet/7642940?page=51&pos=1,
https://www.zenga.hu/ingatlan/kiado-tarsashazi-lakas-budapest-xiv-kerulet-torokor/8498118?page=51&pos=2,
https://www.zenga.hu/ingatlan/kiado-teglalakas-budapest-viii-kerulet/8664115?page=51&pos=3,
https://www.zenga.hu/ingatlan/kiado-teglalakas-budapest-v-kerulet-lipotvaros/8436385?page=51&pos=4,
https://www.zenga.hu/ingatlan/kiado-teglalakas-budapest-x-kerulet/8680676?page=51&pos=5,
https://www.zenga.hu/ingatlan/kiado-teglalakas-budapest-iii-kerulet/8646757?page=51&pos=6,
https://www.zenga.hu/ingatlan/kiado-teglalakas-budapest-v-kerulet-belvaros/8637464?page=51&pos=7,
https://www.zenga.hu/ingatlan/kiado-teglalakas-budapest-viii-kerulet/8619543?page=51&pos=8,
https://www.zenga.hu/ingatlan/kiado-teglalakas-budapest-xvi-kerulet-matyasfold/8621047?page=51&pos=9,
https://www.zenga.hu/ingatlan/kiado-teglalakas-budapest-vii-kerulet/8073279?page=51&pos=10,
https://www.zenga.hu/ingatlan/kiado-teglalakas-budapest-xv-kerulet/8613283?page=51&pos=11,
https://www.zenga.hu/ingatlan/kiado-teglalakas-budapest-viii-kerulet/8619556?page=51&pos=12,
https://www.zenga.hu/ingatlan/kiado-teglalakas-budapest-ii-kerulet/8604958?page=51&pos=13,
https://www.zenga.hu/ingatlan/kiado-teglalakas-budapest-viii-kerulet/8614357?page=51&pos=14,
https://www.zenga.hu/ingatlan/kiado-teglalakas-budapest-vi-kerulet/8589225?page=51&pos=15,
https://www.zenga.hu/ingatlan/kiado-teglalakas-budapest-xi-kerulet-albertfalva/8669791?page=51&pos=16,
https://www.zenga.hu/ingatlan/kiado-teglalakas-budapest-viii-kerulet/8607153?page=51&pos=17,
https://www.zenga.hu/ingatlan/kiado-teglalakas-budapest-viii-kerulet/8607140?page=51&pos=18,
https://www.zenga.hu/ingatlan/kiado-teglalakas-budapest-vi-kerulet/8630355?page=51&pos=19,
https://www.zenga.hu/ingatlan/kiado-teglalakas-budapest-xiii-kerulet/8629500?page=51&pos=20,
https://www.zenga.hu/ingatlan/kiado-teglalakas-budapest-xiv-kerulet/8671923?page=52&pos=1,
https://www.zenga.hu/ingatlan/kiado-teglalakas-budapest-vii-kerulet/8651536?page=52&pos=2,
https://www.zenga.hu/ingatlan/kiado-teglalakas-budapest-vii-kerulet/8682178?page=52&pos=3,
https://www.zenga.hu/ingatlan/kiado-tarsashazi-lakas-budapest-iii-kerulet/8645257?page=52&pos=4,
https://www.zenga.hu/ingatlan/kiado-teglalakas-budapest-xi-kerulet/8683584?page=52&pos=5,
https://www.zenga.hu/ingatlan/kiado-teglalakas-budapest-viii-kerulet/8619559?page=52&pos=6,
https://www.zenga.hu/ingatlan/kiado-teglalakas-budapest-xiii-kerulet/8676569?page=52&pos=7,
https://www.zenga.hu/ingatlan/kiado-teglalakas-budapest-viii-kerulet/8607138?page=52&pos=8,
https://www.zenga.hu/ingatlan/kiado-teglalakas-budapest-vi-kerulet/8679740?page=52&pos=9,
https://www.zenga.hu/ingatlan/kiado-teglalakas-budapest-xiv-kerulet/8647470?page=52&pos=10,
https://www.zenga.hu/ingatlan/kiado-teglalakas-budapest-xi-kerulet/8644805?page=52&pos=11,
https://www.zenga.hu/ingatlan/kiado-teglalakas-budapest-xii-kerulet/8602059?page=52&pos=12,
https://www.zenga.hu/ingatlan/kiado-teglalakas-budapest-vi-kerulet/8594281?page=52&pos=13,
https://www.zenga.hu/ingatlan/kiado-teglalakas-budapest-ix-kerulet/8681169?page=52&pos=14,
https://www.zenga.hu/ingatlan/kiado-tarsashazi-lakas-budapest-ii-kerulet/7824599?page=52&pos=15,
https://www.zenga.hu/ingatlan/kiado-teglalakas-budapest-vi-kerulet/8505978?page=52&pos=16,
https://www.zenga.hu/ingatlan/kiado-teglalakas-budapest-xiii-kerulet-ujlipotvaros/8665493?page=52&pos=17,
https://www.zenga.hu/ingatlan/kiado-teglalakas-budapest-xiv-kerulet-kiszuglo/8686843?page=52&pos=18,
https://www.zenga.hu/ingatlan/kiado-teglalakas-budapest-ix-kerulet-belso-ferencvaros/8684716?page=52&pos=19,
https://www.zenga.hu/ingatlan/kiado-tarsashazi-lakas-budapest-viii-kerulet/8638221?page=52&pos=20,
https://www.zenga.hu/ingatlan/kiado-tarsashazi-lakas-budapest-xiii-kerulet/8666717?page=53&pos=1,
https://www.zenga.hu/ingatlan/kiado-egyeb-lakas-budapest-x-kerulet/8686615?page=53&pos=2,
https://www.zenga.hu/ingatlan/kiado-teglalakas-budapest-xiii-kerulet-vizafogo/8687022?page=53&pos=3,
https://www.zenga.hu/ingatlan/kiado-teglalakas-budapest-v-kerulet/8584985?page=53&pos=4,
https://www.zenga.hu/ingatlan/kiado-teglalakas-budapest-v-kerulet/8549118?page=53&pos=5,
https://www.zenga.hu/ingatlan/kiado-tarsashazi-lakas-budapest-xiv-kerulet/8648558?page=53&pos=6,
https://www.zenga.hu/ingatlan/kiado-teglalakas-budapest-i-kerulet/8687132?page=53&pos=7,
https://www.zenga.hu/ingatlan/kiado-teglalakas-budapest-xi-kerulet-gellerthegy/8434627?page=53&pos=8,
https://www.zenga.hu/ingatlan/kiado-teglalakas-budapest-vii-kerulet/8673291?page=53&pos=9,
https://www.zenga.hu/ingatlan/kiado-teglalakas-budapest-v-kerulet-belvaros/8434626?page=53&pos=10,
https://www.zenga.hu/ingatlan/kiado-csusztatott-zsalus-lakas-budapest-ix-kerulet-belso-ferencvaros/8434597?page=53&pos=11,
https://www.zenga.hu/ingatlan/kiado-teglalakas-budapest-xiv-kerulet/8686096?page=53&pos=12,
https://www.zenga.hu/ingatlan/kiado-teglalakas-budapest-xiii-kerulet/8653412?page=53&pos=13,
https://www.zenga.hu/ingatlan/kiado-teglalakas-budapest-xiii-kerulet/8667205?page=53&pos=14,
https://www.zenga.hu/ingatlan/kiado-teglalakas-budapest-viii-kerulet/7560431?page=53&pos=15,
https://www.zenga.hu/ingatlan/kiado-teglalakas-budapest-xiii-kerulet-ujlipotvaros/8659746?page=53&pos=16,
https://www.zenga.hu/ingatlan/kiado-teglalakas-budapest-vi-kerulet/8652028?page=53&pos=17,
https://www.zenga.hu/ingatlan/kiado-teglalakas-budapest-xii-kerulet-krisztinavaros-xii-ker/8439593?page=53&pos=18,
https://www.zenga.hu/ingatlan/kiado-teglalakas-budapest-v-kerulet-lipotvaros/6207559?page=53&pos=19,
https://www.zenga.hu/ingatlan/kiado-teglalakas-budapest-ix-kerulet-kulso-ferencvaros/8682110?page=53&pos=20,
https://www.zenga.hu/ingatlan/kiado-teglalakas-budapest-ix-kerulet/8673439?page=54&pos=1,
https://www.zenga.hu/ingatlan/kiado-teglalakas-budapest-xiii-kerulet-vizafogo/6407429?page=54&pos=2,
https://www.zenga.hu/ingatlan/kiado-teglalakas-budapest-xi-kerulet/8686097?page=54&pos=3,
https://www.zenga.hu/ingatlan/kiado-egyeb-lakas-budapest-xii-kerulet/8684926?page=54&pos=4,
https://www.zenga.hu/ingatlan/kiado-teglalakas-budapest-xiv-kerulet-torokor/8496233?page=54&pos=5,
https://www.zenga.hu/ingatlan/kiado-teglalakas-budapest-vii-kerulet-nagykoruton-beluli-terulet/8679352?page=54&pos=6,
https://www.zenga.hu/ingatlan/kiado-teglalakas-budapest-xiii-kerulet-loportardulo/8682370?page=54&pos=7,
https://www.zenga.hu/ingatlan/kiado-teglalakas-budapest-vii-kerulet-nagykoruton-beluli-terulet/8610880?page=54&pos=8,
https://www.zenga.hu/ingatlan/kiado-teglalakas-budapest-xiii-kerulet/8658698?page=54&pos=9,
https://www.zenga.hu/ingatlan/kiado-teglalakas-budapest-vi-kerulet/8439584?page=54&pos=10,
https://www.zenga.hu/ingatlan/kiado-panellakas-budapest-iii-kerulet-obuda/8685765?page=54&pos=11,
https://www.zenga.hu/ingatlan/kiado-panellakas-budapest-v-kerulet-belvaros/8685834?page=54&pos=12,
https://www.zenga.hu/ingatlan/kiado-teglalakas-budapest-xiii-kerulet-angyalfold/8673953?page=54&pos=13,
https://www.zenga.hu/ingatlan/kiado-teglalakas-budapest-xiii-kerulet/8676710?page=54&pos=14,
https://www.zenga.hu/ingatlan/kiado-panellakas-budapest-ix-kerulet/8660377?page=54&pos=15,
https://www.zenga.hu/ingatlan/kiado-teglalakas-budapest-iii-kerulet-csillaghegy/8303829?page=54&pos=16,
https://www.zenga.hu/ingatlan/kiado-teglalakas-budapest-v-kerulet-lipotvaros/8352122?page=54&pos=17,
https://www.zenga.hu/ingatlan/kiado-teglalakas-budapest-xiii-kerulet-vizafogo/8627417?page=54&pos=18,
https://www.zenga.hu/ingatlan/kiado-teglalakas-budapest-xiii-kerulet-ujlipotvaros/8685898?page=54&pos=19,
https://www.zenga.hu/ingatlan/kiado-teglalakas-budapest-v-kerulet/8686093?page=54&pos=20,
https://www.zenga.hu/ingatlan/kiado-teglalakas-budapest-vi-kerulet/8686098?page=55&pos=1,
https://www.zenga.hu/ingatlan/kiado-teglalakas-budapest-xiv-kerulet-alsorakos/8685794?page=55&pos=2,
https://www.zenga.hu/ingatlan/kiado-teglalakas-budapest-iv-kerulet-ujpest/7756831?page=55&pos=3,
https://www.zenga.hu/ingatlan/kiado-teglalakas-budapest-vii-kerulet-nagykoruton-beluli-terulet/8684882?page=55&pos=4,
https://www.zenga.hu/ingatlan/kiado-teglalakas-budapest-i-kerulet/8685751?page=55&pos=5,
https://www.zenga.hu/ingatlan/kiado-teglalakas-budapest-viii-kerulet/8685134?page=55&pos=6,
https://www.zenga.hu/ingatlan/kiado-teglalakas-budapest-viii-kerulet-palotanegyed/8638125?page=55&pos=7,
https://www.zenga.hu/ingatlan/kiado-teglalakas-budapest-xi-kerulet-lagymanyos/8685789?page=55&pos=8,
https://www.zenga.hu/ingatlan/kiado-teglalakas-budapest-v-kerulet/8634410?page=55&pos=9,
https://www.zenga.hu/ingatlan/kiado-teglalakas-budapest-vi-kerulet/8670372?page=55&pos=10,
https://www.zenga.hu/ingatlan/kiado-teglalakas-budapest-xiii-kerulet-vizafogo/6062141?page=55&pos=11,
https://www.zenga.hu/ingatlan/kiado-teglalakas-budapest-ix-kerulet/8685803?page=55&pos=12,
https://www.zenga.hu/ingatlan/kiado-teglalakas-budapest-v-kerulet-belvaros/8520110?page=55&pos=13,
https://www.zenga.hu/ingatlan/kiado-teglalakas-budapest-i-kerulet-vizivaros-i-ker/8686024?page=55&pos=14,
https://www.zenga.hu/ingatlan/kiado-teglalakas-budapest-v-kerulet-lipotvaros/8580572?page=55&pos=15,
https://www.zenga.hu/ingatlan/kiado-teglalakas-budapest-xiii-kerulet/8660334?page=55&pos=16,
https://www.zenga.hu/ingatlan/kiado-teglalakas-budapest-viii-kerulet/8656708?page=55&pos=17,
https://www.zenga.hu/ingatlan/kiado-teglalakas-budapest-v-kerulet/8686095?page=55&pos=18,
https://www.zenga.hu/ingatlan/kiado-teglalakas-budapest-xiii-kerulet/8681966?page=55&pos=19,
https://www.zenga.hu/ingatlan/kiado-teglalakas-budapest-xiii-kerulet-vizafogo/8620353?page=55&pos=20,
https://www.zenga.hu/ingatlan/kiado-teglalakas-budapest-i-kerulet/8684678?page=56&pos=1,
https://www.zenga.hu/ingatlan/kiado-teglalakas-budapest-xiii-kerulet-loportardulo/8575349?page=56&pos=2,
https://www.zenga.hu/ingatlan/kiado-teglalakas-budapest-xii-kerulet/8658776?page=56&pos=3,
https://www.zenga.hu/ingatlan/kiado-teglalakas-budapest-xiii-kerulet/8686141?page=56&pos=4,
https://www.zenga.hu/ingatlan/kiado-teglalakas-budapest-xiii-kerulet/8684758?page=56&pos=5,
https://www.zenga.hu/ingatlan/kiado-egyeb-lakas-budapest-ii-kerulet/8684904?page=56&pos=6,
https://www.zenga.hu/ingatlan/kiado-teglalakas-budapest-ix-kerulet/8635525?page=56&pos=7,
https://www.zenga.hu/ingatlan/kiado-teglalakas-budapest-ii-kerulet/8652708?page=56&pos=8,
https://www.zenga.hu/ingatlan/kiado-teglalakas-budapest-xi-kerulet/8657325?page=56&pos=9,
https://www.zenga.hu/ingatlan/kiado-teglalakas-budapest-viii-kerulet/8605075?page=56&pos=10,
https://www.zenga.hu/ingatlan/kiado-teglalakas-budapest-vii-kerulet-nagykoruton-beluli-terulet/8684722?page=56&pos=11,
https://www.zenga.hu/ingatlan/kiado-teglalakas-budapest-xix-kerulet/8595148?page=56&pos=12,
https://www.zenga.hu/ingatlan/kiado-teglalakas-budapest-ix-kerulet-belso-ferencvaros/8651444?page=56&pos=13,
https://www.zenga.hu/ingatlan/kiado-teglalakas-budapest-iii-kerulet-csillaghegy/8137657?page=56&pos=14,
https://www.zenga.hu/ingatlan/kiado-teglalakas-budapest-xii-kerulet/8683697?page=56&pos=15,
https://www.zenga.hu/ingatlan/kiado-teglalakas-budapest-v-kerulet/8683990?page=56&pos=16,
https://www.zenga.hu/ingatlan/kiado-panellakas-budapest-xiii-kerulet-angyalfold/8685109?page=56&pos=17,
https://www.zenga.hu/ingatlan/kiado-panellakas-budapest-x-kerulet/8673639?page=56&pos=18,
https://www.zenga.hu/ingatlan/kiado-teglalakas-budapest-v-kerulet-bank-negyed/8683493?page=56&pos=19,
https://www.zenga.hu/ingatlan/kiado-teglalakas-budapest-viii-kerulet/8605070?page=56&pos=20,
https://www.zenga.hu/ingatlan/kiado-teglalakas-budapest-viii-kerulet/8605076?page=57&pos=1,
https://www.zenga.hu/ingatlan/kiado-teglalakas-budapest-xiii-kerulet-angyalfold/8149533?page=57&pos=2,
https://www.zenga.hu/ingatlan/kiado-teglalakas-budapest-v-kerulet/8678959?page=57&pos=3,
https://www.zenga.hu/ingatlan/kiado-teglalakas-budapest-ii-kerulet/8421291?page=57&pos=4,
https://www.zenga.hu/ingatlan/kiado-teglalakas-budapest-v-kerulet-belvaros/8679357?page=57&pos=5,
https://www.zenga.hu/ingatlan/kiado-teglalakas-budapest-viii-kerulet-palotanegyed/8571022?page=57&pos=6,
https://www.zenga.hu/ingatlan/kiado-teglalakas-budapest-v-kerulet-bank-negyed/8684970?page=57&pos=7,
https://www.zenga.hu/ingatlan/kiado-teglalakas-budapest-ii-kerulet/8683634?page=57&pos=8,
https://www.zenga.hu/ingatlan/kiado-teglalakas-budapest-xiii-kerulet/8683951?page=57&pos=9,
https://www.zenga.hu/ingatlan/kiado-teglalakas-budapest-i-kerulet-taban/8637747?page=57&pos=10,
https://www.zenga.hu/ingatlan/kiado-teglalakas-budapest-ii-kerulet-torokvesz/7150344?page=57&pos=11,
https://www.zenga.hu/ingatlan/kiado-teglalakas-budapest-vi-kerulet/8682226?page=57&pos=12,
https://www.zenga.hu/ingatlan/kiado-teglalakas-budapest-vi-kerulet/8684721?page=57&pos=13,
https://www.zenga.hu/ingatlan/kiado-teglalakas-budapest-viii-kerulet/8605072?page=57&pos=14,
https://www.zenga.hu/ingatlan/kiado-teglalakas-budapest-v-kerulet-belvaros/8684737?page=57&pos=15,
https://www.zenga.hu/ingatlan/kiado-teglalakas-budapest-viii-kerulet/8605073?page=57&pos=16,
https://www.zenga.hu/ingatlan/kiado-teglalakas-budapest-xiv-kerulet-istvanmezo/8683506?page=57&pos=17,
https://www.zenga.hu/ingatlan/kiado-panellakas-budapest-xix-kerulet/8653369?page=57&pos=18,
https://www.zenga.hu/ingatlan/kiado-teglalakas-budapest-iii-kerulet-csillaghegy/8313666?page=57&pos=19,
https://www.zenga.hu/ingatlan/kiado-teglalakas-budapest-ix-kerulet/8675108?page=57&pos=20,
https://www.zenga.hu/ingatlan/kiado-teglalakas-budapest-x-kerulet-ohegy/8684690?page=58&pos=1,
https://www.zenga.hu/ingatlan/kiado-teglalakas-budapest-xiv-kerulet-alsorakos/8666651?page=58&pos=2,
https://www.zenga.hu/ingatlan/kiado-teglalakas-budapest-vi-kerulet/8665799?page=58&pos=3,
https://www.zenga.hu/ingatlan/kiado-teglalakas-budapest-ix-kerulet-kozepso-ferencvaros/8595139?page=58&pos=4,
https://www.zenga.hu/ingatlan/kiado-teglalakas-budapest-ix-kerulet-rehabilitacios-terulet-ix-/8684996?page=58&pos=5,
https://www.zenga.hu/ingatlan/kiado-teglalakas-budapest-iii-kerulet-csillaghegy/8525887?page=58&pos=6,
https://www.zenga.hu/ingatlan/kiado-teglalakas-budapest-vi-kerulet/8684065?page=58&pos=7,
https://www.zenga.hu/ingatlan/kiado-teglalakas-budapest-xi-kerulet/8672953?page=58&pos=8,
https://www.zenga.hu/ingatlan/kiado-teglalakas-budapest-viii-kerulet-corvin-negyed/8680566?page=58&pos=9,
https://www.zenga.hu/ingatlan/kiado-teglalakas-budapest-ix-kerulet/8515056?page=58&pos=10,
https://www.zenga.hu/ingatlan/kiado-teglalakas-budapest-ix-kerulet/8684067?page=58&pos=11,
https://www.zenga.hu/ingatlan/kiado-teglalakas-budapest-xiii-kerulet-angyalfold/8643639?page=58&pos=12,
https://www.zenga.hu/ingatlan/kiado-teglalakas-budapest-ii-kerulet/8433052?page=58&pos=13,
https://www.zenga.hu/ingatlan/kiado-teglalakas-budapest-vii-kerulet-nagykoruton-beluli-terulet/8625116?page=58&pos=14,
https://www.zenga.hu/ingatlan/kiado-teglalakas-budapest-ix-kerulet/8678304?page=58&pos=15,
https://www.zenga.hu/ingatlan/kiado-teglalakas-budapest-viii-kerulet-palotanegyed/8626668?page=58&pos=16,
https://www.zenga.hu/ingatlan/kiado-teglalakas-budapest-xii-kerulet-viranyos/8384434?page=58&pos=17,
https://www.zenga.hu/ingatlan/kiado-teglalakas-budapest-v-kerulet/8679796?page=58&pos=18,
https://www.zenga.hu/ingatlan/kiado-teglalakas-budapest-xii-kerulet-istenhegy/8684978?page=58&pos=19,
https://www.zenga.hu/ingatlan/kiado-teglalakas-budapest-ii-kerulet/8659900?page=58&pos=20,
https://www.zenga.hu/ingatlan/kiado-teglalakas-budapest-xiii-kerulet/8653621?page=59&pos=1,
https://www.zenga.hu/ingatlan/kiado-teglalakas-budapest-iii-kerulet/8682671?page=59&pos=2,
https://www.zenga.hu/ingatlan/kiado-teglalakas-budapest-iii-kerulet/8636942?page=59&pos=3,
https://www.zenga.hu/ingatlan/kiado-teglalakas-budapest-xiii-kerulet-ujlipotvaros/8684609?page=59&pos=4,
https://www.zenga.hu/ingatlan/kiado-teglalakas-budapest-xiii-kerulet/8684068?page=59&pos=5,
https://www.zenga.hu/ingatlan/kiado-teglalakas-budapest-xiii-kerulet/8669574?page=59&pos=6,
https://www.zenga.hu/ingatlan/kiado-teglalakas-budapest-iv-kerulet-ujpest/8685084?page=59&pos=7,
https://www.zenga.hu/ingatlan/kiado-teglalakas-budapest-xiii-kerulet-angyalfold/8684613?page=59&pos=8,
https://www.zenga.hu/ingatlan/kiado-teglalakas-budapest-xiv-kerulet-alsorakos/8664922?page=59&pos=9,
https://www.zenga.hu/ingatlan/kiado-teglalakas-budapest-xiii-kerulet-angyalfold/8684677?page=59&pos=10,
https://www.zenga.hu/ingatlan/kiado-tarsashazi-lakas-budapest-xiii-kerulet/8570426?page=59&pos=11,
https://www.zenga.hu/ingatlan/kiado-teglalakas-budapest-viii-kerulet/8605069?page=59&pos=12,
https://www.zenga.hu/ingatlan/kiado-teglalakas-budapest-xiii-kerulet-angyalfold/8643638?page=59&pos=13,
https://www.zenga.hu/ingatlan/kiado-teglalakas-budapest-viii-kerulet/8684901?page=59&pos=14,
https://www.zenga.hu/ingatlan/kiado-teglalakas-budapest-iii-kerulet/8684720?page=59&pos=15,
https://www.zenga.hu/ingatlan/kiado-teglalakas-budapest-v-kerulet-belvaros/8679356?page=59&pos=16,
https://www.zenga.hu/ingatlan/kiado-teglalakas-budapest-ix-kerulet/8657324?page=59&pos=17,
https://www.zenga.hu/ingatlan/kiado-teglalakas-budapest-viii-kerulet/8673188?page=59&pos=18,
https://www.zenga.hu/ingatlan/kiado-teglalakas-budapest-xi-kerulet-albertfalva/8684892?page=59&pos=19,
https://www.zenga.hu/ingatlan/kiado-teglalakas-budapest-ix-kerulet/8685133?page=59&pos=20,
https://www.zenga.hu/ingatlan/kiado-teglalakas-budapest-xiii-kerulet/8684757?page=60&pos=1,
https://www.zenga.hu/ingatlan/kiado-teglalakas-budapest-ii-kerulet-csatarka/8155913?page=60&pos=2,
https://www.zenga.hu/ingatlan/kiado-teglalakas-budapest-ix-kerulet/8611853?page=60&pos=3,
https://www.zenga.hu/ingatlan/kiado-teglalakas-budapest-vi-kerulet/8607819?page=60&pos=4,
https://www.zenga.hu/ingatlan/kiado-teglalakas-budapest-viii-kerulet/8684003?page=60&pos=5,
https://www.zenga.hu/ingatlan/kiado-teglalakas-budapest-i-kerulet/8554600?page=60&pos=6,
https://www.zenga.hu/ingatlan/kiado-teglalakas-budapest-ix-kerulet/8613320?page=60&pos=7,
https://www.zenga.hu/ingatlan/kiado-teglalakas-budapest-vi-kerulet/8595021?page=60&pos=8,
https://www.zenga.hu/ingatlan/kiado-teglalakas-budapest-ii-kerulet-szepvolgy/8632164?page=60&pos=9,
https://www.zenga.hu/ingatlan/kiado-teglalakas-budapest-v-kerulet/8675715?page=60&pos=10,
https://www.zenga.hu/ingatlan/kiado-teglalakas-budapest-xi-kerulet-kelenfold/8513947?page=60&pos=11,
https://www.zenga.hu/ingatlan/kiado-panellakas-budapest-xiii-kerulet-ujlipotvaros/8666592?page=60&pos=12,
https://www.zenga.hu/ingatlan/kiado-teglalakas-budapest-vii-kerulet/6073297?page=60&pos=13,
https://www.zenga.hu/ingatlan/kiado-teglalakas-budapest-vi-kerulet/8630349?page=60&pos=14,
https://www.zenga.hu/ingatlan/kiado-teglalakas-budapest-ix-kerulet/8520471?page=60&pos=15,
https://www.zenga.hu/ingatlan/kiado-teglalakas-budapest-iii-kerulet-csillaghegy/8290975?page=60&pos=16,
https://www.zenga.hu/ingatlan/kiado-teglalakas-budapest-iii-kerulet-remetehegy/8590085?page=60&pos=17,
https://www.zenga.hu/ingatlan/kiado-teglalakas-budapest-vii-kerulet/8630354?page=60&pos=18,
https://www.zenga.hu/ingatlan/kiado-teglalakas-budapest-xi-kerulet-lagymanyos/8483569?page=60&pos=19,
https://www.zenga.hu/ingatlan/kiado-teglalakas-budapest-xi-kerulet-gellerthegy/8571608?page=60&pos=20,
https://www.zenga.hu/ingatlan/kiado-teglalakas-budapest-vi-kerulet/8476181?page=61&pos=1,
https://www.zenga.hu/ingatlan/kiado-teglalakas-budapest-iii-kerulet-aranyhegy/7449717?page=61&pos=2,
https://www.zenga.hu/ingatlan/kiado-teglalakas-budapest-viii-kerulet/8604275?page=61&pos=3,
https://www.zenga.hu/ingatlan/kiado-teglalakas-budapest-xiv-kerulet-herminamezo/8681181?page=61&pos=4,
https://www.zenga.hu/ingatlan/kiado-teglalakas-budapest-v-kerulet/8630378?page=61&pos=5,
https://www.zenga.hu/ingatlan/kiado-teglalakas-budapest-v-kerulet-lipotvaros/8679800?page=61&pos=6,
https://www.zenga.hu/ingatlan/kiado-teglalakas-budapest-vi-kerulet-diplomatanegyed/8264981?page=61&pos=7,
https://www.zenga.hu/ingatlan/kiado-teglalakas-budapest-ix-kerulet/8630337?page=61&pos=8,
https://www.zenga.hu/ingatlan/kiado-teglalakas-budapest-ii-kerulet-rozsadomb/8637373?page=61&pos=9,
https://www.zenga.hu/ingatlan/kiado-teglalakas-budapest-viii-kerulet/8643909?page=61&pos=10,
https://www.zenga.hu/ingatlan/kiado-teglalakas-budapest-vii-kerulet-nagykoruton-beluli-terulet/8647552?page=61&pos=11,
https://www.zenga.hu/ingatlan/kiado-teglalakas-budapest-vi-kerulet/8119138?page=61&pos=12,
https://www.zenga.hu/ingatlan/kiado-teglalakas-budapest-xiii-kerulet/8116807?page=61&pos=13,
https://www.zenga.hu/ingatlan/kiado-teglalakas-budapest-viii-kerulet/8677868?page=61&pos=14,
https://www.zenga.hu/ingatlan/kiado-teglalakas-budapest-vii-kerulet-nagykoruton-beluli-terulet/8490925?page=61&pos=15,
https://www.zenga.hu/ingatlan/kiado-teglalakas-budapest-i-kerulet/8592597?page=61&pos=16,
https://www.zenga.hu/ingatlan/kiado-teglalakas-budapest-ix-kerulet/8678307?page=61&pos=17,
https://www.zenga.hu/ingatlan/kiado-teglalakas-budapest-vi-kerulet/8608609?page=61&pos=18,
https://www.zenga.hu/ingatlan/kiado-teglalakas-budapest-xiii-kerulet/8657341?page=61&pos=19,
https://www.zenga.hu/ingatlan/kiado-teglalakas-budapest-i-kerulet/7697294?page=61&pos=20,
https://www.zenga.hu/ingatlan/kiado-teglalakas-budapest-ii-kerulet-torokvesz/8607185?page=62&pos=1,
https://www.zenga.hu/ingatlan/kiado-teglalakas-budapest-vi-kerulet/8637369?page=62&pos=2,
https://www.zenga.hu/ingatlan/kiado-teglalakas-budapest-ii-kerulet-pasaret/8649040?page=62&pos=3,
https://www.zenga.hu/ingatlan/kiado-teglalakas-budapest-v-kerulet-belvaros/8613322?page=62&pos=4,
https://www.zenga.hu/ingatlan/kiado-teglalakas-budapest-vi-kerulet/7995744?page=62&pos=5,
https://www.zenga.hu/ingatlan/kiado-teglalakas-budapest-xix-kerulet-kispest/8439449?page=62&pos=6,
https://www.zenga.hu/ingatlan/kiado-teglalakas-budapest-ix-kerulet/8657336?page=62&pos=7,
https://www.zenga.hu/ingatlan/kiado-teglalakas-budapest-xi-kerulet-lagymanyos/8671780?page=62&pos=8,
https://www.zenga.hu/ingatlan/kiado-teglalakas-budapest-ii-kerulet/8194724?page=62&pos=9,
https://www.zenga.hu/ingatlan/kiado-teglalakas-budapest-vi-kerulet/8402654?page=62&pos=10,
https://www.zenga.hu/ingatlan/kiado-teglalakas-budapest-xix-kerulet-kispest/8522086?page=62&pos=11,
https://www.zenga.hu/ingatlan/kiado-teglalakas-budapest-xi-kerulet-kelenfold/8564937?page=62&pos=12,
https://www.zenga.hu/ingatlan/kiado-teglalakas-budapest-v-kerulet-lipotvaros/8649690?page=62&pos=13,
https://www.zenga.hu/ingatlan/kiado-teglalakas-budapest-xiii-kerulet/8561854?page=62&pos=14,
https://www.zenga.hu/ingatlan/kiado-teglalakas-budapest-v-kerulet-belvaros/8669584?page=62&pos=15,
https://www.zenga.hu/ingatlan/kiado-teglalakas-budapest-v-kerulet/8630351?page=62&pos=16,
https://www.zenga.hu/ingatlan/kiado-teglalakas-budapest-viii-kerulet/8673441?page=62&pos=17,
https://www.zenga.hu/ingatlan/kiado-teglalakas-budapest-iii-kerulet-filatorigat/8613325?page=62&pos=18,
https://www.zenga.hu/ingatlan/kiado-teglalakas-budapest-vii-kerulet/6073296?page=62&pos=19,
https://www.zenga.hu/ingatlan/kiado-teglalakas-budapest-viii-kerulet/8123601?page=62&pos=20,
https://www.zenga.hu/ingatlan/kiado-teglalakas-budapest-ii-kerulet-torokvesz/8502367?page=63&pos=1,
https://www.zenga.hu/ingatlan/kiado-teglalakas-budapest-vii-kerulet/8676936?page=63&pos=2,
https://www.zenga.hu/ingatlan/kiado-teglalakas-budapest-i-kerulet/8559559?page=63&pos=3,
https://www.zenga.hu/ingatlan/kiado-teglalakas-budapest-vii-kerulet-nagykoruton-kivuli-terulet/7813289?page=63&pos=4,
https://www.zenga.hu/ingatlan/kiado-teglalakas-budapest-vi-kerulet/8486309?page=63&pos=5,
https://www.zenga.hu/ingatlan/kiado-teglalakas-budapest-v-kerulet-belvaros/8331077?page=63&pos=6,
https://www.zenga.hu/ingatlan/kiado-panellakas-budapest-xiv-kerulet/8675742?page=63&pos=7,
https://www.zenga.hu/ingatlan/kiado-teglalakas-budapest-v-kerulet-lipotvaros/8595750?page=63&pos=8,
https://www.zenga.hu/ingatlan/kiado-teglalakas-budapest-vi-kerulet/8508064?page=63&pos=9,
https://www.zenga.hu/ingatlan/kiado-teglalakas-budapest-i-kerulet/8625885?page=63&pos=10,
https://www.zenga.hu/ingatlan/kiado-teglalakas-budapest-xiv-kerulet-alsorakos/8602876?page=63&pos=11,
https://www.zenga.hu/ingatlan/kiado-teglalakas-budapest-ix-kerulet/8653646?page=63&pos=12,
https://www.zenga.hu/ingatlan/kiado-teglalakas-budapest-ii-kerulet-torokvesz/8682098?page=63&pos=13,
https://www.zenga.hu/ingatlan/kiado-teglalakas-budapest-i-kerulet/8610828?page=63&pos=14,
https://www.zenga.hu/ingatlan/kiado-teglalakas-budapest-ii-kerulet/7642056?page=63&pos=15,
https://www.zenga.hu/ingatlan/kiado-teglalakas-budapest-xi-kerulet-nadorkert/8625257?page=63&pos=16,
https://www.zenga.hu/ingatlan/kiado-teglalakas-budapest-ii-kerulet-orszagut/8674408?page=63&pos=17,
https://www.zenga.hu/ingatlan/kiado-teglalakas-budapest-ii-kerulet-torokvesz/8506612?page=63&pos=18,
https://www.zenga.hu/ingatlan/kiado-teglalakas-budapest-v-kerulet-belvaros/8641608?page=63&pos=19,
https://www.zenga.hu/ingatlan/kiado-teglalakas-budapest-vii-kerulet/8371959?page=63&pos=20,
https://www.zenga.hu/ingatlan/kiado-teglalakas-budapest-vii-kerulet-nagykoruton-beluli-terulet/8682002?page=64&pos=1,
https://www.zenga.hu/ingatlan/kiado-teglalakas-budapest-xii-kerulet/6445531?page=64&pos=2,
https://www.zenga.hu/ingatlan/kiado-teglalakas-budapest-xi-kerulet/8673806?page=64&pos=3,
https://www.zenga.hu/ingatlan/kiado-teglalakas-budapest-ix-kerulet/8677623?page=64&pos=4,
https://www.zenga.hu/ingatlan/kiado-teglalakas-budapest-viii-kerulet/8348612?page=64&pos=5,
https://www.zenga.hu/ingatlan/kiado-teglalakas-budapest-viii-kerulet/8657334?page=64&pos=6,
https://www.zenga.hu/ingatlan/kiado-teglalakas-budapest-viii-kerulet/8649043?page=64&pos=7,
https://www.zenga.hu/ingatlan/kiado-teglalakas-budapest-ii-kerulet-zoldmal/8561082?page=64&pos=8,
https://www.zenga.hu/ingatlan/kiado-teglalakas-budapest-xiv-kerulet-alsorakos/8675130?page=64&pos=9,
https://www.zenga.hu/ingatlan/kiado-teglalakas-budapest-vi-kerulet/8611855?page=64&pos=10,
https://www.zenga.hu/ingatlan/kiado-teglalakas-budapest-xviii-kerulet/8205508?page=64&pos=11,
https://www.zenga.hu/ingatlan/kiado-teglalakas-budapest-viii-kerulet-jozsefvaros/8406537?page=64&pos=12,
https://www.zenga.hu/ingatlan/kiado-teglalakas-budapest-xi-kerulet-budapart/7604505?page=64&pos=13,
https://www.zenga.hu/ingatlan/kiado-teglalakas-budapest-xiv-kerulet-alsorakos/7895234?page=64&pos=14,
https://www.zenga.hu/ingatlan/kiado-teglalakas-budapest-xiii-kerulet-angyalfold/8655440?page=64&pos=15,
https://www.zenga.hu/ingatlan/kiado-teglalakas-budapest-xi-kerulet-sasad-sashegy-xi-ker/8490251?page=64&pos=16,
https://www.zenga.hu/ingatlan/kiado-teglalakas-budapest-ix-kerulet/8630246?page=64&pos=17,
https://www.zenga.hu/ingatlan/kiado-teglalakas-budapest-vi-kerulet/8676935?page=64&pos=18,
https://www.zenga.hu/ingatlan/kiado-teglalakas-budapest-viii-kerulet/8681219?page=64&pos=19,
https://www.zenga.hu/ingatlan/kiado-teglalakas-budapest-xi-kerulet-gazdagret/8468320?page=64&pos=20,
https://www.zenga.hu/ingatlan/kiado-teglalakas-budapest-v-kerulet-belvaros/8615094?page=65&pos=1,
https://www.zenga.hu/ingatlan/kiado-teglalakas-budapest-vi-kerulet/8572391?page=65&pos=2,
https://www.zenga.hu/ingatlan/kiado-teglalakas-budapest-ix-kerulet/8649691?page=65&pos=3,
https://www.zenga.hu/ingatlan/kiado-teglalakas-budapest-vii-kerulet-nagykoruton-kivuli-terulet/8405834?page=65&pos=4,
https://www.zenga.hu/ingatlan/kiado-teglalakas-budapest-xiv-kerulet-zuglo/8652024?page=65&pos=5,
https://www.zenga.hu/ingatlan/kiado-teglalakas-budapest-xiii-kerulet/8630373?page=65&pos=6,
https://www.zenga.hu/ingatlan/kiado-teglalakas-budapest-viii-kerulet/8668683?page=65&pos=7,
https://www.zenga.hu/ingatlan/kiado-teglalakas-budapest-vi-kerulet/8682675?page=65&pos=8,
https://www.zenga.hu/ingatlan/kiado-teglalakas-budapest-ii-kerulet-rozsadomb/8619590?page=65&pos=9,
https://www.zenga.hu/ingatlan/kiado-teglalakas-budapest-vi-kerulet/8654700?page=65&pos=10,
https://www.zenga.hu/ingatlan/kiado-teglalakas-budapest-x-kerulet/8633568?page=65&pos=11,
https://www.zenga.hu/ingatlan/kiado-teglalakas-budapest-iii-kerulet/8670947?page=65&pos=12,
https://www.zenga.hu/ingatlan/kiado-teglalakas-budapest-vi-kerulet-nagykoruton-kivuli-terulet/8649217?page=65&pos=13,
https://www.zenga.hu/ingatlan/kiado-teglalakas-budapest-xiii-kerulet-angyalfold/8637374?page=65&pos=14,
https://www.zenga.hu/ingatlan/kiado-teglalakas-budapest-xii-kerulet-nemetvolgy/8477146?page=65&pos=15,
https://www.zenga.hu/ingatlan/kiado-teglalakas-budapest-i-kerulet/8485375?page=65&pos=16,
https://www.zenga.hu/ingatlan/kiado-teglalakas-budapest-vii-kerulet/8622671?page=65&pos=17,
https://www.zenga.hu/ingatlan/kiado-teglalakas-budapest-xi-kerulet-kelenfold/8683805?page=65&pos=18,
https://www.zenga.hu/ingatlan/kiado-panellakas-budapest-xi-kerulet-albertfalva/8683406?page=65&pos=19,
https://www.zenga.hu/ingatlan/kiado-teglalakas-budapest-v-kerulet-belvaros/8424425?page=65&pos=20,
https://www.zenga.hu/ingatlan/kiado-teglalakas-budapest-ii-kerulet-rozsadomb/8605871?page=66&pos=1,
https://www.zenga.hu/ingatlan/kiado-teglalakas-budapest-viii-kerulet/8684025?page=66&pos=2,
https://www.zenga.hu/ingatlan/kiado-teglalakas-budapest-vii-kerulet/8647557?page=66&pos=3,
https://www.zenga.hu/ingatlan/kiado-teglalakas-budapest-ii-kerulet/8113897?page=66&pos=4,
https://www.zenga.hu/ingatlan/kiado-teglalakas-budapest-xiii-kerulet-ujlipotvaros/8592599?page=66&pos=5,
https://www.zenga.hu/ingatlan/kiado-teglalakas-budapest-xvii-kerulet-rakoskeresztur/8683405?page=66&pos=6,
https://www.zenga.hu/ingatlan/kiado-teglalakas-budapest-xi-kerulet-nadorkert/8619588?page=66&pos=7,
https://www.zenga.hu/ingatlan/kiado-teglalakas-budapest-vi-kerulet/8628604?page=66&pos=8,
https://www.zenga.hu/ingatlan/kiado-teglalakas-budapest-vii-kerulet/8378008?page=66&pos=9,
https://www.zenga.hu/ingatlan/kiado-teglalakas-budapest-i-kerulet/8664870?page=66&pos=10,
https://www.zenga.hu/ingatlan/kiado-teglalakas-budapest-viii-kerulet-jozsefvaros/8650587?page=66&pos=11,
https://www.zenga.hu/ingatlan/kiado-teglalakas-budapest-vi-kerulet/8678958?page=66&pos=12,
https://www.zenga.hu/ingatlan/kiado-teglalakas-budapest-vii-kerulet/6073298?page=66&pos=13,
https://www.zenga.hu/ingatlan/kiado-teglalakas-budapest-i-kerulet/7697292?page=66&pos=14,
https://www.zenga.hu/ingatlan/kiado-teglalakas-budapest-ii-kerulet/8127599?page=66&pos=15,
https://www.zenga.hu/ingatlan/kiado-teglalakas-budapest-xiv-kerulet-kiszuglo/8590774?page=66&pos=16,
https://www.zenga.hu/ingatlan/kiado-teglalakas-budapest-ix-kerulet-rehabilitacios-terulet-ix-/8515455?page=66&pos=17,
https://www.zenga.hu/ingatlan/kiado-teglalakas-budapest-xvi-kerulet/8590369?page=66&pos=18,
https://www.zenga.hu/ingatlan/kiado-teglalakas-budapest-ix-kerulet/8630365?page=66&pos=19,
https://www.zenga.hu/ingatlan/kiado-teglalakas-budapest-viii-kerulet/8668678?page=66&pos=20,
https://www.zenga.hu/ingatlan/kiado-teglalakas-budapest-xiii-kerulet-angyalfold/8651349?page=67&pos=1,
https://www.zenga.hu/ingatlan/kiado-teglalakas-budapest-v-kerulet-belvaros/8635019?page=67&pos=2,
https://www.zenga.hu/ingatlan/kiado-teglalakas-budapest-v-kerulet-belvaros/8014584?page=67&pos=3,
https://www.zenga.hu/ingatlan/kiado-teglalakas-budapest-vii-kerulet/8608936?page=67&pos=4,
https://www.zenga.hu/ingatlan/kiado-teglalakas-budapest-xiii-kerulet-angyalfold/8683930?page=67&pos=5,
https://www.zenga.hu/ingatlan/kiado-teglalakas-budapest-xi-kerulet-sasad-sashegy-xi-ker/8588235?page=67&pos=6,
https://www.zenga.hu/ingatlan/kiado-teglalakas-budapest-viii-kerulet/8681177?page=67&pos=7,
https://www.zenga.hu/ingatlan/kiado-teglalakas-budapest-vi-kerulet/8507366?page=67&pos=8,
https://www.zenga.hu/ingatlan/kiado-teglalakas-budapest-iii-kerulet-ujlak-iii-ker/8640336?page=67&pos=9,
https://www.zenga.hu/ingatlan/kiado-teglalakas-budapest-v-kerulet-belvaros/8673898?page=67&pos=10,
https://www.zenga.hu/ingatlan/kiado-teglalakas-budapest-xiii-kerulet/8338013?page=67&pos=11,
https://www.zenga.hu/ingatlan/kiado-teglalakas-budapest-xi-kerulet-nadorkert/8469415?page=67&pos=12,
https://www.zenga.hu/ingatlan/kiado-teglalakas-budapest-ix-kerulet/8661532?page=67&pos=13,
https://www.zenga.hu/ingatlan/kiado-teglalakas-budapest-vii-kerulet/8536397?page=67&pos=14,
https://www.zenga.hu/ingatlan/kiado-teglalakas-budapest-ii-kerulet-kurucles/8655883?page=67&pos=15,
https://www.zenga.hu/ingatlan/kiado-teglalakas-budapest-xi-kerulet/8488499?page=67&pos=16,
https://www.zenga.hu/ingatlan/kiado-teglalakas-budapest-viii-kerulet/8622053?page=67&pos=17,
https://www.zenga.hu/ingatlan/kiado-teglalakas-budapest-vii-kerulet/8560386?page=67&pos=18,
https://www.zenga.hu/ingatlan/kiado-teglalakas-budapest-vi-kerulet/8340126?page=67&pos=19,
https://www.zenga.hu/ingatlan/kiado-teglalakas-budapest-vi-kerulet/8563989?page=67&pos=20,
https://www.zenga.hu/ingatlan/kiado-teglalakas-budapest-ii-kerulet/8607177?page=68&pos=1,
https://www.zenga.hu/ingatlan/kiado-teglalakas-budapest-xiii-kerulet-ujlipotvaros/8656869?page=68&pos=2,
https://www.zenga.hu/ingatlan/kiado-teglalakas-budapest-vii-kerulet-nagykoruton-beluli-terulet/8676780?page=68&pos=3,
https://www.zenga.hu/ingatlan/kiado-teglalakas-budapest-xii-kerulet-kissvabhegy/8667202?page=68&pos=4,
https://www.zenga.hu/ingatlan/kiado-teglalakas-budapest-ii-kerulet/6427891?page=68&pos=5,
https://www.zenga.hu/ingatlan/kiado-teglalakas-budapest-xi-kerulet-kelenfold/8554599?page=68&pos=6,
https://www.zenga.hu/ingatlan/kiado-teglalakas-budapest-viii-kerulet/8613319?page=68&pos=7,
https://www.zenga.hu/ingatlan/kiado-teglalakas-budapest-xiii-kerulet/8682294?page=68&pos=8,
https://www.zenga.hu/ingatlan/kiado-teglalakas-budapest-xi-kerulet-lagymanyos/8681212?page=68&pos=9,
https://www.zenga.hu/ingatlan/kiado-teglalakas-budapest-i-kerulet/8679801?page=68&pos=10,
https://www.zenga.hu/ingatlan/kiado-teglalakas-budapest-ix-kerulet/7539815?page=68&pos=11,
https://www.zenga.hu/ingatlan/kiado-teglalakas-budapest-xii-kerulet-martonhegy/8633561?page=68&pos=12,
https://www.zenga.hu/ingatlan/kiado-teglalakas-budapest-ix-kerulet-belso-ferencvaros/8682069?page=68&pos=13,
https://www.zenga.hu/ingatlan/kiado-teglalakas-budapest-viii-kerulet-jozsefvaros/8678302?page=68&pos=14,
https://www.zenga.hu/ingatlan/kiado-teglalakas-budapest-v-kerulet-lipotvaros/8672364?page=68&pos=15,
https://www.zenga.hu/ingatlan/kiado-teglalakas-budapest-i-kerulet/8611857?page=68&pos=16,
https://www.zenga.hu/ingatlan/kiado-teglalakas-budapest-xiii-kerulet/8622672?page=68&pos=17,
https://www.zenga.hu/ingatlan/kiado-teglalakas-budapest-xix-kerulet-wekerletelep/8657340?page=68&pos=18,
https://www.zenga.hu/ingatlan/kiado-teglalakas-budapest-ii-kerulet/8655890?page=68&pos=19,
https://www.zenga.hu/ingatlan/kiado-teglalakas-budapest-xiii-kerulet/8678309?page=68&pos=20,
https://www.zenga.hu/ingatlan/kiado-teglalakas-budapest-ii-kerulet-rozsadomb/7937323?page=69&pos=1,
https://www.zenga.hu/ingatlan/kiado-teglalakas-budapest-ix-kerulet/8605873?page=69&pos=2,
https://www.zenga.hu/ingatlan/kiado-teglalakas-budapest-vi-kerulet/8626986?page=69&pos=3,
https://www.zenga.hu/ingatlan/kiado-teglalakas-budapest-xiii-kerulet-ujlipotvaros/8470525?page=69&pos=4,
https://www.zenga.hu/ingatlan/kiado-teglalakas-budapest-vii-kerulet/8682731?page=69&pos=5,
https://www.zenga.hu/ingatlan/kiado-teglalakas-budapest-i-kerulet-taban/7890238?page=69&pos=6,
https://www.zenga.hu/ingatlan/kiado-teglalakas-budapest-xi-kerulet-szentimrevaros/8413534?page=69&pos=7,
https://www.zenga.hu/ingatlan/kiado-teglalakas-budapest-vi-kerulet/8654701?page=69&pos=8,
https://www.zenga.hu/ingatlan/kiado-teglalakas-budapest-viii-kerulet/8681222?page=69&pos=9,
https://www.zenga.hu/ingatlan/kiado-teglalakas-budapest-vii-kerulet/8572388?page=69&pos=10,
https://www.zenga.hu/ingatlan/kiado-teglalakas-budapest-ii-kerulet-palvolgy/8116412?page=69&pos=11,
https://www.zenga.hu/ingatlan/kiado-teglalakas-budapest-v-kerulet-lipotvaros/7969679?page=69&pos=12,
https://www.zenga.hu/ingatlan/kiado-teglalakas-budapest-ix-kerulet/8614365?page=69&pos=13,
https://www.zenga.hu/ingatlan/kiado-teglalakas-budapest-vi-kerulet/8660374?page=69&pos=14,
https://www.zenga.hu/ingatlan/kiado-panellakas-budapest-xiv-kerulet/8678271?page=69&pos=15,
https://www.zenga.hu/ingatlan/kiado-teglalakas-budapest-xiv-kerulet/8681220?page=69&pos=16,
https://www.zenga.hu/ingatlan/kiado-teglalakas-budapest-v-kerulet-lipotvaros/8683409?page=69&pos=17,
https://www.zenga.hu/ingatlan/kiado-teglalakas-budapest-v-kerulet-belvaros/8495784?page=69&pos=18,
https://www.zenga.hu/ingatlan/kiado-teglalakas-budapest-vi-kerulet/8576943?page=69&pos=19,
https://www.zenga.hu/ingatlan/kiado-teglalakas-budapest-xi-kerulet-kelenfold/8656709?page=69&pos=20,
https://www.zenga.hu/ingatlan/kiado-teglalakas-budapest-vi-kerulet/7554058?page=70&pos=1,
https://www.zenga.hu/ingatlan/kiado-teglalakas-budapest-v-kerulet-lipotvaros/8210703?page=70&pos=2,
https://www.zenga.hu/ingatlan/kiado-teglalakas-budapest-xiii-kerulet/8681179?page=70&pos=3,
https://www.zenga.hu/ingatlan/kiado-teglalakas-budapest-ii-kerulet-palvolgy/8380561?page=70&pos=4,
https://www.zenga.hu/ingatlan/kiado-teglalakas-budapest-v-kerulet-belvaros/8623744?page=70&pos=5,
https://www.zenga.hu/ingatlan/kiado-teglalakas-budapest-vii-kerulet/8622709?page=70&pos=6,
https://www.zenga.hu/ingatlan/kiado-teglalakas-budapest-v-kerulet-belvaros/8342978?page=70&pos=7,
https://www.zenga.hu/ingatlan/kiado-teglalakas-budapest-i-kerulet/8679798?page=70&pos=8,
https://www.zenga.hu/ingatlan/kiado-teglalakas-budapest-viii-kerulet/8643007?page=70&pos=9,
https://www.zenga.hu/ingatlan/kiado-teglalakas-budapest-ii-kerulet/8676400?page=70&pos=10,
https://www.zenga.hu/ingatlan/kiado-teglalakas-budapest-v-kerulet/8560190?page=70&pos=11,
https://www.zenga.hu/ingatlan/kiado-teglalakas-budapest-viii-kerulet/8611863?page=70&pos=12,
https://www.zenga.hu/ingatlan/kiado-teglalakas-budapest-vi-kerulet/8549700?page=70&pos=13,
https://www.zenga.hu/ingatlan/kiado-teglalakas-budapest-ix-kerulet/8681178?page=70&pos=14,
https://www.zenga.hu/ingatlan/kiado-teglalakas-budapest-v-kerulet-lipotvaros/8625262?page=70&pos=15,
https://www.zenga.hu/ingatlan/kiado-teglalakas-budapest-xi-kerulet-budapart/8652026?page=70&pos=16,
https://www.zenga.hu/ingatlan/kiado-teglalakas-budapest-xi-kerulet-albertfalva/8683407?page=70&pos=17,
https://www.zenga.hu/ingatlan/kiado-teglalakas-budapest-xiii-kerulet-ujlipotvaros/7576360?page=70&pos=18,
https://www.zenga.hu/ingatlan/kiado-teglalakas-budapest-vi-kerulet/8637314?page=70&pos=19,
https://www.zenga.hu/ingatlan/kiado-teglalakas-budapest-vii-kerulet/8669580?page=70&pos=20,
https://www.zenga.hu/ingatlan/kiado-teglalakas-budapest-xi-kerulet-kelenfold/7771233?page=71&pos=1,
https://www.zenga.hu/ingatlan/kiado-teglalakas-budapest-xiii-kerulet/8602077?page=71&pos=2,
https://www.zenga.hu/ingatlan/kiado-teglalakas-budapest-xi-kerulet-kelenfold/8545858?page=71&pos=3,
https://www.zenga.hu/ingatlan/kiado-teglalakas-budapest-xii-kerulet-kutvolgy/8461917?page=71&pos=4,
https://www.zenga.hu/ingatlan/kiado-teglalakas-budapest-ii-kerulet-rezmal/8614364?page=71&pos=5,
https://www.zenga.hu/ingatlan/kiado-panellakas-budapest-xiv-kerulet/8665807?page=71&pos=6,
https://www.zenga.hu/ingatlan/kiado-teglalakas-budapest-ii-kerulet-rezmal/8671782?page=71&pos=7,
https://www.zenga.hu/ingatlan/kiado-teglalakas-budapest-ii-kerulet-orszagut/8636535?page=71&pos=8,
https://www.zenga.hu/ingatlan/kiado-teglalakas-budapest-v-kerulet-belvaros/8440246?page=71&pos=9,
https://www.zenga.hu/ingatlan/kiado-teglalakas-budapest-ix-kerulet/8650586?page=71&pos=10,
https://www.zenga.hu/ingatlan/kiado-teglalakas-budapest-vi-kerulet/8445428?page=71&pos=11,
https://www.zenga.hu/ingatlan/kiado-teglalakas-budapest-ix-kerulet/8559562?page=71&pos=12,
https://www.zenga.hu/ingatlan/kiado-teglalakas-budapest-v-kerulet-belvaros/8548008?page=71&pos=13,
https://www.zenga.hu/ingatlan/kiado-teglalakas-budapest-iii-kerulet-obuda/7969676?page=71&pos=14,
https://www.zenga.hu/ingatlan/kiado-teglalakas-budapest-iii-kerulet-ujlak-iii-ker/8646421?page=71&pos=15,
https://www.zenga.hu/ingatlan/kiado-teglalakas-budapest-iii-kerulet-obuda/8552719?page=71&pos=16,
https://www.zenga.hu/ingatlan/kiado-teglalakas-budapest-xii-kerulet-nemetvolgy/8658777?page=71&pos=17,
https://www.zenga.hu/ingatlan/kiado-teglalakas-budapest-v-kerulet-lipotvaros/8636536?page=71&pos=18,
https://www.zenga.hu/ingatlan/kiado-teglalakas-budapest-xiii-kerulet/8671638?page=71&pos=19,
https://www.zenga.hu/ingatlan/kiado-teglalakas-budapest-vi-kerulet/8682657?page=71&pos=20,
https://www.zenga.hu/ingatlan/kiado-teglalakas-budapest-ix-kerulet/8470522?page=72&pos=1,
https://www.zenga.hu/ingatlan/kiado-teglalakas-budapest-vii-kerulet-nagykoruton-kivuli-terulet/8616615?page=72&pos=2,
https://www.zenga.hu/ingatlan/kiado-teglalakas-budapest-xii-kerulet-nemetvolgy/8587240?page=72&pos=3,
https://www.zenga.hu/ingatlan/kiado-teglalakas-budapest-v-kerulet-belvaros/8510703?page=72&pos=4,
https://www.zenga.hu/ingatlan/kiado-teglalakas-budapest-vii-kerulet/8405068?page=72&pos=5,
https://www.zenga.hu/ingatlan/kiado-teglalakas-budapest-v-kerulet-belvaros/7449753?page=72&pos=6,
https://www.zenga.hu/ingatlan/kiado-teglalakas-budapest-xiii-kerulet-ujlipotvaros/8604289?page=72&pos=7,
https://www.zenga.hu/ingatlan/kiado-teglalakas-budapest-vi-kerulet/8657343?page=72&pos=8,
https://www.zenga.hu/ingatlan/kiado-teglalakas-budapest-viii-kerulet/8673644?page=72&pos=9,
https://www.zenga.hu/ingatlan/kiado-teglalakas-budapest-viii-kerulet/8574429?page=72&pos=10,
https://www.zenga.hu/ingatlan/kiado-teglalakas-budapest-viii-kerulet/8641603?page=72&pos=11,
https://www.zenga.hu/ingatlan/kiado-teglalakas-budapest-v-kerulet-belvaros/8360740?page=72&pos=12,
https://www.zenga.hu/ingatlan/kiado-teglalakas-budapest-vi-kerulet/8662751?page=72&pos=13,
https://www.zenga.hu/ingatlan/kiado-teglalakas-budapest-viii-kerulet-orczynegyed/8675770?page=72&pos=14,
https://www.zenga.hu/ingatlan/kiado-teglalakas-budapest-i-kerulet/8683408?page=72&pos=15,
https://www.zenga.hu/ingatlan/kiado-teglalakas-budapest-v-kerulet-lipotvaros/8673440?page=72&pos=16,
https://www.zenga.hu/ingatlan/kiado-teglalakas-budapest-xi-kerulet/8683416?page=72&pos=17,
https://www.zenga.hu/ingatlan/kiado-teglalakas-budapest-vi-kerulet/8553571?page=72&pos=18,
https://www.zenga.hu/ingatlan/kiado-teglalakas-budapest-vi-kerulet/8594348?page=72&pos=19,
https://www.zenga.hu/ingatlan/kiado-teglalakas-budapest-ix-kerulet/8014784?page=72&pos=20,
https://www.zenga.hu/ingatlan/kiado-teglalakas-budapest-iii-kerulet-obuda/8545844?page=73&pos=1,
https://www.zenga.hu/ingatlan/kiado-teglalakas-budapest-xiii-kerulet/8508363?page=73&pos=2,
https://www.zenga.hu/ingatlan/kiado-teglalakas-budapest-v-kerulet-lipotvaros/8242520?page=73&pos=3,
https://www.zenga.hu/ingatlan/kiado-teglalakas-budapest-ix-kerulet/8427060?page=73&pos=4,
https://www.zenga.hu/ingatlan/kiado-teglalakas-budapest-xi-kerulet/8630353?page=73&pos=5,
https://www.zenga.hu/ingatlan/kiado-teglalakas-budapest-xi-kerulet-budapart/8652025?page=73&pos=6,
https://www.zenga.hu/ingatlan/kiado-teglalakas-budapest-xiii-kerulet-angyalfold/8677246?page=73&pos=7,
https://www.zenga.hu/ingatlan/kiado-teglalakas-budapest-ix-kerulet/8682732?page=73&pos=8,
https://www.zenga.hu/ingatlan/kiado-teglalakas-budapest-vi-kerulet/8247013?page=73&pos=9,
https://www.zenga.hu/ingatlan/kiado-teglalakas-budapest-vi-kerulet/8655892?page=73&pos=10,
https://www.zenga.hu/ingatlan/kiado-teglalakas-budapest-ii-kerulet/8168840?page=73&pos=11,
https://www.zenga.hu/ingatlan/kiado-teglalakas-budapest-viii-kerulet/8653089?page=73&pos=12,
https://www.zenga.hu/ingatlan/kiado-teglalakas-budapest-xii-kerulet-szechenyi-hegy/8650592?page=73&pos=13,
https://www.zenga.hu/ingatlan/kiado-teglalakas-budapest-v-kerulet/8352652?page=73&pos=14,
https://www.zenga.hu/ingatlan/kiado-teglalakas-budapest-xiii-kerulet/8603349?page=73&pos=15,
https://www.zenga.hu/ingatlan/kiado-teglalakas-budapest-xi-kerulet/8595745?page=73&pos=16,
https://www.zenga.hu/ingatlan/kiado-teglalakas-budapest-xii-kerulet-kutvolgy/8574423?page=73&pos=17,
https://www.zenga.hu/ingatlan/kiado-teglalakas-budapest-ix-kerulet/8643002?page=73&pos=18,
https://www.zenga.hu/ingatlan/kiado-teglalakas-budapest-xxii-kerulet/8181512?page=73&pos=19,
https://www.zenga.hu/ingatlan/kiado-teglalakas-budapest-xi-kerulet-lagymanyos/8567341?page=73&pos=20,
https://www.zenga.hu/ingatlan/kiado-teglalakas-budapest-xi-kerulet-gellerthegy/7951438?page=74&pos=1,
https://www.zenga.hu/ingatlan/kiado-teglalakas-budapest-viii-kerulet/8554598?page=74&pos=2,
https://www.zenga.hu/ingatlan/kiado-teglalakas-budapest-ix-kerulet/8682556?page=74&pos=3,
https://www.zenga.hu/ingatlan/kiado-teglalakas-budapest-ii-kerulet-orszagut/8667208?page=74&pos=4,
https://www.zenga.hu/ingatlan/kiado-teglalakas-budapest-viii-kerulet/8617454?page=74&pos=5,
https://www.zenga.hu/ingatlan/kiado-teglalakas-budapest-viii-kerulet/8679439?page=74&pos=6,
https://www.zenga.hu/ingatlan/kiado-teglalakas-budapest-i-kerulet/8605869?page=74&pos=7,
https://www.zenga.hu/ingatlan/kiado-teglalakas-budapest-ii-kerulet-szemlohegy/8655882?page=74&pos=8,
https://www.zenga.hu/ingatlan/kiado-teglalakas-budapest-ii-kerulet-szepilona/8151372?page=74&pos=9,
https://www.zenga.hu/ingatlan/kiado-teglalakas-budapest-v-kerulet-lipotvaros/8392780?page=74&pos=10,
https://www.zenga.hu/ingatlan/kiado-teglalakas-budapest-vi-kerulet/8518917?page=74&pos=11,
https://www.zenga.hu/ingatlan/kiado-teglalakas-budapest-xi-kerulet-madarhegy/8671779?page=74&pos=12,
https://www.zenga.hu/ingatlan/kiado-teglalakas-budapest-ix-kerulet/8497537?page=74&pos=13,
https://www.zenga.hu/ingatlan/kiado-teglalakas-budapest-ix-kerulet/8622679?page=74&pos=14,
https://www.zenga.hu/ingatlan/kiado-teglalakas-budapest-v-kerulet-belvaros/8664109?page=74&pos=15,
https://www.zenga.hu/ingatlan/kiado-tarsashazi-lakas-budapest-xii-kerulet-martonhegy/8683758?page=74&pos=16,
https://www.zenga.hu/ingatlan/kiado-teglalakas-budapest-vi-kerulet/8247014?page=74&pos=17,
https://www.zenga.hu/ingatlan/kiado-teglalakas-budapest-xviii-kerulet/8655893?page=74&pos=18,
https://www.zenga.hu/ingatlan/kiado-teglalakas-budapest-vi-kerulet/8622079?page=74&pos=19,
https://www.zenga.hu/ingatlan/kiado-teglalakas-budapest-xii-kerulet-nemetvolgy/8638777?page=74&pos=20,
https://www.zenga.hu/ingatlan/kiado-teglalakas-budapest-vi-kerulet/8350190?page=75&pos=1,
https://www.zenga.hu/ingatlan/kiado-teglalakas-budapest-v-kerulet-belvaros/8476180?page=75&pos=2,
https://www.zenga.hu/ingatlan/kiado-teglalakas-budapest-viii-kerulet/8647558?page=75&pos=3,
https://www.zenga.hu/ingatlan/kiado-teglalakas-budapest-vii-kerulet/6073295?page=75&pos=4,
https://www.zenga.hu/ingatlan/kiado-teglalakas-budapest-xi-kerulet/8652676?page=75&pos=5,
https://www.zenga.hu/ingatlan/kiado-teglalakas-budapest-i-kerulet/8681175?page=75&pos=6,
https://www.zenga.hu/ingatlan/kiado-teglalakas-budapest-vi-kerulet/8632162?page=75&pos=7,
https://www.zenga.hu/ingatlan/kiado-teglalakas-budapest-vi-kerulet/8383347?page=75&pos=8,
https://www.zenga.hu/ingatlan/kiado-teglalakas-budapest-vi-kerulet/8678305?page=75&pos=9,
https://www.zenga.hu/ingatlan/kiado-teglalakas-budapest-v-kerulet-lipotvaros/8338008?page=75&pos=10,
https://www.zenga.hu/ingatlan/kiado-teglalakas-budapest-xvi-kerulet-rakosszentmihaly/8591701?page=75&pos=11,
https://www.zenga.hu/ingatlan/kiado-teglalakas-budapest-v-kerulet-belvaros/8672359?page=75&pos=12,
https://www.zenga.hu/ingatlan/kiado-teglalakas-budapest-v-kerulet-belvaros/8674409?page=75&pos=13,
https://www.zenga.hu/ingatlan/kiado-teglalakas-budapest-xi-kerulet-spanyolret/8513217?page=75&pos=14,
https://www.zenga.hu/ingatlan/kiado-teglalakas-budapest-xi-kerulet/8683553?page=75&pos=15,
https://www.zenga.hu/ingatlan/kiado-teglalakas-budapest-i-kerulet/8506610?page=75&pos=16,
https://www.zenga.hu/ingatlan/kiado-teglalakas-budapest-vi-kerulet/8248635?page=75&pos=17,
https://www.zenga.hu/ingatlan/kiado-teglalakas-budapest-vi-kerulet/8431591?page=75&pos=18,
https://www.zenga.hu/ingatlan/kiado-teglalakas-budapest-vi-kerulet/8656706?page=75&pos=19,
https://www.zenga.hu/ingatlan/kiado-teglalakas-budapest-viii-kerulet/8640953?page=75&pos=20,
https://www.zenga.hu/ingatlan/kiado-teglalakas-budapest-ii-kerulet/8605867?page=76&pos=1,
https://www.zenga.hu/ingatlan/kiado-teglalakas-budapest-ii-kerulet-rezmal/8682003?page=76&pos=2,
https://www.zenga.hu/ingatlan/kiado-teglalakas-budapest-ii-kerulet/8680617?page=76&pos=3,
https://www.zenga.hu/ingatlan/kiado-teglalakas-budapest-x-kerulet-kobanya/8622721?page=76&pos=4,
https://www.zenga.hu/ingatlan/kiado-teglalakas-budapest-vii-kerulet-nagykoruton-beluli-terulet/8642406?page=76&pos=5,
https://www.zenga.hu/ingatlan/kiado-teglalakas-budapest-ii-kerulet/8601477?page=76&pos=6,
https://www.zenga.hu/ingatlan/kiado-teglalakas-budapest-vi-kerulet/7449675?page=76&pos=7,
https://www.zenga.hu/ingatlan/kiado-teglalakas-budapest-v-kerulet-belvaros/8211720?page=76&pos=8,
https://www.zenga.hu/ingatlan/kiado-teglalakas-budapest-xiii-kerulet-angyalfold/8675129?page=76&pos=9,
https://www.zenga.hu/ingatlan/kiado-teglalakas-budapest-v-kerulet-belvaros/7988716?page=76&pos=10,
https://www.zenga.hu/ingatlan/kiado-teglalakas-budapest-v-kerulet-belvaros/8539692?page=76&pos=11,
https://www.zenga.hu/ingatlan/kiado-teglalakas-budapest-vii-kerulet/8573141?page=76&pos=12,
https://www.zenga.hu/ingatlan/kiado-teglalakas-budapest-xi-kerulet-albertfalva/8662756?page=76&pos=13,
https://www.zenga.hu/ingatlan/kiado-teglalakas-budapest-xi-kerulet-sasad-sashegy-xi-ker/8675741?page=76&pos=14,
https://www.zenga.hu/ingatlan/kiado-teglalakas-budapest-vii-kerulet/8622674?page=76&pos=15,
https://www.zenga.hu/ingatlan/kiado-teglalakas-budapest-xi-kerulet-budapart/8664107?page=76&pos=16,
https://www.zenga.hu/ingatlan/kiado-teglalakas-budapest-i-kerulet/8670374?page=76&pos=17,
https://www.zenga.hu/ingatlan/kiado-teglalakas-budapest-xii-kerulet-magasut/8681176?page=76&pos=18,
https://www.zenga.hu/ingatlan/kiado-teglalakas-budapest-xiv-kerulet-alsorakos/8625259?page=76&pos=19,
https://www.zenga.hu/ingatlan/kiado-teglalakas-budapest-ii-kerulet-huvosvolgy/8665809?page=76&pos=20,
https://www.zenga.hu/ingatlan/kiado-teglalakas-budapest-ii-kerulet-pasaret/8601475?page=77&pos=1,
https://www.zenga.hu/ingatlan/kiado-teglalakas-budapest-v-kerulet-belvaros/8494134?page=77&pos=2,
https://www.zenga.hu/ingatlan/kiado-teglalakas-budapest-viii-kerulet/8673666?page=77&pos=3,
https://www.zenga.hu/ingatlan/kiado-teglalakas-budapest-vii-kerulet/8646073?page=77&pos=4,
https://www.zenga.hu/ingatlan/kiado-teglalakas-budapest-viii-kerulet/8570413?page=77&pos=5,
https://www.zenga.hu/ingatlan/kiado-teglalakas-budapest-viii-kerulet/8654453?page=77&pos=6,
https://www.zenga.hu/ingatlan/kiado-panellakas-budapest-viii-kerulet-jozsefvaros/8661046?page=77&pos=7,
https://www.zenga.hu/ingatlan/kiado-teglalakas-budapest-vi-kerulet/8334882?page=77&pos=8,
https://www.zenga.hu/ingatlan/kiado-teglalakas-budapest-xvi-kerulet-matyasfold/8615285?page=77&pos=9,
https://www.zenga.hu/ingatlan/kiado-teglalakas-budapest-v-kerulet/8630342?page=77&pos=10,
https://www.zenga.hu/ingatlan/kiado-teglalakas-budapest-vii-kerulet/8675128?page=77&pos=11,
https://www.zenga.hu/ingatlan/kiado-teglalakas-budapest-i-kerulet/8633103?page=77&pos=12,
https://www.zenga.hu/ingatlan/kiado-teglalakas-budapest-xv-kerulet-ujpalota/8656710?page=77&pos=13,
https://www.zenga.hu/ingatlan/kiado-teglalakas-budapest-vi-kerulet/8486308?page=77&pos=14,
https://www.zenga.hu/ingatlan/kiado-teglalakas-budapest-ix-kerulet/8662757?page=77&pos=15,
https://www.zenga.hu/ingatlan/kiado-tarsashazi-lakas-budapest-xiii-kerulet-ujlipotvaros/8439882?page=77&pos=16,
https://www.zenga.hu/ingatlan/kiado-teglalakas-budapest-ii-kerulet-orszagut/8679805?page=77&pos=17,
https://www.zenga.hu/ingatlan/kiado-panellakas-budapest-xiv-kerulet-kiszuglo/8594351?page=77&pos=18,
https://www.zenga.hu/ingatlan/kiado-teglalakas-budapest-i-kerulet/8632151?page=77&pos=19,
https://www.zenga.hu/ingatlan/kiado-teglalakas-budapest-ii-kerulet/8633564?page=77&pos=20,
https://www.zenga.hu/ingatlan/kiado-teglalakas-budapest-vi-kerulet-nagykoruton-kivuli-terulet/8649218?page=78&pos=1,
https://www.zenga.hu/ingatlan/kiado-teglalakas-budapest-ix-kerulet/8605870?page=78&pos=2,
https://www.zenga.hu/ingatlan/kiado-teglalakas-budapest-v-kerulet-belvaros/8464577?page=78&pos=3,
https://www.zenga.hu/ingatlan/kiado-teglalakas-budapest-xiii-kerulet/8625880?page=78&pos=4,
https://www.zenga.hu/ingatlan/kiado-teglalakas-budapest-vi-kerulet/8582264?page=78&pos=5,
https://www.zenga.hu/ingatlan/kiado-teglalakas-budapest-xiii-kerulet-angyalfold/8625884?page=78&pos=6,
https://www.zenga.hu/ingatlan/kiado-teglalakas-budapest-vi-kerulet/8630347?page=78&pos=7,
https://www.zenga.hu/ingatlan/kiado-teglalakas-budapest-viii-kerulet-jozsefvaros/8592601?page=78&pos=8,
https://www.zenga.hu/ingatlan/kiado-teglalakas-budapest-vi-kerulet/8669250?page=78&pos=9,
https://www.zenga.hu/ingatlan/kiado-teglalakas-budapest-ix-kerulet/8675739?page=78&pos=10,
https://www.zenga.hu/ingatlan/kiado-teglalakas-budapest-ix-kerulet/8501611?page=78&pos=11,
https://www.zenga.hu/ingatlan/kiado-teglalakas-budapest-xiv-kerulet-alsorakos/8662750?page=78&pos=12,
https://www.zenga.hu/ingatlan/kiado-teglalakas-budapest-ii-kerulet-szepilona/8500866?page=78&pos=13,
https://www.zenga.hu/ingatlan/kiado-teglalakas-budapest-ii-kerulet/7808562?page=78&pos=14,
https://www.zenga.hu/ingatlan/kiado-teglalakas-budapest-ii-kerulet-harshegy/8401858?page=78&pos=15,
https://www.zenga.hu/ingatlan/kiado-teglalakas-budapest-v-kerulet-belvaros/8522085?page=78&pos=16,
https://www.zenga.hu/ingatlan/kiado-teglalakas-budapest-vi-kerulet/8602877?page=78&pos=17,
https://www.zenga.hu/ingatlan/kiado-teglalakas-budapest-vii-kerulet/8643911?page=78&pos=18,
https://www.zenga.hu/ingatlan/kiado-teglalakas-budapest-i-kerulet/8323378?page=78&pos=19,
https://www.zenga.hu/ingatlan/kiado-teglalakas-budapest-vi-kerulet/8248633?page=78&pos=20,
https://www.zenga.hu/ingatlan/kiado-teglalakas-budapest-xiii-kerulet-angyalfold/8538079?page=79&pos=1,
https://www.zenga.hu/ingatlan/kiado-teglalakas-budapest-v-kerulet-belvaros/8661044?page=79&pos=2,
https://www.zenga.hu/ingatlan/kiado-teglalakas-budapest-vi-kerulet/8630376?page=79&pos=3,
https://www.zenga.hu/ingatlan/kiado-teglalakas-budapest-xiii-kerulet-ujlipotvaros/8678306?page=79&pos=4,
https://www.zenga.hu/ingatlan/kiado-teglalakas-budapest-ix-kerulet/8652027?page=79&pos=5,
https://www.zenga.hu/ingatlan/kiado-teglalakas-budapest-v-kerulet-belvaros/8654452?page=79&pos=6,
https://www.zenga.hu/ingatlan/kiado-teglalakas-budapest-ix-kerulet/8611865?page=79&pos=7,
https://www.zenga.hu/ingatlan/kiado-teglalakas-budapest-ix-kerulet/8658772?page=79&pos=8,
https://www.zenga.hu/ingatlan/kiado-teglalakas-budapest-iii-kerulet-aquincum/8571607?page=79&pos=9,
https://www.zenga.hu/ingatlan/kiado-teglalakas-budapest-ii-kerulet/8657978?page=79&pos=10,
https://www.zenga.hu/ingatlan/kiado-teglalakas-budapest-ix-kerulet/8650595?page=79&pos=11,
https://www.zenga.hu/ingatlan/kiado-teglalakas-budapest-v-kerulet-lipotvaros/8637310?page=79&pos=12,
https://www.zenga.hu/ingatlan/kiado-teglalakas-budapest-ix-kerulet/8675743?page=79&pos=13,
https://www.zenga.hu/ingatlan/kiado-egyeb-lakas-budapest-xi-kerulet/8683676?page=79&pos=14,
https://www.zenga.hu/ingatlan/kiado-teglalakas-budapest-vii-kerulet-nagykoruton-kivuli-terulet/8683775?page=79&pos=15,
https://www.zenga.hu/ingatlan/kiado-teglalakas-budapest-iii-kerulet/8630366?page=79&pos=16,
https://www.zenga.hu/ingatlan/kiado-teglalakas-budapest-xiii-kerulet/8668681?page=79&pos=17,
https://www.zenga.hu/ingatlan/kiado-teglalakas-budapest-v-kerulet/7756989?page=79&pos=18,
https://www.zenga.hu/ingatlan/kiado-teglalakas-budapest-ii-kerulet-pasaret/8580764?page=79&pos=19,
https://www.zenga.hu/ingatlan/kiado-teglalakas-budapest-ii-kerulet/8665806?page=79&pos=20,
https://www.zenga.hu/ingatlan/kiado-teglalakas-budapest-ix-kerulet/8606797?page=80&pos=1,
https://www.zenga.hu/ingatlan/kiado-teglalakas-budapest-vii-kerulet/7598352?page=80&pos=2,
https://www.zenga.hu/ingatlan/kiado-teglalakas-budapest-ii-kerulet-torokvesz/8419693?page=80&pos=3,
https://www.zenga.hu/ingatlan/kiado-teglalakas-budapest-ii-kerulet-zoldmal/8655438?page=80&pos=4,
https://www.zenga.hu/ingatlan/kiado-teglalakas-budapest-xiv-kerulet-alsorakos/8647548?page=80&pos=5,
https://www.zenga.hu/ingatlan/kiado-teglalakas-budapest-vi-kerulet/8577546?page=80&pos=6,
https://www.zenga.hu/ingatlan/kiado-teglalakas-budapest-vii-kerulet/8630364?page=80&pos=7,
https://www.zenga.hu/ingatlan/kiado-teglalakas-budapest-vi-kerulet/8630348?page=80&pos=8,
https://www.zenga.hu/ingatlan/kiado-teglalakas-budapest-viii-kerulet/8603537?page=80&pos=9,
https://www.zenga.hu/ingatlan/kiado-teglalakas-budapest-viii-kerulet/8681218?page=80&pos=10,
https://www.zenga.hu/ingatlan/kiado-teglalakas-budapest-ii-kerulet-rezmal/7937324?page=80&pos=11,
https://www.zenga.hu/ingatlan/kiado-teglalakas-budapest-v-kerulet-belvaros/8264980?page=80&pos=12,
https://www.zenga.hu/ingatlan/kiado-teglalakas-budapest-vii-kerulet/8552715?page=80&pos=13,
https://www.zenga.hu/ingatlan/kiado-teglalakas-budapest-vi-kerulet/8617448?page=80&pos=14,
https://www.zenga.hu/ingatlan/kiado-teglalakas-budapest-xii-kerulet-kissvabhegy/8242523?page=80&pos=15,
https://www.zenga.hu/ingatlan/kiado-teglalakas-budapest-vii-kerulet-nagykoruton-beluli-terulet/8427186?page=80&pos=16,
https://www.zenga.hu/ingatlan/kiado-teglalakas-budapest-vii-kerulet/8102346?page=80&pos=17,
https://www.zenga.hu/ingatlan/kiado-teglalakas-budapest-ix-kerulet/8613321?page=80&pos=18,
https://www.zenga.hu/ingatlan/kiado-teglalakas-budapest-iii-kerulet/8657332?page=80&pos=19,
https://www.zenga.hu/ingatlan/kiado-teglalakas-budapest-v-kerulet-belvaros/8494136?page=80&pos=20,
https://www.zenga.hu/ingatlan/kiado-teglalakas-budapest-vi-kerulet/8630324?page=81&pos=1,
https://www.zenga.hu/ingatlan/kiado-teglalakas-budapest-v-kerulet-belvaros/8459185?page=81&pos=2,
https://www.zenga.hu/ingatlan/kiado-teglalakas-budapest-xi-kerulet/8650583?page=81&pos=3,
https://www.zenga.hu/ingatlan/kiado-teglalakas-budapest-ii-kerulet-zoldmal/8579408?page=81&pos=4,
https://www.zenga.hu/ingatlan/kiado-teglalakas-budapest-vii-kerulet/8679797?page=81&pos=5,
https://www.zenga.hu/ingatlan/kiado-teglalakas-budapest-i-kerulet/8667200?page=81&pos=6,
https://www.zenga.hu/ingatlan/kiado-teglalakas-budapest-viii-kerulet/8630356?page=81&pos=7,
https://www.zenga.hu/ingatlan/kiado-teglalakas-budapest-vii-kerulet-nagykoruton-kivuli-terulet/8645290?page=81&pos=8,
https://www.zenga.hu/ingatlan/kiado-teglalakas-budapest-xiii-kerulet/8676401?page=81&pos=9,
https://www.zenga.hu/ingatlan/kiado-teglalakas-budapest-ii-kerulet-szemlohegy/8265453?page=81&pos=10,
https://www.zenga.hu/ingatlan/kiado-teglalakas-budapest-viii-kerulet/8435709?page=81&pos=11,
https://www.zenga.hu/ingatlan/kiado-teglalakas-budapest-xi-kerulet/8682733?page=81&pos=12,
https://www.zenga.hu/ingatlan/kiado-teglalakas-budapest-v-kerulet-lipotvaros/8346372?page=81&pos=13,
https://www.zenga.hu/ingatlan/kiado-teglalakas-budapest-xiii-kerulet/8568119?page=81&pos=14,
https://www.zenga.hu/ingatlan/kiado-teglalakas-budapest-xiv-kerulet-zuglo/8672358?page=81&pos=15,
https://www.zenga.hu/ingatlan/kiado-teglalakas-budapest-xiii-kerulet-ujlipotvaros/8611233?page=81&pos=16,
https://www.zenga.hu/ingatlan/kiado-teglalakas-budapest-xi-kerulet-sasad-sashegy-xi-ker/8619591?page=81&pos=17,
https://www.zenga.hu/ingatlan/kiado-egyeb-lakas-budapest-v-kerulet/8658585?page=81&pos=18,
https://www.zenga.hu/ingatlan/kiado-teglalakas-budapest-ix-kerulet-gubacsidulo/8682137?page=81&pos=19,
https://www.zenga.hu/ingatlan/kiado-teglalakas-budapest-i-kerulet/8682136?page=81&pos=20,
https://www.zenga.hu/ingatlan/kiado-teglalakas-budapest-v-kerulet/8681887?page=82&pos=1,
https://www.zenga.hu/ingatlan/kiado-teglalakas-budapest-vi-kerulet/8658893?page=82&pos=2,
https://www.zenga.hu/ingatlan/kiado-teglalakas-budapest-xiii-kerulet-angyalfold/8682006?page=82&pos=3,
https://www.zenga.hu/ingatlan/kiado-teglalakas-budapest-ix-kerulet/8682134?page=82&pos=4,
https://www.zenga.hu/ingatlan/kiado-teglalakas-budapest-vii-kerulet/8679436?page=82&pos=5,
https://www.zenga.hu/ingatlan/kiado-teglalakas-budapest-xiii-kerulet-loportardulo/8682139?page=82&pos=6,
https://www.zenga.hu/ingatlan/kiado-teglalakas-budapest-i-kerulet/8682728?page=82&pos=7,
https://www.zenga.hu/ingatlan/kiado-teglalakas-budapest-v-kerulet/8681885?page=82&pos=8,
https://www.zenga.hu/ingatlan/kiado-tarsashazi-lakas-budapest-vi-kerulet-nagykoruton-beluli-terulet/8677984?page=82&pos=9,
https://www.zenga.hu/ingatlan/kiado-teglalakas-budapest-vii-kerulet-nagykoruton-beluli-terulet/8239277?page=82&pos=10,
https://www.zenga.hu/ingatlan/kiado-teglalakas-budapest-xiii-kerulet/8676627?page=82&pos=11,
https://www.zenga.hu/ingatlan/kiado-teglalakas-budapest-iii-kerulet-obuda/8682384?page=82&pos=12,
https://www.zenga.hu/ingatlan/kiado-teglalakas-budapest-v-kerulet/8682132?page=82&pos=13,
https://www.zenga.hu/ingatlan/kiado-teglalakas-budapest-iii-kerulet/8682563?page=82&pos=14,
https://www.zenga.hu/ingatlan/kiado-teglalakas-budapest-xii-kerulet-nemetvolgy/8682316?page=82&pos=15,
https://www.zenga.hu/ingatlan/kiado-teglalakas-budapest-ix-kerulet/8682663?page=82&pos=16,
https://www.zenga.hu/ingatlan/kiado-teglalakas-budapest-ii-kerulet-szemlohegy/8679701?page=82&pos=17,
https://www.zenga.hu/ingatlan/kiado-teglalakas-budapest-xiii-kerulet/8662746?page=82&pos=18,
https://www.zenga.hu/ingatlan/kiado-panellakas-budapest-xiii-kerulet-angyalfold/8682360?page=82&pos=19,
https://www.zenga.hu/ingatlan/kiado-teglalakas-budapest-vi-kerulet/8650579?page=82&pos=20,
https://www.zenga.hu/ingatlan/kiado-teglalakas-budapest-vii-kerulet/8682623?page=83&pos=1,
https://www.zenga.hu/ingatlan/kiado-teglalakas-budapest-vi-kerulet/8392226?page=83&pos=2,
https://www.zenga.hu/ingatlan/kiado-egyeb-lakas-budapest-ii-kerulet/8576014?page=83&pos=3,
https://www.zenga.hu/ingatlan/kiado-teglalakas-budapest-xiv-kerulet-herminamezo/8666836?page=83&pos=4,
https://www.zenga.hu/ingatlan/kiado-teglalakas-budapest-vi-kerulet-nagykoruton-beluli-terulet/8682289?page=83&pos=5,
https://www.zenga.hu/ingatlan/kiado-teglalakas-budapest-v-kerulet-belvaros/8538966?page=83&pos=6,
https://www.zenga.hu/ingatlan/kiado-teglalakas-budapest-xxi-kerulet-gyartelep/8682465?page=83&pos=7,
https://www.zenga.hu/ingatlan/kiado-teglalakas-budapest-vii-kerulet/8654481?page=83&pos=8,
https://www.zenga.hu/ingatlan/kiado-teglalakas-budapest-vii-kerulet/8682138?page=83&pos=9,
https://www.zenga.hu/ingatlan/kiado-teglalakas-budapest-xix-kerulet-felso-kispest/8680969?page=83&pos=10,
https://www.zenga.hu/ingatlan/kiado-teglalakas-budapest-vi-kerulet/8677553?page=83&pos=11,
https://www.zenga.hu/ingatlan/kiado-teglalakas-budapest-vii-kerulet-nagykoruton-beluli-terulet/8682117?page=83&pos=12,
https://www.zenga.hu/ingatlan/kiado-teglalakas-budapest-xii-kerulet-diosarok/8500575?page=83&pos=13,
https://www.zenga.hu/ingatlan/kiado-teglalakas-budapest-viii-kerulet/8682135?page=83&pos=14,
https://www.zenga.hu/ingatlan/kiado-teglalakas-budapest-vi-kerulet/8514682?page=83&pos=15,
https://www.zenga.hu/ingatlan/kiado-teglalakas-budapest-v-kerulet/8628598?page=83&pos=16,
https://www.zenga.hu/ingatlan/kiado-teglalakas-budapest-xviii-kerulet-gloriett-telep/8682382?page=83&pos=17,
https://www.zenga.hu/ingatlan/kiado-teglalakas-budapest-ix-kerulet-rehabilitacios-terulet-ix-/8513298?page=83&pos=18,
https://www.zenga.hu/ingatlan/kiado-teglalakas-budapest-xii-kerulet/8644818?page=83&pos=19,
https://www.zenga.hu/ingatlan/kiado-teglalakas-budapest-ii-kerulet-orszagut/8680972?page=83&pos=20,
https://www.zenga.hu/ingatlan/kiado-teglalakas-budapest-v-kerulet/8669361?page=84&pos=1,
https://www.zenga.hu/ingatlan/kiado-teglalakas-budapest-xi-kerulet-spanyolret/8306511?page=84&pos=2,
https://www.zenga.hu/ingatlan/kiado-teglalakas-budapest-xii-kerulet/8454512?page=84&pos=3,
https://www.zenga.hu/ingatlan/kiado-teglalakas-budapest-ix-kerulet/8669578?page=84&pos=4,
https://www.zenga.hu/ingatlan/kiado-teglalakas-budapest-vi-kerulet/8585189?page=84&pos=5,
https://www.zenga.hu/ingatlan/kiado-teglalakas-budapest-vi-kerulet-diplomatanegyed/8579924?page=84&pos=6,
https://www.zenga.hu/ingatlan/kiado-teglalakas-budapest-xiii-kerulet/8625046?page=84&pos=7,
https://www.zenga.hu/ingatlan/kiado-teglalakas-budapest-vi-kerulet/8674403?page=84&pos=8,
https://www.zenga.hu/ingatlan/kiado-teglalakas-budapest-xii-kerulet-nemetvolgy/8582957?page=84&pos=9,
https://www.zenga.hu/ingatlan/kiado-teglalakas-budapest-vi-kerulet/8598953?page=84&pos=10,
https://www.zenga.hu/ingatlan/kiado-teglalakas-budapest-v-kerulet/8258024?page=84&pos=11,
https://www.zenga.hu/ingatlan/kiado-teglalakas-budapest-ii-kerulet-harshegy/8657026?page=84&pos=12,
https://www.zenga.hu/ingatlan/kiado-teglalakas-budapest-v-kerulet-belvaros/7780881?page=84&pos=13,
https://www.zenga.hu/ingatlan/kiado-teglalakas-budapest-v-kerulet/8602176?page=84&pos=14,
https://www.zenga.hu/ingatlan/kiado-teglalakas-budapest-vi-kerulet/8359223?page=84&pos=15,
https://www.zenga.hu/ingatlan/kiado-teglalakas-budapest-viii-kerulet/8620411?page=84&pos=16,
https://www.zenga.hu/ingatlan/kiado-teglalakas-budapest-ix-kerulet/8662644?page=84&pos=17,
https://www.zenga.hu/ingatlan/kiado-teglalakas-budapest-i-kerulet/8631307?page=84&pos=18,
https://www.zenga.hu/ingatlan/kiado-teglalakas-budapest-i-kerulet/7865978?page=84&pos=19,
https://www.zenga.hu/ingatlan/kiado-teglalakas-budapest-vii-kerulet/8212451?page=84&pos=20,
https://www.zenga.hu/ingatlan/kiado-teglalakas-budapest-xviii-kerulet/8408599?page=85&pos=1,
https://www.zenga.hu/ingatlan/kiado-teglalakas-budapest-v-kerulet/8526405?page=85&pos=2,
https://www.zenga.hu/ingatlan/kiado-teglalakas-budapest-vi-kerulet/8585029?page=85&pos=3,
https://www.zenga.hu/ingatlan/kiado-teglalakas-budapest-v-kerulet/7977928?page=85&pos=4,
https://www.zenga.hu/ingatlan/kiado-teglalakas-budapest-xiii-kerulet/8681174?page=85&pos=5,
https://www.zenga.hu/ingatlan/kiado-teglalakas-budapest-x-kerulet/8675346?page=85&pos=6,
https://www.zenga.hu/ingatlan/kiado-teglalakas-budapest-ii-kerulet/8637352?page=85&pos=7,
https://www.zenga.hu/ingatlan/kiado-teglalakas-budapest-ii-kerulet/7963930?page=85&pos=8,
https://www.zenga.hu/ingatlan/kiado-teglalakas-budapest-iii-kerulet-romaifurdo/8657025?page=85&pos=9,
https://www.zenga.hu/ingatlan/kiado-teglalakas-budapest-vi-kerulet/8531205?page=85&pos=10,
https://www.zenga.hu/ingatlan/kiado-teglalakas-budapest-xiv-kerulet/8457784?page=85&pos=11,
https://www.zenga.hu/ingatlan/kiado-teglalakas-budapest-vi-kerulet/8613403?page=85&pos=12,
https://www.zenga.hu/ingatlan/kiado-teglalakas-budapest-ii-kerulet/8679742?page=85&pos=13,
https://www.zenga.hu/ingatlan/kiado-teglalakas-budapest-vi-kerulet/8587481?page=85&pos=14,
https://www.zenga.hu/ingatlan/kiado-teglalakas-budapest-xi-kerulet-sasad-sashegy-xi-ker/8629617?page=85&pos=15,
https://www.zenga.hu/ingatlan/kiado-csusztatott-zsalus-lakas-budapest-iii-kerulet/8663619?page=85&pos=16,
https://www.zenga.hu/ingatlan/kiado-teglalakas-budapest-vi-kerulet/8631321?page=85&pos=17,
https://www.zenga.hu/ingatlan/kiado-teglalakas-budapest-v-kerulet/8668740?page=85&pos=18,
https://www.zenga.hu/ingatlan/kiado-teglalakas-budapest-xiii-kerulet/8598957?page=85&pos=19,
https://www.zenga.hu/ingatlan/kiado-teglalakas-budapest-vi-kerulet/8677949?page=85&pos=20,
https://www.zenga.hu/ingatlan/kiado-teglalakas-budapest-xi-kerulet/8667118?page=86&pos=1,
https://www.zenga.hu/ingatlan/kiado-teglalakas-budapest-ix-kerulet/8680518?page=86&pos=2,
https://www.zenga.hu/ingatlan/kiado-teglalakas-budapest-xiii-kerulet/8669392?page=86&pos=3,
https://www.zenga.hu/ingatlan/kiado-teglalakas-budapest-v-kerulet-belvaros/8616660?page=86&pos=4,
https://www.zenga.hu/ingatlan/kiado-teglalakas-budapest-xiii-kerulet/8679773?page=86&pos=5,
https://www.zenga.hu/ingatlan/kiado-teglalakas-budapest-xviii-kerulet/8650494?page=86&pos=6,
https://www.zenga.hu/ingatlan/kiado-teglalakas-budapest-xii-kerulet/8632205?page=86&pos=7,
https://www.zenga.hu/ingatlan/kiado-teglalakas-budapest-v-kerulet-del-belvaros/7573982?page=86&pos=8,
https://www.zenga.hu/ingatlan/kiado-teglalakas-budapest-i-kerulet/8223520?page=86&pos=9,
https://www.zenga.hu/ingatlan/kiado-teglalakas-budapest-v-kerulet/8416601?page=86&pos=10,
https://www.zenga.hu/ingatlan/kiado-panellakas-budapest-xiv-kerulet/8668732?page=86&pos=11,
https://www.zenga.hu/ingatlan/kiado-teglalakas-budapest-xiv-kerulet/8670914?page=86&pos=12,
https://www.zenga.hu/ingatlan/kiado-teglalakas-budapest-xviii-kerulet-ferihegy/8577560?page=86&pos=13,
https://www.zenga.hu/ingatlan/kiado-teglalakas-budapest-xi-kerulet-nadorkert/8622756?page=86&pos=14,
https://www.zenga.hu/ingatlan/kiado-teglalakas-budapest-ix-kerulet/8633613?page=86&pos=15,
https://www.zenga.hu/ingatlan/kiado-teglalakas-budapest-v-kerulet/8577626?page=86&pos=16,
https://www.zenga.hu/ingatlan/kiado-teglalakas-budapest-v-kerulet/8623837?page=86&pos=17,
https://www.zenga.hu/ingatlan/kiado-teglalakas-budapest-vii-kerulet/8664976?page=86&pos=18,
https://www.zenga.hu/ingatlan/kiado-teglalakas-budapest-v-kerulet/8352594?page=86&pos=19,
https://www.zenga.hu/ingatlan/kiado-teglalakas-budapest-xi-kerulet/8569854?page=86&pos=20,
https://www.zenga.hu/ingatlan/kiado-teglalakas-budapest-viii-kerulet-palotanegyed/8653692?page=87&pos=1,
https://www.zenga.hu/ingatlan/kiado-teglalakas-budapest-ix-kerulet-belso-ferencvaros/8673957?page=87&pos=2,
https://www.zenga.hu/ingatlan/kiado-teglalakas-budapest-vi-kerulet/8562420?page=87&pos=3,
https://www.zenga.hu/ingatlan/kiado-teglalakas-budapest-iii-kerulet/8661308?page=87&pos=4,
https://www.zenga.hu/ingatlan/kiado-teglalakas-budapest-viii-kerulet/8459122?page=87&pos=5,
https://www.zenga.hu/ingatlan/kiado-teglalakas-budapest-ii-kerulet/8659902?page=87&pos=6,
https://www.zenga.hu/ingatlan/kiado-teglalakas-budapest-vi-kerulet/8669849?page=87&pos=7,
https://www.zenga.hu/ingatlan/kiado-teglalakas-budapest-ix-kerulet/8669579?page=87&pos=8,
https://www.zenga.hu/ingatlan/kiado-teglalakas-budapest-xi-kerulet-spanyolret/8582323?page=87&pos=9,
https://www.zenga.hu/ingatlan/kiado-teglalakas-budapest-xix-kerulet/8522051?page=87&pos=10,
https://www.zenga.hu/ingatlan/kiado-teglalakas-budapest-vi-kerulet/8680504?page=87&pos=11,
https://www.zenga.hu/ingatlan/kiado-teglalakas-budapest-xii-kerulet-kissvabhegy/8546761?page=87&pos=12,
https://www.zenga.hu/ingatlan/kiado-teglalakas-budapest-v-kerulet-bank-negyed/8658093?page=87&pos=13,
https://www.zenga.hu/ingatlan/kiado-teglalakas-budapest-v-kerulet/8352595?page=87&pos=14,
https://www.zenga.hu/ingatlan/kiado-teglalakas-budapest-xiii-kerulet-vizafogo/8569856?page=87&pos=15,
https://www.zenga.hu/ingatlan/kiado-teglalakas-budapest-v-kerulet-belvaros/8605675?page=87&pos=16,
https://www.zenga.hu/ingatlan/kiado-teglalakas-budapest-ix-kerulet-belso-ferencvaros/8506668?page=87&pos=17,
https://www.zenga.hu/ingatlan/kiado-teglalakas-budapest-iii-kerulet/8665758?page=87&pos=18,
https://www.zenga.hu/ingatlan/kiado-teglalakas-budapest-v-kerulet-belvaros/8642525?page=87&pos=19,
https://www.zenga.hu/ingatlan/kiado-teglalakas-budapest-iii-kerulet/8577584?page=87&pos=20,
https://www.zenga.hu/ingatlan/kiado-teglalakas-budapest-ix-kerulet/8651626?page=88&pos=1,
https://www.zenga.hu/ingatlan/kiado-teglalakas-budapest-viii-kerulet/8580025?page=88&pos=2,
https://www.zenga.hu/ingatlan/kiado-teglalakas-budapest-xiii-kerulet-angyalfold/8625090?page=88&pos=3,
https://www.zenga.hu/ingatlan/kiado-teglalakas-budapest-xii-kerulet/8496433?page=88&pos=4,
https://www.zenga.hu/ingatlan/kiado-teglalakas-budapest-v-kerulet/8577501?page=88&pos=5,
https://www.zenga.hu/ingatlan/kiado-egyeb-lakas-budapest-xi-kerulet-madarhegy/7721458?page=88&pos=6,
https://www.zenga.hu/ingatlan/kiado-teglalakas-budapest-vi-kerulet/8679221?page=88&pos=7,
https://www.zenga.hu/ingatlan/kiado-teglalakas-budapest-iii-kerulet/8675700?page=88&pos=8,
https://www.zenga.hu/ingatlan/kiado-teglalakas-budapest-i-kerulet/8275094?page=88&pos=9,
https://www.zenga.hu/ingatlan/kiado-teglalakas-budapest-viii-kerulet/8445994?page=88&pos=10,
https://www.zenga.hu/ingatlan/kiado-teglalakas-budapest-vi-kerulet/8583051?page=88&pos=11,
https://www.zenga.hu/ingatlan/kiado-teglalakas-budapest-xii-kerulet/8579358?page=88&pos=12,
https://www.zenga.hu/ingatlan/kiado-teglalakas-budapest-viii-kerulet/8677950?page=88&pos=13,
https://www.zenga.hu/ingatlan/kiado-teglalakas-budapest-v-kerulet/8466949?page=88&pos=14,
https://www.zenga.hu/ingatlan/kiado-teglalakas-budapest-xiii-kerulet/8615003?page=88&pos=15,
https://www.zenga.hu/ingatlan/kiado-teglalakas-budapest-ii-kerulet/8577491?page=88&pos=16,
https://www.zenga.hu/ingatlan/kiado-teglalakas-budapest-xiii-kerulet/8622346?page=88&pos=17,
https://www.zenga.hu/ingatlan/kiado-teglalakas-budapest-v-kerulet-belvaros/7371018?page=88&pos=18,
https://www.zenga.hu/ingatlan/kiado-teglalakas-budapest-vii-kerulet/8603716?page=88&pos=19,
https://www.zenga.hu/ingatlan/kiado-teglalakas-budapest-xiv-kerulet/8574487?page=88&pos=20,
https://www.zenga.hu/ingatlan/kiado-teglalakas-budapest-vii-kerulet/8622054?page=89&pos=1,
https://www.zenga.hu/ingatlan/kiado-teglalakas-budapest-ix-kerulet/8670912?page=89&pos=2,
https://www.zenga.hu/ingatlan/kiado-egyeb-lakas-budapest-viii-kerulet/8680636?page=89&pos=3,
https://www.zenga.hu/ingatlan/kiado-teglalakas-budapest-viii-kerulet/8642996?page=89&pos=4,
https://www.zenga.hu/ingatlan/kiado-teglalakas-budapest-v-kerulet/8512375?page=89&pos=5,
https://www.zenga.hu/ingatlan/kiado-teglalakas-budapest-xii-kerulet/8667132?page=89&pos=6,
https://www.zenga.hu/ingatlan/kiado-teglalakas-budapest-xi-kerulet-lagymanyos/8673973?page=89&pos=7,
https://www.zenga.hu/ingatlan/kiado-teglalakas-budapest-vi-kerulet/8347584?page=89&pos=8,
https://www.zenga.hu/ingatlan/kiado-teglalakas-budapest-vii-kerulet/8617886?page=89&pos=9,
https://www.zenga.hu/ingatlan/kiado-teglalakas-budapest-v-kerulet/8568898?page=89&pos=10,
https://www.zenga.hu/ingatlan/kiado-teglalakas-budapest-i-kerulet/8562004?page=89&pos=11,
https://www.zenga.hu/ingatlan/kiado-teglalakas-budapest-v-kerulet-lipotvaros/8577588?page=89&pos=12,
https://www.zenga.hu/ingatlan/kiado-teglalakas-budapest-ix-kerulet-kozepso-ferencvaros/8623684?page=89&pos=13,
https://www.zenga.hu/ingatlan/kiado-teglalakas-budapest-xi-kerulet/8567330?page=89&pos=14,
https://www.zenga.hu/ingatlan/kiado-teglalakas-budapest-xiii-kerulet/8661909?page=89&pos=15,
https://www.zenga.hu/ingatlan/kiado-teglalakas-budapest-xii-kerulet/8524655?page=89&pos=16,
https://www.zenga.hu/ingatlan/kiado-teglalakas-budapest-iii-kerulet-filatorigat/8603621?page=89&pos=17,
https://www.zenga.hu/ingatlan/kiado-teglalakas-budapest-xii-kerulet/8639527?page=89&pos=18,
https://www.zenga.hu/ingatlan/kiado-teglalakas-budapest-viii-kerulet/8674402?page=89&pos=19,
https://www.zenga.hu/ingatlan/kiado-teglalakas-budapest-i-kerulet/8668092?page=89&pos=20,
https://www.zenga.hu/ingatlan/kiado-teglalakas-budapest-xii-kerulet/8679766?page=90&pos=1,
https://www.zenga.hu/ingatlan/kiado-teglalakas-budapest-vi-kerulet/8355489?page=90&pos=2,
https://www.zenga.hu/ingatlan/kiado-teglalakas-budapest-iii-kerulet-taborhegy/8571147?page=90&pos=3,
https://www.zenga.hu/ingatlan/kiado-teglalakas-budapest-xv-kerulet/8630242?page=90&pos=4,
https://www.zenga.hu/ingatlan/kiado-teglalakas-budapest-iii-kerulet/8413502?page=90&pos=5,
https://www.zenga.hu/ingatlan/kiado-teglalakas-budapest-vi-kerulet/8671960?page=90&pos=6,
https://www.zenga.hu/ingatlan/kiado-teglalakas-budapest-xiii-kerulet/8222829?page=90&pos=7,
https://www.zenga.hu/ingatlan/kiado-teglalakas-budapest-vii-kerulet/8531206?page=90&pos=8,
https://www.zenga.hu/ingatlan/kiado-teglalakas-budapest-xiii-kerulet-ujlipotvaros/7730334?page=90&pos=9,
https://www.zenga.hu/ingatlan/kiado-teglalakas-budapest-viii-kerulet-palotanegyed/8494248?page=90&pos=10,
https://www.zenga.hu/ingatlan/kiado-teglalakas-budapest-xiii-kerulet/8568914?page=90&pos=11,
https://www.zenga.hu/ingatlan/kiado-teglalakas-budapest-xviii-kerulet/8618570?page=90&pos=12,
https://www.zenga.hu/ingatlan/kiado-teglalakas-budapest-xiii-kerulet/8662317?page=90&pos=13,
https://www.zenga.hu/ingatlan/kiado-teglalakas-budapest-v-kerulet/8573099?page=90&pos=14,
https://www.zenga.hu/ingatlan/kiado-teglalakas-budapest-v-kerulet/8496501?page=90&pos=15,
https://www.zenga.hu/ingatlan/kiado-teglalakas-budapest-v-kerulet/8577523?page=90&pos=16,
https://www.zenga.hu/ingatlan/kiado-teglalakas-budapest-v-kerulet/8664024?page=90&pos=17,
https://www.zenga.hu/ingatlan/kiado-panellakas-budapest-xx-kerulet/8533494?page=90&pos=18,
https://www.zenga.hu/ingatlan/kiado-teglalakas-budapest-vi-kerulet/7658749?page=90&pos=19,
https://www.zenga.hu/ingatlan/kiado-teglalakas-budapest-vi-kerulet/8651476?page=90&pos=20,
https://www.zenga.hu/ingatlan/kiado-teglalakas-budapest-v-kerulet-belvaros/8649784?page=91&pos=1,
https://www.zenga.hu/ingatlan/kiado-teglalakas-budapest-v-kerulet/8671893?page=91&pos=2,
https://www.zenga.hu/ingatlan/kiado-teglalakas-budapest-viii-kerulet/8631375?page=91&pos=3,
https://www.zenga.hu/ingatlan/kiado-teglalakas-budapest-vi-kerulet/8355486?page=91&pos=4,
https://www.zenga.hu/ingatlan/kiado-teglalakas-budapest-ii-kerulet/8501154?page=91&pos=5,
https://www.zenga.hu/ingatlan/kiado-teglalakas-budapest-vi-kerulet/8577582?page=91&pos=6,
https://www.zenga.hu/ingatlan/kiado-teglalakas-budapest-ii-kerulet/8598954?page=91&pos=7,
https://www.zenga.hu/ingatlan/kiado-teglalakas-budapest-ii-kerulet/8119044?page=91&pos=8,
https://www.zenga.hu/ingatlan/kiado-teglalakas-budapest-v-kerulet-lipotvaros/8597080?page=91&pos=9,
https://www.zenga.hu/ingatlan/kiado-teglalakas-budapest-xiii-kerulet/8578024?page=91&pos=10,
https://www.zenga.hu/ingatlan/kiado-teglalakas-budapest-xii-kerulet/8580748?page=91&pos=11,
https://www.zenga.hu/ingatlan/kiado-teglalakas-budapest-v-kerulet-belvaros/8574483?page=91&pos=12,
https://www.zenga.hu/ingatlan/kiado-teglalakas-budapest-vii-kerulet-nagykoruton-beluli-terulet/8463807?page=91&pos=13,
https://www.zenga.hu/ingatlan/kiado-teglalakas-budapest-vi-kerulet/8595746?page=91&pos=14,
https://www.zenga.hu/ingatlan/kiado-teglalakas-budapest-iii-kerulet/8469331?page=91&pos=15,
https://www.zenga.hu/ingatlan/kiado-teglalakas-budapest-vi-kerulet/8459173?page=91&pos=16,
https://www.zenga.hu/ingatlan/kiado-teglalakas-budapest-viii-kerulet-kerepesdulo/8660047?page=91&pos=17,
https://www.zenga.hu/ingatlan/kiado-teglalakas-budapest-v-kerulet/8449076?page=91&pos=18,
https://www.zenga.hu/ingatlan/kiado-teglalakas-budapest-v-kerulet/8649834?page=91&pos=19,
https://www.zenga.hu/ingatlan/kiado-teglalakas-budapest-vi-kerulet/7705522?page=91&pos=20,
https://www.zenga.hu/ingatlan/kiado-teglalakas-budapest-xi-kerulet-kelenfold/8599308?page=92&pos=1,
https://www.zenga.hu/ingatlan/kiado-teglalakas-budapest-xi-kerulet-kelenfold/8411890?page=92&pos=2,
https://www.zenga.hu/ingatlan/kiado-teglalakas-budapest-vi-kerulet/8527422?page=92&pos=3,
https://www.zenga.hu/ingatlan/kiado-teglalakas-budapest-vi-kerulet/8466951?page=92&pos=4,
https://www.zenga.hu/ingatlan/kiado-teglalakas-budapest-i-kerulet/8561151?page=92&pos=5,
https://www.zenga.hu/ingatlan/kiado-teglalakas-budapest-i-kerulet-naphegy/8661160?page=92&pos=6,
https://www.zenga.hu/ingatlan/kiado-teglalakas-budapest-v-kerulet-belvaros/8642479?page=92&pos=7,
https://www.zenga.hu/ingatlan/kiado-teglalakas-budapest-xi-kerulet/8674405?page=92&pos=8,
https://www.zenga.hu/ingatlan/kiado-teglalakas-budapest-vi-kerulet/8595779?page=92&pos=9,
https://www.zenga.hu/ingatlan/kiado-teglalakas-budapest-viii-kerulet/8670423?page=92&pos=10,
https://www.zenga.hu/ingatlan/kiado-teglalakas-budapest-xi-kerulet/8644110?page=92&pos=11,
https://www.zenga.hu/ingatlan/kiado-teglalakas-budapest-vi-kerulet/8421269?page=92&pos=12,
https://www.zenga.hu/ingatlan/kiado-teglalakas-budapest-vii-kerulet/8680524?page=92&pos=13,
https://www.zenga.hu/ingatlan/kiado-teglalakas-budapest-vi-kerulet/8399186?page=92&pos=14,
https://www.zenga.hu/ingatlan/kiado-teglalakas-budapest-xi-kerulet-szentimrevaros/8649765?page=92&pos=15,
https://www.zenga.hu/ingatlan/kiado-teglalakas-budapest-xiii-kerulet/8497516?page=92&pos=16,
https://www.zenga.hu/ingatlan/kiado-egyeb-lakas-budapest-ii-kerulet/8577527?page=92&pos=17,
https://www.zenga.hu/ingatlan/kiado-teglalakas-budapest-viii-kerulet/8664061?page=92&pos=18,
https://www.zenga.hu/ingatlan/kiado-teglalakas-budapest-xiii-kerulet/7999081?page=92&pos=19,
https://www.zenga.hu/ingatlan/kiado-teglalakas-budapest-vii-kerulet/8268923?page=92&pos=20,
https://www.zenga.hu/ingatlan/kiado-teglalakas-budapest-ii-kerulet-kurucles/8608373?page=93&pos=1,
https://www.zenga.hu/ingatlan/kiado-teglalakas-budapest-v-kerulet/8428604?page=93&pos=2,
https://www.zenga.hu/ingatlan/kiado-teglalakas-budapest-v-kerulet/8347520?page=93&pos=3,
https://www.zenga.hu/ingatlan/kiado-teglalakas-budapest-vii-kerulet/8617884?page=93&pos=4,
https://www.zenga.hu/ingatlan/kiado-teglalakas-budapest-xiv-kerulet/8650480?page=93&pos=5,
https://www.zenga.hu/ingatlan/kiado-teglalakas-budapest-ix-kerulet/8651472?page=93&pos=6,
https://www.zenga.hu/ingatlan/kiado-teglalakas-budapest-ii-kerulet-rozsadomb/8679355?page=93&pos=7,
https://www.zenga.hu/ingatlan/kiado-teglalakas-budapest-xvi-kerulet-cinkota/8426088?page=93&pos=8,
https://www.zenga.hu/ingatlan/kiado-teglalakas-budapest-ii-kerulet-orszagut/8584328?page=93&pos=9,
https://www.zenga.hu/ingatlan/kiado-egyeb-lakas-budapest-ix-kerulet/8616659?page=93&pos=10,
https://www.zenga.hu/ingatlan/kiado-teglalakas-budapest-vi-kerulet/8622051?page=93&pos=11,
https://www.zenga.hu/ingatlan/kiado-teglalakas-budapest-ii-kerulet/8635056?page=93&pos=12,
https://www.zenga.hu/ingatlan/kiado-teglalakas-budapest-vi-kerulet/7900241?page=93&pos=13,
https://www.zenga.hu/ingatlan/kiado-teglalakas-budapest-v-kerulet-belvaros/7546450?page=93&pos=14,
https://www.zenga.hu/ingatlan/kiado-teglalakas-budapest-vi-kerulet/8359224?page=93&pos=15,
https://www.zenga.hu/ingatlan/kiado-teglalakas-budapest-ix-kerulet/8662704?page=93&pos=16,
https://www.zenga.hu/ingatlan/kiado-teglalakas-budapest-xiv-kerulet/8457743?page=93&pos=17,
https://www.zenga.hu/ingatlan/kiado-teglalakas-budapest-vi-kerulet/8434586?page=93&pos=18,
https://www.zenga.hu/ingatlan/kiado-teglalakas-budapest-ix-kerulet/8577580?page=93&pos=19,
https://www.zenga.hu/ingatlan/kiado-teglalakas-budapest-xiii-kerulet/8650648?page=93&pos=20,
https://www.zenga.hu/ingatlan/kiado-teglalakas-budapest-iii-kerulet-obuda/8649764?page=94&pos=1,
https://www.zenga.hu/ingatlan/kiado-teglalakas-budapest-xi-kerulet/8590673?page=94&pos=2,
https://www.zenga.hu/ingatlan/kiado-teglalakas-budapest-xiii-kerulet/8622217?page=94&pos=3,
https://www.zenga.hu/ingatlan/kiado-teglalakas-budapest-v-kerulet/8487573?page=94&pos=4,
https://www.zenga.hu/ingatlan/kiado-teglalakas-budapest-vi-kerulet/8573915?page=94&pos=5,
https://www.zenga.hu/ingatlan/kiado-teglalakas-budapest-i-kerulet/7890854?page=94&pos=6,
https://www.zenga.hu/ingatlan/kiado-teglalakas-budapest-ix-kerulet/8671894?page=94&pos=7,
https://www.zenga.hu/ingatlan/kiado-teglalakas-budapest-viii-kerulet/8501597?page=94&pos=8,
https://www.zenga.hu/ingatlan/kiado-teglalakas-budapest-xi-kerulet/8577589?page=94&pos=9,
https://www.zenga.hu/ingatlan/kiado-teglalakas-budapest-vii-kerulet/8577540?page=94&pos=10,
https://www.zenga.hu/ingatlan/kiado-teglalakas-budapest-ii-kerulet/7757586?page=94&pos=11,
https://www.zenga.hu/ingatlan/kiado-teglalakas-budapest-v-kerulet/8175113?page=94&pos=12,
https://www.zenga.hu/ingatlan/kiado-teglalakas-budapest-xi-kerulet-lagymanyos/8397595?page=94&pos=13,
https://www.zenga.hu/ingatlan/kiado-teglalakas-budapest-vi-kerulet/8506666?page=94&pos=14,
https://www.zenga.hu/ingatlan/kiado-teglalakas-budapest-ii-kerulet/8665749?page=94&pos=15,
https://www.zenga.hu/ingatlan/kiado-teglalakas-budapest-ii-kerulet/8566950?page=94&pos=16,
https://www.zenga.hu/ingatlan/kiado-teglalakas-budapest-xi-kerulet/8440183?page=94&pos=17,
https://www.zenga.hu/ingatlan/kiado-teglalakas-budapest-ii-kerulet/8559343?page=94&pos=18,
https://www.zenga.hu/ingatlan/kiado-teglalakas-budapest-ii-kerulet/8662809?page=94&pos=19,
https://www.zenga.hu/ingatlan/kiado-teglalakas-budapest-i-kerulet/8640975?page=94&pos=20,
https://www.zenga.hu/ingatlan/kiado-teglalakas-budapest-xii-kerulet/8587715?page=95&pos=1,
https://www.zenga.hu/ingatlan/kiado-teglalakas-budapest-xiii-kerulet/8668117?page=95&pos=2,
https://www.zenga.hu/ingatlan/kiado-teglalakas-budapest-xii-kerulet/8587751?page=95&pos=3,
https://www.zenga.hu/ingatlan/kiado-panellakas-budapest-viii-kerulet-palotanegyed/8668118?page=95&pos=4,
https://www.zenga.hu/ingatlan/kiado-teglalakas-budapest-viii-kerulet/8611029?page=95&pos=5,
https://www.zenga.hu/ingatlan/kiado-teglalakas-budapest-xiii-kerulet-vizafogo/8646730?page=95&pos=6,
https://www.zenga.hu/ingatlan/kiado-teglalakas-budapest-viii-kerulet/8319896?page=95&pos=7,
https://www.zenga.hu/ingatlan/kiado-teglalakas-budapest-ii-kerulet/8658763?page=95&pos=8,
https://www.zenga.hu/ingatlan/kiado-teglalakas-budapest-xi-kerulet/8642650?page=95&pos=9,
https://www.zenga.hu/ingatlan/kiado-teglalakas-budapest-vi-kerulet/8562424?page=95&pos=10,
https://www.zenga.hu/ingatlan/kiado-teglalakas-budapest-v-kerulet-lipotvaros/8680459?page=95&pos=11,
https://www.zenga.hu/ingatlan/kiado-teglalakas-budapest-ix-kerulet/8635585?page=95&pos=12,
https://www.zenga.hu/ingatlan/kiado-teglalakas-budapest-v-kerulet/8508346?page=95&pos=13,
https://www.zenga.hu/ingatlan/kiado-teglalakas-budapest-vii-kerulet/8671959?page=95&pos=14,
https://www.zenga.hu/ingatlan/kiado-teglalakas-budapest-i-kerulet/8668119?page=95&pos=15,
https://www.zenga.hu/ingatlan/kiado-teglalakas-budapest-v-kerulet/8676934?page=95&pos=16,
https://www.zenga.hu/ingatlan/kiado-teglalakas-budapest-ii-kerulet-kurucles/8636016?page=95&pos=17,
https://www.zenga.hu/ingatlan/kiado-teglalakas-budapest-i-kerulet/7893396?page=95&pos=18,
https://www.zenga.hu/ingatlan/kiado-teglalakas-budapest-vi-kerulet/8223927?page=95&pos=19,
https://www.zenga.hu/ingatlan/kiado-teglalakas-budapest-ix-kerulet/8605208?page=95&pos=20,
https://www.zenga.hu/ingatlan/kiado-teglalakas-budapest-ix-kerulet/8671958?page=96&pos=1,
https://www.zenga.hu/ingatlan/kiado-teglalakas-budapest-xii-kerulet/8645929?page=96&pos=2,
https://www.zenga.hu/ingatlan/kiado-teglalakas-budapest-xiii-kerulet/7991312?page=96&pos=3,
https://www.zenga.hu/ingatlan/kiado-teglalakas-budapest-i-kerulet/8266346?page=96&pos=4,
https://www.zenga.hu/ingatlan/kiado-panellakas-budapest-xiii-kerulet/8657331?page=96&pos=5,
https://www.zenga.hu/ingatlan/kiado-teglalakas-budapest-ii-kerulet/8632204?page=96&pos=6,
https://www.zenga.hu/ingatlan/kiado-teglalakas-budapest-xxi-kerulet/8637440?page=96&pos=7,
https://www.zenga.hu/ingatlan/kiado-teglalakas-budapest-v-kerulet-lipotvaros/8398023?page=96&pos=8,
https://www.zenga.hu/ingatlan/kiado-teglalakas-budapest-ii-kerulet/7894930?page=96&pos=9,
https://www.zenga.hu/ingatlan/kiado-teglalakas-budapest-ii-kerulet/8625391?page=96&pos=10,
https://www.zenga.hu/ingatlan/kiado-teglalakas-budapest-xi-kerulet-sasad-sashegy-xi-ker/8636581?page=96&pos=11,
https://www.zenga.hu/ingatlan/kiado-teglalakas-budapest-v-kerulet/8552768?page=96&pos=12,
https://www.zenga.hu/ingatlan/kiado-teglalakas-budapest-xiii-kerulet/8547913?page=96&pos=13,
https://www.zenga.hu/ingatlan/kiado-teglalakas-budapest-xii-kerulet/8658183?page=96&pos=14,
https://www.zenga.hu/ingatlan/kiado-teglalakas-budapest-vi-kerulet/8676667?page=96&pos=15,
https://www.zenga.hu/ingatlan/kiado-teglalakas-budapest-xii-kerulet-magasut/8300481?page=96&pos=16,
https://www.zenga.hu/ingatlan/kiado-teglalakas-budapest-iii-kerulet/8635059?page=96&pos=17,
https://www.zenga.hu/ingatlan/kiado-teglalakas-budapest-ii-kerulet-remetekertvaros/8661779?page=96&pos=18,
https://www.zenga.hu/ingatlan/kiado-teglalakas-budapest-vi-kerulet/8628723?page=96&pos=19,
https://www.zenga.hu/ingatlan/kiado-teglalakas-budapest-viii-kerulet/8638614?page=96&pos=20,
https://www.zenga.hu/ingatlan/kiado-teglalakas-budapest-vi-kerulet/8667054?page=97&pos=1,
https://www.zenga.hu/ingatlan/kiado-teglalakas-budapest-xiii-kerulet-angyalfold/8680865?page=97&pos=2,
https://www.zenga.hu/ingatlan/kiado-teglalakas-budapest-vi-kerulet/7832667?page=97&pos=3,
https://www.zenga.hu/ingatlan/kiado-egyeb-lakas-budapest-vi-kerulet/8661176?page=97&pos=4,
https://www.zenga.hu/ingatlan/kiado-teglalakas-budapest-xi-kerulet/8588572?page=97&pos=5,
https://www.zenga.hu/ingatlan/kiado-teglalakas-budapest-viii-kerulet/8577627?page=97&pos=6,
https://www.zenga.hu/ingatlan/kiado-teglalakas-budapest-v-kerulet-belvaros/8547805?page=97&pos=7,
https://www.zenga.hu/ingatlan/kiado-teglalakas-budapest-xi-kerulet/8632094?page=97&pos=8,
https://www.zenga.hu/ingatlan/kiado-teglalakas-budapest-ii-kerulet/8641648?page=97&pos=9,
https://www.zenga.hu/ingatlan/kiado-teglalakas-budapest-viii-kerulet/8440300?page=97&pos=10,
https://www.zenga.hu/ingatlan/kiado-teglalakas-budapest-vi-kerulet/8666668?page=97&pos=11,
https://www.zenga.hu/ingatlan/kiado-teglalakas-budapest-viii-kerulet/8681173?page=97&pos=12,
https://www.zenga.hu/ingatlan/kiado-teglalakas-budapest-xiii-kerulet/8655842?page=97&pos=13,
https://www.zenga.hu/ingatlan/kiado-teglalakas-budapest-v-kerulet/8676713?page=97&pos=14,
https://www.zenga.hu/ingatlan/kiado-teglalakas-budapest-ix-kerulet/8674440?page=97&pos=15,
https://www.zenga.hu/ingatlan/kiado-teglalakas-budapest-ii-kerulet/8635055?page=97&pos=16,
https://www.zenga.hu/ingatlan/kiado-teglalakas-budapest-xviii-kerulet/8635584?page=97&pos=17,
https://www.zenga.hu/ingatlan/kiado-teglalakas-budapest-vi-kerulet/8647534?page=97&pos=18,
https://www.zenga.hu/ingatlan/kiado-teglalakas-budapest-vi-kerulet/8358338?page=97&pos=19,
https://www.zenga.hu/ingatlan/kiado-egyeb-lakas-budapest-iii-kerulet-matyashegy/8578023?page=97&pos=20,
https://www.zenga.hu/ingatlan/kiado-teglalakas-budapest-xii-kerulet-nemetvolgy/8665114?page=98&pos=1,
https://www.zenga.hu/ingatlan/kiado-teglalakas-budapest-xiii-kerulet/8675209?page=98&pos=2,
https://www.zenga.hu/ingatlan/kiado-teglalakas-budapest-vi-kerulet/8607104?page=98&pos=3,
https://www.zenga.hu/ingatlan/kiado-teglalakas-budapest-iii-kerulet/8522127?page=98&pos=4,
https://www.zenga.hu/ingatlan/kiado-teglalakas-budapest-xi-kerulet-peterhegy/8653950?page=98&pos=5,
https://www.zenga.hu/ingatlan/kiado-teglalakas-budapest-v-kerulet/8675694?page=98&pos=6,
https://www.zenga.hu/ingatlan/kiado-teglalakas-budapest-vii-kerulet/8675212?page=98&pos=7,
https://www.zenga.hu/ingatlan/kiado-teglalakas-budapest-i-kerulet/7800686?page=98&pos=8,
https://www.zenga.hu/ingatlan/kiado-teglalakas-budapest-xii-kerulet/8253668?page=98&pos=9,
https://www.zenga.hu/ingatlan/kiado-teglalakas-budapest-xii-kerulet/8539216?page=98&pos=10,
https://www.zenga.hu/ingatlan/kiado-teglalakas-budapest-xiii-kerulet/8607171?page=98&pos=11,
https://www.zenga.hu/ingatlan/kiado-teglalakas-budapest-xii-kerulet-kutvolgy/8656768?page=98&pos=12,
https://www.zenga.hu/ingatlan/kiado-teglalakas-budapest-v-kerulet/8452911?page=98&pos=13,
https://www.zenga.hu/ingatlan/kiado-teglalakas-budapest-viii-kerulet/8518268?page=98&pos=14,
https://www.zenga.hu/ingatlan/kiado-teglalakas-budapest-vi-kerulet/8673265?page=98&pos=15,
https://www.zenga.hu/ingatlan/kiado-teglalakas-budapest-viii-kerulet/8651643?page=98&pos=16,
https://www.zenga.hu/ingatlan/kiado-teglalakas-budapest-v-kerulet/7643921?page=98&pos=17,
https://www.zenga.hu/ingatlan/kiado-teglalakas-budapest-i-kerulet/7928929?page=98&pos=18,
https://www.zenga.hu/ingatlan/kiado-teglalakas-budapest-ii-kerulet/8236083?page=98&pos=19,
https://www.zenga.hu/ingatlan/kiado-teglalakas-budapest-v-kerulet-lipotvaros/8423904?page=98&pos=20,
https://www.zenga.hu/ingatlan/kiado-teglalakas-budapest-xiii-kerulet-ujlipotvaros/8243229?page=99&pos=1,
https://www.zenga.hu/ingatlan/kiado-teglalakas-budapest-xii-kerulet/8329475?page=99&pos=2,
https://www.zenga.hu/ingatlan/kiado-teglalakas-budapest-xiv-kerulet/8615087?page=99&pos=3,
https://www.zenga.hu/ingatlan/kiado-teglalakas-budapest-v-kerulet/8641501?page=99&pos=4,
https://www.zenga.hu/ingatlan/kiado-egyeb-lakas-budapest-v-kerulet-belvaros/8577611?page=99&pos=5,
https://www.zenga.hu/ingatlan/kiado-teglalakas-budapest-xiv-kerulet/8623823?page=99&pos=6,
https://www.zenga.hu/ingatlan/kiado-teglalakas-budapest-v-kerulet/8664975?page=99&pos=7,
https://www.zenga.hu/ingatlan/kiado-teglalakas-budapest-xi-kerulet/8580030?page=99&pos=8,
https://www.zenga.hu/ingatlan/kiado-teglalakas-budapest-xii-kerulet/8665728?page=99&pos=9,
https://www.zenga.hu/ingatlan/kiado-teglalakas-budapest-v-kerulet/7749361?page=99&pos=10,
https://www.zenga.hu/ingatlan/kiado-teglalakas-budapest-xii-kerulet/8157776?page=99&pos=11,
https://www.zenga.hu/ingatlan/kiado-teglalakas-budapest-xiii-kerulet/8601403?page=99&pos=12,
https://www.zenga.hu/ingatlan/kiado-egyeb-lakas-budapest-vi-kerulet/8636577?page=99&pos=13,
https://www.zenga.hu/ingatlan/kiado-teglalakas-budapest-ix-kerulet/8667111?page=99&pos=14,
https://www.zenga.hu/ingatlan/kiado-teglalakas-budapest-ix-kerulet/8645935?page=99&pos=15,
https://www.zenga.hu/ingatlan/kiado-teglalakas-budapest-viii-kerulet/8676665?page=99&pos=16,
https://www.zenga.hu/ingatlan/kiado-teglalakas-budapest-v-kerulet/8372497?page=99&pos=17,
https://www.zenga.hu/ingatlan/kiado-teglalakas-budapest-v-kerulet/8577532?page=99&pos=18,
https://www.zenga.hu/ingatlan/kiado-teglalakas-budapest-v-kerulet-belvaros/8677900?page=99&pos=19,
https://www.zenga.hu/ingatlan/kiado-teglalakas-budapest-xx-kerulet-pacsirtatelep/8537382?page=99&pos=20,
https://www.zenga.hu/ingatlan/kiado-teglalakas-budapest-v-kerulet/8492920?page=100&pos=1,
https://www.zenga.hu/ingatlan/kiado-teglalakas-budapest-i-kerulet-naphegy/8496222?page=100&pos=2,
https://www.zenga.hu/ingatlan/kiado-teglalakas-budapest-xi-kerulet-lagymanyos/8577486?page=100&pos=3,
https://www.zenga.hu/ingatlan/kiado-teglalakas-budapest-ix-kerulet/8641652?page=100&pos=4,
https://www.zenga.hu/ingatlan/kiado-teglalakas-budapest-v-kerulet/8674365?page=100&pos=5,
https://www.zenga.hu/ingatlan/kiado-teglalakas-budapest-ii-kerulet-zoldmal/8538994?page=100&pos=6,
https://www.zenga.hu/ingatlan/kiado-teglalakas-budapest-viii-kerulet/8607170?page=100&pos=7,
https://www.zenga.hu/ingatlan/kiado-teglalakas-budapest-v-kerulet-lipotvaros/8656730?page=100&pos=8,
https://www.zenga.hu/ingatlan/kiado-teglalakas-budapest-ix-kerulet/8680832?page=100&pos=9,
https://www.zenga.hu/ingatlan/kiado-teglalakas-budapest-xi-kerulet/8120649?page=100&pos=10,
https://www.zenga.hu/ingatlan/kiado-panellakas-budapest-viii-kerulet/8650651?page=100&pos=11,
https://www.zenga.hu/ingatlan/kiado-teglalakas-budapest-ix-kerulet/8669576?page=100&pos=12,
https://www.zenga.hu/ingatlan/kiado-teglalakas-budapest-xii-kerulet/8638588?page=100&pos=13,
https://www.zenga.hu/ingatlan/kiado-teglalakas-budapest-v-kerulet/8557967?page=100&pos=14,
https://www.zenga.hu/ingatlan/kiado-teglalakas-budapest-v-kerulet/8613409?page=100&pos=15,
https://www.zenga.hu/ingatlan/kiado-teglalakas-budapest-xii-kerulet/8469379?page=100&pos=16,
https://www.zenga.hu/ingatlan/kiado-teglalakas-budapest-xi-kerulet-lagymanyos/8676607?page=100&pos=17,
https://www.zenga.hu/ingatlan/kiado-teglalakas-budapest-i-kerulet/8668734?page=100&pos=18,
https://www.zenga.hu/ingatlan/kiado-teglalakas-budapest-ii-kerulet/8614354?page=100&pos=19,
https://www.zenga.hu/ingatlan/kiado-teglalakas-budapest-vii-kerulet/8642536?page=100&pos=20,
