url,title,price,area_m2,floor,rooms,location,scrape_date,Típus,Állapot,Fűtés,Építés éve,Energetikai besorolás,Unnamed: 13,Napelem,Szintek száma,Erkély,Átlagos rezsiköltség,Tervezett átadás,Terasz,Unnamed: 20,Unnamed: 16,Unnamed: 22,
https://www.zenga.hu/ingatlan/elado-teglalakas-budapest-xiii-kerulet-ujlipotvaros/8666812?page=1&pos=1&cr=601,,,,,,,2025-08-14,,,,,,,,,,,,,,,,
https://www.zenga.hu/ingatlan/elado-csusztatott-zsalus-lakas-budapest-x-kerulet-ohegy/8555291?page=1&pos=2&cr=600,"Budapest X. kerület eladó csúsztatott zsalus lakás 2 szobás: 69,9 millió Ft",69.0,57.0,4. emelet,2.0,,2025-08-14,Csúsztatott zsalus lakás,Jó állapotú,Gázkazán,1970.0,D,,,,,,,,,,,
https://www.zenga.hu/ingatlan/elado-teglalakas-budapest-x-kerulet/8571798?page=1&pos=3&cr=600,"Budapest X. kerület eladó téglalakás 1 szobás: 42,5 millió Ft",42.0,26.0,5. emelet,1.0,Budapest X. kerület,2025-08-14,Téglalakás,Felújított,Távfűtés,1955.0,D,,,,,,,,,,,
https://www.zenga.hu/ingatlan/elado-tarsashazi-lakas-budapest-vi-kerulet-nagykoruton-beluli-terulet/7899058?page=1&pos=4&cr=600,"Budapest VI. kerület eladó társasházi lakás 1+1 fél szobás: 72,72 millió Ft",72.0,45.0,2. emelet,1.0,,2025-08-14,,,,,G,,Nincs,,,,,,,,,
https://www.zenga.hu/ingatlan/elado-teglalakas-budapest-viii-kerulet/8639628?page=1&pos=5&cr=600,"Budapest VIII. kerület eladó téglalakás 3 szobás: 73,9 millió Ft",73.0,66.0,1. emelet,3.0,Budapest VIII. kerület,2025-08-14,Téglalakás,Átlagos,Gáz (konvektor),1930.0,F,,,,,,,,,,,
https://www.zenga.hu/ingatlan/elado-teglalakas-budapest-xiii-kerulet-vizafogo/8608201?page=1&pos=6&cr=600,Budapest XIII. kerület eladó téglalakás 2 szobás: 159 millió Ft,159.0,66.0,5. emelet,2.0,"Budapest XIII. kerület, Vizafogó",2025-08-14,Téglalakás,Újszerű,Mennyezeti hűtés-fűtés,2024.0,A+,,,8.0,12 m²,,,,,,,
https://www.zenga.hu/ingatlan/elado-teglalakas-budapest-viii-kerulet-corvin-negyed/8531175?page=1&pos=7&cr=600,"Budapest VIII. kerület eladó téglalakás 3 szobás: 162,4 millió Ft",162.0,726.0,10. emelet,3.0,"Budapest VIII. kerület, Corvin negyed",2025-08-14,Téglalakás,Jó állapotú,Gázkazán,2022.0,,,,10.0,,,,,,,,
https://www.zenga.hu/ingatlan/elado-panellakas-budapest-xix-kerulet-felso-kispest/8661974?page=1&pos=8&cr=595,"Budapest XIX. kerület eladó panellakás 2+2 fél szobás: 79,9 millió Ft",79.0,67.0,2. emelet,2.0,"Budapest XIX. kerület, Felső Kispest",2025-08-14,Panellakás,Újszerű,Távfűtés egyedi méréssel,1984.0,,,Nincs,5.0,,,,,,,,
https://www.zenga.hu/ingatlan/elado-teglalakas-budapest-vii-kerulet-ligetvaros/8655552?page=1&pos=9&cr=575,Budapest VII. kerület eladó téglalakás 3+1 fél szobás: 109 millió Ft,109.0,101.0,3. emelet,3.0,"Budapest VII. kerület, Ligetváros, István utca 41-43.",2025-08-14,Téglalakás,Felújított,Gázkazán,,,,,5.0,,38 000 Ft/hó,,,,,,
https://www.zenga.hu/ingatlan/elado-teglalakas-budapest-xiv-kerulet-alsorakos/8654229?page=1&pos=10&cr=550,Budapest XIV. kerület eladó téglalakás 2 szobás: 94 millió Ft,94.0,48.0,1. emelet,2.0,"Budapest XIV. kerület, Alsórákos",2025-08-14,Téglalakás,Új építésű,Hőszivattyú,2025.0,A+,,,5.0,22 m²,,,,,,,
https://www.zenga.hu/ingatlan/elado-egyeb-lakas-budapest-viii-kerulet/8635766?page=1&pos=11&cr=519,"Budapest VIII. kerület eladó egyéb lakás 3 szobás: 94,9 millió Ft",94.0,84.0,3. emelet,3.0,"Budapest VIII. kerület, Molnár Ferenc tér",2025-08-14,Egyéb lakás,Felújított,Gázkazán,,,,,4.0,,,,,,,,
https://www.zenga.hu/ingatlan/elado-teglalakas-budapest-xix-kerulet-wekerletelep/8626302?page=1&pos=12&cr=500,"Budapest XIX. kerület eladó téglalakás 3 szobás: 79,9 millió Ft",79.0,69.0,földszint,3.0,"Budapest XIX. kerület, Wekerletelep",2025-08-14,Téglalakás,Jó állapotú,Gázkazán,1926.0,D,,,,,,,,,,,
https://www.zenga.hu/ingatlan/elado-teglalakas-budapest-iii-kerulet/8654188?page=1&pos=13&cr=500,"Budapest III. kerület eladó téglalakás 1 szobás: 59,9 millió Ft",59.0,31.0,1. emelet,1.0,,2025-08-14,,,,,,,,,,,,,,,,
https://www.zenga.hu/ingatlan/elado-teglalakas-budapest-iii-kerulet/8655619?page=1&pos=14&cr=500,Budapest III. kerület eladó téglalakás 2 szobás: 170 millió Ft,170.0,105.0,2. emelet,2.0,"Budapest III. kerület, Almási Balogh Lóránd",2025-08-14,Téglalakás,Újszerű,Házközponti fűtés egyedi méréssel,2010.0,B,,,3.0,50 m²,,,,,,,
https://www.zenga.hu/ingatlan/elado-teglalakas-budapest-viii-kerulet/8196668?page=1&pos=15&cr=500,Budapest VIII. kerület eladó téglalakás 3 szobás: 90 millió Ft,90.0,109.0,1. emelet,3.0,Budapest VIII. kerület,2025-08-14,Téglalakás,Jó állapotú,Gázkazán,1910.0,,,,4.0,,,,,,,,
https://www.zenga.hu/ingatlan/elado-teglalakas-budapest-xix-kerulet/8606996?page=1&pos=16&cr=500,"Eladó 2 szobás téglalakás 67,05 millió Ft értékben Budapest XIX. kerületben - Aerogate Homes lakóparkban",67.0,45.0,2. emelet,2.0,"Budapest XIX. kerület, Tompa utca 162119/7 hrsz.",2025-08-14,Téglalakás,Új építésű,Hőszivattyú,,,,,8.0,"8,1 m²",,2027. 2. negyedév,,,,,
https://www.zenga.hu/ingatlan/elado-teglalakas-budapest-xi-kerulet/8398708?page=1&pos=17&cr=451,Budapest XI. kerület eladó téglalakás 3 szobás: 98 millió Ft,98.0,113.0,1. emelet,3.0,,2025-08-14,,,,,,,,,,,,,,,,
https://www.zenga.hu/ingatlan/elado-teglalakas-budapest-xiii-kerulet-ujlipotvaros/8414292?page=1&pos=18&cr=401,"Budapest XIII. kerület eladó téglalakás 4 szobás: 116,9 millió Ft",116.0,111.0,4. emelet,4.0,"Budapest XIII. kerület, Újlipótváros",2025-08-14,Téglalakás,Felújítandó,Gázkazán,1905.0,G,,,6.0,,,,,,,,
https://www.zenga.hu/ingatlan/elado-teglalakas-budapest-ix-kerulet/8447529?page=1&pos=19&cr=401,"Eladó 3 szobás téglalakás 97,24 millió Ft értékben Budapest IX. kerületben - Parkville Residences lakóparkban",97.0,68.0,1. emelet,3.0,Budapest IX. kerület,2025-08-14,Téglalakás,Új építésű,Mennyezeti hűtés-fűtés,,A++,,,10.0,"6,6 m²",,2027. 4. negyedév,,,,,
https://www.zenga.hu/ingatlan/elado-teglalakas-budapest-ix-kerulet/8447550?page=1&pos=20&cr=401,"Eladó 1 szobás téglalakás 58,56 millió Ft értékben Budapest IX. kerületben - Parkville Residences lakóparkban",58.0,36.0,3. emelet,1.0,Budapest IX. kerület,2025-08-14,Téglalakás,Új építésű,Mennyezeti hűtés-fűtés,,A++,,,10.0,"6,6 m²",,2027. 4. negyedév,,,,,
https://www.zenga.hu/ingatlan/elado-teglalakas-budapest-ix-kerulet/8447536?page=2&pos=1&cr=401,"Eladó 2 szobás téglalakás 71,08 millió Ft értékben Budapest IX. kerületben - Parkville Residences lakóparkban",71.0,47.0,1. emelet,2.0,Budapest IX. kerület,2025-08-14,Téglalakás,Új építésű,Mennyezeti hűtés-fűtés,,A++,,,10.0,"6,2 m²",,2027. 4. negyedév,,,,,
https://www.zenga.hu/ingatlan/elado-teglalakas-budapest-ii-kerulet-budaliget/8442508?page=2&pos=2&cr=400,"Budapest II. kerület eladó téglalakás 5 szobás: 293,49 millió Ft",293.0,115.0,2. emelet,5.0,"Budapest II. kerület, Budaliget",2025-08-14,Téglalakás,Új építésű,Hőszivattyú,2025.0,,,,,,,,55 m²,,,,
https://www.zenga.hu/ingatlan/elado-teglalakas-budapest-xvi-kerulet-cinkota/8263303?page=2&pos=3&cr=400,"Budapest XVI. kerület eladó téglalakás 3 szobás: 79,7 millió Ft",79.0,66.0,1. emelet,3.0,,2025-08-14,,,,,,,,,,,,,,,,
https://www.zenga.hu/ingatlan/elado-teglalakas-budapest-ix-kerulet-belso-ferencvaros/8431808?page=2&pos=4&cr=400,"Budapest IX. kerület eladó téglalakás 1 szobás: 73,9 millió Ft",73.0,38.0,1. emelet,1.0,"Budapest IX. kerület, Belső Ferencváros",2025-08-14,Téglalakás,Új építésű,Hőszivattyú,2025.0,A++,,,,,,,,,,,
https://www.zenga.hu/ingatlan/elado-teglalakas-budapest-ix-kerulet-belso-ferencvaros/8430367?page=2&pos=5&cr=400,"Budapest IX. kerület eladó téglalakás 1 szobás: 73,9 millió Ft",73.0,39.0,1. emelet,1.0,"Budapest IX. kerület, Belső Ferencváros",2025-08-14,Téglalakás,Új építésű,Hőszivattyú,2025.0,A++,,,,,,,,,,,
https://www.zenga.hu/ingatlan/elado-teglalakas-budapest-xiii-kerulet-angyalfold/8563675?page=2&pos=6&cr=400,"Budapest XIII. kerület eladó téglalakás 1+2 fél szobás: 109,5 millió Ft",109.0,68.0,1. emelet,1.0,"Budapest XIII. kerület, Angyalföld",2025-08-14,Téglalakás,Jó állapotú,Házközponti fűtés egyedi méréssel,2004.0,,,Nincs,6.0,6 m²,40 000 Ft/hó,,,,,,
https://www.zenga.hu/ingatlan/elado-teglalakas-budapest-x-kerulet-laposdulo/8635968?page=2&pos=7&cr=395,"Budapest X. kerület eladó téglalakás 1+2 fél szobás: 49,99 millió Ft",49.0,47.0,félemelet,1.0,"Budapest X. kerület, Laposdűlő, Gép utca 17",2025-08-14,Téglalakás,Jó állapotú,Gáz (konvektor),,,,,2.0,,25 000 Ft/hó,,,,,,
https://www.zenga.hu/ingatlan/elado-tarsashazi-lakas-budapest-xiii-kerulet-vizafogo/8553458?page=2&pos=8&cr=375,Budapest XIII. kerület eladó társasházi lakás 4 szobás: 159 millió Ft,159.0,92.0,3. emelet,4.0,"Budapest XIII. kerület, Vizafogó, Jakab József utca 15",2025-08-14,Társasházi lakás,Újszerű,Házközponti fűtés egyedi méréssel,2019.0,B,,Nincs,8.0,10 m²,,,10 m²,,,,
https://www.zenga.hu/ingatlan/elado-teglalakas-budapest-vii-kerulet/8587195?page=2&pos=9&cr=360,"Budapest VII. kerület eladó téglalakás 2+1 fél szobás: 88,9 millió Ft",88.0,80.0,földszint,2.0,Budapest VII. kerület,2025-08-14,Téglalakás,Jó állapotú,Gázkazán,,D,,,,,,,,,,,
https://www.zenga.hu/ingatlan/elado-tarsashazi-lakas-budapest-xiv-kerulet-torokor/8660145?page=2&pos=10&cr=350,"Budapest XIV. kerület eladó társasházi lakás 1+1 fél szobás: 69,5 millió Ft",69.0,46.0,2. emelet,1.0,"Budapest XIV. kerület, Törökőr, újvilág utca 35",2025-08-14,Társasházi lakás,Jó állapotú,Gázkazán,2002.0,E,,Nincs,3.0,4 m²,35 000 Ft/hó,,,,,,
https://www.zenga.hu/ingatlan/elado-teglalakas-budapest-xxii-kerulet-baross-gabor-telep/8338676?page=2&pos=11&cr=350,"Budapest XXII. kerület eladó téglalakás 3 szobás: 123,9 millió Ft",123.0,91.0,,3.0,"Budapest XXII. kerület, Baross Gábor telep",2025-08-14,Téglalakás,Átlagos,Házközponti fűtés egyedi méréssel,2004.0,E,,,4.0,,,,,,,,
https://www.zenga.hu/ingatlan/elado-teglalakas-budapest-viii-kerulet/8523223?page=2&pos=12&cr=350,"Budapest VIII. kerület eladó téglalakás 1 szobás: 39,9 millió Ft",39.0,29.0,földszint,1.0,Budapest VIII. kerület,2025-08-14,Téglalakás,Felújított,Elektromos,1935.0,,,Nincs,,,,,,,,,
https://www.zenga.hu/ingatlan/elado-teglalakas-budapest-xii-kerulet-svabhegy/8637823?page=2&pos=13&cr=350,"Budapest XII. kerület eladó téglalakás 4 szobás: 229,9 millió Ft",229.0,110.0,2. emelet,4.0,"Budapest XII. kerület, Svábhegy",2025-08-14,Téglalakás,Átlagos,Gáz (konvektor),1975.0,,,,,,,,"21,3 m²",,,,
https://www.zenga.hu/ingatlan/elado-panellakas-budapest-xxi-kerulet-szabotelep/8635901?page=2&pos=14&cr=350,Budapest XXI. kerület eladó panellakás 1+1 fél szobás: 53 millió Ft,53.0,45.0,7. emelet,1.0,"Budapest XXI. kerület, Szabótelep, Árpád utca",2025-08-14,Panellakás,Jó állapotú,Távfűtés egyedi méréssel,,,,,1.0,,25 000 Ft/hó,,,,,,
https://www.zenga.hu/ingatlan/elado-teglalakas-debrecen/8449160?page=2&pos=15&cr=350,"Eladó 3 szobás téglalakás 102,8 millió Ft értékben Debrecenben - Epres Liget by Bayer lakóparkban",102.0,92.0,4. emelet,3.0,Debrecen,2025-08-14,Téglalakás,Új építésű,Távfűtés,2026.0,,,,4.0,"34,7 m²",,2026. 1. negyedév,,,,,
https://www.zenga.hu/ingatlan/elado-teglalakas-budapest-vi-kerulet/8652739?page=2&pos=16&cr=348,Budapest VI. kerület eladó téglalakás 4 szobás: 264 millió Ft,264.0,147.0,1. emelet,4.0,"Budapest VI. kerület, Zichy Jenő utca",2025-08-14,Téglalakás,Újszerű,Gázkazán,1920.0,,,,,,,,,,,,
https://www.zenga.hu/ingatlan/elado-teglalakas-budapest-vi-kerulet/8651438?page=2&pos=17&cr=348,"Budapest VI. kerület eladó téglalakás 2 szobás: 269,9 millió Ft",269.0,99.0,1. emelet,2.0,"Budapest VI. kerület, Andrássy út",2025-08-14,Téglalakás,Újszerű,Gázkazán,1900.0,,,,,,,,,,,,
https://www.zenga.hu/ingatlan/elado-teglalakas-budapest-vi-kerulet/8655239?page=2&pos=18&cr=348,"Budapest VI. kerület eladó téglalakás 2 szobás: 69,99 millió Ft",69.0,57.0,2. emelet,2.0,"Budapest VI. kerület, Teréz körút",2025-08-14,Téglalakás,Újszerű,Gáz (konvektor),1910.0,,,,,,,,,,,,
https://www.zenga.hu/ingatlan/elado-teglalakas-budapest-vi-kerulet/8662293?page=2&pos=19&cr=348,"Budapest VI. kerület eladó téglalakás 3 szobás: 94,9 millió Ft",94.0,85.0,,3.0,Budapest VI. kerület,2025-08-14,Téglalakás,Jó állapotú,Gáz (konvektor),1960.0,,,,,,,,,,,,
https://www.zenga.hu/ingatlan/elado-teglalakas-budapest-vi-kerulet/8659804?page=2&pos=20&cr=348,Budapest VI. kerület eladó téglalakás 5 szobás: 225 millió Ft,225.0,150.0,,5.0,Budapest VI. kerület,2025-08-14,Téglalakás,Jó állapotú,Gázkazán,1892.0,,,,,,,,,,,,
https://www.zenga.hu/ingatlan/elado-teglalakas-budapest-vi-kerulet/8654382?page=3&pos=1&cr=348,Budapest VI. kerület eladó téglalakás 2 szobás: 115 millió Ft,115.0,80.0,félemelet,2.0,"Budapest VI. kerület, Podmaniczky utca",2025-08-14,Téglalakás,Újszerű,Gázkazán,1930.0,,,,4.0,4 m²,,,,,,,
https://www.zenga.hu/ingatlan/elado-teglalakas-budapest-vi-kerulet/8659972?page=3&pos=2&cr=348,"Budapest VI. kerület eladó téglalakás 3 szobás: 100,9 millió Ft",100.0,67.0,földszint,3.0,Budapest VI. kerület,2025-08-14,Téglalakás,Átlagos,Gázkazán,1900.0,,,,5.0,,,,,,,,
https://www.zenga.hu/ingatlan/elado-teglalakas-budapest-vi-kerulet/8652906?page=3&pos=3&cr=348,"Budapest VI. kerület eladó téglalakás 2 szobás: 61,9 millió Ft",61.0,51.0,1. emelet,2.0,Budapest VI. kerület,2025-08-14,Téglalakás,Felújítandó,Gáz (konvektor),1930.0,,,,3.0,,,,,,,,
https://www.zenga.hu/ingatlan/elado-teglalakas-budapest-xvi-kerulet-sashalom/8663528?page=3&pos=4&cr=325,"Budapest XVI. kerület eladó téglalakás 2+3 fél szobás: 106,68 millió Ft",106.0,85.0,földszint,2.0,"Budapest XVI. kerület, Sashalom, Sárgarózsa utca",2025-08-14,Téglalakás,Felújított,Gázkazán,1995.0,F,,Nincs,2.0,7 m²,52 000 Ft/hó,,,,,,
https://www.zenga.hu/ingatlan/elado-teglalakas-budapest-xiii-kerulet/8417985?page=3&pos=5&cr=325,"Eladó 3 szobás téglalakás 125,8 millió Ft értékben Budapest XIII. kerületben - Metropol13 4. ütem lakóparkban",125.0,55.0,6. emelet,3.0,Budapest XIII. kerület,2025-08-14,Téglalakás,Új építésű,Hőszivattyú,,A+,,,9.0,"23,1 m²",,2025. 4. negyedév,,,,,
https://www.zenga.hu/ingatlan/elado-teglalakas-budapest-i-kerulet/8578776?page=3&pos=6&cr=300,"Budapest I. kerület eladó téglalakás 3 szobás: 112,9 millió Ft",112.0,68.0,1. emelet,3.0,Budapest I. kerület,2025-08-14,Téglalakás,Felújított,,1932.0,,,,5.0,,,,,,,,
https://www.zenga.hu/ingatlan/elado-teglalakas-budapest-xi-kerulet-kelenfold/8551508?page=3&pos=7&cr=300,"Budapest XI. kerület eladó téglalakás 3 szobás: 134,99 millió Ft",134.0,61.0,1. emelet,3.0,"Budapest XI. kerület, Kelenföld",2025-08-14,Téglalakás,Új építésű,Hőszivattyú,2024.0,,,Nincs,2.0,5 m²,,,,,,,
https://www.zenga.hu/ingatlan/elado-teglalakas-budapest-xi-kerulet-sasad-sashegy-xi-ker/8662045?page=3&pos=8&cr=300,Budapest XI. kerület eladó téglalakás 4 szobás: 140 millió Ft,140.0,86.0,1. emelet,4.0,"Budapest XI. kerület, Sasad-Sashegy XI. ker.",2025-08-14,Téglalakás,Felújított,Gáz (konvektor),2001.0,,,,4.0,,,,11 m²,,,,
https://www.zenga.hu/ingatlan/elado-teglalakas-budapest-xii-kerulet-orbanhegy/8662419?page=3&pos=9&cr=300,Budapest XII. kerület eladó téglalakás 3 szobás: 97 millió Ft,97.0,54.0,1. emelet,3.0,"Budapest XII. kerület, Orbánhegy, Fodor utca",2025-08-14,Téglalakás,Felújított,Elektromos,1970.0,,,Nincs,4.0,5 m²,,,,,,,
https://www.zenga.hu/ingatlan/elado-teglalakas-budapest-v-kerulet/8369090?page=3&pos=10&cr=300,"Budapest V. kerület eladó téglalakás 3 szobás: 179,9 millió Ft",179.0,105.0,4. emelet,3.0,Budapest V. kerület,2025-08-14,Téglalakás,,,1950.0,,,,,,,,,,,,
https://www.zenga.hu/ingatlan/elado-csusztatott-zsalus-lakas-budapest-xiv-kerulet/8612857?page=3&pos=11&cr=300,"Budapest XIV. kerület eladó csúsztatott zsalus lakás: 69,9 millió Ft",69.0,53.0,,1.0,Budapest XIV. kerület,2025-08-14,Csúsztatott zsalus lakás,Jó állapotú,Távfűtés egyedi méréssel,1960.0,,,,1.0,,,,,,,,
https://www.zenga.hu/ingatlan/elado-teglalakas-budapest-xi-kerulet-sasad-sashegy-xi-ker/8613221?page=3&pos=12&cr=300,Budapest XI. kerület eladó téglalakás 3 szobás: 95 millió Ft,95.0,70.0,1. emelet,3.0,"Budapest XI. kerület, Sasad-Sashegy XI. ker.",2025-08-14,Téglalakás,Felújított,Gáz (konvektor),1960.0,,,,,6 m²,,,,,,,
https://www.zenga.hu/ingatlan/elado-egyeb-lakas-budapest-xii-kerulet/8575536?page=3&pos=13&cr=300,"Budapest XII. kerület eladó egyéb lakás 3+1 fél szobás: 179,9 millió Ft",179.0,128.0,4. emelet,3.0,Budapest XII. kerület,2025-08-14,Egyéb lakás,Átlagos,,1938.0,,,,,,,,,,,,
https://www.zenga.hu/ingatlan/elado-teglalakas-budapest-xi-kerulet-sasad-sashegy-xi-ker/8611678?page=3&pos=14&cr=300,"Budapest XI. kerület eladó téglalakás 1 szobás: 59,9 millió Ft",59.0,40.0,2. emelet,1.0,"Budapest XI. kerület, Sasad-Sashegy XI. ker.",2025-08-14,Téglalakás,Felújított,Gáz (konvektor),1960.0,,,,,2 m²,,,,,,,
https://www.zenga.hu/ingatlan/elado-teglalakas-budapest-ii-kerulet-rezmal/8174214?page=3&pos=15&cr=300,"Budapest II. kerület eladó téglalakás 3 szobás: 266,6 millió Ft",266.0,75.0,földszint,3.0,"Budapest II. kerület, Rézmál",2025-08-14,Téglalakás,Új építésű,,,,,,1.0,,,,,,,,
https://www.zenga.hu/ingatlan/elado-teglalakas-budapest-ii-kerulet-vizivaros-ii-ker/8619230?page=3&pos=16&cr=300,"Budapest II. kerület eladó téglalakás 1+1 fél szobás: 74,9 millió Ft",74.0,45.0,földszint,1.0,"Budapest II. kerület, Víziváros II. ker",2025-08-14,Téglalakás,Felújított,Gázkazán,,E,,,6.0,,,,,,,,
https://www.zenga.hu/ingatlan/elado-tarsashazi-lakas-budapest-vi-kerulet-nagykoruton-beluli-terulet/8628383?page=3&pos=17&cr=300,"Budapest VI. kerület eladó társasházi lakás 3 szobás: 197,6 millió Ft",197.0,111.0,4. emelet,3.0,"Budapest VI. kerület, Nagykörúton belüli terület, ó utca 6",2025-08-14,Társasházi lakás,Jó állapotú,Gázkazán,2008.0,C,,Nincs,5.0,,50 000 Ft/hó,,15 m²,,,,
https://www.zenga.hu/ingatlan/elado-tarsashazi-lakas-budapest-vii-kerulet/8505022?page=3&pos=18&cr=300,Budapest VII. kerület eladó társasházi lakás 3 szobás: 96 millió Ft,96.0,88.0,4. emelet,3.0,Budapest VII. kerület,2025-08-14,Társasházi lakás,Jó állapotú,Gázkazán,2007.0,B,,,4.0,,40 000 Ft/hó,,7 m²,,,,
https://www.zenga.hu/ingatlan/elado-tarsashazi-lakas-budapest-vii-kerulet-nagykoruton-beluli-terulet/8590547?page=3&pos=19&cr=300,Budapest VII. kerület eladó társasházi lakás 1 szobás: 59 millió Ft,59.0,29.0,1. emelet,1.0,"Budapest VII. kerület, Belső-Erzsébetváros",2025-08-14,Társasházi lakás,Jó állapotú,Gáz (konvektor),1900.0,,,Nincs,5.0,,,,,,,,
https://www.zenga.hu/ingatlan/elado-teglalakas-budapest-xi-kerulet-sasad-sashegy-xi-ker/8613223?page=3&pos=20&cr=290,Budapest XI. kerület eladó téglalakás 3 szobás: 95 millió Ft,95.0,70.0,2. emelet,3.0,"Budapest XI. kerület, Sasad-Sashegy XI. ker.",2025-08-14,Téglalakás,Felújított,Gáz (konvektor),2004.0,,,,,6 m²,,,,,,,
https://www.zenga.hu/ingatlan/elado-tarsashazi-lakas-budapest-vii-kerulet-nagykoruton-beluli-terulet/8614776?page=4&pos=1&cr=290,Budapest VII. kerület eladó társasházi lakás 3 szobás: 129 millió Ft,129.0,91.0,3. emelet,3.0,"Budapest VII. kerület, Belső-Erzsébetváros",2025-08-14,Társasházi lakás,Felújított,Padlófűtés,2019.0,,,,3.0,,48 000 Ft/hó,,,,,,
https://www.zenga.hu/ingatlan/elado-panellakas-budapest-viii-kerulet/8665738?page=4&pos=2&cr=286,Budapest VIII. kerület eladó panellakás 1 szobás: 38 millió Ft,38.0,29.0,2. emelet,1.0,Budapest VIII. kerület,2025-08-14,Panellakás,Jó állapotú,Távfűtés egyedi méréssel,1976.0,,,,10.0,6 m²,,,,,,,
https://www.zenga.hu/ingatlan/elado-teglalakas-budapest-viii-kerulet-corvin-negyed/8652789?page=4&pos=3&cr=286,"Budapest VIII. kerület eladó téglalakás 4 szobás: 139,9 millió Ft",139.0,127.0,,4.0,"Budapest VIII. kerület, Corvin negyed",2025-08-14,Téglalakás,Jó állapotú,Gázkazán,1898.0,,,,,,,,,,,,
https://www.zenga.hu/ingatlan/elado-teglalakas-budapest-viii-kerulet/8652752?page=4&pos=4&cr=286,Budapest VIII. kerület eladó téglalakás 2 szobás: 79 millió Ft,79.0,66.0,földszint,2.0,"Budapest VIII. kerület, Nagy Fuvaros utca",2025-08-14,Téglalakás,Újszerű,Fan coil,1920.0,,,,,,,,,,,,
https://www.zenga.hu/ingatlan/elado-teglalakas-budapest-viii-kerulet/8653408?page=4&pos=5&cr=286,"Budapest VIII. kerület eladó téglalakás 3 szobás: 84,9 millió Ft",84.0,109.0,,3.0,Budapest VIII. kerület,2025-08-14,Téglalakás,Felújítandó,Cserépkályha,1920.0,,,,,,,,,,,,
https://www.zenga.hu/ingatlan/elado-teglalakas-budapest-viii-kerulet/8664165?page=4&pos=6&cr=286,"Budapest VIII. kerület eladó téglalakás 5 szobás: 79,9 millió Ft",79.0,89.0,1. emelet,5.0,"Budapest VIII. kerület, Baross utca",2025-08-14,Téglalakás,Felújítandó,Gázkazán,1900.0,,,,,,,,,,,,
https://www.zenga.hu/ingatlan/elado-teglalakas-budapest-viii-kerulet/8661123?page=4&pos=7&cr=286,"Budapest VIII. kerület eladó téglalakás 2 szobás: 70,9 millió Ft",70.0,76.0,,2.0,Budapest VIII. kerület,2025-08-14,Téglalakás,Jó állapotú,Gázkazán,1950.0,,,,,,,,,,,,
https://www.zenga.hu/ingatlan/elado-teglalakas-budapest-viii-kerulet/8665086?page=4&pos=8&cr=286,"Budapest VIII. kerület eladó téglalakás 2 szobás: 69,9 millió Ft",69.0,64.0,3. emelet,2.0,"Budapest VIII. kerület, Baross utca",2025-08-14,Téglalakás,Jó állapotú,Gázkazán,1898.0,,,,4.0,,,,,,,,
https://www.zenga.hu/ingatlan/elado-teglalakas-budapest-viii-kerulet/8661128?page=4&pos=9&cr=286,"Budapest VIII. kerület eladó téglalakás 4 szobás: 99,9 millió Ft",99.0,92.0,2. emelet,4.0,"Budapest VIII. kerület, Fiumei út",2025-08-14,Téglalakás,Jó állapotú,Gáz (konvektor),1909.0,,,,,8 m²,,,,,,,
https://www.zenga.hu/ingatlan/elado-teglalakas-budapest-viii-kerulet/8662685?page=4&pos=10&cr=286,"Budapest VIII. kerület eladó téglalakás 3 szobás: 97,01 millió Ft",97.0,84.0,földszint,3.0,Budapest VIII. kerület,2025-08-14,Téglalakás,Jó állapotú,Gázkazán,1909.0,,,,4.0,,,,,,,,
https://www.zenga.hu/ingatlan/elado-teglalakas-budapest-viii-kerulet/8662050?page=4&pos=11&cr=286,"Budapest VIII. kerület eladó téglalakás 3 szobás: 108,89 millió Ft",108.0,90.0,tetőtér,3.0,Budapest VIII. kerület,2025-08-14,Téglalakás,Jó állapotú,Gáz (konvektor),1920.0,,,,4.0,2 m²,,,,,,,
https://www.zenga.hu/ingatlan/elado-teglalakas-budapest-viii-kerulet/8657248?page=4&pos=12&cr=286,"Budapest VIII. kerület eladó téglalakás 4 szobás: 84,9 millió Ft",84.0,94.0,földszint,4.0,Budapest VIII. kerület,2025-08-14,Téglalakás,Jó állapotú,Gázkazán,1895.0,,,,3.0,,,,,,,,
https://www.zenga.hu/ingatlan/elado-teglalakas-budapest-viii-kerulet/8654391?page=4&pos=13&cr=286,Budapest VIII. kerület eladó téglalakás 1 szobás: 32 millió Ft,32.0,15.0,2. emelet,1.0,"Budapest VIII. kerület, Baross utca",2025-08-14,Téglalakás,Újszerű,Egyéb,1950.0,,,,3.0,,,,,,,,
https://www.zenga.hu/ingatlan/elado-teglalakas-budapest-viii-kerulet/8657303?page=4&pos=14&cr=286,"Budapest VIII. kerület eladó téglalakás 2 szobás: 69,9 millió Ft",69.0,76.0,földszint,2.0,"Budapest VIII. kerület, Berzsenyi utca",2025-08-14,Téglalakás,Átlagos,Gázkazán,1900.0,,,,2.0,,,,,,,,
https://www.zenga.hu/ingatlan/elado-teglalakas-budapest-xiv-kerulet-istvanmezo/8637837?page=4&pos=15&cr=265,Budapest XIV. kerület eladó téglalakás 2 szobás: 63 millió Ft,63.0,60.0,3. emelet,2.0,"Budapest XIV. kerület, Istvánmező",2025-08-14,Téglalakás,Átlagos,Gázkazán,1920.0,,,Nincs,,,,,,,,,
https://www.zenga.hu/ingatlan/elado-teglalakas-budapest-xiii-kerulet-angyalfold/8651440?page=4&pos=16&cr=263,"Budapest XIII. kerület eladó téglalakás 2 szobás: 59,9 millió Ft",59.0,50.0,földszint,2.0,"Budapest XIII. kerület, Angyalföld, József Attila tér",2025-08-14,Téglalakás,Jó állapotú,Gázkazán,1950.0,,,,,,,,,,,,
https://www.zenga.hu/ingatlan/elado-teglalakas-budapest-xiii-kerulet-loportardulo/8658039?page=4&pos=17&cr=263,"Budapest XIII. kerület eladó téglalakás 3 szobás: 108,8 millió Ft",108.0,56.0,,3.0,"Budapest XIII. kerület, Lőportárdűlő",2025-08-14,Téglalakás,Újszerű,Házközponti fűtés egyedi méréssel,2019.0,,,,,,,,24 m²,,,,
https://www.zenga.hu/ingatlan/elado-teglalakas-budapest-xiii-kerulet-ujlipotvaros/8652792?page=4&pos=18&cr=263,"Budapest XIII. kerület eladó téglalakás 2 szobás: 97,5 millió Ft",97.0,78.0,,2.0,"Budapest XIII. kerület, Újlipótváros",2025-08-14,Téglalakás,Jó állapotú,Gázkazán,1930.0,,,,,,,,,,,,
https://www.zenga.hu/ingatlan/elado-panellakas-budapest-xiii-kerulet-vizafogo/8661809?page=4&pos=19&cr=263,"Budapest XIII. kerület eladó panellakás 3 szobás: 78,9 millió Ft",78.0,59.0,,3.0,"Budapest XIII. kerület, Vizafogó",2025-08-14,Panellakás,Jó állapotú,Távfűtés egyedi méréssel,1975.0,,,,,4 m²,,,,,,,
https://www.zenga.hu/ingatlan/elado-teglalakas-budapest-xiii-kerulet/8659805?page=4&pos=20&cr=263,Budapest XIII. kerület eladó téglalakás 4 szobás: 425 millió Ft,425.0,144.0,3. emelet,4.0,"Budapest XIII. kerület, Hajóépítő sétány",2025-08-14,Téglalakás,Újszerű,Hőszivattyú,2022.0,,,,,,,,85 m²,,,,
https://www.zenga.hu/ingatlan/elado-teglalakas-budapest-xiii-kerulet-loportardulo/8652791?page=5&pos=1&cr=263,"Budapest XIII. kerület eladó téglalakás 2 szobás: 70,9 millió Ft",70.0,37.0,,2.0,"Budapest XIII. kerület, Lőportárdűlő",2025-08-14,Téglalakás,Új építésű,Hőszivattyú,2025.0,,,,,"5,5 m²",,,,,,,
https://www.zenga.hu/ingatlan/elado-teglalakas-budapest-xiii-kerulet-angyalfold/8661159?page=5&pos=2&cr=263,"Budapest XIII. kerület eladó téglalakás 2 szobás: 69,9 millió Ft",69.0,37.0,,2.0,"Budapest XIII. kerület, Angyalföld",2025-08-14,Téglalakás,Új építésű,Hőszivattyú,2025.0,,,,,"2,9 m²",,,,,,,
https://www.zenga.hu/ingatlan/elado-teglalakas-budapest-xiii-kerulet/8664895?page=5&pos=3&cr=263,Budapest XIII. kerület eladó téglalakás 1 szobás: 66 millió Ft,66.0,40.0,3. emelet,1.0,"Budapest XIII. kerület, Göncz Árpád központ",2025-08-14,Téglalakás,Átlagos,Gázkazán,1960.0,,,,,"1,7 m²",,,,,,,
https://www.zenga.hu/ingatlan/elado-teglalakas-budapest-xiii-kerulet-ujlipotvaros/8659809?page=5&pos=4&cr=263,"Budapest XIII. kerület eladó téglalakás 2 szobás: 89,9 millió Ft",89.0,58.0,,2.0,"Budapest XIII. kerület, Újlipótváros",2025-08-14,Téglalakás,Jó állapotú,Távfűtés,1963.0,,,,,3 m²,,,,,,,
https://www.zenga.hu/ingatlan/elado-teglalakas-budapest-xiii-kerulet/8663340?page=5&pos=5&cr=263,Budapest XIII. kerület eladó téglalakás 4 szobás: 279 millió Ft,279.0,167.0,8. emelet,4.0,"Budapest XIII. kerület, Csata utca",2025-08-14,Téglalakás,Újszerű,Elektromos,2008.0,,,,,,,,,,,,
https://www.zenga.hu/ingatlan/elado-teglalakas-budapest-xiii-kerulet/8655430?page=5&pos=6&cr=263,"Budapest XIII. kerület eladó téglalakás 2 szobás: 35,9 millió Ft",35.0,33.0,szuterén,2.0,Budapest XIII. kerület,2025-08-14,Téglalakás,Felújítandó,Elektromos,1930.0,,,,3.0,,,,,,,,
https://www.zenga.hu/ingatlan/elado-teglalakas-budapest-xii-kerulet-istenhegy/8562026?page=5&pos=7&cr=260,"Budapest XII. kerület eladó téglalakás 4 szobás: 144,9 millió Ft",144.0,107.0,,4.0,"Budapest XII. kerület, Istenhegy",2025-08-14,Téglalakás,Felújítandó,Gázkazán,1985.0,F,,,,"8,5 m²",,,"28,7 m²",,,,
https://www.zenga.hu/ingatlan/elado-panellakas-budapest-iii-kerulet-obuda/8663792?page=5&pos=8&cr=260,Budapest III. kerület eladó panellakás 3 szobás: 85 millió Ft,85.0,68.0,9. emelet,3.0,"Budapest III. kerület, Óbuda",2025-08-14,Panellakás,Átlagos,Távfűtés,1980.0,,,,10.0,,,,,,,,
https://www.zenga.hu/ingatlan/elado-teglalakas-budapest-iv-kerulet-megyer/8586502?page=5&pos=9&cr=258,"Budapest IV. kerület eladó téglalakás 2+1 fél szobás: 61,9 millió Ft",61.0,56.0,2. emelet,2.0,"Budapest IV. kerület, Megyer",2025-08-14,Téglalakás,Átlagos,Gáz (konvektor),1975.0,,,,5.0,,,,,,,,
https://www.zenga.hu/ingatlan/elado-teglalakas-budapest-xiv-kerulet-alsorakos/8587364?page=5&pos=10&cr=255,Budapest XIV. kerület eladó téglalakás 2+2 fél szobás: 75 millió Ft,75.0,74.0,1. emelet,2.0,"Budapest XIV. kerület, Alsórákos",2025-08-14,Téglalakás,Átlagos,Távfűtés egyedi méréssel,1968.0,E,,Nincs,,7 m²,,,,,,,
https://www.zenga.hu/ingatlan/elado-teglalakas-budapest-xiii-kerulet/8611400?page=5&pos=11&cr=251,"Eladó 3 szobás téglalakás 127,03 millió Ft értékben Budapest XIII. kerületben - Parkside Residence lakóparkban",127.0,63.0,2. emelet,3.0,"Budapest XIII. kerület, Visegrádi utca 116.",2025-08-14,Téglalakás,Új építésű,Mennyezeti hűtés-fűtés,,A+,,,8.0,"7,1 m²",,2027. 4. negyedév,,,,,
https://www.zenga.hu/ingatlan/elado-teglalakas-budapest-xiii-kerulet/8611417?page=5&pos=12&cr=251,"Eladó 2 szobás téglalakás 86,48 millió Ft értékben Budapest XIII. kerületben - Parkside Residence lakóparkban",86.0,41.0,5. emelet,2.0,"Budapest XIII. kerület, Visegrádi utca 116.",2025-08-14,Téglalakás,Új építésű,Mennyezeti hűtés-fűtés,,A+,,,8.0,"6,1 m²",,2027. 4. negyedév,,,,,
https://www.zenga.hu/ingatlan/elado-teglalakas-budapest-xv-kerulet-rakospalota/8666815?page=5&pos=13&cr=250,"Budapest XV. kerület eladó téglalakás 1 szobás: 31,5 millió Ft",31.0,20.0,földszint,1.0,"Budapest XV. kerület, Rákospalota",2025-08-14,Téglalakás,Felújított,Elektromos,1930.0,,,,1.0,,18 500 Ft/hó,,,,,,
https://www.zenga.hu/ingatlan/elado-teglalakas-budapest-xi-kerulet/8614552?page=5&pos=14&cr=250,"Eladó 1 szobás téglalakás 68,37 millió Ft értékben Budapest XI. kerületben - Budai Walzer lakóparkban",68.0,33.0,2. emelet,1.0,"Budapest XI. kerület, Szerenád u.",2025-08-14,Téglalakás,,Padlófűtés,2027.0,A,,,,,,2027. 4. negyedév,,,,,
https://www.zenga.hu/ingatlan/elado-teglalakas-budapest-xi-kerulet/8614566?page=5&pos=15&cr=250,"Eladó 1 szobás téglalakás 69,24 millió Ft értékben Budapest XI. kerületben - Budai Walzer lakóparkban",69.0,34.0,5. emelet,1.0,"Budapest XI. kerület, Szerenád u.",2025-08-14,Téglalakás,,Padlófűtés,2027.0,A,,,,,,2027. 4. negyedév,,,,,
https://www.zenga.hu/ingatlan/elado-teglalakas-budapest-xi-kerulet/8614716?page=5&pos=16&cr=250,"Eladó 1 szobás téglalakás 55,26 millió Ft értékben Budapest XI. kerületben - Budai Walzer lakóparkban",55.0,26.0,3. emelet,1.0,"Budapest XI. kerület, Szerenád u.",2025-08-14,Téglalakás,,Padlófűtés,2027.0,A,,,,,,2028. 2. negyedév,,,,,
https://www.zenga.hu/ingatlan/elado-teglalakas-budapest-xiii-kerulet/8647208?page=5&pos=17&cr=250,Eladó 1 szobás téglalakás 75 millió Ft értékben Budapest XIII. kerületben - OLIVE Club House lakóparkban,75.0,38.0,3. emelet,1.0,"Budapest XIII. kerület, Szent László út 106.",2025-08-14,Téglalakás,Új építésű,Mennyezeti hűtés-fűtés,,A++,,,5.0,"5,2 m²",,2027. augusztus,,,,,
https://www.zenga.hu/ingatlan/elado-teglalakas-budapest-xiii-kerulet/8647201?page=5&pos=18&cr=250,"Eladó 2 szobás téglalakás 73,1 millió Ft értékben Budapest XIII. kerületben - OLIVE Club House lakóparkban",73.0,45.0,1. emelet,2.0,"Budapest XIII. kerület, Szent László út 106.",2025-08-14,Téglalakás,Új építésű,Mennyezeti hűtés-fűtés,,A++,,,5.0,,,2027. augusztus,,,,,
https://www.zenga.hu/ingatlan/elado-teglalakas-budapest-xiii-kerulet/8647204?page=5&pos=19&cr=250,"Eladó 1 szobás téglalakás 74,1 millió Ft értékben Budapest XIII. kerületben - OLIVE Club House lakóparkban",74.0,42.0,2. emelet,1.0,"Budapest XIII. kerület, Szent László út 106.",2025-08-14,Téglalakás,Új építésű,Mennyezeti hűtés-fűtés,,A++,,,5.0,"5,2 m²",,2027. augusztus,,,,,
https://www.zenga.hu/ingatlan/elado-teglalakas-budapest-x-kerulet/8470972?page=5&pos=20&cr=250,"Eladó 2+1 fél szobás téglalakás 89,57 millió Ft értékben Budapest X. kerületben - Somfa Liget Vii. Ütem lakóparkban",89.0,62.0,5. emelet,2.0,"Budapest X. kerület, Somfa utca 5/a.",2025-08-14,Téglalakás,Új építésű,Házközponti fűtés egyedi méréssel,,,,,7.0,"34,9 m²",,2024. 1. negyedév,,,,,
https://www.zenga.hu/ingatlan/elado-teglalakas-budapest-ix-kerulet/7620867?page=6&pos=1&cr=250,"Eladó 2 szobás téglalakás 70,81 millió Ft értékben Budapest IX. kerületben - Sunny Side Residence lakóparkban",70.0,44.0,földszint,2.0,Budapest IX. kerület,2025-08-14,Téglalakás,Új építésű,,2023.0,,,,,,,,,,,,
https://www.zenga.hu/ingatlan/elado-teglalakas-budapest-ix-kerulet/8633163?page=6&pos=2&cr=250,"Eladó 1 szobás téglalakás 70,01 millió Ft értékben Budapest IX. kerületben - CITY PEARL lakóparkban",70.0,32.0,10 felett,1.0,"Budapest IX. kerület, Soroksári út 58",2025-08-14,Téglalakás,Új építésű,Egyéb,,,,,12.0,"5,3 m²",,2024. 3. negyedév,,,,,
https://www.zenga.hu/ingatlan/elado-tarsashazi-lakas-budapest-ii-kerulet-huvosvolgy/8613340?page=6&pos=3&cr=250,"Budapest II. kerület eladó társasházi lakás 4 szobás: 296,4 millió Ft",296.0,97.0,2. emelet,4.0,"Budapest II. kerület, Hűvösvölgy",2025-08-14,Társasházi lakás,Új építésű,Hőszivattyú,2025.0,,,,4.0,,,,20 m²,,,,
https://www.zenga.hu/ingatlan/elado-teglalakas-budapest-viii-kerulet/7958256?page=6&pos=4&cr=250,"Eladó 1 szobás téglalakás 64,95 millió Ft értékben Budapest VIII. kerületben - UNIVERY Lakópark lakóparkban",64.0,29.0,6. emelet,1.0,Budapest VIII. kerület,2025-08-14,Téglalakás,Új építésű,,2025.0,,,,,,,,,,,,
https://www.zenga.hu/ingatlan/elado-teglalakas-budapest-viii-kerulet/7349233?page=6&pos=5&cr=250,"Eladó 2 szobás téglalakás 79,99 millió Ft értékben Budapest VIII. kerületben - UNIVERY Lakópark lakóparkban",79.0,46.0,1. emelet,2.0,Budapest VIII. kerület,2025-08-14,Téglalakás,Új építésű,,2025.0,,,,,,,,,,,,
https://www.zenga.hu/ingatlan/elado-teglalakas-budapest-xi-kerulet-koerberek/8557632?page=6&pos=6&cr=250,"Eladó 4 szobás téglalakás 153,19 millió Ft értékben Budapest XI. kerületben - Lake11 lakóparkban",153.0,95.0,földszint,4.0,"Budapest XI. kerület, Kőérberek, Kánai út",2025-08-14,Téglalakás,Új építésű,Geotermikus,,A+,,,4.0,"12,4 m²",,2024. 2. negyedév,,,,,
https://www.zenga.hu/ingatlan/elado-teglalakas-budapest-xi-kerulet/8614687?page=6&pos=7&cr=250,"Eladó 1 szobás téglalakás 59,45 millió Ft értékben Budapest XI. kerületben - Budai Walzer lakóparkban",59.0,28.0,földszint,1.0,"Budapest XI. kerület, Szerenád u.",2025-08-14,Téglalakás,,Padlófűtés,2027.0,A,,,,,,2028. 2. negyedév,,,,,
https://www.zenga.hu/ingatlan/elado-teglalakas-budapest-iv-kerulet/8372241?page=6&pos=8&cr=250,"Eladó 3 szobás téglalakás 133,13 millió Ft értékben Budapest IV. kerületben - Bam Living lakóparkban",133.0,101.0,5. emelet,3.0,Budapest IV. kerület,2025-08-14,Téglalakás,Új építésű,Mennyezeti hűtés-fűtés,,AA+ (2016-2023-as besorolás),,,5.0,"96,5 m²",,2026. 4. negyedév,,,,,
https://www.zenga.hu/ingatlan/elado-panellakas-budapest-xv-kerulet-ujpalota/8617890?page=6&pos=9&cr=250,"Budapest XV. kerület eladó panellakás 3 szobás: 59,9 millió Ft",59.0,64.0,10. emelet,3.0,"Budapest XV. kerület, Újpalota, Kőrakás park",2025-08-14,Panellakás,Felújítandó,Távfűtés,,F,,Nincs,10.0,3 m²,,,,,,,
https://www.zenga.hu/ingatlan/elado-teglalakas-budapest-iv-kerulet/8367750?page=6&pos=10&cr=250,"Eladó 3 szobás téglalakás 125,87 millió Ft értékben Budapest IV. kerületben - Bam Living lakóparkban",125.0,100.0,1. emelet,3.0,Budapest IV. kerület,2025-08-14,Téglalakás,Új építésű,Mennyezeti hűtés-fűtés,,AA+ (2016-2023-as besorolás),,,5.0,"75,3 m²",,2026. 4. negyedév,,,,,
https://www.zenga.hu/ingatlan/elado-teglalakas-budapest-iv-kerulet/8387699?page=6&pos=11&cr=250,"Eladó 2 szobás téglalakás 107,29 millió Ft értékben Budapest IV. kerületben - Bam Living lakóparkban",107.0,76.0,5. emelet,2.0,Budapest IV. kerület,2025-08-14,Téglalakás,Új építésű,Mennyezeti hűtés-fűtés,,AA+ (2016-2023-as besorolás),,,5.0,"72,2 m²",,2026. 4. negyedév,,,,,
https://www.zenga.hu/ingatlan/elado-teglalakas-budapest-ix-kerulet/7518172?page=6&pos=12&cr=250,"Eladó 4 szobás téglalakás 159,08 millió Ft értékben Budapest IX. kerületben - Metrodom Green lakóparkban",159.0,82.0,10. emelet,4.0,Budapest IX. kerület,2025-08-14,Téglalakás,Új építésű,Egyéb,2025.0,A+,,,10.0,"12,9 m²",,Átadva,,,,,
https://www.zenga.hu/ingatlan/elado-teglalakas-budapest-xix-kerulet/8606967?page=6&pos=13&cr=250,"Eladó 1 szobás téglalakás 52,04 millió Ft értékben Budapest XIX. kerületben - Aerogate Homes lakóparkban",52.0,30.0,2. emelet,1.0,"Budapest XIX. kerület, Tompa utca 162119/7 hrsz.",2025-08-14,Téglalakás,Új építésű,Hőszivattyú,,,,,8.0,"8,3 m²",,2027. 2. negyedév,,,,,
https://www.zenga.hu/ingatlan/elado-teglalakas-budapest-vii-kerulet/8602468?page=6&pos=14&cr=250,"Eladó 2 szobás téglalakás 141,35 millió Ft értékben Budapest VII. kerületben - LIGET VILLA - uniques homes by Faedra Group lakóparkban",141.0,47.0,1. emelet,2.0,"Budapest VII. kerület, Városligeti fasor 25-27",2025-08-14,Téglalakás,Új építésű,Padlófűtés,,,,,6.0,"8,7 m²",,2027. 4. negyedév,,,,,
https://www.zenga.hu/ingatlan/elado-teglalakas-budapest-vii-kerulet/8602460?page=6&pos=15&cr=250,"Eladó 1 szobás téglalakás 119,35 millió Ft értékben Budapest VII. kerületben - LIGET VILLA - uniques homes by Faedra Group lakóparkban",119.0,35.0,földszint,1.0,"Budapest VII. kerület, Városligeti fasor 25-27",2025-08-14,Téglalakás,Új építésű,Padlófűtés,,,,,6.0,"4,1 m²",,2027. 4. negyedév,,,,,
https://www.zenga.hu/ingatlan/elado-teglalakas-budapest-xiv-kerulet/8510409?page=6&pos=16&cr=250,"Eladó 4 szobás téglalakás 132,9 millió Ft értékben Budapest XIV. kerületben - Telepes24 lakóparkban",132.0,82.0,1. emelet,4.0,"Budapest XIV. kerület, Telepes utca 24.",2025-08-14,Téglalakás,Új építésű,Házközponti fűtés egyedi méréssel,,,,,4.0,"23,5 m²",,2026. 4. negyedév,,,,,
https://www.zenga.hu/ingatlan/elado-teglalakas-budapest-xiv-kerulet/8510407?page=6&pos=17&cr=250,"Eladó 3 szobás téglalakás 89,9 millió Ft értékben Budapest XIV. kerületben - Telepes24 lakóparkban",89.0,56.0,1. emelet,3.0,"Budapest XIV. kerület, Telepes utca 24.",2025-08-14,Téglalakás,Új építésű,Házközponti fűtés egyedi méréssel,,,,,4.0,10 m²,,2026. 4. negyedév,,,,,
https://www.zenga.hu/ingatlan/elado-teglalakas-budapest-xiv-kerulet/8579076?page=6&pos=18&cr=250,"Eladó 3 szobás téglalakás 167,2 millió Ft értékben Budapest XIV. kerületben - Dürer Park lakóparkban",167.0,61.0,1. emelet,3.0,"Budapest XIV. kerület, Ajtósi Dürer sor 19-21.",2025-08-14,Téglalakás,Új építésű,Mennyezeti hűtés-fűtés,,A+,,,9.0,"31,6 m²",,2027. május,,,,,
https://www.zenga.hu/ingatlan/elado-teglalakas-budapest-xiv-kerulet/8579069?page=6&pos=19&cr=250,"Eladó 2 szobás téglalakás 129,35 millió Ft értékben Budapest XIV. kerületben - Dürer Park lakóparkban",129.0,50.0,1. emelet,2.0,"Budapest XIV. kerület, Ajtósi Dürer sor 19-21.",2025-08-14,Téglalakás,Új építésű,Mennyezeti hűtés-fűtés,,A+,,,9.0,19 m²,,2027. május,,,,,
https://www.zenga.hu/ingatlan/elado-teglalakas-budapest-xv-kerulet/8538099?page=6&pos=20&cr=250,"Eladó 2 szobás téglalakás 63,99 millió Ft értékben Budapest XV. kerületben - Novus Liget Lakópark lakóparkban",63.0,42.0,1. emelet,2.0,"Budapest XV. kerület, Kékszilva utca 2.",2025-08-14,Téglalakás,Új építésű,Mennyezeti hűtés-fűtés,,A+,,,3.0,"6,5 m²",,2025. 4. negyedév,,,,,
https://www.zenga.hu/ingatlan/elado-teglalakas-budapest-xiii-kerulet/8570007?page=7&pos=1&cr=250,"Eladó 4 szobás téglalakás 506,97 millió Ft értékben Budapest XIII. kerületben - ART HOUSE lakóparkban",506.0,143.0,3. emelet,4.0,"Budapest XIII. kerület, Revész utca 18.",2025-08-14,Téglalakás,Új építésű,Geotermikus,,,,,7.0,"23,2 m²",,2027. szeptember,,,,,
https://www.zenga.hu/ingatlan/elado-teglalakas-budapest-xiii-kerulet/8569998?page=7&pos=2&cr=250,"Eladó 2 szobás téglalakás 111,54 millió Ft értékben Budapest XIII. kerületben - ART HOUSE lakóparkban",111.0,45.0,3. emelet,2.0,"Budapest XIII. kerület, Revész utca 18.",2025-08-14,Téglalakás,Új építésű,Geotermikus,,,,,7.0,"8,9 m²",,2027. szeptember,,,,,
https://www.zenga.hu/ingatlan/elado-teglalakas-budapest-xiii-kerulet/7930693?page=7&pos=3&cr=250,"Eladó 2 szobás téglalakás 81,2 millió Ft értékben Budapest XIII. kerületben - Terracotta Clubhouse lakóparkban",81.0,49.0,1. emelet,2.0,"Budapest XIII. kerület, Jász utca 56",2025-08-14,Téglalakás,Új építésű,Egyéb,,A++,,,5.0,"10,1 m²",,2025. 3. negyedév,,,,,
https://www.zenga.hu/ingatlan/elado-teglalakas-budapest-xiii-kerulet/7930668?page=7&pos=4&cr=250,"Eladó 2 szobás téglalakás 87,61 millió Ft értékben Budapest XIII. kerületben - Kamilla Club House By Astora lakóparkban",87.0,55.0,1. emelet,2.0,"Budapest XIII. kerület, Jász utca 48",2025-08-14,Téglalakás,Új építésű,Egyéb,,A++,,,5.0,15 m²,,2025. 3. negyedév,,,,,
https://www.zenga.hu/ingatlan/elado-teglalakas-budapest-xiii-kerulet/7930669?page=7&pos=5&cr=250,"Eladó 3 szobás téglalakás 101,91 millió Ft értékben Budapest XIII. kerületben - Kamilla Club House By Astora lakóparkban",101.0,73.0,1. emelet,3.0,"Budapest XIII. kerület, Jász utca 48",2025-08-14,Téglalakás,Új építésű,Egyéb,,A++,,,5.0,3 m²,,2025. 3. negyedév,,,,,
https://www.zenga.hu/ingatlan/elado-teglalakas-budapest-xxiii-kerulet/8554200?page=7&pos=6&cr=250,"Eladó 4 szobás téglalakás 266,25 millió Ft értékben Budapest XXIII. kerületben - Vereskő ikerház lakóparkban",266.0,166.0,2. emelet,4.0,"Budapest XXIII. kerület, Vereskő utca 4.",2025-08-14,Téglalakás,Új építésű,Hőszivattyú,,A+++,,,2.0,50 m²,,2026. július,,,,,
https://www.zenga.hu/ingatlan/elado-teglalakas-budapest-xxiii-kerulet/8554202?page=7&pos=7&cr=250,"Eladó 5 szobás téglalakás 315,13 millió Ft értékben Budapest XXIII. kerületben - Vereskő ikerház lakóparkban",315.0,192.0,2. emelet,5.0,"Budapest XXIII. kerület, Vereskő utca 4.",2025-08-14,Téglalakás,Új építésű,Hőszivattyú,,A+++,,,2.0,70 m²,,2026. július,,,,,
https://www.zenga.hu/ingatlan/elado-teglalakas-budapest-ix-kerulet/8549263?page=7&pos=8&cr=250,Eladó 2 szobás téglalakás 83 millió Ft értékben Budapest IX. kerületben - M76 Projekt lakóparkban,83.0,44.0,3. emelet,2.0,"Budapest IX. kerület, Mester utca 76/B",2025-08-14,Téglalakás,Új építésű,Mennyezeti hűtés-fűtés,,A+,,,7.0,"4,2 m²",,2026. 3. negyedév,,,,,
https://www.zenga.hu/ingatlan/elado-teglalakas-budapest-ix-kerulet/8539346?page=7&pos=9&cr=250,"Eladó 4 szobás téglalakás 202,85 millió Ft értékben Budapest IX. kerületben - M76 Projekt lakóparkban",202.0,95.0,7. emelet,4.0,"Budapest IX. kerület, Mester utca 76/B",2025-08-14,Téglalakás,Új építésű,Mennyezeti hűtés-fűtés,,A+,,,7.0,"26,7 m²",,2026. 3. negyedév,,,,,
https://www.zenga.hu/ingatlan/elado-teglalakas-budapest-vi-kerulet/8526456?page=7&pos=10&cr=250,"Eladó 3 szobás téglalakás 129,5 millió Ft értékben Budapest VI. kerületben - J10 Residence lakóparkban",129.0,67.0,3. emelet,3.0,"Budapest VI. kerület, Jókai utca 10.",2025-08-14,Téglalakás,Új építésű,Hőszivattyú,,A+++,,,4.0,,,2026. 3. negyedév,,,,,
https://www.zenga.hu/ingatlan/elado-teglalakas-budapest-vi-kerulet/8526454?page=7&pos=11&cr=250,,,,,,,2025-08-14,,,,,,,,,,,,,,,,
https://www.zenga.hu/ingatlan/elado-teglalakas-budapest-xiii-kerulet/7900464?page=7&pos=12&cr=250,"Eladó 3 szobás téglalakás 95,97 millió Ft értékben Budapest XIII. kerületben - River Life lakóparkban",95.0,57.0,2. emelet,3.0,"Budapest XIII. kerület, Népfürdő utca 47.",2025-08-14,Téglalakás,Új építésű,Egyéb,2026.0,AA+ (2016-2023-as besorolás),,,8.0,"9,1 m²",,2024. 4. negyedév,,,,,
https://www.zenga.hu/ingatlan/elado-teglalakas-budapest-xiii-kerulet/7900457?page=7&pos=13&cr=250,"Eladó 4 szobás téglalakás 94,58 millió Ft értékben Budapest XIII. kerületben - River Life lakóparkban",94.0,64.0,1. emelet,4.0,"Budapest XIII. kerület, Népfürdő utca 47.",2025-08-14,Téglalakás,Új építésű,Egyéb,2026.0,AA+ (2016-2023-as besorolás),,,8.0,,,2024. 4. negyedév,,,,,
https://www.zenga.hu/ingatlan/elado-teglalakas-budapest-viii-kerulet/8517110?page=7&pos=14&cr=250,"Eladó 2 szobás téglalakás 57,99 millió Ft értékben Budapest VIII. kerületben - Brickery Homes lakóparkban",57.0,47.0,2. emelet,2.0,"Budapest VIII. kerület, Szeszgyár utca 4.",2025-08-14,Téglalakás,Új építésű,Fan coil,,,,,8.0,,,2026. március,,,,,
https://www.zenga.hu/ingatlan/elado-teglalakas-budapest-iv-kerulet/8314161?page=7&pos=15&cr=250,"Eladó 3 szobás téglalakás 120,35 millió Ft értékben Budapest IV. kerületben - Lorántffy-Green House lakóparkban",120.0,93.0,4. emelet,3.0,Budapest IV. kerület,2025-08-14,Téglalakás,Új építésű,Hőszivattyú,,A+,,,4.0,"4,5 m²",,2025. 4. negyedév,,,,,
https://www.zenga.hu/ingatlan/elado-teglalakas-budapest-xi-kerulet/8482456?page=7&pos=16&cr=250,"Eladó 4 szobás téglalakás 173,9 millió Ft értékben Budapest XI. kerületben - Andor Liget Lakópark lakóparkban",173.0,79.0,3. emelet,4.0,"Budapest XI. kerület, Andor utca 60.",2025-08-14,Téglalakás,Új építésű,Mennyezeti hűtés-fűtés,,A++,,,5.0,"31,7 m²",,2027. 2. negyedév,,,,,
https://www.zenga.hu/ingatlan/elado-teglalakas-budapest-xi-kerulet/8482364?page=7&pos=17&cr=250,"Eladó 2 szobás téglalakás 81,9 millió Ft értékben Budapest XI. kerületben - Andor Liget Lakópark lakóparkban",81.0,40.0,1. emelet,2.0,"Budapest XI. kerület, Andor utca 60.",2025-08-14,Téglalakás,Új építésű,Mennyezeti hűtés-fűtés,,A++,,,5.0,"35,5 m²",,2027. 2. negyedév,,,,,
https://www.zenga.hu/ingatlan/elado-teglalakas-budapest-xi-kerulet/8482386?page=7&pos=18&cr=250,"Eladó 3 szobás téglalakás 133,9 millió Ft értékben Budapest XI. kerületben - Andor Liget Lakópark lakóparkban",133.0,63.0,1. emelet,3.0,"Budapest XI. kerület, Andor utca 60.",2025-08-14,Téglalakás,Új építésű,Mennyezeti hűtés-fűtés,,A++,,,5.0,"27,2 m²",,2027. 2. negyedév,,,,,
https://www.zenga.hu/ingatlan/elado-teglalakas-budapest-xiii-kerulet/8431341?page=7&pos=19&cr=250,"Eladó 1 szobás téglalakás 59,86 millió Ft értékben Budapest XIII. kerületben - OASIS Residence lakóparkban",59.0,33.0,5. emelet,1.0,"Budapest XIII. kerület, Sólyatér utca 15.",2025-08-14,Téglalakás,Új építésű,Mennyezeti hűtés-fűtés,,A++,,,8.0,,,2027. 4. negyedév,,,,,
https://www.zenga.hu/ingatlan/elado-teglalakas-budapest-xiii-kerulet/8431348?page=7&pos=20&cr=250,"Eladó 3 szobás téglalakás 135,14 millió Ft értékben Budapest XIII. kerületben - OASIS Residence lakóparkban",135.0,68.0,4. emelet,3.0,"Budapest XIII. kerület, Sólyatér utca 15.",2025-08-14,Téglalakás,Új építésű,Mennyezeti hűtés-fűtés,,A++,,,8.0,"33,6 m²",,2027. 4. negyedév,,,,,
https://www.zenga.hu/ingatlan/elado-teglalakas-budapest-xiii-kerulet/8431353?page=8&pos=1&cr=250,"Eladó 2 szobás téglalakás 86,25 millió Ft értékben Budapest XIII. kerületben - OASIS Residence lakóparkban",86.0,47.0,6. emelet,2.0,"Budapest XIII. kerület, Sólyatér utca 15.",2025-08-14,Téglalakás,Új építésű,Mennyezeti hűtés-fűtés,,A++,,,8.0,"9,6 m²",,2027. 4. negyedév,,,,,
https://www.zenga.hu/ingatlan/elado-teglalakas-budapest-xiii-kerulet/8431345?page=8&pos=2&cr=250,"Eladó 1 szobás téglalakás 67,06 millió Ft értékben Budapest XIII. kerületben - OASIS Residence lakóparkban",67.0,40.0,2. emelet,1.0,"Budapest XIII. kerület, Sólyatér utca 15.",2025-08-14,Téglalakás,Új építésű,Mennyezeti hűtés-fűtés,,A++,,,8.0,"4,7 m²",,2027. 4. negyedév,,,,,
https://www.zenga.hu/ingatlan/elado-teglalakas-budapest-xiv-kerulet/8383058?page=8&pos=3&cr=250,"Eladó 3+1 fél szobás téglalakás 133,56 millió Ft értékben Budapest XIV. kerületben - NL111 lakóparkban",133.0,87.0,4. emelet,3.0,Budapest XIV. kerület,2025-08-14,Téglalakás,Új építésű,Mennyezeti hűtés-fűtés,,A+,,,4.0,66 m²,,2026. 2. negyedév,,,,,
https://www.zenga.hu/ingatlan/elado-teglalakas-budapest-xiv-kerulet/8357111?page=8&pos=4&cr=250,"Eladó 3 szobás téglalakás 89,07 millió Ft értékben Budapest XIV. kerületben - NL111 lakóparkban",89.0,63.0,földszint,3.0,Budapest XIV. kerület,2025-08-14,Téglalakás,Új építésű,Mennyezeti hűtés-fűtés,,A+,,,4.0,"5,5 m²",,2026. 2. negyedév,,,,,
https://www.zenga.hu/ingatlan/elado-teglalakas-budapest-xiii-kerulet/8390987?page=8&pos=5&cr=250,"Eladó 1 szobás téglalakás 67,5 millió Ft értékben Budapest XIII. kerületben - Lomb Corner lakóparkban",67.0,36.0,3. emelet,1.0,"Budapest XIII. kerület, Lomb utca 13.",2025-08-14,Téglalakás,Új építésű,Egyéb,,AA+ (2016-2023-as besorolás),,,9.0,"1,7 m²",,2025. 4. negyedév,,,,,
https://www.zenga.hu/ingatlan/elado-teglalakas-budapest-xi-kerulet/8454282?page=8&pos=6&cr=250,"Eladó 3 szobás téglalakás 155,4 millió Ft értékben Budapest XI. kerületben - NapForrás 20 - Buda lakóparkban",155.0,71.0,1. emelet,3.0,Budapest XI. kerület,2025-08-14,Téglalakás,Új építésű,Mennyezeti hűtés-fűtés,,A+++,,,3.0,24 m²,,2026. 3. negyedév,,,,,
https://www.zenga.hu/ingatlan/elado-teglalakas-budapest-xi-kerulet/8454276?page=8&pos=7&cr=250,"Eladó 2 szobás téglalakás 112,85 millió Ft értékben Budapest XI. kerületben - NapForrás 20 - Buda lakóparkban",112.0,54.0,1. emelet,2.0,Budapest XI. kerület,2025-08-14,Téglalakás,Új építésű,Mennyezeti hűtés-fűtés,,A+++,,,3.0,14 m²,,2026. 3. negyedév,,,,,
https://www.zenga.hu/ingatlan/elado-teglalakas-debrecen/8449159?page=8&pos=8&cr=250,"Eladó 3 szobás téglalakás 74,4 millió Ft értékben Debrecenben - Epres Liget by Bayer lakóparkban",74.0,68.0,3. emelet,3.0,Debrecen,2025-08-14,Téglalakás,Új építésű,Távfűtés,2026.0,,,,4.0,10 m²,,2026. 1. negyedév,,,,,
https://www.zenga.hu/ingatlan/elado-teglalakas-budapest-ix-kerulet/8070330?page=8&pos=9&cr=250,"Eladó 3+1 fél szobás téglalakás 225,94 millió Ft értékben Budapest IX. kerületben - CITY PEARL lakóparkban",225.0,114.0,1. emelet,3.0,Budapest IX. kerület,2025-08-14,Téglalakás,Új építésű,,2024.0,,,,,,,2024. 3. negyedév,,,,,
https://www.zenga.hu/ingatlan/elado-teglalakas-budapest-xii-kerulet/8391019?page=8&pos=10&cr=250,"Eladó 3 szobás téglalakás 177,03 millió Ft értékben Budapest XII. kerületben - Királyhágó Residence lakóparkban",177.0,72.0,1. emelet,3.0,"Budapest XII. kerület, Királyhágó tér 6-7.",2025-08-14,Téglalakás,Új építésű,Egyéb,,A+,,,7.0,,,2024. 1. negyedév,"12,9 m²",,,,
https://www.zenga.hu/ingatlan/elado-teglalakas-budapest-xii-kerulet/8327424?page=8&pos=11&cr=250,"Eladó 3 szobás téglalakás 195,5 millió Ft értékben Budapest XII. kerületben - Királyhágó Residence lakóparkban",195.0,72.0,4. emelet,3.0,"Budapest XII. kerület, Királyhágó tér 6-7.",2025-08-14,Téglalakás,Új építésű,Egyéb,,A+,,,7.0,"12,9 m²",,2024. 1. negyedév,,,,,
https://www.zenga.hu/ingatlan/elado-teglalakas-budapest-x-kerulet/8327394?page=8&pos=12&cr=250,"Eladó 2 szobás téglalakás 79,44 millió Ft értékben Budapest X. kerületben - Somfa Liget Vii. Ütem lakóparkban",79.0,47.0,5. emelet,2.0,"Budapest X. kerület, Somfa utca 5/a.",2025-08-14,Téglalakás,Új építésű,Házközponti fűtés egyedi méréssel,,A+,,,7.0,"28,5 m²",,2024. 1. negyedév,,,,,
https://www.zenga.hu/ingatlan/elado-teglalakas-budapest-v-kerulet/8665107?page=8&pos=13&cr=248,Budapest V. kerület eladó téglalakás 2 szobás: 110 millió Ft,110.0,67.0,félemelet,2.0,"Budapest V. kerület, Markó utca",2025-08-14,Téglalakás,Felújítandó,Házközponti,1927.0,,,,6.0,2 m²,,,,,,,
https://www.zenga.hu/ingatlan/elado-teglalakas-budapest-v-kerulet-lipotvaros/8663414?page=8&pos=14&cr=248,Budapest V. kerület eladó téglalakás 3 szobás: 100 millió Ft,100.0,49.0,földszint,3.0,"Budapest V. kerület, Lipótváros, Nyáry Pál utca",2025-08-14,Téglalakás,Újszerű,Gázkazán,1910.0,,,,,,,,,,,,
https://www.zenga.hu/ingatlan/elado-teglalakas-budapest-v-kerulet/8660309?page=8&pos=15&cr=248,,,,,,,2025-08-14,,,,,,,,,,,,,,,,
https://www.zenga.hu/ingatlan/elado-teglalakas-budapest-v-kerulet/8657165?page=8&pos=16&cr=248,Budapest V. kerület eladó téglalakás 2 szobás: 155 millió Ft,155.0,57.0,5. emelet,2.0,"Budapest V. kerület, Parlament",2025-08-14,Téglalakás,Újszerű,Elektromos,1950.0,,,,,,,,,,,,
https://www.zenga.hu/ingatlan/elado-teglalakas-budapest-v-kerulet/8656935?page=8&pos=17&cr=248,"Budapest V. kerület eladó téglalakás 4 szobás: 214,4 millió Ft",214.0,134.0,2. emelet,4.0,"Budapest V. kerület, Kristóf tér",2025-08-14,Téglalakás,Átlagos,Gázkazán,1836.0,,,,3.0,,,,,,,,
https://www.zenga.hu/ingatlan/elado-teglalakas-budapest-vii-kerulet/8665739?page=8&pos=18&cr=242,,,,,,,2025-08-14,,,,,,,,,,,,,,,,
https://www.zenga.hu/ingatlan/elado-teglalakas-budapest-vii-kerulet-nagykoruton-beluli-terulet/8663413?page=8&pos=19&cr=242,Budapest VII. kerület eladó téglalakás 1 szobás: 54 millió Ft,54.0,27.0,,1.0,"Budapest VII. kerület, Belső-Erzsébetváros, Wesselényi utca",2025-08-14,Téglalakás,Jó állapotú,Gáz (konvektor),1890.0,,,,,,,,,,,,
https://www.zenga.hu/ingatlan/elado-teglalakas-budapest-vii-kerulet/8664070?page=8&pos=20&cr=242,Budapest VII. kerület eladó téglalakás 1 szobás: 60 millió Ft,60.0,29.0,földszint,1.0,Budapest VII. kerület,2025-08-14,Téglalakás,Újszerű,Gázkazán,1911.0,,,,5.0,,,,,,,,
https://www.zenga.hu/ingatlan/elado-teglalakas-budapest-vii-kerulet/8664070?page=9&pos=1&cr=242,Budapest VII. kerület eladó téglalakás 1 szobás: 60 millió Ft,60.0,29.0,földszint,1.0,Budapest VII. kerület,2025-08-14,Téglalakás,Újszerű,Gázkazán,1911.0,,,,5.0,,,,,,,,
https://www.zenga.hu/ingatlan/elado-teglalakas-budapest-vii-kerulet-nagykoruton-kivuli-terulet/8664163?page=9&pos=2&cr=242,Budapest VII. kerület eladó téglalakás 2 szobás: 86 millió Ft,86.0,51.0,,2.0,"Budapest VII. kerület, Külső-Erzsébetváros",2025-08-14,Téglalakás,Jó állapotú,Házközponti fűtés egyedi méréssel,2015.0,,,,,,,,19 m²,,,,
https://www.zenga.hu/ingatlan/elado-teglalakas-budapest-vii-kerulet-nagykoruton-beluli-terulet/8663413?page=9&pos=3&cr=242,Budapest VII. kerület eladó téglalakás 1 szobás: 54 millió Ft,54.0,27.0,,1.0,"Budapest VII. kerület, Belső-Erzsébetváros, Wesselényi utca",2025-08-14,Téglalakás,Jó állapotú,Gáz (konvektor),1890.0,,,,,,,,,,,,
https://www.zenga.hu/ingatlan/elado-teglalakas-budapest-vii-kerulet/8658074?page=9&pos=4&cr=242,"Budapest VII. kerület eladó téglalakás 1 szobás: 64,9 millió Ft",64.0,36.0,,1.0,Budapest VII. kerület,2025-08-14,Téglalakás,Jó állapotú,Gáz (konvektor),1910.0,,,,,,,,,,,,
https://www.zenga.hu/ingatlan/elado-teglalakas-budapest-vii-kerulet-ligetvaros/8662547?page=9&pos=5&cr=242,Budapest VII. kerület eladó téglalakás 3 szobás: 93 millió Ft,93.0,71.0,,3.0,"Budapest VII. kerület, Ligetváros",2025-08-14,Téglalakás,Újszerű,Gázkazán,1890.0,,,,,,,,,,,,
https://www.zenga.hu/ingatlan/elado-teglalakas-budapest-vii-kerulet/8657266?page=9&pos=6&cr=242,Budapest VII. kerület eladó téglalakás 3 szobás: 95 millió Ft,95.0,106.0,2. emelet,3.0,"Budapest VII. kerület, Izabella utca",2025-08-14,Téglalakás,Átlagos,Gáz (konvektor),1900.0,,,,3.0,,,,,,,,
https://www.zenga.hu/ingatlan/elado-teglalakas-budapest-vii-kerulet/8651625?page=9&pos=7&cr=242,Budapest VII. kerület eladó téglalakás 2 szobás: 79 millió Ft,79.0,67.0,4. emelet,2.0,"Budapest VII. kerület, Rákóczi út",2025-08-14,Téglalakás,Felújítandó,Gáz (héra),1920.0,,,,4.0,,,,,,,,
https://www.zenga.hu/ingatlan/elado-panellakas-bekescsaba-lencsesi-jozsef-attila-lakotelep/8665811?page=9&pos=8&cr=230,"Békéscsaba eladó panellakás 2+1 fél szobás: 27,9 millió Ft",27.0,68.0,10. emelet,2.0,"Békéscsaba, Lencsési (József Attila) lakótelep",2025-08-14,Panellakás,Felújított,Házközponti fűtés egyedi méréssel,1970.0,A++,,Van,10.0,4 m²,33 000 Ft/hó,,,,,,
https://www.zenga.hu/ingatlan/elado-teglalakas-budapest-xi-kerulet-szentimrevaros/8523726?page=9&pos=9&cr=230,,,,,,,2025-08-14,,,,,,,,,,,,,,,,
https://www.zenga.hu/ingatlan/elado-teglalakas-budapest-xix-kerulet/8658612?page=9&pos=10&cr=229,"Budapest XIX. kerület eladó téglalakás 3 szobás: 99,5 millió Ft",99.0,65.0,3. emelet,3.0,"Budapest XIX. kerület, KöKi",2025-08-14,Téglalakás,Újszerű,Fan coil,2025.0,,,,2.0,10 m²,,,,,,,
https://www.zenga.hu/ingatlan/elado-teglalakas-budapest-xix-kerulet/8655437?page=9&pos=11&cr=229,"Budapest XIX. kerület eladó téglalakás 2 szobás: 35,9 millió Ft",35.0,35.0,földszint,2.0,"Budapest XIX. kerület, Árpád utca",2025-08-14,Téglalakás,Újszerű,Gáz (konvektor),1963.0,,,,1.0,20 m²,,,,,,,
https://www.zenga.hu/ingatlan/elado-panellakas-budapest-xi-kerulet-kelenfold/8653380?page=9&pos=12&cr=227,Budapest XI. kerület eladó panellakás 3 szobás: 94 millió Ft,94.0,62.0,,3.0,"Budapest XI. kerület, Kelenföld",2025-08-14,Panellakás,Jó állapotú,Távfűtés egyedi méréssel,1973.0,,,,,4 m²,,,,,,,
https://www.zenga.hu/ingatlan/elado-panellakas-budapest-xi-kerulet-kelenfold/8664942?page=9&pos=13&cr=227,"Budapest XI. kerület eladó panellakás 3 szobás: 83,5 millió Ft",83.0,65.0,5. emelet,3.0,"Budapest XI. kerület, Kelenföld, Fraknó utca",2025-08-14,Panellakás,Felújítandó,Távfűtés egyedi méréssel,1970.0,,,,,,,,,,,,
https://www.zenga.hu/ingatlan/elado-teglalakas-budapest-xi-kerulet-sasad-sashegy-xi-ker/8661845?page=9&pos=14&cr=227,"Budapest XI. kerület eladó téglalakás 4 szobás: 199,9 millió Ft",199.0,104.0,,4.0,"Budapest XI. kerület, Sasad-Sashegy XI. ker.",2025-08-14,Téglalakás,Jó állapotú,Gázkazán,2006.0,,,,,,,,14 m²,,,,
https://www.zenga.hu/ingatlan/elado-teglalakas-budapest-xi-kerulet/8660185?page=9&pos=15&cr=227,"Budapest XI. kerület eladó téglalakás 1+2 fél szobás: 169,9 millió Ft",169.0,70.0,3. emelet,1.0,"Budapest XI. kerület, Sasad Liget környéke",2025-08-14,Téglalakás,Újszerű,Házközponti fűtés egyedi méréssel,2020.0,,,,,,,,,,,,
https://www.zenga.hu/ingatlan/elado-teglalakas-budapest-xi-kerulet/8657277?page=9&pos=16&cr=227,"Budapest XI. kerület eladó téglalakás 3 szobás: 139,9 millió Ft",139.0,80.0,tetőtér,3.0,Budapest XI. kerület,2025-08-14,Téglalakás,Jó állapotú,Távfűtés,1930.0,,,,5.0,"1,6 m²",,,,,,,
https://www.zenga.hu/ingatlan/elado-teglalakas-budapest-xi-kerulet/8454338?page=9&pos=17&cr=225,"Eladó 2 szobás téglalakás 112,85 millió Ft értékben Budapest XI. kerületben - NapForrás 20 - Buda lakóparkban",112.0,54.0,1. emelet,2.0,Budapest XI. kerület,2025-08-14,Téglalakás,Új építésű,Mennyezeti hűtés-fűtés,,A+++,,,3.0,14 m²,,2026. 3. negyedév,,,,,
https://www.zenga.hu/ingatlan/elado-teglalakas-budapest-xvi-kerulet-rakosszentmihaly/8586511?page=9&pos=18&cr=222,"Budapest XVI. kerület eladó téglalakás 5 szobás: 179,9 millió Ft",179.0,190.0,2. emelet,5.0,"Budapest XVI. kerület, Rákosszentmihály",2025-08-14,Téglalakás,Új építésű,Hőszivattyú,2025.0,,,,3.0,,,,,,,,
https://www.zenga.hu/ingatlan/elado-teglalakas-budapest-ii-kerulet/8582900?page=9&pos=19&cr=220,Budapest II. kerület eladó téglalakás 4 szobás: 275 millió Ft,275.0,97.0,1. emelet,4.0,Budapest II. kerület,2025-08-14,Téglalakás,Felújított,Gázkazán,1970.0,,,,,,,,,,,,
https://www.zenga.hu/ingatlan/elado-teglalakas-budapest-vii-kerulet/8602434?page=9&pos=20&cr=220,"Eladó 4 szobás téglalakás 243,95 millió Ft értékben Budapest VII. kerületben - LIGET VILLA - uniques homes by Faedra Group lakóparkban",243.0,90.0,1. emelet,4.0,"Budapest VII. kerület, Városligeti fasor 25-27",2025-08-14,Téglalakás,Új építésű,Padlófűtés,,,,,6.0,"7,8 m²",,2027. 4. negyedév,,,,,
https://www.zenga.hu/ingatlan/elado-teglalakas-budapest-xi-kerulet/8454339?page=10&pos=1&cr=215,"Eladó 3 szobás téglalakás 155,4 millió Ft értékben Budapest XI. kerületben - NapForrás 20 - Buda lakóparkban",155.0,71.0,1. emelet,3.0,Budapest XI. kerület,2025-08-14,Téglalakás,Új építésű,Mennyezeti hűtés-fűtés,,A+++,,,3.0,24 m²,,2026. 3. negyedév,,,,,
https://www.zenga.hu/ingatlan/elado-teglalakas-budapest-iii-kerulet-uromhegy/8360852?page=10&pos=2&cr=211,Budapest III. kerület eladó téglalakás 4 szobás: 227 millió Ft,227.0,200.0,földszint,4.0,"Budapest III. kerület, Ürömhegy",2025-08-14,Téglalakás,Felújított,Házközponti fűtés egyedi méréssel,2000.0,,,,2.0,35 m²,,,,,,,
https://www.zenga.hu/ingatlan/elado-teglalakas-dunakeszi/8524823?page=10&pos=3&cr=210,"Dunakeszi eladó téglalakás 2+1 fél szobás: 74,9 millió Ft",74.0,63.0,földszint,2.0,Dunakeszi,2025-08-14,Téglalakás,Felújított,Gáz (konvektor),1975.0,,,,3.0,8 m²,,,,,,,
https://www.zenga.hu/ingatlan/elado-teglalakas-budapest-xiii-kerulet/8455867?page=10&pos=4&cr=210,"Budapest XIII. kerület eladó téglalakás 3 szobás: 109,9 millió Ft",109.0,72.0,3. emelet,3.0,Budapest XIII. kerület,2025-08-14,Téglalakás,Új építésű,Hőszivattyú,2025.0,A++,,Nincs,,8 m²,,,,,,,
https://www.zenga.hu/ingatlan/elado-teglalakas-budapest-xiii-kerulet-vizafogo/8554593?page=10&pos=5&cr=210,"Budapest XIII. kerület eladó téglalakás 4 szobás: 103,9 millió Ft",103.0,93.0,2. emelet,4.0,"Budapest XIII. kerület, Vizafogó, Visegrádi utca",2025-08-14,Téglalakás,Jó állapotú,Gáz (konvektor),,,,,3.0,,,,,,,,
https://www.zenga.hu/ingatlan/elado-teglalakas-budapest-ix-kerulet-rehabilitacios-terulet-ix-/8386054?page=10&pos=6&cr=201,Budapest IX. kerület eladó téglalakás 1 szobás: 45 millió Ft,45.0,26.0,5. emelet,1.0,"Budapest IX. kerület, Rehabilitációs terület IX. ker.",2025-08-14,Téglalakás,Újszerű,Központi fűtés,2017.0,B,,,5.0,,,,,,,,
https://www.zenga.hu/ingatlan/elado-teglalakas-budapest-vi-kerulet/8660958?page=10&pos=7&cr=200,Budapest VI. kerület eladó téglalakás 4 szobás: 149 millió Ft,149.0,94.0,3. emelet,4.0,Budapest VI. kerület,2025-08-14,Téglalakás,Felújított,Gázkazán,1950.0,,,,,,,,,,,,
https://www.zenga.hu/ingatlan/elado-teglalakas-budapest-viii-kerulet/8660957?page=10&pos=8&cr=200,Budapest VIII. kerület eladó téglalakás 5 szobás: 220 millió Ft,220.0,156.0,2. emelet,5.0,Budapest VIII. kerület,2025-08-14,Téglalakás,Felújított,Gázkazán,1920.0,,,,,,,,,,,,
https://www.zenga.hu/ingatlan/elado-teglalakas-budapest-xiv-kerulet-herminamezo/8663393?page=10&pos=9&cr=200,"Budapest XIV. kerület eladó téglalakás 1 szobás: 47,5 millió Ft",47.0,30.0,3. emelet,1.0,"Budapest XIV. kerület, Herminamező",2025-08-14,Téglalakás,Újszerű,,1951.0,,,,3.0,,,,,,,,
https://www.zenga.hu/ingatlan/elado-tarsashazi-lakas-budapest-vi-kerulet/8663817?page=10&pos=10&cr=200,Budapest VI. kerület eladó társasházi lakás 1 szobás: 50 millió Ft,50.0,28.0,földszint,1.0,Budapest VI. kerület,2025-08-14,Társasházi lakás,Felújított,Gáz (konvektor),1930.0,,,,2.0,,30 000 Ft/hó,,,,,,
https://www.zenga.hu/ingatlan/elado-teglalakas-budapest-xiii-kerulet-ujlipotvaros/8629708?page=10&pos=11&cr=200,"Budapest XIII. kerület eladó téglalakás 1 szobás: 52,9 millió Ft",52.0,31.0,2. emelet,1.0,"Budapest XIII. kerület, Újlipótváros, Tisza",2025-08-14,Téglalakás,Felújított,Gáz (konvektor),,C,,,4.0,,15 000 Ft/hó,,,,,,
https://www.zenga.hu/ingatlan/elado-teglalakas-budapest-v-kerulet/8388075?page=10&pos=12&cr=200,"Budapest V. kerület eladó téglalakás 3 szobás: 305,24 millió Ft",305.0,95.0,4. emelet,3.0,Budapest V. kerület,2025-08-14,Téglalakás,,,1950.0,,,,5.0,,,,,,,,
https://www.zenga.hu/ingatlan/elado-teglalakas-budapest-v-kerulet/8369068?page=10&pos=13&cr=200,Budapest V. kerület eladó téglalakás 4 szobás: 265 millió Ft,265.0,100.0,2. emelet,4.0,Budapest V. kerület,2025-08-14,Téglalakás,,,1950.0,,,,,,,,,,,,
https://www.zenga.hu/ingatlan/elado-teglalakas-budapest-v-kerulet/8433051?page=10&pos=14&cr=200,"Budapest V. kerület eladó téglalakás 3 szobás: 215,46 millió Ft",215.0,89.0,4. emelet,3.0,Budapest V. kerület,2025-08-14,Téglalakás,,,1950.0,,,,6.0,,,,,,,,
https://www.zenga.hu/ingatlan/elado-teglalakas-budapest-v-kerulet/8481034?page=10&pos=15&cr=200,Budapest V. kerület eladó téglalakás 2+1 fél szobás: 129 millió Ft,129.0,70.0,5. emelet,2.0,Budapest V. kerület,2025-08-14,Téglalakás,,,1950.0,,,,5.0,,,,,,,,
https://www.zenga.hu/ingatlan/elado-teglalakas-budapest-xv-kerulet-rakospalota/8329239?page=10&pos=16&cr=200,"Budapest XV. kerület eladó téglalakás 4 szobás: 119,9 millió Ft",119.0,114.0,1. emelet,4.0,"Budapest XV. kerület, Rákospalota",2025-08-14,Téglalakás,Új építésű,Gázkazán,2024.0,A++,,,2.0,10 m²,25 000 Ft/hó,,10 m²,,,,
https://www.zenga.hu/ingatlan/elado-teglalakas-budapest-vii-kerulet/8369105?page=10&pos=17&cr=200,Budapest VII. kerület eladó téglalakás 4 szobás: 129 millió Ft,129.0,93.0,1. emelet,4.0,Budapest VII. kerület,2025-08-14,Téglalakás,,,1950.0,,,,,,,,,,,,
https://www.zenga.hu/ingatlan/elado-teglalakas-budapest-xiv-kerulet/8660968?page=10&pos=18&cr=200,"Budapest XIV. kerület eladó téglalakás 2 szobás: 78,9 millió Ft",78.0,39.0,2. emelet,2.0,Budapest XIV. kerület,2025-08-14,Téglalakás,Felújított,Gázkazán,2005.0,,,,,,,,,,,,
https://www.zenga.hu/ingatlan/elado-tarsashazi-lakas-nyiregyhaza-orokosfold/7488487?page=10&pos=19&cr=200,"Eladó 3 szobás társasházi lakás 74,9 millió Ft értékben Nyíregyházán - GREENCITY I. Ütem lakóparkban",74.0,75.0,földszint,3.0,"Nyíregyháza, Örökösföld, Törzs utca 2",2025-08-14,Társasházi lakás,Új építésű,Egyéb,2025.0,AA+ (2016-2023-as besorolás),,,2.0,,,2024. 1. negyedév,,,,,
https://www.zenga.hu/ingatlan/elado-tarsashazi-lakas-nyiregyhaza-orokosfold/7488483?page=10&pos=20&cr=200,"Eladó 3 szobás társasházi lakás 65,9 millió Ft értékben Nyíregyházán - GREENCITY I. Ütem lakóparkban",65.0,71.0,1. emelet,3.0,"Nyíregyháza, Örökösföld, Törzs utca 2",2025-08-14,Társasházi lakás,Új építésű,Egyéb,2025.0,A++,,,2.0,10 m²,,2024. 1. negyedév,,,,,
https://www.zenga.hu/ingatlan/elado-teglalakas-budapest-ix-kerulet/8644209?page=11&pos=1&cr=200,"Budapest IX. kerület eladó téglalakás 2 szobás: 59,9 millió Ft",59.0,75.0,földszint,2.0,Budapest IX. kerület,2025-08-14,Téglalakás,Átlagos,Gázkazán,1926.0,,,,,,,,,,,,
https://www.zenga.hu/ingatlan/elado-teglalakas-budapest-v-kerulet/8490966?page=11&pos=2&cr=200,Budapest V. kerület eladó téglalakás 3 szobás: 215 millió Ft,215.0,110.0,1. emelet,3.0,Budapest V. kerület,2025-08-14,Téglalakás,Felújított,Gázkazán,,,,,3.0,5 m²,50 000 Ft/hó,,,,,,
https://www.zenga.hu/ingatlan/elado-teglalakas-szazhalombatta/8586657?page=11&pos=3&cr=200,"Százhalombatta eladó téglalakás 1+2 fél szobás: 67,9 millió Ft",67.0,59.0,földszint,1.0,Százhalombatta,2025-08-14,Téglalakás,Újszerű,Gázkazán,2007.0,E,,Nincs,,,,,13 m²,,,,
https://www.zenga.hu/ingatlan/elado-teglalakas-budapest-xvi-kerulet/8450003?page=11&pos=4&cr=200,Budapest XVI. kerület eladó téglalakás 1 szobás: 35 millió Ft,35.0,38.0,földszint,1.0,Budapest XVI. kerület,2025-08-14,Téglalakás,Felújított,Elektromos,1920.0,,,,,,,,,,,,
https://www.zenga.hu/ingatlan/elado-teglalakas-szentes/8363669?page=11&pos=5&cr=200,Szentes eladó téglalakás 1+2 fél szobás: 42 millió Ft,42.0,53.0,földszint,1.0,Szentes,2025-08-14,Téglalakás,Új építésű,Hőszivattyú,2025.0,B,,,,,,,,,,,
https://www.zenga.hu/ingatlan/elado-teglalakas-budapest-xi-kerulet-kelenfold/8551504?page=11&pos=6&cr=200,"Budapest XI. kerület eladó téglalakás 3 szobás: 139,99 millió Ft",139.0,62.0,földszint,3.0,"Budapest XI. kerület, Kelenföld",2025-08-14,Téglalakás,Új építésű,Hőszivattyú,2024.0,,,Nincs,2.0,,,,21 m²,,,,
https://www.zenga.hu/ingatlan/elado-teglalakas-balatonmariafurdo/8440065?page=11&pos=7&cr=200,"Balatonmáriafürdő eladó téglalakás 1 szobás: 48,09 millió Ft",48.0,40.0,földszint,1.0,Balatonmáriafürdő,2025-08-14,Téglalakás,Új építésű,Elektromos,2025.0,,,Nincs,,8 m²,,,20 m²,,,,
https://www.zenga.hu/ingatlan/elado-teglalakas-balatonmariafurdo/8619441?page=11&pos=8&cr=200,"Balatonmáriafürdő eladó téglalakás 1 szobás: 55,9 millió Ft",55.0,31.0,3. emelet,1.0,Balatonmáriafürdő,2025-08-14,Téglalakás,Új építésű,Házközponti fűtés egyedi méréssel,2025.0,A+++,,Nincs,,,,,14 m²,,,,
https://www.zenga.hu/ingatlan/elado-teglalakas-balatonmariafurdo/8466871?page=11&pos=9&cr=200,"Balatonmáriafürdő eladó téglalakás 1 szobás: 49,48 millió Ft",49.0,39.0,1. emelet,1.0,Balatonmáriafürdő,2025-08-14,Téglalakás,Új építésű,Elektromos,2025.0,,,Nincs,,,,,7 m²,,,,
https://www.zenga.hu/ingatlan/elado-egyeb-lakas-budapest-viii-kerulet/8344226?page=11&pos=10&cr=200,"Budapest VIII. kerület eladó egyéb lakás 4 szobás: 129,8 millió Ft",129.0,172.0,,4.0,"Budapest VIII. kerület, Nagy Fuvaros utca 27",2025-08-14,Egyéb lakás,Újszerű,,,,,,3.0,,,,,,,,
https://www.zenga.hu/ingatlan/elado-teglalakas-budapest-xix-kerulet/8606986?page=11&pos=11&cr=200,"Eladó 3 szobás téglalakás 95,37 millió Ft értékben Budapest XIX. kerületben - Aerogate Homes lakóparkban",95.0,67.0,2. emelet,3.0,"Budapest XIX. kerület, Tompa utca 162119/7 hrsz.",2025-08-14,Téglalakás,Új építésű,Hőszivattyú,,,,,8.0,"13,7 m²",,2027. 2. negyedév,,,,,
https://www.zenga.hu/ingatlan/elado-teglalakas-budapest-vii-kerulet/8602507?page=11&pos=12&cr=200,"Eladó 4 szobás téglalakás 318,35 millió Ft értékben Budapest VII. kerületben - LIGET VILLA - uniques homes by Faedra Group lakóparkban",318.0,138.0,6. emelet,4.0,"Budapest VII. kerület, Városligeti fasor 25-27",2025-08-14,Téglalakás,Új építésű,Padlófűtés,,,,,6.0,,,2027. 4. negyedév,,,,,
https://www.zenga.hu/ingatlan/elado-teglalakas-budapest-xi-kerulet/8577373?page=11&pos=13&cr=200,"Eladó 1 szobás téglalakás 62,59 millió Ft értékben Budapest XI. kerületben - Revital Park lakóparkban",62.0,30.0,4. emelet,1.0,"Budapest XI. kerület, Fehérvári út 120.",2025-08-14,Téglalakás,Új építésű,Fan coil,,A+,,,9.0,"5,4 m²",,2028. 1. negyedév,,,,,
https://www.zenga.hu/ingatlan/elado-teglalakas-budapest-xiii-kerulet/8264321?page=11&pos=14&cr=200,"Eladó 3 szobás téglalakás 143,07 millió Ft értékben Budapest XIII. kerületben - Granat Club House By Astora lakóparkban",143.0,78.0,5. emelet,3.0,Budapest XIII. kerület,2025-08-14,Téglalakás,Új építésű,Mennyezeti hűtés-fűtés,,A++,,,5.0,"25,8 m²",,2026. 2. negyedév,,,,,
https://www.zenga.hu/ingatlan/elado-teglalakas-budapest-xiii-kerulet/8264312?page=11&pos=15&cr=200,"Eladó 2 szobás téglalakás 72,67 millió Ft értékben Budapest XIII. kerületben - Granat Club House By Astora lakóparkban",72.0,47.0,1. emelet,2.0,Budapest XIII. kerület,2025-08-14,Téglalakás,Új építésű,Mennyezeti hűtés-fűtés,,A++,,,5.0,"4,2 m²",,2026. 2. negyedév,,,,,
https://www.zenga.hu/ingatlan/elado-teglalakas-budapest-v-kerulet/8528444?page=11&pos=16&cr=200,"Budapest V. kerület eladó téglalakás 3 szobás: 159,6 millió Ft",159.0,71.0,2. emelet,3.0,Budapest V. kerület,2025-08-14,Téglalakás,Felújított,Gázkazán,,,,,4.0,,,,,,,,
https://www.zenga.hu/ingatlan/elado-teglalakas-budapest-vi-kerulet-nagykoruton-beluli-terulet/8368782?page=11&pos=17&cr=200,Budapest VI. kerület eladó téglalakás 3 szobás: 169 millió Ft,169.0,72.0,7. emelet,3.0,"Budapest VI. kerület, Nagykörúton belüli terület",2025-08-14,Téglalakás,Újszerű,Házközponti fűtés egyedi méréssel,2008.0,A++,,,8.0,2 m²,,,,,,,
https://www.zenga.hu/ingatlan/elado-teglalakas-budapest-ix-kerulet/8665103?page=11&pos=18&cr=195,Budapest IX. kerület eladó téglalakás 2 szobás: 94 millió Ft,94.0,67.0,3. emelet,2.0,Budapest IX. kerület,2025-08-14,Téglalakás,Jó állapotú,Gáz (konvektor),1900.0,,,,3.0,,,,,,,,
https://www.zenga.hu/ingatlan/elado-teglalakas-budapest-ix-kerulet-belso-ferencvaros/8653401?page=11&pos=19&cr=195,Budapest IX. kerület eladó téglalakás 3 szobás: 250 millió Ft,250.0,77.0,5. emelet,3.0,"Budapest IX. kerület, Belső Ferencváros, Lechner Ödön fasor",2025-08-14,Téglalakás,Újszerű,Fan coil,2008.0,,,,,,,,15 m²,,,,
https://www.zenga.hu/ingatlan/elado-teglalakas-budapest-ix-kerulet-rehabilitacios-terulet-ix-/8664189?page=11&pos=20&cr=195,Budapest IX. kerület eladó téglalakás 3 szobás: 130 millió Ft,130.0,60.0,1. emelet,3.0,"Budapest IX. kerület, Rehabilitációs terület IX. ker., Vágóhíd utca",2025-08-14,Téglalakás,Újszerű,Hőszivattyú,2025.0,,,,,,,,,,,,
https://www.zenga.hu/ingatlan/elado-teglalakas-budapest-ix-kerulet-rehabilitacios-terulet-ix-/8651429?page=12&pos=1&cr=195,Budapest IX. kerület eladó téglalakás 2 szobás: 110 millió Ft,110.0,45.0,,2.0,"Budapest IX. kerület, Rehabilitációs terület IX. ker.",2025-08-14,Téglalakás,Újszerű,Hőszivattyú,2017.0,,,,,,,,"18,9 m²",,,,
https://www.zenga.hu/ingatlan/elado-teglalakas-budapest-ix-kerulet/8652896?page=12&pos=2&cr=195,"Budapest IX. kerület eladó téglalakás 2 szobás: 87,99 millió Ft",87.0,62.0,3. emelet,2.0,Budapest IX. kerület,2025-08-14,Téglalakás,Jó állapotú,Gázkazán,1911.0,,,,4.0,,,,,,,,
https://www.zenga.hu/ingatlan/elado-teglalakas-budapest-ix-kerulet/8651658?page=12&pos=3&cr=195,Budapest IX. kerület eladó téglalakás 2 szobás: 115 millió Ft,115.0,55.0,10. emelet,2.0,"Budapest IX. kerület, Vágóhíd utca",2025-08-14,Téglalakás,Új építésű,Házközponti fűtés egyedi méréssel,2025.0,,,,12.0,"5,3 m²",,,,,,,
https://www.zenga.hu/ingatlan/elado-teglalakas-budapest-xx-kerulet-pesterzsebet/8593098?page=12&pos=4&cr=194,"Budapest XX. kerület eladó téglalakás 2 szobás: 49,9 millió Ft",49.0,55.0,4. emelet,2.0,"Budapest XX. kerület, Pesterzsébet",2025-08-14,Téglalakás,Felújítandó,Gáz (konvektor),1963.0,,,,,,,,,,,,
https://www.zenga.hu/ingatlan/elado-tarsashazi-lakas-budapest-xiii-kerulet/8119959?page=12&pos=5&cr=190,"Eladó 5 szobás társasházi lakás 165,7 millió Ft értékben Budapest XIII. kerületben - Béke Garden lakóparkban",165.0,117.0,10 felett,5.0,Budapest XIII. kerület,2025-08-14,Társasházi lakás,,Egyéb,,,,,,"25,5 m²",,,,,,,
https://www.zenga.hu/ingatlan/elado-teglalakas-budapest-xiii-kerulet-ujlipotvaros/8543932?page=12&pos=6&cr=190,Budapest XIII. kerület eladó téglalakás 3 szobás: 199 millió Ft,199.0,83.0,3. emelet,3.0,"Budapest XIII. kerület, Újlipótváros, Balzac utca",2025-08-14,Téglalakás,Felújított,Gázkazán,1939.0,,,Nincs,5.0,"4,3 m²",55 000 Ft/hó,,,,,,
https://www.zenga.hu/ingatlan/elado-panellakas-budapest-xi-kerulet-gazdagret/8646545?page=12&pos=7&cr=188,Budapest XI. kerület eladó panellakás 2+1 fél szobás: 72 millió Ft,72.0,54.0,10. emelet,2.0,"Budapest XI. kerület, Gazdagrét",2025-08-14,Panellakás,Felújítandó,Távfűtés,1989.0,F,,,,,,,,,,,
https://www.zenga.hu/ingatlan/elado-teglalakas-budapest-x-kerulet/8658094?page=12&pos=8&cr=185,"Budapest X. kerület eladó téglalakás 1 szobás: 43,9 millió Ft",43.0,37.0,,1.0,Budapest X. kerület,2025-08-14,Téglalakás,Felújítandó,Gáz (konvektor),1950.0,,,,,2 m²,,,,,,,
https://www.zenga.hu/ingatlan/elado-csusztatott-zsalus-lakas-budapest-x-kerulet/8664142?page=12&pos=9&cr=185,"Budapest X. kerület eladó csúsztatott zsalus lakás 2 szobás: 45,6 millió Ft",45.0,48.0,,2.0,Budapest X. kerület,2025-08-14,Csúsztatott zsalus lakás,Jó állapotú,Távfűtés,1973.0,,,,,,,,,,,,
https://www.zenga.hu/ingatlan/elado-teglalakas-budapest-x-kerulet-kereszturidulo/8664182?page=12&pos=10&cr=185,"Budapest X. kerület eladó téglalakás 1 szobás: 41,3 millió Ft",41.0,36.0,,1.0,"Budapest X. kerület, Keresztúridűlő",2025-08-14,Téglalakás,Jó állapotú,Gáz (konvektor),1960.0,,,,,"5,8 m²",,,,,,,
https://www.zenga.hu/ingatlan/elado-teglalakas-budapest-x-kerulet/8661110?page=12&pos=11&cr=185,"Budapest X. kerület eladó téglalakás 2 szobás: 57,9 millió Ft",57.0,51.0,,2.0,Budapest X. kerület,2025-08-14,Téglalakás,Jó állapotú,Gáz (konvektor),1990.0,,,,,,,,,,,,
https://www.zenga.hu/ingatlan/elado-teglalakas-budapest-iii-kerulet-uromhegy/7939037?page=12&pos=12&cr=181,Budapest III. kerület eladó téglalakás 3 szobás: 157 millió Ft,157.0,90.0,,3.0,"Budapest III. kerület, Ürömhegy",2025-08-14,Téglalakás,Új építésű,Hőszivattyú,2024.0,,,,1.0,,,,,,,,
https://www.zenga.hu/ingatlan/elado-panellakas-budapest-xi-kerulet-kelenfold/8625121?page=12&pos=13&cr=180,"Budapest XI. kerület eladó panellakás 2 szobás: 72,9 millió Ft",72.0,45.0,,2.0,"Budapest XI. kerület, Kelenföld",2025-08-14,Panellakás,Jó állapotú,Távfűtés egyedi méréssel,1970.0,,,,,5 m²,,,,,,,
https://www.zenga.hu/ingatlan/elado-teglalakas-zalaegerszeg/8472430?page=12&pos=14&cr=180,"Zalaegerszeg eladó téglalakás 3 szobás: 49,9 millió Ft",49.0,3.0,,,Zalaegerszeg,2025-08-14,Téglalakás,Új építésű,,2025.0,A+,,Van,16.0,,,,,,,,
https://www.zenga.hu/ingatlan/elado-teglalakas-zalaegerszeg/8472429?page=12&pos=15&cr=180,"Zalaegerszeg eladó téglalakás 3 szobás: 53,5 millió Ft",53.0,3.0,,,Zalaegerszeg,2025-08-14,Téglalakás,Új építésű,,2025.0,A+,,Van,16.0,,,,,,,,
https://www.zenga.hu/ingatlan/elado-teglalakas-budapest-xii-kerulet-istenhegy/8622724?page=12&pos=16&cr=180,Budapest XII. kerület eladó téglalakás 2 szobás: 120 millió Ft,120.0,73.0,félemelet,2.0,"Budapest XII. kerület, Istenhegy",2025-08-14,Téglalakás,Felújított,Gázkazán,,,,,2.0,10 m²,,,10 m²,,,,
https://www.zenga.hu/ingatlan/elado-teglalakas-nagykanizsa-belvaros/8452295?page=12&pos=17&cr=175,"Nagykanizsa eladó téglalakás 3+1 fél szobás: 65,9 millió Ft",65.0,90.0,1. emelet,3.0,"Nagykanizsa, Belváros",2025-08-14,Téglalakás,Újszerű,Központi fűtés,1877.0,E,,Nincs,2.0,,30 000 Ft/hó,,,,,,
https://www.zenga.hu/ingatlan/elado-teglalakas-budapest-ii-kerulet-torokvesz/8653415?page=12&pos=18&cr=173,Budapest II. kerület eladó téglalakás 2 szobás: 94 millió Ft,94.0,51.0,,2.0,"Budapest II. kerület, Törökvész",2025-08-14,Téglalakás,Jó állapotú,Gázkazán,1980.0,,,,,6 m²,,,,,,,
https://www.zenga.hu/ingatlan/elado-teglalakas-budapest-ii-kerulet-pasaret/8661111?page=12&pos=19&cr=173,"Budapest II. kerület eladó téglalakás 2 szobás: 64,9 millió Ft",64.0,41.0,,2.0,"Budapest II. kerület, Pasarét",2025-08-14,Téglalakás,Felújítandó,Gáz (konvektor),1965.0,,,,,,,,,,,,
https://www.zenga.hu/ingatlan/elado-teglalakas-budapest-ii-kerulet/8653937?page=12&pos=20&cr=173,"Budapest II. kerület eladó téglalakás 1 szobás: 57,5 millió Ft",57.0,27.0,félemelet,1.0,Budapest II. kerület,2025-08-14,Téglalakás,Jó állapotú,Házközponti,1940.0,,,,,,,,,,,,
https://www.zenga.hu/ingatlan/elado-teglalakas-budapest-ii-kerulet-rozsadomb/8664152?page=13&pos=1&cr=173,Budapest II. kerület eladó téglalakás 3 szobás: 125 millió Ft,125.0,67.0,,3.0,"Budapest II. kerület, Rózsadomb",2025-08-14,Téglalakás,Újszerű,Gázkazán,1980.0,D,,,,,,,6 m²,,,,
https://www.zenga.hu/ingatlan/elado-teglalakas-budapest-ii-kerulet-torokvesz/8661157?page=13&pos=2&cr=173,Budapest II. kerület eladó téglalakás 4 szobás: 300 millió Ft,300.0,140.0,1. emelet,4.0,"Budapest II. kerület, Törökvész, Endrődi Sándor utca",2025-08-14,Téglalakás,Jó állapotú,Gázkazán,1979.0,,,,,15 m²,,,,,,,
https://www.zenga.hu/ingatlan/elado-teglalakas-budapest-ii-kerulet-rozsadomb/8652788?page=13&pos=3&cr=173,Budapest II. kerület eladó téglalakás 4 szobás: 185 millió Ft,185.0,97.0,,4.0,"Budapest II. kerület, Rózsadomb",2025-08-14,Téglalakás,Jó állapotú,Gázkazán,1911.0,,,,,3 m²,,,,,,,
https://www.zenga.hu/ingatlan/elado-teglalakas-budapest-ii-kerulet/8662682?page=13&pos=4&cr=173,Budapest II. kerület eladó téglalakás 4 szobás: 330 millió Ft,330.0,136.0,1. emelet,4.0,Budapest II. kerület,2025-08-14,Téglalakás,Újszerű,Hőszivattyú,1980.0,,,,1.0,"8,1 m²",,,,,,,
https://www.zenga.hu/ingatlan/elado-teglalakas-budapest-ii-kerulet/8660293?page=13&pos=5&cr=173,Budapest II. kerület eladó téglalakás 3 szobás: 126 millió Ft,126.0,66.0,2. emelet,3.0,"Budapest II. kerület, Keleti Károly utca",2025-08-14,Téglalakás,Jó állapotú,Gázkazán,1910.0,,,,5.0,,,,,,,,
https://www.zenga.hu/ingatlan/elado-teglalakas-keszthely/8183218?page=13&pos=6&cr=170,"Eladó 2+1 fél szobás téglalakás 125,9 millió Ft értékben Keszthelyen - Royal Homes Exclusive lakóparkban",125.0,65.0,földszint,2.0,"Keszthely, Vitorlás sétány 10.",2025-08-14,Téglalakás,Új építésű,Hőszivattyú,,AA+ (2016-2023-as besorolás),,,4.0,7 m²,,2025. 2. negyedév,,,,,
https://www.zenga.hu/ingatlan/elado-teglalakas-budapest-x-kerulet/8422650?page=13&pos=7&cr=170,"Eladó 4 szobás téglalakás 97,08 millió Ft értékben Budapest X. kerületben - Kincsem by Bayer lakóparkban",97.0,77.0,5. emelet,4.0,"Budapest X. kerület, Gyógyszergyári út 6-12.",2025-08-14,Téglalakás,Új építésű,Távfűtés,,A+,,,9.0,"20,7 m²",,2026. 2. negyedév,,,,,
https://www.zenga.hu/ingatlan/elado-teglalakas-budapest-viii-kerulet-jozsefvaros/8646548?page=13&pos=8&cr=168,"Budapest VIII. kerület eladó téglalakás 1 szobás: 39,9 millió Ft",39.0,48.0,földszint,1.0,"Budapest VIII. kerület, Józsefváros",2025-08-14,Téglalakás,Felújítandó,Gáz (konvektor),1930.0,G,,,,,,,,,,,
https://www.zenga.hu/ingatlan/elado-teglalakas-budapest-v-kerulet-belvaros/8642469?page=13&pos=9&cr=165,Budapest V. kerület eladó téglalakás 3 szobás: 190 millió Ft,190.0,91.0,,3.0,"Budapest V. kerület, Belváros",2025-08-14,Téglalakás,Újszerű,Házközponti,1960.0,,,,,10 m²,,,,,,,
https://www.zenga.hu/ingatlan/elado-teglalakas-budapest-ii-kerulet/8582902?page=13&pos=10&cr=165,"Budapest II. kerület eladó téglalakás 2 szobás: 145,9 millió Ft",145.0,57.0,földszint,2.0,Budapest II. kerület,2025-08-14,Téglalakás,Felújított,Elektromos,1960.0,,,,,,,,,,,,
https://www.zenga.hu/ingatlan/elado-teglalakas-budapest-xi-kerulet/8613312?page=13&pos=11&cr=160,Budapest XI. kerület eladó téglalakás 2+1 fél szobás: 100 millió Ft,100.0,86.0,10 felett,2.0,"Budapest XI. kerület, Bicskei utca",2025-08-14,Téglalakás,Átlagos,Elektromos,,,,,4.0,,,,,,,,
https://www.zenga.hu/ingatlan/elado-tarsashazi-lakas-aszod/8549722?page=13&pos=12&cr=160,Aszód eladó társasházi lakás 20+10 fél szobás: 299 millió Ft,299.0,664.0,1. emelet,20.0,Aszód,2025-08-14,Társasházi lakás,Jó állapotú,Házközponti fűtés egyedi méréssel,,,,,2.0,,,,,,,,
https://www.zenga.hu/ingatlan/elado-teglalakas-budapest-xiv-kerulet/8663616?page=13&pos=13&cr=158,Budapest XIV. kerület eladó téglalakás 3 szobás: 82 millió Ft,82.0,63.0,4. emelet,3.0,Budapest XIV. kerület,2025-08-14,Téglalakás,Újszerű,Házközponti fűtés egyedi méréssel,1908.0,,,,5.0,"1,9 m²",,,,,,,
https://www.zenga.hu/ingatlan/elado-teglalakas-budapest-xiv-kerulet-alsorakos/8651428?page=13&pos=14&cr=158,Budapest XIV. kerület eladó téglalakás 3 szobás: 99 millió Ft,99.0,60.0,,3.0,"Budapest XIV. kerület, Alsórákos, Kerékgyártó utca",2025-08-14,Téglalakás,Újszerű,Fan coil,1950.0,,,,,2 m²,,,,,,,
https://www.zenga.hu/ingatlan/elado-teglalakas-budapest-xiv-kerulet/8665104?page=13&pos=15&cr=158,Budapest XIV. kerület eladó téglalakás 2 szobás: 77 millió Ft,77.0,43.0,4. emelet,2.0,"Budapest XIV. kerület, Egressy út",2025-08-14,Téglalakás,Újszerű,Házközponti fűtés egyedi méréssel,2008.0,,,,6.0,6 m²,,,,,,,
https://www.zenga.hu/ingatlan/elado-panellakas-budapest-xix-kerulet-kispest-lakotelep/8646544?page=13&pos=16&cr=157,"Budapest XIX. kerület eladó panellakás 1+2 fél szobás: 62,9 millió Ft",62.0,59.0,10 felett,1.0,"Budapest XIX. kerület, Kispest lakótelep",2025-08-14,Panellakás,Jó állapotú,Távfűtés,1960.0,D,,,,,,,,,,,
https://www.zenga.hu/ingatlan/elado-teglalakas-budapest-iii-kerulet-uromhegy/8333313?page=13&pos=17&cr=156,"Budapest III. kerület eladó téglalakás 4 szobás: 178,9 millió Ft",178.0,93.0,,4.0,"Budapest III. kerület, Ürömhegy",2025-08-14,Téglalakás,Új építésű,Hőszivattyú,2024.0,,,,1.0,,,,,,,,
https://www.zenga.hu/ingatlan/elado-panellakas-debrecen-dobozi-lakotelep/8444905?page=13&pos=18&cr=155,"Debrecen eladó panellakás 3 szobás: 59,9 millió Ft",59.0,67.0,földszint,3.0,"Debrecen, Dobozi lakótelep",2025-08-14,Panellakás,Felújított,Távfűtés,1980.0,C,,,,,,,,,,,
https://www.zenga.hu/ingatlan/elado-tarsashazi-lakas-budapest-xiii-kerulet/8469029?page=13&pos=19&cr=155,"Eladó 1 szobás társasházi lakás 87,1 millió Ft értékben Budapest XIII. kerületben - Cosmo Residence lakóparkban",87.0,33.0,10 felett,1.0,Budapest XIII. kerület,2025-08-14,Társasházi lakás,,Egyéb,,,,,,"2,2 m²",,,,,,,
https://www.zenga.hu/ingatlan/elado-panellakas-budapest-xxi-kerulet-erdoalja/8587719?page=13&pos=20&cr=155,"Budapest XXI. kerület eladó panellakás 2+3 fél szobás: 84,24 millió Ft",84.0,84.0,földszint,2.0,"Budapest XXI. kerület, Erdőalja, Völgy utca 21.",2025-08-14,Panellakás,Átlagos,Távfűtés,1983.0,E,,,4.0,4 m²,,,,,,,
https://www.zenga.hu/ingatlan/elado-teglalakas-nagykanizsa-belvaros/8584691?page=14&pos=1&cr=155,"Nagykanizsa eladó téglalakás 2 szobás: 28,9 millió Ft",28.0,42.0,földszint,2.0,"Nagykanizsa, Belváros",2025-08-14,Téglalakás,Újszerű,Gáz (konvektor),,E,,,4.0,,,,,,,,
https://www.zenga.hu/ingatlan/elado-teglalakas-budapest-xiii-kerulet/8339083?page=14&pos=2&cr=155,"Eladó 2 szobás téglalakás 77,4 millió Ft értékben Budapest XIII. kerületben - River Life lakóparkban",77.0,49.0,1. emelet,2.0,"Budapest XIII. kerület, Népfürdő utca 47.",2025-08-14,Téglalakás,Új építésű,Egyéb,,AA+ (2016-2023-as besorolás),,,8.0,,,2024. 4. negyedév,,,,,
https://www.zenga.hu/ingatlan/elado-teglalakas-budapest-xiii-kerulet/8228576?page=14&pos=3&cr=155,"Eladó 1 szobás téglalakás 61,49 millió Ft értékben Budapest XIII. kerületben - River Life lakóparkban",61.0,36.0,1. emelet,1.0,"Budapest XIII. kerület, Népfürdő utca 47.",2025-08-14,Téglalakás,Új építésű,Egyéb,,AA+ (2016-2023-as besorolás),,,8.0,,,2024. 4. negyedév,,,,,
https://www.zenga.hu/ingatlan/elado-teglalakas-budapest-iv-kerulet/8666775?page=14&pos=4&cr=153,"Budapest IV. kerület eladó téglalakás 1 szobás: 39,9 millió Ft",39.0,35.0,földszint,1.0,Budapest IV. kerület,2025-08-14,Téglalakás,Átlagos,Gáz (konvektor),1930.0,,,,4.0,,,,,,,,
https://www.zenga.hu/ingatlan/elado-teglalakas-budapest-iv-kerulet/8666776?page=14&pos=5&cr=153,"Budapest IV. kerület eladó téglalakás 1 szobás: 44,9 millió Ft",44.0,35.0,1. emelet,1.0,Budapest IV. kerület,2025-08-14,Téglalakás,Jó állapotú,Gáz (konvektor),1930.0,,,,3.0,,,,,,,,
https://www.zenga.hu/ingatlan/elado-teglalakas-budapest-iv-kerulet-kaposztasmegyer/8651454?page=14&pos=6&cr=153,"Budapest IV. kerület eladó téglalakás 2 szobás: 71,9 millió Ft",71.0,44.0,,2.0,"Budapest IV. kerület, Káposztásmegyer",2025-08-14,Téglalakás,Jó állapotú,Gázkazán,2005.0,,,,,5 m²,,,,,,,
https://www.zenga.hu/ingatlan/elado-teglalakas-budapest-iv-kerulet-kaposztasmegyer/8661120?page=14&pos=7&cr=153,"Budapest IV. kerület eladó téglalakás 1 szobás: 63,9 millió Ft",63.0,43.0,,1.0,"Budapest IV. kerület, Káposztásmegyer",2025-08-14,Téglalakás,Jó állapotú,Házközponti fűtés egyedi méréssel,2005.0,B,,,,,,,,,,,
https://www.zenga.hu/ingatlan/elado-teglalakas-budapest-iv-kerulet-ujpest/8661158?page=14&pos=8&cr=153,"Budapest IV. kerület eladó téglalakás 2 szobás: 64,9 millió Ft",64.0,44.0,,2.0,"Budapest IV. kerület, Újpest, Váci út",2025-08-14,Téglalakás,Újszerű,Geotermikus,1930.0,,,,,,,,,,,,
https://www.zenga.hu/ingatlan/elado-panellakas-budapest-iv-kerulet/8661848?page=14&pos=9&cr=153,"Budapest IV. kerület eladó panellakás 3 szobás: 76,9 millió Ft",76.0,73.0,,3.0,Budapest IV. kerület,2025-08-14,Panellakás,Újszerű,Távfűtés,1985.0,,,,,,,,,,,,
https://www.zenga.hu/ingatlan/elado-csusztatott-zsalus-lakas-budapest-iv-kerulet/8652900?page=14&pos=10&cr=153,Budapest IV. kerület eladó csúsztatott zsalus lakás 3 szobás: 85 millió Ft,85.0,80.0,10. emelet,3.0,Budapest IV. kerület,2025-08-14,Csúsztatott zsalus lakás,Jó állapotú,Házközponti,1971.0,,,,10.0,"5,8 m²",,,,,,,
https://www.zenga.hu/ingatlan/elado-panellakas-budapest-iv-kerulet/8651672?page=14&pos=11&cr=153,"Budapest IV. kerület eladó panellakás 2 szobás: 64,8 millió Ft",64.0,50.0,,2.0,"Budapest IV. kerület, Szigeti József utca",2025-08-14,Panellakás,Jó állapotú,Távfűtés egyedi méréssel,1994.0,,,,10.0,"4,3 m²",,,,,,,
https://www.zenga.hu/ingatlan/elado-teglalakas-nyiregyhaza-malomkert/8650628?page=14&pos=12&cr=151,"Nyíregyháza eladó téglalakás 2 szobás: 37,5 millió Ft",37.0,58.0,3. emelet,2.0,"Nyíregyháza, Malomkert",2025-08-14,Téglalakás,Jó állapotú,Gázkazán,1982.0,,,,3.0,,,,6 m²,,,,
https://www.zenga.hu/ingatlan/elado-teglalakas-budapest-v-kerulet-belvaros/8463777?page=14&pos=13&cr=151,Budapest V. kerület eladó téglalakás 3+1 fél szobás: 189 millió Ft,189.0,100.0,2. emelet,3.0,"Budapest V. kerület, Belváros",2025-08-14,Téglalakás,Átlagos,Központi fűtés,1940.0,,,,5.0,,,,,,,,
https://www.zenga.hu/ingatlan/elado-panellakas-nyiregyhaza-orokosfold/8647308?page=14&pos=14&cr=151,"Nyíregyháza eladó panellakás 2 szobás: 36,5 millió Ft",36.0,55.0,földszint,2.0,"Nyíregyháza, Örökösföld",2025-08-14,Panellakás,Jó állapotú,Távfűtés egyedi méréssel,1980.0,,,,4.0,6 m²,,,,,,,
https://www.zenga.hu/ingatlan/elado-csusztatott-zsalus-lakas-miskolc/8554810?page=14&pos=15&cr=150,"Miskolc eladó csúsztatott zsalus lakás 2 szobás: 24,5 millió Ft",24.0,52.0,3. emelet,2.0,Miskolc,2025-08-14,Csúsztatott zsalus lakás,Jó állapotú,Gáz (konvektor),1970.0,D,,,,,,,,,,,
https://www.zenga.hu/ingatlan/elado-panellakas-budapest-xiv-kerulet/8660970?page=14&pos=16&cr=150,"Budapest XIV. kerület eladó panellakás 2 szobás: 57,9 millió Ft",57.0,50.0,földszint,2.0,Budapest XIV. kerület,2025-08-14,Panellakás,Jó állapotú,Távfűtés,1976.0,,,,,,,,,,,,
https://www.zenga.hu/ingatlan/elado-teglalakas-budapest-xiv-kerulet/8660974?page=14&pos=17&cr=150,"Budapest XIV. kerület eladó téglalakás 2 szobás: 82,5 millió Ft",82.0,64.0,1. emelet,2.0,Budapest XIV. kerület,2025-08-14,Téglalakás,Jó állapotú,Gázkazán,1968.0,,,,,,,,,,,,
https://www.zenga.hu/ingatlan/elado-teglalakas-budapest-xiii-kerulet/8228585?page=14&pos=18&cr=150,"Eladó 3 szobás téglalakás 118,2 millió Ft értékben Budapest XIII. kerületben - Metropol13 4. ütem lakóparkban",118.0,56.0,1. emelet,3.0,Budapest XIII. kerület,2025-08-14,Téglalakás,Új építésű,Hőszivattyú,,A+,,,9.0,"46,7 m²",,2025. 4. negyedév,,,,,
https://www.zenga.hu/ingatlan/elado-teglalakas-budapest-ii-kerulet-rozsadomb/8210223?page=14&pos=19&cr=150,Budapest II. kerület eladó téglalakás 5 szobás: 185 millió Ft,185.0,144.0,3. emelet,5.0,"Budapest II. kerület, Rózsadomb, Buday László utca",2025-08-14,Téglalakás,Újszerű,Gázkazán,1920.0,,,,,,,,,,,,
https://www.zenga.hu/ingatlan/elado-teglalakas-budapest-xiv-kerulet-torokor/8352125?page=14&pos=20&cr=150,"Budapest XIV. kerület eladó téglalakás 2 szobás: 84,9 millió Ft",84.0,58.0,,2.0,"Budapest XIV. kerület, Törökőr",2025-08-14,Téglalakás,Jó állapotú,Gázkazán,1965.0,,,,,"3,5 m²",,,,,,,
https://www.zenga.hu/ingatlan/elado-teglalakas-budapest-iii-kerulet-obuda/8581889?page=15&pos=1&cr=150,"Budapest III. kerület eladó téglalakás: 84,9 millió Ft",84.0,47.0,,,"Budapest III. kerület, Óbuda",2025-08-14,Téglalakás,Újszerű,Gázkazán,2007.0,,,,1.0,,,,,,,,
https://www.zenga.hu/ingatlan/elado-panellakas-bekescsaba-belvaros/8592135?page=15&pos=2&cr=150,"Békéscsaba eladó panellakás 3 szobás: 36,7 millió Ft",36.0,68.0,2. emelet,3.0,"Békéscsaba, Belváros, Wlassics sétány",2025-08-14,Panellakás,Átlagos,Házközponti fűtés egyedi méréssel,,E,,,5.0,"3,8 m²",,,,,,,
https://www.zenga.hu/ingatlan/elado-panellakas-budapest-xix-kerulet/8555277?page=15&pos=3&cr=150,Budapest XIX. kerület eladó panellakás 1+2 fél szobás: 56 millió Ft,56.0,59.0,9. emelet,1.0,Budapest XIX. kerület,2025-08-14,Panellakás,Átlagos,Távfűtés,1981.0,D,,,,,,,,,,,
https://www.zenga.hu/ingatlan/elado-teglalakas-gyula/8631739?page=15&pos=4&cr=150,"Gyula eladó téglalakás 1+1 fél szobás: 41,9 millió Ft",41.0,45.0,1. emelet,1.0,"Gyula, Városház utca 17-19",2025-08-14,Téglalakás,Jó állapotú,Gázkazán,2007.0,E,,,4.0,,7 140 Ft/hó,,,,,,
https://www.zenga.hu/ingatlan/elado-teglalakas-tokaj/8404757?page=15&pos=5&cr=150,"Eladó 3 szobás téglalakás 192,5 millió Ft értékben Tokajban - Y Residence Tokaj lakóparkban",192.0,90.0,1. emelet,3.0,Tokaj,2025-08-14,Téglalakás,Új építésű,Hőszivattyú,,AA+ (2016-2023-as besorolás),,,2.0,"71,1 m²",,2025. 4. negyedév,,,,,
https://www.zenga.hu/ingatlan/elado-teglalakas-tokaj-kistokaj/8404761?page=15&pos=6&cr=150,"Eladó 2 szobás téglalakás 149,5 millió Ft értékben Tokajban - Y Residence Tokaj lakóparkban",149.0,61.0,1. emelet,2.0,"Tokaj, Kistokaj",2025-08-14,Téglalakás,Új építésű,Hőszivattyú,,AA+ (2016-2023-as besorolás),,,2.0,"82,5 m²",,2025. 4. negyedév,,,,,
https://www.zenga.hu/ingatlan/elado-teglalakas-tokaj/8404755?page=15&pos=7&cr=150,"Eladó 2 szobás téglalakás 116,5 millió Ft értékben Tokajban - Y Residence Tokaj lakóparkban",116.0,49.0,földszint,2.0,Tokaj,2025-08-14,Téglalakás,Új építésű,Hőszivattyú,,AA+ (2016-2023-as besorolás),,,2.0,"23,5 m²",,2025. 4. negyedév,,,,,
https://www.zenga.hu/ingatlan/elado-teglalakas-gyor-nadorvaros/8616420?page=15&pos=8&cr=150,Győr eladó téglalakás 1 szobás: 39 millió Ft,39.0,34.0,1. emelet,1.0,"Győr, Nádorváros",2025-08-14,Téglalakás,Felújított,Hőszivattyú,,,,,3.0,3 m²,,,,,,,
https://www.zenga.hu/ingatlan/elado-teglalakas-nyiregyhaza-belvaros/8628524?page=15&pos=9&cr=150,"Nyíregyháza eladó téglalakás 4 szobás: 69,9 millió Ft",69.0,69.0,2. emelet,4.0,"Nyíregyháza, Belváros",2025-08-14,Téglalakás,Felújított,Gázkazán,2008.0,,,,2.0,4 m²,,,,,,,
https://www.zenga.hu/ingatlan/elado-panellakas-budapest-iv-kerulet-ujpest/8517291?page=15&pos=10&cr=150,"Budapest IV. kerület eladó panellakás 2 szobás: 56,5 millió Ft",56.0,54.0,6. emelet,2.0,"Budapest IV. kerület, Újpest",2025-08-14,Panellakás,Átlagos,Távfűtés,,,,,10.0,4 m²,,,,,,,
https://www.zenga.hu/ingatlan/elado-teglalakas-gyor-sziget/8635918?page=15&pos=11&cr=150,"Győr eladó téglalakás 1+1 fél szobás: 49,9 millió Ft",49.0,49.0,földszint,1.0,"Győr, Sziget, Akác tér 11.",2025-08-14,Téglalakás,Átlagos,Gázkazán,2004.0,,,,2.0,5 m²,,,,,,,
https://www.zenga.hu/ingatlan/elado-teglalakas-budapest-iii-kerulet/8570568?page=15&pos=12&cr=150,Budapest III. kerület eladó téglalakás 1 szobás: 85 millió Ft,85.0,31.0,2. emelet,1.0,Budapest III. kerület,2025-08-14,Téglalakás,Újszerű,Házközponti fűtés egyedi méréssel,2022.0,,,,,,,,,,,,
https://www.zenga.hu/ingatlan/elado-teglalakas-budapest-xii-kerulet/8621547?page=15&pos=13&cr=150,Budapest XII. kerület eladó téglalakás 3 szobás: 113 millió Ft,113.0,64.0,2. emelet,3.0,Budapest XII. kerület,2025-08-14,Téglalakás,Felújított,Gázkazán,1920.0,,,,,,,,,,,,
https://www.zenga.hu/ingatlan/elado-teglalakas-budapest-vii-kerulet-nagykoruton-beluli-terulet/8652936?page=15&pos=14&cr=150,"Budapest VII. kerület eladó téglalakás 2 szobás: 54,9 millió Ft",54.0,34.0,1. emelet,2.0,"Budapest VII. kerület, Belső-Erzsébetváros",2025-08-14,Téglalakás,Felújított,Gáz (konvektor),1900.0,,,,3.0,,,,,,,,
https://www.zenga.hu/ingatlan/elado-teglalakas-budapest-vii-kerulet/8651806?page=15&pos=15&cr=150,Budapest VII. kerület eladó téglalakás 2 szobás: 79 millió Ft,79.0,67.0,4. emelet,2.0,Budapest VII. kerület,2025-08-14,Téglalakás,Felújítandó,Cserépkályha,1920.0,D,,Nincs,4.0,,,,,,,,
https://www.zenga.hu/ingatlan/elado-teglalakas-budapest-vi-kerulet/8514350?page=15&pos=16&cr=150,Budapest VI. kerület eladó téglalakás 4 szobás: 155 millió Ft,155.0,108.0,4. emelet,4.0,Budapest VI. kerület,2025-08-14,Téglalakás,Felújított,Gázkazán,2009.0,,,,,,,,,,,,
https://www.zenga.hu/ingatlan/elado-teglalakas-budapest-xii-kerulet-zugliget/8572542?page=15&pos=17&cr=150,"Budapest XII. kerület eladó téglalakás 2 szobás: 59,8 millió Ft",59.0,49.0,földszint,2.0,"Budapest XII. kerület, Zugliget",2025-08-14,Téglalakás,Átlagos,Gáz (konvektor),1910.0,,,,,,,,,,,,
https://www.zenga.hu/ingatlan/elado-tarsashazi-lakas-nyiregyhaza/8647200?page=15&pos=18&cr=150,"Nyíregyháza eladó társasházi lakás 3 szobás: 46,9 millió Ft",46.0,58.0,2. emelet,3.0,Nyíregyháza,2025-08-14,Társasházi lakás,Jó állapotú,Gázkazán,2006.0,A+,,,4.0,"4,5 m²",,,,,,,
https://www.zenga.hu/ingatlan/elado-teglalakas-nyiregyhaza/8647274?page=15&pos=19&cr=150,"Nyíregyháza eladó téglalakás 3 szobás: 51,9 millió Ft",51.0,52.0,1. emelet,3.0,Nyíregyháza,2025-08-14,Téglalakás,Újszerű,Gázkazán,2008.0,,,Nincs,3.0,1 m²,10 000 Ft/hó,,,,,,
https://www.zenga.hu/ingatlan/elado-teglalakas-nyiregyhaza/8647114?page=15&pos=20&cr=150,"Nyíregyháza eladó téglalakás 2 szobás: 35,5 millió Ft",35.0,48.0,2. emelet,2.0,Nyíregyháza,2025-08-14,Téglalakás,Jó állapotú,Távfűtés egyedi méréssel,1980.0,A,,,5.0,,,,,,,,
https://www.zenga.hu/ingatlan/elado-teglalakas-budapest-ii-kerulet-rozsadomb/8652788?page=15&pos=1&cr=164,Budapest II. kerület eladó téglalakás 4 szobás: 185 millió Ft,185.0,97.0,,4.0,"Budapest II. kerület, Rózsadomb",2025-08-15,Téglalakás,Jó állapotú,Gázkazán,1911.0,,,,,,,,,,,,
https://www.zenga.hu/ingatlan/elado-teglalakas-budapest-ii-kerulet/8653937?page=15&pos=2&cr=164,"Budapest II. kerület eladó téglalakás 1 szobás: 57,5 millió Ft",57.0,27.0,félemelet,1.0,Budapest II. kerület,2025-08-15,Téglalakás,Jó állapotú,Házközponti,1940.0,Nem adta meg a hirdető,,,,,,,,,,,
https://www.zenga.hu/ingatlan/elado-teglalakas-budapest-ii-kerulet-torokvesz/8661157?page=15&pos=3&cr=164,Budapest II. kerület eladó téglalakás 4 szobás: 300 millió Ft,300.0,140.0,1. emelet,4.0,"Budapest II. kerület, Törökvész, Endrődi Sándor utca",2025-08-15,Téglalakás,Jó állapotú,Gázkazán,1979.0,Nem adta meg a hirdető,,,,15 m²,,,,,,,
https://www.zenga.hu/ingatlan/elado-teglalakas-budapest-ii-kerulet-rozsadomb/8664152?page=15&pos=4&cr=164,Budapest II. kerület eladó téglalakás 3 szobás: 125 millió Ft,125.0,67.0,,3.0,"Budapest II. kerület, Rózsadomb",2025-08-15,Téglalakás,Újszerű,Gázkazán,1980.0,D,,,,,,,6 m²,,,,
https://www.zenga.hu/ingatlan/elado-teglalakas-budapest-ii-kerulet-pasaret/8661111?page=15&pos=5&cr=164,"Budapest II. kerület eladó téglalakás 2 szobás: 64,9 millió Ft",64.0,41.0,,2.0,"Budapest II. kerület, Pasarét",2025-08-15,Téglalakás,Felújítandó,Gáz (konvektor),1965.0,Nem adta meg a hirdető,,,,,,,,,,,
https://www.zenga.hu/ingatlan/elado-teglalakas-budapest-ii-kerulet-torokvesz/8653415?page=15&pos=6&cr=164,Budapest II. kerület eladó téglalakás 2 szobás: 94 millió Ft,94.0,51.0,,2.0,"Budapest II. kerület, Törökvész",2025-08-15,Téglalakás,Jó állapotú,Gázkazán,1980.0,Nem adta meg a hirdető,,,,6 m²,,,,,,,
https://www.zenga.hu/ingatlan/elado-teglalakas-budapest-ii-kerulet/8662682?page=15&pos=7&cr=164,Budapest II. kerület eladó téglalakás 4 szobás: 330 millió Ft,330.0,136.0,1. emelet,4.0,Budapest II. kerület,2025-08-15,Téglalakás,Újszerű,Hőszivattyú,1980.0,Nem adta meg a hirdető,,,1.0,"8,1 m²",,,,,,,
https://www.zenga.hu/ingatlan/elado-teglalakas-budapest-ii-kerulet/8660293?page=15&pos=8&cr=164,Budapest II. kerület eladó téglalakás 3 szobás: 126 millió Ft,126.0,66.0,2. emelet,3.0,"Budapest II. kerület, Keleti Károly utca",2025-08-15,Téglalakás,Jó állapotú,Gázkazán,1910.0,Nem adta meg a hirdető,,,5.0,,,,,,,,
https://www.zenga.hu/ingatlan/elado-teglalakas-budapest-xiv-kerulet-alsorakos/8667984?page=15&pos=9&cr=162,Budapest XIV. kerület eladó téglalakás 2 szobás: 78 millió Ft,78.0,60.0,,2.0,,2025-08-15,,,,,,,,,,,,,,,,
https://www.zenga.hu/ingatlan/elado-teglalakas-budapest-xiv-kerulet-kiszuglo/8642472?page=15&pos=10&cr=162,"Budapest XIV. kerület eladó téglalakás 3 szobás: 149,5 millió Ft",149.0,68.0,1. emelet,3.0,"Budapest XIV. kerület, Kiszugló, Kövér Lajos utca",2025-08-15,Téglalakás,Újszerű,Házközponti fűtés egyedi méréssel,2018.0,Nem adta meg a hirdető,,,,3 m²,,,,,,,
https://www.zenga.hu/ingatlan/elado-teglalakas-budapest-xiv-kerulet/8663616?page=15&pos=11&cr=162,Budapest XIV. kerület eladó téglalakás 3 szobás: 82 millió Ft,82.0,63.0,4. emelet,3.0,Budapest XIV. kerület,2025-08-15,Téglalakás,Újszerű,Házközponti fűtés egyedi méréssel,1908.0,Nem adta meg a hirdető,,,5.0,"1,9 m²",,,,,,,
https://www.zenga.hu/ingatlan/elado-teglalakas-budapest-xiv-kerulet/8665104?page=15&pos=12&cr=162,Budapest XIV. kerület eladó téglalakás 2 szobás: 77 millió Ft,77.0,43.0,4. emelet,2.0,"Budapest XIV. kerület, Egressy út",2025-08-15,Téglalakás,Újszerű,Házközponti fűtés egyedi méréssel,2008.0,Nem adta meg a hirdető,,,6.0,6 m²,,,,,,,
https://www.zenga.hu/ingatlan/elado-panellakas-budapest-xi-kerulet-gazdagret/8646545?page=15&pos=13&cr=162,Budapest XI. kerület eladó panellakás 2+1 fél szobás: 72 millió Ft,72.0,54.0,10. emelet,2.0,,2025-08-15,,,,,,,,,,,,,,,,
https://www.zenga.hu/ingatlan/elado-teglalakas-budapest-xi-kerulet/8613312?page=15&pos=14&cr=160,Budapest XI. kerület eladó téglalakás 2+1 fél szobás: 100 millió Ft,100.0,86.0,10 felett,2.0,"Budapest XI. kerület, Bicskei utca",2025-08-15,Téglalakás,Átlagos,Elektromos,,Nem adta meg a hirdető,,,4.0,,,,,,,,
https://www.zenga.hu/ingatlan/elado-tarsashazi-lakas-aszod/8549722?page=15&pos=15&cr=160,Aszód eladó társasházi lakás 20+10 fél szobás: 299 millió Ft,299.0,664.0,1. emelet,20.0,Aszód,2025-08-15,Társasházi lakás,Jó állapotú,Házközponti fűtés egyedi méréssel,,Nem adta meg a hirdető,,,2.0,,,,,,,,
https://www.zenga.hu/ingatlan/elado-teglalakas-budapest-iii-kerulet-uromhegy/8333313?page=15&pos=16&cr=156,"Budapest III. kerület eladó téglalakás 4 szobás: 178,9 millió Ft",178.0,93.0,,4.0,"Budapest III. kerület, Ürömhegy",2025-08-15,Téglalakás,Új építésű,Hőszivattyú,2024.0,Nem adta meg a hirdető,,,1.0,,,,,,,,
https://www.zenga.hu/ingatlan/elado-teglalakas-budapest-iv-kerulet-kaposztasmegyer/8661120?page=15&pos=17&cr=155,"Budapest IV. kerület eladó téglalakás 1 szobás: 63,9 millió Ft",63.0,43.0,,1.0,"Budapest IV. kerület, Káposztásmegyer",2025-08-15,Téglalakás,Jó állapotú,Házközponti fűtés egyedi méréssel,2005.0,B,,,,,,,,,,,
https://www.zenga.hu/ingatlan/elado-teglalakas-budapest-iv-kerulet/8666775?page=15&pos=18&cr=155,"Budapest IV. kerület eladó téglalakás 1 szobás: 39,9 millió Ft",39.0,35.0,földszint,1.0,Budapest IV. kerület,2025-08-15,Téglalakás,Átlagos,Gáz (konvektor),1930.0,Nem adta meg a hirdető,,,4.0,,,,,,,,
https://www.zenga.hu/ingatlan/elado-teglalakas-budapest-iv-kerulet/8666776?page=15&pos=19&cr=155,"Budapest IV. kerület eladó téglalakás 1 szobás: 44,9 millió Ft",44.0,35.0,1. emelet,1.0,Budapest IV. kerület,2025-08-15,Téglalakás,Jó állapotú,Gáz (konvektor),1930.0,Nem adta meg a hirdető,,,3.0,,,,,,,,
https://www.zenga.hu/ingatlan/elado-tarsashazi-lakas-budapest-xiii-kerulet/8469029?page=15&pos=20&cr=155,"Eladó 1 szobás társasházi lakás 87,1 millió Ft értékben Budapest XIII. kerületben - Cosmo Residence lakóparkban",87.0,33.0,10 felett,1.0,Budapest XIII. kerület,2025-08-15,Társasházi lakás,,Egyéb,,Nem adta meg a hirdető,,,,"2,2 m²",,,,,,,
https://www.zenga.hu/ingatlan/elado-teglalakas-budapest-iv-kerulet-ujpest/8661158?page=16&pos=1&cr=155,"Budapest IV. kerület eladó téglalakás 2 szobás: 64,9 millió Ft",64.0,44.0,,2.0,"Budapest IV. kerület, Újpest, Váci út",2025-08-15,Téglalakás,Újszerű,Geotermikus,1930.0,Nem adta meg a hirdető,,,,,,,,,,,
https://www.zenga.hu/ingatlan/elado-panellakas-budapest-iv-kerulet/8661848?page=16&pos=2&cr=155,"Budapest IV. kerület eladó panellakás 3 szobás: 76,9 millió Ft",76.0,73.0,,3.0,Budapest IV. kerület,2025-08-15,Panellakás,Újszerű,Távfűtés,1985.0,Nem adta meg a hirdető,,,,,,,,,,,
https://www.zenga.hu/ingatlan/elado-csusztatott-zsalus-lakas-budapest-iv-kerulet/8652900?page=16&pos=3&cr=155,Budapest IV. kerület eladó csúsztatott zsalus lakás 3 szobás: 85 millió Ft,85.0,80.0,10. emelet,3.0,Budapest IV. kerület,2025-08-15,Csúsztatott zsalus lakás,Jó állapotú,Házközponti,1971.0,Nem adta meg a hirdető,,,10.0,"5,8 m²",,,,,,,
https://www.zenga.hu/ingatlan/elado-teglalakas-nagykanizsa-belvaros/8584691?page=16&pos=4&cr=155,"Nagykanizsa eladó téglalakás 2 szobás: 28,9 millió Ft",28.0,42.0,földszint,2.0,"Nagykanizsa, Belváros",2025-08-15,Téglalakás,Újszerű,Gáz (konvektor),,E,,,4.0,,,,,,,,
https://www.zenga.hu/ingatlan/elado-teglalakas-budapest-xiii-kerulet/8339083?page=16&pos=5&cr=155,"Eladó 2 szobás téglalakás 77,4 millió Ft értékben Budapest XIII. kerületben - River Life lakóparkban",77.0,49.0,1. emelet,2.0,"Budapest XIII. kerület, Népfürdő utca 47.",2025-08-15,Téglalakás,Új építésű,Egyéb,,AA+ (2016-2023-as besorolás),,,8.0,,,2024. 4. negyedév,,,,,
https://www.zenga.hu/ingatlan/elado-teglalakas-budapest-xiii-kerulet/8228576?page=16&pos=6&cr=155,"Eladó 1 szobás téglalakás 61,49 millió Ft értékben Budapest XIII. kerületben - River Life lakóparkban",61.0,36.0,1. emelet,1.0,"Budapest XIII. kerület, Népfürdő utca 47.",2025-08-15,Téglalakás,Új építésű,Egyéb,,AA+ (2016-2023-as besorolás),,,8.0,,,2024. 4. negyedév,,,,,
https://www.zenga.hu/ingatlan/elado-teglalakas-nyiregyhaza-malomkert/8650628?page=16&pos=7&cr=151,"Nyíregyháza eladó téglalakás 2 szobás: 37,5 millió Ft",37.0,58.0,3. emelet,2.0,"Nyíregyháza, Malomkert",2025-08-15,Téglalakás,Jó állapotú,Gázkazán,1982.0,Nem adta meg a hirdető,,,3.0,,,,6 m²,,,,
https://www.zenga.hu/ingatlan/elado-panellakas-nyiregyhaza-orokosfold/8647308?page=16&pos=8&cr=151,"Nyíregyháza eladó panellakás 2 szobás: 36,5 millió Ft",36.0,55.0,földszint,2.0,"Nyíregyháza, Örökösföld",2025-08-15,Panellakás,Jó állapotú,Távfűtés egyedi méréssel,1980.0,Nem adta meg a hirdető,,,4.0,6 m²,,,,,,,
https://www.zenga.hu/ingatlan/elado-tarsashazi-lakas-miskolc-martinkertvaros/8592312?page=16&pos=9&cr=151,"Miskolc eladó társasházi lakás 4 szobás: 82,5 millió Ft",82.0,102.0,földszint,4.0,"Miskolc, Martinkertváros",2025-08-15,Társasházi lakás,Új építésű,Hőszivattyú,2025.0,A++,,,2.0,6 m²,,,,,,,
https://www.zenga.hu/ingatlan/elado-teglalakas-nyiregyhaza-belvaros/8659862?page=16&pos=10&cr=150,"Nyíregyháza eladó téglalakás 1+1 fél szobás: 60,26 millió Ft",60.0,61.0,3. emelet,1.0,"Nyíregyháza, Belváros",2025-08-15,Téglalakás,Új építésű,Gázkazán,2025.0,Nem adta meg a hirdető,,,3.0,,,,,,,,
https://www.zenga.hu/ingatlan/elado-teglalakas-budapest-ii-kerulet-rozsadomb/8210223?page=16&pos=11&cr=150,Budapest II. kerület eladó téglalakás 5 szobás: 185 millió Ft,185.0,144.0,3. emelet,5.0,"Budapest II. kerület, Rózsadomb, Buday László utca",2025-08-15,Téglalakás,Felújított,Gázkazán,1920.0,Nem adta meg a hirdető,,,3.0,,,,,,,,
https://www.zenga.hu/ingatlan/elado-teglalakas-budapest-xiii-kerulet/8228585?page=16&pos=12&cr=150,"Eladó 3 szobás téglalakás 118,2 millió Ft értékben Budapest XIII. kerületben - Metropol13 4. ütem lakóparkban",118.0,56.0,1. emelet,3.0,Budapest XIII. kerület,2025-08-15,Téglalakás,Új építésű,Hőszivattyú,,A+,,,9.0,"46,7 m²",,2025. 4. negyedév,,,,,
https://www.zenga.hu/ingatlan/elado-teglalakas-budapest-xiv-kerulet-nagyzuglo/8641050?page=16&pos=13&cr=150,"Budapest XIV. kerület eladó téglalakás 2 szobás: 59,99 millió Ft",59.0,50.0,,2.0,"Budapest XIV. kerület, Nagyzugló",2025-08-15,Téglalakás,Felújítandó,Gáz (konvektor),1958.0,Nem adta meg a hirdető,,,,,,,,,,,
https://www.zenga.hu/ingatlan/elado-teglalakas-budapest-vi-kerulet/8161014?page=16&pos=14&cr=150,Budapest VI. kerület eladó téglalakás 1 szobás: 88 millió Ft,88.0,50.0,,1.0,Budapest VI. kerület,2025-08-15,Téglalakás,Jó állapotú,Egyéb,1860.0,Nem adta meg a hirdető,,,,,,,,,,,
https://www.zenga.hu/ingatlan/elado-teglalakas-budapest-vii-kerulet-nagykoruton-beluli-terulet/8487336?page=16&pos=15&cr=150,Budapest VII. kerület eladó téglalakás 4 szobás: 155 millió Ft,155.0,87.0,,4.0,,2025-08-15,,,,,,,,,,,,,,,,
https://www.zenga.hu/ingatlan/elado-teglalakas-budapest-xiv-kerulet-alsorakos/8602146?page=16&pos=16&cr=150,"Budapest XIV. kerület eladó téglalakás 1 szobás: 49,9 millió Ft",49.0,38.0,,1.0,"Budapest XIV. kerület, Alsórákos",2025-08-15,Téglalakás,Jó állapotú,Gáz (konvektor),1958.0,Nem adta meg a hirdető,,,,1 m²,,,,,,,
https://www.zenga.hu/ingatlan/elado-panellakas-budapest-xviii-kerulet-havanna-lakotelep/8640289?page=16&pos=17&cr=150,"Budapest XVIII. kerület eladó panellakás 3 szobás: 69,9 millió Ft",69.0,72.0,7. emelet,3.0,"Budapest XVIII. kerület, Havanna lakótelep",2025-08-15,Panellakás,Jó állapotú,Távfűtés egyedi méréssel,1981.0,D,,,,,,,,,,,
https://www.zenga.hu/ingatlan/elado-teglalakas-gyula/8631739?page=16&pos=18&cr=150,"Gyula eladó téglalakás 1+1 fél szobás: 41,9 millió Ft",41.0,45.0,1. emelet,1.0,"Gyula, Városház utca 17-19",2025-08-15,Téglalakás,Jó állapotú,Gázkazán,2007.0,E,,,4.0,,7 140 Ft/hó,,,,,,
https://www.zenga.hu/ingatlan/elado-panellakas-bekescsaba-belvaros/8592135?page=16&pos=19&cr=150,"Békéscsaba eladó panellakás 3 szobás: 36,7 millió Ft",36.0,68.0,2. emelet,3.0,"Békéscsaba, Belváros, Wlassics sétány",2025-08-15,Panellakás,Átlagos,Házközponti fűtés egyedi méréssel,,E,,,5.0,"3,8 m²",,,,,,,
https://www.zenga.hu/ingatlan/elado-panellakas-budapest-xviii-kerulet-havanna-lakotelep/8502356?page=16&pos=20&cr=150,"Budapest XVIII. kerület eladó panellakás 2 szobás: 56,9 millió Ft",56.0,53.0,8. emelet,2.0,"Budapest XVIII. kerület, Havanna lakótelep",2025-08-15,Panellakás,Felújított,Távfűtés egyedi méréssel,1980.0,B,,,,,,,,,,,
https://www.zenga.hu/ingatlan/elado-teglalakas-budapest-xiii-kerulet-ujlipotvaros/8662627?page=17&pos=1&cr=150,"Budapest XIII. kerület eladó téglalakás 2 szobás: 77,9 millió Ft",77.0,50.0,5. emelet,2.0,"Budapest XIII. kerület, Újlipótváros",2025-08-15,Téglalakás,Felújított,Gáz (konvektor),1910.0,Nem adta meg a hirdető,,,5.0,,,,,,,,
https://www.zenga.hu/ingatlan/elado-teglalakas-budapest-xiii-kerulet-ujlipotvaros/8662626?page=17&pos=2&cr=150,"Budapest XIII. kerület eladó téglalakás 1 szobás: 41,9 millió Ft",41.0,33.0,,1.0,"Budapest XIII. kerület, Újlipótváros",2025-08-15,Téglalakás,Felújítandó,Gáz (konvektor),1927.0,Nem adta meg a hirdető,,,4.0,,,,,,,,
https://www.zenga.hu/ingatlan/elado-teglalakas-budapest-xiii-kerulet-ujlipotvaros/8662625?page=17&pos=3&cr=150,"Budapest XIII. kerület eladó téglalakás 1+1 fél szobás: 72,9 millió Ft",72.0,42.0,5. emelet,1.0,"Budapest XIII. kerület, Újlipótváros",2025-08-15,Téglalakás,Felújított,Gáz (konvektor),1910.0,Nem adta meg a hirdető,,,5.0,,,,,,,,
https://www.zenga.hu/ingatlan/elado-teglalakas-nyiregyhaza-belvaros/8628524?page=17&pos=4&cr=150,"Nyíregyháza eladó téglalakás 4 szobás: 69,9 millió Ft",69.0,69.0,2. emelet,4.0,"Nyíregyháza, Belváros",2025-08-15,Téglalakás,Felújított,Gázkazán,2008.0,Nem adta meg a hirdető,,,2.0,4 m²,,,,,,,
https://www.zenga.hu/ingatlan/elado-teglalakas-gyor-nadorvaros/8616420?page=17&pos=5&cr=150,Győr eladó téglalakás 1 szobás: 39 millió Ft,39.0,34.0,1. emelet,1.0,"Győr, Nádorváros",2025-08-15,Téglalakás,Felújított,Hőszivattyú,,Nem adta meg a hirdető,,,3.0,3 m²,,,,,,,
https://www.zenga.hu/ingatlan/elado-teglalakas-gyor-sziget/8635918?page=17&pos=6&cr=150,"Győr eladó téglalakás 1+1 fél szobás: 49,9 millió Ft",49.0,49.0,földszint,1.0,"Győr, Sziget, Akác tér 11.",2025-08-15,Téglalakás,Átlagos,Gázkazán,2004.0,Nem adta meg a hirdető,,,2.0,5 m²,,,,,,,
https://www.zenga.hu/ingatlan/elado-teglalakas-budapest-iii-kerulet/8570568?page=17&pos=7&cr=150,Budapest III. kerület eladó téglalakás 1 szobás: 85 millió Ft,85.0,31.0,2. emelet,1.0,Budapest III. kerület,2025-08-15,Téglalakás,Újszerű,Házközponti fűtés egyedi méréssel,2022.0,Nem adta meg a hirdető,,,,,,,,,,,
https://www.zenga.hu/ingatlan/elado-teglalakas-budapest-xii-kerulet/8621547?page=17&pos=8&cr=150,Budapest XII. kerület eladó téglalakás 3 szobás: 113 millió Ft,113.0,64.0,2. emelet,3.0,Budapest XII. kerület,2025-08-15,Téglalakás,Felújított,Gázkazán,1920.0,Nem adta meg a hirdető,,,,,,,,,,,
https://www.zenga.hu/ingatlan/elado-teglalakas-budapest-v-kerulet-belvaros/8478533?page=17&pos=9&cr=150,"Budapest V. kerület eladó téglalakás 1 szobás: 95,9 millió Ft",95.0,42.0,7. emelet,1.0,"Budapest V. kerület, Belváros",2025-08-15,Téglalakás,Újszerű,,1978.0,Nem adta meg a hirdető,,,7.0,,,,,,,,
https://www.zenga.hu/ingatlan/elado-teglalakas-budapest-vii-kerulet/8651806?page=17&pos=10&cr=150,Budapest VII. kerület eladó téglalakás 2 szobás: 79 millió Ft,79.0,67.0,4. emelet,2.0,Budapest VII. kerület,2025-08-15,Téglalakás,Felújítandó,Cserépkályha,1920.0,D,,Nincs,4.0,,,,,,,,
https://www.zenga.hu/ingatlan/elado-teglalakas-budapest-iii-kerulet/8642335?page=17&pos=11&cr=150,Budapest III. kerület eladó téglalakás 2 szobás: 127 millió Ft,127.0,47.0,1. emelet,2.0,Budapest III. kerület,2025-08-15,Téglalakás,Újszerű,Geotermikus,2021.0,A+++,,,,,,,,,,,
https://www.zenga.hu/ingatlan/elado-teglalakas-budapest-xii-kerulet-zugliget/8572542?page=17&pos=12&cr=150,"Budapest XII. kerület eladó téglalakás 2 szobás: 59,8 millió Ft",59.0,49.0,földszint,2.0,"Budapest XII. kerület, Zugliget",2025-08-15,Téglalakás,Átlagos,Gáz (konvektor),1910.0,Nem adta meg a hirdető,,,,,,,,,,,
https://www.zenga.hu/ingatlan/elado-teglalakas-budapest-vi-kerulet/8514350?page=17&pos=13&cr=150,Budapest VI. kerület eladó téglalakás 4 szobás: 155 millió Ft,155.0,108.0,4. emelet,4.0,Budapest VI. kerület,2025-08-15,Téglalakás,Felújított,Gázkazán,2009.0,Nem adta meg a hirdető,,,,,,,,,,,
https://www.zenga.hu/ingatlan/elado-teglalakas-nyiregyhaza/8647274?page=17&pos=14&cr=150,"Nyíregyháza eladó téglalakás 3 szobás: 51,9 millió Ft",51.0,52.0,1. emelet,3.0,Nyíregyháza,2025-08-15,Téglalakás,Újszerű,Gázkazán,2008.0,Nem adta meg a hirdető,,Nincs,3.0,1 m²,10 000 Ft/hó,,,,,,
https://www.zenga.hu/ingatlan/elado-tarsashazi-lakas-nyiregyhaza/8647259?page=17&pos=15&cr=150,Nyíregyháza eladó társasházi lakás 5 szobás: 75 millió Ft,75.0,100.0,2. emelet,5.0,Nyíregyháza,2025-08-15,Társasházi lakás,Jó állapotú,Gázkazán,2008.0,A++,,,3.0,"0,5 m²",,,,,,,
https://www.zenga.hu/ingatlan/elado-tarsashazi-lakas-nyiregyhaza/8647108?page=17&pos=16&cr=150,Nyíregyháza eladó társasházi lakás 3 szobás: 92 millió Ft,92.0,85.0,2. emelet,3.0,Nyíregyháza,2025-08-15,Társasházi lakás,Újszerű,Gázkazán,2020.0,A+++,,,3.0,"26,5 m²",,,5 m²,,,,
https://www.zenga.hu/ingatlan/elado-tarsashazi-lakas-nyiregyhaza/8647200?page=17&pos=17&cr=150,"Nyíregyháza eladó társasházi lakás 3 szobás: 46,9 millió Ft",46.0,58.0,2. emelet,3.0,Nyíregyháza,2025-08-15,Társasházi lakás,Jó állapotú,Gázkazán,2006.0,A+,,,4.0,"4,5 m²",,,,,,,
https://www.zenga.hu/ingatlan/elado-teglalakas-nyiregyhaza/8647114?page=17&pos=18&cr=150,"Nyíregyháza eladó téglalakás 2 szobás: 35,5 millió Ft",35.0,48.0,2. emelet,2.0,Nyíregyháza,2025-08-15,Téglalakás,Jó állapotú,Távfűtés egyedi méréssel,1980.0,A,,,5.0,,,,,,,,
https://www.zenga.hu/ingatlan/elado-tarsashazi-lakas-nyiregyhaza/8647269?page=17&pos=19&cr=150,Nyíregyháza eladó társasházi lakás 3 szobás: 65 millió Ft,65.0,95.0,2. emelet,3.0,Nyíregyháza,2025-08-15,Társasházi lakás,Jó állapotú,Gázkazán,2010.0,A++,,,3.0,,,,8 m²,,,,
https://www.zenga.hu/ingatlan/elado-teglalakas-nyiregyhaza/8645345?page=17&pos=20&cr=150,"Nyíregyháza eladó téglalakás 3 szobás: 47,9 millió Ft",47.0,65.0,1. emelet,3.0,"Nyíregyháza, Víz utca",2025-08-15,Téglalakás,Átlagos,Gázkazán,1994.0,A++,,Nincs,3.0,2 m²,,,3 m²,,,,
https://www.zenga.hu/ingatlan/elado-egyeb-lakas-budapest-v-kerulet-belvaros/8510169?page=18&pos=1&cr=150,Budapest V. kerület eladó egyéb lakás: 90 millió Ft,90.0,66.0,,,"Budapest V. kerület, Belváros",2025-08-15,Egyéb lakás,Felújítandó,Házközponti,,Nem adta meg a hirdető,,,4.0,,,,,,,,
https://www.zenga.hu/ingatlan/elado-teglalakas-budapest-xiii-kerulet-ujlipotvaros/8563867?page=18&pos=2&cr=150,"Budapest XIII. kerület eladó téglalakás 4 szobás: 128,9 millió Ft",128.0,103.0,2. emelet,4.0,"Budapest XIII. kerület, Újlipótváros",2025-08-15,Téglalakás,Felújított,Gáz (konvektor),1910.0,Nem adta meg a hirdető,,,5.0,,,,,,,,
https://www.zenga.hu/ingatlan/elado-teglalakas-budapest-xi-kerulet/8556774?page=18&pos=3&cr=150,"Budapest XI. kerület eladó téglalakás 3 szobás: 91,67 millió Ft",91.0,66.0,2. emelet,3.0,Budapest XI. kerület,2025-08-15,Téglalakás,Új építésű,Házközponti fűtés egyedi méréssel,2022.0,Nem adta meg a hirdető,,,,,,,,,,,
https://www.zenga.hu/ingatlan/elado-teglalakas-budapest-vii-kerulet/8626478?page=18&pos=4&cr=150,"Budapest VII. kerület eladó téglalakás 2+1 fél szobás: 69,9 millió Ft",69.0,58.0,földszint,2.0,Budapest VII. kerület,2025-08-15,Téglalakás,Jó állapotú,Gáz (konvektor),1920.0,Nem adta meg a hirdető,,,,,,,,,,,
https://www.zenga.hu/ingatlan/elado-egyeb-lakas-balatonfured/8534066?page=18&pos=5&cr=150,"Balatonfüred eladó egyéb lakás 2 szobás: 74,9 millió Ft",74.0,52.0,1. emelet,2.0,Balatonfüred,2025-08-15,Egyéb lakás,Felújított,,2020.0,Nem adta meg a hirdető,,,,,,,,,,,
https://www.zenga.hu/ingatlan/elado-teglalakas-budapest-xvi-kerulet-rakosszentmihaly/8533561?page=18&pos=6&cr=150,"Budapest XVI. kerület eladó téglalakás 2 szobás: 54,8 millió Ft",54.0,66.0,földszint,2.0,,2025-08-15,,,,,,,,,,,,,,,,
https://www.zenga.hu/ingatlan/elado-teglalakas-balatonmariafurdo/8440064?page=18&pos=7&cr=150,"Balatonmáriafürdő eladó téglalakás 1+1 fél szobás: 60,97 millió Ft",60.0,41.0,földszint,1.0,Balatonmáriafürdő,2025-08-15,Téglalakás,Új építésű,Elektromos,2025.0,Nem adta meg a hirdető,,Nincs,,8 m²,,,20 m²,,,,
https://www.zenga.hu/ingatlan/elado-teglalakas-lenti/8609496?page=18&pos=8&cr=150,"Lenti eladó téglalakás 3 szobás: 21,5 millió Ft",21.0,57.0,3. emelet,3.0,"Lenti, Átkötő",2025-08-15,Téglalakás,Felújítandó,Gáz (konvektor),,Nem adta meg a hirdető,,,4.0,,,,,,,,
https://www.zenga.hu/ingatlan/elado-teglalakas-budapest-xiii-kerulet/8595449?page=18&pos=9&cr=150,"Eladó 3 szobás téglalakás 99,39 millió Ft értékben Budapest XIII. kerületben - Blueside lakóparkban",99.0,61.0,1. emelet,3.0,"Budapest XIII. kerület, Tahi utca 73.",2025-08-15,Téglalakás,Új építésű,Mennyezeti hűtés-fűtés,2025.0,A+,,,5.0,14 m²,,2025. 4. negyedév,,,,,
https://www.zenga.hu/ingatlan/elado-panellakas-budapest-iii-kerulet-bekasmegyer/8523193?page=18&pos=10&cr=150,Budapest III. kerület eladó panellakás 2 szobás: 65 millió Ft,65.0,50.0,félemelet,2.0,"Budapest III. kerület, Békásmegyer",2025-08-15,Panellakás,Felújított,Távfűtés egyedi méréssel,1982.0,Nem adta meg a hirdető,,,4.0,,,,,,,,
https://www.zenga.hu/ingatlan/elado-panellakas-budapest-iii-kerulet-obuda/8586577?page=18&pos=11&cr=150,"Budapest III. kerület eladó panellakás 3 szobás: 79,9 millió Ft",79.0,69.0,4. emelet,3.0,"Budapest III. kerület, Óbuda",2025-08-15,Panellakás,Jó állapotú,Távfűtés egyedi méréssel,1980.0,Nem adta meg a hirdető,,,10.0,,,,,,,,
https://www.zenga.hu/ingatlan/elado-teglalakas-budapest-xiii-kerulet-loportardulo/8586580?page=18&pos=12&cr=150,"Budapest XIII. kerület eladó téglalakás 2 szobás: 72,4 millió Ft",72.0,66.0,2. emelet,2.0,"Budapest XIII. kerület, Lőportárdűlő",2025-08-15,Téglalakás,Átlagos,Gáz (konvektor),1905.0,Nem adta meg a hirdető,,,3.0,,,,,,,,
https://www.zenga.hu/ingatlan/elado-teglalakas-hegyeshalom/8521742?page=18&pos=13&cr=150,"Eladó 2 szobás téglalakás 45,46 millió Ft értékben Hegyeshalomon - Hegyeshalom társasház lakóparkban",45.0,45.0,földszint,2.0,"Hegyeshalom, Nefelejcs utca 11",2025-08-15,Téglalakás,Új építésű,Hőszivattyú,,Nem adta meg a hirdető,,,3.0,"8,7 m²",,2026. december,,,,,
https://www.zenga.hu/ingatlan/elado-teglalakas-budapest-xiii-kerulet/7930688?page=18&pos=14&cr=150,"Eladó 1 szobás téglalakás 83,59 millió Ft értékben Budapest XIII. kerületben - Terracotta Clubhouse lakóparkban",83.0,52.0,1. emelet,1.0,"Budapest XIII. kerület, Jász utca 56",2025-08-15,Téglalakás,Új építésű,Egyéb,,A++,,,5.0,"9,5 m²",,2025. 3. negyedév,,,,,
https://www.zenga.hu/ingatlan/elado-teglalakas-keszthely/8487702?page=18&pos=15&cr=150,"Eladó 1 szobás téglalakás 41,51 millió Ft értékben Keszthelyen - Royal Homes Center lakóparkban",41.0,22.0,4. emelet,1.0,"Keszthely, Rákóczi tér 16.",2025-08-15,Téglalakás,Új építésű,Hőszivattyú,,A+,,,4.0,"16,1 m²",,2026. 4. negyedév,,,,,
https://www.zenga.hu/ingatlan/elado-teglalakas-aszofo/8285210?page=18&pos=16&cr=150,"Eladó 3 szobás téglalakás 88,4 millió Ft értékben Aszófőn - Szárazvölgy Lakópark lakóparkban",88.0,61.0,1. emelet,3.0,"Aszófő, Hunyadi utca 1.",2025-08-15,Téglalakás,Új építésű,Fan coil,,AA++ (2016-2023-as besorolás),,,4.0,"9,9 m²",,2025. 4. negyedév,,,,,
https://www.zenga.hu/ingatlan/elado-teglalakas-budapest-xx-kerulet-pesterzsebet/8593098?page=18&pos=17&cr=148,"Budapest XX. kerület eladó téglalakás 2 szobás: 49,9 millió Ft",49.0,55.0,4. emelet,2.0,"Budapest XX. kerület, Pesterzsébet",2025-08-15,Téglalakás,Felújítandó,Gáz (konvektor),1963.0,Nem adta meg a hirdető,,,,,,,,,,,
https://www.zenga.hu/ingatlan/elado-teglalakas-budapest-viii-kerulet-fuvesz-kert/8631158?page=18&pos=18&cr=147,"Budapest VIII. kerület eladó téglalakás 1 szobás: 32,9 millió Ft",32.0,22.0,földszint,1.0,"Budapest VIII. kerület, Füvész kert",2025-08-15,Téglalakás,Felújítandó,Gáz (konvektor),1950.0,Nem adta meg a hirdető,,,,,,,,,,,
https://www.zenga.hu/ingatlan/elado-teglalakas-keszthely/8183244?page=18&pos=19&cr=145,"Eladó 2 szobás téglalakás 126,9 millió Ft értékben Keszthelyen - Royal Homes Exclusive lakóparkban",126.0,61.0,2. emelet,2.0,"Keszthely, Vitorlás sétány 10.",2025-08-15,Téglalakás,Új építésű,Hőszivattyú,,AA+ (2016-2023-as besorolás),,,4.0,31 m²,,2025. 2. negyedév,,,,,
https://www.zenga.hu/ingatlan/elado-panellakas-budapest-iii-kerulet-obuda/8659807?page=18&pos=20&cr=142,"Budapest III. kerület eladó panellakás 3 szobás: 89,99 millió Ft",89.0,66.0,,3.0,"Budapest III. kerület, Óbuda",2025-08-15,Panellakás,Újszerű,Távfűtés egyedi méréssel,1974.0,Nem adta meg a hirdető,,,,"4,1 m²",,,,,,,
https://www.zenga.hu/ingatlan/elado-teglalakas-budapest-iii-kerulet/8663598?page=19&pos=1&cr=142,Budapest III. kerület eladó téglalakás 2 szobás: 123 millió Ft,123.0,53.0,1. emelet,2.0,Budapest III. kerület,2025-08-15,Téglalakás,Újszerű,Hőszivattyú,2005.0,Nem adta meg a hirdető,,,3.0,"6,4 m²",,,,,,,
https://www.zenga.hu/ingatlan/elado-teglalakas-budapest-iii-kerulet/8663600?page=19&pos=2&cr=142,Budapest III. kerület eladó téglalakás 3 szobás: 165 millió Ft,165.0,70.0,tetőtér,3.0,Budapest III. kerület,2025-08-15,Téglalakás,Újszerű,Hőszivattyú,2005.0,Nem adta meg a hirdető,,,3.0,"5,5 m²",,,,,,,
https://www.zenga.hu/ingatlan/elado-teglalakas-budapest-iii-kerulet/8663599?page=19&pos=3&cr=142,"Budapest III. kerület eladó téglalakás 4 szobás: 295,3 millió Ft",295.0,105.0,földszint,4.0,Budapest III. kerület,2025-08-15,Téglalakás,Újszerű,Hőszivattyú,2005.0,Nem adta meg a hirdető,,,3.0,"39,8 m²",,,,,,,
https://www.zenga.hu/ingatlan/elado-teglalakas-budapest-iii-kerulet/8660202?page=19&pos=4&cr=142,"Budapest III. kerület eladó téglalakás 2 szobás: 119,8 millió Ft",119.0,54.0,1. emelet,2.0,"Budapest III. kerület, Lajos utca",2025-08-15,Téglalakás,Újszerű,Házközponti fűtés egyedi méréssel,2008.0,Nem adta meg a hirdető,,,,,,,"13,9 m²",,,,
https://www.zenga.hu/ingatlan/elado-tarsashazi-lakas-nyiregyhaza/8657391?page=19&pos=5&cr=141,"Nyíregyháza eladó társasházi lakás 2+2 fél szobás: 47,9 millió Ft",47.0,77.0,3. emelet,2.0,Nyíregyháza,2025-08-15,Társasházi lakás,Jó állapotú,Távfűtés egyedi méréssel,1982.0,Nem adta meg a hirdető,,,,,,,,,,,
https://www.zenga.hu/ingatlan/elado-tarsashazi-lakas-nyiregyhaza/8622764?page=19&pos=6&cr=141,"Nyíregyháza eladó társasházi lakás 2+2 fél szobás: 43,9 millió Ft",43.0,61.0,3. emelet,2.0,Nyíregyháza,2025-08-15,Társasházi lakás,Felújított,Távfűtés egyedi méréssel,1980.0,Nem adta meg a hirdető,,,,,,,,,,,
https://www.zenga.hu/ingatlan/elado-tarsashazi-lakas-nyiregyhaza/8418219?page=19&pos=7&cr=141,"Nyíregyháza eladó társasházi lakás 1+2 fél szobás: 46,9 millió Ft",46.0,64.0,2. emelet,1.0,Nyíregyháza,2025-08-15,Társasházi lakás,Jó állapotú,Gáz (konvektor),1975.0,Nem adta meg a hirdető,,,,,,,,,,,
https://www.zenga.hu/ingatlan/elado-tarsashazi-lakas-nyiregyhaza/8667146?page=19&pos=8&cr=140,"Nyíregyháza eladó társasházi lakás 1+2 fél szobás: 37,5 millió Ft",37.0,55.0,4. emelet,1.0,Nyíregyháza,2025-08-15,Társasházi lakás,Jó állapotú,Távfűtés egyedi méréssel,1980.0,Nem adta meg a hirdető,,,,,,,,,,,
https://www.zenga.hu/ingatlan/elado-tarsashazi-lakas-nyiregyhaza/8667147?page=19&pos=9&cr=140,"Nyíregyháza eladó társasházi lakás 2+1 fél szobás: 48,9 millió Ft",48.0,63.0,1. emelet,2.0,Nyíregyháza,2025-08-15,Társasházi lakás,Felújított,Gázkazán,1978.0,Nem adta meg a hirdető,,,,,,,,,,,
https://www.zenga.hu/ingatlan/elado-tarsashazi-lakas-nyiregyhaza/8621970?page=19&pos=10&cr=140,"Nyíregyháza eladó társasházi lakás 1 szobás: 40,7 millió Ft",40.0,30.0,1. emelet,1.0,Nyíregyháza,2025-08-15,Társasházi lakás,Új építésű,Gázkazán,2025.0,Nem adta meg a hirdető,,,,,,,,,,,
https://www.zenga.hu/ingatlan/elado-teglalakas-budapest-xi-kerulet-madarhegy/8417513?page=19&pos=11&cr=140,"Eladó 4 szobás téglalakás 190,28 millió Ft értékben Budapest XI. kerületben - WHITE-GREEN IKERHÁZAK MADÁRHEGY lakóparkban",190.0,104.0,földszint,4.0,"Budapest XI. kerület, Madárhegy",2025-08-15,Téglalakás,Új építésű,,2025.0,Nem adta meg a hirdető,,,2.0,,,,,,,,
https://www.zenga.hu/ingatlan/elado-teglalakas-keszthely/8183210?page=19&pos=12&cr=140,"Eladó 2+1 fél szobás téglalakás 119,9 millió Ft értékben Keszthelyen - Royal Homes Exclusive lakóparkban",119.0,65.0,földszint,2.0,"Keszthely, Vitorlás sétány 10.",2025-08-15,Téglalakás,Új építésű,Hőszivattyú,,AA+ (2016-2023-as besorolás),,,4.0,7 m²,,2025. 2. negyedév,,,,,
https://www.zenga.hu/ingatlan/elado-teglalakas-gyor-nadorvaros/8507912?page=19&pos=13&cr=130,"Győr eladó téglalakás 2 szobás: 53,5 millió Ft",53.0,58.0,1. emelet,2.0,"Győr, Nádorváros",2025-08-15,Téglalakás,Felújítandó,Távfűtés,1980.0,Nem adta meg a hirdető,,,,,,,,,,,
https://www.zenga.hu/ingatlan/elado-teglalakas-budapest-xiii-kerulet/8661000?page=19&pos=14&cr=130,"Budapest XIII. kerület eladó téglalakás 4 szobás: 129,9 millió Ft",129.0,117.0,3. emelet,4.0,Budapest XIII. kerület,2025-08-15,Téglalakás,Felújított,Gázkazán,1910.0,Nem adta meg a hirdető,,,,,,,,,,,
https://www.zenga.hu/ingatlan/elado-tarsashazi-lakas-szeged-ujszeged/8662792?page=19&pos=15&cr=130,"Szeged eladó társasházi lakás 2+2 fél szobás: 97,38 millió Ft",97.0,93.0,földszint,2.0,"Szeged, Újszeged",2025-08-15,Társasházi lakás,Jó állapotú,Gázkazán,2001.0,Nem adta meg a hirdető,,Van,2.0,,,,,,,,
https://www.zenga.hu/ingatlan/elado-tarsashazi-lakas-nyiregyhaza/8632056?page=19&pos=16&cr=130,"Nyíregyháza eladó társasházi lakás 3 szobás: 57,5 millió Ft",57.0,65.0,1. emelet,3.0,Nyíregyháza,2025-08-15,Társasházi lakás,Felújított,Gázkazán,2020.0,Nem adta meg a hirdető,,,,,,,,,,,
https://www.zenga.hu/ingatlan/elado-teglalakas-budapest-xvi-kerulet-rakosszentmihaly/8659789?page=19&pos=17&cr=127,"Budapest XVI. kerület eladó téglalakás 2 szobás: 79,9 millió Ft",79.0,60.0,,2.0,"Budapest XVI. kerület, Rákosszentmihály",2025-08-15,Téglalakás,Új építésű,Hőszivattyú,2026.0,Nem adta meg a hirdető,,,,9 m²,,,,,,,
https://www.zenga.hu/ingatlan/elado-teglalakas-budapest-xvi-kerulet-rakosszentmihaly/8659787?page=19&pos=18&cr=127,"Budapest XVI. kerület eladó téglalakás 3 szobás: 82,9 millió Ft",82.0,62.0,,3.0,"Budapest XVI. kerület, Rákosszentmihály",2025-08-15,Téglalakás,Új építésű,Hőszivattyú,2026.0,Nem adta meg a hirdető,,,,7 m²,,,,,,,
https://www.zenga.hu/ingatlan/elado-teglalakas-budapest-xvi-kerulet-rakosszentmihaly/8659790?page=19&pos=19&cr=127,Budapest XVI. kerület eladó téglalakás 4 szobás: 155 millió Ft,155.0,119.0,,4.0,"Budapest XVI. kerület, Rákosszentmihály",2025-08-15,Téglalakás,Új építésű,Hőszivattyú,2026.0,Nem adta meg a hirdető,,,,,,,"26,4 m²",,,,
https://www.zenga.hu/ingatlan/elado-teglalakas-budapest-xvi-kerulet-rakosszentmihaly/8659788?page=19&pos=20&cr=127,"Budapest XVI. kerület eladó téglalakás 2 szobás: 79,9 millió Ft",79.0,60.0,,2.0,"Budapest XVI. kerület, Rákosszentmihály",2025-08-15,Téglalakás,Új építésű,Hőszivattyú,2026.0,Nem adta meg a hirdető,,,,9 m²,,,,,,,
https://www.zenga.hu/ingatlan/elado-teglalakas-budapest-xvi-kerulet-rakosszentmihaly/8659786?page=20&pos=1&cr=127,Budapest XVI. kerület eladó téglalakás 5 szobás: 127 millió Ft,127.0,103.0,,5.0,"Budapest XVI. kerület, Rákosszentmihály",2025-08-15,Téglalakás,Új építésű,Hőszivattyú,2026.0,Nem adta meg a hirdető,,,,9 m²,,,,,,,
https://www.zenga.hu/ingatlan/elado-teglalakas-budapest-xvi-kerulet-rakosszentmihaly/8661127?page=20&pos=2&cr=127,Budapest XVI. kerület eladó téglalakás 4 szobás: 154 millió Ft,154.0,141.0,,4.0,"Budapest XVI. kerület, Rákosszentmihály",2025-08-15,Téglalakás,Új építésű,Hőszivattyú,2026.0,Nem adta meg a hirdető,,,,,,,70 m²,,,,
https://www.zenga.hu/ingatlan/elado-teglalakas-budapest-xvi-kerulet-rakosszentmihaly/8659791?page=20&pos=3&cr=127,Budapest XVI. kerület eladó téglalakás 4 szobás: 146 millió Ft,146.0,119.0,földszint,4.0,"Budapest XVI. kerület, Rákosszentmihály",2025-08-15,Téglalakás,Új építésű,Hőszivattyú,2026.0,Nem adta meg a hirdető,,,,,,,"26,4 m²",,,,
https://www.zenga.hu/ingatlan/elado-teglalakas-budapest-xvi-kerulet-rakosszentmihaly/8659784?page=20&pos=4&cr=127,Budapest XVI. kerület eladó téglalakás 5 szobás: 127 millió Ft,127.0,103.0,,5.0,"Budapest XVI. kerület, Rákosszentmihály",2025-08-15,Téglalakás,Új építésű,Hőszivattyú,2026.0,Nem adta meg a hirdető,,,,9 m²,,,,,,,
https://www.zenga.hu/ingatlan/elado-teglalakas-budapest-xvi-kerulet-rakosszentmihaly/8659785?page=20&pos=5&cr=127,Budapest XVI. kerület eladó téglalakás 4 szobás: 154 millió Ft,154.0,141.0,2. emelet,4.0,"Budapest XVI. kerület, Rákosszentmihály",2025-08-15,Téglalakás,Új építésű,Hőszivattyú,2026.0,Nem adta meg a hirdető,,,,,,,70 m²,,,,
https://www.zenga.hu/ingatlan/elado-teglalakas-budapest-xvi-kerulet-sashalom/8655180?page=20&pos=6&cr=127,"Budapest XVI. kerület eladó téglalakás 1 szobás: 34,9 millió Ft",34.0,29.0,,1.0,"Budapest XVI. kerület, Sashalom",2025-08-15,Téglalakás,Átlagos,Gáz (konvektor),1950.0,Nem adta meg a hirdető,,,1.0,,,,,,,,
https://www.zenga.hu/ingatlan/elado-panellakas-budapest-xviii-kerulet-havanna-lakotelep/8666618?page=20&pos=7&cr=126,Budapest XVIII. kerület eladó panellakás 1+2 fél szobás: 58 millió Ft,58.0,58.0,2. emelet,1.0,"Budapest XVIII. kerület, Havanna lakótelep",2025-08-15,Panellakás,Átlagos,Távfűtés egyedi méréssel,1982.0,Nem adta meg a hirdető,,,,,,,,,,,
https://www.zenga.hu/ingatlan/elado-panellakas-budapest-xviii-kerulet/8667981?page=20&pos=8&cr=126,Budapest XVIII. kerület eladó panellakás 2 szobás: 65 millió Ft,65.0,53.0,,2.0,Budapest XVIII. kerület,2025-08-15,Panellakás,Jó állapotú,Távfűtés,1980.0,Nem adta meg a hirdető,,,,,,,,,,,
https://www.zenga.hu/ingatlan/elado-teglalakas-budapest-xviii-kerulet-erdoskert/8664939?page=20&pos=9&cr=126,"Budapest XVIII. kerület eladó téglalakás 3 szobás: 84,9 millió Ft",84.0,70.0,,3.0,"Budapest XVIII. kerület, Erdőskert",2025-08-15,Téglalakás,Újszerű,Egyéb,1955.0,Nem adta meg a hirdető,,,,,,,,,,,
https://www.zenga.hu/ingatlan/elado-teglalakas-budapest-xviii-kerulet/8662657?page=20&pos=10&cr=126,"Budapest XVIII. kerület eladó téglalakás 2 szobás: 74,9 millió Ft",74.0,43.0,földszint,2.0,Budapest XVIII. kerület,2025-08-15,Téglalakás,Jó állapotú,Házközponti fűtés egyedi méréssel,2007.0,Nem adta meg a hirdető,,,2.0,,,,,,,,
https://www.zenga.hu/ingatlan/elado-teglalakas-budapest-xviii-kerulet/8654055?page=20&pos=11&cr=126,"Budapest XVIII. kerület eladó téglalakás 2 szobás: 69,99 millió Ft",69.0,57.0,földszint,2.0,Budapest XVIII. kerület,2025-08-15,Téglalakás,Újszerű,Gázkazán,2007.0,Nem adta meg a hirdető,,,3.0,4 m²,,,,,,,
https://www.zenga.hu/ingatlan/elado-panellakas-budapest-xviii-kerulet/8657252?page=20&pos=12&cr=126,Budapest XVIII. kerület eladó panellakás 3 szobás: 55 millió Ft,55.0,59.0,10. emelet,3.0,Budapest XVIII. kerület,2025-08-15,Panellakás,Átlagos,Távfűtés egyedi méréssel,1980.0,Nem adta meg a hirdető,,,11.0,,,,,,,,
https://www.zenga.hu/ingatlan/elado-teglalakas-sopron/8645707?page=20&pos=13&cr=125,"Eladó 2 szobás téglalakás 54,9 millió Ft értékben Sopronban - Anger Panorámapark lakóparkban",54.0,40.0,1. emelet,2.0,"Sopron, Ravazd utca 79.",2025-08-15,Téglalakás,Új építésű,Geotermikus,,A+,,,2.0,,,2026. október,,,,,
https://www.zenga.hu/ingatlan/elado-teglalakas-kecskemet-belvaros/8660254?page=20&pos=14&cr=125,"Kecskemét eladó téglalakás 4 szobás: 54,9 millió Ft",54.0,84.0,4. emelet,4.0,"Kecskemét, Belváros",2025-08-15,Téglalakás,Jó állapotú,Gázkazán,,Nem adta meg a hirdető,,,5.0,4 m²,,,,,,,
https://www.zenga.hu/ingatlan/elado-teglalakas-pecs/8480687?page=20&pos=15&cr=125,"Pécs eladó téglalakás 3 szobás: 69,9 millió Ft",69.0,68.0,félemelet,3.0,"Pécs, Rákóczi út 28",2025-08-15,Téglalakás,Újszerű,Gázkazán,2025.0,A++,,Nincs,3.0,,30 000 Ft/hó,,,,,,
https://www.zenga.hu/ingatlan/elado-panellakas-nagykanizsa-keleti-varosresz/8652684?page=20&pos=16&cr=125,Nagykanizsa eladó panellakás 3 szobás: 32 millió Ft,32.0,67.0,2. emelet,3.0,"Nagykanizsa, Keleti városrész, Zemplén Győző utca",2025-08-15,Panellakás,Átlagos,Házközponti fűtés egyedi méréssel,1980.0,Nem adta meg a hirdető,,,10.0,,,,,,,,
https://www.zenga.hu/ingatlan/elado-teglalakas-sopron/8440268?page=20&pos=17&cr=125,"Eladó 4 szobás téglalakás 124,9 millió Ft értékben Sopronban - Lehár Panoráma Residence lakóparkban",124.0,88.0,1. emelet,4.0,"Sopron, Lehár Ferenc utca 124.",2025-08-15,Téglalakás,Új építésű,Hőszivattyú,,A+,,,3.0,14 m²,,2025. 3. negyedév,,,,,
https://www.zenga.hu/ingatlan/elado-teglalakas-budapest-xiv-kerulet-torokor/8583352?page=20&pos=18&cr=125,"Budapest XIV. kerület eladó téglalakás 3 szobás: 93,82 millió Ft",93.0,91.0,félemelet,3.0,"Budapest XIV. kerület, Törökőr",2025-08-15,Téglalakás,Jó állapotú,Elektromos,1930.0,Nem adta meg a hirdető,,Nincs,1.0,,30 000 Ft/hó,,,,,,
https://www.zenga.hu/ingatlan/elado-teglalakas-pecs/8282914?page=20&pos=19&cr=120,Pécs eladó téglalakás 3 szobás: 61 millió Ft,61.0,78.0,földszint,3.0,Pécs,2025-08-15,Téglalakás,Felújított,Gázkazán,1970.0,A+,,,,,,,,,,,
https://www.zenga.hu/ingatlan/elado-teglalakas-pecs/8282906?page=20&pos=20&cr=120,"Pécs eladó téglalakás 2 szobás: 65,9 millió Ft",65.0,66.0,3. emelet,2.0,Pécs,2025-08-15,Téglalakás,Felújított,Gázkazán,1960.0,A+,,,,,,,,,,,
https://www.zenga.hu/ingatlan/elado-teglalakas-sopron/8645670?page=21&pos=1&cr=120,"Eladó 1 szobás téglalakás 29,9 millió Ft értékben Sopronban - Anger Panorámapark lakóparkban",29.0,20.0,földszint,1.0,"Sopron, Ravazd utca 79.",2025-08-15,Téglalakás,Új építésű,Geotermikus,,A+,,,2.0,,,2026. október,,,,,
https://www.zenga.hu/ingatlan/elado-teglalakas-budapest-viii-kerulet-corvin-negyed/8522855?page=21&pos=2&cr=120,Budapest VIII. kerület eladó téglalakás 3 szobás: 125 millió Ft,125.0,74.0,7. emelet,3.0,"Budapest VIII. kerület, Corvin negyed, Nagytemplom utca",2025-08-15,Téglalakás,Újszerű,Házközponti fűtés egyedi méréssel,2010.0,C,,,,,,,"19,7 m²",,,,
https://www.zenga.hu/ingatlan/elado-tarsashazi-lakas-nyiregyhaza/8662716?page=21&pos=3&cr=120,"Nyíregyháza eladó társasházi lakás 1+1 fél szobás: 36,6 millió Ft",36.0,41.0,3. emelet,1.0,Nyíregyháza,2025-08-15,Társasházi lakás,Jó állapotú,Távfűtés egyedi méréssel,1984.0,Nem adta meg a hirdető,,,,,,,,,,,
https://www.zenga.hu/ingatlan/elado-teglalakas-kecskemet-kecskemeti-katonai-repuloter/8662762?page=21&pos=4&cr=120,"Kecskemét eladó téglalakás 1 szobás: 29,9 millió Ft",29.0,42.0,1. emelet,1.0,"Kecskemét, Kecskeméti Katonai Repülőtér",2025-08-15,Téglalakás,Jó állapotú,Gáz (konvektor),,Nem adta meg a hirdető,,,2.0,2 m²,,,,,,,
https://www.zenga.hu/ingatlan/elado-teglalakas-kecskemet-belvaros/8657094?page=21&pos=5&cr=120,"Kecskemét eladó téglalakás 4 szobás: 79,9 millió Ft",79.0,90.0,2. emelet,4.0,"Kecskemét, Belváros",2025-08-15,Téglalakás,Jó állapotú,Gázkazán,2004.0,Nem adta meg a hirdető,,,2.0,4 m²,,,,,,,
https://www.zenga.hu/ingatlan/elado-teglalakas-nagykanizsa-belvaros/8642459?page=21&pos=6&cr=120,"Nagykanizsa eladó téglalakás 3 szobás: 53,5 millió Ft",53.0,93.0,2. emelet,3.0,"Nagykanizsa, Belváros, Deák Ferenc tér",2025-08-15,Téglalakás,Felújított,Gáz (konvektor),1915.0,E,,,2.0,,,,,,,,
https://www.zenga.hu/ingatlan/elado-teglalakas-debrecen-homokkert/8647849?page=21&pos=7&cr=120,"Debrecen eladó téglalakás 2 szobás: 59,9 millió Ft",59.0,46.0,3. emelet,2.0,"Debrecen, Homokkert",2025-08-15,Téglalakás,Új építésű,Hőszivattyú,2025.0,A,,,,,,,,,,,
https://www.zenga.hu/ingatlan/elado-tarsashazi-lakas-nyiregyhaza/7944210?page=21&pos=8&cr=120,"Nyíregyháza eladó társasházi lakás 2 szobás: 49,7 millió Ft",49.0,83.0,5. emelet,2.0,Nyíregyháza,2025-08-15,Társasházi lakás,Jó állapotú,Gázkazán,2004.0,Nem adta meg a hirdető,,,,,,,,,,,
https://www.zenga.hu/ingatlan/elado-tarsashazi-lakas-nyiregyhaza/8641572?page=21&pos=9&cr=120,"Nyíregyháza eladó társasházi lakás 1+2 fél szobás: 36,9 millió Ft",36.0,62.0,4. emelet,1.0,Nyíregyháza,2025-08-15,Társasházi lakás,Jó állapotú,Gázkazán,1997.0,Nem adta meg a hirdető,,,,,,,,,,,
https://www.zenga.hu/ingatlan/elado-tarsashazi-lakas-nyiregyhaza/8628558?page=21&pos=10&cr=120,Nyíregyháza eladó társasházi lakás 4 szobás: 89 millió Ft,89.0,86.0,1. emelet,4.0,Nyíregyháza,2025-08-15,Társasházi lakás,Felújított,Gázkazán,1987.0,Nem adta meg a hirdető,,,,,,,,,,,
https://www.zenga.hu/ingatlan/elado-teglalakas-budapest-xi-kerulet-madarhegy/8379734?page=21&pos=11&cr=120,Eladó 5 szobás téglalakás 285 millió Ft értékben Budapest XI. kerületben - PANORÁMA HILL IKERHÁZ lakóparkban,285.0,164.0,,5.0,"Budapest XI. kerület, Madárhegy",2025-08-15,Téglalakás,Új építésű,,2025.0,Nem adta meg a hirdető,,,2.0,,,,,,,,
https://www.zenga.hu/ingatlan/elado-teglalakas-budapest-vii-kerulet/8496188?page=21&pos=12&cr=120,"Budapest VII. kerület eladó téglalakás 2+1 fél szobás: 87,9 millió Ft",87.0,70.0,1. emelet,2.0,"Budapest VII. kerület, Wesselényi utca",2025-08-15,Téglalakás,Felújított,Gázkazán,,H,,,3.0,,50 000 Ft/hó,,,,,,
https://www.zenga.hu/ingatlan/elado-teglalakas-keszthely/8487700?page=21&pos=13&cr=120,"Eladó 2 szobás téglalakás 52,44 millió Ft értékben Keszthelyen - Royal Homes Center lakóparkban",52.0,36.0,3. emelet,2.0,"Keszthely, Rákóczi tér 16.",2025-08-15,Téglalakás,Új építésű,Hőszivattyú,,A+,,,4.0,6 m²,,2026. 4. negyedév,,,,,
https://www.zenga.hu/ingatlan/elado-teglalakas-budapest-vii-kerulet-ligetvaros/8604896?page=21&pos=14&cr=116,"Budapest VII. kerület eladó téglalakás 2+1 fél szobás: 69,9 millió Ft",69.0,58.0,földszint,2.0,"Budapest VII. kerület, Ligetváros",2025-08-15,Téglalakás,Jó állapotú,Gáz (konvektor),1920.0,F,,,,,,,,,,,
https://www.zenga.hu/ingatlan/elado-tarsashazi-lakas-budapest-xi-kerulet/8121560?page=21&pos=15&cr=115,"Eladó 3 szobás társasházi lakás 120,16 millió Ft értékben Budapest XI. kerületben - Újbuda Garden lakóparkban",120.0,62.0,10 felett,3.0,Budapest XI. kerület,2025-08-15,Társasházi lakás,,Egyéb,,Nem adta meg a hirdető,,,,"27,1 m²",,,,,,,
https://www.zenga.hu/ingatlan/elado-teglalakas-siofok/8628272?page=21&pos=16&cr=115,"Eladó 2 szobás téglalakás 97,2 millió Ft értékben Siófokon - Akvamarin Lakópark lakóparkban",97.0,48.0,1. emelet,2.0,"Siófok, Deák Ferenc sétány 43.",2025-08-15,Téglalakás,Új építésű,Hőszivattyú,,Nem adta meg a hirdető,,,3.0,"5,7 m²",,2026. április,,,,,
https://www.zenga.hu/ingatlan/elado-teglalakas-eger/8323138?page=21&pos=17&cr=112,"Eger eladó téglalakás 2 szobás: 45,9 millió Ft",45.0,75.0,tetőtér,2.0,"Eger, Baktai út 34.",2025-08-15,Téglalakás,Újszerű,Gázkazán,2006.0,Nem adta meg a hirdető,,,2.0,,8 000 Ft/hó,,,,,,
https://www.zenga.hu/ingatlan/elado-teglalakas-budapest-ii-kerulet-pesthidegkut-ofalu/8533348?page=21&pos=18&cr=111,"Budapest II. kerület eladó téglalakás 2 szobás: 109,9 millió Ft",109.0,65.0,,2.0,"Budapest II. kerület, Pesthidegkút-Ófalu",2025-08-15,Téglalakás,Újszerű,Geotermikus,2008.0,Nem adta meg a hirdető,,,,,,,15 m²,,,,
https://www.zenga.hu/ingatlan/elado-teglalakas-eger/8373869?page=21&pos=19&cr=111,"Eger eladó téglalakás 2+1 fél szobás: 45,9 millió Ft",45.0,75.0,2. emelet,2.0,Eger,2025-08-15,Téglalakás,Felújított,Gázkazán,2011.0,A,,Nincs,2.0,,9 000 Ft/hó,,,,,,
https://www.zenga.hu/ingatlan/elado-egyeb-lakas-budapest-viii-kerulet/8535912?page=21&pos=20&cr=111,"Budapest VIII. kerület eladó egyéb lakás 4 szobás: 129,9 millió Ft",129.0,154.0,1. emelet,4.0,Budapest VIII. kerület,2025-08-15,Egyéb lakás,Átlagos,,1905.0,Nem adta meg a hirdető,,,,,,,,,,,
https://www.zenga.hu/ingatlan/elado-teglalakas-nyiregyhaza/8617785?page=22&pos=1&cr=111,Nyíregyháza eladó téglalakás 2 szobás: 36 millió Ft,36.0,51.0,földszint,2.0,Nyíregyháza,2025-08-15,Téglalakás,Átlagos,Gáz (konvektor),,Nem adta meg a hirdető,,,4.0,,,,,,,,
https://www.zenga.hu/ingatlan/elado-teglalakas-budapest-vii-kerulet-ligetvaros/8539557?page=22&pos=2&cr=111,"Budapest VII. kerület eladó téglalakás 3+1 fél szobás: 87,49 millió Ft",87.0,103.0,4. emelet,3.0,"Budapest VII. kerület, Ligetváros, Cserhát utca",2025-08-15,Téglalakás,Felújított,Gázkazán,,Nem adta meg a hirdető,,,4.0,,,,,,,,
https://www.zenga.hu/ingatlan/elado-csusztatott-zsalus-lakas-gyor-nadorvaros/8514088?page=22&pos=3&cr=110,"Győr eladó csúsztatott zsalus lakás 3 szobás: 48,5 millió Ft",48.0,51.0,2. emelet,3.0,"Győr, Nádorváros",2025-08-15,Csúsztatott zsalus lakás,Jó állapotú,Távfűtés egyedi méréssel,,Nem adta meg a hirdető,,,,,,,,,,,
https://www.zenga.hu/ingatlan/elado-panellakas-budapest-iii-kerulet/8659071?page=22&pos=4&cr=110,"Budapest III. kerület eladó panellakás 3 szobás: 84,99 millió Ft",84.0,68.0,6. emelet,3.0,Budapest III. kerület,2025-08-15,Panellakás,Jó állapotú,Távfűtés egyedi méréssel,1971.0,Nem adta meg a hirdető,,Van,,,,,,,,,
https://www.zenga.hu/ingatlan/elado-tarsashazi-lakas-nyiregyhaza/8559540?page=22&pos=5&cr=110,"Nyíregyháza eladó társasházi lakás 3 szobás: 39,9 millió Ft",39.0,61.0,1. emelet,3.0,Nyíregyháza,2025-08-15,Társasházi lakás,Jó állapotú,Távfűtés egyedi méréssel,1990.0,Nem adta meg a hirdető,,,,,,,,,,,
https://www.zenga.hu/ingatlan/elado-teglalakas-budapest-viii-kerulet/8477625?page=22&pos=6&cr=110,"Budapest VIII. kerület eladó téglalakás 1 szobás: 48,9 millió Ft",48.0,42.0,földszint,1.0,Budapest VIII. kerület,2025-08-15,Téglalakás,Jó állapotú,Gáz (konvektor),1955.0,D,,,,,,,,,,,
https://www.zenga.hu/ingatlan/elado-teglalakas-budapest-xiv-kerulet-torokor/8569029?page=22&pos=7&cr=110,"Budapest XIV. kerület eladó téglalakás 2+1 fél szobás: 79,9 millió Ft",79.0,75.0,félemelet,2.0,"Budapest XIV. kerület, Törökőr",2025-08-15,Téglalakás,Felújított,Gáz (konvektor),1950.0,Nem adta meg a hirdető,,,5.0,,20 500 Ft/hó,,,,,,
https://www.zenga.hu/ingatlan/elado-panellakas-budapest-xv-kerulet-ujpalota/8652753?page=22&pos=8&cr=109,Budapest XV. kerület eladó panellakás 3 szobás: 82 millió Ft,82.0,71.0,,3.0,"Budapest XV. kerület, Újpalota",2025-08-15,Panellakás,Jó állapotú,Távfűtés,1980.0,Nem adta meg a hirdető,,,,,,,,,,,
https://www.zenga.hu/ingatlan/elado-panellakas-budapest-xv-kerulet/8657262?page=22&pos=9&cr=109,"Budapest XV. kerület eladó panellakás 3 szobás: 64,99 millió Ft",64.0,55.0,2. emelet,3.0,Budapest XV. kerület,2025-08-15,Panellakás,Újszerű,Távfűtés egyedi méréssel,1976.0,Nem adta meg a hirdető,,,10.0,4 m²,,,,,,,
https://www.zenga.hu/ingatlan/elado-teglalakas-zalaegerszeg/8355614?page=22&pos=10&cr=105,Zalaegerszeg eladó téglalakás 4 szobás: 45 millió Ft,45.0,108.0,1. emelet,4.0,Zalaegerszeg,2025-08-15,Téglalakás,Jó állapotú,Gázkazán,2000.0,Nem adta meg a hirdető,,,,,,,,,,,
https://www.zenga.hu/ingatlan/elado-panellakas-budapest-iii-kerulet-bekasmegyer/8665372?page=22&pos=11&cr=103,Budapest III. kerület eladó panellakás 1+2 fél szobás: 74 millió Ft,74.0,57.0,10. emelet,1.0,"Budapest III. kerület, Békásmegyer, 0",2025-08-15,Panellakás,Felújított,Távfűtés egyedi méréssel,,Nem adta meg a hirdető,,,10.0,1 m²,,,,,,,
https://www.zenga.hu/ingatlan/elado-teglalakas-miskolc-diosgyor/8650565?page=22&pos=12&cr=102,"Miskolc eladó téglalakás 2+1 fél szobás: 26,9 millió Ft",26.0,55.0,4. emelet,2.0,"Miskolc, Diósgyőr",2025-08-15,Téglalakás,Átlagos,Gáz (konvektor),,Nem adta meg a hirdető,,,4.0,,,,,,,,
https://www.zenga.hu/ingatlan/elado-teglalakas-miskolc/8642935?page=22&pos=13&cr=102,"Miskolc eladó téglalakás 2+1 fél szobás: 30,9 millió Ft",30.0,54.0,1. emelet,2.0,Miskolc,2025-08-15,Téglalakás,Újszerű,Gázkazán,1980.0,Nem adta meg a hirdető,,,10.0,,,,,,,,
https://www.zenga.hu/ingatlan/elado-teglalakas-budapest-xii-kerulet-krisztinavaros-xii-ker/8604893?page=22&pos=14&cr=102,Budapest XII. kerület eladó téglalakás 3 szobás: 96 millió Ft,96.0,90.0,3. emelet,3.0,"Budapest XII. kerület, Krisztinaváros XII. ker.",2025-08-15,Téglalakás,Felújítandó,Gáz (konvektor),1920.0,H,,,,,,,,,,,
https://www.zenga.hu/ingatlan/elado-panellakas-miskolc-hejocsaba/8515687?page=22&pos=15&cr=102,"Miskolc eladó panellakás 2 szobás: 22,9 millió Ft",22.0,52.0,3. emelet,2.0,"Miskolc, Hejőcsaba",2025-08-15,Panellakás,Átlagos,Távfűtés,1980.0,Nem adta meg a hirdető,,,4.0,,,,,,,,
https://www.zenga.hu/ingatlan/elado-teglalakas-szeged-felsovaros/8501915?page=22&pos=16&cr=101,"Szeged eladó téglalakás 2 szobás: 63,9 millió Ft",63.0,47.0,földszint,2.0,"Szeged, Felsőváros",2025-08-15,Téglalakás,Új építésű,Egyéb,2023.0,A+,,,,,,,,,,,
https://www.zenga.hu/ingatlan/elado-panellakas-budapest-iii-kerulet-obuda/8662486?page=22&pos=17&cr=101,"Budapest III. kerület eladó panellakás 3 szobás: 79,9 millió Ft",79.0,70.0,1. emelet,3.0,"Budapest III. kerület, Óbuda, 0",2025-08-15,Panellakás,Jó állapotú,Távfűtés egyedi méréssel,,Nem adta meg a hirdető,,,10.0,,,,,,,,
https://www.zenga.hu/ingatlan/elado-panellakas-debrecen/8657666?page=22&pos=18&cr=101,"Debrecen eladó panellakás 2+2 fél szobás: 69,99 millió Ft",69.0,70.0,3. emelet,2.0,Debrecen,2025-08-15,Panellakás,Jó állapotú,Távfűtés egyedi méréssel,1970.0,Nem adta meg a hirdető,,,,,,,,,,,
https://www.zenga.hu/ingatlan/elado-teglalakas-budapest-viii-kerulet-corvin-negyed/8245099?page=22&pos=19&cr=101,"Budapest VIII. kerület eladó téglalakás 1 szobás: 49,9 millió Ft",49.0,44.0,félemelet,1.0,"Budapest VIII. kerület, Corvin negyed, Harminckettesek tere",2025-08-15,Téglalakás,Jó állapotú,Gáz (konvektor),,Nem adta meg a hirdető,,,5.0,,,,,,,,
https://www.zenga.hu/ingatlan/elado-teglalakas-budapest-xiii-kerulet-angyalfold/8632326?page=22&pos=20&cr=101,"Budapest XIII. kerület eladó téglalakás 1 szobás: 56,99 millió Ft",56.0,38.0,földszint,1.0,"Budapest XIII. kerület, Angyalföld",2025-08-15,Téglalakás,Jó állapotú,Gázkazán,1950.0,F,,,,,,,,,,,
https://www.zenga.hu/ingatlan/elado-teglalakas-budapest-xiii-kerulet-angyalfold/8613537?page=23&pos=1&cr=101,Budapest XIII. kerület eladó téglalakás 2 szobás: 53 millió Ft,53.0,48.0,1. emelet,2.0,"Budapest XIII. kerület, Angyalföld",2025-08-15,Téglalakás,Jó állapotú,Gáz (konvektor),1930.0,F,,,,,,,,,,,
https://www.zenga.hu/ingatlan/elado-teglalakas-budapest-xix-kerulet-kispest/8574733?page=23&pos=2&cr=101,"Budapest XIX. kerület eladó téglalakás 3 szobás: 89,9 millió Ft",89.0,67.0,1. emelet,3.0,"Budapest XIX. kerület, Kispest",2025-08-15,Téglalakás,Új építésű,Elektromos,2024.0,B,,,,,,,,,,,
https://www.zenga.hu/ingatlan/elado-teglalakas-pecs/8529118?page=23&pos=3&cr=100,"Pécs eladó téglalakás 3 szobás: 49,9 millió Ft",49.0,56.0,szuterén,3.0,Pécs,2025-08-15,Téglalakás,Felújított,Gázkazán,1950.0,Nem adta meg a hirdető,,,,,,,,,,,
https://www.zenga.hu/ingatlan/elado-teglalakas-budapest-ii-kerulet-rozsadomb/8661102?page=23&pos=4&cr=100,"Budapest II. kerület eladó téglalakás 3 szobás: 179,5 millió Ft",179.0,130.0,,3.0,"Budapest II. kerület, Rózsadomb",2025-08-15,Téglalakás,Jó állapotú,Házközponti,1927.0,Nem adta meg a hirdető,,,,,,,3 m²,,,,
https://www.zenga.hu/ingatlan/elado-teglalakas-gyor-nadorvaros/8650753?page=23&pos=5&cr=100,Győr eladó téglalakás 3 szobás: 55 millió Ft,55.0,66.0,3. emelet,3.0,"Győr, Nádorváros",2025-08-15,Téglalakás,Jó állapotú,Távfűtés egyedi méréssel,1966.0,Nem adta meg a hirdető,,,,,,,,,,,
https://www.zenga.hu/ingatlan/elado-teglalakas-budapest-xiv-kerulet/8660972?page=23&pos=6&cr=100,"Budapest XIV. kerület eladó téglalakás 1 szobás: 49,9 millió Ft",49.0,40.0,2. emelet,1.0,Budapest XIV. kerület,2025-08-15,Téglalakás,Jó állapotú,Gáz (konvektor),1950.0,Nem adta meg a hirdető,,,,,,,,,,,
https://www.zenga.hu/ingatlan/elado-panellakas-pecs/8643478?page=23&pos=7&cr=100,"Pécs eladó panellakás 4 szobás: 47,9 millió Ft",47.0,63.0,5. emelet,4.0,Pécs,2025-08-15,Panellakás,Jó állapotú,Távfűtés,1978.0,Nem adta meg a hirdető,,,,,,,,,,,
https://www.zenga.hu/ingatlan/elado-teglalakas-monorierdo/8657735?page=23&pos=8&cr=100,"Monorierdő eladó téglalakás 3 szobás: 58,9 millió Ft",58.0,63.0,földszint,3.0,Monorierdő,2025-08-15,Téglalakás,Új építésű,Hőszivattyú,2025.0,Nem adta meg a hirdető,,,,,,,,,,,
https://www.zenga.hu/ingatlan/elado-panellakas-pecs/8643473?page=23&pos=9&cr=100,Pécs eladó panellakás 2 szobás: 36 millió Ft,36.0,40.0,1. emelet,2.0,Pécs,2025-08-15,Panellakás,Jó állapotú,Távfűtés egyedi méréssel,1980.0,Nem adta meg a hirdető,,,,,,,,,,,
https://www.zenga.hu/ingatlan/elado-teglalakas-budapest-v-kerulet/8392151?page=23&pos=10&cr=100,Budapest V. kerület eladó téglalakás 2 szobás: 68 millió Ft,68.0,44.0,2. emelet,2.0,Budapest V. kerület,2025-08-15,Téglalakás,Átlagos,Gáz (konvektor),1900.0,Nem adta meg a hirdető,,,,,,,,,,,
https://www.zenga.hu/ingatlan/elado-teglalakas-debrecen-homokkert/8391587?page=23&pos=11&cr=100,"Debrecen eladó téglalakás 3 szobás: 82,66 millió Ft",82.0,68.0,1. emelet,3.0,"Debrecen, Homokkert",2025-08-15,Téglalakás,Új építésű,Hőszivattyú,2025.0,Nem adta meg a hirdető,,,,,,,,,,,
https://www.zenga.hu/ingatlan/elado-teglalakas-budapest-vii-kerulet/8468565?page=23&pos=12&cr=100,"Budapest VII. kerület eladó téglalakás 2 szobás: 74,9 millió Ft",74.0,64.0,2. emelet,2.0,Budapest VII. kerület,2025-08-15,Téglalakás,Átlagos,Gáz (konvektor),1950.0,Nem adta meg a hirdető,,,6.0,,,,,,,,
https://www.zenga.hu/ingatlan/elado-teglalakas-budapest-xiii-kerulet/8660986?page=23&pos=13&cr=100,"Budapest XIII. kerület eladó téglalakás 2 szobás: 85,9 millió Ft",85.0,75.0,földszint,2.0,Budapest XIII. kerület,2025-08-15,Téglalakás,Újszerű,Hőszivattyú,2024.0,Nem adta meg a hirdető,,,,,,,,,,,
https://www.zenga.hu/ingatlan/elado-teglalakas-pecs/8649562?page=23&pos=14&cr=100,"Pécs eladó téglalakás 4 szobás: 54,5 millió Ft",54.0,61.0,tetőtér,4.0,Pécs,2025-08-15,Téglalakás,Átlagos,Gázkazán,1920.0,Nem adta meg a hirdető,,,,,,,,,,,
https://www.zenga.hu/ingatlan/elado-panellakas-pecs/8548814?page=23&pos=15&cr=100,"Pécs eladó panellakás 4 szobás: 57,9 millió Ft",57.0,68.0,földszint,4.0,Pécs,2025-08-15,Panellakás,Jó állapotú,Távfűtés egyedi méréssel,1980.0,Nem adta meg a hirdető,,,,,,,,,,,
https://www.zenga.hu/ingatlan/elado-teglalakas-budapest-ix-kerulet/8660997?page=23&pos=16&cr=100,Budapest IX. kerület eladó téglalakás 4 szobás: 102 millió Ft,102.0,123.0,4. emelet,4.0,Budapest IX. kerület,2025-08-15,Téglalakás,Átlagos,Gáz (héra),1910.0,Nem adta meg a hirdető,,,,,,,,,,,
https://www.zenga.hu/ingatlan/elado-teglalakas-budapest-vii-kerulet/8660963?page=23&pos=17&cr=100,Budapest VII. kerület eladó téglalakás 1 szobás: 57 millió Ft,57.0,29.0,1. emelet,1.0,Budapest VII. kerület,2025-08-15,Téglalakás,Jó állapotú,Gáz (konvektor),1900.0,Nem adta meg a hirdető,,,,,,,,,,,
https://www.zenga.hu/ingatlan/elado-teglalakas-mezokovesd/8632421?page=23&pos=18&cr=100,"Mezőkövesd eladó téglalakás 2 szobás: 24,9 millió Ft",24.0,50.0,2. emelet,2.0,Mezőkövesd,2025-08-15,Téglalakás,Jó állapotú,Házközponti,2000.0,Nem adta meg a hirdető,,,,,,,,,,,
https://www.zenga.hu/ingatlan/elado-teglalakas-pecs/8603448?page=23&pos=19&cr=100,"Pécs eladó téglalakás 2 szobás: 47,9 millió Ft",47.0,47.0,1. emelet,2.0,Pécs,2025-08-15,Téglalakás,Felújított,Gáz (konvektor),1960.0,Nem adta meg a hirdető,,,,,,,,,,,
https://www.zenga.hu/ingatlan/elado-teglalakas-budapest-ii-kerulet/8569116?page=23&pos=20&cr=100,"Budapest II. kerület eladó téglalakás 2 szobás: 73,5 millió Ft",73.0,49.0,3. emelet,2.0,Budapest II. kerület,2025-08-15,Téglalakás,Jó állapotú,Gáz (konvektor),1950.0,D,,,,,,,,,,,
https://www.zenga.hu/ingatlan/elado-teglalakas-nagykoros/8666820?page=24&pos=1&cr=100,"Nagykőrös eladó téglalakás 3 szobás: 38,9 millió Ft",38.0,64.0,2. emelet,3.0,Nagykőrös,2025-08-15,Téglalakás,Felújított,Gáz (konvektor),,A+,,Nincs,4.0,8 m²,,,8 m²,,,,
https://www.zenga.hu/ingatlan/elado-teglalakas-budapest-v-kerulet-del-belvaros/8413882?page=24&pos=2&cr=100,"Budapest V. kerület eladó téglalakás 4 szobás: 119,7 millió Ft",119.0,80.0,1. emelet,4.0,"Budapest V. kerület, Dél-Belváros",2025-08-15,Téglalakás,Felújítandó,Házközponti,1936.0,Nem adta meg a hirdető,,,,,,,,,,,
https://www.zenga.hu/ingatlan/elado-teglalakas-balatonmariafurdo/8061093?page=24&pos=3&cr=100,"Balatonmáriafürdő eladó téglalakás 2 szobás: 57,24 millió Ft",57.0,44.0,1. emelet,2.0,Balatonmáriafürdő,2025-08-15,Téglalakás,Új építésű,Hőszivattyú,2026.0,Nem adta meg a hirdető,,Nincs,,,,,14 m²,,,,
https://www.zenga.hu/ingatlan/elado-teglalakas-budapest-vi-kerulet/8544965?page=24&pos=4&cr=100,"Budapest VI. kerület eladó téglalakás 2 szobás: 79,9 millió Ft",79.0,59.0,4. emelet,2.0,Budapest VI. kerület,2025-08-15,Téglalakás,Felújított,Gázkazán,2006.0,Nem adta meg a hirdető,,,,,,,,,,,
https://www.zenga.hu/ingatlan/elado-teglalakas-budapest-vi-kerulet-nagykoruton-beluli-terulet/8358588?page=24&pos=5&cr=100,"Budapest VI. kerület eladó téglalakás 1 szobás: 59,9 millió Ft",59.0,44.0,1. emelet,1.0,"Budapest VI. kerület, Nagykörúton belüli terület",2025-08-15,Téglalakás,Felújítandó,Gázkazán,1950.0,Nem adta meg a hirdető,,,,,,,,,,,
https://www.zenga.hu/ingatlan/elado-teglalakas-budapest-xiii-kerulet-vizafogo/8545002?page=24&pos=6&cr=100,Budapest XIII. kerület eladó téglalakás 3 szobás: 138 millió Ft,138.0,69.0,3. emelet,3.0,"Budapest XIII. kerület, Vizafogó",2025-08-15,Téglalakás,Újszerű,Házközponti fűtés egyedi méréssel,2020.0,A+,,,,,,,,,,,
https://www.zenga.hu/ingatlan/elado-teglalakas-budapest-xiv-kerulet-torokor/8352125?page=24&pos=7&cr=100,"Budapest XIV. kerület eladó téglalakás 2 szobás: 84,9 millió Ft",84.0,58.0,,2.0,"Budapest XIV. kerület, Törökőr",2025-08-15,Téglalakás,Jó állapotú,Gázkazán,1965.0,Nem adta meg a hirdető,,,,"3,5 m²",,,,,,,
https://www.zenga.hu/ingatlan/elado-panellakas-budapest-xvii-kerulet/8507307?page=24&pos=8&cr=100,Budapest XVII. kerület eladó panellakás 3+1 fél szobás: 73 millió Ft,73.0,73.0,földszint,3.0,Budapest XVII. kerület,2025-08-15,Panellakás,Felújítandó,Távfűtés egyedi méréssel,1980.0,Nem adta meg a hirdető,,,,,,,,,,,
https://www.zenga.hu/ingatlan/elado-teglalakas-budapest-vi-kerulet/8500932?page=24&pos=9&cr=100,"Budapest VI. kerület eladó téglalakás 1 szobás: 67,9 millió Ft",67.0,40.0,,1.0,Budapest VI. kerület,2025-08-15,Téglalakás,Újszerű,Elektromos,1900.0,Nem adta meg a hirdető,,,,,,,5 m²,,,,
https://www.zenga.hu/ingatlan/elado-teglalakas-budapest-xiv-kerulet-alsorakos/8542671?page=24&pos=10&cr=100,Budapest XIV. kerület eladó téglalakás 3 szobás: 90 millió Ft,90.0,67.0,,3.0,"Budapest XIV. kerület, Alsórákos",2025-08-15,Téglalakás,Jó állapotú,Gázkazán,2002.0,Nem adta meg a hirdető,,,,9 m²,,,,,,,
https://www.zenga.hu/ingatlan/elado-teglalakas-budapest-iii-kerulet-taborhegy/7815942?page=24&pos=11&cr=100,Budapest III. kerület eladó téglalakás 4 szobás: 199 millió Ft,199.0,127.0,,4.0,"Budapest III. kerület, Táborhegy",2025-08-15,Téglalakás,Újszerű,Hőszivattyú,2010.0,Nem adta meg a hirdető,,,,,,,35 m²,,,,
https://www.zenga.hu/ingatlan/elado-teglalakas-dombovar/8587745?page=24&pos=12&cr=100,"Dombóvár eladó téglalakás 2 szobás: 24,8 millió Ft",24.0,55.0,2. emelet,2.0,"Dombóvár, Platán tér",2025-08-15,Téglalakás,Átlagos,Gáz (konvektor),1983.0,Nem adta meg a hirdető,,Nincs,2.0,10 m²,,,,,,,
https://www.zenga.hu/ingatlan/elado-teglalakas-budapest-viii-kerulet-corvin-negyed/8206106?page=24&pos=13&cr=100,Budapest VIII. kerület eladó téglalakás 3 szobás: 41 millió Ft,41.0,42.0,,3.0,"Budapest VIII. kerület, Corvin negyed",2025-08-15,Téglalakás,Jó állapotú,Cserépkályha,1910.0,Nem adta meg a hirdető,,,,,,,,,,,
https://www.zenga.hu/ingatlan/elado-teglalakas-hegyeshalom/8664995?page=24&pos=14&cr=100,Hegyeshalom eladó téglalakás: 35 millió Ft,35.0,43.0,,,Hegyeshalom,2025-08-15,Téglalakás,Új építésű,Egyéb,,Nem adta meg a hirdető,,,1.0,,,,,,,,
https://www.zenga.hu/ingatlan/elado-teglalakas-budapest-xviii-kerulet-gloriett-telep/8664762?page=24&pos=15&cr=100,"Budapest XVIII. kerület eladó téglalakás 1+2 fél szobás: 88,9 millió Ft",88.0,65.0,2. emelet,1.0,"Budapest XVIII. kerület, Gloriett-telep",2025-08-15,Téglalakás,Új építésű,Elektromos,2024.0,B,,,,,,,,,,,
https://www.zenga.hu/ingatlan/elado-teglalakas-budapest-vii-kerulet-nagykoruton-kivuli-terulet/8569745?page=24&pos=16&cr=100,"Budapest VII. kerület eladó téglalakás 1 szobás: 54,8 millió Ft",54.0,36.0,,1.0,"Budapest VII. kerület, Külső-Erzsébetváros",2025-08-15,Téglalakás,Újszerű,Elektromos,1910.0,Nem adta meg a hirdető,,,,,,,3 m²,,,,
https://www.zenga.hu/ingatlan/elado-tarsashazi-lakas-budapest-xii-kerulet/8118896?page=24&pos=17&cr=100,"Eladó 4 szobás társasházi lakás 308,9 millió Ft értékben Budapest XII. kerületben - Árnyas 40 Villa Suites lakóparkban",308.0,123.0,10 felett,4.0,Budapest XII. kerület,2025-08-15,Társasházi lakás,,Egyéb,,Nem adta meg a hirdető,,,,"17,8 m²",,,,,,,
https://www.zenga.hu/ingatlan/elado-csusztatott-zsalus-lakas-budapest-xx-kerulet-pacsirtatelep/8650231?page=24&pos=18&cr=100,"Budapest XX. kerület eladó csúsztatott zsalus lakás 2 szobás: 53,9 millió Ft",53.0,57.0,4. emelet,2.0,"Budapest XX. kerület, Pacsirtatelep",2025-08-15,Csúsztatott zsalus lakás,Jó állapotú,Gáz (konvektor),1975.0,Nem adta meg a hirdető,,,4.0,4 m²,,,,,,,
https://www.zenga.hu/ingatlan/elado-panellakas-budapest-xviii-kerulet-havanna-lakotelep/8656602?page=24&pos=19&cr=100,"Budapest XVIII. kerület eladó panellakás 2 szobás: 52,5 millió Ft",52.0,53.0,10. emelet,2.0,"Budapest XVIII. kerület, Havanna lakótelep",2025-08-15,Panellakás,Felújítandó,Távfűtés,1980.0,Nem adta meg a hirdető,,,,,,,,,,,
https://www.zenga.hu/ingatlan/elado-csusztatott-zsalus-lakas-budapest-xiv-kerulet-torokor/8361514?page=24&pos=20&cr=100,"Budapest XIV. kerület eladó csúsztatott zsalus lakás 3 szobás: 74,9 millió Ft",74.0,56.0,,3.0,"Budapest XIV. kerület, Törökőr",2025-08-15,Csúsztatott zsalus lakás,Újszerű,Házközponti fűtés egyedi méréssel,1980.0,Nem adta meg a hirdető,,,,,,,,,,,
https://www.zenga.hu/ingatlan/elado-panellakas-szeged-rokus/8646701?page=25&pos=1&cr=100,"Szeged eladó panellakás 1+1 fél szobás: 44,9 millió Ft",44.0,55.0,4. emelet,1.0,"Szeged, Rókus, Nyitra utca",2025-08-15,Panellakás,Átlagos,Távfűtés,1981.0,F,,,5.0,,,,,,,,
https://www.zenga.hu/ingatlan/elado-teglalakas-budapest-iii-kerulet/8597085?page=25&pos=2&cr=100,"Budapest III. kerület eladó téglalakás 3 szobás: 99,6 millió Ft",99.0,82.0,,3.0,Budapest III. kerület,2025-08-15,Téglalakás,Újszerű,Gázkazán,2023.0,Nem adta meg a hirdető,,,,,,,16 m²,,,,
https://www.zenga.hu/ingatlan/elado-teglalakas-budapest-viii-kerulet-jozsefvaros/8533322?page=25&pos=3&cr=100,Budapest VIII. kerület eladó téglalakás 2 szobás: 70 millió Ft,70.0,40.0,,2.0,"Budapest VIII. kerület, Józsefváros",2025-08-15,Téglalakás,Újszerű,Fan coil,1930.0,Nem adta meg a hirdető,,,,,,,,,,,
https://www.zenga.hu/ingatlan/elado-tarsashazi-lakas-budapest-xix-kerulet/8472397?page=25&pos=4&cr=100,"Eladó 1 szobás társasházi lakás 61,16 millió Ft értékben Budapest XIX. kerületben - T.Homes Residence lakóparkban",61.0,34.0,10 felett,1.0,Budapest XIX. kerület,2025-08-15,Társasházi lakás,,Geotermikus,,Nem adta meg a hirdető,,,,11 m²,,,,,,,
https://www.zenga.hu/ingatlan/elado-panellakas-budapest-xv-kerulet-rakospalota/8450239?page=25&pos=5&cr=100,"Budapest XV. kerület eladó panellakás 3 szobás: 63,9 millió Ft",63.0,59.0,,3.0,"Budapest XV. kerület, Rákospalota",2025-08-15,Panellakás,Jó állapotú,Házközponti,1985.0,Nem adta meg a hirdető,,,,,,,"3,5 m²",,,,
https://www.zenga.hu/ingatlan/elado-teglalakas-budapest-xiv-kerulet-istvanmezo/8631206?page=25&pos=6&cr=100,"Budapest XIV. kerület eladó téglalakás 3 szobás: 63,99 millió Ft",63.0,51.0,5. emelet,3.0,"Budapest XIV. kerület, Istvánmező",2025-08-15,Téglalakás,Felújított,Távfűtés,1963.0,C,,,,,,,,,,,
https://www.zenga.hu/ingatlan/elado-teglalakas-nyiregyhaza-belvaros/8657084?page=25&pos=7&cr=100,"Nyíregyháza eladó téglalakás 2 szobás: 36,7 millió Ft",36.0,55.0,4. emelet,2.0,"Nyíregyháza, Belváros, Sarkantyú",2025-08-15,Téglalakás,Felújított,Távfűtés egyedi méréssel,,Nem adta meg a hirdető,,,4.0,3 m²,,,,,,,
https://www.zenga.hu/ingatlan/elado-teglalakas-budapest-vi-kerulet/8581335?page=25&pos=8&cr=100,Budapest VI. kerület eladó téglalakás 2 szobás: 109 millió Ft,109.0,71.0,3. emelet,2.0,Budapest VI. kerület,2025-08-15,Téglalakás,Jó állapotú,Gázkazán,1880.0,Nem adta meg a hirdető,,,3.0,,,,,,,,
https://www.zenga.hu/ingatlan/elado-tarsashazi-lakas-budapest-iii-kerulet/8468501?page=25&pos=9&cr=100,Eladó 3 szobás társasházi lakás 125 millió Ft értékben Budapest III. kerületben - Waterfront City 5 lakóparkban,125.0,52.0,10 felett,3.0,Budapest III. kerület,2025-08-15,Társasházi lakás,,Egyéb,,Nem adta meg a hirdető,,,,18 m²,,,,,,,
https://www.zenga.hu/ingatlan/elado-tarsashazi-lakas-budapest-xi-kerulet/8469209?page=25&pos=10&cr=100,"Eladó 3 szobás társasházi lakás 117,6 millió Ft értékben Budapest XI. kerületben - Újbuda Residence lakóparkban",117.0,71.0,10 felett,3.0,Budapest XI. kerület,2025-08-15,Társasházi lakás,,Egyéb,,Nem adta meg a hirdető,,,,"14,8 m²",,,,,,,
https://www.zenga.hu/ingatlan/elado-tarsashazi-lakas-budapest-xix-kerulet/7930758?page=25&pos=11&cr=100,"Eladó 2 szobás társasházi lakás 81,01 millió Ft értékben Budapest XIX. kerületben - T.Homes Residence lakóparkban",81.0,49.0,10 felett,2.0,Budapest XIX. kerület,2025-08-15,Társasházi lakás,,Geotermikus,,Nem adta meg a hirdető,,,,"11,1 m²",,,,,,,
https://www.zenga.hu/ingatlan/elado-teglalakas-budapest-ix-kerulet-belso-ferencvaros/8663822?page=25&pos=12&cr=100,Budapest IX. kerület eladó téglalakás 2+2 fél szobás: 99 millió Ft,99.0,66.0,földszint,2.0,"Budapest IX. kerület, Belső Ferencváros, Ráday utca",2025-08-15,Téglalakás,Felújított,Elektromos,1890.0,B,,Nincs,4.0,,,,15 m²,,,,
https://www.zenga.hu/ingatlan/elado-panellakas-budapest-xviii-kerulet-havanna-lakotelep/8640280?page=25&pos=13&cr=100,"Budapest XVIII. kerület eladó panellakás 3 szobás: 61,9 millió Ft",61.0,53.0,1. emelet,3.0,"Budapest XVIII. kerület, Havanna lakótelep",2025-08-15,Panellakás,Felújított,Távfűtés egyedi méréssel,1985.0,D,,,,,,,,,,,
https://www.zenga.hu/ingatlan/elado-teglalakas-budapest-vii-kerulet-ligetvaros/8575645?page=25&pos=14&cr=100,Budapest VII. kerület eladó téglalakás 1 szobás: 56 millió Ft,56.0,41.0,1. emelet,1.0,"Budapest VII. kerület, Ligetváros, Hernád",2025-08-15,Téglalakás,Felújított,Gáz (konvektor),1950.0,Nem adta meg a hirdető,,,4.0,,,,,,,,
https://www.zenga.hu/ingatlan/elado-panellakas-budapest-xix-kerulet/8555277?page=25&pos=15&cr=100,Budapest XIX. kerület eladó panellakás 1+2 fél szobás: 56 millió Ft,56.0,59.0,9. emelet,1.0,Budapest XIX. kerület,2025-08-15,Panellakás,Átlagos,Távfűtés,1981.0,D,,,,,,,,,,,
https://www.zenga.hu/ingatlan/elado-teglalakas-budapest-vi-kerulet/8484869?page=25&pos=16&cr=100,Budapest VI. kerület eladó téglalakás 4+1 fél szobás: 145 millió Ft,145.0,120.0,1. emelet,4.0,Budapest VI. kerület,2025-08-15,Téglalakás,Felújított,Gázkazán,1900.0,Nem adta meg a hirdető,,,4.0,3 m²,45 000 Ft/hó,,,,,,
https://www.zenga.hu/ingatlan/elado-teglalakas-budapest-xx-kerulet/8642311?page=25&pos=17&cr=100,"Budapest XX. kerület eladó téglalakás 2+1 fél szobás: 99,9 millió Ft",99.0,59.0,földszint,2.0,Budapest XX. kerület,2025-08-15,Téglalakás,Új építésű,Házközponti fűtés egyedi méréssel,2025.0,A+,,,,,,,,,,,
https://www.zenga.hu/ingatlan/elado-tarsashazi-lakas-nyiregyhaza/8645832?page=25&pos=18&cr=100,"Nyíregyháza eladó társasházi lakás 3 szobás: 119,5 millió Ft",119.0,126.0,2. emelet,3.0,Nyíregyháza,2025-08-15,Társasházi lakás,Új építésű,Gázkazán,2025.0,Nem adta meg a hirdető,,,,,,,,,,,
https://www.zenga.hu/ingatlan/elado-panellakas-budapest-xxi-kerulet-erdoalja/8587719?page=25&pos=19&cr=100,"Budapest XXI. kerület eladó panellakás 2+3 fél szobás: 84,24 millió Ft",84.0,84.0,földszint,2.0,"Budapest XXI. kerület, Erdőalja, Völgy utca 21.",2025-08-15,Panellakás,Átlagos,Távfűtés,1983.0,E,,,4.0,4 m²,,,,,,,
https://www.zenga.hu/ingatlan/elado-teglalakas-szigetszentmiklos/8660014?page=25&pos=20&cr=100,"Szigetszentmiklós eladó téglalakás 3 szobás: 65,9 millió Ft",65.0,72.0,2. emelet,3.0,Szigetszentmiklós,2025-08-15,Téglalakás,Jó állapotú,Gázkazán,2005.0,Nem adta meg a hirdető,,,3.0,,,,7 m²,,,,
https://www.zenga.hu/ingatlan/elado-teglalakas-balatonmariafurdo/8662584?page=26&pos=1&cr=100,"Balatonmáriafürdő eladó téglalakás 1 szobás: 39,9 millió Ft",39.0,24.0,2. emelet,1.0,Balatonmáriafürdő,2025-08-15,Téglalakás,Új építésű,Házközponti fűtés egyedi méréssel,2026.0,A+++,,Nincs,,,,,7 m²,,,,
https://www.zenga.hu/ingatlan/elado-teglalakas-budapest-xx-kerulet/8657873?page=26&pos=2&cr=100,"Budapest XX. kerület eladó téglalakás 2 szobás: 63,99 millió Ft",63.0,57.0,2. emelet,2.0,Budapest XX. kerület,2025-08-15,Téglalakás,Új építésű,Házközponti fűtés egyedi méréssel,2025.0,A+,,,,,,,,,,,
https://www.zenga.hu/ingatlan/elado-teglalakas-hajduszoboszlo/8661988?page=26&pos=3&cr=100,"Hajdúszoboszló eladó téglalakás 3+1 fél szobás: 73,9 millió Ft",73.0,125.0,földszint,3.0,"Hajdúszoboszló, Liliom u. 2",2025-08-15,Téglalakás,Jó állapotú,Elektromos,,A+,,,2.0,14 m²,,,14 m²,,,,
https://www.zenga.hu/ingatlan/elado-teglalakas-hajduszoboszlo/8661987?page=26&pos=4&cr=100,"Hajdúszoboszló eladó téglalakás 3 szobás: 54,9 millió Ft",54.0,63.0,földszint,3.0,"Hajdúszoboszló, Hőforrás u. 2",2025-08-15,Téglalakás,Jó állapotú,Elektromos,,A+,,,2.0,5 m²,,,20 m²,,,,
https://www.zenga.hu/ingatlan/elado-teglalakas-budapest-xii-kerulet-krisztinavaros-xii-ker/8503832?page=26&pos=5&cr=100,"Budapest XII. kerület eladó téglalakás 2 szobás: 129,9 millió Ft",129.0,57.0,1. emelet,2.0,"Budapest XII. kerület, Krisztinaváros XII. ker.",2025-08-15,Téglalakás,Újszerű,Geotermikus,2018.0,Nem adta meg a hirdető,,,,,,,,,,,
https://www.zenga.hu/ingatlan/elado-teglalakas-budapest-viii-kerulet/8590776?page=26&pos=6&cr=100,"Budapest VIII. kerület eladó téglalakás 1+1 fél szobás: 59,99 millió Ft",59.0,46.0,1. emelet,1.0,Budapest VIII. kerület,2025-08-15,Téglalakás,Felújítandó,Gázkazán,,Nem adta meg a hirdető,,,,,,,,,,,
https://www.zenga.hu/ingatlan/elado-egyeb-lakas-kiskunlachaza/8659945?page=26&pos=7&cr=100,"Kiskunlacháza eladó egyéb lakás 4 szobás: 64,9 millió Ft",64.0,75.0,,4.0,Kiskunlacháza,2025-08-15,Egyéb lakás,Új építésű,Házközponti,,Nem adta meg a hirdető,,,,,,,,,,,
https://www.zenga.hu/ingatlan/elado-teglalakas-budapest-xviii-kerulet-bokaytelep/8617362?page=26&pos=8&cr=100,"Budapest XVIII. kerület eladó téglalakás 1+2 fél szobás: 149,9 millió Ft",149.0,88.0,földszint,1.0,"Budapest XVIII. kerület, Bókaytelep",2025-08-15,Téglalakás,Új építésű,Elektromos,2024.0,B,,,,,,,,,,,
https://www.zenga.hu/ingatlan/elado-teglalakas-budapest-ii-kerulet/8658417?page=26&pos=9&cr=100,Budapest II. kerület eladó téglalakás 2+1 fél szobás: 180 millió Ft,180.0,94.0,1. emelet,2.0,Budapest II. kerület,2025-08-15,Téglalakás,Felújítandó,Elektromos,1932.0,Nem adta meg a hirdető,,,6.0,6 m²,,,,,,,
https://www.zenga.hu/ingatlan/elado-teglalakas-budapest-ix-kerulet-belso-ferencvaros/8612409?page=26&pos=10&cr=100,Budapest IX. kerület eladó téglalakás 2+1 fél szobás: 120 millió Ft,120.0,79.0,4. emelet,2.0,"Budapest IX. kerület, Belső Ferencváros",2025-08-15,Téglalakás,Jó állapotú,Gázkazán,1930.0,Nem adta meg a hirdető,,,,,,,,,,,
https://www.zenga.hu/ingatlan/elado-teglalakas-budapest-xi-kerulet/8556773?page=26&pos=11&cr=100,"Budapest XI. kerület eladó téglalakás 3 szobás: 94,99 millió Ft",94.0,63.0,1. emelet,3.0,Budapest XI. kerület,2025-08-15,Téglalakás,Új építésű,Házközponti fűtés egyedi méréssel,2022.0,Nem adta meg a hirdető,,,,,,,,,,,
https://www.zenga.hu/ingatlan/elado-teglalakas-budapest-xi-kerulet-kelenfold/8510575?page=26&pos=12&cr=100,Budapest XI. kerület eladó téglalakás 4 szobás: 165 millió Ft,165.0,90.0,4. emelet,4.0,"Budapest XI. kerület, Kelenföld",2025-08-15,Téglalakás,Jó állapotú,Gázkazán,,C,,,5.0,2 m²,30 000 Ft/hó,,19 m²,,,,
https://www.zenga.hu/ingatlan/elado-teglalakas-szeged-ujszeged/8658392?page=26&pos=13&cr=100,Szeged eladó téglalakás 3+1 fél szobás: 95 millió Ft,95.0,90.0,földszint,3.0,"Szeged, Újszeged",2025-08-15,Téglalakás,Jó állapotú,Gázkazán,1982.0,Nem adta meg a hirdető,,Nincs,3.0,3 m²,,,,,,,
https://www.zenga.hu/ingatlan/elado-teglalakas-budapest-ii-kerulet-szepvolgy/8561754?page=26&pos=14&cr=100,"Budapest II. kerület eladó téglalakás 1 szobás: 87,01 millió Ft",87.0,33.0,földszint,1.0,"Budapest II. kerület, Szépvölgy",2025-08-15,Téglalakás,Új építésű,Hőszivattyú,2023.0,A+++,,,,,,,,,,,
https://www.zenga.hu/ingatlan/elado-teglalakas-nagylak/8655911?page=26&pos=15&cr=100,"Nagylak eladó téglalakás 2 szobás: 8,7 millió Ft",8.0,55.0,1. emelet,2.0,"Nagylak, Petőfi u 16",2025-08-15,Téglalakás,Átlagos,Központi fűtés,1981.0,Nem adta meg a hirdető,,,1.0,2 m²,,,,,,,
https://www.zenga.hu/ingatlan/elado-teglalakas-budapest-xiii-kerulet/8542361?page=26&pos=16&cr=100,"Budapest XIII. kerület eladó téglalakás 3 szobás: 149,9 millió Ft",149.0,64.0,földszint,3.0,Budapest XIII. kerület,2025-08-15,Téglalakás,Felújított,Házközponti fűtés egyedi méréssel,2009.0,Nem adta meg a hirdető,,,,,,,,,,,
https://www.zenga.hu/ingatlan/elado-panellakas-budapest-iii-kerulet-pok-utcai-lakotelep/8652950?page=26&pos=17&cr=100,"Budapest III. kerület eladó panellakás 1+3 fél szobás: 88,5 millió Ft",88.0,73.0,3. emelet,1.0,"Budapest III. kerület, Pók utcai lakótelep, 0",2025-08-15,Panellakás,Jó állapotú,Távfűtés,,Nem adta meg a hirdető,,,4.0,,,,,,,,
https://www.zenga.hu/ingatlan/elado-teglalakas-budapest-iii-kerulet-filatorigat/8229780?page=26&pos=18&cr=100,"Budapest III. kerület eladó téglalakás 2+1 fél szobás: 135,14 millió Ft",135.0,82.0,3. emelet,2.0,"Budapest III. kerület, Filatorigát",2025-08-15,Téglalakás,Új építésű,,2025.0,Nem adta meg a hirdető,,,3.0,,,,,,,,
https://www.zenga.hu/ingatlan/elado-teglalakas-eger/8619113?page=26&pos=19&cr=100,"Eger eladó téglalakás 4 szobás: 87,7 millió Ft",87.0,79.0,1. emelet,4.0,Eger,2025-08-15,Téglalakás,Újszerű,Gázkazán,2020.0,B,,,3.0,,,,,,,,
https://www.zenga.hu/ingatlan/elado-teglalakas-eger-lajosvaros/8397562?page=26&pos=20&cr=100,"Eger eladó téglalakás 3 szobás: 54,9 millió Ft",54.0,60.0,földszint,3.0,"Eger, Lajosváros",2025-08-15,Téglalakás,Átlagos,Gázkazán,2004.0,E,,,3.0,,,,,,,,
https://www.zenga.hu/ingatlan/elado-teglalakas-kecskemet-belvaros/8647531?page=27&pos=1&cr=100,"Kecskemét eladó téglalakás 4 szobás: 99,5 millió Ft",99.0,99.0,1. emelet,4.0,"Kecskemét, Belváros",2025-08-15,Téglalakás,Újszerű,Gázkazán,,Nem adta meg a hirdető,,,3.0,,,,,,,,
https://www.zenga.hu/ingatlan/elado-teglalakas-szeged-rokus/8650222?page=27&pos=2&cr=100,Szeged eladó téglalakás 3 szobás: 72 millió Ft,72.0,62.0,3. emelet,3.0,"Szeged, Rókus",2025-08-15,Téglalakás,Jó állapotú,Gázkazán,2001.0,E,,,3.0,8 m²,,,,,,,
https://www.zenga.hu/ingatlan/elado-teglalakas-budapest-xviii-kerulet-gloriett-telep/8523571?page=27&pos=3&cr=100,"Budapest XVIII. kerület eladó téglalakás 1+2 fél szobás: 87,9 millió Ft",87.0,65.0,1. emelet,1.0,"Budapest XVIII. kerület, Gloriett-telep",2025-08-15,Téglalakás,Új építésű,Elektromos,2024.0,A+,,,,,,,,,,,
https://www.zenga.hu/ingatlan/elado-teglalakas-debrecen-belvaros/8224585?page=27&pos=4&cr=100,Debrecen eladó téglalakás 4 szobás: 130 millió Ft,130.0,92.0,földszint,4.0,"Debrecen, Belváros",2025-08-15,Téglalakás,Új építésű,Házközponti fűtés egyedi méréssel,2024.0,Nem adta meg a hirdető,,,,,,,,,,,
https://www.zenga.hu/ingatlan/elado-panellakas-debrecen-venkert/8649081?page=27&pos=5&cr=100,"Debrecen eladó panellakás 2 szobás: 52,9 millió Ft",52.0,58.0,földszint,2.0,"Debrecen, Vénkert",2025-08-15,Panellakás,Jó állapotú,Távfűtés egyedi méréssel,,Nem adta meg a hirdető,,,10.0,,,,,,,,
https://www.zenga.hu/ingatlan/elado-teglalakas-mezohegyes/8506904?page=27&pos=6&cr=100,Mezőhegyes eladó téglalakás 2 szobás: 14 millió Ft,14.0,78.0,földszint,2.0,Mezőhegyes,2025-08-15,Téglalakás,Jó állapotú,Elektromos,1970.0,F,,,,,,,,,,,
https://www.zenga.hu/ingatlan/elado-csusztatott-zsalus-lakas-miskolc-tampere/8428064?page=27&pos=7&cr=100,"Miskolc eladó csúsztatott zsalus lakás 4 szobás: 54,9 millió Ft",54.0,87.0,3. emelet,4.0,"Miskolc, Tampere",2025-08-15,Csúsztatott zsalus lakás,Jó állapotú,Gázkazán,1993.0,Nem adta meg a hirdető,,,1.0,,,,,,,,
https://www.zenga.hu/ingatlan/elado-teglalakas-budapest-vii-kerulet-ligetvaros/8647361?page=27&pos=8&cr=100,"Budapest VII. kerület eladó téglalakás 1+1 fél szobás: 39,9 millió Ft",39.0,41.0,szuterén,1.0,"Budapest VII. kerület, Ligetváros",2025-08-15,Téglalakás,Jó állapotú,Elektromos,1930.0,Nem adta meg a hirdető,,,4.0,,,,,,,,
https://www.zenga.hu/ingatlan/elado-teglalakas-szombathely-szentkiraly/8624562?page=27&pos=9&cr=100,"Szombathely eladó téglalakás 3 szobás: 61,9 millió Ft",61.0,71.0,3. emelet,3.0,"Szombathely, Szentkirály",2025-08-15,Téglalakás,Felújított,Házközponti fűtés egyedi méréssel,2010.0,Nem adta meg a hirdető,,,,,,,,,,,
https://www.zenga.hu/ingatlan/elado-tarsashazi-lakas-nyiregyhaza/8609720?page=27&pos=10&cr=100,Nyíregyháza eladó társasházi lakás 2+1 fél szobás: 55 millió Ft,55.0,63.0,földszint,2.0,Nyíregyháza,2025-08-15,Társasházi lakás,Felújított,Távfűtés egyedi méréssel,1973.0,Nem adta meg a hirdető,,,,,,,,,,,
https://www.zenga.hu/ingatlan/elado-panellakas-paks-lakotelep/8644856?page=27&pos=11&cr=100,"Paks eladó panellakás 2 szobás: 54,9 millió Ft",54.0,52.0,földszint,2.0,"Paks, Lakótelep",2025-08-15,Panellakás,Felújított,Távfűtés,1980.0,Nem adta meg a hirdető,,,4.0,"4,5 m²",,,,,,,
https://www.zenga.hu/ingatlan/elado-teglalakas-paks-ovaros/8644860?page=27&pos=12&cr=100,"Paks eladó téglalakás 2+1 fél szobás: 41,9 millió Ft",41.0,53.0,2. emelet,2.0,"Paks, Óváros",2025-08-15,Téglalakás,Felújított,Hőszivattyú,,Nem adta meg a hirdető,,,3.0,,,,,,,,
https://www.zenga.hu/ingatlan/elado-teglalakas-budapest-xi-kerulet-madarhegy/8378020?page=27&pos=13&cr=100,"Budapest XI. kerület eladó téglalakás 3 szobás: 236,39 millió Ft",236.0,85.0,1. emelet,3.0,"Budapest XI. kerület, Madárhegy",2025-08-15,Téglalakás,Új építésű,Egyéb,,Nem adta meg a hirdető,,,3.0,,,,,,,,
https://www.zenga.hu/ingatlan/elado-csusztatott-zsalus-lakas-budapest-xx-kerulet-pesterzsebet/8643991?page=27&pos=14&cr=100,Budapest XX. kerület eladó csúsztatott zsalus lakás 2 szobás: 49 millió Ft,49.0,56.0,félemelet,2.0,"Budapest XX. kerület, Pesterzsébet",2025-08-15,Csúsztatott zsalus lakás,Felújítandó,Gáz (konvektor),1962.0,Nem adta meg a hirdető,,,4.0,4 m²,,,,,,,
https://www.zenga.hu/ingatlan/elado-teglalakas-budapest-xi-kerulet-kelenfold/8387439?page=27&pos=15&cr=100,Eladó 1+3 fél szobás téglalakás 154 millió Ft értékben Budapest XI. kerületben - ÚJBUDA - BEST PLACE PROJEKT lakóparkban,154.0,64.0,1. emelet,1.0,"Budapest XI. kerület, Kelenföld",2025-08-15,Téglalakás,Új építésű,,2025.0,Nem adta meg a hirdető,,,4.0,,,,,,,,
https://www.zenga.hu/ingatlan/elado-teglalakas-budapest-v-kerulet-belvaros/8427590?page=27&pos=16&cr=100,Budapest V. kerület eladó téglalakás 4 szobás: 140 millió Ft,140.0,76.0,2. emelet,4.0,"Budapest V. kerület, Belváros",2025-08-15,Téglalakás,Felújított,Gázkazán,1900.0,Nem adta meg a hirdető,,,,,,,,,,,
https://www.zenga.hu/ingatlan/elado-teglalakas-budapest-v-kerulet-belvaros/8426442?page=27&pos=17&cr=100,Budapest V. kerület eladó téglalakás 4 szobás: 140 millió Ft,140.0,76.0,2. emelet,4.0,"Budapest V. kerület, Belváros",2025-08-15,Téglalakás,Felújított,Gázkazán,1900.0,Nem adta meg a hirdető,,,,,,,,,,,
https://www.zenga.hu/ingatlan/elado-teglalakas-budapest-xvii-kerulet-rakoscsaba-ujtelep/8544450?page=27&pos=18&cr=100,Budapest XVII. kerület eladó téglalakás 5 szobás: 156 millió Ft,156.0,120.0,földszint,5.0,"Budapest XVII. kerület, Rákoscsaba-Újtelep",2025-08-15,Téglalakás,Újszerű,Elektromos,2024.0,A+++,,Van,,,,,,,,,
https://www.zenga.hu/ingatlan/elado-teglalakas-budapest-vii-kerulet/8512787?page=27&pos=19&cr=100,"Budapest VII. kerület eladó téglalakás 2+1 fél szobás: 87,5 millió Ft",87.0,104.0,4. emelet,2.0,Budapest VII. kerület,2025-08-15,Téglalakás,Átlagos,Gázkazán,1910.0,E,,,,,,,,,,,
https://www.zenga.hu/ingatlan/elado-teglalakas-budapest-xiii-kerulet-ujlipotvaros/8607072?page=27&pos=20&cr=100,"Budapest XIII. kerület eladó téglalakás 2 szobás: 88,9 millió Ft",88.0,84.0,4. emelet,2.0,"Budapest XIII. kerület, Újlipótváros",2025-08-15,Téglalakás,Átlagos,Gáz (héra),1895.0,Nem adta meg a hirdető,,,4.0,,,,,,,,
https://www.zenga.hu/ingatlan/elado-panellakas-debrecen-belvaros/8643031?page=28&pos=1&cr=100,Debrecen eladó panellakás 3 szobás: 63 millió Ft,63.0,63.0,7. emelet,3.0,"Debrecen, Belváros, Hajó utca",2025-08-15,Panellakás,Jó állapotú,Távfűtés,1990.0,Nem adta meg a hirdető,,,10.0,4 m²,,,,,,,
https://www.zenga.hu/ingatlan/elado-teglalakas-budapest-ii-kerulet-rezmal/8175307?page=28&pos=2&cr=100,"Budapest II. kerület eladó téglalakás 5 szobás: 421,6 millió Ft",421.0,138.0,2. emelet,5.0,"Budapest II. kerület, Rézmál",2025-08-15,Téglalakás,Új építésű,,,Nem adta meg a hirdető,,,2.0,,,,,,,,
https://www.zenga.hu/ingatlan/elado-teglalakas-budapest-xvii-kerulet-rakoscsaba-ujtelep/8544452?page=28&pos=3&cr=100,Budapest XVII. kerület eladó téglalakás 4 szobás: 144 millió Ft,144.0,120.0,földszint,4.0,"Budapest XVII. kerület, Rákoscsaba-Újtelep",2025-08-15,Téglalakás,Újszerű,Elektromos,2024.0,A+++,,Van,,,,,,,,,
https://www.zenga.hu/ingatlan/elado-teglalakas-budapest-iv-kerulet-megyer/8229152?page=28&pos=4&cr=100,"Budapest IV. kerület eladó téglalakás 4 szobás: 194,9 millió Ft",194.0,87.0,10 felett,4.0,"Budapest IV. kerület, Megyer",2025-08-15,Téglalakás,Újszerű,Házközponti fűtés egyedi méréssel,2020.0,A,,,,,,,,,,,
https://www.zenga.hu/ingatlan/elado-teglalakas-budapest-xvii-kerulet-rakoscsaba-ujtelep/8544451?page=28&pos=5&cr=100,Budapest XVII. kerület eladó téglalakás 4 szobás: 144 millió Ft,144.0,120.0,földszint,4.0,"Budapest XVII. kerület, Rákoscsaba-Újtelep",2025-08-15,Téglalakás,Újszerű,Elektromos,2024.0,A+++,,,,,,,,,,,
https://www.zenga.hu/ingatlan/elado-teglalakas-budapest-xviii-kerulet-miklostelep/8626479?page=28&pos=6&cr=100,Budapest XVIII. kerület eladó téglalakás 1 szobás: 23 millió Ft,23.0,21.0,földszint,1.0,"Budapest XVIII. kerület, Miklóstelep",2025-08-15,Téglalakás,Felújítandó,Elektromos,1980.0,Nem adta meg a hirdető,,,,,,,,,,,
https://www.zenga.hu/ingatlan/elado-panellakas-budapest-viii-kerulet-corvin-negyed/8637614?page=28&pos=7&cr=100,"Budapest VIII. kerület eladó panellakás 2 szobás: 58,9 millió Ft",58.0,45.0,4. emelet,2.0,"Budapest VIII. kerület, Corvin negyed",2025-08-15,Panellakás,Átlagos,Távfűtés egyedi méréssel,1972.0,Nem adta meg a hirdető,,,10.0,5 m²,,,,,,,
https://www.zenga.hu/ingatlan/elado-panellakas-budapest-iv-kerulet-ujpest/8616503?page=28&pos=8&cr=100,"Budapest IV. kerület eladó panellakás 2+1 fél szobás: 67,9 millió Ft",67.0,59.0,9. emelet,2.0,"Budapest IV. kerület, Újpest, Munkásotthon",2025-08-15,Panellakás,Felújított,Távfűtés egyedi méréssel,,D,,,10.0,,,,,,,,
https://www.zenga.hu/ingatlan/elado-teglalakas-budapest-vi-kerulet/8619379?page=28&pos=9&cr=100,Budapest VI. kerület eladó téglalakás 4 szobás: 210 millió Ft,210.0,170.0,3. emelet,4.0,"Budapest VI. kerület, Eötvös utca",2025-08-15,Téglalakás,Újszerű,Gázkazán,1900.0,Nem adta meg a hirdető,,,3.0,,,,,,,,
https://www.zenga.hu/ingatlan/elado-teglalakas-gyongyos/8602886?page=28&pos=10&cr=100,"Gyöngyös eladó téglalakás 3 szobás: 54,9 millió Ft",54.0,67.0,3. emelet,3.0,Gyöngyös,2025-08-15,Téglalakás,Újszerű,Gázkazán,2010.0,Nem adta meg a hirdető,,Nincs,4.0,8 m²,11 000 Ft/hó,,,,,,
https://www.zenga.hu/ingatlan/elado-tarsashazi-lakas-debrecen-postakert/8630028?page=28&pos=11&cr=100,"Debrecen eladó társasházi lakás 3 szobás: 89,9 millió Ft",89.0,53.0,földszint,3.0,"Debrecen, Postakert",2025-08-15,Társasházi lakás,Új építésű,Mennyezeti hűtés-fűtés,2026.0,Nem adta meg a hirdető,,,3.0,,,,13 m²,,,,
https://www.zenga.hu/ingatlan/elado-teglalakas-siofok/8628263?page=28&pos=12&cr=100,"Eladó 2 szobás téglalakás 97,2 millió Ft értékben Siófokon - Akvamarin Lakópark lakóparkban",97.0,47.0,földszint,2.0,"Siófok, Deák Ferenc sétány 43.",2025-08-15,Téglalakás,Új építésű,Hőszivattyú,,A++,,,3.0,"6,3 m²",,2026. április,,,,,
https://www.zenga.hu/ingatlan/elado-tarsashazi-lakas-budapest-xvi-kerulet-cinkota/8625425?page=28&pos=13&cr=100,Budapest XVI. kerület eladó társasházi lakás 3 szobás: 55 millió Ft,55.0,72.0,földszint,3.0,"Budapest XVI. kerület, Cinkota",2025-08-15,Társasházi lakás,Átlagos,Gáz (konvektor),1950.0,Nem adta meg a hirdető,,Nincs,1.0,,15 000 Ft/hó,,4 m²,,,,
https://www.zenga.hu/ingatlan/elado-teglalakas-balatonfured-belvaros/8609534?page=28&pos=14&cr=100,"Balatonfüred eladó téglalakás 2 szobás: 85,5 millió Ft",85.0,55.0,1. emelet,2.0,"Balatonfüred, Belváros",2025-08-15,Téglalakás,Új építésű,Hőszivattyú,2026.0,Nem adta meg a hirdető,,,3.0,26 m²,,,,,,,
https://www.zenga.hu/ingatlan/elado-panellakas-debrecen/8603887?page=28&pos=15&cr=100,"Debrecen eladó panellakás 1 szobás: 46,2 millió Ft",46.0,42.0,1. emelet,1.0,"Debrecen, Alkotmány",2025-08-15,Panellakás,Felújított,Gáz (konvektor),,Nem adta meg a hirdető,,,4.0,4 m²,,,,,,,
https://www.zenga.hu/ingatlan/elado-teglalakas-budapest-xv-kerulet-rakospalota/8521973?page=28&pos=16&cr=100,Budapest XV. kerület eladó téglalakás 2 szobás: 76 millió Ft,76.0,89.0,1. emelet,2.0,"Budapest XV. kerület, Rákospalota",2025-08-15,Téglalakás,Felújított,Gázkazán,1988.0,Nem adta meg a hirdető,,,1.0,12 m²,,,,,,,
https://www.zenga.hu/ingatlan/elado-teglalakas-paks-lakotelep/8458957?page=28&pos=17&cr=100,"Paks eladó téglalakás 4 szobás: 74,9 millió Ft",74.0,82.0,2. emelet,4.0,"Paks, Lakótelep",2025-08-15,Téglalakás,Jó állapotú,Távfűtés,2009.0,Nem adta meg a hirdető,,,2.0,14 m²,25 000 Ft/hó,,,,,,
https://www.zenga.hu/ingatlan/elado-panellakas-paks-lakotelep/8590420?page=28&pos=18&cr=100,"Paks eladó panellakás 1+1 fél szobás: 35,9 millió Ft",35.0,41.0,2. emelet,1.0,"Paks, Lakótelep",2025-08-15,Panellakás,Jó állapotú,Távfűtés,,Nem adta meg a hirdető,,,4.0,"3,5 m²",,,,,,,
https://www.zenga.hu/ingatlan/elado-teglalakas-budapest-xv-kerulet-pestujhely/8587737?page=28&pos=19&cr=100,Budapest XV. kerület eladó téglalakás 1+1 fél szobás: 56 millió Ft,56.0,40.0,2. emelet,1.0,"Budapest XV. kerület, Pestújhely",2025-08-15,Téglalakás,Felújított,Gázkazán,1980.0,E,,Nincs,3.0,,12 000 Ft/hó,,,,,,
https://www.zenga.hu/ingatlan/elado-teglalakas-budapest-xi-kerulet-kelenfold/8549272?page=28&pos=20&cr=100,"Budapest XI. kerület eladó téglalakás 1 szobás: 59,5 millió Ft",59.0,38.0,2. emelet,1.0,"Budapest XI. kerület, Kelenföld, Bartók Béla út",2025-08-15,Téglalakás,Újszerű,Elektromos,,Nem adta meg a hirdető,,,5.0,2 m²,,,,,,,
https://www.zenga.hu/ingatlan/elado-panellakas-budapest-xiv-kerulet-nagyzuglo/8497256?page=29&pos=1&cr=100,"Budapest XIV. kerület eladó panellakás 3 szobás: 74,9 millió Ft",74.0,68.0,2. emelet,3.0,"Budapest XIV. kerület, Nagyzugló",2025-08-15,Panellakás,Felújított,Távfűtés egyedi méréssel,1990.0,B,,,10.0,4 m²,20 000 Ft/hó,,,,,,
https://www.zenga.hu/ingatlan/elado-teglalakas-budapest-xiii-kerulet/8549719?page=29&pos=2&cr=100,"Budapest XIII. kerület eladó téglalakás 3 szobás: 73,08 millió Ft",73.0,59.0,földszint,3.0,Budapest XIII. kerület,2025-08-15,Téglalakás,Felújított,Egyéb,1970.0,D,,,3.0,,28 000 Ft/hó,,,,,,
https://www.zenga.hu/ingatlan/elado-tarsashazi-lakas-gyula/8356636?page=29&pos=3&cr=100,Gyula eladó társasházi lakás 2 szobás: 56 millió Ft,56.0,62.0,földszint,2.0,"Gyula, Varsándi utca 5",2025-08-15,Társasházi lakás,Új építésű,Hőszivattyú,2024.0,A+,,,1.0,,,,,,,,
https://www.zenga.hu/ingatlan/elado-teglalakas-budapest-xii-kerulet/8667116?page=29&pos=4&cr=99,Budapest XII. kerület eladó téglalakás 1 szobás: 62 millió Ft,62.0,30.0,3. emelet,1.0,"Budapest XII. kerület, Kléh István utca",2025-08-15,Téglalakás,Újszerű,Gáz (konvektor),1920.0,Nem adta meg a hirdető,,,3.0,,,,,,,,
https://www.zenga.hu/ingatlan/elado-teglalakas-balatonmariafurdo/8060938?page=29&pos=5&cr=99,"Balatonmáriafürdő eladó téglalakás 2 szobás: 58,03 millió Ft",58.0,44.0,földszint,2.0,Balatonmáriafürdő,2025-08-15,Téglalakás,Új építésű,Hőszivattyú,2026.0,Nem adta meg a hirdető,,Nincs,,,,,15 m²,,,,
https://www.zenga.hu/ingatlan/elado-teglalakas-balatonmariafurdo/8056731?page=29&pos=6&cr=98,"Balatonmáriafürdő eladó téglalakás 1 szobás: 55,26 millió Ft",55.0,30.0,1. emelet,1.0,Balatonmáriafürdő,2025-08-15,Téglalakás,Új építésű,Egyéb,2024.0,Nem adta meg a hirdető,,Nincs,,,,,14 m²,,,,
https://www.zenga.hu/ingatlan/elado-teglalakas-budapest-i-kerulet/8547228?page=29&pos=7&cr=95,"Budapest I. kerület eladó téglalakás 3 szobás: 111,9 millió Ft",111.0,68.0,1. emelet,3.0,"Budapest I. kerület, Attila út 119",2025-08-15,Téglalakás,Felújított,Távfűtés,,D,,,5.0,5 m²,25 000 Ft/hó,,,,,,
https://www.zenga.hu/ingatlan/elado-teglalakas-szeged-felsovaros/8544098?page=29&pos=8&cr=95,"Szeged eladó téglalakás 1+3 fél szobás: 91,8 millió Ft",91.0,75.0,2. emelet,1.0,"Szeged, Felsőváros, Tabán",2025-08-15,Téglalakás,Újszerű,Gázkazán,2008.0,Nem adta meg a hirdető,,Nincs,3.0,7 m²,,,,,,,
https://www.zenga.hu/ingatlan/elado-teglalakas-balatonmariafurdo/8061098?page=29&pos=9&cr=95,"Balatonmáriafürdő eladó téglalakás 3 szobás: 96,35 millió Ft",96.0,62.0,2. emelet,3.0,Balatonmáriafürdő,2025-08-15,Téglalakás,Új építésű,Hőszivattyú,2026.0,Nem adta meg a hirdető,,Nincs,,,,,46 m²,,,,
https://www.zenga.hu/ingatlan/elado-teglalakas-budapest-ii-kerulet-rozsadomb/8666963?page=29&pos=10&cr=95,Budapest II. kerület eladó téglalakás 2 szobás: 136 millió Ft,136.0,66.0,3. emelet,2.0,"Budapest II. kerület, Rózsadomb, Mecset utca 19",2025-08-15,Téglalakás,Felújított,Gázkazán,,C,,,4.0,,,,,,,,
https://www.zenga.hu/ingatlan/elado-teglalakas-tokol-pesti-uti-lakotelep/8666843?page=29&pos=11&cr=95,"Tököl eladó téglalakás 1+2 fél szobás: 45,9 millió Ft",45.0,51.0,4. emelet,1.0,"Tököl, Pesti úti lakótelep, Mátyás király utca 7/c",2025-08-15,Téglalakás,Jó állapotú,Gáz (konvektor),,Nem adta meg a hirdető,,Nincs,4.0,,25 000 Ft/hó,,,,,,
https://www.zenga.hu/ingatlan/elado-tarsashazi-lakas-budapest-xii-kerulet-svabhegy/8659995?page=29&pos=12&cr=95,Budapest XII. kerület eladó társasházi lakás 1+3 fél szobás: 149 millió Ft,149.0,79.0,2. emelet,1.0,"Budapest XII. kerület, Svábhegy",2025-08-15,Társasházi lakás,Jó állapotú,Gázkazán,,B,,,3.0,10 m²,21 000 Ft/hó,,10 m²,,,,
https://www.zenga.hu/ingatlan/elado-teglalakas-pomaz-vorosmarty-lakotelep/8665118?page=29&pos=13&cr=95,Pomáz eladó téglalakás 3 szobás: 98 millió Ft,98.0,76.0,félemelet,3.0,"Pomáz, Vörösmarty-lakótelep",2025-08-15,Téglalakás,Felújított,Gázkazán,1980.0,Nem adta meg a hirdető,,Nincs,2.0,9 m²,,,,,,,
https://www.zenga.hu/ingatlan/elado-teglalakas-budapest-iv-kerulet-ujpest/8637592?page=29&pos=14&cr=95,"Budapest IV. kerület eladó téglalakás 4 szobás: 99,9 millió Ft",99.0,94.0,1. emelet,4.0,"Budapest IV. kerület, Újpest",2025-08-15,Téglalakás,Felújított,Házközponti fűtés egyedi méréssel,2008.0,A+,,,3.0,6 m²,11 000 Ft/hó,,,,,,
https://www.zenga.hu/ingatlan/elado-panellakas-tatabanya-banhidai-lakotelep/8645369?page=29&pos=15&cr=95,"Tatabánya eladó panellakás 2 szobás: 39,75 millió Ft",39.0,53.0,félemelet,2.0,"Tatabánya, Bánhidai lakótelep",2025-08-15,Panellakás,Jó állapotú,Távfűtés,,Nem adta meg a hirdető,,,3.0,4 m²,14 000 Ft/hó,,,,,,
https://www.zenga.hu/ingatlan/elado-teglalakas-budapest-vii-kerulet/8422475?page=29&pos=16&cr=95,"Budapest VII. kerület eladó téglalakás 5+5 fél szobás: 179,86 millió Ft",179.0,122.0,1. emelet,5.0,"Budapest VII. kerület, Erzsébet krt.",2025-08-15,Téglalakás,Felújított,Gázkazán,,Nem adta meg a hirdető,,,5.0,,,,,,,,
https://www.zenga.hu/ingatlan/elado-teglalakas-budapest-xiv-kerulet-herminamezo/8583207?page=29&pos=17&cr=95,"Budapest XIV. kerület eladó téglalakás 2 szobás: 62,5 millió Ft",62.0,50.0,3. emelet,2.0,"Budapest XIV. kerület, Herminamező",2025-08-15,Téglalakás,Átlagos,Gáz (konvektor),,Nem adta meg a hirdető,,,3.0,2 m²,,,,,,,
https://www.zenga.hu/ingatlan/elado-teglalakas-budapest-xi-kerulet-nadorkert/8647195?page=29&pos=18&cr=95,"Budapest XI. kerület eladó téglalakás 3 szobás: 164,99 millió Ft",164.0,77.0,4. emelet,3.0,"Budapest XI. kerület, Nádorkert, Bíró László József körút 2",2025-08-15,Téglalakás,Új építésű,Távfűtés egyedi méréssel,2019.0,D,,Nincs,15.0,16 m²,,,24 m²,,,,
https://www.zenga.hu/ingatlan/elado-teglalakas-budapest-v-kerulet-lipotvaros/8659949?page=29&pos=19&cr=95,"Budapest V. kerület eladó téglalakás 2+1 fél szobás: 185,54 millió Ft",185.0,79.0,4. emelet,2.0,"Budapest V. kerület, Lipótváros, Stollár Béla utca",2025-08-15,Téglalakás,Újszerű,Házközponti,,Nem adta meg a hirdető,,Nincs,6.0,5 m²,,,,,,,
https://www.zenga.hu/ingatlan/elado-egyeb-lakas-szombathely/8255172?page=29&pos=20&cr=95,"Szombathely eladó egyéb lakás 4 szobás: 74,9 millió Ft",74.0,86.0,,4.0,Szombathely,2025-08-15,Egyéb lakás,Új építésű,,2025.0,Nem adta meg a hirdető,,,,,,,,,,,
https://www.zenga.hu/ingatlan/elado-panellakas-budapest-xiii-kerulet-ujlipotvaros/8638384?page=30&pos=1&cr=95,Budapest XIII. kerület eladó panellakás 2 szobás: 55 millió Ft,55.0,44.0,2. emelet,2.0,"Budapest XIII. kerület, Újlipótváros, Váci út 56-58",2025-08-15,Panellakás,Jó állapotú,Távfűtés,1970.0,Nem adta meg a hirdető,,,6.0,,40 000 Ft/hó,,,,,,
https://www.zenga.hu/ingatlan/elado-teglalakas-debrecen/8641236?page=30&pos=2&cr=95,Debrecen eladó téglalakás 1+1 fél szobás: 63 millió Ft,63.0,40.0,földszint,1.0,"Debrecen, Rákóczi utca",2025-08-15,Téglalakás,Felújított,Gáz (konvektor),,Nem adta meg a hirdető,,,1.0,,,,,,,,
https://www.zenga.hu/ingatlan/elado-tarsashazi-lakas-budapest-ii-kerulet-zoldmal/8654461?page=30&pos=3&cr=95,Budapest II. kerület eladó társasházi lakás 3 szobás: 158 millió Ft,158.0,76.0,földszint,3.0,"Budapest II. kerület, Zöldmál",2025-08-15,Társasházi lakás,Felújított,Gázkazán,2000.0,A,,,3.0,,50 000 Ft/hó,,30 m²,,,,
https://www.zenga.hu/ingatlan/elado-teglalakas-eger-hatvanihostya/8654086?page=30&pos=4&cr=95,"Eger eladó téglalakás 3+2 fél szobás: 73,9 millió Ft",73.0,110.0,tetőtér,3.0,"Eger, Hatvanihóstya, Széna tér",2025-08-15,Téglalakás,Felújított,Gázkazán,2005.0,E,,Nincs,3.0,5 m²,15 000 Ft/hó,,,,,,
https://www.zenga.hu/ingatlan/elado-teglalakas-debrecen-belvaros/8644679?page=30&pos=5&cr=95,Debrecen eladó téglalakás 3 szobás: 196 millió Ft,196.0,92.0,2. emelet,3.0,"Debrecen, Belváros",2025-08-15,Téglalakás,Újszerű,Gázkazán,,Nem adta meg a hirdető,,,4.0,15 m²,20 000 Ft/hó,,,,,,
https://www.zenga.hu/ingatlan/elado-teglalakas-budapest-ii-kerulet/8628716?page=30&pos=6&cr=95,"Budapest II. kerület eladó téglalakás 3+2 fél szobás: 207,48 millió Ft",207.0,96.0,3. emelet,3.0,"Budapest II. kerület, Szilagyi Erzsabet fasor 13-15",2025-08-15,Téglalakás,Jó állapotú,Házközponti fűtés egyedi méréssel,,Nem adta meg a hirdető,,,5.0,2 m²,45 000 Ft/hó,,,,,,
https://www.zenga.hu/ingatlan/elado-tarsashazi-lakas-gyor-jancsifalu/8653531?page=30&pos=7&cr=95,"Győr eladó társasházi lakás 2 szobás: 49,9 millió Ft",49.0,65.0,2. emelet,2.0,"Győr, Jancsifalu, Ipar utca 51/C",2025-08-15,Társasházi lakás,Újszerű,Hőszivattyú,2020.0,A++,,,2.0,,,,,,,,
https://www.zenga.hu/ingatlan/elado-panellakas-budapest-x-kerulet-ohegy/8644028?page=30&pos=8&cr=95,Budapest X. kerület eladó panellakás 1+2 fél szobás: 65 millió Ft,65.0,59.0,2. emelet,1.0,,2025-08-15,,,,,,,,,,,,,,,,
https://www.zenga.hu/ingatlan/elado-teglalakas-budapest-xi-kerulet-gazdagret/8552574?page=30&pos=9&cr=95,"Budapest XI. kerület eladó téglalakás 3 szobás: 129,9 millió Ft",129.0,77.0,földszint,3.0,"Budapest XI. kerület, Gazdagrét",2025-08-15,Téglalakás,Jó állapotú,Gázkazán,2002.0,Nem adta meg a hirdető,,Nincs,4.0,12 m²,,,10 m²,,,,
https://www.zenga.hu/ingatlan/elado-tarsashazi-lakas-budapest-xx-kerulet-pesterzsebet/8647593?page=30&pos=10&cr=95,"Budapest XX. kerület eladó társasházi lakás 2 szobás: 83,99 millió Ft",83.0,64.0,2. emelet,2.0,"Budapest XX. kerület, Pesterzsébet, Téglaégető utca 2.",2025-08-15,Társasházi lakás,Felújított,Gázkazán,2004.0,C,,,3.0,,,,,,,,
https://www.zenga.hu/ingatlan/elado-tarsashazi-lakas-budapest-viii-kerulet/8637781?page=30&pos=11&cr=95,"Budapest VIII. kerület eladó társasházi lakás 3 szobás: 79,9 millió Ft",79.0,67.0,6. emelet,3.0,Budapest VIII. kerület,2025-08-15,Társasházi lakás,Felújított,Házközponti fűtés egyedi méréssel,2005.0,Nem adta meg a hirdető,,,8.0,,,,,,,,
https://www.zenga.hu/ingatlan/elado-teglalakas-budapest-ii-kerulet-szemlohegy/8633156?page=30&pos=12&cr=95,"Budapest II. kerület eladó téglalakás 4+1 fél szobás: 259,9 millió Ft",259.0,128.0,2. emelet,4.0,"Budapest II. kerület, Szemlőhegy, 29/B",2025-08-15,Téglalakás,Felújított,Gázkazán,2001.0,D,,,3.0,9 m²,20 000 Ft/hó,,,,,,
https://www.zenga.hu/ingatlan/elado-panellakas-budapest-xi-kerulet/8644664?page=30&pos=13&cr=95,"Budapest XI. kerület eladó panellakás 2+1 fél szobás: 81,8 millió Ft",81.0,48.0,félemelet,2.0,"Budapest XI. kerület, mérnök 32",2025-08-15,Panellakás,Felújított,Távfűtés egyedi méréssel,,C,,,4.0,4 m²,35 000 Ft/hó,,,,,,
https://www.zenga.hu/ingatlan/elado-panellakas-budapest-xiv-kerulet/8644781?page=30&pos=14&cr=95,"Budapest XIV. kerület eladó panellakás 1+1 fél szobás: 64,9 millió Ft",64.0,50.0,2. emelet,1.0,Budapest XIV. kerület,2025-08-15,Panellakás,Felújított,Távfűtés,,Nem adta meg a hirdető,,,10.0,3 m²,,,,,,,
https://www.zenga.hu/ingatlan/elado-teglalakas-budapest-xi-kerulet-kelenfold/8594029?page=30&pos=15&cr=95,"Budapest XI. kerület eladó téglalakás 2 szobás: 89,9 millió Ft",89.0,55.0,4. emelet,2.0,"Budapest XI. kerület, Kelenföld",2025-08-15,Téglalakás,Új építésű,Mennyezeti hűtés-fűtés,2025.0,A+,,,8.0,,10 000 Ft/hó,,16 m²,,,,
https://www.zenga.hu/ingatlan/elado-teglalakas-erd-erdliget/8372204?page=30&pos=16&cr=95,Érd eladó téglalakás 3 szobás: 83 millió Ft,83.0,74.0,1. emelet,3.0,"Érd, Érdliget",2025-08-15,Téglalakás,Felújított,Gázkazán,1980.0,D,,,2.0,6 m²,,,,,,,
https://www.zenga.hu/ingatlan/elado-teglalakas-budapest-xiii-kerulet/8633527?page=30&pos=17&cr=95,"Budapest XIII. kerület eladó téglalakás 1 szobás: 58,4 millió Ft",58.0,27.0,földszint,1.0,"Budapest XIII. kerület, Csángó utca 9",2025-08-15,Téglalakás,Felújított,Gáz (konvektor),1950.0,H,,,4.0,,10 000 Ft/hó,,,,,,
https://www.zenga.hu/ingatlan/elado-tarsashazi-lakas-debrecen-postakert/8447686?page=30&pos=18&cr=95,"Debrecen eladó társasházi lakás 2+2 fél szobás: 96,6 millió Ft",96.0,84.0,1. emelet,2.0,"Debrecen, Postakert, Postakert utca",2025-08-15,Társasházi lakás,Jó állapotú,Gázkazán,2003.0,E,,Nincs,4.0,7 m²,15 000 Ft/hó,,,,,,
https://www.zenga.hu/ingatlan/elado-panellakas-miskolc-diosgyor/8619428?page=30&pos=19&cr=95,Miskolc eladó panellakás 2 szobás: 28 millió Ft,28.0,51.0,3. emelet,2.0,"Miskolc, Diósgyőr",2025-08-15,Panellakás,Jó állapotú,Távfűtés egyedi méréssel,1980.0,Nem adta meg a hirdető,,,10.0,,,,,,,,
https://www.zenga.hu/ingatlan/elado-panellakas-debrecen/8454529?page=30&pos=20&cr=95,"Debrecen eladó panellakás 2+2 fél szobás: 68,9 millió Ft",68.0,69.0,2. emelet,2.0,"Debrecen, Monostor",2025-08-15,Panellakás,Felújított,Házközponti fűtés egyedi méréssel,1974.0,Nem adta meg a hirdető,,,4.0,2 m²,,,,,,,
https://www.zenga.hu/ingatlan/elado-teglalakas-cegled/8563021?page=31&pos=1&cr=95,Cegléd eladó téglalakás 2 szobás: 38 millió Ft,38.0,50.0,2. emelet,2.0,Cegléd,2025-08-15,Téglalakás,Felújított,Gáz (konvektor),,Nem adta meg a hirdető,,Nincs,3.0,3 m²,,,,,,,
https://www.zenga.hu/ingatlan/elado-panellakas-paks/8536183?page=31&pos=2&cr=95,Paks eladó panellakás 2 szobás: 46 millió Ft,46.0,57.0,földszint,2.0,"Paks, Árnyas u.",2025-08-15,Panellakás,Átlagos,Távfűtés,1975.0,C,,,5.0,3 m²,,,,,,,
https://www.zenga.hu/ingatlan/elado-panellakas-budapest-xxi-kerulet-kiralymajor/8668082?page=31&pos=3&cr=91,"Budapest XXI. kerület eladó panellakás 3 szobás: 51,6 millió Ft",51.0,57.0,,3.0,"Budapest XXI. kerület, Királymajor",2025-08-15,Panellakás,Jó állapotú,Távfűtés,1970.0,Nem adta meg a hirdető,,,,,,,,,,,
https://www.zenga.hu/ingatlan/elado-panellakas-budapest-xxi-kerulet-csillagtelep/8664141?page=31&pos=4&cr=91,"Budapest XXI. kerület eladó panellakás 3 szobás: 62,9 millió Ft",62.0,62.0,,3.0,"Budapest XXI. kerület, Csillagtelep",2025-08-15,Panellakás,Jó állapotú,Házközponti fűtés egyedi méréssel,1988.0,Nem adta meg a hirdető,,,,6 m²,,,,,,,
https://www.zenga.hu/ingatlan/elado-panellakas-nyiregyhaza-belvaros/8656792?page=31&pos=5&cr=90,"Nyíregyháza eladó panellakás 2 szobás: 41,7 millió Ft",41.0,53.0,,2.0,"Nyíregyháza, Belváros",2025-08-15,Panellakás,Jó állapotú,Házközponti fűtés egyedi méréssel,1979.0,Nem adta meg a hirdető,,,,6 m²,,,,,,,
https://www.zenga.hu/ingatlan/elado-teglalakas-siofok/8561500?page=31&pos=6&cr=90,Siófok eladó téglalakás 4 szobás: 223 millió Ft,223.0,149.0,3. emelet,4.0,Siófok,2025-08-15,Téglalakás,Újszerű,Hőszivattyú,2018.0,Nem adta meg a hirdető,,,,,,,,,,,
https://www.zenga.hu/ingatlan/elado-teglalakas-vac-belvaros/8318885?page=31&pos=7&cr=90,Vác eladó téglalakás 4+1 fél szobás: 143 millió Ft,143.0,161.0,földszint,4.0,"Vác, Belváros",2025-08-15,Téglalakás,Felújítandó,Egyéb,1888.0,Nem adta meg a hirdető,,,,,,,,,,,
https://www.zenga.hu/ingatlan/elado-teglalakas-nyaregyhaza/8102510?page=31&pos=8&cr=90,"Nyáregyháza eladó téglalakás 4 szobás: 61,5 millió Ft",61.0,91.0,földszint,4.0,Nyáregyháza,2025-08-15,Téglalakás,Új építésű,Hőszivattyú,2024.0,A+,,,,,,,,,,,
https://www.zenga.hu/ingatlan/elado-teglalakas-nyiregyhaza-orokosfold/8487668?page=31&pos=9&cr=90,"Nyíregyháza eladó téglalakás 3 szobás: 53,9 millió Ft",53.0,63.0,2. emelet,3.0,"Nyíregyháza, Örökösföld, Keleti Márton",2025-08-15,Téglalakás,Újszerű,Gázkazán,2012.0,B,,,3.0,3 m²,,,,,,,
https://www.zenga.hu/ingatlan/elado-panellakas-miskolc/8619466?page=31&pos=10&cr=90,"Miskolc eladó panellakás 1+2 fél szobás: 29,99 millió Ft",29.0,55.0,2. emelet,1.0,Miskolc,2025-08-15,Panellakás,Jó állapotú,Távfűtés,1975.0,Nem adta meg a hirdető,,,10.0,3 m²,,,,,,,
https://www.zenga.hu/ingatlan/elado-teglalakas-nyiregyhaza-belvaros/8476769?page=31&pos=11&cr=90,"Nyíregyháza eladó téglalakás 2+1 fél szobás: 45,8 millió Ft",45.0,54.0,3. emelet,2.0,"Nyíregyháza, Belváros, Hunyadi",2025-08-15,Téglalakás,Felújított,Gázkazán,1995.0,B,,,3.0,4 m²,,,,,,,
https://www.zenga.hu/ingatlan/elado-teglalakas-zalakaros/8337599?page=31&pos=12&cr=89,"Zalakaros eladó téglalakás 1+1 fél szobás: 30,9 millió Ft",30.0,30.0,1. emelet,1.0,Zalakaros,2025-08-15,Téglalakás,Újszerű,Házközponti fűtés egyedi méréssel,2002.0,Nem adta meg a hirdető,,,2.0,,,,,,,,
https://www.zenga.hu/ingatlan/elado-egyeb-lakas-sopron/8540754?page=31&pos=13&cr=85,"Sopron eladó egyéb lakás 1 szobás: 39,9 millió Ft",39.0,32.0,földszint,1.0,Sopron,2025-08-15,Egyéb lakás,Új építésű,,2024.0,Nem adta meg a hirdető,,,,,,,,,,,
https://www.zenga.hu/ingatlan/elado-teglalakas-zalaegerszeg-belvaros/8415820?page=31&pos=14&cr=85,Zalaegerszeg eladó téglalakás 4 szobás: 125 millió Ft,125.0,130.0,3. emelet,4.0,"Zalaegerszeg, Belváros",2025-08-15,Téglalakás,Újszerű,Házközponti,2017.0,Nem adta meg a hirdető,,,,,,,,,,,
https://www.zenga.hu/ingatlan/elado-teglalakas-gyor-revfalu/8530872?page=31&pos=15&cr=85,"Győr eladó téglalakás 3 szobás: 72,3 millió Ft",72.0,61.0,,3.0,"Győr, Révfalu",2025-08-15,Téglalakás,Új építésű,Hőszivattyú,2025.0,Nem adta meg a hirdető,,,1.0,,,,,,,,
https://www.zenga.hu/ingatlan/elado-teglalakas-gyor-revfalu/8476360?page=31&pos=16&cr=85,"Győr eladó téglalakás 3 szobás: 92,43 millió Ft",92.0,75.0,,3.0,"Győr, Révfalu",2025-08-15,Téglalakás,Új építésű,Hőszivattyú,2025.0,Nem adta meg a hirdető,,,1.0,,,,,,,,
https://www.zenga.hu/ingatlan/elado-teglalakas-kecskemet/8244929?page=31&pos=17&cr=85,"Eladó 4 szobás téglalakás 88,7 millió Ft értékben Kecskeméten - Live Lakópark lakóparkban",88.0,73.0,1. emelet,4.0,Kecskemét,2025-08-15,Téglalakás,Új építésű,Egyéb,,A++,,,6.0,"4,5 m²",,2025. 1. negyedév,,,,,
https://www.zenga.hu/ingatlan/elado-teglalakas-szeged/8653585?page=31&pos=18&cr=81,"Szeged eladó téglalakás 3 szobás: 74,9 millió Ft",74.0,79.0,1. emelet,3.0,"Szeged, belváros",2025-08-15,Téglalakás,Átlagos,Gázkazán,1995.0,Nem adta meg a hirdető,,,,"3,3 m²",,,"9,4 m²",,,,
https://www.zenga.hu/ingatlan/elado-teglalakas-szeged/8662670?page=31&pos=19&cr=81,"Szeged eladó téglalakás 3+2 fél szobás: 79,9 millió Ft",79.0,123.0,földszint,3.0,"Szeged, Kálvária sugárút",2025-08-15,Téglalakás,Felújítandó,Gázkazán,1840.0,Nem adta meg a hirdető,,,1.0,"4,8 m²",,,,,,,
https://www.zenga.hu/ingatlan/elado-panellakas-szeged/8655413?page=31&pos=20&cr=81,Szeged eladó panellakás 4 szobás: 76 millió Ft,76.0,80.0,2. emelet,4.0,"Szeged, Szent István tér",2025-08-15,Panellakás,Jó állapotú,Távfűtés,1982.0,Nem adta meg a hirdető,,,5.0,3 m²,,,,,,,
https://www.zenga.hu/ingatlan/elado-teglalakas-budapest-xiv-kerulet-alsorakos/8490942?page=32&pos=1&cr=81,"Budapest XIV. kerület eladó téglalakás 3+1 fél szobás: 104,9 millió Ft",104.0,106.0,2. emelet,3.0,"Budapest XIV. kerület, Alsórákos",2025-08-15,Téglalakás,Jó állapotú,Gáz (konvektor),,Nem adta meg a hirdető,,,5.0,4 m²,,,,,,,
https://www.zenga.hu/ingatlan/elado-teglalakas-budapest-xiv-kerulet/8646568?page=32&pos=2&cr=80,"Budapest XIV. kerület eladó téglalakás 2+1 fél szobás: 94,9 millió Ft",94.0,85.0,2. emelet,2.0,Budapest XIV. kerület,2025-08-15,Téglalakás,Felújított,Gázkazán,2000.0,Nem adta meg a hirdető,,,,,,,,,,,
https://www.zenga.hu/ingatlan/elado-teglalakas-nyiregyhaza-josavaros/8639482?page=32&pos=3&cr=80,Nyíregyháza eladó téglalakás 2 szobás: 45 millió Ft,45.0,54.0,1. emelet,2.0,"Nyíregyháza, Jósaváros",2025-08-15,Téglalakás,Felújított,Gázkazán,1977.0,Nem adta meg a hirdető,,,1.0,,,,,,,,
https://www.zenga.hu/ingatlan/elado-teglalakas-budapest-ix-kerulet-belso-ferencvaros/8478237?page=32&pos=4&cr=80,Budapest IX. kerület eladó téglalakás 2 szobás: 24 millió Ft,24.0,42.0,1. emelet,2.0,"Budapest IX. kerület, Belső Ferencváros",2025-08-15,Téglalakás,Átlagos,Gáz (konvektor),1945.0,Nem adta meg a hirdető,,,,,,,,,,,
https://www.zenga.hu/ingatlan/elado-teglalakas-nyiregyhaza-belvaros/8664140?page=32&pos=5&cr=80,"Nyíregyháza eladó téglalakás 2+1 fél szobás: 52,9 millió Ft",52.0,83.0,1. emelet,2.0,"Nyíregyháza, Belváros",2025-08-15,Téglalakás,Jó állapotú,Gázkazán,,C,,,2.0,,,,,,,,
https://www.zenga.hu/ingatlan/elado-teglalakas-siofok-aranypart/8382753?page=32&pos=6&cr=80,"Siófok eladó téglalakás 3 szobás: 83,9 millió Ft",83.0,55.0,,3.0,"Siófok, Aranypart",2025-08-15,Téglalakás,Újszerű,Gázkazán,2008.0,Nem adta meg a hirdető,,,,8 m²,18 700 Ft/hó,,,,,,
https://www.zenga.hu/ingatlan/elado-panellakas-szeged-felsovaros/8665349?page=32&pos=7&cr=80,"Szeged eladó panellakás 2 szobás: 44,5 millió Ft",44.0,55.0,4. emelet,2.0,"Szeged, Felsőváros",2025-08-15,Panellakás,Jó állapotú,Távfűtés,1982.0,F,,,5.0,3 m²,,,,,,,
https://www.zenga.hu/ingatlan/elado-teglalakas-budakeszi/8663013?page=32&pos=8&cr=80,"Budakeszi eladó téglalakás 3 szobás: 86,79 millió Ft",86.0,68.0,1. emelet,3.0,Budakeszi,2025-08-15,Téglalakás,Újszerű,Hőszivattyú,2023.0,Nem adta meg a hirdető,,,,,,,,,,,
https://www.zenga.hu/ingatlan/elado-panellakas-nyiregyhaza/8664201?page=32&pos=9&cr=80,"Nyíregyháza eladó panellakás 2+2 fél szobás: 39,9 millió Ft",39.0,63.0,9. emelet,2.0,Nyíregyháza,2025-08-15,Panellakás,Felújított,Távfűtés egyedi méréssel,,D,,,10.0,,,,,,,,
https://www.zenga.hu/ingatlan/elado-teglalakas-nyiregyhaza-himes/8663838?page=32&pos=10&cr=80,"Nyíregyháza eladó téglalakás 3 szobás: 43,9 millió Ft",43.0,62.0,1. emelet,3.0,"Nyíregyháza, Hímes",2025-08-15,Téglalakás,Jó állapotú,Gázkazán,1988.0,Nem adta meg a hirdető,,,2.0,3 m²,,,,,,,
https://www.zenga.hu/ingatlan/elado-teglalakas-ullo/8640287?page=32&pos=11&cr=80,Üllő eladó téglalakás 2+2 fél szobás: 93 millió Ft,93.0,72.0,földszint,2.0,Üllő,2025-08-15,Téglalakás,Felújított,Gázkazán,2008.0,C,,,,,,,,,,,
https://www.zenga.hu/ingatlan/elado-teglalakas-szekesfehervar-belvaros-es-kornyeke/8638559?page=32&pos=12&cr=80,"Székesfehérvár eladó téglalakás 3 szobás: 62,5 millió Ft",62.0,70.0,1. emelet,3.0,"Székesfehérvár, Belváros",2025-08-15,Téglalakás,Jó állapotú,Gázkazán,,Nem adta meg a hirdető,,,4.0,2 m²,,,,,,,
https://www.zenga.hu/ingatlan/elado-teglalakas-szigetszentmiklos/8607693?page=32&pos=13&cr=80,"Szigetszentmiklós eladó téglalakás 2 szobás: 76,4 millió Ft",76.0,53.0,1. emelet,2.0,Szigetszentmiklós,2025-08-15,Téglalakás,Új építésű,Hőszivattyú,2024.0,Nem adta meg a hirdető,,,,,,,,,,,
https://www.zenga.hu/ingatlan/elado-teglalakas-szeged/8658591?page=32&pos=14&cr=80,"Szeged eladó téglalakás 1+1 fél szobás: 44,9 millió Ft",44.0,47.0,1. emelet,1.0,Szeged,2025-08-15,Téglalakás,Átlagos,Távfűtés,1980.0,Nem adta meg a hirdető,,,10.0,,,,,,,,
https://www.zenga.hu/ingatlan/elado-panellakas-miskolc-belvaros/8656969?page=32&pos=15&cr=80,"Miskolc eladó panellakás 2 szobás: 30,89 millió Ft",30.0,55.0,10. emelet,2.0,"Miskolc, Belváros",2025-08-15,Panellakás,Felújított,Távfűtés,,Nem adta meg a hirdető,,,10.0,3 m²,,,,,,,
https://www.zenga.hu/ingatlan/elado-panellakas-siofok/8428963?page=32&pos=16&cr=80,"Siófok eladó panellakás 3 szobás: 99,9 millió Ft",99.0,63.0,7. emelet,3.0,Siófok,2025-08-15,Panellakás,Újszerű,Hőszivattyú,2020.0,A++,,,,,,,,,,,
https://www.zenga.hu/ingatlan/elado-teglalakas-szeged-belvaros/8613189?page=32&pos=17&cr=80,"Szeged eladó téglalakás 4+1 fél szobás: 84,9 millió Ft",84.0,133.0,2. emelet,4.0,"Szeged, Belváros",2025-08-15,Téglalakás,Átlagos,Gáz (konvektor),1938.0,Nem adta meg a hirdető,,Nincs,,,,,,,,,
https://www.zenga.hu/ingatlan/elado-teglalakas-csorna/8649717?page=32&pos=18&cr=80,"Csorna eladó téglalakás 1+2 fél szobás: 39,5 millió Ft",39.0,71.0,3. emelet,1.0,"Csorna, Központ",2025-08-15,Téglalakás,Átlagos,,1974.0,Nem adta meg a hirdető,,,,2 m²,,,,,,,
https://www.zenga.hu/ingatlan/elado-teglalakas-budapest-x-kerulet/8528775?page=32&pos=19&cr=80,"Budapest X. kerület eladó téglalakás 2 szobás: 54,9 millió Ft",54.0,47.0,földszint,2.0,Budapest X. kerület,2025-08-15,Téglalakás,Jó állapotú,Gáz (konvektor),1930.0,Nem adta meg a hirdető,,,,,,,,,,,
https://www.zenga.hu/ingatlan/elado-panellakas-budapest-iv-kerulet/8636556?page=32&pos=20&cr=80,"Budapest IV. kerület eladó panellakás 2 szobás: 62,5 millió Ft",62.0,54.0,4. emelet,2.0,Budapest IV. kerület,2025-08-15,Panellakás,Jó állapotú,Távfűtés egyedi méréssel,1981.0,A+,,,10.0,4 m²,17 500 Ft/hó,,,,,,
https://www.zenga.hu/ingatlan/elado-teglalakas-szeged-felsovaros/8534462?page=33&pos=1&cr=80,"Szeged eladó téglalakás 3 szobás: 55,9 millió Ft",55.0,72.0,3. emelet,3.0,"Szeged, Felsőváros",2025-08-15,Téglalakás,Felújítandó,Gáz (konvektor),1983.0,Nem adta meg a hirdető,,Nincs,,3 m²,,,,,,,
https://www.zenga.hu/ingatlan/elado-teglalakas-budapest-ix-kerulet-belso-ferencvaros/8323096?page=33&pos=2&cr=80,"Budapest IX. kerület eladó téglalakás 3 szobás: 153,5 millió Ft",153.0,74.0,1. emelet,3.0,"Budapest IX. kerület, Belső Ferencváros",2025-08-15,Téglalakás,Újszerű,Távfűtés egyedi méréssel,,Nem adta meg a hirdető,,,10.0,,,,,,,,
https://www.zenga.hu/ingatlan/elado-panellakas-kecskemet/8548766?page=33&pos=3&cr=80,"Kecskemét eladó panellakás 2 szobás: 45,9 millió Ft",45.0,53.0,2. emelet,2.0,Kecskemét,2025-08-15,Panellakás,Felújítandó,Távfűtés egyedi méréssel,1980.0,Nem adta meg a hirdető,,,,,,,,,,,
https://www.zenga.hu/ingatlan/elado-panellakas-miskolc-belvaros/8636545?page=33&pos=4&cr=80,"Miskolc eladó panellakás 1+2 fél szobás: 37,9 millió Ft",37.0,61.0,10. emelet,1.0,"Miskolc, Belváros, Kis-Hunyad",2025-08-15,Panellakás,Felújított,Távfűtés egyedi méréssel,1978.0,Nem adta meg a hirdető,,Nincs,11.0,3 m²,30 000 Ft/hó,,,,,,
https://www.zenga.hu/ingatlan/elado-teglalakas-nyiregyhaza-belvaros/8633360?page=33&pos=5&cr=80,Nyíregyháza eladó téglalakás 2 szobás: 60 millió Ft,60.0,70.0,félemelet,2.0,"Nyíregyháza, Belváros, Ószőlő utca",2025-08-15,Téglalakás,Jó állapotú,Gázkazán,2003.0,C,,,2.0,,,,,,,,
https://www.zenga.hu/ingatlan/elado-teglalakas-nyiregyhaza-belvaros/8561093?page=33&pos=6&cr=80,"Nyíregyháza eladó téglalakás 3 szobás: 47,9 millió Ft",47.0,72.0,1. emelet,3.0,"Nyíregyháza, Belváros, Belváros közeli",2025-08-15,Téglalakás,Jó állapotú,Gázkazán,1970.0,C,,Nincs,2.0,,,,,,,,
https://www.zenga.hu/ingatlan/elado-teglalakas-nyiregyhaza-belvaros/8599659?page=33&pos=7&cr=80,"Nyíregyháza eladó téglalakás 1+1 fél szobás: 50,4 millió Ft",50.0,53.0,1. emelet,1.0,"Nyíregyháza, Belváros",2025-08-15,Téglalakás,Új építésű,Gázkazán,2025.0,A+,,,3.0,,,,7 m²,,,,
https://www.zenga.hu/ingatlan/elado-teglalakas-budapest-vii-kerulet-nagykoruton-beluli-terulet/8464189?page=33&pos=8&cr=80,"Budapest VII. kerület eladó téglalakás 3 szobás: 129,9 millió Ft",129.0,113.0,1. emelet,3.0,"Budapest VII. kerület, Belső-Erzsébetváros, Akácfa utca 62",2025-08-15,Téglalakás,Felújított,Gázkazán,,D,,,7.0,,,,,,,,
https://www.zenga.hu/ingatlan/elado-panellakas-budapest-xviii-kerulet-havanna-lakotelep/8655093?page=33&pos=9&cr=79,"Budapest XVIII. kerület eladó panellakás 2 szobás: 52,5 millió Ft",52.0,53.0,10. emelet,2.0,"Budapest XVIII. kerület, Havanna lakótelep",2025-08-15,Panellakás,Felújítandó,Távfűtés,1980.0,G,,,,,,,,,,,
https://www.zenga.hu/ingatlan/elado-teglalakas-budapest-xiv-kerulet-kiszuglo/8554668?page=33&pos=10&cr=77,"Budapest XIV. kerület eladó téglalakás 2+1 fél szobás: 98,9 millió Ft",98.0,74.0,földszint,2.0,"Budapest XIV. kerület, Kiszugló, Róna utca",2025-08-15,Téglalakás,Jó állapotú,Gázkazán,1920.0,Nem adta meg a hirdető,,,4.0,,,,,,,,
https://www.zenga.hu/ingatlan/elado-teglalakas-pecs-belvaros/8529193?page=33&pos=11&cr=77,Pécs eladó téglalakás 4 szobás: 67 millió Ft,67.0,89.0,1. emelet,4.0,"Pécs, Belváros",2025-08-15,Téglalakás,Felújított,Gázkazán,1920.0,Nem adta meg a hirdető,,,,,,,,,,,
https://www.zenga.hu/ingatlan/elado-teglalakas-budapest-xx-kerulet/8638120?page=33&pos=12&cr=76,Budapest XX. kerület eladó téglalakás 2 szobás: 56 millió Ft,56.0,55.0,1. emelet,2.0,Budapest XX. kerület,2025-08-15,Téglalakás,Jó állapotú,Gáz (konvektor),1970.0,Nem adta meg a hirdető,,,,5 m²,,,,,,,
https://www.zenga.hu/ingatlan/elado-panellakas-nyiregyhaza-orokosfold/8662492?page=33&pos=13&cr=76,"Nyíregyháza eladó panellakás 2 szobás: 39,9 millió Ft",39.0,51.0,8. emelet,2.0,"Nyíregyháza, Örökösföld, ..",2025-08-15,Panellakás,Felújított,Távfűtés,1980.0,Nem adta meg a hirdető,,,10.0,5 m²,,,,,,,
https://www.zenga.hu/ingatlan/elado-teglalakas-budapest-xvi-kerulet-sashalom/8667215?page=33&pos=14&cr=75,"Budapest XVI. kerület eladó téglalakás 1+3 fél szobás: 92,9 millió Ft",92.0,83.0,2. emelet,1.0,"Budapest XVI. kerület, Sashalom, Kövirózsa utca 2/B",2025-08-15,Téglalakás,Jó állapotú,Gázkazán,,Nem adta meg a hirdető,,,2.0,,,,,,,,
https://www.zenga.hu/ingatlan/elado-panellakas-pecs-kertvaros/8529580?page=33&pos=15&cr=75,"Pécs eladó panellakás 3 szobás: 49,9 millió Ft",49.0,54.0,3. emelet,3.0,"Pécs, Kertváros",2025-08-15,Panellakás,Felújított,Távfűtés egyedi méréssel,1980.0,B,,,,,,,,,,,
https://www.zenga.hu/ingatlan/elado-teglalakas-kecskemet-belvaros/8427901?page=33&pos=16&cr=75,Kecskemét eladó téglalakás 4 szobás: 75 millió Ft,75.0,115.0,1. emelet,4.0,"Kecskemét, Belváros",2025-08-15,Téglalakás,Jó állapotú,Egyéb kazán,1989.0,Nem adta meg a hirdető,,,,,,,,,,,
https://www.zenga.hu/ingatlan/elado-egyeb-lakas-debrecen/8628326?page=33&pos=17&cr=75,"Debrecen eladó egyéb lakás 3 szobás: 77,9 millió Ft",77.0,93.0,2. emelet,3.0,Debrecen,2025-08-15,Egyéb lakás,Felújított,Gázkazán,1970.0,Nem adta meg a hirdető,,,,,,,,,,,
https://www.zenga.hu/ingatlan/elado-teglalakas-cegled/8659992?page=33&pos=18&cr=75,"Cegléd eladó téglalakás 3+1 fél szobás: 77,9 millió Ft",77.0,110.0,földszint,3.0,"Cegléd, Rostély utca",2025-08-15,Téglalakás,Újszerű,Gázkazán,2012.0,B,,Nincs,2.0,5 m²,40 000 Ft/hó,,18 m²,,,,
https://www.zenga.hu/ingatlan/elado-panellakas-mosonmagyarovar-varoskozpont/8658784?page=33&pos=19&cr=75,Mosonmagyaróvár eladó panellakás 3+1 fél szobás: 52 millió Ft,52.0,68.0,4. emelet,3.0,"Mosonmagyaróvár, Városközpont",2025-08-15,Panellakás,Felújított,Távfűtés egyedi méréssel,1989.0,Nem adta meg a hirdető,,,4.0,3 m²,,,,,,,
https://www.zenga.hu/ingatlan/elado-tarsashazi-lakas-budapest-viii-kerulet-corvin-negyed/7896121?page=33&pos=20&cr=75,"Budapest VIII. kerület eladó társasházi lakás 2 szobás: 124,8 millió Ft",124.0,52.0,7. emelet,2.0,"Budapest VIII. kerület, Corvin negyed",2025-08-15,Társasházi lakás,Újszerű,Házközponti,2019.0,A++,,Nincs,10.0,,50 000 Ft/hó,,39 m²,,,,
https://www.zenga.hu/ingatlan/elado-teglalakas-budapest-xiii-kerulet-angyalfold/8667074?page=34&pos=1&cr=75,"Budapest XIII. kerület eladó téglalakás 2 szobás: 89,9 millió Ft",89.0,53.0,6. emelet,2.0,"Budapest XIII. kerület, Angyalföld",2025-08-15,Téglalakás,Felújított,Házközponti fűtés egyedi méréssel,2008.0,Nem adta meg a hirdető,,,6.0,7 m²,,,,,,,
https://www.zenga.hu/ingatlan/elado-tarsashazi-lakas-siofok-sosto/8662373?page=34&pos=2&cr=75,Siófok eladó társasházi lakás 2+1 fél szobás: 80 millió Ft,80.0,65.0,földszint,2.0,"Siófok, Sóstó",2025-08-15,Társasházi lakás,Újszerű,Hőszivattyú,2017.0,C,,Van,3.0,,,,18 m²,,,,
https://www.zenga.hu/ingatlan/elado-tarsashazi-lakas-budapest-xiii-kerulet-angyalfold/8643034?page=34&pos=3&cr=75,"Budapest XIII. kerület eladó társasházi lakás 3 szobás: 99,9 millió Ft",99.0,71.0,2. emelet,3.0,"Budapest XIII. kerület, Angyalföld, Teve utca 9",2025-08-15,Társasházi lakás,Jó állapotú,Házközponti fűtés egyedi méréssel,2001.0,D,,Nincs,6.0,,35 000 Ft/hó,,,,,,
https://www.zenga.hu/ingatlan/elado-egyeb-lakas-szombathely/8641203?page=34&pos=4&cr=75,"Szombathely eladó egyéb lakás 5 szobás: 67,99 millió Ft",67.0,160.0,,5.0,Szombathely,2025-08-15,Egyéb lakás,,,,Nem adta meg a hirdető,,,,,,,,,,,
https://www.zenga.hu/ingatlan/elado-teglalakas-budapest-ix-kerulet/8666598?page=34&pos=5&cr=75,Budapest IX. kerület eladó téglalakás 1 szobás: 160 millió Ft,160.0,71.0,3. emelet,1.0,"Budapest IX. kerület, Tinódi utca",2025-08-15,Téglalakás,Újszerű,Házközponti fűtés egyedi méréssel,,Nem adta meg a hirdető,,,,,,,,,,,
https://www.zenga.hu/ingatlan/elado-teglalakas-dunakeszi-alag/8662470?page=34&pos=6&cr=75,Dunakeszi eladó téglalakás 2+1 fél szobás: 82 millió Ft,82.0,60.0,2. emelet,2.0,"Dunakeszi, Alag",2025-08-15,Téglalakás,Felújított,Gázkazán,,Nem adta meg a hirdető,,,2.0,,15 000 Ft/hó,,,,,,
https://www.zenga.hu/ingatlan/elado-panellakas-budapest-xxi-kerulet-csepel-belvaros/8533418?page=34&pos=7&cr=75,"Budapest XXI. kerület eladó panellakás 1+2 fél szobás: 63,5 millió Ft",63.0,53.0,1. emelet,1.0,"Budapest XXI. kerület, Csepel Belváros, Kossuth Lajos u. 106/B",2025-08-15,Panellakás,Újszerű,Távfűtés,1985.0,A,,,10.0,4 m²,24 000 Ft/hó,,,,,,
https://www.zenga.hu/ingatlan/elado-panellakas-pecs-belvaros/8660016?page=34&pos=8&cr=75,Pécs eladó panellakás 2+1 fél szobás: 62 millió Ft,62.0,57.0,2. emelet,2.0,"Pécs, Belváros",2025-08-15,Panellakás,Felújított,Távfűtés egyedi méréssel,1990.0,C,,Nincs,4.0,,,,,,,,
https://www.zenga.hu/ingatlan/elado-teglalakas-budapest-xix-kerulet-kispest/8665417?page=34&pos=9&cr=75,"Budapest XIX. kerület eladó téglalakás 1 szobás: 32,5 millió Ft",32.0,22.0,földszint,1.0,"Budapest XIX. kerület, Kispest",2025-08-15,Téglalakás,Felújított,Gáz (konvektor),1960.0,Nem adta meg a hirdető,,,1.0,,6 000 Ft/hó,,10 m²,,,,
https://www.zenga.hu/ingatlan/elado-teglalakas-budapest-vii-kerulet-nagykoruton-beluli-terulet/8664124?page=34&pos=10&cr=75,Budapest VII. kerület eladó téglalakás 1+1 fél szobás: 66 millió Ft,66.0,44.0,3. emelet,1.0,"Budapest VII. kerület, Belső-Erzsébetváros",2025-08-15,Téglalakás,Felújított,Gázkazán,1888.0,Nem adta meg a hirdető,,,3.0,,,,,,,,
https://www.zenga.hu/ingatlan/elado-teglalakas-budapest-ix-kerulet-belso-ferencvaros/8645529?page=34&pos=11&cr=75,"Budapest IX. kerület eladó téglalakás 2+1 fél szobás: 88,2 millió Ft",88.0,63.0,1. emelet,2.0,"Budapest IX. kerület, Belső Ferencváros, Lónyay u.",2025-08-15,Téglalakás,Felújítandó,Gáz (konvektor),,Nem adta meg a hirdető,,,7.0,,,,,,,,
https://www.zenga.hu/ingatlan/elado-teglalakas-balatonfoldvar/8665373?page=34&pos=12&cr=75,Balatonföldvár eladó téglalakás 1+1 fél szobás: 45 millió Ft,45.0,32.0,földszint,1.0,Balatonföldvár,2025-08-15,Téglalakás,Jó állapotú,Gáz (konvektor),1950.0,G,,,2.0,,,,20 m²,,,,
https://www.zenga.hu/ingatlan/elado-panellakas-debrecen-ujkert/8658783?page=34&pos=13&cr=75,"Debrecen eladó panellakás 2+1 fél szobás: 62,39 millió Ft",62.0,64.0,10 felett,2.0,"Debrecen, Újkert",2025-08-15,Panellakás,Jó állapotú,Távfűtés egyedi méréssel,1986.0,Nem adta meg a hirdető,,Nincs,14.0,5 m²,13 000 Ft/hó,,,,,,
https://www.zenga.hu/ingatlan/elado-teglalakas-budapest-xiii-kerulet-angyalfold/7670086?page=34&pos=14&cr=75,Budapest XIII. kerület eladó téglalakás 2 szobás: 76 millió Ft,76.0,44.0,4. emelet,2.0,"Budapest XIII. kerület, Angyalföld, Zsinór",2025-08-15,Téglalakás,Jó állapotú,Házközponti fűtés egyedi méréssel,2010.0,Nem adta meg a hirdető,,,5.0,,,,,,,,
https://www.zenga.hu/ingatlan/elado-tarsashazi-lakas-budapest-xxi-kerulet/8478916?page=34&pos=15&cr=75,Budapest XXI. kerület eladó társasházi lakás 4 szobás: 100 millió Ft,100.0,92.0,1. emelet,4.0,"Budapest XXI. kerület, II. Rákóczi Ferenc út 144",2025-08-15,Társasházi lakás,Jó állapotú,Házközponti fűtés egyedi méréssel,2013.0,Nem adta meg a hirdető,,Van,7.0,24 m²,,,,,,,
https://www.zenga.hu/ingatlan/elado-panellakas-budapest-x-kerulet-ujhegy/8646551?page=34&pos=16&cr=75,Budapest X. kerület eladó panellakás 2 szobás: 61 millió Ft,61.0,50.0,5. emelet,2.0,"Budapest X. kerület, Újhegy",2025-08-15,Panellakás,Felújított,Távfűtés,1976.0,C,,,,,,,,,,,
https://www.zenga.hu/ingatlan/elado-teglalakas-szigetszentmiklos/8633189?page=34&pos=17&cr=75,"Szigetszentmiklós eladó téglalakás 2 szobás: 48,9 millió Ft",48.0,52.0,1. emelet,2.0,"Szigetszentmiklós, Deák Ferenc utca 4/a",2025-08-15,Téglalakás,Felújított,Gáz (konvektor),,Nem adta meg a hirdető,,Nincs,3.0,,33 000 Ft/hó,,,,,,
https://www.zenga.hu/ingatlan/elado-teglalakas-budapest-xviii-kerulet-szent-lorinc-telep/8636973?page=34&pos=18&cr=75,Budapest XVIII. kerület eladó téglalakás 2 szobás: 62 millió Ft,62.0,53.0,3. emelet,2.0,"Budapest XVIII. kerület, Szent Lőrinc telep",2025-08-15,Téglalakás,Felújított,Gázkazán,1975.0,F,,Nincs,4.0,4 m²,35 000 Ft/hó,,,,,,
https://www.zenga.hu/ingatlan/elado-teglalakas-budapest-ix-kerulet-kozepso-ferencvaros/8662490?page=34&pos=19&cr=75,"Budapest IX. kerület eladó téglalakás 1+2 fél szobás: 83,3 millió Ft",83.0,49.0,félemelet,1.0,"Budapest IX. kerület, Középső Ferencváros",2025-08-15,Téglalakás,Felújított,Elektromos,,E,,,4.0,,,,,,,,
https://www.zenga.hu/ingatlan/elado-teglalakas-debrecen-sestakert/8660148?page=34&pos=20&cr=75,Debrecen eladó téglalakás 2+1 fél szobás: 73 millió Ft,73.0,65.0,2. emelet,2.0,"Debrecen, Sestakert",2025-08-15,Téglalakás,Jó állapotú,Gázkazán,1970.0,Nem adta meg a hirdető,,,4.0,3 m²,,,,,,,
https://www.zenga.hu/ingatlan/elado-teglalakas-budapest-ii-kerulet/8627510?page=35&pos=1&cr=75,"Budapest II. kerület eladó téglalakás 1+1 fél szobás: 73,5 millió Ft",73.0,49.0,3. emelet,1.0,Budapest II. kerület,2025-08-15,Téglalakás,Jó állapotú,Gáz (konvektor),,Nem adta meg a hirdető,,,3.0,,,,,,,,
https://www.zenga.hu/ingatlan/elado-tarsashazi-lakas-budapest-xx-kerulet-gubacsipuszta/8642788?page=35&pos=2&cr=75,"Budapest XX. kerület eladó társasházi lakás 2 szobás: 85,7 millió Ft",85.0,50.0,földszint,2.0,"Budapest XX. kerület, Gubacsipuszta",2025-08-15,Társasházi lakás,Felújított,Házközponti fűtés egyedi méréssel,2005.0,Nem adta meg a hirdető,,Nincs,5.0,,30 000 Ft/hó,,"11,5 m²",,,,
https://www.zenga.hu/ingatlan/elado-teglalakas-budapest-iv-kerulet-ujpest/8662479?page=35&pos=3&cr=75,"Budapest IV. kerület eladó téglalakás 2 szobás: 57,8 millió Ft",57.0,53.0,4. emelet,2.0,"Budapest IV. kerület, Újpest",2025-08-15,Téglalakás,Felújítandó,Gáz (konvektor),,H,,,4.0,,,,,,,,
https://www.zenga.hu/ingatlan/elado-teglalakas-budapest-xii-kerulet-nemetvolgy/8662712?page=35&pos=4&cr=75,"Budapest XII. kerület eladó téglalakás 2 szobás: 104,9 millió Ft",104.0,56.0,6. emelet,2.0,"Budapest XII. kerület, Németvölgy",2025-08-15,Téglalakás,Felújított,Házközponti,1960.0,F,,,7.0,"0,5 m²",,,,,,,
https://www.zenga.hu/ingatlan/elado-tarsashazi-lakas-vecses-felsohalom/8661452?page=35&pos=5&cr=75,"Vecsés eladó társasházi lakás 4+1 fél szobás: 119,99 millió Ft",119.0,118.0,földszint,4.0,"Vecsés, Felsőhalom",2025-08-15,Társasházi lakás,Újszerű,Gázkazán,2018.0,A+,,Nincs,2.0,,,,12 m²,,,,
https://www.zenga.hu/ingatlan/elado-teglalakas-debrecen-belvaros/8662590?page=35&pos=6&cr=75,"Debrecen eladó téglalakás 2 szobás: 54,9 millió Ft",54.0,55.0,2. emelet,2.0,"Debrecen, Belváros",2025-08-15,Téglalakás,Jó állapotú,Távfűtés,,E,,Nincs,3.0,"1,5 m²",,,,,,,
https://www.zenga.hu/ingatlan/elado-tarsashazi-lakas-budapest-xiii-kerulet-ujlipotvaros/8655901?page=35&pos=7&cr=75,"Budapest XIII. kerület eladó társasházi lakás 3+1 fél szobás: 198,7 millió Ft",198.0,81.0,6. emelet,3.0,"Budapest XIII. kerület, Újlipótváros",2025-08-15,Társasházi lakás,Jó állapotú,Távfűtés egyedi méréssel,,Nem adta meg a hirdető,,,7.0,"4,5 m²",,,,,,,
https://www.zenga.hu/ingatlan/elado-panellakas-kiskunfelegyhaza-petofi-lakotelep/8642674?page=35&pos=8&cr=75,"Kiskunfélegyháza eladó panellakás 2 szobás: 29,9 millió Ft",29.0,50.0,6. emelet,2.0,"Kiskunfélegyháza, Petőfi-lakótelep, Darvas tér 3.",2025-08-15,Panellakás,Jó állapotú,Távfűtés egyedi méréssel,,Nem adta meg a hirdető,,,10.0,,10 000 Ft/hó,,,,,,
https://www.zenga.hu/ingatlan/elado-panellakas-budapest-xiii-kerulet/8616363?page=35&pos=9&cr=75,"Budapest XIII. kerület eladó panellakás 2 szobás: 68,5 millió Ft",68.0,49.0,10. emelet,2.0,Budapest XIII. kerület,2025-08-15,Panellakás,Felújítandó,Távfűtés,,E,,,10.0,4 m²,30 000 Ft/hó,,,,,,
https://www.zenga.hu/ingatlan/elado-tarsashazi-lakas-budapest-viii-kerulet-csarnoknegyed/8660163?page=35&pos=10&cr=75,Budapest VIII. kerület eladó társasházi lakás 2+1 fél szobás: 86 millió Ft,86.0,83.0,3. emelet,2.0,"Budapest VIII. kerület, Csarnoknegyed",2025-08-15,Társasházi lakás,Átlagos,Gázkazán,,Nem adta meg a hirdető,,Nincs,5.0,2 m²,,,,,,,
https://www.zenga.hu/ingatlan/elado-csusztatott-zsalus-lakas-szeged-moravaros/8661468?page=35&pos=11&cr=75,"Szeged eladó csúsztatott zsalus lakás 1+1 fél szobás: 59,9 millió Ft",59.0,51.0,3. emelet,1.0,"Szeged, Móraváros",2025-08-15,Csúsztatott zsalus lakás,Újszerű,Geotermikus,2022.0,A+++,,,4.0,,,,13 m²,,,,
https://www.zenga.hu/ingatlan/elado-teglalakas-budapest-xiii-kerulet/8232228?page=35&pos=12&cr=75,Budapest XIII. kerület eladó téglalakás 1+3 fél szobás: 114 millió Ft,114.0,77.0,1. emelet,1.0,Budapest XIII. kerület,2025-08-15,Téglalakás,Átlagos,Házközponti fűtés egyedi méréssel,2000.0,C,,,5.0,18 m²,45 000 Ft/hó,,,,,,
https://www.zenga.hu/ingatlan/elado-tarsashazi-lakas-budapest-xiii-kerulet-vizafogo/8553458?page=35&pos=13&cr=75,Budapest XIII. kerület eladó társasházi lakás 4 szobás: 159 millió Ft,159.0,92.0,3. emelet,4.0,"Budapest XIII. kerület, Vizafogó, Jakab József utca 15",2025-08-15,Társasházi lakás,Újszerű,Házközponti fűtés egyedi méréssel,2019.0,B,,Nincs,8.0,10 m²,,,10 m²,,,,
https://www.zenga.hu/ingatlan/elado-panellakas-nyiregyhaza/8660166?page=35&pos=14&cr=75,"Nyíregyháza eladó panellakás 2+2 fél szobás: 58,5 millió Ft",58.0,78.0,2. emelet,2.0,Nyíregyháza,2025-08-15,Panellakás,Felújított,Távfűtés egyedi méréssel,1984.0,Nem adta meg a hirdető,,,4.0,2 m²,,,,,,,
https://www.zenga.hu/ingatlan/elado-egyeb-lakas-szombathely/8264118?page=35&pos=15&cr=75,"Szombathely eladó egyéb lakás 3 szobás: 86,73 millió Ft",86.0,86.0,1. emelet,3.0,Szombathely,2025-08-15,Egyéb lakás,Új építésű,,2024.0,Nem adta meg a hirdető,,,,,,,,,,,
https://www.zenga.hu/ingatlan/elado-teglalakas-budapest-xxi-kerulet-csepel-belvaros/8341482?page=35&pos=16&cr=75,"Budapest XXI. kerület eladó téglalakás 2 szobás: 59,8 millió Ft",59.0,57.0,1. emelet,2.0,"Budapest XXI. kerület, Csepel Belváros",2025-08-15,Téglalakás,Átlagos,Távfűtés egyedi méréssel,1950.0,Nem adta meg a hirdető,,,3.0,3 m²,,,,,,,
https://www.zenga.hu/ingatlan/elado-teglalakas-kormend-belvaros/8621713?page=35&pos=17&cr=75,Körmend eladó téglalakás 2 szobás: 29 millió Ft,29.0,55.0,3. emelet,2.0,"Körmend, Belváros",2025-08-15,Téglalakás,Felújított,Távfűtés egyedi méréssel,,Nem adta meg a hirdető,,,5.0,,,,,,,,
https://www.zenga.hu/ingatlan/elado-teglalakas-siofok/8659332?page=35&pos=18&cr=75,Siófok eladó téglalakás 2 szobás: 85 millió Ft,85.0,36.0,4. emelet,2.0,Siófok,2025-08-15,Téglalakás,Felújított,Gázkazán,2006.0,B,,,,,,,,,,,
https://www.zenga.hu/ingatlan/elado-panellakas-budapest-iv-kerulet-kaposztasmegyer/8660030?page=35&pos=19&cr=75,Budapest IV. kerület eladó panellakás 3+1 fél szobás: 95 millió Ft,95.0,80.0,1. emelet,3.0,"Budapest IV. kerület, Káposztásmegyer",2025-08-15,Panellakás,Jó állapotú,Távfűtés,1980.0,Nem adta meg a hirdető,,Nincs,4.0,,,,,,,,
https://www.zenga.hu/ingatlan/elado-panellakas-budapest-xiv-kerulet-alsorakos/8341488?page=35&pos=20&cr=75,"Budapest XIV. kerület eladó panellakás 2 szobás: 59,8 millió Ft",59.0,46.0,4. emelet,2.0,"Budapest XIV. kerület, Alsórákos, Újváros park 4.",2025-08-15,Panellakás,Átlagos,Távfűtés egyedi méréssel,1972.0,Nem adta meg a hirdető,,,10.0,,,,,,,,
https://www.zenga.hu/ingatlan/elado-panellakas-budapest-xi-kerulet-kelenfold/8647309?page=36&pos=1&cr=75,"Budapest XI. kerület eladó panellakás 2 szobás: 78,5 millió Ft",78.0,49.0,1. emelet,2.0,"Budapest XI. kerület, Kelenföld, Etele út 56",2025-08-15,Panellakás,Felújított,Távfűtés egyedi méréssel,,E,,,10.0,3 m²,30 000 Ft/hó,,,,,,
https://www.zenga.hu/ingatlan/elado-teglalakas-budapest-xiv-kerulet-alsorakos/8660064?page=36&pos=2&cr=75,"Budapest XIV. kerület eladó téglalakás 1 szobás: 49,99 millió Ft",49.0,27.0,1. emelet,1.0,"Budapest XIV. kerület, Alsórákos, Rátót utca 11.",2025-08-15,Téglalakás,Jó állapotú,Házközponti fűtés egyedi méréssel,,Nem adta meg a hirdető,,,7.0,3 m²,,,,,,,
https://www.zenga.hu/ingatlan/elado-tarsashazi-lakas-nyiregyhaza-erkert/8658725?page=36&pos=3&cr=75,"Nyíregyháza eladó társasházi lakás 1+1 fél szobás: 47,9 millió Ft",47.0,54.0,2. emelet,1.0,"Nyíregyháza, Érkert",2025-08-15,Társasházi lakás,Felújított,Gáz (konvektor),,CC (2016-2023-as besorolás),,Nincs,1.0,,,,,,,,
https://www.zenga.hu/ingatlan/elado-teglalakas-gyor-belvaros/8658785?page=36&pos=4&cr=75,Győr eladó téglalakás 2 szobás: 76 millió Ft,76.0,55.0,1. emelet,2.0,"Győr, Belváros",2025-08-15,Téglalakás,Jó állapotú,Házközponti fűtés egyedi méréssel,2006.0,Nem adta meg a hirdető,,,5.0,10 m²,25 000 Ft/hó,,,,,,
https://www.zenga.hu/ingatlan/elado-panellakas-gyula/8658786?page=36&pos=5&cr=75,"Gyula eladó panellakás 1 szobás: 21,5 millió Ft",21.0,38.0,földszint,1.0,Gyula,2025-08-15,Panellakás,Felújítandó,Gázkazán,,D,,,4.0,,,,,,,,
https://www.zenga.hu/ingatlan/elado-panellakas-budapest-xxi-kerulet-csepel-belvaros/8658406?page=36&pos=6&cr=75,"Budapest XXI. kerület eladó panellakás 1 szobás: 42,9 millió Ft",42.0,35.0,4. emelet,1.0,"Budapest XXI. kerület, Csepel Belváros, Kiss János Altábornagy utca 21-23.",2025-08-15,Panellakás,Átlagos,Távfűtés egyedi méréssel,1980.0,Nem adta meg a hirdető,,Nincs,6.0,,25 000 Ft/hó,,,,,,
https://www.zenga.hu/ingatlan/elado-panellakas-budapest-xi-kerulet-kelenfold/8658401?page=36&pos=7&cr=75,"Budapest XI. kerület eladó panellakás 2+1 fél szobás: 73,5 millió Ft",73.0,50.0,9. emelet,2.0,"Budapest XI. kerület, Kelenföld, Fehérvári út 101.",2025-08-15,Panellakás,Jó állapotú,Távfűtés egyedi méréssel,1980.0,Nem adta meg a hirdető,,Nincs,9.0,,30 000 Ft/hó,,,,,,
https://www.zenga.hu/ingatlan/elado-tarsashazi-lakas-budapest-viii-kerulet-szazadosnegyed/8657022?page=36&pos=8&cr=75,Budapest VIII. kerület eladó társasházi lakás 3 szobás: 125 millió Ft,125.0,106.0,földszint,3.0,"Budapest VIII. kerület, Századosnegyed",2025-08-15,Társasházi lakás,Felújított,Egyéb kazán,,G,,,1.0,,,,16 m²,,,,
https://www.zenga.hu/ingatlan/elado-panellakas-budapest-iv-kerulet-ujpest/8657375?page=36&pos=9&cr=75,Budapest IV. kerület eladó panellakás 2+1 fél szobás: 80 millió Ft,80.0,71.0,8. emelet,2.0,"Budapest IV. kerület, Újpest, Virág utca 17.",2025-08-15,Panellakás,Felújított,Távfűtés,,Nem adta meg a hirdető,,,10.0,3 m²,70 000 Ft/hó,,,,,,
https://www.zenga.hu/ingatlan/elado-panellakas-nyiregyhaza-orokosfold/8655493?page=36&pos=10&cr=75,"Nyíregyháza eladó panellakás 3+1 fél szobás: 44,8 millió Ft",44.0,77.0,földszint,3.0,"Nyíregyháza, Örökösföld",2025-08-15,Panellakás,Jó állapotú,Távfűtés egyedi méréssel,1983.0,A,,Nincs,4.0,,20 000 Ft/hó,,,,,,
https://www.zenga.hu/ingatlan/elado-panellakas-budapest-iii-kerulet-bekasmegyer/8654251?page=36&pos=11&cr=75,"Budapest III. kerület eladó panellakás 1+2 fél szobás: 59,9 millió Ft",59.0,51.0,4. emelet,1.0,"Budapest III. kerület, Békásmegyer, Zemplén Győző utca 1",2025-08-15,Panellakás,Jó állapotú,Távfűtés,,Nem adta meg a hirdető,,,10.0,,35 000 Ft/hó,,,,,,
https://www.zenga.hu/ingatlan/elado-teglalakas-budapest-vii-kerulet-ligetvaros/8655552?page=36&pos=12&cr=75,Budapest VII. kerület eladó téglalakás 3+1 fél szobás: 109 millió Ft,109.0,101.0,3. emelet,3.0,"Budapest VII. kerület, Ligetváros, István utca 41-43.",2025-08-15,Téglalakás,Felújított,Gázkazán,,Nem adta meg a hirdető,,,5.0,,38 000 Ft/hó,,,,,,
https://www.zenga.hu/ingatlan/elado-teglalakas-budapest-x-kerulet-kobanya/8649074?page=36&pos=13&cr=75,"Budapest X. kerület eladó téglalakás 2 szobás: 63,9 millió Ft",63.0,51.0,2. emelet,2.0,"Budapest X. kerület, Kőbánya",2025-08-15,Téglalakás,Jó állapotú,Gázkazán,2007.0,Nem adta meg a hirdető,,,3.0,5 m²,25 000 Ft/hó,,,,,,
https://www.zenga.hu/ingatlan/elado-teglalakas-vac-alsovaros/8654175?page=36&pos=14&cr=75,Vác eladó téglalakás 2 szobás: 60 millió Ft,60.0,47.0,földszint,2.0,"Vác, Alsóváros, Törökhegyi utca 4",2025-08-15,Téglalakás,Felújított,Gázkazán,1960.0,Nem adta meg a hirdető,,,3.0,,10 000 Ft/hó,,,,,,
https://www.zenga.hu/ingatlan/elado-panellakas-budapest-iii-kerulet-obuda/8654184?page=36&pos=15&cr=75,"Budapest III. kerület eladó panellakás 2 szobás: 68,5 millió Ft",68.0,49.0,2. emelet,2.0,"Budapest III. kerület, Óbuda, Szőlő utca",2025-08-15,Panellakás,Felújított,Távfűtés egyedi méréssel,1970.0,Nem adta meg a hirdető,,Van,10.0,4 m²,25 000 Ft/hó,,,,,,
https://www.zenga.hu/ingatlan/elado-teglalakas-debrecen-nagyerdopark/8654231?page=36&pos=16&cr=75,"Debrecen eladó téglalakás 2 szobás: 74,9 millió Ft",74.0,58.0,2. emelet,2.0,"Debrecen, Nagyerdő, Laktanya utca",2025-08-15,Téglalakás,Újszerű,Gázkazán,2022.0,A+,,,2.0,,15 000 Ft/hó,,17 m²,,,,
https://www.zenga.hu/ingatlan/elado-teglalakas-tapioszecso/8195773?page=36&pos=17&cr=75,"Tápiószecső eladó téglalakás 2 szobás: 34,5 millió Ft",34.0,58.0,1. emelet,2.0,"Tápiószecső, Dózsa György út",2025-08-15,Téglalakás,Átlagos,Gázkazán,,C,,,2.0,,,,,,,,
https://www.zenga.hu/ingatlan/elado-panellakas-pecs/8637341?page=36&pos=18&cr=75,"Pécs eladó panellakás 2 szobás: 41,9 millió Ft",41.0,54.0,földszint,2.0,Pécs,2025-08-15,Panellakás,Jó állapotú,Távfűtés egyedi méréssel,,Nem adta meg a hirdető,,,4.0,,,,,,,,
https://www.zenga.hu/ingatlan/elado-csusztatott-zsalus-lakas-szazhalombatta-deli-lakotelep/8654476?page=36&pos=19&cr=75,Százhalombatta eladó csúsztatott zsalus lakás 5 szobás: 129 millió Ft,129.0,120.0,3. emelet,5.0,"Százhalombatta, Déli lakótelep, Bláthy Ottó utca 12",2025-08-15,Csúsztatott zsalus lakás,Felújított,Házközponti fűtés egyedi méréssel,1991.0,D,,Nincs,4.0,16 m²,,,,,,,
https://www.zenga.hu/ingatlan/elado-panellakas-veszprem/8652040?page=36&pos=20&cr=75,Veszprém eladó panellakás 2 szobás: 48 millió Ft,48.0,54.0,9. emelet,2.0,"Veszprém, Haszkovó utca 14/c",2025-08-15,Panellakás,Felújított,Távfűtés,,Nem adta meg a hirdető,,,10.0,4 m²,40 000 Ft/hó,,,,,,
https://www.zenga.hu/ingatlan/elado-teglalakas-budapest-viii-kerulet/8637046?page=37&pos=1&cr=75,Budapest VIII. kerület eladó téglalakás 4+3 fél szobás: 208 millió Ft,208.0,189.0,földszint,4.0,Budapest VIII. kerület,2025-08-15,Téglalakás,Átlagos,Gázkazán,1889.0,C,,,2.0,,,,,,,,
https://www.zenga.hu/ingatlan/elado-panellakas-fertod-suttor/8644087?page=37&pos=2&cr=75,Fertőd eladó panellakás 2 szobás: 53 millió Ft,53.0,53.0,2. emelet,2.0,"Fertőd, Süttör",2025-08-15,Panellakás,Újszerű,Távfűtés egyedi méréssel,,Nem adta meg a hirdető,,,4.0,,,,,,,,
https://www.zenga.hu/ingatlan/elado-tarsashazi-lakas-siofok-ezustpart/8650080?page=37&pos=3&cr=75,"Siófok eladó társasházi lakás 1+2 fél szobás: 47,9 millió Ft",47.0,57.0,1. emelet,1.0,"Siófok, Ezüstpart, Hársfa utca 19",2025-08-15,Társasházi lakás,Jó állapotú,Elektromos,2000.0,Nem adta meg a hirdető,,,1.0,,,,7 m²,,,,
https://www.zenga.hu/ingatlan/elado-teglalakas-oroszlany/8650218?page=37&pos=4&cr=75,Oroszlány eladó téglalakás 2+1 fél szobás: 31 millió Ft,31.0,58.0,1. emelet,2.0,Oroszlány,2025-08-15,Téglalakás,Jó állapotú,Házközponti fűtés egyedi méréssel,,A+,,,2.0,4 m²,30 000 Ft/hó,,,,,,
https://www.zenga.hu/ingatlan/elado-teglalakas-berhida/8651507?page=37&pos=5&cr=75,Berhida eladó téglalakás 2 szobás: 32 millió Ft,32.0,53.0,1. emelet,2.0,Berhida,2025-08-15,Téglalakás,Felújított,Gáz (konvektor),1980.0,Nem adta meg a hirdető,,,1.0,,,,,,,,
https://www.zenga.hu/ingatlan/elado-teglalakas-budapest-xiv-kerulet-herminamezo/8651784?page=37&pos=6&cr=75,Budapest XIV. kerület eladó téglalakás 1 szobás: 65 millió Ft,65.0,44.0,1. emelet,1.0,"Budapest XIV. kerület, Herminamező",2025-08-15,Téglalakás,Felújított,Elektromos,,F,,,3.0,,18 500 Ft/hó,,,,,,
https://www.zenga.hu/ingatlan/elado-teglalakas-debrecen-belvaros/8650264?page=37&pos=7&cr=75,Debrecen eladó téglalakás 2+1 fél szobás: 99 millió Ft,99.0,65.0,1. emelet,2.0,"Debrecen, Belváros, Vörösmarty utca 19",2025-08-15,Téglalakás,Új építésű,Padlófűtés,2026.0,A,,,5.0,3 m²,,,,,,,
https://www.zenga.hu/ingatlan/elado-teglalakas-budapest-xx-kerulet-pesterzsebet/8641362?page=37&pos=8&cr=75,"Budapest XX. kerület eladó téglalakás 3 szobás: 56,5 millió Ft",56.0,57.0,földszint,3.0,"Budapest XX. kerület, Pesterzsébet",2025-08-15,Téglalakás,Jó állapotú,Gáz (konvektor),1970.0,Nem adta meg a hirdető,,,4.0,,,,,,,,
https://www.zenga.hu/ingatlan/elado-teglalakas-szeged-belvaros/8588254?page=37&pos=9&cr=75,"Szeged eladó téglalakás 2 szobás: 66,5 millió Ft",66.0,77.0,1. emelet,2.0,"Szeged, Belváros, Szentháromság",2025-08-15,Téglalakás,Jó állapotú,Gáz (konvektor),,Nem adta meg a hirdető,,,4.0,,,,,,,,
https://www.zenga.hu/ingatlan/elado-teglalakas-debrecen-hatvan-utcai-kert/8650203?page=37&pos=10&cr=75,Debrecen eladó téglalakás 1 szobás: 88 millió Ft,88.0,55.0,1. emelet,1.0,"Debrecen, Hatvan utcai kert, Gohér utca 30",2025-08-15,Téglalakás,Új építésű,Padlófűtés,2026.0,A+,,,2.0,7 m²,,,,,,,
https://www.zenga.hu/ingatlan/elado-teglalakas-urom/8488782?page=37&pos=11&cr=75,Üröm eladó téglalakás 3 szobás: 110 millió Ft,110.0,98.0,2. emelet,3.0,Üröm,2025-08-15,Téglalakás,Jó állapotú,Gázkazán,,Nem adta meg a hirdető,,,,,,,,,,,
https://www.zenga.hu/ingatlan/elado-panellakas-budapest-xix-kerulet/8540971?page=37&pos=12&cr=75,"Budapest XIX. kerület eladó panellakás 1+2 fél szobás: 58,2 millió Ft",58.0,52.0,9. emelet,1.0,Budapest XIX. kerület,2025-08-15,Panellakás,Jó állapotú,Távfűtés,,Nem adta meg a hirdető,,,10.0,4 m²,27 000 Ft/hó,,,,,,
https://www.zenga.hu/ingatlan/elado-teglalakas-miskolc-komlosteto/8528083?page=37&pos=13&cr=75,"Miskolc eladó téglalakás 2 szobás: 23,99 millió Ft",23.0,52.0,3. emelet,2.0,"Miskolc, Komlóstető, Láditelep ut 9",2025-08-15,Téglalakás,Jó állapotú,Gáz (konvektor),1980.0,Nem adta meg a hirdető,,,4.0,4 m²,25 000 Ft/hó,,,,,,
https://www.zenga.hu/ingatlan/elado-panellakas-budapest-xv-kerulet-ujpalota/8647596?page=37&pos=14&cr=75,"Budapest XV. kerület eladó panellakás 3 szobás: 66,9 millió Ft",66.0,68.0,3. emelet,3.0,"Budapest XV. kerület, Újpalota, Nádastó park 10",2025-08-15,Panellakás,Jó állapotú,Távfűtés,,Nem adta meg a hirdető,,,4.0,1 m²,25 000 Ft/hó,,,,,,
https://www.zenga.hu/ingatlan/elado-teglalakas-budapest-vii-kerulet-nagykoruton-beluli-terulet/7722574?page=37&pos=15&cr=75,"Budapest VII. kerület eladó téglalakás 4 szobás: 98,4 millió Ft",98.0,92.0,1. emelet,4.0,"Budapest VII. kerület, Belső-Erzsébetváros",2025-08-15,Téglalakás,Jó állapotú,Gáz (konvektor),1891.0,B,,Nincs,1.0,,45 000 Ft/hó,,,,,,
https://www.zenga.hu/ingatlan/elado-tarsashazi-lakas-szekszard-bakta/8645298?page=37&pos=16&cr=75,Szekszárd eladó társasházi lakás 3+2 fél szobás: 66 millió Ft,66.0,155.0,földszint,3.0,"Szekszárd, Bakta",2025-08-15,Társasházi lakás,Jó állapotú,Gázkazán,1975.0,Nem adta meg a hirdető,,Nincs,3.0,"7,5 m²",,,,,,,
https://www.zenga.hu/ingatlan/elado-panellakas-budapest-x-kerulet/8634938?page=37&pos=17&cr=75,Budapest X. kerület eladó panellakás 2 szobás: 55 millió Ft,55.0,54.0,2. emelet,2.0,"Budapest X. kerület, Hang utca",2025-08-15,Panellakás,Átlagos,Távfűtés,,B,,Nincs,10.0,4 m²,,,,,,,
https://www.zenga.hu/ingatlan/elado-teglalakas-budapest-vii-kerulet/8480694?page=37&pos=18&cr=75,"Budapest VII. kerület eladó téglalakás 1+1 fél szobás: 74,9 millió Ft",74.0,36.0,3. emelet,1.0,Budapest VII. kerület,2025-08-15,Téglalakás,Újszerű,Gázkazán,,C,,,3.0,,16 200 Ft/hó,,,,,,
https://www.zenga.hu/ingatlan/elado-teglalakas-vac/8645518?page=37&pos=19&cr=75,Vác eladó téglalakás 1 szobás: 55 millió Ft,55.0,37.0,földszint,1.0,"Vác, Márna utca 3",2025-08-15,Téglalakás,Új építésű,Hőszivattyú,2023.0,Nem adta meg a hirdető,,,3.0,,,,12 m²,,,,
https://www.zenga.hu/ingatlan/elado-panellakas-budapest-xv-kerulet-ujpalota/8641634?page=37&pos=20&cr=75,"Budapest XV. kerület eladó panellakás 3 szobás: 68,99 millió Ft",68.0,68.0,9. emelet,3.0,"Budapest XV. kerület, Újpalota, Zsókavár Utca",2025-08-15,Panellakás,Felújított,Távfűtés,,Nem adta meg a hirdető,,,10.0,8 m²,,,,,,,
https://www.zenga.hu/ingatlan/elado-teglalakas-veszprem-belvaros/8644686?page=38&pos=1&cr=75,"Veszprém eladó téglalakás 1+1 fél szobás: 51,9 millió Ft",51.0,41.0,4. emelet,1.0,"Veszprém, Belváros, Cserhát lakótelep",2025-08-15,Téglalakás,Felújított,Távfűtés egyedi méréssel,,Nem adta meg a hirdető,,,4.0,4 m²,,,,,,,
https://www.zenga.hu/ingatlan/elado-csusztatott-zsalus-lakas-gyor-nadorvaros/8644774?page=38&pos=2&cr=75,"Győr eladó csúsztatott zsalus lakás 2+1 fél szobás: 64,9 millió Ft",64.0,55.0,2. emelet,2.0,"Győr, Nádorváros, 32",2025-08-15,Csúsztatott zsalus lakás,Felújított,Távfűtés,,D,,,4.0,5 m²,,,,,,,
https://www.zenga.hu/ingatlan/elado-teglalakas-gyor-revfalu/8507563?page=38&pos=3&cr=75,"Győr eladó téglalakás 3 szobás: 88,47 millió Ft",88.0,57.0,,3.0,"Győr, Révfalu",2025-08-15,Téglalakás,Új építésű,Hőszivattyú,2025.0,A+,,,1.0,,,,,,,,
https://www.zenga.hu/ingatlan/elado-teglalakas-budapest-ii-kerulet-pasaret/8642543?page=38&pos=4&cr=75,Budapest II. kerület eladó téglalakás 2+1 fél szobás: 149 millió Ft,149.0,71.0,3. emelet,2.0,"Budapest II. kerület, Pasarét",2025-08-15,Téglalakás,Felújított,Gázkazán,,Nem adta meg a hirdető,,,3.0,11 m²,,,,,,,
https://www.zenga.hu/ingatlan/elado-teglalakas-polgar/8644006?page=38&pos=5&cr=75,Polgár eladó téglalakás 2 szobás: 33 millió Ft,33.0,66.0,1. emelet,2.0,"Polgár, Virág utca 2. 1/7",2025-08-15,Téglalakás,Felújított,Gázkazán,,Nem adta meg a hirdető,,,4.0,8 m²,,,,,,,
https://www.zenga.hu/ingatlan/elado-teglalakas-szolnok-deli-varosresz/8644082?page=38&pos=6&cr=75,Szolnok eladó téglalakás 2 szobás: 40 millió Ft,40.0,73.0,1. emelet,2.0,"Szolnok, Déli városrész, Gyökér 7",2025-08-15,Téglalakás,Felújított,Gázkazán,,C,,,2.0,8 m²,,,,,,,
https://www.zenga.hu/ingatlan/elado-teglalakas-budapest-vii-kerulet-nagykoruton-beluli-terulet/8643987?page=38&pos=7&cr=75,"Budapest VII. kerület eladó téglalakás 2 szobás: 69,99 millió Ft",69.0,45.0,2. emelet,2.0,"Budapest VII. kerület, Belső-Erzsébetváros, Dob utca 24.",2025-08-15,Téglalakás,Felújított,Hőszivattyú,1950.0,Nem adta meg a hirdető,,Nincs,2.0,,15 000 Ft/hó,,,,,,
https://www.zenga.hu/ingatlan/elado-teglalakas-budapest-ii-kerulet/8643979?page=38&pos=8&cr=75,Budapest II. kerület eladó téglalakás 2 szobás,,64.0,2. emelet,2.0,"Budapest II. kerület, Véka",2025-08-15,Téglalakás,Újszerű,Padlófűtés,2015.0,C,,,3.0,6 m²,,,,,,,
https://www.zenga.hu/ingatlan/elado-teglalakas-budapest-xiii-kerulet-vizafogo/8630213?page=38&pos=9&cr=75,Budapest XIII. kerület eladó téglalakás 3 szobás: 149 millió Ft,149.0,75.0,2. emelet,3.0,"Budapest XIII. kerület, Vizafogó",2025-08-15,Téglalakás,Új építésű,Hőszivattyú,2024.0,AA (2016-2023-as besorolás),,Nincs,9.0,10 m²,,,,,,,
https://www.zenga.hu/ingatlan/elado-panellakas-szeged/8630113?page=38&pos=10&cr=75,"Szeged eladó panellakás 1+2 fél szobás: 49,9 millió Ft",49.0,61.0,9. emelet,1.0,Szeged,2025-08-15,Panellakás,Újszerű,Házközponti fűtés egyedi méréssel,,Nem adta meg a hirdető,,,10.0,4 m²,,,,,,,
https://www.zenga.hu/ingatlan/elado-panellakas-veszprem/8638360?page=38&pos=11&cr=75,Veszprém eladó panellakás 2 szobás: 42 millió Ft,42.0,52.0,1. emelet,2.0,"Veszprém, Haszkovo u",2025-08-15,Panellakás,Átlagos,Távfűtés egyedi méréssel,,A,,,4.0,,,,,,,,
https://www.zenga.hu/ingatlan/elado-tarsashazi-lakas-miskolc-del-kilian/8629976?page=38&pos=12&cr=75,"Miskolc eladó társasházi lakás 1+2 fél szobás: 32,3 millió Ft",32.0,72.0,4. emelet,1.0,"Miskolc, Dél-Kilián, Kandó Kálmán u.",2025-08-15,Társasházi lakás,Átlagos,Gázkazán,,Nem adta meg a hirdető,,,4.0,"4,6 m²",,,,,,,
https://www.zenga.hu/ingatlan/elado-panellakas-pecs-kertvaros/8563026?page=38&pos=13&cr=75,"Pécs eladó panellakás 2 szobás: 41,2 millió Ft",41.0,54.0,3. emelet,2.0,"Pécs, Kertváros",2025-08-15,Panellakás,Jó állapotú,Távfűtés egyedi méréssel,,Nem adta meg a hirdető,,,10.0,4 m²,,,,,,,
https://www.zenga.hu/ingatlan/elado-teglalakas-budapest-xiv-kerulet-herminamezo/8637825?page=38&pos=14&cr=75,Budapest XIV. kerület eladó téglalakás 2 szobás: 89 millió Ft,89.0,65.0,2. emelet,2.0,"Budapest XIV. kerület, Herminamező, Róna utca 185",2025-08-15,Téglalakás,Felújított,Elektromos,,D,,Nincs,3.0,"4,8 m²",25 000 Ft/hó,,,,,,
https://www.zenga.hu/ingatlan/elado-panellakas-budapest-xx-kerulet-pesterzsebet/8637686?page=38&pos=15&cr=75,"Budapest XX. kerület eladó panellakás 1 szobás: 45,9 millió Ft",45.0,40.0,2. emelet,1.0,"Budapest XX. kerület, Pesterzsébet",2025-08-15,Panellakás,Felújított,Gáz (konvektor),,A,,,9.0,,,,,,,,
https://www.zenga.hu/ingatlan/elado-teglalakas-mor/8634725?page=38&pos=16&cr=75,"Mór eladó téglalakás 2 szobás: 42,5 millió Ft",42.0,48.0,1. emelet,2.0,"Mór, Kodály Zoltán utca 25.",2025-08-15,Téglalakás,Jó állapotú,Gázkazán,,D,,,4.0,,12 000 Ft/hó,,,,,,
https://www.zenga.hu/ingatlan/elado-tarsashazi-lakas-mosonmagyarovar-varoskozpont/8636458?page=38&pos=17&cr=75,"Mosonmagyaróvár eladó társasházi lakás 2+1 fél szobás: 56,8 millió Ft",56.0,58.0,földszint,2.0,"Mosonmagyaróvár, Városközpont, Mediterrán lakópark",2025-08-15,Társasházi lakás,Jó állapotú,Gázkazán,2013.0,A+,,Nincs,3.0,,29 000 Ft/hó,,7 m²,,,,
https://www.zenga.hu/ingatlan/elado-tarsashazi-lakas-budapest-xiv-kerulet-alsorakos/8636434?page=38&pos=18&cr=75,Budapest XIV. kerület eladó társasházi lakás 2 szobás: 92 millió Ft,92.0,49.0,2. emelet,2.0,"Budapest XIV. kerület, Alsórákos, Fischer István utca 121",2025-08-15,Társasházi lakás,Új építésű,Házközponti fűtés egyedi méréssel,2021.0,A++,,Van,5.0,7 m²,20 000 Ft/hó,,,,,,
https://www.zenga.hu/ingatlan/elado-panellakas-szekesfehervar-vizivaros/8635845?page=38&pos=19&cr=75,Székesfehérvár eladó panellakás 2 szobás: 56 millió Ft,56.0,52.0,10. emelet,2.0,"Székesfehérvár, Víziváros, József Attila utca 6",2025-08-15,Panellakás,Felújított,Távfűtés egyedi méréssel,1978.0,Nem adta meg a hirdető,,Nincs,10.0,3 m²,20 000 Ft/hó,,,,,,
https://www.zenga.hu/ingatlan/elado-tarsashazi-lakas-budapest-xx-kerulet-pesterzsebet/8635673?page=38&pos=20&cr=75,"Budapest XX. kerület eladó társasházi lakás 2+1 fél szobás: 62,8 millió Ft",62.0,58.0,2. emelet,2.0,"Budapest XX. kerület, Pesterzsébet",2025-08-15,Társasházi lakás,Újszerű,Házközponti fűtés egyedi méréssel,2003.0,Nem adta meg a hirdető,,Nincs,7.0,4 m²,,,,,,,
https://www.zenga.hu/ingatlan/elado-teglalakas-budapest-xiii-kerulet-ujlipotvaros/8666812?page=1&pos=1&cr=601,"Budapest XIII. kerület eladó téglalakás 2 szobás: 84,9 millió Ft",84.9,53.0,53 m²,2.0,"Budapest XIII. kerület, Újlipótváros",2025-08-17,Téglalakás,Felújított,,,,,,5.0,,,,,,,,
https://www.zenga.hu/ingatlan/elado-tarsashazi-lakas-budapest-vi-kerulet-nagykoruton-beluli-terulet/7899058?page=1&pos=4&cr=600,"Budapest VI. kerület eladó társasházi lakás 1+1 fél szobás: 72,72 millió Ft",72.72,45.0,45 m²,1.0,"Budapest VI. kerület, Nagykörúton belüli terület",2025-08-17,Társasházi lakás,Jó állapotú,Gázkazán,,G,,Nincs,3.0,,,,,,,,
https://www.zenga.hu/ingatlan/elado-teglalakas-budapest-xiii-kerulet-vizafogo/8608201?page=1&pos=6&cr=600,Budapest XIII. kerület eladó téglalakás 2 szobás: 159 millió Ft,159.0,66.0,66 m²,2.0,"Budapest XIII. kerület, Vizafogó",2025-08-17,Téglalakás,Újszerű,Mennyezeti hűtés-fűtés,2024.0,A+,,,8.0,12 m²,,,,,,,
https://www.zenga.hu/ingatlan/elado-teglalakas-budapest-viii-kerulet-corvin-negyed/8531175?page=1&pos=7&cr=600,,,,,,,2025-08-17,,,,,,,,,,,,,,,,
https://www.zenga.hu/ingatlan/elado-teglalakas-budapest-vii-kerulet-ligetvaros/8655552?page=1&pos=9&cr=575,,,,,,,2025-08-17,,,,,,,,,,,,,,,,
https://www.zenga.hu/ingatlan/elado-teglalakas-budapest-xiv-kerulet-alsorakos/8654229?page=1&pos=10&cr=550,Budapest XIV. kerület eladó téglalakás 2 szobás: 94 millió Ft,94.0,48.0,48 m²,2.0,"Budapest XIV. kerület, Alsórákos",2025-08-17,Téglalakás,Új építésű,Hőszivattyú,2025.0,A+,,,5.0,22 m²,,,,,,,
https://www.zenga.hu/ingatlan/elado-egyeb-lakas-budapest-viii-kerulet/8635766?page=1&pos=11&cr=519,,,,,,,2025-08-17,,,,,,,,,,,,,,,,
https://www.zenga.hu/ingatlan/elado-teglalakas-budapest-xix-kerulet-wekerletelep/8626302?page=1&pos=12&cr=500,"Budapest XIX. kerület eladó téglalakás 3 szobás: 79,9 millió Ft",79.9,69.0,69 m²,3.0,"Budapest XIX. kerület, Wekerletelep",2025-08-17,Téglalakás,Jó állapotú,Gázkazán,1926.0,D,,,,,,,,,,,
https://www.zenga.hu/ingatlan/elado-teglalakas-budapest-iii-kerulet/8654188?page=1&pos=13&cr=500,Eladó 1 szobás téglalakás Budapest III. kerületben,,,,,,2025-08-17,,,,,,,,,,,,,,,,
https://www.zenga.hu/ingatlan/elado-teglalakas-budapest-iii-kerulet/8655619?page=1&pos=14&cr=500,Budapest III. kerület eladó téglalakás 2 szobás: 170 millió Ft,170.0,105.0,105 m²,2.0,"Budapest III. kerület, Almási Balogh Lóránd",2025-08-17,Téglalakás,Újszerű,Házközponti fűtés egyedi méréssel,2010.0,B,,,3.0,50 m²,,,,,,,
https://www.zenga.hu/ingatlan/elado-teglalakas-budapest-viii-kerulet/8196668?page=1&pos=15&cr=500,Budapest VIII. kerület eladó téglalakás 3 szobás: 90 millió Ft,90.0,109.0,109 m²,3.0,Budapest VIII. kerület,2025-08-17,Téglalakás,Jó állapotú,Gázkazán,1910.0,Nem adta meg a hirdető,,,4.0,,,,,,,,
https://www.zenga.hu/ingatlan/elado-teglalakas-budapest-xix-kerulet/8606996?page=1&pos=16&cr=500,"Eladó 2 szobás téglalakás 67,05 millió Ft értékben Budapest XIX. kerületben - Aerogate Homes lakóparkban",67.05,45.0,45 m²,2.0,"Budapest XIX. kerület, Tompa utca 162119/7 hrsz.",2025-08-17,Téglalakás,Új építésű,Hőszivattyú,,,,,8.0,"8,1 m²",,2027. 2. negyedév,,,,,
https://www.zenga.hu/ingatlan/elado-teglalakas-budapest-xi-kerulet/8398708?page=1&pos=17&cr=451,Budapest XI. kerület eladó téglalakás 3 szobás: 98 millió Ft,98.0,113.0,113 m²,3.0,Budapest XI. kerület,2025-08-17,Téglalakás,Jó állapotú,Gázkazán,1928.0,Nem adta meg a hirdető,,,,,,,,,,,
https://www.zenga.hu/ingatlan/elado-teglalakas-budapest-xiii-kerulet-ujlipotvaros/8414292?page=1&pos=18&cr=401,"Budapest XIII. kerület eladó téglalakás 4 szobás: 116,9 millió Ft",116.9,111.0,111 m²,4.0,"Budapest XIII. kerület, Újlipótváros",2025-08-17,Téglalakás,Felújítandó,Gázkazán,1905.0,G,,,6.0,,,,,,,,
https://www.zenga.hu/ingatlan/elado-teglalakas-budapest-ix-kerulet/8447529?page=1&pos=19&cr=401,"Eladó 3 szobás téglalakás 97,24 millió Ft értékben Budapest IX. kerületben - Parkville Residences lakóparkban",97.24,68.0,68 m²,3.0,Budapest IX. kerület,2025-08-17,Téglalakás,Új építésű,Mennyezeti hűtés-fűtés,,A++,,,10.0,"6,6 m²",,2027. 4. negyedév,,,,,
https://www.zenga.hu/ingatlan/elado-teglalakas-budapest-ix-kerulet/8447550?page=1&pos=20&cr=401,"Eladó 1 szobás téglalakás 58,56 millió Ft értékben Budapest IX. kerületben - Parkville Residences lakóparkban",58.56,36.0,36 m²,1.0,Budapest IX. kerület,2025-08-17,Téglalakás,Új építésű,Mennyezeti hűtés-fűtés,,A++,,,10.0,"6,6 m²",,2027. 4. negyedév,,,,,
https://www.zenga.hu/ingatlan/elado-teglalakas-budapest-ix-kerulet/8447536?page=2&pos=1&cr=401,"Eladó 2 szobás téglalakás 71,08 millió Ft értékben Budapest IX. kerületben - Parkville Residences lakóparkban",71.08,47.0,47 m²,2.0,Budapest IX. kerület,2025-08-17,Téglalakás,Új építésű,Mennyezeti hűtés-fűtés,,A++,,,10.0,"6,2 m²",,2027. 4. negyedév,,,,,
https://www.zenga.hu/ingatlan/elado-teglalakas-budapest-ii-kerulet-budaliget/8442508?page=2&pos=2&cr=400,"Budapest II. kerület eladó téglalakás 5 szobás: 293,49 millió Ft",293.49,115.0,115 m²,5.0,"Budapest II. kerület, Budaliget",2025-08-17,Téglalakás,Új építésű,Hőszivattyú,2025.0,Nem adta meg a hirdető,,,,,,,55 m²,,,,
https://www.zenga.hu/ingatlan/elado-teglalakas-budapest-xvi-kerulet-cinkota/8263303?page=2&pos=3&cr=400,,,,,,,2025-08-17,,,,,,,,,,,,,,,,
https://www.zenga.hu/ingatlan/elado-teglalakas-budapest-ix-kerulet-belso-ferencvaros/8431808?page=2&pos=4&cr=400,"Budapest IX. kerület eladó téglalakás 1 szobás: 73,9 millió Ft",73.9,38.0,38 m²,1.0,"Budapest IX. kerület, Belső Ferencváros",2025-08-17,Téglalakás,Új építésű,Hőszivattyú,2025.0,A++,,,,,,,,,,,
https://www.zenga.hu/ingatlan/elado-teglalakas-budapest-ix-kerulet-belso-ferencvaros/8430367?page=2&pos=5&cr=400,"Budapest IX. kerület eladó téglalakás 1 szobás: 73,9 millió Ft",73.9,39.0,39 m²,1.0,"Budapest IX. kerület, Belső Ferencváros",2025-08-17,Téglalakás,Új építésű,Hőszivattyú,2025.0,A++,,,,,,,,,,,
https://www.zenga.hu/ingatlan/elado-teglalakas-budapest-xiii-kerulet-angyalfold/8563675?page=2&pos=6&cr=400,"Budapest XIII. kerület eladó téglalakás 1+2 fél szobás: 109,5 millió Ft",109.5,68.0,68 m²,1.0,"Budapest XIII. kerület, Angyalföld",2025-08-17,Téglalakás,Jó állapotú,Házközponti fűtés egyedi méréssel,2004.0,Nem adta meg a hirdető,,Nincs,6.0,6 m²,40 000 Ft/hó,,,,,,
https://www.zenga.hu/ingatlan/elado-teglalakas-budapest-x-kerulet-laposdulo/8635968?page=2&pos=7&cr=395,"Budapest X. kerület eladó téglalakás 1+2 fél szobás: 49,99 millió Ft",49.99,47.0,47 m²,1.0,"Budapest X. kerület, Laposdűlő, Gép utca 17",2025-08-17,Téglalakás,Jó állapotú,Gáz (konvektor),,Nem adta meg a hirdető,,,2.0,,25 000 Ft/hó,,,,,,
https://www.zenga.hu/ingatlan/elado-tarsashazi-lakas-budapest-xiii-kerulet-vizafogo/8553458?page=2&pos=8&cr=375,Budapest XIII. kerület eladó társasházi lakás 4 szobás: 159 millió Ft,159.0,92.0,92 m²,4.0,"Budapest XIII. kerület, Vizafogó, Jakab József utca 15",2025-08-17,Társasházi lakás,Újszerű,Házközponti fűtés egyedi méréssel,2019.0,B,,Nincs,8.0,10 m²,,,10 m²,,,,
https://www.zenga.hu/ingatlan/elado-teglalakas-budapest-vii-kerulet/8587195?page=2&pos=9&cr=360,,,,,,,2025-08-17,,,,,,,,,,,,,,,,
https://www.zenga.hu/ingatlan/elado-tarsashazi-lakas-budapest-xiv-kerulet-torokor/8660145?page=2&pos=10&cr=350,"Budapest XIV. kerület eladó társasházi lakás 1+1 fél szobás: 69,5 millió Ft",69.5,46.0,46 m²,1.0,"Budapest XIV. kerület, Törökőr, újvilág utca 35",2025-08-17,Társasházi lakás,Jó állapotú,Gázkazán,2002.0,E,,Nincs,3.0,4 m²,35 000 Ft/hó,,,,,,
https://www.zenga.hu/ingatlan/elado-teglalakas-budapest-xxii-kerulet-baross-gabor-telep/8338676?page=2&pos=11&cr=350,"Budapest XXII. kerület eladó téglalakás 3 szobás: 123,9 millió Ft",123.9,91.0,91 m²,3.0,"Budapest XXII. kerület, Baross Gábor telep",2025-08-17,Téglalakás,Átlagos,Házközponti fűtés egyedi méréssel,2004.0,E,,,4.0,,,,,,,,
https://www.zenga.hu/ingatlan/elado-teglalakas-budapest-viii-kerulet/8523223?page=2&pos=12&cr=350,Eladó 1 szobás téglalakás Budapest VIII. kerületben,,,,,,2025-08-17,,,,,,,,,,,,,,,,
https://www.zenga.hu/ingatlan/elado-teglalakas-budapest-xii-kerulet-svabhegy/8637823?page=2&pos=13&cr=350,,,,,,,2025-08-17,,,,,,,,,,,,,,,,
https://www.zenga.hu/ingatlan/elado-panellakas-budapest-xxi-kerulet-szabotelep/8635901?page=2&pos=14&cr=350,Budapest XXI. kerület eladó panellakás 1+1 fél szobás: 53 millió Ft,53.0,45.0,45 m²,1.0,"Budapest XXI. kerület, Szabótelep, Árpád utca",2025-08-17,Panellakás,Jó állapotú,Távfűtés egyedi méréssel,,Nem adta meg a hirdető,,,1.0,,25 000 Ft/hó,,,,,,
https://www.zenga.hu/ingatlan/elado-teglalakas-debrecen/8449160?page=2&pos=15&cr=350,"Eladó 3 szobás téglalakás 102,8 millió Ft értékben Debrecenben - Epres Liget by Bayer lakóparkban",102.8,92.0,92 m²,3.0,Debrecen,2025-08-17,Téglalakás,Új építésű,Távfűtés,2026.0,Nem adta meg a hirdető,,,4.0,"34,7 m²",,2026. 1. negyedév,,,,,
https://www.zenga.hu/ingatlan/elado-teglalakas-budapest-vi-kerulet/8652739?page=2&pos=16&cr=348,Budapest VI. kerület eladó téglalakás 4 szobás: 264 millió Ft,264.0,147.0,147 m²,4.0,"Budapest VI. kerület, Zichy Jenő utca",2025-08-17,Téglalakás,,Gázkazán,1920.0,Nem adta meg a hirdető,,,,,,,,,,,
https://www.zenga.hu/ingatlan/elado-teglalakas-budapest-vi-kerulet/8651438?page=2&pos=17&cr=348,"Budapest VI. kerület eladó téglalakás 2 szobás: 269,9 millió Ft",,,,,,2025-08-17,,,,,,,,,,,,,,,,
https://www.zenga.hu/ingatlan/elado-teglalakas-budapest-vi-kerulet/8655239?page=2&pos=18&cr=348,"Budapest VI. kerület eladó téglalakás 2 szobás: 69,99 millió Ft",69.99,57.0,57 m²,2.0,"Budapest VI. kerület, Teréz körút",2025-08-17,Téglalakás,,Gáz (konvektor),1910.0,Nem adta meg a hirdető,,,,,,,,,,,
https://www.zenga.hu/ingatlan/elado-teglalakas-budapest-vi-kerulet/8662293?page=2&pos=19&cr=348,"Budapest VI. kerület eladó téglalakás 3 szobás: 94,9 millió Ft",94.9,85.0,85 m²,3.0,Budapest VI. kerület,2025-08-17,Téglalakás,,Gáz (konvektor),1960.0,Nem adta meg a hirdető,,,,,,,,,,,
https://www.zenga.hu/ingatlan/elado-teglalakas-budapest-vi-kerulet/8659804?page=2&pos=20&cr=348,Budapest VI. kerület eladó téglalakás 5 szobás: 225 millió Ft,225.0,150.0,150 m²,5.0,Budapest VI. kerület,2025-08-17,Téglalakás,,Gázkazán,1892.0,Nem adta meg a hirdető,,,,,,,,,,,
https://www.zenga.hu/ingatlan/elado-teglalakas-budapest-vi-kerulet/8654382?page=3&pos=1&cr=348,Budapest VI. kerület eladó téglalakás 2 szobás: 115 millió Ft,115.0,80.0,80 m²,2.0,"Budapest VI. kerület, Podmaniczky utca",2025-08-17,Téglalakás,Újszerű,Gázkazán,1930.0,Nem adta meg a hirdető,,,4.0,4 m²,,,,,,,
https://www.zenga.hu/ingatlan/elado-teglalakas-budapest-vi-kerulet/8659972?page=3&pos=2&cr=348,"Budapest VI. kerület eladó téglalakás 3 szobás: 100,9 millió Ft",100.9,67.0,67 m²,3.0,Budapest VI. kerület,2025-08-17,Téglalakás,Átlagos,Gázkazán,1900.0,Nem adta meg a hirdető,,,5.0,,,,,,,,
https://www.zenga.hu/ingatlan/elado-teglalakas-budapest-vi-kerulet/8652906?page=3&pos=3&cr=348,"Budapest VI. kerület eladó téglalakás 2 szobás: 61,9 millió Ft",61.9,51.0,51 m²,2.0,Budapest VI. kerület,2025-08-17,Téglalakás,Felújítandó,Gáz (konvektor),1930.0,Nem adta meg a hirdető,,,3.0,,,,,,,,
https://www.zenga.hu/ingatlan/elado-teglalakas-budapest-xvi-kerulet-sashalom/8663528?page=3&pos=4&cr=325,"Budapest XVI. kerület eladó téglalakás 2+3 fél szobás: 106,68 millió Ft",106.68,85.0,85 m²,2.0,"Budapest XVI. kerület, Sashalom, Sárgarózsa utca",2025-08-17,Téglalakás,Felújított,Gázkazán,1995.0,F,,Nincs,2.0,7 m²,,,,,,,
https://www.zenga.hu/ingatlan/elado-teglalakas-budapest-xiii-kerulet/8417985?page=3&pos=5&cr=325,"Eladó 3 szobás téglalakás 125,8 millió Ft értékben Budapest XIII. kerületben - Metropol13 4. ütem lakóparkban",125.8,55.0,55 m²,3.0,Budapest XIII. kerület,2025-08-17,Téglalakás,Új építésű,Hőszivattyú,,A+,,,9.0,"23,1 m²",,2025. 4. negyedév,,,,,
https://www.zenga.hu/ingatlan/elado-teglalakas-budapest-i-kerulet/8578776?page=3&pos=6&cr=300,"Budapest I. kerület eladó téglalakás 3 szobás: 112,9 millió Ft",112.9,68.0,68 m²,3.0,Budapest I. kerület,2025-08-17,Téglalakás,Felújított,,1932.0,Nem adta meg a hirdető,,,5.0,,,,,,,,
https://www.zenga.hu/ingatlan/elado-teglalakas-budapest-xi-kerulet-kelenfold/8551508?page=3&pos=7&cr=300,,,,,,,2025-08-17,,,,,,,,,,,,,,,,
https://www.zenga.hu/ingatlan/elado-teglalakas-budapest-xi-kerulet-sasad-sashegy-xi-ker/8662045?page=3&pos=8&cr=300,Budapest XI. kerület eladó téglalakás 4 szobás: 140 millió Ft,140.0,86.0,86 m²,4.0,"Budapest XI. kerület, Sasad-Sashegy XI. ker.",2025-08-17,Téglalakás,Felújított,,,,,,4.0,,,,,,,,
https://www.zenga.hu/ingatlan/elado-teglalakas-budapest-xii-kerulet-orbanhegy/8662419?page=3&pos=9&cr=300,Budapest XII. kerület eladó téglalakás 3 szobás: 97 millió Ft,97.0,54.0,54 m²,3.0,"Budapest XII. kerület, Orbánhegy, Fodor utca",2025-08-17,Téglalakás,Felújított,Elektromos,1970.0,Nem adta meg a hirdető,,Nincs,4.0,5 m²,,,,,,,
https://www.zenga.hu/ingatlan/elado-teglalakas-budapest-v-kerulet/8369090?page=3&pos=10&cr=300,"Budapest V. kerület eladó téglalakás 3 szobás: 179,9 millió Ft",179.9,105.0,105 m²,3.0,Budapest V. kerület,2025-08-17,Téglalakás,,,1950.0,Nem adta meg a hirdető,,,,,,,,,,,
https://www.zenga.hu/ingatlan/elado-csusztatott-zsalus-lakas-budapest-xiv-kerulet/8612857?page=3&pos=11&cr=300,"Budapest XIV. kerület eladó csúsztatott zsalus lakás: 69,9 millió Ft",69.9,53.0,53 m²,1.0,Budapest XIV. kerület,2025-08-17,Csúsztatott zsalus lakás,Jó állapotú,Távfűtés egyedi méréssel,1960.0,Nem adta meg a hirdető,,,1.0,,,,,,,,
https://www.zenga.hu/ingatlan/elado-teglalakas-budapest-xi-kerulet-sasad-sashegy-xi-ker/8613221?page=3&pos=12&cr=300,Eladó 3 szobás téglalakás Budapest XI. kerületben,,,,,,2025-08-17,,,,,,,,,,,,,,,,
https://www.zenga.hu/ingatlan/elado-egyeb-lakas-budapest-xii-kerulet/8575536?page=3&pos=13&cr=300,"Budapest XII. kerület eladó egyéb lakás 3+1 fél szobás: 179,9 millió Ft",179.9,128.0,128 m²,3.0,Budapest XII. kerület,2025-08-17,Egyéb lakás,Átlagos,,1938.0,Nem adta meg a hirdető,,,,,,,,,,,
https://www.zenga.hu/ingatlan/elado-teglalakas-budapest-xi-kerulet-sasad-sashegy-xi-ker/8611678?page=3&pos=14&cr=300,,,,,,,2025-08-17,,,,,,,,,,,,,,,,
https://www.zenga.hu/ingatlan/elado-teglalakas-budapest-ii-kerulet-rezmal/8174214?page=3&pos=15&cr=300,"Budapest II. kerület eladó téglalakás 3 szobás: 266,6 millió Ft",266.6,75.0,75 m²,3.0,"Budapest II. kerület, Rézmál",2025-08-17,Téglalakás,Új építésű,,,Nem adta meg a hirdető,,,1.0,,,,,,,,
https://www.zenga.hu/ingatlan/elado-teglalakas-budapest-ii-kerulet-vizivaros-ii-ker/8619230?page=3&pos=16&cr=300,"Budapest II. kerület eladó téglalakás 1+1 fél szobás: 74,9 millió Ft",74.9,45.0,45 m²,1.0,"Budapest II. kerület, Víziváros II. ker",2025-08-17,Téglalakás,Felújított,Gázkazán,,E,,,6.0,,,,,,,,
https://www.zenga.hu/ingatlan/elado-tarsashazi-lakas-budapest-vii-kerulet/8505022?page=3&pos=18&cr=300,Budapest VII. kerület eladó társasházi lakás 3 szobás: 96 millió Ft,96.0,88.0,88 m²,3.0,Budapest VII. kerület,2025-08-17,Társasházi lakás,Jó állapotú,Gázkazán,2007.0,B,,,4.0,,40 000 Ft/hó,,7 m²,,,,
https://www.zenga.hu/ingatlan/elado-tarsashazi-lakas-budapest-vii-kerulet-nagykoruton-beluli-terulet/8590547?page=3&pos=19&cr=300,Budapest VII. kerület eladó társasházi lakás 1 szobás: 59 millió Ft,59.0,29.0,29 m²,1.0,"Budapest VII. kerület, Belső-Erzsébetváros",2025-08-17,Társasházi lakás,Jó állapotú,Gáz (konvektor),1900.0,Nem adta meg a hirdető,,Nincs,5.0,,,,,,,,
https://www.zenga.hu/ingatlan/elado-teglalakas-budapest-xi-kerulet-sasad-sashegy-xi-ker/8613223?page=3&pos=20&cr=290,Budapest XI. kerület eladó téglalakás 3 szobás: 95 millió Ft,95.0,70.0,70 m²,3.0,"Budapest XI. kerület, Sasad-Sashegy XI. ker.",2025-08-17,Téglalakás,Felújított,Gáz (konvektor),2004.0,Nem adta meg a hirdető,,,,6 m²,,,,,,,
https://www.zenga.hu/ingatlan/elado-teglalakas-budapest-viii-kerulet/8652752?page=4&pos=4&cr=286,Budapest VIII. kerület eladó téglalakás 3 szobás: 79 millió Ft,79.0,66.0,66 m²,3.0,"Budapest VIII. kerület, Nagy Fuvaros utca",2025-08-17,Téglalakás,,Fan coil,1920.0,Nem adta meg a hirdető,,,,,,,,,,,
https://www.zenga.hu/ingatlan/elado-teglalakas-budapest-viii-kerulet/8653408?page=4&pos=5&cr=286,"Budapest VIII. kerület eladó téglalakás 3 szobás: 84,9 millió Ft",84.9,109.0,109 m²,3.0,Budapest VIII. kerület,2025-08-17,Téglalakás,,Cserépkályha,1920.0,Nem adta meg a hirdető,,,,,,,,,,,
https://www.zenga.hu/ingatlan/elado-teglalakas-budapest-viii-kerulet/8661123?page=4&pos=7&cr=286,"Budapest VIII. kerület eladó téglalakás 2 szobás: 70,9 millió Ft",70.9,76.0,76 m²,2.0,Budapest VIII. kerület,2025-08-17,Téglalakás,,,,,,,,,,,,,,,
https://www.zenga.hu/ingatlan/elado-teglalakas-budapest-viii-kerulet/8665086?page=4&pos=8&cr=286,"Budapest VIII. kerület eladó téglalakás 2 szobás: 69,9 millió Ft",69.9,64.0,64 m²,2.0,"Budapest VIII. kerület, Baross utca",2025-08-17,Téglalakás,Jó állapotú,Gázkazán,1898.0,Nem adta meg a hirdető,,,4.0,,,,,,,,
https://www.zenga.hu/ingatlan/elado-teglalakas-budapest-viii-kerulet/8661128?page=4&pos=9&cr=286,"Budapest VIII. kerület eladó téglalakás 4 szobás: 99,9 millió Ft",99.9,92.0,92 m²,4.0,"Budapest VIII. kerület, Fiumei út",2025-08-17,Téglalakás,,Gáz (konvektor),1909.0,Nem adta meg a hirdető,,,,8 m²,,,,,,,
https://www.zenga.hu/ingatlan/elado-teglalakas-budapest-viii-kerulet/8662685?page=4&pos=10&cr=286,"Budapest VIII. kerület eladó téglalakás 3 szobás: 97,01 millió Ft",97.01,84.0,84 m²,3.0,Budapest VIII. kerület,2025-08-17,Téglalakás,Jó állapotú,Gázkazán,1909.0,Nem adta meg a hirdető,,,4.0,,,,,,,,
https://www.zenga.hu/ingatlan/elado-teglalakas-budapest-viii-kerulet/8662050?page=4&pos=11&cr=286,"Budapest VIII. kerület eladó téglalakás 3 szobás: 108,89 millió Ft",108.89,90.0,90 m²,3.0,Budapest VIII. kerület,2025-08-17,Téglalakás,Jó állapotú,Gáz (konvektor),1920.0,Nem adta meg a hirdető,,,4.0,2 m²,,,,,,,
https://www.zenga.hu/ingatlan/elado-teglalakas-budapest-viii-kerulet/8657248?page=4&pos=12&cr=286,"Budapest VIII. kerület eladó téglalakás 4 szobás: 84,9 millió Ft",84.9,94.0,94 m²,4.0,Budapest VIII. kerület,2025-08-17,Téglalakás,Jó állapotú,Gázkazán,1895.0,Nem adta meg a hirdető,,,3.0,,,,,,,,
https://www.zenga.hu/ingatlan/elado-teglalakas-budapest-viii-kerulet/8654391?page=4&pos=13&cr=286,Budapest VIII. kerület eladó téglalakás 1 szobás: 32 millió Ft,32.0,15.0,15 m²,1.0,"Budapest VIII. kerület, Baross utca",2025-08-17,Téglalakás,Újszerű,Egyéb,1950.0,Nem adta meg a hirdető,,,3.0,,,,,,,,
https://www.zenga.hu/ingatlan/elado-teglalakas-budapest-viii-kerulet/8657303?page=4&pos=14&cr=286,"Budapest VIII. kerület eladó téglalakás 2 szobás: 69,9 millió Ft",69.9,76.0,76 m²,2.0,"Budapest VIII. kerület, Berzsenyi utca",2025-08-17,Téglalakás,Átlagos,Gázkazán,1900.0,Nem adta meg a hirdető,,,2.0,,,,,,,,
https://www.zenga.hu/ingatlan/elado-teglalakas-budapest-xiv-kerulet-istvanmezo/8637837?page=4&pos=15&cr=265,Budapest XIV. kerület eladó téglalakás 2 szobás: 63 millió Ft,63.0,60.0,60 m²,2.0,"Budapest XIV. kerület, Istvánmező",2025-08-17,Téglalakás,Átlagos,Gázkazán,1920.0,Nem adta meg a hirdető,,Nincs,,,,,,,,,
https://www.zenga.hu/ingatlan/elado-teglalakas-budapest-xiii-kerulet-angyalfold/8651440?page=4&pos=16&cr=263,"Budapest XIII. kerület eladó téglalakás 2 szobás: 59,9 millió Ft",59.9,50.0,50 m²,2.0,"Budapest XIII. kerület, Angyalföld, József Attila tér",2025-08-17,Téglalakás,,Gázkazán,1950.0,Nem adta meg a hirdető,,,,,,,,,,,
https://www.zenga.hu/ingatlan/elado-teglalakas-budapest-xiii-kerulet-loportardulo/8658039?page=4&pos=17&cr=263,"Budapest XIII. kerület eladó téglalakás 3 szobás: 108,8 millió Ft",108.8,56.0,56 m²,3.0,"Budapest XIII. kerület, Lőportárdűlő",2025-08-17,Téglalakás,,Házközponti fűtés egyedi méréssel,2019.0,Nem adta meg a hirdető,,,,,,,24 m²,,,,
https://www.zenga.hu/ingatlan/elado-teglalakas-budapest-xiii-kerulet-ujlipotvaros/8652792?page=4&pos=18&cr=263,"Budapest XIII. kerület eladó téglalakás 2 szobás: 98,5 millió Ft",98.5,78.0,78 m²,2.0,"Budapest XIII. kerület, Újlipótváros",2025-08-17,Téglalakás,,Gázkazán,1930.0,Nem adta meg a hirdető,,,,,,,,,,,
https://www.zenga.hu/ingatlan/elado-panellakas-budapest-xiii-kerulet-vizafogo/8661809?page=4&pos=19&cr=263,"Budapest XIII. kerület eladó panellakás 3 szobás: 78,9 millió Ft",78.9,59.0,59 m²,3.0,"Budapest XIII. kerület, Vizafogó",2025-08-17,Panellakás,,Távfűtés egyedi méréssel,1975.0,Nem adta meg a hirdető,,,,4 m²,,,,,,,
https://www.zenga.hu/ingatlan/elado-teglalakas-budapest-xiii-kerulet/8659805?page=4&pos=20&cr=263,Budapest XIII. kerület eladó téglalakás 4 szobás: 425 millió Ft,425.0,144.0,144 m²,4.0,"Budapest XIII. kerület, Hajóépítő sétány",2025-08-17,Téglalakás,,Hőszivattyú,2022.0,Nem adta meg a hirdető,,,,,,,85 m²,,,,
https://www.zenga.hu/ingatlan/elado-teglalakas-budapest-xiii-kerulet-loportardulo/8652791?page=5&pos=1&cr=263,"Budapest XIII. kerület eladó téglalakás 2 szobás: 71,9 millió Ft",71.9,37.0,37 m²,2.0,"Budapest XIII. kerület, Lőportárdűlő",2025-08-17,Téglalakás,Új építésű,Hőszivattyú,2025.0,Nem adta meg a hirdető,,,,"5,5 m²",,,,,,,
https://www.zenga.hu/ingatlan/elado-teglalakas-budapest-xiii-kerulet-angyalfold/8661159?page=5&pos=2&cr=263,"Budapest XIII. kerület eladó téglalakás 2 szobás: 69,9 millió Ft",69.9,37.0,37 m²,2.0,"Budapest XIII. kerület, Angyalföld",2025-08-17,Téglalakás,Új építésű,Hőszivattyú,2025.0,Nem adta meg a hirdető,,,,"2,9 m²",,,,,,,
https://www.zenga.hu/ingatlan/elado-teglalakas-budapest-xiii-kerulet/8664895?page=5&pos=3&cr=263,Budapest XIII. kerület eladó téglalakás 1 szobás: 66 millió Ft,66.0,40.0,40 m²,1.0,"Budapest XIII. kerület, Göncz Árpád központ",2025-08-17,Téglalakás,Átlagos,Gázkazán,1960.0,Nem adta meg a hirdető,,,,"1,7 m²",,,,,,,
https://www.zenga.hu/ingatlan/elado-teglalakas-budapest-xiii-kerulet-ujlipotvaros/8659809?page=5&pos=4&cr=263,"Budapest XIII. kerület eladó téglalakás 2 szobás: 89,9 millió Ft",89.9,58.0,58 m²,2.0,"Budapest XIII. kerület, Újlipótváros",2025-08-17,Téglalakás,,Távfűtés,1963.0,Nem adta meg a hirdető,,,,3 m²,,,,,,,
https://www.zenga.hu/ingatlan/elado-teglalakas-budapest-xiii-kerulet/8663340?page=5&pos=5&cr=263,Budapest XIII. kerület eladó téglalakás 4 szobás: 279 millió Ft,279.0,167.0,167 m²,4.0,"Budapest XIII. kerület, Csata utca",2025-08-17,Téglalakás,Újszerű,Elektromos,2008.0,Nem adta meg a hirdető,,,,,,,,,,,
https://www.zenga.hu/ingatlan/elado-teglalakas-budapest-xiii-kerulet/8655430?page=5&pos=6&cr=263,"Budapest XIII. kerület eladó téglalakás 2 szobás: 35,9 millió Ft",35.9,33.0,33 m²,2.0,Budapest XIII. kerület,2025-08-17,Téglalakás,Felújítandó,Elektromos,1930.0,Nem adta meg a hirdető,,,3.0,,,,,,,,
https://www.zenga.hu/ingatlan/elado-teglalakas-budapest-xii-kerulet-istenhegy/8562026?page=5&pos=7&cr=260,"Budapest XII. kerület eladó téglalakás 4 szobás: 144,9 millió Ft",144.9,107.0,107 m²,4.0,"Budapest XII. kerület, Istenhegy",2025-08-17,Téglalakás,,Gázkazán,1985.0,F,,,,"8,5 m²",,,"28,7 m²",,,,
https://www.zenga.hu/ingatlan/elado-panellakas-budapest-iii-kerulet-obuda/8663792?page=5&pos=8&cr=260,,,,,,,2025-08-17,,,,,,,,,,,,,,,,
https://www.zenga.hu/ingatlan/elado-teglalakas-budapest-iv-kerulet-megyer/8586502?page=5&pos=9&cr=258,"Budapest IV. kerület eladó téglalakás 2+1 fél szobás: 61,9 millió Ft",61.9,56.0,56 m²,2.0,"Budapest IV. kerület, Megyer",2025-08-17,Téglalakás,Átlagos,Gáz (konvektor),1975.0,Nem adta meg a hirdető,,,5.0,,,,,,,,
https://www.zenga.hu/ingatlan/elado-teglalakas-budapest-xiv-kerulet-alsorakos/8587364?page=5&pos=10&cr=255,Budapest XIV. kerület eladó téglalakás 2+2 fél szobás: 75 millió Ft,75.0,74.0,74 m²,2.0,"Budapest XIV. kerület, Alsórákos",2025-08-17,Téglalakás,Átlagos,Távfűtés egyedi méréssel,1968.0,E,,Nincs,,7 m²,,,,,,,
https://www.zenga.hu/ingatlan/elado-teglalakas-budapest-xiii-kerulet/8611400?page=5&pos=11&cr=251,"Eladó 3 szobás téglalakás 127,03 millió Ft értékben Budapest XIII. kerületben - Parkside Residence lakóparkban",127.03,63.0,63 m²,3.0,"Budapest XIII. kerület, Visegrádi utca 116.",2025-08-17,Téglalakás,Új építésű,Mennyezeti hűtés-fűtés,,A+,,,8.0,"7,1 m²",,2027. 4. negyedév,,,,,
https://www.zenga.hu/ingatlan/elado-teglalakas-budapest-xiii-kerulet/8611417?page=5&pos=12&cr=251,"Eladó 2 szobás téglalakás 86,48 millió Ft értékben Budapest XIII. kerületben - Parkside Residence lakóparkban",86.48,41.0,41 m²,2.0,"Budapest XIII. kerület, Visegrádi utca 116.",2025-08-17,Téglalakás,Új építésű,Mennyezeti hűtés-fűtés,,A+,,,8.0,"6,1 m²",,2027. 4. negyedév,,,,,
https://www.zenga.hu/ingatlan/elado-teglalakas-budapest-xv-kerulet-rakospalota/8666815?page=5&pos=13&cr=250,"Budapest XV. kerület eladó téglalakás 1 szobás: 31,5 millió Ft",31.5,20.0,20 m²,1.0,"Budapest XV. kerület, Rákospalota",2025-08-17,Téglalakás,Felújított,Elektromos,1930.0,Nem adta meg a hirdető,,,1.0,,18 500 Ft/hó,,,,,,
https://www.zenga.hu/ingatlan/elado-teglalakas-budapest-xi-kerulet/8614552?page=5&pos=14&cr=250,"Eladó 1 szobás téglalakás 68,37 millió Ft értékben Budapest XI. kerületben - Budai Walzer lakóparkban",68.37,33.0,33 m²,,,2025-08-17,,,,,,,,,,,,,,,,
https://www.zenga.hu/ingatlan/elado-teglalakas-budapest-xi-kerulet/8614566?page=5&pos=15&cr=250,,,,,,,2025-08-17,,,,,,,,,,,,,,,,
https://www.zenga.hu/ingatlan/elado-teglalakas-budapest-xi-kerulet/8614716?page=5&pos=16&cr=250,"Eladó 1 szobás téglalakás 55,26 millió Ft értékben Budapest XI. kerületben - Budai Walzer lakóparkban",,,,,,2025-08-17,,,,,,,,,,,,,,,,
https://www.zenga.hu/ingatlan/elado-teglalakas-budapest-xiii-kerulet/8647208?page=5&pos=17&cr=250,Eladó 1 szobás téglalakás 75 millió Ft értékben Budapest XIII. kerületben - OLIVE Club House lakóparkban,75.0,38.0,38 m²,1.0,"Budapest XIII. kerület, Szent László út 106.",2025-08-17,Téglalakás,Új építésű,Mennyezeti hűtés-fűtés,,A++,,,5.0,"5,2 m²",,2027. augusztus,,,,,
https://www.zenga.hu/ingatlan/elado-teglalakas-budapest-xiii-kerulet/8647201?page=5&pos=18&cr=250,"Eladó 2 szobás téglalakás 73,1 millió Ft értékben Budapest XIII. kerületben - OLIVE Club House lakóparkban",73.1,45.0,45 m²,2.0,"Budapest XIII. kerület, Szent László út 106.",2025-08-17,Téglalakás,Új építésű,Mennyezeti hűtés-fűtés,,A++,,,5.0,,,2027. augusztus,,,,,
https://www.zenga.hu/ingatlan/elado-teglalakas-budapest-xiii-kerulet/8647204?page=5&pos=19&cr=250,"Eladó 1 szobás téglalakás 74,1 millió Ft értékben Budapest XIII. kerületben - OLIVE Club House lakóparkban",74.1,42.0,42 m²,1.0,"Budapest XIII. kerület, Szent László út 106.",2025-08-17,Téglalakás,Új építésű,Mennyezeti hűtés-fűtés,,A++,,,5.0,"5,2 m²",,2027. augusztus,,,,,
https://www.zenga.hu/ingatlan/elado-teglalakas-budapest-x-kerulet/8470972?page=5&pos=20&cr=250,"Eladó 2+1 fél szobás téglalakás 89,57 millió Ft értékben Budapest X. kerületben - Somfa Liget Vii. Ütem lakóparkban",89.57,62.0,62 m²,2.0,"Budapest X. kerület, Somfa utca 5/a.",2025-08-17,Téglalakás,Új építésű,Házközponti fűtés egyedi méréssel,,Nem adta meg a hirdető,,,7.0,"34,9 m²",,2024. 1. negyedév,,,,,
https://www.zenga.hu/ingatlan/elado-teglalakas-budapest-viii-kerulet/7958256?page=6&pos=4&cr=250,"Eladó 1 szobás téglalakás 64,95 millió Ft értékben Budapest VIII. kerületben - UNIVERY Lakópark lakóparkban",64.95,29.0,,,,2025-08-17,,,,,,,,,,,,,,,,
https://www.zenga.hu/ingatlan/elado-teglalakas-budapest-xi-kerulet-koerberek/8557632?page=6&pos=6&cr=250,"Eladó 4 szobás téglalakás 153,19 millió Ft értékben Budapest XI. kerületben - Lake11 lakóparkban",153.19,95.0,95 m²,4.0,"Budapest XI. kerület, Kőérberek, Kánai út",2025-08-17,Téglalakás,,,,,,,4.0,,,,,,,,
https://www.zenga.hu/ingatlan/elado-teglalakas-budapest-iv-kerulet/8372241?page=6&pos=8&cr=250,"Eladó 3 szobás téglalakás 133,13 millió Ft értékben Budapest IV. kerületben - Bam Living lakóparkban",133.13,101.0,101 m²,3.0,Budapest IV. kerület,2025-08-17,Téglalakás,Új építésű,Mennyezeti hűtés-fűtés,,AA+ (2016-2023-as besorolás),,,5.0,"96,5 m²",,2026. 4. negyedév,,,,,
https://www.zenga.hu/ingatlan/elado-panellakas-budapest-xv-kerulet-ujpalota/8617890?page=6&pos=9&cr=250,,,,,,,2025-08-17,,,,,,,,,,,,,,,,
https://www.zenga.hu/ingatlan/elado-teglalakas-budapest-iv-kerulet/8367750?page=6&pos=10&cr=250,"Eladó 3 szobás téglalakás 125,87 millió Ft értékben Budapest IV. kerületben - Bam Living lakóparkban",125.87,100.0,100 m²,3.0,Budapest IV. kerület,2025-08-17,Téglalakás,Új építésű,Mennyezeti hűtés-fűtés,,AA+ (2016-2023-as besorolás),,,5.0,"75,3 m²",,2026. 4. negyedév,,,,,
https://www.zenga.hu/ingatlan/elado-teglalakas-budapest-iv-kerulet/8387699?page=6&pos=11&cr=250,"Eladó 2 szobás téglalakás 107,29 millió Ft értékben Budapest IV. kerületben - Bam Living lakóparkban",107.29,76.0,76 m²,2.0,Budapest IV. kerület,2025-08-17,Téglalakás,Új építésű,Mennyezeti hűtés-fűtés,,AA+ (2016-2023-as besorolás),,,5.0,"72,2 m²",,2026. 4. negyedév,,,,,
https://www.zenga.hu/ingatlan/elado-teglalakas-budapest-ix-kerulet/7518172?page=6&pos=12&cr=250,"Eladó 4 szobás téglalakás 159,08 millió Ft értékben Budapest IX. kerületben - Metrodom Green lakóparkban",159.08,82.0,82 m²,4.0,Budapest IX. kerület,2025-08-17,Téglalakás,,,,,,,10.0,,,,,,,,
https://www.zenga.hu/ingatlan/elado-teglalakas-budapest-xix-kerulet/8606967?page=6&pos=13&cr=250,,,,,,,2025-08-17,,,,,,,,,,,,,,,,
https://www.zenga.hu/ingatlan/elado-teglalakas-budapest-vii-kerulet/8602468?page=6&pos=14&cr=250,"Eladó 2 szobás téglalakás 141,35 millió Ft értékben Budapest VII. kerületben - LIGET VILLA - uniques homes by Faedra Group lakóparkban",,,,,,2025-08-17,,,,,,,,,,,,,,,,
https://www.zenga.hu/ingatlan/elado-teglalakas-budapest-vii-kerulet/8602460?page=6&pos=15&cr=250,,,,,,,2025-08-17,,,,,,,,,,,,,,,,
https://www.zenga.hu/ingatlan/elado-teglalakas-budapest-xiv-kerulet/8510409?page=6&pos=16&cr=250,"Eladó 4 szobás téglalakás 132,9 millió Ft értékben Budapest XIV. kerületben - Telepes24 lakóparkban",132.9,82.0,82 m²,4.0,"Budapest XIV. kerület, Telepes utca 24.",2025-08-17,Téglalakás,Új építésű,Házközponti fűtés egyedi méréssel,,Nem adta meg a hirdető,,,4.0,"23,5 m²",,2026. 4. negyedév,,,,,
https://www.zenga.hu/ingatlan/elado-teglalakas-budapest-xiv-kerulet/8510407?page=6&pos=17&cr=250,"Eladó 3 szobás téglalakás 89,9 millió Ft értékben Budapest XIV. kerületben - Telepes24 lakóparkban",89.9,56.0,56 m²,3.0,"Budapest XIV. kerület, Telepes utca 24.",2025-08-17,Téglalakás,Új építésű,Házközponti fűtés egyedi méréssel,,Nem adta meg a hirdető,,,4.0,10 m²,,2026. 4. negyedév,,,,,
https://www.zenga.hu/ingatlan/elado-teglalakas-budapest-xiv-kerulet/8579076?page=6&pos=18&cr=250,"Eladó 3 szobás téglalakás 167,2 millió Ft értékben Budapest XIV. kerületben - Dürer Park lakóparkban",167.2,61.0,61 m²,3.0,"Budapest XIV. kerület, Ajtósi Dürer sor 19-21.",2025-08-17,Téglalakás,Új építésű,Mennyezeti hűtés-fűtés,,A+,,,9.0,"31,6 m²",,2027. május,,,,,
https://www.zenga.hu/ingatlan/elado-teglalakas-budapest-xiv-kerulet/8579069?page=6&pos=19&cr=250,"Eladó 2 szobás téglalakás 129,35 millió Ft értékben Budapest XIV. kerületben - Dürer Park lakóparkban",129.35,50.0,50 m²,2.0,"Budapest XIV. kerület, Ajtósi Dürer sor 19-21.",2025-08-17,Téglalakás,Új építésű,Mennyezeti hűtés-fűtés,,A+,,,9.0,19 m²,,2027. május,,,,,
https://www.zenga.hu/ingatlan/elado-teglalakas-budapest-xv-kerulet/8538099?page=6&pos=20&cr=250,"Eladó 2 szobás téglalakás 63,99 millió Ft értékben Budapest XV. kerületben - Novus Liget Lakópark lakóparkban",63.99,42.0,42 m²,2.0,"Budapest XV. kerület, Kékszilva utca 2.",2025-08-17,Téglalakás,Új építésű,Mennyezeti hűtés-fűtés,,A+,,,3.0,"6,5 m²",,2025. 4. negyedév,,,,,
https://www.zenga.hu/ingatlan/elado-teglalakas-budapest-xiii-kerulet/8570007?page=7&pos=1&cr=250,"Eladó 4 szobás téglalakás 506,97 millió Ft értékben Budapest XIII. kerületben - ART HOUSE lakóparkban",506.97,143.0,143 m²,4.0,"Budapest XIII. kerület, Revész utca 18.",2025-08-17,Téglalakás,Új építésű,Geotermikus,,Nem adta meg a hirdető,,,7.0,"23,2 m²",,2027. szeptember,,,,,
https://www.zenga.hu/ingatlan/elado-teglalakas-budapest-xiii-kerulet/8569998?page=7&pos=2&cr=250,"Eladó 2 szobás téglalakás 111,54 millió Ft értékben Budapest XIII. kerületben - ART HOUSE lakóparkban",111.54,45.0,45 m²,2.0,"Budapest XIII. kerület, Revész utca 18.",2025-08-17,Téglalakás,Új építésű,Geotermikus,,Nem adta meg a hirdető,,,7.0,"8,9 m²",,2027. szeptember,,,,,
https://www.zenga.hu/ingatlan/elado-teglalakas-budapest-xiii-kerulet/7930693?page=7&pos=3&cr=250,"Eladó 2 szobás téglalakás 81,2 millió Ft értékben Budapest XIII. kerületben - Terracotta Clubhouse lakóparkban",81.2,49.0,49 m²,2.0,"Budapest XIII. kerület, Jász utca 56",2025-08-17,Téglalakás,Új építésű,Egyéb,,A++,,,5.0,"10,1 m²",,2025. 3. negyedév,,,,,
https://www.zenga.hu/ingatlan/elado-teglalakas-budapest-xiii-kerulet/7930668?page=7&pos=4&cr=250,"Eladó 2 szobás téglalakás 87,61 millió Ft értékben Budapest XIII. kerületben - Kamilla Club House By Astora lakóparkban",87.61,55.0,55 m²,2.0,"Budapest XIII. kerület, Jász utca 48",2025-08-17,Téglalakás,Új építésű,Egyéb,,A++,,,5.0,15 m²,,2025. 3. negyedév,,,,,
https://www.zenga.hu/ingatlan/elado-teglalakas-budapest-xiii-kerulet/7930669?page=7&pos=5&cr=250,"Eladó 3 szobás téglalakás 101,91 millió Ft értékben Budapest XIII. kerületben - Kamilla Club House By Astora lakóparkban",101.91,73.0,73 m²,3.0,"Budapest XIII. kerület, Jász utca 48",2025-08-17,Téglalakás,Új építésű,Egyéb,,,,,5.0,3 m²,,2025. 3. negyedév,,,,,
https://www.zenga.hu/ingatlan/elado-teglalakas-budapest-xxiii-kerulet/8554200?page=7&pos=6&cr=250,"Eladó 4 szobás téglalakás 266,25 millió Ft értékben Budapest XXIII. kerületben - Vereskő ikerház lakóparkban",266.25,166.0,166 m²,4.0,"Budapest XXIII. kerület, Vereskő utca 4.",2025-08-17,Téglalakás,Új építésű,Hőszivattyú,,A+++,,,2.0,50 m²,,2026. július,,,,,
https://www.zenga.hu/ingatlan/elado-teglalakas-budapest-xxiii-kerulet/8554202?page=7&pos=7&cr=250,"Eladó 5 szobás téglalakás 315,13 millió Ft értékben Budapest XXIII. kerületben - Vereskő ikerház lakóparkban",315.13,192.0,192 m²,5.0,"Budapest XXIII. kerület, Vereskő utca 4.",2025-08-17,Téglalakás,Új építésű,Hőszivattyú,,A+++,,,2.0,70 m²,,2026. július,,,,,
https://www.zenga.hu/ingatlan/elado-teglalakas-budapest-ix-kerulet/8549263?page=7&pos=8&cr=250,Eladó 2 szobás téglalakás 83 millió Ft értékben Budapest IX. kerületben - M76 Projekt lakóparkban,83.0,44.0,44 m²,2.0,"Budapest IX. kerület, Mester utca 76/B",2025-08-17,Téglalakás,Új építésű,Mennyezeti hűtés-fűtés,,A+,,,7.0,"4,2 m²",,2026. 3. negyedév,,,,,
https://www.zenga.hu/ingatlan/elado-teglalakas-budapest-ix-kerulet/8539346?page=7&pos=9&cr=250,"Eladó 4 szobás téglalakás 202,85 millió Ft értékben Budapest IX. kerületben - M76 Projekt lakóparkban",202.85,95.0,95 m²,4.0,"Budapest IX. kerület, Mester utca 76/B",2025-08-17,Téglalakás,Új építésű,Mennyezeti hűtés-fűtés,,A+,,,7.0,"26,7 m²",,2026. 3. negyedév,,,,,
https://www.zenga.hu/ingatlan/elado-teglalakas-budapest-vi-kerulet/8526456?page=7&pos=10&cr=250,"Eladó 3 szobás téglalakás 129,5 millió Ft értékben Budapest VI. kerületben - J10 Residence lakóparkban",129.5,67.0,67 m²,3.0,"Budapest VI. kerület, Jókai utca 10.",2025-08-17,Téglalakás,Új építésű,Hőszivattyú,,A+++,,,4.0,,,2026. 3. negyedév,,,,,
https://www.zenga.hu/ingatlan/elado-teglalakas-budapest-vi-kerulet/8526454?page=7&pos=11&cr=250,"Eladó 2 szobás téglalakás 92,3 millió Ft értékben Budapest VI. kerületben - J10 Residence lakóparkban",92.3,46.0,46 m²,2.0,"Budapest VI. kerület, Jókai utca 10.",2025-08-17,Téglalakás,Új építésű,Hőszivattyú,,A+++,,,4.0,,,2026. 3. negyedév,,,,,
https://www.zenga.hu/ingatlan/elado-teglalakas-budapest-xiii-kerulet/7900464?page=7&pos=12&cr=250,"Eladó 3 szobás téglalakás 95,97 millió Ft értékben Budapest XIII. kerületben - River Life lakóparkban",95.97,57.0,57 m²,3.0,"Budapest XIII. kerület, Népfürdő utca 47.",2025-08-17,Téglalakás,Új építésű,Egyéb,2026.0,AA+ (2016-2023-as besorolás),,,8.0,"9,1 m²",,2024. 4. negyedév,,,,,
https://www.zenga.hu/ingatlan/elado-teglalakas-budapest-xiii-kerulet/7900457?page=7&pos=13&cr=250,"Eladó 4 szobás téglalakás 94,58 millió Ft értékben Budapest XIII. kerületben - River Life lakóparkban",94.58,64.0,64 m²,4.0,"Budapest XIII. kerület, Népfürdő utca 47.",2025-08-17,Téglalakás,Új építésű,Egyéb,2026.0,AA+ (2016-2023-as besorolás),,,8.0,,,2024. 4. negyedév,,,,,
https://www.zenga.hu/ingatlan/elado-teglalakas-budapest-iv-kerulet/8314161?page=7&pos=15&cr=250,"Eladó 3 szobás téglalakás 120,35 millió Ft értékben Budapest IV. kerületben - Lorántffy-Green House lakóparkban",120.35,93.0,93 m²,3.0,Budapest IV. kerület,2025-08-17,Téglalakás,Új építésű,Hőszivattyú,,A+,,,4.0,"4,5 m²",,2025. 4. negyedév,,,,,
https://www.zenga.hu/ingatlan/elado-teglalakas-budapest-xi-kerulet/8482456?page=7&pos=16&cr=250,"Eladó 4 szobás téglalakás 173,9 millió Ft értékben Budapest XI. kerületben - Andor Liget Lakópark lakóparkban",173.9,79.0,79 m²,4.0,"Budapest XI. kerület, Andor utca 60.",2025-08-17,Téglalakás,Új építésű,Mennyezeti hűtés-fűtés,,A++,,,5.0,"31,7 m²",,2027. 2. negyedév,,,,,
https://www.zenga.hu/ingatlan/elado-teglalakas-budapest-xi-kerulet/8482364?page=7&pos=17&cr=250,"Eladó 2 szobás téglalakás 81,9 millió Ft értékben Budapest XI. kerületben - Andor Liget Lakópark lakóparkban",81.9,40.0,40 m²,2.0,"Budapest XI. kerület, Andor utca 60.",2025-08-17,Téglalakás,Új építésű,Mennyezeti hűtés-fűtés,,A++,,,5.0,"35,5 m²",,2027. 2. negyedév,,,,,
https://www.zenga.hu/ingatlan/elado-teglalakas-budapest-xi-kerulet/8482386?page=7&pos=18&cr=250,"Eladó 3 szobás téglalakás 133,9 millió Ft értékben Budapest XI. kerületben - Andor Liget Lakópark lakóparkban",133.9,63.0,63 m²,3.0,"Budapest XI. kerület, Andor utca 60.",2025-08-17,Téglalakás,Új építésű,Mennyezeti hűtés-fűtés,,A++,,,5.0,"27,2 m²",,2027. 2. negyedév,,,,,
https://www.zenga.hu/ingatlan/elado-teglalakas-budapest-xiii-kerulet/8431341?page=7&pos=19&cr=250,"Eladó 1 szobás téglalakás 59,86 millió Ft értékben Budapest XIII. kerületben - OASIS Residence lakóparkban",59.86,33.0,33 m²,1.0,"Budapest XIII. kerület, Sólyatér utca 15.",2025-08-17,Téglalakás,Új építésű,Mennyezeti hűtés-fűtés,,A++,,,8.0,,,2027. 4. negyedév,,,,,
https://www.zenga.hu/ingatlan/elado-teglalakas-budapest-xiii-kerulet/8431348?page=7&pos=20&cr=250,"Eladó 3 szobás téglalakás 135,14 millió Ft értékben Budapest XIII. kerületben - OASIS Residence lakóparkban",135.14,68.0,68 m²,3.0,"Budapest XIII. kerület, Sólyatér utca 15.",2025-08-17,Téglalakás,Új építésű,Mennyezeti hűtés-fűtés,,A++,,,8.0,"33,6 m²",,2027. 4. negyedév,,,,,
https://www.zenga.hu/ingatlan/elado-teglalakas-budapest-xiii-kerulet/8431353?page=8&pos=1&cr=250,"Eladó 2 szobás téglalakás 86,25 millió Ft értékben Budapest XIII. kerületben - OASIS Residence lakóparkban",86.25,47.0,47 m²,2.0,"Budapest XIII. kerület, Sólyatér utca 15.",2025-08-17,Téglalakás,Új építésű,Mennyezeti hűtés-fűtés,,A++,,,8.0,"9,6 m²",,2027. 4. negyedév,,,,,
https://www.zenga.hu/ingatlan/elado-teglalakas-budapest-xiii-kerulet/8431345?page=8&pos=2&cr=250,"Eladó 1 szobás téglalakás 67,06 millió Ft értékben Budapest XIII. kerületben - OASIS Residence lakóparkban",67.06,40.0,40 m²,1.0,"Budapest XIII. kerület, Sólyatér utca 15.",2025-08-17,Téglalakás,Új építésű,Mennyezeti hűtés-fűtés,,A++,,,8.0,"4,7 m²",,2027. 4. negyedév,,,,,
https://www.zenga.hu/ingatlan/elado-teglalakas-budapest-xiv-kerulet/8383058?page=8&pos=3&cr=250,"Eladó 3+1 fél szobás téglalakás 133,56 millió Ft értékben Budapest XIV. kerületben - NL111 lakóparkban",133.56,87.0,87 m²,3.0,Budapest XIV. kerület,2025-08-17,Téglalakás,Új építésű,Mennyezeti hűtés-fűtés,,A+,,,4.0,66 m²,,2026. 2. negyedév,,,,,
https://www.zenga.hu/ingatlan/elado-teglalakas-budapest-xiv-kerulet/8357111?page=8&pos=4&cr=250,"Eladó 3 szobás téglalakás 89,07 millió Ft értékben Budapest XIV. kerületben - NL111 lakóparkban",89.07,63.0,63 m²,3.0,Budapest XIV. kerület,2025-08-17,Téglalakás,Új építésű,Mennyezeti hűtés-fűtés,,A+,,,4.0,"5,5 m²",,2026. 2. negyedév,,,,,
https://www.zenga.hu/ingatlan/elado-teglalakas-budapest-xiii-kerulet/8390987?page=8&pos=5&cr=250,"Eladó 1 szobás téglalakás 67,5 millió Ft értékben Budapest XIII. kerületben - Lomb Corner lakóparkban",67.5,36.0,36 m²,1.0,"Budapest XIII. kerület, Lomb utca 13.",2025-08-17,Téglalakás,Új építésű,Egyéb,,AA+ (2016-2023-as besorolás),,,9.0,"1,7 m²",,2025. 4. negyedév,,,,,
https://www.zenga.hu/ingatlan/elado-teglalakas-budapest-xi-kerulet/8454282?page=8&pos=6&cr=250,"Eladó 3 szobás téglalakás 155,4 millió Ft értékben Budapest XI. kerületben - NapForrás 20 - Buda lakóparkban",155.4,71.0,71 m²,3.0,Budapest XI. kerület,2025-08-17,Téglalakás,Új építésű,Mennyezeti hűtés-fűtés,,A+++,,,3.0,24 m²,,2026. 3. negyedév,,,,,
https://www.zenga.hu/ingatlan/elado-teglalakas-budapest-xi-kerulet/8454276?page=8&pos=7&cr=250,"Eladó 2 szobás téglalakás 112,85 millió Ft értékben Budapest XI. kerületben - NapForrás 20 - Buda lakóparkban",112.85,54.0,54 m²,2.0,Budapest XI. kerület,2025-08-17,Téglalakás,Új építésű,Mennyezeti hűtés-fűtés,,A+++,,,3.0,14 m²,,2026. 3. negyedév,,,,,
https://www.zenga.hu/ingatlan/elado-teglalakas-debrecen/8449159?page=8&pos=8&cr=250,"Eladó 3 szobás téglalakás 74,4 millió Ft értékben Debrecenben - Epres Liget by Bayer lakóparkban",74.4,68.0,68 m²,3.0,Debrecen,2025-08-17,Téglalakás,Új építésű,Távfűtés,2026.0,Nem adta meg a hirdető,,,4.0,10 m²,,2026. 1. negyedév,,,,,
https://www.zenga.hu/ingatlan/elado-teglalakas-budapest-ix-kerulet/8070330?page=8&pos=9&cr=250,"Eladó 3+1 fél szobás téglalakás 225,94 millió Ft értékben Budapest IX. kerületben - CITY PEARL lakóparkban",225.94,114.0,114 m²,3.0,Budapest IX. kerület,2025-08-17,Téglalakás,Új építésű,,2024.0,Nem adta meg a hirdető,,,,,,2024. 3. negyedév,,,,,
https://www.zenga.hu/ingatlan/elado-teglalakas-budapest-xii-kerulet/8391019?page=8&pos=10&cr=250,"Eladó 3 szobás téglalakás 177,03 millió Ft értékben Budapest XII. kerületben - Királyhágó Residence lakóparkban",177.03,72.0,72 m²,3.0,"Budapest XII. kerület, Királyhágó tér 6-7.",2025-08-17,Téglalakás,Új építésű,Egyéb,,A+,,,7.0,,,2024. 1. negyedév,"12,9 m²",,,,
https://www.zenga.hu/ingatlan/elado-teglalakas-budapest-xii-kerulet/8327424?page=8&pos=11&cr=250,"Eladó 3 szobás téglalakás 195,5 millió Ft értékben Budapest XII. kerületben - Királyhágó Residence lakóparkban",195.5,72.0,72 m²,3.0,"Budapest XII. kerület, Királyhágó tér 6-7.",2025-08-17,Téglalakás,Új építésű,Egyéb,,A+,,,7.0,"12,9 m²",,2024. 1. negyedév,,,,,
https://www.zenga.hu/ingatlan/elado-teglalakas-budapest-v-kerulet-lipotvaros/8663414?page=8&pos=14&cr=248,Budapest V. kerület eladó téglalakás 3 szobás: 100 millió Ft,100.0,49.0,49 m²,3.0,"Budapest V. kerület, Lipótváros, Nyáry Pál utca",2025-08-17,Téglalakás,,,,,,,,,,,,,,,
https://www.zenga.hu/ingatlan/elado-teglalakas-budapest-v-kerulet/8660309?page=8&pos=15&cr=248,,,,,,,2025-08-17,,,,,,,,,,,,,,,,
https://www.zenga.hu/ingatlan/elado-teglalakas-budapest-v-kerulet/8657165?page=8&pos=16&cr=248,,,,,,,2025-08-17,,,,,,,,,,,,,,,,
https://www.zenga.hu/ingatlan/elado-teglalakas-budapest-v-kerulet/8656935?page=8&pos=17&cr=248,"Budapest V. kerület eladó téglalakás 4 szobás: 214,4 millió Ft",214.4,134.0,134 m²,4.0,"Budapest V. kerület, Kristóf tér",2025-08-17,Téglalakás,Átlagos,Gázkazán,1836.0,Nem adta meg a hirdető,,,3.0,,,,,,,,
https://www.zenga.hu/ingatlan/elado-teglalakas-budapest-vii-kerulet/8665739?page=8&pos=18&cr=242,"Budapest VII. kerület eladó téglalakás 2 szobás: 50,5 millió Ft",50.5,47.0,,,,2025-08-17,,,,,,,,,,,,,,,,
https://www.zenga.hu/ingatlan/elado-teglalakas-budapest-vii-kerulet-nagykoruton-beluli-terulet/8663413?page=8&pos=19&cr=242,,,,,,,2025-08-17,,,,,,,,,,,,,,,,
https://www.zenga.hu/ingatlan/elado-teglalakas-budapest-vii-kerulet/8664070?page=8&pos=20&cr=242,,,,,,,2025-08-17,,,,,,,,,,,,,,,,
https://www.zenga.hu/ingatlan/elado-teglalakas-budapest-vii-kerulet/8664070?page=9&pos=1&cr=242,Budapest VII. kerület eladó téglalakás 1 szobás: 60 millió Ft,60.0,29.0,29 m²,1.0,Budapest VII. kerület,2025-08-17,Téglalakás,Újszerű,Gázkazán,1911.0,Nem adta meg a hirdető,,,5.0,,,,,,,,
https://www.zenga.hu/ingatlan/elado-teglalakas-budapest-vii-kerulet-nagykoruton-kivuli-terulet/8664163?page=9&pos=2&cr=242,Budapest VII. kerület eladó téglalakás 2 szobás: 86 millió Ft,86.0,51.0,51 m²,2.0,"Budapest VII. kerület, Külső-Erzsébetváros",2025-08-17,Téglalakás,,Házközponti fűtés egyedi méréssel,2015.0,Nem adta meg a hirdető,,,,,,,19 m²,,,,
https://www.zenga.hu/ingatlan/elado-teglalakas-budapest-vii-kerulet-nagykoruton-beluli-terulet/8663413?page=9&pos=3&cr=242,Budapest VII. kerület eladó téglalakás 1 szobás: 54 millió Ft,54.0,27.0,27 m²,1.0,"Budapest VII. kerület, Belső-Erzsébetváros, Wesselényi utca",2025-08-17,Téglalakás,,Gáz (konvektor),1890.0,Nem adta meg a hirdető,,,,,,,,,,,
https://www.zenga.hu/ingatlan/elado-teglalakas-budapest-vii-kerulet/8658074?page=9&pos=4&cr=242,"Budapest VII. kerület eladó téglalakás 1 szobás: 64,9 millió Ft",64.9,36.0,36 m²,1.0,Budapest VII. kerület,2025-08-17,Téglalakás,,Gáz (konvektor),1910.0,Nem adta meg a hirdető,,,,,,,,,,,
https://www.zenga.hu/ingatlan/elado-teglalakas-budapest-vii-kerulet-ligetvaros/8662547?page=9&pos=5&cr=242,Budapest VII. kerület eladó téglalakás 3 szobás: 93 millió Ft,93.0,71.0,71 m²,3.0,"Budapest VII. kerület, Ligetváros",2025-08-17,Téglalakás,Újszerű,Gázkazán,1890.0,Nem adta meg a hirdető,,,,,,,,,,,
https://www.zenga.hu/ingatlan/elado-teglalakas-budapest-vii-kerulet/8657266?page=9&pos=6&cr=242,Budapest VII. kerület eladó téglalakás 3 szobás: 95 millió Ft,95.0,106.0,106 m²,3.0,"Budapest VII. kerület, Izabella utca",2025-08-17,Téglalakás,Átlagos,Gáz (konvektor),1900.0,Nem adta meg a hirdető,,,3.0,,,,,,,,
https://www.zenga.hu/ingatlan/elado-teglalakas-budapest-vii-kerulet/8651625?page=9&pos=7&cr=242,Budapest VII. kerület eladó téglalakás 2 szobás: 79 millió Ft,79.0,67.0,67 m²,2.0,"Budapest VII. kerület, Rákóczi út",2025-08-17,Téglalakás,Felújítandó,Gáz (héra),1920.0,Nem adta meg a hirdető,,,4.0,,,,,,,,
https://www.zenga.hu/ingatlan/elado-panellakas-bekescsaba-lencsesi-jozsef-attila-lakotelep/8665811?page=9&pos=8&cr=230,"Békéscsaba eladó panellakás 2+1 fél szobás: 27,9 millió Ft",27.9,68.0,68 m²,2.0,"Békéscsaba, Lencsési (József Attila) lakótelep",2025-08-17,Panellakás,Felújított,Házközponti fűtés egyedi méréssel,1970.0,A++,,Van,10.0,4 m²,33 000 Ft/hó,,,,,,
https://www.zenga.hu/ingatlan/elado-teglalakas-budapest-xi-kerulet-szentimrevaros/8523726?page=9&pos=9&cr=230,"Budapest XI. kerület eladó téglalakás 2 szobás: 104,9 millió Ft",104.9,,,,,2025-08-17,,,,,,,,,,,,,,,,
https://www.zenga.hu/ingatlan/elado-teglalakas-budapest-xix-kerulet/8658612?page=9&pos=10&cr=229,"Budapest XIX. kerület eladó téglalakás 3 szobás: 99,5 millió Ft",99.5,65.0,65 m²,3.0,"Budapest XIX. kerület, KöKi",2025-08-17,Téglalakás,Újszerű,Fan coil,2025.0,Nem adta meg a hirdető,,,2.0,10 m²,,,,,,,
https://www.zenga.hu/ingatlan/elado-teglalakas-budapest-xix-kerulet/8655437?page=9&pos=11&cr=229,"Budapest XIX. kerület eladó téglalakás 2 szobás: 35,9 millió Ft",35.9,35.0,35 m²,2.0,"Budapest XIX. kerület, Árpád utca",2025-08-17,Téglalakás,Újszerű,Gáz (konvektor),1963.0,Nem adta meg a hirdető,,,1.0,20 m²,,,,,,,
https://www.zenga.hu/ingatlan/elado-panellakas-budapest-xi-kerulet-kelenfold/8653380?page=9&pos=12&cr=227,,,,,,,2025-08-17,,,,,,,,,,,,,,,,
https://www.zenga.hu/ingatlan/elado-panellakas-budapest-xi-kerulet-kelenfold/8664942?page=9&pos=13&cr=227,,,,,,,2025-08-17,,,,,,,,,,,,,,,,
https://www.zenga.hu/ingatlan/elado-teglalakas-budapest-xi-kerulet/8660185?page=9&pos=15&cr=227,"Budapest XI. kerület eladó téglalakás 1+2 fél szobás: 169,9 millió Ft",169.9,70.0,70 m²,1.0,"Budapest XI. kerület, Sasad Liget környéke",2025-08-17,Téglalakás,Újszerű,Házközponti fűtés egyedi méréssel,2020.0,Nem adta meg a hirdető,,,,,,,,,,,
https://www.zenga.hu/ingatlan/elado-teglalakas-budapest-xvi-kerulet-rakosszentmihaly/8586511?page=9&pos=18&cr=222,"Budapest XVI. kerület eladó téglalakás 5 szobás: 179,9 millió Ft",179.9,190.0,190 m²,,,2025-08-17,,,,,,,,,,,,,,,,
https://www.zenga.hu/ingatlan/elado-teglalakas-budapest-ii-kerulet/8582900?page=9&pos=19&cr=220,Budapest II. kerület eladó téglalakás 4 szobás: 275 millió Ft,275.0,97.0,97 m²,4.0,Budapest II. kerület,2025-08-17,Téglalakás,Felújított,Gázkazán,1970.0,Nem adta meg a hirdető,,,,,,,,,,,
https://www.zenga.hu/ingatlan/elado-teglalakas-budapest-vii-kerulet/8602434?page=9&pos=20&cr=220,"Eladó 4 szobás téglalakás 243,95 millió Ft értékben Budapest VII. kerületben - LIGET VILLA - uniques homes by Faedra Group lakóparkban",243.95,90.0,90 m²,4.0,"Budapest VII. kerület, Városligeti fasor 25-27",2025-08-17,Téglalakás,Új építésű,Padlófűtés,,Nem adta meg a hirdető,,,6.0,"7,8 m²",,2027. 4. negyedév,,,,,
https://www.zenga.hu/ingatlan/elado-teglalakas-budapest-xi-kerulet/8454339?page=10&pos=1&cr=215,"Eladó 3 szobás téglalakás 155,4 millió Ft értékben Budapest XI. kerületben - NapForrás 20 - Buda lakóparkban",155.4,71.0,,,,2025-08-17,,,,,,,,,,,,,,,,
https://www.zenga.hu/ingatlan/elado-teglalakas-budapest-iii-kerulet-uromhegy/8360852?page=10&pos=2&cr=211,Budapest III. kerület eladó téglalakás 4 szobás: 227 millió Ft,227.0,200.0,200 m²,4.0,"Budapest III. kerület, Ürömhegy",2025-08-17,Téglalakás,Felújított,Házközponti fűtés egyedi méréssel,2000.0,Nem adta meg a hirdető,,,2.0,35 m²,,,,,,,
https://www.zenga.hu/ingatlan/elado-teglalakas-dunakeszi/8524823?page=10&pos=3&cr=210,,,,,,,2025-08-17,,,,,,,,,,,,,,,,
https://www.zenga.hu/ingatlan/elado-teglalakas-budapest-xiii-kerulet/8455867?page=10&pos=4&cr=210,"Budapest XIII. kerület eladó téglalakás 3 szobás: 109,9 millió Ft",109.9,72.0,72 m²,3.0,Budapest XIII. kerület,2025-08-17,Téglalakás,Új építésű,Hőszivattyú,2025.0,A++,,Nincs,,8 m²,,,,,,,
https://www.zenga.hu/ingatlan/elado-teglalakas-budapest-xiii-kerulet-vizafogo/8554593?page=10&pos=5&cr=210,"Budapest XIII. kerület eladó téglalakás 4 szobás: 103,9 millió Ft",103.9,93.0,93 m²,4.0,"Budapest XIII. kerület, Vizafogó, Visegrádi utca",2025-08-17,Téglalakás,Jó állapotú,Gáz (konvektor),,Nem adta meg a hirdető,,,3.0,,,,,,,,
https://www.zenga.hu/ingatlan/elado-teglalakas-budapest-ix-kerulet-rehabilitacios-terulet-ix-/8386054?page=10&pos=6&cr=201,Budapest IX. kerület eladó téglalakás 1 szobás: 45 millió Ft,45.0,26.0,26 m²,1.0,"Budapest IX. kerület, Rehabilitációs terület IX. ker.",2025-08-17,Téglalakás,Újszerű,Központi fűtés,2017.0,B,,,5.0,,,,,,,,
https://www.zenga.hu/ingatlan/elado-teglalakas-budapest-vi-kerulet/8660958?page=10&pos=7&cr=200,Budapest VI. kerület eladó téglalakás 4 szobás: 149 millió Ft,149.0,94.0,94 m²,4.0,Budapest VI. kerület,2025-08-17,Téglalakás,Felújított,Gázkazán,1950.0,Nem adta meg a hirdető,,,,,,,,,,,
https://www.zenga.hu/ingatlan/elado-teglalakas-budapest-viii-kerulet/8660957?page=10&pos=8&cr=200,Budapest VIII. kerület eladó téglalakás 5 szobás: 220 millió Ft,220.0,156.0,156 m²,5.0,Budapest VIII. kerület,2025-08-17,Téglalakás,Felújított,Gázkazán,1920.0,Nem adta meg a hirdető,,,,,,,,,,,
https://www.zenga.hu/ingatlan/elado-teglalakas-budapest-xiv-kerulet-herminamezo/8663393?page=10&pos=9&cr=200,"Budapest XIV. kerület eladó téglalakás 1 szobás: 47,5 millió Ft",47.5,30.0,30 m²,1.0,"Budapest XIV. kerület, Herminamező",2025-08-17,Téglalakás,Újszerű,,1951.0,Nem adta meg a hirdető,,,3.0,,,,,,,,
https://www.zenga.hu/ingatlan/elado-tarsashazi-lakas-budapest-vi-kerulet/8663817?page=10&pos=10&cr=200,Budapest VI. kerület eladó társasházi lakás 1 szobás: 50 millió Ft,50.0,28.0,28 m²,1.0,Budapest VI. kerület,2025-08-17,Társasházi lakás,Felújított,Gáz (konvektor),1930.0,Nem adta meg a hirdető,,,2.0,,30 000 Ft/hó,,,,,,
https://www.zenga.hu/ingatlan/elado-teglalakas-budapest-xiii-kerulet-ujlipotvaros/8629708?page=10&pos=11&cr=200,"Budapest XIII. kerület eladó téglalakás 1 szobás: 52,9 millió Ft",52.9,31.0,31 m²,1.0,"Budapest XIII. kerület, Újlipótváros, Tisza",2025-08-17,Téglalakás,Felújított,Gáz (konvektor),,C,,,4.0,,15 000 Ft/hó,,,,,,
https://www.zenga.hu/ingatlan/elado-teglalakas-budapest-v-kerulet/8388075?page=10&pos=12&cr=200,"Budapest V. kerület eladó téglalakás 3 szobás: 305,24 millió Ft",305.24,95.0,95 m²,3.0,Budapest V. kerület,2025-08-17,Téglalakás,,,1950.0,Nem adta meg a hirdető,,,5.0,,,,,,,,
https://www.zenga.hu/ingatlan/elado-teglalakas-budapest-v-kerulet/8369068?page=10&pos=13&cr=200,Budapest V. kerület eladó téglalakás 4 szobás: 265 millió Ft,265.0,100.0,100 m²,4.0,Budapest V. kerület,2025-08-17,Téglalakás,,,1950.0,Nem adta meg a hirdető,,,,,,,,,,,
https://www.zenga.hu/ingatlan/elado-teglalakas-budapest-v-kerulet/8433051?page=10&pos=14&cr=200,"Budapest V. kerület eladó téglalakás 3 szobás: 215,46 millió Ft",215.46,89.0,89 m²,3.0,Budapest V. kerület,2025-08-17,Téglalakás,,,1950.0,Nem adta meg a hirdető,,,6.0,,,,,,,,
https://www.zenga.hu/ingatlan/elado-teglalakas-budapest-v-kerulet/8481034?page=10&pos=15&cr=200,Budapest V. kerület eladó téglalakás 2+1 fél szobás: 129 millió Ft,129.0,70.0,70 m²,2.0,Budapest V. kerület,2025-08-17,Téglalakás,,,1950.0,Nem adta meg a hirdető,,,5.0,,,,,,,,
https://www.zenga.hu/ingatlan/elado-teglalakas-budapest-xiv-kerulet/8660968?page=10&pos=18&cr=200,"Budapest XIV. kerület eladó téglalakás 2 szobás: 78,9 millió Ft",78.9,39.0,39 m²,2.0,Budapest XIV. kerület,2025-08-17,Téglalakás,Felújított,Gázkazán,2005.0,Nem adta meg a hirdető,,,,,,,,,,,
https://www.zenga.hu/ingatlan/elado-tarsashazi-lakas-nyiregyhaza-orokosfold/7488487?page=10&pos=19&cr=200,"Eladó 3 szobás társasházi lakás 74,9 millió Ft értékben Nyíregyházán - GREENCITY I. Ütem lakóparkban",74.9,75.0,75 m²,3.0,"Nyíregyháza, Örökösföld, Törzs utca 2",2025-08-17,Társasházi lakás,Új építésű,Egyéb,2025.0,AA+ (2016-2023-as besorolás),,,2.0,,,2024. 1. negyedév,,,,,
https://www.zenga.hu/ingatlan/elado-tarsashazi-lakas-nyiregyhaza-orokosfold/7488483?page=10&pos=20&cr=200,"Eladó 3 szobás társasházi lakás 65,9 millió Ft értékben Nyíregyházán - GREENCITY I. Ütem lakóparkban",65.9,71.0,71 m²,3.0,"Nyíregyháza, Örökösföld, Törzs utca 2",2025-08-17,Társasházi lakás,Új építésű,Egyéb,2025.0,A++,,,2.0,10 m²,,2024. 1. negyedév,,,,,
https://www.zenga.hu/ingatlan/elado-teglalakas-budapest-v-kerulet/8490966?page=11&pos=2&cr=200,Budapest V. kerület eladó téglalakás 3 szobás: 215 millió Ft,215.0,110.0,110 m²,3.0,Budapest V. kerület,2025-08-17,Téglalakás,Felújított,Gázkazán,,Nem adta meg a hirdető,,,3.0,5 m²,50 000 Ft/hó,,,,,,
https://www.zenga.hu/ingatlan/elado-teglalakas-budapest-xvi-kerulet/8450003?page=11&pos=4&cr=200,,,,,,,2025-08-17,,,,,,,,,,,,,,,,
https://www.zenga.hu/ingatlan/elado-teglalakas-szentes/8363669?page=11&pos=5&cr=200,Szentes eladó téglalakás 1+2 fél szobás: 42 millió Ft,42.0,53.0,53 m²,1.0,Szentes,2025-08-17,Téglalakás,Új építésű,Hőszivattyú,2025.0,B,,,,,,,,,,,
https://www.zenga.hu/ingatlan/elado-teglalakas-budapest-xi-kerulet-kelenfold/8551504?page=11&pos=6&cr=200,"Budapest XI. kerület eladó téglalakás 3 szobás: 139,99 millió Ft",139.99,62.0,62 m²,3.0,"Budapest XI. kerület, Kelenföld",2025-08-17,Téglalakás,Új építésű,Hőszivattyú,2024.0,Nem adta meg a hirdető,,Nincs,2.0,,,,21 m²,,,,
https://www.zenga.hu/ingatlan/elado-teglalakas-balatonmariafurdo/8440065?page=11&pos=7&cr=200,"Balatonmáriafürdő eladó téglalakás 1 szobás: 48,09 millió Ft",48.09,40.0,40 m²,1.0,Balatonmáriafürdő,2025-08-17,Téglalakás,Új építésű,Elektromos,2025.0,Nem adta meg a hirdető,,Nincs,,8 m²,,,20 m²,,,,
https://www.zenga.hu/ingatlan/elado-teglalakas-balatonmariafurdo/8619441?page=11&pos=8&cr=200,"Balatonmáriafürdő eladó téglalakás 1 szobás: 55,9 millió Ft",55.9,31.0,31 m²,1.0,Balatonmáriafürdő,2025-08-17,Téglalakás,Új építésű,Házközponti fűtés egyedi méréssel,2025.0,A+++,,Nincs,,,,,14 m²,,,,
https://www.zenga.hu/ingatlan/elado-teglalakas-balatonmariafurdo/8466871?page=11&pos=9&cr=200,"Balatonmáriafürdő eladó téglalakás 1 szobás: 49,48 millió Ft",49.48,39.0,39 m²,1.0,Balatonmáriafürdő,2025-08-17,Téglalakás,Új építésű,Elektromos,2025.0,Nem adta meg a hirdető,,Nincs,,,,,7 m²,,,,
https://www.zenga.hu/ingatlan/elado-egyeb-lakas-budapest-viii-kerulet/8344226?page=11&pos=10&cr=200,"Budapest VIII. kerület eladó egyéb lakás 4 szobás: 129,8 millió Ft",129.8,172.0,172 m²,4.0,"Budapest VIII. kerület, Nagy Fuvaros utca 27",2025-08-17,Egyéb lakás,Újszerű,,,Nem adta meg a hirdető,,,3.0,,,,,,,,
https://www.zenga.hu/ingatlan/elado-teglalakas-budapest-xix-kerulet/8606986?page=11&pos=11&cr=200,"Eladó 3 szobás téglalakás 95,37 millió Ft értékben Budapest XIX. kerületben - Aerogate Homes lakóparkban",95.37,67.0,67 m²,3.0,"Budapest XIX. kerület, Tompa utca 162119/7 hrsz.",2025-08-17,Téglalakás,Új építésű,Hőszivattyú,,,,,8.0,,,,,,,,
https://www.zenga.hu/ingatlan/elado-teglalakas-budapest-vii-kerulet/8602507?page=11&pos=12&cr=200,,,,,,,2025-08-17,,,,,,,,,,,,,,,,
https://www.zenga.hu/ingatlan/elado-teglalakas-budapest-xi-kerulet/8577373?page=11&pos=13&cr=200,"Eladó 1 szobás téglalakás 62,59 millió Ft értékben Budapest XI. kerületben - Revital Park lakóparkban",62.59,30.0,,,,2025-08-17,,,,,,,,,,,,,,,,
https://www.zenga.hu/ingatlan/elado-teglalakas-budapest-xiii-kerulet/8264321?page=11&pos=14&cr=200,"Eladó 3 szobás téglalakás 143,07 millió Ft értékben Budapest XIII. kerületben - Granat Club House By Astora lakóparkban",143.07,78.0,78 m²,3.0,Budapest XIII. kerület,2025-08-17,Téglalakás,Új építésű,Mennyezeti hűtés-fűtés,,A++,,,5.0,"25,8 m²",,2026. 2. negyedév,,,,,
https://www.zenga.hu/ingatlan/elado-teglalakas-budapest-xiii-kerulet/8264312?page=11&pos=15&cr=200,"Eladó 2 szobás téglalakás 72,67 millió Ft értékben Budapest XIII. kerületben - Granat Club House By Astora lakóparkban",72.67,47.0,,,,2025-08-17,,,,,,,,,,,,,,,,
https://www.zenga.hu/ingatlan/elado-teglalakas-budapest-v-kerulet/8528444?page=11&pos=16&cr=200,"Budapest V. kerület eladó téglalakás 3 szobás: 159,6 millió Ft",159.6,71.0,71 m²,3.0,Budapest V. kerület,2025-08-17,Téglalakás,Felújított,Gázkazán,,Nem adta meg a hirdető,,,4.0,,,,,,,,
https://www.zenga.hu/ingatlan/elado-teglalakas-budapest-vi-kerulet-nagykoruton-beluli-terulet/8368782?page=11&pos=17&cr=200,Budapest VI. kerület eladó téglalakás 3 szobás: 169 millió Ft,169.0,72.0,72 m²,3.0,"Budapest VI. kerület, Nagykörúton belüli terület",2025-08-17,Téglalakás,Újszerű,Házközponti fűtés egyedi méréssel,2008.0,A++,,,8.0,2 m²,,,,,,,
https://www.zenga.hu/ingatlan/elado-teglalakas-budapest-ix-kerulet/8665103?page=11&pos=18&cr=195,Budapest IX. kerület eladó téglalakás 2 szobás: 94 millió Ft,94.0,67.0,67 m²,2.0,Budapest IX. kerület,2025-08-17,Téglalakás,Jó állapotú,Gáz (konvektor),1900.0,Nem adta meg a hirdető,,,3.0,,,,,,,,
https://www.zenga.hu/ingatlan/elado-teglalakas-budapest-ix-kerulet-belso-ferencvaros/8653401?page=11&pos=19&cr=195,Budapest IX. kerület eladó téglalakás 3 szobás: 250 millió Ft,250.0,77.0,77 m²,3.0,"Budapest IX. kerület, Belső Ferencváros, Lechner Ödön fasor",2025-08-17,Téglalakás,,Fan coil,2008.0,Nem adta meg a hirdető,,,,,,,15 m²,,,,
https://www.zenga.hu/ingatlan/elado-teglalakas-budapest-ix-kerulet-rehabilitacios-terulet-ix-/8664189?page=11&pos=20&cr=195,Budapest IX. kerület eladó téglalakás 3 szobás: 130 millió Ft,130.0,60.0,60 m²,3.0,"Budapest IX. kerület, Rehabilitációs terület IX. ker., Vágóhíd utca",2025-08-17,Téglalakás,,Hőszivattyú,2025.0,Nem adta meg a hirdető,,,,,,,,,,,
https://www.zenga.hu/ingatlan/elado-teglalakas-budapest-ix-kerulet-rehabilitacios-terulet-ix-/8651429?page=12&pos=1&cr=195,Budapest IX. kerület eladó téglalakás 2 szobás: 110 millió Ft,110.0,45.0,45 m²,2.0,"Budapest IX. kerület, Rehabilitációs terület IX. ker.",2025-08-17,Téglalakás,,Hőszivattyú,2017.0,Nem adta meg a hirdető,,,,,,,"18,9 m²",,,,
https://www.zenga.hu/ingatlan/elado-teglalakas-budapest-ix-kerulet/8652896?page=12&pos=2&cr=195,"Budapest IX. kerület eladó téglalakás 2 szobás: 87,99 millió Ft",87.99,62.0,62 m²,2.0,Budapest IX. kerület,2025-08-17,Téglalakás,Jó állapotú,Gázkazán,1911.0,Nem adta meg a hirdető,,,4.0,,,,,,,,
https://www.zenga.hu/ingatlan/elado-teglalakas-budapest-xx-kerulet-pesterzsebet/8593098?page=12&pos=4&cr=194,"Budapest XX. kerület eladó téglalakás 2 szobás: 49,9 millió Ft",49.9,55.0,55 m²,2.0,"Budapest XX. kerület, Pesterzsébet",2025-08-17,Téglalakás,Felújítandó,Gáz (konvektor),1963.0,Nem adta meg a hirdető,,,,,,,,,,,
https://www.zenga.hu/ingatlan/elado-tarsashazi-lakas-budapest-xiii-kerulet/8119959?page=12&pos=5&cr=190,"Eladó 5 szobás téglalakás 165,7 millió Ft értékben Budapest XIII. kerületben - Béke Garden lakóparkban",165.7,117.0,117 m²,5.0,Budapest XIII. kerület,2025-08-17,Téglalakás,Új építésű,Egyéb,2024.0,Nem adta meg a hirdető,,,,"25,5 m²",,2026. 1. negyedév,,,,,
https://www.zenga.hu/ingatlan/elado-panellakas-budapest-xi-kerulet-gazdagret/8646545?page=12&pos=7&cr=188,,,,,,,2025-08-17,,,,,,,,,,,,,,,,
https://www.zenga.hu/ingatlan/elado-csusztatott-zsalus-lakas-budapest-x-kerulet/8664142?page=12&pos=9&cr=185,Eladó 2 szobás csúsztatott zsalus lakás Budapest X. kerületben,,,,,,2025-08-17,,,,,,,,,,,,,,,,
https://www.zenga.hu/ingatlan/elado-teglalakas-budapest-x-kerulet-kereszturidulo/8664182?page=12&pos=10&cr=185,,,,,,,2025-08-17,,,,,,,,,,,,,,,,
https://www.zenga.hu/ingatlan/elado-teglalakas-budapest-x-kerulet/8661110?page=12&pos=11&cr=185,"Budapest X. kerület eladó téglalakás 2 szobás: 57,9 millió Ft",57.9,51.0,51 m²,2.0,Budapest X. kerület,2025-08-17,Téglalakás,,Gáz (konvektor),1990.0,Nem adta meg a hirdető,,,,,,,,,,,
https://www.zenga.hu/ingatlan/elado-teglalakas-budapest-iii-kerulet-uromhegy/7939037?page=12&pos=12&cr=181,,,,,,,2025-08-17,,,,,,,,,,,,,,,,
https://www.zenga.hu/ingatlan/elado-panellakas-budapest-xi-kerulet-kelenfold/8625121?page=12&pos=13&cr=180,,,,,,,2025-08-17,,,,,,,,,,,,,,,,
https://www.zenga.hu/ingatlan/elado-teglalakas-zalaegerszeg/8472430?page=12&pos=14&cr=180,"Zalaegerszeg eladó téglalakás 3 szobás: 49,9 millió Ft",49.9,3.0,3 szoba,,Zalaegerszeg,2025-08-17,Téglalakás,Új építésű,,2025.0,A+,,Van,16.0,,,,,,,,
https://www.zenga.hu/ingatlan/elado-teglalakas-zalaegerszeg/8472429?page=12&pos=15&cr=180,"Zalaegerszeg eladó téglalakás 3 szobás: 53,5 millió Ft",53.5,3.0,3 szoba,,Zalaegerszeg,2025-08-17,Téglalakás,Új építésű,,2025.0,A+,,Van,16.0,,,,,,,,
https://www.zenga.hu/ingatlan/elado-teglalakas-budapest-xii-kerulet-istenhegy/8622724?page=12&pos=16&cr=180,Budapest XII. kerület eladó téglalakás 2 szobás: 120 millió Ft,120.0,73.0,73 m²,2.0,"Budapest XII. kerület, Istenhegy",2025-08-17,Téglalakás,Felújított,Gázkazán,,Nem adta meg a hirdető,,,2.0,10 m²,,,10 m²,,,,
https://www.zenga.hu/ingatlan/elado-teglalakas-nagykanizsa-belvaros/8452295?page=12&pos=17&cr=175,"Nagykanizsa eladó téglalakás 3+1 fél szobás: 65,9 millió Ft",65.9,90.0,90 m²,3.0,"Nagykanizsa, Belváros",2025-08-17,Téglalakás,Újszerű,Központi fűtés,1877.0,E,,Nincs,2.0,,30 000 Ft/hó,,,,,,
https://www.zenga.hu/ingatlan/elado-teglalakas-budapest-ii-kerulet-pasaret/8661111?page=12&pos=19&cr=173,"Budapest II. kerület eladó téglalakás 2 szobás: 64,9 millió Ft",64.9,41.0,41 m²,2.0,"Budapest II. kerület, Pasarét",2025-08-17,Téglalakás,,Gáz (konvektor),1965.0,Nem adta meg a hirdető,,,,,,,,,,,
https://www.zenga.hu/ingatlan/elado-teglalakas-budapest-ii-kerulet/8653937?page=12&pos=20&cr=173,"Budapest II. kerület eladó téglalakás 1 szobás: 57,5 millió Ft",,,,,,2025-08-17,,,,,,,,,,,,,,,,
https://www.zenga.hu/ingatlan/elado-teglalakas-budapest-ii-kerulet-rozsadomb/8664152?page=13&pos=1&cr=173,Budapest II. kerület eladó téglalakás 3 szobás: 125 millió Ft,125.0,67.0,67 m²,3.0,,2025-08-17,,,,,,,,,,,,,,,,
https://www.zenga.hu/ingatlan/elado-teglalakas-budapest-ii-kerulet/8660293?page=13&pos=5&cr=173,Budapest II. kerület eladó téglalakás 3 szobás: 126 millió Ft,126.0,66.0,66 m²,3.0,"Budapest II. kerület, Keleti Károly utca",2025-08-17,Téglalakás,Jó állapotú,Gázkazán,1910.0,Nem adta meg a hirdető,,,5.0,,,,,,,,
https://www.zenga.hu/ingatlan/elado-teglalakas-keszthely/8183218?page=13&pos=6&cr=170,"Eladó 2+1 fél szobás téglalakás 125,9 millió Ft értékben Keszthelyen - Royal Homes Exclusive lakóparkban",125.9,65.0,65 m²,2.0,"Keszthely, Vitorlás sétány 10.",2025-08-17,Téglalakás,Új építésű,Hőszivattyú,,AA+ (2016-2023-as besorolás),,,4.0,7 m²,,2025. 2. negyedév,,,,,
https://www.zenga.hu/ingatlan/elado-teglalakas-budapest-x-kerulet/8422650?page=13&pos=7&cr=170,,,,,,,2025-08-17,,,,,,,,,,,,,,,,
https://www.zenga.hu/ingatlan/elado-teglalakas-budapest-viii-kerulet-jozsefvaros/8646548?page=13&pos=8&cr=168,"Budapest VIII. kerület eladó téglalakás 1 szobás: 39,9 millió Ft",39.9,48.0,48 m²,1.0,"Budapest VIII. kerület, Józsefváros",2025-08-17,Téglalakás,Felújítandó,Gáz (konvektor),1930.0,G,,,,,,,,,,,
https://www.zenga.hu/ingatlan/elado-teglalakas-budapest-ii-kerulet/8582902?page=13&pos=10&cr=165,"Budapest II. kerület eladó téglalakás 2 szobás: 145,9 millió Ft",145.9,57.0,57 m²,2.0,Budapest II. kerület,2025-08-17,Téglalakás,Felújított,Elektromos,1960.0,Nem adta meg a hirdető,,,,,,,,,,,
https://www.zenga.hu/ingatlan/elado-teglalakas-budapest-xi-kerulet/8613312?page=13&pos=11&cr=160,Budapest XI. kerület eladó téglalakás 2+1 fél szobás: 100 millió Ft,100.0,86.0,86 m²,2.0,"Budapest XI. kerület, Bicskei utca",2025-08-17,,,,,,,,,,,,,,,,
https://www.zenga.hu/ingatlan/elado-tarsashazi-lakas-aszod/8549722?page=13&pos=12&cr=160,Aszód eladó társasházi lakás 20+10 fél szobás: 299 millió Ft,299.0,664.0,664 m²,20.0,Aszód,2025-08-17,Társasházi lakás,Jó állapotú,Házközponti fűtés egyedi méréssel,,Nem adta meg a hirdető,,,2.0,,,,,,,,
https://www.zenga.hu/ingatlan/elado-teglalakas-budapest-xiv-kerulet/8663616?page=13&pos=13&cr=158,Budapest XIV. kerület eladó téglalakás 3 szobás: 82 millió Ft,82.0,63.0,63 m²,3.0,Budapest XIV. kerület,2025-08-17,Téglalakás,Újszerű,Házközponti fűtés egyedi méréssel,1908.0,,,,5.0,"1,9 m²",,,,,,,
https://www.zenga.hu/ingatlan/elado-teglalakas-budapest-xiv-kerulet-alsorakos/8651428?page=13&pos=14&cr=158,,,,,,,2025-08-17,,,,,,,,,,,,,,,,
https://www.zenga.hu/ingatlan/elado-teglalakas-budapest-xiv-kerulet/8665104?page=13&pos=15&cr=158,,,,,,,2025-08-17,,,,,,,,,,,,,,,,
https://www.zenga.hu/ingatlan/elado-panellakas-budapest-xix-kerulet-kispest-lakotelep/8646544?page=13&pos=16&cr=157,"Budapest XIX. kerület eladó panellakás 1+2 fél szobás: 62,9 millió Ft",62.9,59.0,59 m²,1.0,"Budapest XIX. kerület, Kispest lakótelep",2025-08-17,Panellakás,Jó állapotú,Távfűtés,1960.0,D,,,,,,,,,,,
https://www.zenga.hu/ingatlan/elado-teglalakas-budapest-iii-kerulet-uromhegy/8333313?page=13&pos=17&cr=156,"Budapest III. kerület eladó téglalakás 4 szobás: 178,9 millió Ft",178.9,93.0,93 m²,4.0,"Budapest III. kerület, Ürömhegy",2025-08-17,Téglalakás,Új építésű,Hőszivattyú,2024.0,Nem adta meg a hirdető,,,1.0,,,,,,,,
https://www.zenga.hu/ingatlan/elado-panellakas-debrecen-dobozi-lakotelep/8444905?page=13&pos=18&cr=155,"Debrecen eladó panellakás 3 szobás: 59,9 millió Ft",59.9,67.0,67 m²,3.0,"Debrecen, Dobozi lakótelep",2025-08-17,Panellakás,Felújított,Távfűtés,1980.0,C,,,,,,,,,,,
https://www.zenga.hu/ingatlan/elado-tarsashazi-lakas-budapest-xiii-kerulet/8469029?page=13&pos=19&cr=155,"Eladó 1 szobás téglalakás 87,1 millió Ft értékben Budapest XIII. kerületben - Cosmo Residence lakóparkban",87.1,33.0,33 m²,1.0,Budapest XIII. kerület,2025-08-17,Téglalakás,Új építésű,Egyéb,2025.0,Nem adta meg a hirdető,,,,"2,2 m²",,2027. 2. negyedév,,,,,
https://www.zenga.hu/ingatlan/elado-panellakas-budapest-xxi-kerulet-erdoalja/8587719?page=13&pos=20&cr=155,"Budapest XXI. kerület eladó panellakás 2+3 fél szobás: 84,24 millió Ft",84.24,84.0,84 m²,2.0,"Budapest XXI. kerület, Erdőalja, Völgy utca 21.",2025-08-17,Panellakás,Átlagos,Távfűtés,1983.0,E,,,4.0,4 m²,,,,,,,
https://www.zenga.hu/ingatlan/elado-teglalakas-nagykanizsa-belvaros/8584691?page=14&pos=1&cr=155,"Nagykanizsa eladó téglalakás 2 szobás: 28,9 millió Ft",28.9,42.0,42 m²,2.0,"Nagykanizsa, Belváros",2025-08-17,Téglalakás,Újszerű,Gáz (konvektor),,E,,,4.0,,,,,,,,
https://www.zenga.hu/ingatlan/elado-teglalakas-budapest-xiii-kerulet/8339083?page=14&pos=2&cr=155,"Eladó 2 szobás téglalakás 77,4 millió Ft értékben Budapest XIII. kerületben - River Life lakóparkban",77.4,49.0,49 m²,2.0,"Budapest XIII. kerület, Népfürdő utca 47.",2025-08-17,Téglalakás,Új építésű,Egyéb,,AA+ (2016-2023-as besorolás),,,8.0,,,2024. 4. negyedév,,,,,
https://www.zenga.hu/ingatlan/elado-teglalakas-budapest-xiii-kerulet/8228576?page=14&pos=3&cr=155,"Eladó 1 szobás téglalakás 61,49 millió Ft értékben Budapest XIII. kerületben - River Life lakóparkban",61.49,36.0,,,,2025-08-17,,,,,,,,,,,,,,,,
https://www.zenga.hu/ingatlan/elado-teglalakas-budapest-iv-kerulet/8666775?page=14&pos=4&cr=153,Eladó 1 szobás téglalakás Budapest IV. kerületben,,,,,,2025-08-17,,,,,,,,,,,,,,,,
https://www.zenga.hu/ingatlan/elado-teglalakas-budapest-iv-kerulet/8666776?page=14&pos=5&cr=153,"Budapest IV. kerület eladó téglalakás 1 szobás: 44,9 millió Ft",44.9,35.0,35 m²,1.0,Budapest IV. kerület,2025-08-17,Téglalakás,Jó állapotú,Gáz (konvektor),1930.0,Nem adta meg a hirdető,,,3.0,,,,,,,,
https://www.zenga.hu/ingatlan/elado-teglalakas-budapest-iv-kerulet-kaposztasmegyer/8651454?page=14&pos=6&cr=153,"Budapest IV. kerület eladó téglalakás 2 szobás: 71,9 millió Ft",71.9,44.0,44 m²,2.0,"Budapest IV. kerület, Káposztásmegyer",2025-08-17,Téglalakás,,Gázkazán,2005.0,Nem adta meg a hirdető,,,,5 m²,,,,,,,
https://www.zenga.hu/ingatlan/elado-teglalakas-budapest-iv-kerulet-kaposztasmegyer/8661120?page=14&pos=7&cr=153,"Budapest IV. kerület eladó téglalakás 1 szobás: 63,9 millió Ft",63.9,43.0,43 m²,1.0,"Budapest IV. kerület, Káposztásmegyer",2025-08-17,Téglalakás,,Házközponti fűtés egyedi méréssel,2005.0,B,,,,,,,,,,,
https://www.zenga.hu/ingatlan/elado-teglalakas-budapest-iv-kerulet-ujpest/8661158?page=14&pos=8&cr=153,"Budapest IV. kerület eladó téglalakás 2 szobás: 64,9 millió Ft",64.9,44.0,44 m²,2.0,"Budapest IV. kerület, Újpest, Váci út",2025-08-17,Téglalakás,,,1930.0,Nem adta meg a hirdető,,,,,,,,,,,
https://www.zenga.hu/ingatlan/elado-csusztatott-zsalus-lakas-budapest-iv-kerulet/8652900?page=14&pos=10&cr=153,Eladó 3 szobás csúsztatott zsalus lakás Budapest IV. kerületben,,,,,,2025-08-17,,,,,,,,,,,,,,,,
https://www.zenga.hu/ingatlan/elado-panellakas-budapest-iv-kerulet/8651672?page=14&pos=11&cr=153,"Budapest IV. kerület eladó panellakás 2 szobás: 64,8 millió Ft",64.8,50.0,50 m²,2.0,"Budapest IV. kerület, Szigeti József utca",2025-08-17,Panellakás,Jó állapotú,Távfűtés egyedi méréssel,1994.0,Nem adta meg a hirdető,,,10.0,"4,3 m²",,,,,,,
https://www.zenga.hu/ingatlan/elado-teglalakas-nyiregyhaza-malomkert/8650628?page=14&pos=12&cr=151,,,,,,,2025-08-17,,,,,,,,,,,,,,,,
https://www.zenga.hu/ingatlan/elado-teglalakas-budapest-v-kerulet-belvaros/8463777?page=14&pos=13&cr=151,Budapest V. kerület eladó téglalakás 3+1 fél szobás: 189 millió Ft,189.0,100.0,100 m²,3.0,"Budapest V. kerület, Belváros",2025-08-17,Téglalakás,Átlagos,Központi fűtés,1940.0,Nem adta meg a hirdető,,,5.0,,,,,,,,
https://www.zenga.hu/ingatlan/elado-panellakas-nyiregyhaza-orokosfold/8647308?page=14&pos=14&cr=151,"Nyíregyháza eladó panellakás 2 szobás: 36,5 millió Ft",36.5,55.0,55 m²,2.0,"Nyíregyháza, Örökösföld",2025-08-17,Panellakás,Jó állapotú,Távfűtés egyedi méréssel,1980.0,Nem adta meg a hirdető,,,4.0,6 m²,,,,,,,
https://www.zenga.hu/ingatlan/elado-csusztatott-zsalus-lakas-miskolc/8554810?page=14&pos=15&cr=150,"Miskolc eladó csúsztatott zsalus lakás 2 szobás: 24,5 millió Ft",24.5,52.0,52 m²,2.0,Miskolc,2025-08-17,Csúsztatott zsalus lakás,Jó állapotú,Gáz (konvektor),1970.0,D,,,,,,,,,,,
https://www.zenga.hu/ingatlan/elado-panellakas-budapest-xiv-kerulet/8660970?page=14&pos=16&cr=150,"Budapest XIV. kerület eladó panellakás 2 szobás: 57,9 millió Ft",57.9,50.0,50 m²,2.0,Budapest XIV. kerület,2025-08-17,Panellakás,Jó állapotú,Távfűtés,1976.0,Nem adta meg a hirdető,,,,,,,,,,,
https://www.zenga.hu/ingatlan/elado-teglalakas-budapest-xiii-kerulet/8228585?page=14&pos=18&cr=150,"Eladó 3 szobás téglalakás 118,2 millió Ft értékben Budapest XIII. kerületben - Metropol13 4. ütem lakóparkban",118.2,56.0,56 m²,3.0,Budapest XIII. kerület,2025-08-17,Téglalakás,Új építésű,Hőszivattyú,,A+,,,9.0,"46,7 m²",,2025. 4. negyedév,,,,,
https://www.zenga.hu/ingatlan/elado-teglalakas-budapest-ii-kerulet-rozsadomb/8210223?page=14&pos=19&cr=150,,,,,,,2025-08-17,,,,,,,,,,,,,,,,
https://www.zenga.hu/ingatlan/elado-teglalakas-budapest-xiv-kerulet-torokor/8352125?page=14&pos=20&cr=150,"Budapest XIV. kerület eladó téglalakás 2 szobás: 84,9 millió Ft",84.9,58.0,58 m²,2.0,"Budapest XIV. kerület, Törökőr",2025-08-17,Téglalakás,,Gázkazán,1965.0,Nem adta meg a hirdető,,,,"3,5 m²",,,,,,,
https://www.zenga.hu/ingatlan/elado-teglalakas-budapest-iii-kerulet-obuda/8581889?page=15&pos=1&cr=150,"Budapest III. kerület eladó téglalakás: 84,9 millió Ft",84.9,47.0,47 m²,,"Budapest III. kerület, Óbuda",2025-08-17,Téglalakás,Újszerű,Gázkazán,2007.0,Nem adta meg a hirdető,,,1.0,,,,,,,,
https://www.zenga.hu/ingatlan/elado-panellakas-bekescsaba-belvaros/8592135?page=15&pos=2&cr=150,"Békéscsaba eladó panellakás 3 szobás: 36,7 millió Ft",36.7,68.0,68 m²,3.0,"Békéscsaba, Belváros, Wlassics sétány",2025-08-17,Panellakás,Átlagos,Házközponti fűtés egyedi méréssel,,E,,,5.0,"3,8 m²",,,,,,,
https://www.zenga.hu/ingatlan/elado-panellakas-budapest-xix-kerulet/8555277?page=15&pos=3&cr=150,Budapest XIX. kerület eladó panellakás 1+2 fél szobás: 56 millió Ft,56.0,59.0,59 m²,1.0,Budapest XIX. kerület,2025-08-17,Panellakás,Átlagos,Távfűtés,1981.0,D,,,,,,,,,,,
https://www.zenga.hu/ingatlan/elado-teglalakas-gyula/8631739?page=15&pos=4&cr=150,"Gyula eladó téglalakás 1+1 fél szobás: 41,9 millió Ft",41.9,45.0,45 m²,1.0,"Gyula, Városház utca 17-19",2025-08-17,Téglalakás,Jó állapotú,Gázkazán,2007.0,E,,,4.0,,7 140 Ft/hó,,,,,,
https://www.zenga.hu/ingatlan/elado-teglalakas-tokaj/8404757?page=15&pos=5&cr=150,"Eladó 3 szobás téglalakás 192,5 millió Ft értékben Tokajban - Y Residence Tokaj lakóparkban",192.5,90.0,90 m²,3.0,Tokaj,2025-08-17,Téglalakás,Új építésű,Hőszivattyú,,,,,2.0,,,,,,,,
https://www.zenga.hu/ingatlan/elado-teglalakas-nyiregyhaza-belvaros/8628524?page=15&pos=9&cr=150,"Nyíregyháza eladó téglalakás 4 szobás: 69,9 millió Ft",69.9,69.0,69 m²,4.0,"Nyíregyháza, Belváros",2025-08-17,Téglalakás,Felújított,Gázkazán,2008.0,Nem adta meg a hirdető,,,2.0,4 m²,,,,,,,
https://www.zenga.hu/ingatlan/elado-panellakas-budapest-iv-kerulet-ujpest/8517291?page=15&pos=10&cr=150,"Budapest IV. kerület eladó panellakás 2 szobás: 56,5 millió Ft",56.5,54.0,54 m²,2.0,"Budapest IV. kerület, Újpest",2025-08-17,Panellakás,Átlagos,Távfűtés,,Nem adta meg a hirdető,,,10.0,4 m²,,,,,,,
https://www.zenga.hu/ingatlan/elado-teglalakas-gyor-sziget/8635918?page=15&pos=11&cr=150,"Győr eladó téglalakás 1+1 fél szobás: 49,9 millió Ft",49.9,49.0,49 m²,1.0,"Győr, Sziget, Akác tér 11.",2025-08-17,Téglalakás,Átlagos,Gázkazán,2004.0,Nem adta meg a hirdető,,,2.0,5 m²,,,,,,,
https://www.zenga.hu/ingatlan/elado-teglalakas-budapest-iii-kerulet/8570568?page=15&pos=12&cr=150,,,,,,,2025-08-17,,,,,,,,,,,,,,,,
https://www.zenga.hu/ingatlan/elado-teglalakas-budapest-xii-kerulet/8621547?page=15&pos=13&cr=150,Budapest XII. kerület eladó téglalakás 3 szobás: 113 millió Ft,113.0,64.0,64 m²,3.0,Budapest XII. kerület,2025-08-17,Téglalakás,Felújított,Gázkazán,1920.0,Nem adta meg a hirdető,,,,,,,,,,,
https://www.zenga.hu/ingatlan/elado-teglalakas-budapest-vii-kerulet-nagykoruton-beluli-terulet/8652936?page=15&pos=14&cr=150,Eladó 2 szobás téglalakás Budapest VII. kerületben,,,,,,2025-08-17,,,,,,,,,,,,,,,,
https://www.zenga.hu/ingatlan/elado-teglalakas-budapest-vii-kerulet/8651806?page=15&pos=15&cr=150,,,,,,,2025-08-17,,,,,,,,,,,,,,,,
https://www.zenga.hu/ingatlan/elado-teglalakas-budapest-vi-kerulet/8514350?page=15&pos=16&cr=150,Budapest VI. kerület eladó téglalakás 4 szobás: 155 millió Ft,155.0,108.0,108 m²,4.0,Budapest VI. kerület,2025-08-17,Téglalakás,Felújított,Gázkazán,2009.0,Nem adta meg a hirdető,,,,,,,,,,,
https://www.zenga.hu/ingatlan/elado-teglalakas-budapest-xii-kerulet-zugliget/8572542?page=15&pos=17&cr=150,"Budapest XII. kerület eladó téglalakás 2 szobás: 59,8 millió Ft",59.8,49.0,49 m²,2.0,"Budapest XII. kerület, Zugliget",2025-08-17,Téglalakás,Átlagos,Gáz (konvektor),1910.0,Nem adta meg a hirdető,,,,,,,,,,,
https://www.zenga.hu/ingatlan/elado-tarsashazi-lakas-nyiregyhaza/8647200?page=15&pos=18&cr=150,"Nyíregyháza eladó társasházi lakás 3 szobás: 46,9 millió Ft",46.9,58.0,58 m²,3.0,Nyíregyháza,2025-08-17,Társasházi lakás,Jó állapotú,Gázkazán,2006.0,A+,,,4.0,"4,5 m²",,,,,,,
https://www.zenga.hu/ingatlan/elado-teglalakas-nyiregyhaza/8647274?page=15&pos=19&cr=150,"Nyíregyháza eladó téglalakás 3 szobás: 51,9 millió Ft",51.9,52.0,52 m²,3.0,Nyíregyháza,2025-08-17,Téglalakás,Újszerű,Gázkazán,2008.0,Nem adta meg a hirdető,,Nincs,3.0,1 m²,10 000 Ft/hó,,,,,,
https://www.zenga.hu/ingatlan/elado-teglalakas-nyiregyhaza/8647114?page=15&pos=20&cr=150,"Nyíregyháza eladó téglalakás 2 szobás: 35,5 millió Ft",35.5,48.0,48 m²,2.0,Nyíregyháza,2025-08-17,Téglalakás,Jó állapotú,Távfűtés egyedi méréssel,1980.0,A,,,5.0,,,,,,,,
https://www.zenga.hu/ingatlan/elado-teglalakas-budapest-ii-kerulet-torokvesz/8661157?page=15&pos=3&cr=164,Budapest II. kerület eladó téglalakás 4 szobás: 300 millió Ft,300.0,140.0,140 m²,4.0,"Budapest II. kerület, Törökvész, Endrődi Sándor utca",2025-08-17,Téglalakás,,Gázkazán,1979.0,Nem adta meg a hirdető,,,,15 m²,,,,,,,
https://www.zenga.hu/ingatlan/elado-teglalakas-budapest-ii-kerulet-rozsadomb/8664152?page=15&pos=4&cr=164,,,,,,,2025-08-17,,,,,,,,,,,,,,,,
https://www.zenga.hu/ingatlan/elado-teglalakas-budapest-ii-kerulet-pasaret/8661111?page=15&pos=5&cr=164,,,,,,,2025-08-17,,,,,,,,,,,,,,,,
https://www.zenga.hu/ingatlan/elado-teglalakas-budapest-ii-kerulet/8662682?page=15&pos=7&cr=164,Budapest II. kerület eladó téglalakás 4 szobás: 330 millió Ft,330.0,136.0,136 m²,4.0,Budapest II. kerület,2025-08-17,,,,,,,,,,,,,,,,
https://www.zenga.hu/ingatlan/elado-teglalakas-budapest-ii-kerulet/8660293?page=15&pos=8&cr=164,Budapest II. kerület eladó téglalakás 3 szobás: 126 millió Ft,126.0,66.0,66 m²,3.0,"Budapest II. kerület, Keleti Károly utca",2025-08-17,Téglalakás,Jó állapotú,Gázkazán,1910.0,Nem adta meg a hirdető,,,5.0,,,,,,,,
https://www.zenga.hu/ingatlan/elado-teglalakas-budapest-xiv-kerulet-alsorakos/8667984?page=15&pos=9&cr=162,Budapest XIV. kerület eladó téglalakás 2 szobás: 78 millió Ft,78.0,60.0,60 m²,2.0,"Budapest XIV. kerület, Alsórákos",2025-08-17,Téglalakás,,,,,,,,,,,,,,,
https://www.zenga.hu/ingatlan/elado-teglalakas-budapest-xiv-kerulet/8665104?page=15&pos=12&cr=162,Budapest XIV. kerület eladó téglalakás 2 szobás: 77 millió Ft,77.0,43.0,43 m²,2.0,"Budapest XIV. kerület, Egressy út",2025-08-17,Téglalakás,Újszerű,Házközponti fűtés egyedi méréssel,2008.0,Nem adta meg a hirdető,,,6.0,6 m²,,,,,,,
https://www.zenga.hu/ingatlan/elado-tarsashazi-lakas-aszod/8549722?page=15&pos=15&cr=160,Aszód eladó társasházi lakás 20+10 fél szobás: 299 millió Ft,299.0,664.0,664 m²,20.0,Aszód,2025-08-17,Társasházi lakás,Jó állapotú,Házközponti fűtés egyedi méréssel,,Nem adta meg a hirdető,,,2.0,,,,,,,,
https://www.zenga.hu/ingatlan/elado-teglalakas-budapest-iii-kerulet-uromhegy/8333313?page=15&pos=16&cr=156,"Budapest III. kerület eladó téglalakás 4 szobás: 178,9 millió Ft",178.9,93.0,93 m²,4.0,"Budapest III. kerület, Ürömhegy",2025-08-17,Téglalakás,Új építésű,Hőszivattyú,2024.0,Nem adta meg a hirdető,,,1.0,,,,,,,,
https://www.zenga.hu/ingatlan/elado-teglalakas-budapest-iv-kerulet-kaposztasmegyer/8661120?page=15&pos=17&cr=155,"Budapest IV. kerület eladó téglalakás 1 szobás: 63,9 millió Ft",63.9,43.0,43 m²,1.0,"Budapest IV. kerület, Káposztásmegyer",2025-08-17,Téglalakás,,Házközponti fűtés egyedi méréssel,2005.0,B,,,,,,,,,,,
https://www.zenga.hu/ingatlan/elado-teglalakas-budapest-iv-kerulet/8666775?page=15&pos=18&cr=155,Eladó 1 szobás téglalakás Budapest IV. kerületben,,,,,,2025-08-17,,,,,,,,,,,,,,,,
https://www.zenga.hu/ingatlan/elado-teglalakas-budapest-iv-kerulet/8666776?page=15&pos=19&cr=155,"Budapest IV. kerület eladó téglalakás 1 szobás: 44,9 millió Ft",,,,,,2025-08-17,,,,,,,,,,,,,,,,
https://www.zenga.hu/ingatlan/elado-tarsashazi-lakas-budapest-xiii-kerulet/8469029?page=15&pos=20&cr=155,"Eladó 1 szobás téglalakás 87,1 millió Ft értékben Budapest XIII. kerületben - Cosmo Residence lakóparkban",87.1,33.0,33 m²,1.0,Budapest XIII. kerület,2025-08-17,Téglalakás,Új építésű,Egyéb,2025.0,Nem adta meg a hirdető,,,,"2,2 m²",,2027. 2. negyedév,,,,,
https://www.zenga.hu/ingatlan/elado-teglalakas-budapest-iv-kerulet-ujpest/8661158?page=16&pos=1&cr=155,"Budapest IV. kerület eladó téglalakás 2 szobás: 64,9 millió Ft",64.9,44.0,44 m²,2.0,"Budapest IV. kerület, Újpest, Váci út",2025-08-17,Téglalakás,,,1930.0,Nem adta meg a hirdető,,,,,,,,,,,
https://www.zenga.hu/ingatlan/elado-csusztatott-zsalus-lakas-budapest-iv-kerulet/8652900?page=16&pos=3&cr=155,Eladó 3 szobás csúsztatott zsalus lakás Budapest IV. kerületben,,,,,,2025-08-17,,,,,,,,,,,,,,,,
https://www.zenga.hu/ingatlan/elado-teglalakas-nagykanizsa-belvaros/8584691?page=16&pos=4&cr=155,"Nagykanizsa eladó téglalakás 2 szobás: 28,9 millió Ft",28.9,42.0,42 m²,2.0,"Nagykanizsa, Belváros",2025-08-17,Téglalakás,Újszerű,Gáz (konvektor),,E,,,4.0,,,,,,,,
https://www.zenga.hu/ingatlan/elado-teglalakas-budapest-xiii-kerulet/8228576?page=16&pos=6&cr=155,"Eladó 1 szobás téglalakás 61,49 millió Ft értékben Budapest XIII. kerületben - River Life lakóparkban",61.49,36.0,36 m²,1.0,"Budapest XIII. kerület, Népfürdő utca 47.",2025-08-17,Téglalakás,Új építésű,Egyéb,,AA+ (2016-2023-as besorolás),,,8.0,,,2024. 4. negyedév,,,,,
https://www.zenga.hu/ingatlan/elado-teglalakas-nyiregyhaza-malomkert/8650628?page=16&pos=7&cr=151,"Nyíregyháza eladó téglalakás 2 szobás: 37,5 millió Ft",37.5,58.0,58 m²,2.0,"Nyíregyháza, Malomkert",2025-08-17,Téglalakás,Jó állapotú,Gázkazán,1982.0,Nem adta meg a hirdető,,,3.0,,,,6 m²,,,,
https://www.zenga.hu/ingatlan/elado-panellakas-nyiregyhaza-orokosfold/8647308?page=16&pos=8&cr=151,"Nyíregyháza eladó panellakás 2 szobás: 36,5 millió Ft",36.5,55.0,55 m²,2.0,"Nyíregyháza, Örökösföld",2025-08-17,Panellakás,Jó állapotú,Távfűtés egyedi méréssel,1980.0,Nem adta meg a hirdető,,,4.0,6 m²,,,,,,,
https://www.zenga.hu/ingatlan/elado-tarsashazi-lakas-miskolc-martinkertvaros/8592312?page=16&pos=9&cr=151,"Miskolc eladó társasházi lakás 4 szobás: 82,5 millió Ft",82.5,102.0,102 m²,4.0,"Miskolc, Martinkertváros",2025-08-17,Társasházi lakás,Új építésű,Hőszivattyú,2025.0,A++,,,2.0,6 m²,,,,,,,
https://www.zenga.hu/ingatlan/elado-teglalakas-budapest-ii-kerulet-rozsadomb/8210223?page=16&pos=11&cr=150,Budapest II. kerület eladó téglalakás 5 szobás: 185 millió Ft,185.0,144.0,144 m²,5.0,"Budapest II. kerület, Rózsadomb, Buday László utca",2025-08-17,Téglalakás,Felújított,Gázkazán,1920.0,Nem adta meg a hirdető,,,3.0,,,,,,,,
https://www.zenga.hu/ingatlan/elado-teglalakas-budapest-xiii-kerulet/8228585?page=16&pos=12&cr=150,"Eladó 3 szobás téglalakás 118,2 millió Ft értékben Budapest XIII. kerületben - Metropol13 4. ütem lakóparkban",,,,,,2025-08-17,,,,,,,,,,,,,,,,
https://www.zenga.hu/ingatlan/elado-teglalakas-budapest-vi-kerulet/8161014?page=16&pos=14&cr=150,,,,,,,2025-08-17,,,,,,,,,,,,,,,,
https://www.zenga.hu/ingatlan/elado-teglalakas-budapest-vii-kerulet-nagykoruton-beluli-terulet/8487336?page=16&pos=15&cr=150,Budapest VII. kerület eladó téglalakás 4 szobás: 155 millió Ft,155.0,87.0,87 m²,4.0,"Budapest VII. kerület, Belső-Erzsébetváros",2025-08-17,Téglalakás,,Fan coil,1900.0,Nem adta meg a hirdető,,,,,,,,,,,
https://www.zenga.hu/ingatlan/elado-panellakas-budapest-xviii-kerulet-havanna-lakotelep/8640289?page=16&pos=17&cr=150,"Budapest XVIII. kerület eladó panellakás 3 szobás: 69,9 millió Ft",69.9,72.0,72 m²,3.0,"Budapest XVIII. kerület, Havanna lakótelep",2025-08-17,Panellakás,Jó állapotú,Távfűtés egyedi méréssel,1981.0,D,,,,,,,,,,,
https://www.zenga.hu/ingatlan/elado-teglalakas-gyula/8631739?page=16&pos=18&cr=150,"Gyula eladó téglalakás 1+1 fél szobás: 41,9 millió Ft",41.9,45.0,45 m²,1.0,"Gyula, Városház utca 17-19",2025-08-17,Téglalakás,Jó állapotú,Gázkazán,2007.0,E,,,4.0,,7 140 Ft/hó,,,,,,
https://www.zenga.hu/ingatlan/elado-panellakas-bekescsaba-belvaros/8592135?page=16&pos=19&cr=150,"Békéscsaba eladó panellakás 3 szobás: 36,7 millió Ft",36.7,68.0,68 m²,3.0,"Békéscsaba, Belváros, Wlassics sétány",2025-08-17,Panellakás,Átlagos,Házközponti fűtés egyedi méréssel,,E,,,5.0,"3,8 m²",,,,,,,
https://www.zenga.hu/ingatlan/elado-panellakas-budapest-xviii-kerulet-havanna-lakotelep/8502356?page=16&pos=20&cr=150,Eladó 2 szobás panellakás Budapest XVIII. kerületben,,,,,,2025-08-17,,,,,,,,,,,,,,,,
https://www.zenga.hu/ingatlan/elado-teglalakas-budapest-xiii-kerulet-ujlipotvaros/8662627?page=17&pos=1&cr=150,"Budapest XIII. kerület eladó téglalakás 2 szobás: 77,9 millió Ft",77.9,,,,,2025-08-17,,,,,,,,,,,,,,,,
https://www.zenga.hu/ingatlan/elado-teglalakas-budapest-xiii-kerulet-ujlipotvaros/8662626?page=17&pos=2&cr=150,"Budapest XIII. kerület eladó téglalakás 1 szobás: 41,9 millió Ft",41.9,33.0,33 m²,1.0,"Budapest XIII. kerület, Újlipótváros",2025-08-17,Téglalakás,Felújítandó,Gáz (konvektor),1927.0,Nem adta meg a hirdető,,,4.0,,,,,,,,
https://www.zenga.hu/ingatlan/elado-teglalakas-budapest-xiii-kerulet-ujlipotvaros/8662625?page=17&pos=3&cr=150,"Budapest XIII. kerület eladó téglalakás 1+1 fél szobás: 72,9 millió Ft",72.9,42.0,42 m²,1.0,"Budapest XIII. kerület, Újlipótváros",2025-08-17,Téglalakás,Felújított,Gáz (konvektor),1910.0,Nem adta meg a hirdető,,,5.0,,,,,,,,
https://www.zenga.hu/ingatlan/elado-teglalakas-nyiregyhaza-belvaros/8628524?page=17&pos=4&cr=150,"Nyíregyháza eladó téglalakás 4 szobás: 69,9 millió Ft",69.9,69.0,69 m²,4.0,"Nyíregyháza, Belváros",2025-08-17,Téglalakás,Felújított,Gázkazán,2008.0,Nem adta meg a hirdető,,,2.0,4 m²,,,,,,,
https://www.zenga.hu/ingatlan/elado-teglalakas-gyor-nadorvaros/8616420?page=17&pos=5&cr=150,Győr eladó téglalakás 1 szobás: 39 millió Ft,39.0,34.0,34 m²,1.0,"Győr, Nádorváros",2025-08-17,Téglalakás,Felújított,Hőszivattyú,,Nem adta meg a hirdető,,,3.0,3 m²,,,,,,,
https://www.zenga.hu/ingatlan/elado-teglalakas-gyor-sziget/8635918?page=17&pos=6&cr=150,"Győr eladó téglalakás 1+1 fél szobás: 49,9 millió Ft",49.9,49.0,49 m²,1.0,"Győr, Sziget, Akác tér 11.",2025-08-17,Téglalakás,Átlagos,Gázkazán,2004.0,Nem adta meg a hirdető,,,2.0,5 m²,,,,,,,
https://www.zenga.hu/ingatlan/elado-teglalakas-budapest-iii-kerulet/8570568?page=17&pos=7&cr=150,Budapest III. kerület eladó téglalakás 1 szobás: 85 millió Ft,85.0,31.0,31 m²,1.0,Budapest III. kerület,2025-08-17,Téglalakás,Újszerű,Házközponti fűtés egyedi méréssel,2022.0,Nem adta meg a hirdető,,,,,,,,,,,
https://www.zenga.hu/ingatlan/elado-teglalakas-budapest-xii-kerulet/8621547?page=17&pos=8&cr=150,Budapest XII. kerület eladó téglalakás 3 szobás: 113 millió Ft,113.0,64.0,64 m²,3.0,,2025-08-17,,,,,,,,,,,,,,,,
https://www.zenga.hu/ingatlan/elado-teglalakas-budapest-v-kerulet-belvaros/8478533?page=17&pos=9&cr=150,"Budapest V. kerület eladó téglalakás 1 szobás: 95,9 millió Ft",95.9,42.0,42 m²,1.0,"Budapest V. kerület, Belváros",2025-08-17,Téglalakás,Újszerű,,1978.0,Nem adta meg a hirdető,,,7.0,,,,,,,,
https://www.zenga.hu/ingatlan/elado-teglalakas-budapest-vii-kerulet/8651806?page=17&pos=10&cr=150,,,,,,,2025-08-17,,,,,,,,,,,,,,,,
https://www.zenga.hu/ingatlan/elado-teglalakas-budapest-iii-kerulet/8642335?page=17&pos=11&cr=150,Budapest III. kerület eladó téglalakás 2 szobás: 127 millió Ft,127.0,47.0,,,,2025-08-17,,,,,,,,,,,,,,,,
https://www.zenga.hu/ingatlan/elado-teglalakas-budapest-vi-kerulet/8514350?page=17&pos=13&cr=150,Budapest VI. kerület eladó téglalakás 4 szobás: 155 millió Ft,155.0,108.0,108 m²,4.0,Budapest VI. kerület,2025-08-17,Téglalakás,Felújított,Gázkazán,2009.0,Nem adta meg a hirdető,,,,,,,,,,,
https://www.zenga.hu/ingatlan/elado-teglalakas-nyiregyhaza/8647274?page=17&pos=14&cr=150,"Nyíregyháza eladó téglalakás 3 szobás: 51,9 millió Ft",51.9,52.0,52 m²,3.0,Nyíregyháza,2025-08-17,Téglalakás,Újszerű,Gázkazán,2008.0,Nem adta meg a hirdető,,Nincs,3.0,1 m²,10 000 Ft/hó,,,,,,
https://www.zenga.hu/ingatlan/elado-tarsashazi-lakas-nyiregyhaza/8647259?page=17&pos=15&cr=150,Nyíregyháza eladó társasházi lakás 5 szobás: 75 millió Ft,75.0,100.0,100 m²,5.0,Nyíregyháza,2025-08-17,Társasházi lakás,Jó állapotú,Gázkazán,2008.0,A++,,,3.0,"0,5 m²",,,,,,,
https://www.zenga.hu/ingatlan/elado-tarsashazi-lakas-nyiregyhaza/8647108?page=17&pos=16&cr=150,Nyíregyháza eladó társasházi lakás 3 szobás: 92 millió Ft,92.0,85.0,85 m²,3.0,Nyíregyháza,2025-08-17,Társasházi lakás,Újszerű,Gázkazán,2020.0,A+++,,,3.0,"26,5 m²",,,5 m²,,,,
https://www.zenga.hu/ingatlan/elado-tarsashazi-lakas-nyiregyhaza/8647200?page=17&pos=17&cr=150,"Nyíregyháza eladó társasházi lakás 3 szobás: 46,9 millió Ft",46.9,58.0,58 m²,3.0,Nyíregyháza,2025-08-17,Társasházi lakás,Jó állapotú,Gázkazán,2006.0,A+,,,4.0,"4,5 m²",,,,,,,
https://www.zenga.hu/ingatlan/elado-teglalakas-nyiregyhaza/8647114?page=17&pos=18&cr=150,"Nyíregyháza eladó téglalakás 2 szobás: 35,5 millió Ft",35.5,48.0,48 m²,2.0,Nyíregyháza,2025-08-17,Téglalakás,Jó állapotú,Távfűtés egyedi méréssel,1980.0,A,,,5.0,,,,,,,,
https://www.zenga.hu/ingatlan/elado-tarsashazi-lakas-nyiregyhaza/8647269?page=17&pos=19&cr=150,Nyíregyháza eladó társasházi lakás 3 szobás: 65 millió Ft,65.0,95.0,95 m²,3.0,Nyíregyháza,2025-08-17,Társasházi lakás,Jó állapotú,Gázkazán,2010.0,A++,,,3.0,,,,8 m²,,,,
https://www.zenga.hu/ingatlan/elado-teglalakas-nyiregyhaza/8645345?page=17&pos=20&cr=150,"Nyíregyháza eladó téglalakás 3 szobás: 47,9 millió Ft",47.9,65.0,65 m²,3.0,"Nyíregyháza, Víz utca",2025-08-17,Téglalakás,Átlagos,Gázkazán,1994.0,A++,,Nincs,3.0,2 m²,,,3 m²,,,,
https://www.zenga.hu/ingatlan/elado-egyeb-lakas-budapest-v-kerulet-belvaros/8510169?page=18&pos=1&cr=150,Budapest V. kerület eladó egyéb lakás: 90 millió Ft,90.0,66.0,66 m²,,,2025-08-17,,,,,,,,,,,,,,,,
https://www.zenga.hu/ingatlan/elado-teglalakas-budapest-xiii-kerulet-ujlipotvaros/8563867?page=18&pos=2&cr=150,"Budapest XIII. kerület eladó téglalakás 4 szobás: 128,9 millió Ft",128.9,103.0,103 m²,4.0,"Budapest XIII. kerület, Újlipótváros",2025-08-17,Téglalakás,Felújított,Gáz (konvektor),1910.0,Nem adta meg a hirdető,,,5.0,,,,,,,,
https://www.zenga.hu/ingatlan/elado-teglalakas-budapest-xi-kerulet/8556774?page=18&pos=3&cr=150,,,,,,,2025-08-17,,,,,,,,,,,,,,,,
https://www.zenga.hu/ingatlan/elado-teglalakas-budapest-vii-kerulet/8626478?page=18&pos=4&cr=150,"Budapest VII. kerület eladó téglalakás 2+1 fél szobás: 69,9 millió Ft",,,,,,2025-08-17,,,,,,,,,,,,,,,,
https://www.zenga.hu/ingatlan/elado-egyeb-lakas-balatonfured/8534066?page=18&pos=5&cr=150,"Balatonfüred eladó egyéb lakás 2 szobás: 74,9 millió Ft",74.9,52.0,52 m²,2.0,Balatonfüred,2025-08-17,Egyéb lakás,Felújított,,2020.0,Nem adta meg a hirdető,,,,,,,,,,,
https://www.zenga.hu/ingatlan/elado-teglalakas-budapest-xvi-kerulet-rakosszentmihaly/8533561?page=18&pos=6&cr=150,"Budapest XVI. kerület eladó téglalakás 2 szobás: 54,8 millió Ft",54.8,66.0,66 m²,2.0,"Budapest XVI. kerület, Rákosszentmihály, Rákosi út",2025-08-17,Téglalakás,Felújítandó,Gáz (konvektor),,Nem adta meg a hirdető,,,1.0,,,,7 m²,,,,
https://www.zenga.hu/ingatlan/elado-teglalakas-balatonmariafurdo/8440064?page=18&pos=7&cr=150,"Balatonmáriafürdő eladó téglalakás 1+1 fél szobás: 60,97 millió Ft",60.97,41.0,41 m²,1.0,Balatonmáriafürdő,2025-08-17,Téglalakás,Új építésű,Elektromos,2025.0,Nem adta meg a hirdető,,Nincs,,8 m²,,,20 m²,,,,
https://www.zenga.hu/ingatlan/elado-teglalakas-lenti/8609496?page=18&pos=8&cr=150,"Lenti eladó téglalakás 3 szobás: 21,5 millió Ft",21.5,57.0,57 m²,3.0,"Lenti, Átkötő",2025-08-17,Téglalakás,Felújítandó,Gáz (konvektor),,Nem adta meg a hirdető,,,4.0,,,,,,,,
https://www.zenga.hu/ingatlan/elado-teglalakas-budapest-xiii-kerulet/8595449?page=18&pos=9&cr=150,"Eladó 3 szobás téglalakás 99,39 millió Ft értékben Budapest XIII. kerületben - Blueside lakóparkban",99.39,61.0,61 m²,3.0,"Budapest XIII. kerület, Tahi utca 73.",2025-08-17,Téglalakás,Új építésű,Mennyezeti hűtés-fűtés,2025.0,A+,,,5.0,14 m²,,2025. 4. negyedév,,,,,
https://www.zenga.hu/ingatlan/elado-panellakas-budapest-iii-kerulet-bekasmegyer/8523193?page=18&pos=10&cr=150,Budapest III. kerület eladó panellakás 2 szobás: 65 millió Ft,65.0,50.0,50 m²,2.0,"Budapest III. kerület, Békásmegyer",2025-08-17,Panellakás,Felújított,Távfűtés egyedi méréssel,1982.0,Nem adta meg a hirdető,,,4.0,,,,,,,,
https://www.zenga.hu/ingatlan/elado-panellakas-budapest-iii-kerulet-obuda/8586577?page=18&pos=11&cr=150,"Budapest III. kerület eladó panellakás 3 szobás: 79,9 millió Ft",79.9,69.0,69 m²,3.0,"Budapest III. kerület, Óbuda",2025-08-17,Panellakás,Jó állapotú,Távfűtés egyedi méréssel,1980.0,Nem adta meg a hirdető,,,10.0,,,,,,,,
https://www.zenga.hu/ingatlan/elado-teglalakas-budapest-xiii-kerulet-loportardulo/8586580?page=18&pos=12&cr=150,"Budapest XIII. kerület eladó téglalakás 2 szobás: 72,4 millió Ft",72.4,66.0,66 m²,2.0,"Budapest XIII. kerület, Lőportárdűlő",2025-08-17,Téglalakás,Átlagos,Gáz (konvektor),1905.0,Nem adta meg a hirdető,,,3.0,,,,,,,,
https://www.zenga.hu/ingatlan/elado-teglalakas-hegyeshalom/8521742?page=18&pos=13&cr=150,"Eladó 2 szobás téglalakás 45,46 millió Ft értékben Hegyeshalomon - Hegyeshalom társasház lakóparkban",45.46,45.0,45 m²,2.0,"Hegyeshalom, Nefelejcs utca 11",2025-08-17,Téglalakás,Új építésű,Hőszivattyú,,Nem adta meg a hirdető,,,3.0,"8,7 m²",,2026. december,,,,,
https://www.zenga.hu/ingatlan/elado-teglalakas-budapest-xiii-kerulet/7930688?page=18&pos=14&cr=150,"Eladó 1 szobás téglalakás 83,59 millió Ft értékben Budapest XIII. kerületben - Terracotta Clubhouse lakóparkban",83.59,52.0,52 m²,1.0,"Budapest XIII. kerület, Jász utca 56",2025-08-17,Téglalakás,Új építésű,Egyéb,,,,,5.0,"9,5 m²",,2025. 3. negyedév,,,,,
https://www.zenga.hu/ingatlan/elado-teglalakas-keszthely/8487702?page=18&pos=15&cr=150,"Eladó 1 szobás téglalakás 41,51 millió Ft értékben Keszthelyen - Royal Homes Center lakóparkban",41.51,22.0,22 m²,1.0,"Keszthely, Rákóczi tér 16.",2025-08-17,Téglalakás,Új építésű,Hőszivattyú,,A+,,,4.0,"16,1 m²",,2026. 4. negyedév,,,,,
https://www.zenga.hu/ingatlan/elado-teglalakas-aszofo/8285210?page=18&pos=16&cr=150,"Eladó 3 szobás téglalakás 88,4 millió Ft értékben Aszófőn - Szárazvölgy Lakópark lakóparkban",88.4,61.0,61 m²,3.0,"Aszófő, Hunyadi utca 1.",2025-08-17,Téglalakás,Új építésű,Fan coil,,AA++ (2016-2023-as besorolás),,,4.0,"9,9 m²",,2025. 4. negyedév,,,,,
https://www.zenga.hu/ingatlan/elado-teglalakas-budapest-xx-kerulet-pesterzsebet/8593098?page=18&pos=17&cr=148,"Budapest XX. kerület eladó téglalakás 2 szobás: 49,9 millió Ft",49.9,55.0,55 m²,2.0,"Budapest XX. kerület, Pesterzsébet",2025-08-17,Téglalakás,Felújítandó,Gáz (konvektor),1963.0,Nem adta meg a hirdető,,,,,,,,,,,
https://www.zenga.hu/ingatlan/elado-teglalakas-budapest-viii-kerulet-fuvesz-kert/8631158?page=18&pos=18&cr=147,"Budapest VIII. kerület eladó téglalakás 1 szobás: 32,9 millió Ft",32.9,22.0,22 m²,1.0,"Budapest VIII. kerület, Füvész kert",2025-08-17,Téglalakás,Felújítandó,Gáz (konvektor),1950.0,Nem adta meg a hirdető,,,,,,,,,,,
https://www.zenga.hu/ingatlan/elado-teglalakas-keszthely/8183244?page=18&pos=19&cr=145,"Eladó 2 szobás téglalakás 126,9 millió Ft értékben Keszthelyen - Royal Homes Exclusive lakóparkban",126.9,61.0,61 m²,2.0,"Keszthely, Vitorlás sétány 10.",2025-08-17,Téglalakás,Új építésű,Hőszivattyú,,AA+ (2016-2023-as besorolás),,,4.0,31 m²,,2025. 2. negyedév,,,,,
https://www.zenga.hu/ingatlan/elado-panellakas-budapest-iii-kerulet-obuda/8659807?page=18&pos=20&cr=142,"Budapest III. kerület eladó panellakás 3 szobás: 89,99 millió Ft",89.99,66.0,66 m²,3.0,"Budapest III. kerület, Óbuda",2025-08-17,Panellakás,,Távfűtés egyedi méréssel,1974.0,Nem adta meg a hirdető,,,,"4,1 m²",,,,,,,
https://www.zenga.hu/ingatlan/elado-teglalakas-budapest-iii-kerulet/8663598?page=19&pos=1&cr=142,Budapest III. kerület eladó téglalakás 2 szobás: 123 millió Ft,123.0,53.0,53 m²,2.0,Budapest III. kerület,2025-08-17,Téglalakás,Újszerű,Hőszivattyú,2005.0,Nem adta meg a hirdető,,,3.0,"6,4 m²",,,,,,,
https://www.zenga.hu/ingatlan/elado-teglalakas-budapest-iii-kerulet/8663600?page=19&pos=2&cr=142,Budapest III. kerület eladó téglalakás 3 szobás: 165 millió Ft,165.0,70.0,70 m²,3.0,Budapest III. kerület,2025-08-17,Téglalakás,Újszerű,Hőszivattyú,2005.0,Nem adta meg a hirdető,,,3.0,"5,5 m²",,,,,,,
https://www.zenga.hu/ingatlan/elado-teglalakas-budapest-iii-kerulet/8663599?page=19&pos=3&cr=142,"Budapest III. kerület eladó téglalakás 4 szobás: 295,3 millió Ft",295.3,105.0,105 m²,4.0,Budapest III. kerület,2025-08-17,Téglalakás,Újszerű,Hőszivattyú,2005.0,,,,3.0,"39,8 m²",,,,,,,
https://www.zenga.hu/ingatlan/elado-teglalakas-budapest-iii-kerulet/8660202?page=19&pos=4&cr=142,"Budapest III. kerület eladó téglalakás 2 szobás: 119,8 millió Ft",119.8,54.0,54 m²,2.0,"Budapest III. kerület, Lajos utca",2025-08-17,Téglalakás,Újszerű,Házközponti fűtés egyedi méréssel,2008.0,Nem adta meg a hirdető,,,,,,,"13,9 m²",,,,
https://www.zenga.hu/ingatlan/elado-tarsashazi-lakas-nyiregyhaza/8657391?page=19&pos=5&cr=141,"Nyíregyháza eladó társasházi lakás 2+2 fél szobás: 47,9 millió Ft",47.9,77.0,77 m²,2.0,Nyíregyháza,2025-08-17,Társasházi lakás,Jó állapotú,Távfűtés egyedi méréssel,1982.0,Nem adta meg a hirdető,,,,,,,,,,,
https://www.zenga.hu/ingatlan/elado-tarsashazi-lakas-nyiregyhaza/8622764?page=19&pos=6&cr=141,"Nyíregyháza eladó társasházi lakás 2+2 fél szobás: 43,9 millió Ft",43.9,61.0,61 m²,2.0,Nyíregyháza,2025-08-17,Társasházi lakás,Felújított,Távfűtés egyedi méréssel,1980.0,Nem adta meg a hirdető,,,,,,,,,,,
https://www.zenga.hu/ingatlan/elado-tarsashazi-lakas-nyiregyhaza/8418219?page=19&pos=7&cr=141,"Nyíregyháza eladó társasházi lakás 1+2 fél szobás: 46,9 millió Ft",46.9,64.0,64 m²,1.0,Nyíregyháza,2025-08-17,Társasházi lakás,Jó állapotú,Gáz (konvektor),1975.0,Nem adta meg a hirdető,,,,,,,,,,,
https://www.zenga.hu/ingatlan/elado-tarsashazi-lakas-nyiregyhaza/8667146?page=19&pos=8&cr=140,"Nyíregyháza eladó társasházi lakás 1+2 fél szobás: 37,5 millió Ft",37.5,55.0,55 m²,1.0,Nyíregyháza,2025-08-17,Társasházi lakás,Jó állapotú,Távfűtés egyedi méréssel,1980.0,Nem adta meg a hirdető,,,,,,,,,,,
https://www.zenga.hu/ingatlan/elado-tarsashazi-lakas-nyiregyhaza/8667147?page=19&pos=9&cr=140,"Nyíregyháza eladó társasházi lakás 2+1 fél szobás: 48,9 millió Ft",48.9,63.0,63 m²,2.0,Nyíregyháza,2025-08-17,Társasházi lakás,Felújított,Gázkazán,1978.0,Nem adta meg a hirdető,,,,,,,,,,,
https://www.zenga.hu/ingatlan/elado-tarsashazi-lakas-nyiregyhaza/8621970?page=19&pos=10&cr=140,"Nyíregyháza eladó társasházi lakás 1 szobás: 40,7 millió Ft",40.7,30.0,30 m²,1.0,Nyíregyháza,2025-08-17,Társasházi lakás,Új építésű,Gázkazán,2025.0,Nem adta meg a hirdető,,,,,,,,,,,
https://www.zenga.hu/ingatlan/elado-teglalakas-keszthely/8183210?page=19&pos=12&cr=140,"Eladó 2+1 fél szobás téglalakás 119,9 millió Ft értékben Keszthelyen - Royal Homes Exclusive lakóparkban",119.9,65.0,65 m²,2.0,"Keszthely, Vitorlás sétány 10.",2025-08-17,Téglalakás,Új építésű,Hőszivattyú,,AA+ (2016-2023-as besorolás),,,4.0,7 m²,,2025. 2. negyedév,,,,,
https://www.zenga.hu/ingatlan/elado-teglalakas-gyor-nadorvaros/8507912?page=19&pos=13&cr=130,"Győr eladó téglalakás 2 szobás: 53,5 millió Ft",53.5,58.0,58 m²,2.0,"Győr, Nádorváros",2025-08-17,Téglalakás,Felújítandó,Távfűtés,1980.0,Nem adta meg a hirdető,,,,,,,,,,,
https://www.zenga.hu/ingatlan/elado-teglalakas-budapest-xiii-kerulet/8661000?page=19&pos=14&cr=130,"Budapest XIII. kerület eladó téglalakás 4 szobás: 129,9 millió Ft",129.9,117.0,117 m²,4.0,Budapest XIII. kerület,2025-08-17,Téglalakás,Felújított,Gázkazán,1910.0,Nem adta meg a hirdető,,,,,,,,,,,
https://www.zenga.hu/ingatlan/elado-tarsashazi-lakas-szeged-ujszeged/8662792?page=19&pos=15&cr=130,"Szeged eladó társasházi lakás 2+2 fél szobás: 97,38 millió Ft",97.38,93.0,93 m²,2.0,"Szeged, Újszeged",2025-08-17,Társasházi lakás,Jó állapotú,Gázkazán,2001.0,Nem adta meg a hirdető,,Van,2.0,,,,,,,,
https://www.zenga.hu/ingatlan/elado-tarsashazi-lakas-nyiregyhaza/8632056?page=19&pos=16&cr=130,"Nyíregyháza eladó társasházi lakás 3 szobás: 57,5 millió Ft",57.5,65.0,65 m²,3.0,Nyíregyháza,2025-08-17,Társasházi lakás,Felújított,Gázkazán,2020.0,Nem adta meg a hirdető,,,,,,,,,,,
https://www.zenga.hu/ingatlan/elado-teglalakas-budapest-xvi-kerulet-rakosszentmihaly/8659787?page=19&pos=18&cr=127,"Budapest XVI. kerület eladó téglalakás 3 szobás: 82,9 millió Ft",82.9,62.0,62 m²,3.0,"Budapest XVI. kerület, Rákosszentmihály",2025-08-17,Téglalakás,Új építésű,Hőszivattyú,2026.0,Nem adta meg a hirdető,,,,7 m²,,,,,,,
https://www.zenga.hu/ingatlan/elado-teglalakas-budapest-xvi-kerulet-rakosszentmihaly/8659790?page=19&pos=19&cr=127,Budapest XVI. kerület eladó téglalakás 4 szobás: 155 millió Ft,155.0,119.0,119 m²,4.0,"Budapest XVI. kerület, Rákosszentmihály",2025-08-17,Téglalakás,Új építésű,Hőszivattyú,2026.0,Nem adta meg a hirdető,,,,,,,"26,4 m²",,,,
https://www.zenga.hu/ingatlan/elado-teglalakas-budapest-xvi-kerulet-rakosszentmihaly/8659788?page=19&pos=20&cr=127,"Budapest XVI. kerület eladó téglalakás 2 szobás: 79,9 millió Ft",79.9,60.0,60 m²,2.0,"Budapest XVI. kerület, Rákosszentmihály",2025-08-17,Téglalakás,Új építésű,Hőszivattyú,2026.0,Nem adta meg a hirdető,,,,9 m²,,,,,,,
https://www.zenga.hu/ingatlan/elado-teglalakas-budapest-xvi-kerulet-rakosszentmihaly/8659786?page=20&pos=1&cr=127,Budapest XVI. kerület eladó téglalakás 5 szobás: 127 millió Ft,127.0,103.0,103 m²,5.0,"Budapest XVI. kerület, Rákosszentmihály",2025-08-17,Téglalakás,Új építésű,Hőszivattyú,2026.0,Nem adta meg a hirdető,,,,9 m²,,,,,,,
https://www.zenga.hu/ingatlan/elado-teglalakas-budapest-xvi-kerulet-rakosszentmihaly/8659784?page=20&pos=4&cr=127,Budapest XVI. kerület eladó téglalakás 5 szobás: 127 millió Ft,127.0,103.0,103 m²,5.0,"Budapest XVI. kerület, Rákosszentmihály",2025-08-17,Téglalakás,Új építésű,,,,,,,,,,,,,,
https://www.zenga.hu/ingatlan/elado-teglalakas-budapest-xvi-kerulet-rakosszentmihaly/8659785?page=20&pos=5&cr=127,Budapest XVI. kerület eladó téglalakás 4 szobás: 154 millió Ft,154.0,141.0,141 m²,4.0,"Budapest XVI. kerület, Rákosszentmihály",2025-08-17,Téglalakás,Új építésű,Hőszivattyú,2026.0,Nem adta meg a hirdető,,,,,,,70 m²,,,,
https://www.zenga.hu/ingatlan/elado-teglalakas-budapest-xvi-kerulet-sashalom/8655180?page=20&pos=6&cr=127,"Budapest XVI. kerület eladó téglalakás 1 szobás: 34,9 millió Ft",34.9,29.0,29 m²,1.0,"Budapest XVI. kerület, Sashalom",2025-08-17,Téglalakás,Átlagos,Gáz (konvektor),1950.0,Nem adta meg a hirdető,,,1.0,,,,,,,,
https://www.zenga.hu/ingatlan/elado-panellakas-budapest-xviii-kerulet-havanna-lakotelep/8666618?page=20&pos=7&cr=126,,,,,,,2025-08-17,,,,,,,,,,,,,,,,
https://www.zenga.hu/ingatlan/elado-panellakas-budapest-xviii-kerulet/8667981?page=20&pos=8&cr=126,,,,,,,2025-08-17,,,,,,,,,,,,,,,,
https://www.zenga.hu/ingatlan/elado-teglalakas-budapest-xviii-kerulet-erdoskert/8664939?page=20&pos=9&cr=126,"Budapest XVIII. kerület eladó téglalakás 3 szobás: 84,9 millió Ft",84.9,70.0,70 m²,3.0,,2025-08-17,,,,,,,,,,,,,,,,
https://www.zenga.hu/ingatlan/elado-teglalakas-budapest-xviii-kerulet/8662657?page=20&pos=10&cr=126,"Budapest XVIII. kerület eladó téglalakás 2 szobás: 74,9 millió Ft",74.9,43.0,43 m²,2.0,Budapest XVIII. kerület,2025-08-17,Téglalakás,Jó állapotú,Házközponti fűtés egyedi méréssel,2007.0,Nem adta meg a hirdető,,,2.0,,,,,,,,
https://www.zenga.hu/ingatlan/elado-teglalakas-budapest-xviii-kerulet/8654055?page=20&pos=11&cr=126,"Budapest XVIII. kerület eladó téglalakás 2 szobás: 69,99 millió Ft",69.99,57.0,57 m²,2.0,Budapest XVIII. kerület,2025-08-17,Téglalakás,Újszerű,Gázkazán,2007.0,Nem adta meg a hirdető,,,3.0,4 m²,,,,,,,
https://www.zenga.hu/ingatlan/elado-panellakas-budapest-xviii-kerulet/8657252?page=20&pos=12&cr=126,Budapest XVIII. kerület eladó panellakás 3 szobás: 55 millió Ft,55.0,59.0,,,,2025-08-17,,,,,,,,,,,,,,,,
https://www.zenga.hu/ingatlan/elado-teglalakas-sopron/8645707?page=20&pos=13&cr=125,"Eladó 2 szobás téglalakás 54,9 millió Ft értékben Sopronban - Anger Panorámapark lakóparkban",54.9,40.0,40 m²,2.0,"Sopron, Ravazd utca 79.",2025-08-17,Téglalakás,Új építésű,Geotermikus,,A+,,,2.0,,,2026. október,,,,,
https://www.zenga.hu/ingatlan/elado-teglalakas-kecskemet-belvaros/8660254?page=20&pos=14&cr=125,"Kecskemét eladó téglalakás 4 szobás: 54,9 millió Ft",54.9,84.0,84 m²,4.0,"Kecskemét, Belváros",2025-08-17,Téglalakás,Jó állapotú,Gázkazán,,Nem adta meg a hirdető,,,5.0,4 m²,,,,,,,
https://www.zenga.hu/ingatlan/elado-teglalakas-pecs/8480687?page=20&pos=15&cr=125,"Pécs eladó téglalakás 3 szobás: 69,9 millió Ft",69.9,68.0,68 m²,3.0,"Pécs, Rákóczi út 28",2025-08-17,Téglalakás,Újszerű,Gázkazán,2025.0,A++,,Nincs,3.0,,30 000 Ft/hó,,,,,,
https://www.zenga.hu/ingatlan/elado-panellakas-nagykanizsa-keleti-varosresz/8652684?page=20&pos=16&cr=125,Nagykanizsa eladó panellakás 3 szobás: 32 millió Ft,32.0,67.0,67 m²,3.0,"Nagykanizsa, Keleti városrész, Zemplén Győző utca",2025-08-17,Panellakás,Átlagos,Házközponti fűtés egyedi méréssel,1980.0,Nem adta meg a hirdető,,,10.0,,,,,,,,
https://www.zenga.hu/ingatlan/elado-teglalakas-sopron/8440268?page=20&pos=17&cr=125,"Eladó 4 szobás téglalakás 124,9 millió Ft értékben Sopronban - Lehár Panoráma Residence lakóparkban",124.9,88.0,88 m²,4.0,"Sopron, Lehár Ferenc utca 124.",2025-08-17,Téglalakás,Új építésű,Hőszivattyú,,A+,,,3.0,14 m²,,2025. 3. negyedév,,,,,
https://www.zenga.hu/ingatlan/elado-teglalakas-budapest-xiv-kerulet-torokor/8583352?page=20&pos=18&cr=125,"Budapest XIV. kerület eladó téglalakás 3 szobás: 93,82 millió Ft",93.82,91.0,91 m²,3.0,"Budapest XIV. kerület, Törökőr",2025-08-17,Téglalakás,Jó állapotú,Elektromos,1930.0,Nem adta meg a hirdető,,Nincs,1.0,,30 000 Ft/hó,,,,,,
https://www.zenga.hu/ingatlan/elado-teglalakas-pecs/8282914?page=20&pos=19&cr=120,Pécs eladó téglalakás 3 szobás: 61 millió Ft,61.0,78.0,78 m²,3.0,Pécs,2025-08-17,Téglalakás,Felújított,Gázkazán,1970.0,A+,,,,,,,,,,,
https://www.zenga.hu/ingatlan/elado-teglalakas-sopron/8645670?page=21&pos=1&cr=120,"Eladó 1 szobás téglalakás 29,9 millió Ft értékben Sopronban - Anger Panorámapark lakóparkban",29.9,20.0,20 m²,1.0,"Sopron, Ravazd utca 79.",2025-08-17,Téglalakás,Új építésű,Geotermikus,,A+,,,2.0,,,2026. október,,,,,
https://www.zenga.hu/ingatlan/elado-teglalakas-budapest-viii-kerulet-corvin-negyed/8522855?page=21&pos=2&cr=120,,,,,,,2025-08-17,,,,,,,,,,,,,,,,
https://www.zenga.hu/ingatlan/elado-tarsashazi-lakas-nyiregyhaza/8662716?page=21&pos=3&cr=120,"Nyíregyháza eladó társasházi lakás 1+1 fél szobás: 36,6 millió Ft",36.6,41.0,41 m²,1.0,Nyíregyháza,2025-08-17,Társasházi lakás,,,,,,,,,,,,,,,
https://www.zenga.hu/ingatlan/elado-teglalakas-kecskemet-kecskemeti-katonai-repuloter/8662762?page=21&pos=4&cr=120,"Kecskemét eladó téglalakás 1 szobás: 29,9 millió Ft",29.9,42.0,42 m²,1.0,"Kecskemét, Kecskeméti Katonai Repülőtér",2025-08-17,Téglalakás,Jó állapotú,Gáz (konvektor),,Nem adta meg a hirdető,,,2.0,2 m²,,,,,,,
https://www.zenga.hu/ingatlan/elado-teglalakas-kecskemet-belvaros/8657094?page=21&pos=5&cr=120,"Kecskemét eladó téglalakás 4 szobás: 79,9 millió Ft",79.9,90.0,90 m²,4.0,"Kecskemét, Belváros",2025-08-17,,,,,,,,,,,,,,,,
https://www.zenga.hu/ingatlan/elado-teglalakas-nagykanizsa-belvaros/8642459?page=21&pos=6&cr=120,"Nagykanizsa eladó téglalakás 3 szobás: 53,5 millió Ft",53.5,93.0,93 m²,3.0,"Nagykanizsa, Belváros, Deák Ferenc tér",2025-08-17,Téglalakás,Felújított,Gáz (konvektor),1915.0,E,,,2.0,,,,,,,,
https://www.zenga.hu/ingatlan/elado-tarsashazi-lakas-nyiregyhaza/8641572?page=21&pos=9&cr=120,"Nyíregyháza eladó társasházi lakás 1+2 fél szobás: 36,9 millió Ft",36.9,62.0,62 m²,1.0,Nyíregyháza,2025-08-17,Társasházi lakás,Jó állapotú,Gázkazán,1997.0,Nem adta meg a hirdető,,,,,,,,,,,
https://www.zenga.hu/ingatlan/elado-tarsashazi-lakas-nyiregyhaza/8628558?page=21&pos=10&cr=120,Nyíregyháza eladó társasházi lakás 4 szobás: 89 millió Ft,89.0,86.0,86 m²,4.0,Nyíregyháza,2025-08-17,Társasházi lakás,Felújított,Gázkazán,1987.0,Nem adta meg a hirdető,,,,,,,,,,,
https://www.zenga.hu/ingatlan/elado-teglalakas-budapest-xi-kerulet-madarhegy/8379734?page=21&pos=11&cr=120,,,,,,,2025-08-17,,,,,,,,,,,,,,,,
https://www.zenga.hu/ingatlan/elado-teglalakas-budapest-vii-kerulet/8496188?page=21&pos=12&cr=120,"Budapest VII. kerület eladó téglalakás 2+1 fél szobás: 87,9 millió Ft",87.9,70.0,70 m²,2.0,"Budapest VII. kerület, Wesselényi utca",2025-08-17,Téglalakás,Felújított,Gázkazán,,,,,3.0,,,,,,,,
https://www.zenga.hu/ingatlan/elado-teglalakas-budapest-vii-kerulet-ligetvaros/8604896?page=21&pos=14&cr=116,"Budapest VII. kerület eladó téglalakás 2+1 fél szobás: 69,9 millió Ft",69.9,58.0,58 m²,2.0,"Budapest VII. kerület, Ligetváros",2025-08-17,Téglalakás,Jó állapotú,Gáz (konvektor),1920.0,F,,,,,,,,,,,
https://www.zenga.hu/ingatlan/elado-tarsashazi-lakas-budapest-xi-kerulet/8121560?page=21&pos=15&cr=115,,,,,,,2025-08-17,,,,,,,,,,,,,,,,
https://www.zenga.hu/ingatlan/elado-teglalakas-eger/8323138?page=21&pos=17&cr=112,Eger eladó téglalakás 2 szobás: 46 millió Ft,46.0,75.0,75 m²,2.0,"Eger, Baktai út 34.",2025-08-17,Téglalakás,Újszerű,Gázkazán,2006.0,Nem adta meg a hirdető,,,2.0,,8 000 Ft/hó,,,,,,
https://www.zenga.hu/ingatlan/elado-teglalakas-budapest-ii-kerulet-pesthidegkut-ofalu/8533348?page=21&pos=18&cr=111,"Budapest II. kerület eladó téglalakás 2 szobás: 109,9 millió Ft",109.9,65.0,65 m²,2.0,"Budapest II. kerület, Pesthidegkút-Ófalu",2025-08-17,Téglalakás,,,,,,,,,,,,,,,
https://www.zenga.hu/ingatlan/elado-teglalakas-eger/8373869?page=21&pos=19&cr=111,Eger eladó téglalakás 2+1 fél szobás: 46 millió Ft,46.0,75.0,75 m²,2.0,Eger,2025-08-17,Téglalakás,Felújított,Gázkazán,2011.0,A,,Nincs,2.0,,9 000 Ft/hó,,,,,,
https://www.zenga.hu/ingatlan/elado-egyeb-lakas-budapest-viii-kerulet/8535912?page=21&pos=20&cr=111,"Budapest VIII. kerület eladó egyéb lakás 4 szobás: 129,9 millió Ft",129.9,154.0,154 m²,4.0,Budapest VIII. kerület,2025-08-17,Egyéb lakás,Átlagos,,1905.0,Nem adta meg a hirdető,,,,,,,,,,,
https://www.zenga.hu/ingatlan/elado-teglalakas-nyiregyhaza/8617785?page=22&pos=1&cr=111,Nyíregyháza eladó téglalakás 2 szobás: 36 millió Ft,36.0,51.0,51 m²,2.0,Nyíregyháza,2025-08-17,Téglalakás,Átlagos,Gáz (konvektor),,Nem adta meg a hirdető,,,4.0,,,,,,,,
https://www.zenga.hu/ingatlan/elado-teglalakas-budapest-vii-kerulet-ligetvaros/8539557?page=22&pos=2&cr=111,"Budapest VII. kerület eladó téglalakás 3+1 fél szobás: 87,49 millió Ft",87.49,103.0,103 m²,3.0,"Budapest VII. kerület, Ligetváros, Cserhát utca",2025-08-17,Téglalakás,Felújított,Gázkazán,,Nem adta meg a hirdető,,,4.0,,,,,,,,
https://www.zenga.hu/ingatlan/elado-csusztatott-zsalus-lakas-gyor-nadorvaros/8514088?page=22&pos=3&cr=110,"Győr eladó csúsztatott zsalus lakás 3 szobás: 48,5 millió Ft",48.5,51.0,51 m²,3.0,"Győr, Nádorváros",2025-08-17,Csúsztatott zsalus lakás,Jó állapotú,Távfűtés egyedi méréssel,,Nem adta meg a hirdető,,,,,,,,,,,
https://www.zenga.hu/ingatlan/elado-panellakas-budapest-iii-kerulet/8659071?page=22&pos=4&cr=110,"Budapest III. kerület eladó panellakás 3 szobás: 84,99 millió Ft",84.99,68.0,68 m²,3.0,Budapest III. kerület,2025-08-17,Panellakás,Jó állapotú,Távfűtés egyedi méréssel,1971.0,Nem adta meg a hirdető,,Van,,,,,,,,,
https://www.zenga.hu/ingatlan/elado-tarsashazi-lakas-nyiregyhaza/8559540?page=22&pos=5&cr=110,"Nyíregyháza eladó társasházi lakás 3 szobás: 39,9 millió Ft",39.9,61.0,61 m²,3.0,Nyíregyháza,2025-08-17,Társasházi lakás,Jó állapotú,Távfűtés egyedi méréssel,1990.0,Nem adta meg a hirdető,,,,,,,,,,,
https://www.zenga.hu/ingatlan/elado-teglalakas-budapest-viii-kerulet/8477625?page=22&pos=6&cr=110,"Budapest VIII. kerület eladó téglalakás 1 szobás: 48,9 millió Ft",48.9,42.0,42 m²,1.0,Budapest VIII. kerület,2025-08-17,Téglalakás,Jó állapotú,Gáz (konvektor),,,,,,,,,,,,,
https://www.zenga.hu/ingatlan/elado-panellakas-budapest-xv-kerulet-ujpalota/8652753?page=22&pos=8&cr=109,,,,,,,2025-08-17,,,,,,,,,,,,,,,,
https://www.zenga.hu/ingatlan/elado-panellakas-budapest-xv-kerulet/8657262?page=22&pos=9&cr=109,"Budapest XV. kerület eladó panellakás 3 szobás: 64,99 millió Ft",64.99,55.0,55 m²,3.0,Budapest XV. kerület,2025-08-17,Panellakás,Újszerű,Távfűtés egyedi méréssel,1976.0,Nem adta meg a hirdető,,,10.0,4 m²,,,,,,,
https://www.zenga.hu/ingatlan/elado-teglalakas-zalaegerszeg/8355614?page=22&pos=10&cr=105,Zalaegerszeg eladó téglalakás 4 szobás: 45 millió Ft,45.0,108.0,108 m²,4.0,Zalaegerszeg,2025-08-17,Téglalakás,Jó állapotú,Gázkazán,2000.0,Nem adta meg a hirdető,,,,,,,,,,,
https://www.zenga.hu/ingatlan/elado-teglalakas-budapest-xii-kerulet-krisztinavaros-xii-ker/8604893?page=22&pos=14&cr=102,Budapest XII. kerület eladó téglalakás 3 szobás: 96 millió Ft,96.0,90.0,90 m²,,,2025-08-17,,,,,,,,,,,,,,,,
https://www.zenga.hu/ingatlan/elado-panellakas-miskolc-hejocsaba/8515687?page=22&pos=15&cr=102,"Miskolc eladó panellakás 2 szobás: 22,9 millió Ft",22.9,52.0,52 m²,2.0,"Miskolc, Hejőcsaba",2025-08-17,Panellakás,Átlagos,Távfűtés,1980.0,Nem adta meg a hirdető,,,4.0,,,,,,,,
https://www.zenga.hu/ingatlan/elado-teglalakas-szeged-felsovaros/8501915?page=22&pos=16&cr=101,"Szeged eladó téglalakás 2 szobás: 63,9 millió Ft",63.9,47.0,47 m²,2.0,"Szeged, Felsőváros",2025-08-17,Téglalakás,Új építésű,Egyéb,2023.0,A+,,,,,,,,,,,
https://www.zenga.hu/ingatlan/elado-panellakas-budapest-iii-kerulet-obuda/8662486?page=22&pos=17&cr=101,Eladó 3 szobás panellakás Budapest III. kerületben,,,,,,2025-08-17,,,,,,,,,,,,,,,,
https://www.zenga.hu/ingatlan/elado-panellakas-debrecen/8657666?page=22&pos=18&cr=101,"Debrecen eladó panellakás 2+2 fél szobás: 69,99 millió Ft",69.99,70.0,70 m²,2.0,Debrecen,2025-08-17,Panellakás,Jó állapotú,Távfűtés egyedi méréssel,1970.0,Nem adta meg a hirdető,,,,,,,,,,,
https://www.zenga.hu/ingatlan/elado-teglalakas-budapest-viii-kerulet-corvin-negyed/8245099?page=22&pos=19&cr=101,"Budapest VIII. kerület eladó téglalakás 1 szobás: 49,9 millió Ft",49.9,44.0,44 m²,1.0,"Budapest VIII. kerület, Corvin negyed, Harminckettesek tere",2025-08-17,Téglalakás,Jó állapotú,Gáz (konvektor),,Nem adta meg a hirdető,,,5.0,,,,,,,,
https://www.zenga.hu/ingatlan/elado-teglalakas-budapest-xiii-kerulet-angyalfold/8632326?page=22&pos=20&cr=101,"Budapest XIII. kerület eladó téglalakás 1 szobás: 56,99 millió Ft",56.99,38.0,38 m²,1.0,"Budapest XIII. kerület, Angyalföld",2025-08-17,Téglalakás,Jó állapotú,Gázkazán,1950.0,F,,,,,,,,,,,
https://www.zenga.hu/ingatlan/elado-teglalakas-budapest-xix-kerulet-kispest/8574733?page=23&pos=2&cr=101,"Budapest XIX. kerület eladó téglalakás 3 szobás: 89,9 millió Ft",89.9,67.0,,,,2025-08-17,,,,,,,,,,,,,,,,
https://www.zenga.hu/ingatlan/elado-teglalakas-pecs/8529118?page=23&pos=3&cr=100,"Pécs eladó téglalakás 3 szobás: 49,9 millió Ft",49.9,56.0,56 m²,3.0,Pécs,2025-08-17,Téglalakás,Felújított,Gázkazán,1950.0,Nem adta meg a hirdető,,,,,,,,,,,
https://www.zenga.hu/ingatlan/elado-teglalakas-budapest-ii-kerulet-rozsadomb/8661102?page=23&pos=4&cr=100,,,,,,,2025-08-17,,,,,,,,,,,,,,,,
https://www.zenga.hu/ingatlan/elado-teglalakas-gyor-nadorvaros/8650753?page=23&pos=5&cr=100,Győr eladó téglalakás 3 szobás: 55 millió Ft,55.0,66.0,66 m²,3.0,"Győr, Nádorváros",2025-08-17,Téglalakás,Jó állapotú,Távfűtés egyedi méréssel,1966.0,Nem adta meg a hirdető,,,,,,,,,,,
https://www.zenga.hu/ingatlan/elado-teglalakas-budapest-xiv-kerulet/8660972?page=23&pos=6&cr=100,,,,,,,2025-08-17,,,,,,,,,,,,,,,,
https://www.zenga.hu/ingatlan/elado-panellakas-pecs/8643478?page=23&pos=7&cr=100,Eladó 4 szobás panellakás Pécsett,,,,,,2025-08-17,,,,,,,,,,,,,,,,
https://www.zenga.hu/ingatlan/elado-teglalakas-monorierdo/8657735?page=23&pos=8&cr=100,,,,,,,2025-08-17,,,,,,,,,,,,,,,,
https://www.zenga.hu/ingatlan/elado-panellakas-pecs/8643473?page=23&pos=9&cr=100,Pécs eladó panellakás 2 szobás: 36 millió Ft,36.0,40.0,40 m²,2.0,Pécs,2025-08-17,Panellakás,Jó állapotú,Távfűtés egyedi méréssel,1980.0,Nem adta meg a hirdető,,,,,,,,,,,
https://www.zenga.hu/ingatlan/elado-teglalakas-budapest-v-kerulet/8392151?page=23&pos=10&cr=100,Budapest V. kerület eladó téglalakás 2 szobás: 68 millió Ft,68.0,44.0,44 m²,2.0,Budapest V. kerület,2025-08-17,Téglalakás,Átlagos,Gáz (konvektor),,,,,,,,,,,,,
https://www.zenga.hu/ingatlan/elado-teglalakas-debrecen-homokkert/8391587?page=23&pos=11&cr=100,"Debrecen eladó téglalakás 3 szobás: 82,66 millió Ft",82.66,68.0,68 m²,3.0,"Debrecen, Homokkert",2025-08-17,Téglalakás,Új építésű,Hőszivattyú,2025.0,Nem adta meg a hirdető,,,,,,,,,,,
https://www.zenga.hu/ingatlan/elado-teglalakas-budapest-vii-kerulet/8468565?page=23&pos=12&cr=100,"Budapest VII. kerület eladó téglalakás 2 szobás: 74,9 millió Ft",74.9,64.0,64 m²,2.0,Budapest VII. kerület,2025-08-17,Téglalakás,,,,,,,,,,,,,,,
https://www.zenga.hu/ingatlan/elado-teglalakas-budapest-xiii-kerulet/8660986?page=23&pos=13&cr=100,"Budapest XIII. kerület eladó téglalakás 2 szobás: 85,9 millió Ft",85.9,75.0,75 m²,2.0,Budapest XIII. kerület,2025-08-17,Téglalakás,Újszerű,Hőszivattyú,2024.0,Nem adta meg a hirdető,,,,,,,,,,,
https://www.zenga.hu/ingatlan/elado-teglalakas-pecs/8649562?page=23&pos=14&cr=100,Eladó 4 szobás téglalakás Pécsett,,,,,,2025-08-17,,,,,,,,,,,,,,,,
https://www.zenga.hu/ingatlan/elado-panellakas-pecs/8548814?page=23&pos=15&cr=100,Eladó 4 szobás panellakás Pécsett,,,,,,2025-08-17,,,,,,,,,,,,,,,,
https://www.zenga.hu/ingatlan/elado-teglalakas-budapest-ix-kerulet/8660997?page=23&pos=16&cr=100,Budapest IX. kerület eladó téglalakás 4 szobás: 102 millió Ft,102.0,123.0,123 m²,4.0,Budapest IX. kerület,2025-08-17,Téglalakás,Átlagos,Gáz (héra),1910.0,Nem adta meg a hirdető,,,,,,,,,,,
https://www.zenga.hu/ingatlan/elado-teglalakas-budapest-vii-kerulet/8660963?page=23&pos=17&cr=100,Budapest VII. kerület eladó téglalakás 1 szobás: 57 millió Ft,57.0,29.0,29 m²,1.0,Budapest VII. kerület,2025-08-17,Téglalakás,Jó állapotú,Gáz (konvektor),1900.0,Nem adta meg a hirdető,,,,,,,,,,,
https://www.zenga.hu/ingatlan/elado-teglalakas-mezokovesd/8632421?page=23&pos=18&cr=100,"Mezőkövesd eladó téglalakás 2 szobás: 24,9 millió Ft",24.9,50.0,50 m²,2.0,Mezőkövesd,2025-08-17,Téglalakás,Jó állapotú,Házközponti,2000.0,Nem adta meg a hirdető,,,,,,,,,,,
https://www.zenga.hu/ingatlan/elado-teglalakas-pecs/8603448?page=23&pos=19&cr=100,"Pécs eladó téglalakás 2 szobás: 47,9 millió Ft",47.9,47.0,47 m²,2.0,Pécs,2025-08-17,Téglalakás,Felújított,Gáz (konvektor),1960.0,Nem adta meg a hirdető,,,,,,,,,,,
https://www.zenga.hu/ingatlan/elado-teglalakas-budapest-ii-kerulet/8569116?page=23&pos=20&cr=100,,,,,,,2025-08-17,,,,,,,,,,,,,,,,
https://www.zenga.hu/ingatlan/elado-teglalakas-nagykoros/8666820?page=24&pos=1&cr=100,"Nagykőrös eladó téglalakás 3 szobás: 38,9 millió Ft",38.9,64.0,64 m²,3.0,Nagykőrös,2025-08-17,Téglalakás,Felújított,Gáz (konvektor),,A+,,Nincs,4.0,8 m²,,,8 m²,,,,
https://www.zenga.hu/ingatlan/elado-teglalakas-budapest-v-kerulet-del-belvaros/8413882?page=24&pos=2&cr=100,"Budapest V. kerület eladó téglalakás 4 szobás: 119,7 millió Ft",119.7,80.0,80 m²,4.0,"Budapest V. kerület, Dél-Belváros",2025-08-17,Téglalakás,Felújítandó,Házközponti,1936.0,Nem adta meg a hirdető,,,,,,,,,,,
https://www.zenga.hu/ingatlan/elado-teglalakas-balatonmariafurdo/8061093?page=24&pos=3&cr=100,"Balatonmáriafürdő eladó téglalakás 2 szobás: 57,29 millió Ft",57.29,44.0,44 m²,2.0,Balatonmáriafürdő,2025-08-17,Téglalakás,Új építésű,Hőszivattyú,2026.0,Nem adta meg a hirdető,,Nincs,,,,,14 m²,,,,
https://www.zenga.hu/ingatlan/elado-teglalakas-budapest-vi-kerulet/8544965?page=24&pos=4&cr=100,"Budapest VI. kerület eladó téglalakás 2 szobás: 79,9 millió Ft",79.9,59.0,59 m²,2.0,Budapest VI. kerület,2025-08-17,Téglalakás,Felújított,Gázkazán,2006.0,Nem adta meg a hirdető,,,,,,,,,,,
https://www.zenga.hu/ingatlan/elado-teglalakas-budapest-vi-kerulet-nagykoruton-beluli-terulet/8358588?page=24&pos=5&cr=100,"Budapest VI. kerület eladó téglalakás 1 szobás: 59,9 millió Ft",59.9,44.0,44 m²,1.0,"Budapest VI. kerület, Nagykörúton belüli terület",2025-08-17,Téglalakás,Felújítandó,Gázkazán,1950.0,Nem adta meg a hirdető,,,,,,,,,,,
https://www.zenga.hu/ingatlan/elado-teglalakas-budapest-xiii-kerulet-vizafogo/8545002?page=24&pos=6&cr=100,Budapest XIII. kerület eladó téglalakás 3 szobás: 138 millió Ft,138.0,69.0,69 m²,3.0,"Budapest XIII. kerület, Vizafogó",2025-08-17,Téglalakás,Újszerű,Házközponti fűtés egyedi méréssel,2020.0,A+,,,,,,,,,,,
https://www.zenga.hu/ingatlan/elado-teglalakas-budapest-xiv-kerulet-torokor/8352125?page=24&pos=7&cr=100,"Budapest XIV. kerület eladó téglalakás 2 szobás: 84,9 millió Ft",84.9,58.0,58 m²,2.0,"Budapest XIV. kerület, Törökőr",2025-08-17,Téglalakás,,Gázkazán,1965.0,Nem adta meg a hirdető,,,,"3,5 m²",,,,,,,
https://www.zenga.hu/ingatlan/elado-panellakas-budapest-xvii-kerulet/8507307?page=24&pos=8&cr=100,Budapest XVII. kerület eladó panellakás 3+1 fél szobás: 73 millió Ft,73.0,73.0,73 m²,3.0,Budapest XVII. kerület,2025-08-17,Panellakás,Felújítandó,Távfűtés egyedi méréssel,1980.0,Nem adta meg a hirdető,,,,,,,,,,,
https://www.zenga.hu/ingatlan/elado-teglalakas-budapest-vi-kerulet/8500932?page=24&pos=9&cr=100,"Budapest VI. kerület eladó téglalakás 1 szobás: 67,9 millió Ft",67.9,40.0,40 m²,1.0,Budapest VI. kerület,2025-08-17,Téglalakás,,Elektromos,1900.0,Nem adta meg a hirdető,,,,,,,5 m²,,,,
https://www.zenga.hu/ingatlan/elado-teglalakas-budapest-xiv-kerulet-alsorakos/8542671?page=24&pos=10&cr=100,Budapest XIV. kerület eladó téglalakás 3 szobás: 90 millió Ft,90.0,67.0,67 m²,3.0,"Budapest XIV. kerület, Alsórákos",2025-08-17,Téglalakás,,Gázkazán,2002.0,Nem adta meg a hirdető,,,,9 m²,,,,,,,
https://www.zenga.hu/ingatlan/elado-teglalakas-dombovar/8587745?page=24&pos=12&cr=100,"Dombóvár eladó téglalakás 2 szobás: 24,8 millió Ft",24.8,55.0,55 m²,2.0,"Dombóvár, Platán tér",2025-08-17,Téglalakás,Átlagos,Gáz (konvektor),1983.0,Nem adta meg a hirdető,,Nincs,2.0,10 m²,,,,,,,
https://www.zenga.hu/ingatlan/elado-teglalakas-budapest-viii-kerulet-corvin-negyed/8206106?page=24&pos=13&cr=100,Budapest VIII. kerület eladó téglalakás 3 szobás: 41 millió Ft,41.0,42.0,42 m²,3.0,"Budapest VIII. kerület, Corvin negyed",2025-08-17,Téglalakás,,,,,,,,,,,,,,,
https://www.zenga.hu/ingatlan/elado-teglalakas-hegyeshalom/8664995?page=24&pos=14&cr=100,Hegyeshalom eladó téglalakás: 35 millió Ft,35.0,43.0,43 m²,,Hegyeshalom,2025-08-17,Téglalakás,Új építésű,Egyéb,,Nem adta meg a hirdető,,,1.0,,,,,,,,
https://www.zenga.hu/ingatlan/elado-teglalakas-budapest-xviii-kerulet-gloriett-telep/8664762?page=24&pos=15&cr=100,"Budapest XVIII. kerület eladó téglalakás 1+2 fél szobás: 88,9 millió Ft",88.9,65.0,65 m²,1.0,"Budapest XVIII. kerület, Gloriett-telep",2025-08-17,Téglalakás,Új építésű,Elektromos,2024.0,B,,,,,,,,,,,
https://www.zenga.hu/ingatlan/elado-teglalakas-budapest-vii-kerulet-nagykoruton-kivuli-terulet/8569745?page=24&pos=16&cr=100,"Budapest VII. kerület eladó téglalakás 1 szobás: 54,8 millió Ft",54.8,36.0,36 m²,1.0,"Budapest VII. kerület, Külső-Erzsébetváros",2025-08-17,Téglalakás,,Elektromos,1910.0,Nem adta meg a hirdető,,,,,,,3 m²,,,,
https://www.zenga.hu/ingatlan/elado-tarsashazi-lakas-budapest-xii-kerulet/8118896?page=24&pos=17&cr=100,"Eladó 4 szobás téglalakás 308,9 millió Ft értékben Budapest XII. kerületben - Árnyas 40 Villa Suites lakóparkban",308.9,123.0,123 m²,4.0,Budapest XII. kerület,2025-08-17,Téglalakás,Új építésű,Egyéb,2024.0,Nem adta meg a hirdető,,,,"17,8 m²",,2026. 3. negyedév,,,,,
https://www.zenga.hu/ingatlan/elado-csusztatott-zsalus-lakas-budapest-xx-kerulet-pacsirtatelep/8650231?page=24&pos=18&cr=100,"Budapest XX. kerület eladó csúsztatott zsalus lakás 2 szobás: 53,9 millió Ft",53.9,57.0,57 m²,2.0,"Budapest XX. kerület, Pacsirtatelep",2025-08-17,Csúsztatott zsalus lakás,Jó állapotú,Gáz (konvektor),1975.0,Nem adta meg a hirdető,,,4.0,4 m²,,,,,,,
https://www.zenga.hu/ingatlan/elado-panellakas-budapest-xviii-kerulet-havanna-lakotelep/8656602?page=24&pos=19&cr=100,"Budapest XVIII. kerület eladó panellakás 2 szobás: 52,5 millió Ft",52.5,53.0,53 m²,2.0,"Budapest XVIII. kerület, Havanna lakótelep",2025-08-17,Panellakás,Felújítandó,Távfűtés,1980.0,Nem adta meg a hirdető,,,,,,,,,,,
https://www.zenga.hu/ingatlan/elado-csusztatott-zsalus-lakas-budapest-xiv-kerulet-torokor/8361514?page=24&pos=20&cr=100,"Budapest XIV. kerület eladó csúsztatott zsalus lakás 3 szobás: 74,9 millió Ft",74.9,56.0,56 m²,3.0,"Budapest XIV. kerület, Törökőr",2025-08-17,Csúsztatott zsalus lakás,,Házközponti fűtés egyedi méréssel,1980.0,Nem adta meg a hirdető,,,,,,,,,,,
https://www.zenga.hu/ingatlan/elado-panellakas-szeged-rokus/8646701?page=25&pos=1&cr=100,"Szeged eladó panellakás 1+1 fél szobás: 44,9 millió Ft",44.9,55.0,55 m²,1.0,"Szeged, Rókus, Nyitra utca",2025-08-17,Panellakás,Átlagos,Távfűtés,1981.0,F,,,5.0,,,,,,,,
https://www.zenga.hu/ingatlan/elado-teglalakas-budapest-iii-kerulet/8597085?page=25&pos=2&cr=100,"Budapest III. kerület eladó téglalakás 3 szobás: 99,6 millió Ft",99.6,,,,,2025-08-17,,,,,,,,,,,,,,,,
https://www.zenga.hu/ingatlan/elado-tarsashazi-lakas-budapest-xix-kerulet/8472397?page=25&pos=4&cr=100,"Eladó 1 szobás téglalakás 61,16 millió Ft értékben Budapest XIX. kerületben - T.Homes Residence lakóparkban",61.16,34.0,34 m²,1.0,Budapest XIX. kerület,2025-08-17,Téglalakás,Új építésű,,2024.0,Nem adta meg a hirdető,,,,11 m²,,,,,,,
https://www.zenga.hu/ingatlan/elado-panellakas-budapest-xv-kerulet-rakospalota/8450239?page=25&pos=5&cr=100,"Budapest XV. kerület eladó panellakás 3 szobás: 63,9 millió Ft",63.9,59.0,59 m²,3.0,"Budapest XV. kerület, Rákospalota",2025-08-17,,,,,,,,,,,,,,,,
https://www.zenga.hu/ingatlan/elado-teglalakas-budapest-xiv-kerulet-istvanmezo/8631206?page=25&pos=6&cr=100,"Budapest XIV. kerület eladó téglalakás 3 szobás: 63,99 millió Ft",,,,,,2025-08-17,,,,,,,,,,,,,,,,
https://www.zenga.hu/ingatlan/elado-teglalakas-nyiregyhaza-belvaros/8657084?page=25&pos=7&cr=100,Eladó 2 szobás téglalakás Nyíregyházán,,,,,,2025-08-17,,,,,,,,,,,,,,,,
https://www.zenga.hu/ingatlan/elado-teglalakas-budapest-vi-kerulet/8581335?page=25&pos=8&cr=100,,,,,,,2025-08-17,,,,,,,,,,,,,,,,
https://www.zenga.hu/ingatlan/elado-tarsashazi-lakas-budapest-iii-kerulet/8468501?page=25&pos=9&cr=100,Eladó 3 szobás téglalakás Budapest III. kerületben - Waterfront City 5 lakóparkban,,,,,,2025-08-17,,,,,,,,,,,,,,,,
https://www.zenga.hu/ingatlan/elado-tarsashazi-lakas-budapest-xi-kerulet/8469209?page=25&pos=10&cr=100,"Eladó 3 szobás téglalakás 117,6 millió Ft értékben Budapest XI. kerületben - Újbuda Residence lakóparkban",117.6,71.0,71 m²,3.0,Budapest XI. kerület,2025-08-17,Téglalakás,Új építésű,Egyéb,2025.0,,,,,,,,,,,,
https://www.zenga.hu/ingatlan/elado-tarsashazi-lakas-budapest-xix-kerulet/7930758?page=25&pos=11&cr=100,"Eladó 2 szobás téglalakás 81,01 millió Ft értékben Budapest XIX. kerületben - T.Homes Residence lakóparkban",81.01,49.0,49 m²,2.0,Budapest XIX. kerület,2025-08-17,Téglalakás,Új építésű,,2024.0,Nem adta meg a hirdető,,,,"11,1 m²",,,,,,,
https://www.zenga.hu/ingatlan/elado-teglalakas-budapest-ix-kerulet-belso-ferencvaros/8663822?page=25&pos=12&cr=100,Budapest IX. kerület eladó téglalakás 2+2 fél szobás: 99 millió Ft,99.0,66.0,66 m²,2.0,"Budapest IX. kerület, Belső Ferencváros, Ráday utca",2025-08-17,Téglalakás,Felújított,Elektromos,1890.0,B,,Nincs,4.0,,,,15 m²,,,,
https://www.zenga.hu/ingatlan/elado-panellakas-budapest-xviii-kerulet-havanna-lakotelep/8640280?page=25&pos=13&cr=100,Eladó 3 szobás panellakás Budapest XVIII. kerületben,,,,,,2025-08-17,,,,,,,,,,,,,,,,
https://www.zenga.hu/ingatlan/elado-teglalakas-budapest-vii-kerulet-ligetvaros/8575645?page=25&pos=14&cr=100,Budapest VII. kerület eladó téglalakás 1 szobás: 56 millió Ft,56.0,41.0,41 m²,1.0,"Budapest VII. kerület, Ligetváros, Hernád",2025-08-17,Téglalakás,Felújított,Gáz (konvektor),1950.0,Nem adta meg a hirdető,,,4.0,,,,,,,,
https://www.zenga.hu/ingatlan/elado-panellakas-budapest-xix-kerulet/8555277?page=25&pos=15&cr=100,Budapest XIX. kerület eladó panellakás 1+2 fél szobás: 56 millió Ft,56.0,59.0,59 m²,1.0,Budapest XIX. kerület,2025-08-17,Panellakás,Átlagos,Távfűtés,1981.0,D,,,,,,,,,,,
https://www.zenga.hu/ingatlan/elado-teglalakas-budapest-vi-kerulet/8484869?page=25&pos=16&cr=100,Budapest VI. kerület eladó téglalakás 4+1 fél szobás: 145 millió Ft,145.0,120.0,120 m²,4.0,Budapest VI. kerület,2025-08-17,Téglalakás,Felújított,Gázkazán,1900.0,Nem adta meg a hirdető,,,4.0,3 m²,45 000 Ft/hó,,,,,,
https://www.zenga.hu/ingatlan/elado-teglalakas-budapest-xx-kerulet/8642311?page=25&pos=17&cr=100,"Budapest XX. kerület eladó téglalakás 2+1 fél szobás: 99,9 millió Ft",99.9,59.0,59 m²,2.0,Budapest XX. kerület,2025-08-17,Téglalakás,Új építésű,Házközponti fűtés egyedi méréssel,2025.0,A+,,,,,,,,,,,
https://www.zenga.hu/ingatlan/elado-tarsashazi-lakas-nyiregyhaza/8645832?page=25&pos=18&cr=100,"Nyíregyháza eladó társasházi lakás 3 szobás: 119,5 millió Ft",119.5,126.0,126 m²,3.0,Nyíregyháza,2025-08-17,Társasházi lakás,Új építésű,Gázkazán,2025.0,Nem adta meg a hirdető,,,,,,,,,,,
https://www.zenga.hu/ingatlan/elado-panellakas-budapest-xxi-kerulet-erdoalja/8587719?page=25&pos=19&cr=100,"Budapest XXI. kerület eladó panellakás 2+3 fél szobás: 84,24 millió Ft",84.24,84.0,84 m²,2.0,"Budapest XXI. kerület, Erdőalja, Völgy utca 21.",2025-08-17,Panellakás,Átlagos,Távfűtés,1983.0,E,,,4.0,4 m²,,,,,,,
https://www.zenga.hu/ingatlan/elado-teglalakas-szigetszentmiklos/8660014?page=25&pos=20&cr=100,"Szigetszentmiklós eladó téglalakás 3 szobás: 65,9 millió Ft",65.9,72.0,72 m²,3.0,Szigetszentmiklós,2025-08-17,Téglalakás,Jó állapotú,Gázkazán,2005.0,Nem adta meg a hirdető,,,3.0,,,,7 m²,,,,
https://www.zenga.hu/ingatlan/elado-teglalakas-balatonmariafurdo/8662584?page=26&pos=1&cr=100,"Balatonmáriafürdő eladó téglalakás 1 szobás: 39,9 millió Ft",39.9,24.0,24 m²,1.0,Balatonmáriafürdő,2025-08-17,Téglalakás,Új építésű,Házközponti fűtés egyedi méréssel,2026.0,A+++,,Nincs,,,,,7 m²,,,,
https://www.zenga.hu/ingatlan/elado-teglalakas-budapest-xx-kerulet/8657873?page=26&pos=2&cr=100,"Budapest XX. kerület eladó téglalakás 2 szobás: 63,99 millió Ft",63.99,57.0,57 m²,2.0,Budapest XX. kerület,2025-08-17,Téglalakás,Új építésű,Házközponti fűtés egyedi méréssel,2025.0,A+,,,,,,,,,,,
https://www.zenga.hu/ingatlan/elado-teglalakas-hajduszoboszlo/8661988?page=26&pos=3&cr=100,"Hajdúszoboszló eladó téglalakás 3+1 fél szobás: 73,9 millió Ft",73.9,125.0,125 m²,3.0,"Hajdúszoboszló, Liliom u. 2",2025-08-17,Téglalakás,Jó állapotú,Elektromos,,A+,,,2.0,14 m²,,,14 m²,,,,
https://www.zenga.hu/ingatlan/elado-teglalakas-hajduszoboszlo/8661987?page=26&pos=4&cr=100,"Hajdúszoboszló eladó téglalakás 3 szobás: 54,9 millió Ft",54.9,63.0,63 m²,3.0,"Hajdúszoboszló, Hőforrás u. 2",2025-08-17,Téglalakás,Jó állapotú,Elektromos,,A+,,,2.0,5 m²,,,20 m²,,,,
https://www.zenga.hu/ingatlan/elado-teglalakas-budapest-xii-kerulet-krisztinavaros-xii-ker/8503832?page=26&pos=5&cr=100,"Budapest XII. kerület eladó téglalakás 2 szobás: 129,9 millió Ft",129.9,57.0,57 m²,2.0,"Budapest XII. kerület, Krisztinaváros XII. ker.",2025-08-17,Téglalakás,Újszerű,Geotermikus,2018.0,Nem adta meg a hirdető,,,,,,,,,,,
https://www.zenga.hu/ingatlan/elado-teglalakas-budapest-viii-kerulet/8590776?page=26&pos=6&cr=100,Eladó 1+1 fél szobás téglalakás Budapest VIII. kerületben,,,,,,2025-08-17,,,,,,,,,,,,,,,,
https://www.zenga.hu/ingatlan/elado-egyeb-lakas-kiskunlachaza/8659945?page=26&pos=7&cr=100,"Kiskunlacháza eladó egyéb lakás 4 szobás: 64,9 millió Ft",64.9,75.0,75 m²,4.0,Kiskunlacháza,2025-08-17,Egyéb lakás,Új építésű,Házközponti,,Nem adta meg a hirdető,,,,,,,,,,,
https://www.zenga.hu/ingatlan/elado-teglalakas-budapest-xviii-kerulet-bokaytelep/8617362?page=26&pos=8&cr=100,"Budapest XVIII. kerület eladó téglalakás 1+2 fél szobás: 149,9 millió Ft",149.9,88.0,88 m²,1.0,"Budapest XVIII. kerület, Bókaytelep",2025-08-17,Téglalakás,Új építésű,Elektromos,2024.0,B,,,,,,,,,,,
https://www.zenga.hu/ingatlan/elado-teglalakas-budapest-ii-kerulet/8658417?page=26&pos=9&cr=100,Budapest II. kerület eladó téglalakás 2+1 fél szobás: 180 millió Ft,180.0,94.0,94 m²,2.0,Budapest II. kerület,2025-08-17,Téglalakás,Felújítandó,Elektromos,1932.0,Nem adta meg a hirdető,,,6.0,6 m²,,,,,,,
https://www.zenga.hu/ingatlan/elado-teglalakas-budapest-xi-kerulet/8556773?page=26&pos=11&cr=100,"Budapest XI. kerület eladó téglalakás 3 szobás: 94,99 millió Ft",94.99,63.0,63 m²,3.0,Budapest XI. kerület,2025-08-17,Téglalakás,Új építésű,Házközponti fűtés egyedi méréssel,2022.0,Nem adta meg a hirdető,,,,,,,,,,,
https://www.zenga.hu/ingatlan/elado-teglalakas-budapest-xi-kerulet-kelenfold/8510575?page=26&pos=12&cr=100,Budapest XI. kerület eladó téglalakás 4 szobás: 165 millió Ft,165.0,90.0,90 m²,4.0,"Budapest XI. kerület, Kelenföld",2025-08-17,Téglalakás,Jó állapotú,Gázkazán,,C,,,5.0,2 m²,30 000 Ft/hó,,19 m²,,,,
https://www.zenga.hu/ingatlan/elado-teglalakas-szeged-ujszeged/8658392?page=26&pos=13&cr=100,Szeged eladó téglalakás 3+1 fél szobás: 95 millió Ft,95.0,90.0,90 m²,3.0,"Szeged, Újszeged",2025-08-17,Téglalakás,Jó állapotú,Gázkazán,1982.0,Nem adta meg a hirdető,,Nincs,3.0,3 m²,,,,,,,
https://www.zenga.hu/ingatlan/elado-teglalakas-budapest-xiii-kerulet/8542361?page=26&pos=16&cr=100,"Budapest XIII. kerület eladó téglalakás 3 szobás: 149,9 millió Ft",,,,,,2025-08-17,,,,,,,,,,,,,,,,
https://www.zenga.hu/ingatlan/elado-panellakas-budapest-iii-kerulet-pok-utcai-lakotelep/8652950?page=26&pos=17&cr=100,"Budapest III. kerület eladó panellakás 1+3 fél szobás: 88,5 millió Ft",88.5,73.0,73 m²,1.0,"Budapest III. kerület, Pók utcai lakótelep, 0",2025-08-17,Panellakás,Jó állapotú,Távfűtés,,Nem adta meg a hirdető,,,4.0,,,,,,,,
https://www.zenga.hu/ingatlan/elado-teglalakas-budapest-iii-kerulet-filatorigat/8229780?page=26&pos=18&cr=100,"Budapest III. kerület eladó téglalakás 2+1 fél szobás: 135,14 millió Ft",135.14,82.0,82 m²,,,2025-08-17,,,,,,,,,,,,,,,,
https://www.zenga.hu/ingatlan/elado-teglalakas-eger/8619113?page=26&pos=19&cr=100,"Eger eladó téglalakás 4 szobás: 87,7 millió Ft",87.7,79.0,79 m²,4.0,Eger,2025-08-17,Téglalakás,Újszerű,Gázkazán,2020.0,B,,,3.0,,,,,,,,
https://www.zenga.hu/ingatlan/elado-teglalakas-eger-lajosvaros/8397562?page=26&pos=20&cr=100,"Eger eladó téglalakás 3 szobás: 54,9 millió Ft",54.9,60.0,60 m²,3.0,"Eger, Lajosváros",2025-08-17,Téglalakás,,,,,,,,,,,,,,,
https://www.zenga.hu/ingatlan/elado-teglalakas-kecskemet-belvaros/8647531?page=27&pos=1&cr=100,"Kecskemét eladó téglalakás 4 szobás: 99,5 millió Ft",99.5,99.0,99 m²,4.0,"Kecskemét, Belváros",2025-08-17,Téglalakás,Újszerű,Gázkazán,,Nem adta meg a hirdető,,,3.0,,,,,,,,
https://www.zenga.hu/ingatlan/elado-teglalakas-szeged-rokus/8650222?page=27&pos=2&cr=100,Szeged eladó téglalakás 3 szobás: 72 millió Ft,72.0,62.0,62 m²,3.0,"Szeged, Rókus",2025-08-17,Téglalakás,Jó állapotú,Gázkazán,2001.0,E,,,3.0,8 m²,,,,,,,
https://www.zenga.hu/ingatlan/elado-teglalakas-budapest-xviii-kerulet-gloriett-telep/8523571?page=27&pos=3&cr=100,"Budapest XVIII. kerület eladó téglalakás 1+2 fél szobás: 87,9 millió Ft",87.9,65.0,65 m²,1.0,"Budapest XVIII. kerület, Gloriett-telep",2025-08-17,Téglalakás,Új építésű,Elektromos,2024.0,A+,,,,,,,,,,,
https://www.zenga.hu/ingatlan/elado-teglalakas-debrecen-belvaros/8224585?page=27&pos=4&cr=100,Debrecen eladó téglalakás 4 szobás: 130 millió Ft,130.0,92.0,92 m²,4.0,"Debrecen, Belváros",2025-08-17,Téglalakás,Új építésű,Házközponti fűtés egyedi méréssel,2024.0,Nem adta meg a hirdető,,,,,,,,,,,
https://www.zenga.hu/ingatlan/elado-panellakas-debrecen-venkert/8649081?page=27&pos=5&cr=100,Eladó 2 szobás panellakás Debrecenben,,,,,,2025-08-17,,,,,,,,,,,,,,,,
https://www.zenga.hu/ingatlan/elado-teglalakas-mezohegyes/8506904?page=27&pos=6&cr=100,Mezőhegyes eladó téglalakás 2 szobás: 14 millió Ft,14.0,78.0,78 m²,2.0,Mezőhegyes,2025-08-17,Téglalakás,Jó állapotú,Elektromos,1970.0,F,,,,,,,,,,,
https://www.zenga.hu/ingatlan/elado-csusztatott-zsalus-lakas-miskolc-tampere/8428064?page=27&pos=7&cr=100,"Miskolc eladó csúsztatott zsalus lakás 4 szobás: 54,9 millió Ft",54.9,87.0,87 m²,4.0,,2025-08-17,,,,,,,,,,,,,,,,
https://www.zenga.hu/ingatlan/elado-teglalakas-budapest-vii-kerulet-ligetvaros/8647361?page=27&pos=8&cr=100,"Budapest VII. kerület eladó téglalakás 1+1 fél szobás: 39,9 millió Ft",39.9,41.0,41 m²,1.0,"Budapest VII. kerület, Ligetváros",2025-08-17,Téglalakás,Jó állapotú,Elektromos,1930.0,Nem adta meg a hirdető,,,4.0,,,,,,,,
https://www.zenga.hu/ingatlan/elado-teglalakas-szombathely-szentkiraly/8624562?page=27&pos=9&cr=100,"Szombathely eladó téglalakás 3 szobás: 61,9 millió Ft",61.9,71.0,71 m²,3.0,"Szombathely, Szentkirály",2025-08-17,Téglalakás,Felújított,Házközponti fűtés egyedi méréssel,2010.0,Nem adta meg a hirdető,,,,,,,,,,,
https://www.zenga.hu/ingatlan/elado-tarsashazi-lakas-nyiregyhaza/8609720?page=27&pos=10&cr=100,Nyíregyháza eladó társasházi lakás 2+1 fél szobás: 55 millió Ft,55.0,63.0,63 m²,2.0,Nyíregyháza,2025-08-17,Társasházi lakás,Felújított,Távfűtés egyedi méréssel,1973.0,Nem adta meg a hirdető,,,,,,,,,,,
https://www.zenga.hu/ingatlan/elado-panellakas-paks-lakotelep/8644856?page=27&pos=11&cr=100,"Paks eladó panellakás 2 szobás: 54,9 millió Ft",54.9,52.0,52 m²,2.0,"Paks, Lakótelep",2025-08-17,Panellakás,Felújított,Távfűtés,1980.0,Nem adta meg a hirdető,,,4.0,"4,5 m²",,,,,,,
https://www.zenga.hu/ingatlan/elado-teglalakas-paks-ovaros/8644860?page=27&pos=12&cr=100,"Paks eladó téglalakás 2+1 fél szobás: 41,9 millió Ft",41.9,53.0,53 m²,2.0,"Paks, Óváros",2025-08-17,Téglalakás,Felújított,Hőszivattyú,,Nem adta meg a hirdető,,,3.0,,,,,,,,
https://www.zenga.hu/ingatlan/elado-teglalakas-budapest-xi-kerulet-madarhegy/8378020?page=27&pos=13&cr=100,"Budapest XI. kerület eladó téglalakás 3 szobás: 236,39 millió Ft",236.39,85.0,85 m²,3.0,"Budapest XI. kerület, Madárhegy",2025-08-17,Téglalakás,Új építésű,Egyéb,,Nem adta meg a hirdető,,,3.0,,,,,,,,
https://www.zenga.hu/ingatlan/elado-csusztatott-zsalus-lakas-budapest-xx-kerulet-pesterzsebet/8643991?page=27&pos=14&cr=100,,,,,,,2025-08-17,,,,,,,,,,,,,,,,
https://www.zenga.hu/ingatlan/elado-teglalakas-budapest-xi-kerulet-kelenfold/8387439?page=27&pos=15&cr=100,Eladó 1+3 fél szobás téglalakás 154 millió Ft értékben Budapest XI. kerületben - ÚJBUDA - BEST PLACE PROJEKT lakóparkban,154.0,64.0,64 m²,1.0,"Budapest XI. kerület, Kelenföld",2025-08-17,Téglalakás,Új építésű,,2025.0,Nem adta meg a hirdető,,,4.0,,,,,,,,
https://www.zenga.hu/ingatlan/elado-teglalakas-budapest-v-kerulet-belvaros/8427590?page=27&pos=16&cr=100,Budapest V. kerület eladó téglalakás 4 szobás: 140 millió Ft,140.0,76.0,,,,2025-08-17,,,,,,,,,,,,,,,,
https://www.zenga.hu/ingatlan/elado-teglalakas-budapest-v-kerulet-belvaros/8426442?page=27&pos=17&cr=100,Budapest V. kerület eladó téglalakás 4 szobás: 140 millió Ft,140.0,76.0,76 m²,4.0,"Budapest V. kerület, Belváros",2025-08-17,Téglalakás,Felújított,Gázkazán,1900.0,Nem adta meg a hirdető,,,,,,,,,,,
https://www.zenga.hu/ingatlan/elado-teglalakas-budapest-xvii-kerulet-rakoscsaba-ujtelep/8544450?page=27&pos=18&cr=100,,,,,,,2025-08-17,,,,,,,,,,,,,,,,
https://www.zenga.hu/ingatlan/elado-teglalakas-budapest-vii-kerulet/8512787?page=27&pos=19&cr=100,,,,,,,2025-08-17,,,,,,,,,,,,,,,,
https://www.zenga.hu/ingatlan/elado-teglalakas-budapest-xiii-kerulet-ujlipotvaros/8607072?page=27&pos=20&cr=100,"Budapest XIII. kerület eladó téglalakás 2 szobás: 88,9 millió Ft",88.9,84.0,84 m²,2.0,"Budapest XIII. kerület, Újlipótváros",2025-08-17,Téglalakás,Átlagos,Gáz (héra),1895.0,Nem adta meg a hirdető,,,4.0,,,,,,,,
https://www.zenga.hu/ingatlan/elado-panellakas-debrecen-belvaros/8643031?page=28&pos=1&cr=100,Debrecen eladó panellakás 3 szobás: 63 millió Ft,63.0,63.0,63 m²,3.0,"Debrecen, Belváros, Hajó utca",2025-08-17,Panellakás,,,,,,,10.0,,,,,,,,
https://www.zenga.hu/ingatlan/elado-teglalakas-budapest-ii-kerulet-rezmal/8175307?page=28&pos=2&cr=100,,,,,,,2025-08-17,,,,,,,,,,,,,,,,
https://www.zenga.hu/ingatlan/elado-teglalakas-budapest-xvii-kerulet-rakoscsaba-ujtelep/8544452?page=28&pos=3&cr=100,Budapest XVII. kerület eladó téglalakás 4 szobás: 144 millió Ft,,,,,,2025-08-17,,,,,,,,,,,,,,,,
https://www.zenga.hu/ingatlan/elado-teglalakas-budapest-iv-kerulet-megyer/8229152?page=28&pos=4&cr=100,"Budapest IV. kerület eladó téglalakás 4 szobás: 194,9 millió Ft",194.9,87.0,87 m²,4.0,"Budapest IV. kerület, Megyer",2025-08-17,Téglalakás,Újszerű,Házközponti fűtés egyedi méréssel,2020.0,A,,,,,,,,,,,
https://www.zenga.hu/ingatlan/elado-teglalakas-budapest-xvii-kerulet-rakoscsaba-ujtelep/8544451?page=28&pos=5&cr=100,,,,,,,2025-08-17,,,,,,,,,,,,,,,,
https://www.zenga.hu/ingatlan/elado-teglalakas-budapest-xviii-kerulet-miklostelep/8626479?page=28&pos=6&cr=100,Budapest XVIII. kerület eladó téglalakás 1 szobás: 23 millió Ft,23.0,21.0,21 m²,1.0,"Budapest XVIII. kerület, Miklóstelep",2025-08-17,Téglalakás,Felújítandó,Elektromos,1980.0,Nem adta meg a hirdető,,,,,,,,,,,
https://www.zenga.hu/ingatlan/elado-panellakas-budapest-viii-kerulet-corvin-negyed/8637614?page=28&pos=7&cr=100,"Budapest VIII. kerület eladó panellakás 2 szobás: 58,9 millió Ft",58.9,45.0,45 m²,2.0,"Budapest VIII. kerület, Corvin negyed",2025-08-17,Panellakás,Átlagos,Távfűtés egyedi méréssel,1972.0,Nem adta meg a hirdető,,,10.0,5 m²,,,,,,,
https://www.zenga.hu/ingatlan/elado-panellakas-budapest-iv-kerulet-ujpest/8616503?page=28&pos=8&cr=100,"Budapest IV. kerület eladó panellakás 2+1 fél szobás: 67,9 millió Ft",67.9,59.0,59 m²,2.0,"Budapest IV. kerület, Újpest, Munkásotthon",2025-08-17,Panellakás,Felújított,Távfűtés egyedi méréssel,,D,,,10.0,,,,,,,,
https://www.zenga.hu/ingatlan/elado-teglalakas-budapest-vi-kerulet/8619379?page=28&pos=9&cr=100,Budapest VI. kerület eladó téglalakás 4 szobás: 210 millió Ft,210.0,170.0,170 m²,4.0,"Budapest VI. kerület, Eötvös utca",2025-08-17,Téglalakás,Újszerű,Gázkazán,1900.0,Nem adta meg a hirdető,,,3.0,,,,,,,,
https://www.zenga.hu/ingatlan/elado-teglalakas-gyongyos/8602886?page=28&pos=10&cr=100,"Gyöngyös eladó téglalakás 3 szobás: 54,9 millió Ft",54.9,67.0,67 m²,3.0,Gyöngyös,2025-08-17,Téglalakás,Újszerű,Gázkazán,2010.0,Nem adta meg a hirdető,,Nincs,4.0,8 m²,11 000 Ft/hó,,,,,,
https://www.zenga.hu/ingatlan/elado-tarsashazi-lakas-debrecen-postakert/8630028?page=28&pos=11&cr=100,"Debrecen eladó társasházi lakás 3 szobás: 89,9 millió Ft",89.9,53.0,53 m²,3.0,"Debrecen, Postakert",2025-08-17,Társasházi lakás,Új építésű,Mennyezeti hűtés-fűtés,2026.0,Nem adta meg a hirdető,,,3.0,,,,13 m²,,,,
https://www.zenga.hu/ingatlan/elado-teglalakas-siofok/8628263?page=28&pos=12&cr=100,"Eladó 2 szobás téglalakás 97,2 millió Ft értékben Siófokon - Akvamarin Lakópark lakóparkban",97.2,47.0,47 m²,2.0,"Siófok, Deák Ferenc sétány 43.",2025-08-17,Téglalakás,Új építésű,Hőszivattyú,,A++,,,3.0,"6,3 m²",,2026. április,,,,,
https://www.zenga.hu/ingatlan/elado-tarsashazi-lakas-budapest-xvi-kerulet-cinkota/8625425?page=28&pos=13&cr=100,Budapest XVI. kerület eladó társasházi lakás 3 szobás: 55 millió Ft,,,,,,2025-08-17,,,,,,,,,,,,,,,,
https://www.zenga.hu/ingatlan/elado-teglalakas-balatonfured-belvaros/8609534?page=28&pos=14&cr=100,"Balatonfüred eladó téglalakás 2 szobás: 85,5 millió Ft",85.5,55.0,55 m²,2.0,"Balatonfüred, Belváros",2025-08-17,Téglalakás,Új építésű,Hőszivattyú,2026.0,Nem adta meg a hirdető,,,3.0,26 m²,,,,,,,
https://www.zenga.hu/ingatlan/elado-panellakas-debrecen/8603887?page=28&pos=15&cr=100,"Debrecen eladó panellakás 1 szobás: 46,2 millió Ft",46.2,42.0,42 m²,1.0,"Debrecen, Alkotmány",2025-08-17,Panellakás,Felújított,Gáz (konvektor),,Nem adta meg a hirdető,,,4.0,4 m²,,,,,,,
https://www.zenga.hu/ingatlan/elado-teglalakas-budapest-xv-kerulet-rakospalota/8521973?page=28&pos=16&cr=100,Budapest XV. kerület eladó téglalakás 2 szobás: 76 millió Ft,76.0,89.0,89 m²,2.0,"Budapest XV. kerület, Rákospalota",2025-08-17,Téglalakás,Felújított,Gázkazán,1988.0,Nem adta meg a hirdető,,,1.0,12 m²,,,,,,,
https://www.zenga.hu/ingatlan/elado-teglalakas-paks-lakotelep/8458957?page=28&pos=17&cr=100,"Paks eladó téglalakás 4 szobás: 74,9 millió Ft",74.9,82.0,82 m²,4.0,"Paks, Lakótelep",2025-08-17,Téglalakás,Jó állapotú,Távfűtés,2009.0,Nem adta meg a hirdető,,,2.0,14 m²,25 000 Ft/hó,,,,,,
https://www.zenga.hu/ingatlan/elado-panellakas-paks-lakotelep/8590420?page=28&pos=18&cr=100,"Paks eladó panellakás 1+1 fél szobás: 35,9 millió Ft",35.9,41.0,41 m²,1.0,"Paks, Lakótelep",2025-08-17,Panellakás,Jó állapotú,Távfűtés,,Nem adta meg a hirdető,,,4.0,"3,5 m²",,,,,,,
https://www.zenga.hu/ingatlan/elado-teglalakas-budapest-xv-kerulet-pestujhely/8587737?page=28&pos=19&cr=100,Budapest XV. kerület eladó téglalakás 1+1 fél szobás: 56 millió Ft,56.0,40.0,40 m²,1.0,"Budapest XV. kerület, Pestújhely",2025-08-17,Téglalakás,Felújított,Gázkazán,1980.0,E,,Nincs,3.0,,12 000 Ft/hó,,,,,,
https://www.zenga.hu/ingatlan/elado-teglalakas-budapest-xi-kerulet-kelenfold/8549272?page=28&pos=20&cr=100,"Budapest XI. kerület eladó téglalakás 1 szobás: 59,5 millió Ft",59.5,38.0,38 m²,1.0,"Budapest XI. kerület, Kelenföld, Bartók Béla út",2025-08-17,Téglalakás,Újszerű,Elektromos,,Nem adta meg a hirdető,,,5.0,2 m²,,,,,,,
https://www.zenga.hu/ingatlan/elado-panellakas-budapest-xiv-kerulet-nagyzuglo/8497256?page=29&pos=1&cr=100,"Budapest XIV. kerület eladó panellakás 3 szobás: 74,9 millió Ft",74.9,68.0,68 m²,3.0,"Budapest XIV. kerület, Nagyzugló",2025-08-17,Panellakás,Felújított,Távfűtés egyedi méréssel,1990.0,B,,,10.0,4 m²,20 000 Ft/hó,,,,,,
https://www.zenga.hu/ingatlan/elado-teglalakas-budapest-xiii-kerulet/8549719?page=29&pos=2&cr=100,"Budapest XIII. kerület eladó téglalakás 3 szobás: 73,08 millió Ft",73.08,59.0,59 m²,3.0,Budapest XIII. kerület,2025-08-17,Téglalakás,Felújított,Egyéb,1970.0,D,,,3.0,,28 000 Ft/hó,,,,,,
https://www.zenga.hu/ingatlan/elado-tarsashazi-lakas-gyula/8356636?page=29&pos=3&cr=100,Gyula eladó társasházi lakás 2 szobás: 56 millió Ft,56.0,62.0,62 m²,2.0,"Gyula, Varsándi utca 5",2025-08-17,Társasházi lakás,Új építésű,Hőszivattyú,2024.0,A+,,,1.0,,,,,,,,
https://www.zenga.hu/ingatlan/elado-teglalakas-budapest-xii-kerulet/8667116?page=29&pos=4&cr=99,Budapest XII. kerület eladó téglalakás 1 szobás: 62 millió Ft,62.0,30.0,30 m²,1.0,,2025-08-17,,,,,,,,,,,,,,,,
https://www.zenga.hu/ingatlan/elado-teglalakas-balatonmariafurdo/8060938?page=29&pos=5&cr=99,"Balatonmáriafürdő eladó téglalakás 2 szobás: 58,08 millió Ft",58.08,44.0,44 m²,2.0,Balatonmáriafürdő,2025-08-17,Téglalakás,Új építésű,Hőszivattyú,2026.0,Nem adta meg a hirdető,,Nincs,,,,,15 m²,,,,
https://www.zenga.hu/ingatlan/elado-teglalakas-balatonmariafurdo/8056731?page=29&pos=6&cr=98,"Balatonmáriafürdő eladó téglalakás 1 szobás: 55,31 millió Ft",55.31,30.0,30 m²,1.0,Balatonmáriafürdő,2025-08-17,Téglalakás,Új építésű,Egyéb,2024.0,Nem adta meg a hirdető,,Nincs,,,,,14 m²,,,,
https://www.zenga.hu/ingatlan/elado-teglalakas-budapest-i-kerulet/8547228?page=29&pos=7&cr=95,"Budapest I. kerület eladó téglalakás 3 szobás: 111,9 millió Ft",111.9,68.0,68 m²,3.0,"Budapest I. kerület, Attila út 119",2025-08-17,Téglalakás,Felújított,Távfűtés,,D,,,5.0,5 m²,25 000 Ft/hó,,,,,,
https://www.zenga.hu/ingatlan/elado-teglalakas-szeged-felsovaros/8544098?page=29&pos=8&cr=95,"Szeged eladó téglalakás 1+3 fél szobás: 91,8 millió Ft",91.8,75.0,75 m²,1.0,"Szeged, Felsőváros, Tabán",2025-08-17,Téglalakás,Újszerű,Gázkazán,2008.0,Nem adta meg a hirdető,,Nincs,3.0,7 m²,,,,,,,
https://www.zenga.hu/ingatlan/elado-teglalakas-balatonmariafurdo/8061098?page=29&pos=9&cr=95,"Balatonmáriafürdő eladó téglalakás 3 szobás: 96,43 millió Ft",96.43,62.0,62 m²,3.0,Balatonmáriafürdő,2025-08-17,Téglalakás,Új építésű,Hőszivattyú,2026.0,Nem adta meg a hirdető,,Nincs,,,,,46 m²,,,,
https://www.zenga.hu/ingatlan/elado-teglalakas-budapest-ii-kerulet-rozsadomb/8666963?page=29&pos=10&cr=95,Budapest II. kerület eladó téglalakás 2 szobás: 136 millió Ft,136.0,66.0,66 m²,2.0,"Budapest II. kerület, Rózsadomb, Mecset utca 19",2025-08-17,Téglalakás,Felújított,Gázkazán,,C,,,4.0,,,,,,,,
https://www.zenga.hu/ingatlan/elado-teglalakas-tokol-pesti-uti-lakotelep/8666843?page=29&pos=11&cr=95,"Tököl eladó téglalakás 1+2 fél szobás: 45,9 millió Ft",45.9,51.0,51 m²,1.0,"Tököl, Pesti úti lakótelep, Mátyás király utca 7/c",2025-08-17,Téglalakás,Jó állapotú,Gáz (konvektor),1965.0,D,,Nincs,4.0,,25 000 Ft/hó,,,,,,
https://www.zenga.hu/ingatlan/elado-tarsashazi-lakas-budapest-xii-kerulet-svabhegy/8659995?page=29&pos=12&cr=95,Budapest XII. kerület eladó társasházi lakás 1+3 fél szobás: 149 millió Ft,149.0,79.0,79 m²,1.0,"Budapest XII. kerület, Svábhegy",2025-08-17,Társasházi lakás,Jó állapotú,Gázkazán,,B,,,3.0,10 m²,21 000 Ft/hó,,10 m²,,,,
https://www.zenga.hu/ingatlan/elado-teglalakas-pomaz-vorosmarty-lakotelep/8665118?page=29&pos=13&cr=95,Pomáz eladó téglalakás 3 szobás: 98 millió Ft,98.0,76.0,76 m²,3.0,"Pomáz, Vörösmarty-lakótelep",2025-08-17,Téglalakás,Felújított,Gázkazán,1980.0,Nem adta meg a hirdető,,Nincs,2.0,9 m²,,,,,,,
https://www.zenga.hu/ingatlan/elado-teglalakas-budapest-iv-kerulet-ujpest/8637592?page=29&pos=14&cr=95,"Budapest IV. kerület eladó téglalakás 4 szobás: 99,9 millió Ft",99.9,94.0,94 m²,4.0,"Budapest IV. kerület, Újpest",2025-08-17,Téglalakás,Felújított,Házközponti fűtés egyedi méréssel,2008.0,A+,,,3.0,6 m²,11 000 Ft/hó,,,,,,
https://www.zenga.hu/ingatlan/elado-panellakas-tatabanya-banhidai-lakotelep/8645369?page=29&pos=15&cr=95,"Tatabánya eladó panellakás 2 szobás: 39,75 millió Ft",39.75,53.0,53 m²,2.0,"Tatabánya, Bánhidai lakótelep",2025-08-17,Panellakás,Jó állapotú,Távfűtés,,Nem adta meg a hirdető,,,3.0,4 m²,14 000 Ft/hó,,,,,,
https://www.zenga.hu/ingatlan/elado-teglalakas-budapest-vii-kerulet/8422475?page=29&pos=16&cr=95,"Budapest VII. kerület eladó téglalakás 5+5 fél szobás: 179,86 millió Ft",,,,,,2025-08-17,,,,,,,,,,,,,,,,
https://www.zenga.hu/ingatlan/elado-teglalakas-budapest-xi-kerulet-nadorkert/8647195?page=29&pos=18&cr=95,,,,,,,2025-08-17,,,,,,,,,,,,,,,,
https://www.zenga.hu/ingatlan/elado-egyeb-lakas-szombathely/8255172?page=29&pos=20&cr=95,"Szombathely eladó egyéb lakás 4 szobás: 74,9 millió Ft",74.9,86.0,86 m²,4.0,Szombathely,2025-08-17,Egyéb lakás,Új építésű,,2025.0,Nem adta meg a hirdető,,,,,,,,,,,
https://www.zenga.hu/ingatlan/elado-panellakas-budapest-xiii-kerulet-ujlipotvaros/8638384?page=30&pos=1&cr=95,Budapest XIII. kerület eladó panellakás 2 szobás: 55 millió Ft,55.0,44.0,44 m²,2.0,"Budapest XIII. kerület, Újlipótváros, Váci út 56-58",2025-08-17,Panellakás,Jó állapotú,Távfűtés,1970.0,Nem adta meg a hirdető,,,6.0,,40 000 Ft/hó,,,,,,
https://www.zenga.hu/ingatlan/elado-teglalakas-debrecen/8641236?page=30&pos=2&cr=95,Debrecen eladó téglalakás 1+1 fél szobás: 63 millió Ft,63.0,40.0,40 m²,1.0,"Debrecen, Rákóczi utca",2025-08-17,Téglalakás,Felújított,Gáz (konvektor),,,,,1.0,,,,,,,,
https://www.zenga.hu/ingatlan/elado-teglalakas-eger-hatvanihostya/8654086?page=30&pos=4&cr=95,"Eger eladó téglalakás 3+2 fél szobás: 73,9 millió Ft",73.9,110.0,110 m²,3.0,"Eger, Hatvanihóstya, Széna tér",2025-08-17,Téglalakás,Felújított,Gázkazán,2005.0,E,,Nincs,3.0,5 m²,15 000 Ft/hó,,,,,,
https://www.zenga.hu/ingatlan/elado-teglalakas-debrecen-belvaros/8644679?page=30&pos=5&cr=95,Debrecen eladó téglalakás 3 szobás: 196 millió Ft,196.0,92.0,92 m²,3.0,"Debrecen, Belváros",2025-08-17,Téglalakás,Újszerű,Gázkazán,,Nem adta meg a hirdető,,,4.0,15 m²,20 000 Ft/hó,,,,,,
https://www.zenga.hu/ingatlan/elado-teglalakas-budapest-ii-kerulet/8628716?page=30&pos=6&cr=95,"Budapest II. kerület eladó téglalakás 3+2 fél szobás: 207,48 millió Ft",207.48,96.0,96 m²,3.0,"Budapest II. kerület, Szilagyi Erzsabet fasor 13-15",2025-08-17,Téglalakás,Jó állapotú,Házközponti fűtés egyedi méréssel,,Nem adta meg a hirdető,,,5.0,2 m²,45 000 Ft/hó,,,,,,
https://www.zenga.hu/ingatlan/elado-tarsashazi-lakas-budapest-xx-kerulet-pesterzsebet/8647593?page=30&pos=10&cr=95,"Budapest XX. kerület eladó társasházi lakás 2 szobás: 83,99 millió Ft",83.99,64.0,64 m²,2.0,"Budapest XX. kerület, Pesterzsébet, Téglaégető utca 2.",2025-08-17,Társasházi lakás,Felújított,Gázkazán,2004.0,C,,,3.0,,,,,,,,
https://www.zenga.hu/ingatlan/elado-tarsashazi-lakas-budapest-viii-kerulet/8637781?page=30&pos=11&cr=95,"Budapest VIII. kerület eladó társasházi lakás 3 szobás: 79,9 millió Ft",79.9,67.0,67 m²,3.0,Budapest VIII. kerület,2025-08-17,Társasházi lakás,Felújított,Házközponti fűtés egyedi méréssel,2005.0,Nem adta meg a hirdető,,,8.0,,,,,,,,
https://www.zenga.hu/ingatlan/elado-teglalakas-budapest-ii-kerulet-szemlohegy/8633156?page=30&pos=12&cr=95,"Budapest II. kerület eladó téglalakás 4+1 fél szobás: 259,9 millió Ft",259.9,128.0,128 m²,4.0,"Budapest II. kerület, Szemlőhegy, 29/B",2025-08-17,Téglalakás,Felújított,Gázkazán,2001.0,D,,,3.0,9 m²,20 000 Ft/hó,,,,,,
https://www.zenga.hu/ingatlan/elado-panellakas-budapest-xi-kerulet/8644664?page=30&pos=13&cr=95,"Budapest XI. kerület eladó panellakás 2+1 fél szobás: 81,8 millió Ft",81.8,48.0,48 m²,2.0,"Budapest XI. kerület, mérnök 32",2025-08-17,Panellakás,Felújított,Távfűtés egyedi méréssel,,C,,,4.0,4 m²,35 000 Ft/hó,,,,,,
https://www.zenga.hu/ingatlan/elado-panellakas-budapest-xiv-kerulet/8644781?page=30&pos=14&cr=95,"Budapest XIV. kerület eladó panellakás 1+1 fél szobás: 64,9 millió Ft",64.9,50.0,50 m²,1.0,Budapest XIV. kerület,2025-08-17,Panellakás,Felújított,Távfűtés,,Nem adta meg a hirdető,,,10.0,3 m²,,,,,,,
https://www.zenga.hu/ingatlan/elado-teglalakas-budapest-xi-kerulet-kelenfold/8594029?page=30&pos=15&cr=95,"Budapest XI. kerület eladó téglalakás 2 szobás: 89,9 millió Ft",89.9,55.0,55 m²,2.0,"Budapest XI. kerület, Kelenföld",2025-08-17,Téglalakás,Új építésű,Mennyezeti hűtés-fűtés,2025.0,A+,,,8.0,,10 000 Ft/hó,,16 m²,,,,
https://www.zenga.hu/ingatlan/elado-teglalakas-erd-erdliget/8372204?page=30&pos=16&cr=95,Érd eladó téglalakás 3 szobás: 83 millió Ft,83.0,74.0,74 m²,3.0,"Érd, Érdliget",2025-08-17,Téglalakás,Felújított,Gázkazán,1980.0,D,,,2.0,6 m²,,,,,,,
https://www.zenga.hu/ingatlan/elado-teglalakas-budapest-xiii-kerulet/8633527?page=30&pos=17&cr=95,"Budapest XIII. kerület eladó téglalakás 1 szobás: 58,4 millió Ft",58.4,27.0,27 m²,1.0,"Budapest XIII. kerület, Csángó utca 9",2025-08-17,Téglalakás,Felújított,Gáz (konvektor),1950.0,H,,,4.0,,10 000 Ft/hó,,,,,,
https://www.zenga.hu/ingatlan/elado-tarsashazi-lakas-debrecen-postakert/8447686?page=30&pos=18&cr=95,"Debrecen eladó társasházi lakás 2+2 fél szobás: 96,6 millió Ft",96.6,84.0,84 m²,2.0,"Debrecen, Postakert, Postakert utca",2025-08-17,Társasházi lakás,Jó állapotú,Gázkazán,2003.0,E,,Nincs,4.0,7 m²,15 000 Ft/hó,,,,,,
https://www.zenga.hu/ingatlan/elado-panellakas-miskolc-diosgyor/8619428?page=30&pos=19&cr=95,Miskolc eladó panellakás 2 szobás: 28 millió Ft,28.0,51.0,51 m²,2.0,"Miskolc, Diósgyőr",2025-08-17,Panellakás,Jó állapotú,Távfűtés egyedi méréssel,1980.0,Nem adta meg a hirdető,,,10.0,,,,,,,,
https://www.zenga.hu/ingatlan/elado-panellakas-debrecen/8454529?page=30&pos=20&cr=95,"Debrecen eladó panellakás 2+2 fél szobás: 68,9 millió Ft",68.9,69.0,69 m²,2.0,"Debrecen, Monostor",2025-08-17,Panellakás,Felújított,Házközponti fűtés egyedi méréssel,1974.0,Nem adta meg a hirdető,,,4.0,2 m²,,,,,,,
https://www.zenga.hu/ingatlan/elado-teglalakas-cegled/8563021?page=31&pos=1&cr=95,Cegléd eladó téglalakás 2 szobás: 38 millió Ft,38.0,50.0,50 m²,2.0,Cegléd,2025-08-17,Téglalakás,Felújított,Gáz (konvektor),,Nem adta meg a hirdető,,Nincs,3.0,3 m²,,,,,,,
https://www.zenga.hu/ingatlan/elado-panellakas-paks/8536183?page=31&pos=2&cr=95,Paks eladó panellakás 2 szobás: 46 millió Ft,46.0,57.0,57 m²,2.0,"Paks, Árnyas u.",2025-08-17,Panellakás,Átlagos,Távfűtés,1975.0,C,,,5.0,3 m²,,,,,,,
https://www.zenga.hu/ingatlan/elado-panellakas-budapest-xxi-kerulet-kiralymajor/8668082?page=31&pos=3&cr=91,"Budapest XXI. kerület eladó panellakás 3 szobás: 51,6 millió Ft",51.6,57.0,57 m²,3.0,"Budapest XXI. kerület, Királymajor",2025-08-17,Panellakás,,Távfűtés,1970.0,Nem adta meg a hirdető,,,,,,,,,,,
https://www.zenga.hu/ingatlan/elado-panellakas-budapest-xxi-kerulet-csillagtelep/8664141?page=31&pos=4&cr=91,"Budapest XXI. kerület eladó panellakás 3 szobás: 62,9 millió Ft",62.9,62.0,62 m²,3.0,"Budapest XXI. kerület, Csillagtelep",2025-08-17,Panellakás,,Házközponti fűtés egyedi méréssel,1988.0,Nem adta meg a hirdető,,,,6 m²,,,,,,,
https://www.zenga.hu/ingatlan/elado-panellakas-nyiregyhaza-belvaros/8656792?page=31&pos=5&cr=90,"Nyíregyháza eladó panellakás 2 szobás: 41,7 millió Ft",41.7,53.0,53 m²,2.0,"Nyíregyháza, Belváros",2025-08-17,Panellakás,,Házközponti fűtés egyedi méréssel,1979.0,Nem adta meg a hirdető,,,,6 m²,,,,,,,
https://www.zenga.hu/ingatlan/elado-teglalakas-siofok/8561500?page=31&pos=6&cr=90,Siófok eladó téglalakás 4 szobás: 223 millió Ft,223.0,149.0,149 m²,4.0,Siófok,2025-08-17,Téglalakás,Újszerű,Hőszivattyú,2018.0,Nem adta meg a hirdető,,,,,,,,,,,
https://www.zenga.hu/ingatlan/elado-teglalakas-vac-belvaros/8318885?page=31&pos=7&cr=90,Vác eladó téglalakás 4+1 fél szobás: 143 millió Ft,143.0,161.0,161 m²,4.0,"Vác, Belváros",2025-08-17,Téglalakás,Felújítandó,Egyéb,1888.0,Nem adta meg a hirdető,,,,,,,,,,,
https://www.zenga.hu/ingatlan/elado-teglalakas-nyaregyhaza/8102510?page=31&pos=8&cr=90,"Nyáregyháza eladó téglalakás 4 szobás: 61,5 millió Ft",61.5,91.0,91 m²,4.0,Nyáregyháza,2025-08-17,Téglalakás,Új építésű,Hőszivattyú,2024.0,A+,,,,,,,,,,,
https://www.zenga.hu/ingatlan/elado-teglalakas-nyiregyhaza-orokosfold/8487668?page=31&pos=9&cr=90,"Nyíregyháza eladó téglalakás 3 szobás: 53,9 millió Ft",53.9,63.0,63 m²,3.0,"Nyíregyháza, Örökösföld, Keleti Márton",2025-08-17,Téglalakás,Újszerű,Gázkazán,2012.0,B,,,3.0,3 m²,,,,,,,
https://www.zenga.hu/ingatlan/elado-panellakas-miskolc/8619466?page=31&pos=10&cr=90,"Miskolc eladó panellakás 1+2 fél szobás: 29,99 millió Ft",29.99,55.0,55 m²,1.0,Miskolc,2025-08-17,Panellakás,Jó állapotú,Távfűtés,1975.0,Nem adta meg a hirdető,,,10.0,3 m²,,,,,,,
https://www.zenga.hu/ingatlan/elado-teglalakas-nyiregyhaza-belvaros/8476769?page=31&pos=11&cr=90,"Nyíregyháza eladó téglalakás 2+1 fél szobás: 45,8 millió Ft",45.8,54.0,54 m²,2.0,"Nyíregyháza, Belváros, Hunyadi",2025-08-17,Téglalakás,Felújított,Gázkazán,1995.0,B,,,3.0,4 m²,,,,,,,
https://www.zenga.hu/ingatlan/elado-egyeb-lakas-sopron/8540754?page=31&pos=13&cr=85,"Sopron eladó egyéb lakás 1 szobás: 39,9 millió Ft",39.9,32.0,32 m²,1.0,Sopron,2025-08-17,Egyéb lakás,Új építésű,,2024.0,Nem adta meg a hirdető,,,,,,,,,,,
https://www.zenga.hu/ingatlan/elado-teglalakas-zalaegerszeg-belvaros/8415820?page=31&pos=14&cr=85,Zalaegerszeg eladó téglalakás 4 szobás: 125 millió Ft,125.0,130.0,130 m²,4.0,"Zalaegerszeg, Belváros",2025-08-17,Téglalakás,Újszerű,Házközponti,2017.0,Nem adta meg a hirdető,,,,,,,,,,,
https://www.zenga.hu/ingatlan/elado-teglalakas-gyor-revfalu/8530872?page=31&pos=15&cr=85,"Győr eladó téglalakás 3 szobás: 72,3 millió Ft",72.3,61.0,61 m²,3.0,"Győr, Révfalu",2025-08-17,Téglalakás,Új építésű,Hőszivattyú,2025.0,Nem adta meg a hirdető,,,1.0,,,,,,,,
https://www.zenga.hu/ingatlan/elado-teglalakas-gyor-revfalu/8476360?page=31&pos=16&cr=85,"Győr eladó téglalakás 3 szobás: 92,43 millió Ft",92.43,75.0,75 m²,3.0,"Győr, Révfalu",2025-08-17,Téglalakás,Új építésű,Hőszivattyú,2025.0,Nem adta meg a hirdető,,,1.0,,,,,,,,
https://www.zenga.hu/ingatlan/elado-teglalakas-kecskemet/8244929?page=31&pos=17&cr=85,"Eladó 4 szobás téglalakás 88,7 millió Ft értékben Kecskeméten - Live Lakópark lakóparkban",88.7,73.0,73 m²,4.0,Kecskemét,2025-08-17,Téglalakás,Új építésű,Egyéb,,A++,,,6.0,"4,5 m²",,2025. 1. negyedév,,,,,
https://www.zenga.hu/ingatlan/elado-teglalakas-szeged/8653585?page=31&pos=18&cr=81,"Szeged eladó téglalakás 3 szobás: 74,9 millió Ft",74.9,79.0,79 m²,3.0,"Szeged, belváros",2025-08-17,Téglalakás,Átlagos,Gázkazán,1995.0,Nem adta meg a hirdető,,,,"3,3 m²",,,"9,4 m²",,,,
https://www.zenga.hu/ingatlan/elado-teglalakas-szeged/8662670?page=31&pos=19&cr=81,"Szeged eladó téglalakás 3+2 fél szobás: 79,9 millió Ft",79.9,123.0,123 m²,3.0,"Szeged, Kálvária sugárút",2025-08-17,Téglalakás,Felújítandó,Gázkazán,1840.0,Nem adta meg a hirdető,,,1.0,"4,8 m²",,,,,,,
https://www.zenga.hu/ingatlan/elado-panellakas-szeged/8655413?page=31&pos=20&cr=81,Szeged eladó panellakás 4 szobás: 76 millió Ft,76.0,80.0,80 m²,4.0,"Szeged, Szent István tér",2025-08-17,Panellakás,Jó állapotú,Távfűtés,1982.0,Nem adta meg a hirdető,,,5.0,3 m²,,,,,,,
https://www.zenga.hu/ingatlan/elado-teglalakas-budapest-xiv-kerulet-alsorakos/8490942?page=32&pos=1&cr=81,"Budapest XIV. kerület eladó téglalakás 3+1 fél szobás: 104,9 millió Ft",104.9,106.0,106 m²,3.0,"Budapest XIV. kerület, Alsórákos",2025-08-17,Téglalakás,Jó állapotú,Gáz (konvektor),,Nem adta meg a hirdető,,,5.0,4 m²,,,,,,,
https://www.zenga.hu/ingatlan/elado-teglalakas-budapest-xiv-kerulet/8646568?page=32&pos=2&cr=80,"Budapest XIV. kerület eladó téglalakás 2+1 fél szobás: 94,9 millió Ft",94.9,85.0,85 m²,2.0,Budapest XIV. kerület,2025-08-17,Téglalakás,Felújított,Gázkazán,2000.0,Nem adta meg a hirdető,,,,,,,,,,,
https://www.zenga.hu/ingatlan/elado-teglalakas-nyiregyhaza-josavaros/8639482?page=32&pos=3&cr=80,Nyíregyháza eladó téglalakás 2 szobás: 45 millió Ft,45.0,54.0,54 m²,2.0,"Nyíregyháza, Jósaváros",2025-08-17,Téglalakás,Felújított,Gázkazán,1977.0,Nem adta meg a hirdető,,,1.0,,,,,,,,
https://www.zenga.hu/ingatlan/elado-teglalakas-nyiregyhaza-belvaros/8664140?page=32&pos=5&cr=80,"Nyíregyháza eladó téglalakás 2+1 fél szobás: 52,9 millió Ft",52.9,83.0,83 m²,2.0,"Nyíregyháza, Belváros",2025-08-17,Téglalakás,Jó állapotú,Gázkazán,,C,,,2.0,,,,,,,,
https://www.zenga.hu/ingatlan/elado-teglalakas-siofok-aranypart/8382753?page=32&pos=6&cr=80,"Siófok eladó téglalakás 3 szobás: 83,9 millió Ft",83.9,55.0,55 m²,3.0,"Siófok, Aranypart",2025-08-17,Téglalakás,,Gázkazán,2008.0,Nem adta meg a hirdető,,,,8 m²,18 700 Ft/hó,,,,,,
https://www.zenga.hu/ingatlan/elado-panellakas-szeged-felsovaros/8665349?page=32&pos=7&cr=80,"Szeged eladó panellakás 2 szobás: 44,5 millió Ft",44.5,55.0,55 m²,2.0,"Szeged, Felsőváros",2025-08-17,Panellakás,Jó állapotú,Távfűtés,1982.0,F,,,5.0,3 m²,,,,,,,
https://www.zenga.hu/ingatlan/elado-teglalakas-nyiregyhaza-himes/8663838?page=32&pos=10&cr=80,"Nyíregyháza eladó téglalakás 3 szobás: 43,9 millió Ft",43.9,62.0,62 m²,3.0,"Nyíregyháza, Hímes",2025-08-17,Téglalakás,Jó állapotú,Gázkazán,1988.0,Nem adta meg a hirdető,,,2.0,3 m²,,,,,,,
https://www.zenga.hu/ingatlan/elado-teglalakas-ullo/8640287?page=32&pos=11&cr=80,Üllő eladó téglalakás 2+2 fél szobás: 93 millió Ft,93.0,72.0,72 m²,2.0,Üllő,2025-08-17,Téglalakás,Felújított,Gázkazán,2008.0,C,,,,,,,,,,,
https://www.zenga.hu/ingatlan/elado-teglalakas-szeged/8658591?page=32&pos=14&cr=80,"Szeged eladó téglalakás 1+1 fél szobás: 44,9 millió Ft",44.9,47.0,47 m²,1.0,Szeged,2025-08-17,Téglalakás,Átlagos,Távfűtés,1980.0,Nem adta meg a hirdető,,,10.0,,,,,,,,
https://www.zenga.hu/ingatlan/elado-panellakas-miskolc-belvaros/8656969?page=32&pos=15&cr=80,"Miskolc eladó panellakás 2 szobás: 30,89 millió Ft",30.89,55.0,55 m²,2.0,"Miskolc, Belváros",2025-08-17,,,,,,,,,,,,,,,,
https://www.zenga.hu/ingatlan/elado-teglalakas-szeged-belvaros/8613189?page=32&pos=17&cr=80,"Szeged eladó téglalakás 4+1 fél szobás: 84,9 millió Ft",84.9,133.0,133 m²,4.0,"Szeged, Belváros",2025-08-17,Téglalakás,Átlagos,Gáz (konvektor),1938.0,Nem adta meg a hirdető,,Nincs,,,,,,,,,
https://www.zenga.hu/ingatlan/elado-teglalakas-csorna/8649717?page=32&pos=18&cr=80,"Csorna eladó téglalakás 1+2 fél szobás: 39,5 millió Ft",39.5,71.0,71 m²,1.0,"Csorna, Központ",2025-08-17,Téglalakás,Átlagos,,1974.0,Nem adta meg a hirdető,,,,2 m²,,,,,,,
https://www.zenga.hu/ingatlan/elado-teglalakas-budapest-x-kerulet/8528775?page=32&pos=19&cr=80,,,,,,,2025-08-17,,,,,,,,,,,,,,,,
https://www.zenga.hu/ingatlan/elado-panellakas-budapest-iv-kerulet/8636556?page=32&pos=20&cr=80,Eladó 2 szobás panellakás Budapest IV. kerületben,,,,,,2025-08-17,,,,,,,,,,,,,,,,
https://www.zenga.hu/ingatlan/elado-teglalakas-szeged-felsovaros/8534462?page=33&pos=1&cr=80,"Szeged eladó téglalakás 3 szobás: 55,9 millió Ft",55.9,72.0,72 m²,3.0,"Szeged, Felsőváros",2025-08-17,Téglalakás,Felújítandó,Gáz (konvektor),1983.0,Nem adta meg a hirdető,,Nincs,,3 m²,,,,,,,
https://www.zenga.hu/ingatlan/elado-teglalakas-budapest-ix-kerulet-belso-ferencvaros/8323096?page=33&pos=2&cr=80,"Budapest IX. kerület eladó téglalakás 3 szobás: 153,5 millió Ft",153.5,74.0,74 m²,3.0,"Budapest IX. kerület, Belső Ferencváros",2025-08-17,Téglalakás,Újszerű,Távfűtés egyedi méréssel,,Nem adta meg a hirdető,,,10.0,,,,,,,,
https://www.zenga.hu/ingatlan/elado-teglalakas-nyiregyhaza-belvaros/8633360?page=33&pos=5&cr=80,Nyíregyháza eladó téglalakás 2 szobás: 60 millió Ft,60.0,70.0,70 m²,2.0,"Nyíregyháza, Belváros, Ószőlő utca",2025-08-17,Téglalakás,Jó állapotú,Gázkazán,2003.0,C,,,2.0,,,,,,,,
https://www.zenga.hu/ingatlan/elado-teglalakas-nyiregyhaza-belvaros/8561093?page=33&pos=6&cr=80,"Nyíregyháza eladó téglalakás 3 szobás: 47,9 millió Ft",47.9,72.0,72 m²,3.0,"Nyíregyháza, Belváros, Belváros közeli",2025-08-17,Téglalakás,Jó állapotú,Gázkazán,1970.0,C,,Nincs,2.0,,,,,,,,
https://www.zenga.hu/ingatlan/elado-teglalakas-nyiregyhaza-belvaros/8599659?page=33&pos=7&cr=80,"Nyíregyháza eladó téglalakás 1+1 fél szobás: 50,4 millió Ft",50.4,53.0,53 m²,1.0,"Nyíregyháza, Belváros",2025-08-17,Téglalakás,Új építésű,Gázkazán,2025.0,A+,,,3.0,,,,7 m²,,,,
https://www.zenga.hu/ingatlan/elado-teglalakas-budapest-vii-kerulet-nagykoruton-beluli-terulet/8464189?page=33&pos=8&cr=80,"Budapest VII. kerület eladó téglalakás 3 szobás: 129,9 millió Ft",129.9,113.0,113 m²,3.0,"Budapest VII. kerület, Belső-Erzsébetváros, Akácfa utca 62",2025-08-17,Téglalakás,Felújított,Gázkazán,,D,,,7.0,,,,,,,,
https://www.zenga.hu/ingatlan/elado-panellakas-budapest-xviii-kerulet-havanna-lakotelep/8655093?page=33&pos=9&cr=79,"Budapest XVIII. kerület eladó panellakás 2 szobás: 52,5 millió Ft",52.5,53.0,53 m²,2.0,"Budapest XVIII. kerület, Havanna lakótelep",2025-08-17,Panellakás,Felújítandó,Távfűtés,1980.0,G,,,,,,,,,,,
https://www.zenga.hu/ingatlan/elado-teglalakas-budapest-xiv-kerulet-kiszuglo/8554668?page=33&pos=10&cr=77,"Budapest XIV. kerület eladó téglalakás 2+1 fél szobás: 98,9 millió Ft",98.9,74.0,74 m²,2.0,"Budapest XIV. kerület, Kiszugló, Róna utca",2025-08-17,Téglalakás,Jó állapotú,Gázkazán,1920.0,Nem adta meg a hirdető,,,4.0,,,,,,,,
https://www.zenga.hu/ingatlan/elado-teglalakas-budapest-xx-kerulet/8638120?page=33&pos=12&cr=76,Budapest XX. kerület eladó téglalakás 2 szobás: 56 millió Ft,56.0,55.0,55 m²,2.0,Budapest XX. kerület,2025-08-17,Téglalakás,,Gáz (konvektor),1970.0,Nem adta meg a hirdető,,,,5 m²,,,,,,,
https://www.zenga.hu/ingatlan/elado-panellakas-nyiregyhaza-orokosfold/8662492?page=33&pos=13&cr=76,"Nyíregyháza eladó panellakás 2 szobás: 39,9 millió Ft",39.9,51.0,51 m²,,,2025-08-17,,,,,,,,,,,,,,,,
https://www.zenga.hu/ingatlan/elado-panellakas-pecs-kertvaros/8529580?page=33&pos=15&cr=75,"Pécs eladó panellakás 3 szobás: 49,9 millió Ft",49.9,54.0,54 m²,3.0,"Pécs, Kertváros",2025-08-17,Panellakás,Felújított,Távfűtés egyedi méréssel,1980.0,B,,,,,,,,,,,
https://www.zenga.hu/ingatlan/elado-teglalakas-kecskemet-belvaros/8427901?page=33&pos=16&cr=75,Kecskemét eladó téglalakás 4 szobás: 75 millió Ft,75.0,115.0,115 m²,4.0,"Kecskemét, Belváros",2025-08-17,Téglalakás,Jó állapotú,,,,,,,,,,,,,,
https://www.zenga.hu/ingatlan/elado-egyeb-lakas-debrecen/8628326?page=33&pos=17&cr=75,"Debrecen eladó egyéb lakás 3 szobás: 77,9 millió Ft",77.9,93.0,93 m²,3.0,Debrecen,2025-08-17,Egyéb lakás,Felújított,Gázkazán,1970.0,Nem adta meg a hirdető,,,,,,,,,,,
https://www.zenga.hu/ingatlan/elado-teglalakas-cegled/8659992?page=33&pos=18&cr=75,"Cegléd eladó téglalakás 3+1 fél szobás: 77,9 millió Ft",77.9,110.0,110 m²,3.0,"Cegléd, Rostély utca",2025-08-17,Téglalakás,Újszerű,Gázkazán,2012.0,B,,Nincs,2.0,5 m²,40 000 Ft/hó,,18 m²,,,,
https://www.zenga.hu/ingatlan/elado-panellakas-mosonmagyarovar-varoskozpont/8658784?page=33&pos=19&cr=75,Mosonmagyaróvár eladó panellakás 3+1 fél szobás: 52 millió Ft,52.0,68.0,68 m²,3.0,"Mosonmagyaróvár, Városközpont",2025-08-17,Panellakás,Felújított,Távfűtés egyedi méréssel,1989.0,Nem adta meg a hirdető,,,4.0,3 m²,,,,,,,
https://www.zenga.hu/ingatlan/elado-tarsashazi-lakas-budapest-viii-kerulet-corvin-negyed/7896121?page=33&pos=20&cr=75,"Budapest VIII. kerület eladó társasházi lakás 2 szobás: 124,8 millió Ft",124.8,52.0,52 m²,2.0,"Budapest VIII. kerület, Corvin negyed",2025-08-17,Társasházi lakás,Újszerű,Házközponti,2019.0,A++,,Nincs,10.0,,50 000 Ft/hó,,39 m²,,,,
https://www.zenga.hu/ingatlan/elado-teglalakas-budapest-xiii-kerulet-angyalfold/8667074?page=34&pos=1&cr=75,"Budapest XIII. kerület eladó téglalakás 2 szobás: 89,9 millió Ft",89.9,53.0,53 m²,2.0,"Budapest XIII. kerület, Angyalföld",2025-08-17,Téglalakás,Felújított,Házközponti fűtés egyedi méréssel,2008.0,Nem adta meg a hirdető,,,6.0,7 m²,,,,,,,
https://www.zenga.hu/ingatlan/elado-tarsashazi-lakas-siofok-sosto/8662373?page=34&pos=2&cr=75,Siófok eladó társasházi lakás 2+1 fél szobás: 80 millió Ft,80.0,65.0,65 m²,2.0,"Siófok, Sóstó",2025-08-17,Társasházi lakás,Újszerű,Hőszivattyú,2017.0,C,,Van,3.0,,,,18 m²,,,,
https://www.zenga.hu/ingatlan/elado-tarsashazi-lakas-budapest-xiii-kerulet-angyalfold/8643034?page=34&pos=3&cr=75,"Budapest XIII. kerület eladó társasházi lakás 3 szobás: 99,9 millió Ft",99.9,71.0,71 m²,3.0,"Budapest XIII. kerület, Angyalföld, Teve utca 9",2025-08-17,Társasházi lakás,Jó állapotú,Házközponti fűtés egyedi méréssel,2001.0,D,,Nincs,6.0,,35 000 Ft/hó,,,,,,
https://www.zenga.hu/ingatlan/elado-egyeb-lakas-szombathely/8641203?page=34&pos=4&cr=75,"Szombathely eladó egyéb lakás 5 szobás: 67,99 millió Ft",67.99,160.0,160 m²,5.0,Szombathely,2025-08-17,Egyéb lakás,,,,Nem adta meg a hirdető,,,,,,,,,,,
https://www.zenga.hu/ingatlan/elado-teglalakas-budapest-ix-kerulet/8666598?page=34&pos=5&cr=75,Budapest IX. kerület eladó téglalakás 1 szobás: 160 millió Ft,160.0,71.0,71 m²,1.0,"Budapest IX. kerület, Tinódi utca",2025-08-17,Téglalakás,,,,,,,,,,,,,,,
https://www.zenga.hu/ingatlan/elado-teglalakas-dunakeszi-alag/8662470?page=34&pos=6&cr=75,Dunakeszi eladó téglalakás 2+1 fél szobás: 82 millió Ft,82.0,60.0,60 m²,2.0,"Dunakeszi, Alag",2025-08-17,Téglalakás,Felújított,Gázkazán,,Nem adta meg a hirdető,,,2.0,,15 000 Ft/hó,,,,,,
https://www.zenga.hu/ingatlan/elado-panellakas-budapest-xxi-kerulet-csepel-belvaros/8533418?page=34&pos=7&cr=75,"Budapest XXI. kerület eladó panellakás 1+2 fél szobás: 63,5 millió Ft",63.5,53.0,53 m²,1.0,"Budapest XXI. kerület, Csepel Belváros, Kossuth Lajos u. 106/B",2025-08-17,Panellakás,Újszerű,Távfűtés,1985.0,A,,,10.0,4 m²,24 000 Ft/hó,,,,,,
https://www.zenga.hu/ingatlan/elado-panellakas-pecs-belvaros/8660016?page=34&pos=8&cr=75,Pécs eladó panellakás 2+1 fél szobás: 62 millió Ft,62.0,57.0,57 m²,2.0,"Pécs, Belváros",2025-08-17,Panellakás,Felújított,Távfűtés egyedi méréssel,1990.0,C,,Nincs,4.0,,,,,,,,
https://www.zenga.hu/ingatlan/elado-teglalakas-budapest-xix-kerulet-kispest/8665417?page=34&pos=9&cr=75,"Budapest XIX. kerület eladó téglalakás 1 szobás: 32,5 millió Ft",32.5,22.0,22 m²,1.0,"Budapest XIX. kerület, Kispest",2025-08-17,Téglalakás,Felújított,Gáz (konvektor),,,,,1.0,,,,,,,,
https://www.zenga.hu/ingatlan/elado-teglalakas-budapest-vii-kerulet-nagykoruton-beluli-terulet/8664124?page=34&pos=10&cr=75,Budapest VII. kerület eladó téglalakás 1+1 fél szobás: 66 millió Ft,66.0,44.0,44 m²,1.0,"Budapest VII. kerület, Belső-Erzsébetváros",2025-08-17,Téglalakás,Felújított,Gázkazán,1888.0,Nem adta meg a hirdető,,,3.0,,,,,,,,
https://www.zenga.hu/ingatlan/elado-teglalakas-budapest-ix-kerulet-belso-ferencvaros/8645529?page=34&pos=11&cr=75,,,,,,,2025-08-17,,,,,,,,,,,,,,,,
https://www.zenga.hu/ingatlan/elado-teglalakas-balatonfoldvar/8665373?page=34&pos=12&cr=75,Balatonföldvár eladó téglalakás 1+1 fél szobás: 45 millió Ft,45.0,32.0,32 m²,1.0,Balatonföldvár,2025-08-17,Téglalakás,Jó állapotú,Gáz (konvektor),1950.0,G,,,2.0,,,,20 m²,,,,
https://www.zenga.hu/ingatlan/elado-panellakas-debrecen-ujkert/8658783?page=34&pos=13&cr=75,"Debrecen eladó panellakás 2+1 fél szobás: 62,39 millió Ft",62.39,64.0,64 m²,2.0,"Debrecen, Újkert",2025-08-17,Panellakás,Jó állapotú,Távfűtés egyedi méréssel,1986.0,Nem adta meg a hirdető,,Nincs,14.0,5 m²,13 000 Ft/hó,,,,,,
https://www.zenga.hu/ingatlan/elado-teglalakas-budapest-xiii-kerulet-angyalfold/7670086?page=34&pos=14&cr=75,Budapest XIII. kerület eladó téglalakás 2 szobás: 76 millió Ft,76.0,44.0,44 m²,2.0,"Budapest XIII. kerület, Angyalföld, Zsinór",2025-08-17,Téglalakás,Jó állapotú,Házközponti fűtés egyedi méréssel,2010.0,Nem adta meg a hirdető,,,5.0,,,,,,,,
https://www.zenga.hu/ingatlan/elado-tarsashazi-lakas-budapest-xxi-kerulet/8478916?page=34&pos=15&cr=75,Budapest XXI. kerület eladó társasházi lakás 4 szobás: 100 millió Ft,100.0,92.0,92 m²,4.0,"Budapest XXI. kerület, II. Rákóczi Ferenc út 144",2025-08-17,Társasházi lakás,,,,,,,,,,,,,,,
https://www.zenga.hu/ingatlan/elado-panellakas-budapest-x-kerulet-ujhegy/8646551?page=34&pos=16&cr=75,Budapest X. kerület eladó panellakás 2 szobás: 61 millió Ft,61.0,50.0,50 m²,2.0,"Budapest X. kerület, Újhegy",2025-08-17,Panellakás,Felújított,Távfűtés,1976.0,C,,,,,,,,,,,
https://www.zenga.hu/ingatlan/elado-teglalakas-szigetszentmiklos/8633189?page=34&pos=17&cr=75,"Szigetszentmiklós eladó téglalakás 2 szobás: 48,9 millió Ft",48.9,52.0,52 m²,2.0,"Szigetszentmiklós, Deák Ferenc utca 4/a",2025-08-17,Téglalakás,Felújított,Gáz (konvektor),,Nem adta meg a hirdető,,Nincs,3.0,,33 000 Ft/hó,,,,,,
https://www.zenga.hu/ingatlan/elado-teglalakas-budapest-xviii-kerulet-szent-lorinc-telep/8636973?page=34&pos=18&cr=75,Budapest XVIII. kerület eladó téglalakás 2 szobás: 62 millió Ft,62.0,53.0,53 m²,2.0,"Budapest XVIII. kerület, Szent Lőrinc telep",2025-08-17,Téglalakás,Felújított,Gázkazán,1975.0,F,,Nincs,4.0,4 m²,35 000 Ft/hó,,,,,,
https://www.zenga.hu/ingatlan/elado-teglalakas-budapest-ix-kerulet-kozepso-ferencvaros/8662490?page=34&pos=19&cr=75,"Budapest IX. kerület eladó téglalakás 1+2 fél szobás: 83,3 millió Ft",83.3,49.0,49 m²,1.0,"Budapest IX. kerület, Középső Ferencváros",2025-08-17,Téglalakás,Felújított,Elektromos,,E,,,4.0,,,,,,,,
https://www.zenga.hu/ingatlan/elado-teglalakas-debrecen-sestakert/8660148?page=34&pos=20&cr=75,Debrecen eladó téglalakás 2+1 fél szobás: 73 millió Ft,73.0,65.0,65 m²,2.0,"Debrecen, Sestakert",2025-08-17,Téglalakás,Jó állapotú,Gázkazán,1970.0,Nem adta meg a hirdető,,,4.0,3 m²,,,,,,,
https://www.zenga.hu/ingatlan/elado-teglalakas-budapest-ii-kerulet/8627510?page=35&pos=1&cr=75,"Budapest II. kerület eladó téglalakás 1+1 fél szobás: 73,5 millió Ft",73.5,,,,,2025-08-17,,,,,,,,,,,,,,,,
https://www.zenga.hu/ingatlan/elado-teglalakas-budapest-xii-kerulet-nemetvolgy/8662712?page=35&pos=4&cr=75,"Budapest XII. kerület eladó téglalakás 2 szobás: 104,9 millió Ft",104.9,56.0,56 m²,2.0,"Budapest XII. kerület, Németvölgy",2025-08-17,Téglalakás,Felújított,Házközponti,1960.0,,,,7.0,"0,5 m²",,,,,,,
https://www.zenga.hu/ingatlan/elado-tarsashazi-lakas-vecses-felsohalom/8661452?page=35&pos=5&cr=75,"Vecsés eladó társasházi lakás 4+1 fél szobás: 119,99 millió Ft",119.99,118.0,118 m²,4.0,"Vecsés, Felsőhalom",2025-08-17,Társasházi lakás,Újszerű,Gázkazán,2018.0,A+,,Nincs,2.0,,,,12 m²,,,,
https://www.zenga.hu/ingatlan/elado-teglalakas-debrecen-belvaros/8662590?page=35&pos=6&cr=75,"Debrecen eladó téglalakás 2 szobás: 54,9 millió Ft",54.9,55.0,55 m²,2.0,"Debrecen, Belváros",2025-08-17,Téglalakás,Jó állapotú,Távfűtés,,E,,Nincs,3.0,"1,5 m²",,,,,,,
https://www.zenga.hu/ingatlan/elado-tarsashazi-lakas-budapest-xiii-kerulet-ujlipotvaros/8655901?page=35&pos=7&cr=75,"Budapest XIII. kerület eladó társasházi lakás 3+1 fél szobás: 198,7 millió Ft",198.7,81.0,81 m²,3.0,"Budapest XIII. kerület, Újlipótváros",2025-08-17,Társasházi lakás,Jó állapotú,Távfűtés egyedi méréssel,,Nem adta meg a hirdető,,,7.0,"4,5 m²",,,,,,,
https://www.zenga.hu/ingatlan/elado-panellakas-kiskunfelegyhaza-petofi-lakotelep/8642674?page=35&pos=8&cr=75,"Kiskunfélegyháza eladó panellakás 2 szobás: 29,9 millió Ft",29.9,50.0,50 m²,2.0,"Kiskunfélegyháza, Petőfi-lakótelep, Darvas tér 3.",2025-08-17,Panellakás,,,,,,,,,,,,,,,
https://www.zenga.hu/ingatlan/elado-tarsashazi-lakas-budapest-viii-kerulet-csarnoknegyed/8660163?page=35&pos=10&cr=75,,,,,,,2025-08-17,,,,,,,,,,,,,,,,
https://www.zenga.hu/ingatlan/elado-csusztatott-zsalus-lakas-szeged-moravaros/8661468?page=35&pos=11&cr=75,"Szeged eladó csúsztatott zsalus lakás 1+1 fél szobás: 59,9 millió Ft",59.9,51.0,51 m²,1.0,"Szeged, Móraváros",2025-08-17,Csúsztatott zsalus lakás,Újszerű,Geotermikus,2022.0,A+++,,,4.0,,,,13 m²,,,,
https://www.zenga.hu/ingatlan/elado-teglalakas-budapest-xiii-kerulet/8232228?page=35&pos=12&cr=75,Budapest XIII. kerület eladó téglalakás 1+3 fél szobás: 114 millió Ft,114.0,77.0,77 m²,1.0,Budapest XIII. kerület,2025-08-17,Téglalakás,Átlagos,Házközponti fűtés egyedi méréssel,2000.0,C,,,5.0,18 m²,45 000 Ft/hó,,,,,,
https://www.zenga.hu/ingatlan/elado-tarsashazi-lakas-budapest-xiii-kerulet-vizafogo/8553458?page=35&pos=13&cr=75,Budapest XIII. kerület eladó társasházi lakás 4 szobás: 159 millió Ft,159.0,92.0,92 m²,4.0,"Budapest XIII. kerület, Vizafogó, Jakab József utca 15",2025-08-17,Társasházi lakás,Újszerű,Házközponti fűtés egyedi méréssel,2019.0,B,,Nincs,8.0,10 m²,,,10 m²,,,,
https://www.zenga.hu/ingatlan/elado-panellakas-nyiregyhaza/8660166?page=35&pos=14&cr=75,"Nyíregyháza eladó panellakás 2+2 fél szobás: 58,5 millió Ft",58.5,78.0,78 m²,2.0,Nyíregyháza,2025-08-17,Panellakás,Felújított,Távfűtés egyedi méréssel,1984.0,Nem adta meg a hirdető,,,4.0,2 m²,,,,,,,
https://www.zenga.hu/ingatlan/elado-egyeb-lakas-szombathely/8264118?page=35&pos=15&cr=75,"Szombathely eladó egyéb lakás 3 szobás: 86,73 millió Ft",86.73,86.0,86 m²,3.0,Szombathely,2025-08-17,Egyéb lakás,Új építésű,,2024.0,Nem adta meg a hirdető,,,,,,,,,,,
https://www.zenga.hu/ingatlan/elado-teglalakas-budapest-xxi-kerulet-csepel-belvaros/8341482?page=35&pos=16&cr=75,"Budapest XXI. kerület eladó téglalakás 2 szobás: 59,8 millió Ft",59.8,,,,,2025-08-17,,,,,,,,,,,,,,,,
https://www.zenga.hu/ingatlan/elado-teglalakas-kormend-belvaros/8621713?page=35&pos=17&cr=75,Körmend eladó téglalakás 2 szobás: 29 millió Ft,29.0,55.0,55 m²,2.0,"Körmend, Belváros",2025-08-17,Téglalakás,Felújított,Távfűtés egyedi méréssel,,Nem adta meg a hirdető,,,5.0,,,,,,,,
https://www.zenga.hu/ingatlan/elado-teglalakas-siofok/8659332?page=35&pos=18&cr=75,Siófok eladó téglalakás 2 szobás: 85 millió Ft,85.0,36.0,36 m²,2.0,Siófok,2025-08-17,Téglalakás,Felújított,Gázkazán,2006.0,B,,,,,,,,,,,
https://www.zenga.hu/ingatlan/elado-panellakas-budapest-iv-kerulet-kaposztasmegyer/8660030?page=35&pos=19&cr=75,Budapest IV. kerület eladó panellakás 3+1 fél szobás: 95 millió Ft,95.0,80.0,80 m²,3.0,"Budapest IV. kerület, Káposztásmegyer",2025-08-17,Panellakás,Jó állapotú,Távfűtés,1980.0,Nem adta meg a hirdető,,Nincs,4.0,,,,,,,,
https://www.zenga.hu/ingatlan/elado-panellakas-budapest-xiv-kerulet-alsorakos/8341488?page=35&pos=20&cr=75,"Budapest XIV. kerület eladó panellakás 2 szobás: 59,8 millió Ft",59.8,46.0,46 m²,2.0,"Budapest XIV. kerület, Alsórákos, Újváros park 4.",2025-08-17,Panellakás,,,,,,,10.0,,,,,,,,
https://www.zenga.hu/ingatlan/elado-panellakas-budapest-xi-kerulet-kelenfold/8647309?page=36&pos=1&cr=75,"Budapest XI. kerület eladó panellakás 2 szobás: 78,5 millió Ft",,,,,,2025-08-17,,,,,,,,,,,,,,,,
https://www.zenga.hu/ingatlan/elado-teglalakas-budapest-xiv-kerulet-alsorakos/8660064?page=36&pos=2&cr=75,"Budapest XIV. kerület eladó téglalakás 1 szobás: 49,99 millió Ft",49.99,27.0,27 m²,1.0,"Budapest XIV. kerület, Alsórákos, Rátót utca 11.",2025-08-17,Téglalakás,Jó állapotú,Házközponti fűtés egyedi méréssel,,Nem adta meg a hirdető,,,7.0,3 m²,,,,,,,
https://www.zenga.hu/ingatlan/elado-tarsashazi-lakas-nyiregyhaza-erkert/8658725?page=36&pos=3&cr=75,"Nyíregyháza eladó társasházi lakás 1+1 fél szobás: 47,9 millió Ft",47.9,54.0,54 m²,1.0,"Nyíregyháza, Érkert",2025-08-17,Társasházi lakás,Felújított,Gáz (konvektor),,CC (2016-2023-as besorolás),,Nincs,1.0,,,,,,,,
https://www.zenga.hu/ingatlan/elado-teglalakas-gyor-belvaros/8658785?page=36&pos=4&cr=75,Győr eladó téglalakás 2 szobás: 76 millió Ft,76.0,55.0,55 m²,2.0,"Győr, Belváros",2025-08-17,Téglalakás,Jó állapotú,Házközponti fűtés egyedi méréssel,2006.0,Nem adta meg a hirdető,,,5.0,10 m²,25 000 Ft/hó,,,,,,
https://www.zenga.hu/ingatlan/elado-panellakas-gyula/8658786?page=36&pos=5&cr=75,"Gyula eladó panellakás 1 szobás: 21,5 millió Ft",21.5,38.0,38 m²,1.0,Gyula,2025-08-17,,,,,,,,,,,,,,,,
https://www.zenga.hu/ingatlan/elado-panellakas-budapest-xxi-kerulet-csepel-belvaros/8658406?page=36&pos=6&cr=75,"Budapest XXI. kerület eladó panellakás 1 szobás: 42,9 millió Ft",42.9,35.0,35 m²,1.0,"Budapest XXI. kerület, Csepel Belváros, Kiss János Altábornagy utca 21-23.",2025-08-17,Panellakás,Átlagos,Távfűtés egyedi méréssel,1980.0,Nem adta meg a hirdető,,Nincs,6.0,,25 000 Ft/hó,,,,,,
https://www.zenga.hu/ingatlan/elado-panellakas-budapest-xi-kerulet-kelenfold/8658401?page=36&pos=7&cr=75,,,,,,,2025-08-17,,,,,,,,,,,,,,,,
https://www.zenga.hu/ingatlan/elado-tarsashazi-lakas-budapest-viii-kerulet-szazadosnegyed/8657022?page=36&pos=8&cr=75,,,,,,,2025-08-17,,,,,,,,,,,,,,,,
https://www.zenga.hu/ingatlan/elado-panellakas-nyiregyhaza-orokosfold/8655493?page=36&pos=10&cr=75,"Nyíregyháza eladó panellakás 3+1 fél szobás: 44,8 millió Ft",44.8,77.0,77 m²,3.0,"Nyíregyháza, Örökösföld",2025-08-17,Panellakás,Jó állapotú,Távfűtés egyedi méréssel,1983.0,A,,Nincs,4.0,,20 000 Ft/hó,,,,,,
https://www.zenga.hu/ingatlan/elado-panellakas-budapest-iii-kerulet-bekasmegyer/8654251?page=36&pos=11&cr=75,"Budapest III. kerület eladó panellakás 1+2 fél szobás: 59,9 millió Ft",59.9,51.0,51 m²,1.0,"Budapest III. kerület, Békásmegyer, Zemplén Győző utca 1",2025-08-17,Panellakás,Jó állapotú,Távfűtés,,Nem adta meg a hirdető,,,10.0,,35 000 Ft/hó,,,,,,
https://www.zenga.hu/ingatlan/elado-teglalakas-budapest-vii-kerulet-ligetvaros/8655552?page=36&pos=12&cr=75,Budapest VII. kerület eladó téglalakás 3+1 fél szobás: 109 millió Ft,109.0,101.0,101 m²,3.0,"Budapest VII. kerület, Ligetváros, István utca 41-43.",2025-08-17,Téglalakás,Felújított,Gázkazán,,Nem adta meg a hirdető,,,5.0,,38 000 Ft/hó,,,,,,
https://www.zenga.hu/ingatlan/elado-teglalakas-budapest-x-kerulet-kobanya/8649074?page=36&pos=13&cr=75,"Budapest X. kerület eladó téglalakás 2 szobás: 63,9 millió Ft",63.9,51.0,51 m²,2.0,"Budapest X. kerület, Kőbánya",2025-08-17,Téglalakás,Jó állapotú,Gázkazán,2007.0,Nem adta meg a hirdető,,,3.0,5 m²,25 000 Ft/hó,,,,,,
https://www.zenga.hu/ingatlan/elado-teglalakas-vac-alsovaros/8654175?page=36&pos=14&cr=75,Vác eladó téglalakás 2 szobás: 60 millió Ft,60.0,47.0,47 m²,2.0,"Vác, Alsóváros, Törökhegyi utca 4",2025-08-17,Téglalakás,Felújított,Gázkazán,1960.0,Nem adta meg a hirdető,,,3.0,,10 000 Ft/hó,,,,,,
https://www.zenga.hu/ingatlan/elado-panellakas-budapest-iii-kerulet-obuda/8654184?page=36&pos=15&cr=75,"Budapest III. kerület eladó panellakás 2 szobás: 68,5 millió Ft",68.5,49.0,49 m²,2.0,"Budapest III. kerület, Óbuda, Szőlő utca",2025-08-17,Panellakás,Felújított,,,,,,10.0,,,,,,,,
https://www.zenga.hu/ingatlan/elado-teglalakas-debrecen-nagyerdopark/8654231?page=36&pos=16&cr=75,,,,,,,2025-08-17,,,,,,,,,,,,,,,,
https://www.zenga.hu/ingatlan/elado-teglalakas-tapioszecso/8195773?page=36&pos=17&cr=75,"Tápiószecső eladó téglalakás 2 szobás: 34,5 millió Ft",34.5,58.0,58 m²,2.0,"Tápiószecső, Dózsa György út",2025-08-17,Téglalakás,Átlagos,Gázkazán,,C,,,2.0,,,,,,,,
https://www.zenga.hu/ingatlan/elado-panellakas-pecs/8637341?page=36&pos=18&cr=75,"Pécs eladó panellakás 2 szobás: 41,9 millió Ft",41.9,54.0,54 m²,2.0,Pécs,2025-08-17,Panellakás,Jó állapotú,Távfűtés egyedi méréssel,,Nem adta meg a hirdető,,,4.0,,,,,,,,
https://www.zenga.hu/ingatlan/elado-csusztatott-zsalus-lakas-szazhalombatta-deli-lakotelep/8654476?page=36&pos=19&cr=75,Százhalombatta eladó csúsztatott zsalus lakás 5 szobás: 129 millió Ft,129.0,120.0,120 m²,5.0,"Százhalombatta, Déli lakótelep, Bláthy Ottó utca 12",2025-08-17,Csúsztatott zsalus lakás,Felújított,Házközponti fűtés egyedi méréssel,1991.0,D,,Nincs,4.0,16 m²,,,,,,,
https://www.zenga.hu/ingatlan/elado-panellakas-veszprem/8652040?page=36&pos=20&cr=75,Veszprém eladó panellakás 2 szobás: 48 millió Ft,48.0,54.0,54 m²,2.0,"Veszprém, Haszkovó utca 14/c",2025-08-17,Panellakás,Felújított,Távfűtés,,C,,,10.0,4 m²,40 000 Ft/hó,,,,,,
https://www.zenga.hu/ingatlan/elado-teglalakas-budapest-viii-kerulet/8637046?page=37&pos=1&cr=75,,,,,,,2025-08-17,,,,,,,,,,,,,,,,
https://www.zenga.hu/ingatlan/elado-panellakas-fertod-suttor/8644087?page=37&pos=2&cr=75,Fertőd eladó panellakás 2 szobás: 53 millió Ft,53.0,53.0,53 m²,2.0,"Fertőd, Süttör",2025-08-17,Panellakás,Újszerű,Távfűtés egyedi méréssel,,Nem adta meg a hirdető,,,4.0,,,,,,,,
https://www.zenga.hu/ingatlan/elado-tarsashazi-lakas-siofok-ezustpart/8650080?page=37&pos=3&cr=75,"Siófok eladó társasházi lakás 1+2 fél szobás: 47,9 millió Ft",47.9,57.0,57 m²,1.0,"Siófok, Ezüstpart, Hársfa utca 19",2025-08-17,Társasházi lakás,Jó állapotú,Elektromos,2000.0,Nem adta meg a hirdető,,,1.0,,,,7 m²,,,,
https://www.zenga.hu/ingatlan/elado-teglalakas-oroszlany/8650218?page=37&pos=4&cr=75,Oroszlány eladó téglalakás 2+1 fél szobás: 31 millió Ft,31.0,58.0,58 m²,2.0,Oroszlány,2025-08-17,Téglalakás,Jó állapotú,Házközponti fűtés egyedi méréssel,,A+,,,2.0,4 m²,30 000 Ft/hó,,,,,,
https://www.zenga.hu/ingatlan/elado-teglalakas-berhida/8651507?page=37&pos=5&cr=75,Berhida eladó téglalakás 2 szobás: 32 millió Ft,32.0,53.0,53 m²,2.0,Berhida,2025-08-17,Téglalakás,Felújított,Gáz (konvektor),1980.0,Nem adta meg a hirdető,,,1.0,,,,,,,,
https://www.zenga.hu/ingatlan/elado-teglalakas-budapest-xiv-kerulet-herminamezo/8651784?page=37&pos=6&cr=75,Budapest XIV. kerület eladó téglalakás 1 szobás: 65 millió Ft,65.0,44.0,44 m²,1.0,"Budapest XIV. kerület, Herminamező",2025-08-17,Téglalakás,Felújított,Elektromos,,F,,,3.0,,18 500 Ft/hó,,,,,,
https://www.zenga.hu/ingatlan/elado-teglalakas-debrecen-belvaros/8650264?page=37&pos=7&cr=75,Debrecen eladó téglalakás 2+1 fél szobás: 99 millió Ft,99.0,65.0,65 m²,2.0,"Debrecen, Belváros, Vörösmarty utca 19",2025-08-17,Téglalakás,Új építésű,Padlófűtés,2026.0,A,,,5.0,3 m²,,,,,,,
https://www.zenga.hu/ingatlan/elado-teglalakas-budapest-xx-kerulet-pesterzsebet/8641362?page=37&pos=8&cr=75,"Budapest XX. kerület eladó téglalakás 3 szobás: 56,5 millió Ft",56.5,57.0,57 m²,3.0,"Budapest XX. kerület, Pesterzsébet",2025-08-17,Téglalakás,Jó állapotú,Gáz (konvektor),1970.0,Nem adta meg a hirdető,,,4.0,,,,,,,,
https://www.zenga.hu/ingatlan/elado-teglalakas-szeged-belvaros/8588254?page=37&pos=9&cr=75,"Szeged eladó téglalakás 2 szobás: 66,5 millió Ft",66.5,77.0,77 m²,2.0,"Szeged, Belváros, Szentháromság",2025-08-17,Téglalakás,Jó állapotú,Gáz (konvektor),,Nem adta meg a hirdető,,,4.0,,,,,,,,
https://www.zenga.hu/ingatlan/elado-teglalakas-debrecen-hatvan-utcai-kert/8650203?page=37&pos=10&cr=75,Debrecen eladó téglalakás 1 szobás: 88 millió Ft,88.0,55.0,55 m²,1.0,"Debrecen, Hatvan utcai kert, Gohér utca 30",2025-08-17,Téglalakás,Új építésű,Padlófűtés,2026.0,A+,,,2.0,7 m²,,,,,,,
https://www.zenga.hu/ingatlan/elado-teglalakas-urom/8488782?page=37&pos=11&cr=75,Üröm eladó téglalakás 3 szobás: 110 millió Ft,110.0,98.0,98 m²,3.0,Üröm,2025-08-17,Téglalakás,Jó állapotú,Gázkazán,,Nem adta meg a hirdető,,,,,,,,,,,
https://www.zenga.hu/ingatlan/elado-panellakas-budapest-xix-kerulet/8540971?page=37&pos=12&cr=75,"Budapest XIX. kerület eladó panellakás 1+2 fél szobás: 58,2 millió Ft",58.2,52.0,52 m²,1.0,,2025-08-17,,,,,,,,,,,,,,,,
https://www.zenga.hu/ingatlan/elado-panellakas-budapest-xv-kerulet-ujpalota/8647596?page=37&pos=14&cr=75,"Budapest XV. kerület eladó panellakás 3 szobás: 66,9 millió Ft",66.9,68.0,68 m²,3.0,"Budapest XV. kerület, Újpalota, Nádastó park 10",2025-08-17,Panellakás,Jó állapotú,Távfűtés,,Nem adta meg a hirdető,,,4.0,1 m²,25 000 Ft/hó,,,,,,
https://www.zenga.hu/ingatlan/elado-teglalakas-budapest-vii-kerulet-nagykoruton-beluli-terulet/7722574?page=37&pos=15&cr=75,,,,,,,2025-08-17,,,,,,,,,,,,,,,,
https://www.zenga.hu/ingatlan/elado-tarsashazi-lakas-szekszard-bakta/8645298?page=37&pos=16&cr=75,Szekszárd eladó társasházi lakás 3+2 fél szobás: 66 millió Ft,66.0,155.0,155 m²,3.0,"Szekszárd, Bakta",2025-08-17,Társasházi lakás,Jó állapotú,Gázkazán,1975.0,Nem adta meg a hirdető,,Nincs,3.0,"7,5 m²",,,,,,,
https://www.zenga.hu/ingatlan/elado-panellakas-budapest-x-kerulet/8634938?page=37&pos=17&cr=75,Eladó 2 szobás panellakás Budapest X. kerületben,,,,,,2025-08-17,,,,,,,,,,,,,,,,
https://www.zenga.hu/ingatlan/elado-teglalakas-budapest-vii-kerulet/8480694?page=37&pos=18&cr=75,,,,,,,2025-08-17,,,,,,,,,,,,,,,,
https://www.zenga.hu/ingatlan/elado-teglalakas-vac/8645518?page=37&pos=19&cr=75,Vác eladó téglalakás 1 szobás: 55 millió Ft,55.0,37.0,37 m²,1.0,"Vác, Márna utca 3",2025-08-17,Téglalakás,Új építésű,Hőszivattyú,2023.0,Nem adta meg a hirdető,,,3.0,,,,12 m²,,,,
https://www.zenga.hu/ingatlan/elado-teglalakas-veszprem-belvaros/8644686?page=38&pos=1&cr=75,"Veszprém eladó téglalakás 1+1 fél szobás: 51,9 millió Ft",51.9,41.0,41 m²,1.0,"Veszprém, Belváros, Cserhát lakótelep",2025-08-17,Téglalakás,Felújított,Távfűtés egyedi méréssel,,Nem adta meg a hirdető,,,4.0,4 m²,,,,,,,
https://www.zenga.hu/ingatlan/elado-csusztatott-zsalus-lakas-gyor-nadorvaros/8644774?page=38&pos=2&cr=75,"Győr eladó csúsztatott zsalus lakás 2+1 fél szobás: 64,9 millió Ft",64.9,55.0,55 m²,2.0,"Győr, Nádorváros, 32",2025-08-17,Csúsztatott zsalus lakás,Felújított,Távfűtés,,D,,,4.0,5 m²,,,,,,,
https://www.zenga.hu/ingatlan/elado-teglalakas-gyor-revfalu/8507563?page=38&pos=3&cr=75,"Győr eladó téglalakás 3 szobás: 88,47 millió Ft",88.47,57.0,57 m²,3.0,"Győr, Révfalu",2025-08-17,Téglalakás,Új építésű,Hőszivattyú,2025.0,A+,,,1.0,,,,,,,,
https://www.zenga.hu/ingatlan/elado-teglalakas-budapest-ii-kerulet-pasaret/8642543?page=38&pos=4&cr=75,,,,,,,2025-08-17,,,,,,,,,,,,,,,,
https://www.zenga.hu/ingatlan/elado-teglalakas-polgar/8644006?page=38&pos=5&cr=75,Polgár eladó téglalakás 2 szobás: 33 millió Ft,33.0,66.0,66 m²,2.0,"Polgár, Virág utca 2. 1/7",2025-08-17,Téglalakás,Felújított,Gázkazán,,Nem adta meg a hirdető,,,4.0,8 m²,,,,,,,
https://www.zenga.hu/ingatlan/elado-teglalakas-szolnok-deli-varosresz/8644082?page=38&pos=6&cr=75,Szolnok eladó téglalakás 2 szobás: 40 millió Ft,40.0,73.0,73 m²,2.0,"Szolnok, Déli városrész, Gyökér 7",2025-08-17,Téglalakás,Felújított,Gázkazán,,C,,,2.0,8 m²,,,,,,,
https://www.zenga.hu/ingatlan/elado-teglalakas-budapest-vii-kerulet-nagykoruton-beluli-terulet/8643987?page=38&pos=7&cr=75,Eladó 2 szobás téglalakás Budapest VII. kerületben,,,,,,2025-08-17,,,,,,,,,,,,,,,,
https://www.zenga.hu/ingatlan/elado-teglalakas-budapest-ii-kerulet/8643979?page=38&pos=8&cr=75,Budapest II. kerület eladó téglalakás 2 szobás,,64.0,64 m²,2.0,"Budapest II. kerület, Véka",2025-08-17,Téglalakás,Újszerű,Padlófűtés,,,,,3.0,,,,,,,,
https://www.zenga.hu/ingatlan/elado-teglalakas-budapest-xiii-kerulet-vizafogo/8630213?page=38&pos=9&cr=75,Budapest XIII. kerület eladó téglalakás 3 szobás: 149 millió Ft,149.0,75.0,75 m²,3.0,"Budapest XIII. kerület, Vizafogó",2025-08-17,Téglalakás,Új építésű,Hőszivattyú,2024.0,AA (2016-2023-as besorolás),,Nincs,9.0,10 m²,,,,,,,
https://www.zenga.hu/ingatlan/elado-panellakas-szeged/8630113?page=38&pos=10&cr=75,"Szeged eladó panellakás 1+2 fél szobás: 49,9 millió Ft",49.9,61.0,61 m²,1.0,Szeged,2025-08-17,Panellakás,Újszerű,Házközponti fűtés egyedi méréssel,,Nem adta meg a hirdető,,,10.0,4 m²,,,,,,,
https://www.zenga.hu/ingatlan/elado-panellakas-veszprem/8638360?page=38&pos=11&cr=75,Eladó 2 szobás panellakás Veszprémben,,,,,,2025-08-17,,,,,,,,,,,,,,,,
https://www.zenga.hu/ingatlan/elado-tarsashazi-lakas-miskolc-del-kilian/8629976?page=38&pos=12&cr=75,"Miskolc eladó társasházi lakás 1+2 fél szobás: 32,3 millió Ft",32.3,72.0,72 m²,1.0,"Miskolc, Dél-Kilián, Kandó Kálmán u.",2025-08-17,Társasházi lakás,Átlagos,Gázkazán,,Nem adta meg a hirdető,,,4.0,"4,6 m²",,,,,,,
https://www.zenga.hu/ingatlan/elado-panellakas-pecs-kertvaros/8563026?page=38&pos=13&cr=75,"Pécs eladó panellakás 2 szobás: 41,2 millió Ft",41.2,54.0,54 m²,2.0,"Pécs, Kertváros",2025-08-17,Panellakás,Jó állapotú,Távfűtés egyedi méréssel,,Nem adta meg a hirdető,,,10.0,4 m²,,,,,,,
https://www.zenga.hu/ingatlan/elado-teglalakas-budapest-xiv-kerulet-herminamezo/8637825?page=38&pos=14&cr=75,,,,,,,2025-08-17,,,,,,,,,,,,,,,,
https://www.zenga.hu/ingatlan/elado-panellakas-budapest-xx-kerulet-pesterzsebet/8637686?page=38&pos=15&cr=75,"Budapest XX. kerület eladó panellakás 1 szobás: 45,9 millió Ft",45.9,40.0,40 m²,1.0,"Budapest XX. kerület, Pesterzsébet",2025-08-17,Panellakás,Felújított,Gáz (konvektor),,,,,9.0,,,,,,,,
https://www.zenga.hu/ingatlan/elado-teglalakas-mor/8634725?page=38&pos=16&cr=75,"Mór eladó téglalakás 2 szobás: 42,5 millió Ft",42.5,48.0,48 m²,2.0,"Mór, Kodály Zoltán utca 25.",2025-08-17,Téglalakás,Jó állapotú,Gázkazán,,D,,,4.0,,12 000 Ft/hó,,,,,,
https://www.zenga.hu/ingatlan/elado-tarsashazi-lakas-mosonmagyarovar-varoskozpont/8636458?page=38&pos=17&cr=75,"Mosonmagyaróvár eladó társasházi lakás 2+1 fél szobás: 56,8 millió Ft",56.8,58.0,58 m²,2.0,"Mosonmagyaróvár, Városközpont, Mediterrán lakópark",2025-08-17,Társasházi lakás,Jó állapotú,Gázkazán,2013.0,A+,,Nincs,3.0,,29 000 Ft/hó,,7 m²,,,,
https://www.zenga.hu/ingatlan/elado-tarsashazi-lakas-budapest-xiv-kerulet-alsorakos/8636434?page=38&pos=18&cr=75,Budapest XIV. kerület eladó társasházi lakás 2 szobás: 92 millió Ft,92.0,49.0,49 m²,2.0,"Budapest XIV. kerület, Alsórákos, Fischer István utca 121",2025-08-17,Társasházi lakás,Új építésű,Házközponti fűtés egyedi méréssel,2021.0,A++,,Van,5.0,7 m²,20 000 Ft/hó,,,,,,
https://www.zenga.hu/ingatlan/elado-panellakas-szekesfehervar-vizivaros/8635845?page=38&pos=19&cr=75,Székesfehérvár eladó panellakás 2 szobás: 56 millió Ft,56.0,52.0,52 m²,2.0,"Székesfehérvár, Víziváros, József Attila utca 6",2025-08-17,Panellakás,Felújított,Távfűtés egyedi méréssel,1978.0,Nem adta meg a hirdető,,Nincs,10.0,3 m²,20 000 Ft/hó,,,,,,
https://www.zenga.hu/ingatlan/elado-tarsashazi-lakas-budapest-xx-kerulet-pesterzsebet/8635673?page=38&pos=20&cr=75,"Budapest XX. kerület eladó társasházi lakás 2+1 fél szobás: 62,8 millió Ft",62.8,58.0,58 m²,2.0,"Budapest XX. kerület, Pesterzsébet",2025-08-17,Társasházi lakás,Újszerű,Házközponti fűtés egyedi méréssel,2003.0,Nem adta meg a hirdető,,Nincs,7.0,4 m²,,,,,,,
https://www.zenga.hu/ingatlan/elado-teglalakas-budapest-xiv-kerulet-kiszuglo/8634748?page=39&pos=2&cr=75,"Budapest XIV. kerület eladó téglalakás 2 szobás: 82,5 millió Ft",82.5,61.0,61 m²,2.0,"Budapest XIV. kerület, Kiszugló",2025-08-17,Téglalakás,Felújított,Gázkazán,1950.0,G,,,3.0,,,,,,,,
https://www.zenga.hu/ingatlan/elado-teglalakas-budapest-xiv-kerulet-istvanmezo/8513559?page=39&pos=4&cr=75,Budapest XIV. kerület eladó téglalakás 3+1 fél szobás: 109 millió Ft,109.0,122.0,122 m²,3.0,"Budapest XIV. kerület, Istvánmező",2025-08-17,Téglalakás,Felújítandó,Gázkazán,1930.0,F,,Nincs,6.0,3 m²,,,,,,,
https://www.zenga.hu/ingatlan/elado-teglalakas-budapest-v-kerulet-lipotvaros/8323137?page=39&pos=5&cr=75,"Budapest V. kerület eladó téglalakás 3 szobás: 478,76 millió Ft",478.76,170.0,170 m²,3.0,"Budapest V. kerület, Lipótváros, Szent István krt. 17.",2025-08-17,Téglalakás,Felújított,Gázkazán,1902.0,F,,Nincs,5.0,2 m²,70 000 Ft/hó,,,,,,
https://www.zenga.hu/ingatlan/elado-tarsashazi-lakas-budapest-vii-kerulet-nagykoruton-kivuli-terulet/8631937?page=39&pos=6&cr=75,Budapest VII. kerület eladó társasházi lakás 4 szobás: 159 millió Ft,159.0,90.0,90 m²,4.0,"Budapest VII. kerület, Külső-Erzsébetváros",2025-08-17,Társasházi lakás,Felújított,Gázkazán,,Nem adta meg a hirdető,,,5.0,,,,,,,,
https://www.zenga.hu/ingatlan/elado-teglalakas-nyiregyhaza-belvaros/8631744?page=39&pos=7&cr=75,"Nyíregyháza eladó téglalakás 2+1 fél szobás: 39,9 millió Ft",39.9,62.0,62 m²,2.0,"Nyíregyháza, Belváros, Arany János utca 33.",2025-08-17,Téglalakás,Felújított,Távfűtés egyedi méréssel,1970.0,Nem adta meg a hirdető,,Nincs,3.0,"2,6 m²",20 000 Ft/hó,,,,,,
https://www.zenga.hu/ingatlan/elado-teglalakas-debrecen-belvaros/8447614?page=39&pos=8&cr=75,"Debrecen eladó téglalakás 2 szobás: 68,9 millió Ft",68.9,49.0,49 m²,2.0,"Debrecen, Belváros, Piac utca",2025-08-17,Téglalakás,Felújított,Távfűtés,1980.0,E,,Nincs,6.0,,15 000 Ft/hó,,,,,,
https://www.zenga.hu/ingatlan/elado-teglalakas-budapest-ix-kerulet-belso-ferencvaros/8542953?page=39&pos=9&cr=75,Budapest IX. kerület eladó téglalakás 3+1 fél szobás: 129 millió Ft,129.0,71.0,71 m²,3.0,"Budapest IX. kerület, Belső Ferencváros, Lónyay utca",2025-08-17,Téglalakás,Felújított,Gázkazán,1927.0,E,,,6.0,,11 000 Ft/hó,,,,,,
https://www.zenga.hu/ingatlan/elado-teglalakas-gyor-csanakfalu/8476747?page=39&pos=10&cr=75,"Győr eladó téglalakás 3+2 fél szobás: 79,9 millió Ft",79.9,77.0,77 m²,3.0,"Győr, Csanakfalu",2025-08-17,Téglalakás,Jó állapotú,Gázkazán,2003.0,B,,,2.0,,35 000 Ft/hó,,15 m²,,,,
https://www.zenga.hu/ingatlan/elado-panellakas-nyiregyhaza-josavaros/8401474?page=39&pos=11&cr=75,"Nyíregyháza eladó panellakás 4 szobás: 46,5 millió Ft",46.5,71.0,71 m²,4.0,"Nyíregyháza, Jósaváros",2025-08-17,Panellakás,Felújított,Távfűtés egyedi méréssel,1980.0,,,,4.0,3 m²,,,,,,,
https://www.zenga.hu/ingatlan/elado-teglalakas-pecs/8665089?page=39&pos=13&cr=73,"Pécs eladó téglalakás 3 szobás: 74,99 millió Ft",74.99,73.0,73 m²,3.0,"Pécs, Orsolya utca",2025-08-17,Téglalakás,Újszerű,Elektromos,2006.0,Nem adta meg a hirdető,,,2.0,15 m²,,,,,,,
https://www.zenga.hu/ingatlan/elado-panellakas-pecs/8664031?page=39&pos=14&cr=73,,,,,,,2025-08-17,,,,,,,,,,,,,,,,
https://www.zenga.hu/ingatlan/elado-panellakas-pecs-kertvaros/8664937?page=39&pos=15&cr=73,Eladó 2 szobás panellakás Pécsett,,,,,,2025-08-17,,,,,,,,,,,,,,,,
https://www.zenga.hu/ingatlan/elado-panellakas-pecs/8659966?page=39&pos=17&cr=73,Pécs eladó panellakás 2 szobás: 45 millió Ft,45.0,51.0,51 m²,2.0,"Pécs, Enyezd utca",2025-08-17,Panellakás,Jó állapotú,Távfűtés,1970.0,Nem adta meg a hirdető,,,4.0,3 m²,,,,,,,
https://www.zenga.hu/ingatlan/elado-teglalakas-pecs/8657292?page=39&pos=18&cr=73,"Pécs eladó téglalakás 2 szobás: 31,99 millió Ft",31.99,43.0,43 m²,2.0,"Pécs, Pellérdi út",2025-08-17,Téglalakás,Újszerű,Elektromos,2020.0,Nem adta meg a hirdető,,,1.0,,,,,,,,
https://www.zenga.hu/ingatlan/elado-panellakas-pecs/8653066?page=39&pos=19&cr=73,"Pécs eladó panellakás 2 szobás: 34,9 millió Ft",34.9,35.0,35 m²,2.0,"Pécs, Krisztina tér",2025-08-17,Panellakás,Jó állapotú,Távfűtés egyedi méréssel,1970.0,Nem adta meg a hirdető,,,10.0,,,,,,,,
https://www.zenga.hu/ingatlan/elado-teglalakas-debrecen-belvaros/8388544?page=39&pos=20&cr=72,"Debrecen eladó téglalakás 3 szobás: 89,99 millió Ft",89.99,66.0,66 m²,3.0,"Debrecen, Belváros",2025-08-17,Téglalakás,Új építésű,Hőszivattyú,2025.0,Nem adta meg a hirdető,,,,,,,,,,,
https://www.zenga.hu/ingatlan/elado-teglalakas-hajduszoboszlo/8636658?page=40&pos=1&cr=71,"Hajdúszoboszló eladó téglalakás 3 szobás: 69,9 millió Ft",69.9,110.0,110 m²,3.0,Hajdúszoboszló,2025-08-17,Téglalakás,Újszerű,Geotermikus,2018.0,Nem adta meg a hirdető,,,,,,,,,,,
https://www.zenga.hu/ingatlan/elado-teglalakas-miskolc-gyori-kapu/8668072?page=40&pos=2&cr=70,"Miskolc eladó téglalakás 3 szobás: 47,49 millió Ft",47.49,76.0,76 m²,3.0,"Miskolc, Győri kapu",2025-08-17,Téglalakás,,Házközponti fűtés egyedi méréssel,2006.0,Nem adta meg a hirdető,,,,3 m²,,,,,,,
https://www.zenga.hu/ingatlan/elado-teglalakas-halasztelek/8564167?page=40&pos=3&cr=70,"Halásztelek eladó téglalakás 3 szobás: 72,8 millió Ft",72.8,96.0,96 m²,3.0,Halásztelek,2025-08-17,Téglalakás,Felújított,Gázkazán,2003.0,F,,,,,,,,,,,
https://www.zenga.hu/ingatlan/elado-panellakas-miskolc-avas/8668073?page=40&pos=4&cr=70,Eladó 2 szobás panellakás Miskolcon,,,,,,2025-08-17,,,,,,,,,,,,,,,,
https://www.zenga.hu/ingatlan/elado-teglalakas-celldomolk/8338133?page=40&pos=5&cr=70,"Celldömölk eladó téglalakás 4 szobás: 36,5 millió Ft",36.5,101.0,101 m²,4.0,Celldömölk,2025-08-17,Téglalakás,Jó állapotú,Házközponti,,Nem adta meg a hirdető,,,,,,,,,,,
https://www.zenga.hu/ingatlan/elado-panellakas-miskolc-avas/8666990?page=40&pos=6&cr=70,Miskolc eladó panellakás 1+2 fél szobás: 32 millió Ft,32.0,54.0,54 m²,1.0,"Miskolc, Avas",2025-08-17,Panellakás,Átlagos,Távfűtés,1980.0,Nem adta meg a hirdető,,,,,,,,,,,
https://www.zenga.hu/ingatlan/elado-panellakas-miskolc/8664008?page=40&pos=7&cr=70,"Miskolc eladó panellakás 2+1 fél szobás: 36,5 millió Ft",36.5,53.0,53 m²,2.0,"Miskolc, Hegyalja út",2025-08-17,Panellakás,Újszerű,Távfűtés egyedi méréssel,1980.0,Nem adta meg a hirdető,,,10.0,3 m²,,,,,,,
https://www.zenga.hu/ingatlan/elado-panellakas-miskolc-belvaros/8664183?page=40&pos=8&cr=70,"Miskolc eladó panellakás 2 szobás: 25,9 millió Ft",25.9,51.0,51 m²,2.0,"Miskolc, Belváros",2025-08-17,Panellakás,,,,,,,,,,,,,,,
https://www.zenga.hu/ingatlan/elado-tarsashazi-lakas-balatonszemes/8520118?page=40&pos=9&cr=70,"Eladó 2 szobás téglalakás 110,9 millió Ft értékben Balatonszemesen - Vadvirág Residense lakóparkban",110.9,60.0,60 m²,2.0,Balatonszemes,2025-08-17,Téglalakás,Új építésű,Hőszivattyú,2025.0,Nem adta meg a hirdető,,,,"8,5 m²",,2025. 4. negyedév,,,,,
https://www.zenga.hu/ingatlan/elado-panellakas-miskolc-belvaros/8663882?page=40&pos=11&cr=70,"Miskolc eladó panellakás 2 szobás: 31,5 millió Ft",31.5,55.0,55 m²,2.0,"Miskolc, Belváros",2025-08-17,Panellakás,Átlagos,Távfűtés,1981.0,Nem adta meg a hirdető,,,,,,,,,,,
https://www.zenga.hu/ingatlan/elado-tarsashazi-lakas-siofok-ezustpart/7956370?page=40&pos=12&cr=70,"Eladó 2 szobás téglalakás 76,9 millió Ft értékben Siófokon - Silverbay Residence lakóparkban",76.9,41.0,41 m²,2.0,"Siófok, Ezüstpart",2025-08-17,Téglalakás,Új építésű,Egyéb,2022.0,Nem adta meg a hirdető,,,,"7,6 m²",,2025. 2. negyedév,,,,,
https://www.zenga.hu/ingatlan/elado-teglalakas-miskolc/8663881?page=40&pos=13&cr=70,"Miskolc eladó téglalakás 2 szobás: 16,9 millió Ft",16.9,56.0,56 m²,2.0,"Miskolc, Y-híd környéke",2025-08-17,Téglalakás,Felújítandó,Gáz (konvektor),1965.0,Nem adta meg a hirdető,,,,,,,,,,,
https://www.zenga.hu/ingatlan/elado-teglalakas-miskolc-belvaros/8662261?page=40&pos=14&cr=70,"Miskolc eladó téglalakás 3 szobás: 57,5 millió Ft",57.5,79.0,79 m²,3.0,"Miskolc, Belváros",2025-08-17,Téglalakás,Újszerű,,1970.0,Nem adta meg a hirdető,,,,,,,,,,,
https://www.zenga.hu/ingatlan/elado-panellakas-miskolc-avas/8661472?page=40&pos=15&cr=70,Miskolc eladó panellakás 1 szobás: 18 millió Ft,18.0,28.0,28 m²,1.0,"Miskolc, Avas",2025-08-17,Panellakás,Felújítandó,Távfűtés,1980.0,Nem adta meg a hirdető,,,,,,,,,,,
https://www.zenga.hu/ingatlan/elado-panellakas-miskolc-avas/8660172?page=40&pos=16&cr=70,"Miskolc eladó panellakás 2 szobás: 27,9 millió Ft",27.9,55.0,55 m²,2.0,"Miskolc, Avas",2025-08-17,Panellakás,Felújítandó,Távfűtés,1980.0,Nem adta meg a hirdető,,,,,,,,,,,
https://www.zenga.hu/ingatlan/elado-csusztatott-zsalus-lakas-miskolc/8660182?page=40&pos=17&cr=70,"Miskolc eladó csúsztatott zsalus lakás 2 szobás: 46,9 millió Ft",46.9,56.0,56 m²,2.0,"Miskolc, Bodó tető",2025-08-17,Csúsztatott zsalus lakás,Átlagos,Házközponti fűtés egyedi méréssel,1994.0,Nem adta meg a hirdető,,,,,,,,,,,
https://www.zenga.hu/ingatlan/elado-panellakas-eger/8531291?page=40&pos=18&cr=70,Eger eladó panellakás 2+1 fél szobás: 42 millió Ft,42.0,55.0,55 m²,2.0,Eger,2025-08-17,Panellakás,Jó állapotú,Távfűtés egyedi méréssel,1980.0,,,,,,,,,,,,
https://www.zenga.hu/ingatlan/elado-teglalakas-hajduszoboszlo/8392340?page=40&pos=19&cr=70,"Hajdúszoboszló eladó téglalakás 4+1 fél szobás: 69,9 millió Ft",69.9,110.0,110 m²,4.0,Hajdúszoboszló,2025-08-17,Téglalakás,Újszerű,Geotermikus,2010.0,Nem adta meg a hirdető,,,3.0,,,,,,,,
https://www.zenga.hu/ingatlan/elado-teglalakas-budapest-xiii-kerulet-vizafogo/8638382?page=40&pos=20&cr=70,"Budapest XIII. kerület eladó téglalakás 1+1 fél szobás: 85,5 millió Ft",85.5,43.0,43 m²,1.0,"Budapest XIII. kerület, Vizafogó, Sólyatér 9",2025-08-17,Téglalakás,Újszerű,Házközponti fűtés egyedi méréssel,,A+,,,8.0,8 m²,,,,,,,
https://www.zenga.hu/ingatlan/elado-teglalakas-budapest-vi-kerulet-nagykoruton-kivuli-terulet/8547088?page=41&pos=1&cr=70,"Budapest VI. kerület eladó téglalakás 2 szobás: 159,9 millió Ft",159.9,70.0,,,,2025-08-17,,,,,,,,,,,,,,,,
https://www.zenga.hu/ingatlan/elado-teglalakas-nyiregyhaza-belvaros/8510727?page=41&pos=2&cr=70,"Nyíregyháza eladó téglalakás 3 szobás: 47,9 millió Ft",47.9,72.0,72 m²,3.0,"Nyíregyháza, Belváros",2025-08-17,Téglalakás,Jó állapotú,Gázkazán,1970.0,Nem adta meg a hirdető,,,1.0,,,,,,,,
https://www.zenga.hu/ingatlan/elado-teglalakas-gyomro/8506180?page=41&pos=3&cr=70,Gyömrő eladó téglalakás 3 szobás: 96 millió Ft,96.0,,,,,2025-08-17,,,,,,,,,,,,,,,,
https://www.zenga.hu/ingatlan/elado-teglalakas-kecskemet/8244949?page=41&pos=4&cr=70,"Eladó 1 szobás téglalakás 64,5 millió Ft értékben Kecskeméten - Live Lakópark lakóparkban",64.5,37.0,37 m²,1.0,Kecskemét,2025-08-17,Téglalakás,Új építésű,Egyéb,,A++,,,6.0,39 m²,,2025. 1. negyedév,,,,,
https://www.zenga.hu/ingatlan/elado-panellakas-debrecen-tocoskert/8667919?page=41&pos=5&cr=69,"Debrecen eladó panellakás 1+1 fél szobás: 54,9 millió Ft",54.9,46.0,46 m²,1.0,"Debrecen, Tócóskert",2025-08-17,Panellakás,Átlagos,Távfűtés,1986.0,Nem adta meg a hirdető,,,10.0,,,,,,,,
https://www.zenga.hu/ingatlan/elado-teglalakas-debrecen/8668089?page=41&pos=6&cr=69,Debrecen eladó téglalakás 3 szobás: 57 millió Ft,57.0,51.0,51 m²,3.0,Debrecen,2025-08-17,Téglalakás,,Gáz (konvektor),1976.0,Nem adta meg a hirdető,,,,1 m²,,,,,,,
https://www.zenga.hu/ingatlan/elado-teglalakas-debrecen-belvaros/8668099?page=41&pos=7&cr=69,Debrecen eladó téglalakás 5 szobás: 115 millió Ft,115.0,99.0,99 m²,5.0,"Debrecen, Belváros",2025-08-17,Téglalakás,,Gázkazán,2006.0,Nem adta meg a hirdető,,,,,,,,,,,
https://www.zenga.hu/ingatlan/elado-teglalakas-debrecen-belvaros/8668054?page=41&pos=8&cr=69,"Debrecen eladó téglalakás 3 szobás: 72,9 millió Ft",72.9,73.0,73 m²,3.0,"Debrecen, Belváros",2025-08-17,Téglalakás,,Gázkazán,1980.0,Nem adta meg a hirdető,,,,5 m²,,,,,,,
https://www.zenga.hu/ingatlan/elado-teglalakas-debrecen-belvaros/8664190?page=41&pos=9&cr=69,"Debrecen eladó téglalakás 4 szobás: 129,9 millió Ft",129.9,96.0,96 m²,4.0,"Debrecen, Belváros, Híd utca",2025-08-17,Téglalakás,,Hőszivattyú,2023.0,Nem adta meg a hirdető,,,,,,,112 m²,,,,
https://www.zenga.hu/ingatlan/elado-teglalakas-debrecen/8666612?page=41&pos=10&cr=69,Debrecen eladó téglalakás 3+1 fél szobás: 156 millió Ft,156.0,95.0,95 m²,3.0,"Debrecen, Komlóssy út",2025-08-17,Téglalakás,Átlagos,Gázkazán,2000.0,Nem adta meg a hirdető,,,,6 m²,,,,,,,
https://www.zenga.hu/ingatlan/elado-teglalakas-debrecen-kerekestelep/8666607?page=41&pos=11&cr=69,Debrecen eladó téglalakás 2+1 fél szobás: 62 millió Ft,62.0,56.0,56 m²,2.0,"Debrecen, Kerekestelep",2025-08-17,Téglalakás,Átlagos,Gázkazán,1980.0,Nem adta meg a hirdető,,,,,,,,,,,
https://www.zenga.hu/ingatlan/elado-panellakas-debrecen-venkert/8663410?page=41&pos=12&cr=69,Debrecen eladó panellakás 4 szobás: 72 millió Ft,72.0,68.0,68 m²,4.0,"Debrecen, Vénkert",2025-08-17,Panellakás,,Távfűtés egyedi méréssel,1970.0,Nem adta meg a hirdető,,,,2 m²,,,,,,,
https://www.zenga.hu/ingatlan/elado-panellakas-debrecen-tocoskert/8663411?page=41&pos=13&cr=69,Debrecen eladó panellakás 2 szobás: 62 millió Ft,62.0,54.0,54 m²,2.0,"Debrecen, Tócóskert",2025-08-17,Panellakás,,Távfűtés,1980.0,Nem adta meg a hirdető,,,,,,,,,,,
https://www.zenga.hu/ingatlan/elado-panellakas-debrecen-belvaros/8656812?page=41&pos=14&cr=69,"Debrecen eladó panellakás 4 szobás: 72,9 millió Ft",72.9,69.0,69 m²,4.0,"Debrecen, Belváros",2025-08-17,Panellakás,,Távfűtés egyedi méréssel,1980.0,Nem adta meg a hirdető,,,,,,,,,,,
https://www.zenga.hu/ingatlan/elado-panellakas-debrecen-tocoskert/8664170?page=41&pos=15&cr=69,Debrecen eladó panellakás 4 szobás: 70 millió Ft,70.0,84.0,84 m²,4.0,"Debrecen, Tócóskert, István út",2025-08-17,Panellakás,,Távfűtés egyedi méréssel,1982.0,Nem adta meg a hirdető,,,,2 m²,,,,,,,
https://www.zenga.hu/ingatlan/elado-teglalakas-debrecen/8657169?page=41&pos=16&cr=69,"Debrecen eladó téglalakás 1+1 fél szobás: 65,9 millió Ft",65.9,58.0,58 m²,1.0,"Debrecen, Belváros-Nagytemplom",2025-08-17,Téglalakás,Átlagos,Távfűtés,1975.0,Nem adta meg a hirdető,,,,,,,,,,,
https://www.zenga.hu/ingatlan/elado-teglalakas-debrecen-belvaros/8652642?page=41&pos=17&cr=69,Debrecen eladó téglalakás 4 szobás: 129 millió Ft,129.0,123.0,123 m²,4.0,"Debrecen, Belváros",2025-08-17,Téglalakás,Átlagos,Gázkazán,2014.0,Nem adta meg a hirdető,,,,,,,,,,,
https://www.zenga.hu/ingatlan/elado-teglalakas-budapest-iv-kerulet-ujpest/8588866?page=41&pos=18&cr=68,"Budapest IV. kerület eladó téglalakás 3 szobás: 99,9 millió Ft",99.9,102.0,102 m²,3.0,"Budapest IV. kerület, Újpest, Árpád út 57",2025-08-17,Téglalakás,Újszerű,Házközponti fűtés egyedi méréssel,2006.0,Nem adta meg a hirdető,,,5.0,,,,,,,,
https://www.zenga.hu/ingatlan/elado-panellakas-heviz/8661817?page=41&pos=19&cr=66,Hévíz eladó panellakás 3 szobás: 53 millió Ft,53.0,74.0,74 m²,3.0,Hévíz,2025-08-17,Panellakás,,Gáz (konvektor),1988.0,Nem adta meg a hirdető,,,,"8,3 m²",,,,,,,
https://www.zenga.hu/ingatlan/elado-teglalakas-miskolc/8563250?page=41&pos=20&cr=66,"Miskolc eladó téglalakás 2+1 fél szobás: 49,9 millió Ft",49.9,74.0,74 m²,2.0,Miskolc,2025-08-17,Téglalakás,Átlagos,Gázkazán,1975.0,Nem adta meg a hirdető,,,,,,,,,,,
https://www.zenga.hu/ingatlan/elado-csusztatott-zsalus-lakas-budapest-ii-kerulet-harshegy/8655086?page=42&pos=1&cr=66,,,,,,,2025-08-17,,,,,,,,,,,,,,,,
https://www.zenga.hu/ingatlan/elado-teglalakas-dombovar-gunarasfurdo/8529594?page=42&pos=2&cr=65,"Dombóvár eladó téglalakás 1 szobás: 18,2 millió Ft",18.2,36.0,36 m²,1.0,"Dombóvár, Gunarasfürdő",2025-08-17,Téglalakás,Felújított,Gáz (konvektor),1986.0,Nem adta meg a hirdető,,,,,,,,,,,
https://www.zenga.hu/ingatlan/elado-teglalakas-budapest-xiv-kerulet/8664635?page=42&pos=3&cr=65,"Budapest XIV. kerület eladó téglalakás 4 szobás: 78,5 millió Ft",78.5,84.0,84 m²,4.0,,2025-08-17,,,,,,,,,,,,,,,,
https://www.zenga.hu/ingatlan/elado-teglalakas-budapest-xi-kerulet-albertfalva/8623636?page=42&pos=4&cr=65,"Budapest XI. kerület eladó téglalakás 1 szobás: 53,9 millió Ft",53.9,34.0,34 m²,1.0,"Budapest XI. kerület, Albertfalva",2025-08-17,Téglalakás,,Cserépkályha,1968.0,Nem adta meg a hirdető,,,,,,,,,,,
https://www.zenga.hu/ingatlan/elado-egyeb-lakas-szombathely/8429673?page=42&pos=5&cr=65,"Szombathely eladó egyéb lakás 4 szobás: 79,9 millió Ft",79.9,94.0,94 m²,4.0,Szombathely,2025-08-17,Egyéb lakás,Új építésű,,2023.0,Nem adta meg a hirdető,,,,,,,,,,,
https://www.zenga.hu/ingatlan/elado-teglalakas-budapest-v-kerulet-belvaros/8382938?page=42&pos=6&cr=65,Budapest V. kerület eladó téglalakás 4 szobás: 250 millió Ft,250.0,136.0,136 m²,4.0,"Budapest V. kerület, Belváros",2025-08-17,Téglalakás,Átlagos,Gázkazán,,Nem adta meg a hirdető,,,6.0,,,,,,,,
https://www.zenga.hu/ingatlan/elado-egyeb-lakas-szombathely/8429672?page=42&pos=7&cr=65,"Szombathely eladó egyéb lakás 3 szobás: 61,9 millió Ft",61.9,70.0,70 m²,3.0,Szombathely,2025-08-17,Egyéb lakás,Felújított,,2024.0,Nem adta meg a hirdető,,,,,,,,,,,
https://www.zenga.hu/ingatlan/elado-tarsashazi-lakas-nyiregyhaza/8622632?page=42&pos=8&cr=65,"Nyíregyháza eladó társasházi lakás 1+3 fél szobás: 43,9 millió Ft",43.9,61.0,61 m²,1.0,Nyíregyháza,2025-08-17,Társasházi lakás,Felújított,Távfűtés egyedi méréssel,1980.0,Nem adta meg a hirdető,,,,,,,,,,,
https://www.zenga.hu/ingatlan/elado-panellakas-pecs/8546555?page=42&pos=9&cr=65,"Pécs eladó panellakás 2 szobás: 36,9 millió Ft",36.9,53.0,53 m²,2.0,Pécs,2025-08-17,Panellakás,Jó állapotú,Távfűtés egyedi méréssel,1985.0,B,,,,,,,,,,,
https://www.zenga.hu/ingatlan/elado-teglalakas-siofok/8388543?page=42&pos=10&cr=65,"Siófok eladó téglalakás 3 szobás: 107,56 millió Ft",107.56,61.0,61 m²,3.0,Siófok,2025-08-17,Téglalakás,Új építésű,Hőszivattyú,2024.0,Nem adta meg a hirdető,,,,,,,,,,,
https://www.zenga.hu/ingatlan/elado-teglalakas-balatonlelle/8275581?page=42&pos=11&cr=65,"Eladó 3 szobás téglalakás 95,45 millió Ft értékben Balatonlellén - My Lelle Residence lakóparkban",95.45,61.0,61 m²,3.0,Balatonlelle,2025-08-17,Téglalakás,Új építésű,Padlófűtés,,A,,,3.0,"37,8 m²",,2026. 2. negyedév,,,,,
https://www.zenga.hu/ingatlan/elado-teglalakas-budapest-xx-kerulet/8665719?page=42&pos=13&cr=62,"Budapest XX. kerület eladó téglalakás 3 szobás: 37,9 millió Ft",37.9,26.0,26 m²,3.0,Budapest XX. kerület,2025-08-17,Téglalakás,Újszerű,Elektromos,1950.0,Nem adta meg a hirdető,,,1.0,,,,,,,,
https://www.zenga.hu/ingatlan/elado-csusztatott-zsalus-lakas-budapest-xx-kerulet/8663602?page=42&pos=14&cr=62,Budapest XX. kerület eladó csúsztatott zsalus lakás 1+2 fél szobás: 72 millió Ft,72.0,67.0,67 m²,1.0,Budapest XX. kerület,2025-08-17,Csúsztatott zsalus lakás,Jó állapotú,Távfűtés,1980.0,Nem adta meg a hirdető,,,10.0,8 m²,,,,,,,
https://www.zenga.hu/ingatlan/elado-teglalakas-budapest-xx-kerulet/8652727?page=42&pos=15&cr=62,,,,,,,2025-08-17,,,,,,,,,,,,,,,,
https://www.zenga.hu/ingatlan/elado-teglalakas-budapest-xx-kerulet/8655830?page=42&pos=16&cr=62,,,,,,,2025-08-17,,,,,,,,,,,,,,,,
https://www.zenga.hu/ingatlan/elado-teglalakas-budapest-xx-kerulet/8655676?page=42&pos=17&cr=62,,,,,,,2025-08-17,,,,,,,,,,,,,,,,
https://www.zenga.hu/ingatlan/elado-teglalakas-gyor-szitasdomb/8668061?page=42&pos=18&cr=61,"Győr eladó téglalakás 3 szobás: 87,99 millió Ft",87.99,63.0,63 m²,3.0,"Győr, Szitásdomb",2025-08-17,Téglalakás,,Házközponti fűtés egyedi méréssel,2024.0,Nem adta meg a hirdető,,,,10 m²,,,,,,,
https://www.zenga.hu/ingatlan/elado-teglalakas-gyor/8666778?page=42&pos=19&cr=61,Eladó 2 szobás téglalakás Győrben,,,,,,2025-08-17,,,,,,,,,,,,,,,,
https://www.zenga.hu/ingatlan/elado-teglalakas-pecs/8537056?page=42&pos=20&cr=61,"Pécs eladó téglalakás 3 szobás: 63,9 millió Ft",63.9,75.0,75 m²,3.0,Pécs,2025-08-17,Téglalakás,Felújított,Gázkazán,2010.0,Nem adta meg a hirdető,,,,,,,,,,,
https://www.zenga.hu/ingatlan/elado-panellakas-gyor/8654056?page=43&pos=2&cr=61,"Győr eladó panellakás 4 szobás: 64,8 millió Ft",64.8,65.0,65 m²,4.0,Győr,2025-08-17,Panellakás,Újszerű,Távfűtés,1969.0,Nem adta meg a hirdető,,,10.0,5 m²,,,,,,,
https://www.zenga.hu/ingatlan/elado-teglalakas-gyor/8659803?page=43&pos=3&cr=61,Győr eladó téglalakás 4 szobás: 99 millió Ft,99.0,125.0,125 m²,4.0,Győr,2025-08-17,Téglalakás,,Gázkazán,2003.0,Nem adta meg a hirdető,,,,,,,20 m²,,,,
https://www.zenga.hu/ingatlan/elado-panellakas-gyor-adyvaros/8661836?page=43&pos=4&cr=61,Eladó 3 szobás panellakás Győrben,,,,,,2025-08-17,,,,,,,,,,,,,,,,
https://www.zenga.hu/ingatlan/elado-teglalakas-gyor/8664173?page=43&pos=5&cr=61,"Győr eladó téglalakás 3 szobás: 89,9 millió Ft",89.9,55.0,55 m²,3.0,Győr,2025-08-17,Téglalakás,,Gázkazán,1992.0,Nem adta meg a hirdető,,,,,,,,,,,
https://www.zenga.hu/ingatlan/elado-teglalakas-kiskunlachaza/8620584?page=43&pos=6&cr=61,"Kiskunlacháza eladó téglalakás 1 szobás: 29,5 millió Ft",29.5,30.0,30 m²,1.0,Kiskunlacháza,2025-08-17,Téglalakás,Új építésű,Hőszivattyú,2024.0,Nem adta meg a hirdető,,,3.0,,,,,,,,
https://www.zenga.hu/ingatlan/elado-teglalakas-gyor-szabadhegy/8536535?page=43&pos=7&cr=60,"Győr eladó téglalakás 4 szobás: 69,9 millió Ft",69.9,87.0,87 m²,4.0,"Győr, Szabadhegy",2025-08-17,Téglalakás,Új építésű,Gázkazán,2025.0,Nem adta meg a hirdető,,,,,,,,,,,
https://www.zenga.hu/ingatlan/elado-teglalakas-szerencs/8563141?page=43&pos=8&cr=60,"Szerencs eladó téglalakás 2 szobás: 16,5 millió Ft",16.5,46.0,46 m²,2.0,Szerencs,2025-08-17,Téglalakás,Átlagos,Gáz (konvektor),1960.0,Nem adta meg a hirdető,,,,,,,,,,,
https://www.zenga.hu/ingatlan/elado-teglalakas-pecs-uranvaros/8596235?page=43&pos=9&cr=60,"Pécs eladó téglalakás 2 szobás: 39,9 millió Ft",39.9,54.0,54 m²,2.0,"Pécs, Uránváros",2025-08-17,Téglalakás,Átlagos,Gáz (konvektor),1968.0,Nem adta meg a hirdető,,,,,,,,,,,
https://www.zenga.hu/ingatlan/elado-teglalakas-pecs/8513074?page=43&pos=10&cr=60,"Pécs eladó téglalakás 3 szobás: 49,9 millió Ft",49.9,56.0,56 m²,3.0,Pécs,2025-08-17,Téglalakás,Felújított,Gázkazán,1950.0,A,,,,,,,,,,,
https://www.zenga.hu/ingatlan/elado-teglalakas-sopron/8664910?page=43&pos=11&cr=60,"Sopron eladó téglalakás 5 szobás: 79,9 millió Ft",79.9,88.0,88 m²,5.0,Sopron,2025-08-17,Téglalakás,Felújított,Házközponti fűtés egyedi méréssel,,Nem adta meg a hirdető,,,,,,,,,,,
https://www.zenga.hu/ingatlan/elado-teglalakas-siofok-ezustpart/8558844?page=43&pos=12&cr=60,Siófok eladó téglalakás 3 szobás: 210 millió Ft,210.0,96.0,96 m²,3.0,"Siófok, Ezüstpart",2025-08-17,Téglalakás,,Hőszivattyú,2023.0,Nem adta meg a hirdető,,,,,,,46 m²,,,,
https://www.zenga.hu/ingatlan/elado-teglalakas-pecs-ispitaalja/8597009?page=43&pos=13&cr=60,Pécs eladó téglalakás 2 szobás: 49 millió Ft,49.0,60.0,60 m²,2.0,"Pécs, Ispitaalja, Mártírok útja",2025-08-17,Téglalakás,,Gáz (konvektor),1970.0,Nem adta meg a hirdető,,,,,,,,,,,
https://www.zenga.hu/ingatlan/elado-egyeb-lakas-debrecen/8567384?page=43&pos=14&cr=60,"Debrecen eladó egyéb lakás 2 szobás: 49,9 millió Ft",49.9,55.0,55 m²,2.0,Debrecen,2025-08-17,Egyéb lakás,Átlagos,Gáz (konvektor),1970.0,Nem adta meg a hirdető,,,4.0,,,,,,,,
https://www.zenga.hu/ingatlan/elado-csusztatott-zsalus-lakas-eger-lajosvaros/8655211?page=43&pos=15&cr=60,"Eger eladó csúsztatott zsalus lakás 2 szobás: 39,9 millió Ft",39.9,58.0,58 m²,2.0,"Eger, Lajosváros",2025-08-17,Csúsztatott zsalus lakás,Jó állapotú,Gáz (konvektor),1976.0,Nem adta meg a hirdető,,,5.0,8 m²,,,,,,,
https://www.zenga.hu/ingatlan/elado-teglalakas-balatonfuzfo-fuzfogyartelep/8661866?page=43&pos=16&cr=60,Balatonfűzfő eladó téglalakás 2+2 fél szobás: 47 millió Ft,47.0,61.0,61 m²,2.0,"Balatonfűzfő, Fűzfőgyártelep, Gagarin utca",2025-08-17,Téglalakás,Felújított,Házközponti,1981.0,Nem adta meg a hirdető,,,1.0,,,,,,,,
https://www.zenga.hu/ingatlan/elado-panellakas-budapest-iv-kerulet-ujpest/8595027?page=43&pos=18&cr=60,"Budapest IV. kerület eladó panellakás 1+2 fél szobás: 67,9 millió Ft",67.9,59.0,59 m²,1.0,"Budapest IV. kerület, Újpest",2025-08-17,Panellakás,,,,,,,,,,,,,,,
https://www.zenga.hu/ingatlan/elado-tarsashazi-lakas-nyiregyhaza/8655861?page=43&pos=19&cr=60,"Nyíregyháza eladó társasházi lakás 1+2 fél szobás: 36,9 millió Ft",36.9,62.0,62 m²,1.0,Nyíregyháza,2025-08-17,Társasházi lakás,Jó állapotú,Gázkazán,,Nem adta meg a hirdető,,,,,,,,,,,
https://www.zenga.hu/ingatlan/elado-tarsashazi-lakas-budapest-ii-kerulet-kurucles/8570222?page=43&pos=20&cr=60,"Budapest II. kerület eladó társasházi lakás 2 szobás: 84,9 millió Ft",84.9,55.0,55 m²,2.0,"Budapest II. kerület, Kurucles",2025-08-17,Társasházi lakás,Jó állapotú,Fan coil,1982.0,Nem adta meg a hirdető,,,14.0,1 m²,,,,,,,
https://www.zenga.hu/ingatlan/elado-teglalakas-budapest-viii-kerulet/6477872?page=44&pos=2&cr=60,"Budapest VIII. kerület eladó téglalakás 1 szobás: 74,9 millió Ft",74.9,34.0,34 m²,1.0,"Budapest VIII. kerület, Budapest VIII., Corvin sétány",2025-08-17,Téglalakás,,,,,,,9.0,,,,,,,,
https://www.zenga.hu/ingatlan/elado-teglalakas-pecs/8529137?page=44&pos=5&cr=60,"Pécs eladó téglalakás 3 szobás: 69,9 millió Ft",69.9,69.0,69 m²,3.0,Pécs,2025-08-17,Téglalakás,Felújított,Gázkazán,1965.0,Nem adta meg a hirdető,,,,,,,,,,,
https://www.zenga.hu/ingatlan/elado-teglalakas-siofok/8587372?page=44&pos=6&cr=60,"Siófok eladó téglalakás 3 szobás: 61,9 millió Ft",61.9,77.0,77 m²,3.0,Siófok,2025-08-17,Téglalakás,,,,,,,,,,,,,,,
https://www.zenga.hu/ingatlan/elado-panellakas-pecs-egyetemvaros/8617300?page=44&pos=8&cr=60,"Pécs eladó panellakás 3 szobás: 53,9 millió Ft",53.9,64.0,64 m²,3.0,"Pécs, Egyetemváros",2025-08-17,Panellakás,Jó állapotú,Távfűtés egyedi méréssel,1980.0,Nem adta meg a hirdető,,,,,,,,,,,
https://www.zenga.hu/ingatlan/elado-teglalakas-pecs/8550368?page=44&pos=9&cr=60,"Pécs eladó téglalakás 3 szobás: 69,9 millió Ft",69.9,62.0,62 m²,3.0,Pécs,2025-08-17,Téglalakás,Felújított,Gázkazán,1980.0,Nem adta meg a hirdető,,,,,,,,,,,
https://www.zenga.hu/ingatlan/elado-egyeb-lakas-szeged/8472960?page=44&pos=10&cr=60,Eladó 4 szobás egyéb lakás Szegeden,,,,,,2025-08-17,,,,,,,,,,,,,,,,
https://www.zenga.hu/ingatlan/elado-teglalakas-debrecen-belvaros/8139588?page=44&pos=11&cr=60,Debrecen eladó téglalakás 3 szobás: 79 millió Ft,79.0,78.0,78 m²,3.0,"Debrecen, Belváros",2025-08-17,Téglalakás,Új építésű,,,,,,,,,,,,,,
https://www.zenga.hu/ingatlan/elado-teglalakas-kiskunlachaza/8072737?page=44&pos=12&cr=60,"Kiskunlacháza eladó téglalakás 2 szobás: 33,3 millió Ft",33.3,38.0,38 m²,2.0,Kiskunlacháza,2025-08-17,Téglalakás,Új építésű,,2025.0,Nem adta meg a hirdető,,,3.0,,,,,,,,
https://www.zenga.hu/ingatlan/elado-teglalakas-szombathely-belvaros/8279532?page=44&pos=13&cr=60,"Szombathely eladó téglalakás 3 szobás: 34,5 millió Ft",34.5,75.0,75 m²,3.0,"Szombathely, Belváros",2025-08-17,Téglalakás,Átlagos,Gáz (konvektor),1960.0,Nem adta meg a hirdető,,,,,,,,,,,
https://www.zenga.hu/ingatlan/elado-teglalakas-ujhartyan/8633142?page=44&pos=14&cr=60,"Újhartyán eladó téglalakás 3 szobás: 69,99 millió Ft",69.99,75.0,75 m²,3.0,Újhartyán,2025-08-17,Téglalakás,Új építésű,Gázkazán,2025.0,Nem adta meg a hirdető,,Nincs,1.0,,,,17 m²,,,,
https://www.zenga.hu/ingatlan/elado-teglalakas-nyiregyhaza-belvaros/8609077?page=44&pos=15&cr=60,Nyíregyháza eladó téglalakás 1 szobás: 50 350 millió Ft,50.35,53.0,53 m²,1.0,"Nyíregyháza, Belváros",2025-08-17,Téglalakás,Új építésű,Gázkazán,2025.0,Nem adta meg a hirdető,,,2.0,6 m²,,,,,,,
https://www.zenga.hu/ingatlan/elado-teglalakas-zalaegerszeg-kertvaros/8435383?page=44&pos=16&cr=60,"Zalaegerszeg eladó téglalakás 3 szobás: 44,99 millió Ft",44.99,67.0,67 m²,3.0,"Zalaegerszeg, Kertváros",2025-08-17,Téglalakás,Jó állapotú,Gázkazán,1981.0,Nem adta meg a hirdető,,,1.0,,,,,,,,
https://www.zenga.hu/ingatlan/elado-tarsashazi-lakas-vasarosnameny/8397885?page=44&pos=17&cr=60,"Vásárosnamény eladó társasházi lakás 2 szobás: 42,84 millió Ft",42.84,63.0,63 m²,2.0,Vásárosnamény,2025-08-17,Társasházi lakás,Új építésű,Hőszivattyú,2025.0,A,,Nincs,2.0,,,,,,,,
https://www.zenga.hu/ingatlan/elado-teglalakas-koszeg-belvaros/8260612?page=44&pos=18&cr=60,"Kőszeg eladó téglalakás 2+1 fél szobás: 37,59 millió Ft",37.59,64.0,64 m²,2.0,"Kőszeg, Belváros",2025-08-17,Téglalakás,Átlagos,Gázkazán,,Nem adta meg a hirdető,,,3.0,,,,,,,,
https://www.zenga.hu/ingatlan/elado-panellakas-budapest-xx-kerulet-pesterzsebet/8646550?page=44&pos=19&cr=59,Eladó 2 szobás panellakás Budapest XX. kerületben,,,,,,2025-08-17,,,,,,,,,,,,,,,,
https://www.zenga.hu/ingatlan/elado-panellakas-pecs-kertvaros/8623651?page=44&pos=20&cr=57,"Pécs eladó panellakás 3 szobás: 42,9 millió Ft",42.9,62.0,62 m²,3.0,"Pécs, Kertváros, Nagy Imre út",2025-08-17,Panellakás,,Távfűtés,1970.0,Nem adta meg a hirdető,,,,,,,,,,,
https://www.zenga.hu/ingatlan/elado-teglalakas-siofok-ezustpart/8667982?page=45&pos=1&cr=56,"Siófok eladó téglalakás 2 szobás: 81,5 millió Ft",81.5,45.0,45 m²,2.0,"Siófok, Ezüstpart",2025-08-17,Téglalakás,,Hőszivattyú,2019.0,Nem adta meg a hirdető,,,,,,,13 m²,,,,
https://www.zenga.hu/ingatlan/elado-teglalakas-barcs/8665095?page=45&pos=2&cr=56,"Barcs eladó téglalakás 2 szobás: 19,9 millió Ft",19.9,50.0,50 m²,2.0,"Barcs, Kodály Zoltán utca",2025-08-17,Téglalakás,Jó állapotú,Gáz (konvektor),1970.0,Nem adta meg a hirdető,,,3.0,"4,3 m²",,,,,,,
https://www.zenga.hu/ingatlan/elado-teglalakas-fonyod/8661775?page=45&pos=4&cr=56,"Fonyód eladó téglalakás 3 szobás: 89,9 millió Ft",89.9,74.0,74 m²,3.0,"Fonyód, Várhegy",2025-08-17,Téglalakás,Új építésű,Elektromos,2021.0,Nem adta meg a hirdető,,,,,,,,,,,
https://www.zenga.hu/ingatlan/elado-teglalakas-budapest-xiv-kerulet-istvanmezo/8572843?page=45&pos=5&cr=56,,,,,,,2025-08-17,,,,,,,,,,,,,,,,
https://www.zenga.hu/ingatlan/elado-teglalakas-zalaegerszeg-kertvaros/7664223?page=45&pos=6&cr=55,"Zalaegerszeg eladó téglalakás 3+1 fél szobás: 39,4 millió Ft",39.4,67.0,67 m²,3.0,"Zalaegerszeg, Kertváros",2025-08-17,Téglalakás,Átlagos,Gázkazán,1995.0,Nem adta meg a hirdető,,,1.0,6 m²,,,,,,,
https://www.zenga.hu/ingatlan/elado-teglalakas-debrecen-nagyerdopark/8662858?page=45&pos=7&cr=55,Debrecen eladó téglalakás 3 szobás: 85 millió Ft,85.0,82.0,82 m²,3.0,"Debrecen, Nagyerdő",2025-08-17,Téglalakás,Átlagos,Gázkazán,1967.0,Nem adta meg a hirdető,,,,,,,,,,,
https://www.zenga.hu/ingatlan/elado-egyeb-lakas-budaors/8594105?page=45&pos=8&cr=55,"Budaörs eladó egyéb lakás 3 szobás: 79,9 millió Ft",79.9,60.0,60 m²,3.0,"Budaörs, Kőhíd utca 52/A",2025-08-17,Egyéb lakás,Újszerű,,,Nem adta meg a hirdető,,,2.0,,,,,,,,
https://www.zenga.hu/ingatlan/elado-teglalakas-budapest-ii-kerulet-rozsadomb/8650175?page=45&pos=9&cr=55,Budapest II. kerület eladó téglalakás 3 szobás: 129 millió Ft,129.0,91.0,91 m²,3.0,"Budapest II. kerület, Rózsadomb, Keleti Károly utca",2025-08-17,Téglalakás,Újszerű,,,,,,1.0,,,,,,,,
https://www.zenga.hu/ingatlan/elado-teglalakas-budapest-xv-kerulet-rakospalota/8339425?page=45&pos=10&cr=55,"Budapest XV. kerület eladó téglalakás 1 szobás: 55,5 millió Ft",55.5,47.0,47 m²,1.0,"Budapest XV. kerület, Rákospalota",2025-08-17,Téglalakás,Jó állapotú,Gáz (konvektor),1912.0,Nem adta meg a hirdető,,Nincs,2.0,,,,,,,,
https://www.zenga.hu/ingatlan/elado-csusztatott-zsalus-lakas-budapest-xi-kerulet-kelenfold/8647287?page=45&pos=11&cr=55,"Budapest XI. kerület eladó csúsztatott zsalus lakás 1+1 fél szobás: 69,9 millió Ft",69.9,49.0,49 m²,1.0,"Budapest XI. kerület, Kelenföld, Fejér Lipót út 61",2025-08-17,Csúsztatott zsalus lakás,,,,,,,15.0,,,,,,,,
https://www.zenga.hu/ingatlan/elado-teglalakas-budapest-xii-kerulet-orbanhegy/8666643?page=45&pos=12&cr=55,Budapest XII. kerület eladó téglalakás 3 szobás: 259 millió Ft,259.0,92.0,92 m²,3.0,"Budapest XII. kerület, Orbánhegy",2025-08-17,Téglalakás,Újszerű,Gázkazán,1982.0,Nem adta meg a hirdető,,,3.0,,,,,,,,
https://www.zenga.hu/ingatlan/elado-panellakas-dunaujvaros-romai-varosresz/8661932?page=45&pos=13&cr=55,"Dunaújváros eladó panellakás 1+1 fél szobás: 24,7 millió Ft",24.7,35.0,35 m²,1.0,"Dunaújváros, Római városrész",2025-08-17,Panellakás,Felújított,Távfűtés,,Nem adta meg a hirdető,,Nincs,7.0,,25 000 Ft/hó,,,,,,
https://www.zenga.hu/ingatlan/elado-panellakas-budapest-iv-kerulet-ujpest/8662011?page=45&pos=14&cr=55,"Budapest IV. kerület eladó panellakás 2+1 fél szobás: 78,5 millió Ft",78.5,71.0,71 m²,2.0,"Budapest IV. kerület, Újpest, Aradi Utca 15",2025-08-17,Panellakás,Felújított,Távfűtés egyedi méréssel,,Nem adta meg a hirdető,,,10.0,,,,,,,,
https://www.zenga.hu/ingatlan/elado-panellakas-keszthely/8653554?page=45&pos=15&cr=55,"Keszthely eladó panellakás 4 szobás: 62,5 millió Ft",62.5,76.0,76 m²,4.0,Keszthely,2025-08-17,Panellakás,Felújított,Gázkazán,1992.0,DD (2016-2023-as besorolás),,Nincs,3.0,"4,1 m²",,,,,,,
https://www.zenga.hu/ingatlan/elado-tarsashazi-lakas-budapest-x-kerulet-ohegy/8665569?page=45&pos=16&cr=55,"Budapest X. kerület eladó társasházi lakás 2 szobás: 49,5 millió Ft",49.5,47.0,47 m²,2.0,"Budapest X. kerület, Óhegy",2025-08-17,,,,,,,,,,,,,,,,
https://www.zenga.hu/ingatlan/elado-teglalakas-kecskemet/8664072?page=45&pos=17&cr=55,Kecskemét eladó téglalakás 3 szobás: 52 millió Ft,52.0,45.0,45 m²,3.0,Kecskemét,2025-08-17,Téglalakás,Jó állapotú,Gázkazán,1980.0,Nem adta meg a hirdető,,,4.0,,,,,,,,
https://www.zenga.hu/ingatlan/elado-teglalakas-budapest-xi-kerulet-szentimrevaros/8662642?page=45&pos=18&cr=55,Budapest XI. kerület eladó téglalakás 1+1 fél szobás: 74 millió Ft,74.0,41.0,,,,2025-08-17,,,,,,,,,,,,,,,,
https://www.zenga.hu/ingatlan/elado-teglalakas-kecskemet/8619400?page=45&pos=19&cr=55,Kecskemét eladó téglalakás 2 szobás: 44 millió Ft,44.0,36.0,36 m²,2.0,Kecskemét,2025-08-17,Téglalakás,Felújított,Gáz (konvektor),,Nem adta meg a hirdető,,,1.0,8 m²,,,,,,,
https://www.zenga.hu/ingatlan/elado-csusztatott-zsalus-lakas-budapest-xv-kerulet-rakospalota/8651821?page=45&pos=20&cr=55,"Budapest XV. kerület eladó csúsztatott zsalus lakás 2 szobás: 59,9 millió Ft",59.9,51.0,51 m²,2.0,"Budapest XV. kerület, Rákospalota, Kertköz utca",2025-08-17,Csúsztatott zsalus lakás,,,,,,,5.0,,,,,,,,
https://www.zenga.hu/ingatlan/elado-panellakas-kecskemet-belvaros/8661824?page=46&pos=1&cr=55,"Kecskemét eladó panellakás 2 szobás: 46,9 millió Ft",46.9,55.0,55 m²,2.0,"Kecskemét, Belváros, Bagi László utca",2025-08-17,Panellakás,,Távfűtés egyedi méréssel,1986.0,Nem adta meg a hirdető,,,,,,,,,,,
https://www.zenga.hu/ingatlan/elado-teglalakas-nagykata/8665692?page=46&pos=2&cr=55,Nagykáta eladó téglalakás 2 szobás: 38 millió Ft,38.0,59.0,59 m²,2.0,Nagykáta,2025-08-17,Téglalakás,Jó állapotú,Távfűtés,1972.0,Nem adta meg a hirdető,,,3.0,,,,4 m²,,,,
https://www.zenga.hu/ingatlan/elado-teglalakas-budapest-iii-kerulet-obuda/8657015?page=46&pos=3&cr=55,"Budapest III. kerület eladó téglalakás 1+1 fél szobás: 86,8 millió Ft",86.8,41.0,41 m²,1.0,"Budapest III. kerület, Óbuda, Pacsirtamező u.30.",2025-08-17,Téglalakás,Új építésű,Hőszivattyú,2023.0,,,,5.0,3 m²,,,,,,,
https://www.zenga.hu/ingatlan/elado-teglalakas-budapest-xi-kerulet/8569018?page=46&pos=4&cr=55,,,,,,,2025-08-17,,,,,,,,,,,,,,,,
https://www.zenga.hu/ingatlan/elado-tarsashazi-lakas-mezotur/8513645?page=46&pos=5&cr=55,Mezőtúr eladó társasházi lakás 2 szobás: 18 millió Ft,18.0,51.0,51 m²,2.0,"Mezőtúr, Szabadság tér",2025-08-17,Társasházi lakás,Átlagos,Gáz (konvektor),1981.0,E,,,4.0,,,,,,,,
https://www.zenga.hu/ingatlan/elado-panellakas-budapest-xv-kerulet-ujpalota/8640957?page=46&pos=6&cr=55,Eladó 2+1 fél szobás panellakás Budapest XV. kerületben,,,,,,2025-08-17,,,,,,,,,,,,,,,,
https://www.zenga.hu/ingatlan/elado-panellakas-kecskemet-szechenyivaros/8663802?page=46&pos=8&cr=55,"Kecskemét eladó panellakás 2 szobás: 52,9 millió Ft",52.9,55.0,55 m²,2.0,"Kecskemét, Széchenyiváros",2025-08-17,Panellakás,Felújított,Távfűtés egyedi méréssel,,B,,,5.0,,,,,,,,
https://www.zenga.hu/ingatlan/elado-teglalakas-szombathely-deli-varosresz/8582308?page=46&pos=9&cr=55,"Szombathely eladó téglalakás 2+1 fél szobás: 61,9 millió Ft",61.9,71.0,71 m²,2.0,"Szombathely, Déli városrész",2025-08-17,Téglalakás,Újszerű,Házközponti fűtés egyedi méréssel,,EE (2016-2023-as besorolás),,Nincs,3.0,4 m²,,,38 m²,,,,
https://www.zenga.hu/ingatlan/elado-teglalakas-sopron/8661494?page=46&pos=10&cr=55,Sopron eladó téglalakás 2 szobás: 37 millió Ft,37.0,56.0,56 m²,2.0,"Sopron, Szentlélek utca 1.",2025-08-17,Téglalakás,Átlagos,Gázkazán,,D,,,1.0,,,,,,,,
https://www.zenga.hu/ingatlan/elado-teglalakas-budapest-iv-kerulet-istvantelek/8664191?page=46&pos=11&cr=55,Budapest IV. kerület eladó téglalakás 2 szobás: 55 millió Ft,55.0,70.0,70 m²,2.0,"Budapest IV. kerület, Istvántelek, Elem u. 26.",2025-08-17,Téglalakás,Jó állapotú,Gáz (konvektor),1970.0,A,,Nincs,1.0,,12 000 Ft/hó,,,,,,
https://www.zenga.hu/ingatlan/elado-teglalakas-gardony/8612418?page=46&pos=12&cr=55,"Gárdony eladó téglalakás 1+4 fél szobás: 57,5 millió Ft",57.5,80.0,80 m²,1.0,Gárdony,2025-08-17,,,,,,,,,,,,,,,,
https://www.zenga.hu/ingatlan/elado-teglalakas-budapest-vii-kerulet/8662517?page=46&pos=13&cr=55,"Budapest VII. kerület eladó téglalakás 1 szobás: 43,9 millió Ft",43.9,32.0,32 m²,1.0,Budapest VII. kerület,2025-08-17,Téglalakás,Átlagos,Elektromos,,Nem adta meg a hirdető,,,4.0,,40 Ft/hó,,,,,,
https://www.zenga.hu/ingatlan/elado-tarsashazi-lakas-kecskemet-belvaros/8662390?page=46&pos=14&cr=55,"Kecskemét eladó társasházi lakás 2 szobás: 61,6 millió Ft",61.6,56.0,56 m²,2.0,"Kecskemét, Belváros",2025-08-17,Társasházi lakás,Jó állapotú,Távfűtés egyedi méréssel,1963.0,EE (2016-2023-as besorolás),,Nincs,5.0,,10 080 Ft/hó,,,,,,
https://www.zenga.hu/ingatlan/elado-teglalakas-nyiregyhaza-belvaros/8609935?page=46&pos=15&cr=55,"Nyíregyháza eladó téglalakás 1 szobás: 24,9 millió Ft",24.9,21.0,21 m²,1.0,"Nyíregyháza, Belváros",2025-08-17,Téglalakás,Jó állapotú,Gáz (konvektor),1980.0,Nem adta meg a hirdető,,Nincs,4.0,,20 000 Ft/hó,,,,,,
https://www.zenga.hu/ingatlan/elado-tarsashazi-lakas-gyal-gyalliget/8662412?page=46&pos=16&cr=55,Gyál eladó társasházi lakás 3+1 fél szobás: 390 ezer Ft,390.0,96.0,96 m²,3.0,"Gyál, Gyálliget",2025-08-17,Társasházi lakás,Újszerű,Házközponti fűtés egyedi méréssel,2000.0,Nem adta meg a hirdető,,,2.0,,,,8 m²,,,,
https://www.zenga.hu/ingatlan/elado-teglalakas-budapest-viii-kerulet-magdolnanegyed/8662099?page=46&pos=17&cr=55,Budapest VIII. kerület eladó téglalakás 2 szobás: 68 millió Ft,68.0,60.0,60 m²,2.0,"Budapest VIII. kerület, Magdolnanegyed, Baross utca",2025-08-17,Téglalakás,Átlagos,Gázkazán,,Nem adta meg a hirdető,,,6.0,,,,,,,,
https://www.zenga.hu/ingatlan/elado-teglalakas-budapest-ii-kerulet-orszagut/8649015?page=46&pos=18&cr=55,"Budapest II. kerület eladó téglalakás 2 szobás: 79,5 millió Ft",79.5,56.0,56 m²,2.0,"Budapest II. kerület, Országút, Retek utca 20",2025-08-17,Téglalakás,Átlagos,Gáz (konvektor),,F,,,3.0,,,,8 m²,,,,
https://www.zenga.hu/ingatlan/elado-teglalakas-nyiregyhaza-belvaros/8658425?page=46&pos=19&cr=55,"Nyíregyháza eladó téglalakás 2 szobás: 44,8 millió Ft",44.8,64.0,64 m²,2.0,"Nyíregyháza, Belváros, Ószőlő utca 8",2025-08-17,Téglalakás,Jó állapotú,Gázkazán,,A+,,,1.0,2 m²,,,,,,,
https://www.zenga.hu/ingatlan/elado-teglalakas-nyiregyhaza-belvaros/8662476?page=46&pos=20&cr=55,Nyíregyháza eladó téglalakás 3 szobás: 75 millió Ft,75.0,77.0,77 m²,3.0,"Nyíregyháza, Belváros, ..",2025-08-17,Téglalakás,Új építésű,Hőszivattyú,2025.0,A+,,,3.0,7 m²,,,,,,,
https://www.zenga.hu/ingatlan/elado-teglalakas-budapest-xiv-kerulet-alsorakos/8461948?page=47&pos=1&cr=55,Budapest XIV. kerület eladó téglalakás 1 szobás: 60 millió Ft,60.0,44.0,44 m²,1.0,"Budapest XIV. kerület, Alsórákos",2025-08-17,Téglalakás,Felújított,Gázkazán,,Nem adta meg a hirdető,,,4.0,,,,,,,,
https://www.zenga.hu/ingatlan/elado-teglalakas-vac/8634740?page=47&pos=2&cr=55,Vác eladó téglalakás 4 szobás: 88 millió Ft,88.0,75.0,75 m²,4.0,Vác,2025-08-17,Téglalakás,Újszerű,Hőszivattyú,2023.0,A++,,Nincs,3.0,4 m²,30 000 Ft/hó,,10 m²,,,,
https://www.zenga.hu/ingatlan/elado-teglalakas-budapest-i-kerulet-vizivaros-i-ker/8662034?page=47&pos=3&cr=55,"Budapest I. kerület eladó téglalakás 1+1 fél szobás: 97,8 millió Ft",97.8,42.0,42 m²,1.0,"Budapest I. kerület, Víziváros I. ker.",2025-08-17,Téglalakás,Felújított,Gázkazán,,Nem adta meg a hirdető,,,3.0,,,,,,,,
https://www.zenga.hu/ingatlan/elado-csusztatott-zsalus-lakas-budapest-iv-kerulet-ujpest/8658746?page=47&pos=4&cr=55,"Budapest IV. kerület eladó csúsztatott zsalus lakás 2 szobás: 52,5 millió Ft",52.5,50.0,50 m²,2.0,"Budapest IV. kerület, Újpest, Reviczky utca",2025-08-17,Csúsztatott zsalus lakás,Felújítandó,Gáz (konvektor),1973.0,Nem adta meg a hirdető,,Nincs,4.0,"2,1 m²",12 050 Ft/hó,,,,,,
https://www.zenga.hu/ingatlan/elado-panellakas-pecs-kertvaros/8508319?page=47&pos=5&cr=55,"Pécs eladó panellakás 3+1 fél szobás: 54,9 millió Ft",54.9,74.0,74 m²,3.0,"Pécs, Kertváros",2025-08-17,Panellakás,Felújított,Távfűtés egyedi méréssel,,Nem adta meg a hirdető,,,4.0,2 m²,,,,,,,
https://www.zenga.hu/ingatlan/elado-panellakas-bekescsaba-belvaros/8658660?page=47&pos=6&cr=55,"Békéscsaba eladó panellakás 2 szobás: 34,8 millió Ft",34.8,50.0,50 m²,2.0,"Békéscsaba, Belváros, Petőfi utca 10",2025-08-17,Panellakás,Felújított,Gázkazán,,A+++,,,4.0,,25 000 Ft/hó,,,,,,
https://www.zenga.hu/ingatlan/elado-egyeb-lakas-sarvar/8317657?page=47&pos=7&cr=55,"Sárvár eladó egyéb lakás 1 szobás: 38,19 millió Ft",38.19,40.0,40 m²,1.0,Sárvár,2025-08-17,Egyéb lakás,Új építésű,,2024.0,AA+ (2016-2023-as besorolás),,,,,,,,,,,
https://www.zenga.hu/ingatlan/elado-teglalakas-budapest-x-kerulet/8648369?page=47&pos=8&cr=55,"Budapest X. kerület eladó téglalakás 1 szobás: 47,5 millió Ft",47.5,35.0,35 m²,,,2025-08-17,,,,,,,,,,,,,,,,
https://www.zenga.hu/ingatlan/elado-egyeb-lakas-sarvar/8321260?page=47&pos=9&cr=55,"Sárvár eladó egyéb lakás 3 szobás: 56,04 millió Ft",56.04,53.0,53 m²,3.0,Sárvár,2025-08-17,Egyéb lakás,Új építésű,,2025.0,AA+ (2016-2023-as besorolás),,,,,,,,,,,
https://www.zenga.hu/ingatlan/elado-teglalakas-debrecen-nagyerdopark/8653549?page=47&pos=10&cr=55,,,,,,,2025-08-17,,,,,,,,,,,,,,,,
https://www.zenga.hu/ingatlan/elado-panellakas-budapest-xi-kerulet-kelenfold/8653534?page=47&pos=12&cr=55,Budapest XI. kerület eladó panellakás 1+1 fél szobás: 69 millió Ft,69.0,45.0,45 m²,1.0,"Budapest XI. kerület, Kelenföld",2025-08-17,Panellakás,Felújított,,,,,,10.0,,,,,,,,
https://www.zenga.hu/ingatlan/elado-teglalakas-szentes/8658423?page=47&pos=14&cr=55,Szentes eladó téglalakás 2 szobás: 32 millió Ft,32.0,67.0,67 m²,2.0,Szentes,2025-08-17,Téglalakás,Átlagos,Gázkazán,1978.0,H,,Nincs,1.0,3 m²,20 000 Ft/hó,,,,,,
https://www.zenga.hu/ingatlan/elado-teglalakas-zalaegerszeg-kertvaros/8642982?page=47&pos=15&cr=55,"Zalaegerszeg eladó téglalakás 1 szobás: 33,7 millió Ft",33.7,47.0,47 m²,1.0,"Zalaegerszeg, Kertváros",2025-08-17,Téglalakás,Felújított,Gázkazán,1991.0,Nem adta meg a hirdető,,,2.0,,,,,,,,
https://www.zenga.hu/ingatlan/elado-panellakas-nyiregyhaza-orokosfold/8653650?page=47&pos=17&cr=55,Nyíregyháza eladó panellakás 1+2 fél szobás: 45 millió Ft,45.0,61.0,61 m²,1.0,"Nyíregyháza, Örökösföld",2025-08-17,Panellakás,Jó állapotú,Távfűtés,,Nem adta meg a hirdető,,,2.0,4 m²,,,,,,,
https://www.zenga.hu/ingatlan/elado-panellakas-budapest-xxi-kerulet/8636476?page=47&pos=18&cr=55,"Budapest XXI. kerület eladó panellakás 1 szobás: 47,9 millió Ft",47.9,37.0,37 m²,1.0,"Budapest XXI. kerület, kossuth 142",2025-08-17,Panellakás,Újszerű,Távfűtés,,Nem adta meg a hirdető,,,10.0,,30 000 Ft/hó,,,,,,
https://www.zenga.hu/ingatlan/elado-panellakas-debrecen-ujkert/8587545?page=47&pos=19&cr=55,"Debrecen eladó panellakás 1+2 fél szobás: 66,5 millió Ft",66.5,70.0,70 m²,1.0,"Debrecen, Újkert, Károlyi Mihály",2025-08-17,Panellakás,Jó állapotú,Távfűtés egyedi méréssel,1981.0,E,,,10.0,"1,5 m²",45 000 Ft/hó,,,,,,
https://www.zenga.hu/ingatlan/elado-teglalakas-szolnok-belvaros/8586797?page=47&pos=20&cr=55,"Szolnok eladó téglalakás 2 szobás: 24,7 millió Ft",24.7,53.0,53 m²,2.0,"Szolnok, Belváros",2025-08-17,Téglalakás,Felújítandó,Gáz (konvektor),1980.0,A+,,Nincs,1.0,4 m²,40 000 Ft/hó,,,,,,
https://www.zenga.hu/ingatlan/elado-teglalakas-budapest-vii-kerulet-ligetvaros/8527739?page=48&pos=1&cr=55,"Budapest VII. kerület eladó téglalakás 1 szobás: 63,9 millió Ft",63.9,47.0,47 m²,1.0,"Budapest VII. kerület, Ligetváros",2025-08-17,Téglalakás,Jó állapotú,,,,,,3.0,,,,,,,,
https://www.zenga.hu/ingatlan/elado-teglalakas-budapest-xviii-kerulet-rendessytelep/8648977?page=48&pos=2&cr=55,,,,,,,2025-08-17,,,,,,,,,,,,,,,,
https://www.zenga.hu/ingatlan/elado-teglalakas-dunaujvaros-belvaros/8634708?page=48&pos=3&cr=55,"Dunaújváros eladó téglalakás 2 szobás: 39,9 millió Ft",39.9,54.0,54 m²,2.0,"Dunaújváros, Belváros, Erkel kert 5",2025-08-17,Téglalakás,Felújított,Házközponti fűtés egyedi méréssel,1952.0,EE (2016-2023-as besorolás),,,4.0,2 m²,25 000 Ft/hó,,,,,,
https://www.zenga.hu/ingatlan/elado-panellakas-szeged-ujrokus/8653684?page=48&pos=4&cr=55,"Szeged eladó panellakás 2 szobás: 51,6 millió Ft",51.6,55.0,55 m²,2.0,"Szeged, Újrókus",2025-08-17,Panellakás,Jó állapotú,Távfűtés,1980.0,F,,,5.0,"3,5 m²",,,,,,,
https://www.zenga.hu/ingatlan/elado-teglalakas-budapest-viii-kerulet-corvin-negyed/8644733?page=48&pos=5&cr=55,"Budapest VIII. kerület eladó téglalakás 1 szobás: 41,9 millió Ft",41.9,26.0,26 m²,1.0,"Budapest VIII. kerület, Corvin negyed",2025-08-17,Téglalakás,Jó állapotú,Gáz (konvektor),,,,,4.0,,,,,,,,
https://www.zenga.hu/ingatlan/elado-tarsashazi-lakas-nyiregyhaza/8601454?page=48&pos=6&cr=55,Eladó 1+2 fél szobás társasházi lakás Nyíregyházán,,,,,,2025-08-17,,,,,,,,,,,,,,,,
https://www.zenga.hu/ingatlan/elado-tarsashazi-lakas-nyiregyhaza/7932623?page=48&pos=7&cr=55,Nyíregyháza eladó társasházi lakás 3 szobás: 44 millió Ft,44.0,85.0,85 m²,3.0,Nyíregyháza,2025-08-17,Társasházi lakás,,,,,,,,,,,,,,,
https://www.zenga.hu/ingatlan/elado-teglalakas-budapest-iii-kerulet-filatorigat/8644739?page=48&pos=8&cr=55,,,,,,,2025-08-17,,,,,,,,,,,,,,,,
https://www.zenga.hu/ingatlan/elado-teglalakas-budapest-xi-kerulet-szentimrevaros/8652989?page=48&pos=10&cr=55,"Budapest XI. kerület eladó téglalakás 2+1 fél szobás: 117,9 millió Ft",117.9,78.0,78 m²,,,2025-08-17,,,,,,,,,,,,,,,,
https://www.zenga.hu/ingatlan/elado-panellakas-pecs/8620698?page=48&pos=11&cr=55,Pécs eladó panellakás 2 szobás: 40 millió Ft,40.0,52.0,52 m²,2.0,Pécs,2025-08-17,Panellakás,Jó állapotú,Távfűtés egyedi méréssel,,A+,,,4.0,2 m²,,,,,,,
https://www.zenga.hu/ingatlan/elado-teglalakas-budapest-ix-kerulet/8610586?page=48&pos=12&cr=55,"Budapest IX. kerület eladó téglalakás 2 szobás: 45,9 millió Ft",45.9,53.0,53 m²,2.0,Budapest IX. kerület,2025-08-17,Téglalakás,Jó állapotú,,,,,,,,,,,,,,
https://www.zenga.hu/ingatlan/elado-panellakas-szekesfehervar-kofem-lakotelep/8636450?page=48&pos=13&cr=55,"Székesfehérvár eladó panellakás 2 szobás: 42,5 millió Ft",42.5,47.0,47 m²,2.0,"Székesfehérvár, Köfém lakótelep",2025-08-17,Panellakás,Jó állapotú,Távfűtés,1970.0,D,,,4.0,,,,,,,,
https://www.zenga.hu/ingatlan/elado-teglalakas-mateszalka/8649084?page=48&pos=14&cr=55,"Mátészalka eladó téglalakás 3 szobás: 42,9 millió Ft",42.9,69.0,69 m²,3.0,"Mátészalka, Széchenyi utca 6",2025-08-17,Téglalakás,Felújított,Gázkazán,2004.0,C,,Nincs,2.0,,,,15 m²,,,,
https://www.zenga.hu/ingatlan/elado-teglalakas-erd-dombosvaros/8545120?page=48&pos=15&cr=55,Érd eladó téglalakás 2+1 fél szobás: 85 millió Ft,,,,,,2025-08-17,,,,,,,,,,,,,,,,
https://www.zenga.hu/ingatlan/elado-tarsashazi-lakas-budapest-xx-kerulet-gubacsipuszta/8643941?page=48&pos=16&cr=55,Budapest XX. kerület eladó társasházi lakás 2+1 fél szobás: 90 millió Ft,90.0,94.0,,,,2025-08-17,,,,,,,,,,,,,,,,
https://www.zenga.hu/ingatlan/elado-csusztatott-zsalus-lakas-budapest-xx-kerulet-pesterzsebet/8637863?page=48&pos=17&cr=55,"Budapest XX. kerület eladó csúsztatott zsalus lakás 1+1 fél szobás: 50,5 millió Ft",50.5,57.0,57 m²,1.0,"Budapest XX. kerület, Pesterzsébet",2025-08-17,Csúsztatott zsalus lakás,Felújítandó,Távfűtés egyedi méréssel,1970.0,F,,Nincs,5.0,6 m²,28 Ft/hó,,,,,,
https://www.zenga.hu/ingatlan/elado-teglalakas-siofok/8561242?page=48&pos=18&cr=55,"Siófok eladó téglalakás 4 szobás: 69,9 millió Ft",69.9,84.0,84 m²,4.0,Siófok,2025-08-17,Téglalakás,Átlagos,Gázkazán,1980.0,Nem adta meg a hirdető,,,,,,,,,,,
https://www.zenga.hu/ingatlan/elado-tarsashazi-lakas-budapest-iii-kerulet-obuda/8647545?page=48&pos=19&cr=55,Budapest III. kerület eladó társasházi lakás 2 szobás: 90 millió Ft,90.0,61.0,61 m²,2.0,"Budapest III. kerület, Óbuda",2025-08-17,Társasházi lakás,Jó állapotú,Gázkazán,1948.0,Nem adta meg a hirdető,,,4.0,3 m²,,,,,,,
https://www.zenga.hu/ingatlan/elado-panellakas-pecs-kertvaros/8588747?page=48&pos=20&cr=55,Pécs eladó panellakás 3 szobás: 43 millió Ft,43.0,63.0,63 m²,3.0,"Pécs, Kertváros, Tildy Zoltán",2025-08-17,Panellakás,Jó állapotú,Távfűtés egyedi méréssel,1980.0,A+,,,10.0,3 m²,,,,,,,
https://www.zenga.hu/ingatlan/elado-teglalakas-budapest-ix-kerulet-kozepso-ferencvaros/8572850?page=49&pos=1&cr=55,"Budapest IX. kerület eladó téglalakás 1+2 fél szobás: 88,8 millió Ft",88.8,52.0,52 m²,1.0,"Budapest IX. kerület, Középső Ferencváros",2025-08-17,Téglalakás,Jó állapotú,Házközponti fűtés egyedi méréssel,2010.0,B,,Nincs,7.0,6 m²,41 000 Ft/hó,,,,,,
https://www.zenga.hu/ingatlan/elado-teglalakas-pecs-belvaros/8637014?page=49&pos=2&cr=55,"Pécs eladó téglalakás 2+1 fél szobás: 58,5 millió Ft",58.5,59.0,59 m²,2.0,"Pécs, Belváros, Nagy Lajos király útja 2.",2025-08-17,Téglalakás,Felújított,Távfűtés egyedi méréssel,,Nem adta meg a hirdető,,,4.0,,,,,,,,
https://www.zenga.hu/ingatlan/elado-panellakas-debrecen-venkert/8342740?page=49&pos=3&cr=55,"Debrecen eladó panellakás 2+2 fél szobás: 59,9 millió Ft",59.9,73.0,73 m²,2.0,"Debrecen, Vénkert, Domokos Lajos utca",2025-08-17,Panellakás,Jó állapotú,Távfűtés egyedi méréssel,,D,,Nincs,4.0,3 m²,,,,,,,
https://www.zenga.hu/ingatlan/elado-panellakas-budapest-ix-kerulet-jozsef-attila-lakotelep/8644713?page=49&pos=4&cr=55,"Budapest IX. kerület eladó panellakás 1+1 fél szobás: 59,9 millió Ft",59.9,35.0,35 m²,1.0,"Budapest IX. kerület, József Attila lakótelep",2025-08-17,Panellakás,Újszerű,Távfűtés egyedi méréssel,,Nem adta meg a hirdető,,Nincs,10.0,,,,,,,,
https://www.zenga.hu/ingatlan/elado-teglalakas-budapest-vii-kerulet-nagykoruton-beluli-terulet/8634932?page=49&pos=5&cr=55,"Budapest VII. kerület eladó téglalakás 2+2 fél szobás: 132,9 millió Ft",132.9,80.0,80 m²,2.0,"Budapest VII. kerület, Belső-Erzsébetváros, Klauzál tér 13",2025-08-17,Téglalakás,Felújított,Gázkazán,1940.0,D,,,2.0,,,,,,,,
https://www.zenga.hu/ingatlan/elado-teglalakas-debrecen/8634801?page=49&pos=6&cr=55,Debrecen eladó téglalakás 1+1 fél szobás: 55 millió Ft,55.0,42.0,42 m²,1.0,Debrecen,2025-08-17,Téglalakás,Jó állapotú,,,,,,2.0,,,,,,,,
https://www.zenga.hu/ingatlan/elado-teglalakas-budapest-vii-kerulet-ligetvaros/8643929?page=49&pos=7&cr=55,"Budapest VII. kerület eladó téglalakás 2 szobás: 89,5 millió Ft",89.5,69.0,69 m²,2.0,"Budapest VII. kerület, Ligetváros, Damjanich Utca 46",2025-08-17,Téglalakás,Felújított,Gázkazán,,A,,,4.0,,25 000 Ft/hó,,,,,,
https://www.zenga.hu/ingatlan/elado-tarsashazi-lakas-budapest-ix-kerulet/8642791?page=49&pos=9&cr=55,Budapest IX. kerület eladó társasházi lakás 1 szobás: 49 millió Ft,49.0,34.0,34 m²,1.0,Budapest IX. kerület,2025-08-17,Társasházi lakás,Átlagos,Távfűtés egyedi méréssel,2005.0,A,,Nincs,6.0,4 m²,27 000 Ft/hó,,,,,,
https://www.zenga.hu/ingatlan/elado-teglalakas-debrecen/8641620?page=49&pos=10&cr=55,Debrecen eladó téglalakás 2 szobás: 59 millió Ft,59.0,48.0,48 m²,2.0,Debrecen,2025-08-17,Téglalakás,Jó állapotú,Gáz (konvektor),,Nem adta meg a hirdető,,,4.0,,,,,,,,
https://www.zenga.hu/ingatlan/elado-panellakas-gyor-kismegyer/8636383?page=49&pos=11&cr=55,"Győr eladó panellakás 3 szobás: 51,5 millió Ft",51.5,64.0,64 m²,3.0,"Győr, Kismegyer",2025-08-17,Panellakás,Felújított,Távfűtés egyedi méréssel,1982.0,A++,,,4.0,3 m²,20 000 Ft/hó,,,,,,
https://www.zenga.hu/ingatlan/elado-tarsashazi-lakas-komarom-csillag-lakotelep/8638038?page=49&pos=12&cr=55,"Komárom eladó társasházi lakás 1 szobás: 39,6 millió Ft",39.6,44.0,44 m²,1.0,"Komárom, Csillag lakótelep",2025-08-17,Társasházi lakás,Felújított,Elektromos,,Nem adta meg a hirdető,,Nincs,3.0,,,,,,,,
https://www.zenga.hu/ingatlan/elado-tarsashazi-lakas-budapest-ix-kerulet-kozepso-ferencvaros/8553446?page=49&pos=13&cr=55,"Budapest IX. kerület eladó társasházi lakás 2+2 fél szobás: 92,9 millió Ft",92.9,80.0,80 m²,2.0,"Budapest IX. kerület, Középső Ferencváros",2025-08-17,Társasházi lakás,Jó állapotú,Házközponti,1983.0,Nem adta meg a hirdető,,,4.0,,60 000 Ft/hó,,6 m²,,,,
https://www.zenga.hu/ingatlan/elado-panellakas-veszprem-jutasi-uti-lakotelep/8552591?page=49&pos=14&cr=55,"Veszprém eladó panellakás 1+3 fél szobás: 44,9 millió Ft",44.9,76.0,76 m²,1.0,"Veszprém, Jutasi úti lakótelep, Haszkovó 16",2025-08-17,Panellakás,Átlagos,Távfűtés egyedi méréssel,1980.0,Nem adta meg a hirdető,,,10.0,4 m²,,,,,,,
https://www.zenga.hu/ingatlan/elado-teglalakas-nyiregyhaza/8636515?page=49&pos=15&cr=55,"Nyíregyháza eladó téglalakás 2 szobás: 36,9 millió Ft",36.9,52.0,52 m²,2.0,"Nyíregyháza, Garibaldi ut 51",2025-08-17,Téglalakás,Jó állapotú,Gáz (konvektor),,A++,,,3.0,,22 000 Ft/hó,,,,,,
https://www.zenga.hu/ingatlan/elado-teglalakas-budapest-vi-kerulet/8589421?page=49&pos=16&cr=55,Budapest VI. kerület eladó téglalakás 1 szobás: 47 millió Ft,47.0,26.0,26 m²,1.0,Budapest VI. kerület,2025-08-17,Téglalakás,Felújított,Elektromos,1920.0,F,,,,,,,,,,,
https://www.zenga.hu/ingatlan/elado-tarsashazi-lakas-budapest-vii-kerulet-nagykoruton-kivuli-terulet/8635907?page=49&pos=17&cr=55,Budapest VII. kerület eladó társasházi lakás 1+1 fél szobás: 44 millió Ft,44.0,24.0,24 m²,1.0,"Budapest VII. kerület, Külső-Erzsébetváros",2025-08-17,Társasházi lakás,Átlagos,Elektromos,1912.0,Nem adta meg a hirdető,,Nincs,4.0,,30 000 Ft/hó,,,,,,
https://www.zenga.hu/ingatlan/elado-teglalakas-nagykanizsa/8635086?page=49&pos=18&cr=55,Nagykanizsa eladó téglalakás 3 szobás: 54 millió Ft,54.0,87.0,87 m²,3.0,Nagykanizsa,2025-08-17,Téglalakás,Felújított,Gázkazán,,Nem adta meg a hirdető,,,2.0,,,,,,,,
https://www.zenga.hu/ingatlan/elado-panellakas-debrecen-tocoskert/8606970?page=49&pos=19&cr=55,"Debrecen eladó panellakás 1+2 fél szobás: 58,9 millió Ft",58.9,61.0,61 m²,1.0,"Debrecen, Tócóskert, Kishegyesi út",2025-08-17,Panellakás,Jó állapotú,Távfűtés,1980.0,C,,,10.0,3 m²,,,,,,,
https://www.zenga.hu/ingatlan/elado-panellakas-miskolc-diosgyor/8631983?page=49&pos=20&cr=55,Miskolc eladó panellakás 2+1 fél szobás: 30 millió Ft,30.0,62.0,62 m²,2.0,"Miskolc, Diósgyőr, Árpád út 56 4/1",2025-08-17,Panellakás,Felújított,Távfűtés egyedi méréssel,,A++,,,10.0,2 m²,,,,,,,
https://www.zenga.hu/ingatlan/elado-teglalakas-kormend-belvaros/8497558?page=50&pos=6&cr=55,"Körmend eladó téglalakás 3+1 fél szobás: 48,9 millió Ft",48.9,80.0,80 m²,3.0,"Körmend, Belváros, Kossuth Lajos utca 2",2025-08-17,Téglalakás,Felújított,Házközponti fűtés egyedi méréssel,1990.0,A+,,Nincs,4.0,6 m²,15 000 Ft/hó,,,,,,
https://www.zenga.hu/ingatlan/elado-teglalakas-sopron/8667978?page=50&pos=7&cr=52,"Sopron eladó téglalakás 3 szobás: 49,9 millió Ft",49.9,56.0,56 m²,3.0,Sopron,2025-08-17,Téglalakás,,Gáz (konvektor),1965.0,Nem adta meg a hirdető,,,,4 m²,,,,,,,
https://www.zenga.hu/ingatlan/elado-panellakas-pecs-kertvaros/8665816?page=50&pos=8&cr=52,"Pécs eladó panellakás 2 szobás: 49,9 millió Ft",49.9,54.0,54 m²,2.0,"Pécs, Kertváros",2025-08-17,Panellakás,Felújított,Távfűtés,1974.0,Nem adta meg a hirdető,,,10.0,4 m²,,,,,,,
https://www.zenga.hu/ingatlan/elado-teglalakas-budapest-iii-kerulet/8626081?page=50&pos=9&cr=52,"Budapest III. kerület eladó téglalakás 1 szobás: 72,5 millió Ft",72.5,46.0,46 m²,,,2025-08-17,,,,,,,,,,,,,,,,
https://www.zenga.hu/ingatlan/elado-panellakas-mosonmagyarovar/8660316?page=50&pos=10&cr=52,"Mosonmagyaróvár eladó panellakás 2 szobás: 42,9 millió Ft",42.9,55.0,55 m²,2.0,Mosonmagyaróvár,2025-08-17,Panellakás,Jó állapotú,Távfűtés egyedi méréssel,1980.0,Nem adta meg a hirdető,,,4.0,4 m²,,,,,,,
https://www.zenga.hu/ingatlan/elado-teglalakas-sopron/8652895?page=50&pos=12&cr=52,"Sopron eladó téglalakás 2 szobás: 49,9 millió Ft",49.9,64.0,64 m²,2.0,Sopron,2025-08-17,Téglalakás,Jó állapotú,Hőszivattyú,1960.0,Nem adta meg a hirdető,,,1.0,,,,,,,,
https://www.zenga.hu/ingatlan/elado-teglalakas-budapest-xvi-kerulet-rakosszentmihaly/8636892?page=50&pos=13&cr=52,Budapest XVI. kerület eladó téglalakás 3 szobás: 105 millió Ft,105.0,71.0,71 m²,3.0,"Budapest XVI. kerület, Rákosszentmihály, Hársfavirág 53",2025-08-17,Téglalakás,Újszerű,,,,,,4.0,,,,,,,,
https://www.zenga.hu/ingatlan/elado-tarsashazi-lakas-budapest-xiv-kerulet/8557424?page=50&pos=14&cr=51,"Budapest XIV. kerület eladó társasházi lakás 3 szobás: 134,74 millió Ft",134.74,96.0,96 m²,3.0,"Budapest XIV. kerület, Nagypolgári lakás, Ilka utca",2025-08-17,Társasházi lakás,Újszerű,Gázkazán,1920.0,Nem adta meg a hirdető,,Nincs,,,,,,,,,
https://www.zenga.hu/ingatlan/elado-tarsashazi-lakas-budapest-xiii-kerulet/8555702?page=50&pos=15&cr=51,"Budapest XIII. kerület eladó társasházi lakás 2+1 fél szobás: 67,5 millió Ft",67.5,55.0,55 m²,2.0,"Budapest XIII. kerület, Rokolya utca közvetlen közelében",2025-08-17,Társasházi lakás,Átlagos,Gázkazán,1950.0,Nem adta meg a hirdető,,Nincs,,,,,,,,,
https://www.zenga.hu/ingatlan/elado-egyeb-lakas-siofok-ezustpart/8514241?page=50&pos=16&cr=51,"Siófok eladó egyéb lakás 2 szobás: 80,14 millió Ft",80.14,55.0,55 m²,2.0,"Siófok, Ezüstpart",2025-08-17,Egyéb lakás,Új építésű,Hőszivattyú,2023.0,Nem adta meg a hirdető,,,,,,,,,,,
https://www.zenga.hu/ingatlan/elado-csusztatott-zsalus-lakas-zalaegerszeg-belvaros/8668043?page=50&pos=17&cr=51,"Zalaegerszeg eladó csúsztatott zsalus lakás 1 szobás: 26,9 millió Ft",26.9,32.0,32 m²,1.0,"Zalaegerszeg, Belváros",2025-08-17,Csúsztatott zsalus lakás,,Házközponti,1975.0,Nem adta meg a hirdető,,,,4 m²,,,,,,,
https://www.zenga.hu/ingatlan/elado-tarsashazi-lakas-budapest-xiv-kerulet/8588060?page=50&pos=18&cr=51,"Budapest XIV. kerület eladó társasházi lakás 1 szobás: 34,9 millió Ft",34.9,29.0,29 m²,1.0,"Budapest XIV. kerület, Kerepesi út",2025-08-17,Társasházi lakás,Átlagos,Gáz (konvektor),1960.0,Nem adta meg a hirdető,,Nincs,,,,,,,,,
https://www.zenga.hu/ingatlan/elado-tarsashazi-lakas-budapest-iii-kerulet/8588669?page=50&pos=19&cr=51,"Budapest III. kerület eladó társasházi lakás 1 szobás: 42,9 millió Ft",42.9,27.0,27 m²,1.0,"Budapest III. kerület, Flórián tér közeli csendes utca",2025-08-17,Társasházi lakás,Újszerű,Elektromos,1980.0,Nem adta meg a hirdető,,Nincs,,,,,,,,,
https://www.zenga.hu/ingatlan/elado-tarsashazi-lakas-budapest-xix-kerulet/8559019?page=50&pos=20&cr=51,Budapest XIX. kerület eladó társasházi lakás 1+2 fél szobás: 54 millió Ft,54.0,53.0,53 m²,1.0,"Budapest XIX. kerület, Felső-Kispest",2025-08-17,Társasházi lakás,Átlagos,Távfűtés,1981.0,Nem adta meg a hirdető,,Nincs,,,,,,,,,
https://www.zenga.hu/ingatlan/elado-teglalakas-budapest-vii-kerulet/8487660?page=51&pos=1&cr=50,"Budapest VII. kerület eladó téglalakás 1 szobás: 54,9 millió Ft",54.9,39.0,39 m²,1.0,Budapest VII. kerület,2025-08-17,Téglalakás,Jó állapotú,Gáz (konvektor),,H,,,3.0,,25 000 Ft/hó,,,,,,
https://www.zenga.hu/ingatlan/elado-teglalakas-szeged-belvaros/8410187?page=51&pos=2&cr=50,Szeged eladó téglalakás 2+1 fél szobás: 53 millió Ft,53.0,70.0,70 m²,2.0,"Szeged, Belváros, Bartók tér",2025-08-17,Téglalakás,Felújítandó,Gáz (konvektor),,I,,,4.0,"1,5 m²",,,,,,,
https://www.zenga.hu/ingatlan/elado-teglalakas-pecs-belvaros/8508991?page=51&pos=3&cr=50,"Pécs eladó téglalakás 1 szobás: 31,5 millió Ft",31.5,33.0,33 m²,1.0,"Pécs, Belváros",2025-08-17,Téglalakás,Jó állapotú,Gáz (konvektor),,Nem adta meg a hirdető,,,3.0,,,,,,,,
https://www.zenga.hu/ingatlan/elado-teglalakas-budapest-vii-kerulet-nagykoruton-beluli-terulet/8622506?page=51&pos=4&cr=50,Budapest VII. kerület eladó téglalakás 3 szobás: 117 millió Ft,117.0,86.0,86 m²,3.0,"Budapest VII. kerület, Belső-Erzsébetváros, Nyár utca",2025-08-17,Téglalakás,Felújított,Egyéb kazán,,Nem adta meg a hirdető,,,2.0,,,,,,,,
https://www.zenga.hu/ingatlan/elado-tarsashazi-lakas-budapest-iii-kerulet-filatorigat/8619600?page=51&pos=5&cr=50,Budapest III. kerület eladó társasházi lakás 3 szobás: 298 millió Ft,298.0,108.0,108 m²,3.0,"Budapest III. kerület, Filatorigát",2025-08-17,Társasházi lakás,Új építésű,Mennyezeti hűtés-fűtés,2025.0,A+++,,,13.0,30 m²,10 000 Ft/hó,,30 m²,,,,
https://www.zenga.hu/ingatlan/elado-teglalakas-balatonlelle/8424239?page=51&pos=7&cr=50,"Eladó 1 szobás téglalakás 58,99 millió Ft értékben Balatonlellén - My Lelle Residence lakóparkban",58.99,37.0,37 m²,1.0,Balatonlelle,2025-08-17,Téglalakás,Új építésű,Padlófűtés,,A,,,3.0,9 m²,,2026. 2. negyedév,11 m²,,,,
https://www.zenga.hu/ingatlan/elado-teglalakas-szeged-rokus/8536191?page=51&pos=8&cr=50,Szeged eladó téglalakás 4 szobás: 87 millió Ft,87.0,98.0,98 m²,4.0,"Szeged, Rókus, Makkoserdő sor",2025-08-17,Téglalakás,Felújított,Gázkazán,1990.0,E,,,3.0,15 m²,10 000 Ft/hó,,,,,,
https://www.zenga.hu/ingatlan/elado-teglalakas-budapest-xiii-kerulet/7930680?page=51&pos=9&cr=50,"Eladó 4 szobás téglalakás 119,65 millió Ft értékben Budapest XIII. kerületben - Kamilla Club House By Astora lakóparkban",119.65,71.0,71 m²,4.0,"Budapest XIII. kerület, Jász utca 48",2025-08-17,Téglalakás,Új építésű,Egyéb,,A++,,,5.0,,,2025. 3. negyedév,"18,4 m²",,,,
https://www.zenga.hu/ingatlan/elado-teglalakas-debrecen-homokkert/8545538?page=51&pos=10&cr=50,Debrecen eladó téglalakás 4+1 fél szobás: 110 millió Ft,110.0,102.0,102 m²,4.0,"Debrecen, Homokkert",2025-08-17,Téglalakás,Újszerű,Hőszivattyú,2019.0,A++,,Van,2.0,,40 000 Ft/hó,,118 m²,,,,
https://www.zenga.hu/ingatlan/elado-teglalakas-szekesfehervar-horvat-istvan-lakotelep/8539726?page=51&pos=11&cr=50,"Székesfehérvár eladó téglalakás 2 szobás: 44,9 millió Ft",44.9,54.0,54 m²,2.0,"Székesfehérvár, Horvát István lakótelep, horvát istván",2025-08-17,Téglalakás,Átlagos,Gáz (konvektor),,Nem adta meg a hirdető,,,4.0,3 m²,,,,,,,
https://www.zenga.hu/ingatlan/elado-teglalakas-szeged-belvaros/8523175?page=51&pos=12&cr=50,"Szeged eladó téglalakás 2+1 fél szobás: 59,9 millió Ft",59.9,54.0,54 m²,2.0,"Szeged, Belváros",2025-08-17,Téglalakás,Jó állapotú,Elektromos,1975.0,I,,,4.0,,30 000 Ft/hó,,,,,,
https://www.zenga.hu/ingatlan/elado-tarsashazi-lakas-balatonlelle/8494651?page=51&pos=13&cr=50,Balatonlelle eladó társasházi lakás 4 szobás: 85 millió Ft,85.0,135.0,135 m²,4.0,Balatonlelle,2025-08-17,Társasházi lakás,Jó állapotú,Nincs fűtés,1998.0,Nem adta meg a hirdető,,,2.0,,,,,,,,
https://www.zenga.hu/ingatlan/elado-teglalakas-budapest-xiii-kerulet-ujlipotvaros/8474891?page=51&pos=14&cr=50,Budapest XIII. kerület eladó téglalakás 2+1 fél szobás: 98 millió Ft,98.0,86.0,86 m²,,,2025-08-17,,,,,,,,,,,,,,,,
https://www.zenga.hu/ingatlan/elado-teglalakas-budapest-ix-kerulet/8460218?page=51&pos=15&cr=50,Budapest IX. kerület eladó téglalakás 2 szobás: 108 millió Ft,108.0,92.0,92 m²,2.0,"Budapest IX. kerület, Lechner Ödön fasor 2",2025-08-17,Téglalakás,Átlagos,Fan coil,,C,,,8.0,,,,50 m²,,,,
https://www.zenga.hu/ingatlan/elado-tarsashazi-lakas-budapest-vii-kerulet-nagykoruton-kivuli-terulet/8460266?page=51&pos=16&cr=50,,,,,,,2025-08-17,,,,,,,,,,,,,,,,
https://www.zenga.hu/ingatlan/elado-teglalakas-balatonlelle/8255572?page=51&pos=17&cr=50,"Eladó 2 szobás téglalakás 59,99 millió Ft értékben Balatonlellén - Napsugár Resorts II ütem lakóparkban",59.99,43.0,43 m²,2.0,Balatonlelle,2025-08-17,Téglalakás,Új építésű,Hőszivattyú,,B,,,3.0,"10,3 m²",,2026. 2. negyedév,,,,,
https://www.zenga.hu/ingatlan/elado-teglalakas-balatonlelle/8255575?page=51&pos=18&cr=50,"Eladó 2 szobás téglalakás 61,99 millió Ft értékben Balatonlellén - Napsugár Resorts II ütem lakóparkban",61.99,43.0,43 m²,2.0,Balatonlelle,2025-08-17,Téglalakás,Új építésű,Hőszivattyú,,B,,,3.0,"10,4 m²",,2026. 2. negyedév,,,,,
https://www.zenga.hu/ingatlan/elado-teglalakas-balatonlelle/8255561?page=51&pos=19&cr=50,"Eladó 2 szobás téglalakás 61,99 millió Ft értékben Balatonlellén - Napsugár Resorts II ütem lakóparkban",61.99,48.0,48 m²,2.0,Balatonlelle,2025-08-17,Téglalakás,Új építésű,Hőszivattyú,,B,,,3.0,,,2026. 2. negyedév,"13,8 m²",,,,
https://www.zenga.hu/ingatlan/elado-teglalakas-budaors/8255290?page=51&pos=20&cr=50,Budaörs eladó téglalakás 3 szobás: 145 millió Ft,145.0,90.0,90 m²,3.0,Budaörs,2025-08-17,Téglalakás,Felújított,Elektromos,,A,,,2.0,,,,18 m²,,,,
https://www.zenga.hu/ingatlan/elado-teglalakas-eger-karolyvaros/8669224?page=52&pos=1&cr=48,Eger eladó téglalakás 2+2 fél szobás: 73 millió Ft,73.0,75.0,75 m²,2.0,"Eger, Károlyváros",2025-08-17,Téglalakás,Átlagos,Gázkazán,2008.0,Nem adta meg a hirdető,,,,,,,,,,,
https://www.zenga.hu/ingatlan/elado-panellakas-pecs/8661976?page=52&pos=2&cr=46,Pécs eladó panellakás 2 szobás: 40 millió Ft,40.0,52.0,52 m²,2.0,"Pécs, Malomvölgyi út",2025-08-17,Panellakás,,,,,,,4.0,,,,,,,,
https://www.zenga.hu/ingatlan/elado-panellakas-pecs-kertvaros/8606906?page=52&pos=3&cr=46,"Pécs eladó panellakás 2 szobás: 37,3 millió Ft",37.3,50.0,50 m²,2.0,"Pécs, Kertváros, Tildy Zoltán",2025-08-17,Panellakás,Jó állapotú,Távfűtés egyedi méréssel,1972.0,Nem adta meg a hirdető,,,4.0,3 m²,,,,,,,
https://www.zenga.hu/ingatlan/elado-panellakas-pecs-egyetemvaros/8653648?page=52&pos=4&cr=46,"Pécs eladó panellakás 2 szobás: 46,9 millió Ft",46.9,47.0,47 m²,2.0,"Pécs, Egyetemváros, Kodály Zoltán",2025-08-17,Panellakás,Felújítandó,Távfűtés egyedi méréssel,1975.0,Nem adta meg a hirdető,,,4.0,,,,,,,,
https://www.zenga.hu/ingatlan/elado-panellakas-pecs-kertvaros/8636433?page=52&pos=5&cr=46,"Pécs eladó panellakás 2 szobás: 37,99 millió Ft",37.99,52.0,52 m²,2.0,"Pécs, Kertváros, Illyés Gyula",2025-08-17,Panellakás,Átlagos,Távfűtés egyedi méréssel,1980.0,Nem adta meg a hirdető,,,4.0,4 m²,,,,,,,
https://www.zenga.hu/ingatlan/elado-teglalakas-kecskemet/8491177?page=52&pos=6&cr=45,Kecskemét eladó téglalakás 1 szobás: 53 millió Ft,53.0,37.0,37 m²,1.0,Kecskemét,2025-08-17,Téglalakás,Új építésű,Házközponti,2025.0,Nem adta meg a hirdető,,,,,,,,,,,
https://www.zenga.hu/ingatlan/elado-teglalakas-miskolc-selyemret/8606015?page=52&pos=7&cr=45,"Miskolc eladó téglalakás 4 szobás: 46,5 millió Ft",46.5,96.0,96 m²,4.0,"Miskolc, Selyemrét",2025-08-17,Téglalakás,Felújított,Gázkazán,2005.0,Nem adta meg a hirdető,,,,,,,,,,,
https://www.zenga.hu/ingatlan/elado-teglalakas-vamosszabadi/8597126?page=52&pos=8&cr=45,"Vámosszabadi eladó téglalakás 2 szobás: 46,9 millió Ft",46.9,41.0,41 m²,2.0,Vámosszabadi,2025-08-17,Téglalakás,Új építésű,Hőszivattyú,2024.0,Nem adta meg a hirdető,,,2.0,19 m²,,,,,,,
https://www.zenga.hu/ingatlan/elado-teglalakas-debrecen-venkert/8470580?page=52&pos=9&cr=45,"Debrecen eladó téglalakás 4 szobás: 69,9 millió Ft",69.9,79.0,79 m²,4.0,"Debrecen, Vénkert",2025-08-17,Téglalakás,Újszerű,,,Nem adta meg a hirdető,,,,,,,,,,,
https://www.zenga.hu/ingatlan/elado-panellakas-pecs-kertvaros/8662041?page=52&pos=11&cr=45,"Pécs eladó panellakás 2 szobás: 42,9 millió Ft",42.9,52.0,52 m²,2.0,"Pécs, Kertváros, Júlia",2025-08-17,Panellakás,,,,,,,,,,,,,,,
https://www.zenga.hu/ingatlan/elado-egyeb-lakas-szombathely/8429672?page=52&pos=13&cr=45,"Szombathely eladó egyéb lakás 3 szobás: 61,9 millió Ft",61.9,70.0,70 m²,3.0,Szombathely,2025-08-17,Egyéb lakás,Felújított,,2024.0,Nem adta meg a hirdető,,,,,,,,,,,
https://www.zenga.hu/ingatlan/elado-teglalakas-torokbalint-tukorhegy/8283445?page=52&pos=14&cr=45,"Törökbálint eladó téglalakás 3 szobás: 156,9 millió Ft",156.9,100.0,100 m²,3.0,"Törökbálint, Tükörhegy, Nádasdy",2025-08-17,Téglalakás,Új építésű,Hőszivattyú,2025.0,A+,,,2.0,,,,49 m²,,,,
https://www.zenga.hu/ingatlan/elado-teglalakas-torokbalint-tukorhegy/8283458?page=52&pos=15&cr=45,"Törökbálint eladó téglalakás 3 szobás: 146,9 millió Ft",146.9,91.0,91 m²,3.0,"Törökbálint, Tükörhegy, Nádasdy",2025-08-17,Téglalakás,Új építésű,Hőszivattyú,2025.0,A+,,,2.0,,,,35 m²,,,,
https://www.zenga.hu/ingatlan/elado-teglalakas-mosonmagyarovar/8547294?page=52&pos=16&cr=45,Mosonmagyaróvár eladó téglalakás 2 szobás: 36 millió Ft,36.0,56.0,56 m²,2.0,Mosonmagyaróvár,2025-08-17,Téglalakás,Átlagos,Gázkazán,,Nem adta meg a hirdető,,,2.0,,,,,,,,
https://www.zenga.hu/ingatlan/elado-teglalakas-mosonmagyarovar/8547222?page=52&pos=17&cr=45,"Mosonmagyaróvár eladó téglalakás 3 szobás: 41,9 millió Ft",41.9,60.0,60 m²,3.0,Mosonmagyaróvár,2025-08-17,Téglalakás,Felújítandó,Gázkazán,,Nem adta meg a hirdető,,,2.0,,,,,,,,
https://www.zenga.hu/ingatlan/elado-teglalakas-szeged-felsovaros/8386401?page=52&pos=18&cr=45,Szeged eladó téglalakás 1 szobás: 27 millió Ft,27.0,34.0,34 m²,1.0,"Szeged, Felsőváros",2025-08-17,Téglalakás,Átlagos,Gáz (héra),1930.0,Nem adta meg a hirdető,,Nincs,2.0,4 m²,,,,,,,
https://www.zenga.hu/ingatlan/elado-panellakas-bekescsaba/8657153?page=52&pos=20&cr=44,"Békéscsaba eladó panellakás 2 szobás: 23,9 millió Ft",23.9,57.0,57 m²,2.0,"Békéscsaba, belterület",2025-08-17,Panellakás,Felújítandó,Gázkazán,1982.0,,,,1.0,,,,,,,,
https://www.zenga.hu/ingatlan/elado-teglalakas-budapest-v-kerulet/8656693?page=53&pos=1&cr=42,Budapest V. kerület eladó téglalakás 1 szobás: 66 millió Ft,66.0,33.0,33 m²,1.0,Budapest V. kerület,2025-08-17,Téglalakás,Jó állapotú,Gázkazán,1920.0,Nem adta meg a hirdető,,,,,,,,,,,
https://www.zenga.hu/ingatlan/elado-teglalakas-budapest-xiv-kerulet/8667889?page=53&pos=2&cr=42,"Budapest XIV. kerület eladó téglalakás 4 szobás: 134,2 millió Ft",,,,,,2025-08-17,,,,,,,,,,,,,,,,
https://www.zenga.hu/ingatlan/elado-teglalakas-siofok-belvaros/8469223?page=53&pos=3&cr=42,"Eladó 2 szobás téglalakás 71,5 millió Ft értékben Siófokon - Siófok belvárosi projekt lakóparkban",71.5,48.0,48 m²,,,2025-08-17,,,,,,,,,,,,,,,,
https://www.zenga.hu/ingatlan/elado-teglalakas-budapest-xiv-kerulet/8667890?page=53&pos=4&cr=42,"Budapest XIV. kerület eladó téglalakás 4 szobás: 126,5 millió Ft",126.5,72.0,72 m²,4.0,Budapest XIV. kerület,2025-08-17,Téglalakás,Új építésű,Hőszivattyú,2025.0,Nem adta meg a hirdető,,,,,,,,,,,
https://www.zenga.hu/ingatlan/elado-teglalakas-budapest-xiv-kerulet/8667891?page=53&pos=5&cr=42,"Budapest XIV. kerület eladó téglalakás 3 szobás: 108,9 millió Ft",108.9,65.0,65 m²,3.0,Budapest XIV. kerület,2025-08-17,Téglalakás,Új építésű,Hőszivattyú,2025.0,Nem adta meg a hirdető,,,,,,,,,,,
https://www.zenga.hu/ingatlan/elado-csusztatott-zsalus-lakas-budapest-viii-kerulet/8606002?page=53&pos=6&cr=42,Budapest VIII. kerület eladó csúsztatott zsalus lakás 1 szobás: 69 millió Ft,,,,,,2025-08-17,,,,,,,,,,,,,,,,
https://www.zenga.hu/ingatlan/elado-teglalakas-budapest-vi-kerulet/8659466?page=53&pos=7&cr=42,"Budapest VI. kerület eladó téglalakás 3 szobás: 114,9 millió Ft",114.9,93.0,93 m²,3.0,Budapest VI. kerület,2025-08-17,Téglalakás,Felújított,Gázkazán,1901.0,Nem adta meg a hirdető,,,,,,,,,,,
https://www.zenga.hu/ingatlan/elado-teglalakas-budapest-vi-kerulet/8659481?page=53&pos=8&cr=42,"Budapest VI. kerület eladó téglalakás 2 szobás: 79,5 millió Ft",79.5,56.0,56 m²,2.0,Budapest VI. kerület,2025-08-17,Téglalakás,Átlagos,Gáz (héra),1925.0,Nem adta meg a hirdető,,,,,,,,,,,
https://www.zenga.hu/ingatlan/elado-teglalakas-budapest-vi-kerulet/8659461?page=53&pos=9&cr=42,,,,,,,2025-08-17,,,,,,,,,,,,,,,,
https://www.zenga.hu/ingatlan/elado-teglalakas-budapest-vi-kerulet/8659477?page=53&pos=10&cr=42,Budapest VI. kerület eladó téglalakás 2 szobás: 93 millió Ft,93.0,89.0,89 m²,2.0,Budapest VI. kerület,2025-08-17,Téglalakás,Jó állapotú,Gáz (konvektor),1900.0,Nem adta meg a hirdető,,,,,,,,,,,
https://www.zenga.hu/ingatlan/elado-teglalakas-budapest-vi-kerulet/8659472?page=53&pos=11&cr=42,"Budapest VI. kerület eladó téglalakás 3 szobás: 103,5 millió Ft",103.5,72.0,72 m²,3.0,Budapest VI. kerület,2025-08-17,Téglalakás,Felújított,Nincs fűtés,1900.0,Nem adta meg a hirdető,,,,,,,,,,,
https://www.zenga.hu/ingatlan/elado-teglalakas-budapest-vi-kerulet/8659479?page=53&pos=12&cr=42,"Budapest VI. kerület eladó téglalakás 3 szobás: 99,9 millió Ft",99.9,78.0,78 m²,3.0,Budapest VI. kerület,2025-08-17,Téglalakás,Jó állapotú,Gázkazán,2006.0,Nem adta meg a hirdető,,,,,,,,,,,
https://www.zenga.hu/ingatlan/elado-teglalakas-budapest-vi-kerulet/8659480?page=53&pos=13&cr=42,"Budapest VI. kerület eladó téglalakás 2 szobás: 47,5 millió Ft",47.5,46.0,46 m²,2.0,Budapest VI. kerület,2025-08-17,Téglalakás,Jó állapotú,Gázkazán,1887.0,Nem adta meg a hirdető,,,,,,,,,,,
https://www.zenga.hu/ingatlan/elado-teglalakas-budapest-vi-kerulet/8659476?page=53&pos=14&cr=42,"Budapest VI. kerület eladó téglalakás 2 szobás: 79,9 millió Ft",79.9,59.0,59 m²,2.0,Budapest VI. kerület,2025-08-17,Téglalakás,Felújított,Gázkazán,2006.0,Nem adta meg a hirdető,,,,,,,,,,,
https://www.zenga.hu/ingatlan/elado-teglalakas-budapest-vi-kerulet/8659473?page=53&pos=16&cr=42,"Budapest VI. kerület eladó téglalakás 3 szobás: 78,9 millió Ft",78.9,57.0,57 m²,3.0,Budapest VI. kerület,2025-08-17,Téglalakás,Felújított,Elektromos,1930.0,Nem adta meg a hirdető,,,,,,,,,,,
https://www.zenga.hu/ingatlan/elado-panellakas-pecs-kertvaros/8636399?page=53&pos=17&cr=42,"Pécs eladó panellakás 3 szobás: 49,9 millió Ft",49.9,64.0,64 m²,3.0,"Pécs, Kertváros",2025-08-17,Panellakás,Jó állapotú,Távfűtés egyedi méréssel,1980.0,Nem adta meg a hirdető,,,10.0,4 m²,,,,,,,
https://www.zenga.hu/ingatlan/elado-teglalakas-budapest-xv-kerulet/8506177?page=53&pos=18&cr=42,Budapest XV. kerület eladó téglalakás 2 szobás: 81 millió Ft,81.0,89.0,89 m²,2.0,Budapest XV. kerület,2025-08-17,Téglalakás,Felújított,Gázkazán,1988.0,,,,1.0,,,,"11,5 m²",,,,
https://www.zenga.hu/ingatlan/elado-csusztatott-zsalus-lakas-budapest-xxii-kerulet-nagyteteny/8588832?page=53&pos=19&cr=41,,,,,,,2025-08-17,,,,,,,,,,,,,,,,
https://www.zenga.hu/ingatlan/elado-teglalakas-budapest-xiv-kerulet/8667888?page=53&pos=20&cr=41,"Budapest XIV. kerület eladó téglalakás 4 szobás: 125,8 millió Ft",125.8,72.0,72 m²,4.0,Budapest XIV. kerület,2025-08-17,Téglalakás,Új építésű,Hőszivattyú,2025.0,Nem adta meg a hirdető,,,,,,,,,,,
https://www.zenga.hu/ingatlan/elado-teglalakas-szeged-moravaros/8444662?page=54&pos=1&cr=41,"Szeged eladó téglalakás 4+3 fél szobás: 86,9 millió Ft",86.9,84.0,84 m²,4.0,"Szeged, Móraváros",2025-08-17,Téglalakás,Felújított,Gázkazán,,,,,,,,,,,,,
https://www.zenga.hu/ingatlan/elado-teglalakas-budapest-xix-kerulet/8665494?page=54&pos=2&cr=41,"Budapest XIX. kerület eladó téglalakás 3+1 fél szobás: 77,9 millió Ft",77.9,92.0,92 m²,3.0,Budapest XIX. kerület,2025-08-17,Téglalakás,Felújított,Elektromos,1970.0,Nem adta meg a hirdető,,,1.0,,,,,,,,
https://www.zenga.hu/ingatlan/elado-teglalakas-budapest-viii-kerulet-corvin-negyed/8642445?page=54&pos=3&cr=41,"Budapest VIII. kerület eladó téglalakás 2 szobás: 69,9 millió Ft",69.9,46.0,46 m²,2.0,"Budapest VIII. kerület, Corvin negyed",2025-08-17,Téglalakás,Átlagos,Gázkazán,1912.0,Nem adta meg a hirdető,,,3.0,,,,,,,,
https://www.zenga.hu/ingatlan/elado-teglalakas-budapest-xiii-kerulet-angyalfold/8606798?page=54&pos=4&cr=41,"Budapest XIII. kerület eladó téglalakás 2 szobás: 69,9 millió Ft",69.9,58.0,58 m²,2.0,"Budapest XIII. kerület, Angyalföld",2025-08-17,Téglalakás,Felújított,,,Nem adta meg a hirdető,,,,,,,,,,,
https://www.zenga.hu/ingatlan/elado-panellakas-miskolc/8612102?page=54&pos=5&cr=41,"Miskolc eladó panellakás 2+1 fél szobás: 28,99 millió Ft",28.99,61.0,61 m²,2.0,Miskolc,2025-08-17,Panellakás,Átlagos,Távfűtés,1975.0,Nem adta meg a hirdető,,,,,,,,,,,
https://www.zenga.hu/ingatlan/elado-teglalakas-nyiregyhaza/8594829?page=54&pos=6&cr=41,"Nyíregyháza eladó téglalakás 1+1 fél szobás: 67,9 millió Ft",67.9,64.0,64 m²,1.0,Nyíregyháza,2025-08-17,Téglalakás,Újszerű,Gázkazán,2019.0,Nem adta meg a hirdető,,,,,,,,,,,
https://www.zenga.hu/ingatlan/elado-tarsashazi-lakas-debrecen-nagyerdopark/8384751?page=54&pos=7&cr=41,Debrecen eladó társasházi lakás 3 szobás: 85 millió Ft,85.0,90.0,90 m²,3.0,"Debrecen, Nagyerdő",2025-08-17,Társasházi lakás,Felújított,Gázkazán,,B,,,2.0,10 m²,,,,,,,
https://www.zenga.hu/ingatlan/elado-teglalakas-budapest-viii-kerulet/8642450?page=54&pos=8&cr=41,"Budapest VIII. kerület eladó téglalakás 2 szobás: 69,9 millió Ft",69.9,51.0,51 m²,2.0,Budapest VIII. kerület,2025-08-17,Téglalakás,Átlagos,Gáz (konvektor),1920.0,Nem adta meg a hirdető,,,4.0,,,,,,,,
https://www.zenga.hu/ingatlan/elado-panellakas-szazhalombatta-deli-lakotelep/8669509?page=54&pos=9&cr=40,"Százhalombatta eladó panellakás 1+1 fél szobás: 39,9 millió Ft",39.9,47.0,47 m²,1.0,"Százhalombatta, Déli lakótelep",2025-08-17,Panellakás,Átlagos,Távfűtés,1992.0,Nem adta meg a hirdető,,,,,,,,,,,
https://www.zenga.hu/ingatlan/elado-csusztatott-zsalus-lakas-ecser/8669269?page=54&pos=10&cr=40,"Ecser eladó csúsztatott zsalus lakás 2 szobás: 40,32 millió Ft",40.32,56.0,56 m²,2.0,"Ecser, Arany János utca",2025-08-17,,,,,,,,,,,,,,,,
https://www.zenga.hu/ingatlan/elado-teglalakas-halasztelek/8668606?page=54&pos=11&cr=40,"Halásztelek eladó téglalakás 2 szobás: 52,5 millió Ft",52.5,60.0,60 m²,2.0,Halásztelek,2025-08-17,Téglalakás,Jó állapotú,Gázkazán,1980.0,Nem adta meg a hirdető,,,4.0,"3,6 m²",,,,,,,
https://www.zenga.hu/ingatlan/elado-panellakas-god/8669278?page=54&pos=12&cr=40,"Göd eladó panellakás 3 szobás: 64,9 millió Ft",64.9,63.0,63 m²,3.0,Göd,2025-08-17,Panellakás,,Gázkazán,1980.0,Nem adta meg a hirdető,,,,,,,,,,,
https://www.zenga.hu/ingatlan/elado-teglalakas-galgamacsa/8658096?page=54&pos=13&cr=40,"Galgamácsa eladó téglalakás 2 szobás: 39,9 millió Ft",39.9,48.0,48 m²,2.0,Galgamácsa,2025-08-17,Téglalakás,,Házközponti,1996.0,Nem adta meg a hirdető,,,,,,,,,,,
https://www.zenga.hu/ingatlan/elado-teglalakas-godollo-kertvaros/8658089?page=54&pos=14&cr=40,"Gödöllő eladó téglalakás 2 szobás: 69,9 millió Ft",69.9,55.0,55 m²,2.0,"Gödöllő, Kertváros, Knézich Károly utca",2025-08-17,Téglalakás,Új építésű,Gázkazán,1990.0,Nem adta meg a hirdető,,,,,,,,,,,
https://www.zenga.hu/ingatlan/elado-teglalakas-dunakeszi/8661148?page=54&pos=15&cr=40,Dunakeszi eladó téglalakás 2 szobás: 65 millió Ft,65.0,51.0,51 m²,2.0,Dunakeszi,2025-08-17,Téglalakás,,Gázkazán,2008.0,Nem adta meg a hirdető,,,,,,,,,,,
https://www.zenga.hu/ingatlan/elado-panellakas-ozd/8433724?page=54&pos=16&cr=40,"Ózd eladó panellakás 2 szobás: 7,25 millió Ft",7.25,35.0,35 m²,2.0,Ózd,2025-08-17,Panellakás,,Távfűtés,1980.0,Nem adta meg a hirdető,,,,,,,,,,,
https://www.zenga.hu/ingatlan/elado-teglalakas-eger-belvaros/8359860?page=54&pos=17&cr=40,"Eger eladó téglalakás 2 szobás: 44,5 millió Ft",44.5,48.0,48 m²,2.0,"Eger, Belváros",2025-08-17,Téglalakás,,Gáz (konvektor),1965.0,Nem adta meg a hirdető,,,,,,,,,,,
https://www.zenga.hu/ingatlan/elado-panellakas-szazhalombatta-deli-lakotelep/8668014?page=54&pos=18&cr=40,"Százhalombatta eladó panellakás 3 szobás: 61,9 millió Ft",61.9,65.0,65 m²,3.0,"Százhalombatta, Déli lakótelep",2025-08-17,Panellakás,,Távfűtés egyedi méréssel,1986.0,Nem adta meg a hirdető,,,,4 m²,,,,,,,
https://www.zenga.hu/ingatlan/elado-teglalakas-ozd-bolyok/7332315?page=54&pos=19&cr=40,"Ózd eladó téglalakás 2 szobás: 9,99 millió Ft",9.99,58.0,58 m²,2.0,"Ózd, Bolyok",2025-08-17,Téglalakás,,Távfűtés,1970.0,Nem adta meg a hirdető,,,,,,,,,,,
https://www.zenga.hu/ingatlan/elado-csusztatott-zsalus-lakas-nagykata/8668484?page=54&pos=20&cr=40,"Nagykáta eladó csúsztatott zsalus lakás 3 szobás: 52,9 millió Ft",52.9,58.0,58 m²,3.0,"Nagykáta, Belváros",2025-08-17,Csúsztatott zsalus lakás,Átlagos,Házközponti,1980.0,Nem adta meg a hirdető,,,,5 m²,,,,,,,
https://www.zenga.hu/ingatlan/elado-teglalakas-vac/8664166?page=55&pos=1&cr=40,"Vác eladó téglalakás 2 szobás: 52,9 millió Ft",52.9,56.0,56 m²,2.0,Vác,2025-08-17,Téglalakás,,Gáz (konvektor),1971.0,Nem adta meg a hirdető,,,,,,,,,,,
https://www.zenga.hu/ingatlan/elado-teglalakas-eger-hajduhegy/8393572?page=55&pos=4&cr=40,Eger eladó téglalakás 3 szobás: 46 millió Ft,46.0,52.0,52 m²,3.0,"Eger, Hajdúhegy",2025-08-17,Téglalakás,,Gázkazán,2007.0,Nem adta meg a hirdető,,,,,,,,,,,
https://www.zenga.hu/ingatlan/elado-teglalakas-ozd/8402745?page=55&pos=5&cr=40,Ózd eladó téglalakás 2 szobás: 16 millió Ft,16.0,107.0,107 m²,2.0,Ózd,2025-08-17,Téglalakás,,Távfűtés,1950.0,Nem adta meg a hirdető,,,,,,,,,,,
https://www.zenga.hu/ingatlan/elado-teglalakas-vac/8585099?page=55&pos=6&cr=40,"Vác eladó téglalakás 3 szobás: 77,6 millió Ft",77.6,54.0,54 m²,3.0,Vác,2025-08-17,Téglalakás,Új építésű,Hőszivattyú,2025.0,Nem adta meg a hirdető,,,,,,,"23,8 m²",,,,
https://www.zenga.hu/ingatlan/elado-teglalakas-siklos/8571949?page=55&pos=7&cr=40,"Siklós eladó téglalakás 2 szobás: 24,9 millió Ft",24.9,45.0,45 m²,2.0,"Siklós, Felszabadulás utca",2025-08-17,Téglalakás,,Gázkazán,2002.0,Nem adta meg a hirdető,,,,,,,,,,,
https://www.zenga.hu/ingatlan/elado-teglalakas-budapest-xiii-kerulet-angyalfold/7997552?page=55&pos=8&cr=40,Budapest XIII. kerület eladó téglalakás 5 szobás: 100 millió Ft,100.0,126.0,126 m²,5.0,"Budapest XIII. kerület, Angyalföld",2025-08-17,Téglalakás,,Gázkazán,1998.0,Nem adta meg a hirdető,,,,,,,,,,,
https://www.zenga.hu/ingatlan/elado-teglalakas-ozd/7330506?page=55&pos=9&cr=40,"Ózd eladó téglalakás 2 szobás: 10,4 millió Ft",10.4,48.0,48 m²,2.0,Ózd,2025-08-17,Téglalakás,,Gáz (konvektor),1960.0,Nem adta meg a hirdető,,,,,,,,,,,
https://www.zenga.hu/ingatlan/elado-teglalakas-budapest-vi-kerulet-nagykoruton-beluli-terulet/8665872?page=55&pos=10&cr=40,Budapest VI. kerület eladó téglalakás 3 szobás: 149 millió Ft,149.0,100.0,100 m²,3.0,"Budapest VI. kerület, Nagykörúton belüli terület",2025-08-17,Téglalakás,Jó állapotú,Gázkazán,1886.0,Nem adta meg a hirdető,,,,,,,,,,,
https://www.zenga.hu/ingatlan/elado-teglalakas-budapest-i-kerulet/8579854?page=55&pos=11&cr=40,Budapest I. kerület eladó téglalakás 2+1 fél szobás: 119 millió Ft,,,,,,2025-08-17,,,,,,,,,,,,,,,,
https://www.zenga.hu/ingatlan/elado-teglalakas-kapuvar/8662497?page=55&pos=13&cr=40,"Kapuvár eladó téglalakás 2 szobás: 49,9 millió Ft",49.9,57.0,57 m²,2.0,Kapuvár,2025-08-17,Téglalakás,Felújított,Gázkazán,2005.0,Nem adta meg a hirdető,,,4.0,5 m²,,,,,,,
https://www.zenga.hu/ingatlan/elado-panellakas-budaors/8661709?page=55&pos=14&cr=40,,,,,,,2025-08-17,,,,,,,,,,,,,,,,
https://www.zenga.hu/ingatlan/elado-teglalakas-pomaz/8665085?page=55&pos=15&cr=40,Pomáz eladó téglalakás 4+1 fél szobás: 68 millió Ft,68.0,222.0,222 m²,4.0,"Pomáz, Ősz utca",2025-08-17,Téglalakás,,Nincs fűtés,1990.0,Nem adta meg a hirdető,,,3.0,20 m²,,,,,,,
https://www.zenga.hu/ingatlan/elado-teglalakas-zalaegerszeg-belvaros/8233951?page=55&pos=16&cr=40,"Zalaegerszeg eladó téglalakás 4 szobás: 89,9 millió Ft",89.9,94.0,94 m²,4.0,"Zalaegerszeg, Belváros",2025-08-17,Téglalakás,Újszerű,Házközponti fűtés egyedi méréssel,2019.0,Nem adta meg a hirdető,,,3.0,8 m²,,,,,,,
https://www.zenga.hu/ingatlan/elado-teglalakas-pilisszentivan/8653926?page=55&pos=17&cr=40,Pilisszentiván eladó téglalakás 4 szobás: 120 millió Ft,120.0,125.0,125 m²,4.0,"Pilisszentiván, Slötyi tó környezete",2025-08-17,Téglalakás,Átlagos,Gázkazán,1997.0,Nem adta meg a hirdető,,,,8 m²,,,,,,,
https://www.zenga.hu/ingatlan/elado-teglalakas-budapest-xii-kerulet/8636331?page=55&pos=18&cr=40,"Budapest XII. kerület eladó téglalakás 2 szobás: 72,9 millió Ft",72.9,54.0,54 m²,2.0,"Budapest XII. kerület, Greguss utca",2025-08-17,Téglalakás,Jó állapotú,Egyéb,,Nem adta meg a hirdető,,,4.0,,,,,,,,
https://www.zenga.hu/ingatlan/elado-teglalakas-pilisszentivan/8653924?page=55&pos=19&cr=40,Pilisszentiván eladó téglalakás 8 szobás: 220 millió Ft,220.0,250.0,250 m²,8.0,"Pilisszentiván, Slötyi tó környezete",2025-08-17,Téglalakás,Átlagos,Gázkazán,1997.0,Nem adta meg a hirdető,,,2.0,,,,,,,,
https://www.zenga.hu/ingatlan/elado-teglalakas-pilisszentivan/8653920?page=55&pos=20&cr=40,Pilisszentiván eladó téglalakás 4 szobás: 105 millió Ft,105.0,125.0,125 m²,4.0,"Pilisszentiván, Slötyi tó környezete",2025-08-17,Téglalakás,Átlagos,Gázkazán,1997.0,Nem adta meg a hirdető,,,1.0,10 m²,,,,,,,
https://www.zenga.hu/ingatlan/elado-panellakas-budapest-xviii-kerulet/8642174?page=56&pos=1&cr=40,"Budapest XVIII. kerület eladó panellakás 3 szobás: 58,9 millió Ft",58.9,60.0,60 m²,3.0,Budapest XVIII. kerület,2025-08-17,Panellakás,Jó állapotú,Távfűtés egyedi méréssel,1985.0,Nem adta meg a hirdető,,,,,,,,,,,
https://www.zenga.hu/ingatlan/elado-teglalakas-pilisszentivan/8653925?page=56&pos=2&cr=40,Pilisszentiván eladó téglalakás 4 szobás: 90 millió Ft,90.0,100.0,100 m²,4.0,"Pilisszentiván, Slötyi tó környezete",2025-08-17,Téglalakás,Átlagos,Gázkazán,1997.0,Nem adta meg a hirdető,,,1.0,,,,,,,,
https://www.zenga.hu/ingatlan/elado-teglalakas-budapest-xx-kerulet/8654930?page=56&pos=3&cr=40,,,,,,,2025-08-17,,,,,,,,,,,,,,,,
https://www.zenga.hu/ingatlan/elado-teglalakas-budapest-xix-kerulet/8642178?page=56&pos=4&cr=40,,,,,,,2025-08-17,,,,,,,,,,,,,,,,
https://www.zenga.hu/ingatlan/elado-teglalakas-budapest-xiii-kerulet-loportardulo/8662387?page=56&pos=5&cr=40,Budapest XIII. kerület eladó téglalakás 4 szobás: 145 millió Ft,145.0,89.0,89 m²,4.0,"Budapest XIII. kerület, Lőportárdűlő",2025-08-17,Téglalakás,Felújított,Házközponti fűtés egyedi méréssel,2022.0,Nem adta meg a hirdető,,,7.0,,,,,,,,
https://www.zenga.hu/ingatlan/elado-teglalakas-budapest-vi-kerulet/8544074?page=56&pos=6&cr=40,Budapest VI. kerület eladó téglalakás 3 szobás: 199 millió Ft,199.0,80.0,80 m²,3.0,Budapest VI. kerület,2025-08-17,Téglalakás,,,1950.0,Nem adta meg a hirdető,,,5.0,,,,,,,,
https://www.zenga.hu/ingatlan/elado-teglalakas-debrecen-faloger/8661554?page=56&pos=7&cr=40,"Debrecen eladó téglalakás 3 szobás: 72,9 millió Ft",72.9,67.0,67 m²,3.0,"Debrecen, Falóger, Kolónia u.",2025-08-17,Téglalakás,Felújított,Gázkazán,1997.0,,,,2.0,8 m²,,,4 m²,,,,
https://www.zenga.hu/ingatlan/elado-panellakas-miskolc-vologda/8661311?page=56&pos=8&cr=40,"Miskolc eladó panellakás 3 szobás: 41,9 millió Ft",41.9,64.0,64 m²,3.0,"Miskolc, Vologda, Mátyás király utca",2025-08-17,Panellakás,Átlagos,Távfűtés egyedi méréssel,1979.0,B,,,10.0,,,,,,,,
https://www.zenga.hu/ingatlan/elado-teglalakas-cegled/8654393?page=56&pos=9&cr=40,"Cegléd eladó téglalakás 2 szobás: 59,9 millió Ft",59.9,50.0,50 m²,2.0,"Cegléd, Damjanich utca",2025-08-17,Téglalakás,Újszerű,Gázkazán,1980.0,Nem adta meg a hirdető,,,1.0,,,,,,,,
https://www.zenga.hu/ingatlan/elado-panellakas-miskolc/8610197?page=56&pos=10&cr=40,"Miskolc eladó panellakás 1+2 fél szobás: 29,5 millió Ft",29.5,55.0,55 m²,1.0,Miskolc,2025-08-17,Panellakás,Felújított,Távfűtés,1980.0,Nem adta meg a hirdető,,,,,,,,,,,
https://www.zenga.hu/ingatlan/elado-teglalakas-szigetszentmiklos/8655427?page=56&pos=11&cr=40,"Szigetszentmiklós eladó téglalakás 4 szobás: 65,9 millió Ft",65.9,72.0,72 m²,4.0,Szigetszentmiklós,2025-08-17,Téglalakás,Jó állapotú,Gázkazán,2005.0,Nem adta meg a hirdető,,,3.0,"3,4 m²",,,,,,,
https://www.zenga.hu/ingatlan/elado-teglalakas-budapest-vii-kerulet/8654504?page=56&pos=13&cr=40,Budapest VII. kerület eladó téglalakás 3 szobás: 110 millió Ft,110.0,85.0,85 m²,3.0,Budapest VII. kerület,2025-08-17,Téglalakás,Felújított,Gáz (konvektor),,,,,,,,,,,,,
https://www.zenga.hu/ingatlan/elado-teglalakas-monor/8655178?page=56&pos=14&cr=40,"Monor eladó téglalakás 2+1 fél szobás: 59,9 millió Ft",59.9,65.0,65 m²,2.0,"Monor, Lakótelep",2025-08-17,Téglalakás,Átlagos,Gáz (konvektor),1980.0,Nem adta meg a hirdető,,,,10 m²,,,,,,,
https://www.zenga.hu/ingatlan/elado-teglalakas-kecskemet/8512827?page=56&pos=15&cr=40,"Kecskemét eladó téglalakás 2 szobás: 35,99 millió Ft",35.99,49.0,49 m²,2.0,Kecskemét,2025-08-17,Téglalakás,Jó állapotú,Távfűtés egyedi méréssel,1970.0,Nem adta meg a hirdető,,,,,,,,,,,
https://www.zenga.hu/ingatlan/elado-teglalakas-nyiregyhaza/8653108?page=56&pos=17&cr=40,Nyíregyháza eladó téglalakás 4 szobás: 65 millió Ft,65.0,120.0,120 m²,4.0,"Nyíregyháza, benczúr gyula tér",2025-08-17,Téglalakás,Átlagos,Gázkazán,1990.0,Nem adta meg a hirdető,,,2.0,6 m²,,,,,,,
https://www.zenga.hu/ingatlan/elado-egyeb-lakas-eger/8517668?page=56&pos=19&cr=40,"Eger eladó egyéb lakás 2 szobás: 47,9 millió Ft",47.9,49.0,49 m²,2.0,Eger,2025-08-17,Egyéb lakás,Átlagos,Gázkazán,1930.0,Nem adta meg a hirdető,,,,,,,,,,,
https://www.zenga.hu/ingatlan/elado-teglalakas-miskolc-belvaros/8399374?page=56&pos=20&cr=40,"Miskolc eladó téglalakás 1+1 fél szobás: 35,9 millió Ft",35.9,34.0,34 m²,1.0,"Miskolc, Belváros",2025-08-17,Téglalakás,Újszerű,,,B,,,5.0,,,,,,,,
https://www.zenga.hu/ingatlan/elado-teglalakas-budapest-xi-kerulet-sasad-sashegy-xi-ker/8619241?page=57&pos=2&cr=40,,,,,,,2025-08-17,,,,,,,,,,,,,,,,
https://www.zenga.hu/ingatlan/elado-panellakas-kiskunfelegyhaza-petofi-lakotelep/8580150?page=57&pos=3&cr=40,"Kiskunfélegyháza eladó panellakás 2 szobás: 26,49 millió Ft",26.49,50.0,50 m²,2.0,"Kiskunfélegyháza, Petőfi-lakótelep",2025-08-17,Panellakás,Jó állapotú,Távfűtés egyedi méréssel,,Nem adta meg a hirdető,,,10.0,,,,,,,,
https://www.zenga.hu/ingatlan/elado-teglalakas-mezokovesd/8619239?page=57&pos=5&cr=40,"Mezőkövesd eladó téglalakás 2 szobás: 21,9 millió Ft",21.9,56.0,56 m²,2.0,Mezőkövesd,2025-08-17,Téglalakás,Átlagos,Gázkazán,,D,,,3.0,4 m²,,,,,,,
https://www.zenga.hu/ingatlan/elado-teglalakas-letavertes/8615149?page=57&pos=6&cr=40,Létavértes eladó téglalakás 3 szobás: 40 millió Ft,40.0,70.0,70 m²,3.0,"Létavértes, baross",2025-08-17,Téglalakás,Újszerű,Gázkazán,2000.0,Nem adta meg a hirdető,,,3.0,4 m²,,,,,,,
https://www.zenga.hu/ingatlan/elado-panellakas-kiskunfelegyhaza-petofi-lakotelep/8560738?page=57&pos=7&cr=40,"Kiskunfélegyháza eladó panellakás 2 szobás: 29,8 millió Ft",29.8,55.0,55 m²,2.0,"Kiskunfélegyháza, Petőfi-lakótelep",2025-08-17,Panellakás,Átlagos,Házközponti,1980.0,Nem adta meg a hirdető,,,5.0,,,,,,,,
https://www.zenga.hu/ingatlan/elado-panellakas-mosonmagyarovar-varoskozpont/8547198?page=57&pos=8&cr=40,"Mosonmagyaróvár eladó panellakás 2 szobás: 37,7 millió Ft",37.7,50.0,50 m²,2.0,"Mosonmagyaróvár, Városközpont",2025-08-17,Panellakás,Felújított,Távfűtés egyedi méréssel,,Nem adta meg a hirdető,,,4.0,,,,,,,,
https://www.zenga.hu/ingatlan/elado-teglalakas-eger-belvaros/8565275?page=57&pos=9&cr=40,"Eger eladó téglalakás 3 szobás: 46,9 millió Ft",46.9,62.0,62 m²,3.0,"Eger, Belváros",2025-08-17,Téglalakás,Átlagos,Gáz (konvektor),,F,,Nincs,2.0,,,,,,,,
https://www.zenga.hu/ingatlan/elado-teglalakas-mezokovesd/8565357?page=57&pos=10&cr=40,"Mezőkövesd eladó téglalakás 3 szobás: 44,9 millió Ft",44.9,100.0,100 m²,3.0,Mezőkövesd,2025-08-17,Téglalakás,Átlagos,Gázkazán,,F,,Van,1.0,,,,,,,,
https://www.zenga.hu/ingatlan/elado-teglalakas-kal/8669231?page=57&pos=14&cr=39,Kál eladó téglalakás 1+2 fél szobás: 22 millió Ft,22.0,51.0,51 m²,1.0,"Kál, Belterület",2025-08-17,Téglalakás,Átlagos,Egyéb,1990.0,D,,,1.0,,,,,,,,
https://www.zenga.hu/ingatlan/elado-teglalakas-budapest-xxii-kerulet-budafok/8585977?page=57&pos=15&cr=38,"Budapest XXII. kerület eladó téglalakás 1 szobás: 32,9 millió Ft",32.9,25.0,25 m²,1.0,"Budapest XXII. kerület, Budafok",2025-08-17,Téglalakás,Átlagos,Elektromos,,Nem adta meg a hirdető,,,,,,,,,,,
https://www.zenga.hu/ingatlan/elado-teglalakas-gyomro/8503015?page=57&pos=16&cr=38,Gyömrő eladó téglalakás 1+2 fél szobás: 68 millió Ft,68.0,75.0,75 m²,1.0,Gyömrő,2025-08-17,Téglalakás,Újszerű,Gázkazán,2006.0,D,,Nincs,1.0,,,,,,,,
https://www.zenga.hu/ingatlan/elado-teglalakas-gyor-revfalu/8597289?page=57&pos=17&cr=37,"Győr eladó téglalakás 3 szobás: 67,9 millió Ft",67.9,61.0,61 m²,3.0,"Győr, Révfalu",2025-08-17,Téglalakás,Felújított,Padlófűtés,1970.0,Nem adta meg a hirdető,,,4.0,,,,,,,,
https://www.zenga.hu/ingatlan/elado-teglalakas-szabadszallas/8667929?page=57&pos=18&cr=37,"Szabadszállás eladó téglalakás 2 szobás: 20,1 millió Ft",20.1,49.0,49 m²,2.0,"Szabadszállás, Volt honvédségi objektum",2025-08-17,Téglalakás,Átlagos,Gáz (konvektor),1970.0,Nem adta meg a hirdető,,,,,,,,,,,
https://www.zenga.hu/ingatlan/elado-csusztatott-zsalus-lakas-kiskunfelegyhaza/8656955?page=57&pos=20&cr=37,,,,,,,2025-08-17,,,,,,,,,,,,,,,,
https://www.zenga.hu/ingatlan/elado-teglalakas-budapest-xii-kerulet-krisztinavaros-xii-ker/8604897?page=58&pos=1&cr=37,Budapest XII. kerület eladó téglalakás 2 szobás: 77 millió Ft,77.0,64.0,64 m²,2.0,"Budapest XII. kerület, Krisztinaváros XII. ker.",2025-08-17,Téglalakás,Felújítandó,Gáz (konvektor),1920.0,H,,,,,,,,,,,
https://www.zenga.hu/ingatlan/elado-teglalakas-villany/8599627?page=58&pos=2&cr=37,"Villány eladó téglalakás 3 szobás: 59,5 millió Ft",59.5,62.0,62 m²,3.0,Villány,2025-08-17,Téglalakás,Újszerű,Házközponti fűtés egyedi méréssel,2018.0,Nem adta meg a hirdető,,,2.0,8 m²,,,,,,,
https://www.zenga.hu/ingatlan/elado-panellakas-debrecen-tocoskert/8481086?page=58&pos=3&cr=37,"Debrecen eladó panellakás 2+1 fél szobás: 58,9 millió Ft",58.9,66.0,66 m²,2.0,"Debrecen, Tócóskert, Derék utca",2025-08-17,Panellakás,Jó állapotú,Távfűtés,,,,,10.0,3 m²,,,,,,,
https://www.zenga.hu/ingatlan/elado-panellakas-mezokovacshaza/8665592?page=58&pos=4&cr=36,"Mezőkovácsháza eladó panellakás 2 szobás: 13,9 millió Ft",13.9,55.0,55 m²,2.0,"Mezőkovácsháza, Belváros",2025-08-17,Panellakás,Átlagos,Gázkazán,1980.0,II (2016-2023-as besorolás),,,,,,,,,,,
https://www.zenga.hu/ingatlan/elado-panellakas-pecs-kertvaros/8649060?page=58&pos=5&cr=36,Pécs eladó panellakás 3 szobás: 48 millió Ft,48.0,64.0,64 m²,3.0,"Pécs, Kertváros, Sarolta",2025-08-17,Panellakás,Felújítandó,Távfűtés,1976.0,Nem adta meg a hirdető,,,4.0,3 m²,,,,,,,
https://www.zenga.hu/ingatlan/elado-panellakas-bekes/8315499?page=58&pos=6&cr=36,Békés eladó panellakás 2 szobás: 13 millió Ft,13.0,57.0,,,,2025-08-17,,,,,,,,,,,,,,,,
https://www.zenga.hu/ingatlan/elado-teglalakas-nagycenk/8643632?page=58&pos=7&cr=36,"Nagycenk eladó téglalakás 2 szobás: 43,9 millió Ft",43.9,40.0,40 m²,2.0,Nagycenk,2025-08-17,Téglalakás,Új építésű,Házközponti fűtés egyedi méréssel,,Nem adta meg a hirdető,,,,,,,,,,,
https://www.zenga.hu/ingatlan/elado-teglalakas-pecs/8636440?page=58&pos=8&cr=36,"Pécs eladó téglalakás 4 szobás: 77,9 millió Ft",77.9,97.0,97 m²,4.0,Pécs,2025-08-17,Téglalakás,Új építésű,Gázkazán,2024.0,Nem adta meg a hirdető,,,2.0,,,,16 m²,,,,
https://www.zenga.hu/ingatlan/elado-panellakas-pecs-kertvaros/8608330?page=58&pos=9&cr=36,"Pécs eladó panellakás 2 szobás: 41,99 millió Ft",41.99,52.0,52 m²,2.0,"Pécs, Kertváros, Kodolányi János",2025-08-17,Panellakás,Jó állapotú,Távfűtés,1982.0,Nem adta meg a hirdető,,,10.0,4 m²,,,,,,,
https://www.zenga.hu/ingatlan/elado-panellakas-debrecen-belvaros/8431749?page=58&pos=10&cr=35,Debrecen eladó panellakás 3 szobás: 50 millió Ft,50.0,61.0,61 m²,3.0,"Debrecen, Belváros",2025-08-17,Panellakás,Felújítandó,Távfűtés egyedi méréssel,1970.0,Nem adta meg a hirdető,,,,,,,,,,,
https://www.zenga.hu/ingatlan/elado-teglalakas-nagykoros/8593403?page=58&pos=11&cr=35,"Nagykőrös eladó téglalakás 4 szobás: 49,9 millió Ft",49.9,94.0,94 m²,4.0,Nagykőrös,2025-08-17,Téglalakás,Jó állapotú,Gázkazán,2004.0,Nem adta meg a hirdető,,,,,,,,,,,
https://www.zenga.hu/ingatlan/elado-teglalakas-buk/8574028?page=58&pos=12&cr=35,"Bük eladó téglalakás 2 szobás: 32,9 millió Ft",,,,,,2025-08-17,,,,,,,,,,,,,,,,
https://www.zenga.hu/ingatlan/elado-teglalakas-gyor-belvaros/8667410?page=58&pos=13&cr=35,Győr eladó téglalakás 2 szobás: 59 millió Ft,59.0,71.0,71 m²,2.0,"Győr, Belváros",2025-08-17,Téglalakás,Felújítandó,Gáz (konvektor),1950.0,Nem adta meg a hirdető,,,,,,,,,,,
https://www.zenga.hu/ingatlan/elado-teglalakas-szekesfehervar/8638164?page=58&pos=15&cr=35,Székesfehérvár eladó téglalakás 2 szobás: 58 millió Ft,58.0,58.0,58 m²,2.0,Székesfehérvár,2025-08-17,Téglalakás,Jó állapotú,Házközponti,1970.0,Nem adta meg a hirdető,,,,3 m²,,,,,,,
https://www.zenga.hu/ingatlan/elado-teglalakas-gyor-belvaros/8597226?page=58&pos=16&cr=35,"Győr eladó téglalakás 3 szobás: 67,4 millió Ft",67.4,90.0,90 m²,3.0,"Győr, Belváros",2025-08-17,Téglalakás,,,,,,,3.0,,,,,,,,
https://www.zenga.hu/ingatlan/elado-teglalakas-debrecen-nagyerdopark/8587260?page=58&pos=17&cr=35,"Debrecen eladó téglalakás 3 szobás: 52,99 millió Ft",52.99,52.0,52 m²,3.0,"Debrecen, Nagyerdő",2025-08-17,Téglalakás,Átlagos,,,Nem adta meg a hirdető,,,,,,,,,,,
https://www.zenga.hu/ingatlan/elado-panellakas-debrecen-belvaros/8572656?page=58&pos=18&cr=35,"Debrecen eladó panellakás 2 szobás: 59,9 millió Ft",59.9,54.0,54 m²,2.0,"Debrecen, Belváros",2025-08-17,Panellakás,Felújított,,,Nem adta meg a hirdető,,,,,,,,,,,
https://www.zenga.hu/ingatlan/elado-teglalakas-koszeg/8658064?page=58&pos=19&cr=35,"Kőszeg eladó téglalakás 2 szobás: 29,9 millió Ft",29.9,53.0,53 m²,2.0,Kőszeg,2025-08-17,Téglalakás,,Távfűtés,1978.0,Nem adta meg a hirdető,,,,4 m²,,,,,,,
https://www.zenga.hu/ingatlan/elado-teglalakas-gyor-marcalvaros-ii/8589030?page=58&pos=20&cr=35,Győr eladó téglalakás 3 szobás: 94 millió Ft,94.0,65.0,65 m²,3.0,"Győr, Marcalváros II.",2025-08-17,Téglalakás,Újszerű,Távfűtés egyedi méréssel,2019.0,Nem adta meg a hirdető,,,4.0,16 m²,,,,,,,
https://www.zenga.hu/ingatlan/elado-teglalakas-szeged/8402029?page=59&pos=1&cr=35,"Szeged eladó téglalakás 2 szobás: 53,9 millió Ft",53.9,61.0,61 m²,2.0,Szeged,2025-08-17,Téglalakás,Felújítandó,Gáz (konvektor),1975.0,Nem adta meg a hirdető,,,,,,,,,,,
https://www.zenga.hu/ingatlan/elado-teglalakas-budapest-viii-kerulet/8666898?page=59&pos=2&cr=35,"Budapest VIII. kerület eladó téglalakás 2 szobás: 64,9 millió Ft",64.9,73.0,73 m²,2.0,Budapest VIII. kerület,2025-08-17,Téglalakás,Átlagos,Gáz (konvektor),1883.0,E,,,3.0,,,,,,,,
https://www.zenga.hu/ingatlan/elado-teglalakas-szeged/8418401?page=59&pos=3&cr=35,"Szeged eladó téglalakás 2 szobás: 50,89 millió Ft",50.89,62.0,62 m²,2.0,Szeged,2025-08-17,Téglalakás,Jó állapotú,Gázkazán,1989.0,Nem adta meg a hirdető,,,,,,,,,,,
https://www.zenga.hu/ingatlan/elado-teglalakas-vasvar/8665731?page=59&pos=4&cr=35,"Vasvár eladó téglalakás 2 szobás: 34,99 millió Ft",34.99,54.0,54 m²,2.0,"Vasvár, Alkotmány utca",2025-08-17,Téglalakás,Jó állapotú,Cserépkályha,1930.0,Nem adta meg a hirdető,,,1.0,,,,,,,,
https://www.zenga.hu/ingatlan/elado-panellakas-debrecen-dobozi-lakotelep/8664139?page=59&pos=5&cr=35,"Debrecen eladó panellakás 2 szobás: 49,9 millió Ft",49.9,53.0,53 m²,2.0,"Debrecen, Dobozi lakótelep, Karácsony György",2025-08-17,Panellakás,Átlagos,Távfűtés egyedi méréssel,,,,,10.0,,,,,,,,
https://www.zenga.hu/ingatlan/elado-tarsashazi-lakas-veresegyhaz-topart/8429835?page=59&pos=6&cr=35,Veresegyház eladó társasházi lakás 3+2 fél szobás: 98 millió Ft,98.0,120.0,120 m²,3.0,"Veresegyház, Tópart",2025-08-17,Társasházi lakás,Jó állapotú,Gázkazán,2008.0,Nem adta meg a hirdető,,Nincs,2.0,,,,,,,,
https://www.zenga.hu/ingatlan/elado-panellakas-pecs-kertvaros/8652049?page=59&pos=7&cr=35,"Pécs eladó panellakás 2 szobás: 42,7 millió Ft",42.7,52.0,52 m²,2.0,"Pécs, Kertváros, Krisztina tér",2025-08-17,Panellakás,Felújított,Távfűtés,,C,,,10.0,2 m²,25 000 Ft/hó,,,,,,
https://www.zenga.hu/ingatlan/elado-teglalakas-zalaegerszeg/8198335?page=59&pos=8&cr=35,"Zalaegerszeg eladó téglalakás 2 szobás: 39,99 millió Ft",39.99,65.0,65 m²,2.0,Zalaegerszeg,2025-08-17,Téglalakás,Jó állapotú,Házközponti fűtés egyedi méréssel,2004.0,Nem adta meg a hirdető,,,,,,,,,,,
https://www.zenga.hu/ingatlan/elado-teglalakas-gyor/8578995?page=59&pos=9&cr=35,"Győr eladó téglalakás 2+1 fél szobás: 71,5 millió Ft",71.5,74.0,74 m²,2.0,"Győr, Votinszky Andor utca",2025-08-17,Téglalakás,Újszerű,Gázkazán,2003.0,Nem adta meg a hirdető,,,2.0,,,,,,,,
https://www.zenga.hu/ingatlan/elado-teglalakas-debrecen-homokkert/8372811?page=59&pos=10&cr=35,"Debrecen eladó téglalakás 2 szobás: 59,9 millió Ft",59.9,46.0,46 m²,2.0,"Debrecen, Homokkert",2025-08-17,Téglalakás,Új építésű,Házközponti fűtés egyedi méréssel,2025.0,A,,,,,,,,,,,
https://www.zenga.hu/ingatlan/elado-teglalakas-nagycenk/8643631?page=59&pos=11&cr=35,"Nagycenk eladó téglalakás 4 szobás: 84,9 millió Ft",84.9,85.0,85 m²,4.0,Nagycenk,2025-08-17,Téglalakás,Új építésű,Házközponti fűtés egyedi méréssel,,Nem adta meg a hirdető,,,,,,,,,,,
https://www.zenga.hu/ingatlan/elado-teglalakas-sopron/7961423?page=59&pos=12&cr=35,"Sopron eladó téglalakás 2 szobás: 54,9 millió Ft",54.9,62.0,62 m²,2.0,Sopron,2025-08-17,Téglalakás,Átlagos,Gáz (konvektor),,Nem adta meg a hirdető,,,,,,,,,,,
https://www.zenga.hu/ingatlan/elado-teglalakas-sopron-belvaros/7961429?page=59&pos=13&cr=35,Sopron eladó téglalakás 3+1 fél szobás: 75 millió Ft,75.0,119.0,119 m²,3.0,"Sopron, Belváros",2025-08-17,Téglalakás,Átlagos,Gázkazán,,Nem adta meg a hirdető,,,,,,,,,,,
https://www.zenga.hu/ingatlan/elado-teglalakas-budapest-viii-kerulet/8642449?page=59&pos=14&cr=35,"Budapest VIII. kerület eladó téglalakás 1 szobás: 42,9 millió Ft",42.9,37.0,37 m²,1.0,Budapest VIII. kerület,2025-08-17,Téglalakás,Átlagos,Gáz (konvektor),1930.0,Nem adta meg a hirdető,,,2.0,,,,,,,,
https://www.zenga.hu/ingatlan/elado-teglalakas-balatonlelle/8424244?page=59&pos=15&cr=35,"Eladó 3 szobás téglalakás 97,49 millió Ft értékben Balatonlellén - My Lelle Residence lakóparkban",97.49,84.0,84 m²,3.0,Balatonlelle,2025-08-17,Téglalakás,Új építésű,Padlófűtés,,A,,,3.0,12 m²,,2026. 2. negyedév,24 m²,,,,
https://www.zenga.hu/ingatlan/elado-panellakas-budapest-xv-kerulet-ujpalota/8568599?page=59&pos=16&cr=35,Budapest XV. kerület eladó panellakás 3 szobás: 67 millió Ft,67.0,61.0,61 m²,3.0,"Budapest XV. kerület, Újpalota",2025-08-17,Panellakás,Jó állapotú,Távfűtés egyedi méréssel,1985.0,Nem adta meg a hirdető,,,3.0,6 m²,,,,,,,
https://www.zenga.hu/ingatlan/elado-teglalakas-zalaegerszeg-belvaros/8376936?page=59&pos=17&cr=35,"Zalaegerszeg eladó téglalakás 4 szobás: 82,9 millió Ft",82.9,97.0,97 m²,4.0,"Zalaegerszeg, Belváros",2025-08-17,Téglalakás,Újszerű,Házközponti fűtés egyedi méréssel,2016.0,Nem adta meg a hirdető,,,3.0,15 m²,,,,,,,
https://www.zenga.hu/ingatlan/elado-teglalakas-gyomro/8506180?page=59&pos=18&cr=35,Gyömrő eladó téglalakás 3 szobás: 96 millió Ft,96.0,101.0,101 m²,3.0,Gyömrő,2025-08-17,Téglalakás,Felújított,Gázkazán,1988.0,Nem adta meg a hirdető,,,1.0,4 m²,,,,,,,
https://www.zenga.hu/ingatlan/elado-tarsashazi-lakas-mende/8264356?page=59&pos=19&cr=35,"Mende eladó társasházi lakás 3 szobás: 55,47 millió Ft",55.47,62.0,62 m²,3.0,Mende,2025-08-17,Társasházi lakás,Új építésű,Hőszivattyú,2025.0,A+,,Nincs,3.0,,,,15 m²,,,,
https://www.zenga.hu/ingatlan/elado-panellakas-veszprem/8668291?page=59&pos=20&cr=34,Veszprém eladó panellakás 3+1 fél szobás: 64 millió Ft,64.0,76.0,76 m²,3.0,Veszprém,2025-08-17,Panellakás,Újszerű,Távfűtés,1983.0,Nem adta meg a hirdető,,,10.0,"3,6 m²",,,,,,,
https://www.zenga.hu/ingatlan/elado-teglalakas-bicske/8509014?page=60&pos=6&cr=33,"Bicske eladó téglalakás 1 szobás: 29,45 millió Ft",29.45,28.0,28 m²,1.0,Bicske,2025-08-17,Téglalakás,Új építésű,Házközponti fűtés egyedi méréssel,2025.0,Nem adta meg a hirdető,,,3.0,1 m²,,,,,,,
https://www.zenga.hu/ingatlan/elado-teglalakas-bicske/8509132?page=60&pos=7&cr=33,"Bicske eladó téglalakás 4 szobás: 63,4 millió Ft",63.4,73.0,73 m²,4.0,Bicske,2025-08-17,Téglalakás,Új építésű,Házközponti fűtés egyedi méréssel,2025.0,Nem adta meg a hirdető,,,3.0,1 m²,,,,,,,
https://www.zenga.hu/ingatlan/elado-teglalakas-budapest-xiii-kerulet/8616825?page=60&pos=8&cr=33,Budapest XIII. kerület eladó téglalakás 3 szobás: 110 millió Ft,110.0,65.0,65 m²,3.0,Budapest XIII. kerület,2025-08-17,Téglalakás,Jó állapotú,Gázkazán,1960.0,G,,,,,,,,,,,
https://www.zenga.hu/ingatlan/elado-teglalakas-budapest-xiii-kerulet-angyalfold/8669219?page=60&pos=9&cr=32,"Budapest XIII. kerület eladó téglalakás 1 szobás: 47,9 millió Ft",47.9,34.0,34 m²,1.0,"Budapest XIII. kerület, Angyalföld, Fiastyúk utca",2025-08-17,Téglalakás,Átlagos,Távfűtés,,Nem adta meg a hirdető,,,,,,,,,,,
https://www.zenga.hu/ingatlan/elado-teglalakas-budapest-vi-kerulet-diplomatanegyed/8633312?page=60&pos=10&cr=32,,,,,,,2025-08-17,,,,,,,,,,,,,,,,
https://www.zenga.hu/ingatlan/elado-panellakas-dunaujvaros-beke-varosresz/8627347?page=60&pos=12&cr=32,"Dunaújváros eladó panellakás 2 szobás: 30,99 millió Ft",30.99,52.0,52 m²,2.0,"Dunaújváros, Béke városrész",2025-08-17,Panellakás,Felújított,Távfűtés,1975.0,Nem adta meg a hirdető,,,4.0,,,,,,,,
https://www.zenga.hu/ingatlan/elado-teglalakas-bicske/8565253?page=60&pos=13&cr=32,"Bicske eladó téglalakás 1 szobás: 29,4 millió Ft",29.4,28.0,28 m²,1.0,Bicske,2025-08-17,Téglalakás,Új építésű,Gázkazán,2026.0,Nem adta meg a hirdető,,,3.0,1 m²,,,,,,,
https://www.zenga.hu/ingatlan/elado-teglalakas-bicske/8565256?page=60&pos=15&cr=32,"Bicske eladó téglalakás 1+1 fél szobás: 46,4 millió Ft",46.4,58.0,58 m²,1.0,Bicske,2025-08-17,Téglalakás,Új építésű,Gázkazán,2026.0,Nem adta meg a hirdető,,,3.0,1 m²,,,,,,,
https://www.zenga.hu/ingatlan/elado-teglalakas-bicske/8565260?page=60&pos=16&cr=32,"Bicske eladó téglalakás 2+1 fél szobás: 57,5 millió Ft",57.5,64.0,64 m²,2.0,Bicske,2025-08-17,Téglalakás,Új építésű,Gázkazán,2026.0,Nem adta meg a hirdető,,,3.0,,,,1 m²,,,,
https://www.zenga.hu/ingatlan/elado-teglalakas-budapest-xi-kerulet-muegyetem-kornyeke/8444075?page=60&pos=17&cr=32,"Budapest XI. kerület eladó téglalakás 3 szobás: 94,9 millió Ft",94.9,55.0,55 m²,3.0,"Budapest XI. kerület, Műegyetem környéke",2025-08-17,Téglalakás,Felújított,Gáz (konvektor),1930.0,,,,5.0,,,,,,,,
https://www.zenga.hu/ingatlan/elado-teglalakas-budapest-viii-kerulet/8667893?page=60&pos=19&cr=31,,,,,,,2025-08-17,,,,,,,,,,,,,,,,
https://www.zenga.hu/ingatlan/elado-teglalakas-szekesfehervar-belvaros-es-kornyeke/8659768?page=60&pos=20&cr=31,"Székesfehérvár eladó téglalakás 1 szobás: 39,8 millió Ft",39.8,41.0,41 m²,1.0,"Székesfehérvár, Belváros",2025-08-17,Téglalakás,,Távfűtés,1965.0,Nem adta meg a hirdető,,,,3 m²,,,,,,,
https://www.zenga.hu/ingatlan/elado-teglalakas-budapest-viii-kerulet/8667892?page=61&pos=1&cr=31,"Budapest VIII. kerület eladó téglalakás 1 szobás: 36,9 millió Ft",36.9,22.0,22 m²,1.0,Budapest VIII. kerület,2025-08-17,Téglalakás,Felújított,Gáz (konvektor),1920.0,Nem adta meg a hirdető,,,,,,,,,,,
https://www.zenga.hu/ingatlan/elado-teglalakas-szeged/8471529?page=61&pos=2&cr=31,"Szeged eladó téglalakás 3 szobás: 58,5 millió Ft",58.5,90.0,90 m²,3.0,Szeged,2025-08-17,Téglalakás,Felújítandó,Gázkazán,1970.0,D,,,,,,,,,,,
https://www.zenga.hu/ingatlan/elado-teglalakas-szekesfehervar/8664022?page=61&pos=3&cr=31,"Székesfehérvár eladó téglalakás 3 szobás: 79,9 millió Ft",79.9,78.0,78 m²,3.0,"Székesfehérvár, Forgó utca",2025-08-17,Téglalakás,Újszerű,Gázkazán,1950.0,Nem adta meg a hirdető,,,2.0,,,,,,,,
https://www.zenga.hu/ingatlan/elado-teglalakas-szekesfehervar/8665096?page=61&pos=4&cr=31,,,,,,,2025-08-17,,,,,,,,,,,,,,,,
https://www.zenga.hu/ingatlan/elado-panellakas-debrecen/8639229?page=61&pos=5&cr=31,"Debrecen eladó panellakás 2+2 fél szobás: 61,5 millió Ft",61.5,68.0,68 m²,2.0,Debrecen,2025-08-17,Panellakás,Jó állapotú,Távfűtés egyedi méréssel,1980.0,Nem adta meg a hirdető,,,,,,,,,,,
https://www.zenga.hu/ingatlan/elado-panellakas-budapest-xv-kerulet-ujpalota/8656632?page=61&pos=6&cr=31,Budapest XV. kerület eladó panellakás 3 szobás: 78 millió Ft,,,,,,2025-08-17,,,,,,,,,,,,,,,,
https://www.zenga.hu/ingatlan/elado-panellakas-budapest-iv-kerulet/8643531?page=61&pos=7&cr=31,"Budapest IV. kerület eladó panellakás 2 szobás: 64,4 millió Ft",64.4,54.0,54 m²,2.0,Budapest IV. kerület,2025-08-17,Panellakás,Felújított,Távfűtés egyedi méréssel,1984.0,Nem adta meg a hirdető,,,,,,,,,,,
https://www.zenga.hu/ingatlan/elado-teglalakas-budapest-xi-kerulet-kelenvolgy/8588798?page=61&pos=8&cr=31,"Budapest XI. kerület eladó téglalakás 3 szobás: 117,5 millió Ft",117.5,80.0,80 m²,3.0,"Budapest XI. kerület, Kelenvölgy",2025-08-17,Téglalakás,Jó állapotú,Gázkazán,2010.0,C,,,2.0,,,,,,,,
https://www.zenga.hu/ingatlan/elado-teglalakas-gardony-agard/8576271?page=61&pos=9&cr=31,"Gárdony eladó téglalakás 2 szobás: 62,9 millió Ft",62.9,49.0,49 m²,2.0,"Gárdony, Agárd",2025-08-17,Téglalakás,Új építésű,Hőszivattyú,2026.0,A,,,,,,,,,,,
https://www.zenga.hu/ingatlan/elado-teglalakas-varpalota/8556723?page=61&pos=10&cr=31,"Várpalota eladó téglalakás 4 szobás: 74,75 millió Ft",74.75,65.0,65 m²,4.0,Várpalota,2025-08-17,Téglalakás,Új építésű,Hőszivattyú,2026.0,Nem adta meg a hirdető,,,,,,,,,,,
https://www.zenga.hu/ingatlan/elado-teglalakas-budapest-v-kerulet-belvaros/8588841?page=61&pos=11&cr=31,"Budapest V. kerület eladó téglalakás 1 szobás: 68,5 millió Ft",68.5,40.0,40 m²,1.0,"Budapest V. kerület, Belváros",2025-08-17,Téglalakás,Jó állapotú,Gáz (konvektor),1900.0,Nem adta meg a hirdető,,,,,,,,,,,
https://www.zenga.hu/ingatlan/elado-teglalakas-gyor-revfalu/8528117?page=61&pos=12&cr=31,"Győr eladó téglalakás 3 szobás: 69,9 millió Ft",69.9,84.0,84 m²,3.0,"Győr, Révfalu",2025-08-17,Téglalakás,Felújított,Gázkazán,,Nem adta meg a hirdető,,,2.0,4 m²,25 000 Ft/hó,,,,,,
https://www.zenga.hu/ingatlan/elado-teglalakas-pecs-uranvaros/8609491?page=61&pos=13&cr=31,"Pécs eladó téglalakás 1 szobás: 41,9 millió Ft",41.9,39.0,39 m²,1.0,"Pécs, Uránváros, Bánki Donát u.",2025-08-17,Téglalakás,Felújított,Elektromos,1960.0,Nem adta meg a hirdető,,,4.0,2 m²,,,,,,,
https://www.zenga.hu/ingatlan/elado-egyeb-lakas-miskolc/8567457?page=61&pos=14&cr=30,Miskolc eladó egyéb lakás 2 szobás: 22 millió Ft,22.0,55.0,55 m²,2.0,Miskolc,2025-08-17,Egyéb lakás,Átlagos,Gáz (konvektor),1963.0,Nem adta meg a hirdető,,,,,,,,,,,
https://www.zenga.hu/ingatlan/elado-teglalakas-budapest-xiii-kerulet/8654963?page=61&pos=15&cr=30,"Budapest XIII. kerület eladó téglalakás 1 szobás: 76,9 millió Ft",76.9,44.0,44 m²,1.0,Budapest XIII. kerület,2025-08-17,Téglalakás,Felújított,Egyéb,1930.0,Nem adta meg a hirdető,,,,,,,,,,,
https://www.zenga.hu/ingatlan/elado-panellakas-szeged-makkoshaz/8543214?page=61&pos=16&cr=30,"Szeged eladó panellakás 2+1 fél szobás: 59,5 millió Ft",59.5,56.0,56 m²,2.0,"Szeged, Makkosház",2025-08-17,Panellakás,Felújított,Távfűtés egyedi méréssel,1980.0,Nem adta meg a hirdető,,,,,,,,,,,
https://www.zenga.hu/ingatlan/elado-panellakas-budapest-iii-kerulet/8619802?page=61&pos=17&cr=30,"Budapest III. kerület eladó panellakás 2 szobás: 62,9 millió Ft",62.9,44.0,44 m²,2.0,Budapest III. kerület,2025-08-17,Panellakás,Jó állapotú,Távfűtés,1984.0,,,,,,,,,,,,
https://www.zenga.hu/ingatlan/elado-panellakas-miskolc/8619717?page=61&pos=18&cr=30,"Miskolc eladó panellakás 2+1 fél szobás: 28,99 millió Ft",28.99,61.0,61 m²,2.0,Miskolc,2025-08-17,Panellakás,Átlagos,Távfűtés,1975.0,Nem adta meg a hirdető,,,,,,,,,,,
https://www.zenga.hu/ingatlan/elado-teglalakas-gyor-szitasdomb/8668871?page=61&pos=19&cr=30,"Győr eladó téglalakás 3 szobás: 56,63 millió Ft",56.63,66.0,66 m²,3.0,"Győr, Szitásdomb",2025-08-17,Téglalakás,Új építésű,Házközponti fűtés egyedi méréssel,2024.0,Nem adta meg a hirdető,,,,,,,,,,,
https://www.zenga.hu/ingatlan/elado-teglalakas-szeged/8477658?page=61&pos=20&cr=30,Szeged eladó téglalakás 4 szobás: 590 millió Ft,590.0,302.0,302 m²,4.0,Szeged,2025-08-17,Téglalakás,Felújított,Hőszivattyú,1950.0,Nem adta meg a hirdető,,,,,,,,,,,
https://www.zenga.hu/ingatlan/elado-teglalakas-gyor-szitasdomb/8668872?page=62&pos=1&cr=30,"Győr eladó téglalakás 3 szobás: 57,01 millió Ft",57.01,62.0,62 m²,3.0,"Győr, Szitásdomb",2025-08-17,Téglalakás,Új építésű,Házközponti fűtés egyedi méréssel,2024.0,Nem adta meg a hirdető,,,,,,,,,,,
https://www.zenga.hu/ingatlan/elado-teglalakas-gyor/8559092?page=62&pos=2&cr=30,"Győr eladó téglalakás 3 szobás: 42,5 millió Ft",42.5,68.0,68 m²,3.0,Győr,2025-08-17,Téglalakás,Átlagos,Gázkazán,,Nem adta meg a hirdető,,,,,,,,,,,
https://www.zenga.hu/ingatlan/elado-teglalakas-tatabanya/7969470?page=62&pos=3&cr=30,"Eladó 3 szobás téglalakás 69,9 millió Ft értékben Tatabányán - Rózsakert Lakópark lakóparkban",69.9,63.0,63 m²,3.0,Tatabánya,2025-08-17,Téglalakás,Új építésű,Házközponti fűtés egyedi méréssel,2024.0,Nem adta meg a hirdető,,,,,,2025. 3. negyedév,"8,5 m²",,,,
https://www.zenga.hu/ingatlan/elado-teglalakas-veszprem/8542672?page=62&pos=4&cr=30,Veszprém eladó téglalakás 3 szobás: 63 millió Ft,63.0,76.0,76 m²,3.0,Veszprém,2025-08-17,Téglalakás,,Gáz (konvektor),1980.0,Nem adta meg a hirdető,,,,,,,,,,,
https://www.zenga.hu/ingatlan/elado-panellakas-kecskemet-belvaros/8668696?page=62&pos=5&cr=30,"Kecskemét eladó panellakás 1 szobás: 32,9 millió Ft",32.9,34.0,34 m²,1.0,"Kecskemét, Belváros",2025-08-17,Panellakás,Jó állapotú,Távfűtés egyedi méréssel,,Nem adta meg a hirdető,,,5.0,,,,,,,,
https://www.zenga.hu/ingatlan/elado-teglalakas-ozd-ujtelep/7492627?page=62&pos=6&cr=30,"Ózd eladó téglalakás 2 szobás: 4,99 millió Ft",4.99,55.0,55 m²,2.0,"Ózd, Újtelep",2025-08-17,Téglalakás,,Gáz (konvektor),1960.0,Nem adta meg a hirdető,,,,,,,,,,,
https://www.zenga.hu/ingatlan/elado-teglalakas-siofok-belvaros/7960118?page=62&pos=7&cr=30,"Siófok eladó téglalakás 2 szobás: 67,9 millió Ft",67.9,67.0,67 m²,2.0,"Siófok, Belváros",2025-08-17,Téglalakás,,Gáz (konvektor),1950.0,Nem adta meg a hirdető,,,,,,,4 m²,,,,
https://www.zenga.hu/ingatlan/elado-panellakas-kecskemet/8303612?page=62&pos=8&cr=30,"Kecskemét eladó panellakás 3 szobás: 38,4 millió Ft",38.4,85.0,85 m²,3.0,Kecskemét,2025-08-17,Panellakás,Jó állapotú,Gáz (konvektor),1990.0,Nem adta meg a hirdető,,,,,,,,,,,
https://www.zenga.hu/ingatlan/elado-teglalakas-szombathely-belvaros/8468460?page=62&pos=9&cr=30,"Szombathely eladó téglalakás 2 szobás: 32,5 millió Ft",32.5,55.0,55 m²,2.0,"Szombathely, Belváros",2025-08-17,Téglalakás,,Gáz (konvektor),1960.0,Nem adta meg a hirdető,,,,,,,,,,,
https://www.zenga.hu/ingatlan/elado-panellakas-ozd/7560590?page=62&pos=10&cr=30,"Ózd eladó panellakás 2 szobás: 9,5 millió Ft",9.5,55.0,55 m²,2.0,Ózd,2025-08-17,Panellakás,,Távfűtés,1985.0,Nem adta meg a hirdető,,,,2 m²,,,,,,,
https://www.zenga.hu/ingatlan/elado-teglalakas-siofok/8361484?page=62&pos=11&cr=30,Siófok eladó téglalakás 11 szobás: 185 millió Ft,185.0,198.0,198 m²,11.0,Siófok,2025-08-17,Téglalakás,,Fan coil,1980.0,Nem adta meg a hirdető,,,,"0,5 m²",,,30 m²,,,,
https://www.zenga.hu/ingatlan/elado-panellakas-siofok-belvaros/8605328?page=62&pos=12&cr=30,"Siófok eladó panellakás 2 szobás: 49,9 millió Ft",49.9,52.0,52 m²,2.0,"Siófok, Belváros",2025-08-17,Panellakás,Jó állapotú,Távfűtés egyedi méréssel,1980.0,,,,1.0,,,,,,,,
https://www.zenga.hu/ingatlan/elado-teglalakas-szazhalombatta/8668353?page=62&pos=14&cr=30,"Százhalombatta eladó téglalakás 1+3 fél szobás: 63,9 millió Ft",63.9,62.0,62 m²,1.0,Százhalombatta,2025-08-17,Téglalakás,Felújított,Gázkazán,2003.0,Nem adta meg a hirdető,,Nincs,2.0,,,,10 m²,,,,
https://www.zenga.hu/ingatlan/elado-teglalakas-budapest-xx-kerulet/8666043?page=62&pos=15&cr=30,,,,,,,2025-08-17,,,,,,,,,,,,,,,,
https://www.zenga.hu/ingatlan/elado-teglalakas-szekesfehervar/8662077?page=62&pos=16&cr=30,Székesfehérvár eladó téglalakás 1+1 fél szobás: 59 millió Ft,59.0,45.0,45 m²,1.0,Székesfehérvár,2025-08-17,Téglalakás,Újszerű,Gázkazán,,Nem adta meg a hirdető,,,4.0,,,,,,,,
https://www.zenga.hu/ingatlan/elado-teglalakas-tatabanya-ujvaros/8666878?page=62&pos=17&cr=30,"Tatabánya eladó téglalakás 2 szobás: 38,9 millió Ft",38.9,52.0,52 m²,2.0,"Tatabánya, Újváros",2025-08-17,Téglalakás,Jó állapotú,Távfűtés,,Nem adta meg a hirdető,,,4.0,3 m²,,,,,,,
https://www.zenga.hu/ingatlan/elado-teglalakas-budapest-xiii-kerulet/8544972?page=62&pos=18&cr=30,"Budapest XIII. kerület eladó téglalakás 3 szobás: 114,93 millió Ft",114.93,72.0,72 m²,3.0,Budapest XIII. kerület,2025-08-17,Téglalakás,Új építésű,Gázkazán,2023.0,A+,,,,,,,,,,,
https://www.zenga.hu/ingatlan/elado-teglalakas-balatonfured-belvaros/8652718?page=62&pos=19&cr=30,Balatonfüred eladó téglalakás 2 szobás: 72 millió Ft,72.0,68.0,68 m²,2.0,"Balatonfüred, Belváros",2025-08-17,Téglalakás,Jó állapotú,Gázkazán,2003.0,Nem adta meg a hirdető,,Nincs,2.0,,30 000 Ft/hó,,13 m²,,,,
https://www.zenga.hu/ingatlan/elado-tarsashazi-lakas-debrecen-belvaros/8665464?page=62&pos=20&cr=30,"Debrecen eladó társasházi lakás 4 szobás: 129,9 millió Ft",129.9,96.0,96 m²,4.0,"Debrecen, Belváros",2025-08-17,Társasházi lakás,Újszerű,Hőszivattyú,2023.0,Nem adta meg a hirdető,,,2.0,,,,112 m²,,,,
https://www.zenga.hu/ingatlan/elado-teglalakas-budapest-ii-kerulet-rozsadomb/8663644?page=63&pos=1&cr=30,,,,,,,2025-08-17,,,,,,,,,,,,,,,,
https://www.zenga.hu/ingatlan/elado-teglalakas-budapest-viii-kerulet-szazadosnegyed/8605714?page=63&pos=2&cr=30,Budapest VIII. kerület eladó téglalakás 4+1 fél szobás: 110 millió Ft,110.0,117.0,117 m²,4.0,"Budapest VIII. kerület, Századosnegyed",2025-08-17,Téglalakás,Átlagos,Gázkazán,1950.0,Nem adta meg a hirdető,,,4.0,,80 Ft/hó,,,,,,
https://www.zenga.hu/ingatlan/elado-teglalakas-gyor-belvaros/8510375?page=63&pos=3&cr=30,Győr eladó téglalakás 5 szobás: 105 millió Ft,105.0,220.0,220 m²,5.0,"Győr, Belváros",2025-08-17,Téglalakás,Jó állapotú,Gáz (konvektor),1800.0,Nem adta meg a hirdető,,,1.0,,,,,,,,
https://www.zenga.hu/ingatlan/elado-teglalakas-budapest-ix-kerulet/8662406?page=63&pos=4&cr=30,"Budapest IX. kerület eladó téglalakás 1 szobás: 52,9 millió Ft",52.9,39.0,39 m²,1.0,Budapest IX. kerület,2025-08-17,Téglalakás,Felújított,Elektromos,1920.0,Nem adta meg a hirdető,,,2.0,,,,,,,,
https://www.zenga.hu/ingatlan/elado-teglalakas-budapest-xiii-kerulet/8538051?page=63&pos=5&cr=30,"Budapest XIII. kerület eladó téglalakás 3 szobás: 114,9 millió Ft",114.9,65.0,65 m²,3.0,Budapest XIII. kerület,2025-08-17,Téglalakás,,Egyéb,1950.0,Nem adta meg a hirdető,,,4.0,,,,,,,,
https://www.zenga.hu/ingatlan/elado-teglalakas-budapest-xiii-kerulet/8652017?page=63&pos=6&cr=30,Budapest XIII. kerület eladó téglalakás 2 szobás: 98 millió Ft,98.0,47.0,47 m²,2.0,Budapest XIII. kerület,2025-08-17,,,,,,,,,,,,,,,,
https://www.zenga.hu/ingatlan/elado-teglalakas-budapest-xiii-kerulet/8652018?page=63&pos=7&cr=30,Budapest XIII. kerület eladó téglalakás 1 szobás: 75 millió Ft,75.0,36.0,36 m²,1.0,Budapest XIII. kerület,2025-08-17,Téglalakás,,,1950.0,Nem adta meg a hirdető,,,5.0,,,,,,,,
https://www.zenga.hu/ingatlan/elado-panellakas-kecskemet-homokbanya/8609800?page=63&pos=8&cr=30,"Kecskemét eladó panellakás 2 szobás: 44,99 millió Ft",44.99,51.0,51 m²,2.0,"Kecskemét, Homokbánya",2025-08-17,Panellakás,Új építésű,Házközponti fűtés egyedi méréssel,2025.0,A,,,,,,,,,,,
https://www.zenga.hu/ingatlan/elado-teglalakas-kecskemet-belvaros/8507133?page=63&pos=9&cr=30,Kecskemét eladó téglalakás 4 szobás: 69 millió Ft,69.0,148.0,148 m²,4.0,"Kecskemét, Belváros",2025-08-17,Téglalakás,Felújított,Házközponti fűtés egyedi méréssel,2010.0,Nem adta meg a hirdető,,,,,,,,,,,
https://www.zenga.hu/ingatlan/elado-teglalakas-budapest-ii-kerulet/8552710?page=63&pos=10&cr=30,Budapest II. kerület eladó téglalakás 3 szobás: 279 millió Ft,279.0,133.0,133 m²,3.0,"Budapest II. kerület, Vöröstorony utca",2025-08-17,Téglalakás,Jó állapotú,Gázkazán,,Nem adta meg a hirdető,,,3.0,,,,,,,,
https://www.zenga.hu/ingatlan/elado-panellakas-kecskemet-petofivaros/8609801?page=63&pos=11&cr=30,"Kecskemét eladó panellakás 2 szobás: 44,99 millió Ft",44.99,51.0,51 m²,2.0,"Kecskemét, Petőfiváros",2025-08-17,Panellakás,Új építésű,Házközponti fűtés egyedi méréssel,2025.0,A,,,,,,,,,,,
https://www.zenga.hu/ingatlan/elado-teglalakas-miskolc/8603071?page=63&pos=12&cr=30,"Miskolc eladó téglalakás 1 szobás: 24,9 millió Ft",24.9,38.0,38 m²,1.0,Miskolc,2025-08-17,Téglalakás,Jó állapotú,Gáz (konvektor),1958.0,Nem adta meg a hirdető,,,,,,,,,,,
https://www.zenga.hu/ingatlan/elado-teglalakas-budapest-ix-kerulet-kozepso-ferencvaros/8660113?page=63&pos=13&cr=30,"Budapest IX. kerület eladó téglalakás 3+1 fél szobás: 98,9 millió Ft",98.9,99.0,99 m²,3.0,"Budapest IX. kerület, Középső Ferencváros, Boráros tér",2025-08-17,Téglalakás,Felújított,Gázkazán,,Nem adta meg a hirdető,,,4.0,,,,,,,,
https://www.zenga.hu/ingatlan/elado-teglalakas-hodmezovasarhely/8382392?page=63&pos=14&cr=30,"Hódmezővásárhely eladó téglalakás 1+1 fél szobás: 39,99 millió Ft",39.99,30.0,30 m²,1.0,Hódmezővásárhely,2025-08-17,Téglalakás,Új építésű,Hőszivattyú,2021.0,A+,,,,,,,,,,,
https://www.zenga.hu/ingatlan/elado-panellakas-szeged/8523464?page=63&pos=15&cr=30,"Szeged eladó panellakás 4 szobás: 62,5 millió Ft",62.5,68.0,68 m²,4.0,Szeged,2025-08-17,Panellakás,Jó állapotú,Távfűtés,1989.0,Nem adta meg a hirdető,,,,,,,,,,,
https://www.zenga.hu/ingatlan/elado-teglalakas-siofok-aranypart/8654254?page=63&pos=16&cr=30,Siófok eladó téglalakás 3 szobás: 112 millió Ft,112.0,62.0,62 m²,3.0,"Siófok, Aranypart",2025-08-17,Téglalakás,Újszerű,Mennyezeti hűtés-fűtés,2019.0,A++,,Van,5.0,,,,12 m²,,,,
https://www.zenga.hu/ingatlan/elado-teglalakas-budapest-xvi-kerulet/8589387?page=63&pos=17&cr=30,"Budapest XVI. kerület eladó téglalakás 2 szobás: 66,9 millió Ft",66.9,54.0,54 m²,2.0,Budapest XVI. kerület,2025-08-17,Téglalakás,Jó állapotú,,,,,,,,,,,,,,
https://www.zenga.hu/ingatlan/elado-teglalakas-mezohegyes/8656216?page=63&pos=18&cr=30,Mezőhegyes eladó téglalakás 2+1 fél szobás: 13 millió Ft,13.0,75.0,75 m²,2.0,Mezőhegyes,2025-08-17,Téglalakás,Jó állapotú,Házközponti,1960.0,Nem adta meg a hirdető,,,,,,,,,,,
https://www.zenga.hu/ingatlan/elado-teglalakas-budapest-vii-kerulet/8464497?page=63&pos=19&cr=30,,,,,,,2025-08-17,,,,,,,,,,,,,,,,
https://www.zenga.hu/ingatlan/elado-teglalakas-budapest-xi-kerulet-kelenvolgy/7441741?page=63&pos=20&cr=30,"Budapest XI. kerület eladó téglalakás 3 szobás: 99,81 millió Ft",99.81,68.0,68 m²,3.0,"Budapest XI. kerület, Kelenvölgy",2025-08-17,Téglalakás,Új építésű,Házközponti fűtés egyedi méréssel,2022.0,A++,,,,,,,,,,,
https://www.zenga.hu/ingatlan/elado-teglalakas-budapest-ix-kerulet/8654579?page=64&pos=1&cr=30,"Budapest IX. kerület eladó téglalakás 1 szobás: 64,9 millió Ft",64.9,36.0,36 m²,1.0,Budapest IX. kerület,2025-08-17,,,,,,,,,,,,,,,,
https://www.zenga.hu/ingatlan/elado-teglalakas-budapest-xvi-kerulet-petofikert/8653532?page=64&pos=2&cr=30,"Budapest XVI. kerület eladó téglalakás 1+1 fél szobás: 49,9 millió Ft",49.9,33.0,33 m²,1.0,"Budapest XVI. kerület, Petőfikert, Zsemlékes ut",2025-08-17,Téglalakás,Újszerű,,,,,,3.0,,,,,,,,
https://www.zenga.hu/ingatlan/elado-teglalakas-budapest-v-kerulet-belvaros/8620875?page=64&pos=3&cr=30,Budapest V. kerület eladó téglalakás 2 szobás: 80 millió Ft,80.0,56.0,56 m²,2.0,"Budapest V. kerület, Belváros",2025-08-17,Téglalakás,Felújítandó,Gáz (konvektor),1900.0,Nem adta meg a hirdető,,,,,,,,,,,
https://www.zenga.hu/ingatlan/elado-panellakas-budapest-xi-kerulet-gazdagret/8653219?page=64&pos=4&cr=30,,,,,,,2025-08-17,,,,,,,,,,,,,,,,
https://www.zenga.hu/ingatlan/elado-teglalakas-budapest-vii-kerulet/8620876?page=64&pos=5&cr=30,"Budapest VII. kerület eladó téglalakás 1 szobás: 45,5 millió Ft",45.5,32.0,32 m²,1.0,Budapest VII. kerület,2025-08-17,Téglalakás,Átlagos,Gáz (konvektor),1891.0,Nem adta meg a hirdető,,,,,,,,,,,
https://www.zenga.hu/ingatlan/elado-teglalakas-szolnok/8259740?page=64&pos=6&cr=30,"Szolnok eladó téglalakás 5 szobás: 58,5 millió Ft",58.5,150.0,150 m²,5.0,Szolnok,2025-08-17,Téglalakás,Újszerű,Gázkazán,,Nem adta meg a hirdető,,,1.0,,,,,,,,
https://www.zenga.hu/ingatlan/elado-teglalakas-budapest-xx-kerulet/8535689?page=64&pos=7&cr=30,"Budapest XX. kerület eladó téglalakás 2 szobás: 38,5 millió Ft",38.5,44.0,44 m²,2.0,Budapest XX. kerület,2025-08-17,Téglalakás,Jó állapotú,Gáz (konvektor),1950.0,Nem adta meg a hirdető,,,,,,,,,,,
https://www.zenga.hu/ingatlan/elado-teglalakas-pecs-belvaros/8572580?page=64&pos=8&cr=30,"Pécs eladó téglalakás 3 szobás: 69,9 millió Ft",69.9,87.0,87 m²,3.0,"Pécs, Belváros",2025-08-17,Téglalakás,Felújított,Gázkazán,1930.0,D,,,,,,,,,,,
https://www.zenga.hu/ingatlan/elado-teglalakas-budapest-xi-kerulet/8617683?page=64&pos=9&cr=30,Budapest XI. kerület eladó téglalakás 5 szobás: 216 millió Ft,216.0,116.0,116 m²,,,2025-08-17,,,,,,,,,,,,,,,,
https://www.zenga.hu/ingatlan/elado-teglalakas-budapest-xi-kerulet/8612901?page=64&pos=10&cr=30,Budapest XI. kerület eladó téglalakás 4 szobás: 179 millió Ft,179.0,96.0,96 m²,4.0,Budapest XI. kerület,2025-08-17,Téglalakás,Új építésű,,,Nem adta meg a hirdető,,,,,,,,,,,
https://www.zenga.hu/ingatlan/elado-csusztatott-zsalus-lakas-szekesfehervar-vizivaros/8475044?page=64&pos=11&cr=30,"Székesfehérvár eladó csúsztatott zsalus lakás 2 szobás: 49,99 millió Ft",49.99,54.0,54 m²,2.0,"Székesfehérvár, Víziváros",2025-08-17,Csúsztatott zsalus lakás,Átlagos,Távfűtés,1975.0,C,,,,,,,,,,,
https://www.zenga.hu/ingatlan/elado-panellakas-miskolc-belvaros/8618869?page=64&pos=12&cr=30,"Miskolc eladó panellakás 1+2 fél szobás: 31,9 millió Ft",31.9,55.0,55 m²,1.0,,2025-08-17,,,,,,,,,,,,,,,,
https://www.zenga.hu/ingatlan/elado-teglalakas-szeged-belvaros/8605354?page=64&pos=13&cr=30,"Szeged eladó téglalakás 1 szobás: 56,45 millió Ft",56.45,45.0,45 m²,1.0,"Szeged, Belváros",2025-08-17,Téglalakás,Felújított,Gáz (konvektor),,D,,,3.0,,,,,,,,
https://www.zenga.hu/ingatlan/elado-teglalakas-budapest-ii-kerulet-szemlohegy/8546635?page=64&pos=14&cr=30,"Budapest II. kerület eladó téglalakás 2 szobás: 149,9 millió Ft",149.9,75.0,75 m²,2.0,"Budapest II. kerület, Szemlőhegy",2025-08-17,Téglalakás,Felújított,Gázkazán,1985.0,Nem adta meg a hirdető,,,,,,,,,,,
https://www.zenga.hu/ingatlan/elado-teglalakas-budapest-vii-kerulet/8239913?page=64&pos=15&cr=30,"Budapest VII. kerület eladó téglalakás 3 szobás: 94,9 millió Ft",94.9,87.0,87 m²,3.0,Budapest VII. kerület,2025-08-17,Téglalakás,Jó állapotú,Gáz (konvektor),1900.0,Nem adta meg a hirdető,,,,,,,,,,,
https://www.zenga.hu/ingatlan/elado-teglalakas-budapest-ix-kerulet-kozepso-ferencvaros/8645604?page=64&pos=16&cr=30,Budapest IX. kerület eladó téglalakás 4+1 fél szobás: 139 millió Ft,139.0,139.0,139 m²,4.0,"Budapest IX. kerület, Középső Ferencváros, Üllői út",2025-08-17,Téglalakás,Jó állapotú,Gázkazán,,Nem adta meg a hirdető,,,5.0,"3,7 m²",,,,,,,
https://www.zenga.hu/ingatlan/elado-teglalakas-kecskemet/8643037?page=64&pos=17&cr=30,"Kecskemét eladó téglalakás 1+2 fél szobás: 63,9 millió Ft",63.9,72.0,72 m²,1.0,Kecskemét,2025-08-17,Téglalakás,Újszerű,Házközponti fűtés egyedi méréssel,2003.0,C,,,3.0,,,,15 m²,,,,
https://www.zenga.hu/ingatlan/elado-teglalakas-budapest-x-kerulet-ujhegy/8456488?page=64&pos=18&cr=30,,,,,,,2025-08-17,,,,,,,,,,,,,,,,
https://www.zenga.hu/ingatlan/elado-teglalakas-komarom/8638333?page=64&pos=19&cr=30,"Komárom eladó téglalakás 2 szobás: 24,9 millió Ft",24.9,62.0,62 m²,2.0,Komárom,2025-08-17,Téglalakás,Felújítandó,Központi fűtés,1960.0,Nem adta meg a hirdető,,,2.0,,,,,,,,
https://www.zenga.hu/ingatlan/elado-teglalakas-gyor-nadorvaros/8636994?page=64&pos=20&cr=30,"Győr eladó téglalakás 1+1 fél szobás: 51,9 millió Ft",51.9,42.0,42 m²,1.0,"Győr, Nádorváros",2025-08-17,Téglalakás,Újszerű,Gázkazán,2005.0,C,,Nincs,4.0,,20 000 Ft/hó,,,,,,
https://www.zenga.hu/ingatlan/elado-teglalakas-budapest-iv-kerulet-megyer/8636907?page=65&pos=1&cr=30,"Budapest IV. kerület eladó téglalakás 4 szobás: 117,5 millió Ft",117.5,94.0,94 m²,4.0,"Budapest IV. kerület, Megyer",2025-08-17,Téglalakás,Újszerű,Házközponti fűtés egyedi méréssel,2008.0,C,,Nincs,3.0,6 m²,40 Ft/hó,,,,,,
https://www.zenga.hu/ingatlan/elado-teglalakas-budapest-ix-kerulet-kozepso-ferencvaros/8635083?page=65&pos=2&cr=30,"Budapest IX. kerület eladó téglalakás 2+1 fél szobás: 85,98 millió Ft",85.98,60.0,60 m²,2.0,"Budapest IX. kerület, Középső Ferencváros, Ernő utca",2025-08-17,Téglalakás,Felújított,Házközponti fűtés egyedi méréssel,1975.0,D,,Nincs,7.0,3 m²,40 000 Ft/hó,,,,,,
https://www.zenga.hu/ingatlan/elado-panellakas-debrecen-tocoskert/8633288?page=65&pos=3&cr=30,Debrecen eladó panellakás 2 szobás: 55 millió Ft,55.0,54.0,54 m²,2.0,"Debrecen, Tócóskert",2025-08-17,Panellakás,Felújítandó,Távfűtés,1980.0,H,,Nincs,10.0,4 m²,40 000 Ft/hó,,,,,,
https://www.zenga.hu/ingatlan/elado-tarsashazi-lakas-erd-erdliget/7476888?page=65&pos=4&cr=30,"Érd eladó társasházi lakás 7 szobás: 215,89 millió Ft",215.89,174.0,174 m²,7.0,"Érd, Érdliget, Fürdő utca 7",2025-08-17,Társasházi lakás,Új építésű,Hőszivattyú,2024.0,,,,2.0,,,,,,,,
https://www.zenga.hu/ingatlan/elado-teglalakas-budapest-vi-kerulet-nagykoruton-beluli-terulet/8629732?page=65&pos=5&cr=30,Budapest VI. kerület eladó téglalakás 3 szobás: 199 millió Ft,199.0,80.0,80 m²,3.0,"Budapest VI. kerület, Nagykörúton belüli terület, Làzàr",2025-08-17,Téglalakás,Felújított,Padlófűtés,,C,,,5.0,"2,5 m²",20 000 Ft/hó,,,,,,
https://www.zenga.hu/ingatlan/elado-teglalakas-budapest-v-kerulet-belvaros/8625319?page=65&pos=7&cr=30,Budapest V. kerület eladó téglalakás 1+1 fél szobás: 135 millió Ft,135.0,84.0,84 m²,1.0,"Budapest V. kerület, Belváros, Bécsi utca",2025-08-17,Téglalakás,,,,,,,5.0,,,,,,,,
https://www.zenga.hu/ingatlan/elado-teglalakas-budapest-vii-kerulet/8618663?page=65&pos=8&cr=30,"Budapest VII. kerület eladó téglalakás 1 szobás: 41,5 millió Ft",41.5,30.0,30 m²,1.0,"Budapest VII. kerület, Garay utca 34",2025-08-17,Téglalakás,Jó állapotú,Gázkazán,,F,,,3.0,,,,,,,,
https://www.zenga.hu/ingatlan/elado-tarsashazi-lakas-kalocsa/8611441?page=65&pos=9&cr=30,"Kalocsa eladó társasházi lakás 2 szobás: 27,99 millió Ft",27.99,64.0,64 m²,2.0,Kalocsa,2025-08-17,Társasházi lakás,Jó állapotú,Gázkazán,,Nem adta meg a hirdető,,,1.0,,,,,,,,
https://www.zenga.hu/ingatlan/elado-teglalakas-balatonfured-belvaros/8432722?page=65&pos=10&cr=30,"Balatonfüred eladó téglalakás 2 szobás: 71,9 millió Ft",71.9,52.0,52 m²,2.0,"Balatonfüred, Belváros",2025-08-17,Téglalakás,Jó állapotú,Hőszivattyú,2013.0,Nem adta meg a hirdető,,Van,3.0,,,,15 m²,,,,
https://www.zenga.hu/ingatlan/elado-teglalakas-szolnok-tallinn-varosresz/8604154?page=65&pos=11&cr=30,"Szolnok eladó téglalakás 2 szobás: 22,9 millió Ft",22.9,54.0,54 m²,2.0,"Szolnok, Tallinn, Városmajor út",2025-08-17,Téglalakás,Felújítandó,Gáz (konvektor),1970.0,Nem adta meg a hirdető,,Nincs,4.0,3 m²,,,,,,,
https://www.zenga.hu/ingatlan/elado-teglalakas-dunaujvaros-belvaros/8594015?page=65&pos=12&cr=30,"Dunaújváros eladó téglalakás 2 szobás: 29,99 millió Ft",29.99,49.0,49 m²,2.0,"Dunaújváros, Belváros",2025-08-17,Téglalakás,Jó állapotú,Távfűtés egyedi méréssel,1953.0,Nem adta meg a hirdető,,,4.0,,28 000 Ft/hó,,,,,,
https://www.zenga.hu/ingatlan/elado-panellakas-tatabanya-ujvaros/8590557?page=65&pos=13&cr=30,"Tatabánya eladó panellakás 3 szobás: 37,99 millió Ft",37.99,64.0,64 m²,3.0,"Tatabánya, Újváros",2025-08-17,Panellakás,Felújított,Távfűtés,,Nem adta meg a hirdető,,,10.0,2 m²,,,,,,,
https://www.zenga.hu/ingatlan/elado-teglalakas-kormend-belvaros/8352691?page=65&pos=14&cr=30,"Körmend eladó téglalakás 2 szobás: 18,5 millió Ft",18.5,54.0,54 m²,2.0,"Körmend, Belváros",2025-08-17,Téglalakás,,,,,,,,,,,,,,,
https://www.zenga.hu/ingatlan/elado-teglalakas-jaszszentlaszlo/8503346?page=65&pos=15&cr=30,"Jászszentlászló eladó téglalakás 2 szobás: 16,9 millió Ft",16.9,52.0,52 m²,2.0,Jászszentlászló,2025-08-17,Téglalakás,Átlagos,Gáz (konvektor),1980.0,Nem adta meg a hirdető,,,1.0,6 m²,,,,,,,
https://www.zenga.hu/ingatlan/elado-teglalakas-tatabanya-sagvari-lakotelep/8568674?page=65&pos=17&cr=30,"Tatabánya eladó téglalakás 2 szobás: 36,9 millió Ft",36.9,55.0,55 m²,2.0,"Tatabánya, Ságvári-lakótelep",2025-08-17,Téglalakás,Jó állapotú,Távfűtés,,Nem adta meg a hirdető,,,4.0,3 m²,,,,,,,
https://www.zenga.hu/ingatlan/elado-tarsashazi-lakas-siofok-aranypart/8568642?page=65&pos=18&cr=30,"Siófok eladó társasházi lakás 2 szobás: 72,9 millió Ft",72.9,40.0,40 m²,2.0,"Siófok, Aranypart",2025-08-17,Társasházi lakás,Újszerű,Geotermikus,2017.0,A++,,Van,4.0,6 m²,,,,,,,
https://www.zenga.hu/ingatlan/elado-teglalakas-budapest-xi-kerulet-muegyetem-kornyeke/8444081?page=65&pos=20&cr=30,"Budapest XI. kerület eladó téglalakás 2+2 fél szobás: 94,9 millió Ft",94.9,60.0,60 m²,2.0,"Budapest XI. kerület, Műegyetem környéke",2025-08-17,Téglalakás,Átlagos,Elektromos,1930.0,Nem adta meg a hirdető,,,6.0,,,,,,,,
https://www.zenga.hu/ingatlan/elado-teglalakas-budapest-vi-kerulet-nagykoruton-kivuli-terulet/7250632?page=66&pos=1&cr=30,"Budapest VI. kerület eladó téglalakás 4 szobás: 154,9 millió Ft",154.9,128.0,128 m²,4.0,"Budapest VI. kerület, Nagykörúton kívüli terület, Eötvös utca",2025-08-17,Téglalakás,Jó állapotú,Gázkazán,1890.0,Nem adta meg a hirdető,,,5.0,,,,,,,,
https://www.zenga.hu/ingatlan/elado-teglalakas-szekszard/8661150?page=66&pos=2&cr=29,"Szekszárd eladó téglalakás 3 szobás: 59,5 millió Ft",59.5,84.0,84 m²,3.0,"Szekszárd, Tinódi utca",2025-08-17,Téglalakás,,Gázkazán,1994.0,Nem adta meg a hirdető,,,,,,,,,,,
https://www.zenga.hu/ingatlan/elado-teglalakas-szekszard/8667988?page=66&pos=3&cr=29,"Szekszárd eladó téglalakás 2 szobás: 29,9 millió Ft",29.9,54.0,54 m²,2.0,"Szekszárd, Kőrösi Csoma Sándor utca",2025-08-17,Téglalakás,,Gáz (konvektor),1976.0,Nem adta meg a hirdető,,,,,,,,,,,
https://www.zenga.hu/ingatlan/elado-teglalakas-hajduszoboszlo/8658054?page=66&pos=4&cr=29,"Hajdúszoboszló eladó téglalakás 2 szobás: 44,9 millió Ft",44.9,42.0,42 m²,2.0,Hajdúszoboszló,2025-08-17,Téglalakás,,Gázkazán,2005.0,Nem adta meg a hirdető,,,,"2,8 m²",,,,,,,
https://www.zenga.hu/ingatlan/elado-csusztatott-zsalus-lakas-szekszard-felsovaros/8662534?page=66&pos=5&cr=29,Szekszárd eladó csúsztatott zsalus lakás 2 szobás: 54 millió Ft,54.0,73.0,73 m²,2.0,"Szekszárd, Felsőváros",2025-08-17,Csúsztatott zsalus lakás,Újszerű,Elektromos,1980.0,Nem adta meg a hirdető,,,1.0,"3,8 m²",,,,,,,
https://www.zenga.hu/ingatlan/elado-teglalakas-budapest-xviii-kerulet-ganzkertvaros/8537108?page=66&pos=6&cr=29,Budapest XVIII. kerület eladó téglalakás 2 szobás: 55 millió Ft,55.0,43.0,43 m²,2.0,"Budapest XVIII. kerület, Ganzkertváros",2025-08-17,Téglalakás,Átlagos,Gázkazán,2004.0,Nem adta meg a hirdető,,,2.0,,,,,,,,
https://www.zenga.hu/ingatlan/elado-teglalakas-budapest-xviii-kerulet/8634336?page=66&pos=7&cr=29,Budapest XVIII. kerület eladó téglalakás 2 szobás: 52 millió Ft,52.0,57.0,57 m²,2.0,Budapest XVIII. kerület,2025-08-17,Téglalakás,Átlagos,Távfűtés egyedi méréssel,1965.0,Nem adta meg a hirdető,,,4.0,,,,,,,,
https://www.zenga.hu/ingatlan/elado-panellakas-budapest-xviii-kerulet/8515325?page=66&pos=8&cr=29,Budapest XVIII. kerület eladó panellakás 2+1 fél szobás: 52 millió Ft,52.0,53.0,53 m²,2.0,Budapest XVIII. kerület,2025-08-17,Panellakás,Átlagos,Távfűtés,1985.0,Nem adta meg a hirdető,,,10.0,,,,,,,,
https://www.zenga.hu/ingatlan/elado-panellakas-budapest-xviii-kerulet-liptaktelep/8553937?page=66&pos=9&cr=29,"Budapest XVIII. kerület eladó panellakás 2+1 fél szobás: 61,9 millió Ft",61.9,64.0,64 m²,2.0,"Budapest XVIII. kerület, Liptáktelep",2025-08-17,Panellakás,Átlagos,Házközponti fűtés egyedi méréssel,1995.0,Nem adta meg a hirdető,,,4.0,,,,,,,,
https://www.zenga.hu/ingatlan/elado-teglalakas-pomaz/8506183?page=66&pos=10&cr=29,"Pomáz eladó téglalakás 1+1 fél szobás: 34,9 millió Ft",34.9,30.0,30 m²,1.0,Pomáz,2025-08-17,Téglalakás,Felújított,Elektromos,1985.0,Nem adta meg a hirdető,,,1.0,,,,3 m²,,,,
https://www.zenga.hu/ingatlan/elado-teglalakas-varpalota/8668013?page=66&pos=11&cr=28,"Várpalota eladó téglalakás 2 szobás: 34,7 millió Ft",34.7,54.0,54 m²,2.0,"Várpalota, Mátyás király utca",2025-08-17,Téglalakás,,Távfűtés egyedi méréssel,1962.0,Nem adta meg a hirdető,,,,"2,5 m²",,,,,,,
https://www.zenga.hu/ingatlan/elado-teglalakas-balatonfured-belvaros/8662282?page=66&pos=12&cr=28,"Balatonfüred eladó téglalakás 2 szobás: 48,9 millió Ft",48.9,54.0,54 m²,2.0,"Balatonfüred, Belváros",2025-08-17,Téglalakás,,Elektromos,1979.0,Nem adta meg a hirdető,,,,"3,7 m²",,,,,,,
https://www.zenga.hu/ingatlan/elado-teglalakas-siofok-fokihegy/8597793?page=66&pos=13&cr=28,"Siófok eladó téglalakás 3 szobás: 63,5 millió Ft",63.5,76.0,76 m²,3.0,"Siófok, Fokihegy",2025-08-17,Téglalakás,Felújított,Gázkazán,,Nem adta meg a hirdető,,,3.0,5 m²,,,,,,,
https://www.zenga.hu/ingatlan/elado-csusztatott-zsalus-lakas-tapolca-keleti-varosresz/8661114?page=66&pos=14&cr=28,"Tapolca eladó csúsztatott zsalus lakás 2 szobás: 31,9 millió Ft",31.9,57.0,57 m²,2.0,"Tapolca, Keleti városrész",2025-08-17,Csúsztatott zsalus lakás,,Házközponti fűtés egyedi méréssel,1970.0,Nem adta meg a hirdető,,,,6 m²,,,,,,,
https://www.zenga.hu/ingatlan/elado-teglalakas-papa/8668454?page=66&pos=15&cr=28,"Pápa eladó téglalakás 2 szobás: 21,5 millió Ft",21.5,72.0,72 m²,2.0,Pápa,2025-08-17,Téglalakás,,Cserépkályha,,,,,,,,,,,,,
https://www.zenga.hu/ingatlan/elado-teglalakas-balatonfuzfo/8665753?page=66&pos=16&cr=28,"Balatonfűzfő eladó téglalakás 2 szobás: 46,9 millió Ft",46.9,57.0,57 m²,2.0,Balatonfűzfő,2025-08-17,Téglalakás,Jó állapotú,Elektromos,1980.0,Nem adta meg a hirdető,,,2.0,15 m²,,,,,,,
https://www.zenga.hu/ingatlan/elado-teglalakas-pecs-egyetemvaros/8398699?page=66&pos=17&cr=26,"Pécs eladó téglalakás 2 szobás: 56,72 millió Ft",56.72,44.0,44 m²,2.0,"Pécs, Egyetemváros",2025-08-17,Téglalakás,Új építésű,Hőszivattyú,2024.0,A++,,,,,,,,,,,
https://www.zenga.hu/ingatlan/elado-teglalakas-veresegyhaz/8486770?page=66&pos=18&cr=26,"Veresegyház eladó téglalakás 2 szobás: 58,9 millió Ft",58.9,51.0,51 m²,2.0,Veresegyház,2025-08-17,Téglalakás,Átlagos,Gázkazán,2011.0,Nem adta meg a hirdető,,,,,,,,,,,
https://www.zenga.hu/ingatlan/elado-teglalakas-budapest-iv-kerulet/8667448?page=66&pos=19&cr=26,"Budapest IV. kerület eladó téglalakás 1 szobás: 29,9 millió Ft",29.9,31.0,31 m²,1.0,Budapest IV. kerület,2025-08-17,Téglalakás,Jó állapotú,Gáz (konvektor),1950.0,Nem adta meg a hirdető,,,,,,,,,,,
https://www.zenga.hu/ingatlan/elado-teglalakas-heviz/8597645?page=66&pos=20&cr=26,"Hévíz eladó téglalakás 1 szobás: 28,8 millió Ft",28.8,29.0,29 m²,1.0,Hévíz,2025-08-17,Téglalakás,Jó állapotú,Elektromos,2005.0,Nem adta meg a hirdető,,,1.0,,,,,,,,
https://www.zenga.hu/ingatlan/elado-teglalakas-budapest-ii-kerulet-vizivaros-ii-ker/8589653?page=67&pos=1&cr=26,,,,,,,2025-08-17,,,,,,,,,,,,,,,,
https://www.zenga.hu/ingatlan/elado-teglalakas-budapest-vii-kerulet/8589655?page=67&pos=2&cr=26,,,,,,,2025-08-17,,,,,,,,,,,,,,,,
https://www.zenga.hu/ingatlan/elado-teglalakas-veszprem/8436016?page=67&pos=3&cr=26,Veszprém eladó téglalakás 2+1 fél szobás: 65 millió Ft,65.0,65.0,65 m²,2.0,Veszprém,2025-08-17,Téglalakás,Átlagos,Gázkazán,1959.0,Nem adta meg a hirdető,,,,,,,,,,,
https://www.zenga.hu/ingatlan/elado-egyeb-lakas-budapest-ii-kerulet/8621922?page=67&pos=4&cr=26,Budapest II. kerület eladó egyéb lakás 4 szobás: 429 millió Ft,429.0,139.0,139 m²,4.0,Budapest II. kerület,2025-08-17,Egyéb lakás,,,2006.0,Nem adta meg a hirdető,,,,,,,,,,,
https://www.zenga.hu/ingatlan/elado-teglalakas-budapest-i-kerulet/8540510?page=67&pos=5&cr=26,,,,,,,2025-08-17,,,,,,,,,,,,,,,,
https://www.zenga.hu/ingatlan/elado-panellakas-budapest-xix-kerulet-kispest-lakotelep/8646544?page=67&pos=6&cr=26,"Budapest XIX. kerület eladó panellakás 1+2 fél szobás: 62,9 millió Ft",62.9,59.0,59 m²,1.0,"Budapest XIX. kerület, Kispest lakótelep",2025-08-17,,,,,,,,,,,,,,,,
https://www.zenga.hu/ingatlan/elado-teglalakas-ajka/8433299?page=67&pos=7&cr=26,"Ajka eladó téglalakás 2 szobás: 41,9 millió Ft",41.9,63.0,63 m²,2.0,Ajka,2025-08-17,,,,,,,,,,,,,,,,
https://www.zenga.hu/ingatlan/elado-egyeb-lakas-celldomolk/8296579?page=67&pos=8&cr=26,"Celldömölk eladó egyéb lakás 4 szobás: 29,9 millió Ft",29.9,155.0,155 m²,4.0,Celldömölk,2025-08-17,Egyéb lakás,Átlagos,,1950.0,Nem adta meg a hirdető,,,,,,,,,,,
https://www.zenga.hu/ingatlan/elado-teglalakas-budapest-viii-kerulet/8570106?page=67&pos=9&cr=26,Budapest VIII. kerület eladó téglalakás 3 szobás: 90 millió Ft,90.0,90.0,,,,2025-08-17,,,,,,,,,,,,,,,,
https://www.zenga.hu/ingatlan/elado-teglalakas-pecs/8442019?page=67&pos=10&cr=25,"Pécs eladó téglalakás 2 szobás: 52,9 millió Ft",52.9,56.0,56 m²,2.0,Pécs,2025-08-17,Téglalakás,Jó állapotú,Távfűtés,1983.0,G,,,,,,,,,,,
https://www.zenga.hu/ingatlan/elado-teglalakas-szeged-felsovaros/8567649?page=67&pos=11&cr=25,Szeged eladó téglalakás 4 szobás: 158 millió Ft,158.0,207.0,207 m²,4.0,"Szeged, Felsőváros",2025-08-17,,,,,,,,,,,,,,,,
https://www.zenga.hu/ingatlan/elado-teglalakas-budapest-xx-kerulet/8669247?page=67&pos=13&cr=25,"Budapest XX. kerület eladó téglalakás 2 szobás: 69,9 millió Ft",69.9,68.0,68 m²,2.0,Budapest XX. kerület,2025-08-17,Téglalakás,Átlagos,Gáz (konvektor),,Nem adta meg a hirdető,,,3.0,,,,,,,,
https://www.zenga.hu/ingatlan/elado-teglalakas-siofok/8598256?page=67&pos=14&cr=25,"Siófok eladó téglalakás 2+2 fél szobás: 69,9 millió Ft",69.9,84.0,84 m²,2.0,Siófok,2025-08-17,Téglalakás,Átlagos,Gáz (konvektor),1980.0,Nem adta meg a hirdető,,,1.0,3 m²,,,,,,,
https://www.zenga.hu/ingatlan/elado-teglalakas-zalacsany/8598016?page=67&pos=15&cr=25,Zalacsány eladó téglalakás 3 szobás: 59 millió Ft,59.0,69.0,69 m²,3.0,Zalacsány,2025-08-17,Téglalakás,Új építésű,Padlófűtés,2021.0,Nem adta meg a hirdető,,,,,,,,,,,
https://www.zenga.hu/ingatlan/elado-teglalakas-kaposvar-belvaros/8600059?page=67&pos=16&cr=25,"Kaposvár eladó téglalakás 2 szobás: 26,5 millió Ft",26.5,48.0,48 m²,2.0,"Kaposvár, Belváros",2025-08-17,Téglalakás,Jó állapotú,Gáz (konvektor),1950.0,Nem adta meg a hirdető,,,1.0,,,,,,,,
https://www.zenga.hu/ingatlan/elado-teglalakas-siofok-ezustpart/8601256?page=67&pos=17&cr=25,Siófok eladó téglalakás 2 szobás: 89 millió Ft,89.0,57.0,57 m²,2.0,"Siófok, Ezüstpart",2025-08-17,Téglalakás,Újszerű,Gázkazán,2005.0,Nem adta meg a hirdető,,,1.0,11 m²,,,,,,,
https://www.zenga.hu/ingatlan/elado-teglalakas-debrecen-hatvan-utcai-kert/8636791?page=67&pos=18&cr=25,"Debrecen eladó téglalakás 3 szobás: 89,9 millió Ft",89.9,66.0,66 m²,3.0,"Debrecen, Hatvan utcai kert",2025-08-17,Téglalakás,Újszerű,,,Nem adta meg a hirdető,,,,,,,,,,,
https://www.zenga.hu/ingatlan/elado-teglalakas-debrecen-belvaros/8629423?page=67&pos=19&cr=25,"Debrecen eladó téglalakás 3 szobás: 64,9 millió Ft",64.9,72.0,72 m²,3.0,"Debrecen, Belváros",2025-08-17,Téglalakás,Felújított,,,Nem adta meg a hirdető,,,,,,,,,,,
https://www.zenga.hu/ingatlan/elado-teglalakas-siofok-ezustpart/7117848?page=67&pos=20&cr=25,"Eladó 2 szobás téglalakás 80,82 millió Ft értékben Siófokon - Dingi lakóparkban",80.82,50.0,50 m²,2.0,"Siófok, Ezüstpart",2025-08-17,Téglalakás,Új építésű,Hőszivattyú,2024.0,Nem adta meg a hirdető,,,,,,2025. 3. negyedév,19 m²,,,,
https://www.zenga.hu/ingatlan/elado-teglalakas-kaposvar-belvaros/8600059?page=68&pos=1&cr=25,"Kaposvár eladó téglalakás 2 szobás: 26,5 millió Ft",26.5,48.0,48 m²,2.0,"Kaposvár, Belváros",2025-08-17,Téglalakás,Jó állapotú,Gáz (konvektor),1950.0,Nem adta meg a hirdető,,,1.0,,,,,,,,
https://www.zenga.hu/ingatlan/elado-teglalakas-siofok-ezustpart/8601256?page=68&pos=2&cr=25,Siófok eladó téglalakás 2 szobás: 89 millió Ft,89.0,57.0,57 m²,2.0,"Siófok, Ezüstpart",2025-08-17,Téglalakás,Újszerű,Gázkazán,2005.0,Nem adta meg a hirdető,,,1.0,11 m²,,,,,,,
https://www.zenga.hu/ingatlan/elado-teglalakas-debrecen-epreskert/8605844?page=68&pos=3&cr=25,"Debrecen eladó téglalakás 2 szobás: 56,5 millió Ft",56.5,53.0,53 m²,2.0,"Debrecen, Epreskert",2025-08-17,Téglalakás,Jó állapotú,Gázkazán,1968.0,C,,,4.0,3 m²,,,,,,,
https://www.zenga.hu/ingatlan/elado-teglalakas-budapest-xiv-kerulet-herminamezo/8623888?page=68&pos=4&cr=25,Budapest XIV. kerület eladó téglalakás 4 szobás: 85 millió Ft,85.0,115.0,115 m²,4.0,"Budapest XIV. kerület, Herminamező, Thököly út",2025-08-17,Téglalakás,Átlagos,Gázkazán,,Nem adta meg a hirdető,,,1.0,4 m²,,,,,,,
https://www.zenga.hu/ingatlan/elado-teglalakas-gyor-nadorvaros/8622735?page=68&pos=5&cr=25,"Győr eladó téglalakás 2+1 fél szobás: 84,9 millió Ft",84.9,75.0,75 m²,2.0,"Győr, Nádorváros",2025-08-17,Téglalakás,Jó állapotú,Távfűtés,,Nem adta meg a hirdető,,,3.0,,30 000 Ft/hó,,,,,,
https://www.zenga.hu/ingatlan/elado-teglalakas-budapest-vi-kerulet/8557994?page=68&pos=6&cr=25,"Budapest VI. kerület eladó téglalakás 2+1 fél szobás: 109,9 millió Ft",109.9,104.0,104 m²,2.0,Budapest VI. kerület,2025-08-17,Téglalakás,,,1950.0,Nem adta meg a hirdető,,,3.0,,,,,,,,
https://www.zenga.hu/ingatlan/elado-teglalakas-budapest-vii-kerulet/8522076?page=68&pos=7&cr=25,,,,,,,2025-08-17,,,,,,,,,,,,,,,,
https://www.zenga.hu/ingatlan/elado-teglalakas-budapest-vii-kerulet/8548000?page=68&pos=8&cr=25,"Budapest VII. kerület eladó téglalakás 3+1 fél szobás: 89,99 millió Ft",89.99,104.0,104 m²,3.0,Budapest VII. kerület,2025-08-17,,,,,,,,,,,,,,,,
https://www.zenga.hu/ingatlan/elado-teglalakas-debrecen-belvaros/8548462?page=68&pos=9&cr=25,Debrecen eladó téglalakás 3 szobás: 100 millió Ft,100.0,72.0,72 m²,3.0,"Debrecen, Belváros",2025-08-17,Téglalakás,Újszerű,Házközponti fűtés egyedi méréssel,2018.0,Nem adta meg a hirdető,,,,,,,,,,,
https://www.zenga.hu/ingatlan/elado-teglalakas-budapest-viii-kerulet/8653677?page=68&pos=10&cr=25,,,,,,,2025-08-17,,,,,,,,,,,,,,,,
https://www.zenga.hu/ingatlan/elado-teglalakas-budapest-vii-kerulet/8430740?page=68&pos=11&cr=25,"Budapest VII. kerület eladó téglalakás 5 szobás: 179,9 millió Ft",,,,,,2025-08-17,,,,,,,,,,,,,,,,
https://www.zenga.hu/ingatlan/elado-panellakas-ajka/8589472?page=68&pos=12&cr=25,Ajka eladó panellakás 2 szobás: 33 millió Ft,33.0,54.0,54 m²,2.0,Ajka,2025-08-17,Panellakás,Jó állapotú,Távfűtés egyedi méréssel,1981.0,Nem adta meg a hirdető,,,,,,,,,,,
https://www.zenga.hu/ingatlan/elado-teglalakas-balatonfoldvar/8223176?page=68&pos=13&cr=25,"Balatonföldvár eladó téglalakás 2+1 fél szobás: 145,4 millió Ft",145.4,118.0,118 m²,2.0,Balatonföldvár,2025-08-17,Téglalakás,Új építésű,Egyéb,2023.0,Nem adta meg a hirdető,,,,,,,,,,,
https://www.zenga.hu/ingatlan/elado-teglalakas-szombathely/8577128?page=68&pos=14&cr=25,"Szombathely eladó téglalakás 2 szobás: 27,7 millió Ft",27.7,35.0,35 m²,2.0,Szombathely,2025-08-17,Téglalakás,Jó állapotú,Gáz (konvektor),1950.0,Nem adta meg a hirdető,,,,,,,,,,,
https://www.zenga.hu/ingatlan/elado-panellakas-miskolc-belvaros/8544349?page=68&pos=15&cr=25,"Miskolc eladó panellakás 3+1 fél szobás: 38,9 millió Ft",38.9,63.0,63 m²,3.0,"Miskolc, Belváros",2025-08-17,Panellakás,Jó állapotú,Távfűtés egyedi méréssel,1993.0,C,,,,,,,,,,,
https://www.zenga.hu/ingatlan/elado-teglalakas-debrecen-mikloskapu/8654421?page=68&pos=16&cr=25,"Debrecen eladó téglalakás 3 szobás: 99,9 millió Ft",99.9,72.0,72 m²,3.0,"Debrecen, Miklóskapu",2025-08-17,Téglalakás,,,,,,,3.0,,,,,,,,
https://www.zenga.hu/ingatlan/elado-teglalakas-budapest-vi-kerulet/8652672?page=68&pos=17&cr=25,Budapest VI. kerület eladó téglalakás 1 szobás: 61 millió Ft,61.0,33.0,33 m²,1.0,Budapest VI. kerület,2025-08-17,Téglalakás,Átlagos,,1909.0,Nem adta meg a hirdető,,,5.0,,,,,,,,
https://www.zenga.hu/ingatlan/elado-teglalakas-szolnok/7331527?page=68&pos=18&cr=25,"Szolnok eladó téglalakás 3 szobás: 28,9 millió Ft",28.9,74.0,74 m²,3.0,Szolnok,2025-08-17,Téglalakás,Újszerű,Gáz (konvektor),1977.0,Nem adta meg a hirdető,,,,,,,,,,,
https://www.zenga.hu/ingatlan/elado-teglalakas-pecs/8480003?page=68&pos=19&cr=25,Pécs eladó téglalakás 4 szobás: 120 millió Ft,120.0,138.0,138 m²,4.0,Pécs,2025-08-17,Téglalakás,Felújított,Gázkazán,1960.0,Nem adta meg a hirdető,,,,,,,,,,,
https://www.zenga.hu/ingatlan/elado-teglalakas-mezohegyes/8639177?page=68&pos=20&cr=25,"Mezőhegyes eladó téglalakás 2 szobás: 7,8 millió Ft",7.8,53.0,53 m²,2.0,Mezőhegyes,2025-08-17,Téglalakás,Jó állapotú,Gáz (konvektor),1960.0,Nem adta meg a hirdető,,,,,,,,,,,
https://www.zenga.hu/ingatlan/elado-teglalakas-mezohegyes/8639194?page=69&pos=1&cr=25,"Mezőhegyes eladó téglalakás 2+1 fél szobás: 13,9 millió Ft",13.9,75.0,75 m²,2.0,Mezőhegyes,2025-08-17,Téglalakás,Jó állapotú,Elektromos,1980.0,I,,,,,,,,,,,
https://www.zenga.hu/ingatlan/elado-csusztatott-zsalus-lakas-budapest-ii-kerulet-torokvesz/8572539?page=69&pos=2&cr=25,"Budapest II. kerület eladó csúsztatott zsalus lakás 2 szobás: 89,9 millió Ft",89.9,70.0,70 m²,2.0,"Budapest II. kerület, Törökvész",2025-08-17,Csúsztatott zsalus lakás,Átlagos,Házközponti,1970.0,Nem adta meg a hirdető,,,,,,,,,,,
https://www.zenga.hu/ingatlan/elado-teglalakas-debrecen-nagyerdoalja/8602550?page=69&pos=3&cr=25,"Debrecen eladó téglalakás 2 szobás: 73,97 millió Ft",73.97,63.0,63 m²,2.0,"Debrecen, Nagyerdőalja",2025-08-17,Téglalakás,Újszerű,Házközponti fűtés egyedi méréssel,2014.0,B,,Nincs,3.0,,,,5 m²,,,,
https://www.zenga.hu/ingatlan/elado-teglalakas-budapest-vi-kerulet-nagykoruton-kivuli-terulet/8540169?page=69&pos=4&cr=25,Budapest VI. kerület eladó téglalakás 3 szobás: 120 millió Ft,,,,,,2025-08-17,,,,,,,,,,,,,,,,
https://www.zenga.hu/ingatlan/elado-teglalakas-budapest-vii-kerulet-nagykoruton-kivuli-terulet/8643606?page=69&pos=5&cr=25,"Budapest VII. kerület eladó téglalakás 2+1 fél szobás: 81,5 millió Ft",81.5,60.0,60 m²,2.0,"Budapest VII. kerület, Külső-Erzsébetváros, Rózsák tere",2025-08-17,Téglalakás,Felújított,Gázkazán,,Nem adta meg a hirdető,,,3.0,,30 000 Ft/hó,,,,,,
https://www.zenga.hu/ingatlan/elado-panellakas-debrecen-venkert/8639424?page=69&pos=6&cr=25,"Debrecen eladó panellakás 4 szobás: 69,9 millió Ft",69.9,68.0,68 m²,4.0,"Debrecen, Vénkert",2025-08-17,Panellakás,Felújított,Távfűtés egyedi méréssel,1980.0,Nem adta meg a hirdető,,,,,,,,,,,
https://www.zenga.hu/ingatlan/elado-teglalakas-debrecen-belvaros/8594706?page=69&pos=7&cr=25,"Debrecen eladó téglalakás 3 szobás: 98,9 millió Ft",98.9,84.0,84 m²,3.0,"Debrecen, Belváros",2025-08-17,Téglalakás,Jó állapotú,Gázkazán,1900.0,Nem adta meg a hirdető,,,,,,,,,,,
https://www.zenga.hu/ingatlan/elado-teglalakas-hajdunanas/8641254?page=69&pos=8&cr=25,"Hajdúnánás eladó téglalakás 2 szobás: 66,5 millió Ft",66.5,72.0,72 m²,2.0,"Hajdúnánás, Bocskai",2025-08-17,Téglalakás,Új építésű,Hőszivattyú,2025.0,Nem adta meg a hirdető,,Van,2.0,19 m²,,,,,,,
https://www.zenga.hu/ingatlan/elado-teglalakas-hajdunanas-szolooldal/8641256?page=69&pos=9&cr=25,Hajdúnánás eladó téglalakás 3 szobás: 80 millió Ft,80.0,92.0,92 m²,3.0,"Hajdúnánás, Szőlőoldal, bocskai",2025-08-17,Téglalakás,Új építésű,Hőszivattyú,2025.0,Nem adta meg a hirdető,,Van,2.0,11 m²,,,,,,,
https://www.zenga.hu/ingatlan/elado-teglalakas-szeged-alsovaros/8520234?page=69&pos=11&cr=25,,,,,,,2025-08-17,,,,,,,,,,,,,,,,
https://www.zenga.hu/ingatlan/elado-teglalakas-siofok-fokihegy/8629943?page=69&pos=12&cr=25,"Siófok eladó téglalakás 1+2 fél szobás: 57,9 millió Ft",57.9,64.0,64 m²,1.0,"Siófok, Fokihegy",2025-08-17,Téglalakás,Jó állapotú,Gáz (konvektor),1991.0,Nem adta meg a hirdető,,Nincs,3.0,4 m²,,,,,,,
https://www.zenga.hu/ingatlan/elado-panellakas-pecs-kertvaros/8609351?page=69&pos=13&cr=25,Pécs eladó panellakás 2+2 fél szobás: 54 millió Ft,54.0,77.0,77 m²,2.0,"Pécs, Kertváros",2025-08-17,Panellakás,Felújított,Távfűtés,1982.0,Nem adta meg a hirdető,,,4.0,3 m²,,,,,,,
https://www.zenga.hu/ingatlan/elado-teglalakas-balatonlelle/8424240?page=69&pos=14&cr=25,"Eladó 2 szobás téglalakás 74,99 millió Ft értékben Balatonlellén - My Lelle Residence lakóparkban",74.99,56.0,56 m²,2.0,Balatonlelle,2025-08-17,Téglalakás,Új építésű,Padlófűtés,,A,,,3.0,15 m²,,2026. 2. negyedév,18 m²,,,,
https://www.zenga.hu/ingatlan/elado-teglalakas-debrecen-nagyerdoalja/8581282?page=69&pos=15&cr=25,,,,,,,2025-08-17,,,,,,,,,,,,,,,,
https://www.zenga.hu/ingatlan/elado-teglalakas-debrecen-juliatelep/8512055?page=69&pos=16&cr=25,Debrecen eladó téglalakás 5 szobás: 139 millió Ft,139.0,125.0,125 m²,5.0,"Debrecen, Júliatelep",2025-08-17,Téglalakás,Új építésű,Hőszivattyú,2025.0,A++,,,2.0,65 m²,,,,,,,
https://www.zenga.hu/ingatlan/elado-teglalakas-budapest-xi-kerulet/8291083?page=69&pos=17&cr=25,"Budapest XI. kerület eladó téglalakás 4 szobás: 398,8 millió Ft",398.8,300.0,300 m²,4.0,Budapest XI. kerület,2025-08-17,Téglalakás,Újszerű,Gázkazán,,,,,6.0,,,,,,,,
https://www.zenga.hu/ingatlan/elado-teglalakas-budapest-xvi-kerulet-rakosszentmihaly/8554249?page=69&pos=18&cr=25,"Budapest XVI. kerület eladó téglalakás 2 szobás: 74,9 millió Ft",74.9,44.0,44 m²,2.0,"Budapest XVI. kerület, Rákosszentmihály, Szentgyörgytelep",2025-08-17,Téglalakás,,,,,,,,,,,,,,,
https://www.zenga.hu/ingatlan/elado-teglalakas-budapest-xvi-kerulet-rakosszentmihaly/8554333?page=69&pos=19&cr=25,"Budapest XVI. kerület eladó téglalakás 2+1 fél szobás: 69,9 millió Ft",69.9,42.0,42 m²,2.0,"Budapest XVI. kerület, Rákosszentmihály, Szentgyörgytelep",2025-08-17,Téglalakás,Új építésű,Padlófűtés,2024.0,Nem adta meg a hirdető,,,1.0,4 m²,,,,,,,
https://www.zenga.hu/ingatlan/elado-teglalakas-balatonlelle/8381935?page=69&pos=20&cr=25,"Balatonlelle eladó téglalakás 3 szobás: 49,99 millió Ft",49.99,70.0,70 m²,3.0,Balatonlelle,2025-08-17,Téglalakás,Újszerű,Gázkazán,,Nem adta meg a hirdető,,,3.0,,,,,,,,
https://www.zenga.hu/ingatlan/elado-teglalakas-budapest-ix-kerulet-belso-ferencvaros/8518540?page=70&pos=1&cr=25,Budapest IX. kerület eladó téglalakás 2+1 fél szobás: 75 millió Ft,75.0,72.0,72 m²,2.0,"Budapest IX. kerület, Belső Ferencváros",2025-08-17,Téglalakás,Átlagos,Gáz (konvektor),,Nem adta meg a hirdető,,,3.0,,,,,,,,
https://www.zenga.hu/ingatlan/elado-tarsashazi-lakas-budapest-vii-kerulet-nagykoruton-kivuli-terulet/8460308?page=70&pos=2&cr=25,"Budapest VII. kerület eladó társasházi lakás 3 szobás: 124,9 millió Ft",124.9,68.0,68 m²,3.0,"Budapest VII. kerület, Külső-Erzsébetváros",2025-08-17,Társasházi lakás,Újszerű,Hőszivattyú,2020.0,Nem adta meg a hirdető,,,5.0,,,,,,,,
https://www.zenga.hu/ingatlan/elado-teglalakas-baja-belvaros/8362297?page=70&pos=3&cr=25,Baja eladó téglalakás 3 szobás: 50 millió Ft,50.0,89.0,89 m²,3.0,"Baja, Belváros, Gaál Péter utca",2025-08-17,Téglalakás,Jó állapotú,Gázkazán,,Nem adta meg a hirdető,,,1.0,,,,18 m²,,,,
https://www.zenga.hu/ingatlan/elado-panellakas-almasfuzito/8669829?page=70&pos=4&cr=23,"Almásfüzitő eladó panellakás 2 szobás: 33,9 millió Ft",33.9,56.0,56 m²,2.0,Almásfüzitő,2025-08-17,Panellakás,,Távfűtés egyedi méréssel,1975.0,Nem adta meg a hirdető,,,,,,,,,,,
https://www.zenga.hu/ingatlan/elado-teglalakas-budapest-vi-kerulet/8669217?page=70&pos=5&cr=23,"Budapest VI. kerület eladó téglalakás 1 szobás: 46,5 millió Ft",46.5,26.0,26 m²,1.0,"Budapest VI. kerület, Zichy Jenő utca",2025-08-17,Téglalakás,Felújított,,,Nem adta meg a hirdető,,,,,,,,,,,
https://www.zenga.hu/ingatlan/elado-teglalakas-tokodaltaro/8667105?page=70&pos=6&cr=23,"Tokodaltáró eladó téglalakás 2 szobás: 25,5 millió Ft",25.5,69.0,69 m²,2.0,Tokodaltáró,2025-08-17,Téglalakás,Újszerű,Egyéb,1960.0,Nem adta meg a hirdető,,,1.0,"9,3 m²",,,,,,,
https://www.zenga.hu/ingatlan/elado-teglalakas-komarom/8663415?page=70&pos=7&cr=23,"Komárom eladó téglalakás 1 szobás: 30,9 millió Ft",30.9,27.0,27 m²,1.0,Komárom,2025-08-17,Téglalakás,,Házközponti fűtés egyedi méréssel,1969.0,Nem adta meg a hirdető,,,,,,,,,,,
https://www.zenga.hu/ingatlan/elado-teglalakas-hidasnemeti/8664178?page=70&pos=8&cr=23,"Hidasnémeti eladó téglalakás 2 szobás: 16,9 millió Ft",16.9,68.0,68 m²,2.0,Hidasnémeti,2025-08-17,Téglalakás,,Gázkazán,1970.0,Nem adta meg a hirdető,,,,,,,,,,,
https://www.zenga.hu/ingatlan/elado-teglalakas-hidasnemeti/8664177?page=70&pos=9&cr=23,"Hidasnémeti eladó téglalakás 2 szobás: 16,9 millió Ft",16.9,68.0,68 m²,2.0,Hidasnémeti,2025-08-17,Téglalakás,,Gázkazán,1968.0,Nem adta meg a hirdető,,,,,,,,,,,
https://www.zenga.hu/ingatlan/elado-teglalakas-budapest-iv-kerulet-ujpest/8593467?page=70&pos=10&cr=23,"Budapest IV. kerület eladó téglalakás 2+1 fél szobás: 51,9 millió Ft",51.9,55.0,55 m²,2.0,"Budapest IV. kerület, Újpest",2025-08-17,Téglalakás,Átlagos,,,Nem adta meg a hirdető,,,,,,,,,,,
https://www.zenga.hu/ingatlan/elado-teglalakas-tiszaujvaros/8653907?page=70&pos=11&cr=23,"Tiszaújváros eladó téglalakás 3 szobás: 31,9 millió Ft",31.9,76.0,76 m²,3.0,"Tiszaújváros, Tiszapart",2025-08-17,Téglalakás,Újszerű,Házközponti,1982.0,D,,,3.0,,,,,,,,
https://www.zenga.hu/ingatlan/elado-panellakas-budapest-xv-kerulet-ujpalota/8657351?page=70&pos=12&cr=23,,,,,,,2025-08-17,,,,,,,,,,,,,,,,
https://www.zenga.hu/ingatlan/elado-teglalakas-budapest-xi-kerulet-hosszuret/8653113?page=70&pos=13&cr=23,"Budapest XI. kerület eladó téglalakás 2 szobás: 87,5 millió Ft",87.5,48.0,,,,2025-08-17,,,,,,,,,,,,,,,,
https://www.zenga.hu/ingatlan/elado-teglalakas-gyomro-klotildtelep/8506172?page=70&pos=14&cr=23,Gyömrő eladó téglalakás 2+2 fél szobás: 68 millió Ft,68.0,75.0,75 m²,2.0,"Gyömrő, Klotildtelep",2025-08-17,Téglalakás,Felújított,Gázkazán,2006.0,Nem adta meg a hirdető,,,1.0,,,,,,,,
https://www.zenga.hu/ingatlan/elado-teglalakas-budapest-vi-kerulet-diplomatanegyed/8639723?page=70&pos=15&cr=22,"Budapest VI. kerület eladó téglalakás 2 szobás: 249,9 millió Ft",249.9,79.0,79 m²,2.0,"Budapest VI. kerület, Diplomatanegyed",2025-08-17,Téglalakás,Felújított,Elektromos,1882.0,C,,,,,,,,,,,
https://www.zenga.hu/ingatlan/elado-teglalakas-szombathely-belvaros/8450278?page=70&pos=16&cr=22,"Szombathely eladó téglalakás 2 szobás: 33,9 millió Ft",33.9,60.0,60 m²,2.0,"Szombathely, Belváros, Széll Kálmán utca",2025-08-17,Téglalakás,,Gáz (konvektor),1958.0,Nem adta meg a hirdető,,,,,,,,,,,
https://www.zenga.hu/ingatlan/elado-teglalakas-szolnok-belvaros/8662540?page=70&pos=17&cr=22,Szolnok eladó téglalakás 2+2 fél szobás: 75 millió Ft,75.0,82.0,82 m²,2.0,"Szolnok, Belváros",2025-08-17,Téglalakás,Újszerű,Gázkazán,1905.0,Nem adta meg a hirdető,,,,,,,,,,,
https://www.zenga.hu/ingatlan/elado-teglalakas-miskolc-selyemret/8662907?page=70&pos=18&cr=22,Miskolc eladó téglalakás 2 szobás: 22 millió Ft,22.0,55.0,55 m²,2.0,"Miskolc, Selyemrét",2025-08-17,Téglalakás,Jó állapotú,Gáz (konvektor),1963.0,Nem adta meg a hirdető,,,,,,,,,,,
https://www.zenga.hu/ingatlan/elado-teglalakas-budapest-xii-kerulet/8663520?page=70&pos=19&cr=22,"Budapest XII. kerület eladó téglalakás 1+1 fél szobás: 69,5 millió Ft",69.5,36.0,36 m²,1.0,"Budapest XII. kerület, Városmajor utca",2025-08-17,Téglalakás,Felújított,,,,,,5.0,,,,,,,,
https://www.zenga.hu/ingatlan/elado-teglalakas-budapest-vi-kerulet-nagykoruton-beluli-terulet/8639722?page=70&pos=20&cr=22,,,,,,,2025-08-17,,,,,,,,,,,,,,,,
https://www.zenga.hu/ingatlan/elado-teglalakas-debrecen-belvaros/8434946?page=71&pos=1&cr=22,"Debrecen eladó téglalakás 2 szobás: 62,99 millió Ft",62.99,47.0,47 m²,2.0,"Debrecen, Belváros",2025-08-17,Téglalakás,Felújított,Gázkazán,2009.0,Nem adta meg a hirdető,,,,,,,,,,,
https://www.zenga.hu/ingatlan/elado-panellakas-budapest-iii-kerulet-obuda/8628432?page=71&pos=2&cr=22,"Budapest III. kerület eladó panellakás 3 szobás: 79,9 millió Ft",79.9,69.0,69 m²,3.0,"Budapest III. kerület, Óbuda, 00",2025-08-17,Panellakás,Felújított,Távfűtés egyedi méréssel,,Nem adta meg a hirdető,,,10.0,4 m²,25 000 Ft/hó,,,,,,
https://www.zenga.hu/ingatlan/elado-panellakas-pecs-kertvaros/8527755?page=71&pos=3&cr=22,"Pécs eladó panellakás 2+2 fél szobás: 47,9 millió Ft",47.9,59.0,59 m²,2.0,"Pécs, Kertváros, Maléter Pál",2025-08-17,Panellakás,Felújított,Távfűtés egyedi méréssel,,Nem adta meg a hirdető,,,4.0,3 m²,,,,,,,
https://www.zenga.hu/ingatlan/elado-panellakas-ajka/8613036?page=71&pos=4&cr=22,"Ajka eladó panellakás 3+1 fél szobás: 37,4 millió Ft",37.4,85.0,85 m²,3.0,"Ajka, Tűzoltó utca",2025-08-17,Panellakás,Átlagos,Távfűtés,1979.0,C,,,4.0,,,,,,,,
https://www.zenga.hu/ingatlan/elado-csusztatott-zsalus-lakas-budapest-xiii-kerulet/8669676?page=71&pos=5&cr=21,"Budapest XIII. kerület eladó csúsztatott zsalus lakás 1 szobás: 53,6 millió Ft",53.6,27.0,27 m²,1.0,Budapest XIII. kerület,2025-08-17,Csúsztatott zsalus lakás,Felújított,Távfűtés egyedi méréssel,1970.0,Nem adta meg a hirdető,,,,,,,,,,,
https://www.zenga.hu/ingatlan/elado-panellakas-pecs-uranvaros/8669688?page=71&pos=6&cr=21,"Pécs eladó panellakás 2+1 fél szobás: 47,8 millió Ft",47.8,60.0,60 m²,2.0,"Pécs, Uránváros",2025-08-17,Panellakás,Jó állapotú,Távfűtés,1978.0,Nem adta meg a hirdető,,,,,,,,,,,
https://www.zenga.hu/ingatlan/elado-teglalakas-budapest-iv-kerulet-ujpest/8588809?page=71&pos=7&cr=21,"Budapest IV. kerület eladó téglalakás 2 szobás: 66,9 millió Ft",66.9,50.0,50 m²,2.0,"Budapest IV. kerület, Újpest",2025-08-17,Téglalakás,Jó állapotú,Gázkazán,1960.0,D,,,,,,,,,,,
https://www.zenga.hu/ingatlan/elado-teglalakas-budapest-viii-kerulet/8669202?page=71&pos=8&cr=21,,,,,,,2025-08-17,,,,,,,,,,,,,,,,
https://www.zenga.hu/ingatlan/elado-teglalakas-budapest-viii-kerulet/8669203?page=71&pos=9&cr=21,,,,,,,2025-08-17,,,,,,,,,,,,,,,,
https://www.zenga.hu/ingatlan/elado-teglalakas-komlo/8659754?page=71&pos=10&cr=21,"Komló eladó téglalakás 2 szobás: 15,9 millió Ft",15.9,49.0,49 m²,2.0,"Komló, Zrínyi tér",2025-08-17,Téglalakás,,Gázkazán,1970.0,Nem adta meg a hirdető,,,,,,,,,,,
https://www.zenga.hu/ingatlan/elado-teglalakas-debrecen/8553247?page=71&pos=11&cr=21,"Debrecen eladó téglalakás 3 szobás: 85,9 millió Ft",85.9,64.0,64 m²,3.0,Debrecen,2025-08-17,Téglalakás,Új építésű,Hőszivattyú,2025.0,Nem adta meg a hirdető,,,,"5,2 m²",,,,,,,
https://www.zenga.hu/ingatlan/elado-teglalakas-budapest-xi-kerulet/8667895?page=71&pos=12&cr=21,,,,,,,2025-08-17,,,,,,,,,,,,,,,,
https://www.zenga.hu/ingatlan/elado-teglalakas-mohacs/8668293?page=71&pos=13&cr=21,"Mohács eladó téglalakás 2 szobás: 21,99 millió Ft",21.99,57.0,57 m²,2.0,"Mohács, Újváros",2025-08-17,Téglalakás,Jó állapotú,Gázkazán,1978.0,Nem adta meg a hirdető,,,3.0,"8,1 m²",,,,,,,
https://www.zenga.hu/ingatlan/elado-teglalakas-budapest-xxi-kerulet-csillagtelep/8649746?page=71&pos=14&cr=21,"Budapest XXI. kerület eladó téglalakás 2 szobás: 49,99 millió Ft",49.99,47.0,47 m²,2.0,"Budapest XXI. kerület, Csillagtelep",2025-08-17,Téglalakás,Felújított,Gáz (konvektor),1972.0,Nem adta meg a hirdető,,,4.0,,,,,,,,
https://www.zenga.hu/ingatlan/elado-teglalakas-budapest-xi-kerulet/8667894?page=71&pos=15&cr=21,,,,,,,2025-08-17,,,,,,,,,,,,,,,,
https://www.zenga.hu/ingatlan/elado-teglalakas-budapest-ix-kerulet/8667447?page=71&pos=16&cr=21,"Budapest IX. kerület eladó téglalakás 4 szobás: 62,5 millió Ft",62.5,87.0,87 m²,4.0,Budapest IX. kerület,2025-08-17,Téglalakás,Átlagos,Gáz (konvektor),1942.0,Nem adta meg a hirdető,,,,,,,,,,,
https://www.zenga.hu/ingatlan/elado-panellakas-budapest-xi-kerulet-gazdagret/8643085?page=71&pos=17&cr=21,,,,,,,2025-08-17,,,,,,,,,,,,,,,,
https://www.zenga.hu/ingatlan/elado-teglalakas-harkany/8667117?page=71&pos=18&cr=21,"Harkány eladó téglalakás 1 szobás: 14,2 millió Ft",14.2,26.0,26 m²,1.0,"Harkány, Bartók Béla utca",2025-08-17,Téglalakás,Jó állapotú,Elektromos,1975.0,Nem adta meg a hirdető,,,4.0,4 m²,,,,,,,
https://www.zenga.hu/ingatlan/elado-panellakas-budapest-xv-kerulet-ujpalota/8613959?page=71&pos=19&cr=21,"Budapest XV. kerület eladó panellakás 3 szobás: 79,9 millió Ft",79.9,69.0,69 m²,3.0,"Budapest XV. kerület, Újpalota",2025-08-17,Panellakás,Jó állapotú,Távfűtés egyedi méréssel,1980.0,Nem adta meg a hirdető,,,,,,,,,,,
https://www.zenga.hu/ingatlan/elado-teglalakas-budapest-xiv-kerulet/8664350?page=71&pos=20&cr=21,"Budapest XIV. kerület eladó téglalakás 3 szobás: 108,9 millió Ft",108.9,65.0,65 m²,3.0,Budapest XIV. kerület,2025-08-17,Téglalakás,Új építésű,Hőszivattyú,2025.0,Nem adta meg a hirdető,,,,,,,,,,,
https://www.zenga.hu/ingatlan/elado-teglalakas-budapest-v-kerulet/8664351?page=72&pos=1&cr=21,"Budapest V. kerület eladó téglalakás 1 szobás: 75,9 millió Ft",75.9,41.0,41 m²,1.0,Budapest V. kerület,2025-08-17,Téglalakás,Jó állapotú,Házközponti,1913.0,Nem adta meg a hirdető,,,,,,,,,,,
https://www.zenga.hu/ingatlan/elado-teglalakas-budapest-vi-kerulet/8664349?page=72&pos=2&cr=21,Budapest VI. kerület eladó téglalakás 1 szobás: 50 millió Ft,50.0,28.0,28 m²,1.0,Budapest VI. kerület,2025-08-17,Téglalakás,Felújított,Gáz (konvektor),1925.0,Nem adta meg a hirdető,,,,,,,,,,,
https://www.zenga.hu/ingatlan/elado-teglalakas-sopron-egeredidomb/8595751?page=72&pos=3&cr=21,"Sopron eladó téglalakás 2 szobás: 73,9 millió Ft",73.9,54.0,54 m²,2.0,"Sopron, Egeredidomb, Mühl Aladár",2025-08-17,Téglalakás,Új építésű,Hőszivattyú,2025.0,A,,,2.0,,,,10 m²,,,,
https://www.zenga.hu/ingatlan/elado-teglalakas-budapest-xi-kerulet-gellerthegy/8651824?page=72&pos=4&cr=21,Budapest XI. kerület eladó téglalakás 4 szobás: 199 millió Ft,199.0,88.0,88 m²,4.0,"Budapest XI. kerület, Gellérthegy, Gombocz Zoltán utca",2025-08-17,Téglalakás,Újszerű,Gázkazán,1999.0,Nem adta meg a hirdető,,Nincs,3.0,,,,"13,5 m²",,,,
https://www.zenga.hu/ingatlan/elado-teglalakas-budapest-xi-kerulet/8659495?page=72&pos=5&cr=21,Budapest XI. kerület eladó téglalakás 1 szobás: 60 millió Ft,60.0,37.0,37 m²,1.0,Budapest XI. kerület,2025-08-17,Téglalakás,Jó állapotú,Gáz (konvektor),1950.0,Nem adta meg a hirdető,,,,,,,,,,,
https://www.zenga.hu/ingatlan/elado-teglalakas-budapest-v-kerulet/8653227?page=72&pos=6&cr=21,Budapest V. kerület eladó téglalakás 1 szobás: 66 millió Ft,66.0,33.0,33 m²,1.0,Budapest V. kerület,2025-08-17,Téglalakás,Jó állapotú,Gázkazán,1920.0,Nem adta meg a hirdető,,,,,,,,,,,
https://www.zenga.hu/ingatlan/elado-teglalakas-budapest-xiii-kerulet-ujlipotvaros/8648161?page=72&pos=7&cr=21,Budapest XIII. kerület eladó téglalakás 3 szobás: 113 millió Ft,113.0,70.0,70 m²,3.0,"Budapest XIII. kerület, Újlipótváros",2025-08-17,Téglalakás,Felújított,Gázkazán,1920.0,Nem adta meg a hirdető,,,,,,,,,,,
https://www.zenga.hu/ingatlan/elado-teglalakas-budapest-xi-kerulet/8659486?page=72&pos=8&cr=21,"Budapest XI. kerület eladó téglalakás 3 szobás: 94,9 millió Ft",94.9,82.0,82 m²,3.0,Budapest XI. kerület,2025-08-17,Téglalakás,Átlagos,Gáz (konvektor),1920.0,Nem adta meg a hirdető,,,,,,,,,,,
https://www.zenga.hu/ingatlan/elado-teglalakas-budapest-xi-kerulet/8659494?page=72&pos=9&cr=21,Budapest XI. kerület eladó téglalakás 3 szobás: 99 millió Ft,99.0,71.0,71 m²,3.0,Budapest XI. kerület,2025-08-17,Téglalakás,Jó állapotú,Gázkazán,1949.0,Nem adta meg a hirdető,,,,,,,,,,,
https://www.zenga.hu/ingatlan/elado-teglalakas-budapest-viii-kerulet/8659484?page=72&pos=10&cr=21,"Budapest VIII. kerület eladó téglalakás 2 szobás: 99,9 millió Ft",99.9,76.0,76 m²,2.0,Budapest VIII. kerület,2025-08-17,Téglalakás,Jó állapotú,Gáz (héra),1920.0,Nem adta meg a hirdető,,,,,,,,,,,
https://www.zenga.hu/ingatlan/elado-teglalakas-budapest-viii-kerulet/8659483?page=72&pos=11&cr=21,"Budapest VIII. kerület eladó téglalakás 3 szobás: 89,9 millió Ft",89.9,78.0,78 m²,3.0,Budapest VIII. kerület,2025-08-17,Téglalakás,Jó állapotú,Gázkazán,1890.0,Nem adta meg a hirdető,,,,,,,,,,,
https://www.zenga.hu/ingatlan/elado-teglalakas-kozarmisleny/8662061?page=72&pos=12&cr=21,"Kozármisleny eladó téglalakás 3 szobás: 69,9 millió Ft",69.9,85.0,85 m²,3.0,"Kozármisleny, Október 23. tér",2025-08-17,Téglalakás,Jó állapotú,Geotermikus,2019.0,Nem adta meg a hirdető,,,2.0,3 m²,,,,,,,
https://www.zenga.hu/ingatlan/elado-teglalakas-budapest-xvi-kerulet-cinkota/8648162?page=72&pos=14&cr=21,"Budapest XVI. kerület eladó téglalakás 3 szobás: 81,9 millió Ft",81.9,71.0,71 m²,3.0,"Budapest XVI. kerület, Cinkota",2025-08-17,Téglalakás,Új építésű,Hőszivattyú,2024.0,Nem adta meg a hirdető,,,3.0,,,,,,,,
https://www.zenga.hu/ingatlan/elado-teglalakas-budapest-viii-kerulet/8659504?page=72&pos=15&cr=21,Budapest VIII. kerület eladó téglalakás 1 szobás: 39 millió Ft,39.0,22.0,22 m²,1.0,Budapest VIII. kerület,2025-08-17,Téglalakás,Jó állapotú,Gázkazán,1910.0,Nem adta meg a hirdető,,,,,,,,,,,
https://www.zenga.hu/ingatlan/elado-teglalakas-sasd/8655793?page=72&pos=16&cr=21,"Sásd eladó téglalakás 2 szobás: 20,5 millió Ft",20.5,58.0,58 m²,2.0,"Sásd, Deák tér",2025-08-17,Téglalakás,Újszerű,Gázkazán,1980.0,Nem adta meg a hirdető,,,4.0,4 m²,,,,,,,
https://www.zenga.hu/ingatlan/elado-teglalakas-budapest-xiii-kerulet-angyalfold/8654067?page=72&pos=17&cr=21,"Budapest XIII. kerület eladó téglalakás 2 szobás: 73,9 millió Ft",73.9,44.0,44 m²,2.0,"Budapest XIII. kerület, Angyalföld, Csata utca 17-21",2025-08-17,Téglalakás,Újszerű,Házközponti fűtés egyedi méréssel,2007.0,B,,Nincs,8.0,,,,,,,,
https://www.zenga.hu/ingatlan/elado-teglalakas-szentlorinc/8660335?page=72&pos=18&cr=21,"Szentlőrinc eladó téglalakás 3 szobás: 44,8 millió Ft",44.8,85.0,85 m²,3.0,"Szentlőrinc, Munkácsy Mihály utca",2025-08-17,,,,,,,,,,,,,,,,
https://www.zenga.hu/ingatlan/elado-panellakas-budapest-iv-kerulet-ujpest/8627467?page=72&pos=19&cr=21,"Budapest IV. kerület eladó panellakás 2 szobás: 64,4 millió Ft",64.4,54.0,54 m²,2.0,"Budapest IV. kerület, Újpest, Závodszky Zoltán utca",2025-08-17,Panellakás,Átlagos,Távfűtés egyedi méréssel,,Nem adta meg a hirdető,,,,,,,,,,,
https://www.zenga.hu/ingatlan/elado-teglalakas-budapest-xiv-kerulet-alsorakos/8624912?page=72&pos=20&cr=21,"Budapest XIV. kerület eladó téglalakás 3 szobás: 112,9 millió Ft",112.9,62.0,62 m²,3.0,"Budapest XIV. kerület, Alsórákos",2025-08-17,Téglalakás,,,,,,,,,,,,,,,
https://www.zenga.hu/ingatlan/elado-teglalakas-budapest-vii-kerulet/8656635?page=73&pos=1&cr=21,"Budapest VII. kerület eladó téglalakás 3 szobás: 93,9 millió Ft",93.9,63.0,63 m²,3.0,Budapest VII. kerület,2025-08-17,Téglalakás,Felújított,Gázkazán,1950.0,Nem adta meg a hirdető,,,,,,,,,,,
https://www.zenga.hu/ingatlan/elado-panellakas-salgotarjan/8459460?page=73&pos=2&cr=21,Salgótarján eladó panellakás 2 szobás: 18 millió Ft,18.0,58.0,58 m²,2.0,Salgótarján,2025-08-17,Panellakás,Átlagos,Távfűtés,1970.0,Nem adta meg a hirdető,,,,,,,,,,,
https://www.zenga.hu/ingatlan/elado-teglalakas-budapest-vii-kerulet/8656634?page=73&pos=3&cr=21,,,,,,,2025-08-17,,,,,,,,,,,,,,,,
https://www.zenga.hu/ingatlan/elado-teglalakas-budapest-xii-kerulet-orbanhegy/8625989?page=73&pos=4&cr=21,Budapest XII. kerület eladó téglalakás 3 szobás: 97 millió Ft,97.0,51.0,51 m²,3.0,"Budapest XII. kerület, Orbánhegy",2025-08-17,Téglalakás,Felújított,Elektromos,1977.0,Nem adta meg a hirdető,,,,,,,,,,,
https://www.zenga.hu/ingatlan/elado-teglalakas-budapest-i-kerulet/8592692?page=73&pos=5&cr=21,"Budapest I. kerület eladó téglalakás 1 szobás: 61,5 millió Ft",61.5,31.0,31 m²,1.0,Budapest I. kerület,2025-08-17,,,,,,,,,,,,,,,,
https://www.zenga.hu/ingatlan/elado-teglalakas-budapest-xvii-kerulet-rakoshegy/8656636?page=73&pos=6&cr=21,,,,,,,2025-08-17,,,,,,,,,,,,,,,,
https://www.zenga.hu/ingatlan/elado-egyeb-lakas-budapest-ii-kerulet-csatarka/8643084?page=73&pos=7&cr=21,Budapest II. kerület eladó egyéb lakás 2+1 fél szobás: 99 millió Ft,99.0,57.0,57 m²,2.0,"Budapest II. kerület, Csatárka",2025-08-17,Egyéb lakás,Jó állapotú,Gázkazán,1980.0,Nem adta meg a hirdető,,,,,,,,,,,
https://www.zenga.hu/ingatlan/elado-teglalakas-budapest-ii-kerulet-lipotmezo/8627677?page=73&pos=8&cr=21,"Budapest II. kerület eladó téglalakás 2 szobás: 79,9 millió Ft",79.9,53.0,53 m²,2.0,"Budapest II. kerület, Lipótmező",2025-08-17,Téglalakás,Átlagos,Gázkazán,1972.0,Nem adta meg a hirdető,,,,,,,,,,,
https://www.zenga.hu/ingatlan/elado-teglalakas-budapest-ii-kerulet-palvolgy/8618792?page=73&pos=9&cr=21,Budapest II. kerület eladó téglalakás 3 szobás: 249 millió Ft,249.0,86.0,86 m²,3.0,"Budapest II. kerület, Pálvölgy",2025-08-17,Téglalakás,Felújított,Gázkazán,2005.0,Nem adta meg a hirdető,,,,,,,,,,,
https://www.zenga.hu/ingatlan/elado-teglalakas-budapest-iii-kerulet-ujlak-iii-ker/8595813?page=73&pos=10&cr=21,"Budapest III. kerület eladó téglalakás 3 szobás: 114,9 millió Ft",114.9,77.0,77 m²,3.0,"Budapest III. kerület, Újlak III. ker.",2025-08-17,Téglalakás,Felújított,Távfűtés egyedi méréssel,1970.0,Nem adta meg a hirdető,,,,,,,,,,,
https://www.zenga.hu/ingatlan/elado-teglalakas-budapest-xvi-kerulet-rakosszentmihaly/8588786?page=73&pos=11&cr=21,,,,,,,2025-08-17,,,,,,,,,,,,,,,,
https://www.zenga.hu/ingatlan/elado-panellakas-budapest-xxi-kerulet-erdoalja/8651253?page=73&pos=12&cr=21,Budapest XXI. kerület eladó panellakás 2 szobás: 56 millió Ft,56.0,55.0,55 m²,2.0,"Budapest XXI. kerület, Erdőalja",2025-08-17,Panellakás,Jó állapotú,Távfűtés,1983.0,Nem adta meg a hirdető,,,,,,,,,,,
https://www.zenga.hu/ingatlan/elado-panellakas-budapest-xv-kerulet-ujpalota/8648160?page=73&pos=13&cr=21,"Budapest XV. kerület eladó panellakás 2 szobás: 57,9 millió Ft",57.9,53.0,53 m²,2.0,"Budapest XV. kerület, Újpalota",2025-08-17,Panellakás,Jó állapotú,Távfűtés egyedi méréssel,1976.0,Nem adta meg a hirdető,,,,,,,,,,,
https://www.zenga.hu/ingatlan/elado-teglalakas-budapest-i-kerulet-naphegy/8643636?page=73&pos=14&cr=21,Budapest I. kerület eladó téglalakás 3 szobás: 370 millió Ft,370.0,105.0,105 m²,3.0,"Budapest I. kerület, Naphegy",2025-08-17,Téglalakás,Felújított,Gázkazán,1937.0,Nem adta meg a hirdető,,,3.0,,,,,,,,
https://www.zenga.hu/ingatlan/elado-panellakas-budapest-iv-kerulet/8648159?page=73&pos=15&cr=21,"Budapest IV. kerület eladó panellakás 3 szobás: 69,9 millió Ft",69.9,56.0,56 m²,3.0,,2025-08-17,,,,,,,,,,,,,,,,
https://www.zenga.hu/ingatlan/elado-teglalakas-budapest-vii-kerulet/8624911?page=73&pos=16&cr=21,Budapest VII. kerület eladó téglalakás 2 szobás: 83 millió Ft,83.0,47.0,47 m²,2.0,Budapest VII. kerület,2025-08-17,Téglalakás,Jó állapotú,Elektromos,1893.0,Nem adta meg a hirdető,,,,,,,,,,,
https://www.zenga.hu/ingatlan/elado-teglalakas-budapest-xiv-kerulet-alsorakos/8616365?page=73&pos=17&cr=21,"Budapest XIV. kerület eladó téglalakás 3+1 fél szobás: 138,9 millió Ft",138.9,110.0,110 m²,3.0,"Budapest XIV. kerület, Alsórákos, Gödöllői 121",2025-08-17,Téglalakás,Jó állapotú,Gázkazán,1975.0,F,,,3.0,8 m²,40 000 Ft/hó,,,,,,
https://www.zenga.hu/ingatlan/elado-teglalakas-budapest-vi-kerulet/8592789?page=73&pos=18&cr=21,Budapest VI. kerület eladó téglalakás 2 szobás: 90 millió Ft,90.0,82.0,82 m²,2.0,Budapest VI. kerület,2025-08-17,Téglalakás,Felújítandó,Gázkazán,1907.0,Nem adta meg a hirdető,,,,,,,,,,,
https://www.zenga.hu/ingatlan/elado-teglalakas-budapest-xiv-kerulet/8541396?page=73&pos=19&cr=21,"Budapest XIV. kerület eladó téglalakás 3 szobás: 66,9 millió Ft",66.9,61.0,,,,2025-08-17,,,,,,,,,,,,,,,,
https://www.zenga.hu/ingatlan/elado-panellakas-budapest-x-kerulet/8456424?page=73&pos=20&cr=21,"Budapest X. kerület eladó panellakás 2+1 fél szobás: 62,9 millió Ft",62.9,60.0,60 m²,2.0,Budapest X. kerület,2025-08-17,Panellakás,Átlagos,Távfűtés egyedi méréssel,1970.0,,,,,,,,,,,,
https://www.zenga.hu/ingatlan/elado-teglalakas-budapest-ix-kerulet/8644250?page=74&pos=1&cr=21,"Budapest IX. kerület eladó téglalakás 2 szobás: 59,9 millió Ft",59.9,75.0,75 m²,2.0,Budapest IX. kerület,2025-08-17,Téglalakás,Átlagos,Gázkazán,,,,,,,,,,,,,
https://www.zenga.hu/ingatlan/elado-teglalakas-budapest-vi-kerulet/8443696?page=74&pos=2&cr=21,"Budapest VI. kerület eladó téglalakás 2 szobás: 87,5 millió Ft",87.5,67.0,67 m²,2.0,Budapest VI. kerület,2025-08-17,Téglalakás,Jó állapotú,Gázkazán,1883.0,Nem adta meg a hirdető,,,,,,,,,,,
https://www.zenga.hu/ingatlan/elado-teglalakas-budapest-ix-kerulet/8446495?page=74&pos=3&cr=21,Budapest IX. kerület eladó téglalakás 3 szobás: 85 millió Ft,85.0,77.0,77 m²,3.0,Budapest IX. kerület,2025-08-17,Téglalakás,Átlagos,Gáz (konvektor),1911.0,Nem adta meg a hirdető,,,,,,,,,,,
https://www.zenga.hu/ingatlan/elado-teglalakas-budapest-vi-kerulet/8491216?page=74&pos=4&cr=21,"Budapest VI. kerület eladó téglalakás 1 szobás: 57,9 millió Ft",57.9,32.0,32 m²,1.0,Budapest VI. kerület,2025-08-17,Téglalakás,Felújított,Gázkazán,1970.0,Nem adta meg a hirdető,,,,,,,,,,,
https://www.zenga.hu/ingatlan/elado-teglalakas-budapest-vi-kerulet/8536720?page=74&pos=5&cr=21,"Budapest VI. kerület eladó téglalakás 1 szobás: 89,9 millió Ft",89.9,57.0,57 m²,1.0,Budapest VI. kerület,2025-08-17,Téglalakás,Jó állapotú,Gázkazán,1890.0,Nem adta meg a hirdető,,,,,,,,,,,
https://www.zenga.hu/ingatlan/elado-teglalakas-budapest-xiii-kerulet-angyalfold/8588807?page=74&pos=6&cr=21,"Budapest XIII. kerület eladó téglalakás 1 szobás: 52,5 millió Ft",52.5,48.0,48 m²,1.0,"Budapest XIII. kerület, Angyalföld",2025-08-17,Téglalakás,Átlagos,Gázkazán,1930.0,Nem adta meg a hirdető,,,,,,,,,,,
https://www.zenga.hu/ingatlan/elado-teglalakas-budapest-xiii-kerulet/8630653?page=74&pos=7&cr=21,"Budapest XIII. kerület eladó téglalakás 2 szobás: 59,9 millió Ft",59.9,,,,,2025-08-17,,,,,,,,,,,,,,,,
https://www.zenga.hu/ingatlan/elado-teglalakas-budapest-xxi-kerulet/8586021?page=74&pos=8&cr=21,"Budapest XXI. kerület eladó téglalakás 1 szobás: 40,5 millió Ft",40.5,37.0,37 m²,1.0,Budapest XXI. kerület,2025-08-17,Téglalakás,Átlagos,Gáz (konvektor),1968.0,Nem adta meg a hirdető,,,3.0,,,,,,,,
https://www.zenga.hu/ingatlan/elado-teglalakas-budapest-xxi-kerulet/8575726?page=74&pos=9&cr=21,Budapest XXI. kerület eladó téglalakás 1+1 fél szobás: 52 millió Ft,52.0,54.0,54 m²,1.0,Budapest XXI. kerület,2025-08-17,Téglalakás,Átlagos,Gáz (konvektor),1976.0,Nem adta meg a hirdető,,,2.0,,,,,,,,
https://www.zenga.hu/ingatlan/elado-teglalakas-budapest-xxi-kerulet/8614066?page=74&pos=10&cr=21,"Budapest XXI. kerület eladó téglalakás 2 szobás: 52,9 millió Ft",52.9,52.0,52 m²,2.0,Budapest XXI. kerület,2025-08-17,Téglalakás,Átlagos,Gáz (konvektor),1970.0,Nem adta meg a hirdető,,,4.0,,,,,,,,
https://www.zenga.hu/ingatlan/elado-teglalakas-budapest-xxi-kerulet/8602129?page=74&pos=11&cr=21,"Budapest XXI. kerület eladó téglalakás 1 szobás: 44,8 millió Ft",44.8,37.0,37 m²,1.0,Budapest XXI. kerület,2025-08-17,Téglalakás,Felújított,Gáz (konvektor),1960.0,Nem adta meg a hirdető,,,4.0,,,,,,,,
https://www.zenga.hu/ingatlan/elado-panellakas-budapest-xxi-kerulet/8575760?page=74&pos=12&cr=21,"Budapest XXI. kerület eladó panellakás 2+1 fél szobás: 58,9 millió Ft",58.9,64.0,64 m²,2.0,Budapest XXI. kerület,2025-08-17,Panellakás,Átlagos,Távfűtés,1975.0,Nem adta meg a hirdető,,,4.0,,,,,,,,
https://www.zenga.hu/ingatlan/elado-teglalakas-budapest-vi-kerulet/8643530?page=74&pos=13&cr=21,Budapest VI. kerület eladó téglalakás 2 szobás: 79 millió Ft,79.0,40.0,40 m²,2.0,Budapest VI. kerület,2025-08-17,Téglalakás,Jó állapotú,Házközponti fűtés egyedi méréssel,2005.0,Nem adta meg a hirdető,,,,,,,,,,,
https://www.zenga.hu/ingatlan/elado-panellakas-budapest-xiv-kerulet-alsorakos/8588835?page=74&pos=14&cr=21,"Budapest XIV. kerület eladó panellakás 2 szobás: 57,9 millió Ft",57.9,50.0,50 m²,2.0,"Budapest XIV. kerület, Alsórákos",2025-08-17,Panellakás,Jó állapotú,Távfűtés,1970.0,Nem adta meg a hirdető,,,,,,,,,,,
https://www.zenga.hu/ingatlan/elado-teglalakas-nyiregyhaza-malomkert/8622293?page=74&pos=17&cr=21,"Nyíregyháza eladó téglalakás 2 szobás: 71,9 millió Ft",71.9,58.0,58 m²,2.0,"Nyíregyháza, Malomkert",2025-08-17,Téglalakás,Új építésű,Gázkazán,2025.0,Nem adta meg a hirdető,,,3.0,4 m²,,,,,,,
https://www.zenga.hu/ingatlan/elado-teglalakas-balatonfured/8632032?page=74&pos=18&cr=21,Balatonfüred eladó téglalakás 4+1 fél szobás: 199 millió Ft,199.0,158.0,158 m²,4.0,Balatonfüred,2025-08-17,Téglalakás,Új építésű,Hőszivattyú,2024.0,Nem adta meg a hirdető,,,2.0,,,,61 m²,,,,
https://www.zenga.hu/ingatlan/elado-teglalakas-budapest-i-kerulet-varnegyed/8285405?page=74&pos=19&cr=21,,,,,,,2025-08-17,,,,,,,,,,,,,,,,
https://www.zenga.hu/ingatlan/elado-teglalakas-budapest-v-kerulet/8512960?page=75&pos=4&cr=20,,,,,,,2025-08-17,,,,,,,,,,,,,,,,
https://www.zenga.hu/ingatlan/elado-teglalakas-budapest-v-kerulet-lipotvaros/8653753?page=75&pos=5&cr=20,"Budapest V. kerület eladó téglalakás 1+1 fél szobás: 79,9 millió Ft",79.9,53.0,53 m²,1.0,"Budapest V. kerület, Lipótváros",2025-08-17,Téglalakás,Átlagos,Gázkazán,1911.0,Nem adta meg a hirdető,,,,,,,,,,,
https://www.zenga.hu/ingatlan/elado-teglalakas-kecskemet/8634111?page=75&pos=6&cr=20,"Kecskemét eladó téglalakás 1 szobás: 25,7 millió Ft",25.7,39.0,39 m²,1.0,Kecskemét,2025-08-17,Téglalakás,Felújított,Gáz (konvektor),1960.0,Nem adta meg a hirdető,,,,,,,,,,,
https://www.zenga.hu/ingatlan/elado-panellakas-miskolc/8615214?page=75&pos=7&cr=20,"Miskolc eladó panellakás 1+2 fél szobás: 27,9 millió Ft",27.9,56.0,56 m²,1.0,Miskolc,2025-08-17,Panellakás,Felújítandó,Távfűtés,1980.0,Nem adta meg a hirdető,,,,,,,,,,,
https://www.zenga.hu/ingatlan/elado-teglalakas-pecs-mecsekoldal-makar/8467459?page=75&pos=8&cr=20,Pécs eladó téglalakás 3+1 fél szobás: 176 millió Ft,176.0,110.0,110 m²,3.0,"Pécs, Mecsekoldal",2025-08-17,Téglalakás,Új építésű,Hőszivattyú,2025.0,A++,,,,,,,,,,,
https://www.zenga.hu/ingatlan/elado-panellakas-budapest-xxii-kerulet-budateteny/8666917?page=75&pos=9&cr=20,"Budapest XXII. kerület eladó panellakás 2 szobás: 62,5 millió Ft",,,,,,2025-08-17,,,,,,,,,,,,,,,,
https://www.zenga.hu/ingatlan/elado-panellakas-debrecen-tocoskert/8613475?page=75&pos=10&cr=20,Debrecen eladó panellakás 4 szobás: 80 millió Ft,80.0,84.0,84 m²,4.0,"Debrecen, Tócóskert",2025-08-17,Panellakás,Jó állapotú,Távfűtés,1982.0,,,,,,,,,,,,
https://www.zenga.hu/ingatlan/elado-teglalakas-budapest-v-kerulet-lipotvaros/8643143?page=75&pos=11&cr=20,,,,,,,2025-08-17,,,,,,,,,,,,,,,,
https://www.zenga.hu/ingatlan/elado-teglalakas-budapest-xi-kerulet-ormezo/8377431?page=75&pos=12&cr=20,Budapest XI. kerület eladó téglalakás 3+1 fél szobás: 180 millió Ft,180.0,126.0,126 m²,3.0,"Budapest XI. kerület, Őrmező",2025-08-17,Téglalakás,Új építésű,Hőszivattyú,2025.0,A++,,,,,,,,,,,
https://www.zenga.hu/ingatlan/elado-teglalakas-cserkeszolo/8669480?page=75&pos=14&cr=20,"Cserkeszőlő eladó téglalakás 3+2 fél szobás: 51,56 millió Ft",51.56,54.0,54 m²,3.0,Cserkeszőlő,2025-08-17,Téglalakás,Új építésű,Hőszivattyú,2025.0,Nem adta meg a hirdető,,,3.0,,,,7 m²,,,,
https://www.zenga.hu/ingatlan/elado-teglalakas-budapest-x-kerulet/8594712?page=75&pos=15&cr=20,,,,,,,2025-08-17,,,,,,,,,,,,,,,,
https://www.zenga.hu/ingatlan/elado-teglalakas-budapest-xii-kerulet/8606681?page=75&pos=16&cr=20,,,,,,,2025-08-17,,,,,,,,,,,,,,,,
https://www.zenga.hu/ingatlan/elado-teglalakas-szeged-belvaros/8621786?page=75&pos=17&cr=20,"Szeged eladó téglalakás 1+1 fél szobás: 51,9 millió Ft",51.9,42.0,42 m²,1.0,"Szeged, Belváros",2025-08-17,Téglalakás,Felújított,Gázkazán,,F,,,2.0,,,,,,,,
https://www.zenga.hu/ingatlan/elado-teglalakas-budapest-xii-kerulet/8623687?page=75&pos=18&cr=20,"Budapest XII. kerület eladó téglalakás 4 szobás: 244,13 millió Ft",244.13,104.0,104 m²,4.0,Budapest XII. kerület,2025-08-17,Téglalakás,Jó állapotú,Gázkazán,1983.0,Nem adta meg a hirdető,,,4.0,"9,4 m²",,,,,,,
https://www.zenga.hu/ingatlan/elado-csusztatott-zsalus-lakas-budapest-iii-kerulet/8540177?page=75&pos=19&cr=20,"Budapest III. kerület eladó csúsztatott zsalus lakás 2 szobás: 83,5 millió Ft",83.5,56.0,56 m²,2.0,Budapest III. kerület,2025-08-17,Csúsztatott zsalus lakás,Jó állapotú,Házközponti fűtés egyedi méréssel,2020.0,Nem adta meg a hirdető,,,,,,,,,,,
https://www.zenga.hu/ingatlan/elado-teglalakas-kecskemet/8433322?page=75&pos=20&cr=20,Kecskemét eladó téglalakás 3 szobás: 38 millió Ft,38.0,75.0,75 m²,3.0,Kecskemét,2025-08-17,Téglalakás,Átlagos,Gáz (konvektor),1900.0,Nem adta meg a hirdető,,,,,,,,,,,
https://www.zenga.hu/ingatlan/elado-teglalakas-sopron/8532707?page=76&pos=1&cr=20,"Sopron eladó téglalakás 3 szobás: 96,9 millió Ft",96.9,72.0,72 m²,3.0,Sopron,2025-08-17,Téglalakás,Új építésű,Geotermikus,2024.0,A++,,,2.0,,,,,,,,
https://www.zenga.hu/ingatlan/elado-teglalakas-eger-belvaros/8651416?page=76&pos=2&cr=20,,,,,,,2025-08-17,,,,,,,,,,,,,,,,
https://www.zenga.hu/ingatlan/elado-teglalakas-mohacs/7965940?page=76&pos=3&cr=20,"Mohács eladó téglalakás 3 szobás: 79,9 millió Ft",79.9,105.0,105 m²,3.0,Mohács,2025-08-17,Téglalakás,,Gázkazán,2001.0,Nem adta meg a hirdető,,,,,,,45 m²,,,,
https://www.zenga.hu/ingatlan/elado-teglalakas-sopron/8581726?page=76&pos=4&cr=20,"Sopron eladó téglalakás 2 szobás: 34,5 millió Ft",34.5,63.0,63 m²,2.0,Sopron,2025-08-17,Téglalakás,,Gáz (konvektor),1900.0,Nem adta meg a hirdető,,,,,,,,,,,
https://www.zenga.hu/ingatlan/elado-teglalakas-gyor-gyorszentivan/7862778?page=76&pos=5&cr=20,Győr eladó téglalakás 3 szobás: 55 millió Ft,55.0,87.0,87 m²,3.0,"Győr, Győrszentiván",2025-08-17,Téglalakás,,Gázkazán,1965.0,Nem adta meg a hirdető,,,,,,,,,,,
https://www.zenga.hu/ingatlan/elado-teglalakas-vac-deakvar/8608643?page=76&pos=6&cr=20,"Vác eladó téglalakás 4 szobás: 84,5 millió Ft",84.5,70.0,70 m²,4.0,"Vác, Deákvár",2025-08-17,Téglalakás,,Gázkazán,2019.0,Nem adta meg a hirdető,,,,,,,7 m²,,,,
https://www.zenga.hu/ingatlan/elado-panellakas-budapest-iv-kerulet-kaposztasmegyer/8623667?page=76&pos=7&cr=20,"Budapest IV. kerület eladó panellakás 4 szobás: 89,9 millió Ft",89.9,82.0,82 m²,4.0,"Budapest IV. kerület, Káposztásmegyer",2025-08-17,Panellakás,,Távfűtés,1987.0,Nem adta meg a hirdető,,,,3 m²,,,,,,,
https://www.zenga.hu/ingatlan/elado-teglalakas-piliscsaba/7985843?page=76&pos=8&cr=20,Piliscsaba eladó téglalakás 3 szobás: 110 millió Ft,110.0,88.0,88 m²,3.0,Piliscsaba,2025-08-17,Téglalakás,,Gázkazán,2005.0,Nem adta meg a hirdető,,,,,,,"39,4 m²",,,,
https://www.zenga.hu/ingatlan/elado-teglalakas-mohacs/8552359?page=76&pos=9&cr=20,Mohács eladó téglalakás 2 szobás: 59 millió Ft,59.0,100.0,100 m²,2.0,Mohács,2025-08-17,Téglalakás,,Gázkazán,1939.0,Nem adta meg a hirdető,,,,,,,"21,5 m²",,,,
https://www.zenga.hu/ingatlan/elado-teglalakas-balatonoszod/8598672?page=76&pos=10&cr=20,"Balatonőszöd eladó téglalakás 2 szobás: 94,9 millió Ft",94.9,60.0,60 m²,2.0,Balatonőszöd,2025-08-17,Téglalakás,Újszerű,Gázkazán,2009.0,Nem adta meg a hirdető,,,1.0,,,,,,,,
https://www.zenga.hu/ingatlan/elado-teglalakas-gyor-szitasdomb/8597520?page=76&pos=11&cr=20,"Győr eladó téglalakás 5 szobás: 85,9 millió Ft",85.9,94.0,94 m²,5.0,"Győr, Szitásdomb",2025-08-17,Téglalakás,Újszerű,Gázkazán,2024.0,B,,,3.0,,,,,,,,
https://www.zenga.hu/ingatlan/elado-teglalakas-budapest-xiii-kerulet/8522879?page=76&pos=12&cr=20,,,,,,,2025-08-17,,,,,,,,,,,,,,,,
https://www.zenga.hu/ingatlan/elado-teglalakas-debrecen/8654809?page=76&pos=13&cr=20,"Debrecen eladó téglalakás 1 szobás: 48,5 millió Ft",48.5,39.0,39 m²,1.0,Debrecen,2025-08-17,Téglalakás,Felújított,Gázkazán,2005.0,Nem adta meg a hirdető,,,,,,,,,,,
https://www.zenga.hu/ingatlan/elado-panellakas-budapest-iv-kerulet/8632909?page=76&pos=14&cr=20,"Budapest IV. kerület eladó panellakás 2 szobás: 64,4 millió Ft",64.4,54.0,54 m²,2.0,Budapest IV. kerület,2025-08-17,Panellakás,,Távfűtés egyedi méréssel,1984.0,Nem adta meg a hirdető,,,,4 m²,,,,,,,
https://www.zenga.hu/ingatlan/elado-teglalakas-debrecen-nagyerdopark/8566858?page=76&pos=15&cr=20,"Debrecen eladó téglalakás 3 szobás: 84,9 millió Ft",84.9,66.0,66 m²,3.0,"Debrecen, Nagyerdő",2025-08-17,Téglalakás,,,,,,,,,,,,,,,
https://www.zenga.hu/ingatlan/elado-teglalakas-diosd/8623673?page=76&pos=16&cr=20,"Diósd eladó téglalakás 4 szobás: 119,9 millió Ft",119.9,200.0,200 m²,4.0,"Diósd, Petőfi Sándor utca",2025-08-17,Téglalakás,,Gázkazán,1980.0,Nem adta meg a hirdető,,,,,,,10 m²,,,,
https://www.zenga.hu/ingatlan/elado-teglalakas-budapest-iii-kerulet-csillaghegy/8591875?page=76&pos=17&cr=20,Budapest III. kerület eladó téglalakás 3 szobás: 179 millió Ft,179.0,135.0,135 m²,3.0,"Budapest III. kerület, Csillaghegy",2025-08-17,Téglalakás,,Gázkazán,2006.0,Nem adta meg a hirdető,,,,,,,70 m²,,,,
https://www.zenga.hu/ingatlan/elado-panellakas-pecs-kertvaros/8612709?page=76&pos=18&cr=20,Pécs eladó panellakás 3 szobás: 57 millió Ft,57.0,74.0,74 m²,3.0,"Pécs, Kertváros",2025-08-17,Panellakás,,Távfűtés,1980.0,Nem adta meg a hirdető,,,,,,,,,,,
https://www.zenga.hu/ingatlan/elado-teglalakas-sopron-belvaros/8603622?page=76&pos=19&cr=20,"Sopron eladó téglalakás 2 szobás: 67,9 millió Ft",67.9,73.0,73 m²,2.0,"Sopron, Belváros",2025-08-17,Téglalakás,,Gázkazán,1700.0,Nem adta meg a hirdető,,,,,,,,,,,
https://www.zenga.hu/ingatlan/elado-teglalakas-budapest-viii-kerulet/8584305?page=76&pos=20&cr=20,"Budapest VIII. kerület eladó téglalakás 2 szobás: 71,95 millió Ft",71.95,,,,,2025-08-17,,,,,,,,,,,,,,,,
https://www.zenga.hu/ingatlan/elado-teglalakas-mosonmagyarovar-varoskozpont/8589029?page=77&pos=1&cr=20,Mosonmagyaróvár eladó téglalakás 3 szobás: 56 millió Ft,56.0,60.0,60 m²,3.0,"Mosonmagyaróvár, Városközpont",2025-08-17,Téglalakás,Felújított,Gázkazán,1961.0,Nem adta meg a hirdető,,,3.0,,,,,,,,
https://www.zenga.hu/ingatlan/elado-teglalakas-budapest-vi-kerulet/8580523?page=77&pos=2&cr=20,Budapest VI. kerület eladó téglalakás 3 szobás: 90 millió Ft,90.0,,,,,2025-08-17,,,,,,,,,,,,,,,,
https://www.zenga.hu/ingatlan/elado-teglalakas-gyor-revfalu/8236183?page=77&pos=3&cr=20,"Győr eladó téglalakás 4 szobás: 109,99 millió Ft",109.99,113.0,113 m²,4.0,"Győr, Révfalu",2025-08-17,Téglalakás,,Gázkazán,2003.0,,,,,,,,10 m²,,,,
https://www.zenga.hu/ingatlan/elado-teglalakas-budapest-xiii-kerulet-ujlipotvaros/8578716?page=77&pos=4&cr=20,"Budapest XIII. kerület eladó téglalakás 2 szobás: 67,9 millió Ft",67.9,52.0,52 m²,2.0,"Budapest XIII. kerület, Újlipótváros",2025-08-17,Téglalakás,,Gáz (konvektor),1911.0,Nem adta meg a hirdető,,,,,,,,,,,
https://www.zenga.hu/ingatlan/elado-teglalakas-debrecen-teglagyar/8568332?page=77&pos=5&cr=20,"Debrecen eladó téglalakás 3 szobás: 94,9 millió Ft",94.9,85.0,85 m²,3.0,"Debrecen, Téglagyár",2025-08-17,Téglalakás,Újszerű,Gázkazán,2009.0,Nem adta meg a hirdető,,,1.0,,,,,,,,
https://www.zenga.hu/ingatlan/elado-teglalakas-budapest-v-kerulet-belvaros/7530277?page=77&pos=6&cr=20,"Budapest V. kerület eladó téglalakás 2 szobás: 126,9 millió Ft",126.9,68.0,68 m²,2.0,"Budapest V. kerület, Belváros",2025-08-17,Téglalakás,,Gázkazán,1900.0,Nem adta meg a hirdető,,,,,,,,,,,
https://www.zenga.hu/ingatlan/elado-teglalakas-eger-belvaros/8668420?page=77&pos=7&cr=20,"Eger eladó téglalakás 3 szobás: 64,9 millió Ft",64.9,104.0,104 m²,3.0,"Eger, Belváros",2025-08-17,Téglalakás,Jó állapotú,Gázkazán,,Nem adta meg a hirdető,,,2.0,8 m²,,,,,,,
https://www.zenga.hu/ingatlan/elado-panellakas-budapest-xv-kerulet-ujpalota/8605109?page=77&pos=8&cr=20,,,,,,,2025-08-17,,,,,,,,,,,,,,,,
https://www.zenga.hu/ingatlan/elado-teglalakas-budapest-iv-kerulet-ujpest/8612726?page=77&pos=9&cr=20,Budapest IV. kerület eladó téglalakás 7 szobás: 159 millió Ft,159.0,180.0,180 m²,7.0,"Budapest IV. kerület, Újpest, Deák Ferenc utca",2025-08-17,Téglalakás,,Gázkazán,1945.0,Nem adta meg a hirdető,,,,"16,2 m²",,,,,,,
https://www.zenga.hu/ingatlan/elado-teglalakas-sopron/8513289?page=77&pos=10&cr=20,"Sopron eladó téglalakás 3 szobás: 64,9 millió Ft",64.9,72.0,72 m²,3.0,Sopron,2025-08-17,Téglalakás,,Gázkazán,2008.0,Nem adta meg a hirdető,,,,6 m²,,,,,,,
https://www.zenga.hu/ingatlan/elado-panellakas-budapest-xvii-kerulet-pesti-uti-lakopark/8626640?page=77&pos=11&cr=20,Budapest XVII. kerület eladó panellakás 2 szobás: 55 millió Ft,55.0,47.0,47 m²,2.0,"Budapest XVII. kerület, Pesti úti lakópark",2025-08-17,Panellakás,,Távfűtés egyedi méréssel,1980.0,Nem adta meg a hirdető,,,,,,,,,,,
https://www.zenga.hu/ingatlan/elado-panellakas-budaors/8523241?page=77&pos=12&cr=20,Budaörs eladó panellakás 3 szobás: 85 millió Ft,85.0,68.0,68 m²,3.0,Budaörs,2025-08-17,Panellakás,Átlagos,Házközponti fűtés egyedi méréssel,,Nem adta meg a hirdető,,,3.0,,,,,,,,
https://www.zenga.hu/ingatlan/elado-teglalakas-budapest-vii-kerulet/8518459?page=77&pos=14&cr=20,"Budapest VII. kerület eladó téglalakás 1 szobás: 42,9 millió Ft",42.9,27.0,27 m²,1.0,Budapest VII. kerület,2025-08-17,Téglalakás,Átlagos,Gáz (konvektor),,Nem adta meg a hirdető,,,4.0,,,,,,,,
https://www.zenga.hu/ingatlan/elado-teglalakas-budapest-xiii-kerulet-vizafogo/8631219?page=77&pos=15&cr=20,"Budapest XIII. kerület eladó téglalakás 2 szobás: 89,5 millió Ft",89.5,47.0,47 m²,2.0,"Budapest XIII. kerület, Vizafogó",2025-08-17,Téglalakás,Új építésű,Hőszivattyú,2025.0,A+,,,,,,,,,,,
https://www.zenga.hu/ingatlan/elado-teglalakas-budapest-v-kerulet/8544967?page=77&pos=16&cr=20,Budapest V. kerület eladó téglalakás 2 szobás: 84 millió Ft,84.0,56.0,56 m²,2.0,Budapest V. kerület,2025-08-17,Téglalakás,Felújított,Gázkazán,1869.0,Nem adta meg a hirdető,,,,,,,,,,,
https://www.zenga.hu/ingatlan/elado-teglalakas-budapest-iii-kerulet/8626510?page=77&pos=17&cr=20,"Budapest III. kerület eladó téglalakás 4 szobás: 169,9 millió Ft",169.9,91.0,91 m²,4.0,Budapest III. kerület,2025-08-17,Téglalakás,Újszerű,Házközponti fűtés egyedi méréssel,2022.0,Nem adta meg a hirdető,,,,,,,,,,,
https://www.zenga.hu/ingatlan/elado-teglalakas-tiszasziget/8350332?page=77&pos=18&cr=20,"Tiszasziget eladó téglalakás 1 szobás: 33,4 millió Ft",33.4,42.0,42 m²,1.0,Tiszasziget,2025-08-17,Téglalakás,Új építésű,Elektromos,2025.0,Nem adta meg a hirdető,,,,,,,,,,,
https://www.zenga.hu/ingatlan/elado-teglalakas-budapest-v-kerulet/8625355?page=77&pos=19&cr=20,Budapest V. kerület eladó téglalakás 2+1 fél szobás: 108 millió Ft,108.0,67.0,67 m²,2.0,"Budapest V. kerület, 6",2025-08-17,Téglalakás,Jó állapotú,Házközponti,,Nem adta meg a hirdető,,,4.0,,,,,,,,
https://www.zenga.hu/ingatlan/elado-teglalakas-budapest-viii-kerulet-palotanegyed/8613131?page=77&pos=20&cr=20,,,,,,,2025-08-17,,,,,,,,,,,,,,,,
https://www.zenga.hu/ingatlan/elado-teglalakas-budapest-viii-kerulet-palotanegyed/8613131?page=78&pos=1&cr=20,Budapest VIII. kerület eladó téglalakás 3 szobás: 159 millió Ft,159.0,146.0,146 m²,3.0,"Budapest VIII. kerület, Palotanegyed",2025-08-17,Téglalakás,,,,,,,,,,,,,,,
https://www.zenga.hu/ingatlan/elado-teglalakas-szeged-moravaros/8426804?page=78&pos=2&cr=20,"Szeged eladó téglalakás 5 szobás: 72,5 millió Ft",72.5,92.0,92 m²,5.0,"Szeged, Móraváros",2025-08-17,Téglalakás,Újszerű,Gázkazán,2003.0,Nem adta meg a hirdető,,Nincs,4.0,4 m²,,,,,,,
https://www.zenga.hu/ingatlan/elado-teglalakas-budapest-xxiii-kerulet-soroksar-ujtelep/8601776?page=78&pos=3&cr=20,Budapest XXIII. kerület eladó téglalakás 1 szobás: 29 millió Ft,29.0,30.0,30 m²,1.0,"Budapest XXIII. kerület, Soroksár-Újtelep",2025-08-17,Téglalakás,Felújítandó,Gáz (konvektor),1960.0,Nem adta meg a hirdető,,,,,,,,,,,
https://www.zenga.hu/ingatlan/elado-teglalakas-godollo/8610618?page=78&pos=4&cr=20,,,,,,,2025-08-17,,,,,,,,,,,,,,,,
https://www.zenga.hu/ingatlan/elado-teglalakas-sopron-aranyhegy/7519705?page=78&pos=5&cr=20,Sopron eladó téglalakás 1+2 fél szobás: 48 millió Ft,48.0,42.0,42 m²,1.0,"Sopron, Aranyhegy",2025-08-17,Téglalakás,Új építésű,Gázkazán,2025.0,AA+ (2016-2023-as besorolás),,,1.0,,,,,,,,
https://www.zenga.hu/ingatlan/elado-teglalakas-budapest-vi-kerulet-nagykoruton-kivuli-terulet/8265914?page=78&pos=6&cr=20,Budapest VI. kerület eladó téglalakás 3 szobás: 93 millió Ft,93.0,91.0,91 m²,3.0,"Budapest VI. kerület, Nagykörúton kívüli terület",2025-08-17,Téglalakás,Felújítandó,Gáz (konvektor),,Nem adta meg a hirdető,,,4.0,,,,,,,,
https://www.zenga.hu/ingatlan/elado-teglalakas-budapest-v-kerulet-belvaros/8171059?page=78&pos=7&cr=20,"Budapest V. kerület eladó téglalakás 2 szobás: 82,9 millió Ft",82.9,60.0,60 m²,2.0,"Budapest V. kerület, Belváros",2025-08-17,Téglalakás,Felújítandó,Gáz (konvektor),,Nem adta meg a hirdető,,,5.0,,,,,,,,
https://www.zenga.hu/ingatlan/elado-teglalakas-debrecen-belvaros/8333539?page=78&pos=8&cr=20,"Debrecen eladó téglalakás 2 szobás: 61,9 millió Ft",61.9,68.0,68 m²,2.0,"Debrecen, Belváros",2025-08-17,Téglalakás,Jó állapotú,Gáz (konvektor),,E,,,4.0,,30 000 Ft/hó,,,,,,
https://www.zenga.hu/ingatlan/elado-teglalakas-godollo/8610621?page=78&pos=9&cr=20,,,,,,,2025-08-17,,,,,,,,,,,,,,,,
https://www.zenga.hu/ingatlan/elado-teglalakas-papa/8205175?page=78&pos=10&cr=20,"Pápa eladó téglalakás 2+3 fél szobás: 49,9 millió Ft",49.9,77.0,77 m²,2.0,Pápa,2025-08-17,Téglalakás,Átlagos,Gázkazán,,Nem adta meg a hirdető,,,2.0,,,,,,,,
https://www.zenga.hu/ingatlan/elado-egyeb-lakas-cegled/8425131?page=78&pos=11&cr=20,"Cegléd eladó egyéb lakás 4 szobás: 47,5 millió Ft",47.5,61.0,61 m²,4.0,Cegléd,2025-08-17,Egyéb lakás,Felújított,Gázkazán,1960.0,Nem adta meg a hirdető,,,,,,,,,,,
https://www.zenga.hu/ingatlan/elado-teglalakas-papa/8262034?page=78&pos=12&cr=20,"Pápa eladó téglalakás 1 szobás: 13,9 millió Ft",13.9,33.0,33 m²,1.0,Pápa,2025-08-17,Téglalakás,Átlagos,Elektromos,,Nem adta meg a hirdető,,,1.0,,,,,,,,
https://www.zenga.hu/ingatlan/elado-teglalakas-papa/8180237?page=78&pos=13&cr=20,Pápa eladó téglalakás 2+2 fél szobás: 45 millió Ft,45.0,89.0,89 m²,2.0,Pápa,2025-08-17,Téglalakás,Átlagos,Gázkazán,1984.0,Nem adta meg a hirdető,,,2.0,,,,,,,,
https://www.zenga.hu/ingatlan/elado-teglalakas-nyiregyhaza-belvaros/8661963?page=78&pos=14&cr=20,"Nyíregyháza eladó téglalakás 2 szobás: 49,9 millió Ft",49.9,51.0,51 m²,2.0,"Nyíregyháza, Belváros",2025-08-17,Téglalakás,Felújított,Gázkazán,,Nem adta meg a hirdető,,,1.0,,,,,,,,
https://www.zenga.hu/ingatlan/elado-panellakas-debrecen/8568293?page=78&pos=15&cr=20,"Debrecen eladó panellakás 3+1 fél szobás: 61,5 millió Ft",61.5,84.0,84 m²,3.0,Debrecen,2025-08-17,Panellakás,Átlagos,Távfűtés,1982.0,Nem adta meg a hirdető,,,10.0,,,,,,,,
https://www.zenga.hu/ingatlan/elado-teglalakas-budapest-xiii-kerulet-angyalfold/8593777?page=78&pos=16&cr=20,"Budapest XIII. kerület eladó téglalakás 2 szobás: 91,2 millió Ft",91.2,64.0,64 m²,2.0,"Budapest XIII. kerület, Angyalföld",2025-08-17,Téglalakás,Felújított,Gázkazán,,D,,,3.0,,,,,,,,
https://www.zenga.hu/ingatlan/elado-teglalakas-nagykoros/8634114?page=78&pos=17&cr=20,"Nagykőrös eladó téglalakás 2 szobás: 37,2 millió Ft",37.2,46.0,46 m²,2.0,Nagykőrös,2025-08-17,Téglalakás,Felújított,Gáz (konvektor),1970.0,Nem adta meg a hirdető,,,,,,,,,,,
https://www.zenga.hu/ingatlan/elado-teglalakas-nagykoros/8511394?page=78&pos=18&cr=20,Nagykőrös eladó téglalakás 3 szobás: 64 millió Ft,64.0,71.0,71 m²,3.0,Nagykőrös,2025-08-17,Téglalakás,Újszerű,Távfűtés egyedi méréssel,2022.0,Nem adta meg a hirdető,,,,,20 000 Ft/hó,,,,,,
https://www.zenga.hu/ingatlan/elado-teglalakas-kecskemet/8623463?page=78&pos=19&cr=20,"Kecskemét eladó téglalakás 3 szobás: 74,9 millió Ft",74.9,77.0,77 m²,3.0,Kecskemét,2025-08-17,Téglalakás,Újszerű,Gázkazán,2021.0,Nem adta meg a hirdető,,,,,,,,,,,
https://www.zenga.hu/ingatlan/elado-teglalakas-gyor-nadorvaros/8522820?page=78&pos=20&cr=20,"Győr eladó téglalakás 2+1 fél szobás: 59,5 millió Ft",59.5,65.0,65 m²,2.0,"Győr, Nádorváros",2025-08-17,Téglalakás,Újszerű,Házközponti fűtés egyedi méréssel,2000.0,Nem adta meg a hirdető,,,4.0,,,,,,,,
https://www.zenga.hu/ingatlan/elado-teglalakas-gyor-nadorvaros/8522820?page=79&pos=1&cr=20,"Győr eladó téglalakás 2+1 fél szobás: 59,5 millió Ft",59.5,65.0,65 m²,2.0,"Győr, Nádorváros",2025-08-17,Téglalakás,Újszerű,Házközponti fűtés egyedi méréssel,2000.0,Nem adta meg a hirdető,,,4.0,,,,,,,,
https://www.zenga.hu/ingatlan/elado-teglalakas-kecskemet-belvaros/8502379?page=79&pos=2&cr=20,"Kecskemét eladó téglalakás 3 szobás: 51,5 millió Ft",51.5,73.0,73 m²,3.0,"Kecskemét, Belváros",2025-08-17,Téglalakás,Átlagos,Gáz (konvektor),1971.0,Nem adta meg a hirdető,,,,,,,,,,,
https://www.zenga.hu/ingatlan/elado-teglalakas-gyor-belvaros/8627988?page=79&pos=3&cr=20,"Győr eladó téglalakás 4 szobás: 121,8 millió Ft",121.8,122.0,122 m²,4.0,"Győr, Belváros",2025-08-17,Téglalakás,Újszerű,Fan coil,1914.0,Nem adta meg a hirdető,,,4.0,,,,,,,,
https://www.zenga.hu/ingatlan/elado-teglalakas-makad/8659049?page=79&pos=4&cr=20,"Makád eladó téglalakás 2 szobás: 34,35 millió Ft",34.35,46.0,46 m²,2.0,Makád,2025-08-17,Téglalakás,Új építésű,Egyéb,2023.0,Nem adta meg a hirdető,,,,,,,,,,,
https://www.zenga.hu/ingatlan/elado-teglalakas-nyergesujfalu/8488893?page=79&pos=5&cr=20,"Nyergesújfalu eladó téglalakás 2 szobás: 36,99 millió Ft",36.99,43.0,43 m²,2.0,Nyergesújfalu,2025-08-17,Téglalakás,Felújított,Távfűtés,1960.0,Nem adta meg a hirdető,,,,,,,,,,,
https://www.zenga.hu/ingatlan/elado-csusztatott-zsalus-lakas-esztergom/8483105?page=79&pos=7&cr=20,"Esztergom eladó csúsztatott zsalus lakás 3 szobás: 61,9 millió Ft",61.9,89.0,89 m²,3.0,Esztergom,2025-08-17,Csúsztatott zsalus lakás,Jó állapotú,Egyéb,2018.0,Nem adta meg a hirdető,,,,,,,,,,,
https://www.zenga.hu/ingatlan/elado-teglalakas-szekesfehervar/8565381?page=79&pos=8&cr=20,"Székesfehérvár eladó téglalakás 2 szobás: 43,9 millió Ft",43.9,50.0,50 m²,2.0,"Székesfehérvár, Almássy telep",2025-08-17,Téglalakás,Jó állapotú,Távfűtés,1980.0,Nem adta meg a hirdető,,Nincs,4.0,,20 000 Ft/hó,,,,,,
https://www.zenga.hu/ingatlan/elado-teglalakas-balatonszemes/8657542?page=79&pos=9&cr=20,"Balatonszemes eladó téglalakás 3 szobás: 94,42 millió Ft",94.42,65.0,65 m²,3.0,Balatonszemes,2025-08-17,Téglalakás,Új építésű,Hőszivattyú,2026.0,Nem adta meg a hirdető,,,,,,,,,,,
https://www.zenga.hu/ingatlan/elado-teglalakas-miskolc/8574712?page=79&pos=11&cr=20,"Miskolc eladó téglalakás 3 szobás: 59,9 millió Ft",59.9,74.0,74 m²,3.0,Miskolc,2025-08-17,Téglalakás,Jó állapotú,Távfűtés,2010.0,Nem adta meg a hirdető,,,,,,,,,,,
https://www.zenga.hu/ingatlan/elado-teglalakas-budapest-xx-kerulet/8494058?page=79&pos=12&cr=20,"Budapest XX. kerület eladó téglalakás 3 szobás: 65,9 millió Ft",65.9,48.0,48 m²,3.0,Budapest XX. kerület,2025-08-17,Téglalakás,Felújított,Gázkazán,1950.0,F,,,,,,,,,,,
https://www.zenga.hu/ingatlan/elado-teglalakas-tatabanya/8553978?page=79&pos=13&cr=20,"Tatabánya eladó téglalakás 1+2 fél szobás: 39,9 millió Ft",39.9,66.0,66 m²,1.0,Tatabánya,2025-08-17,Téglalakás,,,,,,,,,,,,,,,
https://www.zenga.hu/ingatlan/elado-teglalakas-budapest-xvi-kerulet/8604963?page=79&pos=14&cr=20,Budapest XVI. kerület eladó téglalakás 2 szobás: 45 millió Ft,45.0,65.0,65 m²,2.0,Budapest XVI. kerület,2025-08-17,Téglalakás,Jó állapotú,Elektromos,1980.0,Nem adta meg a hirdető,,,,,,,,,,,
https://www.zenga.hu/ingatlan/elado-teglalakas-budapest-iv-kerulet/8604965?page=79&pos=15&cr=20,Budapest IV. kerület eladó téglalakás 1 szobás: 32 millió Ft,32.0,25.0,25 m²,1.0,Budapest IV. kerület,2025-08-17,Téglalakás,Átlagos,Elektromos,1850.0,Nem adta meg a hirdető,,,,,,,,,,,
https://www.zenga.hu/ingatlan/elado-teglalakas-tapioszolos/8428922?page=79&pos=16&cr=20,"Tápiószőlős eladó téglalakás 2+1 fél szobás: 42,95 millió Ft",42.95,60.0,60 m²,2.0,Tápiószőlős,2025-08-17,Téglalakás,Új építésű,Hőszivattyú,2024.0,A,,,,,,,,,,,
https://www.zenga.hu/ingatlan/elado-teglalakas-pecs-gyarvaros/8552159?page=79&pos=17&cr=20,"Pécs eladó téglalakás 2 szobás: 18,9 millió Ft",18.9,42.0,42 m²,2.0,"Pécs, Gyárváros",2025-08-17,Téglalakás,Átlagos,Gáz (konvektor),1960.0,Nem adta meg a hirdető,,,,,,,,,,,
https://www.zenga.hu/ingatlan/elado-teglalakas-szigetszentmiklos/8535480?page=79&pos=18&cr=20,"Szigetszentmiklós eladó téglalakás 1+2 fél szobás: 79,9 millió Ft",79.9,80.0,80 m²,1.0,Szigetszentmiklós,2025-08-17,Téglalakás,Felújított,Gázkazán,2006.0,Nem adta meg a hirdető,,,,,,,,,,,
https://www.zenga.hu/ingatlan/elado-teglalakas-budapest-vi-kerulet/7946888?page=79&pos=19&cr=20,Budapest VI. kerület eladó téglalakás 3 szobás: 150 millió Ft,150.0,105.0,105 m²,3.0,"Budapest VI. kerület, Teréz körúton",2025-08-17,Téglalakás,Átlagos,Gázkazán,,Nem adta meg a hirdető,,,4.0,,,,,,,,
https://www.zenga.hu/ingatlan/elado-teglalakas-budapest-vii-kerulet/8100067?page=79&pos=20&cr=20,"Budapest VII. kerület eladó téglalakás 4 szobás: 98,9 millió Ft",98.9,118.0,118 m²,4.0,Budapest VII. kerület,2025-08-17,Téglalakás,Átlagos,,,Nem adta meg a hirdető,,,,,,,,,,,
https://www.zenga.hu/ingatlan/elado-teglalakas-budapest-vi-kerulet/8653217?page=80&pos=1&cr=20,"Budapest VI. kerület eladó téglalakás 2+1 fél szobás: 109,9 millió Ft",109.9,104.0,104 m²,2.0,Budapest VI. kerület,2025-08-17,Téglalakás,Átlagos,Gáz (konvektor),1900.0,Nem adta meg a hirdető,,,,,,,,,,,
https://www.zenga.hu/ingatlan/elado-teglalakas-budapest-vi-kerulet-nagykoruton-kivuli-terulet/8652889?page=80&pos=2&cr=20,Budapest VI. kerület eladó téglalakás 1 szobás: 61 millió Ft,61.0,33.0,33 m²,1.0,"Budapest VI. kerület, Nagykörúton kívüli terület, Izabella utca",2025-08-17,Téglalakás,Felújított,Elektromos,,Nem adta meg a hirdető,,,5.0,,,,,,,,
https://www.zenga.hu/ingatlan/elado-panellakas-pecs/8652500?page=80&pos=3&cr=20,"Pécs eladó panellakás 3 szobás: 40,9 millió Ft",40.9,59.0,59 m²,3.0,Pécs,2025-08-17,Panellakás,Jó állapotú,Távfűtés,2024.0,C,,,,,,,,,,,
https://www.zenga.hu/ingatlan/elado-teglalakas-esztergom/8226988?page=80&pos=4&cr=20,"Esztergom eladó téglalakás 3 szobás: 53,9 millió Ft",53.9,54.0,54 m²,3.0,"Esztergom, Jókai Mór",2025-08-17,Téglalakás,Újszerű,Elektromos,1980.0,Nem adta meg a hirdető,,,3.0,,,,,,,,
https://www.zenga.hu/ingatlan/elado-panellakas-jaszbereny/8500553?page=80&pos=5&cr=20,"Jászberény eladó panellakás 2 szobás: 32,59 millió Ft",32.59,54.0,54 m²,2.0,Jászberény,2025-08-17,Panellakás,Felújított,Távfűtés egyedi méréssel,1983.0,Nem adta meg a hirdető,,,,,,,,,,,
https://www.zenga.hu/ingatlan/elado-egyeb-lakas-mako/8613331?page=80&pos=6&cr=20,Makó eladó egyéb lakás 2+1 fél szobás: 23 millió Ft,23.0,49.0,49 m²,2.0,Makó,2025-08-17,Egyéb lakás,Átlagos,Elektromos,1935.0,G,,,,,,,,,,,
https://www.zenga.hu/ingatlan/elado-teglalakas-cserkeszolo/8494055?page=80&pos=7&cr=20,"Cserkeszőlő eladó téglalakás 3 szobás: 48,9 millió Ft",48.9,71.0,71 m²,3.0,Cserkeszőlő,2025-08-17,Téglalakás,Felújított,Házközponti fűtés egyedi méréssel,2004.0,A,,,,,,,,,,,
https://www.zenga.hu/ingatlan/elado-panellakas-budapest-iii-kerulet/8495775?page=80&pos=8&cr=20,"Budapest III. kerület eladó panellakás 3 szobás: 57,9 millió Ft",57.9,57.0,57 m²,3.0,Budapest III. kerület,2025-08-17,Panellakás,Felújítandó,Távfűtés,1980.0,F,,,,,,,,,,,
https://www.zenga.hu/ingatlan/elado-teglalakas-tatabanya-gal-istvan-lakotelep/8169360?page=80&pos=9&cr=20,Tatabánya eladó téglalakás 3+1 fél szobás: 130 millió Ft,130.0,107.0,107 m²,3.0,"Tatabánya, Gál István-lakótelep",2025-08-17,Téglalakás,Új építésű,Házközponti fűtés egyedi méréssel,2018.0,A++,,Nincs,,66 m²,,,,,,,
https://www.zenga.hu/ingatlan/elado-teglalakas-villany/8632653?page=80&pos=10&cr=20,"Villány eladó téglalakás 3 szobás: 34,5 millió Ft",34.5,61.0,61 m²,3.0,Villány,2025-08-17,Téglalakás,Átlagos,Gáz (konvektor),1980.0,Nem adta meg a hirdető,,,,,,,,,,,
https://www.zenga.hu/ingatlan/elado-teglalakas-pecs-belvaros/8489413?page=80&pos=11&cr=20,"Pécs eladó téglalakás 2 szobás: 86,9 millió Ft",86.9,82.0,82 m²,2.0,"Pécs, Belváros",2025-08-17,Téglalakás,Felújított,Gázkazán,1960.0,Nem adta meg a hirdető,,,,,,,,,,,
https://www.zenga.hu/ingatlan/elado-panellakas-pecs/8519519?page=80&pos=12&cr=20,"Pécs eladó panellakás 2 szobás: 36,9 millió Ft",36.9,53.0,53 m²,2.0,Pécs,2025-08-17,Panellakás,Jó állapotú,Távfűtés egyedi méréssel,1985.0,Nem adta meg a hirdető,,,,,,,,,,,
https://www.zenga.hu/ingatlan/elado-panellakas-pecs-kertvaros/8515342?page=80&pos=13&cr=20,"Pécs eladó panellakás 2 szobás: 36,9 millió Ft",36.9,53.0,53 m²,2.0,"Pécs, Kertváros",2025-08-17,Panellakás,Jó állapotú,Távfűtés egyedi méréssel,1985.0,Nem adta meg a hirdető,,,,,,,,,,,
https://www.zenga.hu/ingatlan/elado-teglalakas-keszthely/8057777?page=80&pos=14&cr=20,Keszthely eladó téglalakás 2 szobás: 81 millió Ft,81.0,81.0,81 m²,2.0,Keszthely,2025-08-17,Téglalakás,Új építésű,Egyéb,1981.0,Nem adta meg a hirdető,,Van,1.0,,,,15 m²,,,,
https://www.zenga.hu/ingatlan/elado-teglalakas-keszthely/8057778?page=80&pos=15&cr=20,Keszthely eladó téglalakás 2 szobás: 85 millió Ft,85.0,73.0,73 m²,2.0,Keszthely,2025-08-17,Téglalakás,Új építésű,Egyéb,1981.0,Nem adta meg a hirdető,,Van,1.0,,,,15 m²,,,,
https://www.zenga.hu/ingatlan/elado-csusztatott-zsalus-lakas-debrecen-vargakert/8559729?page=80&pos=16&cr=20,"Debrecen eladó csúsztatott zsalus lakás 2 szobás: 49,9 millió Ft",49.9,61.0,61 m²,2.0,"Debrecen, Vargakert",2025-08-17,Csúsztatott zsalus lakás,Jó állapotú,Házközponti,1965.0,Nem adta meg a hirdető,,,,,,,,,,,
https://www.zenga.hu/ingatlan/elado-teglalakas-debrecen-dobozikert/8646023?page=80&pos=17&cr=20,"Debrecen eladó téglalakás 2 szobás: 46,5 millió Ft",46.5,54.0,54 m²,2.0,"Debrecen, Dobozikert",2025-08-17,Téglalakás,Jó állapotú,Gáz (konvektor),1970.0,Nem adta meg a hirdető,,,,,,,,,,,
https://www.zenga.hu/ingatlan/elado-teglalakas-szekesfehervar-belvaros-es-kornyeke/8282084?page=80&pos=18&cr=20,"Székesfehérvár eladó téglalakás 4 szobás: 82,99 millió Ft",82.99,91.0,91 m²,4.0,"Székesfehérvár, Belváros",2025-08-17,Téglalakás,Átlagos,Gázkazán,2009.0,E,,,,,,,,,,,
https://www.zenga.hu/ingatlan/elado-teglalakas-szekesfehervar-oreghegy/8282137?page=80&pos=19&cr=20,Székesfehérvár eladó téglalakás 4 szobás: 190 millió Ft,190.0,124.0,124 m²,4.0,"Székesfehérvár, Öreghegy",2025-08-17,Téglalakás,Újszerű,Házközponti fűtés egyedi méréssel,2019.0,B,,,,,,,,,,,
https://www.zenga.hu/ingatlan/elado-teglalakas-miskolc-belvaros/8544350?page=80&pos=20&cr=20,"Miskolc eladó téglalakás 3 szobás: 44,9 millió Ft",44.9,61.0,61 m²,3.0,"Miskolc, Belváros",2025-08-17,Téglalakás,Felújított,Házközponti fűtés egyedi méréssel,2011.0,Nem adta meg a hirdető,,,,,,,,,,,
https://www.zenga.hu/ingatlan/elado-teglalakas-budapest-ii-kerulet-lipotmezo/8635204?page=81&pos=1&cr=20,"Budapest II. kerület eladó téglalakás 2 szobás: 79,9 millió Ft",79.9,53.0,53 m²,2.0,"Budapest II. kerület, Lipótmező",2025-08-17,Téglalakás,Átlagos,Gázkazán,1972.0,Nem adta meg a hirdető,,,,,,,,,,,
https://www.zenga.hu/ingatlan/elado-teglalakas-budapest-x-kerulet-ohegy/8585458?page=81&pos=2&cr=20,"Budapest X. kerület eladó téglalakás 3 szobás: 79,9 millió Ft",79.9,67.0,67 m²,3.0,"Budapest X. kerület, Óhegy",2025-08-17,Téglalakás,Jó állapotú,Házközponti fűtés egyedi méréssel,2003.0,Nem adta meg a hirdető,,,,,,,,,,,
https://www.zenga.hu/ingatlan/elado-egyeb-lakas-balatonfured/8646804?page=81&pos=3&cr=20,Balatonfüred eladó egyéb lakás 2 szobás: 112 millió Ft,112.0,56.0,56 m²,2.0,Balatonfüred,2025-08-17,Egyéb lakás,Új építésű,,2025.0,Nem adta meg a hirdető,,,3.0,,,,,,,,
https://www.zenga.hu/ingatlan/elado-panellakas-siofok-aranypart/8624360?page=81&pos=4&cr=20,"Siófok eladó panellakás 1 szobás: 59,9 millió Ft",59.9,32.0,32 m²,1.0,"Siófok, Aranypart",2025-08-17,Panellakás,Jó állapotú,Elektromos,1980.0,Nem adta meg a hirdető,,,,,,,,,,,
https://www.zenga.hu/ingatlan/elado-teglalakas-budapest-xi-kerulet-kelenvolgy/7441740?page=81&pos=5&cr=20,"Budapest XI. kerület eladó téglalakás 3 szobás: 92,39 millió Ft",92.39,66.0,66 m²,3.0,"Budapest XI. kerület, Kelenvölgy",2025-08-17,Téglalakás,Új építésű,Házközponti fűtés egyedi méréssel,2022.0,A++,,,,,,,,,,,
https://www.zenga.hu/ingatlan/elado-teglalakas-budapest-xi-kerulet-peterhegy/8354055?page=81&pos=6&cr=20,"Budapest XI. kerület eladó téglalakás 2 szobás: 73,75 millió Ft",,,,,,2025-08-17,,,,,,,,,,,,,,,,
https://www.zenga.hu/ingatlan/elado-teglalakas-csorna/8647339?page=81&pos=7&cr=20,"Csorna eladó téglalakás 2 szobás: 37,5 millió Ft",37.5,54.0,54 m²,2.0,Csorna,2025-08-17,Téglalakás,Jó állapotú,Központi fűtés,,Nem adta meg a hirdető,,,4.0,4 m²,,,,,,,
https://www.zenga.hu/ingatlan/elado-teglalakas-budapest-viii-kerulet/8535193?page=81&pos=8&cr=20,"Budapest VIII. kerület eladó téglalakás 1 szobás: 43,9 millió Ft",43.9,36.0,36 m²,1.0,Budapest VIII. kerület,2025-08-17,Téglalakás,Jó állapotú,Gázkazán,1920.0,Nem adta meg a hirdető,,,,,,,,,,,
https://www.zenga.hu/ingatlan/elado-teglalakas-dunaujvaros-belvaros/8645596?page=81&pos=9&cr=20,"Dunaújváros eladó téglalakás 2 szobás: 34,2 millió Ft",34.2,48.0,48 m²,2.0,"Dunaújváros, Belváros",2025-08-17,Téglalakás,Átlagos,Távfűtés egyedi méréssel,1955.0,Nem adta meg a hirdető,,Nincs,4.0,,30 000 Ft/hó,,,,,,
https://www.zenga.hu/ingatlan/elado-csusztatott-zsalus-lakas-debrecen-nagyerdoalja/8434958?page=81&pos=10&cr=20,Debrecen eladó csúsztatott zsalus lakás 3 szobás: 72 millió Ft,72.0,69.0,69 m²,3.0,"Debrecen, Nagyerdőalja",2025-08-17,Csúsztatott zsalus lakás,Jó állapotú,Gázkazán,1982.0,Nem adta meg a hirdető,,,,,,,,,,,
https://www.zenga.hu/ingatlan/elado-teglalakas-debrecen-tocovolgy/8434951?page=81&pos=11&cr=20,"Debrecen eladó téglalakás 4 szobás: 78,5 millió Ft",78.5,68.0,68 m²,4.0,"Debrecen, Tócóvölgy",2025-08-17,Téglalakás,Újszerű,Geotermikus,2017.0,Nem adta meg a hirdető,,,,,,,,,,,
https://www.zenga.hu/ingatlan/elado-teglalakas-debrecen-belvaros/8619903?page=81&pos=12&cr=20,Debrecen eladó téglalakás 3 szobás: 53 millió Ft,53.0,65.0,65 m²,3.0,"Debrecen, Belváros",2025-08-17,Téglalakás,Jó állapotú,Gázkazán,1993.0,Nem adta meg a hirdető,,,,,,,,,,,
https://www.zenga.hu/ingatlan/elado-teglalakas-debrecen-homokkert/8372808?page=81&pos=13&cr=20,"Debrecen eladó téglalakás 3 szobás: 82,66 millió Ft",82.66,68.0,68 m²,3.0,"Debrecen, Homokkert",2025-08-17,,,,,,,,,,,,,,,,
https://www.zenga.hu/ingatlan/elado-teglalakas-debrecen/8469874?page=81&pos=14&cr=20,Debrecen eladó téglalakás 5 szobás: 109 millió Ft,109.0,160.0,160 m²,5.0,Debrecen,2025-08-17,Téglalakás,Felújított,Elektromos,1950.0,Nem adta meg a hirdető,,,,,,,,,,,
https://www.zenga.hu/ingatlan/elado-teglalakas-budapest-viii-kerulet-csarnoknegyed/8606954?page=81&pos=15&cr=20,"Budapest VIII. kerület eladó téglalakás 1 szobás: 69,9 millió Ft",69.9,33.0,33 m²,1.0,"Budapest VIII. kerület, Csarnoknegyed",2025-08-17,Téglalakás,Felújított,Gáz (konvektor),,Nem adta meg a hirdető,,,3.0,,,,,,,,
https://www.zenga.hu/ingatlan/elado-teglalakas-balatonfuzfo/8603163?page=81&pos=16&cr=20,"Balatonfűzfő eladó téglalakás 3 szobás: 55,9 millió Ft",55.9,73.0,73 m²,3.0,Balatonfűzfő,2025-08-17,Téglalakás,Jó állapotú,Házközponti,1972.0,Nem adta meg a hirdető,,,,,,,,,,,
https://www.zenga.hu/ingatlan/elado-teglalakas-pecs-uranvaros/8642815?page=81&pos=17&cr=20,Pécs eladó téglalakás 2 szobás: 53 millió Ft,53.0,54.0,54 m²,2.0,"Pécs, Uránváros, Ybl Miklós utca",2025-08-17,Téglalakás,Felújított,Távfűtés egyedi méréssel,,D,,,7.0,3 m²,25 000 Ft/hó,,,,,,
https://www.zenga.hu/ingatlan/elado-panellakas-nagyoroszi/8642751?page=81&pos=18&cr=20,"Nagyoroszi eladó panellakás 3 szobás: 24,9 millió Ft",24.9,61.0,61 m²,3.0,Nagyoroszi,2025-08-17,Panellakás,Felújított,Házközponti,1970.0,Nem adta meg a hirdető,,,5.0,,,,,,,,
https://www.zenga.hu/ingatlan/elado-teglalakas-szeged-belvaros/8595523?page=81&pos=19&cr=20,"Szeged eladó téglalakás 2 szobás: 61,9 millió Ft",61.9,61.0,61 m²,2.0,"Szeged, Belváros",2025-08-17,Téglalakás,Átlagos,,,,,,5.0,,,,,,,,
https://www.zenga.hu/ingatlan/elado-teglalakas-szeged-moravaros/8347749?page=81&pos=20&cr=20,"Szeged eladó téglalakás 2+1 fél szobás: 67,8 millió Ft",67.8,94.0,94 m²,2.0,"Szeged, Móraváros",2025-08-17,Téglalakás,Jó állapotú,Gázkazán,1998.0,E,,,4.0,2 m²,,,,,,,
https://www.zenga.hu/ingatlan/elado-teglalakas-debrecen-nagyerdoalja/8569000?page=82&pos=1&cr=20,"Debrecen eladó téglalakás 2 szobás: 74,9 millió Ft",74.9,50.0,50 m²,2.0,"Debrecen, Nagyerdőalja",2025-08-17,Téglalakás,Újszerű,Gázkazán,2021.0,Nem adta meg a hirdető,,,2.0,17 m²,,,,,,,
https://www.zenga.hu/ingatlan/elado-tarsashazi-lakas-pecs-belvaros/8638428?page=82&pos=2&cr=20,"Pécs eladó társasházi lakás 4 szobás: 59,9 millió Ft",59.9,57.0,57 m²,4.0,"Pécs, Belváros",2025-08-17,Társasházi lakás,Jó állapotú,Házközponti fűtés egyedi méréssel,2007.0,Nem adta meg a hirdető,,,3.0,,,,12 m²,,,,
https://www.zenga.hu/ingatlan/elado-teglalakas-budapest-viii-kerulet-jozsefvaros/8518460?page=82&pos=3&cr=20,Budapest VIII. kerület eladó téglalakás 1 szobás: 52 millió Ft,52.0,53.0,53 m²,1.0,"Budapest VIII. kerület, Józsefváros",2025-08-17,Téglalakás,Felújítandó,Gáz (konvektor),,Nem adta meg a hirdető,,,4.0,,,,,,,,
https://www.zenga.hu/ingatlan/elado-panellakas-komarom/8638324?page=82&pos=4&cr=20,"Komárom eladó panellakás 4 szobás: 49,88 millió Ft",49.88,85.0,85 m²,4.0,Komárom,2025-08-17,Panellakás,Felújított,Házközponti fűtés egyedi méréssel,1970.0,B,,,7.0,"4,5 m²",,,,,,,
https://www.zenga.hu/ingatlan/elado-teglalakas-budapest-i-kerulet-vizivaros-i-ker/8588698?page=82&pos=5&cr=20,Budapest I. kerület eladó téglalakás 4 szobás: 140 millió Ft,140.0,85.0,85 m²,4.0,"Budapest I. kerület, Víziváros I. ker.",2025-08-17,Téglalakás,Felújított,Gázkazán,,Nem adta meg a hirdető,,,4.0,,,,,,,,
https://www.zenga.hu/ingatlan/elado-csusztatott-zsalus-lakas-budaors/8594379?page=82&pos=6&cr=20,Budaörs eladó csúsztatott zsalus lakás 3 szobás: 85 millió Ft,85.0,68.0,68 m²,3.0,Budaörs,2025-08-17,Csúsztatott zsalus lakás,Átlagos,Házközponti,1982.0,Nem adta meg a hirdető,,,3.0,,,,,,,,
https://www.zenga.hu/ingatlan/elado-panellakas-pecs-kertvaros/8631786?page=82&pos=7&cr=20,"Pécs eladó panellakás 3 szobás: 42,9 millió Ft",42.9,62.0,62 m²,3.0,"Pécs, Kertváros",2025-08-17,Panellakás,Átlagos,Távfűtés,,Nem adta meg a hirdető,,,10.0,,,,,,,,
https://www.zenga.hu/ingatlan/elado-panellakas-pecs-kertvaros/8631863?page=82&pos=8&cr=20,"Pécs eladó panellakás 3+1 fél szobás: 46,9 millió Ft",46.9,57.0,57 m²,3.0,"Pécs, Kertváros",2025-08-17,Panellakás,Jó állapotú,Távfűtés egyedi méréssel,1980.0,Nem adta meg a hirdető,,,4.0,,,,,,,,
https://www.zenga.hu/ingatlan/elado-teglalakas-dunaujvaros-belvaros/8631825?page=82&pos=9&cr=20,"Dunaújváros eladó téglalakás 3+1 fél szobás: 49,9 millió Ft",49.9,75.0,75 m²,3.0,"Dunaújváros, Belváros",2025-08-17,Téglalakás,Jó állapotú,Gázkazán,1996.0,Nem adta meg a hirdető,,,4.0,,,,,,,,
https://www.zenga.hu/ingatlan/elado-teglalakas-sopron/8440263?page=82&pos=10&cr=20,"Eladó 3 szobás téglalakás 94,9 millió Ft értékben Sopronban - Lehár Panoráma Residence lakóparkban",94.9,60.0,60 m²,3.0,"Sopron, Lehár Ferenc utca 124.",2025-08-17,Téglalakás,Új építésű,Hőszivattyú,,A+,,,3.0,14 m²,,2025. 3. negyedév,,,,,
https://www.zenga.hu/ingatlan/elado-teglalakas-sopron/8440274?page=82&pos=11&cr=20,"Eladó 4 szobás téglalakás 99,9 millió Ft értékben Sopronban - Lehár Panoráma Residence lakóparkban",99.9,75.0,75 m²,4.0,"Sopron, Lehár Ferenc utca 124.",2025-08-17,Téglalakás,Új építésű,Hőszivattyú,,A+,,,3.0,"13,4 m²",,2025. 3. negyedév,,,,,
https://www.zenga.hu/ingatlan/elado-teglalakas-sopron/8440277?page=82&pos=12&cr=20,"Eladó 4 szobás téglalakás 99,9 millió Ft értékben Sopronban - Lehár Panoráma Residence lakóparkban",99.9,75.0,75 m²,4.0,"Sopron, Lehár Ferenc utca 124.",2025-08-17,Téglalakás,Új építésű,Hőszivattyú,,A+,,,3.0,"13,4 m²",,2025. 3. negyedév,,,,,
https://www.zenga.hu/ingatlan/elado-teglalakas-sopron/8440270?page=82&pos=14&cr=20,"Eladó 3 szobás téglalakás 109,9 millió Ft értékben Sopronban - Lehár Panoráma Residence lakóparkban",109.9,75.0,75 m²,3.0,"Sopron, Lehár Ferenc utca 124.",2025-08-17,Téglalakás,Új építésű,Hőszivattyú,,A+,,,3.0,14 m²,,2025. 3. negyedév,,,,,
https://www.zenga.hu/ingatlan/elado-teglalakas-sopron/8440272?page=82&pos=15&cr=20,"Eladó 3 szobás téglalakás 94,9 millió Ft értékben Sopronban - Lehár Panoráma Residence lakóparkban",94.9,75.0,75 m²,3.0,"Sopron, Lehár Ferenc utca 124.",2025-08-17,Téglalakás,Új építésű,Hőszivattyú,,A+,,,3.0,14 m²,,2025. 3. negyedév,,,,,
https://www.zenga.hu/ingatlan/elado-teglalakas-budapest-xvii-kerulet-rakoscsaba-ujtelep/8625377?page=82&pos=16&cr=20,,,,,,,2025-08-17,,,,,,,,,,,,,,,,
https://www.zenga.hu/ingatlan/elado-teglalakas-budapest-xiv-kerulet-alsorakos/8625358?page=82&pos=17&cr=20,"Budapest XIV. kerület eladó téglalakás 2 szobás: 59,5 millió Ft",59.5,51.0,51 m²,2.0,"Budapest XIV. kerület, Alsórákos",2025-08-17,Téglalakás,Átlagos,Gáz (konvektor),,E,,,4.0,,,,,,,,
https://www.zenga.hu/ingatlan/elado-teglalakas-budapest-vi-kerulet/8623943?page=82&pos=18&cr=20,,,,,,,2025-08-17,,,,,,,,,,,,,,,,
https://www.zenga.hu/ingatlan/elado-teglalakas-budapest-vii-kerulet-nagykoruton-beluli-terulet/8622025?page=82&pos=19&cr=20,,,,,,,2025-08-17,,,,,,,,,,,,,,,,
https://www.zenga.hu/ingatlan/elado-teglalakas-budapest-vi-kerulet-nagykoruton-beluli-terulet/8613123?page=82&pos=20&cr=20,,,,,,,2025-08-17,,,,,,,,,,,,,,,,
https://www.zenga.hu/ingatlan/elado-teglalakas-budapest-ii-kerulet-rozsadomb/8572920?page=83&pos=1&cr=20,,,,,,,2025-08-17,,,,,,,,,,,,,,,,
https://www.zenga.hu/ingatlan/elado-teglalakas-gyula/8464447?page=83&pos=2&cr=20,"Gyula eladó téglalakás 2 szobás: 29,5 millió Ft",29.5,54.0,54 m²,2.0,"Gyula, Honvéd ltp.",2025-08-17,Téglalakás,Felújított,Gáz (konvektor),1980.0,Nem adta meg a hirdető,,,4.0,1 m²,,,,,,,
https://www.zenga.hu/ingatlan/elado-tarsashazi-lakas-budapest-xviii-kerulet/8123289?page=83&pos=3&cr=20,"Budapest XVIII. kerület eladó társasházi lakás 1 szobás: 54,9 millió Ft",54.9,37.0,37 m²,1.0,Budapest XVIII. kerület,2025-08-17,Társasházi lakás,Új építésű,Hőszivattyú,2024.0,Nem adta meg a hirdető,,,3.0,,,,,,,,
https://www.zenga.hu/ingatlan/elado-teglalakas-balatonszepezd/8609586?page=83&pos=4&cr=20,Balatonszepezd eladó téglalakás 2 szobás: 65 millió Ft,65.0,45.0,45 m²,2.0,"Balatonszepezd, Csuki",2025-08-17,Téglalakás,Új építésű,Hőszivattyú,2026.0,Nem adta meg a hirdető,,,2.0,15 m²,,,,,,,
https://www.zenga.hu/ingatlan/elado-teglalakas-balatonudvari/8609581?page=83&pos=5&cr=20,"Balatonudvari eladó téglalakás 2 szobás: 61,9 millió Ft",61.9,41.0,41 m²,2.0,"Balatonudvari, Erkel Ferenc",2025-08-17,Téglalakás,Új építésű,Hőszivattyú,2025.0,Nem adta meg a hirdető,,,2.0,"6,4 m²",,,,,,,
https://www.zenga.hu/ingatlan/elado-teglalakas-szerencs/8609495?page=83&pos=6&cr=20,"Szerencs eladó téglalakás 2+1 fél szobás: 20,9 millió Ft",20.9,63.0,63 m²,2.0,Szerencs,2025-08-17,Téglalakás,Felújítandó,Cserépkályha,1920.0,Nem adta meg a hirdető,,,3.0,,6 000 Ft/hó,,,,,,
https://www.zenga.hu/ingatlan/elado-csusztatott-zsalus-lakas-eger-belvaros/8464640?page=83&pos=7&cr=20,Eger eladó csúsztatott zsalus lakás 3 szobás: 79 millió Ft,79.0,66.0,66 m²,3.0,"Eger, Belváros",2025-08-17,Csúsztatott zsalus lakás,,,,,,,4.0,,,,,,,,
https://www.zenga.hu/ingatlan/elado-teglalakas-nyiregyhaza-orokosfold/8550871?page=83&pos=8&cr=20,"Nyíregyháza eladó téglalakás 1+1 fél szobás: 29,9 millió Ft",29.9,41.0,41 m²,1.0,"Nyíregyháza, Örökösföld",2025-08-17,Téglalakás,Átlagos,Gázkazán,1970.0,Nem adta meg a hirdető,,,4.0,3 m²,,,,,,,
https://www.zenga.hu/ingatlan/elado-tarsashazi-lakas-dorog/8557725?page=83&pos=9&cr=20,"Dorog eladó társasházi lakás 2 szobás: 44,5 millió Ft",44.5,55.0,55 m²,2.0,"Dorog, Baross Gábor 26",2025-08-17,Társasházi lakás,Felújított,Távfűtés egyedi méréssel,1980.0,B,,,4.0,4 m²,25 Ft/hó,,,,,,
https://www.zenga.hu/ingatlan/elado-teglalakas-komarom/8592263?page=83&pos=10&cr=20,"Komárom eladó téglalakás 3 szobás: 62,99 millió Ft",62.99,60.0,60 m²,3.0,"Komárom, igmándi 47",2025-08-17,Téglalakás,Új építésű,Házközponti fűtés egyedi méréssel,2025.0,A,,,3.0,,,,6 m²,,,,
https://www.zenga.hu/ingatlan/elado-teglalakas-komarom/8590379?page=83&pos=11&cr=20,"Komárom eladó téglalakás 4 szobás: 80,27 millió Ft",80.27,77.0,77 m²,4.0,Komárom,2025-08-17,Téglalakás,Új építésű,Házközponti fűtés egyedi méréssel,2025.0,Nem adta meg a hirdető,,,3.0,8 m²,,,,,,,
https://www.zenga.hu/ingatlan/elado-teglalakas-szeged/8550952?page=83&pos=12&cr=20,"Szeged eladó téglalakás 3 szobás: 79,9 millió Ft",79.9,69.0,69 m²,3.0,Szeged,2025-08-17,Téglalakás,Újszerű,Gázkazán,2000.0,B,,,4.0,15 m²,,,,,,,
https://www.zenga.hu/ingatlan/elado-teglalakas-budapest-iii-kerulet/8563616?page=83&pos=13&cr=20,"Budapest III. kerület eladó téglalakás 2 szobás: 97,5 millió Ft",97.5,60.0,60 m²,2.0,Budapest III. kerület,2025-08-17,Téglalakás,Újszerű,Elektromos,2023.0,Nem adta meg a hirdető,,Nincs,2.0,10 m²,,,,,,,
https://www.zenga.hu/ingatlan/elado-tarsashazi-lakas-budapest-ii-kerulet-pasaret/8567058?page=83&pos=14&cr=20,,,,,,,2025-08-17,,,,,,,,,,,,,,,,
https://www.zenga.hu/ingatlan/elado-teglalakas-budapest-xv-kerulet-pestujhely/8567370?page=83&pos=15&cr=20,,,,,,,2025-08-17,,,,,,,,,,,,,,,,
https://www.zenga.hu/ingatlan/elado-teglalakas-szerencs/8516485?page=83&pos=16&cr=20,,,,,,,2025-08-17,,,,,,,,,,,,,,,,
https://www.zenga.hu/ingatlan/elado-teglalakas-papa/8556284?page=83&pos=17&cr=20,"Pápa eladó téglalakás 2 szobás: 29,8 millió Ft",29.8,51.0,51 m²,2.0,Pápa,2025-08-17,Téglalakás,Felújított,Gáz (konvektor),,Nem adta meg a hirdető,,,3.0,,,,,,,,
https://www.zenga.hu/ingatlan/elado-teglalakas-budapest-xx-kerulet/8555849?page=83&pos=18&cr=20,"Budapest XX. kerület eladó téglalakás 1 szobás: 29,9 millió Ft",29.9,27.0,27 m²,1.0,"Budapest XX. kerület, Gólya utca",2025-08-17,Téglalakás,Felújított,Elektromos,,F,,,1.0,,25 000 Ft/hó,,6 m²,,,,
https://www.zenga.hu/ingatlan/elado-tarsashazi-lakas-erd-parkvaros/8494546?page=83&pos=19&cr=20,,,,,,,2025-08-17,,,,,,,,,,,,,,,,
https://www.zenga.hu/ingatlan/elado-tarsashazi-lakas-debrecen/8526256?page=83&pos=20&cr=20,"Debrecen eladó társasházi lakás 2+1 fél szobás: 75,8 millió Ft",75.8,74.0,74 m²,2.0,Debrecen,2025-08-17,Társasházi lakás,Újszerű,Gázkazán,2009.0,C,,Nincs,3.0,6 m²,30 000 Ft/hó,,6 m²,,,,
https://www.zenga.hu/ingatlan/elado-teglalakas-balatonfoldvar/8512415?page=84&pos=1&cr=20,"Balatonföldvár eladó téglalakás 5 szobás: 111,69 millió Ft",111.69,112.0,112 m²,5.0,"Balatonföldvár, Kőröshegyi út 122 - új parcellázás",2025-08-17,Téglalakás,Új építésű,Hőszivattyú,2024.0,A+,,,2.0,,25 000 Ft/hó,,15 m²,,,,
https://www.zenga.hu/ingatlan/elado-panellakas-szeged-rokus/8507767?page=84&pos=2&cr=20,"Szeged eladó panellakás 2 szobás: 49,8 millió Ft",49.8,56.0,56 m²,2.0,"Szeged, Rókus",2025-08-17,Panellakás,Újszerű,Távfűtés,,Nem adta meg a hirdető,,,5.0,3 m²,22 000 Ft/hó,,,,,,
https://www.zenga.hu/ingatlan/elado-tarsashazi-lakas-fonyod/8487903?page=84&pos=3&cr=20,"Fonyód eladó társasházi lakás 2 szobás: 84,7 millió Ft",84.7,77.0,77 m²,2.0,"Fonyód, Harmatos u.",2025-08-17,Társasházi lakás,Újszerű,Központi fűtés,,Nem adta meg a hirdető,,,4.0,,,,9 m²,,,,
https://www.zenga.hu/ingatlan/elado-panellakas-salgotarjan-vasarter/8478878?page=84&pos=5&cr=20,Salgótarján eladó panellakás 2 szobás: 18 millió Ft,18.0,58.0,58 m²,2.0,"Salgótarján, Vásártér",2025-08-17,Panellakás,Átlagos,Távfűtés egyedi méréssel,,Nem adta meg a hirdető,,,4.0,,,,,,,,
https://www.zenga.hu/ingatlan/elado-teglalakas-pecs-belvaros/8474584?page=84&pos=6&cr=20,"Pécs eladó téglalakás 2 szobás: 34,9 millió Ft",34.9,55.0,55 m²,2.0,"Pécs, Belváros",2025-08-17,Téglalakás,Felújítandó,Gáz (konvektor),1950.0,Nem adta meg a hirdető,,,2.0,,,,,,,,
https://www.zenga.hu/ingatlan/elado-teglalakas-tiszavasvari/8112364?page=84&pos=7&cr=20,"Tiszavasvári eladó téglalakás 3 szobás: 21,9 millió Ft",21.9,60.0,60 m²,3.0,Tiszavasvári,2025-08-17,Téglalakás,Jó állapotú,Gázkazán,1981.0,Nem adta meg a hirdető,,,3.0,3 m²,,,,,,,
https://www.zenga.hu/ingatlan/elado-panellakas-tatabanya-ujvaros/8669830?page=84&pos=8&cr=19,"Tatabánya eladó panellakás 2 szobás: 33,9 millió Ft",33.9,36.0,36 m²,2.0,"Tatabánya, Újváros",2025-08-17,Panellakás,,Távfűtés,1970.0,Nem adta meg a hirdető,,,,,,,,,,,
https://www.zenga.hu/ingatlan/elado-teglalakas-tatabanya-ovaros/8658075?page=84&pos=9&cr=19,"Tatabánya eladó téglalakás 3 szobás: 52,5 millió Ft",52.5,84.0,84 m²,3.0,"Tatabánya, Óváros",2025-08-17,Téglalakás,,Távfűtés,1970.0,Nem adta meg a hirdető,,,,"8,3 m²",,,,,,,
https://www.zenga.hu/ingatlan/elado-teglalakas-tatabanya/8668622?page=84&pos=10&cr=19,"Tatabánya eladó téglalakás 2+1 fél szobás: 37,5 millió Ft",37.5,65.0,65 m²,2.0,"Tatabánya, Verebély László utca",2025-08-17,Téglalakás,Átlagos,Távfűtés,1980.0,Nem adta meg a hirdető,,,4.0,4 m²,,,,,,,
https://www.zenga.hu/ingatlan/elado-panellakas-dunaujvaros/8668005?page=84&pos=11&cr=19,"Dunaújváros eladó panellakás 2 szobás: 24,9 millió Ft",24.9,59.0,59 m²,2.0,Dunaújváros,2025-08-17,Panellakás,,Távfűtés egyedi méréssel,1975.0,Nem adta meg a hirdető,,,,2 m²,,,,,,,
https://www.zenga.hu/ingatlan/elado-teglalakas-alsoors/8468535?page=84&pos=12&cr=19,"Eladó 1 szobás téglalakás 71,9 millió Ft értékben Alsóörsön - Alsóörs Residence lakóparkban",71.9,45.0,45 m²,1.0,Alsóörs,2025-08-17,Téglalakás,Új építésű,Fan coil,2025.0,Nem adta meg a hirdető,,,,,,,21 m²,,,,
https://www.zenga.hu/ingatlan/elado-panellakas-dunaujvaros/8664069?page=84&pos=13&cr=19,Dunaújváros eladó panellakás 1 szobás: 24 millió Ft,24.0,35.0,35 m²,1.0,Dunaújváros,2025-08-17,Panellakás,Átlagos,Távfűtés egyedi méréssel,1970.0,Nem adta meg a hirdető,,,9.0,,,,,,,,
https://www.zenga.hu/ingatlan/elado-teglalakas-budapest-iv-kerulet-ujpest/8657354?page=84&pos=14&cr=19,"Budapest IV. kerület eladó téglalakás 2 szobás: 59,9 millió Ft",59.9,49.0,49 m²,2.0,"Budapest IV. kerület, Újpest",2025-08-17,Téglalakás,Felújított,Távfűtés,1950.0,Nem adta meg a hirdető,,,5.0,,21 000 Ft/hó,,,,,,
https://www.zenga.hu/ingatlan/elado-teglalakas-budapest-ii-kerulet-szemlohegy/8606704?page=84&pos=15&cr=19,"Budapest II. kerület eladó téglalakás 2 szobás: 149,9 millió Ft",149.9,88.0,88 m²,2.0,"Budapest II. kerület, Szemlőhegy",2025-08-17,Téglalakás,Jó állapotú,Házközponti fűtés egyedi méréssel,1991.0,Nem adta meg a hirdető,,,3.0,,,,,,,,
https://www.zenga.hu/ingatlan/elado-teglalakas-debrecen/8372809?page=84&pos=16&cr=19,Debrecen eladó téglalakás 2 szobás: 59 millió Ft,59.0,59.0,59 m²,2.0,Debrecen,2025-08-17,,,,,,,,,,,,,,,,
https://www.zenga.hu/ingatlan/elado-teglalakas-retsag/8606416?page=84&pos=17&cr=18,"Rétság eladó téglalakás 1 szobás: 29,9 millió Ft",29.9,29.0,29 m²,1.0,Rétság,2025-08-17,Téglalakás,Újszerű,Hőszivattyú,2025.0,Nem adta meg a hirdető,,,,,,,,,,,
https://www.zenga.hu/ingatlan/elado-teglalakas-debrecen-belvaros/8465201?page=84&pos=18&cr=18,"Debrecen eladó téglalakás 2 szobás: 56,99 millió Ft",56.99,62.0,62 m²,2.0,"Debrecen, Belváros",2025-08-17,Téglalakás,Jó állapotú,Gáz (konvektor),1973.0,Nem adta meg a hirdető,,,,,,,,,,,
https://www.zenga.hu/ingatlan/elado-teglalakas-komarom/8592274?page=84&pos=19&cr=18,"Komárom eladó téglalakás 2 szobás: 45,28 millió Ft",45.28,44.0,44 m²,2.0,"Komárom, igmándi 47",2025-08-17,Téglalakás,Új építésű,Házközponti fűtés egyedi méréssel,2025.0,Nem adta meg a hirdető,,,3.0,,,,,,,,
https://www.zenga.hu/ingatlan/elado-egyeb-lakas-pecs-ledina/8461175?page=84&pos=20&cr=17,"Pécs eladó egyéb lakás 1+1 fél szobás: 41,5 millió Ft",41.5,61.0,61 m²,1.0,"Pécs, Ledina",2025-08-17,Egyéb lakás,Jó állapotú,Gáz (konvektor),1974.0,Nem adta meg a hirdető,,,,,,,,,,,
https://www.zenga.hu/ingatlan/elado-panellakas-budapest-iii-kerulet-obuda/8659070?page=85&pos=1&cr=17,"Budapest III. kerület eladó panellakás 3 szobás: 79,99 millió Ft",79.99,69.0,69 m²,3.0,"Budapest III. kerület, Óbuda",2025-08-17,Panellakás,Jó állapotú,Távfűtés egyedi méréssel,1970.0,Nem adta meg a hirdető,,,,,,,,,,,
https://www.zenga.hu/ingatlan/elado-teglalakas-balatonfured-alsovaros/8584510?page=85&pos=2&cr=17,Balatonfüred eladó téglalakás 2 szobás: 110 millió Ft,110.0,70.0,70 m²,2.0,"Balatonfüred, Alsóváros",2025-08-17,Téglalakás,Újszerű,Elektromos,,Nem adta meg a hirdető,,,2.0,,,,,,,,
https://www.zenga.hu/ingatlan/elado-teglalakas-siofok/8581905?page=85&pos=4&cr=17,"Siófok eladó téglalakás 2 szobás: 69,9 millió Ft",69.9,50.0,50 m²,2.0,Siófok,2025-08-17,Téglalakás,Újszerű,Házközponti fűtés egyedi méréssel,2020.0,A+,,Nincs,2.0,4 m²,25 000 Ft/hó,,10 m²,,,,
https://www.zenga.hu/ingatlan/elado-teglalakas-szombathely-belvaros/8438511?page=85&pos=5&cr=17,Szombathely eladó téglalakás 4+1 fél szobás: 75 millió Ft,,,,,,2025-08-17,,,,,,,,,,,,,,,,
https://www.zenga.hu/ingatlan/elado-teglalakas-balatonfured-balatonaracs/8575403?page=85&pos=6&cr=16,"Balatonfüred eladó téglalakás 2 szobás: 49,9 millió Ft",49.9,40.0,40 m²,2.0,"Balatonfüred, Balatonarács",2025-08-17,Téglalakás,,Nincs fűtés,1983.0,Nem adta meg a hirdető,,,,4 m²,,,,,,,
https://www.zenga.hu/ingatlan/elado-panellakas-nyergesujfalu/8540545?page=85&pos=7&cr=16,"Nyergesújfalu eladó panellakás 2 szobás: 33,5 millió Ft",33.5,56.0,56 m²,2.0,Nyergesújfalu,2025-08-17,Panellakás,,Távfűtés egyedi méréssel,1980.0,Nem adta meg a hirdető,,,,,,,,,,,
https://www.zenga.hu/ingatlan/elado-teglalakas-budapest-i-kerulet-vizivaros-i-ker/8534520?page=85&pos=8&cr=16,,,,,,,2025-08-17,,,,,,,,,,,,,,,,
https://www.zenga.hu/ingatlan/elado-panellakas-debrecen-venkert/8661453?page=85&pos=9&cr=16,"Debrecen eladó panellakás 4 szobás: 69,9 millió Ft",69.9,68.0,68 m²,4.0,"Debrecen, Vénkert",2025-08-17,Panellakás,Felújított,Távfűtés egyedi méréssel,1980.0,Nem adta meg a hirdető,,,10.0,"2,6 m²",,,,,,,
https://www.zenga.hu/ingatlan/elado-teglalakas-szolnok/8433276?page=85&pos=10&cr=16,"Szolnok eladó téglalakás 3 szobás: 54,9 millió Ft",54.9,75.0,75 m²,3.0,Szolnok,2025-08-17,Téglalakás,Újszerű,Gázkazán,2006.0,Nem adta meg a hirdető,,,,,,,,,,,
https://www.zenga.hu/ingatlan/elado-teglalakas-hajduboszormeny/8648919?page=85&pos=11&cr=16,"Hajdúböszörmény eladó téglalakás 22 szobás: 34,9 millió Ft",34.9,55.0,55 m²,22.0,"Hajdúböszörmény, Kossuth Lajos utca 10-16",2025-08-17,Téglalakás,Felújított,Gáz (konvektor),,E,,,4.0,2 m²,,,,,,,
https://www.zenga.hu/ingatlan/elado-panellakas-szeged-felsovaros/8576996?page=85&pos=12&cr=16,"Szeged eladó panellakás 1+2 fél szobás: 47,5 millió Ft",47.5,53.0,53 m²,1.0,"Szeged, Felsőváros",2025-08-17,Panellakás,Felújított,Távfűtés egyedi méréssel,,Nem adta meg a hirdető,,,10.0,,,,,,,,
https://www.zenga.hu/ingatlan/elado-teglalakas-budapest-xi-kerulet/8442017?page=85&pos=13&cr=16,"Budapest XI. kerület eladó téglalakás 4 szobás: 94,9 millió Ft",94.9,60.0,60 m²,4.0,Budapest XI. kerület,2025-08-17,Téglalakás,Átlagos,Elektromos,1930.0,Nem adta meg a hirdető,,,,,,,,,,,
https://www.zenga.hu/ingatlan/elado-teglalakas-budapest-xiii-kerulet/8616956?page=85&pos=14&cr=16,"Budapest XIII. kerület eladó téglalakás 2 szobás: 91,33 millió Ft",91.33,57.0,57 m²,2.0,Budapest XIII. kerület,2025-08-17,Téglalakás,Újszerű,Házközponti fűtés egyedi méréssel,2024.0,Nem adta meg a hirdető,,,,,,,,,,,
https://www.zenga.hu/ingatlan/elado-teglalakas-veszprem/8383696?page=85&pos=15&cr=16,"Veszprém eladó téglalakás 4 szobás: 51,9 millió Ft",51.9,54.0,54 m²,4.0,,2025-08-17,,,,,,,,,,,,,,,,
https://www.zenga.hu/ingatlan/elado-teglalakas-veszprem/8486762?page=85&pos=16&cr=16,"Veszprém eladó téglalakás 2+3 fél szobás: 79,99 millió Ft",79.99,81.0,81 m²,2.0,Veszprém,2025-08-17,Téglalakás,Jó állapotú,Gázkazán,2007.0,E,,,,,,,,,,,
https://www.zenga.hu/ingatlan/elado-teglalakas-budapest-xiii-kerulet-loportardulo/8501642?page=85&pos=17&cr=16,"Budapest XIII. kerület eladó téglalakás 1 szobás: 45,9 millió Ft",45.9,23.0,23 m²,1.0,"Budapest XIII. kerület, Lőportárdűlő, Kassák Lajos utca",2025-08-17,Téglalakás,Felújított,Gáz (konvektor),,Nem adta meg a hirdető,,,2.0,,,,,,,,
https://www.zenga.hu/ingatlan/elado-teglalakas-budapest-vii-kerulet-nagykoruton-beluli-terulet/8478901?page=85&pos=18&cr=16,,,,,,,2025-08-17,,,,,,,,,,,,,,,,
https://www.zenga.hu/ingatlan/elado-panellakas-salgotarjan/8330703?page=85&pos=19&cr=16,"Salgótarján eladó panellakás 3 szobás: 15,9 millió Ft",15.9,65.0,65 m²,3.0,Salgótarján,2025-08-17,Panellakás,Átlagos,Távfűtés egyedi méréssel,,Nem adta meg a hirdető,,,4.0,5 m²,,,,,,,
https://www.zenga.hu/ingatlan/elado-teglalakas-szeged/8168406?page=85&pos=20&cr=15,"Szeged eladó téglalakás 3 szobás: 87,49 millió Ft",87.49,94.0,94 m²,3.0,Szeged,2025-08-17,Téglalakás,Jó állapotú,Gázkazán,1930.0,Nem adta meg a hirdető,,,,,,,,,,,
https://www.zenga.hu/ingatlan/elado-teglalakas-balatonfoldvar/8391939?page=86&pos=1&cr=15,Balatonföldvár eladó téglalakás 3 szobás: 125 millió Ft,125.0,90.0,90 m²,3.0,Balatonföldvár,2025-08-17,Téglalakás,Új építésű,Hőszivattyú,2021.0,A++,,,,,,,,,,,
https://www.zenga.hu/ingatlan/elado-panellakas-debrecen-tocoskert/8613477?page=86&pos=2&cr=15,Debrecen eladó panellakás 4 szobás: 80 millió Ft,80.0,84.0,84 m²,4.0,"Debrecen, Tócóskert",2025-08-17,Panellakás,Jó állapotú,Távfűtés,1982.0,Nem adta meg a hirdető,,,,,,,,,,,
https://www.zenga.hu/ingatlan/elado-teglalakas-balatonfured/8619747?page=86&pos=3&cr=15,"Balatonfüred eladó téglalakás 3 szobás: 198,5 millió Ft",198.5,71.0,71 m²,3.0,Balatonfüred,2025-08-17,Téglalakás,Új építésű,Házközponti fűtés egyedi méréssel,2011.0,D,,,,,,,,,,,
https://www.zenga.hu/ingatlan/elado-teglalakas-lepseny/8601015?page=86&pos=4&cr=15,Lepsény eladó téglalakás 3 szobás: 58 millió Ft,58.0,73.0,73 m²,3.0,Lepsény,2025-08-17,Téglalakás,Új építésű,Gázkazán,2026.0,,,,2.0,20 m²,,,,,,,
https://www.zenga.hu/ingatlan/elado-teglalakas-fonyod/8585725?page=86&pos=5&cr=15,"Fonyód eladó téglalakás 3 szobás: 69,83 millió Ft",69.83,43.0,43 m²,3.0,Fonyód,2025-08-17,Téglalakás,Új építésű,Hőszivattyú,2025.0,Nem adta meg a hirdető,,,,,,,,,,,
https://www.zenga.hu/ingatlan/elado-teglalakas-balatonfoldvar/8663143?page=86&pos=6&cr=15,Balatonföldvár eladó téglalakás 3 szobás: 120 millió Ft,120.0,98.0,98 m²,3.0,Balatonföldvár,2025-08-17,Téglalakás,Újszerű,Hőszivattyú,2021.0,A+,,,,,,,,,,,
https://www.zenga.hu/ingatlan/elado-teglalakas-harkany/8395636?page=86&pos=7&cr=15,"Harkány eladó téglalakás 1+1 fél szobás: 19,6 millió Ft",19.6,41.0,41 m²,1.0,Harkány,2025-08-17,Téglalakás,Átlagos,Gázkazán,1975.0,G,,,,,,,,,,,
https://www.zenga.hu/ingatlan/elado-teglalakas-siofok-belvaros/8600960?page=86&pos=8&cr=15,Siófok eladó téglalakás 4 szobás: 85 millió Ft,85.0,85.0,85 m²,4.0,"Siófok, Belváros",2025-08-17,Téglalakás,Felújított,Gázkazán,1993.0,Nem adta meg a hirdető,,,3.0,,,,,,,,
https://www.zenga.hu/ingatlan/elado-teglalakas-budapest-viii-kerulet/8519152?page=86&pos=9&cr=15,"Budapest VIII. kerület eladó téglalakás 1 szobás: 38,7 millió Ft",38.7,30.0,30 m²,1.0,Budapest VIII. kerület,2025-08-17,Téglalakás,Jó állapotú,Gáz (konvektor),,,,,,,,,,,,,
https://www.zenga.hu/ingatlan/elado-panellakas-gyor-marcalvaros-ii/8669587?page=86&pos=10&cr=15,"Győr eladó panellakás 3 szobás: 64,8 millió Ft",64.8,68.0,68 m²,3.0,"Győr, Marcalváros II., cuha",2025-08-17,Panellakás,Felújított,Távfűtés egyedi méréssel,,Nem adta meg a hirdető,,,10.0,4 m²,,,,,,,
https://www.zenga.hu/ingatlan/elado-teglalakas-koszeg/8540761?page=86&pos=11&cr=15,Kőszeg eladó téglalakás 2 szobás: 32 millió Ft,32.0,50.0,50 m²,2.0,Kőszeg,2025-08-17,Téglalakás,Felújított,Elektromos,,Nem adta meg a hirdető,,,,,,,,,,,
https://www.zenga.hu/ingatlan/elado-teglalakas-pecs/8648124?page=86&pos=12&cr=15,"Pécs eladó téglalakás 3 szobás: 47,9 millió Ft",47.9,45.0,45 m²,3.0,Pécs,2025-08-17,Téglalakás,Felújított,Gáz (konvektor),1950.0,Nem adta meg a hirdető,,,,,,,,,,,
https://www.zenga.hu/ingatlan/elado-teglalakas-debrecen-belvaros/8496279?page=86&pos=13&cr=15,"Debrecen eladó téglalakás 3 szobás: 55,9 millió Ft",55.9,60.0,60 m²,3.0,"Debrecen, Belváros",2025-08-17,Téglalakás,,Elektromos,1950.0,Nem adta meg a hirdető,,,,,,,,,,,
https://www.zenga.hu/ingatlan/elado-teglalakas-siofok-belvaros/8601004?page=86&pos=14&cr=15,Siófok eladó téglalakás 4 szobás: 120 millió Ft,120.0,110.0,110 m²,4.0,"Siófok, Belváros",2025-08-17,Téglalakás,Új építésű,Padlófűtés,2025.0,Nem adta meg a hirdető,,,2.0,,,,,,,,
https://www.zenga.hu/ingatlan/elado-panellakas-dombovar/8600067?page=86&pos=15&cr=15,"Dombóvár eladó panellakás 2+1 fél szobás: 29,2 millió Ft",29.2,70.0,70 m²,2.0,Dombóvár,2025-08-17,Panellakás,Jó állapotú,Távfűtés,1980.0,Nem adta meg a hirdető,,,3.0,3 m²,,,,,,,
https://www.zenga.hu/ingatlan/elado-panellakas-dombovar/8600064?page=86&pos=16&cr=15,"Dombóvár eladó panellakás 2 szobás: 29,6 millió Ft",29.6,53.0,53 m²,2.0,Dombóvár,2025-08-17,Panellakás,Újszerű,Távfűtés egyedi méréssel,1981.0,Nem adta meg a hirdető,,,4.0,,,,,,,,
https://www.zenga.hu/ingatlan/elado-teglalakas-siofok-aranypart/8600963?page=86&pos=17&cr=15,Siófok eladó téglalakás 2 szobás: 125 millió Ft,125.0,65.0,65 m²,2.0,"Siófok, Aranypart",2025-08-17,Téglalakás,Újszerű,Mennyezeti hűtés-fűtés,2022.0,Nem adta meg a hirdető,,,3.0,,,,,,,,
https://www.zenga.hu/ingatlan/elado-panellakas-debrecen/8550650?page=86&pos=18&cr=15,"Debrecen eladó panellakás 3 szobás: 52,9 millió Ft",52.9,64.0,64 m²,3.0,Debrecen,2025-08-17,Panellakás,,Távfűtés egyedi méréssel,1976.0,Nem adta meg a hirdető,,,,"2,5 m²",,,,,,,
https://www.zenga.hu/ingatlan/elado-panellakas-dombovar/8600057?page=86&pos=19&cr=15,"Dombóvár eladó panellakás 3 szobás: 33,9 millió Ft",33.9,73.0,73 m²,3.0,Dombóvár,2025-08-17,Panellakás,Felújított,Távfűtés egyedi méréssel,1982.0,Nem adta meg a hirdető,,,4.0,3 m²,,,,,,,
https://www.zenga.hu/ingatlan/elado-teglalakas-pecs-mecsekoldal-makar/8513302?page=86&pos=20&cr=15,Pécs eladó téglalakás 4 szobás: 125 millió Ft,125.0,93.0,93 m²,4.0,"Pécs, Mecsekoldal",2025-08-17,Téglalakás,Új építésű,Hőszivattyú,2024.0,Nem adta meg a hirdető,,,,5 m²,,,18 m²,,,,
https://www.zenga.hu/ingatlan/elado-teglalakas-siofok-belvaros/8601004?page=87&pos=1&cr=15,Siófok eladó téglalakás 4 szobás: 120 millió Ft,120.0,110.0,110 m²,4.0,"Siófok, Belváros",2025-08-17,Téglalakás,Új építésű,Padlófűtés,2025.0,Nem adta meg a hirdető,,,2.0,,,,,,,,
https://www.zenga.hu/ingatlan/elado-teglalakas-zalaegerszeg-belvaros/8640940?page=87&pos=2&cr=15,Zalaegerszeg eladó téglalakás 3 szobás: 74 millió Ft,74.0,74.0,74 m²,3.0,"Zalaegerszeg, Belváros",2025-08-17,Téglalakás,Felújított,Gázkazán,2009.0,Nem adta meg a hirdető,,,,,,,,,,,
https://www.zenga.hu/ingatlan/elado-teglalakas-gyor-szabadhegy/8597408?page=87&pos=3&cr=15,"Győr eladó téglalakás 2 szobás: 44,91 millió Ft",44.91,38.0,38 m²,2.0,"Győr, Szabadhegy",2025-08-17,Téglalakás,Új építésű,Távfűtés egyedi méréssel,2025.0,A,,,4.0,,,,,,,,
https://www.zenga.hu/ingatlan/elado-teglalakas-budapest-ii-kerulet-pasaret/8541903?page=87&pos=4&cr=15,Budapest II. kerület eladó téglalakás 2 szobás: 112 millió Ft,112.0,53.0,53 m²,2.0,"Budapest II. kerület, Pasarét",2025-08-17,Téglalakás,,Gáz (konvektor),1970.0,Nem adta meg a hirdető,,,,"7,4 m²",,,,,,,
https://www.zenga.hu/ingatlan/elado-teglalakas-budapest-xi-kerulet-albertfalva/8623636?page=87&pos=5&cr=15,"Budapest XI. kerület eladó téglalakás 1 szobás: 53,9 millió Ft",53.9,34.0,34 m²,1.0,"Budapest XI. kerület, Albertfalva",2025-08-17,Téglalakás,,Cserépkályha,1968.0,Nem adta meg a hirdető,,,,,,,,,,,
https://www.zenga.hu/ingatlan/elado-teglalakas-debrecen-homokkert/8468625?page=87&pos=6&cr=15,"Debrecen eladó téglalakás 3 szobás: 99,9 millió Ft",99.9,71.0,71 m²,3.0,"Debrecen, Homokkert",2025-08-17,Téglalakás,Újszerű,Hőszivattyú,2019.0,Nem adta meg a hirdető,,Van,1.0,,,,,,,,
https://www.zenga.hu/ingatlan/elado-teglalakas-siofok-aranypart/8600963?page=87&pos=7&cr=15,Siófok eladó téglalakás 2 szobás: 125 millió Ft,125.0,65.0,65 m²,2.0,"Siófok, Aranypart",2025-08-17,Téglalakás,Újszerű,Mennyezeti hűtés-fűtés,2022.0,Nem adta meg a hirdető,,,3.0,,,,,,,,
https://www.zenga.hu/ingatlan/elado-panellakas-dombovar/8600064?page=87&pos=8&cr=15,"Dombóvár eladó panellakás 2 szobás: 29,6 millió Ft",29.6,53.0,53 m²,2.0,Dombóvár,2025-08-17,Panellakás,Újszerű,Távfűtés egyedi méréssel,1981.0,Nem adta meg a hirdető,,,4.0,,,,,,,,
https://www.zenga.hu/ingatlan/elado-panellakas-dombovar/8600057?page=87&pos=9&cr=15,"Dombóvár eladó panellakás 3 szobás: 33,9 millió Ft",33.9,73.0,73 m²,3.0,Dombóvár,2025-08-17,Panellakás,Felújított,Távfűtés egyedi méréssel,1982.0,Nem adta meg a hirdető,,,4.0,3 m²,,,,,,,
https://www.zenga.hu/ingatlan/elado-teglalakas-debrecen-libakert/8666912?page=87&pos=10&cr=15,"Debrecen eladó téglalakás 2 szobás: 52,5 millió Ft",52.5,55.0,55 m²,2.0,"Debrecen, Libakert",2025-08-17,Téglalakás,Jó állapotú,Gáz (konvektor),1970.0,Nem adta meg a hirdető,,,4.0,2 m²,,,,,,,
https://www.zenga.hu/ingatlan/elado-csusztatott-zsalus-lakas-heviz/8655686?page=87&pos=11&cr=15,Hévíz eladó csúsztatott zsalus lakás 1+2 fél szobás: 49 millió Ft,49.0,63.0,63 m²,1.0,Hévíz,2025-08-17,Csúsztatott zsalus lakás,Felújított,Gázkazán,,Nem adta meg a hirdető,,,3.0,4 m²,,,,,,,
https://www.zenga.hu/ingatlan/elado-teglalakas-budapest-vi-kerulet-nagykoruton-kivuli-terulet/8665492?page=87&pos=12&cr=15,Budapest VI. kerület eladó téglalakás 1 szobás: 50 millió Ft,50.0,28.0,28 m²,1.0,"Budapest VI. kerület, Nagykörúton kívüli terület",2025-08-17,Téglalakás,,,,,,,,,,,,,,,
https://www.zenga.hu/ingatlan/elado-panellakas-budapest-x-kerulet-ujhegy/8646551?page=87&pos=13&cr=15,Budapest X. kerület eladó panellakás 2 szobás: 61 millió Ft,61.0,50.0,50 m²,2.0,"Budapest X. kerület, Újhegy",2025-08-17,Panellakás,Felújított,Távfűtés,1976.0,C,,,,,,,,,,,
https://www.zenga.hu/ingatlan/elado-teglalakas-budapest-xi-kerulet-nadorkert/8513126?page=87&pos=15&cr=15,,,,,,,2025-08-17,,,,,,,,,,,,,,,,
https://www.zenga.hu/ingatlan/elado-teglalakas-varpalota/8552971?page=87&pos=17&cr=15,Várpalota eladó téglalakás 2 szobás: 23 millió Ft,23.0,51.0,51 m²,2.0,Várpalota,2025-08-17,Téglalakás,Átlagos,Távfűtés,1970.0,Nem adta meg a hirdető,,,,,,,,,,,
https://www.zenga.hu/ingatlan/elado-csusztatott-zsalus-lakas-debrecen-akademiakert/8662859?page=87&pos=18&cr=15,"Debrecen eladó csúsztatott zsalus lakás 4 szobás: 79,9 millió Ft",79.9,80.0,80 m²,4.0,"Debrecen, Akadémiakert",2025-08-17,Csúsztatott zsalus lakás,Átlagos,Gázkazán,1992.0,Nem adta meg a hirdető,,,,,,,,,,,
https://www.zenga.hu/ingatlan/elado-panellakas-debrecen-tocoskert/8662589?page=87&pos=19&cr=15,,,,,,,2025-08-17,,,,,,,,,,,,,,,,
https://www.zenga.hu/ingatlan/elado-teglalakas-cegled/8527231?page=87&pos=20&cr=15,,,,,,,2025-08-17,,,,,,,,,,,,,,,,
https://www.zenga.hu/ingatlan/elado-teglalakas-budapest-ix-kerulet-belso-ferencvaros/8351627?page=88&pos=1&cr=15,Budapest IX. kerület eladó téglalakás 2 szobás: 90 millió Ft,90.0,55.0,55 m²,2.0,"Budapest IX. kerület, Belső Ferencváros",2025-08-17,Téglalakás,Jó állapotú,Gázkazán,1930.0,Nem adta meg a hirdető,,,,,,,,,,,
https://www.zenga.hu/ingatlan/elado-teglalakas-bekescsaba-belvaros/8581787?page=88&pos=2&cr=15,,,,,,,2025-08-17,,,,,,,,,,,,,,,,
https://www.zenga.hu/ingatlan/elado-teglalakas-budapest-v-kerulet-belvaros/7919233?page=88&pos=3&cr=15,,,,,,,2025-08-17,,,,,,,,,,,,,,,,
https://www.zenga.hu/ingatlan/elado-teglalakas-kecskemet/8458076?page=88&pos=4&cr=15,"Kecskemét eladó téglalakás 2 szobás: 69,99 millió Ft",69.99,81.0,81 m²,2.0,Kecskemét,2025-08-17,Téglalakás,Felújított,Elektromos,1985.0,Nem adta meg a hirdető,,,,,,,,,,,
https://www.zenga.hu/ingatlan/elado-teglalakas-budapest-v-kerulet-belvaros/8658117?page=88&pos=6&cr=15,Budapest V. kerület eladó téglalakás 4+1 fél szobás: 399 millió Ft,399.0,185.0,,,,2025-08-17,,,,,,,,,,,,,,,,
https://www.zenga.hu/ingatlan/elado-teglalakas-kapuvar-varoskozpont/8657055?page=88&pos=7&cr=15,Kapuvár eladó téglalakás 2 szobás: 39 millió Ft,39.0,76.0,76 m²,2.0,"Kapuvár, Városközpont",2025-08-17,Téglalakás,Felújítandó,Egyéb,,Nem adta meg a hirdető,,,2.0,,,,,,,,
https://www.zenga.hu/ingatlan/elado-teglalakas-balatonfoldvar/8590009?page=88&pos=8&cr=15,Balatonföldvár eladó téglalakás 3 szobás: 79 millió Ft,79.0,71.0,71 m²,3.0,Balatonföldvár,2025-08-17,Téglalakás,Új építésű,Hőszivattyú,2024.0,Nem adta meg a hirdető,,,,,,,,,,,
https://www.zenga.hu/ingatlan/elado-teglalakas-balatonfoldvar/8590008?page=88&pos=9&cr=15,,,,,,,2025-08-17,,,,,,,,,,,,,,,,
https://www.zenga.hu/ingatlan/elado-teglalakas-budapest-v-kerulet-lipotvaros/8617953?page=88&pos=10&cr=15,Budapest V. kerület eladó téglalakás 4 szobás: 181 millió Ft,181.0,116.0,116 m²,4.0,"Budapest V. kerület, Lipótváros",2025-08-17,Téglalakás,Felújított,Egyéb,1910.0,D,,,,,,,,,,,
https://www.zenga.hu/ingatlan/elado-teglalakas-budapest-vi-kerulet-nagykoruton-kivuli-terulet/8617950?page=88&pos=11&cr=15,"Budapest VI. kerület eladó téglalakás 4 szobás: 119,99 millió Ft",119.99,117.0,117 m²,4.0,"Budapest VI. kerület, Nagykörúton kívüli terület",2025-08-17,Téglalakás,Jó állapotú,Gázkazán,1890.0,D,,,,,,,,,,,
https://www.zenga.hu/ingatlan/elado-teglalakas-gyor-sziget/8503066?page=88&pos=12&cr=15,Győr eladó téglalakás 3 szobás: 63 millió Ft,63.0,84.0,84 m²,3.0,"Győr, Sziget",2025-08-17,Téglalakás,Újszerű,Gázkazán,2008.0,C,,,3.0,,,,,,,,
https://www.zenga.hu/ingatlan/elado-teglalakas-mosonmagyarovar/8635200?page=88&pos=13&cr=15,"Mosonmagyaróvár eladó téglalakás 3 szobás: 64,99 millió Ft",64.99,60.0,60 m²,3.0,Mosonmagyaróvár,2025-08-17,Téglalakás,Felújított,Gázkazán,2013.0,B,,,,,,,,,,,
https://www.zenga.hu/ingatlan/elado-egyeb-lakas-bekescsaba/8626197?page=88&pos=14&cr=15,"Békéscsaba eladó egyéb lakás 2 szobás: 37,9 millió Ft",37.9,75.0,75 m²,2.0,Békéscsaba,2025-08-17,Egyéb lakás,Átlagos,Gáz (konvektor),1925.0,Nem adta meg a hirdető,,,,,,,,,,,
https://www.zenga.hu/ingatlan/elado-teglalakas-keszthely/8533930?page=88&pos=15&cr=15,"Keszthely eladó téglalakás 3 szobás: 128,5 millió Ft",128.5,68.0,68 m²,3.0,Keszthely,2025-08-17,Téglalakás,Újszerű,Hőszivattyú,2020.0,A++,,,3.0,,,,,,,,
https://www.zenga.hu/ingatlan/elado-teglalakas-pecs-budai-varosresz/8642823?page=88&pos=16&cr=15,"Pécs eladó téglalakás 2 szobás: 31,9 millió Ft",31.9,43.0,43 m²,2.0,"Pécs, Budai városrész, Dobó István utca",2025-08-17,Téglalakás,Jó állapotú,Távfűtés,,D,,,4.0,3 m²,25 000 Ft/hó,,,,,,
https://www.zenga.hu/ingatlan/elado-panellakas-dunaujvaros-romai-varosresz/8621676?page=88&pos=17&cr=15,"Dunaújváros eladó panellakás 1+1 fél szobás: 29,99 millió Ft",29.99,46.0,46 m²,1.0,"Dunaújváros, Római városrész, Martinovics Ignác utca",2025-08-17,Panellakás,Felújított,Távfűtés egyedi méréssel,1975.0,Nem adta meg a hirdető,,,4.0,,,,,,,,
https://www.zenga.hu/ingatlan/elado-csusztatott-zsalus-lakas-budapest-ii-kerulet/7911380?page=88&pos=18&cr=15,Budapest II. kerület eladó csúsztatott zsalus lakás 4 szobás: 450 millió Ft,450.0,138.0,138 m²,4.0,Budapest II. kerület,2025-08-17,Csúsztatott zsalus lakás,Újszerű,Hőszivattyú,2023.0,AA++ (2016-2023-as besorolás),,,4.0,,,,,,,,
https://www.zenga.hu/ingatlan/elado-panellakas-debrecen-tocoskert/8605884?page=88&pos=19&cr=15,"Debrecen eladó panellakás 4 szobás: 68,5 millió Ft",68.5,74.0,74 m²,4.0,"Debrecen, Tócóskert",2025-08-17,Panellakás,Felújított,Távfűtés egyedi méréssel,,Nem adta meg a hirdető,,,5.0,"2,5 m²",,,,,,,
https://www.zenga.hu/ingatlan/elado-teglalakas-budapest-xiii-kerulet-ujlipotvaros/8643626?page=88&pos=20&cr=15,Budapest XIII. kerület eladó téglalakás 4+1 fél szobás: 139 millió Ft,139.0,131.0,131 m²,4.0,"Budapest XIII. kerület, Újlipótváros, Victor Hugo",2025-08-17,Téglalakás,Jó állapotú,Gázkazán,1930.0,Nem adta meg a hirdető,,,3.0,5 m²,40 000 Ft/hó,,,,,,
https://www.zenga.hu/ingatlan/elado-teglalakas-budapest-iii-kerulet/8621079?page=89&pos=1&cr=15,"Budapest III. kerület eladó téglalakás 1 szobás: 42,9 millió Ft",42.9,27.0,27 m²,1.0,Budapest III. kerület,2025-08-17,Téglalakás,Felújított,Elektromos,1980.0,Nem adta meg a hirdető,,,,,,,,,,,
https://www.zenga.hu/ingatlan/elado-teglalakas-tatabanya/8549136?page=89&pos=2&cr=15,"Tatabánya eladó téglalakás 2+1 fél szobás: 44,9 millió Ft",44.9,57.0,57 m²,2.0,Tatabánya,2025-08-17,Téglalakás,,Távfűtés,1980.0,Nem adta meg a hirdető,,,,,,,,,,,
https://www.zenga.hu/ingatlan/elado-teglalakas-hodmezovasarhely/8142186?page=89&pos=3&cr=15,Hódmezővásárhely eladó téglalakás 3 szobás: 60 millió Ft,60.0,76.0,76 m²,3.0,Hódmezővásárhely,2025-08-17,Téglalakás,Felújított,Gázkazán,1997.0,Nem adta meg a hirdető,,,3.0,,,,,,,,
https://www.zenga.hu/ingatlan/elado-teglalakas-tatabanya/8623985?page=89&pos=4&cr=15,"Tatabánya eladó téglalakás 2+1 fél szobás: 44,5 millió Ft",44.5,56.0,56 m²,2.0,Tatabánya,2025-08-17,Téglalakás,,Távfűtés,1970.0,Nem adta meg a hirdető,,,,,,,,,,,
https://www.zenga.hu/ingatlan/elado-tarsashazi-lakas-fonyod-kertvaros/8188684?page=89&pos=5&cr=15,Fonyód eladó társasházi lakás 6 szobás: 88 millió Ft,88.0,162.0,162 m²,6.0,"Fonyód, Kertváros",2025-08-17,Társasházi lakás,Átlagos,Kandalló,1970.0,GG (2016-2023-as besorolás),,,1.0,,,,,,,,
https://www.zenga.hu/ingatlan/elado-teglalakas-kazincbarcika-belvaros/8584391?page=89&pos=6&cr=15,"Kazincbarcika eladó téglalakás 1 szobás: 17,9 millió Ft",17.9,37.0,37 m²,1.0,"Kazincbarcika, Belváros",2025-08-17,Téglalakás,Újszerű,Gázkazán,,Nem adta meg a hirdető,,,4.0,,,,,,,,
https://www.zenga.hu/ingatlan/elado-teglalakas-fonyod/8188685?page=89&pos=7&cr=15,Fonyód eladó téglalakás 3 szobás: 47 millió Ft,47.0,67.0,67 m²,3.0,Fonyód,2025-08-17,Téglalakás,Átlagos,Kandalló,,G,,,1.0,,,,,,,,
https://www.zenga.hu/ingatlan/elado-teglalakas-kecskemet-mariavaros/8476782?page=89&pos=8&cr=15,"Eladó 1 szobás téglalakás 50,1 millió Ft értékben Kecskeméten - LEVENDULA lakópark lakóparkban",50.1,33.0,33 m²,1.0,"Kecskemét, Máriaváros, Bakócz Tamás utca 1.",2025-08-17,Téglalakás,Új építésű,Hőszivattyú,,A++,,Van,4.0,,,2026. 2. negyedév,"8,8 m²",,,,
https://www.zenga.hu/ingatlan/elado-teglalakas-kecskemet-mariavaros/8476766?page=89&pos=9&cr=15,"Eladó 3 szobás téglalakás 82,6 millió Ft értékben Kecskeméten - LEVENDULA lakópark lakóparkban",82.6,61.0,61 m²,3.0,"Kecskemét, Máriaváros, Bakócz Tamás utca 1.",2025-08-17,Téglalakás,Új építésű,Hőszivattyú,,A++,,Van,4.0,"7,8 m²",,2026. 2. negyedév,,,,,
https://www.zenga.hu/ingatlan/elado-teglalakas-pecs-uranvaros/8642819?page=89&pos=10&cr=15,Pécs eladó téglalakás 3 szobás: 43 millió Ft,43.0,61.0,61 m²,3.0,"Pécs, Uránváros, Esztergár Lajos utca",2025-08-17,Téglalakás,Jó állapotú,Távfűtés,,D,,,8.0,3 m²,25 000 Ft/hó,,,,,,
https://www.zenga.hu/ingatlan/elado-teglalakas-kecskemet-mariavaros/8476799?page=89&pos=11&cr=15,"Eladó 2 szobás téglalakás 76,8 millió Ft értékben Kecskeméten - LEVENDULA lakópark lakóparkban",76.8,50.0,50 m²,2.0,"Kecskemét, Máriaváros, Bakócz Tamás utca 1.",2025-08-17,Téglalakás,Új építésű,Hőszivattyú,,A++,,Van,4.0,,,2026. 2. negyedév,"21,6 m²",,,,
https://www.zenga.hu/ingatlan/elado-teglalakas-bekes/7669365?page=89&pos=12&cr=15,Békés eladó téglalakás 3 szobás: 20 millió Ft,20.0,71.0,71 m²,3.0,Békés,2025-08-17,Téglalakás,Átlagos,Házközponti,1970.0,G,,,4.0,,,,,,,,
https://www.zenga.hu/ingatlan/elado-teglalakas-kecskemet-mariavaros/8476770?page=89&pos=13&cr=15,"Eladó 3 szobás téglalakás 76,6 millió Ft értékben Kecskeméten - LEVENDULA lakópark lakóparkban",76.6,55.0,55 m²,3.0,"Kecskemét, Máriaváros, Bakócz Tamás utca 1.",2025-08-17,Téglalakás,Új építésű,Hőszivattyú,,A++,,Van,4.0,,,2026. 2. negyedév,"7,8 m²",,,,
https://www.zenga.hu/ingatlan/elado-tarsashazi-lakas-zalaegerszeg-kertvaros/8577287?page=89&pos=14&cr=15,"Zalaegerszeg eladó társasházi lakás 1+2 fél szobás: 36,5 millió Ft",36.5,60.0,60 m²,1.0,"Zalaegerszeg, Kertváros",2025-08-17,Társasházi lakás,Jó állapotú,Házközponti fűtés egyedi méréssel,1982.0,E,,,10.0,,,,,,,,
https://www.zenga.hu/ingatlan/elado-teglalakas-retsag/8606417?page=89&pos=15&cr=15,"Rétság eladó téglalakás 2 szobás: 49,9 millió Ft",49.9,49.0,49 m²,2.0,Rétság,2025-08-17,Téglalakás,Újszerű,Hőszivattyú,2025.0,Nem adta meg a hirdető,,,,,,,,,,,
https://www.zenga.hu/ingatlan/elado-teglalakas-budapest-ix-kerulet/8562492?page=89&pos=16&cr=15,Budapest IX. kerület eladó téglalakás 1 szobás: 59 millió Ft,,,,,,2025-08-17,,,,,,,,,,,,,,,,
https://www.zenga.hu/ingatlan/elado-teglalakas-budapest-ix-kerulet/8515847?page=89&pos=17&cr=15,"Budapest IX. kerület eladó téglalakás 1 szobás: 42,9 millió Ft",42.9,27.0,27 m²,1.0,Budapest IX. kerület,2025-08-17,Téglalakás,Jó állapotú,Gáz (konvektor),1909.0,Nem adta meg a hirdető,,,,,,,,,,,
https://www.zenga.hu/ingatlan/elado-teglalakas-vecses/8546134?page=89&pos=18&cr=15,Vecsés eladó téglalakás 3+1 fél szobás: 73 millió Ft,73.0,62.0,62 m²,3.0,Vecsés,2025-08-17,Téglalakás,Felújított,Gázkazán,2006.0,F,,,,,,,,,,,
https://www.zenga.hu/ingatlan/elado-teglalakas-budapest-xi-kerulet-lagymanyos/8619352?page=89&pos=19&cr=15,"Budapest XI. kerület eladó téglalakás 2 szobás: 61,5 millió Ft",61.5,41.0,41 m²,2.0,"Budapest XI. kerület, Lágymányos",2025-08-17,Téglalakás,Átlagos,Távfűtés,,Nem adta meg a hirdető,,,8.0,,,,,,,,
https://www.zenga.hu/ingatlan/elado-teglalakas-pecs-ispitaalja/8631805?page=89&pos=20&cr=15,Pécs eladó téglalakás 2 szobás: 49 millió Ft,49.0,60.0,60 m²,2.0,"Pécs, Ispitaalja",2025-08-17,Téglalakás,Felújított,Gáz (konvektor),,Nem adta meg a hirdető,,,4.0,,,,,,,,
https://www.zenga.hu/ingatlan/elado-teglalakas-budapest-xi-kerulet-lagymanyos/8619352?page=90&pos=1&cr=15,"Budapest XI. kerület eladó téglalakás 2 szobás: 61,5 millió Ft",61.5,41.0,41 m²,2.0,"Budapest XI. kerület, Lágymányos",2025-08-17,,,,,,,,,,,,,,,,
https://www.zenga.hu/ingatlan/elado-teglalakas-budapest-iv-kerulet-ujpest/8625427?page=90&pos=2&cr=15,"Budapest IV. kerület eladó téglalakás 3 szobás: 78,5 millió Ft",78.5,70.0,70 m²,3.0,"Budapest IV. kerület, Újpest",2025-08-17,,,,,,,,,,,,,,,,
https://www.zenga.hu/ingatlan/elado-teglalakas-tiszaujvaros/8616364?page=90&pos=4&cr=15,"Tiszaújváros eladó téglalakás 2+1 fél szobás: 27,9 millió Ft",27.9,58.0,58 m²,2.0,"Tiszaújváros, Bartók Béla",2025-08-17,Téglalakás,Átlagos,Távfűtés,1960.0,Nem adta meg a hirdető,,,3.0,2 m²,,,,,,,
https://www.zenga.hu/ingatlan/elado-teglalakas-nagycenk/8606827?page=90&pos=5&cr=15,"Nagycenk eladó téglalakás 2 szobás: 51,3 millió Ft",51.3,63.0,63 m²,2.0,Nagycenk,2025-08-17,Téglalakás,Újszerű,Gázkazán,2019.0,Nem adta meg a hirdető,,,2.0,,,,,,,,
https://www.zenga.hu/ingatlan/elado-teglalakas-csorna/8549355?page=90&pos=6&cr=15,"Csorna eladó téglalakás 2 szobás: 36,99 millió Ft",36.99,58.0,58 m²,2.0,Csorna,2025-08-17,Téglalakás,Felújított,Gázkazán,,Nem adta meg a hirdető,,,4.0,,,,,,,,
https://www.zenga.hu/ingatlan/elado-teglalakas-veszprem-bakonyalja/8567114?page=90&pos=7&cr=15,"Veszprém eladó téglalakás 1+1 fél szobás: 63,8 millió Ft",63.8,51.0,51 m²,1.0,"Veszprém, Bakonyalja, Vécsey Károly utca",2025-08-17,Téglalakás,Jó állapotú,Gázkazán,2001.0,Nem adta meg a hirdető,,Nincs,3.0,,30 000 Ft/hó,,5 m²,,,,
https://www.zenga.hu/ingatlan/elado-teglalakas-budapest-vii-kerulet-nagykoruton-beluli-terulet/8567125?page=90&pos=8&cr=15,,,,,,,2025-08-17,,,,,,,,,,,,,,,,
https://www.zenga.hu/ingatlan/elado-teglalakas-mosonmagyarovar/8555854?page=90&pos=9&cr=15,"Mosonmagyaróvár eladó téglalakás 3 szobás: 67,75 millió Ft",67.75,55.0,55 m²,3.0,Mosonmagyaróvár,2025-08-17,Téglalakás,Újszerű,Hőszivattyú,2022.0,Nem adta meg a hirdető,,,4.0,,,,30 m²,,,,
https://www.zenga.hu/ingatlan/elado-teglalakas-eger-belvaros/8543801?page=90&pos=10&cr=15,"Eger eladó téglalakás 2+1 fél szobás: 55,9 millió Ft",55.9,60.0,60 m²,2.0,"Eger, Belváros",2025-08-17,Téglalakás,Jó állapotú,Gáz (konvektor),1950.0,Nem adta meg a hirdető,,,5.0,8 m²,,,,,,,
https://www.zenga.hu/ingatlan/elado-teglalakas-kaposszekcso-liget-lakotelep/8516962?page=90&pos=11&cr=15,Kaposszekcső eladó téglalakás 1+1 fél szobás: 18 millió Ft,18.0,42.0,42 m²,1.0,"Kaposszekcső, Liget lakótelep",2025-08-17,Téglalakás,Felújított,Egyéb,1985.0,Nem adta meg a hirdető,,,5.0,,15 000 Ft/hó,,,,,,
https://www.zenga.hu/ingatlan/elado-teglalakas-balatonszemes/7727228?page=90&pos=12&cr=15,"Eladó 3 szobás téglalakás 132,9 millió Ft értékben Balatonszemesen - Szemespart III lakóparkban",132.9,62.0,62 m²,3.0,"Balatonszemes, Ady E. utca 6.",2025-08-17,Téglalakás,Új építésű,Egyéb,2024.0,BB (2016-2023-as besorolás),,,4.0,,,2024. 4. negyedév,,,,,
https://www.zenga.hu/ingatlan/elado-panellakas-debrecen-tocoskert/8442737?page=90&pos=13&cr=15,"Debrecen eladó panellakás 2+1 fél szobás: 59,9 millió Ft",59.9,65.0,65 m²,2.0,"Debrecen, Tócóskert",2025-08-17,Panellakás,Jó állapotú,Távfűtés,,Nem adta meg a hirdető,,,5.0,3 m²,,,,,,,
https://www.zenga.hu/ingatlan/elado-teglalakas-fonyod/8466918?page=90&pos=14&cr=15,Fonyód eladó téglalakás 2 szobás: 85 millió Ft,85.0,79.0,79 m²,2.0,Fonyód,2025-08-17,Téglalakás,Jó állapotú,Gázkazán,2005.0,Nem adta meg a hirdető,,,5.0,,,,,,,,
https://www.zenga.hu/ingatlan/elado-teglalakas-budapest-vii-kerulet-nagykoruton-kivuli-terulet/8460307?page=90&pos=15&cr=15,"Budapest VII. kerület eladó téglalakás 3 szobás: 136,9 millió Ft",136.9,78.0,78 m²,3.0,"Budapest VII. kerület, Külső-Erzsébetváros",2025-08-17,Téglalakás,Újszerű,Hőszivattyú,2020.0,Nem adta meg a hirdető,,,5.0,1 m²,,,,,,,
https://www.zenga.hu/ingatlan/elado-teglalakas-szekesfehervar-maroshegy/8639450?page=90&pos=16&cr=14,"Székesfehérvár eladó téglalakás 2 szobás: 44,8 millió Ft",44.8,54.0,54 m²,2.0,"Székesfehérvár, Maroshegy, Rádió utca",2025-08-17,Téglalakás,Felújított,Gáz (konvektor),1974.0,Nem adta meg a hirdető,,,5.0,,,,,,,,
https://www.zenga.hu/ingatlan/elado-panellakas-budapest-x-kerulet/8612507?page=90&pos=17&cr=14,,,,,,,2025-08-17,,,,,,,,,,,,,,,,
https://www.zenga.hu/ingatlan/elado-panellakas-debrecen-belvaros/8663779?page=90&pos=18&cr=14,Debrecen eladó panellakás 3 szobás: 61 millió Ft,61.0,60.0,60 m²,3.0,"Debrecen, Belváros",2025-08-17,Panellakás,Felújított,Távfűtés egyedi méréssel,,E,,,10.0,2 m²,,,,,,,
https://www.zenga.hu/ingatlan/elado-teglalakas-budapest-x-kerulet/8612510?page=90&pos=19&cr=14,"Budapest X. kerület eladó téglalakás 3 szobás: 71,5 millió Ft",71.5,74.0,74 m²,3.0,Budapest X. kerület,2025-08-17,Téglalakás,,,,,,,,,,,,,,,
https://www.zenga.hu/ingatlan/elado-teglalakas-sopron-kurucdomb/8625350?page=90&pos=20&cr=14,"Sopron eladó téglalakás 3+1 fél szobás: 96,45 millió Ft",96.45,82.0,82 m²,3.0,"Sopron, Kurucdomb",2025-08-17,Téglalakás,Új építésű,Geotermikus,2025.0,A+,,,3.0,14 m²,,,,,,,
https://www.zenga.hu/ingatlan/elado-teglalakas-fot/8588811?page=91&pos=1&cr=14,"Fót eladó téglalakás 3 szobás: 84,97 millió Ft",84.97,88.0,88 m²,3.0,Fót,2025-08-17,Téglalakás,Felújított,Gázkazán,2003.0,Nem adta meg a hirdető,,,,,,,,,,,
https://www.zenga.hu/ingatlan/elado-teglalakas-miskolc-zsolcai-kapu/8659850?page=91&pos=2&cr=14,"Miskolc eladó téglalakás 2 szobás: 35,9 millió Ft",35.9,71.0,71 m²,2.0,"Miskolc, Zsolcai kapu, Soltész Nagy Kálmán",2025-08-17,Téglalakás,Jó állapotú,Gáz (konvektor),1960.0,Nem adta meg a hirdető,,,4.0,,,,,,,,
https://www.zenga.hu/ingatlan/elado-teglalakas-urom/8588810?page=91&pos=3&cr=14,"Üröm eladó téglalakás 5 szobás: 249,8 millió Ft",249.8,146.0,146 m²,5.0,Üröm,2025-08-17,Téglalakás,Új építésű,Egyéb,2023.0,Nem adta meg a hirdető,,,,,,,,,,,
https://www.zenga.hu/ingatlan/elado-teglalakas-sopron-belvaros/8636834?page=91&pos=4&cr=14,"Sopron eladó téglalakás 3 szobás: 49,9 millió Ft",49.9,51.0,51 m²,3.0,"Sopron, Belváros, Balfi út",2025-08-17,Téglalakás,Felújított,Gázkazán,,Nem adta meg a hirdető,,,1.0,,,,20 m²,,,,
https://www.zenga.hu/ingatlan/elado-teglalakas-szombathely/8645239?page=91&pos=5&cr=14,"Szombathely eladó téglalakás 3 szobás: 59,99 millió Ft",59.99,59.0,59 m²,3.0,Szombathely,2025-08-17,Téglalakás,Újszerű,Gázkazán,2006.0,Nem adta meg a hirdető,,,5.0,"2,8 m²",,,,,,,
https://www.zenga.hu/ingatlan/elado-tarsashazi-lakas-satoraljaujhely/8501036?page=91&pos=6&cr=14,"Sátoraljaújhely eladó társasházi lakás 7 szobás: 58,99 millió Ft",58.99,241.0,241 m²,7.0,Sátoraljaújhely,2025-08-17,Társasházi lakás,Jó állapotú,Gázkazán,,Nem adta meg a hirdető,,,2.0,,,,,,,,
https://www.zenga.hu/ingatlan/elado-teglalakas-pecs-belvaros/8627410?page=91&pos=7&cr=14,"Pécs eladó téglalakás 2 szobás: 50,7 millió Ft",50.7,44.0,44 m²,2.0,"Pécs, Belváros",2025-08-17,Téglalakás,Új építésű,Hőszivattyú,2025.0,Nem adta meg a hirdető,,,4.0,,,,,,,,
https://www.zenga.hu/ingatlan/elado-teglalakas-pecs-balokany/8497021?page=91&pos=8&cr=14,Pécs eladó téglalakás 7 szobás: 66 millió Ft,66.0,93.0,93 m²,7.0,"Pécs, Balokány",2025-08-17,Téglalakás,Jó állapotú,Távfűtés egyedi méréssel,1987.0,Nem adta meg a hirdető,,,2.0,,,,,,,,
https://www.zenga.hu/ingatlan/elado-teglalakas-budapest-iv-kerulet/8636326?page=91&pos=9&cr=14,"Budapest IV. kerület eladó téglalakás 2 szobás: 46,9 millió Ft",46.9,43.0,43 m²,2.0,"Budapest IV. kerület, Berzevicky Gergely utca",2025-08-17,Téglalakás,Átlagos,Gáz (konvektor),,Nem adta meg a hirdető,,,1.0,,,,,,,,
https://www.zenga.hu/ingatlan/elado-teglalakas-pecs-belvaros/8510054?page=91&pos=10&cr=14,Pécs eladó téglalakás 3 szobás: 89 millió Ft,89.0,115.0,115 m²,3.0,"Pécs, Belváros, Kazinczy",2025-08-17,Téglalakás,Újszerű,Gázkazán,1950.0,Nem adta meg a hirdető,,,2.0,,,,,,,,
https://www.zenga.hu/ingatlan/elado-teglalakas-budapest-vi-kerulet/8648517?page=91&pos=11&cr=14,"Budapest VI. kerület eladó téglalakás 2 szobás: 79,9 millió Ft",79.9,,,,,2025-08-17,,,,,,,,,,,,,,,,
https://www.zenga.hu/ingatlan/elado-panellakas-miskolc-avas/8578829?page=91&pos=12&cr=14,"Miskolc eladó panellakás 2 szobás: 23,7 millió Ft",23.7,44.0,44 m²,2.0,"Miskolc, Avas, Felsőruzsin",2025-08-17,Panellakás,Jó állapotú,Távfűtés egyedi méréssel,1980.0,Nem adta meg a hirdető,,,10.0,,,,,,,,
https://www.zenga.hu/ingatlan/elado-panellakas-pecs-kertvaros/8468591?page=91&pos=13&cr=14,"Pécs eladó panellakás 2 szobás: 38,49 millió Ft",38.49,54.0,54 m²,2.0,"Pécs, Kertváros",2025-08-17,Panellakás,Jó állapotú,Távfűtés egyedi méréssel,,Nem adta meg a hirdető,,,10.0,,,,,,,,
https://www.zenga.hu/ingatlan/elado-teglalakas-pecs-kertvaros/8466457?page=91&pos=14&cr=14,,,,,,,2025-08-17,,,,,,,,,,,,,,,,
https://www.zenga.hu/ingatlan/elado-teglalakas-budapest-vi-kerulet/8605240?page=91&pos=15&cr=14,,,,,,,2025-08-17,,,,,,,,,,,,,,,,
https://www.zenga.hu/ingatlan/elado-teglalakas-bekescsaba-belvaros/8580589?page=91&pos=16&cr=14,"Békéscsaba eladó téglalakás 1 szobás: 21,2 millió Ft",21.2,30.0,30 m²,1.0,"Békéscsaba, Belváros, Dózsa György utca",2025-08-17,Téglalakás,Átlagos,Gáz (konvektor),1985.0,Nem adta meg a hirdető,,,5.0,,,,,,,,
https://www.zenga.hu/ingatlan/elado-panellakas-bekescsaba-belvaros/8540643?page=91&pos=17&cr=14,"Békéscsaba eladó panellakás 2+1 fél szobás: 39,5 millió Ft",39.5,62.0,62 m²,2.0,"Békéscsaba, Belváros",2025-08-17,Panellakás,Felújított,Gázkazán,1992.0,Nem adta meg a hirdető,,,3.0,,,,,,,,
https://www.zenga.hu/ingatlan/elado-tarsashazi-lakas-pecs-piricsizma/8450329?page=91&pos=18&cr=14,Pécs eladó társasházi lakás 3 szobás: 78 millió Ft,78.0,68.0,68 m²,3.0,"Pécs, Piricsizma",2025-08-17,Társasházi lakás,Új építésű,Elektromos,2025.0,Nem adta meg a hirdető,,Van,1.0,,,,,,,,
https://www.zenga.hu/ingatlan/elado-panellakas-bekescsaba-belvaros/8634554?page=91&pos=19&cr=14,Békéscsaba eladó panellakás 1 szobás: 28 millió Ft,28.0,39.0,39 m²,1.0,"Békéscsaba, Belváros",2025-08-17,Panellakás,Átlagos,Gázkazán,,Nem adta meg a hirdető,,,4.0,,,,,,,,
https://www.zenga.hu/ingatlan/elado-teglalakas-miskolc/8645240?page=91&pos=20&cr=14,"Miskolc eladó téglalakás 2+1 fél szobás: 32,5 millió Ft",32.5,52.0,52 m²,2.0,"Miskolc, Munkás",2025-08-17,Téglalakás,Felújított,,,,,,4.0,,,,,,,,
https://www.zenga.hu/ingatlan/elado-teglalakas-budapest-vi-kerulet/8648517?page=92&pos=1&cr=14,"Budapest VI. kerület eladó téglalakás 2 szobás: 79,9 millió Ft",79.9,55.0,55 m²,2.0,"Budapest VI. kerület, Jókai utca",2025-08-17,Téglalakás,Felújított,Gázkazán,,Nem adta meg a hirdető,,,3.0,,,,,,,,
https://www.zenga.hu/ingatlan/elado-teglalakas-pecs-egyetemvaros/8508683?page=92&pos=2&cr=14,Pécs eladó téglalakás 3 szobás: 93 millió Ft,93.0,80.0,80 m²,3.0,"Pécs, Egyetemváros",2025-08-17,Téglalakás,Új építésű,Hőszivattyú,2025.0,Nem adta meg a hirdető,,,2.0,,,,"23,3 m²",,,,
https://www.zenga.hu/ingatlan/elado-teglalakas-sopron-belvaros/8636834?page=92&pos=3&cr=14,"Sopron eladó téglalakás 3 szobás: 49,9 millió Ft",49.9,51.0,51 m²,3.0,"Sopron, Belváros, Balfi út",2025-08-17,Téglalakás,Felújított,Gázkazán,,Nem adta meg a hirdető,,,1.0,,,,20 m²,,,,
https://www.zenga.hu/ingatlan/elado-teglalakas-pecs-belvaros/8504262?page=92&pos=4&cr=14,"Pécs eladó téglalakás 2+2 fél szobás: 67,99 millió Ft",67.99,88.0,88 m²,2.0,"Pécs, Belváros",2025-08-17,Téglalakás,Újszerű,Gázkazán,1965.0,Nem adta meg a hirdető,,,1.0,,,,,,,,
https://www.zenga.hu/ingatlan/elado-panellakas-bekescsaba-belvaros/8634554?page=92&pos=5&cr=14,Békéscsaba eladó panellakás 1 szobás: 28 millió Ft,28.0,39.0,39 m²,1.0,"Békéscsaba, Belváros",2025-08-17,Panellakás,Átlagos,Gázkazán,,Nem adta meg a hirdető,,,4.0,,,,,,,,
https://www.zenga.hu/ingatlan/elado-panellakas-miskolc/8636833?page=92&pos=6&cr=14,"Miskolc eladó panellakás 2 szobás: 33,7 millió Ft",,,,,,2025-08-17,,,,,,,,,,,,,,,,
https://www.zenga.hu/ingatlan/elado-teglalakas-szombathely/8645239?page=92&pos=7&cr=14,"Szombathely eladó téglalakás 3 szobás: 59,99 millió Ft",59.99,59.0,59 m²,3.0,Szombathely,2025-08-17,Téglalakás,Újszerű,Gázkazán,2006.0,Nem adta meg a hirdető,,,5.0,"2,8 m²",,,,,,,
https://www.zenga.hu/ingatlan/elado-teglalakas-budapest-iv-kerulet/8636326?page=92&pos=8&cr=14,"Budapest IV. kerület eladó téglalakás 2 szobás: 46,9 millió Ft",46.9,43.0,43 m²,2.0,"Budapest IV. kerület, Berzevicky Gergely utca",2025-08-17,Téglalakás,Átlagos,Gáz (konvektor),,Nem adta meg a hirdető,,,1.0,,,,,,,,
https://www.zenga.hu/ingatlan/elado-teglalakas-pecs-egyetemvaros/8626673?page=92&pos=9&cr=14,"Pécs eladó téglalakás 4 szobás: 101,5 millió Ft",101.5,81.0,81 m²,4.0,"Pécs, Egyetemváros, Tiborc",2025-08-17,Téglalakás,Új építésű,Hőszivattyú,2025.0,Nem adta meg a hirdető,,,2.0,,,,,,,,
https://www.zenga.hu/ingatlan/elado-teglalakas-satoraljaujhely/8495923?page=92&pos=10&cr=14,"Sátoraljaújhely eladó téglalakás 4 szobás: 28,99 millió Ft",28.99,100.0,100 m²,4.0,Sátoraljaújhely,2025-08-17,Téglalakás,Újszerű,Elektromos,,Nem adta meg a hirdető,,,2.0,,,,,,,,
https://www.zenga.hu/ingatlan/elado-teglalakas-miskolc/8645240?page=92&pos=11&cr=14,"Miskolc eladó téglalakás 2+1 fél szobás: 32,5 millió Ft",32.5,52.0,52 m²,2.0,"Miskolc, Munkás",2025-08-17,Téglalakás,Felújított,Gáz (konvektor),1970.0,Nem adta meg a hirdető,,,4.0,4 m²,,,,,,,
https://www.zenga.hu/ingatlan/elado-teglalakas-fuzesgyarmat/8602212?page=92&pos=13&cr=14,Füzesgyarmat eladó téglalakás 4 szobás: 35 millió Ft,35.0,118.0,118 m²,4.0,Füzesgyarmat,2025-08-17,Téglalakás,Jó állapotú,Gázkazán,1988.0,Nem adta meg a hirdető,,,4.0,,,,,,,,
https://www.zenga.hu/ingatlan/elado-teglalakas-budapest-xi-kerulet-sashegy-xi-ker/8588839?page=92&pos=15&cr=14,"Budapest XI. kerület eladó téglalakás 3 szobás: 558,6 millió Ft",558.6,125.0,125 m²,3.0,"Budapest XI. kerület, Sashegy XI. ker",2025-08-17,Téglalakás,Új építésű,Hőszivattyú,2023.0,A+,,,,,,,,,,,
https://www.zenga.hu/ingatlan/elado-csusztatott-zsalus-lakas-budapest-xv-kerulet-rakospalota/8624913?page=92&pos=16&cr=14,"Budapest XV. kerület eladó csúsztatott zsalus lakás 3 szobás: 78,9 millió Ft",78.9,67.0,67 m²,3.0,"Budapest XV. kerület, Rákospalota",2025-08-17,Csúsztatott zsalus lakás,Jó állapotú,Házközponti,1991.0,Nem adta meg a hirdető,,,,,,,,,,,
https://www.zenga.hu/ingatlan/elado-teglalakas-budapest-iii-kerulet/8550924?page=92&pos=18&cr=14,Budapest III. kerület eladó téglalakás 2 szobás: 117 millió Ft,117.0,65.0,65 m²,2.0,Budapest III. kerület,2025-08-17,Téglalakás,Új építésű,Hőszivattyú,2025.0,Nem adta meg a hirdető,,,1.0,,,,25 m²,,,,
https://www.zenga.hu/ingatlan/elado-teglalakas-budapest-ii-kerulet-orszagut/8669424?page=92&pos=19&cr=13,,,,,,,2025-08-17,,,,,,,,,,,,,,,,
https://www.zenga.hu/ingatlan/elado-teglalakas-nemesvamos/8600883?page=93&pos=1&cr=13,Nemesvámos eladó téglalakás 2 szobás: 63 millió Ft,63.0,53.0,53 m²,2.0,Nemesvámos,2025-08-17,Téglalakás,Új építésű,Hőszivattyú,2024.0,Nem adta meg a hirdető,,,,,,,,,,,
https://www.zenga.hu/ingatlan/elado-teglalakas-kecskemet/8593349?page=93&pos=2&cr=13,"Kecskemét eladó téglalakás 2 szobás: 74,9 millió Ft",74.9,51.0,51 m²,2.0,Kecskemét,2025-08-17,Téglalakás,Újszerű,Hőszivattyú,2022.0,A++,,,,,,,,,,,
https://www.zenga.hu/ingatlan/elado-teglalakas-dunaujvaros-belvaros/8648420?page=93&pos=3&cr=13,"Dunaújváros eladó téglalakás 1 szobás: 26,5 millió Ft",26.5,39.0,39 m²,1.0,"Dunaújváros, Belváros",2025-08-17,Téglalakás,Átlagos,Távfűtés egyedi méréssel,1965.0,Nem adta meg a hirdető,,,4.0,,,,,,,,
https://www.zenga.hu/ingatlan/elado-teglalakas-budapest-xii-kerulet-krisztinavaros-xii-ker/8603603?page=93&pos=4&cr=13,"Budapest XII. kerület eladó téglalakás 4 szobás: 199,7 millió Ft",199.7,93.0,93 m²,4.0,"Budapest XII. kerület, Krisztinaváros XII. ker.",2025-08-17,Téglalakás,Újszerű,Gázkazán,1937.0,C,,,4.0,,,,,,,,
https://www.zenga.hu/ingatlan/elado-teglalakas-budapest-xii-kerulet-martonhegy/8540511?page=93&pos=5&cr=13,Budapest XII. kerület eladó téglalakás 3 szobás: 169 millió Ft,169.0,83.0,83 m²,3.0,"Budapest XII. kerület, Mártonhegy",2025-08-17,Téglalakás,Felújított,Házközponti fűtés egyedi méréssel,1999.0,Nem adta meg a hirdető,,,3.0,,,,,,,,
https://www.zenga.hu/ingatlan/elado-teglalakas-zalaegerszeg/8564229?page=93&pos=6&cr=13,"Zalaegerszeg eladó téglalakás 2 szobás: 29,5 millió Ft",29.5,55.0,55 m²,2.0,Zalaegerszeg,2025-08-17,Téglalakás,Átlagos,Gáz (konvektor),1965.0,Nem adta meg a hirdető,,,,,,,,,,,
https://www.zenga.hu/ingatlan/elado-teglalakas-budapest-ii-kerulet-szemlohegy/8515357?page=93&pos=7&cr=13,Budapest II. kerület eladó téglalakás 4 szobás: 380 millió Ft,380.0,121.0,121 m²,4.0,"Budapest II. kerület, Szemlőhegy",2025-08-17,Téglalakás,Újszerű,Hőszivattyú,2020.0,A+,,,,,,,,,,,
https://www.zenga.hu/ingatlan/elado-teglalakas-budapest-i-kerulet-naphegy/8424140?page=93&pos=8&cr=13,"Budapest I. kerület eladó téglalakás 1 szobás: 45,9 millió Ft",45.9,27.0,27 m²,1.0,"Budapest I. kerület, Naphegy, Aladár utca",2025-08-17,Téglalakás,Felújított,Gáz (konvektor),,Nem adta meg a hirdető,,,3.0,,,,,,,,
https://www.zenga.hu/ingatlan/elado-tarsashazi-lakas-tata-ovaros/8670093?page=93&pos=9&cr=12,"Tata eladó társasházi lakás 3 szobás: 49,9 millió Ft",49.9,65.0,65 m²,3.0,"Tata, Óváros",2025-08-17,Társasházi lakás,Felújított,Elektromos,,F,,Van,1.0,,,,,,,,
https://www.zenga.hu/ingatlan/elado-tarsashazi-lakas-tata-ovaros/8670076?page=93&pos=10&cr=12,"Tata eladó társasházi lakás 2 szobás: 45,9 millió Ft",45.9,52.0,52 m²,2.0,"Tata, Óváros",2025-08-17,Társasházi lakás,Felújított,Gázkazán,,F,,,1.0,,,,,,,,
https://www.zenga.hu/ingatlan/elado-teglalakas-dombovar/8600041?page=93&pos=11&cr=12,"Dombóvár eladó téglalakás 1+2 fél szobás: 45,5 millió Ft",45.5,59.0,59 m²,1.0,Dombóvár,2025-08-17,Téglalakás,Újszerű,Gázkazán,2008.0,Nem adta meg a hirdető,,,2.0,3 m²,,,,,,,
https://www.zenga.hu/ingatlan/elado-teglalakas-dunaujvaros-belvaros/8545117?page=93&pos=12&cr=12,"Dunaújváros eladó téglalakás 2 szobás: 34,7 millió Ft",34.7,53.0,53 m²,2.0,"Dunaújváros, Belváros",2025-08-17,Téglalakás,Átlagos,Távfűtés egyedi méréssel,1965.0,Nem adta meg a hirdető,,,4.0,,,,,,,,
https://www.zenga.hu/ingatlan/elado-teglalakas-budapest-ix-kerulet-rehabilitacios-terulet-ix-/8387467?page=93&pos=15&cr=12,"Budapest IX. kerület eladó téglalakás 1+1 fél szobás: 64,4 millió Ft",64.4,39.0,39 m²,1.0,"Budapest IX. kerület, Rehabilitációs terület IX. ker.",2025-08-17,Téglalakás,Újszerű,Házközponti fűtés egyedi méréssel,2017.0,B,,,5.0,,,,,,,,
https://www.zenga.hu/ingatlan/elado-teglalakas-budapest-iv-kerulet/8604971?page=93&pos=17&cr=12,"Budapest IV. kerület eladó téglalakás 3 szobás: 103,94 millió Ft",103.94,75.0,75 m²,3.0,Budapest IV. kerület,2025-08-17,Téglalakás,Új építésű,Geotermikus,2024.0,Nem adta meg a hirdető,,,,,,,,,,,
https://www.zenga.hu/ingatlan/elado-panellakas-dunaujvaros-romai-varosresz/8634446?page=93&pos=18&cr=12,"Dunaújváros eladó panellakás 1 szobás: 22,5 millió Ft",22.5,36.0,36 m²,1.0,"Dunaújváros, Római városrész",2025-08-17,Panellakás,Átlagos,Távfűtés,1975.0,Nem adta meg a hirdető,,,7.0,,,,,,,,
https://www.zenga.hu/ingatlan/elado-teglalakas-dunaujvaros-kertvaros/8223585?page=93&pos=19&cr=12,"Dunaújváros eladó téglalakás 1+1 fél szobás: 22,99 millió Ft",22.99,46.0,46 m²,1.0,"Dunaújváros, Kertváros",2025-08-17,Téglalakás,Átlagos,Elektromos,1966.0,Nem adta meg a hirdető,,,3.0,,,,,,,,
https://www.zenga.hu/ingatlan/elado-panellakas-dunaujvaros-belvaros/8537308?page=93&pos=20&cr=12,"Dunaújváros eladó panellakás 2 szobás: 25,5 millió Ft",25.5,52.0,52 m²,2.0,"Dunaújváros, Belváros",2025-08-17,Panellakás,Felújítandó,Távfűtés egyedi méréssel,1970.0,Nem adta meg a hirdető,,,10.0,,,,,,,,
https://www.zenga.hu/ingatlan/elado-teglalakas-budapest-xiii-kerulet-vizafogo/8328382?page=94&pos=1&cr=12,Budapest XIII. kerület eladó téglalakás 3 szobás: 138 millió Ft,138.0,69.0,69 m²,3.0,"Budapest XIII. kerület, Vizafogó",2025-08-17,Téglalakás,Újszerű,Házközponti fűtés egyedi méréssel,2020.0,Nem adta meg a hirdető,,,,,,,,,,,
https://www.zenga.hu/ingatlan/elado-teglalakas-budapest-xiii-kerulet/8542436?page=94&pos=2&cr=12,,,,,,,2025-08-17,,,,,,,,,,,,,,,,
https://www.zenga.hu/ingatlan/elado-teglalakas-budapest-iii-kerulet-harmashatarhegy/8633856?page=94&pos=3&cr=12,Budapest III. kerület eladó téglalakás 4 szobás: 239 millió Ft,239.0,121.0,121 m²,4.0,"Budapest III. kerület, Hármashatárhegy",2025-08-17,Téglalakás,Felújított,Gázkazán,2008.0,Nem adta meg a hirdető,,,,,,,,,,,
https://www.zenga.hu/ingatlan/elado-teglalakas-budapest-xxi-kerulet-csepel-belvaros/8636654?page=94&pos=6&cr=11,"Budapest XXI. kerület eladó téglalakás 2 szobás: 56,9 millió Ft",56.9,39.0,39 m²,2.0,"Budapest XXI. kerület, Csepel Belváros",2025-08-17,Téglalakás,Jó állapotú,Házközponti fűtés egyedi méréssel,2000.0,C,,,,,,,,,,,
https://www.zenga.hu/ingatlan/elado-csusztatott-zsalus-lakas-zalaegerszeg-belvaros/8638922?page=94&pos=7&cr=11,"Zalaegerszeg eladó csúsztatott zsalus lakás 2 szobás: 34,9 millió Ft",34.9,59.0,59 m²,2.0,"Zalaegerszeg, Belváros",2025-08-17,Csúsztatott zsalus lakás,Jó állapotú,Távfűtés egyedi méréssel,1972.0,Nem adta meg a hirdető,,,,,,,,,,,
https://www.zenga.hu/ingatlan/elado-teglalakas-pecs-egyetemvaros/8440529?page=94&pos=8&cr=11,"Pécs eladó téglalakás 2 szobás: 52,9 millió Ft",52.9,56.0,56 m²,2.0,"Pécs, Egyetemváros",2025-08-17,,,,,,,,,,,,,,,,
https://www.zenga.hu/ingatlan/elado-teglalakas-gyor-szabadhegy/8622205?page=94&pos=9&cr=11,"Győr eladó téglalakás 1 szobás: 38,86 millió Ft",38.86,39.0,39 m²,1.0,"Győr, Szabadhegy",2025-08-17,Téglalakás,Újszerű,Távfűtés egyedi méréssel,2025.0,Nem adta meg a hirdető,,,4.0,"8,3 m²",,,,,,,
https://www.zenga.hu/ingatlan/elado-teglalakas-kaposvar/8668567?page=94&pos=10&cr=11,"Kaposvár eladó téglalakás 2 szobás: 32,5 millió Ft",32.5,52.0,52 m²,2.0,Kaposvár,2025-08-17,Téglalakás,Jó állapotú,Gáz (konvektor),1961.0,Nem adta meg a hirdető,,,4.0,"3,7 m²",,,,,,,
https://www.zenga.hu/ingatlan/elado-teglalakas-budapest-xiii-kerulet-loportardulo/8451847?page=94&pos=11&cr=11,Budapest XIII. kerület eladó téglalakás 2+1 fél szobás: 110 millió Ft,110.0,111.0,111 m²,2.0,"Budapest XIII. kerület, Lőportárdűlő",2025-08-17,Téglalakás,Jó állapotú,Gázkazán,1898.0,Nem adta meg a hirdető,,,4.0,,,,,,,,
https://www.zenga.hu/ingatlan/elado-teglalakas-komarom/8658934?page=94&pos=12&cr=11,"Komárom eladó téglalakás 3+1 fél szobás: 28,9 millió Ft",28.9,43.0,43 m²,3.0,Komárom,2025-08-17,Téglalakás,Jó állapotú,Gázkazán,1962.0,Nem adta meg a hirdető,,,,,,,,,,,
https://www.zenga.hu/ingatlan/elado-teglalakas-budapest-vii-kerulet-ligetvaros/8381812?page=94&pos=13&cr=11,"Budapest VII. kerület eladó téglalakás 3+1 fél szobás: 87,5 millió Ft",87.5,,,,,2025-08-17,,,,,,,,,,,,,,,,
https://www.zenga.hu/ingatlan/elado-teglalakas-budapest-ii-kerulet-vizivaros-ii-ker/8558196?page=94&pos=14&cr=11,Budapest II. kerület eladó téglalakás 3+1 fél szobás: 146 millió Ft,146.0,109.0,109 m²,3.0,"Budapest II. kerület, Víziváros II. ker",2025-08-17,Téglalakás,Jó állapotú,Gázkazán,1912.0,Nem adta meg a hirdető,,,4.0,,,,,,,,
https://www.zenga.hu/ingatlan/elado-teglalakas-budapest-ix-kerulet/8653149?page=94&pos=15&cr=11,"Budapest IX. kerület eladó téglalakás 1 szobás: 64,9 millió Ft",64.9,36.0,36 m²,1.0,Budapest IX. kerület,2025-08-17,Téglalakás,Jó állapotú,Gázkazán,2003.0,Nem adta meg a hirdető,,,4.0,,,,,,,,
https://www.zenga.hu/ingatlan/elado-teglalakas-budapest-xxi-kerulet/8637399?page=94&pos=16&cr=11,"Budapest XXI. kerület eladó téglalakás 2+1 fél szobás: 59,9 millió Ft",59.9,61.0,61 m²,2.0,"Budapest XXI. kerület, Nyuszi sétány",2025-08-17,Téglalakás,Átlagos,Gáz (konvektor),1977.0,Nem adta meg a hirdető,,,4.0,,,,,,,,
https://www.zenga.hu/ingatlan/elado-teglalakas-budapest-xi-kerulet/8659490?page=94&pos=17&cr=11,"Budapest XI. kerület eladó téglalakás 2+1 fél szobás: 148,5 millió Ft",148.5,97.0,97 m²,2.0,Budapest XI. kerület,2025-08-17,,,,,,,,,,,,,,,,
https://www.zenga.hu/ingatlan/elado-teglalakas-dunaujvaros-technikum-varosresz/8606528?page=94&pos=18&cr=11,Dunaújváros eladó téglalakás 2 szobás: 29 millió Ft,29.0,49.0,49 m²,2.0,"Dunaújváros, Technikum városrész",2025-08-17,Téglalakás,Átlagos,Távfűtés,1965.0,Nem adta meg a hirdető,,,4.0,,,,,,,,
https://www.zenga.hu/ingatlan/elado-panellakas-miskolc/8638389?page=94&pos=19&cr=11,"Miskolc eladó panellakás 1+1 fél szobás: 14,9 millió Ft",14.9,35.0,35 m²,1.0,"Miskolc, Kiss tábornok út",2025-08-17,Panellakás,Felújítandó,Távfűtés,,Nem adta meg a hirdető,,,10.0,,,,,,,,
https://www.zenga.hu/ingatlan/elado-teglalakas-budapest-vi-kerulet/8659492?page=94&pos=20&cr=11,Budapest VI. kerület eladó téglalakás 3 szobás: 160 millió Ft,160.0,105.0,105 m²,3.0,Budapest VI. kerület,2025-08-17,Téglalakás,Felújított,Gázkazán,1940.0,Nem adta meg a hirdető,,,,,,,,,,,
https://www.zenga.hu/ingatlan/elado-teglalakas-budapest-vi-kerulet/8659505?page=95&pos=1&cr=11,"Budapest VI. kerület eladó téglalakás 3 szobás: 189,9 millió Ft",189.9,101.0,101 m²,3.0,Budapest VI. kerület,2025-08-17,Téglalakás,Felújított,Gázkazán,1930.0,Nem adta meg a hirdető,,,,,,,,,,,
https://www.zenga.hu/ingatlan/elado-csusztatott-zsalus-lakas-budapest-xi-kerulet/8659498?page=95&pos=2&cr=11,"Budapest XI. kerület eladó csúsztatott zsalus lakás 3 szobás: 89,9 millió Ft",89.9,77.0,77 m²,3.0,Budapest XI. kerület,2025-08-17,Csúsztatott zsalus lakás,Jó állapotú,Távfűtés egyedi méréssel,1976.0,Nem adta meg a hirdető,,,,,,,,,,,
https://www.zenga.hu/ingatlan/elado-teglalakas-budapest-vi-kerulet/8659497?page=95&pos=3&cr=11,"Budapest VI. kerület eladó téglalakás 3 szobás: 165,59 millió Ft",165.59,87.0,87 m²,3.0,Budapest VI. kerület,2025-08-17,Téglalakás,Felújított,Gázkazán,1912.0,Nem adta meg a hirdető,,,,,,,,,,,
https://www.zenga.hu/ingatlan/elado-teglalakas-budapest-viii-kerulet/8659501?page=95&pos=4&cr=11,,,,,,,2025-08-17,,,,,,,,,,,,,,,,
https://www.zenga.hu/ingatlan/elado-teglalakas-budapest-vii-kerulet/8659496?page=95&pos=5&cr=11,,,,,,,2025-08-17,,,,,,,,,,,,,,,,
https://www.zenga.hu/ingatlan/elado-teglalakas-budapest-viii-kerulet/8659500?page=95&pos=6&cr=11,Budapest VIII. kerület eladó téglalakás 4 szobás: 139 millió Ft,139.0,81.0,81 m²,4.0,Budapest VIII. kerület,2025-08-17,Téglalakás,Jó állapotú,Gázkazán,1900.0,Nem adta meg a hirdető,,,,,,,,,,,
https://www.zenga.hu/ingatlan/elado-teglalakas-budapest-viii-kerulet/8659499?page=95&pos=7&cr=11,Budapest VIII. kerület eladó téglalakás 2 szobás: 67 millió Ft,67.0,70.0,70 m²,,,2025-08-17,,,,,,,,,,,,,,,,
https://www.zenga.hu/ingatlan/elado-teglalakas-budapest-xiv-kerulet-istvanmezo/8575751?page=95&pos=8&cr=11,,,,,,,2025-08-17,,,,,,,,,,,,,,,,
https://www.zenga.hu/ingatlan/elado-teglalakas-budapest-iii-kerulet-romaifurdo/8419019?page=95&pos=9&cr=11,"Budapest III. kerület eladó téglalakás 2+1 fél szobás: 85,9 millió Ft",85.9,66.0,66 m²,2.0,"Budapest III. kerület, Rómaifürdő",2025-08-17,Téglalakás,Újszerű,,,Nem adta meg a hirdető,,,,,,,,,,,
https://www.zenga.hu/ingatlan/elado-teglalakas-szombathely/8507742?page=95&pos=10&cr=11,"Szombathely eladó téglalakás 3 szobás: 80,99 millió Ft",80.99,72.0,72 m²,3.0,Szombathely,2025-08-17,Téglalakás,Új építésű,Hőszivattyú,2025.0,A,,,2.0,,,,28 m²,,,,
https://www.zenga.hu/ingatlan/elado-teglalakas-zalaegerszeg-belvaros/8418890?page=95&pos=11&cr=11,Zalaegerszeg eladó téglalakás 4 szobás: 43 millió Ft,43.0,86.0,86 m²,4.0,"Zalaegerszeg, Belváros",2025-08-17,Téglalakás,Jó állapotú,Egyéb,1996.0,Nem adta meg a hirdető,,,,,,,,,,,
https://www.zenga.hu/ingatlan/elado-teglalakas-kaposvar/8657995?page=95&pos=12&cr=11,"Kaposvár eladó téglalakás 1 szobás: 27,3 millió Ft",27.3,42.0,42 m²,1.0,"Kaposvár, lakóövezet",2025-08-17,Téglalakás,Újszerű,Gázkazán,1960.0,Nem adta meg a hirdető,,,1.0,,,,,,,,
https://www.zenga.hu/ingatlan/elado-panellakas-budapest-iii-kerulet-obuda/8586876?page=95&pos=13&cr=11,,,,,,,2025-08-17,,,,,,,,,,,,,,,,
https://www.zenga.hu/ingatlan/elado-egyeb-lakas-budapest-ii-kerulet-pasaret/8633709?page=95&pos=14&cr=11,"Budapest II. kerület eladó egyéb lakás 2+2 fél szobás: 124,9 millió Ft",124.9,82.0,82 m²,2.0,"Budapest II. kerület, Pasarét",2025-08-17,Egyéb lakás,Jó állapotú,Gázkazán,1970.0,Nem adta meg a hirdető,,,,,,,,,,,
https://www.zenga.hu/ingatlan/elado-teglalakas-nyiregyhaza/8653286?page=95&pos=15&cr=11,"Nyíregyháza eladó téglalakás 2+1 fél szobás: 45,5 millió Ft",45.5,67.0,67 m²,2.0,Nyíregyháza,2025-08-17,Téglalakás,Átlagos,Gáz (konvektor),1976.0,Nem adta meg a hirdető,,,,,,,,,,,
https://www.zenga.hu/ingatlan/elado-teglalakas-budapest-xiii-kerulet-angyalfold/8619598?page=95&pos=16&cr=11,"Budapest XIII. kerület eladó téglalakás 1 szobás: 48,5 millió Ft",48.5,36.0,36 m²,1.0,"Budapest XIII. kerület, Angyalföld",2025-08-17,Téglalakás,Átlagos,Távfűtés,,,,,4.0,,,,,,,,
https://www.zenga.hu/ingatlan/elado-teglalakas-zalaegerszeg-belvaros/8515899?page=95&pos=17&cr=11,"Zalaegerszeg eladó téglalakás 3 szobás: 45,99 millió Ft",45.99,89.0,89 m²,3.0,"Zalaegerszeg, Belváros",2025-08-17,Téglalakás,Felújított,Gázkazán,1996.0,Nem adta meg a hirdető,,,,,,,,,,,
https://www.zenga.hu/ingatlan/elado-teglalakas-zalaegerszeg-belvaros/8244375?page=95&pos=18&cr=11,"Zalaegerszeg eladó téglalakás 2 szobás: 65,7 millió Ft",65.7,65.0,65 m²,2.0,"Zalaegerszeg, Belváros",2025-08-17,Téglalakás,Új építésű,Egyéb,2023.0,Nem adta meg a hirdető,,,,,,,,,,,
https://www.zenga.hu/ingatlan/elado-teglalakas-zalaegerszeg-belvaros/8479883?page=95&pos=19&cr=11,"Zalaegerszeg eladó téglalakás 2 szobás: 29,9 millió Ft",29.9,52.0,52 m²,2.0,"Zalaegerszeg, Belváros",2025-08-17,Téglalakás,Jó állapotú,Gáz (konvektor),,,,,,,,,,,,,
https://www.zenga.hu/ingatlan/elado-panellakas-zalaegerszeg-belvaros/8540217?page=95&pos=20&cr=11,Zalaegerszeg eladó panellakás 3 szobás: 30 millió Ft,30.0,62.0,62 m²,3.0,"Zalaegerszeg, Belváros",2025-08-17,Panellakás,Átlagos,Házközponti,1980.0,Nem adta meg a hirdető,,,,,,,,,,,
https://www.zenga.hu/ingatlan/elado-teglalakas-budapest-xiii-kerulet-loportardulo/8653050?page=96&pos=1&cr=11,Budapest XIII. kerület eladó téglalakás 2 szobás: 119 millió Ft,119.0,51.0,51 m²,2.0,"Budapest XIII. kerület, Lőportárdűlő, Klapka utca",2025-08-17,Téglalakás,Új építésű,Házközponti fűtés egyedi méréssel,2004.0,A+,,,5.0,,,,"11,5 m²",,,,
https://www.zenga.hu/ingatlan/elado-teglalakas-dunaujvaros-technikum-varosresz/8494191?page=96&pos=2&cr=11,"Dunaújváros eladó téglalakás 1 szobás: 20,3 millió Ft",20.3,35.0,35 m²,1.0,"Dunaújváros, Technikum városrész",2025-08-17,Téglalakás,Átlagos,Gázkazán,1965.0,Nem adta meg a hirdető,,,4.0,,,,,,,,
https://www.zenga.hu/ingatlan/elado-panellakas-kazincbarcika/8507559?page=96&pos=3&cr=11,"Kazincbarcika eladó panellakás 2 szobás: 18,5 millió Ft",18.5,52.0,52 m²,2.0,Kazincbarcika,2025-08-17,Panellakás,Átlagos,Távfűtés,1975.0,Nem adta meg a hirdető,,,6.0,,,,,,,,
https://www.zenga.hu/ingatlan/elado-teglalakas-teskand/8561302?page=96&pos=4&cr=11,Teskánd eladó téglalakás 3 szobás: 63 millió Ft,63.0,96.0,96 m²,3.0,Teskánd,2025-08-17,Téglalakás,Jó állapotú,Gázkazán,2004.0,Nem adta meg a hirdető,,,,,,,,,,,
https://www.zenga.hu/ingatlan/elado-panellakas-kazincbarcika/8505943?page=96&pos=5&cr=11,"Kazincbarcika eladó panellakás 3+1 fél szobás: 31,9 millió Ft",31.9,87.0,87 m²,3.0,Kazincbarcika,2025-08-17,Panellakás,Átlagos,Távfűtés,1975.0,Nem adta meg a hirdető,,,6.0,,,,,,,,
https://www.zenga.hu/ingatlan/elado-teglalakas-budapest-ii-kerulet-orszagut/8637397?page=96&pos=6&cr=11,Budapest II. kerület eladó téglalakás 4 szobás: 225 millió Ft,225.0,160.0,160 m²,4.0,"Budapest II. kerület, Országút, Szilágyi Erzsébet fasor",2025-08-17,Téglalakás,Átlagos,Gázkazán,1910.0,Nem adta meg a hirdető,,,6.0,,,,,,,,
https://www.zenga.hu/ingatlan/elado-teglalakas-budapest-ix-kerulet/8448314?page=96&pos=7&cr=11,"Budapest IX. kerület eladó téglalakás 2 szobás: 85,7 millió Ft",85.7,52.0,52 m²,2.0,Budapest IX. kerület,2025-08-17,Téglalakás,Felújított,Gázkazán,1890.0,Nem adta meg a hirdető,,,,,,,,,,,
https://www.zenga.hu/ingatlan/elado-teglalakas-tata/8534153?page=96&pos=8&cr=11,"Tata eladó téglalakás 3 szobás: 159,9 millió Ft",159.9,148.0,148 m²,3.0,Tata,2025-08-17,Téglalakás,Újszerű,Hőszivattyú,2021.0,A++,,,1.0,,,,,,,,
https://www.zenga.hu/ingatlan/elado-teglalakas-budapest-vii-kerulet/8582546?page=96&pos=9&cr=11,Budapest VII. kerület eladó téglalakás 3 szobás: 285 millió Ft,285.0,143.0,143 m²,3.0,Budapest VII. kerület,2025-08-17,Téglalakás,Felújított,Házközponti fűtés egyedi méréssel,2005.0,Nem adta meg a hirdető,,,,,,,,,,,
https://www.zenga.hu/ingatlan/elado-teglalakas-hajduszoboszlo/8562540?page=96&pos=10&cr=11,Hajdúszoboszló eladó téglalakás 1 szobás: 48 millió Ft,48.0,34.0,34 m²,1.0,Hajdúszoboszló,2025-08-17,Téglalakás,Új építésű,Egyéb kazán,2026.0,Nem adta meg a hirdető,,,,,,,,,,,
https://www.zenga.hu/ingatlan/elado-teglalakas-budapest-xx-kerulet-pesterzsebet/8611876?page=96&pos=11&cr=11,"Budapest XX. kerület eladó téglalakás 1 szobás: 54,9 millió Ft",54.9,46.0,46 m²,1.0,"Budapest XX. kerület, Pesterzsébet, János utca",2025-08-17,Téglalakás,Felújított,Gázkazán,,Nem adta meg a hirdető,,,1.0,,,,,,,,
https://www.zenga.hu/ingatlan/elado-teglalakas-dunaujvaros/8484930?page=96&pos=12&cr=11,"Dunaújváros eladó téglalakás 1+2 fél szobás: 34,9 millió Ft",34.9,69.0,69 m²,1.0,Dunaújváros,2025-08-17,Téglalakás,Jó állapotú,Távfűtés,,Nem adta meg a hirdető,,,4.0,,,,,,,,
https://www.zenga.hu/ingatlan/elado-teglalakas-budapest-ix-kerulet/8334235?page=96&pos=13&cr=10,Budapest IX. kerület eladó téglalakás 3 szobás: 218 millió Ft,218.0,111.0,111 m²,3.0,Budapest IX. kerület,2025-08-17,Téglalakás,Új építésű,Távfűtés egyedi méréssel,1998.0,Nem adta meg a hirdető,,,,,,,,,,,
https://www.zenga.hu/ingatlan/elado-teglalakas-budapest-i-kerulet/8489598?page=96&pos=14&cr=10,Budapest I. kerület eladó téglalakás 3 szobás: 152 millió Ft,152.0,82.0,82 m²,3.0,Budapest I. kerület,2025-08-17,Téglalakás,Jó állapotú,Gázkazán,,,,,,,,,,,,,
https://www.zenga.hu/ingatlan/elado-panellakas-eger/8669669?page=96&pos=15&cr=10,"Eger eladó panellakás 2 szobás: 41,9 millió Ft",41.9,65.0,65 m²,2.0,Eger,2025-08-17,Panellakás,Felújított,,,,,,,,,,,,,,
https://www.zenga.hu/ingatlan/elado-panellakas-pecs-kertvaros/8594892?page=96&pos=16&cr=10,"Pécs eladó panellakás 2 szobás: 39,9 millió Ft",39.9,54.0,54 m²,2.0,"Pécs, Kertváros",2025-08-17,Panellakás,Átlagos,Távfűtés egyedi méréssel,1986.0,Nem adta meg a hirdető,,,,,,,,,,,
https://www.zenga.hu/ingatlan/elado-teglalakas-siofok-fokihegy/8597895?page=96&pos=17&cr=10,"Siófok eladó téglalakás 3 szobás: 74,9 millió Ft",74.9,65.0,65 m²,3.0,"Siófok, Fokihegy",2025-08-17,Téglalakás,Új építésű,Hőszivattyú,2025.0,Nem adta meg a hirdető,,,1.0,25 m²,,,,,,,
https://www.zenga.hu/ingatlan/elado-tarsashazi-lakas-hegyeshalom/8490928?page=96&pos=18&cr=10,"Hegyeshalom eladó társasházi lakás 2 szobás: 42,28 millió Ft",42.28,51.0,51 m²,2.0,Hegyeshalom,2025-08-17,Társasházi lakás,Új építésű,Hőszivattyú,2025.0,C,,,3.0,2 m²,,,,,,,
https://www.zenga.hu/ingatlan/elado-teglalakas-kunszentmarton/8669795?page=96&pos=19&cr=10,Kunszentmárton eladó téglalakás 2 szobás: 20 millió Ft,20.0,45.0,45 m²,2.0,"Kunszentmárton, Központi",2025-08-17,Téglalakás,Átlagos,Gáz (konvektor),1993.0,Nem adta meg a hirdető,,,2.0,,,,,,,,
https://www.zenga.hu/ingatlan/elado-teglalakas-budapest-xv-kerulet-rakospalota/8593978?page=96&pos=20&cr=10,Budapest XV. kerület eladó téglalakás 4 szobás: 108 millió Ft,,,,,,2025-08-17,,,,,,,,,,,,,,,,
https://www.zenga.hu/ingatlan/elado-teglalakas-eger/8636083?page=97&pos=1&cr=10,Eger eladó téglalakás 2 szobás: 45 millió Ft,45.0,63.0,63 m²,2.0,Eger,2025-08-17,Téglalakás,Jó állapotú,Gázkazán,1996.0,Nem adta meg a hirdető,,,,,,,,,,,
https://www.zenga.hu/ingatlan/elado-teglalakas-siofok-fokihegy/8598028?page=97&pos=2&cr=10,"Siófok eladó téglalakás 3 szobás: 54,9 millió Ft",54.9,81.0,81 m²,3.0,"Siófok, Fokihegy",2025-08-17,Téglalakás,Átlagos,Gáz (konvektor),1980.0,Nem adta meg a hirdető,,,3.0,15 m²,,,,,,,
https://www.zenga.hu/ingatlan/elado-teglalakas-herend/8355794?page=97&pos=3&cr=10,Herend eladó téglalakás 2 szobás: 45 millió Ft,45.0,74.0,74 m²,2.0,Herend,2025-08-17,Téglalakás,Jó állapotú,Gáz (konvektor),1970.0,Nem adta meg a hirdető,,,,,,,,,,,
https://www.zenga.hu/ingatlan/elado-teglalakas-pecs-mecsekoldal-makar/8467458?page=97&pos=4&cr=10,"Pécs eladó téglalakás 2+1 fél szobás: 190,4 millió Ft",190.4,119.0,119 m²,2.0,"Pécs, Mecsekoldal",2025-08-17,Téglalakás,Új építésű,Hőszivattyú,2025.0,A++,,,,,,,,,,,
https://www.zenga.hu/ingatlan/elado-teglalakas-pecs-egyetemvaros/8567868?page=97&pos=5&cr=10,"Pécs eladó téglalakás 2 szobás: 52,9 millió Ft",52.9,56.0,56 m²,2.0,"Pécs, Egyetemváros",2025-08-17,Téglalakás,Jó állapotú,Távfűtés,1983.0,Nem adta meg a hirdető,,,,,,,,,,,
https://www.zenga.hu/ingatlan/elado-teglalakas-siofok-fokihegy/8597728?page=97&pos=6&cr=10,"Siófok eladó téglalakás 3 szobás: 100,63 millió Ft",100.63,74.0,74 m²,3.0,"Siófok, Fokihegy",2025-08-17,Téglalakás,Új építésű,Hőszivattyú,2024.0,Nem adta meg a hirdető,,,1.0,29 m²,,,,,,,
https://www.zenga.hu/ingatlan/elado-teglalakas-szombathely/8577071?page=97&pos=7&cr=10,Szombathely eladó téglalakás 2 szobás: 55 millió Ft,55.0,93.0,93 m²,2.0,Szombathely,2025-08-17,Téglalakás,Átlagos,Gázkazán,1950.0,Nem adta meg a hirdető,,,,,,,,,,,
https://www.zenga.hu/ingatlan/elado-panellakas-budapest-xv-kerulet-ujpalota/8666809?page=97&pos=8&cr=10,"Budapest XV. kerület eladó panellakás 1+2 fél szobás: 54,9 millió Ft",54.9,53.0,53 m²,1.0,"Budapest XV. kerület, Újpalota",2025-08-17,Panellakás,Felújítandó,Távfűtés egyedi méréssel,1973.0,Nem adta meg a hirdető,,,11.0,,,,,,,,
https://www.zenga.hu/ingatlan/elado-teglalakas-pecs/8529302?page=97&pos=9&cr=10,"Pécs eladó téglalakás 3 szobás: 69,9 millió Ft",69.9,69.0,69 m²,3.0,Pécs,2025-08-17,Téglalakás,Felújított,Gázkazán,1965.0,Nem adta meg a hirdető,,,,,,,,,,,
https://www.zenga.hu/ingatlan/elado-panellakas-eger/8525422?page=97&pos=11&cr=10,Eger eladó panellakás 2+1 fél szobás: 42 millió Ft,42.0,55.0,55 m²,2.0,Eger,2025-08-17,Panellakás,Jó állapotú,Távfűtés egyedi méréssel,1980.0,Nem adta meg a hirdető,,,,,,,,,,,
https://www.zenga.hu/ingatlan/elado-teglalakas-pecs-mecsekoldal-makar/8467457?page=97&pos=12&cr=10,"Pécs eladó téglalakás 4 szobás: 254,4 millió Ft",254.4,159.0,159 m²,4.0,"Pécs, Mecsekoldal",2025-08-17,Téglalakás,Új építésű,Hőszivattyú,2025.0,A++,,,,,,,,,,,
https://www.zenga.hu/ingatlan/elado-teglalakas-pecs-belvaros/8610527?page=97&pos=13&cr=10,"Pécs eladó téglalakás 2 szobás: 89,9 millió Ft",89.9,90.0,90 m²,2.0,"Pécs, Belváros",2025-08-17,Téglalakás,Újszerű,Gázkazán,2024.0,Nem adta meg a hirdető,,,,,,,,,,,
https://www.zenga.hu/ingatlan/elado-teglalakas-budapest-viii-kerulet-jozsefvaros/8331252?page=97&pos=14&cr=10,"Budapest VIII. kerület eladó téglalakás 2 szobás: 56,9 millió Ft",56.9,25.0,25 m²,2.0,"Budapest VIII. kerület, Józsefváros",2025-08-17,Téglalakás,Felújított,Elektromos,1950.0,D,,,,,,,,,,,
https://www.zenga.hu/ingatlan/elado-teglalakas-komlo-kokonyos/8594896?page=97&pos=15&cr=10,"Komló eladó téglalakás 2 szobás: 29,2 millió Ft",29.2,55.0,55 m²,2.0,"Komló, Kökönyös",2025-08-17,Téglalakás,Felújított,Gáz (konvektor),1970.0,Nem adta meg a hirdető,,,,,,,,,,,
https://www.zenga.hu/ingatlan/elado-egyeb-lakas-bekescsaba/8591086?page=97&pos=16&cr=10,"Békéscsaba eladó egyéb lakás 1+1 fél szobás: 22,6 millió Ft",22.6,48.0,48 m²,1.0,Békéscsaba,2025-08-17,Egyéb lakás,Átlagos,Gáz (konvektor),1973.0,D,,,,,,,,,,,
https://www.zenga.hu/ingatlan/elado-teglalakas-pecs/8644311?page=97&pos=17&cr=10,"Pécs eladó téglalakás 2 szobás: 41,5 millió Ft",41.5,45.0,45 m²,2.0,Pécs,2025-08-17,Téglalakás,Jó állapotú,Gáz (konvektor),1960.0,Nem adta meg a hirdető,,,,,,,,,,,
https://www.zenga.hu/ingatlan/elado-teglalakas-eger/8639663?page=97&pos=18&cr=10,Eger eladó téglalakás 3 szobás: 62 millió Ft,62.0,80.0,80 m²,3.0,Eger,2025-08-17,Téglalakás,Felújított,Gázkazán,2003.0,Nem adta meg a hirdető,,,,,,,,,,,
https://www.zenga.hu/ingatlan/elado-teglalakas-komlo/8389897?page=97&pos=19&cr=10,"Komló eladó téglalakás 3+1 fél szobás: 42,8 millió Ft",42.8,98.0,98 m²,3.0,Komló,2025-08-17,Téglalakás,Jó állapotú,Gázkazán,1960.0,F,,,,,,,,,,,
https://www.zenga.hu/ingatlan/elado-teglalakas-siklos/8467460?page=97&pos=20&cr=10,"Siklós eladó téglalakás 3 szobás: 50,7 millió Ft",50.7,66.0,66 m²,3.0,Siklós,2025-08-17,Téglalakás,Új építésű,Geotermikus,2025.0,A++,,,,,,,,,,,
https://www.zenga.hu/ingatlan/elado-teglalakas-szigetszentmiklos/8532662?page=98&pos=1&cr=10,Szigetszentmiklós eladó téglalakás 2 szobás: 53 millió Ft,53.0,59.0,59 m²,2.0,Szigetszentmiklós,2025-08-17,Téglalakás,Jó állapotú,Gáz (konvektor),1975.0,Nem adta meg a hirdető,,,,,,,,,,,
https://www.zenga.hu/ingatlan/elado-teglalakas-balatonlelle/8597620?page=98&pos=2&cr=10,"Balatonlelle eladó téglalakás 4 szobás: 124,9 millió Ft",124.9,82.0,82 m²,4.0,Balatonlelle,2025-08-17,Téglalakás,Új építésű,Hőszivattyú,2023.0,Nem adta meg a hirdető,,,1.0,32 m²,,,,,,,
https://www.zenga.hu/ingatlan/elado-teglalakas-gyor-nadorvaros/8609503?page=98&pos=3&cr=10,"Győr eladó téglalakás 3 szobás: 69,99 millió Ft",69.99,100.0,100 m²,3.0,"Győr, Nádorváros",2025-08-17,Téglalakás,Felújítandó,Gázkazán,,Nem adta meg a hirdető,,,2.0,6 m²,,,,,,,
https://www.zenga.hu/ingatlan/elado-teglalakas-sajoszentpeter/8469583?page=98&pos=4&cr=10,"Sajószentpéter eladó téglalakás 1+1 fél szobás: 13,5 millió Ft",13.5,42.0,42 m²,1.0,Sajószentpéter,2025-08-17,Téglalakás,Jó állapotú,Gáz (konvektor),1960.0,Nem adta meg a hirdető,,,,,,,,,,,
https://www.zenga.hu/ingatlan/elado-panellakas-kecskemet/8570776?page=98&pos=5&cr=10,Kecskemét eladó panellakás 3 szobás: 45 millió Ft,45.0,63.0,63 m²,3.0,Kecskemét,2025-08-17,Panellakás,Jó állapotú,Távfűtés egyedi méréssel,1980.0,Nem adta meg a hirdető,,,,,,,,,,,
https://www.zenga.hu/ingatlan/elado-panellakas-sajoszentpeter/7918537?page=98&pos=6&cr=10,Sajószentpéter eladó panellakás 1+2 fél szobás: 15 millió Ft,15.0,59.0,59 m²,1.0,Sajószentpéter,2025-08-17,Panellakás,Felújítandó,Egyéb,1990.0,Nem adta meg a hirdető,,,,,,,,,,,
https://www.zenga.hu/ingatlan/elado-teglalakas-budapest-xx-kerulet/8648190?page=98&pos=7&cr=10,,,,,,,2025-08-17,,,,,,,,,,,,,,,,
https://www.zenga.hu/ingatlan/elado-teglalakas-pecs/8402160?page=98&pos=8&cr=10,"Pécs eladó téglalakás 2 szobás: 63,9 millió Ft",63.9,47.0,47 m²,2.0,Pécs,2025-08-17,Téglalakás,Új építésű,Hőszivattyú,2024.0,A++,,,,,,,,,,,
https://www.zenga.hu/ingatlan/elado-teglalakas-hodmezovasarhely/8369703?page=98&pos=9&cr=10,"Hódmezővásárhely eladó téglalakás 1+1 fél szobás: 39,99 millió Ft",39.99,30.0,30 m²,1.0,Hódmezővásárhely,2025-08-17,Téglalakás,Új építésű,Hőszivattyú,2021.0,A+,,,,,,,,,,,
https://www.zenga.hu/ingatlan/elado-panellakas-eger/8588501?page=98&pos=10&cr=10,"Eger eladó panellakás 2 szobás: 34,9 millió Ft",34.9,56.0,56 m²,2.0,Eger,2025-08-17,Panellakás,Jó állapotú,Távfűtés egyedi méréssel,1984.0,Nem adta meg a hirdető,,,,,,,,,,,
https://www.zenga.hu/ingatlan/elado-teglalakas-pecs-belvaros/8567867?page=98&pos=11&cr=10,"Pécs eladó téglalakás 2 szobás: 51,3 millió Ft",51.3,63.0,63 m²,2.0,"Pécs, Belváros",2025-08-17,Téglalakás,Jó állapotú,Gáz (konvektor),1865.0,C,,,,,,,,,,,
https://www.zenga.hu/ingatlan/elado-panellakas-budapest-xv-kerulet-ujpalota/8617788?page=98&pos=12&cr=10,Budapest XV. kerület eladó panellakás 3 szobás: 67 millió Ft,67.0,65.0,65 m²,3.0,"Budapest XV. kerület, Újpalota",2025-08-17,Panellakás,Átlagos,Távfűtés egyedi méréssel,1980.0,Nem adta meg a hirdető,,,11.0,3 m²,,,,,,,
https://www.zenga.hu/ingatlan/elado-teglalakas-nyiregyhaza/8527153?page=98&pos=13&cr=10,"Nyíregyháza eladó téglalakás 1 szobás: 26,5 millió Ft",26.5,32.0,32 m²,1.0,Nyíregyháza,2025-08-17,Téglalakás,Jó állapotú,Gázkazán,1990.0,E,,,,,,,,,,,
https://www.zenga.hu/ingatlan/elado-teglalakas-budapest-xiv-kerulet-alsorakos/8669355?page=98&pos=14&cr=10,"Budapest XIV. kerület eladó téglalakás 4 szobás: 129,9 millió Ft",129.9,81.0,81 m²,4.0,"Budapest XIV. kerület, Alsórákos",2025-08-17,Téglalakás,Jó állapotú,Gázkazán,1998.0,Nem adta meg a hirdető,,,1.0,,,,,,,,
https://www.zenga.hu/ingatlan/elado-teglalakas-salgotarjan/7936266?page=98&pos=15&cr=10,Salgótarján eladó téglalakás 1 szobás: 15 millió Ft,15.0,50.0,50 m²,1.0,Salgótarján,2025-08-17,Téglalakás,Átlagos,Gáz (konvektor),1970.0,Nem adta meg a hirdető,,,,,,,,,,,
https://www.zenga.hu/ingatlan/elado-teglalakas-gyorladamer/8573343?page=98&pos=16&cr=10,"Győrladamér eladó téglalakás 4 szobás: 59,98 millió Ft",59.98,137.0,137 m²,4.0,Győrladamér,2025-08-17,Téglalakás,Jó állapotú,Gázkazán,2005.0,Nem adta meg a hirdető,,,,,,,,,,,
https://www.zenga.hu/ingatlan/elado-teglalakas-sopron-belvaros/8535778?page=98&pos=17&cr=10,Sopron eladó téglalakás 5 szobás: 116 millió Ft,116.0,213.0,213 m²,5.0,"Sopron, Belváros",2025-08-17,Téglalakás,Felújított,Gázkazán,1870.0,Nem adta meg a hirdető,,,4.0,,,,,,,,
https://www.zenga.hu/ingatlan/elado-teglalakas-heves/8408838?page=98&pos=18&cr=10,"Heves eladó téglalakás 2 szobás: 25,9 millió Ft",25.9,54.0,54 m²,2.0,Heves,2025-08-17,Téglalakás,Jó állapotú,Gáz (konvektor),1981.0,Nem adta meg a hirdető,,,,,,,,,,,
https://www.zenga.hu/ingatlan/elado-egyeb-lakas-eger/8653772?page=98&pos=19&cr=10,"Eger eladó egyéb lakás 2 szobás: 38,5 millió Ft",38.5,48.0,48 m²,2.0,Eger,2025-08-17,Egyéb lakás,Átlagos,Gázkazán,1900.0,Nem adta meg a hirdető,,,,,,,,,,,
https://www.zenga.hu/ingatlan/elado-teglalakas-budapest-vi-kerulet/8487393?page=98&pos=20&cr=10,"Budapest VI. kerület eladó téglalakás 4 szobás: 790,74 millió Ft",790.74,160.0,160 m²,4.0,Budapest VI. kerület,2025-08-17,Téglalakás,Újszerű,Gázkazán,,Nem adta meg a hirdető,,,1.0,,,,,,,,
https://www.zenga.hu/ingatlan/elado-teglalakas-fertoszentmiklos/8586042?page=99&pos=1&cr=10,"Fertőszentmiklós eladó téglalakás 3 szobás: 79,9 millió Ft",79.9,80.0,80 m²,3.0,Fertőszentmiklós,2025-08-17,Téglalakás,Újszerű,Padlófűtés,,Nem adta meg a hirdető,,,1.0,,,,,,,,
https://www.zenga.hu/ingatlan/elado-teglalakas-gyor-revfalu/8617644?page=99&pos=2&cr=10,Győr eladó téglalakás 3 szobás: 162 millió Ft,162.0,137.0,137 m²,3.0,"Győr, Révfalu",2025-08-17,Téglalakás,Újszerű,Gázkazán,2007.0,Nem adta meg a hirdető,,,3.0,,,,"18,8 m²",,,,
https://www.zenga.hu/ingatlan/elado-teglalakas-sopron-belvaros/8588550?page=99&pos=3&cr=10,"Sopron eladó téglalakás 2+2 fél szobás: 59,9 millió Ft",59.9,89.0,89 m²,2.0,"Sopron, Belváros",2025-08-17,Téglalakás,Átlagos,Gázkazán,1890.0,Nem adta meg a hirdető,,,2.0,,,,,,,,
https://www.zenga.hu/ingatlan/elado-teglalakas-budapest-xi-kerulet/8636644?page=99&pos=4&cr=10,Budapest XI. kerület eladó téglalakás 2 szobás: 113 millió Ft,113.0,61.0,61 m²,,,2025-08-17,,,,,,,,,,,,,,,,
https://www.zenga.hu/ingatlan/elado-teglalakas-jaszbereny/8309188?page=99&pos=5&cr=10,"Jászberény eladó téglalakás 2+1 fél szobás: 54,75 millió Ft",54.75,85.0,85 m²,2.0,Jászberény,2025-08-17,Téglalakás,Jó állapotú,Gázkazán,1990.0,Nem adta meg a hirdető,,,,,,,,,,,
https://www.zenga.hu/ingatlan/elado-teglalakas-gyor/8420763?page=99&pos=6&cr=10,"Győr eladó téglalakás 2 szobás: 75,9 millió Ft",75.9,53.0,53 m²,2.0,Győr,2025-08-17,Téglalakás,,Házközponti fűtés egyedi méréssel,2008.0,Nem adta meg a hirdető,,,,,,,,,,,
https://www.zenga.hu/ingatlan/elado-panellakas-budapest-xxii-kerulet-budafok/8627769?page=99&pos=7&cr=10,Budapest XXII. kerület eladó panellakás 3 szobás: 75 millió Ft,75.0,67.0,67 m²,3.0,"Budapest XXII. kerület, Budafok",2025-08-17,Panellakás,Felújítandó,Házközponti fűtés egyedi méréssel,1982.0,D,,,,,,,,,,,
https://www.zenga.hu/ingatlan/elado-teglalakas-koszeg/8535933?page=99&pos=8&cr=10,"Kőszeg eladó téglalakás 2 szobás: 31,8 millió Ft",31.8,48.0,48 m²,2.0,Kőszeg,2025-08-17,Téglalakás,Átlagos,Távfűtés,,Nem adta meg a hirdető,,,,,,,,,,,
https://www.zenga.hu/ingatlan/elado-teglalakas-komarom/8668804?page=99&pos=9&cr=10,"Komárom eladó téglalakás 4 szobás: 123,68 millió Ft",123.68,135.0,135 m²,4.0,Komárom,2025-08-17,Téglalakás,Új építésű,Egyéb,2024.0,A++,,,,,,,,,,,
https://www.zenga.hu/ingatlan/elado-teglalakas-gyor-belvaros/8537514?page=99&pos=10&cr=10,Győr eladó téglalakás 5 szobás: 105 millió Ft,105.0,143.0,143 m²,5.0,"Győr, Belváros",2025-08-17,Téglalakás,Jó állapotú,Gázkazán,1993.0,Nem adta meg a hirdető,,,3.0,,,,,,,,
https://www.zenga.hu/ingatlan/elado-teglalakas-budapest-v-kerulet/8450317?page=99&pos=11&cr=10,"Budapest V. kerület eladó téglalakás 2 szobás: 274,78 millió Ft",274.78,65.0,65 m²,2.0,Budapest V. kerület,2025-08-17,Téglalakás,Újszerű,Egyéb,2022.0,Nem adta meg a hirdető,,,6.0,17 m²,,,,,,,
https://www.zenga.hu/ingatlan/elado-teglalakas-jaszbereny/8467326?page=99&pos=12&cr=10,"Jászberény eladó téglalakás 2 szobás: 29,5 millió Ft",29.5,55.0,55 m²,2.0,Jászberény,2025-08-17,Téglalakás,Jó állapotú,Gáz (konvektor),1990.0,Nem adta meg a hirdető,,,,,,,,,,,
https://www.zenga.hu/ingatlan/elado-teglalakas-jaszbereny/8460491?page=99&pos=13&cr=10,Jászberény eladó téglalakás 2+1 fél szobás: 41 millió Ft,41.0,62.0,62 m²,2.0,Jászberény,2025-08-17,Téglalakás,Jó állapotú,Gázkazán,2000.0,Nem adta meg a hirdető,,,,,,,,,,,
https://www.zenga.hu/ingatlan/elado-panellakas-budapest-xv-kerulet-ujpalota/8644422?page=99&pos=14&cr=10,"Budapest XV. kerület eladó panellakás 5 szobás: 84,9 millió Ft",84.9,84.0,84 m²,5.0,"Budapest XV. kerület, Újpalota",2025-08-17,Panellakás,,Távfűtés,1980.0,Nem adta meg a hirdető,,,,,,,,,,,
https://www.zenga.hu/ingatlan/elado-teglalakas-siofok-balatonszeplak/8633002?page=99&pos=15&cr=10,"Siófok eladó téglalakás 4 szobás: 82,5 millió Ft",82.5,72.0,72 m²,4.0,"Siófok, Balatonszéplak",2025-08-17,Téglalakás,Felújított,Gázkazán,1997.0,Nem adta meg a hirdető,,,1.0,,,,,,,,
https://www.zenga.hu/ingatlan/elado-teglalakas-gyor/8492032?page=99&pos=16&cr=10,"Győr eladó téglalakás 3 szobás: 85,99 millió Ft",85.99,86.0,86 m²,3.0,Győr,2025-08-17,Téglalakás,,Gázkazán,1970.0,Nem adta meg a hirdető,,,,,,,,,,,
https://www.zenga.hu/ingatlan/elado-teglalakas-eger/8645190?page=99&pos=17&cr=10,"Eger eladó téglalakás 4 szobás: 114,9 millió Ft",114.9,130.0,130 m²,4.0,Eger,2025-08-17,Téglalakás,Újszerű,Gázkazán,1997.0,Nem adta meg a hirdető,,,2.0,,,,,,,,
https://www.zenga.hu/ingatlan/elado-teglalakas-vac-alsovaros/8602514?page=99&pos=18&cr=10,"Eladó 4 szobás téglalakás 85,9 millió Ft értékben Vácon - Kastélyliget lakópark lakóparkban",85.9,85.0,85 m²,4.0,"Vác, Alsóváros",2025-08-17,Téglalakás,Új építésű,Hőszivattyú,2025.0,Nem adta meg a hirdető,,,,,,2024. 2. negyedév,,,,,
https://www.zenga.hu/ingatlan/elado-teglalakas-gyor-menfocsanak/8560494?page=99&pos=19&cr=10,"Győr eladó téglalakás 3 szobás: 62,9 millió Ft",62.9,66.0,66 m²,3.0,"Győr, Ménfőcsanak",2025-08-17,Téglalakás,,Gázkazán,2009.0,Nem adta meg a hirdető,,,,,,,,,,,
https://www.zenga.hu/ingatlan/elado-teglalakas-szombathely-belvaros/8182579?page=99&pos=20&cr=10,"Szombathely eladó téglalakás 4 szobás: 45,9 millió Ft",45.9,111.0,111 m²,4.0,"Szombathely, Belváros",2025-08-17,Téglalakás,,Gázkazán,1955.0,Nem adta meg a hirdető,,,,,,,,,,,
https://www.zenga.hu/ingatlan/elado-teglalakas-pecs/8665098?page=39&pos=16&cr=73,"Pécs eladó téglalakás 2 szobás: 46,9 millió Ft",46.9,57.0,57 m²,2.0,"Pécs, József Attila utca",2025-08-19,Téglalakás,Jó állapotú,Gáz (konvektor),1950.0,Nem adta meg a hirdető,,,3.0,2 m²,,,,,,,
https://www.zenga.hu/ingatlan/elado-panellakas-budapest-xx-kerulet/8667093?page=42&pos=12&cr=62,"Budapest XX. kerület eladó panellakás 3 szobás: 59,39 millió Ft",59.39,53.0,53 m²,3.0,Budapest XX. kerület,2025-08-19,Panellakás,Újszerű,Távfűtés,1982.0,Nem adta meg a hirdető,,,4.0,,,,,,,,
https://www.zenga.hu/ingatlan/elado-teglalakas-budapest-xii-kerulet/8484124?page=43&pos=17&cr=60,"Budapest XII. kerület eladó téglalakás 3 szobás: 117,9 millió Ft",117.9,,,,,2025-08-19,,,,,,,,,,,,,,,,
https://www.zenga.hu/ingatlan/elado-teglalakas-kecskemet/8559990?page=44&pos=1&cr=60,"Kecskemét eladó téglalakás 1 szobás: 29,9 millió Ft",29.9,,,,,2025-08-19,,,,,,,,,,,,,,,,
https://www.zenga.hu/ingatlan/elado-tarsashazi-lakas-hajduszoboszlo/8653676?page=44&pos=4&cr=60,"Hajdúszoboszló eladó társasházi lakás 2 szobás: 52,2 millió Ft",52.2,59.0,59 m²,2.0,Hajdúszoboszló,2025-08-19,Társasházi lakás,Jó állapotú,Padlófűtés,2003.0,Nem adta meg a hirdető,,,3.0,4 m²,,,,,,,
https://www.zenga.hu/ingatlan/elado-tarsashazi-lakas-budapest-xi-kerulet-albertfalva/8653499?page=44&pos=3&cr=60,,,,,,,2025-08-19,,,,,,,,,,,,,,,,
https://www.zenga.hu/ingatlan/elado-teglalakas-budapest-xiv-kerulet-alsorakos/8634802?page=39&pos=1&cr=75,,155.0,98.0,,,,2025-08-19,,,,,,,,,,,,,,,,
https://www.zenga.hu/ingatlan/elado-teglalakas-gyor-gyarvaros/8653413?page=43&pos=1&cr=61,Győr eladó téglalakás 4 szobás: 155 millió Ft,155.0,,,,,2025-08-19,,,,,,,,,,,,,,,,
https://www.zenga.hu/ingatlan/elado-teglalakas-pecs-uranvaros/8603404?page=44&pos=7&cr=60,"Pécs eladó téglalakás 2 szobás: 39,9 millió Ft",39.9,54.0,54 m²,2.0,"Pécs, Uránváros",2025-08-19,Téglalakás,Átlagos,Gáz (konvektor),1968.0,Nem adta meg a hirdető,,,,,,,,,,,
https://www.zenga.hu/ingatlan/elado-panellakas-pecs-kertvaros/8661985?page=45&pos=3&cr=56,"Pécs eladó panellakás 3 szobás: 53,2 millió Ft",53.2,65.0,65 m²,3.0,"Pécs, Kertváros, Krisztina tér",2025-08-19,Panellakás,Felújított,Távfűtés egyedi méréssel,1980.0,Nem adta meg a hirdető,,,4.0,3 m²,,,,,,,
https://www.zenga.hu/ingatlan/elado-egyeb-lakas-sarvar/8321261?page=47&pos=11&cr=55,"Sárvár eladó egyéb lakás 3 szobás: 58,66 millió Ft",58.66,53.0,53 m²,3.0,Sárvár,2025-08-19,Egyéb lakás,Új építésű,,2025.0,AA+ (2016-2023-as besorolás),,,,,,,,,,,
https://www.zenga.hu/ingatlan/elado-teglalakas-bekescsaba-penza-lakotelep/8627012?page=47&pos=13&cr=55,Békéscsaba eladó téglalakás 2+1 fél szobás: 37 millió Ft,37.0,69.0,69 m²,2.0,"Békéscsaba, Penza-lakótelep",2025-08-19,Téglalakás,,,,,,,,,,,,,,,
https://www.zenga.hu/ingatlan/elado-panellakas-budapest-xv-kerulet-ujpalota/8638331?page=47&pos=16&cr=55,,,,,,,2025-08-19,,,,,,,,,,,,,,,,
https://www.zenga.hu/ingatlan/elado-tarsashazi-lakas-debrecen/8653558?page=48&pos=9&cr=55,"Pécs eladó téglalakás 2 szobás: 39,9 millió Ft",39.9,,54 m²,2.0,"Debrecen, Böszörményi út 68",2025-08-19,Társasházi lakás,Felújított,Távfűtés egyedi méréssel,,Nem adta meg a hirdető,,,3.0,,,,,,,,
https://www.zenga.hu/ingatlan/elado-teglalakas-budapest-viii-kerulet/8627905?page=46&pos=7&cr=55,Eladó 1 szobás téglalakás Budapest VIII. kerületben,,,44 m²,1.0,"Debrecen, Tócóskert, Tócóskert tér 3",2025-08-19,Panellakás,Felújított,Távfűtés egyedi méréssel,,Nem adta meg a hirdető,,,10.0,3 m²,,,,,,,
https://www.zenga.hu/ingatlan/elado-panellakas-debrecen-tocoskert/8542884?page=50&pos=1&cr=55,"Debrecen eladó panellakás 1+1 fél szobás: 51,5 millió Ft",51.5,44.0,44 m²,1.0,"Debrecen, Tócóskert, Tócóskert tér 3",2025-08-19,Panellakás,Felújított,Távfűtés egyedi méréssel,,Nem adta meg a hirdető,,,10.0,3 m²,,,,,,,
https://www.zenga.hu/ingatlan/elado-teglalakas-budapest-vi-kerulet-nagykoruton-beluli-terulet/8558017?page=50&pos=2&cr=55,,104.9,95.0,95 m²,3.0,"Budapest VI. kerület, Nagykörúton belüli terület",2025-08-19,Téglalakás,Felújítandó,Gáz (konvektor),,Nem adta meg a hirdető,,,3.0,,30 000 Ft/hó,,,,,,
https://www.zenga.hu/ingatlan/elado-panellakas-debrecen-ujkert/8581338?page=50&pos=3&cr=55,,62.0,54.0,54 m²,2.0,"Debrecen, Újkert",2025-08-19,Panellakás,Felújított,Elektromos,,Nem adta meg a hirdető,,,10.0,2 m²,,,,,,,
https://www.zenga.hu/ingatlan/elado-teglalakas-kecskemet-hunyadivaros/8559582?page=50&pos=4&cr=55,"Kecskemét eladó téglalakás 1+1 fél szobás: 39,9 millió Ft",39.9,54.0,54 m²,1.0,"Kecskemét, Hunyadiváros, Telkeki Pál tér 2",2025-08-19,Téglalakás,Újszerű,Gáz (konvektor),1980.0,A+,,,4.0,4 m²,,,,,,,
https://www.zenga.hu/ingatlan/elado-csusztatott-zsalus-lakas-eger-belvaros/8515086?page=50&pos=5&cr=55,Eger eladó csúsztatott zsalus lakás 3 szobás: 69 millió Ft,69.0,75.0,75 m²,3.0,"Eger, Belváros",2025-08-19,Csúsztatott zsalus lakás,Felújított,Házközponti,,D,,,4.0,8 m²,31 000 Ft/hó,,,,,,
https://www.zenga.hu/ingatlan/elado-tarsashazi-lakas-nagytarcsa/8619603?page=51&pos=6&cr=50,Nagytarcsa eladó társasházi lakás 1+1 fél szobás: 42 millió Ft,42.0,46.0,46 m²,1.0,Nagytarcsa,2025-08-19,Társasházi lakás,Jó állapotú,Gázkazán,2008.0,B,,,3.0,,15 000 Ft/hó,,,,,,
https://www.zenga.hu/ingatlan/elado-teglalakas-gyor-szitasdomb/8597367?page=52&pos=10&cr=45,"Győr eladó téglalakás 2 szobás: 43,89 millió Ft",43.89,40.0,40 m²,2.0,"Győr, Szitásdomb",2025-08-19,Téglalakás,Új építésű,Hőszivattyú,2025.0,Nem adta meg a hirdető,,,3.0,10 m²,,,,,,,
https://www.zenga.hu/ingatlan/elado-teglalakas-eger-rachostya/8642707?page=49&pos=8&cr=55,Eladó 1+2 fél szobás téglalakás Egerben,,,,2.0,Mosonmagyaróvár,2025-08-19,Panellakás,Újszerű,Távfűtés,1970.0,,,,10.0,3 m²,,,,,,,
https://www.zenga.hu/ingatlan/elado-teglalakas-ozd/8279824?page=55&pos=3&cr=40,Nagytarcsa eladó társasházi lakás 1+1 fél szobás: 42 millió Ft,42.0,46.0,46 m²,1.0,Nagytarcsa,2025-08-19,,,,,,,,,,,,,,,,
https://www.zenga.hu/ingatlan/elado-egyeb-lakas-szombathely/8264118?page=52&pos=12&cr=45,"Szombathely eladó egyéb lakás 3 szobás: 86,73 millió Ft",86.73,86.0,86 m²,3.0,Szombathely,2025-08-19,Egyéb lakás,Új építésű,,2024.0,Nem adta meg a hirdető,,,,,,,,,,,
https://www.zenga.hu/ingatlan/elado-panellakas-mosonmagyarovar/8655829?page=50&pos=11&cr=52,Mosonmagyaróvár eladó panellakás 2 szobás: 43 millió Ft,43.0,55.0,55 m²,2.0,Mosonmagyaróvár,2025-08-19,Panellakás,Újszerű,Távfűtés,,,,,10.0,,,,,,,,
https://www.zenga.hu/ingatlan/elado-teglalakas-budapest-vi-kerulet/8659478?page=53&pos=15&cr=42,Eger eladó csúsztatott zsalus lakás 3 szobás: 69 millió Ft,69.0,66.0,66 m²,2.0,Budapest VI. kerület,2025-08-19,Téglalakás,Felújítandó,Gáz (konvektor),1960.0,Nem adta meg a hirdető,,,,,,,,,,,
https://www.zenga.hu/ingatlan/elado-teglalakas-biatorbagy/8661105?page=55&pos=2&cr=40,"Biatorbágy eladó téglalakás 1 szobás: 59,9 millió Ft",59.9,53.0,53 m²,1.0,Biatorbágy,2025-08-19,Téglalakás,,Távfűtés egyedi méréssel,2005.0,Nem adta meg a hirdető,,,,,,,,,,,
https://www.zenga.hu/ingatlan/elado-teglalakas-budapest-x-kerulet-teglagyardulo/8666945?page=55&pos=12&cr=40,,97.9,65.0,65 m²,3.0,"Budapest X. kerület, Téglagyárdűlő",2025-08-19,Téglalakás,,,,,,,,,,,,,,,
https://www.zenga.hu/ingatlan/elado-teglalakas-budapest-xiii-kerulet/8641687?page=56&pos=12&cr=40,Budapest XIII. kerület eladó téglalakás 2 szobás: 53 millió Ft,53.0,48.0,48 m²,2.0,Budapest XIII. kerület,2025-08-19,Téglalakás,Átlagos,Gáz (konvektor),1920.0,Nem adta meg a hirdető,,,,,,,,,,,
https://www.zenga.hu/ingatlan/elado-teglalakas-budapest-xv-kerulet-rakospalota/8503028?page=52&pos=19&cr=45,"Kecskemét eladó téglalakás 1+1 fél szobás: 39,9 millió Ft",39.9,,89 m²,2.0,"Budapest XV. kerület, Rákospalota",2025-08-19,,,,,,,,,,,,,,,,
https://www.zenga.hu/ingatlan/elado-teglalakas-budapest-vii-kerulet/8649110?page=56&pos=16&cr=40,Budapest VII. kerület eladó téglalakás 4 szobás: 97 millió Ft,,,,,,2025-08-19,,,,,,,,,,,,,,,,
https://www.zenga.hu/ingatlan/elado-teglalakas-budapest-xx-kerulet/8494053?page=56&pos=18&cr=40,"Budapest XX. kerület eladó téglalakás 2 szobás: 38,5 millió Ft",38.5,44.0,44 m²,2.0,Budapest XX. kerület,2025-08-19,Téglalakás,Jó állapotú,Gáz (konvektor),1950.0,E,,,,,,,,,,,
https://www.zenga.hu/ingatlan/elado-teglalakas-szerencs/8180177?page=57&pos=1&cr=40,"Szerencs eladó téglalakás 4 szobás: 24,4 millió Ft",24.4,93.0,93 m²,4.0,Szerencs,2025-08-19,Téglalakás,Felújított,Gázkazán,1970.0,E,,,2.0,,,,,,,,
https://www.zenga.hu/ingatlan/elado-teglalakas-budapest-xiii-kerulet-ujlipotvaros/8403155?page=57&pos=4&cr=40,Budapest XIII. kerület eladó téglalakás 2 szobás: 126 millió Ft,126.0,63.0,63 m²,2.0,"Budapest XIII. kerület, Újlipótváros, Váci út 34",2025-08-19,Téglalakás,Jó állapotú,Távfűtés egyedi méréssel,1920.0,F,,,6.0,,30 000 Ft/hó,,,,,,
https://www.zenga.hu/ingatlan/elado-teglalakas-budapest-xii-kerulet-krisztinavaros-xii-ker/8476765?page=57&pos=11&cr=40,Budapest XII. kerület eladó téglalakás 2 szobás: 119 millió Ft,119.0,57.0,57 m²,2.0,"Budapest XII. kerület, Krisztinaváros XII. ker., Városmajor utca",2025-08-19,Téglalakás,Új építésű,,,,,,5.0,,,,,,,,
https://www.zenga.hu/ingatlan/elado-egyeb-lakas-alsonemedi/8412780?page=57&pos=12&cr=40,Alsónémedi eladó egyéb lakás 2+1 fél szobás: 95 millió Ft,95.0,96.0,96 m²,2.0,Alsónémedi,2025-08-19,Egyéb lakás,Új építésű,Hőszivattyú,2025.0,Nem adta meg a hirdető,,Nincs,1.0,,,,18 m²,,,,
https://www.zenga.hu/ingatlan/elado-teglalakas-budapest-xiii-kerulet-loportardulo/8478474?page=57&pos=19&cr=37,Budapest XIII. kerület eladó téglalakás 2 szobás: 60 millió Ft,60.0,56.0,56 m²,2.0,"Budapest XIII. kerület, Lőportárdűlő",2025-08-19,Téglalakás,Felújított,,,Nem adta meg a hirdető,,,,,,,,,,,
https://www.zenga.hu/ingatlan/elado-panellakas-veszprem/8661106?page=60&pos=1&cr=34,"Veszprém eladó panellakás 2 szobás: 38,5 millió Ft",38.5,53.0,53 m²,2.0,Veszprém,2025-08-19,Panellakás,,Távfűtés egyedi méréssel,1975.0,Nem adta meg a hirdető,,,,,,,,,,,
https://www.zenga.hu/ingatlan/elado-teglalakas-veszprem/8662051?page=60&pos=2&cr=34,"Veszprém eladó téglalakás 2+1 fél szobás: 62,9 millió Ft",62.9,60.0,60 m²,2.0,Veszprém,2025-08-19,Téglalakás,Átlagos,Távfűtés egyedi méréssel,1965.0,Nem adta meg a hirdető,,,4.0,,,,,,,,
https://www.zenga.hu/ingatlan/elado-tarsashazi-lakas-mende/8264347?page=57&pos=13&cr=40,"Mende eladó társasházi lakás 2 szobás: 43,95 millió Ft",43.95,44.0,44 m²,2.0,Mende,2025-08-19,Társasházi lakás,Új építésű,Hőszivattyú,2025.0,,,,3.0,,,,20 m²,,,,
https://www.zenga.hu/ingatlan/elado-teglalakas-budapest-vii-kerulet/8664401?page=60&pos=3&cr=33,,114.9,,,,,2025-08-19,,,,,,,,,,,,,,,,
https://www.zenga.hu/ingatlan/elado-teglalakas-bicske/8509022?page=60&pos=4&cr=33,"Bicske eladó téglalakás 2 szobás: 46,4 millió Ft",46.4,58.0,58 m²,2.0,Bicske,2025-08-19,Téglalakás,Új építésű,Házközponti fűtés egyedi méréssel,2025.0,Nem adta meg a hirdető,,,3.0,1 m²,,,,,,,
https://www.zenga.hu/ingatlan/elado-teglalakas-bicske/8509017?page=60&pos=5&cr=33,"Bicske eladó téglalakás 3 szobás: 57,5 millió Ft",57.5,64.0,64 m²,3.0,Bicske,2025-08-19,Téglalakás,Új építésű,Házközponti fűtés egyedi méréssel,2025.0,Nem adta meg a hirdető,,,3.0,1 m²,,,,,,,
https://www.zenga.hu/ingatlan/elado-panellakas-szekesfehervar/8641099?page=58&pos=14&cr=35,,,,,,Budapest IV. kerület,2025-08-19,Téglalakás,Átlagos,Gázkazán,,Nem adta meg a hirdető,,,,,,,,,,,
https://www.zenga.hu/ingatlan/elado-teglalakas-budapest-iv-kerulet/8605006?page=60&pos=11&cr=32,Budapest IV. kerület eladó téglalakás 7 szobás: 159 millió Ft,159.0,166.0,166 m²,7.0,Budapest IV. kerület,2025-08-19,Téglalakás,Átlagos,Gázkazán,,Nem adta meg a hirdető,,,,,,,,,,,
https://www.zenga.hu/ingatlan/elado-teglalakas-budapest-xi-kerulet/8659502?page=72&pos=13&cr=21,Budapest XI. kerület eladó téglalakás 3 szobás: 98 millió Ft,98.0,113.0,113 m²,,,2025-08-19,,,,,,,,,,,,,,,,
https://www.zenga.hu/ingatlan/elado-teglalakas-budapest-ii-kerulet-pasaret/8568610?page=65&pos=16&cr=30,Budapest II. kerület eladó téglalakás 3+1 fél szobás: 169 millió Ft,,145.0,145 m²,5.0,Budapest IX. kerület,2025-08-19,Téglalakás,Átlagos,Gázkazán,1930,Nem adta meg a hirdető,,,,,,,,,,,
https://www.zenga.hu/ingatlan/elado-panellakas-budapest-xv-kerulet-ujpalota/8452971?page=75&pos=1&cr=21,,,,,,,2025-08-19,,,,,,,,,,,,,,,,
https://www.zenga.hu/ingatlan/elado-teglalakas-budapest-iv-kerulet/8612505?page=74&pos=15&cr=21,"Budapest IV. kerület eladó téglalakás 2 szobás: 73,9 millió Ft",73.9,64.0,64 m²,2.0,Budapest IV. kerület,2025-08-19,Téglalakás,Felújított,,,,,,,,,,,,,,
https://www.zenga.hu/ingatlan/elado-teglalakas-budapest-ix-kerulet/8547086?page=67&pos=12&cr=25,,126.5,70.0,70 m²,3.0,"Budapest XIV. kerület, Alsórákos",2025-08-19,Téglalakás,Újszerű,Házközponti fűtés egyedi méréssel,2018,B,,,,,,,,,,,
https://www.zenga.hu/ingatlan/elado-teglalakas-budapest-xiv-kerulet-alsorakos/8604486?page=75&pos=13&cr=20,"Budapest XIV. kerület eladó téglalakás 3 szobás: 126,5 millió Ft",126.5,70.0,70 m²,3.0,"Budapest XIV. kerület, Alsórákos",2025-08-19,Téglalakás,Újszerű,Házközponti fűtés egyedi méréssel,2018,B,,,,,,,,,,,
https://www.zenga.hu/ingatlan/elado-teglalakas-budapest-xiii-kerulet/8631220?page=77&pos=13&cr=20,"Budapest XIII. kerület eladó téglalakás 1 szobás: 89,8 millió Ft",89.8,49.0,49 m²,1.0,Budapest XIII. kerület,2025-08-19,Téglalakás,Új építésű,Hőszivattyú,2025,A+,,,,,,,,,,,
https://www.zenga.hu/ingatlan/elado-panellakas-nyergesujfalu/8420016?page=79&pos=6&cr=20,Nyergesújfalu eladó panellakás 2 szobás: 33 millió Ft,33.0,53.0,53 m²,2.0,Nyergesújfalu,2025-08-19,Panellakás,Jó állapotú,Távfűtés,1969,Nem adta meg a hirdető,,,,,,,,,,,
https://www.zenga.hu/ingatlan/elado-panellakas-salgotarjan/8579626?page=79&pos=10&cr=20,"Salgótarján eladó panellakás 1+2 fél szobás: 16,3 millió Ft",16.3,54.0,54 m²,1.0,Salgótarján,2025-08-19,Panellakás,Jó állapotú,Gáz (konvektor),1982,Nem adta meg a hirdető,,,,,,,,,,,
https://www.zenga.hu/ingatlan/elado-teglalakas-budapest-vii-kerulet-nagykoruton-beluli-terulet/8617770?page=82&pos=13&cr=20,Budapest VII. kerület eladó téglalakás 3 szobás: 110 millió Ft,110.0,85.0,85 m²,,,2025-08-19,,,,,,,,,,,,,,,,
https://www.zenga.hu/ingatlan/elado-teglalakas-szombathely-belvaros/8484871?page=84&pos=4&cr=20,"Szombathely eladó téglalakás 4 szobás: 44,9 millió Ft",44.9,100.0,100 m²,4.0,"Szombathely, Belváros",2025-08-19,Téglalakás,Átlagos,Gáz (konvektor),,Nem adta meg a hirdető,,,1,,,,,,,,
https://www.zenga.hu/ingatlan/elado-teglalakas-budapest-ii-kerulet-torokvesz/8645436?page=88&pos=5&cr=15,"Budapest II. kerület eladó téglalakás 5 szobás: 269,9 millió Ft",269.9,117.0,,,,2025-08-19,,,,,,,,,,,,,,,,
https://www.zenga.hu/ingatlan/elado-teglalakas-budapest-viii-kerulet-jozsefvaros/8479476?page=75&pos=3&cr=20,"Budapest VIII. kerület eladó téglalakás 4 szobás: 114,9 millió Ft",114.9,121.0,121 m²,4.0,"Budapest V. kerület, Lipótváros",2025-08-19,Téglalakás,Felújított,Házközponti,,Nem adta meg a hirdető,,,5,,,,,,,,
https://www.zenga.hu/ingatlan/elado-teglalakas-budapest-v-kerulet-lipotvaros/8323094?page=87&pos=16&cr=15,Budapest V. kerület eladó téglalakás 3 szobás: 136 millió Ft,136.0,68.0,68 m²,3.0,"Budapest V. kerület, Lipótváros",2025-08-19,Téglalakás,Felújított,Házközponti,,Nem adta meg a hirdető,,,5,,,,,,,,
https://www.zenga.hu/ingatlan/elado-teglalakas-miskolc-bulgarfold/8581302?page=90&pos=3&cr=15,"Miskolc eladó téglalakás 2+1 fél szobás: 22,9 millió Ft",22.9,55.0,55 m²,2.0,"Miskolc, Bulgárföld, Stadion",2025-08-19,Téglalakás,Felújítandó,Gáz (konvektor),,Nem adta meg a hirdető,,,4,,,,,,,,
https://www.zenga.hu/ingatlan/elado-teglalakas-pecs-belvaros/8466458?page=92&pos=12&cr=14,"Pécs eladó téglalakás 3 szobás: 44,9 millió Ft",44.9,62.0,62 m²,3.0,"Pécs, Belváros",2025-08-19,Téglalakás,Jó állapotú,Gáz (konvektor),1975,Nem adta meg a hirdető,,,4,,,,,,,,
https://www.zenga.hu/ingatlan/elado-panellakas-budapest-xvii-kerulet-rakoskeresztur/8588800?page=92&pos=17&cr=14,,,,,,,2025-08-19,,,,,,,,,,,,,,,,
https://www.zenga.hu/ingatlan/elado-teglalakas-budapest-i-kerulet/8620247?page=92&pos=14&cr=14,"Budapest I. kerület eladó téglalakás 1 szobás: 89,9 millió Ft",89.9,,,,,2025-08-19,,,,,,,,,,,,,,,,
https://www.zenga.hu/ingatlan/elado-teglalakas-sopron-belvaros/8532706?page=92&pos=20&cr=13,"Sopron eladó téglalakás 1 szobás: 69,9 millió Ft",69.9,58.0,58 m²,1.0,"Sopron, Belváros",2025-08-19,Téglalakás,Új építésű,Központi fűtés,2024,Nem adta meg a hirdető,,,2,,,,,,,,
https://www.zenga.hu/ingatlan/elado-csusztatott-zsalus-lakas-budapest-iii-kerulet-obuda/8540000?page=93&pos=14&cr=12,"Budapest III. kerület eladó csúsztatott zsalus lakás 2 szobás: 83,5 millió Ft",,,,,,2025-08-19,,,,,,,,,,,,,,,,
https://www.zenga.hu/ingatlan/elado-teglalakas-budapest-ix-kerulet-rehabilitacios-terulet-ix-/8386052?page=93&pos=16&cr=12,"Budapest IX. kerület eladó téglalakás 1+1 fél szobás: 73,5 millió Ft",73.5,42.0,42 m²,1.0,"Budapest IX. kerület, Rehabilitációs terület IX. ker.",2025-08-19,Téglalakás,Újszerű,Házközponti fűtés egyedi méréssel,2017,B,,,5,,,,,,,,
https://www.zenga.hu/ingatlan/elado-teglalakas-siofok/8362538?page=94&pos=4&cr=12,Siófok eladó téglalakás 4 szobás: 223 millió Ft,223.0,149.0,149 m²,4.0,Siófok,2025-08-19,Téglalakás,Újszerű,Hőszivattyú,2018,A+,,,,,,,,,,,
https://www.zenga.hu/ingatlan/elado-teglalakas-pecs-egyetemvaros/8647802?page=94&pos=5&cr=11,"Miskolc eladó téglalakás 2+1 fél szobás: 22,9 millió Ft",,51.0,51 m²,2.0,"Pécs, Egyetemváros",2025-08-19,Téglalakás,Új építésű,Hőszivattyú,2025,A++,,,,,,,,,,,
https://www.zenga.hu/ingatlan/elado-teglalakas-sopron-belvaros/8535778?page=100&pos=2&cr=10,Sopron eladó téglalakás 5 szobás: 116 millió Ft,116.0,213.0,213 m²,5.0,"Sopron, Belváros",2025-08-19,Téglalakás,Felújított,Gázkazán,1870,Nem adta meg a hirdető,,,4,,,,,,,,
https://www.zenga.hu/ingatlan/elado-teglalakas-komarom/8668804?page=100&pos=1&cr=10,"Komárom eladó téglalakás 4 szobás: 123,68 millió Ft",123.68,135.0,135 m²,4.0,Komárom,2025-08-19,Téglalakás,Új építésű,Egyéb,2024,A++,,,,,,,,,,,
https://www.zenga.hu/ingatlan/elado-teglalakas-heves/8408838?page=100&pos=3&cr=10,"Heves eladó téglalakás 2 szobás: 25,9 millió Ft",25.9,54.0,54 m²,2.0,Heves,2025-08-19,Téglalakás,Jó állapotú,,,,,,,,,,,,,,
https://www.zenga.hu/ingatlan/elado-panellakas-budapest-xxii-kerulet-budafok/8627769?page=100&pos=5&cr=10,Budapest XXII. kerület eladó panellakás 3 szobás: 75 millió Ft,75.0,67.0,67 m²,3.0,"Budapest XXII. kerület, Budafok",2025-08-19,Panellakás,Felújítandó,Házközponti fűtés egyedi méréssel,1982,D,,,,,,,,,,,
https://www.zenga.hu/ingatlan/elado-teglalakas-budapest-i-kerulet/8551974?page=100&pos=6&cr=10,,,,,,,2025-08-19,,,,,,,,,,,,,,,,
https://www.zenga.hu/ingatlan/elado-teglalakas-debrecen-dobozi-lakotelep/8569003?page=85&pos=3&cr=17,,,42.0,42 m²,1.0,Budapest VI. kerület,2025-08-19,Téglalakás,Átlagos,Gáz (konvektor),1935,Nem adta meg a hirdető,,,,,,,,,,,
https://www.zenga.hu/ingatlan/elado-csusztatott-zsalus-lakas-debrecen-vargakert/8662591?page=93&pos=13&cr=12,,58.5,42.0,42 m²,1.0,Budapest VI. kerület,2025-08-19,Téglalakás,Átlagos,Gáz (konvektor),1935,Nem adta meg a hirdető,,,,,,,,,,,
https://www.zenga.hu/ingatlan/elado-teglalakas-budapest-vi-kerulet/8654776?page=100&pos=4&cr=10,"Budapest VI. kerület eladó téglalakás 1 szobás: 58,5 millió Ft",58.5,42.0,42 m²,1.0,Budapest VI. kerület,2025-08-19,Téglalakás,Átlagos,Gáz (konvektor),1935,Nem adta meg a hirdető,,,,,,,,,,,
https://www.zenga.hu/ingatlan/elado-teglalakas-jaszbereny/8467326?page=100&pos=7&cr=10,"Jászberény eladó téglalakás 2 szobás: 29,5 millió Ft",29.5,55.0,55 m²,2.0,Jászberény,2025-08-19,Téglalakás,Jó állapotú,Gáz (konvektor),1990,,,,,,,,,,,,
https://www.zenga.hu/ingatlan/elado-teglalakas-budapest-xiii-kerulet/8592829?page=100&pos=8&cr=10,,89.0,43.0,43 m²,1.0,Budapest XIII. kerület,2025-08-19,Téglalakás,Felújított,Távfűtés,2012,Nem adta meg a hirdető,,,,,,,,,,,
https://www.zenga.hu/ingatlan/elado-teglalakas-budapest-xiii-kerulet/8606092?page=100&pos=10&cr=10,"Budapest XIII. kerület eladó téglalakás 1 szobás: 74,2 millió Ft",74.2,36.0,36 m²,1.0,Budapest XIII. kerület,2025-08-19,Téglalakás,Felújított,Egyéb kazán,1930,Nem adta meg a hirdető,,,,,,,,,,,
https://www.zenga.hu/ingatlan/elado-teglalakas-kecskemet/8511395?page=97&pos=10&cr=10,,31.8,48.0,48 m²,2.0,Kőszeg,2025-08-19,Téglalakás,Átlagos,Távfűtés,,Nem adta meg a hirdető,,,,,,,,,,,
https://www.zenga.hu/ingatlan/elado-teglalakas-koszeg/8535933?page=100&pos=9&cr=10,"Kőszeg eladó téglalakás 2 szobás: 31,8 millió Ft",31.8,48.0,48 m²,2.0,Kőszeg,2025-08-19,Téglalakás,Átlagos,Távfűtés,,Nem adta meg a hirdető,,,,,,,,,,,
https://www.zenga.hu/ingatlan/elado-teglalakas-budapest-xiii-kerulet/8544970?page=103&pos=8&cr=10,"Budapest XIII. kerület eladó téglalakás 2 szobás: 78,5 millió Ft",78.5,36.0,36 m²,2.0,Budapest XIII. kerület,2025-08-19,Téglalakás,Újszerű,Gázkazán,2021,A+,,,,,,,,,,,
https://www.zenga.hu/ingatlan/elado-panellakas-budapest-iii-kerulet/8624935?page=103&pos=12&cr=10,,,,,,,2025-08-19,,,,,,,,,,,,,,,,
https://www.zenga.hu/ingatlan/elado-panellakas-budapest-xv-kerulet/8623462?page=103&pos=10&cr=10,"Budapest XV. kerület eladó panellakás 3 szobás: 84,5 millió Ft",84.5,,,,,2025-08-19,,,,,,,,,,,,,,,,
https://www.zenga.hu/ingatlan/elado-teglalakas-budapest-xiv-kerulet/8545006?page=103&pos=14&cr=10,"Budapest XIV. kerület eladó téglalakás 2 szobás: 73,44 millió Ft",73.44,44.0,44 m²,2.0,Budapest XIV. kerület,2025-08-19,Téglalakás,Új építésű,Hőszivattyú,2017,A+,,,,,,,,,,,
https://www.zenga.hu/ingatlan/elado-teglalakas-budapest-vii-kerulet/8339920?page=103&pos=7&cr=10,Budapest VII. kerület eladó téglalakás 1 szobás: 51 millió Ft,,,,,Budapest VI. kerület,2025-08-19,Téglalakás,Felújított,Gázkazán,1939,B,,,,,,,,,,,
https://www.zenga.hu/ingatlan/elado-teglalakas-budapest-xiii-kerulet-ujlipotvaros/8544964?page=103&pos=15&cr=10,Budapest XIII. kerület eladó téglalakás 1 szobás: 69 millió Ft,69.0,32.0,32 m²,1.0,"Budapest XIII. kerület, Újlipótváros",2025-08-19,Téglalakás,Felújított,Házközponti fűtés egyedi méréssel,1890,A,,,,,,,,,,,
https://www.zenga.hu/ingatlan/elado-teglalakas-budapest-vi-kerulet/8544954?page=103&pos=16&cr=10,Budapest VI. kerület eladó téglalakás 4 szobás: 140 millió Ft,140.0,132.0,132 m²,4.0,Budapest VI. kerület,2025-08-19,Téglalakás,Felújított,Gázkazán,1939,B,,,,,,,,,,,
https://www.zenga.hu/ingatlan/elado-teglalakas-budapest-vi-kerulet/8544990?page=103&pos=19&cr=10,Budapest VI. kerület eladó téglalakás 4 szobás: 145 millió Ft,145.0,114.0,114 m²,4.0,Budapest VI. kerület,2025-08-19,Téglalakás,Jó állapotú,Gázkazán,1922,Nem adta meg a hirdető,,,,,,,,,,,
https://www.zenga.hu/ingatlan/elado-teglalakas-dunaujvaros-belvaros/8659734?page=103&pos=17&cr=10,"Dunaújváros eladó téglalakás 2 szobás: 39,9 millió Ft",39.9,50.0,50 m²,2.0,"Dunaújváros, Belváros",2025-08-19,Téglalakás,Felújított,Távfűtés,1965,Nem adta meg a hirdető,,,4,,,,,,,,
https://www.zenga.hu/ingatlan/elado-teglalakas-budapest-xiii-kerulet/8617420?page=103&pos=18&cr=10,Budapest XIII. kerület eladó téglalakás 2+2 fél szobás: 145 millió Ft,145.0,89.0,89 m²,2.0,Budapest XIII. kerület,2025-08-19,Téglalakás,Újszerű,Házközponti fűtés egyedi méréssel,2022,Nem adta meg a hirdető,,,,,,,,,,,
https://www.zenga.hu/ingatlan/elado-teglalakas-mosonmagyarovar/8642443?page=103&pos=4&cr=10,,145.0,89.0,89 m²,2.0,Budapest XIII. kerület,2025-08-19,Téglalakás,Újszerű,,,,,,,,,,,,,,
https://www.zenga.hu/ingatlan/elado-teglalakas-budapest-vii-kerulet/8667209?page=103&pos=20&cr=10,,,,,,,2025-08-19,,,,,,,,,,,,,,,,
https://www.zenga.hu/ingatlan/elado-teglalakas-budapest-xiii-kerulet/8615758?page=103&pos=13&cr=10,Budapest XIII. kerület eladó téglalakás 2+2 fél szobás: 145 millió Ft,145.0,89.0,89 m²,2.0,Budapest XIII. kerület,2025-08-19,Téglalakás,,,,,,,,,,,,,,,
https://www.zenga.hu/ingatlan/elado-teglalakas-budapest-xiv-kerulet-torokor/8586837?page=104&pos=1&cr=10,"Budapest XIV. kerület eladó téglalakás 2+1 fél szobás: 79,9 millió Ft",79.9,75.0,75 m²,2.0,"Budapest XIV. kerület, Törökőr",2025-08-19,Téglalakás,Felújított,Gáz (konvektor),1940,Nem adta meg a hirdető,,,5,,,,,,,,
https://www.zenga.hu/ingatlan/elado-teglalakas-budaors-varoskozpont/8542137?page=104&pos=2&cr=10,"Budaörs eladó téglalakás 3+2 fél szobás: 149,9 millió Ft",149.9,130.0,130 m²,3.0,"Budaörs, Városközpont",2025-08-19,Téglalakás,Új építésű,Padlófűtés,2025,Nem adta meg a hirdető,,,2,7 m²,,,,,,,
https://www.zenga.hu/ingatlan/elado-teglalakas-debrecen-hatvan-utcai-kert/8619604?page=104&pos=3&cr=10,"Debrecen eladó téglalakás 2+2 fél szobás: 79,6 millió Ft",79.6,95.0,95 m²,2.0,"Debrecen, Hatvan utcai kert",2025-08-19,Téglalakás,Jó állapotú,Gázkazán,1999,Nem adta meg a hirdető,,,4,10 m²,,,,,,,
https://www.zenga.hu/ingatlan/elado-teglalakas-budapest-vi-kerulet-nagykoruton-kivuli-terulet/8626162?page=104&pos=4&cr=10,Budapest VI. kerület eladó téglalakás 3 szobás: 245 millió Ft,245.0,92.0,92 m²,3.0,"Budapest VI. kerület, Nagykörúton kívüli terület",2025-08-19,Téglalakás,Felújított,Házközponti fűtés egyedi méréssel,2011,Nem adta meg a hirdető,,,,,,,,,,,
https://www.zenga.hu/ingatlan/elado-panellakas-debrecen-ujkert/8665375?page=104&pos=6&cr=10,,62.39,64.0,64 m²,2.0,"Debrecen, Újkert",2025-08-19,Panellakás,Jó állapotú,Távfűtés,,Nem adta meg a hirdető,,,15,7 m²,,,,,,,
https://www.zenga.hu/ingatlan/elado-tarsashazi-lakas-vac-belvaros/8333468?page=104&pos=5&cr=10,"Vác eladó társasházi lakás 5+1 fél szobás: 129,9 millió Ft",129.9,221.0,221 m²,5.0,"Vác, Belváros, Köztársaság út 7",2025-08-19,Társasházi lakás,Felújítandó,Gáz (konvektor),,,,,2,2 m²,,,,,,,
https://www.zenga.hu/ingatlan/elado-teglalakas-budapest-vi-kerulet/8665432?page=104&pos=7&cr=10,"Budapest VI. kerület eladó téglalakás 2 szobás: 79,5 millió Ft",79.5,56.0,56 m²,2.0,Budapest VI. kerület,2025-08-19,Téglalakás,Felújítandó,Gáz (héra),,Nem adta meg a hirdető,,,4,,,,,,,,
https://www.zenga.hu/ingatlan/elado-teglalakas-budapest-xi-kerulet-nadorkert/8513126?page=104&pos=8&cr=10,,,,,,,2025-08-19,,,,,,,,,,,,,,,,
https://www.zenga.hu/ingatlan/elado-csusztatott-zsalus-lakas-keszthely/8353783?page=104&pos=9&cr=10,"Keszthely eladó csúsztatott zsalus lakás 6 szobás: 69,9 millió Ft",69.9,110.0,110 m²,6.0,Keszthely,2025-08-19,Csúsztatott zsalus lakás,Jó állapotú,,,,,,3,,,,,,,,
https://www.zenga.hu/ingatlan/elado-panellakas-pecs-kertvaros/8663640?page=104&pos=12&cr=10,"Pécs eladó panellakás 2 szobás: 32,99 millió Ft",32.99,40.0,40 m²,2.0,"Pécs, Kertváros",2025-08-19,Panellakás,Átlagos,Távfűtés egyedi méréssel,,A++,,,4,4 m²,,,,,,,
https://www.zenga.hu/ingatlan/elado-tarsashazi-lakas-mosonmagyarovar-ipartelep/8445727?page=104&pos=11&cr=10,"Budaörs eladó téglalakás 3+2 fél szobás: 149,9 millió Ft",,,32 m²,1.0,"Mosonmagyaróvár, Ipartelep",2025-08-19,Társasházi lakás,Új építésű,Gázkazán,2025,C,,,3,,,,,,,,
https://www.zenga.hu/ingatlan/elado-teglalakas-budapest-vi-kerulet/8405112?page=104&pos=13&cr=10,"Budapest VI. kerület eladó téglalakás 3 szobás: 367,1 millió Ft",367.1,84.0,84 m²,3.0,Budapest VI. kerület,2025-08-19,Téglalakás,Új építésű,,2024,Nem adta meg a hirdető,,,4,,,,,,,,
https://www.zenga.hu/ingatlan/elado-teglalakas-cegled/8527228?page=104&pos=14&cr=10,"Cegléd eladó téglalakás 4 szobás: 48,5 millió Ft",48.5,84.0,84 m²,4.0,Cegléd,2025-08-19,Téglalakás,Felújítandó,Gáz (héra),1960,Nem adta meg a hirdető,,,,,,,,,,,
https://www.zenga.hu/ingatlan/elado-teglalakas-csorna/8480673?page=104&pos=15&cr=10,"Csorna eladó téglalakás 4 szobás: 49,9 millió Ft",49.9,90.0,90 m²,4.0,Csorna,2025-08-19,Téglalakás,Felújított,Központi fűtés,,Nem adta meg a hirdető,,,1,,,,,,,,
https://www.zenga.hu/ingatlan/elado-teglalakas-sopron-aranyhegy/7519706?page=104&pos=10&cr=10,Sopron eladó téglalakás 1+1 fél szobás: 35 millió Ft,35.0,30.0,30 m²,1.0,"Sopron, Aranyhegy",2025-08-19,Téglalakás,,,,,,,1,,,,,,,,
https://www.zenga.hu/ingatlan/elado-teglalakas-cegled/8427915?page=104&pos=19&cr=10,,,,,,,2025-08-19,,,,,,,,,,,,,,,,
https://www.zenga.hu/ingatlan/elado-teglalakas-cegled/8450146?page=104&pos=18&cr=10,"Cegléd eladó téglalakás 4 szobás: 65,47 millió Ft",65.47,81.0,81 m²,4.0,Cegléd,2025-08-19,Téglalakás,Új építésű,Egyéb,2025,Nem adta meg a hirdető,,,,,,,,,,,
https://www.zenga.hu/ingatlan/elado-egyeb-lakas-szekesfehervar/8527675?page=105&pos=1&cr=10,Székesfehérvár eladó egyéb lakás 4 szobás: 209 millió Ft,209.0,151.0,151 m²,4.0,Székesfehérvár,2025-08-19,Egyéb lakás,,,,Nem adta meg a hirdető,,,,,,,,,,,
https://www.zenga.hu/ingatlan/elado-teglalakas-cegled/8451374?page=104&pos=20&cr=10,"Cegléd eladó téglalakás 4 szobás: 70,85 millió Ft",70.85,85.0,85 m²,4.0,Cegléd,2025-08-19,Téglalakás,Új építésű,Egyéb,2025,Nem adta meg a hirdető,,,,,,,,,,,
https://www.zenga.hu/ingatlan/elado-teglalakas-gyor-marcalvaros-ii/8424090?page=105&pos=2&cr=10,"Győr eladó téglalakás 3 szobás: 79,9 millió Ft",79.9,60.0,60 m²,3.0,"Győr, Marcalváros II.",2025-08-19,Téglalakás,Új építésű,Távfűtés egyedi méréssel,2022,B,,,4,,,,,,,,
https://www.zenga.hu/ingatlan/elado-panellakas-balassagyarmat/8603170?page=105&pos=3&cr=10,"Balassagyarmat eladó panellakás 1+2 fél szobás: 21,9 millió Ft",21.9,51.0,51 m²,1.0,Balassagyarmat,2025-08-19,Panellakás,Átlagos,Egyéb,1975,Nem adta meg a hirdető,,,,,,,,,,,
https://www.zenga.hu/ingatlan/elado-teglalakas-budapest-xiv-kerulet/8531203?page=104&pos=16&cr=10,Budapest XIV. kerület eladó téglalakás 3 szobás: 70 millió Ft,70.0,53.0,53 m²,3.0,,2025-08-19,Téglalakás,Felújított,Gázkazán,1970,Nem adta meg a hirdető,,,,,,,,,,,
https://www.zenga.hu/ingatlan/elado-teglalakas-szombathely-belvaros/8179144?page=105&pos=4&cr=10,"Szombathely eladó téglalakás 3 szobás: 44,9 millió Ft",44.9,81.0,81 m²,3.0,"Szombathely, Belváros",2025-08-19,Téglalakás,Felújított,Gáz (konvektor),1930,Nem adta meg a hirdető,,,3,,,,,,,,
https://www.zenga.hu/ingatlan/elado-teglalakas-kecskemet/8514372?page=105&pos=5&cr=10,"Kecskemét eladó téglalakás 2 szobás: 59,9 millió Ft",59.9,69.0,69 m²,2.0,Kecskemét,2025-08-19,Téglalakás,Felújított,Gázkazán,1970,Nem adta meg a hirdető,,,,,,,,,,,
https://www.zenga.hu/ingatlan/elado-teglalakas-debrecen-nagyerdopark/8661465?page=105&pos=7&cr=10,"Cegléd eladó téglalakás 4 szobás: 65,47 millió Ft",65.47,81.0,81 m²,,,2025-08-19,Téglalakás,,,,,,,,,,,,,,,
https://www.zenga.hu/ingatlan/elado-teglalakas-kecskemet/8615620?page=105&pos=8&cr=10,Kecskemét eladó téglalakás 3 szobás: 54 millió Ft,54.0,81.0,81 m²,3.0,Kecskemét,2025-08-19,Téglalakás,Jó állapotú,Gáz (konvektor),1970,Nem adta meg a hirdető,,,,,,,,,,,
https://www.zenga.hu/ingatlan/elado-teglalakas-budapest-xiii-kerulet/8589271?page=105&pos=10&cr=10,"Budapest XIII. kerület eladó téglalakás 2 szobás: 86,4 millió Ft",86.4,46.0,46 m²,2.0,"Budapest XIII. kerület, Röppentyű utca",2025-08-19,Téglalakás,Új építésű,Házközponti fűtés egyedi méréssel,,Nem adta meg a hirdető,,,7,,,,,,,,
https://www.zenga.hu/ingatlan/elado-teglalakas-gyor-belvaros/8575333?page=105&pos=6&cr=10,"Győr eladó téglalakás 2 szobás: 51,8 millió Ft",51.8,61.0,61 m²,2.0,"Győr, Belváros",2025-08-19,Téglalakás,Felújítandó,Gáz (héra),1963,Nem adta meg a hirdető,,,3,,,,,,,,
https://www.zenga.hu/ingatlan/elado-csusztatott-zsalus-lakas-zalaegerszeg-landorhegy/8524309?page=105&pos=9&cr=10,"Zalaegerszeg eladó csúsztatott zsalus lakás 2 szobás: 39,99 millió Ft",39.99,56.0,56 m²,2.0,"Zalaegerszeg, Landorhegy",2025-08-19,Csúsztatott zsalus lakás,Felújított,Házközponti fűtés egyedi méréssel,1978,Nem adta meg a hirdető,,,,,,,,,,,
https://www.zenga.hu/ingatlan/elado-panellakas-vac/8649046?page=105&pos=18&cr=10,"Vác eladó panellakás 2 szobás: 55,9 millió Ft",55.9,56.0,56 m²,2.0,Vác,2025-08-19,Panellakás,Felújított,Távfűtés egyedi méréssel,,Nem adta meg a hirdető,,,4,,,,,,,,
https://www.zenga.hu/ingatlan/elado-panellakas-nyergesujfalu/8355743?page=105&pos=17&cr=10,Nyergesújfalu eladó panellakás 3 szobás: 31 millió Ft,31.0,52.0,52 m²,3.0,Nyergesújfalu,2025-08-19,Panellakás,Átlagos,Távfűtés,1960,Nem adta meg a hirdető,,,,,,,,,,,
https://www.zenga.hu/ingatlan/elado-teglalakas-nyergesujfalu/8506938?page=106&pos=4&cr=10,"Nyergesújfalu eladó téglalakás 2 szobás: 36,99 millió Ft",36.99,43.0,43 m²,2.0,Nyergesújfalu,2025-08-19,Téglalakás,Felújított,Távfűtés,1960,Nem adta meg a hirdető,,,,,,,,,,,
https://www.zenga.hu/ingatlan/elado-teglalakas-szeged/8570685?page=106&pos=3&cr=10,Szeged eladó téglalakás 4 szobás: 158 millió Ft,158.0,207.0,207 m²,4.0,Szeged,2025-08-19,Téglalakás,Felújított,Házközponti fűtés egyedi méréssel,2009,Nem adta meg a hirdető,,,,,,,,,,,
https://www.zenga.hu/ingatlan/elado-teglalakas-nagykoros/8548680?page=105&pos=13&cr=10,"Lábatlan eladó téglalakás 3 szobás: 59,9 millió Ft",59.9,63.0,63 m²,3.0,Lábatlan,2025-08-19,Téglalakás,Új építésű,Egyéb,2022,Nem adta meg a hirdető,,,,,,,,,,,
https://www.zenga.hu/ingatlan/elado-teglalakas-labatlan/8512770?page=106&pos=2&cr=10,"Lábatlan eladó téglalakás 3 szobás: 59,9 millió Ft",59.9,63.0,63 m²,3.0,Lábatlan,2025-08-19,Téglalakás,Új építésű,Egyéb,2022,Nem adta meg a hirdető,,,,,,,,,,,
https://www.zenga.hu/ingatlan/elado-panellakas-veszprem/8659116?page=106&pos=6&cr=10,"Veszprém eladó panellakás 1+2 fél szobás: 54,9 millió Ft",54.9,55.0,55 m²,1.0,Veszprém,2025-08-19,Panellakás,Felújított,Távfűtés,1986,Nem adta meg a hirdető,,,,,,,,,,,
https://www.zenga.hu/ingatlan/elado-teglalakas-kecskemet/8593312?page=105&pos=12&cr=10,,199.0,84.0,84 m²,3.0,"Budapest VI. kerület, Podmaniczky utca",2025-08-19,Téglalakás,Felújított,Gázkazán,1915,,,,4,,,,,,,,
https://www.zenga.hu/ingatlan/elado-teglalakas-budapest-vii-kerulet/8602128?page=106&pos=5&cr=10,"Budapest VII. kerület eladó téglalakás 2+1 fél szobás: 72,9 millió Ft",72.9,71.0,71 m²,2.0,Budapest VII. kerület,2025-08-19,Téglalakás,Átlagos,Gáz (konvektor),1935,Nem adta meg a hirdető,,,3,,,,,,,,
https://www.zenga.hu/ingatlan/elado-teglalakas-szekesfehervar-oreghegy/8660095?page=106&pos=7&cr=10,"Székesfehérvár eladó téglalakás 3 szobás: 59,8 millió Ft",59.8,65.0,65 m²,3.0,"Székesfehérvár, Öreghegy",2025-08-19,Téglalakás,Jó állapotú,Gáz (konvektor),,Nem adta meg a hirdető,,,1,2 m²,,,,,,,
https://www.zenga.hu/ingatlan/elado-teglalakas-budapest-vi-kerulet/8659829?page=106&pos=1&cr=10,Budapest VI. kerület eladó téglalakás 3 szobás: 199 millió Ft,199.0,84.0,84 m²,3.0,"Budapest VI. kerület, Podmaniczky utca",2025-08-19,Téglalakás,Felújított,Gázkazán,,,,,4,,,,,,,,
https://www.zenga.hu/ingatlan/elado-teglalakas-budapest-iii-kerulet-testverhegy/7856132?page=106&pos=9&cr=10,"Budapest III. kerület eladó téglalakás 1+2 fél szobás: 78,9 millió Ft",78.9,60.0,60 m²,1.0,"Budapest III. kerület, Testvérhegy, Farkastorki út",2025-08-19,Téglalakás,Átlagos,,,Nem adta meg a hirdető,,,,,,,,,,,
https://www.zenga.hu/ingatlan/elado-teglalakas-szeged/8615424?page=106&pos=11&cr=10,"Szeged eladó téglalakás 3 szobás: 115,5 millió Ft",115.5,76.0,76 m²,3.0,Szeged,2025-08-19,Téglalakás,Új építésű,Hőszivattyú,2024,A+++,,,,,,,,,,,
https://www.zenga.hu/ingatlan/elado-egyeb-lakas-dunaalmas/8514408?page=106&pos=13&cr=10,Dunaalmás eladó egyéb lakás 4 szobás: 38 millió Ft,38.0,70.0,70 m²,4.0,Dunaalmás,2025-08-19,Egyéb lakás,Jó állapotú,Elektromos,1930,Nem adta meg a hirdető,,,,,,,,,,,
https://www.zenga.hu/ingatlan/elado-teglalakas-hatvan/8659895?page=106&pos=12&cr=10,"Hatvan eladó téglalakás 3 szobás: 57,9 millió Ft",57.9,97.0,97 m²,3.0,Hatvan,2025-08-19,Téglalakás,Jó állapotú,Gáz (konvektor),1920,Nem adta meg a hirdető,,,1,,,,,,,,
https://www.zenga.hu/ingatlan/elado-teglalakas-nyiregyhaza/8493710?page=106&pos=14&cr=10,"Nyíregyháza eladó téglalakás 2 szobás: 57,43 millió Ft",57.43,71.0,71 m²,2.0,Nyíregyháza,2025-08-19,Téglalakás,Jó állapotú,Gázkazán,1980,D,,,,,,,,,,,
https://www.zenga.hu/ingatlan/elado-teglalakas-sarvar/8660258?page=106&pos=8&cr=10,Sárvár eladó téglalakás 2 szobás: 42 millió Ft,42.0,100.0,100 m²,2.0,Sárvár,2025-08-19,Téglalakás,,,,,,,,,,,,,,,
https://www.zenga.hu/ingatlan/elado-panellakas-balassagyarmat/8426439?page=106&pos=16&cr=10,"Balassagyarmat eladó panellakás 4+1 fél szobás: 53,9 millió Ft",53.9,116.0,116 m²,4.0,Balassagyarmat,2025-08-19,Panellakás,Jó állapotú,Házközponti,1985,Nem adta meg a hirdető,,,,,,,,,,,
https://www.zenga.hu/ingatlan/elado-teglalakas-salgotarjan/8446614?page=106&pos=17&cr=10,"Salgótarján eladó téglalakás 2 szobás: 18,5 millió Ft",18.5,52.0,52 m²,2.0,Salgótarján,2025-08-19,Téglalakás,Felújítandó,Gáz (konvektor),1979,Nem adta meg a hirdető,,,,,,,,,,,
https://www.zenga.hu/ingatlan/elado-teglalakas-salgotarjan/8438973?page=106&pos=19&cr=10,"Salgótarján eladó téglalakás 2 szobás: 18,5 millió Ft",18.5,52.0,52 m²,2.0,Salgótarján,2025-08-19,Téglalakás,Felújítandó,Gáz (konvektor),1979,Nem adta meg a hirdető,,,,,,,,,,,
https://www.zenga.hu/ingatlan/elado-teglalakas-salgotarjan/8393093?page=107&pos=1&cr=10,"Salgótarján eladó téglalakás 1+1 fél szobás: 8,9 millió Ft",8.9,29.0,29 m²,1.0,Salgótarján,2025-08-19,Téglalakás,Felújítandó,Gáz (konvektor),1965,Nem adta meg a hirdető,,,,,,,,,,,
https://www.zenga.hu/ingatlan/elado-teglalakas-kaposvar/8657995?page=106&pos=18&cr=10,"Kaposvár eladó téglalakás 1 szobás: 27,3 millió Ft",27.3,42.0,42 m²,1.0,"Kaposvár, lakóövezet",2025-08-19,Téglalakás,Újszerű,Gázkazán,1960,,,,1,,,,,,,,
https://www.zenga.hu/ingatlan/elado-egyeb-lakas-eger/8636633?page=106&pos=20&cr=10,"Eger eladó egyéb lakás 1+7 fél szobás: 84,9 millió Ft",84.9,110.0,110 m²,1.0,Eger,2025-08-19,Egyéb lakás,Felújított,Gázkazán,1990,Nem adta meg a hirdető,,,,,,,,,,,
https://www.zenga.hu/ingatlan/elado-panellakas-nyiregyhaza/8581656?page=106&pos=15&cr=10,Nyíregyháza eladó panellakás 2+1 fél szobás: 49 millió Ft,49.0,63.0,63 m²,2.0,Nyíregyháza,2025-08-19,Panellakás,Átlagos,,,,,,,,,,,,,,
https://www.zenga.hu/ingatlan/elado-teglalakas-budapest-viii-kerulet/8653645?page=107&pos=2&cr=10,"Budapest VIII. kerület eladó téglalakás 1 szobás: 51,8 millió Ft",51.8,33.0,33 m²,1.0,"Budapest VIII. kerület, Baross utca",2025-08-19,Téglalakás,Újszerű,Házközponti fűtés egyedi méréssel,2006,A,,,6,,,,,,,,
https://www.zenga.hu/ingatlan/elado-teglalakas-vac-ovaros/8643024?page=107&pos=3&cr=10,"Vác eladó téglalakás 3 szobás: 109,9 millió Ft",109.9,90.0,90 m²,3.0,"Vác, Óváros",2025-08-19,Téglalakás,Új építésű,Padlófűtés,,Nem adta meg a hirdető,,,2,20 m²,,,,,,,
https://www.zenga.hu/ingatlan/elado-teglalakas-budapest-xx-kerulet/8627128?page=107&pos=4&cr=10,"Budapest XX. kerület eladó téglalakás 1 szobás: 34,9 millió Ft",34.9,36.0,36 m²,1.0,Budapest XX. kerület,2025-08-19,Téglalakás,Felújított,Gáz (konvektor),1980,Nem adta meg a hirdető,,,,,,,,,,,
https://www.zenga.hu/ingatlan/elado-teglalakas-csorna/8302773?page=107&pos=5&cr=10,Csorna eladó téglalakás 1+1 fél szobás: 46 millió Ft,46.0,57.0,57 m²,1.0,Csorna,2025-08-19,Téglalakás,Új építésű,Hőszivattyú,2024,Nem adta meg a hirdető,,Van,2,,,,46 m²,,,,
https://www.zenga.hu/ingatlan/elado-teglalakas-budapest-v-kerulet-belvaros/8639411?page=107&pos=7&cr=10,Budapest V. kerület eladó téglalakás 3 szobás: 255 millió Ft,255.0,80.0,80 m²,3.0,"Budapest V. kerület, Belváros",2025-08-19,Téglalakás,Felújított,Házközponti,1879,Nem adta meg a hirdető,,,,,,,,,,,
https://www.zenga.hu/ingatlan/elado-teglalakas-budapest-viii-kerulet-orczynegyed/8654132?page=107&pos=8&cr=10,"Budapest VIII. kerület eladó téglalakás 2 szobás: 69,9 millió Ft",69.9,65.0,65 m²,2.0,"Budapest VIII. kerület, Orczynegyed, Dugonics",2025-08-19,Téglalakás,Jó állapotú,Gázkazán,,Nem adta meg a hirdető,,,3,,,,,,,,
https://www.zenga.hu/ingatlan/elado-teglalakas-gyor-szitasdomb/8657034?page=107&pos=10&cr=10,"Győr eladó téglalakás 3 szobás: 66,05 millió Ft",66.05,68.0,68 m²,3.0,"Győr, Szitásdomb",2025-08-19,Téglalakás,Új építésű,Hőszivattyú,2025,A+,,Nincs,3,6 m²,30 000 Ft/hó,,,,,,
https://www.zenga.hu/ingatlan/elado-teglalakas-budapest-xi-kerulet-szentimrevaros/8633876?page=107&pos=9&cr=10,Budapest XI. kerület eladó téglalakás 3 szobás: 100 millió Ft,100.0,78.0,78 m²,3.0,"Budapest XI. kerület, Szentimreváros",2025-08-19,Téglalakás,Átlagos,Távfűtés egyedi méréssel,1940,Nem adta meg a hirdető,,,,,,,,,,,
https://www.zenga.hu/ingatlan/elado-teglalakas-budapest-xi-kerulet-belbuda-xi-ker/8624449?page=107&pos=11&cr=10,Budapest XI. kerület eladó téglalakás 2 szobás: 119 millió Ft,119.0,73.0,73 m²,2.0,"Budapest XI. kerület, Belbuda XI. ker.",2025-08-19,Téglalakás,Felújított,Gázkazán,1909,Nem adta meg a hirdető,,,,,,,,,,,
https://www.zenga.hu/ingatlan/elado-teglalakas-budapest-vii-kerulet/8520815?page=107&pos=12&cr=10,"Budapest VII. kerület eladó téglalakás 3 szobás: 89,9 millió Ft",89.9,70.0,70 m²,3.0,Budapest VII. kerület,2025-08-19,Téglalakás,Jó állapotú,Gázkazán,1962,Nem adta meg a hirdető,,,,,,,,,,,
https://www.zenga.hu/ingatlan/elado-panellakas-dorog/8511632?page=107&pos=13&cr=10,"Dorog eladó panellakás 2 szobás: 29,5 millió Ft",29.5,51.0,51 m²,2.0,Dorog,2025-08-19,Panellakás,Átlagos,Kandalló,,Nem adta meg a hirdető,,,,,,,,,,,
https://www.zenga.hu/ingatlan/elado-teglalakas-budapest-vii-kerulet/8512795?page=107&pos=6&cr=10,"Budapest VII. kerület eladó téglalakás 3 szobás: 87,9 millió Ft",87.9,73.0,73 m²,3.0,Budapest VII. kerület,2025-08-19,Téglalakás,Jó állapotú,,,,,,,,,,,,,,
https://www.zenga.hu/ingatlan/elado-teglalakas-budapest-viii-kerulet-corvin-negyed/8641984?page=107&pos=14&cr=10,Budapest VIII. kerület eladó téglalakás 3 szobás: 97 millió Ft,97.0,85.0,85 m²,3.0,"Budapest VIII. kerület, Corvin negyed",2025-08-19,Téglalakás,Felújított,Gázkazán,1923,Nem adta meg a hirdető,,,,,,,,,,,
https://www.zenga.hu/ingatlan/elado-teglalakas-budapest-vi-kerulet/8561429?page=107&pos=15&cr=10,"Budapest VI. kerület eladó téglalakás 2 szobás: 62,9 millió Ft",62.9,37.0,37 m²,2.0,Budapest VI. kerület,2025-08-19,Téglalakás,Felújított,Elektromos,1879,Nem adta meg a hirdető,,,,,,,,,,,
https://www.zenga.hu/ingatlan/elado-teglalakas-budapest-vii-kerulet/8574738?page=107&pos=16&cr=10,Budapest VII. kerület eladó téglalakás 3 szobás: 112 millió Ft,112.0,59.0,59 m²,3.0,Budapest VII. kerület,2025-08-19,Téglalakás,Felújított,Házközponti,1938,Nem adta meg a hirdető,,,,,,,,,,,
https://www.zenga.hu/ingatlan/elado-teglalakas-budapest-xi-kerulet-kelenfold/8649293?page=107&pos=17&cr=10,"Budapest XI. kerület eladó téglalakás 4 szobás: 154,9 millió Ft",154.9,148.0,148 m²,4.0,"Budapest XI. kerület, Kelenföld",2025-08-19,Téglalakás,Jó állapotú,Gázkazán,1943,Nem adta meg a hirdető,,,,,,,,,,,
https://www.zenga.hu/ingatlan/elado-teglalakas-budapest-vi-kerulet/8606084?page=107&pos=18&cr=10,"Budapest VI. kerület eladó téglalakás 3 szobás: 99,9 millió Ft",99.9,78.0,78 m²,3.0,Budapest VI. kerület,2025-08-19,Téglalakás,Jó állapotú,Gázkazán,2006,Nem adta meg a hirdető,,,,,,,,,,,
https://www.zenga.hu/ingatlan/elado-teglalakas-tatabanya/8585966?page=107&pos=19&cr=10,"Tatabánya eladó téglalakás 1+2 fél szobás: 52,39 millió Ft",52.39,59.0,59 m²,1.0,Tatabánya,2025-08-19,Téglalakás,Új építésű,Házközponti fűtés egyedi méréssel,2025,Nem adta meg a hirdető,,,,,,,,,,,
https://www.zenga.hu/ingatlan/elado-teglalakas-dunaujvaros-technikum-varosresz/8265719?page=107&pos=20&cr=10,"Dunaújváros eladó téglalakás 2 szobás: 24,9 millió Ft",24.9,50.0,50 m²,2.0,"Dunaújváros, Technikum városrész",2025-08-19,Téglalakás,Átlagos,Távfűtés egyedi méréssel,1965,Nem adta meg a hirdető,,,4,,,,,,,,
https://www.zenga.hu/ingatlan/elado-teglalakas-batonyterenye-nagybatony/8653936?page=108&pos=18&cr=10,"Tatabánya eladó téglalakás 1+1 fél szobás: 38,07 millió Ft",38.07,43.0,43 m²,1.0,Tatabánya,2025-08-19,Téglalakás,Új építésű,Házközponti fűtés egyedi méréssel,2025,Nem adta meg a hirdető,,,,,,,,,,,
https://www.zenga.hu/ingatlan/elado-teglalakas-gyor-szitasdomb/8657076?page=108&pos=2&cr=10,,109.9,53.0,53 m²,3.0,Budapest XII. kerület,2025-08-19,Téglalakás,Felújított,Gázkazán,1920,GG (2016-2023-as besorolás),,,3,,,,,,,,
https://www.zenga.hu/ingatlan/elado-teglalakas-gyor-szitasdomb/8655632?page=108&pos=13&cr=10,"Győr eladó téglalakás 3 szobás: 64,2 millió Ft",64.2,62.0,62 m²,3.0,"Győr, Szitásdomb",2025-08-19,Téglalakás,Új építésű,Hőszivattyú,2025,A+,,Nincs,3,"13,9 m²",25 000 Ft/hó,,,,,,
https://www.zenga.hu/ingatlan/elado-egyeb-lakas-keszthely/8125242?page=108&pos=15&cr=10,"Keszthely eladó egyéb lakás 2+2 fél szobás: 36,9 millió Ft",36.9,63.0,63 m²,2.0,Keszthely,2025-08-19,Egyéb lakás,Átlagos,Gázkazán,1987,Nem adta meg a hirdető,,,2,,,,,,,,
https://www.zenga.hu/ingatlan/elado-teglalakas-gyor-szitasdomb/8655649?page=108&pos=16&cr=10,"Győr eladó téglalakás 2 szobás: 45,24 millió Ft",45.24,46.0,46 m²,2.0,"Győr, Szitásdomb",2025-08-19,Téglalakás,Új építésű,Hőszivattyú,2025,A+,,Nincs,3,"5,3 m²",20 000 Ft/hó,,,,,,
https://www.zenga.hu/ingatlan/elado-teglalakas-salgotarjan-vasarter/8636253?page=108&pos=17&cr=10,"Salgótarján eladó téglalakás 2 szobás: 19,99 millió Ft",19.99,51.0,51 m²,2.0,"Salgótarján, Vásártér, Játszó utca",2025-08-19,Téglalakás,Átlagos,Gázkazán,1960,C,,,5,,,,,,,,
https://www.zenga.hu/ingatlan/elado-teglalakas-gyor-szitasdomb/8655615?page=108&pos=12&cr=10,"Győr eladó téglalakás 2 szobás: 51,36 millió Ft",51.36,53.0,53 m²,2.0,"Győr, Szitásdomb",2025-08-19,Téglalakás,Új építésű,Hőszivattyú,2025,A+,,,3,,,,"5,7 m²",,,,
https://www.zenga.hu/ingatlan/elado-teglalakas-budapest-vii-kerulet/8636020?page=109&pos=5&cr=10,"Győr eladó téglalakás 2 szobás: 45,24 millió Ft",45.24,46.0,46 m²,2.0,"Győr, Szitásdomb",2025-08-19,,,,,,,,,,,,,,,,
https://www.zenga.hu/ingatlan/elado-teglalakas-gyor-szitasdomb/8657014?page=108&pos=10&cr=10,"Győr eladó téglalakás 3 szobás: 62,52 millió Ft",62.52,65.0,65 m²,3.0,"Győr, Szitásdomb",2025-08-19,Téglalakás,Új építésű,Hőszivattyú,,,,,3,,,,,,,,
https://www.zenga.hu/ingatlan/elado-panellakas-debrecen-burgundia/8528018?page=108&pos=20&cr=10,"Debrecen eladó panellakás 1+2 fél szobás: 67,9 millió Ft",67.9,68.0,68 m²,1.0,"Debrecen, Burgundia, Csapó",2025-08-19,Panellakás,Felújított,Távfűtés egyedi méréssel,,Nem adta meg a hirdető,,,10,3 m²,,,,,,,
https://www.zenga.hu/ingatlan/elado-panellakas-budapest-iv-kerulet-kaposztasmegyer/8616705?page=109&pos=2&cr=10,"Budapest IV. kerület eladó panellakás 3 szobás: 84,29 millió Ft",84.29,80.0,80 m²,3.0,"Budapest IV. kerület, Káposztásmegyer",2025-08-19,Panellakás,Átlagos,Távfűtés,1992,Nem adta meg a hirdető,,,,,,,,,,,
https://www.zenga.hu/ingatlan/elado-panellakas-debrecen-ujkert/8654317?page=109&pos=1&cr=10,Debrecen eladó panellakás 2 szobás: 60 millió Ft,60.0,53.0,53 m²,2.0,"Debrecen, Újkert",2025-08-19,Panellakás,Felújítandó,Távfűtés egyedi méréssel,1982,C,,,4,4 m²,,,,,,,
https://www.zenga.hu/ingatlan/elado-teglalakas-budapest-vii-kerulet-ligetvaros/8617961?page=109&pos=4&cr=10,"Budapest VII. kerület eladó téglalakás 3 szobás: 87,5 millió Ft",87.5,,,,,2025-08-19,,,,,,,,,,,,,,,,
https://www.zenga.hu/ingatlan/elado-teglalakas-gyor-gyarvaros/8654077?page=108&pos=19&cr=10,"Győr eladó téglalakás 2 szobás: 43,5 millió Ft",43.5,54.0,54 m²,2.0,"Győr, Gyárváros, nagys",2025-08-19,Téglalakás,,,,,,,,,,,,,,,
https://www.zenga.hu/ingatlan/elado-teglalakas-eger-felsovaros-eszaki-varosresz/8540867?page=109&pos=6&cr=10,"Eger eladó téglalakás 3 szobás: 44,9 millió Ft",44.9,77.0,77 m²,3.0,"Eger, Felsőváros (Északi városrész)",2025-08-19,Téglalakás,Újszerű,Gázkazán,2000,Nem adta meg a hirdető,,,5,3 m²,,,,,,,
https://www.zenga.hu/ingatlan/elado-teglalakas-veszprem/8553887?page=109&pos=9&cr=10,"Debrecen eladó panellakás 1+2 fél szobás: 67,9 millió Ft",67.9,68.0,68 m²,,Veszprém,2025-08-19,Téglalakás,Újszerű,Gáz (konvektor),1971,Nem adta meg a hirdető,,,,,,,,,,,
https://www.zenga.hu/ingatlan/elado-teglalakas-budapest-ii-kerulet/8377438?page=109&pos=8&cr=10,"Budapest II. kerület eladó téglalakás 6 szobás: 199,99 millió Ft",199.99,115.0,115 m²,6.0,Budapest II. kerület,2025-08-19,Téglalakás,Jó állapotú,Gázkazán,1920,Nem adta meg a hirdető,,,,,,,,,,,
https://www.zenga.hu/ingatlan/elado-panellakas-szekesfehervar-szedreskert-es-kornyeke/8652944?page=109&pos=10&cr=10,"Székesfehérvár eladó panellakás 1 szobás: 33,9 millió Ft",33.9,32.0,32 m²,1.0,"Székesfehérvár, Szedreskert",2025-08-19,Panellakás,Felújítandó,Távfűtés,,Nem adta meg a hirdető,,,9,,,,,,,,
https://www.zenga.hu/ingatlan/elado-panellakas-budapest-xxi-kerulet-csillagtelep/8654796?page=108&pos=14&cr=10,,147.0,81.0,,,,2025-08-19,,,,,,,,,,,,,,,,
https://www.zenga.hu/ingatlan/elado-teglalakas-budapest-viii-kerulet-corvin-negyed/8616695?page=109&pos=3&cr=10,Budapest VIII. kerület eladó téglalakás 4 szobás: 147 millió Ft,,,,,,2025-08-19,,,,,,,,,,,,,,,,
https://www.zenga.hu/ingatlan/elado-panellakas-szolnok/8397109?page=109&pos=11&cr=10,"Szolnok eladó panellakás 3 szobás: 34,99 millió Ft",34.99,,,,,2025-08-19,,,,,,,,,,,,,,,,
https://www.zenga.hu/ingatlan/elado-teglalakas-budapest-ix-kerulet/8575498?page=109&pos=15&cr=10,"Budapest IX. kerület eladó téglalakás 1 szobás: 59,9 millió Ft",59.9,34.0,34 m²,1.0,Budapest IX. kerület,2025-08-19,Téglalakás,Jó állapotú,Gáz (konvektor),1940,Nem adta meg a hirdető,,,1,,,,,,,,
https://www.zenga.hu/ingatlan/elado-teglalakas-salgotarjan/8500923?page=109&pos=12&cr=10,"Salgótarján eladó téglalakás 3 szobás: 16,2 millió Ft",16.2,60.0,60 m²,3.0,Salgótarján,2025-08-19,Téglalakás,Felújított,Gáz (konvektor),1970,Nem adta meg a hirdető,,,4,,,,,,,,
https://www.zenga.hu/ingatlan/elado-teglalakas-salgotarjan/8396103?page=109&pos=13&cr=10,"Salgótarján eladó téglalakás 2 szobás: 14,99 millió Ft",14.99,57.0,57 m²,2.0,Salgótarján,2025-08-19,Téglalakás,Felújított,Gáz (konvektor),1960,Nem adta meg a hirdető,,,3,,,,,,,,
https://www.zenga.hu/ingatlan/elado-teglalakas-budapest-ix-kerulet/8584416?page=109&pos=14&cr=10,"Budapest IX. kerület eladó téglalakás 3 szobás: 139,9 millió Ft",139.9,105.0,105 m²,3.0,Budapest IX. kerület,2025-08-19,Téglalakás,Újszerű,Gázkazán,1905,Nem adta meg a hirdető,,,1,,,,,,,,
https://www.zenga.hu/ingatlan/elado-teglalakas-kaposvar/7896097?page=109&pos=7&cr=10,Kaposvár eladó téglalakás 12+12 fél szobás: 199 millió Ft,199.0,675.0,675 m²,,"Budapest IX. kerület, Belső Ferencváros",2025-08-19,Téglalakás,Felújított,Gáz (konvektor),1911,Nem adta meg a hirdető,,,1,,,,,,,,
https://www.zenga.hu/ingatlan/elado-teglalakas-budapest-ix-kerulet-belso-ferencvaros/8621703?page=109&pos=16&cr=10,,120.0,93.0,93 m²,2.0,"Budapest IX. kerület, Belső Ferencváros",2025-08-19,Téglalakás,Felújított,Gáz (konvektor),1911,Nem adta meg a hirdető,,,1,,,,,,,,
https://www.zenga.hu/ingatlan/elado-teglalakas-salgotarjan-forgachtelep/8636254?page=109&pos=18&cr=10,"Salgótarján eladó téglalakás 1+1 fél szobás: 10,49 millió Ft",10.49,37.0,37 m²,1.0,"Salgótarján, Forgáchtelep, Forgách Antal út",2025-08-19,Téglalakás,Átlagos,Gáz (konvektor),1974,Nem adta meg a hirdető,,,3,,,,,,,,
https://www.zenga.hu/ingatlan/elado-teglalakas-salgotarjan-kemerovo-lakotelep/8583000?page=109&pos=19&cr=10,"Salgótarján eladó téglalakás 2 szobás: 17,9 millió Ft",17.9,52.0,52 m²,2.0,"Salgótarján, Kemerovó-lakótelep",2025-08-19,Téglalakás,Átlagos,Gáz (konvektor),1972,Nem adta meg a hirdető,,,4,,,,,,,,
https://www.zenga.hu/ingatlan/elado-teglalakas-eger-belvaros/8617494?page=110&pos=7&cr=10,"Salgótarján eladó téglalakás 1+1 fél szobás: 10,49 millió Ft",10.49,37.0,37 m²,1.0,"Salgótarján, Forgáchtelep, Forgách Antal út",2025-08-19,Téglalakás,,,,,,,,,,,,,,,
https://www.zenga.hu/ingatlan/elado-teglalakas-budapest-xiii-kerulet-angyalfold/8602193?page=110&pos=3&cr=10,Budapest XIII. kerület eladó téglalakás 3 szobás: 228 millió Ft,228.0,116.0,116 m²,3.0,"Budapest XIII. kerület, Angyalföld",2025-08-19,Téglalakás,Újszerű,Házközponti fűtés egyedi méréssel,2021,Nem adta meg a hirdető,,,6,,,,,,,,
https://www.zenga.hu/ingatlan/elado-panellakas-szekesfehervar-kofem-lakotelep/8651826?page=110&pos=1&cr=10,"Székesfehérvár eladó panellakás 2 szobás: 42,5 millió Ft",42.5,47.0,47 m²,2.0,"Székesfehérvár, Köfém lakótelep",2025-08-19,Panellakás,Átlagos,Távfűtés,,Nem adta meg a hirdető,,,4,,,,,,,,
https://www.zenga.hu/ingatlan/elado-teglalakas-salgotarjan-kemerovo-lakotelep/8521458?page=109&pos=20&cr=10,"Salgótarján eladó téglalakás 1 szobás: 12,5 millió Ft",12.5,27.0,27 m²,1.0,"Salgótarján, Kemerovó-lakótelep",2025-08-19,Téglalakás,Átlagos,Gáz (konvektor),1970,,,,5,,,,,,,,
https://www.zenga.hu/ingatlan/elado-teglalakas-nagykoros-taban/8554251?page=110&pos=2&cr=10,"Nagykőrös eladó téglalakás 3 szobás: 31,5 millió Ft",31.5,55.0,55 m²,3.0,"Nagykőrös, Tabán",2025-08-19,Téglalakás,Jó állapotú,Gázkazán,,Nem adta meg a hirdető,,,1,,,,,,,,
https://www.zenga.hu/ingatlan/elado-teglalakas-nyiregyhaza-belvaros/8557730?page=110&pos=10&cr=10,"Székesfehérvár eladó panellakás 2 szobás: 42,5 millió Ft",42.5,47.0,47 m²,2.0,"Székesfehérvár, Köfém lakótelep",2025-08-19,Panellakás,,,,,,,4,,,,,,,,
https://www.zenga.hu/ingatlan/elado-teglalakas-bazakerettye/8476259?page=110&pos=5&cr=10,"Bázakerettye eladó téglalakás 2 szobás: 14,5 millió Ft",14.5,48.0,48 m²,2.0,Bázakerettye,2025-08-19,Téglalakás,Felújítandó,Gáz (konvektor),1950,Nem adta meg a hirdető,,,3,,,,,,,,
https://www.zenga.hu/ingatlan/elado-teglalakas-nagykanizsa-belvaros/8259620?page=110&pos=4&cr=10,"Nagykanizsa eladó téglalakás 3 szobás: 56,9 millió Ft",56.9,92.0,92 m²,3.0,"Nagykanizsa, Belváros",2025-08-19,Téglalakás,Újszerű,Egyéb,2021,A++,,,2,,,,,,,,
https://www.zenga.hu/ingatlan/elado-teglalakas-galgamacsa/8497016?page=109&pos=17&cr=10,"Galgamácsa eladó téglalakás 2 szobás: 49,9 millió Ft",49.9,61.0,61 m²,2.0,Galgamácsa,2025-08-19,Téglalakás,,,,,,,,,,,,,,,
https://www.zenga.hu/ingatlan/elado-panellakas-dunaujvaros-belvaros/8537306?page=110&pos=6&cr=10,"Dunaújváros eladó panellakás 3 szobás: 39,5 millió Ft",39.5,72.0,72 m²,3.0,"Dunaújváros, Belváros",2025-08-19,Panellakás,,,,,,,,,,,,,,,
https://www.zenga.hu/ingatlan/elado-teglalakas-pecs-mecsekoldal-makar/8601960?page=110&pos=8&cr=10,"Salgótarján eladó téglalakás 2 szobás: 17,9 millió Ft",17.9,52.0,52 m²,2.0,"Pécs, Mecsekoldal",2025-08-19,Téglalakás,Új építésű,Gázkazán,2024,Nem adta meg a hirdető,,,,,,,,,,,
https://www.zenga.hu/ingatlan/elado-teglalakas-zalaegerszeg-belvaros/8259614?page=110&pos=9&cr=10,"Zalaegerszeg eladó téglalakás 1 szobás: 46,9 millió Ft",46.9,53.0,53 m²,1.0,"Zalaegerszeg, Belváros",2025-08-19,Téglalakás,Felújított,Gáz (konvektor),1986,Nem adta meg a hirdető,,,10,,,,,,,,
https://www.zenga.hu/ingatlan/elado-teglalakas-szigetszentmiklos/8627767?page=111&pos=8&cr=10,Szigetszentmiklós eladó téglalakás 4 szobás: 147 millió Ft,147.0,160.0,160 m²,4.0,Szigetszentmiklós,2025-08-19,Téglalakás,Újszerű,Házközponti,2024,B,,,,,,,,,,,
https://www.zenga.hu/ingatlan/elado-panellakas-sirok/8300868?page=111&pos=11&cr=10,"Sirok eladó panellakás 2 szobás: 26,9 millió Ft",26.9,56.0,56 m²,2.0,Sirok,2025-08-19,Panellakás,Jó állapotú,Gázkazán,1982,Nem adta meg a hirdető,,,,,,,,,,,
https://www.zenga.hu/ingatlan/elado-teglalakas-budapest-ii-kerulet-vizivaros-ii-ker/8648801?page=110&pos=20&cr=10,,29.5,53.0,53 m²,3.0,Nyergesújfalu,2025-08-19,Panellakás,Felújítandó,Távfűtés,1985,G,,Nincs,10,,30 000 Ft/hó,,,,,,
https://www.zenga.hu/ingatlan/elado-panellakas-nyergesujfalu/8647247?page=111&pos=9&cr=10,"Nyergesújfalu eladó panellakás 3 szobás: 29,5 millió Ft",29.5,53.0,53 m²,3.0,Nyergesújfalu,2025-08-19,Panellakás,Felújítandó,Távfűtés,1985,G,,Nincs,10,,30 000 Ft/hó,,,,,,
https://www.zenga.hu/ingatlan/elado-teglalakas-debrecen-homokkert/8475332?page=111&pos=10&cr=10,"Debrecen eladó téglalakás 4 szobás: 94,03 millió Ft",94.03,85.0,85 m²,4.0,"Debrecen, Homokkert",2025-08-19,Téglalakás,,,,,,,,,,,,,,,
https://www.zenga.hu/ingatlan/elado-teglalakas-bekescsaba-belvaros/8521858?page=111&pos=12&cr=10,"Békéscsaba eladó téglalakás 2 szobás: 36,8 millió Ft",36.8,68.0,68 m²,2.0,"Békéscsaba, Belváros",2025-08-19,,,,,,,,,,,,,,,,
https://www.zenga.hu/ingatlan/elado-teglalakas-debrecen-belvaros/8465204?page=111&pos=18&cr=10,"Nyergesújfalu eladó panellakás 3 szobás: 29,5 millió Ft",29.5,53.0,53 m²,3.0,Nyergesújfalu,2025-08-19,Panellakás,,,,,,,,,,,,,,,
https://www.zenga.hu/ingatlan/elado-teglalakas-halasztelek/8540444?page=111&pos=13&cr=10,"Halásztelek eladó téglalakás 3 szobás: 72,8 millió Ft",72.8,76.0,76 m²,3.0,Halásztelek,2025-08-19,Téglalakás,Felújított,Gázkazán,2004,Nem adta meg a hirdető,,,,,,,,,,,
https://www.zenga.hu/ingatlan/elado-teglalakas-budapest-vii-kerulet/8423972?page=111&pos=5&cr=10,"Budapest II. kerület eladó téglalakás 2+1 fél szobás: 179,9 millió Ft",179.9,81.0,81 m²,2.0,"Budapest II. kerület, Szépjuhászné, Budakeszi út",2025-08-19,Téglalakás,Felújított,Gázkazán,2005,Nem adta meg a hirdető,,,7,6 m²,,,,,,,
https://www.zenga.hu/ingatlan/elado-teglalakas-budapest-ii-kerulet-szepjuhaszne/8644164?page=111&pos=14&cr=10,"Budapest II. kerület eladó téglalakás 2+1 fél szobás: 179,9 millió Ft",179.9,81.0,81 m²,2.0,"Budapest II. kerület, Szépjuhászné, Budakeszi út",2025-08-19,Téglalakás,Felújított,Gázkazán,2005,Nem adta meg a hirdető,,,7,6 m²,,,,,,,
https://www.zenga.hu/ingatlan/elado-teglalakas-tatabanya/8641373?page=111&pos=16&cr=10,"Tatabánya eladó téglalakás 2+1 fél szobás: 46,5 millió Ft",46.5,57.0,57 m²,2.0,Tatabánya,2025-08-19,Téglalakás,,Távfűtés,1970,Nem adta meg a hirdető,,,,,,,,,,,
https://www.zenga.hu/ingatlan/elado-teglalakas-pecs-belvaros/8581754?page=111&pos=19&cr=10,"Pécs eladó téglalakás 3+2 fél szobás: 84,9 millió Ft",84.9,116.0,116 m²,3.0,"Pécs, Belváros",2025-08-19,Téglalakás,Felújított,Gázkazán,1967,C,,,1,,,,,,,,
https://www.zenga.hu/ingatlan/elado-teglalakas-budapest-v-kerulet-belvaros/8550928?page=111&pos=17&cr=10,Budapest V. kerület eladó téglalakás 2 szobás: 160 millió Ft,160.0,72.0,72 m²,2.0,"Budapest V. kerület, Belváros, Aulich",2025-08-19,Téglalakás,Felújított,Egyéb,1930,,,,4,,,,,,,,
https://www.zenga.hu/ingatlan/elado-teglalakas-debrecen/8568292?page=111&pos=20&cr=10,"Debrecen eladó téglalakás 1 szobás: 35,75 millió Ft",35.75,20.0,20 m²,1.0,Debrecen,2025-08-19,Téglalakás,Újszerű,Távfűtés egyedi méréssel,1900,Nem adta meg a hirdető,,,2,,,,,,,,
https://www.zenga.hu/ingatlan/elado-teglalakas-miskolc-ujdiosgyor/8392338?page=112&pos=1&cr=10,"Miskolc eladó téglalakás 2 szobás: 21,9 millió Ft",21.9,59.0,59 m²,2.0,"Miskolc, Újdiósgyőr",2025-08-19,Téglalakás,Átlagos,Gáz (konvektor),,Nem adta meg a hirdető,,,4,,,,,,,,
https://www.zenga.hu/ingatlan/elado-teglalakas-vecses/8546284?page=112&pos=2&cr=10,Vecsés eladó téglalakás 3+1 fél szobás: 73 millió Ft,73.0,62.0,62 m²,3.0,Vecsés,2025-08-19,Téglalakás,Felújított,Gázkazán,2006,F,,,,,,,,,,,
https://www.zenga.hu/ingatlan/elado-teglalakas-veszprem/8537463?page=112&pos=3&cr=10,"Veszprém eladó téglalakás 3 szobás: 64,9 millió Ft",64.9,79.0,79 m²,3.0,Veszprém,2025-08-19,Téglalakás,Felújított,Gázkazán,1970,Nem adta meg a hirdető,,,1,,,,,,,,
https://www.zenga.hu/ingatlan/elado-teglalakas-tatabanya-dozsakert/8546808?page=112&pos=5&cr=10,"Tatabánya eladó téglalakás 2 szobás: 33,99 millió Ft",33.99,56.0,56 m²,2.0,"Tatabánya, Dózsakert",2025-08-19,Téglalakás,Átlagos,Központi fűtés,1980,Nem adta meg a hirdető,,,4,,,,,,,,
https://www.zenga.hu/ingatlan/elado-teglalakas-budapest-viii-kerulet/8149312?page=112&pos=6&cr=10,"Budapest VIII. kerület eladó téglalakás 2 szobás: 21,3 millió Ft",21.3,32.0,32 m²,2.0,Budapest VIII. kerület,2025-08-19,Téglalakás,Felújított,Elektromos,1930,Nem adta meg a hirdető,,,,,,,,,,,
https://www.zenga.hu/ingatlan/elado-panellakas-budapest-xix-kerulet/8512849?page=112&pos=7&cr=10,"Budapest XIX. kerület eladó panellakás 1+2 fél szobás: 62,9 millió Ft",62.9,59.0,59 m²,1.0,Budapest XIX. kerület,2025-08-19,Panellakás,Jó állapotú,Távfűtés,1960,Nem adta meg a hirdető,,,,,,,,,,,
https://www.zenga.hu/ingatlan/elado-teglalakas-vamosszabadi/8564934?page=112&pos=8&cr=10,"Vámosszabadi eladó téglalakás 2 szobás: 54,57 millió Ft",54.57,54.0,54 m²,2.0,Vámosszabadi,2025-08-19,Téglalakás,Újszerű,Hőszivattyú,2025,Nem adta meg a hirdető,,,2,,,,,,,,
https://www.zenga.hu/ingatlan/elado-panellakas-szeged-rokus/7446845?page=112&pos=9&cr=10,"Szeged eladó panellakás 3 szobás: 52,9 millió Ft",52.9,53.0,53 m²,3.0,"Szeged, Rókus",2025-08-19,Panellakás,Felújított,,,Nem adta meg a hirdető,,,,,,,,,,,
https://www.zenga.hu/ingatlan/elado-teglalakas-budapest-xx-kerulet/8612150?page=112&pos=10&cr=10,"Budapest XX. kerület eladó téglalakás 2+1 fél szobás: 54,9 millió Ft",54.9,70.0,70 m²,2.0,Budapest XX. kerület,2025-08-19,Téglalakás,Felújított,Elektromos,1958,,,,,,,,,,,,
https://www.zenga.hu/ingatlan/elado-teglalakas-eger-lajosvaros/8485974?page=112&pos=15&cr=10,"Eger eladó téglalakás 1 szobás: 32,9 millió Ft",32.9,33.0,33 m²,1.0,"Eger, Lajosváros",2025-08-19,Téglalakás,Új építésű,,,Nem adta meg a hirdető,,,,,,,,,,,
https://www.zenga.hu/ingatlan/elado-panellakas-budapest-xxi-kerulet/8461166?page=112&pos=14&cr=10,Budapest XXI. kerület eladó panellakás 1+2 fél szobás: 60 millió Ft,60.0,58.0,58 m²,1.0,Budapest XXI. kerület,2025-08-19,Panellakás,Jó állapotú,Távfűtés egyedi méréssel,1981,Nem adta meg a hirdető,,,,,,,,,,,
https://www.zenga.hu/ingatlan/elado-teglalakas-tatabanya/8557167?page=112&pos=4&cr=10,,108.0,84.0,84 m²,4.0,"Budapest XV. kerület, Rákospalota",2025-08-19,Téglalakás,Újszerű,Gáz (konvektor),2002,Nem adta meg a hirdető,,,,,,,,,,,
https://www.zenga.hu/ingatlan/elado-teglalakas-budapest-xv-kerulet-rakospalota/8565562?page=112&pos=13&cr=10,Budapest XV. kerület eladó téglalakás 4 szobás: 108 millió Ft,108.0,84.0,84 m²,4.0,"Budapest XV. kerület, Rákospalota",2025-08-19,Téglalakás,Újszerű,Gáz (konvektor),2002,Nem adta meg a hirdető,,,,,,,,,,,
https://www.zenga.hu/ingatlan/elado-teglalakas-budapest-xi-kerulet/8513125?page=112&pos=16&cr=10,Budapest XI. kerület eladó téglalakás 4 szobás: 229 millió Ft,229.0,99.0,99 m²,4.0,Budapest XI. kerület,2025-08-19,Téglalakás,Új építésű,Hőszivattyú,2024,A+,,,13,23 m²,,,,,,,
https://www.zenga.hu/ingatlan/elado-teglalakas-hatvan/8520893?page=112&pos=17&cr=10,"Hatvan eladó téglalakás 3 szobás: 71,9 millió Ft",71.9,80.0,80 m²,3.0,Hatvan,2025-08-19,Téglalakás,Új építésű,Hőszivattyú,2025,Nem adta meg a hirdető,,,,,,,,,,,
https://www.zenga.hu/ingatlan/elado-teglalakas-csorna/8577436?page=112&pos=18&cr=10,Csorna eladó téglalakás 1 szobás: 23 millió Ft,23.0,36.0,36 m²,1.0,Csorna,2025-08-19,Téglalakás,Átlagos,Kandalló,,Nem adta meg a hirdető,,,4,,,,,,,,
https://www.zenga.hu/ingatlan/elado-teglalakas-balatonudvari/8603903?page=112&pos=20&cr=10,"Balatonudvari eladó téglalakás 3 szobás: 74,9 millió Ft",74.9,53.0,53 m²,3.0,Balatonudvari,2025-08-19,Téglalakás,Újszerű,Hőszivattyú,2025,A++,,Nincs,2,"5,2 m²",,,,,,,
https://www.zenga.hu/ingatlan/elado-teglalakas-budapest-vii-kerulet-nagykoruton-kivuli-terulet/8633162?page=112&pos=19&cr=10,Budapest VII. kerület eladó téglalakás 2 szobás: 51 millió Ft,51.0,40.0,40 m²,2.0,"Budapest VII. kerület, Külső-Erzsébetváros, Peterdy",2025-08-19,Téglalakás,Felújítandó,Gáz (konvektor),,Nem adta meg a hirdető,,,3,,,,,,,,
https://www.zenga.hu/ingatlan/elado-teglalakas-nyiregyhaza-erkert/8590455?page=113&pos=13&cr=10,"Nyíregyháza eladó téglalakás 2 szobás: 29,9 millió Ft",29.9,48.0,48 m²,2.0,"Nyíregyháza, Érkert",2025-08-19,Téglalakás,Átlagos,Gáz (konvektor),,Nem adta meg a hirdető,,,4,,,,,,,,
https://www.zenga.hu/ingatlan/elado-teglalakas-budapest-vii-kerulet-nagykoruton-beluli-terulet/8587538?page=113&pos=14&cr=10,"Budapest VII. kerület eladó téglalakás 1+1 fél szobás: 94,9 millió Ft",94.9,,,,,2025-08-19,,,,,,,,,,,,,,,,
https://www.zenga.hu/ingatlan/elado-teglalakas-budapest-vii-kerulet-ligetvaros/8432772?page=113&pos=18&cr=10,"Budapest VII. kerület eladó téglalakás 3+1 fél szobás: 87,5 millió Ft",87.5,104.0,104 m²,,,2025-08-19,,,,,,,,,,,,,,,,
https://www.zenga.hu/ingatlan/elado-tarsashazi-lakas-dunaujvaros/8571460?page=113&pos=19&cr=10,"Dunaújváros eladó társasházi lakás 1+3 fél szobás: 83,9 millió Ft",83.9,116.0,116 m²,1.0,Dunaújváros,2025-08-19,Társasházi lakás,Jó állapotú,Gázkazán,1989,Nem adta meg a hirdető,,,5,,,,70 m²,,,,
https://www.zenga.hu/ingatlan/elado-teglalakas-heviz/8590751?page=113&pos=12&cr=10,"Hévíz eladó téglalakás 2 szobás: 59,9 millió Ft",59.9,94.0,94 m²,4.0,Csorna,2025-08-19,Téglalakás,Jó állapotú,Gázkazán,,Nem adta meg a hirdető,,,2,,,,,,,,
https://www.zenga.hu/ingatlan/elado-teglalakas-csorna/8572928?page=114&pos=1&cr=10,Csorna eladó téglalakás 4 szobás: 69 millió Ft,69.0,94.0,94 m²,4.0,Csorna,2025-08-19,Téglalakás,Jó állapotú,Gázkazán,,Nem adta meg a hirdető,,,2,,,,,,,,
https://www.zenga.hu/ingatlan/elado-teglalakas-szolnok-belvaros/8568435?page=114&pos=2&cr=10,"Szolnok eladó téglalakás 2 szobás: 32,5 millió Ft",32.5,58.0,58 m²,2.0,"Szolnok, Belváros",2025-08-19,Téglalakás,Felújított,Gáz (konvektor),1970,Nem adta meg a hirdető,,Nincs,1,,,,,,,,
https://www.zenga.hu/ingatlan/elado-teglalakas-sopron/8559220?page=114&pos=3&cr=10,"Sopron eladó téglalakás 3 szobás: 61,9 millió Ft",61.9,78.0,78 m²,3.0,Sopron,2025-08-19,Téglalakás,Újszerű,Gázkazán,2007,Nem adta meg a hirdető,,,4,,,,5 m²,,,,
https://www.zenga.hu/ingatlan/elado-teglalakas-budapest-xiv-kerulet/8533463?page=114&pos=5&cr=10,Szántód eladó téglalakás 3 szobás: 600 millió Ft,,49.0,49 m²,2.0,"Budapest XIV. kerület, Jávor utca",2025-08-19,Téglalakás,Jó állapotú,Gázkazán,,E,,,5,,20 000 Ft/hó,,,,,,
https://www.zenga.hu/ingatlan/elado-tarsashazi-lakas-budapest-ii-kerulet-pasaret/7642643?page=114&pos=4&cr=10,,,,,,,2025-08-19,,,,,,,,,,,,,,,,
https://www.zenga.hu/ingatlan/elado-teglalakas-szazhalombatta/8543695?page=114&pos=7&cr=10,Százhalombatta eladó téglalakás 2+2 fél szobás: 82 millió Ft,82.0,81.0,81 m²,2.0,Százhalombatta,2025-08-19,Téglalakás,Felújított,Gázkazán,2006,Nem adta meg a hirdető,,Nincs,2,,30 000 Ft/hó,,"6,5 m²",,,,
https://www.zenga.hu/ingatlan/elado-teglalakas-budapest-viii-kerulet-tisztviselotelep/8547154?page=114&pos=6&cr=10,,,,,,,2025-08-19,,,,,,,,,,,,,,,,
https://www.zenga.hu/ingatlan/elado-teglalakas-kapuvar/8482328?page=114&pos=8&cr=10,"Kapuvár eladó téglalakás 2 szobás: 52,5 millió Ft",52.5,57.0,57 m²,2.0,Kapuvár,2025-08-19,Téglalakás,Újszerű,Gázkazán,2004,Nem adta meg a hirdető,,,3,,,,,,,,
https://www.zenga.hu/ingatlan/elado-teglalakas-budapest-vii-kerulet-nagykoruton-beluli-terulet/8617770?page=113&pos=2&cr=10,,,61.0,61 m²,2.0,"Eger, Belváros",2025-08-19,Társasházi lakás,Újszerű,,,,,,2,,,,,,,,
https://www.zenga.hu/ingatlan/elado-apartman-garzon-siofok-aranypart/8595757?page=113&pos=11&cr=10,"Eger eladó társasházi lakás 2 szobás: 59,9 millió Ft",59.9,61.0,61 m²,2.0,"Eger, Belváros",2025-08-19,Társasházi lakás,,,,,,,2,,,,,,,,
https://www.zenga.hu/ingatlan/elado-tarsashazi-lakas-eger-belvaros/8579114?page=113&pos=20&cr=10,"Eger eladó társasházi lakás 2 szobás: 59,9 millió Ft",59.9,61.0,61 m²,2.0,"Eger, Belváros",2025-08-19,Társasházi lakás,,,,,,,2,,,,,,,,
https://www.zenga.hu/ingatlan/elado-tarsashazi-lakas-erd/8523247?page=114&pos=9&cr=10,,115.06,93.0,93 m²,3.0,Érd,2025-08-19,Társasházi lakás,Új építésű,Hőszivattyú,2025,A+,,,3,,,,10 m²,,,,
https://www.zenga.hu/ingatlan/elado-teglalakas-balatonfoldvar/8512428?page=114&pos=11&cr=10,"Balatonföldvár eladó téglalakás 3 szobás: 90,89 millió Ft",90.89,91.0,91 m²,3.0,"Balatonföldvár, Kőröshegyi út 122 - új parcellázás",2025-08-19,Téglalakás,Új építésű,Hőszivattyú,2024,A+,,,2,,25 000 Ft/hó,,"14,4 m²",,,,
https://www.zenga.hu/ingatlan/elado-teglalakas-pecs-havihegy/8457510?page=114&pos=18&cr=10,"Érd eladó társasházi lakás 3 szobás: 115,06 millió Ft",115.06,93.0,93 m²,3.0,Érd,2025-08-19,Társasházi lakás,Új építésű,Hőszivattyú,2025,A+,,,3,,,,10 m²,,,,
https://www.zenga.hu/ingatlan/elado-teglalakas-balatonfoldvar/8512445?page=114&pos=14&cr=10,"Balatonföldvár eladó téglalakás 3 szobás: 66,26 millió Ft",66.26,66.0,66 m²,3.0,"Balatonföldvár, Kőröshegyi út 122 - új parcellázás",2025-08-19,Téglalakás,Új építésű,Hőszivattyú,,,,,2,,,,,,,,
https://www.zenga.hu/ingatlan/elado-teglalakas-balatonfoldvar/8512435?page=114&pos=10&cr=10,"Balatonföldvár eladó téglalakás 4 szobás: 89,9 millió Ft",89.9,90.0,90 m²,4.0,"Balatonföldvár, Köröshegyi út 122- új parcellázás",2025-08-19,Téglalakás,,,,,,,,,,,,,,,
https://www.zenga.hu/ingatlan/elado-teglalakas-balatonfoldvar/8512430?page=114&pos=15&cr=10,"Balatonföldvár eladó téglalakás 5 szobás: 115,09 millió Ft",115.09,116.0,116 m²,5.0,"Balatonföldvár, Kőröshegyi út 122 - új parcellázás",2025-08-19,Téglalakás,Új építésű,Hőszivattyú,2024,A+,,,2,,30 000 Ft/hó,,15 m²,,,,
https://www.zenga.hu/ingatlan/elado-teglalakas-budapest-vi-kerulet/8504713?page=114&pos=16&cr=10,Budapest VI. kerület eladó téglalakás 3 szobás: 134 millió Ft,134.0,83.0,83 m²,3.0,Budapest VI. kerület,2025-08-19,Téglalakás,Jó állapotú,Gázkazán,,Nem adta meg a hirdető,,,5,,,,,,,,
https://www.zenga.hu/ingatlan/elado-teglalakas-budapest-ix-kerulet-belso-ferencvaros/8492659?page=114&pos=17&cr=10,"Kapuvár eladó téglalakás 2 szobás: 52,5 millió Ft",,,76 m²,2.0,"Budapest IX. kerület, Belső Ferencváros, Közraktár",2025-08-19,Téglalakás,Felújított,Gázkazán,1910,Nem adta meg a hirdető,,,7,,74 000 Ft/hó,,,,,,
https://www.zenga.hu/ingatlan/elado-teglalakas-balatonfoldvar/8512440?page=114&pos=13&cr=10,"Balatonföldvár eladó téglalakás 3 szobás: 65,17 millió Ft",65.17,65.0,65 m²,3.0,"Balatonföldvár, Kőröshegyi út 122 - új parcellázás",2025-08-19,Téglalakás,Új építésű,Hőszivattyú,2024,,,,2,,,,11 m²,,,,
https://www.zenga.hu/ingatlan/elado-teglalakas-pecs-havihegy/8457507?page=114&pos=19&cr=10,Pécs eladó téglalakás 4 szobás: 98 millió Ft,98.0,100.0,100 m²,4.0,"Pécs, Havihegy",2025-08-19,Téglalakás,Új építésű,Fan coil,2025,Nem adta meg a hirdető,,,3,5 m²,,,,,,,
https://www.zenga.hu/ingatlan/elado-teglalakas-pecs-mecsekoldal-makar/8179213?page=114&pos=20&cr=10,"Pécs eladó téglalakás 2 szobás: 69,9 millió Ft",69.9,63.0,63 m²,2.0,"Pécs, Mecsekoldal",2025-08-19,Téglalakás,,,,,,,,,,,,,,,
https://www.zenga.hu/ingatlan/elado-tarsashazi-lakas-gyula/8125759?page=115&pos=9&cr=10,"Pécs eladó téglalakás 2 szobás: 69,9 millió Ft",69.9,63.0,63 m²,2.0,"Pécs, Mecsekoldal",2025-08-19,,,,,,,,,,,,,,,,
https://www.zenga.hu/ingatlan/elado-teglalakas-komarom-szony/7990277?page=115&pos=2&cr=10,"Komárom eladó téglalakás 1+1 fél szobás: 22,4 millió Ft",22.4,32.0,32 m²,1.0,"Komárom, Szőny",2025-08-19,Téglalakás,Új építésű,Elektromos,2025,A,,,1,,,,,,,,
https://www.zenga.hu/ingatlan/elado-tarsashazi-lakas-eger-karolyvaros/8404762?page=115&pos=5&cr=10,Eger eladó társasházi lakás 5 szobás: 93 millió Ft,93.0,134.0,134 m²,5.0,"Eger, Károlyváros",2025-08-19,Társasházi lakás,Jó állapotú,Gázkazán,,Nem adta meg a hirdető,,,3,3 m²,,,,,,,
https://www.zenga.hu/ingatlan/elado-apartman-garzon-gyula/8394375?page=115&pos=6&cr=10,Gyula eladó apartman és garzon 10 szobás: 198 millió Ft,,,,,,2025-08-19,,,,,,,,,,,,,,,,
https://www.zenga.hu/ingatlan/elado-teglalakas-oroshaza/8429709?page=115&pos=3&cr=10,Orosháza eladó téglalakás 3 szobás: 31 millió Ft,31.0,81.0,81 m²,3.0,Orosháza,2025-08-19,Téglalakás,Jó állapotú,Gáz (konvektor),1980,A+,,Nincs,5,5 m²,25 000 Ft/hó,,,,,,
https://www.zenga.hu/ingatlan/elado-teglalakas-kormend/8351315?page=115&pos=7&cr=10,"Körmend eladó téglalakás 2 szobás: 28,6 millió Ft",28.6,53.0,53 m²,2.0,Körmend,2025-08-19,Téglalakás,Jó állapotú,Gáz (konvektor),1960,Nem adta meg a hirdető,,Nincs,4,4 m²,,,,,,,
https://www.zenga.hu/ingatlan/elado-tarsashazi-lakas-kapuvar-hazhely/8304066?page=115&pos=8&cr=10,,,48.0,48 m²,1.0,"Kapuvár, Házhely",2025-08-19,Társasházi lakás,Felújított,Központi fűtés,,GG (2016-2023-as besorolás),,Nincs,2,,,,"5,8 m²",,,,
https://www.zenga.hu/ingatlan/elado-teglalakas-sarvar/8426849?page=115&pos=4&cr=10,"Balatonföldvár eladó téglalakás 5 szobás: 115,09 millió Ft",115.09,,,2.0,Sárvár,2025-08-19,Téglalakás,Átlagos,Gázkazán,1985,Nem adta meg a hirdető,,,1,,,,,,,,
https://www.zenga.hu/ingatlan/elado-panellakas-pecs-kertvaros/8592800?page=115&pos=10&cr=9,,39.9,54.0,54 m²,2.0,"Pécs, Kertváros",2025-08-19,Panellakás,Átlagos,Távfűtés egyedi méréssel,1986,Nem adta meg a hirdető,,,,,,,,,,,
https://www.zenga.hu/ingatlan/elado-teglalakas-teskand/8561303?page=115&pos=19&cr=9,"Teskánd eladó téglalakás 3 szobás: 48,4 millió Ft",48.4,80.0,80 m²,3.0,Teskánd,2025-08-19,Téglalakás,Felújított,Gázkazán,2004,Nem adta meg a hirdető,,,,,,,,,,,
https://www.zenga.hu/ingatlan/elado-teglalakas-balatonfuzfo-fuzfogyartelep/8543700?page=116&pos=2&cr=9,"Balatonfűzfő eladó téglalakás 2+1 fél szobás: 69,9 millió Ft",69.9,69.0,69 m²,2.0,"Balatonfűzfő, Fűzfőgyártelep",2025-08-19,Téglalakás,Új építésű,Elektromos,2024,Nem adta meg a hirdető,,,2,8 m²,,,13 m²,,,,
https://www.zenga.hu/ingatlan/elado-teglalakas-debrecen-nagyerdopark/8562933?page=115&pos=12&cr=9,"Dunaújváros eladó téglalakás 2+1 fél szobás: 39,5 millió Ft",39.5,56.0,56 m²,2.0,"Dunaújváros, Belváros",2025-08-19,Téglalakás,Felújított,Távfűtés,,B,,,4,,,,,,,,
https://www.zenga.hu/ingatlan/elado-teglalakas-dunaujvaros-belvaros/8563845?page=116&pos=1&cr=9,"Dunaújváros eladó téglalakás 2+1 fél szobás: 39,5 millió Ft",39.5,56.0,56 m²,2.0,"Dunaújváros, Belváros",2025-08-19,Téglalakás,Felújított,Távfűtés,,B,,,4,,,,,,,,
https://www.zenga.hu/ingatlan/elado-teglalakas-budapest-ii-kerulet/8433648?page=115&pos=20&cr=9,Budapest II. kerület eladó téglalakás 5 szobás: 542 millió Ft,542.0,155.0,155 m²,5.0,Budapest II. kerület,2025-08-19,Téglalakás,Újszerű,Hőszivattyú,2020,A++,,,,,,,,,,,
https://www.zenga.hu/ingatlan/elado-teglalakas-fonyod-fonyodliget/8598653?page=116&pos=5&cr=8,"Fonyód eladó téglalakás 1 szobás: 47,99 millió Ft",47.99,27.0,27 m²,1.0,"Fonyód, Fonyódliget",2025-08-19,Téglalakás,Új építésű,Hőszivattyú,2025,B,,,1,7 m²,,,,,,,
https://www.zenga.hu/ingatlan/elado-teglalakas-balatonbereny/8570783?page=115&pos=15&cr=9,,86.9,90.0,90 m²,2.0,"Pécs, Belváros",2025-08-19,Téglalakás,Újszerű,Gázkazán,2024,Nem adta meg a hirdető,,,,,,,,,,,
https://www.zenga.hu/ingatlan/elado-teglalakas-pecs-belvaros/8608451?page=116&pos=4&cr=8,"Pécs eladó téglalakás 2 szobás: 86,9 millió Ft",86.9,90.0,90 m²,2.0,"Pécs, Belváros",2025-08-19,Téglalakás,Újszerű,Gázkazán,2024,Nem adta meg a hirdető,,,,,,,,,,,
https://www.zenga.hu/ingatlan/elado-teglalakas-fonyod-fonyodliget/8598609?page=116&pos=9&cr=8,Fonyód eladó téglalakás 1 szobás: 50 millió Ft,50.0,32.0,32 m²,1.0,"Fonyód, Fonyódliget",2025-08-19,Téglalakás,Új építésű,Hőszivattyú,2025,B,,,1,,,,,,,,
https://www.zenga.hu/ingatlan/elado-teglalakas-pecs-egyetemvaros/8418583?page=116&pos=6&cr=8,,51.35,34.0,34 m²,2.0,"Pécs, Egyetemváros",2025-08-19,Téglalakás,Új építésű,Hőszivattyú,2024,A++,,,,,,,,,,,
https://www.zenga.hu/ingatlan/elado-panellakas-budapest-xiii-kerulet/8654778?page=116&pos=7&cr=8,Budapest XIII. kerület eladó panellakás 1+2 fél szobás: 75 millió Ft,75.0,57.0,57 m²,1.0,Budapest XIII. kerület,2025-08-19,Panellakás,Jó állapotú,Távfűtés,1980,,,,,,,,,,,,
https://www.zenga.hu/ingatlan/elado-teglalakas-szolnok/8190555?page=116&pos=13&cr=8,"Pécs eladó téglalakás 2 szobás: 86,9 millió Ft",86.9,90.0,90 m²,2.0,"Pécs, Belváros",2025-08-19,Téglalakás,,,,,,,,,,,,,,,
https://www.zenga.hu/ingatlan/elado-teglalakas-szolnok/8590295?page=116&pos=12&cr=8,"Szolnok eladó téglalakás 2 szobás: 34,9 millió Ft",34.9,51.0,51 m²,2.0,Szolnok,2025-08-19,Téglalakás,Felújított,,1970,Nem adta meg a hirdető,,,3,,,,,,,,
https://www.zenga.hu/ingatlan/elado-teglalakas-dombovar/8600055?page=116&pos=10&cr=8,"Dombóvár eladó téglalakás 1 szobás: 26,3 millió Ft",26.3,32.0,32 m²,1.0,Dombóvár,2025-08-19,Téglalakás,,,,,,,2,,,,,,,,
https://www.zenga.hu/ingatlan/elado-teglalakas-budapest-i-kerulet-krisztinavaros-i-ker/8610531?page=117&pos=1&cr=8,"Szolnok eladó téglalakás 2 szobás: 34,9 millió Ft",34.9,51.0,51 m²,2.0,Szolnok,2025-08-19,Téglalakás,,,,,,,3,,,,,,,,
https://www.zenga.hu/ingatlan/elado-teglalakas-zalaszentgrot/8379994?page=116&pos=18&cr=8,"Zalaszentgrót eladó téglalakás 2 szobás: 34,9 millió Ft",34.9,65.0,65 m²,2.0,Zalaszentgrót,2025-08-19,Téglalakás,Felújított,Gáz (konvektor),1985,Nem adta meg a hirdető,,,4,,,,,,,,
https://www.zenga.hu/ingatlan/elado-teglalakas-dunaujvaros-kertvaros/8634445?page=116&pos=16&cr=8,"Dunaújváros eladó téglalakás 1 szobás: 13,5 millió Ft",13.5,35.0,35 m²,1.0,"Dunaújváros, Kertváros",2025-08-19,Téglalakás,Felújítandó,Gáz (konvektor),1965,Nem adta meg a hirdető,,,2,,,,,,,,
https://www.zenga.hu/ingatlan/elado-teglalakas-budapest-vi-kerulet/8613660?page=116&pos=8&cr=8,"Teskánd eladó téglalakás 3 szobás: 48,4 millió Ft",48.4,,36 m²,2.0,,2025-08-19,Téglalakás,Új építésű,Gázkazán,2023,Nem adta meg a hirdető,,,,,,,,,,,
https://www.zenga.hu/ingatlan/elado-teglalakas-dunaujvaros-kertvaros/8644402?page=116&pos=15&cr=8,"Dunaújváros eladó téglalakás 1 szobás: 14,49 millió Ft",14.49,35.0,35 m²,1.0,"Dunaújváros, Kertváros",2025-08-19,Téglalakás,Átlagos,Gáz (konvektor),1965,,,,2,,,,,,,,
https://www.zenga.hu/ingatlan/elado-teglalakas-harkany/8395638?page=117&pos=4&cr=7,"Dunaújváros eladó téglalakás 1 szobás: 14,49 millió Ft",14.49,35.0,35 m²,1.0,"Dunaújváros, Kertváros",2025-08-19,Téglalakás,,,,,,,2,,,,,,,,
https://www.zenga.hu/ingatlan/elado-teglalakas-zalaegerszeg-belvaros/8630616?page=116&pos=17&cr=8,Zalaegerszeg eladó téglalakás 3 szobás: 62 millió Ft,62.0,130.0,130 m²,3.0,"Zalaegerszeg, Belváros",2025-08-19,Téglalakás,Új építésű,Gázkazán,2023,Nem adta meg a hirdető,,,,,,,,,,,
https://www.zenga.hu/ingatlan/elado-teglalakas-pecs-egyetemvaros/8402166?page=117&pos=7&cr=7,"Zalaszentgrót eladó téglalakás 2 szobás: 34,9 millió Ft",34.9,65.0,65 m²,2.0,Zalaszentgrót,2025-08-19,Téglalakás,,,,,,,4,,,,,,,,
https://www.zenga.hu/ingatlan/elado-panellakas-dunaujvaros-belvaros/8537305?page=116&pos=14&cr=8,"Dunaújváros eladó panellakás 2+1 fél szobás: 31,5 millió Ft",31.5,56.0,56 m²,2.0,"Dunaújváros, Belváros",2025-08-19,Panellakás,Átlagos,Távfűtés egyedi méréssel,,,,,4,,,,,,,,
https://www.zenga.hu/ingatlan/elado-teglalakas-pecs-egyetemvaros/8572510?page=117&pos=5&cr=7,,64.01,47.0,47 m²,2.0,"Pécs, Egyetemváros",2025-08-19,Téglalakás,Új építésű,Hőszivattyú,2024,A++,,,,,,,,,,,
https://www.zenga.hu/ingatlan/elado-teglalakas-pecs-belvaros/8362704?page=117&pos=6&cr=7,Zalaegerszeg eladó téglalakás 3 szobás: 62 millió Ft,62.0,130.0,130 m²,3.0,"Pécs, Belváros",2025-08-19,Téglalakás,Jó állapotú,Gáz (konvektor),1865,C,,,,,,,,,,,
https://www.zenga.hu/ingatlan/elado-panellakas-budapest-xi-kerulet-gazdagret/8646545?page=117&pos=8&cr=7,,,,,,,2025-08-19,,,,,,,,,,,,,,,,
https://www.zenga.hu/ingatlan/elado-panellakas-budapest-xiv-kerulet-alsorakos/8452073?page=117&pos=9&cr=7,"Budapest XIV. kerület eladó panellakás 2 szobás: 65,9 millió Ft",65.9,46.0,46 m²,2.0,"Budapest XIV. kerület, Alsórákos",2025-08-19,Panellakás,,Távfűtés egyedi méréssel,1975,Nem adta meg a hirdető,,,,,,,,,,,
https://www.zenga.hu/ingatlan/elado-panellakas-debrecen-tocoskert/8641295?page=116&pos=20&cr=8,"Budapest XIV. kerület eladó panellakás 2 szobás: 65,9 millió Ft",65.9,46.0,46 m²,2.0,"Budapest XIV. kerület, Alsórákos",2025-08-19,Panellakás,,Távfűtés egyedi méréssel,1975,Nem adta meg a hirdető,,,,,,,,,,,
https://www.zenga.hu/ingatlan/elado-teglalakas-budapest-vii-kerulet-nagykoruton-beluli-terulet/8608660?page=117&pos=10&cr=7,,,,,,,2025-08-19,,,,,,,,,,,,,,,,
https://www.zenga.hu/ingatlan/elado-teglalakas-budapest-ii-kerulet-szemlohegy/8515357?page=117&pos=2&cr=8,Budapest XV. kerület eladó téglalakás 2 szobás: 70 millió Ft,70.0,72.0,72 m²,2.0,"Budapest XV. kerület, Rákospalota",2025-08-19,Téglalakás,,Gázkazán,1960,Nem adta meg a hirdető,,,,,,,,,,,
https://www.zenga.hu/ingatlan/elado-teglalakas-budapest-xv-kerulet-rakospalota/8524427?page=117&pos=11&cr=7,Budapest XV. kerület eladó téglalakás 2 szobás: 70 millió Ft,70.0,72.0,72 m²,2.0,"Budapest XV. kerület, Rákospalota",2025-08-19,Téglalakás,,Gázkazán,1960,,,,,,,,,,,,
https://www.zenga.hu/ingatlan/elado-panellakas-budapest-x-kerulet/8608661?page=117&pos=14&cr=7,,,,,,,2025-08-19,,,,,,,,,,,,,,,,
https://www.zenga.hu/ingatlan/elado-teglalakas-zamardi-furdotelep/8537845?page=117&pos=3&cr=8,Zamárdi eladó téglalakás 1+1 fél szobás: 52 millió Ft,46.99,31.0,,,,2025-08-19,,,,,,,,,,,,,,,,
https://www.zenga.hu/ingatlan/elado-teglalakas-budapest-viii-kerulet/8617572?page=117&pos=12&cr=7,"Budapest VIII. kerület eladó téglalakás 2 szobás: 46,99 millió Ft",46.99,,,,,2025-08-19,,,,,,,,,,,,,,,,
https://www.zenga.hu/ingatlan/elado-teglalakas-budapest-xxi-kerulet/8515485?page=117&pos=13&cr=7,Budapest XXI. kerület eladó téglalakás 2 szobás: 21 millió Ft,21.0,25.0,25 m²,2.0,Budapest XXI. kerület,2025-08-19,Téglalakás,,Egyéb,1950,Nem adta meg a hirdető,,,,,,,,,,,
https://www.zenga.hu/ingatlan/elado-teglalakas-budapest-viii-kerulet/8625099?page=117&pos=15&cr=7,,,,,,,2025-08-19,,,,,,,,,,,,,,,,
https://www.zenga.hu/ingatlan/elado-teglalakas-zalaegerszeg-belvaros/8475847?page=117&pos=18&cr=7,"Zalaegerszeg eladó téglalakás 3 szobás: 59,9 millió Ft",59.9,90.0,90 m²,3.0,"Zalaegerszeg, Belváros",2025-08-19,Téglalakás,Jó állapotú,Gázkazán,2000,Nem adta meg a hirdető,,,,,,,,,,,
https://www.zenga.hu/ingatlan/elado-teglalakas-salgotarjan-beszterce-lakotelep/8569723?page=117&pos=16&cr=7,"Pécs eladó téglalakás 2 szobás: 60,9 millió Ft",,53.0,53 m²,2.0,"Salgótarján, Beszterce-lakótelep",2025-08-19,Téglalakás,Átlagos,Távfűtés egyedi méréssel,1978,Nem adta meg a hirdető,,,5,,,,,,,,
https://www.zenga.hu/ingatlan/elado-teglalakas-szolnok/8569904?page=117&pos=17&cr=7,"Szolnok eladó téglalakás 3 szobás: 31,9 millió Ft",31.9,66.0,66 m²,3.0,Szolnok,2025-08-19,Téglalakás,Átlagos,Gáz (héra),1974,Nem adta meg a hirdető,,,4,,,,,,,,
https://www.zenga.hu/ingatlan/elado-csusztatott-zsalus-lakas-zalaegerszeg-belvaros/8576684?page=117&pos=19&cr=7,Zalaegerszeg eladó csúsztatott zsalus lakás 3 szobás: 42 millió Ft,42.0,90.0,90 m²,3.0,"Zalaegerszeg, Belváros",2025-08-19,Csúsztatott zsalus lakás,Felújítandó,Házközponti fűtés egyedi méréssel,1976,Nem adta meg a hirdető,,,,,,,,,,,
https://www.zenga.hu/ingatlan/elado-teglalakas-budapest-x-kerulet-teglagyardulo/8652003?page=117&pos=20&cr=7,"Budapest X. kerület eladó téglalakás 2 szobás: 52,9 millió Ft",52.9,49.0,49 m²,2.0,"Budapest X. kerület, Téglagyárdűlő, Fokos utca 1",2025-08-19,Téglalakás,Jó állapotú,Gáz (konvektor),,D,,Nincs,3,,,,,,,,
https://www.zenga.hu/ingatlan/elado-teglalakas-budapest-iv-kerulet/8361947?page=118&pos=8&cr=7,"Budapest IV. kerület eladó téglalakás 3 szobás: 113,7 millió Ft",113.7,78.0,78 m²,3.0,Budapest IV. kerület,2025-08-19,Téglalakás,Új építésű,,2025,A+,,,4,,,,,,,,
https://www.zenga.hu/ingatlan/elado-teglalakas-budapest-iv-kerulet/8361946?page=118&pos=7&cr=7,"Budapest IV. kerület eladó téglalakás 4 szobás: 112,91 millió Ft",112.91,85.0,85 m²,4.0,Budapest IV. kerület,2025-08-19,Téglalakás,Új építésű,,2025,A+,,,4,,,,,,,,
https://www.zenga.hu/ingatlan/elado-teglalakas-budapest-iv-kerulet/8361943?page=118&pos=9&cr=7,"Budapest IV. kerület eladó téglalakás 3 szobás: 117,11 millió Ft",117.11,78.0,78 m²,3.0,Budapest IV. kerület,2025-08-19,Téglalakás,Új építésű,,2025,A+,,,4,,,,,,,,
https://www.zenga.hu/ingatlan/elado-teglalakas-budapest-iv-kerulet/8358951?page=118&pos=10&cr=7,"Budapest IV. kerület eladó téglalakás 2 szobás: 80,08 millió Ft",80.08,52.0,52 m²,2.0,Budapest IV. kerület,2025-08-19,Téglalakás,Új építésű,,2025,A+,,,4,,,,,,,,
https://www.zenga.hu/ingatlan/elado-teglalakas-balatonfoldvar/8641356?page=118&pos=13&cr=7,Balatonföldvár eladó téglalakás 1 szobás: 83 millió Ft,83.0,43.0,43 m²,1.0,Balatonföldvár,2025-08-19,Téglalakás,Újszerű,Mennyezeti hűtés-fűtés,2023,Nem adta meg a hirdető,,,5,"12,3 m²",,,,,,,
https://www.zenga.hu/ingatlan/elado-teglalakas-dunaujvaros-kertvaros/8507411?page=118&pos=5&cr=7,,83.0,44.0,44 m²,1.0,Balatonföldvár,2025-08-19,Téglalakás,Újszerű,Mennyezeti hűtés-fűtés,2023,Nem adta meg a hirdető,,,5,"15,4 m²",,,,,,,
https://www.zenga.hu/ingatlan/elado-teglalakas-balatonfoldvar/8641365?page=118&pos=14&cr=7,Balatonföldvár eladó téglalakás 1 szobás: 83 millió Ft,83.0,44.0,44 m²,1.0,Balatonföldvár,2025-08-19,Téglalakás,Újszerű,Mennyezeti hűtés-fűtés,2023,Nem adta meg a hirdető,,,5,"15,4 m²",,,,,,,
https://www.zenga.hu/ingatlan/elado-panellakas-budapest-xiii-kerulet-angyalfold/8450591?page=118&pos=17&cr=7,"Budapest XIII. kerület eladó panellakás 2+1 fél szobás: 79,9 millió Ft",79.9,74.0,74 m²,2.0,"Budapest XIII. kerület, Angyalföld, Tatai utca",2025-08-19,Panellakás,Átlagos,Távfűtés egyedi méréssel,,Nem adta meg a hirdető,,,4,,,,,,,,
https://www.zenga.hu/ingatlan/elado-teglalakas-siofok/8362538?page=118&pos=16&cr=7,Siófok eladó téglalakás 4 szobás: 223 millió Ft,223.0,149.0,149 m²,4.0,Siófok,2025-08-19,Téglalakás,Újszerű,Hőszivattyú,2018,A+,,,,,,,,,,,
https://www.zenga.hu/ingatlan/elado-teglalakas-budapest-iv-kerulet/8361948?page=118&pos=11&cr=7,"Budapest IV. kerület eladó téglalakás 4 szobás: 120,35 millió Ft",120.35,90.0,90 m²,4.0,Budapest IV. kerület,2025-08-19,Téglalakás,,,,,,,,,,,,,,,
https://www.zenga.hu/ingatlan/elado-egyeb-lakas-hajduszoboszlo/8667552?page=119&pos=3&cr=6,Balatonföldvár eladó téglalakás 1 szobás: 83 millió Ft,83.0,44.0,44 m²,1.0,Balatonföldvár,2025-08-19,Téglalakás,,,,,,,,,,,,,,,
https://www.zenga.hu/ingatlan/elado-panellakas-debrecen-egyetemvaros/8592214?page=118&pos=18&cr=7,"Debrecen eladó panellakás 3 szobás: 69,9 millió Ft",69.9,70.0,70 m²,3.0,"Debrecen, Egyetemváros, Füredi utca",2025-08-19,Panellakás,Felújított,Távfűtés egyedi méréssel,,D,,,10,,,,,,,,
https://www.zenga.hu/ingatlan/elado-panellakas-dunaujvaros-technikum-varosresz/8565718?page=118&pos=20&cr=7,"Dunaújváros eladó panellakás 1+3 fél szobás: 42,3 millió Ft",42.3,60.0,60 m²,1.0,"Dunaújváros, Technikum városrész",2025-08-19,Panellakás,Felújított,Távfűtés,,Nem adta meg a hirdető,,,4,,,,,,,,
https://www.zenga.hu/ingatlan/elado-teglalakas-zalaegerszeg-belvaros/8671481?page=119&pos=2&cr=6,"Zalaegerszeg eladó téglalakás 4 szobás: 125,6 millió Ft",125.6,146.0,146 m²,4.0,"Zalaegerszeg, Belváros",2025-08-19,Téglalakás,Újszerű,Házközponti fűtés egyedi méréssel,2017,Nem adta meg a hirdető,,,,,,,,,,,
https://www.zenga.hu/ingatlan/elado-teglalakas-zalaegerszeg-kertvaros/8421392?page=119&pos=1&cr=6,"Zalaegerszeg eladó téglalakás 2 szobás: 31,5 millió Ft",31.5,50.0,50 m²,2.0,"Zalaegerszeg, Kertváros",2025-08-19,Téglalakás,Jó állapotú,Gáz (konvektor),1975,Nem adta meg a hirdető,,,,,,,,,,,
https://www.zenga.hu/ingatlan/elado-teglalakas-balatonfoldvar/8641383?page=118&pos=15&cr=7,Balatonföldvár eladó téglalakás 3 szobás: 137 millió Ft,137.0,90.0,90 m²,3.0,Balatonföldvár,2025-08-19,Téglalakás,Újszerű,,,,,,5,,,,,,,,
https://www.zenga.hu/ingatlan/elado-teglalakas-budapest-xii-kerulet-nemetvolgy/8602226?page=119&pos=4&cr=6,"Budapest XII. kerület eladó téglalakás 2 szobás: 89,9 millió Ft",89.9,61.0,61 m²,2.0,"Budapest XII. kerület, Németvölgy",2025-08-19,Téglalakás,Felújítandó,Gáz (héra),1975,Nem adta meg a hirdető,,,2,,,,,,,,
https://www.zenga.hu/ingatlan/elado-teglalakas-pecs-belvaros/8601938?page=119&pos=6&cr=6,Pécs eladó téglalakás 3 szobás: 75 millió Ft,75.0,94.0,94 m²,3.0,"Pécs, Belváros",2025-08-19,Téglalakás,Jó állapotú,Gázkazán,1920,Nem adta meg a hirdető,,,,,,,,,,,
https://www.zenga.hu/ingatlan/elado-panellakas-tatabanya/8648050?page=119&pos=5&cr=6,Tatabánya eladó panellakás 3 szobás: 40 millió Ft,40.0,62.0,62 m²,3.0,Tatabánya,2025-08-19,Panellakás,Átlagos,Távfűtés,1975,Nem adta meg a hirdető,,,,,,,,,,,
https://www.zenga.hu/ingatlan/elado-teglalakas-budapest-vii-kerulet/8649316?page=119&pos=7&cr=6,"Budapest VII. kerület eladó téglalakás 2 szobás: 62,8 millió Ft",62.8,53.0,53 m²,2.0,Budapest VII. kerület,2025-08-19,Téglalakás,,,,,,,,,,,,,,,
https://www.zenga.hu/ingatlan/elado-teglalakas-siofok-belvaros/8572886?page=118&pos=19&cr=7,Siófok eladó téglalakás 2 szobás: 88 millió Ft,88.0,62.0,62 m²,2.0,"Siófok, Belváros",2025-08-19,Téglalakás,Felújított,Gázkazán,,,,,2,,,,,,,,
https://www.zenga.hu/ingatlan/elado-teglalakas-budapest-xiii-kerulet/8654781?page=119&pos=8&cr=6,"Budapest XIII. kerület eladó téglalakás 2 szobás: 59,9 millió Ft",59.9,39.0,39 m²,2.0,Budapest XIII. kerület,2025-08-19,Téglalakás,Felújított,Gáz (konvektor),1900,Nem adta meg a hirdető,,,,,,,,,,,
https://www.zenga.hu/ingatlan/elado-teglalakas-fonyod/8598414?page=119&pos=10&cr=6,Fonyód eladó téglalakás 3 szobás: 69 millió Ft,69.0,80.0,80 m²,3.0,Fonyód,2025-08-19,Téglalakás,Jó állapotú,Gázkazán,2001,Nem adta meg a hirdető,,,2,,,,,,,,
https://www.zenga.hu/ingatlan/elado-teglalakas-balatonlelle/8468644?page=119&pos=12&cr=6,"Balatonlelle eladó téglalakás 3 szobás: 66,78 millió Ft",66.78,52.0,52 m²,3.0,Balatonlelle,2025-08-19,Téglalakás,Új építésű,Padlófűtés,2026,Nem adta meg a hirdető,,,3,,,,,,,,
https://www.zenga.hu/ingatlan/elado-teglalakas-buk/8429510?page=119&pos=11&cr=6,"Bük eladó téglalakás 2 szobás: 49,5 millió Ft",49.5,59.0,59 m²,2.0,Bük,2025-08-19,Téglalakás,,Gázkazán,2000,Nem adta meg a hirdető,,,,"2,7 m²",,,,,,,
https://www.zenga.hu/ingatlan/elado-teglalakas-gyula-torokzug/8655341?page=119&pos=13&cr=6,"Gyula eladó téglalakás 2 szobás: 32,73 millió Ft",32.73,55.0,55 m²,2.0,"Gyula, Törökzug",2025-08-19,Téglalakás,Újszerű,Gáz (konvektor),1975,G,,,5,,,,,,,,
https://www.zenga.hu/ingatlan/elado-panellakas-kecskemet/8664434?page=119&pos=14&cr=6,"Kecskemét eladó panellakás 2 szobás: 43,5 millió Ft",43.5,54.0,54 m²,2.0,Kecskemét,2025-08-19,Panellakás,Jó állapotú,Távfűtés egyedi méréssel,1980,Nem adta meg a hirdető,,,,,,,,,,,
https://www.zenga.hu/ingatlan/elado-panellakas-kecskemet/8664431?page=119&pos=15&cr=6,"Kecskemét eladó panellakás 3 szobás: 49,9 millió Ft",49.9,61.0,61 m²,3.0,Kecskemét,2025-08-19,Panellakás,Felújított,Távfűtés,1970,Nem adta meg a hirdető,,,,,,,,,,,
https://www.zenga.hu/ingatlan/elado-teglalakas-nagykoros/8664433?page=119&pos=16&cr=6,"Nagykőrös eladó téglalakás 4 szobás: 52,5 millió Ft",52.5,109.0,109 m²,4.0,Nagykőrös,2025-08-19,Téglalakás,Jó állapotú,Házközponti fűtés egyedi méréssel,1997,Nem adta meg a hirdető,,,,,,,,,,,
https://www.zenga.hu/ingatlan/elado-teglalakas-siofok-ezustpart/8598315?page=119&pos=9&cr=6,"Siófok eladó téglalakás 2 szobás: 76,82 millió Ft",76.82,47.0,47 m²,2.0,"Siófok, Ezüstpart",2025-08-19,Téglalakás,Új építésű,Elektromos,2025,,,,6,8 m²,,,,,,,
https://www.zenga.hu/ingatlan/elado-teglalakas-budapest-vii-kerulet/8662814?page=119&pos=17&cr=6,"Budapest VII. kerület eladó téglalakás 3 szobás: 109,9 millió Ft",109.9,70.0,70 m²,3.0,Budapest VII. kerület,2025-08-19,Téglalakás,Felújított,Gázkazán,1910,Nem adta meg a hirdető,,,3,,,,,,,,
https://www.zenga.hu/ingatlan/elado-teglalakas-budapest-xxiii-kerulet/8465501?page=119&pos=18&cr=6,"Budapest XXIII. kerület eladó téglalakás 4 szobás: 97,98 millió Ft",97.98,76.0,76 m²,4.0,Budapest XXIII. kerület,2025-08-19,Téglalakás,Új építésű,Elektromos,2024,A+,,,,,,,,,,,
https://www.zenga.hu/ingatlan/elado-teglalakas-budapest-xix-kerulet/8471843?page=119&pos=19&cr=6,"Budapest XIX. kerület eladó téglalakás 3 szobás: 84,2 millió Ft",84.2,81.0,81 m²,3.0,Budapest XIX. kerület,2025-08-19,Téglalakás,Új építésű,Hőszivattyú,2025,A+,,,,,,,,,,,
https://www.zenga.hu/ingatlan/elado-panellakas-debrecen-tocoskert/8646127?page=119&pos=20&cr=6,"Debrecen eladó panellakás 2 szobás: 58,9 millió Ft",58.9,54.0,54 m²,2.0,"Debrecen, Tócóskert",2025-08-19,Panellakás,Jó állapotú,Távfűtés egyedi méréssel,1983,Nem adta meg a hirdető,,,,,,,,,,,
