url,title,price,area_m2,floor,rooms,location,Típus,scrape_date,listing_type,Szintek száma,Állapot,Fűtés,Erkély,Energetikai besorolás,Építés éve,Átlagos rezsiköltség,Napelem,Terasz
https://www.zenga.hu/ingatlan/kiado-teglalakas-budapest-ii-kerulet-torokvesz/8688606?page=1&pos=9&cr=110,Budapest II. kerület kiadó téglalakás 3 szobás: 635 ezer Ft,635.0,91.0,2. emelet,3.0,"Budapest II. kerület, Törökvész",Téglalakás,2025-09-05,rental,,,,,,,,,
https://www.zenga.hu/ingatlan/kiado-teglalakas-budapest-v-kerulet/6823096?page=1&pos=1&cr=700,,630.0,120.0,1. emelet,2.0,Budapest I. kerület,,2025-09-05,rental,,,,,,,,,
https://www.zenga.hu/ingatlan/kiado-tarsashazi-lakas-budapest-xi-kerulet/8590841?page=1&pos=4&cr=155,Budapest XI. kerület kiadó társasházi lakás 2 szobás: 245 ezer Ft,,64.0,,,,,2025-09-05,rental,,,,,,,,,
https://www.zenga.hu/ingatlan/kiado-teglalakas-budapest-i-kerulet/8616026?page=1&pos=13&cr=100,Budapest I. kerület kiadó téglalakás 2+1 fél szobás: 439 ezer Ft,,,,,,,2025-09-05,rental,,,,,,,,,
https://www.zenga.hu/ingatlan/kiado-teglalakas-budapest-i-kerulet-vizivaros-i-ker/8678051?page=1&pos=2&cr=300,,300.0,65.0,1. emelet,2.0,"Budapest XII. kerület, Németvölgy",Téglalakás,2025-09-05,rental,5.0,Felújított,Gázkazán,5 m²,D,,,,
https://www.zenga.hu/ingatlan/kiado-teglalakas-budapest-xvi-kerulet-matyasfold/8621033?page=1&pos=15&cr=100,Budapest XVI. kerület kiadó téglalakás 3 szobás: 792 ezer Ft,792.0,75.0,1. emelet,3.0,"Budapest XVI. kerület, Mátyásföld",Téglalakás,2025-09-05,rental,,Új építésű,Hőszivattyú,,Nem adta meg a hirdető,2025.0,,,
https://www.zenga.hu/ingatlan/kiado-teglalakas-budapest-vi-kerulet-nagykoruton-beluli-terulet/8685939?page=1&pos=14&cr=100,Budapest VI. kerület kiadó téglalakás 4+1 fél szobás: 596 ezer Ft,596.0,105.0,2. emelet,4.0,"Budapest VI. kerület, Nagykörúton belüli terület",Téglalakás,2025-09-05,rental,5.0,Felújított,Gázkazán,,B,1910.0,50 Ft/hó,,
https://www.zenga.hu/ingatlan/kiado-teglalakas-budapest-x-kerulet-laposdulo/8669656?page=1&pos=16&cr=100,Budapest X. kerület kiadó téglalakás 2 szobás: 200 ezer Ft,200.0,45.0,2. emelet,2.0,"Budapest X. kerület, Laposdűlő",Téglalakás,2025-09-05,rental,,Átlagos,Gáz (konvektor),,Nem adta meg a hirdető,1960.0,,,
https://www.zenga.hu/ingatlan/kiado-teglalakas-budapest-i-kerulet-gellerthegy-i-ker/8545902?page=1&pos=17&cr=100,Budapest I. kerület kiadó téglalakás 3 szobás: 554 ezer Ft,554.0,72.0,1. emelet,3.0,"Budapest I. kerület, Gellérthegy I. ker.",Téglalakás,2025-09-05,rental,6.0,Felújított,Házközponti fűtés egyedi méréssel,4 m²,Nem adta meg a hirdető,2010.0,60 000 Ft/hó,,
https://www.zenga.hu/ingatlan/kiado-teglalakas-budapest-vii-kerulet/8572878?page=1&pos=3&cr=200,,,,,,,,2025-09-05,rental,,,,,,,,,
https://www.zenga.hu/ingatlan/kiado-tarsashazi-lakas-budapest-xii-kerulet-istenhegy/8691781?page=1&pos=12&cr=100,,,,,,,,2025-09-05,rental,,,,,,,,,
https://www.zenga.hu/ingatlan/kiado-teglalakas-budapest-vi-kerulet-nagykoruton-beluli-terulet/8545834?page=1&pos=19&cr=100,Budapest VI. kerület kiadó téglalakás 2+1 fél szobás: 370 ezer Ft,370.0,73.0,6. emelet,2.0,"Budapest VI. kerület, Nagykörúton belüli terület",Téglalakás,2025-09-05,rental,6.0,Felújított,Házközponti,3 m²,Nem adta meg a hirdető,1939.0,57 Ft/hó,Nincs,
https://www.zenga.hu/ingatlan/kiado-teglalakas-budapest-vii-kerulet-ligetvaros/8686719?page=2&pos=1&cr=90,Budapest VII. kerület kiadó téglalakás 1+1 fél szobás: 250 ezer Ft,250.0,44.0,4. emelet,1.0,"Budapest VII. kerület, Ligetváros",Téglalakás,2025-09-05,rental,4.0,Átlagos,Gázkazán,2 m²,Nem adta meg a hirdető,1930.0,,Nincs,
https://www.zenga.hu/ingatlan/kiado-teglalakas-budapest-v-kerulet-belvaros/8648921?page=1&pos=20&cr=100,"Budapest V. kerület kiadó téglalakás 4 szobás: 1,6 millió Ft",1.6,153.0,3. emelet,4.0,"Budapest V. kerület, Belváros",Téglalakás,2025-09-05,rental,5.0,Újszerű,Házközponti,6 m²,Nem adta meg a hirdető,,,,
https://www.zenga.hu/ingatlan/kiado-teglalakas-budapest-vii-kerulet-nagykoruton-beluli-terulet/8691770?page=2&pos=3&cr=80,Budapest VII. kerület kiadó téglalakás 4 szobás: 594 ezer Ft,594.0,82.0,1. emelet,4.0,"Budapest VII. kerület, Belső-Erzsébetváros",Téglalakás,2025-09-05,rental,3.0,Felújított,Elektromos,,D,,42 000 Ft/hó,,
https://www.zenga.hu/ingatlan/kiado-teglalakas-budapest-xiii-kerulet-angyalfold/8686807?page=2&pos=2&cr=88,Budapest XIII. kerület kiadó téglalakás 2 szobás: 270 ezer Ft,270.0,40.0,5. emelet,2.0,"Budapest XIII. kerület, Angyalföld",Téglalakás,2025-09-05,rental,6.0,Újszerű,Házközponti,12 m²,A,2013.0,10 000 Ft/hó,,
https://www.zenga.hu/ingatlan/kiado-teglalakas-budapest-viii-kerulet/8692122?page=2&pos=4&cr=80,Budapest VIII. kerület kiadó téglalakás 1 szobás: 210 ezer Ft,210.0,30.0,földszint,1.0,Budapest VIII. kerület,Téglalakás,2025-09-05,rental,5.0,Felújított,Elektromos,,Nem adta meg a hirdető,,,,
https://www.zenga.hu/ingatlan/kiado-teglalakas-budapest-xiv-kerulet/8469246?page=2&pos=6&cr=80,Budapest XIV. kerület kiadó téglalakás 1 szobás: 300 ezer Ft,300.0,65.0,tetőtér,1.0,Budapest XIV. kerület,Téglalakás,2025-09-05,rental,,Jó állapotú,Gázkazán,4 m²,Nem adta meg a hirdető,1904.0,,Nincs,
https://www.zenga.hu/ingatlan/kiado-panellakas-budapest-viii-kerulet/8662571?page=2&pos=5&cr=80,Budapest VIII. kerület kiadó panellakás 1+2 fél szobás: 260 ezer Ft,260.0,58.0,3. emelet,1.0,Budapest VIII. kerület,Panellakás,2025-09-05,rental,,Jó állapotú,Házközponti fűtés egyedi méréssel,3 m²,Nem adta meg a hirdető,1986.0,,Nincs,
https://www.zenga.hu/ingatlan/kiado-teglalakas-budapest-iii-kerulet-csillaghegy/8682555?page=2&pos=8&cr=80,Budapest III. kerület kiadó téglalakás 3 szobás: 385 ezer Ft,385.0,68.0,1. emelet,3.0,"Budapest III. kerület, Csillaghegy",Téglalakás,2025-09-05,rental,2.0,Újszerű,Hőszivattyú,16 m²,A+,2021.0,75 000 Ft/hó,,
https://www.zenga.hu/ingatlan/kiado-teglalakas-budapest-xiii-kerulet-loportardulo/8675563?page=1&pos=18&cr=100,Budapest XIII. kerület kiadó téglalakás 2 szobás: 280 ezer Ft,280.0,45.0,1. emelet,,"Budapest IX. kerület, Középső Ferencváros, viola utca 45",Társasházi lakás,2025-09-05,rental,6.0,Újszerű,Házközponti fűtés egyedi méréssel,,Nem adta meg a hirdető,,35 000 Ft/hó,,8 m²
https://www.zenga.hu/ingatlan/kiado-teglalakas-budapest-xx-kerulet-pesterzsebet/8655542?page=2&pos=9&cr=79,Budapest XX. kerület kiadó téglalakás 2 szobás: 250 ezer Ft,250.0,55.0,2. emelet,2.0,"Budapest XX. kerület, Pesterzsébet, Baross utca",Téglalakás,2025-09-05,rental,3.0,Felújított,Gázkazán,4 m²,Nem adta meg a hirdető,,,,
https://www.zenga.hu/ingatlan/kiado-tarsashazi-lakas-budapest-ix-kerulet-kozepso-ferencvaros/8662521?page=2&pos=7&cr=80,Budapest IX. kerület kiadó társasházi lakás 2+1 fél szobás: 280 ezer Ft,280.0,63.0,6. emelet,2.0,"Budapest IX. kerület, Középső Ferencváros, viola utca 45",Társasházi lakás,2025-09-05,rental,6.0,Újszerű,Házközponti fűtés egyedi méréssel,,,,,,
https://www.zenga.hu/ingatlan/kiado-teglalakas-budapest-xiv-kerulet-istvanmezo/8691879?page=2&pos=10&cr=78,Budapest XIV. kerület kiadó téglalakás 1 szobás: 210 ezer Ft,210.0,46.0,1. emelet,1.0,"Budapest XIV. kerület, Istvánmező, Stefánia út",Téglalakás,2025-09-05,rental,4.0,Jó állapotú,Elektromos,3 m²,F,,18 000 Ft/hó,,
https://www.zenga.hu/ingatlan/kiado-teglalakas-budapest-vi-kerulet/8684805?page=2&pos=11&cr=76,Budapest VI. kerület kiadó téglalakás 2 szobás: 270 ezer Ft,270.0,42.0,3. emelet,2.0,"Budapest VI. kerület, Dessewffy utca 26/B",Téglalakás,2025-09-05,rental,5.0,Újszerű,Gázkazán,,Nem adta meg a hirdető,,,,
https://www.zenga.hu/ingatlan/kiado-teglalakas-budapest-vii-kerulet-nagykoruton-kivuli-terulet/8662455?page=2&pos=13&cr=75,Budapest VII. kerület kiadó téglalakás 1+1 fél szobás: 250 ezer Ft,250.0,44.0,1. emelet,1.0,"Budapest VII. kerület, Külső-Erzsébetváros, Jósika utca 10.",Téglalakás,2025-09-05,rental,1.0,Felújított,Hőszivattyú,,Nem adta meg a hirdető,,,,
https://www.zenga.hu/ingatlan/kiado-teglalakas-budapest-viii-kerulet-magdolnanegyed/8686081?page=2&pos=12&cr=75,Budapest VIII. kerület kiadó téglalakás 2 szobás: 250 ezer Ft,250.0,42.0,földszint,2.0,"Budapest VIII. kerület, Magdolnanegyed, Karácsony Sándor utca",Téglalakás,2025-09-05,rental,3.0,Felújított,Egyéb,,Nem adta meg a hirdető,,,,
https://www.zenga.hu/ingatlan/kiado-panellakas-budapest-xiv-kerulet-alsorakos/8598950?page=2&pos=14&cr=75,Budapest XIV. kerület kiadó panellakás 2 szobás: 280 ezer Ft,280.0,50.0,földszint,2.0,"Budapest XIV. kerület, Alsórákos, Ormánság utca 11",Panellakás,2025-09-05,rental,4.0,Felújított,Távfűtés,4 m²,G,1972.0,10 000 Ft/hó,Nincs,
https://www.zenga.hu/ingatlan/kiado-tarsashazi-lakas-budapest-viii-kerulet-palotanegyed/8686031?page=2&pos=15&cr=75,Budapest VIII. kerület kiadó társasházi lakás 2+2 fél szobás: 490 ezer Ft,490.0,93.0,6. emelet,2.0,"Budapest VIII. kerület, Palotanegyed, Vas utca",Társasházi lakás,2025-09-05,rental,7.0,Felújított,Házközponti,5 m²,Nem adta meg a hirdető,,,,
https://www.zenga.hu/ingatlan/kiado-teglalakas-budapest-vii-kerulet-ligetvaros/8606943?page=2&pos=16&cr=75,Budapest VII. kerület kiadó téglalakás 1+1 fél szobás: 209 ezer Ft,209.0,35.0,2. emelet,1.0,"Budapest VII. kerület, Ligetváros, István utca 18.",Téglalakás,2025-09-05,rental,4.0,Felújított,Gázkazán,1 m²,Nem adta meg a hirdető,,,,
https://www.zenga.hu/ingatlan/kiado-teglalakas-budapest-xiii-kerulet-angyalfold/8686076?page=2&pos=17&cr=75,Budapest XIII. kerület kiadó téglalakás 2 szobás: 220 ezer Ft,220.0,40.0,földszint,2.0,"Budapest XIII. kerület, Angyalföld, Mosoly utca",Téglalakás,2025-09-05,rental,4.0,Felújított,Elektromos,,Nem adta meg a hirdető,,35 000 Ft/hó,,
https://www.zenga.hu/ingatlan/kiado-teglalakas-budapest-xiii-kerulet-ujlipotvaros/8677428?page=2&pos=18&cr=75,Budapest XIII. kerület kiadó téglalakás 2+1 fél szobás: 230 ezer Ft,230.0,67.0,3. emelet,2.0,"Budapest XIII. kerület, Újlipótváros",Téglalakás,2025-09-05,rental,5.0,Átlagos,Gázkazán,,Nem adta meg a hirdető,1900.0,,Nincs,
https://www.zenga.hu/ingatlan/kiado-panellakas-budapest-iii-kerulet-bekasmegyer/8670689?page=2&pos=19&cr=75,Budapest III. kerület kiadó panellakás 3 szobás: 290 ezer Ft,290.0,70.0,9. emelet,3.0,"Budapest III. kerület, Békásmegyer, Boglár utca 2.",Panellakás,2025-09-05,rental,10.0,Felújított,Házközponti fűtés egyedi méréssel,,EE (2016-2023-as besorolás),,45 000 Ft/hó,,
https://www.zenga.hu/ingatlan/kiado-panellakas-budapest-xiv-kerulet/8669492?page=2&pos=20&cr=75,Budapest XIV. kerület kiadó panellakás 3 szobás: 300 ezer Ft,300.0,68.0,1. emelet,3.0,"Budapest XIV. kerület, Ond vezér 27",Panellakás,2025-09-05,rental,10.0,Felújított,Távfűtés,3 m²,A+,,50 000 Ft/hó,Nincs,
https://www.zenga.hu/ingatlan/kiado-teglalakas-budapest-xiii-kerulet/8663649?page=3&pos=1&cr=75,Budapest XIII. kerület kiadó téglalakás 2 szobás,356.0,74.0,2. emelet,2.0,Budapest XIII. kerület,Téglalakás,2025-09-05,rental,7.0,Újszerű,Gázkazán,12 m²,Nem adta meg a hirdető,2003.0,50 000 Ft/hó,,
https://www.zenga.hu/ingatlan/kiado-teglalakas-budapest-i-kerulet-vizivaros-i-ker/8677531?page=3&pos=2&cr=75,Budapest I. kerület kiadó téglalakás 1 szobás: 230 ezer Ft,230.0,31.0,földszint,1.0,"Budapest I. kerület, Víziváros I. ker., Szabó Ilonka utca",Téglalakás,2025-09-05,rental,3.0,Felújított,Gáz (konvektor),,Nem adta meg a hirdető,,,,
https://www.zenga.hu/ingatlan/kiado-teglalakas-budapest-xiv-kerulet-kiszuglo/8677522?page=3&pos=3&cr=75,Budapest XIV. kerület kiadó téglalakás 4+1 fél szobás: 900 ezer Ft,900.0,125.0,1. emelet,4.0,"Budapest XIV. kerület, Kiszugló",Téglalakás,2025-09-05,rental,1.0,Új építésű,Házközponti fűtés egyedi méréssel,27 m²,A+,2023.0,,,
https://www.zenga.hu/ingatlan/kiado-tarsashazi-lakas-budapest-xiii-kerulet-vizafogo/8675390?page=3&pos=4&cr=75,Budapest XIII. kerület kiadó társasházi lakás 2 szobás: 295 ezer Ft,295.0,49.0,6. emelet,2.0,"Budapest XIII. kerület, Vizafogó, Dagálysétány",Társasházi lakás,2025-09-05,rental,8.0,Új építésű,Hőszivattyú,4 m²,A+++,,,Nincs,
https://www.zenga.hu/ingatlan/kiado-teglalakas-budapest-ii-kerulet/8670534?page=3&pos=5&cr=75,Budapest II. kerület kiadó téglalakás 1 szobás: 249 ezer Ft,249.0,42.0,1. emelet,1.0,"Budapest II. kerület, Hűvösvölgyi út 10",Téglalakás,2025-09-05,rental,3.0,Felújított,Gázkazán,,Nem adta meg a hirdető,,40 000 Ft/hó,,6 m²
https://www.zenga.hu/ingatlan/kiado-csusztatott-zsalus-lakas-budapest-xiv-kerulet-alsorakos/8657370?page=3&pos=6&cr=75,Budapest XIV. kerület kiadó csúsztatott zsalus lakás 2+1 fél szobás: 240 ezer Ft,240.0,57.0,2. emelet,2.0,"Budapest XIV. kerület, Alsórákos",Csúsztatott zsalus lakás,2025-09-05,rental,5.0,Felújított,Házközponti,6 m²,Nem adta meg a hirdető,,,,
https://www.zenga.hu/ingatlan/kiado-csusztatott-zsalus-lakas-budapest-ii-kerulet/8628393?page=3&pos=7&cr=75,Budapest II. kerület kiadó csúsztatott zsalus lakás 2 szobás: 240 ezer Ft,240.0,56.0,4. emelet,2.0,Budapest II. kerület,Csúsztatott zsalus lakás,2025-09-05,rental,4.0,Felújított,Házközponti,"2,5 m²",Nem adta meg a hirdető,,,,
https://www.zenga.hu/ingatlan/kiado-teglalakas-budapest-v-kerulet-belvaros/8620809?page=3&pos=10&cr=70,Budapest V. kerület kiadó téglalakás 3 szobás: 436 ezer Ft,436.0,98.0,5. emelet,3.0,"Budapest V. kerület, Belváros",Téglalakás,2025-09-05,rental,6.0,Felújított,Gázkazán,,Nem adta meg a hirdető,,,,
https://www.zenga.hu/ingatlan/kiado-teglalakas-budapest-v-kerulet-belvaros/8648959?page=3&pos=9&cr=71,Budapest V. kerület kiadó téglalakás 2 szobás: 700 ezer Ft,700.0,102.0,2. emelet,2.0,"Budapest V. kerület, Belváros",Téglalakás,2025-09-05,rental,5.0,Felújított,Házközponti,,Nem adta meg a hirdető,,,,
https://www.zenga.hu/ingatlan/kiado-teglalakas-budapest-ii-kerulet-vizivaros-ii-ker/8429761?page=3&pos=13&cr=60,Budapest II. kerület kiadó téglalakás 4 szobás: 911 ezer Ft,911.0,93.0,5. emelet,4.0,"Budapest II. kerület, Víziváros II. ker, Csalogány utca 43.",Téglalakás,2025-09-05,rental,5.0,Újszerű,Mennyezeti hűtés-fűtés,,Nem adta meg a hirdető,2020.0,,,16 m²
https://www.zenga.hu/ingatlan/kiado-teglalakas-budapest-ii-kerulet-verhalom/8482367?page=3&pos=14&cr=60,"Budapest II. kerület kiadó téglalakás 7 szobás: 1,19 millió Ft",1.19,220.0,földszint,7.0,"Budapest II. kerület, Vérhalom, Vend u 26.",Téglalakás,2025-09-05,rental,2.0,Felújított,Gázkazán,,Nem adta meg a hirdető,1995.0,,,24 m²
https://www.zenga.hu/ingatlan/kiado-teglalakas-budapest-i-kerulet-vizivaros-i-ker/8686045?page=3&pos=12&cr=60,Budapest I. kerület kiadó téglalakás 1 szobás: 195 ezer Ft,195.0,30.0,földszint,1.0,"Budapest I. kerület, Víziváros I. ker., Ostrom utca",Téglalakás,2025-09-05,rental,3.0,Felújított,Elektromos,,Nem adta meg a hirdető,,30 000 Ft/hó,,
https://www.zenga.hu/ingatlan/kiado-teglalakas-budapest-viii-kerulet-corvin-negyed/8660121?page=3&pos=11&cr=65,Budapest VIII. kerület kiadó téglalakás 2 szobás: 260 ezer Ft,260.0,46.0,5. emelet,2.0,"Budapest VIII. kerület, Corvin negyed, Nagytemplom",Téglalakás,2025-09-05,rental,9.0,Jó állapotú,Házközponti fűtés egyedi méréssel,3 m²,C,2009.0,,,
https://www.zenga.hu/ingatlan/kiado-tarsashazi-lakas-budapest-x-kerulet/8324106?page=3&pos=8&cr=75,Budapest X. kerület kiadó társasházi lakás 1+1 fél szobás: 245 ezer Ft,245.0,47.0,1. emelet,1.0,Budapest X. kerület,Társasházi lakás,2025-09-05,rental,6.0,Új építésű,,,,,,,
https://www.zenga.hu/ingatlan/kiado-teglalakas-budapest-xiii-kerulet-ujlipotvaros/8682535?page=3&pos=15&cr=56,Budapest XIII. kerület kiadó téglalakás 2 szobás: 300 ezer Ft,300.0,78.0,1. emelet,2.0,"Budapest XIII. kerület, Újlipótváros, Hegedűs Gyula u. 24.",Téglalakás,2025-09-05,rental,4.0,Felújított,Távfűtés,3 m²,Nem adta meg a hirdető,,,,
https://www.zenga.hu/ingatlan/kiado-teglalakas-budapest-vi-kerulet-nagykoruton-kivuli-terulet/6836225?page=3&pos=16&cr=56,Budapest VI. kerület kiadó téglalakás 3 szobás: 350 ezer Ft,350.0,66.0,6. emelet,3.0,"Budapest VI. kerület, Nagykörúton kívüli terület, Szív utca",Téglalakás,2025-09-05,rental,7.0,Újszerű,Gázkazán,,Nem adta meg a hirdető,2014.0,,,
https://www.zenga.hu/ingatlan/kiado-teglalakas-budapest-viii-kerulet-palotanegyed/8677662?page=3&pos=17&cr=55,Budapest VIII. kerület kiadó téglalakás 1+1 fél szobás: 239 ezer Ft,239.0,56.0,1. emelet,1.0,"Budapest VIII. kerület, Palotanegyed",Téglalakás,2025-09-05,rental,4.0,Jó állapotú,Gáz (héra),,Nem adta meg a hirdető,,16 000 Ft/hó,,
https://www.zenga.hu/ingatlan/kiado-teglalakas-budapest-xi-kerulet-lagymanyos/8657377?page=3&pos=18&cr=55,Budapest XI. kerület kiadó téglalakás 1 szobás: 180 ezer Ft,180.0,29.0,földszint,1.0,"Budapest XI. kerület, Lágymányos",Téglalakás,2025-09-05,rental,6.0,Jó állapotú,Távfűtés,,F,,30 000 Ft/hó,,
https://www.zenga.hu/ingatlan/kiado-teglalakas-budapest-vii-kerulet-nagykoruton-kivuli-terulet/8686872?page=3&pos=19&cr=55,Budapest VII. kerület kiadó téglalakás 2 szobás,267.0,44.0,1. emelet,2.0,"Budapest VII. kerület, Külső-Erzsébetváros",Téglalakás,2025-09-05,rental,6.0,Felújított,Hőszivattyú,,Nem adta meg a hirdető,,25 000 Ft/hó,,
https://www.zenga.hu/ingatlan/kiado-teglalakas-budapest-xi-kerulet-szentimrevaros/8676952?page=4&pos=1&cr=55,Budapest XI. kerület kiadó téglalakás 2+1 fél szobás: 420 ezer Ft,420.0,100.0,4. emelet,2.0,"Budapest XI. kerület, Szentimreváros, Ábel Jenő utca 1",Téglalakás,2025-09-05,rental,4.0,Felújított,Gázkazán,,Nem adta meg a hirdető,,,,
https://www.zenga.hu/ingatlan/kiado-teglalakas-budapest-ii-kerulet-vizivaros-ii-ker/8650159?page=4&pos=2&cr=55,Budapest II. kerület kiadó téglalakás 2 szobás: 330 ezer Ft,330.0,55.0,2. emelet,2.0,"Budapest II. kerület, Víziváros II. ker",Téglalakás,2025-09-05,rental,5.0,Újszerű,Házközponti,3 m²,Nem adta meg a hirdető,1938.0,12 000 Ft/hó,,
https://www.zenga.hu/ingatlan/kiado-panellakas-budapest-xi-kerulet-kelenfold/8678033?page=4&pos=3&cr=55,Budapest XI. kerület kiadó panellakás 2 szobás: 240 ezer Ft,240.0,50.0,2. emelet,2.0,"Budapest XI. kerület, Kelenföld, Etele ut 60",Panellakás,2025-09-05,rental,6.0,Felújított,Házközponti fűtés egyedi méréssel,,F,1965.0,35 000 Ft/hó,,
https://www.zenga.hu/ingatlan/kiado-csusztatott-zsalus-lakas-budapest-ix-kerulet-jozsef-attila-lakotelep/8677421?page=4&pos=4&cr=55,Budapest IX. kerület kiadó csúsztatott zsalus lakás 2 szobás: 190 ezer Ft,190.0,54.0,1. emelet,2.0,"Budapest IX. kerület, József Attila lakótelep, Epreserdő",Csúsztatott zsalus lakás,2025-09-05,rental,5.0,Jó állapotú,Távfűtés,3 m²,A+,1960.0,40 000 Ft/hó,Nincs,
https://www.zenga.hu/ingatlan/kiado-teglalakas-budapest-xi-kerulet-gellerthegy/8684963?page=3&pos=20&cr=55,Budapest XI. kerület kiadó téglalakás 3 szobás: 280 ezer Ft,280.0,76.0,2. emelet,3.0,"Budapest XI. kerület, Gellérthegy",Téglalakás,2025-09-05,rental,2.0,Felújított,,,,,,,
https://www.zenga.hu/ingatlan/kiado-teglalakas-budapest-xiii-kerulet-ujlipotvaros/8670562?page=4&pos=7&cr=55,Budapest XIII. kerület kiadó téglalakás 1+1 fél szobás,293.0,50.0,4. emelet,1.0,"Budapest XIII. kerület, Újlipótváros",Téglalakás,2025-09-05,rental,4.0,Felújított,Távfűtés egyedi méréssel,3 m²,Nem adta meg a hirdető,,20 000 Ft/hó,,
https://www.zenga.hu/ingatlan/kiado-teglalakas-budapest-iii-kerulet-obuda/8668513?page=4&pos=8&cr=55,Budapest III. kerület kiadó téglalakás 3 szobás: 360 ezer Ft,360.0,85.0,földszint,3.0,"Budapest III. kerület, Óbuda, Selmeci utca 3",Téglalakás,2025-09-05,rental,4.0,Felújított,Gázkazán,,C,,25 000 Ft/hó,,
https://www.zenga.hu/ingatlan/kiado-teglalakas-budapest-xi-kerulet-infopark/8657359?page=4&pos=9&cr=55,Budapest XI. kerület kiadó téglalakás 1 szobás: 225 ezer Ft,225.0,44.0,3. emelet,1.0,"Budapest XI. kerület, Infopark, Baranyai u 22",Téglalakás,2025-09-05,rental,5.0,Újszerű,Távfűtés egyedi méréssel,,A+,1970.0,13 000 Ft/hó,Nincs,
https://www.zenga.hu/ingatlan/kiado-teglalakas-budapest-vi-kerulet-diplomatanegyed/8384641?page=4&pos=10&cr=55,Budapest VI. kerület kiadó téglalakás 1 szobás: 210 ezer Ft,210.0,30.0,félemelet,1.0,"Budapest VI. kerület, Diplomatanegyed, Városligeti fasor 8",Téglalakás,2025-09-05,rental,2.0,Jó állapotú,Házközponti,,Nem adta meg a hirdető,1937.0,22 000 Ft/hó,,
https://www.zenga.hu/ingatlan/kiado-teglalakas-budapest-x-kerulet-ohegy/8675661?page=4&pos=5&cr=55,Budapest X. kerület kiadó téglalakás 2+1 fél szobás: 198 ezer Ft,198.0,56.0,földszint,2.0,"Budapest X. kerület, Óhegy",,2025-09-05,rental,,,,,,,,,
https://www.zenga.hu/ingatlan/kiado-tarsashazi-lakas-budapest-ix-kerulet-belso-ferencvaros/8513815?page=4&pos=11&cr=55,Budapest IX. kerület kiadó társasházi lakás 1+1 fél szobás: 250 ezer Ft,250.0,63.0,1. emelet,1.0,"Budapest IX. kerület, Belső Ferencváros",Társasházi lakás,2025-09-05,rental,3.0,Átlagos,Egyéb,,FF (2016-2023-as besorolás),,,Nincs,
https://www.zenga.hu/ingatlan/kiado-tarsashazi-lakas-budapest-vii-kerulet-ligetvaros/8661408?page=4&pos=12&cr=55,Budapest VII. kerület kiadó társasházi lakás 3 szobás: 360 ezer Ft,360.0,69.0,3. emelet,3.0,"Budapest VII. kerület, Ligetváros, 46",Társasházi lakás,2025-09-05,rental,4.0,Felújított,Gázkazán,20 m²,Nem adta meg a hirdető,,,,
https://www.zenga.hu/ingatlan/kiado-tarsashazi-lakas-budapest-xi-kerulet/8614262?page=4&pos=14&cr=51,Budapest XI. kerület kiadó társasházi lakás 3 szobás: 390 ezer Ft,390.0,63.0,1. emelet,3.0,"Budapest XI. kerület, Királyleányka utca",Társasházi lakás,2025-09-05,rental,,Újszerű,Gázkazán,,Nem adta meg a hirdető,,,Nincs,
https://www.zenga.hu/ingatlan/kiado-tarsashazi-lakas-budapest-iv-kerulet/8612889?page=4&pos=15&cr=51,Budapest IV. kerület kiadó társasházi lakás 2 szobás: 200 ezer Ft,200.0,56.0,3. emelet,2.0,"Budapest IV. kerület, Bródy utca",Társasházi lakás,2025-09-05,rental,,Újszerű,Gáz (konvektor),,Nem adta meg a hirdető,,,Nincs,
https://www.zenga.hu/ingatlan/kiado-teglalakas-budapest-xii-kerulet/8482464?page=4&pos=16&cr=50,"Budapest XII. kerület kiadó téglalakás 4 szobás: 1,6 millió Ft",1.6,150.0,1. emelet,4.0,Budapest XII. kerület,Téglalakás,2025-09-05,rental,,Felújított,Gázkazán,,Nem adta meg a hirdető,1990.0,,,
https://www.zenga.hu/ingatlan/kiado-tarsashazi-lakas-budapest-i-kerulet-krisztinavaros-i-ker/8691809?page=4&pos=17&cr=50,Budapest I. kerület kiadó társasházi lakás 3 szobás: 634 ezer Ft,634.0,80.0,1. emelet,3.0,"Budapest I. kerület, Krisztinaváros I. ker.",Társasházi lakás,2025-09-05,rental,7.0,Felújított,Gázkazán,4 m²,C,1915.0,45 000 Ft/hó,,
https://www.zenga.hu/ingatlan/kiado-teglalakas-budapest-xii-kerulet-nemetvolgy/8688468?page=4&pos=19&cr=50,Budapest XII. kerület kiadó téglalakás 2 szobás: 440 ezer Ft,440.0,53.0,4. emelet,2.0,"Budapest XII. kerület, Németvölgy, Királyhágó tér",Téglalakás,2025-09-05,rental,7.0,Új építésű,Mennyezeti hűtés-fűtés,12 m²,A++,2025.0,25 000 Ft/hó,Nincs,
https://www.zenga.hu/ingatlan/kiado-teglalakas-budapest-i-kerulet/8274844?page=4&pos=18&cr=50,Budapest I. kerület kiadó téglalakás 4 szobás: 591 ezer Ft,591.0,150.0,3. emelet,4.0,Budapest I. kerület,Téglalakás,2025-09-05,rental,4.0,Felújított,Gázkazán,,,1950.0,,,
https://www.zenga.hu/ingatlan/kiado-teglalakas-budapest-vi-kerulet-nagykoruton-beluli-terulet/8649109?page=5&pos=1&cr=50,Budapest VI. kerület kiadó téglalakás 2 szobás: 310 ezer Ft,310.0,55.0,2. emelet,2.0,"Budapest VI. kerület, Nagykörúton belüli terület",Téglalakás,2025-09-05,rental,,Felújított,Gázkazán,,Nem adta meg a hirdető,1920.0,,,
https://www.zenga.hu/ingatlan/kiado-teglalakas-budapest-xiv-kerulet-alsorakos/8686953?page=5&pos=2&cr=50,Budapest XIV. kerület kiadó téglalakás 1+1 fél szobás: 250 ezer Ft,250.0,49.0,földszint,1.0,"Budapest XIV. kerület, Alsórákos, Róna utca",Téglalakás,2025-09-05,rental,3.0,Felújított,Elektromos,,A,1930.0,30 000 Ft/hó,Nincs,
https://www.zenga.hu/ingatlan/kiado-teglalakas-budapest-ix-kerulet/8356059?page=5&pos=3&cr=50,Budapest IX. kerület kiadó téglalakás 3 szobás: 350 ezer Ft,350.0,62.0,5. emelet,3.0,Budapest IX. kerület,Téglalakás,2025-09-05,rental,7.0,Újszerű,Házközponti fűtés egyedi méréssel,,Nem adta meg a hirdető,2016.0,,,
https://www.zenga.hu/ingatlan/kiado-teglalakas-budapest-i-kerulet-gellerthegy-i-ker/8565727?page=5&pos=5&cr=50,Budapest I. kerület kiadó téglalakás 2 szobás,392.0,41.0,3. emelet,2.0,"Budapest I. kerület, Gellérthegy I. ker.",Téglalakás,2025-09-05,rental,6.0,Új építésű,Házközponti fűtés egyedi méréssel,,Nem adta meg a hirdető,,,,
https://www.zenga.hu/ingatlan/kiado-teglalakas-budapest-x-kerulet-felsorakos/8679525?page=5&pos=4&cr=50,Budapest X. kerület kiadó téglalakás 1 szobás: 170 ezer Ft,170.0,32.0,3. emelet,1.0,"Budapest X. kerület, Felsőrákos",Téglalakás,2025-09-05,rental,5.0,Jó állapotú,Gáz (konvektor),,D,1960.0,,Nincs,
https://www.zenga.hu/ingatlan/kiado-tarsashazi-lakas-budapest-viii-kerulet/8360243?page=4&pos=20&cr=50,Budapest VIII. kerület kiadó társasházi lakás 2 szobás: 290 ezer Ft,290.0,47.0,4. emelet,2.0,Budapest VIII. kerület,Társasházi lakás,2025-09-05,rental,,Új építésű,,,,,,,
https://www.zenga.hu/ingatlan/kiado-teglalakas-budapest-i-kerulet-vizivaros-i-ker/8648976?page=5&pos=7&cr=50,Budapest I. kerület kiadó téglalakás 4 szobás: 911 ezer Ft,911.0,126.0,3. emelet,4.0,"Budapest I. kerület, Víziváros I. ker.",Téglalakás,2025-09-05,rental,3.0,Jó állapotú,Házközponti fűtés egyedi méréssel,,Nem adta meg a hirdető,2017.0,,,
https://www.zenga.hu/ingatlan/kiado-teglalakas-budapest-i-kerulet-vizivaros-i-ker/8648989?page=5&pos=8&cr=50,Budapest I. kerület kiadó téglalakás 2 szobás: 495 ezer Ft,495.0,55.0,3. emelet,2.0,"Budapest I. kerület, Víziváros I. ker.",Téglalakás,2025-09-05,rental,4.0,Újszerű,Házközponti fűtés egyedi méréssel,,Nem adta meg a hirdető,2017.0,,,
https://www.zenga.hu/ingatlan/kiado-teglalakas-budapest-vii-kerulet-ligetvaros/8613361?page=5&pos=9&cr=50,Budapest VII. kerület kiadó téglalakás 2 szobás: 279 ezer Ft,279.0,68.0,2. emelet,2.0,"Budapest VII. kerület, Ligetváros, Hernád utca 15.",Téglalakás,2025-09-05,rental,3.0,Felújított,Gáz (konvektor),,C,,,,
https://www.zenga.hu/ingatlan/kiado-teglalakas-budapest-i-kerulet-varnegyed/8545877?page=5&pos=10&cr=50,Budapest I. kerület kiadó téglalakás 4 szobás: 871 ezer Ft,871.0,109.0,2. emelet,4.0,"Budapest I. kerület, Várnegyed",Téglalakás,2025-09-05,rental,4.0,Jó állapotú,Gázkazán,"5,2 m²",Nem adta meg a hirdető,,,Nincs,
https://www.zenga.hu/ingatlan/kiado-teglalakas-budapest-iii-kerulet-romai-part/8665668?page=5&pos=11&cr=45,Budapest III. kerület kiadó téglalakás 4 szobás: 790 ezer Ft,790.0,136.0,3. emelet,4.0,"Budapest III. kerület, Római-part, Nánási út",Téglalakás,2025-09-05,rental,3.0,Újszerű,Gázkazán,,A++,2019.0,,,200 m²
https://www.zenga.hu/ingatlan/kiado-teglalakas-budapest-xiii-kerulet/8688374?page=5&pos=12&cr=44,Budapest XIII. kerület kiadó téglalakás 1+1 fél szobás: 250 ezer Ft,250.0,42.0,4. emelet,1.0,"Budapest XIII. kerület, Mór utca",Téglalakás,2025-09-05,rental,5.0,Újszerű,Házközponti fűtés egyedi méréssel,5 m²,Nem adta meg a hirdető,,,,
https://www.zenga.hu/ingatlan/kiado-teglalakas-budapest-ii-kerulet-kurucles/8519870?page=5&pos=13&cr=40,Budapest II. kerület kiadó téglalakás 3 szobás: 630 ezer Ft,630.0,91.0,földszint,3.0,"Budapest II. kerület, Kurucles",Téglalakás,2025-09-05,rental,3.0,Újszerű,Gázkazán,,C,,,,
https://www.zenga.hu/ingatlan/kiado-tarsashazi-lakas-budapest-iii-kerulet-csillaghegy/8683779?page=5&pos=14&cr=40,Budapest III. kerület kiadó társasházi lakás 1+3 fél szobás: 450 ezer Ft,450.0,102.0,földszint,1.0,"Budapest III. kerület, Csillaghegy",Társasházi lakás,2025-09-05,rental,2.0,Felújított,Gázkazán,,Nem adta meg a hirdető,,,,20 m²
https://www.zenga.hu/ingatlan/kiado-teglalakas-budapest-v-kerulet-belvaros/8638365?page=5&pos=15&cr=38,Budapest V. kerület kiadó téglalakás 2+1 fél szobás: 400 ezer Ft,400.0,59.0,félemelet,2.0,"Budapest V. kerület, Belváros, Hold utca",Téglalakás,2025-09-05,rental,5.0,Jó állapotú,Gáz (konvektor),,F,,40 000 Ft/hó,,
https://www.zenga.hu/ingatlan/kiado-teglalakas-budapest-ix-kerulet/8684806?page=5&pos=17&cr=31,Budapest IX. kerület kiadó téglalakás 1 szobás: 189 ezer Ft,189.0,22.0,2. emelet,1.0,"Budapest IX. kerület, Bakáts tér 5",Téglalakás,2025-09-05,rental,5.0,Felújított,Elektromos,,Nem adta meg a hirdető,,,,
https://www.zenga.hu/ingatlan/kiado-egyeb-lakas-budapest-vi-kerulet/8580098?page=5&pos=18&cr=30,Budapest VI. kerület kiadó egyéb lakás 1 szobás,316.0,33.0,3. emelet,1.0,Budapest VI. kerület,Egyéb lakás,2025-09-05,rental,,Felújított,,,Nem adta meg a hirdető,1911.0,,,
https://www.zenga.hu/ingatlan/kiado-teglalakas-budapest-vii-kerulet-nagykoruton-kivuli-terulet/8686891?page=5&pos=19&cr=30,Budapest VII. kerület kiadó téglalakás 1 szobás: 190 ezer Ft,190.0,25.0,földszint,1.0,"Budapest VII. kerület, Külső-Erzsébetváros, Rózsa utca",Téglalakás,2025-09-05,rental,2.0,Felújított,Gáz (konvektor),,Nem adta meg a hirdető,,,,
https://www.zenga.hu/ingatlan/kiado-teglalakas-budapest-ii-kerulet-torokvesz/8433698?page=5&pos=20&cr=30,Budapest II. kerület kiadó téglalakás 3 szobás: 591 ezer Ft,591.0,85.0,1. emelet,3.0,"Budapest II. kerület, Törökvész",Téglalakás,2025-09-05,rental,3.0,Felújított,Házközponti fűtés egyedi méréssel,,Nem adta meg a hirdető,1985.0,,,
https://www.zenga.hu/ingatlan/kiado-teglalakas-budapest-vii-kerulet/8681456?page=6&pos=16&cr=21,Budapest VII. kerület kiadó téglalakás 3 szobás: 400 ezer Ft,400.0,77.0,1. emelet,3.0,Budapest VII. kerület,Téglalakás,2025-09-05,rental,,,,,,,,,
https://www.zenga.hu/ingatlan/kiado-teglalakas-budapest-ix-kerulet-belso-ferencvaros/8680550?page=6&pos=11&cr=23,,,,,,,,2025-09-05,rental,,,,,,,,,
https://www.zenga.hu/ingatlan/kiado-teglalakas-budapest-xv-kerulet/8679148?page=6&pos=20&cr=20,,,,,,,,2025-09-05,rental,,,,,,,,,
https://www.zenga.hu/ingatlan/kiado-teglalakas-budapest-ii-kerulet-pasaret/8652678?page=6&pos=10&cr=23,,396.0,31.0,földszint,1.0,Budapest VI. kerület,Egyéb lakás,2025-09-05,rental,,Felújított,,,Nem adta meg a hirdető,1920.0,,,
https://www.zenga.hu/ingatlan/kiado-egyeb-lakas-budapest-vi-kerulet/8612921?page=6&pos=19&cr=20,Budapest VI. kerület kiadó egyéb lakás 1 szobás: 396 ezer Ft,396.0,31.0,földszint,1.0,Budapest VI. kerület,Egyéb lakás,2025-09-05,rental,,Felújított,,,Nem adta meg a hirdető,1920.0,,,
https://www.zenga.hu/ingatlan/kiado-teglalakas-budapest-ix-kerulet-belso-ferencvaros/8666646?page=6&pos=12&cr=23,,,,,,,,2025-09-05,rental,,,,,,,,,
https://www.zenga.hu/ingatlan/kiado-teglalakas-budapest-xi-kerulet-lagymanyos/8675738?page=7&pos=1&cr=20,,,,,,,,2025-09-05,rental,,,,,,,,,
https://www.zenga.hu/ingatlan/kiado-teglalakas-budapest-xiii-kerulet-angyalfold/8143362?page=7&pos=4&cr=20,Budapest XIII. kerület kiadó téglalakás 3 szobás: 431 ezer Ft,431.0,80.0,6. emelet,3.0,"Budapest XIII. kerület, Angyalföld",Téglalakás,2025-09-05,rental,8.0,Új építésű,Házközponti fűtés egyedi méréssel,,A,,,,
https://www.zenga.hu/ingatlan/kiado-teglalakas-budapest-xviii-kerulet-ganztelep/7931620?page=7&pos=2&cr=20,Budapest XVIII. kerület kiadó téglalakás 2+1 fél szobás: 270 ezer Ft,270.0,80.0,1. emelet,2.0,"Budapest XVIII. kerület, Ganztelep",Téglalakás,2025-09-05,rental,2.0,Átlagos,Házközponti,3 m²,D,1978.0,,,
https://www.zenga.hu/ingatlan/kiado-teglalakas-budapest-xiv-kerulet-istvanmezo/8676447?page=7&pos=5&cr=20,Budapest XIV. kerület kiadó téglalakás 2 szobás: 225 ezer Ft,225.0,47.0,földszint,2.0,"Budapest XIV. kerület, Istvánmező, Abonyi utca",Téglalakás,2025-09-05,rental,5.0,Felújított,Gázkazán,,E,1935.0,,,
https://www.zenga.hu/ingatlan/kiado-teglalakas-budapest-iii-kerulet-obuda/8662771?page=7&pos=8&cr=20,"Budapest III. kerület kiadó téglalakás 4 szobás: 1,28 millió Ft",1.28,120.0,földszint,4.0,"Budapest III. kerület, Óbuda, Perényi út",Téglalakás,2025-09-05,rental,2.0,Új építésű,Mennyezeti hűtés-fűtés,,A+++,2024.0,,,30 m²
https://www.zenga.hu/ingatlan/kiado-teglalakas-budapest-ix-kerulet/8630253?page=7&pos=6&cr=20,Budapest IX. kerület kiadó téglalakás 3 szobás: 490 ezer Ft,490.0,60.0,8. emelet,3.0,"Budapest IX. kerület, Vágóhíd utca",Téglalakás,2025-09-05,rental,9.0,Új építésű,Házközponti fűtés egyedi méréssel,,A+,,,,
https://www.zenga.hu/ingatlan/kiado-teglalakas-budapest-iii-kerulet/8685367?page=7&pos=9&cr=16,Budapest III. kerület kiadó téglalakás 4 szobás: 350 ezer Ft,350.0,71.0,földszint,4.0,Budapest III. kerület,Téglalakás,2025-09-05,rental,,,,,,,,,
https://www.zenga.hu/ingatlan/kiado-teglalakas-budapest-viii-kerulet/8636803?page=7&pos=3&cr=20,Budapest VIII. kerület kiadó téglalakás 2 szobás: 250 ezer Ft,,,,,,,2025-09-05,rental,,,,,,,,,
https://www.zenga.hu/ingatlan/kiado-teglalakas-budapest-ii-kerulet-szepilona/8687113?page=7&pos=10&cr=15,Budapest II. kerület kiadó téglalakás 2 szobás: 436 ezer Ft,436.0,47.0,1. emelet,2.0,"Budapest II. kerület, Szépilona, Budakeszi út",Téglalakás,2025-09-05,rental,5.0,Újszerű,Házközponti fűtés egyedi méréssel,,Nem adta meg a hirdető,,80 000 Ft/hó,,17 m²
https://www.zenga.hu/ingatlan/kiado-teglalakas-budapest-vi-kerulet/8141030?page=7&pos=11&cr=15,Budapest VI. kerület kiadó téglalakás 2 szobás: 950 ezer Ft,950.0,80.0,1. emelet,2.0,Budapest VI. kerület,Téglalakás,2025-09-05,rental,,Felújított,Központi fűtés,,Nem adta meg a hirdető,,,,
https://www.zenga.hu/ingatlan/kiado-teglalakas-budapest-xi-kerulet-sasad-sashegy-xi-ker/8645189?page=7&pos=12&cr=15,,,,,,,,2025-09-05,rental,,,,,,,,,
https://www.zenga.hu/ingatlan/kiado-teglalakas-budapest-vii-kerulet-ligetvaros/8682747?page=7&pos=7&cr=20,Budapest VII. kerület kiadó téglalakás 2 szobás: 160 ezer Ft,,,,,,,2025-09-05,rental,,,,,,,,,
https://www.zenga.hu/ingatlan/kiado-teglalakas-budapest-ii-kerulet-budaliget/8657205?page=7&pos=14&cr=15,Budapest II. kerület kiadó téglalakás 3 szobás: 360 ezer Ft,360.0,70.0,földszint,,,,2025-09-05,rental,,,,,,,,,
https://www.zenga.hu/ingatlan/kiado-teglalakas-budapest-xiv-kerulet-torokor/8624089?page=7&pos=15&cr=15,Budapest XIV. kerület kiadó téglalakás 1 szobás: 220 ezer Ft,220.0,33.0,2. emelet,1.0,"Budapest XIV. kerület, Törökőr, Bíbor utca 7",Téglalakás,2025-09-05,rental,5.0,Új építésű,Házközponti fűtés egyedi méréssel,10 m²,Nem adta meg a hirdető,,,,
https://www.zenga.hu/ingatlan/kiado-egyeb-lakas-budapest-xiii-kerulet/8274397?page=7&pos=17&cr=13,Budapest XIII. kerület kiadó egyéb lakás 3 szobás: 832 ezer Ft,832.0,100.0,6. emelet,3.0,Budapest XIII. kerület,Egyéb lakás,2025-09-05,rental,,Újszerű,Házközponti fűtés egyedi méréssel,,Nem adta meg a hirdető,,,,
https://www.zenga.hu/ingatlan/kiado-teglalakas-budapest-ii-kerulet-torokvesz/8668334?page=7&pos=18&cr=13,Budapest II. kerület kiadó téglalakás 2+1 fél szobás: 390 ezer Ft,390.0,67.0,2. emelet,2.0,"Budapest II. kerület, Törökvész",Téglalakás,2025-09-05,rental,3.0,Felújított,Gázkazán,4 m²,Nem adta meg a hirdető,,,,
https://www.zenga.hu/ingatlan/kiado-teglalakas-budapest-xii-kerulet-nemetvolgy/8611094?page=7&pos=19&cr=13,Budapest XII. kerület kiadó téglalakás 2+2 fél szobás: 560 ezer Ft,560.0,90.0,3. emelet,2.0,"Budapest XII. kerület, Németvölgy",Téglalakás,2025-09-05,rental,6.0,Felújított,Házközponti,7 m²,Nem adta meg a hirdető,,,,
https://www.zenga.hu/ingatlan/kiado-teglalakas-budapest-vi-kerulet-nagykoruton-beluli-terulet/8613363?page=7&pos=16&cr=15,Budapest VI. kerület kiadó téglalakás 2 szobás: 349 ezer Ft,349.0,54.0,2. emelet,2.0,"Budapest VI. kerület, Nagykörúton belüli terület, Teréz körút",Téglalakás,2025-09-05,rental,3.0,Felújított,,,,,,,
https://www.zenga.hu/ingatlan/kiado-panellakas-budapest-xi-kerulet-kelenfold/8513638?page=7&pos=20&cr=13,,,,,,,,2025-09-05,rental,,,,,,,,,
https://www.zenga.hu/ingatlan/kiado-egyeb-lakas-budapest-ii-kerulet/8621921?page=8&pos=3&cr=11,"Budapest II. kerület kiadó egyéb lakás 4 szobás: 1,43 millió Ft",1.43,139.0,3. emelet,4.0,Budapest II. kerület,Egyéb lakás,2025-09-05,rental,,,,,Nem adta meg a hirdető,2006.0,,,
https://www.zenga.hu/ingatlan/kiado-teglalakas-budapest-xi-kerulet-albertfalva/8651352?page=7&pos=13&cr=15,Budapest XI. kerület kiadó téglalakás 2 szobás: 265 ezer Ft,,,,,Budapest VI. kerület,Téglalakás,2025-09-05,rental,,Felújított,Gázkazán,,Nem adta meg a hirdető,1901.0,,,
https://www.zenga.hu/ingatlan/kiado-teglalakas-budapest-vi-kerulet/8624385?page=8&pos=2&cr=11,Budapest VI. kerület kiadó téglalakás 2 szobás: 300 ezer Ft,300.0,70.0,3. emelet,2.0,Budapest VI. kerület,Téglalakás,2025-09-05,rental,,Felújított,Gázkazán,,Nem adta meg a hirdető,1901.0,,,
https://www.zenga.hu/ingatlan/kiado-teglalakas-budapest-vi-kerulet/8487394?page=8&pos=4&cr=10,"Budapest VI. kerület kiadó téglalakás 4 szobás: 1,97 millió Ft",1.97,160.0,4. emelet,4.0,Budapest VI. kerület,Téglalakás,2025-09-05,rental,1.0,Újszerű,Gázkazán,,Nem adta meg a hirdető,,,,
https://www.zenga.hu/ingatlan/kiado-teglalakas-budapest-v-kerulet/7786983?page=8&pos=5&cr=10,"Budapest V. kerület kiadó téglalakás 3 szobás: 1,65 millió Ft",1.65,122.0,2. emelet,3.0,Budapest V. kerület,Téglalakás,2025-09-05,rental,3.0,Újszerű,Gázkazán,,Nem adta meg a hirdető,,,,
https://www.zenga.hu/ingatlan/kiado-teglalakas-budapest-xiv-kerulet-istvanmezo/8587265?page=8&pos=6&cr=10,Budapest XIV. kerület kiadó téglalakás 2 szobás: 280 ezer Ft,280.0,65.0,földszint,2.0,"Budapest XIV. kerület, Istvánmező",Téglalakás,2025-09-05,rental,3.0,Felújított,Fan coil,,G,1910.0,,,
https://www.zenga.hu/ingatlan/kiado-teglalakas-budapest-xiii-kerulet-angyalfold/8138869?page=8&pos=7&cr=10,Budapest XIII. kerület kiadó téglalakás 2 szobás: 290 ezer Ft,290.0,46.0,1. emelet,2.0,"Budapest XIII. kerület, Angyalföld",Téglalakás,2025-09-05,rental,6.0,Új építésű,Házközponti fűtés egyedi méréssel,,Nem adta meg a hirdető,2023.0,,,
https://www.zenga.hu/ingatlan/kiado-teglalakas-budapest-vi-kerulet/8654445?page=8&pos=8&cr=10,Budapest VI. kerület kiadó téglalakás 1+1 fél szobás,317.0,49.0,1. emelet,1.0,"Budapest VI. kerület, Andrássy út",Téglalakás,2025-09-05,rental,3.0,Felújított,Elektromos,,Nem adta meg a hirdető,,,,
https://www.zenga.hu/ingatlan/kiado-teglalakas-budapest-iii-kerulet-obuda/8583070?page=8&pos=1&cr=12,,,,,,Budapest VI. kerület,Téglalakás,2025-09-05,rental,,Átlagos,Gázkazán,,Nem adta meg a hirdető,,,,
https://www.zenga.hu/ingatlan/kiado-teglalakas-budapest-vi-kerulet/8573784?page=8&pos=10&cr=10,Budapest VI. kerület kiadó téglalakás 2 szobás: 450 ezer Ft,450.0,67.0,3. emelet,2.0,Budapest VI. kerület,Téglalakás,2025-09-05,rental,,Átlagos,Gázkazán,,Nem adta meg a hirdető,,,,
https://www.zenga.hu/ingatlan/kiado-teglalakas-budapest-vi-kerulet-nagykoruton-kivuli-terulet/8613364?page=8&pos=11&cr=10,Budapest VI. kerület kiadó téglalakás 3 szobás: 399 ezer Ft,399.0,66.0,2. emelet,3.0,"Budapest VI. kerület, Nagykörúton kívüli terület, Zichy Jenő",Téglalakás,2025-09-05,rental,5.0,Új építésű,Házközponti fűtés egyedi méréssel,,B,2021.0,,,20 m²
https://www.zenga.hu/ingatlan/kiado-teglalakas-budapest-ii-kerulet-lipotmezo/8344174?page=8&pos=12&cr=10,Budapest II. kerület kiadó téglalakás 3+2 fél szobás: 594 ezer Ft,594.0,130.0,1. emelet,3.0,"Budapest II. kerület, Lipótmező, Széher út",Téglalakás,2025-09-05,rental,3.0,Felújított,Gázkazán,,Nem adta meg a hirdető,,,,
https://www.zenga.hu/ingatlan/kiado-teglalakas-budapest-xiii-kerulet-ujlipotvaros/8414885?page=8&pos=13&cr=9,Budapest XIII. kerület kiadó téglalakás 3 szobás: 380 ezer Ft,380.0,82.0,félemelet,3.0,"Budapest XIII. kerület, Újlipótváros",Téglalakás,2025-09-05,rental,5.0,Felújított,Távfűtés egyedi méréssel,,Nem adta meg a hirdető,,,,
https://www.zenga.hu/ingatlan/kiado-panellakas-budapest-xi-kerulet/8663380?page=8&pos=17&cr=6,Budapest XI. kerület kiadó panellakás 3 szobás: 250 ezer Ft,250.0,56.0,6. emelet,3.0,Budapest XI. kerület,Panellakás,2025-09-05,rental,10.0,Felújított,Távfűtés egyedi méréssel,,Nem adta meg a hirdető,1981.0,,,
https://www.zenga.hu/ingatlan/kiado-teglalakas-budapest-xiii-kerulet-vizafogo/8613981?page=8&pos=9&cr=10,Budapest XIII. kerület kiadó téglalakás 3 szobás: 495 ezer Ft,495.0,65.0,5. emelet,,"Budapest XI. kerület, Hosszúrét",Téglalakás,2025-09-05,rental,2.0,Felújított,Gázkazán,,Nem adta meg a hirdető,2006.0,,,
https://www.zenga.hu/ingatlan/kiado-teglalakas-budapest-xiii-kerulet/8607600?page=8&pos=14&cr=6,Budapest XIII. kerület kiadó téglalakás 4+1 fél szobás: 450 ezer Ft,450.0,123.0,4. emelet,4.0,Budapest XIII. kerület,Téglalakás,2025-09-05,rental,,Felújított,Gázkazán,,,1900.0,,,
https://www.zenga.hu/ingatlan/kiado-teglalakas-budapest-xi-kerulet-hosszuret/8679199?page=8&pos=18&cr=6,Budapest XI. kerület kiadó téglalakás 4 szobás: 450 ezer Ft,450.0,100.0,földszint,4.0,"Budapest XI. kerület, Hosszúrét",Téglalakás,2025-09-05,rental,2.0,Felújított,Gázkazán,,,2006.0,,,
https://www.zenga.hu/ingatlan/kiado-teglalakas-budapest-i-kerulet-varnegyed/8595499?page=9&pos=6&cr=5,Budapest I. kerület kiadó téglalakás 3 szobás: 673 ezer Ft,673.0,105.0,3. emelet,3.0,"Budapest I. kerület, Várnegyed, Logodi utca 19/b",Téglalakás,2025-09-05,rental,4.0,Felújított,Gázkazán,,Nem adta meg a hirdető,,,,
https://www.zenga.hu/ingatlan/kiado-teglalakas-budapest-ii-kerulet/8646741?page=9&pos=3&cr=5,Budapest II. kerület kiadó téglalakás 1 szobás: 259 ezer Ft,259.0,36.0,,,,,2025-09-05,rental,,,,,,,,,
https://www.zenga.hu/ingatlan/kiado-teglalakas-budapest-ii-kerulet/8686230?page=9&pos=4&cr=5,Budapest II. kerület kiadó téglalakás 3 szobás,356.0,87.0,1. emelet,3.0,Budapest II. kerület,Téglalakás,2025-09-05,rental,,Jó állapotú,Gázkazán,,Nem adta meg a hirdető,1962.0,,,
https://www.zenga.hu/ingatlan/kiado-teglalakas-budapest-iii-kerulet-ujlak-iii-ker/8081649?page=9&pos=2&cr=5,Budapest III. kerület kiadó téglalakás 3 szobás: 320 ezer Ft,320.0,75.0,5. emelet,3.0,"Budapest III. kerület, Újlak III. ker.",Téglalakás,2025-09-05,rental,6.0,Újszerű,Gázkazán,8 m²,Nem adta meg a hirdető,2010.0,,Nincs,
https://www.zenga.hu/ingatlan/kiado-teglalakas-budapest-ii-kerulet-szemlohegy/8547207?page=8&pos=20&cr=6,Budapest II. kerület kiadó téglalakás 4+1 fél szobás: 650 ezer Ft,650.0,124.0,2. emelet,4.0,"Budapest II. kerület, Szemlőhegy",Téglalakás,2025-09-05,rental,4.0,Újszerű,Gázkazán,14 m²,B,2003.0,,,14 m²
https://www.zenga.hu/ingatlan/kiado-teglalakas-budapest-viii-kerulet-tisztviselotelep/8690039?page=9&pos=7&cr=5,Budapest VIII. kerület kiadó téglalakás 3 szobás: 260 ezer Ft,260.0,60.0,3. emelet,3.0,"Budapest VIII. kerület, Tisztviselőtelep, Orczy út 15.",Téglalakás,2025-09-05,rental,10.0,Felújított,Házközponti,3 m²,Nem adta meg a hirdető,,,,
https://www.zenga.hu/ingatlan/kiado-panellakas-budapest-xv-kerulet/8680671?page=8&pos=16&cr=6,,375.0,110.0,2. emelet,3.0,"Budapest VI. kerület, Szív utca",Téglalakás,2025-09-05,rental,3.0,Átlagos,Gázkazán,,Nem adta meg a hirdető,,,,
https://www.zenga.hu/ingatlan/kiado-teglalakas-budapest-ii-kerulet-kurucles/8563794?page=9&pos=1&cr=6,Budapest II. kerület kiadó téglalakás 3 szobás: 745 ezer Ft,745.0,80.0,2. emelet,3.0,"Budapest II. kerület, Kurucles, Tárogató út 6.",Téglalakás,2025-09-05,rental,,,,,,,,,
https://www.zenga.hu/ingatlan/kiado-egyeb-lakas-budapest-viii-kerulet-palotanegyed/8638229?page=9&pos=9&cr=5,Budapest VIII. kerület kiadó egyéb lakás 2 szobás: 230 ezer Ft,230.0,64.0,2. emelet,2.0,"Budapest VIII. kerület, Palotanegyed, Bródy Sándor utca",Egyéb lakás,2025-09-05,rental,,Átlagos,Gáz (konvektor),,,,,,
https://www.zenga.hu/ingatlan/kiado-teglalakas-budapest-vii-kerulet-nagykoruton-beluli-terulet/8637898?page=9&pos=11&cr=5,Budapest VII. kerület kiadó téglalakás 3 szobás: 594 ezer Ft,594.0,65.0,4. emelet,3.0,"Budapest VII. kerület, Belső-Erzsébetváros, Síp utca 9.",Téglalakás,2025-09-05,rental,5.0,Felújított,Padlófűtés,,Nem adta meg a hirdető,,75 000 Ft/hó,,
https://www.zenga.hu/ingatlan/kiado-teglalakas-budapest-v-kerulet-belvaros/8542733?page=9&pos=8&cr=5,Budapest V. kerület kiadó téglalakás 2 szobás: 436 ezer Ft,436.0,62.0,5. emelet,2.0,"Budapest V. kerület, Belváros",Téglalakás,2025-09-05,rental,5.0,Felújított,Házközponti fűtés egyedi méréssel,,,,,,
https://www.zenga.hu/ingatlan/kiado-teglalakas-budapest-xviii-kerulet/8687995?page=9&pos=10&cr=5,Budapest XVIII. kerület kiadó téglalakás 3 szobás: 280 ezer Ft,280.0,66.0,1. emelet,3.0,Budapest XVIII. kerület,Téglalakás,2025-09-05,rental,,Jó állapotú,Házközponti fűtés egyedi méréssel,,Nem adta meg a hirdető,2009.0,,,
https://www.zenga.hu/ingatlan/kiado-teglalakas-budapest-vi-kerulet/8649846?page=9&pos=5&cr=5,Budapest VI. kerület kiadó téglalakás 3 szobás: 375 ezer Ft,375.0,110.0,2. emelet,3.0,"Budapest VI. kerület, Szív utca",Téglalakás,2025-09-05,rental,3.0,Átlagos,Gázkazán,,,,,,
https://www.zenga.hu/ingatlan/kiado-teglalakas-budapest-ii-kerulet-rozsadomb/8641706?page=9&pos=12&cr=5,Budapest II. kerület kiadó téglalakás 2 szobás: 396 ezer Ft,396.0,52.0,2. emelet,2.0,"Budapest II. kerület, Rózsadomb",Téglalakás,2025-09-05,rental,,Jó állapotú,Házközponti fűtés egyedi méréssel,,Nem adta meg a hirdető,2005.0,,,
https://www.zenga.hu/ingatlan/kiado-teglalakas-budapest-ix-kerulet/8682334?page=9&pos=16&cr=5,Budapest IX. kerület kiadó téglalakás 1 szobás: 230 ezer Ft,230.0,37.0,1. emelet,1.0,"Budapest IX. kerület, Ráday utca",Téglalakás,2025-09-05,rental,3.0,Felújított,Gáz (konvektor),,Nem adta meg a hirdető,,,,
https://www.zenga.hu/ingatlan/kiado-teglalakas-budapest-xx-kerulet/8565040?page=9&pos=15&cr=5,Budapest XX. kerület kiadó téglalakás 2 szobás: 210 ezer Ft,210.0,52.0,2. emelet,2.0,"Budapest XX. kerület, Szegfű utca",Téglalakás,2025-09-05,rental,4.0,Felújított,Házközponti fűtés egyedi méréssel,3 m²,Nem adta meg a hirdető,,,,
https://www.zenga.hu/ingatlan/kiado-teglalakas-budapest-vi-kerulet/8307219?page=9&pos=17&cr=5,Budapest VI. kerület kiadó téglalakás 3 szobás: 792 ezer Ft,792.0,106.0,földszint,3.0,Budapest VI. kerület,Téglalakás,2025-09-05,rental,,Felújított,Egyéb,,Nem adta meg a hirdető,2010.0,,,
https://www.zenga.hu/ingatlan/kiado-panellakas-budapest-xv-kerulet/8680517?page=9&pos=18&cr=5,Budapest XV. kerület kiadó panellakás 1 szobás: 200 ezer Ft,200.0,35.0,7. emelet,1.0,"Budapest XV. kerület, Nyírpalota út",Panellakás,2025-09-05,rental,,Átlagos,,,,,,,
https://www.zenga.hu/ingatlan/kiado-teglalakas-budapest-ix-kerulet-rehabilitacios-terulet-ix-/8635624?page=9&pos=19&cr=5,Budapest IX. kerület kiadó téglalakás 2 szobás: 681 ezer Ft,681.0,59.0,6. emelet,2.0,"Budapest IX. kerület, Rehabilitációs terület IX. ker.",Téglalakás,2025-09-05,rental,,Új építésű,Távfűtés egyedi méréssel,,Nem adta meg a hirdető,2024.0,,,"13,2 m²"
https://www.zenga.hu/ingatlan/kiado-teglalakas-budapest-vi-kerulet/8213458?page=9&pos=20&cr=5,Budapest VI. kerület kiadó téglalakás 3 szobás: 693 ezer Ft,693.0,65.0,3. emelet,3.0,Budapest VI. kerület,Téglalakás,2025-09-05,rental,,,Gázkazán,,Nem adta meg a hirdető,1900.0,,,
https://www.zenga.hu/ingatlan/kiado-teglalakas-budapest-ix-kerulet-belso-ferencvaros/8686861?page=9&pos=14&cr=5,Budapest IX. kerület kiadó téglalakás 2 szobás: 320 ezer Ft,320.0,50.0,4. emelet,2.0,"Budapest IX. kerület, Belső Ferencváros, Vaskapu utca 32.",Téglalakás,2025-09-05,rental,8.0,Új építésű,,,,,,,
https://www.zenga.hu/ingatlan/kiado-teglalakas-budapest-xi-kerulet-nadorkert/8662098?page=10&pos=1&cr=5,,,,,,,,2025-09-05,rental,,,,,,,,,
https://www.zenga.hu/ingatlan/kiado-teglalakas-budapest-ix-kerulet-belso-ferencvaros/8650343?page=10&pos=3&cr=5,Budapest IX. kerület kiadó téglalakás 4+1 fél szobás: 640 ezer Ft,640.0,185.0,5. emelet,4.0,"Budapest IX. kerület, Belső Ferencváros, Közraktár utca 10.",Téglalakás,2025-09-05,rental,6.0,Felújított,Gázkazán,10 m²,Nem adta meg a hirdető,,,,
https://www.zenga.hu/ingatlan/kiado-teglalakas-budapest-xiv-kerulet-istvanmezo/8517299?page=10&pos=4,"Budapest XIV. kerület kiadó téglalakás 3 szobás: 1,05 millió Ft",1.05,80.0,földszint,3.0,"Budapest XIV. kerület, Istvánmező",Téglalakás,2025-09-05,rental,2.0,Felújított,,,Nem adta meg a hirdető,1900.0,,,24 m²
https://www.zenga.hu/ingatlan/kiado-teglalakas-budapest-xi-kerulet/8588302?page=10&pos=6,Budapest XI. kerület kiadó téglalakás 4 szobás: 700 ezer Ft,700.0,104.0,3. emelet,4.0,Budapest XI. kerület,Téglalakás,2025-09-05,rental,,Újszerű,Házközponti fűtés egyedi méréssel,,Nem adta meg a hirdető,2021.0,,,
https://www.zenga.hu/ingatlan/kiado-teglalakas-budapest-iv-kerulet-ujpest/8668308?page=10&pos=7,Budapest IV. kerület kiadó téglalakás 1+1 fél szobás: 260 ezer Ft,260.0,34.0,2. emelet,1.0,"Budapest IV. kerület, Újpest, Wolfner utca",Téglalakás,2025-09-05,rental,,Újszerű,Házközponti fűtés egyedi méréssel,,Nem adta meg a hirdető,,,,
https://www.zenga.hu/ingatlan/kiado-teglalakas-budapest-viii-kerulet-corvin-negyed/8662097?page=9&pos=13&cr=5,Kiadó 3 szobás téglalakás Budapest VIII. kerületben,,55.0,6. emelet,2.0,"Budapest XIII. kerület, Marina Part lakópark",Téglalakás,2025-09-05,rental,7.0,Újszerű,Házközponti fűtés egyedi méréssel,,,,,,14 m²
https://www.zenga.hu/ingatlan/kiado-egyeb-lakas-budapest-iii-kerulet/8668733?page=10&pos=9,"Budapest III. kerület kiadó egyéb lakás 4+2 fél szobás: 2,5 millió Ft",2.5,300.0,földszint,4.0,"Budapest III. kerület, Királyok útja",Egyéb lakás,2025-09-05,rental,2.0,Új építésű,,,Nem adta meg a hirdető,,,,
https://www.zenga.hu/ingatlan/kiado-teglalakas-budapest-xiii-kerulet/8653522?page=10&pos=2&cr=5,Budapest XIII. kerület kiadó téglalakás 2 szobás: 350 ezer Ft,350.0,55.0,6. emelet,2.0,"Budapest XIII. kerület, Marina Part lakópark",Téglalakás,2025-09-05,rental,7.0,Újszerű,Házközponti fűtés egyedi méréssel,,,,,,
https://www.zenga.hu/ingatlan/kiado-tarsashazi-lakas-budapest-xvi-kerulet/8668209?page=10&pos=10,,,,,,,,2025-09-05,rental,,,,,,,,,
https://www.zenga.hu/ingatlan/kiado-teglalakas-budapest-viii-kerulet/8673399?page=10&pos=12,,,,,,,,2025-09-05,rental,,,,,,,,,
https://www.zenga.hu/ingatlan/kiado-teglalakas-budapest-ii-kerulet/8678960?page=10&pos=11,Budapest II. kerület kiadó téglalakás 1+1 fél szobás: 235 ezer Ft,235.0,48.0,félemelet,1.0,Budapest II. kerület,Téglalakás,2025-09-05,rental,,Jó állapotú,Gázkazán,,D,1930.0,,,
https://www.zenga.hu/ingatlan/kiado-panellakas-budapest-x-kerulet/8690388?page=10&pos=8,Budapest X. kerület kiadó panellakás 1+2 fél szobás: 295 ezer Ft,295.0,58.0,1. emelet,1.0,"Budapest X. kerület, Gyakorló utca",,2025-09-05,rental,,,,,,,,,
https://www.zenga.hu/ingatlan/kiado-panellakas-budapest-xxi-kerulet/8649045?page=10&pos=13,Budapest XXI. kerület kiadó panellakás 1 szobás: 160 ezer Ft,160.0,33.0,földszint,1.0,"Budapest XXI. kerület, Vénusz utca",Panellakás,2025-09-05,rental,4.0,Felújított,Gáz (konvektor),,D,,,,
https://www.zenga.hu/ingatlan/kiado-teglalakas-budapest-xviii-kerulet/8692277?page=10&pos=15,Budapest XVIII. kerület kiadó téglalakás 3 szobás: 280 ezer Ft,280.0,66.0,1. emelet,3.0,Budapest XVIII. kerület,Téglalakás,2025-09-05,rental,,Jó állapotú,Házközponti,,Nem adta meg a hirdető,2009.0,,,
https://www.zenga.hu/ingatlan/kiado-teglalakas-budapest-viii-kerulet/8692294?page=10&pos=14,Budapest VIII. kerület kiadó téglalakás 1 szobás: 250 ezer Ft,250.0,29.0,földszint,1.0,Budapest VIII. kerület,Téglalakás,2025-09-05,rental,,Felújított,Házközponti,,Nem adta meg a hirdető,1900.0,,,
https://www.zenga.hu/ingatlan/kiado-teglalakas-budapest-v-kerulet/8449075?page=10&pos=16,Budapest V. kerület kiadó téglalakás 3 szobás: 500 ezer Ft,500.0,76.0,félemelet,3.0,Budapest V. kerület,Téglalakás,2025-09-05,rental,5.0,Újszerű,Elektromos,,Nem adta meg a hirdető,1911.0,,,
https://www.zenga.hu/ingatlan/kiado-teglalakas-budapest-iv-kerulet-ujpest/8611676?page=10&pos=17,Budapest IV. kerület kiadó téglalakás 2+2 fél szobás: 350 ezer Ft,350.0,75.0,földszint,2.0,"Budapest IV. kerület, Újpest",Téglalakás,2025-09-05,rental,4.0,Felújított,Távfűtés,,Nem adta meg a hirdető,1960.0,,,
https://www.zenga.hu/ingatlan/kiado-teglalakas-budapest-ix-kerulet/8603737?page=10&pos=19,"Budapest IX. kerület kiadó téglalakás 4 szobás: 1,02 millió Ft",1.02,146.0,2. emelet,4.0,Budapest IX. kerület,Téglalakás,2025-09-05,rental,8.0,Újszerű,Fan coil,,Nem adta meg a hirdető,2011.0,,,13 m²
https://www.zenga.hu/ingatlan/kiado-teglalakas-budapest-v-kerulet-belvaros/7378902?page=10&pos=18,"Budapest V. kerület kiadó téglalakás 4 szobás: 1,58 millió Ft",1.58,217.0,3. emelet,4.0,"Budapest V. kerület, Belváros",Téglalakás,2025-09-05,rental,5.0,Újszerű,Gázkazán,,Nem adta meg a hirdető,,,,
https://www.zenga.hu/ingatlan/kiado-teglalakas-budapest-xiii-kerulet/8692084?page=10&pos=20,Budapest XIII. kerület kiadó téglalakás 3 szobás: 250 ezer Ft,250.0,47.0,tetőtér,3.0,Budapest XIII. kerület,Téglalakás,2025-09-05,rental,3.0,Újszerű,Elektromos,10 m²,Nem adta meg a hirdető,1960.0,,,
https://www.zenga.hu/ingatlan/kiado-egyeb-lakas-budapest-xiii-kerulet-ujlipotvaros/8645271?page=11&pos=14,Budapest XIII. kerület kiadó egyéb lakás 2+1 fél szobás: 280 ezer Ft,280.0,78.0,1. emelet,2.0,"Budapest XIII. kerület, Újlipótváros, Hegedűs Gyula utca",Egyéb lakás,2025-09-05,rental,6.0,Átlagos,Távfűtés,,E,1948.0,,,
https://www.zenga.hu/ingatlan/kiado-teglalakas-budapest-ii-kerulet-pasaret/8433807?page=11&pos=8,,280.0,,,,,,2025-09-05,rental,,,,,,,,,
https://www.zenga.hu/ingatlan/kiado-teglalakas-budapest-xii-kerulet-kissvabhegy/8690384?page=11&pos=17,,,,,,,,2025-09-05,rental,,,,,,,,,
https://www.zenga.hu/ingatlan/kiado-teglalakas-budapest-xi-kerulet-szentimrevaros/8691999?page=11&pos=16,Budapest XI. kerület kiadó téglalakás 4 szobás: 550 ezer Ft,,,,,,,2025-09-05,rental,,,,,,,,,
https://www.zenga.hu/ingatlan/kiado-teglalakas-budapest-xiii-kerulet-angyalfold/8689641?page=11&pos=19,Budapest XIII. kerület kiadó téglalakás 2 szobás: 250 ezer Ft,250.0,39.0,3. emelet,2.0,"Budapest XIII. kerület, Angyalföld, Kucsma utca",Téglalakás,2025-09-05,rental,3.0,Újszerű,Házközponti fűtés egyedi méréssel,,Nem adta meg a hirdető,2018.0,,,
https://www.zenga.hu/ingatlan/kiado-teglalakas-budapest-i-kerulet/8692720?page=11&pos=20,,,,,,,,2025-09-05,rental,,,,,,,,,
https://www.zenga.hu/ingatlan/kiado-teglalakas-budapest-xiii-kerulet-angyalfold/8693252?page=12&pos=2,Budapest XIII. kerület kiadó téglalakás 3 szobás: 490 ezer Ft,490.0,88.0,6. emelet,3.0,"Budapest XIII. kerület, Angyalföld",Téglalakás,2025-09-05,rental,6.0,Újszerű,Házközponti fűtés egyedi méréssel,,Nem adta meg a hirdető,2011.0,,,80 m²
https://www.zenga.hu/ingatlan/kiado-panellakas-budapest-xi-kerulet/8548073?page=12&pos=4,,,,,,,,2025-09-05,rental,,,,,,,,,
https://www.zenga.hu/ingatlan/kiado-teglalakas-budapest-ix-kerulet-rehabilitacios-terulet-ix-/8673777?page=12&pos=6,Budapest IX. kerület kiadó téglalakás 2 szobás: 320 ezer Ft,320.0,80.0,földszint,2.0,"Budapest IX. kerület, Rehabilitációs terület IX. ker.",Téglalakás,2025-09-05,rental,,Felújított,Gázkazán,,Nem adta meg a hirdető,1900.0,,,
https://www.zenga.hu/ingatlan/kiado-teglalakas-budapest-xiii-kerulet-vizafogo/8691393?page=12&pos=8,Budapest XIII. kerület kiadó téglalakás 2 szobás: 320 ezer Ft,320.0,42.0,4. emelet,2.0,"Budapest XIII. kerület, Vizafogó, Csavargyár utca",Téglalakás,2025-09-05,rental,,Újszerű,Központi fűtés,,Nem adta meg a hirdető,,,,
https://www.zenga.hu/ingatlan/kiado-teglalakas-budapest-xiv-kerulet/8693214?page=12&pos=9,Budapest XIV. kerület kiadó téglalakás 2 szobás: 240 ezer Ft,240.0,52.0,1. emelet,2.0,Budapest XIV. kerület,Téglalakás,2025-09-05,rental,,Felújított,Távfűtés,,Nem adta meg a hirdető,1940.0,,Nincs,
https://www.zenga.hu/ingatlan/kiado-teglalakas-budapest-vii-kerulet/8610832?page=12&pos=1,,,,,,,,2025-09-05,rental,,,,,,,,,
https://www.zenga.hu/ingatlan/kiado-teglalakas-budapest-i-kerulet/8644904?page=12&pos=10,,,,,,,,2025-09-05,rental,,,,,,,,,
https://www.zenga.hu/ingatlan/kiado-teglalakas-budapest-vi-kerulet/8528374?page=12&pos=11,Budapest VI. kerület kiadó téglalakás 1 szobás: 230 ezer Ft,230.0,34.0,1. emelet,1.0,"Budapest VI. kerület, Benczúr utca",Téglalakás,2025-09-05,rental,3.0,Jó állapotú,Gáz (konvektor),,Nem adta meg a hirdető,1910.0,,,
https://www.zenga.hu/ingatlan/kiado-teglalakas-budapest-ii-kerulet/8506777?page=12&pos=14,Budapest II. kerület kiadó téglalakás 2+1 fél szobás: 500 ezer Ft,500.0,74.0,2. emelet,2.0,Budapest II. kerület,Téglalakás,2025-09-05,rental,,Felújított,Házközponti fűtés egyedi méréssel,,Nem adta meg a hirdető,1940.0,,,
https://www.zenga.hu/ingatlan/kiado-panellakas-budapest-ii-kerulet-zoldmal/8692866?page=12&pos=3,,,,,,"Budapest VI. kerület, Rózsa utca",Téglalakás,2025-09-05,rental,,Felújított,Elektromos,,Nem adta meg a hirdető,,,,
https://www.zenga.hu/ingatlan/kiado-teglalakas-budapest-xii-kerulet-svabhegy/8624853?page=12&pos=13,"Budapest XII. kerület kiadó téglalakás 4 szobás: 1,19 millió Ft",1.19,125.0,1. emelet,4.0,"Budapest XII. kerület, Svábhegy",Téglalakás,2025-09-05,rental,,Újszerű,Hőszivattyú,,Nem adta meg a hirdető,2020.0,,,
https://www.zenga.hu/ingatlan/kiado-teglalakas-budapest-ii-kerulet-szepilona/7059828?page=12&pos=15,Budapest II. kerület kiadó téglalakás 3 szobás: 788 ezer Ft,788.0,85.0,1. emelet,3.0,"Budapest II. kerület, Szépilona",Téglalakás,2025-09-05,rental,4.0,Új építésű,Gázkazán,,Nem adta meg a hirdető,22.0,,,
https://www.zenga.hu/ingatlan/kiado-teglalakas-budapest-ii-kerulet/8650730?page=12&pos=17,,,,,,,,2025-09-05,rental,,,,,,,,,
https://www.zenga.hu/ingatlan/kiado-teglalakas-budapest-ii-kerulet/8607939?page=12&pos=16,Budapest II. kerület kiadó téglalakás 2 szobás: 351 ezer Ft,351.0,65.0,2. emelet,2.0,Budapest II. kerület,Téglalakás,2025-09-05,rental,5.0,Felújított,,,,,,,
https://www.zenga.hu/ingatlan/kiado-teglalakas-budapest-vi-kerulet/8692800?page=12&pos=12,Budapest VI. kerület kiadó téglalakás 1 szobás: 220 ezer Ft,220.0,29.0,földszint,1.0,"Budapest VI. kerület, Rózsa utca",Téglalakás,2025-09-05,rental,,,,,,,,,
https://www.zenga.hu/ingatlan/kiado-teglalakas-budapest-ii-kerulet/8688252?page=12&pos=18,Budapest II. kerület kiadó téglalakás 1+1 fél szobás: 180 ezer Ft,180.0,35.0,földszint,1.0,Budapest II. kerület,Téglalakás,2025-09-05,rental,6.0,Átlagos,Házközponti,3 m²,Nem adta meg a hirdető,1960.0,,,
https://www.zenga.hu/ingatlan/kiado-teglalakas-budapest-v-kerulet-belvaros/7893137?page=12&pos=20,"Budapest V. kerület kiadó téglalakás 4 szobás: 1,38 millió Ft",1.38,136.0,3. emelet,4.0,"Budapest V. kerület, Belváros",Téglalakás,2025-09-05,rental,1.0,Újszerű,Gázkazán,,Nem adta meg a hirdető,,,,
https://www.zenga.hu/ingatlan/kiado-teglalakas-budapest-ix-kerulet/8615158?page=13&pos=2,Budapest IX. kerület kiadó téglalakás 1 szobás: 280 ezer Ft,280.0,30.0,6. emelet,1.0,Budapest IX. kerület,Téglalakás,2025-09-05,rental,7.0,Új építésű,Egyéb,,Nem adta meg a hirdető,2025.0,,,
https://www.zenga.hu/ingatlan/kiado-tarsashazi-lakas-budapest-xiv-kerulet/8250459?page=13&pos=1,Budapest XIV. kerület kiadó társasházi lakás 2 szobás,261.0,110.0,2. emelet,2.0,"Budapest XIV. kerület, Izsó utca",Társasházi lakás,2025-09-05,rental,,Újszerű,Házközponti,,Nem adta meg a hirdető,1905.0,,Nincs,
https://www.zenga.hu/ingatlan/kiado-teglalakas-budapest-vii-kerulet/8692207?page=13&pos=4,Budapest VII. kerület kiadó téglalakás 2 szobás: 320 ezer Ft,320.0,60.0,7. emelet,2.0,"Budapest VII. kerület, Károly körút",Téglalakás,2025-09-05,rental,,Felújított,,,Nem adta meg a hirdető,,,,
https://www.zenga.hu/ingatlan/kiado-teglalakas-budapest-vii-kerulet-nagykoruton-beluli-terulet/8692731?page=13&pos=3,Budapest VII. kerület kiadó téglalakás 4 szobás: 480 ezer Ft,480.0,75.0,,,,,2025-09-05,rental,,,,,,,,,
https://www.zenga.hu/ingatlan/kiado-panellakas-budapest-xv-kerulet/8684554?page=13&pos=5,Budapest XV. kerület kiadó panellakás 1+1 fél szobás: 170 ezer Ft,170.0,35.0,9. emelet,1.0,Budapest XV. kerület,Panellakás,2025-09-05,rental,,Átlagos,Távfűtés,,E,1975.0,,,
https://www.zenga.hu/ingatlan/kiado-teglalakas-budapest-xiii-kerulet/8512474?page=13&pos=6,Budapest XIII. kerület kiadó téglalakás 2 szobás: 360 ezer Ft,360.0,47.0,félemelet,2.0,Budapest XIII. kerület,Téglalakás,2025-09-05,rental,7.0,Új építésű,,,Nem adta meg a hirdető,,,,
https://www.zenga.hu/ingatlan/kiado-teglalakas-budapest-xii-kerulet-diosarok/8497794?page=13&pos=7,Budapest XII. kerület kiadó téglalakás 4 szobás: 634 ezer Ft,634.0,137.0,1. emelet,4.0,"Budapest XII. kerület, Diósárok",Téglalakás,2025-09-05,rental,,Felújított,Gázkazán,,Nem adta meg a hirdető,1970.0,,,
https://www.zenga.hu/ingatlan/kiado-teglalakas-budapest-xiv-kerulet/8692206?page=13&pos=9,Budapest XIV. kerület kiadó téglalakás 1 szobás: 278 ezer Ft,278.0,37.0,1. emelet,1.0,"Budapest XIV. kerület, Dózsa György út",Téglalakás,2025-09-05,rental,3.0,Újszerű,,,Nem adta meg a hirdető,,,,
https://www.zenga.hu/ingatlan/kiado-teglalakas-budapest-i-kerulet/8692208?page=13&pos=10,Budapest I. kerület kiadó téglalakás 2+1 fél szobás: 300 ezer Ft,300.0,54.0,2. emelet,2.0,"Budapest I. kerület, Batthyány utca",Téglalakás,2025-09-05,rental,,Újszerű,,,Nem adta meg a hirdető,,,,
https://www.zenga.hu/ingatlan/kiado-teglalakas-budapest-xiii-kerulet/8692281?page=12&pos=19,Budapest XIII. kerület kiadó téglalakás 5 szobás: 360 ezer Ft,360.0,97.0,4. emelet,,"Budapest XIV. kerület, Istvánmező",Téglalakás,2025-09-05,rental,,Felújított,Gáz (konvektor),,,2000.0,,,9 m²
https://www.zenga.hu/ingatlan/kiado-teglalakas-budapest-xiv-kerulet/8692211?page=13&pos=11,Budapest XIV. kerület kiadó téglalakás 2+1 fél szobás: 310 ezer Ft,310.0,69.0,földszint,2.0,"Budapest XIV. kerület, Pitvar utca",Téglalakás,2025-09-05,rental,2.0,Újszerű,,,Nem adta meg a hirdető,,,,
https://www.zenga.hu/ingatlan/kiado-teglalakas-budapest-vi-kerulet/8692730?page=13&pos=13,Budapest VI. kerület kiadó téglalakás 4 szobás: 480 ezer Ft,480.0,82.0,2. emelet,4.0,"Budapest VI. kerület, Király utca",Téglalakás,2025-09-05,rental,,,Gázkazán,,Nem adta meg a hirdető,1890.0,,,
https://www.zenga.hu/ingatlan/kiado-teglalakas-budapest-v-kerulet-belvaros/7543759?page=13&pos=12,"Budapest V. kerület kiadó téglalakás 6 szobás: 2,76 millió Ft",2.76,299.0,,6.0,"Budapest V. kerület, Belváros",Téglalakás,2025-09-05,rental,4.0,Felújított,Gázkazán,"9,5 m²",Nem adta meg a hirdető,,,,
https://www.zenga.hu/ingatlan/kiado-teglalakas-budapest-ix-kerulet-belso-ferencvaros/8687980?page=13&pos=14,Budapest IX. kerület kiadó téglalakás 2 szobás: 320 ezer Ft,320.0,72.0,3. emelet,2.0,"Budapest IX. kerület, Belső Ferencváros",Téglalakás,2025-09-05,rental,,Jó állapotú,Házközponti fűtés egyedi méréssel,,Nem adta meg a hirdető,1920.0,,,
https://www.zenga.hu/ingatlan/kiado-teglalakas-budapest-xiv-kerulet-istvanmezo/8648999?page=13&pos=8,Budapest XIV. kerület kiadó téglalakás 2 szobás: 350 ezer Ft,350.0,50.0,3. emelet,2.0,"Budapest XIV. kerület, Istvánmező",Téglalakás,2025-09-05,rental,,Felújított,Gáz (konvektor),,,,,,
https://www.zenga.hu/ingatlan/kiado-teglalakas-budapest-xi-kerulet-budapart/8692133?page=13&pos=15,,,,,,,,2025-09-05,rental,,,,,,,,,
https://www.zenga.hu/ingatlan/kiado-teglalakas-budapest-ii-kerulet-rozsadomb/8651995?page=13&pos=16,Budapest II. kerület kiadó téglalakás 2 szobás: 396 ezer Ft,396.0,51.0,földszint,2.0,"Budapest II. kerület, Rózsadomb",Téglalakás,2025-09-05,rental,3.0,Felújított,Gáz (konvektor),,Nem adta meg a hirdető,1906.0,,,6 m²
https://www.zenga.hu/ingatlan/kiado-teglalakas-budapest-ix-kerulet/8692284?page=13&pos=18,Budapest IX. kerület kiadó téglalakás 1 szobás: 280 ezer Ft,280.0,34.0,4. emelet,1.0,Budapest IX. kerület,Téglalakás,2025-09-05,rental,,Új építésű,Házközponti,,Nem adta meg a hirdető,2024.0,,,
https://www.zenga.hu/ingatlan/kiado-teglalakas-budapest-xiii-kerulet-ujlipotvaros/8692748?page=13&pos=17,Budapest XIII. kerület kiadó téglalakás 3 szobás: 600 ezer Ft,600.0,84.0,2. emelet,3.0,"Budapest XIII. kerület, Újlipótváros",Téglalakás,2025-09-05,rental,,,Gázkazán,,,1930.0,,,
https://www.zenga.hu/ingatlan/kiado-teglalakas-budapest-v-kerulet/8692209?page=13&pos=19,Budapest V. kerület kiadó téglalakás 2 szobás: 360 ezer Ft,360.0,75.0,4. emelet,2.0,"Budapest V. kerület, Váci utca",Téglalakás,2025-09-05,rental,4.0,Újszerű,Házközponti,,,,,,
https://www.zenga.hu/ingatlan/kiado-teglalakas-budapest-i-kerulet/8615160?page=13&pos=20,Budapest I. kerület kiadó téglalakás 2 szobás: 550 ezer Ft,550.0,65.0,3. emelet,2.0,Budapest I. kerület,Téglalakás,2025-09-05,rental,,Felújított,Házközponti,,Nem adta meg a hirdető,,,,
https://www.zenga.hu/ingatlan/kiado-tarsashazi-lakas-budapest-x-kerulet/8680698?page=14&pos=3,,,,,,,,2025-09-05,rental,,,,,,,,,
https://www.zenga.hu/ingatlan/kiado-teglalakas-budapest-xiii-kerulet-angyalfold/8662623?page=14&pos=4,Budapest XIII. kerület kiadó téglalakás 1+1 fél szobás: 200 ezer Ft,200.0,40.0,földszint,1.0,"Budapest XIII. kerület, Angyalföld",Téglalakás,2025-09-05,rental,,Felújított,Gáz (konvektor),,C,1960.0,,,
https://www.zenga.hu/ingatlan/kiado-teglalakas-budapest-viii-kerulet-corvin-negyed/8687045?page=14&pos=6,Budapest VIII. kerület kiadó téglalakás 1 szobás: 150 ezer Ft,150.0,19.0,szuterén,1.0,"Budapest VIII. kerület, Corvin negyed",Téglalakás,2025-09-05,rental,,Felújított,Elektromos,,Nem adta meg a hirdető,1900.0,,,
https://www.zenga.hu/ingatlan/kiado-tarsashazi-lakas-budapest-vii-kerulet/8634602?page=14&pos=7,Budapest VII. kerület kiadó társasházi lakás 1 szobás: 200 ezer Ft,200.0,50.0,3. emelet,1.0,"Budapest VII. kerület, Nyár utca",Társasházi lakás,2025-09-05,rental,,Átlagos,,,,,,,
https://www.zenga.hu/ingatlan/kiado-teglalakas-budapest-viii-kerulet-csarnoknegyed/8662629?page=14&pos=9,Budapest VIII. kerület kiadó téglalakás 3 szobás: 300 ezer Ft,,,,,,,2025-09-05,rental,,,,,,,,,
https://www.zenga.hu/ingatlan/kiado-teglalakas-budapest-ix-kerulet-belso-ferencvaros/8684567?page=14&pos=1,Budapest IX. kerület kiadó téglalakás 1 szobás: 220 ezer Ft,220.0,,,1.0,"Budapest IX. kerület, Márton utca",Téglalakás,2025-09-05,rental,,Átlagos,Házközponti fűtés egyedi méréssel,,Nem adta meg a hirdető,,,,
https://www.zenga.hu/ingatlan/kiado-teglalakas-budapest-ix-kerulet/8692797?page=14&pos=10,Budapest IX. kerület kiadó téglalakás 1 szobás: 200 ezer Ft,200.0,30.0,,1.0,"Budapest IX. kerület, Márton utca",Téglalakás,2025-09-05,rental,,Átlagos,Házközponti fűtés egyedi méréssel,,Nem adta meg a hirdető,,,,
https://www.zenga.hu/ingatlan/kiado-teglalakas-budapest-ii-kerulet-szepilona/8684523?page=14&pos=12,Budapest II. kerület kiadó téglalakás 3 szobás: 620 ezer Ft,620.0,103.0,1. emelet,3.0,"Budapest II. kerület, Szépilona",Téglalakás,2025-09-05,rental,,Felújított,Gázkazán,,Nem adta meg a hirdető,1998.0,,,
https://www.zenga.hu/ingatlan/kiado-teglalakas-budapest-v-kerulet-belvaros/7580634?page=14&pos=11,Budapest V. kerület kiadó téglalakás 1 szobás: 354 ezer Ft,354.0,34.0,4. emelet,1.0,"Budapest V. kerület, Belváros",Téglalakás,2025-09-05,rental,1.0,Újszerű,Házközponti,,Nem adta meg a hirdető,,,,
https://www.zenga.hu/ingatlan/kiado-teglalakas-budapest-ii-kerulet/7174282?page=14&pos=5,Budapest II. kerület kiadó téglalakás 4 szobás: 670 ezer Ft,670.0,116.0,1. emelet,4.0,Budapest II. kerület,Téglalakás,2025-09-05,rental,3.0,Újszerű,Gázkazán,5 m²,,2005.0,,,
https://www.zenga.hu/ingatlan/kiado-teglalakas-budapest-xii-kerulet/8688763?page=14&pos=13,Budapest XII. kerület kiadó téglalakás 3 szobás: 360 ezer Ft,360.0,65.0,1. emelet,3.0,Budapest XII. kerület,Téglalakás,2025-09-05,rental,3.0,Felújított,,4 m²,Nem adta meg a hirdető,,,Nincs,
https://www.zenga.hu/ingatlan/kiado-teglalakas-budapest-xiii-kerulet-angyalfold/8689849?page=14&pos=15,Budapest XIII. kerület kiadó téglalakás 2+1 fél szobás: 280 ezer Ft,280.0,51.0,2. emelet,2.0,"Budapest XIII. kerület, Angyalföld",Téglalakás,2025-09-05,rental,4.0,Felújított,Távfűtés,,Nem adta meg a hirdető,1960.0,,,
https://www.zenga.hu/ingatlan/kiado-teglalakas-budapest-v-kerulet-belvaros/8692732?page=14&pos=14,Budapest V. kerület kiadó téglalakás 1 szobás: 240 ezer Ft,240.0,30.0,1. emelet,1.0,"Budapest V. kerület, Belváros, Bástya utca",Téglalakás,2025-09-05,rental,,,Házközponti,2 m²,,1938.0,,,
https://www.zenga.hu/ingatlan/kiado-teglalakas-budapest-viii-kerulet-palotanegyed/8634491?page=14&pos=16,Budapest VIII. kerület kiadó téglalakás 2 szobás: 280 ezer Ft,280.0,46.0,2. emelet,2.0,"Budapest VIII. kerület, Palotanegyed",Téglalakás,2025-09-05,rental,,,Házközponti fűtés egyedi méréssel,2 m²,Nem adta meg a hirdető,2020.0,,,
https://www.zenga.hu/ingatlan/kiado-teglalakas-budapest-viii-kerulet/8692210?page=14&pos=18,Budapest VIII. kerület kiadó téglalakás 2 szobás: 250 ezer Ft,250.0,63.0,földszint,2.0,"Budapest VIII. kerület, József körút",Téglalakás,2025-09-05,rental,12.0,Felújított,Gázkazán,,Nem adta meg a hirdető,,,,
https://www.zenga.hu/ingatlan/kiado-teglalakas-budapest-v-kerulet/8645403?page=14&pos=20,Budapest V. kerület kiadó téglalakás 3 szobás: 475 ezer Ft,475.0,73.0,1. emelet,3.0,Budapest V. kerület,Téglalakás,2025-09-05,rental,,Felújított,Gázkazán,,Nem adta meg a hirdető,1892.0,,,
https://www.zenga.hu/ingatlan/kiado-teglalakas-budapest-vi-kerulet/8686446?page=15&pos=1,Budapest VI. kerület kiadó téglalakás 2 szobás: 280 ezer Ft,280.0,43.0,4. emelet,2.0,Budapest VI. kerület,Téglalakás,2025-09-05,rental,,Jó állapotú,Házközponti fűtés egyedi méréssel,,Nem adta meg a hirdető,2006.0,,,
https://www.zenga.hu/ingatlan/kiado-teglalakas-budapest-v-kerulet-belvaros/8676149?page=15&pos=3,Budapest V. kerület kiadó téglalakás 1 szobás: 250 ezer Ft,250.0,20.0,2. emelet,1.0,"Budapest V. kerület, Belváros",Téglalakás,2025-09-05,rental,,Felújított,Házközponti,,Nem adta meg a hirdető,1900.0,,,
https://www.zenga.hu/ingatlan/kiado-teglalakas-budapest-xiii-kerulet/8692280?page=15&pos=2,Budapest XIII. kerület kiadó téglalakás 2 szobás: 350 ezer Ft,350.0,48.0,2. emelet,2.0,Budapest XIII. kerület,Téglalakás,2025-09-05,rental,,Felújított,Gázkazán,,,2010.0,,,
https://www.zenga.hu/ingatlan/kiado-teglalakas-budapest-v-kerulet/8636342?page=14&pos=17,,246.0,59.0,1. emelet,2.0,"Budapest VI. kerület, Nagykörúton kívüli terület",Téglalakás,2025-09-05,rental,,Jó állapotú,Gáz (héra),,Nem adta meg a hirdető,1890.0,,,
https://www.zenga.hu/ingatlan/kiado-teglalakas-budapest-ix-kerulet/8144724?page=15&pos=7,Budapest IX. kerület kiadó téglalakás 2 szobás: 270 ezer Ft,270.0,68.0,földszint,2.0,Budapest IX. kerület,Téglalakás,2025-09-05,rental,3.0,Újszerű,,,A++,,,,
https://www.zenga.hu/ingatlan/kiado-teglalakas-budapest-xi-kerulet-szentimrevaros/8693253?page=15&pos=4,Budapest XI. kerület kiadó téglalakás 1 szobás: 210 ezer Ft,210.0,30.0,földszint,1.0,"Budapest XI. kerület, Szentimreváros, Ulászló utca",Téglalakás,2025-09-05,rental,,,,,,,,,
https://www.zenga.hu/ingatlan/kiado-teglalakas-budapest-vi-kerulet/8636579?page=15&pos=9,Budapest VI. kerület kiadó téglalakás 3 szobás: 713 ezer Ft,713.0,89.0,1. emelet,3.0,"Budapest VI. kerület, Hajós utca",Téglalakás,2025-09-05,rental,,Felújított,Gázkazán,,Nem adta meg a hirdető,,,,
https://www.zenga.hu/ingatlan/kiado-teglalakas-budapest-v-kerulet-belvaros/8389658?page=15&pos=10,Budapest V. kerület kiadó téglalakás 3 szobás: 700 ezer Ft,700.0,105.0,7. emelet,3.0,"Budapest V. kerület, Belváros",Téglalakás,2025-09-05,rental,7.0,Felújított,Házközponti,,Nem adta meg a hirdető,,,,
https://www.zenga.hu/ingatlan/kiado-teglalakas-budapest-iii-kerulet-remetehegy/8433706?page=15&pos=13,Budapest III. kerület kiadó téglalakás 3 szobás: 788 ezer Ft,788.0,90.0,3. emelet,3.0,"Budapest III. kerület, Remetehegy",Téglalakás,2025-09-05,rental,3.0,Újszerű,Padlófűtés,,Nem adta meg a hirdető,2010.0,,,
https://www.zenga.hu/ingatlan/kiado-teglalakas-budapest-vi-kerulet/8056366?page=15&pos=11,Budapest VI. kerület kiadó téglalakás 3 szobás: 710 ezer Ft,710.0,105.0,5. emelet,3.0,Budapest VI. kerület,Téglalakás,2025-09-05,rental,,Újszerű,Gázkazán,16 m²,Nem adta meg a hirdető,2009.0,,,
https://www.zenga.hu/ingatlan/kiado-teglalakas-budapest-xii-kerulet/8684069?page=15&pos=12,Budapest XII. kerület kiadó téglalakás 2 szobás: 340 ezer Ft,340.0,50.0,földszint,2.0,"Budapest XII. kerület, Istenhegyi út",Téglalakás,2025-09-05,rental,4.0,Felújított,Egyéb,,Nem adta meg a hirdető,,,,
https://www.zenga.hu/ingatlan/kiado-teglalakas-budapest-v-kerulet-belvaros/8629501?page=15&pos=8,"Budapest V. kerület kiadó téglalakás 4 szobás: 1,58 millió Ft",1.58,217.0,3. emelet,4.0,"Budapest V. kerület, Belváros, Belgrád rakpart",Téglalakás,2025-09-05,rental,,,,,,,,,
https://www.zenga.hu/ingatlan/kiado-teglalakas-budapest-xi-kerulet/8573201?page=15&pos=15,,,,,,,,2025-09-05,rental,,,,,,,,,
https://www.zenga.hu/ingatlan/kiado-teglalakas-budapest-viii-kerulet-nepszinhaznegyed/8691753?page=15&pos=14,Budapest VIII. kerület kiadó téglalakás 2 szobás: 240 ezer Ft,240.0,41.0,3. emelet,2.0,"Budapest VIII. kerület, Népszínháznegyed",Téglalakás,2025-09-05,rental,3.0,Felújított,Elektromos,,D,,60 000 Ft/hó,,
https://www.zenga.hu/ingatlan/kiado-teglalakas-budapest-v-kerulet-lipotvaros/8622072?page=15&pos=16,Budapest V. kerület kiadó téglalakás 3 szobás: 350 ezer Ft,350.0,80.0,félemelet,3.0,"Budapest V. kerület, Lipótváros, Falk Miksa utca",Téglalakás,2025-09-05,rental,5.0,Felújított,Házközponti fűtés egyedi méréssel,,Nem adta meg a hirdető,1949.0,,,
https://www.zenga.hu/ingatlan/kiado-teglalakas-budapest-vi-kerulet/8058901?page=15&pos=17,"Budapest VI. kerület kiadó téglalakás 4 szobás: 1,46 millió Ft",1.46,155.0,2. emelet,4.0,Budapest VI. kerület,Téglalakás,2025-09-05,rental,,Újszerű,Gázkazán,,Nem adta meg a hirdető,1930.0,,Nincs,
https://www.zenga.hu/ingatlan/kiado-teglalakas-budapest-xiii-kerulet-angyalfold/8688008?page=15&pos=18,Budapest XIII. kerület kiadó téglalakás 3 szobás: 370 ezer Ft,370.0,100.0,tetőtér,3.0,"Budapest XIII. kerület, Angyalföld, Reitter Ferenc utca",Téglalakás,2025-09-05,rental,,Újszerű,Gázkazán,,Nem adta meg a hirdető,,,,
https://www.zenga.hu/ingatlan/kiado-teglalakas-budapest-v-kerulet/8595777?page=15&pos=19,Budapest V. kerület kiadó téglalakás 2+1 fél szobás: 400 ezer Ft,400.0,59.0,félemelet,2.0,Budapest V. kerület,Téglalakás,2025-09-05,rental,,Felújított,Gáz (konvektor),,Nem adta meg a hirdető,,,,
https://www.zenga.hu/ingatlan/kiado-teglalakas-budapest-xiii-kerulet/8638065?page=15&pos=20,Budapest XIII. kerület kiadó téglalakás 3 szobás: 325 ezer Ft,325.0,82.0,2. emelet,3.0,"Budapest XIII. kerület, Csata utca",Téglalakás,2025-09-05,rental,4.0,Újszerű,Gázkazán,,Nem adta meg a hirdető,,,,
https://www.zenga.hu/ingatlan/kiado-teglalakas-budapest-vi-kerulet/8682782?page=16&pos=15,Budapest VI. kerület kiadó téglalakás 3 szobás: 350 ezer Ft,350.0,70.0,3. emelet,3.0,"Budapest VI. kerület, Szondi utca",Téglalakás,2025-09-05,rental,5.0,Újszerű,,,Nem adta meg a hirdető,,,,
https://www.zenga.hu/ingatlan/kiado-teglalakas-budapest-iii-kerulet/8558057?page=16&pos=11,Budapest III. kerület kiadó téglalakás 2+1 fél szobás: 360 ezer Ft,360.0,,,,,,2025-09-05,rental,,,,,,,,,
https://www.zenga.hu/ingatlan/kiado-teglalakas-budapest-viii-kerulet/8670987?page=16&pos=13,Budapest VIII. kerület kiadó téglalakás 2 szobás: 270 ezer Ft,270.0,51.0,7. emelet,2.0,,,2025-09-05,rental,,,,,,,,,
https://www.zenga.hu/ingatlan/kiado-teglalakas-budapest-xii-kerulet-nemetvolgy/8230781?page=16&pos=17,Budapest XII. kerület kiadó téglalakás 2 szobás: 532 ezer Ft,532.0,60.0,1. emelet,2.0,"Budapest XII. kerület, Németvölgy",Téglalakás,2025-09-05,rental,,Új építésű,,,,,,,
https://www.zenga.hu/ingatlan/kiado-teglalakas-budapest-xiii-kerulet/8690796?page=16&pos=12,Budapest XIII. kerület kiadó téglalakás 3 szobás: 733 ezer Ft,733.0,104.0,3. emelet,3.0,Budapest XIII. kerület,Téglalakás,2025-09-05,rental,,Felújított,Távfűtés egyedi méréssel,,,,,,
https://www.zenga.hu/ingatlan/kiado-egyeb-lakas-budapest-i-kerulet/8668245?page=16&pos=18,"Budapest I. kerület kiadó egyéb lakás 5 szobás: 1,39 millió Ft",1.39,186.0,3. emelet,5.0,Budapest I. kerület,Egyéb lakás,2025-09-05,rental,,Felújított,,,Nem adta meg a hirdető,1970.0,,,
https://www.zenga.hu/ingatlan/kiado-teglalakas-budapest-xiii-kerulet-ujlipotvaros/8040274?page=16&pos=20,Budapest XIII. kerület kiadó téglalakás 3 szobás: 924 ezer Ft,924.0,94.0,10 felett,3.0,"Budapest XIII. kerület, Újlipótváros, Pest XIII. Szent István parknál",Téglalakás,2025-09-05,rental,1.0,,Távfűtés,,Nem adta meg a hirdető,1941.0,,,
https://www.zenga.hu/ingatlan/kiado-teglalakas-budapest-xiii-kerulet/8658128?page=17&pos=2,Budapest XIII. kerület kiadó téglalakás 3 szobás: 300 ezer Ft,300.0,92.0,4. emelet,3.0,"Budapest XIII. kerület, Hollán Ernő utca",Téglalakás,2025-09-05,rental,5.0,Felújított,Gázkazán,,Nem adta meg a hirdető,1935.0,,,
https://www.zenga.hu/ingatlan/kiado-teglalakas-budapest-i-kerulet/8274835?page=17&pos=1,Budapest I. kerület kiadó téglalakás 3 szobás: 670 ezer Ft,670.0,78.0,2. emelet,3.0,Budapest I. kerület,Téglalakás,2025-09-05,rental,2.0,Felújított,Gázkazán,,Nem adta meg a hirdető,1930.0,,,
https://www.zenga.hu/ingatlan/kiado-teglalakas-budapest-xiii-kerulet/8690281?page=17&pos=3,Budapest XIII. kerület kiadó téglalakás 2 szobás: 350 ezer Ft,350.0,48.0,2. emelet,2.0,Budapest XIII. kerület,Téglalakás,2025-09-05,rental,8.0,Újszerű,Gázkazán,,Nem adta meg a hirdető,2010.0,,,
https://www.zenga.hu/ingatlan/kiado-egyeb-lakas-budapest-xvi-kerulet/7807605?page=17&pos=4,Budapest XVI. kerület kiadó egyéb lakás 40+1 fél szobás: 69 ezer Ft,69.0,8.0,földszint,40.0,Budapest XVI. kerület,Egyéb lakás,2025-09-05,rental,2.0,Felújított,Házközponti fűtés egyedi méréssel,,Nem adta meg a hirdető,,29 000 Ft/hó,Van,
https://www.zenga.hu/ingatlan/kiado-teglalakas-budapest-vi-kerulet/8187001?page=17&pos=5,Budapest VI. kerület kiadó téglalakás 4 szobás: 772 ezer Ft,772.0,129.0,3. emelet,4.0,Budapest VI. kerület,Téglalakás,2025-09-05,rental,4.0,Felújított,Gázkazán,,Nem adta meg a hirdető,,,,
https://www.zenga.hu/ingatlan/kiado-teglalakas-budapest-xi-kerulet-lagymanyos/8691484?page=17&pos=6,Budapest XI. kerület kiadó téglalakás 2 szobás: 225 ezer Ft,225.0,62.0,5. emelet,2.0,"Budapest XI. kerület, Lágymányos, Bercsényi utca",Téglalakás,2025-09-05,rental,,,Cserépkályha,,Nem adta meg a hirdető,1985.0,,,
https://www.zenga.hu/ingatlan/kiado-teglalakas-budapest-vi-kerulet/8056896?page=17&pos=7,Budapest VI. kerület kiadó téglalakás 2 szobás: 434 ezer Ft,434.0,66.0,4. emelet,2.0,Budapest VI. kerület,Téglalakás,2025-09-05,rental,,Felújított,Gázkazán,,Nem adta meg a hirdető,1896.0,,,
https://www.zenga.hu/ingatlan/kiado-teglalakas-budapest-vi-kerulet/8691528?page=17&pos=9,Budapest VI. kerület kiadó téglalakás 2 szobás: 300 ezer Ft,300.0,52.0,1. emelet,2.0,"Budapest VI. kerület, Paulay Ede utca",Téglalakás,2025-09-05,rental,3.0,Felújított,Gázkazán,,Nem adta meg a hirdető,,,,
https://www.zenga.hu/ingatlan/kiado-teglalakas-budapest-viii-kerulet/8684066?page=16&pos=1,,868.0,135.0,1. emelet,3.0,"Budapest I. kerület, Lovas út",Téglalakás,2025-09-05,rental,2.0,Felújított,Házközponti fűtés egyedi méréssel,,Nem adta meg a hirdető,,,,
https://www.zenga.hu/ingatlan/kiado-teglalakas-budapest-ix-kerulet/8692125?page=16&pos=10,Budapest XII. kerület kiadó téglalakás 4 szobás: 868 ezer Ft,868.0,135.0,,3.0,"Budapest I. kerület, Lovas út",Téglalakás,2025-09-05,rental,2.0,Felújított,Házközponti fűtés egyedi méréssel,,Nem adta meg a hirdető,,,,
https://www.zenga.hu/ingatlan/kiado-teglalakas-budapest-xii-kerulet-istenhegy/8056483?page=16&pos=19,Budapest XII. kerület kiadó téglalakás 4 szobás: 868 ezer Ft,868.0,135.0,1. emelet,3.0,"Budapest I. kerület, Lovas út",Téglalakás,2025-09-05,rental,2.0,Felújított,Házközponti fűtés egyedi méréssel,,Nem adta meg a hirdető,,,,
https://www.zenga.hu/ingatlan/kiado-teglalakas-budapest-xi-kerulet-muegyetem-kornyeke/8691826?page=17&pos=10,Budapest XI. kerület kiadó téglalakás 2 szobás: 230 ezer Ft,230.0,55.0,félemelet,2.0,"Budapest XI. kerület, Műegyetem környéke, Lágymányosi utca",Téglalakás,2025-09-05,rental,5.0,Jó állapotú,Gáz (konvektor),,Nem adta meg a hirdető,,,,
https://www.zenga.hu/ingatlan/kiado-teglalakas-budapest-i-kerulet/8672393?page=17&pos=8,Budapest I. kerület kiadó téglalakás 3 szobás: 520 ezer Ft,520.0,80.0,1. emelet,3.0,"Budapest I. kerület, Lovas út",Téglalakás,2025-09-05,rental,2.0,Felújított,,,,,,,
https://www.zenga.hu/ingatlan/kiado-teglalakas-budapest-viii-kerulet/7740907?page=17&pos=12,Budapest VIII. kerület kiadó téglalakás 2 szobás: 270 ezer Ft,270.0,42.0,3. emelet,2.0,"Budapest VIII. kerület, Vajdahunyad utca",Téglalakás,2025-09-05,rental,,Felújított,Házközponti,,Nem adta meg a hirdető,,,,
https://www.zenga.hu/ingatlan/kiado-teglalakas-budapest-xiii-kerulet/8681216?page=17&pos=14,Budapest XIII. kerület kiadó téglalakás 2 szobás: 290 ezer Ft,290.0,44.0,1. emelet,2.0,"Budapest XIII. kerület, Szekszárdi utca",Téglalakás,2025-09-05,rental,6.0,Újszerű,Házközponti fűtés egyedi méréssel,,Nem adta meg a hirdető,,,,
https://www.zenga.hu/ingatlan/kiado-egyeb-lakas-budapest-iv-kerulet/8646921?page=17&pos=11,Budapest IV. kerület kiadó egyéb lakás 1+2 fél szobás: 330 ezer Ft,330.0,75.0,3. emelet,1.0,Budapest IV. kerület,,2025-09-05,rental,,,,,,,,,
https://www.zenga.hu/ingatlan/kiado-teglalakas-budapest-vii-kerulet/8679864?page=17&pos=17,Budapest VII. kerület kiadó téglalakás 1 szobás: 320 ezer Ft,320.0,35.0,1. emelet,1.0,"Budapest VII. kerület, Károly körút",Téglalakás,2025-09-05,rental,6.0,Újszerű,Házközponti,,Nem adta meg a hirdető,,,,
https://www.zenga.hu/ingatlan/kiado-teglalakas-budapest-xi-kerulet/8678358?page=17&pos=18,Budapest XI. kerület kiadó téglalakás 1+1 fél szobás: 259 ezer Ft,259.0,42.0,2. emelet,1.0,"Budapest XI. kerület, Szerémi út",Téglalakás,2025-09-05,rental,4.0,Felújított,Gáz (konvektor),,Nem adta meg a hirdető,,,,
https://www.zenga.hu/ingatlan/kiado-teglalakas-budapest-vii-kerulet/8023211?page=17&pos=13,Budapest VII. kerület kiadó téglalakás 4 szobás: 788 ezer Ft,788.0,95.0,,4.0,Budapest VII. kerület,Téglalakás,2025-09-05,rental,6.0,Újszerű,Központi fűtés,,,,,,
https://www.zenga.hu/ingatlan/kiado-teglalakas-budapest-vii-kerulet/8464872?page=17&pos=19,Budapest VII. kerület kiadó téglalakás 1 szobás: 230 ezer Ft,230.0,31.0,földszint,1.0,Budapest VII. kerület,Téglalakás,2025-09-05,rental,,Felújított,Egyéb,,Nem adta meg a hirdető,1895.0,,,
https://www.zenga.hu/ingatlan/kiado-teglalakas-budapest-iii-kerulet/8691551?page=17&pos=20,Budapest III. kerület kiadó téglalakás 4+1 fél szobás: 450 ezer Ft,450.0,105.0,földszint,4.0,"Budapest III. kerület, Petőfi utca",Téglalakás,2025-09-05,rental,2.0,Újszerű,Gázkazán,,Nem adta meg a hirdető,,,,35 m²
https://www.zenga.hu/ingatlan/kiado-teglalakas-budapest-vi-kerulet/8628720?page=18&pos=1,Budapest VI. kerület kiadó téglalakás 3+1 fél szobás: 560 ezer Ft,560.0,105.0,3. emelet,3.0,"Budapest VI. kerület, Jókai utca",Téglalakás,2025-09-05,rental,5.0,Felújított,Gázkazán,,Nem adta meg a hirdető,,,,
https://www.zenga.hu/ingatlan/kiado-teglalakas-budapest-vi-kerulet/8667248?page=18&pos=2,Budapest VI. kerület kiadó téglalakás 1+1 fél szobás: 250 ezer Ft,250.0,48.0,1. emelet,1.0,"Budapest VI. kerület, Csengery utca",Téglalakás,2025-09-05,rental,3.0,Átlagos,Gáz (konvektor),,Nem adta meg a hirdető,,,,
https://www.zenga.hu/ingatlan/kiado-teglalakas-budapest-xiii-kerulet-angyalfold/8691390?page=18&pos=3,Budapest XIII. kerület kiadó téglalakás 2 szobás: 240 ezer Ft,240.0,50.0,1. emelet,2.0,"Budapest XIII. kerület, Angyalföld, Tomori köz",Téglalakás,2025-09-05,rental,3.0,Felújított,Távfűtés,,D,,,,
https://www.zenga.hu/ingatlan/kiado-teglalakas-budapest-vi-kerulet/8058526?page=18&pos=4,"Budapest VI. kerület kiadó téglalakás 4 szobás: 1,05 millió Ft",1.05,127.0,1. emelet,4.0,Budapest VI. kerület,Téglalakás,2025-09-05,rental,,Felújított,Egyéb,,Nem adta meg a hirdető,1930.0,,Nincs,
https://www.zenga.hu/ingatlan/kiado-teglalakas-budapest-vi-kerulet/8622268?page=18&pos=5,Budapest VI. kerület kiadó téglalakás 2 szobás: 244 ezer Ft,244.0,59.0,1. emelet,2.0,Budapest VI. kerület,Téglalakás,2025-09-05,rental,4.0,Jó állapotú,Gáz (héra),,Nem adta meg a hirdető,1890.0,,,
https://www.zenga.hu/ingatlan/kiado-teglalakas-budapest-v-kerulet/8187000?page=18&pos=7,"Budapest V. kerület kiadó téglalakás 4 szobás: 1,29 millió Ft",1.29,179.0,1. emelet,4.0,Budapest V. kerület,Téglalakás,2025-09-05,rental,,Felújított,Gázkazán,,Nem adta meg a hirdető,,,,
https://www.zenga.hu/ingatlan/kiado-teglalakas-budapest-vi-kerulet/8506369?page=18&pos=8,Budapest VI. kerület kiadó téglalakás 2 szobás: 335 ezer Ft,335.0,33.0,3. emelet,2.0,Budapest VI. kerület,Téglalakás,2025-09-05,rental,,Felújított,Gázkazán,,Nem adta meg a hirdető,1936.0,,Nincs,
https://www.zenga.hu/ingatlan/kiado-teglalakas-budapest-ii-kerulet/8410256?page=18&pos=9,,,,,,,,2025-09-05,rental,,,,,,,,,
https://www.zenga.hu/ingatlan/kiado-teglalakas-budapest-vi-kerulet/8056367?page=18&pos=6,Budapest VI. kerület kiadó téglalakás 2 szobás: 493 ezer Ft,493.0,56.0,2. emelet,2.0,Budapest VI. kerület,Téglalakás,2025-09-05,rental,,Újszerű,Házközponti fűtés egyedi méréssel,,,2009.0,,,
https://www.zenga.hu/ingatlan/kiado-teglalakas-budapest-xii-kerulet-kutvolgy/8056481?page=18&pos=11,Budapest XII. kerület kiadó téglalakás 4 szobás: 868 ezer Ft,868.0,135.0,földszint,4.0,"Budapest XII. kerület, Kútvölgy",Téglalakás,2025-09-05,rental,,Újszerű,Gázkazán,,,,,,
https://www.zenga.hu/ingatlan/kiado-teglalakas-budapest-i-kerulet-varnegyed/8691949?page=18&pos=12,Budapest I. kerület kiadó téglalakás 2 szobás: 260 ezer Ft,,,,,,,2025-09-05,rental,,,,,,,,,
https://www.zenga.hu/ingatlan/kiado-teglalakas-budapest-xiii-kerulet/8691289?page=18&pos=14,Budapest XIII. kerület kiadó téglalakás 2 szobás: 350 ezer Ft,350.0,48.0,2. emelet,2.0,Budapest XIII. kerület,Téglalakás,2025-09-05,rental,,Felújított,Gázkazán,,Nem adta meg a hirdető,2010.0,,,
https://www.zenga.hu/ingatlan/kiado-teglalakas-budapest-xiii-kerulet/8682779?page=18&pos=16,Budapest XIII. kerület kiadó téglalakás 3 szobás: 440 ezer Ft,440.0,70.0,3. emelet,3.0,"Budapest XIII. kerület, Csángó utca",Téglalakás,2025-09-05,rental,4.0,Újszerű,,,Nem adta meg a hirdető,,,,
https://www.zenga.hu/ingatlan/kiado-teglalakas-budapest-xi-kerulet-muegyetem-kornyeke/8652714?page=18&pos=15,Budapest XI. kerület kiadó téglalakás 3 szobás: 392 ezer Ft,,,,,,,2025-09-05,rental,,,,,,,,,
https://www.zenga.hu/ingatlan/kiado-teglalakas-budapest-v-kerulet/8676961?page=18&pos=17,Budapest V. kerület kiadó téglalakás 2 szobás: 550 ezer Ft,550.0,72.0,5. emelet,2.0,"Budapest V. kerület, Széchenyi utca",Téglalakás,2025-09-05,rental,3.0,Újszerű,Házközponti fűtés egyedi méréssel,,Nem adta meg a hirdető,,,,
https://www.zenga.hu/ingatlan/kiado-teglalakas-budapest-vi-kerulet/8593561?page=18&pos=18,Budapest VI. kerület kiadó téglalakás 3 szobás: 720 ezer Ft,720.0,106.0,földszint,3.0,"Budapest VI. kerület, Izabella utca",Téglalakás,2025-09-05,rental,,,Fan coil,,Nem adta meg a hirdető,2008.0,,,20 m²
https://www.zenga.hu/ingatlan/kiado-teglalakas-budapest-vi-kerulet/8056504?page=18&pos=19,Budapest VI. kerület kiadó téglalakás 2 szobás: 473 ezer Ft,473.0,57.0,3. emelet,2.0,Budapest VI. kerület,Téglalakás,2025-09-05,rental,,Újszerű,Házközponti fűtés egyedi méréssel,,Nem adta meg a hirdető,2008.0,,,10 m²
https://www.zenga.hu/ingatlan/kiado-teglalakas-budapest-ix-kerulet/8667194?page=18&pos=20,Budapest IX. kerület kiadó téglalakás 2 szobás: 240 ezer Ft,240.0,47.0,3. emelet,2.0,"Budapest IX. kerület, Telepy utca",Téglalakás,2025-09-05,rental,6.0,Újszerű,Egyéb,,Nem adta meg a hirdető,,,,
https://www.zenga.hu/ingatlan/kiado-teglalakas-budapest-ii-kerulet-szemlohegy/8180428?page=19&pos=1,"Budapest II. kerület kiadó téglalakás 5 szobás: 1,57 millió Ft",1.57,150.0,10 felett,5.0,"Budapest II. kerület, Szemlőhegy, Buda II.ker. Szemlőhegy",Téglalakás,2025-09-05,rental,1.0,,,,Nem adta meg a hirdető,2024.0,,,
https://www.zenga.hu/ingatlan/kiado-teglalakas-budapest-vi-kerulet/8547654?page=19&pos=4,Budapest VI. kerület kiadó téglalakás 3 szobás: 986 ezer Ft,986.0,77.0,2. emelet,3.0,Budapest VI. kerület,Téglalakás,2025-09-05,rental,,Újszerű,Elektromos,,Nem adta meg a hirdető,1897.0,,,
https://www.zenga.hu/ingatlan/kiado-teglalakas-budapest-i-kerulet/8274841?page=19&pos=3,Budapest I. kerület kiadó téglalakás 2 szobás: 552 ezer Ft,552.0,52.0,1. emelet,2.0,Budapest I. kerület,Téglalakás,2025-09-05,rental,2.0,Felújított,Gázkazán,,Nem adta meg a hirdető,1930.0,,,
https://www.zenga.hu/ingatlan/kiado-teglalakas-budapest-vi-kerulet/7886773?page=19&pos=5,Budapest VI. kerület kiadó téglalakás 3 szobás: 792 ezer Ft,792.0,74.0,1. emelet,3.0,"Budapest VI. kerület, Szív utca",Téglalakás,2025-09-05,rental,3.0,Felújított,,,Nem adta meg a hirdető,,,,
https://www.zenga.hu/ingatlan/kiado-teglalakas-budapest-i-kerulet-naphegy/8332204?page=19&pos=7,Budapest I. kerület kiadó téglalakás 2 szobás: 389 ezer Ft,389.0,42.0,10 felett,2.0,"Budapest I. kerület, Naphegy, Buda I. Naphegy",Téglalakás,2025-09-05,rental,1.0,,Központi fűtés,,Nem adta meg a hirdető,2015.0,,,
https://www.zenga.hu/ingatlan/kiado-teglalakas-budapest-xxiii-kerulet-soroksar/8691520?page=19&pos=6,Budapest XXIII. kerület kiadó téglalakás 3 szobás: 350 ezer Ft,350.0,120.0,földszint,3.0,"Budapest XXIII. kerület, Soroksár",Téglalakás,2025-09-05,rental,,Jó állapotú,Gázkazán,,Nem adta meg a hirdető,1955.0,,Nincs,
https://www.zenga.hu/ingatlan/kiado-teglalakas-budapest-ix-kerulet/8668739?page=18&pos=13,Budapest IX. kerület kiadó téglalakás: 395 ezer Ft,395.0,76.0,,,"Budapest XIII. kerület, Angyalföld, CSÁNGÓ 6/A",Téglalakás,2025-09-05,rental,3.0,Felújított,Elektromos,,A++,1920.0,,,
https://www.zenga.hu/ingatlan/kiado-teglalakas-budapest-xiii-kerulet-angyalfold/8653520?page=19&pos=2,Budapest XIII. kerület kiadó téglalakás 1+1 fél szobás: 210 ezer Ft,210.0,27.0,földszint,1.0,"Budapest XIII. kerület, Angyalföld, CSÁNGÓ 6/A",Téglalakás,2025-09-05,rental,3.0,Felújított,Elektromos,,,,,,
https://www.zenga.hu/ingatlan/kiado-teglalakas-budapest-i-kerulet/8472846?page=19&pos=9,Budapest I. kerület kiadó téglalakás 3 szobás: 450 ezer Ft,450.0,80.0,1. emelet,3.0,Budapest I. kerület,Téglalakás,2025-09-05,rental,,Felújított,Gázkazán,,Nem adta meg a hirdető,1884.0,,,
https://www.zenga.hu/ingatlan/kiado-teglalakas-budapest-vii-kerulet/8479328?page=19&pos=10,,,,,,,,2025-09-05,rental,,,,,,,,,
https://www.zenga.hu/ingatlan/kiado-teglalakas-budapest-xi-kerulet/8434835?page=19&pos=11,,,,,,,,2025-09-05,rental,,,,,,,,,
https://www.zenga.hu/ingatlan/kiado-teglalakas-budapest-xiii-kerulet/8690794?page=19&pos=12,Budapest XIII. kerület kiadó téglalakás 5 szobás: 360 ezer Ft,360.0,97.0,4. emelet,5.0,Budapest XIII. kerület,Téglalakás,2025-09-05,rental,,Felújított,Házközponti fűtés egyedi méréssel,,Nem adta meg a hirdető,2011.0,,,
https://www.zenga.hu/ingatlan/kiado-teglalakas-budapest-v-kerulet/8681357?page=19&pos=13,Budapest V. kerület kiadó téglalakás 2 szobás: 320 ezer Ft,320.0,69.0,földszint,2.0,Budapest V. kerület,Téglalakás,2025-09-05,rental,,Jó állapotú,Házközponti,,Nem adta meg a hirdető,1930.0,,,
https://www.zenga.hu/ingatlan/kiado-teglalakas-budapest-viii-kerulet/8613529?page=19&pos=15,Budapest VIII. kerület kiadó téglalakás 2 szobás: 340 ezer Ft,,,,,,,2025-09-05,rental,,,,,,,,,
https://www.zenga.hu/ingatlan/kiado-teglalakas-budapest-i-kerulet/8078445?page=19&pos=16,Budapest I. kerület kiadó téglalakás 4 szobás: 868 ezer Ft,868.0,109.0,2. emelet,4.0,Budapest I. kerület,Téglalakás,2025-09-05,rental,,Felújított,Gázkazán,,Nem adta meg a hirdető,1900.0,,Nincs,
https://www.zenga.hu/ingatlan/kiado-teglalakas-budapest-xiii-kerulet-ujlipotvaros/8014668?page=19&pos=18,Budapest XIII. kerület kiadó téglalakás 2 szobás: 924 ezer Ft,924.0,56.0,10 felett,2.0,"Budapest XIII. kerület, Újlipótváros, Pest XIII. Szent István park",Téglalakás,2025-09-05,rental,1.0,,,,Nem adta meg a hirdető,1937.0,,,
https://www.zenga.hu/ingatlan/kiado-teglalakas-budapest-viii-kerulet/8685178?page=20&pos=1,,,,,,,,2025-09-05,rental,,,,,,,,,
https://www.zenga.hu/ingatlan/kiado-teglalakas-budapest-vii-kerulet-nagykoruton-beluli-terulet/8691917?page=20&pos=2,Budapest VII. kerület kiadó téglalakás 3 szobás: 400 ezer Ft,400.0,71.0,5. emelet,3.0,"Budapest VII. kerület, Belső-Erzsébetváros, Kazinczy u. 9.",Téglalakás,2025-09-05,rental,6.0,Újszerű,Házközponti fűtés egyedi méréssel,10 m²,C,2006.0,,Nincs,
https://www.zenga.hu/ingatlan/kiado-teglalakas-budapest-viii-kerulet/8688809?page=19&pos=14,,1.17,170.0,2. emelet,4.0,"Budapest VI. kerület, Csengery utca",Téglalakás,2025-09-05,rental,3.0,Újszerű,Gázkazán,,Nem adta meg a hirdető,,,,
https://www.zenga.hu/ingatlan/kiado-teglalakas-budapest-viii-kerulet-palotanegyed/8502789?page=20&pos=5,Budapest VIII. kerület kiadó téglalakás 4 szobás: 590 ezer Ft,590.0,95.0,10 felett,4.0,"Budapest VIII. kerület, Palotanegyed",Téglalakás,2025-09-05,rental,1.0,Felújított,Gázkazán,,Nem adta meg a hirdető,1930.0,,,
https://www.zenga.hu/ingatlan/kiado-teglalakas-budapest-vi-kerulet/8690792?page=20&pos=4,Budapest VI. kerület kiadó téglalakás 2 szobás: 270 ezer Ft,270.0,43.0,földszint,2.0,Budapest VI. kerület,Téglalakás,2025-09-05,rental,,Felújított,Egyéb,,Nem adta meg a hirdető,1960.0,,,
https://www.zenga.hu/ingatlan/kiado-teglalakas-budapest-vi-kerulet-diplomatanegyed/8273056?page=19&pos=19,Budapest VI. kerület kiadó téglalakás 2 szobás: 592 ezer Ft,592.0,77.0,1. emelet,2.0,"Budapest VI. kerület, Diplomatanegyed",Téglalakás,2025-09-05,rental,,Újszerű,Gázkazán,,,,,,
https://www.zenga.hu/ingatlan/kiado-teglalakas-budapest-vi-kerulet/8056927?page=20&pos=6,Budapest VI. kerület kiadó téglalakás 2 szobás: 591 ezer Ft,591.0,63.0,3. emelet,2.0,Budapest VI. kerület,Téglalakás,2025-09-05,rental,,Újszerű,Gázkazán,4 m²,Nem adta meg a hirdető,1950.0,,Nincs,
https://www.zenga.hu/ingatlan/kiado-teglalakas-budapest-ix-kerulet/8506662?page=20&pos=9,Budapest IX. kerület kiadó téglalakás 3 szobás: 460 ezer Ft,460.0,54.0,1. emelet,3.0,Budapest IX. kerület,Téglalakás,2025-09-05,rental,,Újszerű,Házközponti,,Nem adta meg a hirdető,,,,
https://www.zenga.hu/ingatlan/kiado-teglalakas-budapest-i-kerulet-vizivaros-i-ker/8210579?page=20&pos=8,Budapest I. kerület kiadó téglalakás 4 szobás: 550 ezer Ft,550.0,150.0,10 felett,4.0,"Budapest I. kerület, Víziváros I. ker., Batthyány tér - Iskola utca",Téglalakás,2025-09-05,rental,2.0,Átlagos,Gázkazán,,Nem adta meg a hirdető,1900.0,,,
https://www.zenga.hu/ingatlan/kiado-teglalakas-budapest-ii-kerulet-szemlohegy/8286287?page=20&pos=11,Budapest II. kerület kiadó téglalakás 4 szobás: 788 ezer Ft,788.0,,,,,,2025-09-05,rental,,,,,,,,,
https://www.zenga.hu/ingatlan/kiado-teglalakas-budapest-ix-kerulet/8692127?page=20&pos=13,Budapest IX. kerület kiadó téglalakás 2 szobás: 230 ezer Ft,230.0,36.0,6. emelet,2.0,"Budapest IX. kerület, Drégely utca",Téglalakás,2025-09-05,rental,7.0,Új építésű,Házközponti fűtés egyedi méréssel,,Nem adta meg a hirdető,,,,
https://www.zenga.hu/ingatlan/kiado-egyeb-lakas-budapest-xvi-kerulet/7807605?page=20&pos=10,,,,,,,,2025-09-05,rental,,,,,,,,,
https://www.zenga.hu/ingatlan/kiado-teglalakas-budapest-xvi-kerulet/8677534?page=20&pos=12,,,,,,,,2025-09-05,rental,,,,,,,,,
https://www.zenga.hu/ingatlan/kiado-teglalakas-budapest-xiii-kerulet/8664208?page=20&pos=15,Budapest XIII. kerület kiadó téglalakás 2 szobás: 285 ezer Ft,285.0,42.0,3. emelet,2.0,"Budapest XIII. kerület, Gidófalvy Lajos utca",Téglalakás,2025-09-05,rental,,Új építésű,Házközponti fűtés egyedi méréssel,,Nem adta meg a hirdető,,,,
https://www.zenga.hu/ingatlan/kiado-teglalakas-budapest-vi-kerulet/7886777?page=20&pos=7,"Budapest VI. kerület kiadó téglalakás: 1,47 millió Ft",1.47,155.0,,2.0,"Budapest VI. kerület, Szondi utca",Téglalakás,2025-09-05,rental,4.0,Felújított,,,,,,,
https://www.zenga.hu/ingatlan/kiado-teglalakas-budapest-ii-kerulet/8622759?page=20&pos=14,Budapest II. kerület kiadó téglalakás 3 szobás: 693 ezer Ft,693.0,78.0,1. emelet,3.0,"Budapest II. kerület, Pázsit utca",Téglalakás,2025-09-05,rental,3.0,Felújított,Gázkazán,,Nem adta meg a hirdető,,,,
https://www.zenga.hu/ingatlan/kiado-teglalakas-budapest-vi-kerulet/8058901?page=20&pos=17,"Budapest VI. kerület kiadó téglalakás 4 szobás: 1,46 millió Ft",1.46,155.0,2. emelet,4.0,Budapest VI. kerület,Téglalakás,2025-09-05,rental,,Újszerű,Gázkazán,,Nem adta meg a hirdető,1930.0,,Nincs,
https://www.zenga.hu/ingatlan/kiado-teglalakas-budapest-vii-kerulet/8538934?page=20&pos=20,Budapest VII. kerület kiadó téglalakás 4 szobás: 709 ezer Ft,709.0,105.0,5. emelet,4.0,Budapest VII. kerület,Téglalakás,2025-09-05,rental,6.0,Felújított,Központi fűtés,,Nem adta meg a hirdető,1950.0,,,
https://www.zenga.hu/ingatlan/kiado-teglalakas-budapest-viii-kerulet/8432453?page=20&pos=19,Budapest VIII. kerület kiadó téglalakás 4 szobás: 552 ezer Ft,552.0,91.0,5. emelet,4.0,Budapest VIII. kerület,Téglalakás,2025-09-05,rental,,Újszerű,,,Nem adta meg a hirdető,2022.0,,,
https://www.zenga.hu/ingatlan/kiado-teglalakas-budapest-xiii-kerulet/8681215?page=21&pos=5,,200.0,30.0,,,,,2025-09-05,rental,,,,,,,,,
https://www.zenga.hu/ingatlan/kiado-teglalakas-budapest-xiii-kerulet/8601642?page=21&pos=16,Budapest XIII. kerület kiadó téglalakás 2 szobás,356.0,81.0,2. emelet,2.0,Budapest XIII. kerület,Téglalakás,2025-09-05,rental,,Felújított,Távfűtés egyedi méréssel,,Nem adta meg a hirdető,1946.0,,,
https://www.zenga.hu/ingatlan/kiado-teglalakas-budapest-ii-kerulet-torokvesz/8351198?page=21&pos=9,"Budapest II. kerület kiadó téglalakás 6 szobás: 1,26 millió Ft",1.26,193.0,,,,,2025-09-05,rental,,,,,,,,,
https://www.zenga.hu/ingatlan/kiado-teglalakas-budapest-ii-kerulet/8560456?page=21&pos=18,,,,,,,,2025-09-05,rental,,,,,,,,,
https://www.zenga.hu/ingatlan/kiado-teglalakas-budapest-ii-kerulet/8662107?page=21&pos=10,,250.0,,,,,,2025-09-05,rental,,,,,,,,,
https://www.zenga.hu/ingatlan/kiado-teglalakas-budapest-xi-kerulet/8674443?page=21&pos=19,Budapest XI. kerület kiadó téglalakás 2 szobás: 250 ezer Ft,,,,,,,2025-09-05,rental,,,,,,,,,
https://www.zenga.hu/ingatlan/kiado-teglalakas-budapest-iii-kerulet/8522125?page=21&pos=20,,,,,,,,2025-09-05,rental,,,,,,,,,
https://www.zenga.hu/ingatlan/kiado-teglalakas-budapest-xi-kerulet-madarhegy/8644623?page=22&pos=1,Kiadó 2 szobás téglalakás 329 ezer Ft értékben Budapest XI. kerületben,329.0,46.0,földszint,2.0,"Budapest XI. kerület, Madárhegy",,2025-09-05,rental,,,,,,,,,
https://www.zenga.hu/ingatlan/kiado-teglalakas-budapest-v-kerulet/7943462?page=22&pos=2,Budapest V. kerület kiadó téglalakás 2+1 fél szobás: 475 ezer Ft,475.0,78.0,1. emelet,2.0,"Budapest V. kerület, Báthory utca",Téglalakás,2025-09-05,rental,5.0,Felújított,Elektromos,,Nem adta meg a hirdető,,,,
https://www.zenga.hu/ingatlan/kiado-teglalakas-budapest-xii-kerulet-orbanhegy/7681397?page=22&pos=3,"Budapest XII. kerület kiadó téglalakás 4 szobás: 1,18 millió Ft",1.18,230.0,3. emelet,4.0,"Budapest XII. kerület, Orbánhegy",Téglalakás,2025-09-05,rental,4.0,Újszerű,Házközponti fűtés egyedi méréssel,,Nem adta meg a hirdető,1999.0,,,
https://www.zenga.hu/ingatlan/kiado-teglalakas-budapest-ix-kerulet/8537067?page=22&pos=4,Budapest IX. kerület kiadó téglalakás 2 szobás: 713 ezer Ft,713.0,87.0,5. emelet,2.0,Budapest IX. kerület,Téglalakás,2025-09-05,rental,,Felújított,Gázkazán,,Nem adta meg a hirdető,1980.0,,,
https://www.zenga.hu/ingatlan/kiado-teglalakas-budapest-vi-kerulet/8605185?page=22&pos=6,Budapest VI. kerület kiadó téglalakás 2 szobás: 240 ezer Ft,240.0,62.0,2. emelet,2.0,Budapest VI. kerület,Téglalakás,2025-09-05,rental,,Újszerű,Gázkazán,,Nem adta meg a hirdető,1883.0,,Nincs,
https://www.zenga.hu/ingatlan/kiado-teglalakas-budapest-xiii-kerulet/8676172?page=22&pos=8,Budapest XIII. kerület kiadó téglalakás 2 szobás: 310 ezer Ft,310.0,55.0,1. emelet,2.0,Budapest XIII. kerület,Téglalakás,2025-09-05,rental,,Felújított,Gázkazán,,Nem adta meg a hirdető,1970.0,,,
https://www.zenga.hu/ingatlan/kiado-panellakas-budapest-xi-kerulet-kelenfold/8670949?page=22&pos=10,Budapest XI. kerület kiadó panellakás 2 szobás: 240 ezer Ft,240.0,50.0,3. emelet,2.0,"Budapest XI. kerület, Kelenföld, Tétényi út",Panellakás,2025-09-05,rental,9.0,Újszerű,Távfűtés,,E,,,,
https://www.zenga.hu/ingatlan/kiado-teglalakas-budapest-xi-kerulet/8688066?page=22&pos=9,,,,,,,,2025-09-05,rental,,,,,,,,,
https://www.zenga.hu/ingatlan/kiado-teglalakas-budapest-xii-kerulet/8681223?page=22&pos=11,"Budapest XII. kerület kiadó téglalakás 4 szobás: 1,28 millió Ft",1.28,130.0,földszint,4.0,"Budapest XII. kerület, Trencséni utca",Téglalakás,2025-09-05,rental,2.0,,,,,,,,
https://www.zenga.hu/ingatlan/kiado-teglalakas-budapest-iii-kerulet/8245108?page=22&pos=12,Budapest III. kerület kiadó téglalakás 4+1 fél szobás: 450 ezer Ft,450.0,103.0,földszint,4.0,Budapest III. kerület,Téglalakás,2025-09-05,rental,2.0,Felújított,Gázkazán,,Nem adta meg a hirdető,,,,
https://www.zenga.hu/ingatlan/kiado-teglalakas-budapest-iii-kerulet-csucshegy/8219013?page=22&pos=5,Budapest III. kerület kiadó téglalakás 4 szobás: 786 ezer Ft,786.0,156.0,,,,,2025-09-05,rental,,,,,,,,,
https://www.zenga.hu/ingatlan/kiado-teglalakas-budapest-vi-kerulet/8548071?page=22&pos=17,Budapest VI. kerület kiadó téglalakás 2+1 fél szobás: 382 ezer Ft,382.0,57.0,földszint,2.0,Budapest VI. kerület,Téglalakás,2025-09-05,rental,,Újszerű,Gázkazán,,,,,,
https://www.zenga.hu/ingatlan/kiado-teglalakas-budapest-i-kerulet-naphegy/8355366?page=22&pos=7,Budapest I. kerület kiadó téglalakás 3 szobás: 590 ezer Ft,590.0,72.0,,,Budapest VI. kerület,Téglalakás,2025-09-05,rental,,Újszerű,,,,,,,
https://www.zenga.hu/ingatlan/kiado-teglalakas-budapest-iii-kerulet/8622761?page=22&pos=14,"Budapest III. kerület kiadó téglalakás 4 szobás: 1,27 millió Ft",1.27,120.0,földszint,4.0,,Téglalakás,2025-09-05,rental,1.0,Felújított,Gázkazán,,Nem adta meg a hirdető,1975.0,,,
https://www.zenga.hu/ingatlan/kiado-teglalakas-budapest-xiii-kerulet/8254176?page=23&pos=7,"Budapest XIII. kerület kiadó téglalakás 4 szobás: 3,48 millió Ft",3.48,220.0,6. emelet,4.0,Budapest XIII. kerület,Téglalakás,2025-09-05,rental,9.0,Újszerű,Házközponti fűtés egyedi méréssel,,Nem adta meg a hirdető,,,,
https://www.zenga.hu/ingatlan/kiado-teglalakas-budapest-ii-kerulet-szepvolgy/8249232?page=22&pos=19,Budapest II. kerület kiadó téglalakás 3+1 fél szobás: 590 ezer Ft,590.0,110.0,,3.0,,Téglalakás,2025-09-05,rental,6.0,Újszerű,Házközponti fűtés egyedi méréssel,,Nem adta meg a hirdető,,,,
https://www.zenga.hu/ingatlan/kiado-teglalakas-budapest-ix-kerulet/8674438?page=23&pos=8,Budapest IX. kerület kiadó téglalakás 2 szobás: 390 ezer Ft,390.0,55.0,5. emelet,2.0,"Budapest IX. kerület, Haller utca",Téglalakás,2025-09-05,rental,6.0,Újszerű,Házközponti fűtés egyedi méréssel,,Nem adta meg a hirdető,,,,
https://www.zenga.hu/ingatlan/kiado-teglalakas-budapest-xi-kerulet/8675779?page=22&pos=20,,730.0,100.0,5. emelet,4.0,Budapest VII. kerület,Téglalakás,2025-09-05,rental,,Újszerű,Házközponti,4 m²,Nem adta meg a hirdető,1900.0,,,
https://www.zenga.hu/ingatlan/kiado-teglalakas-budapest-i-kerulet-naphegy/8563830?page=23&pos=12,Budapest I. kerület kiadó téglalakás 2 szobás: 390 ezer Ft,390.0,41.0,3. emelet,2.0,"Budapest I. kerület, Naphegy",Téglalakás,2025-09-05,rental,,Újszerű,Házközponti fűtés egyedi méréssel,,Nem adta meg a hirdető,2018.0,,Nincs,
https://www.zenga.hu/ingatlan/kiado-teglalakas-budapest-xi-kerulet/8674444?page=23&pos=11,,,,,,,,2025-09-05,rental,,,,,,,,,
https://www.zenga.hu/ingatlan/kiado-teglalakas-budapest-ii-kerulet-rozsadomb/8626941?page=23&pos=14,Budapest II. kerület kiadó téglalakás 2 szobás: 394 ezer Ft,394.0,52.0,2. emelet,2.0,"Budapest II. kerület, Rózsadomb",Téglalakás,2025-09-05,rental,,Átlagos,Házközponti fűtés egyedi méréssel,9 m²,Nem adta meg a hirdető,2005.0,,,
https://www.zenga.hu/ingatlan/kiado-teglalakas-budapest-xiv-kerulet/8682781?page=23&pos=13,Budapest XIV. kerület kiadó téglalakás 2 szobás: 240 ezer Ft,240.0,47.0,,2.0,"Budapest XIV. kerület, Fűrész utca",Téglalakás,2025-09-05,rental,,Újszerű,,,Nem adta meg a hirdető,,,,
https://www.zenga.hu/ingatlan/kiado-teglalakas-budapest-vii-kerulet/8690790?page=23&pos=16,Budapest VII. kerület kiadó téglalakás 3 szobás: 515 ezer Ft,515.0,71.0,1. emelet,3.0,Budapest VII. kerület,Téglalakás,2025-09-05,rental,,,,,,,,,
https://www.zenga.hu/ingatlan/kiado-teglalakas-budapest-xii-kerulet-krisztinavaros-xii-ker/8343709?page=23&pos=15,Budapest XII. kerület kiadó téglalakás 4 szobás: 433 ezer Ft,433.0,142.0,földszint,4.0,"Budapest XII. kerület, Krisztinaváros XII. ker.",Téglalakás,2025-09-05,rental,5.0,Átlagos,Gázkazán,,Nem adta meg a hirdető,1920.0,,,
https://www.zenga.hu/ingatlan/kiado-teglalakas-budapest-ii-kerulet-torokvesz/8623682?page=23&pos=17,"Budapest II. kerület kiadó téglalakás 5 szobás: 1,49 millió Ft",1.49,168.0,földszint,5.0,"Budapest II. kerület, Törökvész, Buda II. Törökvész",Téglalakás,2025-09-05,rental,1.0,,Gázkazán,,Nem adta meg a hirdető,2017.0,,,
https://www.zenga.hu/ingatlan/kiado-teglalakas-budapest-vi-kerulet/7886779?page=23&pos=18,"Budapest VI. kerület kiadó téglalakás 5 szobás: 1,47 millió Ft",1.47,206.0,1. emelet,5.0,"Budapest VI. kerület, Aradi utca",Téglalakás,2025-09-05,rental,3.0,Felújított,,,Nem adta meg a hirdető,,,,
https://www.zenga.hu/ingatlan/kiado-teglalakas-budapest-ii-kerulet-pasaret/8476953?page=23&pos=20,Budapest II. kerület kiadó téglalakás 4 szobás: 586 ezer Ft,586.0,86.0,,4.0,"Budapest II. kerület, Pasarét",Téglalakás,2025-09-05,rental,2.0,Felújított,Gázkazán,,Nem adta meg a hirdető,1936.0,,,
https://www.zenga.hu/ingatlan/kiado-teglalakas-budapest-vi-kerulet/8058903?page=24&pos=1,"Budapest VI. kerület kiadó téglalakás 4 szobás: 1,16 millió Ft",1.16,170.0,2. emelet,4.0,Budapest VI. kerület,Téglalakás,2025-09-05,rental,,Újszerű,Gázkazán,,Nem adta meg a hirdető,1940.0,,Nincs,
https://www.zenga.hu/ingatlan/kiado-teglalakas-budapest-xi-kerulet/8664207?page=23&pos=10,,,,,,"Budapest III. kerület, Csúcshegy, Buda, III. ker. Erdőalja út külső",Téglalakás,2025-09-05,rental,1.0,,Gázkazán,,,2001.0,,,
https://www.zenga.hu/ingatlan/kiado-teglalakas-budapest-viii-kerulet/8522120?page=24&pos=3,Budapest VIII. kerület kiadó téglalakás 3 szobás,376.0,55.0,3. emelet,3.0,,,2025-09-05,rental,,,,,,,,,
https://www.zenga.hu/ingatlan/kiado-teglalakas-budapest-vi-kerulet-nagykoruton-beluli-terulet/8691817?page=24&pos=4,Budapest VI. kerület kiadó téglalakás 3 szobás: 475 ezer Ft,475.0,65.0,3. emelet,3.0,"Budapest VI. kerület, Nagykörúton belüli terület",Téglalakás,2025-09-05,rental,4.0,Felújított,Gázkazán,8 m²,D,1917.0,42 000 Ft/hó,,
https://www.zenga.hu/ingatlan/kiado-teglalakas-budapest-xi-kerulet/8552762?page=24&pos=5,Budapest XI. kerület kiadó téglalakás 3 szobás,376.0,50.0,2. emelet,3.0,Budapest XI. kerület,Téglalakás,2025-09-05,rental,,Új építésű,Házközponti fűtés egyedi méréssel,,Nem adta meg a hirdető,2024.0,,,
https://www.zenga.hu/ingatlan/kiado-teglalakas-budapest-iii-kerulet-csucshegy/8219012?page=23&pos=19,Budapest III. kerület kiadó téglalakás 4 szobás: 786 ezer Ft,786.0,156.0,,4.0,"Budapest III. kerület, Csúcshegy, Buda, III. ker. Erdőalja út külső",Téglalakás,2025-09-05,rental,1.0,,,,,,,,
https://www.zenga.hu/ingatlan/kiado-teglalakas-budapest-i-kerulet/8513350?page=24&pos=7,Budapest I. kerület kiadó téglalakás 4 szobás: 515 ezer Ft,515.0,82.0,földszint,4.0,Budapest I. kerület,Téglalakás,2025-09-05,rental,,,Gázkazán,,Nem adta meg a hirdető,1970.0,,,18 m²
https://www.zenga.hu/ingatlan/kiado-teglalakas-budapest-viii-kerulet/8670986?page=24&pos=6,,,,,,,,2025-09-05,rental,,,,,,,,,
https://www.zenga.hu/ingatlan/kiado-teglalakas-budapest-vi-kerulet-diplomatanegyed/8534463?page=24&pos=9,"Budapest VI. kerület kiadó téglalakás 3 szobás: 1,14 millió Ft",1.14,86.0,2. emelet,3.0,"Budapest VI. kerület, Diplomatanegyed",Téglalakás,2025-09-05,rental,,Újszerű,Gázkazán,4 m²,A+,1886.0,,Nincs,
https://www.zenga.hu/ingatlan/kiado-teglalakas-budapest-xi-kerulet/8679863?page=24&pos=8,Budapest XI. kerület kiadó téglalakás 1 szobás: 205 ezer Ft,205.0,33.0,4. emelet,1.0,"Budapest XI. kerület, Október huszonharmadika utca",Téglalakás,2025-09-05,rental,8.0,Újszerű,Távfűtés,,,,,,
https://www.zenga.hu/ingatlan/kiado-teglalakas-budapest-vi-kerulet/8474913?page=24&pos=10,Budapest VI. kerület kiadó téglalakás 3 szobás: 650 ezer Ft,650.0,77.0,,3.0,Budapest VI. kerület,Téglalakás,2025-09-05,rental,,Felújított,,,Nem adta meg a hirdető,,,,
https://www.zenga.hu/ingatlan/kiado-teglalakas-budapest-xiii-kerulet-vizafogo/8691483?page=24&pos=12,Budapest XIII. kerület kiadó téglalakás 2 szobás: 350 ezer Ft,350.0,54.0,5. emelet,2.0,"Budapest XIII. kerület, Vizafogó, Viza utca",Téglalakás,2025-09-05,rental,,,Házközponti fűtés egyedi méréssel,,Nem adta meg a hirdető,2003.0,,,12 m²
https://www.zenga.hu/ingatlan/kiado-tarsashazi-lakas-budapest-i-kerulet/8674060?page=24&pos=11,,,,,,,,2025-09-05,rental,,,,,,,,,
https://www.zenga.hu/ingatlan/kiado-teglalakas-budapest-xii-kerulet-nemetvolgy/8630103?page=24&pos=13,Budapest XII. kerület kiadó téglalakás 4 szobás: 710 ezer Ft,710.0,101.0,3. emelet,4.0,"Budapest XII. kerület, Németvölgy",Téglalakás,2025-09-05,rental,,Felújított,Házközponti fűtés egyedi méréssel,4 m²,Nem adta meg a hirdető,2005.0,,Nincs,
https://www.zenga.hu/ingatlan/kiado-teglalakas-budapest-xxi-kerulet-csillagtelep/8691758?page=24&pos=16,Budapest XXI. kerület kiadó téglalakás 1 szobás: 160 ezer Ft,160.0,33.0,földszint,1.0,"Budapest XXI. kerület, Csillagtelep, Vénusz 27",Téglalakás,2025-09-05,rental,4.0,Felújított,Gáz (konvektor),,A++,,20 000 Ft/hó,,
https://www.zenga.hu/ingatlan/kiado-teglalakas-budapest-i-kerulet/8574482?page=24&pos=14,"Budapest I. kerület kiadó téglalakás 4 szobás: 1,8 millió Ft",1.8,160.0,1. emelet,4.0,Budapest I. kerület,Téglalakás,2025-09-05,rental,3.0,Újszerű,Gázkazán,,,,,,
https://www.zenga.hu/ingatlan/kiado-teglalakas-budapest-xii-kerulet-kissvabhegy/8509968?page=24&pos=18,Budapest XII. kerület kiadó téglalakás 4 szobás: 867 ezer Ft,867.0,117.0,2. emelet,4.0,"Budapest XII. kerület, Kissvábhegy",Téglalakás,2025-09-05,rental,3.0,Újszerű,Gázkazán,,Nem adta meg a hirdető,2000.0,,,
https://www.zenga.hu/ingatlan/kiado-teglalakas-budapest-i-kerulet-naphegy/8341517?page=24&pos=17,Budapest I. kerület kiadó téglalakás 3 szobás: 592 ezer Ft,592.0,72.0,3. emelet,3.0,"Budapest I. kerület, Naphegy",Téglalakás,2025-09-05,rental,,Újszerű,Házközponti fűtés egyedi méréssel,4 m²,Nem adta meg a hirdető,2018.0,,Nincs,
https://www.zenga.hu/ingatlan/kiado-teglalakas-budapest-vi-kerulet/8056927?page=24&pos=19,Budapest VI. kerület kiadó téglalakás 2 szobás: 591 ezer Ft,591.0,63.0,3. emelet,2.0,Budapest VI. kerület,Téglalakás,2025-09-05,rental,,Újszerű,Gázkazán,4 m²,Nem adta meg a hirdető,1950.0,,Nincs,
https://www.zenga.hu/ingatlan/kiado-teglalakas-budapest-xiii-kerulet/8171528?page=24&pos=15,Budapest XIII. kerület kiadó téglalakás 3 szobás: 594 ezer Ft,594.0,60.0,9. emelet,3.0,Budapest XIII. kerület,Téglalakás,2025-09-05,rental,9.0,Újszerű,,,,,,,
https://www.zenga.hu/ingatlan/kiado-teglalakas-budapest-i-kerulet/8670985?page=25&pos=1,Budapest I. kerület kiadó téglalakás: 250 ezer Ft,250.0,47.0,,2.0,"Budapest I. kerület, Gellérthegy utca",Téglalakás,2025-09-05,rental,5.0,Újszerű,Egyéb,,Nem adta meg a hirdető,,,,
https://www.zenga.hu/ingatlan/kiado-teglalakas-budapest-xiii-kerulet/8662891?page=25&pos=2,Budapest XIII. kerület kiadó téglalakás 2 szobás: 310 ezer Ft,310.0,55.0,1. emelet,2.0,Budapest XIII. kerület,Téglalakás,2025-09-05,rental,,Felújított,Gázkazán,,Nem adta meg a hirdető,1970.0,,,
https://www.zenga.hu/ingatlan/kiado-teglalakas-budapest-xii-kerulet/8598992?page=25&pos=4,Budapest XII. kerület kiadó téglalakás 2 szobás: 280 ezer Ft,280.0,60.0,1. emelet,2.0,Budapest XII. kerület,Téglalakás,2025-09-05,rental,,Felújított,Gáz (konvektor),,Nem adta meg a hirdető,,,,
https://www.zenga.hu/ingatlan/kiado-egyeb-lakas-budapest-iii-kerulet/8679392?page=25&pos=7,Budapest III. kerület kiadó egyéb lakás 2+1 fél szobás: 298 ezer Ft,298.0,68.0,2. emelet,2.0,Budapest III. kerület,Egyéb lakás,2025-09-05,rental,,,,,Nem adta meg a hirdető,,,,
https://www.zenga.hu/ingatlan/kiado-teglalakas-budapest-vi-kerulet-nagykoruton-beluli-terulet/8014667?page=25&pos=9,Budapest VI. kerület kiadó téglalakás 3 szobás: 924 ezer Ft,924.0,88.0,10 felett,3.0,"Budapest VI. kerület, Nagykörúton belüli terület, Pest VI. Belváros",Téglalakás,2025-09-05,rental,1.0,,Egyéb,,Nem adta meg a hirdető,1912.0,,,
https://www.zenga.hu/ingatlan/kiado-teglalakas-budapest-xiii-kerulet/8681214?page=25&pos=3,Budapest XIII. kerület kiadó téglalakás 3 szobás: 335 ezer Ft,335.0,83.0,földszint,3.0,"Budapest XIII. kerület, Mohács utca",Téglalakás,2025-09-05,rental,8.0,,,,,,,,
https://www.zenga.hu/ingatlan/kiado-teglalakas-budapest-xiii-kerulet/8690799?page=25&pos=11,Budapest XIII. kerület kiadó téglalakás 2 szobás: 350 ezer Ft,350.0,48.0,2. emelet,2.0,Budapest XIII. kerület,Téglalakás,2025-09-05,rental,,Felújított,Gázkazán,,Nem adta meg a hirdető,2010.0,,,
https://www.zenga.hu/ingatlan/kiado-teglalakas-budapest-vi-kerulet/8056774?page=25&pos=10,"Budapest VI. kerület kiadó téglalakás 4 szobás: 1,97 millió Ft",1.97,386.0,5. emelet,4.0,Budapest VI. kerület,Téglalakás,2025-09-05,rental,,Újszerű,Gázkazán,50 m²,,2008.0,,,70 m²
https://www.zenga.hu/ingatlan/kiado-teglalakas-budapest-xii-kerulet-kutvolgy/8561940?page=25&pos=12,Budapest XII. kerület kiadó téglalakás 4 szobás: 512 ezer Ft,512.0,92.0,1. emelet,4.0,"Budapest XII. kerület, Kútvölgy",Téglalakás,2025-09-05,rental,3.0,Újszerű,Gázkazán,,Nem adta meg a hirdető,2000.0,,,
https://www.zenga.hu/ingatlan/kiado-teglalakas-budapest-vii-kerulet/8647607?page=25&pos=13,Budapest VII. kerület kiadó téglalakás 1+1 fél szobás: 350 ezer Ft,350.0,52.0,6. emelet,1.0,"Budapest VII. kerület, Madách Imre út",Téglalakás,2025-09-05,rental,7.0,Felújított,Házközponti,,Nem adta meg a hirdető,,,,
https://www.zenga.hu/ingatlan/kiado-teglalakas-budapest-vi-kerulet/8180559?page=25&pos=14,"Budapest VI. kerület kiadó téglalakás 4 szobás: 1,38 millió Ft",1.38,117.0,1. emelet,4.0,Budapest VI. kerület,Téglalakás,2025-09-05,rental,3.0,Felújított,Gázkazán,,Nem adta meg a hirdető,,,,
https://www.zenga.hu/ingatlan/kiado-teglalakas-budapest-x-kerulet-kobanya/8690196?page=25&pos=15,,,,,,,,2025-09-05,rental,,,,,,,,,
https://www.zenga.hu/ingatlan/kiado-egyeb-lakas-budapest-viii-kerulet/8678359?page=25&pos=16,Budapest VIII. kerület kiadó egyéb lakás 2 szobás: 260 ezer Ft,260.0,55.0,,2.0,"Budapest VIII. kerület, Tömő utca",Egyéb lakás,2025-09-05,rental,,,,,Nem adta meg a hirdető,,,,
https://www.zenga.hu/ingatlan/kiado-panellakas-budapest-xvii-kerulet-rakoskeresztur/8673594?page=25&pos=19,Budapest XVII. kerület kiadó panellakás 1 szobás: 220 ezer Ft,220.0,37.0,4. emelet,1.0,"Budapest XVII. kerület, Rákoskeresztúr",Panellakás,2025-09-05,rental,1.0,,Távfűtés,,Nem adta meg a hirdető,,,,
https://www.zenga.hu/ingatlan/kiado-teglalakas-budapest-ii-kerulet/8681350?page=25&pos=17,Budapest II. kerület kiadó téglalakás 3 szobás: 420 ezer Ft,420.0,67.0,félemelet,3.0,Budapest II. kerület,Téglalakás,2025-09-05,rental,,Felújított,Gázkazán,,Nem adta meg a hirdető,1970.0,,,
https://www.zenga.hu/ingatlan/kiado-teglalakas-budapest-ix-kerulet/8692126?page=25&pos=18,Budapest IX. kerület kiadó téglalakás 1 szobás: 230 ezer Ft,230.0,39.0,földszint,1.0,"Budapest IX. kerület, Toronyház utca",Téglalakás,2025-09-05,rental,4.0,Felújított,Gáz (konvektor),,E,,,,
https://www.zenga.hu/ingatlan/kiado-teglalakas-budapest-v-kerulet/8589452?page=25&pos=20,Budapest V. kerület kiadó téglalakás 2 szobás,297.0,60.0,3. emelet,2.0,Budapest V. kerület,Téglalakás,2025-09-05,rental,,Jó állapotú,Gázkazán,,Nem adta meg a hirdető,1934.0,,,
https://www.zenga.hu/ingatlan/kiado-teglalakas-budapest-ii-kerulet-pasaret/7958432?page=26&pos=18,"Budapest II. kerület kiadó téglalakás 4 szobás: 1,77 millió Ft",,,,,,,2025-09-05,rental,,,,,,,,,
https://www.zenga.hu/ingatlan/kiado-teglalakas-budapest-xiv-kerulet-nagyzuglo/8691867?page=26&pos=17,Budapest XIV. kerület kiadó téglalakás 1 szobás: 145 ezer Ft,145.0,30.0,2. emelet,1.0,"Budapest XIV. kerület, Nagyzugló, Bánki Donát u.",Téglalakás,2025-09-05,rental,4.0,Jó állapotú,Gáz (konvektor),,Nem adta meg a hirdető,,,,
https://www.zenga.hu/ingatlan/kiado-teglalakas-budapest-xi-kerulet/8682596?page=26&pos=13,Budapest V. kerület kiadó téglalakás 1+1 fél szobás: 315 ezer Ft,315.0,42.0,1. emelet,1.0,"Budapest V. kerület, Belváros",Téglalakás,2025-09-05,rental,,Felújított,Gázkazán,,Nem adta meg a hirdető,1904.0,,Nincs,
https://www.zenga.hu/ingatlan/kiado-teglalakas-budapest-v-kerulet-belvaros/8573004?page=27&pos=2,Budapest V. kerület kiadó téglalakás 1+1 fél szobás: 315 ezer Ft,315.0,42.0,1. emelet,1.0,"Budapest V. kerület, Belváros",Téglalakás,2025-09-05,rental,,Felújított,Gázkazán,,Nem adta meg a hirdető,1904.0,,Nincs,
https://www.zenga.hu/ingatlan/kiado-teglalakas-budapest-ix-kerulet/8617460?page=26&pos=12,,,,,,,,2025-09-05,rental,,,,,,,,,
https://www.zenga.hu/ingatlan/kiado-teglalakas-budapest-viii-kerulet/8608338?page=27&pos=1,,,,,,,,2025-09-05,rental,,,,,,,,,
https://www.zenga.hu/ingatlan/kiado-teglalakas-budapest-vi-kerulet/8692135?page=27&pos=5,Budapest VI. kerület kiadó téglalakás 3+1 fél szobás: 2 ezer Ft,2.0,150.0,3. emelet,3.0,Budapest VI. kerület,Téglalakás,2025-09-05,rental,3.0,Felújított,,30 m²,Nem adta meg a hirdető,2020.0,,Nincs,
https://www.zenga.hu/ingatlan/kiado-teglalakas-budapest-v-kerulet/8688678?page=27&pos=3,Budapest V. kerület kiadó téglalakás 4 szobás: 514 ezer Ft,514.0,85.0,2. emelet,4.0,"Budapest V. kerület, Molnár utca",Téglalakás,2025-09-05,rental,4.0,Újszerű,Gázkazán,4 m²,Nem adta meg a hirdető,1900.0,,,
https://www.zenga.hu/ingatlan/kiado-teglalakas-budapest-xiii-kerulet/8691608?page=27&pos=4,Budapest XIII. kerület kiadó téglalakás 1+1 fél szobás: 250 ezer Ft,250.0,40.0,félemelet,1.0,Budapest XIII. kerület,Téglalakás,2025-09-05,rental,5.0,Felújított,Távfűtés egyedi méréssel,,Nem adta meg a hirdető,,,,
https://www.zenga.hu/ingatlan/kiado-teglalakas-budapest-v-kerulet-bank-negyed/7690758?page=26&pos=20,"Budapest V. kerület kiadó téglalakás 6 szobás: 1,57 millió Ft",1.57,220.0,,6.0,"Budapest V. kerület, Bank negyed, V. ker. Hild tér",Téglalakás,2025-09-05,rental,1.0,Felújított,Gázkazán,,,,,,
https://www.zenga.hu/ingatlan/kiado-teglalakas-budapest-xii-kerulet-orbanhegy/7681396?page=27&pos=6,Budapest XII. kerület kiadó téglalakás 4 szobás: 946 ezer Ft,,,,,,,2025-09-05,rental,,,,,,,,,
https://www.zenga.hu/ingatlan/kiado-teglalakas-budapest-xiii-kerulet/8658842?page=27&pos=8,Budapest XIII. kerület kiadó téglalakás 3 szobás: 370 ezer Ft,370.0,73.0,4. emelet,3.0,"Budapest XIII. kerület, Kartács utca",Téglalakás,2025-09-05,rental,7.0,Új építésű,Házközponti fűtés egyedi méréssel,,Nem adta meg a hirdető,,,,
https://www.zenga.hu/ingatlan/kiado-teglalakas-budapest-xv-kerulet-rakospalota/8691891?page=27&pos=10,,,,,,,,2025-09-05,rental,,,,,,,,,
https://www.zenga.hu/ingatlan/kiado-teglalakas-budapest-vi-kerulet/7886774?page=27&pos=9,"Budapest VI. kerület kiadó téglalakás 4 szobás: 1,17 millió Ft",1.17,170.0,2. emelet,4.0,"Budapest VI. kerület, Csengery utca",Téglalakás,2025-09-05,rental,3.0,Újszerű,Gázkazán,,Nem adta meg a hirdető,,,,
https://www.zenga.hu/ingatlan/kiado-teglalakas-budapest-ii-kerulet-palvolgy/8488279?page=27&pos=12,Budapest II. kerület kiadó téglalakás 3 szobás: 904 ezer Ft,904.0,86.0,10 felett,3.0,"Budapest II. kerület, Pálvölgy, Buda II. Guggerhegy",,2025-09-05,rental,,,,,,,,,
https://www.zenga.hu/ingatlan/kiado-teglalakas-budapest-ix-kerulet-kozepso-ferencvaros/8691916?page=27&pos=14,Budapest IX. kerület kiadó téglalakás 2 szobás: 240 ezer Ft,240.0,57.0,7. emelet,2.0,"Budapest IX. kerület, Középső Ferencváros",Téglalakás,2025-09-05,rental,9.0,Újszerű,Fan coil,,Nem adta meg a hirdető,2008.0,,,
https://www.zenga.hu/ingatlan/kiado-teglalakas-budapest-vi-kerulet/7886775?page=27&pos=17,"Budapest VI. kerület kiadó téglalakás 4 szobás: 2,18 millió Ft",2.18,132.0,1. emelet,4.0,"Budapest VI. kerület, Szív utca",Téglalakás,2025-09-05,rental,3.0,Újszerű,Gázkazán,,Nem adta meg a hirdető,,,,
https://www.zenga.hu/ingatlan/kiado-teglalakas-budapest-xiv-kerulet-istvanmezo/8691389?page=27&pos=15,Budapest XIV. kerület kiadó téglalakás 2 szobás: 245 ezer Ft,245.0,51.0,földszint,2.0,"Budapest XIV. kerület, Istvánmező, Jurisich Miklós utca",Téglalakás,2025-09-05,rental,3.0,Felújított,Gázkazán,,B,,,,
https://www.zenga.hu/ingatlan/kiado-teglalakas-budapest-xii-kerulet-krisztinavaros-xii-ker/8638045?page=27&pos=11,,,,,,,,2025-09-05,rental,,,,,,,,,
https://www.zenga.hu/ingatlan/kiado-teglalakas-budapest-xi-kerulet-sasad-sashegy-xi-ker/8605057?page=27&pos=18,Budapest XI. kerület kiadó téglalakás 4 szobás: 850 ezer Ft,,,,,,,2025-09-05,rental,,,,,,,,,
https://www.zenga.hu/ingatlan/kiado-teglalakas-budapest-vi-kerulet/8654480?page=27&pos=19,Budapest VI. kerület kiadó téglalakás 3 szobás: 350 ezer Ft,350.0,65.0,5. emelet,3.0,"Budapest VI. kerület, Benczúr utca",Téglalakás,2025-09-05,rental,6.0,Felújított,Házközponti,,Nem adta meg a hirdető,,,,
https://www.zenga.hu/ingatlan/kiado-teglalakas-budapest-ii-kerulet/7913900?page=28&pos=1,Budapest II. kerület kiadó téglalakás 3 szobás: 792 ezer Ft,792.0,110.0,földszint,3.0,"Budapest II. kerület, Gyopár utca",Téglalakás,2025-09-05,rental,3.0,Újszerű,Egyéb,,A,,,,
https://www.zenga.hu/ingatlan/kiado-teglalakas-budapest-xii-kerulet/8302806?page=27&pos=7,Budapest XII. kerület kiadó téglalakás 2+1 fél szobás: 390 ezer Ft,390.0,65.0,,,"Budapest XIV. kerület, Stefánia út",,2025-09-05,rental,,,,,,,,,
https://www.zenga.hu/ingatlan/kiado-teglalakas-budapest-xvi-kerulet-cinkota/8692124?page=28&pos=2,Budapest XVI. kerület kiadó téglalakás 2+1 fél szobás: 280 ezer Ft,280.0,83.0,földszint,2.0,"Budapest XVI. kerület, Cinkota, Ostorhegy utca",,2025-09-05,rental,,,,,,,,,
https://www.zenga.hu/ingatlan/kiado-teglalakas-budapest-vii-kerulet/8690295?page=28&pos=5,Budapest VII. kerület kiadó téglalakás 3 szobás: 515 ezer Ft,515.0,71.0,1. emelet,3.0,Budapest VII. kerület,,2025-09-05,rental,,,,,,,,,
https://www.zenga.hu/ingatlan/kiado-teglalakas-budapest-i-kerulet/8644111?page=28&pos=3,,,,,,,,2025-09-05,rental,,,,,,,,,
https://www.zenga.hu/ingatlan/kiado-teglalakas-budapest-ix-kerulet/8692128?page=28&pos=4,Budapest IX. kerület kiadó téglalakás 1+2 fél szobás: 295 ezer Ft,295.0,56.0,2. emelet,1.0,"Budapest IX. kerület, Telepy utca",Téglalakás,2025-09-05,rental,4.0,Felújított,Távfűtés egyedi méréssel,,D,,,,
https://www.zenga.hu/ingatlan/kiado-teglalakas-budapest-viii-kerulet/8320480?page=28&pos=6,Budapest VIII. kerület kiadó téglalakás 2 szobás: 490 ezer Ft,490.0,94.0,1. emelet,,,,2025-09-05,rental,,,,,,,,,
https://www.zenga.hu/ingatlan/kiado-teglalakas-budapest-xii-kerulet/8684070?page=28&pos=7,Budapest XII. kerület kiadó téglalakás 2 szobás: 350 ezer Ft,350.0,71.0,1. emelet,2.0,"Budapest XII. kerület, Kapitány utca",Téglalakás,2025-09-05,rental,5.0,Felújított,Egyéb,,Nem adta meg a hirdető,,,,
https://www.zenga.hu/ingatlan/kiado-teglalakas-budapest-ii-kerulet/8681224?page=27&pos=20,"Budapest II. kerület kiadó téglalakás 3 szobás: 1,27 millió Ft",1.27,125.0,,3.0,"Budapest II. kerület, Tömörkény utca",,2025-09-05,rental,,,,,,,,,
https://www.zenga.hu/ingatlan/kiado-teglalakas-budapest-ii-kerulet-torokvesz/8561942?page=28&pos=8,Budapest II. kerület kiadó téglalakás 3 szobás: 394 ezer Ft,394.0,90.0,2. emelet,3.0,"Budapest II. kerület, Törökvész",Téglalakás,2025-09-05,rental,3.0,,,,,,,,
https://www.zenga.hu/ingatlan/kiado-egyeb-lakas-budapest-x-kerulet/8646922?page=28&pos=12,,,,,,,,2025-09-05,rental,,,,,,,,,
https://www.zenga.hu/ingatlan/kiado-teglalakas-budapest-xii-kerulet/8680763?page=28&pos=10,Budapest XII. kerület kiadó téglalakás 3 szobás: 360 ezer Ft,360.0,63.0,1. emelet,3.0,"Budapest XII. kerület, Eötvös út",Téglalakás,2025-09-05,rental,3.0,Újszerű,Gázkazán,"5,5 m²",Nem adta meg a hirdető,1978.0,,,
https://www.zenga.hu/ingatlan/kiado-teglalakas-budapest-vii-kerulet/8692123?page=28&pos=13,,,,,,,,2025-09-05,rental,,,,,,,,,
https://www.zenga.hu/ingatlan/kiado-teglalakas-budapest-v-kerulet/8311273?page=28&pos=11,Budapest V. kerület kiadó téglalakás 2 szobás: 473 ezer Ft,473.0,52.0,,2.0,Budapest V. kerület,Téglalakás,2025-09-05,rental,,Újszerű,Gázkazán,,Nem adta meg a hirdető,1910.0,,,
https://www.zenga.hu/ingatlan/kiado-teglalakas-budapest-i-kerulet/8274838?page=28&pos=9,Budapest I. kerület kiadó téglalakás 1 szobás: 552 ezer Ft,552.0,51.0,1. emelet,1.0,Budapest I. kerület,Téglalakás,2025-09-05,rental,2.0,Felújított,Gázkazán,,,,,,
https://www.zenga.hu/ingatlan/kiado-teglalakas-budapest-vi-kerulet/8578914?page=28&pos=16,Budapest VI. kerület kiadó téglalakás 3 szobás: 390 ezer Ft,390.0,65.0,3. emelet,3.0,"Budapest VI. kerület, Ó utca",Téglalakás,2025-09-05,rental,1.0,Új építésű,Gázkazán,,A++,,,,
https://www.zenga.hu/ingatlan/kiado-teglalakas-budapest-xi-kerulet-nadorkert/8682479?page=28&pos=15,Budapest XI. kerület kiadó téglalakás 2 szobás: 340 ezer Ft,340.0,50.0,1. emelet,2.0,"Budapest XI. kerület, Nádorkert",,2025-09-05,rental,,,,,,,,,
https://www.zenga.hu/ingatlan/kiado-teglalakas-budapest-v-kerulet-belvaros/7327575?page=28&pos=17,Budapest V. kerület kiadó téglalakás 2 szobás: 573 ezer Ft,573.0,87.0,3. emelet,2.0,"Budapest V. kerület, Belváros, Deák téren kiadó ART DECO stílusú lakás",Téglalakás,2025-09-05,rental,,Felújított,,,Nem adta meg a hirdető,,,,
https://www.zenga.hu/ingatlan/kiado-teglalakas-budapest-v-kerulet/7812763?page=28&pos=18,"Budapest V. kerület kiadó téglalakás 3 szobás: 1,17 millió Ft",1.17,177.0,3. emelet,3.0,"Budapest V. kerület, Bazilikára panorámás lakás",Téglalakás,2025-09-05,rental,,Újszerű,Házközponti,,Nem adta meg a hirdető,,,,
https://www.zenga.hu/ingatlan/kiado-teglalakas-budapest-vi-kerulet/8594607?page=28&pos=14,Budapest VI. kerület kiadó téglalakás 4 szobás: 752 ezer Ft,752.0,189.0,1. emelet,4.0,Budapest VI. kerület,Téglalakás,2025-09-05,rental,,Jó állapotú,Gázkazán,,,,,,
https://www.zenga.hu/ingatlan/kiado-teglalakas-budapest-ii-kerulet/8274402?page=29&pos=2,Budapest II. kerület kiadó téglalakás 2 szobás: 330 ezer Ft,330.0,61.0,1. emelet,2.0,Budapest II. kerület,Téglalakás,2025-09-05,rental,2.0,Újszerű,,,Nem adta meg a hirdető,,,,
https://www.zenga.hu/ingatlan/kiado-teglalakas-budapest-v-kerulet/8593685?page=28&pos=20,Budapest V. kerület kiadó téglalakás 2 szobás: 436 ezer Ft,436.0,66.0,4. emelet,2.0,Budapest V. kerület,Téglalakás,2025-09-05,rental,5.0,Felújított,Gázkazán,,Nem adta meg a hirdető,,,,
https://www.zenga.hu/ingatlan/kiado-teglalakas-budapest-vi-kerulet/8631958?page=29&pos=1,Budapest VI. kerület kiadó téglalakás 2+1 fél szobás,356.0,40.0,földszint,2.0,"Budapest VI. kerület, Budapest, Dohány utca",Téglalakás,2025-09-05,rental,3.0,Felújított,Gáz (konvektor),,Nem adta meg a hirdető,,,,
https://www.zenga.hu/ingatlan/kiado-teglalakas-budapest-v-kerulet-belvaros/7327576?page=29&pos=3,Budapest V. kerület kiadó téglalakás 2 szobás: 573 ezer Ft,573.0,87.0,3. emelet,2.0,"Budapest V. kerület, Belváros, Deák téren kiadó ART DECO stílusú lakás",Téglalakás,2025-09-05,rental,,Felújított,,,Nem adta meg a hirdető,,,,
https://www.zenga.hu/ingatlan/kiado-teglalakas-budapest-xii-kerulet-zugliget/8689706?page=29&pos=4,,,,,,,,2025-09-05,rental,,,,,,,,,
https://www.zenga.hu/ingatlan/kiado-teglalakas-budapest-vii-kerulet/8689765?page=29&pos=5,Budapest VII. kerület kiadó téglalakás 2 szobás: 300 ezer Ft,300.0,62.0,1. emelet,2.0,"Budapest VII. kerület, Klauzál tér",Téglalakás,2025-09-05,rental,,,,,,,,,
https://www.zenga.hu/ingatlan/kiado-teglalakas-budapest-xii-kerulet-svabhegy/8690381?page=29&pos=6,Budapest XII. kerület kiadó téglalakás 1+1 fél szobás: 250 ezer Ft,250.0,49.0,földszint,1.0,"Budapest XII. kerület, Svábhegy, Õzike utca",Téglalakás,2025-09-05,rental,3.0,Újszerű,Gázkazán,,Nem adta meg a hirdető,,,,
https://www.zenga.hu/ingatlan/kiado-teglalakas-budapest-xvi-kerulet-arpadfold/8682756?page=28&pos=19,,,,,,,,2025-09-05,rental,,,,,,,,,
https://www.zenga.hu/ingatlan/kiado-teglalakas-budapest-ii-kerulet/8677409?page=29&pos=7,Budapest II. kerület kiadó téglalakás 2+1 fél szobás: 370 ezer Ft,370.0,101.0,3. emelet,2.0,"Budapest II. kerület, Fillér utca",Téglalakás,2025-09-05,rental,6.0,Jó állapotú,Házközponti,"1,6 m²",Nem adta meg a hirdető,1928.0,,,
https://www.zenga.hu/ingatlan/kiado-tarsashazi-lakas-budapest-i-kerulet/8625745?page=29&pos=9,Budapest I. kerület kiadó társasházi lakás 1+1 fél szobás: 400 ezer Ft,400.0,45.0,2. emelet,1.0,"Budapest I. kerület, Toldy István utca",Társasházi lakás,2025-09-05,rental,,Új építésű,Házközponti fűtés egyedi méréssel,,Nem adta meg a hirdető,,,,
https://www.zenga.hu/ingatlan/kiado-panellakas-budapest-xiv-kerulet-rakosfalva/8634643?page=29&pos=8,Budapest XIV. kerület kiadó panellakás 3 szobás: 275 ezer Ft,275.0,68.0,6. emelet,3.0,"Budapest XIV. kerület, Rákosfalva",Panellakás,2025-09-05,rental,10.0,Átlagos,Távfűtés,,,1980.0,,,
https://www.zenga.hu/ingatlan/kiado-teglalakas-budapest-ii-kerulet-orszagut/6713306?page=29&pos=11,Budapest II. kerület kiadó téglalakás 4 szobás: 450 ezer Ft,450.0,100.0,2. emelet,4.0,"Budapest II. kerület, Országút, Széll Kálmán térnél",Téglalakás,2025-09-05,rental,3.0,Felújított,Gázkazán,,Nem adta meg a hirdető,,,,
https://www.zenga.hu/ingatlan/kiado-teglalakas-budapest-ii-kerulet/7258340?page=29&pos=13,Budapest II. kerület kiadó téglalakás 5 szobás: 930 ezer Ft,930.0,160.0,2. emelet,5.0,"Budapest II. kerület, Panorámás lakás kiadó Budán!",Téglalakás,2025-09-05,rental,,Felújított,Egyéb,,Nem adta meg a hirdető,,,,
https://www.zenga.hu/ingatlan/kiado-teglalakas-budapest-xi-kerulet/8392388?page=29&pos=12,"Budapest XI. kerület kiadó téglalakás 4 szobás: 1,22 millió Ft",1.22,100.0,,,,,2025-09-05,rental,,,,,,,,,
https://www.zenga.hu/ingatlan/kiado-teglalakas-budapest-vi-kerulet/8688216?page=29&pos=15,Budapest VI. kerület kiadó téglalakás 3 szobás: 480 ezer Ft,480.0,90.0,1. emelet,3.0,"Budapest VI. kerület, Budapest VI. kerület, Teréz körút",Téglalakás,2025-09-05,rental,,Felújított,,,Nem adta meg a hirdető,,,,
https://www.zenga.hu/ingatlan/kiado-teglalakas-budapest-vii-kerulet/8033811?page=29&pos=16,Budapest VII. kerület kiadó téglalakás 2 szobás: 300 ezer Ft,300.0,37.0,földszint,2.0,Budapest VII. kerület,Téglalakás,2025-09-05,rental,,Átlagos,,,,,,,
https://www.zenga.hu/ingatlan/kiado-teglalakas-budapest-iii-kerulet-uromhegy/8466782?page=29&pos=14,Budapest III. kerület kiadó téglalakás 4 szobás: 560 ezer Ft,560.0,97.0,,4.0,"Budapest III. kerület, Ürömhegy",Téglalakás,2025-09-05,rental,3.0,,Központi fűtés,,,,,,
https://www.zenga.hu/ingatlan/kiado-tarsashazi-lakas-budapest-vi-kerulet/8449322?page=29&pos=17,"Budapest VI. kerület kiadó társasházi lakás 3 szobás: 1,39 millió Ft",1.39,195.0,4. emelet,3.0,Budapest VI. kerület,Társasházi lakás,2025-09-05,rental,4.0,Új építésű,,,Nem adta meg a hirdető,,,,
https://www.zenga.hu/ingatlan/kiado-teglalakas-budapest-vi-kerulet/8670730?page=29&pos=18,Budapest VI. kerület kiadó téglalakás 2+2 fél szobás: 380 ezer Ft,380.0,78.0,földszint,2.0,"Budapest VI. kerület, Paulay Ede u.",Téglalakás,2025-09-05,rental,,Átlagos,Gáz (konvektor),,Nem adta meg a hirdető,,,,
https://www.zenga.hu/ingatlan/kiado-teglalakas-budapest-vi-kerulet/8590201?page=29&pos=10,Budapest VI. kerület kiadó téglalakás: 260 ezer Ft,260.0,30.0,,,"Budapest XII. kerület, Exkluzív lakás",Téglalakás,2025-09-05,rental,3.0,Újszerű,Házközponti,,Nem adta meg a hirdető,,,,
https://www.zenga.hu/ingatlan/kiado-teglalakas-budapest-xii-kerulet/7131392?page=29&pos=19,Budapest XII. kerület kiadó téglalakás 3 szobás: 600 ezer Ft,600.0,105.0,1. emelet,3.0,"Budapest XII. kerület, Exkluzív lakás",Téglalakás,2025-09-05,rental,3.0,Újszerű,Házközponti,,Nem adta meg a hirdető,,,,
https://www.zenga.hu/ingatlan/kiado-teglalakas-budapest-v-kerulet-belvaros/6747152?page=29&pos=20,Budapest V. kerület kiadó téglalakás 3 szobás: 960 ezer Ft,960.0,120.0,2. emelet,3.0,"Budapest V. kerület, Belváros, 5. kerület, Belgrád rakpart",Téglalakás,2025-09-05,rental,4.0,Felújított,Gázkazán,,Nem adta meg a hirdető,,,,
https://www.zenga.hu/ingatlan/kiado-teglalakas-budapest-ix-kerulet/8673263?page=30&pos=1,Budapest IX. kerület kiadó téglalakás 2 szobás: 270 ezer Ft,270.0,44.0,2. emelet,2.0,Budapest IX. kerület,Téglalakás,2025-09-05,rental,,Jó állapotú,Házközponti,,Nem adta meg a hirdető,1959.0,,Nincs,
https://www.zenga.hu/ingatlan/kiado-teglalakas-budapest-vii-kerulet-nagykoruton-beluli-terulet/8661828?page=30&pos=4,Budapest VII. kerület kiadó téglalakás 1 szobás: 250 ezer Ft,250.0,20.0,földszint,1.0,"Budapest VII. kerület, Belső-Erzsébetváros",Téglalakás,2025-09-05,rental,,,Fan coil,,Nem adta meg a hirdető,1900.0,,,
https://www.zenga.hu/ingatlan/kiado-teglalakas-budapest-ix-kerulet/8614874?page=30&pos=5,Budapest IX. kerület kiadó téglalakás 2 szobás: 390 ezer Ft,390.0,55.0,5. emelet,2.0,Budapest IX. kerület,Téglalakás,2025-09-05,rental,6.0,Újszerű,Házközponti fűtés egyedi méréssel,,Nem adta meg a hirdető,,,,
https://www.zenga.hu/ingatlan/kiado-teglalakas-budapest-ii-kerulet/8689543?page=30&pos=6,Budapest II. kerület kiadó téglalakás 1 szobás: 245 ezer Ft,245.0,31.0,3. emelet,1.0,"Budapest II. kerület, Vitéz utca",Téglalakás,2025-09-05,rental,3.0,Felújított,Gáz (konvektor),,C,,,,
https://www.zenga.hu/ingatlan/kiado-teglalakas-budapest-vi-kerulet/7967989?page=30&pos=10,"Budapest VI. kerület kiadó téglalakás 3 szobás: 4,75 millió Ft",4.75,318.0,4. emelet,3.0,"Budapest VI. kerület, Andrássy út",Téglalakás,2025-09-05,rental,4.0,Új építésű,Központi fűtés,,Nem adta meg a hirdető,,,,
https://www.zenga.hu/ingatlan/kiado-teglalakas-budapest-v-kerulet/8677970?page=30&pos=8,Budapest V. kerület kiadó téglalakás 1 szobás: 360 ezer Ft,360.0,29.0,tetőtér,1.0,"Budapest V. kerület, Vitkovics Mihály utca",Téglalakás,2025-09-05,rental,5.0,Újszerű,Házközponti,2 m²,Nem adta meg a hirdető,1937.0,,,
https://www.zenga.hu/ingatlan/kiado-teglalakas-budapest-ix-kerulet-belso-ferencvaros/8682148?page=30&pos=9,Budapest IX. kerület kiadó téglalakás 4+1 fél szobás: 640 ezer Ft,640.0,181.0,6. emelet,4.0,"Budapest IX. kerület, Belső Ferencváros, Közraktár utca",Téglalakás,2025-09-05,rental,6.0,Átlagos,Gázkazán,,Nem adta meg a hirdető,,,,
https://www.zenga.hu/ingatlan/kiado-egyeb-lakas-budapest-xiii-kerulet/8274372?page=30&pos=2,Budapest XIII. kerület kiadó egyéb lakás 3 szobás: 733 ezer Ft,733.0,95.0,1. emelet,4.0,"Budapest V. kerület, Belváros",Téglalakás,2025-09-05,rental,4.0,Felújított,Gázkazán,,Nem adta meg a hirdető,,,,
https://www.zenga.hu/ingatlan/kiado-teglalakas-budapest-v-kerulet-belvaros/8394227?page=30&pos=11,Budapest V. kerület kiadó téglalakás 4 szobás: 449 ezer Ft,449.0,95.0,1. emelet,4.0,"Budapest V. kerület, Belváros",Téglalakás,2025-09-05,rental,4.0,Felújított,Gázkazán,,Nem adta meg a hirdető,,,,
https://www.zenga.hu/ingatlan/kiado-teglalakas-budapest-xiv-kerulet-kiszuglo/8288120?page=30&pos=14,Budapest XIV. kerület kiadó téglalakás 3 szobás: 260 ezer Ft,260.0,67.0,1. emelet,3.0,"Budapest XIV. kerület, Kiszugló",Téglalakás,2025-09-05,rental,,,Gázkazán,,Nem adta meg a hirdető,1930.0,,,80 m²
https://www.zenga.hu/ingatlan/kiado-teglalakas-budapest-i-kerulet/8212626?page=30&pos=13,Budapest I. kerület kiadó téglalakás 4 szobás: 800 ezer Ft,800.0,79.0,6. emelet,4.0,Budapest I. kerület,Téglalakás,2025-09-05,rental,,Felújított,Házközponti,,Nem adta meg a hirdető,,,,
https://www.zenga.hu/ingatlan/kiado-teglalakas-budapest-v-kerulet-belvaros/8655704?page=30&pos=12,Budapest V. kerület kiadó téglalakás 1 szobás: 320 ezer Ft,320.0,46.0,4. emelet,1.0,"Budapest V. kerület, Belváros",Téglalakás,2025-09-05,rental,,Felújított,Gázkazán,,G,1950.0,,Nincs,
https://www.zenga.hu/ingatlan/kiado-teglalakas-budapest-vi-kerulet/8448958?page=30&pos=15,Budapest VI. kerület kiadó téglalakás 2 szobás,297.0,60.0,2. emelet,2.0,Budapest VI. kerület,Téglalakás,2025-09-05,rental,7.0,Felújított,Házközponti fűtés egyedi méréssel,,Nem adta meg a hirdető,2008.0,,,
https://www.zenga.hu/ingatlan/kiado-tarsashazi-lakas-budapest-xiii-kerulet-ujlipotvaros/7688785?page=30&pos=17,Budapest XIII. kerület kiadó társasházi lakás 1+1 fél szobás: 475 ezer Ft,475.0,48.0,9. emelet,1.0,"Budapest XIII. kerület, Újlipótváros, Panorámás 1,5 szobás berendezett",Társasházi lakás,2025-09-05,rental,,Új építésű,,,Nem adta meg a hirdető,,,,
https://www.zenga.hu/ingatlan/kiado-teglalakas-budapest-i-kerulet-krisztinavaros-i-ker/8611437?page=30&pos=16,Budapest I. kerület kiadó téglalakás 1+1 fél szobás: 240 ezer Ft,240.0,44.0,3. emelet,1.0,"Budapest I. kerület, Krisztinaváros I. ker., Hunyadi János",Téglalakás,2025-09-05,rental,3.0,Jó állapotú,Gáz (konvektor),4 m²,A++,,30 000 Ft/hó,Nincs,
https://www.zenga.hu/ingatlan/kiado-teglalakas-budapest-xi-kerulet/8689544?page=30&pos=18,,,,,,,,2025-09-05,rental,,,,,,,,,
https://www.zenga.hu/ingatlan/kiado-teglalakas-budapest-xiii-kerulet/8628041?page=30&pos=20,Budapest XIII. kerület kiadó téglalakás 3 szobás: 450 ezer Ft,450.0,118.0,2. emelet,3.0,"Budapest XIII. kerület, Nyugat pályaudvar közelében",Téglalakás,2025-09-05,rental,5.0,Felújított,Gázkazán,,Nem adta meg a hirdető,,,,
https://www.zenga.hu/ingatlan/kiado-tarsashazi-lakas-budapest-xiii-kerulet/8592369?page=30&pos=19,Budapest XIII. kerület kiadó társasházi lakás 2 szobás: 350 ezer Ft,350.0,47.0,2. emelet,2.0,Budapest XIII. kerület,Társasházi lakás,2025-09-05,rental,6.0,Új építésű,,,Nem adta meg a hirdető,,,,
https://www.zenga.hu/ingatlan/kiado-teglalakas-budapest-vii-kerulet/8670729?page=31&pos=11,Budapest VII. kerület kiadó téglalakás 4 szobás: 380 ezer Ft,380.0,95.0,földszint,4.0,"Budapest VII. kerület, Nagydiófa u.",Téglalakás,2025-09-05,rental,,Felújított,Gázkazán,,Nem adta meg a hirdető,,,,
https://www.zenga.hu/ingatlan/kiado-teglalakas-budapest-viii-kerulet/8550689?page=31&pos=10,Budapest VIII. kerület kiadó téglalakás 1+1 fél szobás: 250 ezer Ft,,,,,,,2025-09-05,rental,,,,,,,,,
https://www.zenga.hu/ingatlan/kiado-teglalakas-budapest-ix-kerulet/8662531?page=31&pos=8,Budapest IX. kerület kiadó téglalakás 1 szobás: 230 ezer Ft,230.0,39.0,földszint,1.0,"Budapest IX. kerület, Toronyház utca",Téglalakás,2025-09-05,rental,,Felújított,,,Nem adta meg a hirdető,,,,
https://www.zenga.hu/ingatlan/kiado-teglalakas-budapest-xiii-kerulet-ujlipotvaros/8579405?page=31&pos=13,Budapest XIII. kerület kiadó téglalakás 3 szobás: 436 ezer Ft,436.0,70.0,2. emelet,3.0,"Budapest XIII. kerület, Újlipótváros",Téglalakás,2025-09-05,rental,7.0,Újszerű,Házközponti,,B,,,,
https://www.zenga.hu/ingatlan/kiado-teglalakas-budapest-xiii-kerulet/8663470?page=31&pos=12,Budapest XIII. kerület kiadó téglalakás 3 szobás: 460 ezer Ft,460.0,71.0,5. emelet,3.0,"Budapest XIII. kerület, Lőportár köz",Téglalakás,2025-09-05,rental,1.0,Újszerű,Házközponti fűtés egyedi méréssel,,Nem adta meg a hirdető,,,,
https://www.zenga.hu/ingatlan/kiado-teglalakas-budapest-xviii-kerulet/8665629?page=31&pos=14,Budapest XVIII. kerület kiadó téglalakás 1+1 fél szobás: 200 ezer Ft,200.0,46.0,2. emelet,1.0,Budapest XVIII. kerület,Téglalakás,2025-09-05,rental,,Jó állapotú,Gáz (konvektor),4 m²,Nem adta meg a hirdető,1960.0,,Nincs,
https://www.zenga.hu/ingatlan/kiado-teglalakas-budapest-i-kerulet/8690216?page=31&pos=6,,500.0,120.0,3. emelet,3.0,"Budapest VI. kerület, Budapest VI. kerület, Bajcsy-Zsilinszky út",Téglalakás,2025-09-05,rental,8.0,Átlagos,Házközponti,,Nem adta meg a hirdető,,,,
https://www.zenga.hu/ingatlan/kiado-teglalakas-budapest-vi-kerulet/8678128?page=31&pos=15,Budapest VI. kerület kiadó téglalakás 3 szobás: 500 ezer Ft,500.0,120.0,3. emelet,3.0,"Budapest VI. kerület, Budapest VI. kerület, Bajcsy-Zsilinszky út",Téglalakás,2025-09-05,rental,8.0,Átlagos,Házközponti,,Nem adta meg a hirdető,,,,
https://www.zenga.hu/ingatlan/kiado-teglalakas-budapest-viii-kerulet-palotanegyed/8684769?page=31&pos=7,,,,,,,,2025-09-05,rental,,,,,,,,,
https://www.zenga.hu/ingatlan/kiado-teglalakas-budapest-ii-kerulet-szepilona/8100066?page=31&pos=16,,,,,,,,2025-09-05,rental,,,,,,,,,
https://www.zenga.hu/ingatlan/kiado-teglalakas-budapest-ix-kerulet/8372050?page=31&pos=19,Budapest IX. kerület kiadó téglalakás 4+1 fél szobás: 670 ezer Ft,670.0,183.0,6. emelet,4.0,Budapest IX. kerület,Téglalakás,2025-09-05,rental,6.0,Átlagos,Gázkazán,,Nem adta meg a hirdető,,,,
https://www.zenga.hu/ingatlan/kiado-teglalakas-budapest-xiii-kerulet/8690378?page=31&pos=20,Budapest XIII. kerület kiadó téglalakás 2 szobás: 332 ezer Ft,332.0,47.0,9. emelet,2.0,"Budapest XIII. kerület, Meder utca",Téglalakás,2025-09-05,rental,9.0,Újszerű,Házközponti fűtés egyedi méréssel,,Nem adta meg a hirdető,,,,
https://www.zenga.hu/ingatlan/kiado-teglalakas-budapest-x-kerulet/8679242?page=31&pos=17,Budapest X. kerület kiadó téglalakás 1+1 fél szobás: 140 ezer Ft,140.0,,,,,,2025-09-05,rental,,,,,,,,,
https://www.zenga.hu/ingatlan/kiado-teglalakas-budapest-vi-kerulet/6540758?page=32&pos=5,Budapest VI. kerület kiadó téglalakás 2 szobás: 496 ezer Ft,496.0,69.0,1. emelet,2.0,"Budapest VI. kerület, 6. kerület, Ó utca",Téglalakás,2025-09-05,rental,4.0,Felújított,,,Nem adta meg a hirdető,,,,
https://www.zenga.hu/ingatlan/kiado-panellakas-budapest-xv-kerulet-ujpalota/8690441?page=32&pos=7,Budapest XV. kerület kiadó panellakás 1+1 fél szobás: 175 ezer Ft,175.0,35.0,9. emelet,1.0,"Budapest XV. kerület, Újpalota",Panellakás,2025-09-05,rental,,,,,,,,,
https://www.zenga.hu/ingatlan/kiado-teglalakas-budapest-xii-kerulet/8663469?page=32&pos=8,Budapest XII. kerület kiadó téglalakás 2+1 fél szobás: 300 ezer Ft,,,,,,,2025-09-05,rental,,,,,,,,,
https://www.zenga.hu/ingatlan/kiado-teglalakas-budapest-xiv-kerulet/8583058?page=32&pos=9,Budapest XIV. kerület kiadó téglalakás 3 szobás: 360 ezer Ft,360.0,82.0,3. emelet,3.0,Budapest XIV. kerület,Téglalakás,2025-09-05,rental,5.0,Felújított,Gázkazán,,Nem adta meg a hirdető,,,,
https://www.zenga.hu/ingatlan/kiado-teglalakas-budapest-v-kerulet-belvaros/7091381?page=32&pos=11,Budapest V. kerület kiadó téglalakás 2 szobás: 396 ezer Ft,396.0,81.0,3. emelet,2.0,"Budapest V. kerület, Belváros, 1052 Petőfi Sándor utca",Téglalakás,2025-09-05,rental,,Átlagos,Házközponti,,Nem adta meg a hirdető,,,,
https://www.zenga.hu/ingatlan/kiado-teglalakas-budapest-xxii-kerulet-budafok/8674411?page=32&pos=3,Budapest XXII. kerület kiadó téglalakás 2 szobás: 220 ezer Ft,220.0,75.0,földszint,,"Budapest II. kerület, Kurucles",Téglalakás,2025-09-05,rental,3.0,Felújított,,,,,,,
https://www.zenga.hu/ingatlan/kiado-teglalakas-budapest-ii-kerulet-kurucles/8602075?page=32&pos=12,Budapest II. kerület kiadó téglalakás 6 szobás: 990 ezer Ft,990.0,195.0,1. emelet,6.0,"Budapest II. kerület, Kurucles",,2025-09-05,rental,,,,,,,,,
https://www.zenga.hu/ingatlan/kiado-panellakas-budapest-x-kerulet-ohegy/8543886?page=32&pos=13,,,,,,,,2025-09-05,rental,,,,,,,,,
https://www.zenga.hu/ingatlan/kiado-teglalakas-budapest-v-kerulet/8590202?page=32&pos=14,Budapest V. kerület kiadó téglalakás 2 szobás: 733 ezer Ft,733.0,90.0,5. emelet,2.0,Budapest V. kerület,Téglalakás,2025-09-05,rental,5.0,Felújított,Gázkazán,,Nem adta meg a hirdető,,,,
https://www.zenga.hu/ingatlan/kiado-teglalakas-budapest-i-kerulet/8319180?page=32&pos=1,Budapest I. kerület kiadó téglalakás 4 szobás: 650 ezer Ft,,,,,Budapest V. kerület,Téglalakás,2025-09-05,rental,4.0,Felújított,,,,,,,
https://www.zenga.hu/ingatlan/kiado-teglalakas-budapest-ix-kerulet/8668674?page=32&pos=15,Budapest IX. kerület kiadó téglalakás 2+1 fél szobás: 250 ezer Ft,250.0,55.0,1. emelet,2.0,"Budapest IX. kerület, Dési Huber utca",Téglalakás,2025-09-05,rental,4.0,Jó állapotú,Egyéb,,Nem adta meg a hirdető,,,,
https://www.zenga.hu/ingatlan/kiado-teglalakas-budapest-v-kerulet/8688754?page=32&pos=10,Budapest V. kerület kiadó téglalakás 2 szobás: 396 ezer Ft,396.0,55.0,4. emelet,2.0,Budapest V. kerület,Téglalakás,2025-09-05,rental,,,,,,,,,
https://www.zenga.hu/ingatlan/kiado-teglalakas-budapest-xiii-kerulet/8356910?page=32&pos=16,Budapest XIII. kerület kiadó téglalakás 3 szobás: 380 ezer Ft,380.0,63.0,8. emelet,3.0,Budapest XIII. kerület,Téglalakás,2025-09-05,rental,,Felújított,Házközponti fűtés egyedi méréssel,,Nem adta meg a hirdető,,,,
https://www.zenga.hu/ingatlan/kiado-teglalakas-budapest-ix-kerulet/8662562?page=32&pos=17,Budapest IX. kerület kiadó téglalakás 3 szobás: 395 ezer Ft,395.0,95.0,1. emelet,3.0,Budapest IX. kerület,Téglalakás,2025-09-05,rental,,Jó állapotú,Gázkazán,,Nem adta meg a hirdető,1897.0,,Nincs,
https://www.zenga.hu/ingatlan/kiado-teglalakas-budapest-vii-kerulet/8027899?page=32&pos=18,Budapest VII. kerület kiadó téglalakás 3 szobás: 500 ezer Ft,500.0,81.0,földszint,3.0,Budapest VII. kerület,Téglalakás,2025-09-05,rental,,Átlagos,Gáz (konvektor),,Nem adta meg a hirdető,,,,
https://www.zenga.hu/ingatlan/kiado-egyeb-lakas-budapest-ix-kerulet/8274416?page=32&pos=19,Budapest IX. kerület kiadó egyéb lakás 4 szobás: 549 ezer Ft,549.0,120.0,3. emelet,4.0,Budapest IX. kerület,Egyéb lakás,2025-09-05,rental,,Felújított,Gázkazán,,Nem adta meg a hirdető,,,,
https://www.zenga.hu/ingatlan/kiado-teglalakas-budapest-viii-kerulet/8635773?page=33&pos=2,Budapest VIII. kerület kiadó téglalakás 2+1 fél szobás: 250 ezer Ft,250.0,54.0,1. emelet,2.0,Budapest VIII. kerület,Téglalakás,2025-09-05,rental,7.0,Átlagos,Gázkazán,,D,2006.0,,,
https://www.zenga.hu/ingatlan/kiado-teglalakas-budapest-v-kerulet/8390625?page=33&pos=3,Budapest V. kerület kiadó téglalakás 1+2 fél szobás: 990 ezer Ft,990.0,127.0,2. emelet,1.0,Budapest V. kerület,Téglalakás,2025-09-05,rental,5.0,,,,Nem adta meg a hirdető,,,,
https://www.zenga.hu/ingatlan/kiado-teglalakas-budapest-ix-kerulet-rehabilitacios-terulet-ix-/8689257?page=33&pos=4,Budapest IX. kerület kiadó téglalakás 1 szobás: 280 ezer Ft,280.0,34.0,4. emelet,1.0,"Budapest IX. kerület, Rehabilitációs terület IX. ker.",Téglalakás,2025-09-05,rental,,Új építésű,Egyéb,,A,2024.0,,,
https://www.zenga.hu/ingatlan/kiado-teglalakas-budapest-vi-kerulet/8690133?page=33&pos=7,Budapest VI. kerület kiadó téglalakás 4 szobás: 799 ezer Ft,799.0,130.0,2. emelet,4.0,"Budapest VI. kerület, Budapest VI. kerület Teréz körút",Téglalakás,2025-09-05,rental,,Újszerű,Gázkazán,,Nem adta meg a hirdető,,,,
https://www.zenga.hu/ingatlan/kiado-teglalakas-budapest-xiii-kerulet/8408511?page=33&pos=1,Budapest XIII. kerület kiadó téglalakás: 380 ezer Ft,380.0,80.0,,6.0,Budapest XIII. kerület,Téglalakás,2025-09-05,rental,9.0,Újszerű,Házközponti,,,2000.0,,,
https://www.zenga.hu/ingatlan/kiado-teglalakas-budapest-ii-kerulet/8658126?page=32&pos=20,Budapest II. kerület kiadó téglalakás: 693 ezer Ft,693.0,141.0,,,,,2025-09-05,rental,,,,,,,,,
https://www.zenga.hu/ingatlan/kiado-teglalakas-budapest-xiii-kerulet-angyalfold/8670073?page=33&pos=9,Budapest XIII. kerület kiadó téglalakás 1+1 fél szobás: 200 ezer Ft,200.0,40.0,1. emelet,1.0,"Budapest XIII. kerület, Angyalföld, Angyalföldi út",Téglalakás,2025-09-05,rental,3.0,Jó állapotú,Gáz (konvektor),,Nem adta meg a hirdető,,,,
https://www.zenga.hu/ingatlan/kiado-teglalakas-budapest-xiii-kerulet/8689754?page=33&pos=10,Budapest XIII. kerület kiadó téglalakás 2 szobás: 295 ezer Ft,295.0,44.0,1. emelet,2.0,"Budapest XIII. kerület, Szekszárdi utca",Téglalakás,2025-09-05,rental,6.0,Újszerű,Házközponti fűtés egyedi méréssel,,A+,2001.0,,,
https://www.zenga.hu/ingatlan/kiado-teglalakas-budapest-xiii-kerulet-vizafogo/8690234?page=33&pos=12,Budapest XIII. kerület kiadó téglalakás 3 szobás: 630 ezer Ft,630.0,66.0,2. emelet,3.0,"Budapest XIII. kerület, Vizafogó, Hajóépítő sétány",Téglalakás,2025-09-05,rental,8.0,Újszerű,Mennyezeti hűtés-fűtés,,Nem adta meg a hirdető,2023.0,,,19 m²
https://www.zenga.hu/ingatlan/kiado-teglalakas-budapest-xiii-kerulet-angyalfold/8688380?page=33&pos=11,Budapest XIII. kerület kiadó téglalakás 2 szobás: 310 ezer Ft,310.0,48.0,1. emelet,2.0,"Budapest XIII. kerület, Angyalföld, Béke tér 10-11",Téglalakás,2025-09-05,rental,7.0,Újszerű,Házközponti,11 m²,A+,2021.0,,,
https://www.zenga.hu/ingatlan/kiado-teglalakas-budapest-v-kerulet/8441216?page=33&pos=13,Budapest V. kerület kiadó téglalakás 1 szobás: 190 ezer Ft,190.0,22.0,2. emelet,1.0,Budapest V. kerület,Téglalakás,2025-09-05,rental,4.0,Felújított,Központi fűtés,,Nem adta meg a hirdető,,,,
https://www.zenga.hu/ingatlan/kiado-teglalakas-budapest-xvi-kerulet/8690375?page=33&pos=5,Budapest XVI. kerület kiadó téglalakás 5 szobás: 600 ezer Ft,600.0,400.0,,,"Budapest IX. kerület, Belső Ferencváros",Téglalakás,2025-09-05,rental,8.0,Új építésű,Házközponti fűtés egyedi méréssel,,Nem adta meg a hirdető,,,,
https://www.zenga.hu/ingatlan/kiado-teglalakas-budapest-xii-kerulet-svabhegy/8618314?page=33&pos=15,Budapest XII. kerület kiadó téglalakás 3 szobás: 390 ezer Ft,390.0,88.0,tetőtér,3.0,"Budapest XII. kerület, Svábhegy",Téglalakás,2025-09-05,rental,,Átlagos,,,Nem adta meg a hirdető,,,,
https://www.zenga.hu/ingatlan/kiado-teglalakas-budapest-xii-kerulet-kissvabhegy/8637120?page=33&pos=16,Budapest XII. kerület kiadó téglalakás 2 szobás: 320 ezer Ft,320.0,81.0,1. emelet,2.0,,,2025-09-05,rental,,,,,,,,,
https://www.zenga.hu/ingatlan/kiado-teglalakas-budapest-xii-kerulet-janoshegy/8407433?page=33&pos=17,Budapest XII. kerület kiadó téglalakás 5 szobás: 418 ezer Ft,418.0,130.0,3. emelet,5.0,"Budapest XII. kerület, Jánoshegy",Téglalakás,2025-09-05,rental,,,Gázkazán,4 m²,Nem adta meg a hirdető,1990.0,,,10 m²
https://www.zenga.hu/ingatlan/kiado-panellakas-budapest-xx-kerulet-pacsirtatelep/8690383?page=33&pos=19,Budapest XX. kerület kiadó panellakás 2 szobás: 230 ezer Ft,230.0,63.0,4. emelet,2.0,"Budapest XX. kerület, Pacsirtatelep, Török Flóris utca",Panellakás,2025-09-05,rental,4.0,Felújított,Gáz (konvektor),,F,,,,
https://www.zenga.hu/ingatlan/kiado-teglalakas-budapest-vi-kerulet/7948037?page=34&pos=1,Budapest VI. kerület kiadó téglalakás 4 szobás: 871 ezer Ft,871.0,110.0,1. emelet,4.0,"Budapest VI. kerület, Liszt Ferenc tér",Téglalakás,2025-09-05,rental,,Felújított,,,Nem adta meg a hirdető,,,,
https://www.zenga.hu/ingatlan/kiado-teglalakas-budapest-ix-kerulet-belso-ferencvaros/8584359?page=33&pos=14,Budapest IX. kerület kiadó téglalakás 3 szobás: 490 ezer Ft,490.0,51.0,2. emelet,3.0,"Budapest IX. kerület, Belső Ferencváros",Téglalakás,2025-09-05,rental,8.0,Új építésű,,,,,,,
https://www.zenga.hu/ingatlan/kiado-teglalakas-budapest-viii-kerulet-jozsefvaros/8626284?page=34&pos=3,Budapest VIII. kerület kiadó téglalakás 1 szobás: 220 ezer Ft,220.0,26.0,1. emelet,1.0,"Budapest VIII. kerület, Józsefváros",Téglalakás,2025-09-05,rental,,Új építésű,Hőszivattyú,,Nem adta meg a hirdető,2025.0,,,
https://www.zenga.hu/ingatlan/kiado-teglalakas-budapest-vii-kerulet/8690397?page=34&pos=4,Budapest VII. kerület kiadó téglalakás 2 szobás: 260 ezer Ft,260.0,69.0,2. emelet,2.0,Budapest VII. kerület,Téglalakás,2025-09-05,rental,3.0,Újszerű,,,Nem adta meg a hirdető,,,Nincs,
https://www.zenga.hu/ingatlan/kiado-teglalakas-budapest-viii-kerulet/8654301?page=33&pos=18,Budapest VIII. kerület kiadó téglalakás 1 szobás: 220 ezer Ft,,,,,,,2025-09-05,rental,,,,,,,,,
https://www.zenga.hu/ingatlan/kiado-teglalakas-budapest-ix-kerulet/8689545?page=34&pos=5,Budapest IX. kerület kiadó téglalakás 1 szobás: 240 ezer Ft,240.0,30.0,1. emelet,1.0,"Budapest IX. kerület, Tóth Kálmán utca",Téglalakás,2025-09-05,rental,9.0,Új építésű,Egyéb,,A+,,,,
https://www.zenga.hu/ingatlan/kiado-teglalakas-budapest-v-kerulet-lipotvaros/7345388?page=34&pos=6,Budapest V. kerület kiadó téglalakás 3 szobás: 676 ezer Ft,676.0,99.0,2. emelet,3.0,"Budapest V. kerület, Lipótváros, Váci utca közelében, Molnár utcában luxus erkélyes lakás",Téglalakás,2025-09-05,rental,4.0,Felújított,,,Nem adta meg a hirdető,,,,
https://www.zenga.hu/ingatlan/kiado-teglalakas-budapest-xiii-kerulet/8689664?page=34&pos=7,Budapest XIII. kerület kiadó téglalakás 2 szobás: 280 ezer Ft,280.0,48.0,3. emelet,2.0,Budapest XIII. kerület,Téglalakás,2025-09-05,rental,,,Házközponti fűtés egyedi méréssel,,Nem adta meg a hirdető,2020.0,,,7 m²
https://www.zenga.hu/ingatlan/kiado-egyeb-lakas-budapest-xi-kerulet-sashegy-xi-ker/8689310?page=33&pos=20,Budapest XI. kerület kiadó egyéb lakás 1 szobás: 170 ezer Ft,170.0,22.0,3. emelet,1.0,"Budapest XI. kerület, Sashegy XI. ker",,2025-09-05,rental,,,,,,,,,
https://www.zenga.hu/ingatlan/kiado-teglalakas-budapest-vi-kerulet/8628040?page=34&pos=8,Budapest VI. kerület kiadó téglalakás 2 szobás: 400 ezer Ft,400.0,63.0,1. emelet,2.0,"Budapest VI. kerület, Oktogon közelében",Téglalakás,2025-09-05,rental,,Felújított,Fan coil,,Nem adta meg a hirdető,,,,
https://www.zenga.hu/ingatlan/kiado-teglalakas-budapest-xii-kerulet-istenhegy/8572390?page=34&pos=9,Budapest XII. kerület kiadó téglalakás 2 szobás: 280 ezer Ft,280.0,60.0,1. emelet,2.0,"Budapest XII. kerület, Istenhegy",Téglalakás,2025-09-05,rental,2.0,Újszerű,Gáz (konvektor),,E,,,,
https://www.zenga.hu/ingatlan/kiado-teglalakas-budapest-v-kerulet/7943284?page=34&pos=12,Budapest V. kerület kiadó téglalakás 3+1 fél szobás: 990 ezer Ft,990.0,100.0,1. emelet,3.0,"Budapest V. kerület, Szent István körút",Téglalakás,2025-09-05,rental,,Felújított,,,Nem adta meg a hirdető,,,,
https://www.zenga.hu/ingatlan/kiado-teglalakas-budapest-v-kerulet/8668481?page=34&pos=14,Budapest V. kerület kiadó téglalakás 3 szobás: 780 ezer Ft,780.0,120.0,4. emelet,3.0,"Budapest V. kerület, Budapest V. kerület, Petőfi Sándor utca",Téglalakás,2025-09-05,rental,7.0,Újszerű,Házközponti,,Nem adta meg a hirdető,,,,
https://www.zenga.hu/ingatlan/kiado-teglalakas-budapest-v-kerulet-belvaros/8528187?page=34&pos=15,"Budapest V. kerület kiadó téglalakás 4+1 fél szobás: 1,19 millió Ft",1.19,127.0,1. emelet,4.0,"Budapest V. kerület, Belváros",Téglalakás,2025-09-05,rental,4.0,Újszerű,Központi fűtés,,Nem adta meg a hirdető,,,,
https://www.zenga.hu/ingatlan/kiado-teglalakas-budapest-v-kerulet/7948039?page=34&pos=16,Budapest V. kerület kiadó téglalakás 3+1 fél szobás: 871 ezer Ft,871.0,127.0,3. emelet,3.0,"Budapest V. kerület, Kossuth Lajos utca",Téglalakás,2025-09-05,rental,,Felújított,,,Nem adta meg a hirdető,,,,
https://www.zenga.hu/ingatlan/kiado-teglalakas-budapest-v-kerulet/7941315?page=34&pos=20,Budapest V. kerület kiadó téglalakás 3 szobás: 990 ezer Ft,990.0,100.0,2. emelet,3.0,"Budapest V. kerület, Irányi utca",Téglalakás,2025-09-05,rental,,Felújított,,,Nem adta meg a hirdető,,,,
https://www.zenga.hu/ingatlan/kiado-teglalakas-budapest-xiv-kerulet/8673640?page=34&pos=17,Budapest XIV. kerület kiadó téglalakás 2 szobás: 210 ezer Ft,210.0,37.0,10 felett,2.0,"Budapest XIV. kerület, Lengyel utca",Téglalakás,2025-09-05,rental,3.0,Felújított,Gázkazán,,Nem adta meg a hirdető,,,,
https://www.zenga.hu/ingatlan/kiado-teglalakas-budapest-v-kerulet-lipotvaros/8683901?page=34&pos=18,Budapest V. kerület kiadó téglalakás 1+1 fél szobás: 230 ezer Ft,230.0,32.0,2. emelet,1.0,"Budapest V. kerület, Lipótváros",Téglalakás,2025-09-05,rental,,Újszerű,Elektromos,,Nem adta meg a hirdető,1890.0,,Nincs,
https://www.zenga.hu/ingatlan/kiado-teglalakas-budapest-v-kerulet/7941316?page=35&pos=3,Budapest V. kerület kiadó téglalakás 2 szobás: 300 ezer Ft,300.0,50.0,3. emelet,2.0,"Budapest V. kerület, Magyar utca",Téglalakás,2025-09-05,rental,,Átlagos,,,Nem adta meg a hirdető,,,,
https://www.zenga.hu/ingatlan/kiado-teglalakas-budapest-v-kerulet-belvaros/8428473?page=35&pos=1,Budapest V. kerület kiadó téglalakás 6 szobás: 750 ezer Ft,750.0,150.0,1. emelet,6.0,"Budapest V. kerület, Belváros",Téglalakás,2025-09-05,rental,,Jó állapotú,Házközponti,,C,1922.0,,Nincs,
https://www.zenga.hu/ingatlan/kiado-teglalakas-budapest-xxi-kerulet/8690254?page=35&pos=2,Budapest XXI. kerület kiadó téglalakás 3 szobás: 190 ezer Ft,190.0,57.0,földszint,3.0,"Budapest XXI. kerület, Jupiter utca 10.",Téglalakás,2025-09-05,rental,3.0,Felújított,Gáz (konvektor),6 m²,Nem adta meg a hirdető,1980.0,,,
https://www.zenga.hu/ingatlan/kiado-teglalakas-budapest-viii-kerulet/8688136?page=35&pos=6,Budapest VIII. kerület kiadó téglalakás 2+2 fél szobás: 490 ezer Ft,490.0,93.0,6. emelet,2.0,"Budapest VIII. kerület, Vas utca",Téglalakás,2025-09-05,rental,7.0,Felújított,Gázkazán,,Nem adta meg a hirdető,,,,
https://www.zenga.hu/ingatlan/kiado-teglalakas-budapest-v-kerulet-belvaros/8501077?page=35&pos=4,Budapest V. kerület kiadó téglalakás 1 szobás: 440 ezer Ft,440.0,46.0,4. emelet,1.0,"Budapest V. kerület, Belváros",Téglalakás,2025-09-05,rental,5.0,Felújított,,,Nem adta meg a hirdető,,,,
https://www.zenga.hu/ingatlan/kiado-teglalakas-budapest-iii-kerulet-romaifurdo/8587295?page=35&pos=5,Budapest III. kerület kiadó téglalakás 2 szobás: 450 ezer Ft,450.0,66.0,1. emelet,2.0,"Budapest III. kerület, Rómaifürdő, Losonc utca",Téglalakás,2025-09-05,rental,,,Házközponti,,Nem adta meg a hirdető,2024.0,,,25 m²
https://www.zenga.hu/ingatlan/kiado-teglalakas-budapest-v-kerulet/7948038?page=35&pos=7,Budapest V. kerület kiadó téglalakás 3 szobás: 911 ezer Ft,911.0,83.0,1. emelet,3.0,"Budapest V. kerület, Markó utca",Téglalakás,2025-09-05,rental,,Felújított,,,Nem adta meg a hirdető,,,,
https://www.zenga.hu/ingatlan/kiado-teglalakas-budapest-ii-kerulet/8259677?page=35&pos=9,Budapest II. kerület kiadó téglalakás 3 szobás: 550 ezer Ft,550.0,81.0,1. emelet,3.0,Budapest II. kerület,Téglalakás,2025-09-05,rental,,Felújított,Gázkazán,,Nem adta meg a hirdető,1924.0,,Nincs,
https://www.zenga.hu/ingatlan/kiado-teglalakas-budapest-vi-kerulet/8591938?page=35&pos=10,Budapest VI. kerület kiadó téglalakás 1+1 fél szobás: 320 ezer Ft,320.0,45.0,1. emelet,1.0,Budapest VI. kerület,Téglalakás,2025-09-05,rental,3.0,Felújított,Elektromos,,Nem adta meg a hirdető,,,,
https://www.zenga.hu/ingatlan/kiado-teglalakas-budapest-ix-kerulet/8676959?page=34&pos=10,Budapest XIII. kerület kiadó téglalakás 4 szobás: 600 ezer Ft,600.0,108.0,,4.0,"Budapest X. kerület, Óhegy",Téglalakás,2025-09-05,rental,,Újszerű,Házközponti,5 m²,Nem adta meg a hirdető,2004.0,,Nincs,
https://www.zenga.hu/ingatlan/kiado-teglalakas-budapest-xiii-kerulet-vizafogo/8689752?page=34&pos=19,Budapest XIII. kerület kiadó téglalakás 4 szobás: 600 ezer Ft,600.0,108.0,,2.0,"Budapest X. kerület, Óhegy",Téglalakás,2025-09-05,rental,,Újszerű,Házközponti,5 m²,Nem adta meg a hirdető,2004.0,,,
https://www.zenga.hu/ingatlan/kiado-tarsashazi-lakas-budapest-vi-kerulet/8436668?page=35&pos=13,Budapest VI. kerület kiadó társasházi lakás 3 szobás: 920 ezer Ft,920.0,136.0,4. emelet,3.0,Budapest VI. kerület,Társasházi lakás,2025-09-05,rental,4.0,Új építésű,,,Nem adta meg a hirdető,,,,
https://www.zenga.hu/ingatlan/kiado-teglalakas-budapest-ix-kerulet/8552429?page=35&pos=11,Budapest IX. kerület kiadó téglalakás 5 szobás: 580 ezer Ft,580.0,157.0,2. emelet,5.0,Budapest IX. kerület,Téglalakás,2025-09-05,rental,6.0,Felújított,Gázkazán,,Nem adta meg a hirdető,,,,
https://www.zenga.hu/ingatlan/kiado-teglalakas-budapest-viii-kerulet/8690382?page=35&pos=12,Budapest VIII. kerület kiadó téglalakás 2 szobás: 220 ezer Ft,220.0,69.0,2. emelet,2.0,"Budapest VIII. kerület, Futó utca",Téglalakás,2025-09-05,rental,3.0,Felújított,Gáz (konvektor),,E,,,,
https://www.zenga.hu/ingatlan/kiado-teglalakas-budapest-xiv-kerulet-zuglo/8650141?page=35&pos=14,Budapest XIV. kerület kiadó téglalakás 1+1 fél szobás: 180 ezer Ft,180.0,37.0,földszint,1.0,"Budapest XIV. kerület, Zugló, Rózsavölgyi tér 1.",Téglalakás,2025-09-05,rental,2.0,Jó állapotú,Gáz (konvektor),,Nem adta meg a hirdető,,,,
https://www.zenga.hu/ingatlan/kiado-teglalakas-budapest-x-kerulet-ohegy/8678170?page=35&pos=8,Budapest X. kerület kiadó téglalakás 2 szobás: 250 ezer Ft,250.0,50.0,4. emelet,2.0,"Budapest X. kerület, Óhegy",Téglalakás,2025-09-05,rental,,Újszerű,Házközponti,,,2004.0,,,
https://www.zenga.hu/ingatlan/kiado-teglalakas-budapest-viii-kerulet/8433182?page=35&pos=16,Budapest VIII. kerület kiadó téglalakás 4 szobás: 554 ezer Ft,554.0,91.0,5. emelet,4.0,Budapest VIII. kerület,Téglalakás,2025-09-05,rental,,Újszerű,Hőszivattyú,,Nem adta meg a hirdető,2022.0,,,
https://www.zenga.hu/ingatlan/kiado-teglalakas-budapest-viii-kerulet/8678165?page=35&pos=15,Budapest VIII. kerület kiadó téglalakás 2 szobás: 360 ezer Ft,360.0,50.0,1. emelet,2.0,Budapest VIII. kerület,Téglalakás,2025-09-05,rental,,Felújított,Elektromos,,Nem adta meg a hirdető,1915.0,,Nincs,
https://www.zenga.hu/ingatlan/kiado-teglalakas-budapest-vii-kerulet/7239032?page=35&pos=18,Budapest VII. kerület kiadó téglalakás 1 szobás: 680 ezer Ft,680.0,80.0,2. emelet,1.0,"Budapest VII. kerület, 1074 Budapest Dohány utca",Téglalakás,2025-09-05,rental,3.0,Felújított,Házközponti fűtés egyedi méréssel,,Nem adta meg a hirdető,,,,
https://www.zenga.hu/ingatlan/kiado-teglalakas-budapest-viii-kerulet/8399649?page=35&pos=19,Budapest VIII. kerület kiadó téglalakás 3 szobás: 520 ezer Ft,520.0,89.0,2. emelet,3.0,Budapest VIII. kerület,Téglalakás,2025-09-05,rental,5.0,Felújított,,,Nem adta meg a hirdető,,,,
https://www.zenga.hu/ingatlan/kiado-teglalakas-budapest-iii-kerulet/8628042?page=35&pos=17,Budapest III. kerület kiadó téglalakás 2 szobás: 270 ezer Ft,270.0,72.0,1. emelet,2.0,"Budapest III. kerület, Bécsi út-Vörösvári út sarok közelében",Téglalakás,2025-09-05,rental,,Átlagos,Gázkazán,,Nem adta meg a hirdető,,,,
https://www.zenga.hu/ingatlan/kiado-teglalakas-budapest-viii-kerulet/8583400?page=35&pos=20,Budapest VIII. kerület kiadó téglalakás 1 szobás: 220 ezer Ft,220.0,26.0,3. emelet,1.0,Budapest VIII. kerület,Téglalakás,2025-09-05,rental,,Felújított,Gáz (konvektor),,Nem adta meg a hirdető,,,,
https://www.zenga.hu/ingatlan/kiado-teglalakas-budapest-ii-kerulet/8647555?page=36&pos=17,Budapest II. kerület kiadó téglalakás 3 szobás: 360 ezer Ft,360.0,70.0,földszint,,,,2025-09-05,rental,,,,,,,,,
https://www.zenga.hu/ingatlan/kiado-teglalakas-budapest-xii-kerulet-viranyos/8690014?page=36&pos=14,,,,,,,,2025-09-05,rental,,,,,,,,,
https://www.zenga.hu/ingatlan/kiado-teglalakas-budapest-xi-kerulet-kelenfold/8689601?page=36&pos=15,,,,,,,,2025-09-05,rental,,,,,,,,,
https://www.zenga.hu/ingatlan/kiado-teglalakas-budapest-xvi-kerulet-matyasfold/8689983?page=36&pos=12,,,,,,,,2025-09-05,rental,,,,,,,,,
https://www.zenga.hu/ingatlan/kiado-teglalakas-budapest-xii-kerulet-svabhegy/8663460?page=36&pos=16,"Budapest XII. kerület kiadó téglalakás 8 szobás: 2,55 millió Ft",2.55,600.0,,,,,2025-09-05,rental,,,,,,,,,
https://www.zenga.hu/ingatlan/kiado-teglalakas-budapest-vi-kerulet/8622034?page=36&pos=10,,520.0,104.0,2. emelet,3.0,"Budapest VI. kerület, VI.Andràssy út",Téglalakás,2025-09-05,rental,3.0,Felújított,Gázkazán,,Nem adta meg a hirdető,,,,
https://www.zenga.hu/ingatlan/kiado-teglalakas-budapest-vi-kerulet/7073775?page=36&pos=19,Budapest VI. kerület kiadó téglalakás 3 szobás: 520 ezer Ft,520.0,104.0,2. emelet,3.0,"Budapest VI. kerület, VI.Andràssy út",Téglalakás,2025-09-05,rental,3.0,Felújított,Gázkazán,,Nem adta meg a hirdető,,,,
https://www.zenga.hu/ingatlan/kiado-teglalakas-budapest-xi-kerulet-kelenfold/8689309?page=36&pos=20,,,,,,,,2025-09-05,rental,,,,,,,,,
https://www.zenga.hu/ingatlan/kiado-teglalakas-budapest-viii-kerulet/8677310?page=37&pos=2,Budapest VIII. kerület kiadó téglalakás 3 szobás: 300 ezer Ft,,,,,,,2025-09-05,rental,,,,,,,,,
https://www.zenga.hu/ingatlan/kiado-teglalakas-budapest-viii-kerulet/8433182?page=37&pos=3,Budapest VIII. kerület kiadó téglalakás 4 szobás: 554 ezer Ft,554.0,91.0,5. emelet,4.0,Budapest VIII. kerület,Téglalakás,2025-09-05,rental,,Újszerű,,,,,,,
https://www.zenga.hu/ingatlan/kiado-teglalakas-budapest-xiv-kerulet-varosliget/8627361?page=37&pos=5,Budapest XIV. kerület kiadó téglalakás 4 szobás: 580 ezer Ft,580.0,148.0,3. emelet,4.0,"Budapest XIV. kerület, Városliget",Téglalakás,2025-09-05,rental,,Jó állapotú,Gázkazán,4 m²,Nem adta meg a hirdető,1902.0,,Nincs,
https://www.zenga.hu/ingatlan/kiado-teglalakas-budapest-vii-kerulet/8557760?page=37&pos=4,,,,,,,,2025-09-05,rental,,,,,,,,,
https://www.zenga.hu/ingatlan/kiado-teglalakas-budapest-xi-kerulet/8690399?page=37&pos=1,Budapest XI. kerület kiadó téglalakás 3 szobás: 280 ezer Ft,280.0,,,,,,2025-09-05,rental,,,,,,,,,
https://www.zenga.hu/ingatlan/kiado-panellakas-budapest-viii-kerulet-corvin-negyed/8661170?page=37&pos=6,,,,,,,,2025-09-05,rental,,,,,,,,,
https://www.zenga.hu/ingatlan/kiado-teglalakas-budapest-v-kerulet-lipotvaros/8684664?page=37&pos=8,Budapest V. kerület kiadó téglalakás 1+1 fél szobás: 350 ezer Ft,350.0,51.0,1. emelet,1.0,"Budapest V. kerület, Lipótváros, Október 6. u.",Téglalakás,2025-09-05,rental,5.0,Újszerű,Gázkazán,,Nem adta meg a hirdető,1930.0,,,
https://www.zenga.hu/ingatlan/kiado-teglalakas-budapest-xiii-kerulet-angyalfold/8690407?page=37&pos=9,Budapest XIII. kerület kiadó téglalakás 4 szobás: 450 ezer Ft,450.0,75.0,1. emelet,4.0,"Budapest XIII. kerület, Angyalföld, Vág utca.",Téglalakás,2025-09-05,rental,4.0,Felújított,Gáz (konvektor),,C,,60 000 Ft/hó,Nincs,1 m²
https://www.zenga.hu/ingatlan/kiado-egyeb-lakas-budapest-vi-kerulet/8662316?page=37&pos=10,Budapest VI. kerület kiadó egyéb lakás 4 szobás: 899 ezer Ft,899.0,130.0,2. emelet,4.0,"Budapest VI. kerület, Teréz körút",Egyéb lakás,2025-09-05,rental,6.0,Felújított,Gázkazán,,Nem adta meg a hirdető,,,,
https://www.zenga.hu/ingatlan/kiado-teglalakas-budapest-vii-kerulet/8132928?page=37&pos=12,Budapest VII. kerület kiadó téglalakás 2 szobás: 290 ezer Ft,290.0,58.0,félemelet,2.0,Budapest VII. kerület,Téglalakás,2025-09-05,rental,6.0,Felújított,,,Nem adta meg a hirdető,,,,
https://www.zenga.hu/ingatlan/kiado-teglalakas-budapest-v-kerulet-belvaros/8517206?page=37&pos=13,Budapest V. kerület kiadó téglalakás 3 szobás: 990 ezer Ft,990.0,127.0,2. emelet,3.0,"Budapest V. kerület, Belváros",Téglalakás,2025-09-05,rental,,Átlagos,,,Nem adta meg a hirdető,,,,
https://www.zenga.hu/ingatlan/kiado-teglalakas-budapest-ii-kerulet/6296903?page=37&pos=11,,,,,,,,2025-09-05,rental,,,,,,,,,
https://www.zenga.hu/ingatlan/kiado-teglalakas-budapest-xi-kerulet-nadorkert/8292769?page=37&pos=7,,,,,,,,2025-09-05,rental,,,,,,,,,
https://www.zenga.hu/ingatlan/kiado-teglalakas-budapest-xiii-kerulet-vizafogo/8683860?page=37&pos=14,Budapest XIII. kerület kiadó téglalakás 2 szobás: 279 ezer Ft,279.0,52.0,1. emelet,2.0,"Budapest XIII. kerület, Vizafogó, Viza utca 9",Téglalakás,2025-09-05,rental,9.0,Újszerű,Házközponti fűtés egyedi méréssel,5 m²,C,2006.0,15 000 Ft/hó,Nincs,
https://www.zenga.hu/ingatlan/kiado-teglalakas-budapest-ii-kerulet/8677339?page=36&pos=18,,,,,,,,2025-09-05,rental,,,,,,,,,
https://www.zenga.hu/ingatlan/kiado-teglalakas-budapest-v-kerulet-belvaros/8064140?page=37&pos=15,Budapest V. kerület kiadó téglalakás 3 szobás: 440 ezer Ft,440.0,86.0,,3.0,"Budapest V. kerület, Belváros",Téglalakás,2025-09-05,rental,,Újszerű,,,Nem adta meg a hirdető,,,,
https://www.zenga.hu/ingatlan/kiado-teglalakas-budapest-viii-kerulet/8678129?page=37&pos=17,Budapest VIII. kerület kiadó téglalakás 3 szobás: 460 ezer Ft,460.0,64.0,8. emelet,3.0,"Budapest VIII. kerület, Budapest VIII. kerület, Corvin sétány",Téglalakás,2025-09-05,rental,9.0,Újszerű,Házközponti fűtés egyedi méréssel,,Nem adta meg a hirdető,,,,
https://www.zenga.hu/ingatlan/kiado-teglalakas-budapest-v-kerulet-belvaros/8064141?page=37&pos=20,Budapest V. kerület kiadó téglalakás 3 szobás: 480 ezer Ft,480.0,85.0,,3.0,"Budapest V. kerület, Belváros",Téglalakás,2025-09-05,rental,,Újszerű,,,Nem adta meg a hirdető,,,,
https://www.zenga.hu/ingatlan/kiado-teglalakas-budapest-vi-kerulet/8688872?page=38&pos=2,Budapest VI. kerület kiadó téglalakás 3 szobás: 490 ezer Ft,490.0,110.0,1. emelet,3.0,Budapest VI. kerület,Téglalakás,2025-09-05,rental,,Felújított,Gázkazán,,Nem adta meg a hirdető,1910.0,,,
https://www.zenga.hu/ingatlan/kiado-teglalakas-budapest-v-kerulet-belvaros/8064141?page=38&pos=1,Budapest V. kerület kiadó téglalakás 3 szobás: 480 ezer Ft,480.0,85.0,,3.0,"Budapest V. kerület, Belváros",Téglalakás,2025-09-05,rental,,Újszerű,,,Nem adta meg a hirdető,,,,
https://www.zenga.hu/ingatlan/kiado-teglalakas-budapest-ix-kerulet/8301099?page=37&pos=16,Budapest IX. kerület kiadó téglalakás: 350 ezer Ft,350.0,58.0,,2.0,,Téglalakás,2025-09-05,rental,,Felújított,,,Nem adta meg a hirdető,,,,
https://www.zenga.hu/ingatlan/kiado-teglalakas-budapest-v-kerulet/7939696?page=38&pos=5,"Budapest V. kerület kiadó téglalakás 4 szobás: 1,19 millió Ft",1.19,138.0,4. emelet,4.0,"Budapest V. kerület, Belgrád rakpart",Téglalakás,2025-09-05,rental,,Felújított,,,Nem adta meg a hirdető,,,,
https://www.zenga.hu/ingatlan/kiado-teglalakas-budapest-xi-kerulet/8690398?page=37&pos=18,Budapest XI. kerület kiadó téglalakás 2 szobás: 240 ezer Ft,240.0,45.0,földszint,2.0,Budapest XI. kerület,Téglalakás,2025-09-05,rental,6.0,Felújított,,,,,,,
https://www.zenga.hu/ingatlan/kiado-teglalakas-budapest-iii-kerulet-aranyhegy/8472685?page=38&pos=9,Budapest III. kerület kiadó téglalakás 4 szobás: 560 ezer Ft,560.0,97.0,földszint,4.0,"Budapest III. kerület, Aranyhegy",Téglalakás,2025-09-05,rental,,Új építésű,Egyéb,10 m²,A+,2019.0,,Nincs,13 m²
https://www.zenga.hu/ingatlan/kiado-teglalakas-budapest-xiii-kerulet-ujlipotvaros/8574278?page=37&pos=19,"Budapest XIII. kerület kiadó téglalakás 3 szobás: 1,6 millió Ft",1.6,161.0,5. emelet,3.0,"Budapest XIII. kerület, Újlipótváros",,2025-09-05,rental,,,,,,,,,
https://www.zenga.hu/ingatlan/kiado-teglalakas-budapest-v-kerulet-lipotvaros/7054583?page=38&pos=7,Budapest V. kerület kiadó téglalakás 2 szobás: 420 ezer Ft,420.0,66.0,3. emelet,2.0,"Budapest V. kerület, Lipótváros, Deák tér közelében, 5.ker.",Téglalakás,2025-09-05,rental,,Új építésű,,,Nem adta meg a hirdető,,,,
https://www.zenga.hu/ingatlan/kiado-teglalakas-budapest-i-kerulet/8682736?page=38&pos=6,Budapest I. kerület kiadó téglalakás 2 szobás: 315 ezer Ft,315.0,61.0,5. emelet,2.0,"Budapest I. kerület, Székely utca",Téglalakás,2025-09-05,rental,,,,,,,,,
https://www.zenga.hu/ingatlan/kiado-teglalakas-budapest-viii-kerulet-corvin-negyed/8670420?page=38&pos=10,Budapest VIII. kerület kiadó téglalakás 1 szobás: 180 ezer Ft,180.0,30.0,1. emelet,1.0,"Budapest VIII. kerület, Corvin negyed",Téglalakás,2025-09-05,rental,,Felújított,Elektromos,,Nem adta meg a hirdető,2001.0,,Nincs,
https://www.zenga.hu/ingatlan/kiado-teglalakas-budapest-vii-kerulet/8379904?page=38&pos=11,Budapest VII. kerület kiadó téglalakás 2+1 fél szobás: 280 ezer Ft,280.0,70.0,3. emelet,2.0,Budapest VII. kerület,Téglalakás,2025-09-05,rental,3.0,Felújított,Gázkazán,,Nem adta meg a hirdető,,,,
https://www.zenga.hu/ingatlan/kiado-tarsashazi-lakas-budapest-vi-kerulet/8436670?page=38&pos=12,Budapest VI. kerület kiadó társasházi lakás 3 szobás: 911 ezer Ft,911.0,98.0,4. emelet,3.0,Budapest VI. kerület,Társasházi lakás,2025-09-05,rental,4.0,Új építésű,,,Nem adta meg a hirdető,,,,
https://www.zenga.hu/ingatlan/kiado-teglalakas-budapest-xi-kerulet-sasad-sashegy-xi-ker/8634439?page=38&pos=13,Budapest XI. kerület kiadó téglalakás 2 szobás: 250 ezer Ft,250.0,50.0,1. emelet,2.0,"Budapest XI. kerület, Sasad-Sashegy XI. ker.",Téglalakás,2025-09-05,rental,3.0,Átlagos,Gázkazán,,Nem adta meg a hirdető,2002.0,,,
https://www.zenga.hu/ingatlan/kiado-teglalakas-budapest-xiii-kerulet/8648917?page=38&pos=14,Budapest XIII. kerület kiadó téglalakás 1+2 fél szobás: 295 ezer Ft,295.0,60.0,5. emelet,1.0,"Budapest XIII. kerület, Budapest, Madarász Viktor utca",Téglalakás,2025-09-05,rental,7.0,Felújított,Házközponti,,Nem adta meg a hirdető,,,,
https://www.zenga.hu/ingatlan/kiado-panellakas-budapest-xviii-kerulet-lonyaytelep/8680787?page=38&pos=15,Budapest XVIII. kerület kiadó panellakás 1+1 fél szobás: 220 ezer Ft,220.0,47.0,2. emelet,1.0,"Budapest XVIII. kerület, Lónyaytelep, Mikszáth Kálmán utca 2",Panellakás,2025-09-05,rental,4.0,Jó állapotú,Távfűtés,,B,,,Nincs,
https://www.zenga.hu/ingatlan/kiado-teglalakas-budapest-xiii-kerulet/8631956?page=38&pos=16,Budapest XIII. kerület kiadó téglalakás 3 szobás: 399 ezer Ft,399.0,69.0,3. emelet,3.0,"Budapest XIII. kerület, Budapest, Katona József utca",Téglalakás,2025-09-05,rental,4.0,Felújított,Központi fűtés,,Nem adta meg a hirdető,,,,
https://www.zenga.hu/ingatlan/kiado-teglalakas-budapest-ix-kerulet-belso-ferencvaros/8663445?page=38&pos=18,Budapest IX. kerület kiadó téglalakás 2 szobás: 315 ezer Ft,315.0,70.0,2. emelet,2.0,"Budapest IX. kerület, Belső Ferencváros, Kálvin tér",Téglalakás,2025-09-05,rental,4.0,Felújított,Házközponti fűtés egyedi méréssel,,Nem adta meg a hirdető,,,,
https://www.zenga.hu/ingatlan/kiado-teglalakas-budapest-ii-kerulet-orszagut/7976516?page=38&pos=8,Budapest II. kerület kiadó téglalakás: 750 ezer Ft,750.0,91.0,,,"Budapest XIV. kerület, Ormánság utca",Panellakás,2025-09-05,rental,10.0,Felújított,Távfűtés,,Nem adta meg a hirdető,,,,
https://www.zenga.hu/ingatlan/kiado-teglalakas-budapest-ix-kerulet-rehabilitacios-terulet-ix-/7102413?page=39&pos=1,"Budapest IX. kerület kiadó téglalakás 3 szobás: 1,29 millió Ft",1.29,136.0,9. emelet,3.0,"Budapest IX. kerület, Rehabilitációs terület IX. ker., Lechner Ödön fasor",Téglalakás,2025-09-05,rental,9.0,Újszerű,,,Nem adta meg a hirdető,,,,
https://www.zenga.hu/ingatlan/kiado-teglalakas-budapest-vi-kerulet/8306831?page=38&pos=20,Budapest VI. kerület kiadó téglalakás 3 szobás: 714 ezer Ft,714.0,106.0,földszint,3.0,Budapest VI. kerület,Téglalakás,2025-09-05,rental,6.0,Újszerű,Fan coil,20 m²,Nem adta meg a hirdető,2010.0,,,
https://www.zenga.hu/ingatlan/kiado-teglalakas-budapest-i-kerulet/8637142?page=39&pos=2,Budapest I. kerület kiadó téglalakás 4 szobás: 500 ezer Ft,500.0,70.0,3. emelet,4.0,Budapest I. kerület,Téglalakás,2025-09-05,rental,,Felújított,Gázkazán,6 m²,Nem adta meg a hirdető,1970.0,,Nincs,
https://www.zenga.hu/ingatlan/kiado-panellakas-budapest-xiv-kerulet/8689546?page=38&pos=17,Budapest XIV. kerület kiadó panellakás 2 szobás: 210 ezer Ft,210.0,46.0,6. emelet,2.0,"Budapest XIV. kerület, Ormánság utca",Panellakás,2025-09-05,rental,10.0,,,,,,,,
https://www.zenga.hu/ingatlan/kiado-teglalakas-budapest-xi-kerulet-gellerthegy/8582063?page=39&pos=5,Budapest XI. kerület kiadó téglalakás 3 szobás: 600 ezer Ft,600.0,60.0,2. emelet,3.0,"Budapest XI. kerület, Gellérthegy",Téglalakás,2025-09-05,rental,3.0,Új építésű,Házközponti,,Nem adta meg a hirdető,,,,
https://www.zenga.hu/ingatlan/kiado-teglalakas-budapest-vi-kerulet/7619487?page=39&pos=4,Budapest VI. kerület kiadó téglalakás: 950 ezer Ft,950.0,85.0,,7.0,"Budapest VI. kerület, Luxus PENTHOUSE lakás kiadó",Téglalakás,2025-09-05,rental,,,,,,,,,
https://www.zenga.hu/ingatlan/kiado-teglalakas-budapest-xi-kerulet-kelenfold/8689766?page=39&pos=11,Budapest XI. kerület kiadó téglalakás 2 szobás: 268 ezer Ft,268.0,52.0,6. emelet,2.0,"Budapest XI. kerület, Kelenföld",Téglalakás,2025-09-05,rental,8.0,Újszerű,Házközponti,8 m²,Nem adta meg a hirdető,2007.0,,,
https://www.zenga.hu/ingatlan/kiado-teglalakas-budapest-vi-kerulet/8661305?page=39&pos=10,Budapest VI. kerület kiadó téglalakás 3+1 fél szobás: 550 ezer Ft,550.0,82.0,2. emelet,3.0,"Budapest VI. kerület, Budapest VI. kerület, Király utca",Téglalakás,2025-09-05,rental,1.0,Felújított,Központi fűtés,,Nem adta meg a hirdető,,,,
https://www.zenga.hu/ingatlan/kiado-teglalakas-budapest-xiii-kerulet/8677340?page=38&pos=19,Budapest XIII. kerület kiadó téglalakás 3+1 fél szobás: 590 ezer Ft,590.0,85.0,,3.0,"Budapest XXIII. kerület, Soroksár",Téglalakás,2025-09-05,rental,,Jó állapotú,Gázkazán,5 m²,Nem adta meg a hirdető,1980.0,,,
https://www.zenga.hu/ingatlan/kiado-teglalakas-budapest-vii-kerulet/6551465?page=39&pos=12,Budapest VII. kerület kiadó téglalakás 1 szobás: 250 ezer Ft,250.0,32.0,földszint,1.0,"Budapest VII. kerület, Budapest VII. kerület Holló utca",Téglalakás,2025-09-05,rental,5.0,Új építésű,Házközponti fűtés egyedi méréssel,,Nem adta meg a hirdető,,,,
https://www.zenga.hu/ingatlan/kiado-teglalakas-budapest-xiii-kerulet/8648966?page=39&pos=13,Budapest XIII. kerület kiadó téglalakás 1+1 fél szobás: 285 ezer Ft,285.0,50.0,1. emelet,1.0,Budapest XIII. kerület,Téglalakás,2025-09-05,rental,,Felújított,Gáz (konvektor),,B,1930.0,,Nincs,
https://www.zenga.hu/ingatlan/kiado-teglalakas-budapest-xiii-kerulet/8663468?page=39&pos=14,Budapest XIII. kerület kiadó téglalakás 2 szobás: 300 ezer Ft,300.0,64.0,1. emelet,2.0,"Budapest XIII. kerület, Meder",Téglalakás,2025-09-05,rental,1.0,Újszerű,Fan coil,14 m²,Nem adta meg a hirdető,,,,
https://www.zenga.hu/ingatlan/kiado-teglalakas-budapest-i-kerulet-gellerthegy-i-ker/8504540?page=39&pos=16,Budapest I. kerület kiadó téglalakás 3 szobás: 520 ezer Ft,520.0,81.0,félemelet,3.0,"Budapest I. kerület, Gellérthegy I. ker., Orom",Téglalakás,2025-09-05,rental,2.0,Jó állapotú,Gázkazán,,G,,,,15 m²
https://www.zenga.hu/ingatlan/kiado-teglalakas-budapest-vii-kerulet/8675595?page=39&pos=6,Budapest VII. kerület kiadó téglalakás 2 szobás: 240 ezer Ft,240.0,60.0,,,"Budapest XI. kerület, Szentimreváros, Bocskai út",Téglalakás,2025-09-05,rental,7.0,Újszerű,Házközponti fűtés egyedi méréssel,,D,,,,
https://www.zenga.hu/ingatlan/kiado-teglalakas-budapest-i-kerulet/8590198?page=39&pos=18,Budapest I. kerület kiadó téglalakás 1 szobás: 270 ezer Ft,270.0,57.0,földszint,1.0,Budapest I. kerület,Téglalakás,2025-09-05,rental,5.0,Felújított,Gázkazán,,Nem adta meg a hirdető,,,,
https://www.zenga.hu/ingatlan/kiado-teglalakas-budapest-vii-kerulet/8624244?page=39&pos=17,Budapest VII. kerület kiadó téglalakás 2 szobás: 240 ezer Ft,240.0,53.0,2. emelet,2.0,Budapest VII. kerület,Téglalakás,2025-09-05,rental,,Átlagos,Házközponti,,G,1910.0,,,
https://www.zenga.hu/ingatlan/kiado-teglalakas-budapest-ii-kerulet-verhalom/8668461?page=39&pos=19,"Budapest II. kerület kiadó téglalakás 3 szobás: 1,27 millió Ft",1.27,128.0,2. emelet,3.0,"Budapest II. kerület, Vérhalom",Téglalakás,2025-09-05,rental,,,Házközponti fűtés egyedi méréssel,,Nem adta meg a hirdető,1998.0,,,46 m²
https://www.zenga.hu/ingatlan/kiado-tarsashazi-lakas-budapest-xiii-kerulet-vizafogo/8688480?page=40&pos=1,Budapest XIII. kerület kiadó társasházi lakás 2 szobás: 320 ezer Ft,320.0,42.0,4. emelet,2.0,"Budapest XIII. kerület, Vizafogó, Mura utca 7",Társasházi lakás,2025-09-05,rental,8.0,Új építésű,Házközponti fűtés egyedi méréssel,12 m²,A+,2021.0,30 000 Ft/hó,,
https://www.zenga.hu/ingatlan/kiado-teglalakas-budapest-ii-kerulet/8667204?page=39&pos=20,Budapest II. kerület kiadó téglalakás 2 szobás: 310 ezer Ft,310.0,64.0,4. emelet,2.0,"Budapest II. kerület, Szász Károly utca",Téglalakás,2025-09-05,rental,4.0,Újszerű,Központi fűtés,,E,,,,
https://www.zenga.hu/ingatlan/kiado-teglalakas-budapest-xi-kerulet-szentimrevaros/8690387?page=39&pos=15,Budapest XI. kerület kiadó téglalakás 2 szobás: 340 ezer Ft,340.0,78.0,2. emelet,2.0,"Budapest XI. kerület, Szentimreváros, Bocskai út",Téglalakás,2025-09-05,rental,7.0,,,,,,,,
https://www.zenga.hu/ingatlan/kiado-teglalakas-budapest-ii-kerulet-orszagut/8688746?page=40&pos=3,Budapest II. kerület kiadó téglalakás 1+1 fél szobás: 295 ezer Ft,295.0,44.0,1. emelet,1.0,"Budapest II. kerület, Országút, Fillér utca",Téglalakás,2025-09-05,rental,3.0,Felújított,Házközponti,,Nem adta meg a hirdető,,,,
https://www.zenga.hu/ingatlan/kiado-egyeb-lakas-budapest-viii-kerulet/8630412?page=40&pos=2,,,,,,,,2025-09-05,rental,,,,,,,,,
https://www.zenga.hu/ingatlan/kiado-teglalakas-budapest-ix-kerulet/8686161?page=40&pos=4,Budapest IX. kerület kiadó téglalakás 2 szobás: 400 ezer Ft,400.0,52.0,4. emelet,2.0,"Budapest IX. kerület, Vágóhíd utca",Téglalakás,2025-09-05,rental,10.0,Új építésű,,,Nem adta meg a hirdető,,,,
https://www.zenga.hu/ingatlan/kiado-teglalakas-budapest-v-kerulet/8686159?page=40&pos=5,Budapest V. kerület kiadó téglalakás 1+1 fél szobás: 380 ezer Ft,380.0,57.0,4. emelet,1.0,"Budapest V. kerület, Királyi Pál utca",Téglalakás,2025-09-05,rental,4.0,Újszerű,Gázkazán,,Nem adta meg a hirdető,,,,
https://www.zenga.hu/ingatlan/kiado-teglalakas-budapest-vii-kerulet/8688743?page=40&pos=6,Budapest VII. kerület kiadó téglalakás 3+1 fél szobás: 450 ezer Ft,450.0,87.0,földszint,3.0,"Budapest VII. kerület, Rottenbiller utca",Téglalakás,2025-09-05,rental,2.0,Felújított,Gázkazán,,Nem adta meg a hirdető,,,,
https://www.zenga.hu/ingatlan/kiado-teglalakas-budapest-xiii-kerulet-ujlipotvaros/8674158?page=40&pos=7,Budapest XIII. kerület kiadó téglalakás 1 szobás: 170 ezer Ft,170.0,38.0,1. emelet,1.0,"Budapest XIII. kerület, Újlipótváros, Váci út",Téglalakás,2025-09-05,rental,3.0,Felújított,Gáz (konvektor),,Nem adta meg a hirdető,,25 000 Ft/hó,Nincs,
https://www.zenga.hu/ingatlan/kiado-teglalakas-budapest-ii-kerulet-torokvesz/8525205?page=40&pos=12,Budapest II. kerület kiadó téglalakás 3+1 fél szobás: 450 ezer Ft,450.0,90.0,1. emelet,3.0,"Budapest II. kerület, Törökvész",Téglalakás,2025-09-05,rental,,Felújított,,,Nem adta meg a hirdető,,,,
https://www.zenga.hu/ingatlan/kiado-teglalakas-budapest-vi-kerulet/8680515?page=40&pos=10,Budapest VI. kerület kiadó téglalakás 3 szobás: 320 ezer Ft,320.0,68.0,1. emelet,3.0,"Budapest VI. kerület, Király utca",Téglalakás,2025-09-05,rental,3.0,Felújított,Gázkazán,,Nem adta meg a hirdető,,,,
https://www.zenga.hu/ingatlan/kiado-teglalakas-budapest-xiii-kerulet/8688759?page=40&pos=9,Budapest XIII. kerület kiadó téglalakás 2 szobás: 310 ezer Ft,310.0,47.0,7. emelet,2.0,Budapest XIII. kerület,Téglalakás,2025-09-05,rental,8.0,Újszerű,,,,,,,
https://www.zenga.hu/ingatlan/kiado-teglalakas-budapest-xii-kerulet/8688305?page=40&pos=13,Budapest XII. kerület kiadó téglalakás 3 szobás: 633 ezer Ft,633.0,135.0,földszint,3.0,Budapest XII. kerület,Téglalakás,2025-09-05,rental,3.0,Újszerű,Gázkazán,12 m²,Nem adta meg a hirdető,1911.0,,,
https://www.zenga.hu/ingatlan/kiado-teglalakas-budapest-xii-kerulet/8624810?page=40&pos=16,Budapest XII. kerület kiadó téglalakás 1 szobás: 250 ezer Ft,250.0,39.0,földszint,1.0,Budapest XII. kerület,Téglalakás,2025-09-05,rental,,Felújított,Elektromos,,Nem adta meg a hirdető,1950.0,,,
https://www.zenga.hu/ingatlan/kiado-teglalakas-budapest-ix-kerulet/8686665?page=40&pos=15,Budapest IX. kerület kiadó téglalakás 1 szobás: 280 ezer Ft,280.0,34.0,4. emelet,1.0,"Budapest IX. kerület, Mester utca",Téglalakás,2025-09-05,rental,9.0,Új építésű,Mennyezeti hűtés-fűtés,"7,4 m²",Nem adta meg a hirdető,2024.0,,,
https://www.zenga.hu/ingatlan/kiado-teglalakas-budapest-xi-kerulet-sashegy/8688017?page=40&pos=8,,200.0,48.0,4. emelet,1.0,"Budapest XVIII. kerület, Margó Tivadar utca",Panellakás,2025-09-05,rental,4.0,Felújított,Házközponti,,Nem adta meg a hirdető,,,,
https://www.zenga.hu/ingatlan/kiado-panellakas-budapest-xviii-kerulet/8662748?page=40&pos=17,Budapest XVIII. kerület kiadó panellakás 1+1 fél szobás: 200 ezer Ft,200.0,48.0,4. emelet,1.0,"Budapest XVIII. kerület, Margó Tivadar utca",Panellakás,2025-09-05,rental,4.0,Felújított,Házközponti,,Nem adta meg a hirdető,,,,
https://www.zenga.hu/ingatlan/kiado-teglalakas-budapest-v-kerulet-lipotvaros/8627973?page=40&pos=18,Budapest V. kerület kiadó téglalakás 2 szobás: 290 ezer Ft,290.0,58.0,2. emelet,2.0,"Budapest V. kerület, Lipótváros, Szemere utca",Téglalakás,2025-09-05,rental,8.0,Felújított,Házközponti,,C,,,,
https://www.zenga.hu/ingatlan/kiado-csusztatott-zsalus-lakas-budapest-ix-kerulet-jozsef-attila-lakotelep/8688764?page=40&pos=20,Budapest IX. kerület kiadó csúsztatott zsalus lakás 1 szobás: 170 ezer Ft,170.0,26.0,1. emelet,1.0,"Budapest IX. kerület, József Attila lakótelep, Aranyvirág sétány",Csúsztatott zsalus lakás,2025-09-05,rental,4.0,Újszerű,Távfűtés,,Nem adta meg a hirdető,1964.0,10 000 Ft/hó,,
https://www.zenga.hu/ingatlan/kiado-teglalakas-budapest-v-kerulet/8657381?page=40&pos=19,Budapest V. kerület kiadó téglalakás 2 szobás: 350 ezer Ft,350.0,59.0,3. emelet,2.0,"Budapest V. kerület, Balaton utca",Téglalakás,2025-09-05,rental,,Felújított,Gázkazán,,Nem adta meg a hirdető,,,,
https://www.zenga.hu/ingatlan/kiado-tarsashazi-lakas-budapest-vii-kerulet-nagykoruton-kivuli-terulet/8644151?page=41&pos=8,Budapest VII. kerület kiadó társasházi lakás 1 szobás: 95 ezer Ft,95.0,28.0,földszint,1.0,"Budapest VII. kerület, Külső-Erzsébetváros",,2025-09-05,rental,,,,,,,,,
https://www.zenga.hu/ingatlan/kiado-teglalakas-budapest-ix-kerulet/8639528?page=41&pos=5,Budapest IX. kerület kiadó téglalakás 2 szobás: 270 ezer Ft,270.0,64.0,3. emelet,2.0,"Budapest IX. kerület, Bokréta utca",Téglalakás,2025-09-05,rental,3.0,Felújított,,,Nem adta meg a hirdető,,,,
https://www.zenga.hu/ingatlan/kiado-teglalakas-budapest-vii-kerulet/8515108?page=41&pos=3,,360.0,,,,,,2025-09-05,rental,,,,,,,,,
https://www.zenga.hu/ingatlan/kiado-teglalakas-budapest-xi-kerulet-kelenfold/8672363?page=41&pos=12,Budapest XI. kerület kiadó téglalakás 3 szobás: 360 ezer Ft,,,,,,,2025-09-05,rental,,,,,,,,,
https://www.zenga.hu/ingatlan/kiado-teglalakas-budapest-vii-kerulet/8667210?page=41&pos=13,Budapest VII. kerület kiadó téglalakás 2 szobás: 285 ezer Ft,285.0,70.0,3. emelet,2.0,Budapest VII. kerület,Téglalakás,2025-09-05,rental,4.0,Felújított,,,Nem adta meg a hirdető,,,,
https://www.zenga.hu/ingatlan/kiado-teglalakas-budapest-xiv-kerulet/8685180?page=41&pos=14,Budapest XIV. kerület kiadó téglalakás 2 szobás: 295 ezer Ft,295.0,49.0,1. emelet,2.0,"Budapest XIV. kerület, Hermina út",Téglalakás,2025-09-05,rental,3.0,Felújított,,,Nem adta meg a hirdető,,,,
https://www.zenga.hu/ingatlan/kiado-teglalakas-budapest-xiii-kerulet-vizafogo/8643705?page=41&pos=15,Budapest XIII. kerület kiadó téglalakás 4 szobás: 500 ezer Ft,500.0,104.0,7. emelet,4.0,"Budapest XIII. kerület, Vizafogó, Úszódaru utca",Téglalakás,2025-09-05,rental,7.0,Új építésű,Házközponti fűtés egyedi méréssel,,Nem adta meg a hirdető,,,,
https://www.zenga.hu/ingatlan/kiado-teglalakas-budapest-ii-kerulet-pasaret/8381579?page=41&pos=2,,450.0,120.0,félemelet,4.0,"Budapest XXII. kerület, Budafok, Kis Kőbánya utca",Téglalakás,2025-09-05,rental,1.0,Új építésű,,,,,,,
https://www.zenga.hu/ingatlan/kiado-teglalakas-budapest-xxii-kerulet-budafok/8665808?page=41&pos=11,Budapest XXII. kerület kiadó téglalakás 4 szobás: 450 ezer Ft,450.0,120.0,félemelet,4.0,"Budapest XXII. kerület, Budafok, Kis Kőbánya utca",Téglalakás,2025-09-05,rental,1.0,,,,,,,,
https://www.zenga.hu/ingatlan/kiado-teglalakas-budapest-vi-kerulet/8580306?page=41&pos=10,Budapest VI. kerület kiadó téglalakás 3 szobás: 450 ezer Ft,450.0,90.0,,1.0,Budapest XIII. kerület,Téglalakás,2025-09-05,rental,5.0,Jó állapotú,,,Nem adta meg a hirdető,,,Nincs,
https://www.zenga.hu/ingatlan/kiado-teglalakas-budapest-x-kerulet/8639456?page=41&pos=20,,,,,,,,2025-09-05,rental,,,,,,,,,
https://www.zenga.hu/ingatlan/kiado-teglalakas-budapest-ii-kerulet-rozsadomb/8669487?page=41&pos=17,,,,,,,,2025-09-05,rental,,,,,,,,,
https://www.zenga.hu/ingatlan/kiado-teglalakas-budapest-xiii-kerulet/8630374?page=41&pos=19,Budapest XIII. kerület kiadó téglalakás 1 szobás: 220 ezer Ft,220.0,47.0,3. emelet,1.0,Budapest XIII. kerület,Téglalakás,2025-09-05,rental,5.0,Jó állapotú,,,Nem adta meg a hirdető,,,Nincs,
https://www.zenga.hu/ingatlan/kiado-teglalakas-budapest-ii-kerulet/8443533?page=42&pos=1,Budapest II. kerület kiadó téglalakás 5 szobás: 732 ezer Ft,732.0,136.0,földszint,5.0,Budapest II. kerület,Téglalakás,2025-09-05,rental,2.0,Újszerű,Gázkazán,"13,4 m²",Nem adta meg a hirdető,1920.0,,,
https://www.zenga.hu/ingatlan/kiado-teglalakas-budapest-ii-kerulet/8688681?page=41&pos=16,Budapest II. kerület kiadó téglalakás 4 szobás: 435 ezer Ft,,,,,,,2025-09-05,rental,,,,,,,,,
https://www.zenga.hu/ingatlan/kiado-panellakas-budapest-xi-kerulet-kelenfold/8680516?page=42&pos=2,Budapest XI. kerület kiadó panellakás 3 szobás: 250 ezer Ft,250.0,72.0,7. emelet,3.0,,,2025-09-05,rental,,,,,,,,,
https://www.zenga.hu/ingatlan/kiado-teglalakas-budapest-xxi-kerulet-csillagtelep/8688511?page=42&pos=3,Budapest XXI. kerület kiadó téglalakás 1 szobás: 160 ezer Ft,160.0,33.0,földszint,1.0,"Budapest XXI. kerület, Csillagtelep, Vénusz 27.",Téglalakás,2025-09-05,rental,4.0,Felújított,Gáz (konvektor),,Nem adta meg a hirdető,,14 000 Ft/hó,,
https://www.zenga.hu/ingatlan/kiado-apartman-garzon-budapest-i-kerulet-vizivaros-i-ker/8688479?page=41&pos=18,Budapest I. kerület kiadó apartman és garzon 1 szobás,249.0,,,,,,2025-09-05,rental,,,,,,,,,
https://www.zenga.hu/ingatlan/kiado-teglalakas-budapest-v-kerulet-belvaros/8688446?page=42&pos=5,Budapest V. kerület kiadó téglalakás 3 szobás: 385 ezer Ft,385.0,78.0,1. emelet,3.0,"Budapest V. kerület, Belváros",Téglalakás,2025-09-05,rental,3.0,Felújított,Gázkazán,,D,1899.0,50 000 Ft/hó,Nincs,
https://www.zenga.hu/ingatlan/kiado-teglalakas-budapest-vi-kerulet/8684086?page=42&pos=6,Budapest VI. kerület kiadó téglalakás 3 szobás: 490 ezer Ft,490.0,110.0,1. emelet,3.0,Budapest VI. kerület,Téglalakás,2025-09-05,rental,,Felújított,Gázkazán,,Nem adta meg a hirdető,1910.0,,,
https://www.zenga.hu/ingatlan/kiado-teglalakas-budapest-xiv-kerulet-alsorakos/8686118?page=42&pos=8,Budapest XIV. kerület kiadó téglalakás 2 szobás: 260 ezer Ft,260.0,44.0,1. emelet,2.0,"Budapest XIV. kerület, Alsórákos, Kerékgyártó utca 11",Téglalakás,2025-09-05,rental,2.0,Felújított,Fan coil,,D,,,Nincs,
https://www.zenga.hu/ingatlan/kiado-teglalakas-budapest-ix-kerulet/8662250?page=42&pos=9,Budapest IX. kerület kiadó téglalakás 1+1 fél szobás: 210 ezer Ft,210.0,30.0,1. emelet,1.0,"Budapest IX. kerület, Liliom utca",Téglalakás,2025-09-05,rental,3.0,Felújított,Gáz (konvektor),,E,,,,
https://www.zenga.hu/ingatlan/kiado-egyeb-lakas-budapest-ii-kerulet/8638239?page=42&pos=7,"Budapest II. kerület kiadó egyéb lakás 4 szobás: 1,58 millió Ft",1.58,139.0,,4.0,Budapest II. kerület,Egyéb lakás,2025-09-05,rental,,Újszerű,,,,2006.0,,,
https://www.zenga.hu/ingatlan/kiado-teglalakas-budapest-v-kerulet-belvaros/8688457?page=42&pos=4,Budapest V. kerület kiadó téglalakás 1+1 fél szobás: 225 ezer Ft,225.0,32.0,3. emelet,1.0,"Budapest V. kerület, Belváros, múzeum körút 31",Téglalakás,2025-09-05,rental,5.0,Jó állapotú,,,,,,,
https://www.zenga.hu/ingatlan/kiado-teglalakas-budapest-vii-kerulet/8688000?page=42&pos=10,Budapest VII. kerület kiadó téglalakás 1 szobás: 190 ezer Ft,190.0,32.0,2. emelet,,,,2025-09-05,rental,,,,,,,,,
https://www.zenga.hu/ingatlan/kiado-teglalakas-budapest-xi-kerulet-szentimrevaros/8645931?page=42&pos=11,Budapest XI. kerület kiadó téglalakás 3 szobás: 430 ezer Ft,430.0,65.0,3. emelet,3.0,"Budapest XI. kerület, Szentimreváros, Fehérvári út",Téglalakás,2025-09-05,rental,5.0,Felújított,,,Nem adta meg a hirdető,,,,
https://www.zenga.hu/ingatlan/kiado-teglalakas-budapest-xi-kerulet/8681217?page=42&pos=13,Budapest XI. kerület kiadó téglalakás 2+1 fél szobás: 300 ezer Ft,300.0,65.0,2. emelet,2.0,"Budapest XI. kerület, Ménesi út",,2025-09-05,rental,,,,,,,,,
https://www.zenga.hu/ingatlan/kiado-teglalakas-budapest-v-kerulet-lipotvaros/7437363?page=42&pos=14,Budapest V. kerület kiadó téglalakás 1 szobás: 200 ezer Ft,200.0,44.0,2. emelet,1.0,"Budapest V. kerület, Lipótváros",Téglalakás,2025-09-05,rental,,,Elektromos,,Nem adta meg a hirdető,1905.0,,,
https://www.zenga.hu/ingatlan/kiado-teglalakas-budapest-xiv-kerulet/8688740?page=42&pos=15,Budapest XIV. kerület kiadó téglalakás 2 szobás: 250 ezer Ft,250.0,52.0,2. emelet,2.0,"Budapest XIV. kerület, Bolgárkertész utca",Téglalakás,2025-09-05,rental,3.0,Felújított,,,Nem adta meg a hirdető,,,,
https://www.zenga.hu/ingatlan/kiado-teglalakas-budapest-vi-kerulet/8660414?page=42&pos=17,Budapest VI. kerület kiadó téglalakás 1 szobás: 220 ezer Ft,220.0,40.0,1. emelet,1.0,"Budapest VI. kerület, Rózsa utca",Téglalakás,2025-09-05,rental,6.0,Újszerű,Házközponti fűtés egyedi méréssel,,A+,,,,
https://www.zenga.hu/ingatlan/kiado-teglalakas-budapest-xvi-kerulet-matyasfold/8624332?page=42&pos=12,Budapest XVI. kerület kiadó téglalakás 3 szobás: 792 ezer Ft,792.0,,,,,,2025-09-05,rental,,,,,,,,,
https://www.zenga.hu/ingatlan/kiado-teglalakas-budapest-xii-kerulet/8687914?page=42&pos=18,Budapest XII. kerület kiadó téglalakás 4+1 fél szobás: 580 ezer Ft,580.0,111.0,földszint,4.0,Budapest XII. kerület,Téglalakás,2025-09-05,rental,,Felújított,Gázkazán,,Nem adta meg a hirdető,1955.0,,,
https://www.zenga.hu/ingatlan/kiado-teglalakas-budapest-viii-kerulet-csarnoknegyed/8638317?page=42&pos=20,Budapest VIII. kerület kiadó téglalakás 2 szobás: 300 ezer Ft,300.0,36.0,földszint,2.0,"Budapest VIII. kerület, Csarnoknegyed, József körút 30",Téglalakás,2025-09-05,rental,4.0,Felújított,Padlófűtés,,Nem adta meg a hirdető,1900.0,,,10 m²
https://www.zenga.hu/ingatlan/kiado-teglalakas-budapest-vi-kerulet-nagykoruton-beluli-terulet/8649107?page=43&pos=1,Budapest VI. kerület kiadó téglalakás 2 szobás: 310 ezer Ft,310.0,55.0,2. emelet,2.0,"Budapest VI. kerület, Nagykörúton belüli terület",Téglalakás,2025-09-05,rental,,Felújított,Gázkazán,,F,1920.0,,,
https://www.zenga.hu/ingatlan/kiado-teglalakas-budapest-xi-kerulet-kelenfold/8688006?page=43&pos=4,Budapest XI. kerület kiadó téglalakás 3 szobás: 320 ezer Ft,320.0,75.0,1. emelet,3.0,"Budapest XI. kerület, Kelenföld, Pajkos utca",Téglalakás,2025-09-05,rental,4.0,Átlagos,Gáz (héra),,Nem adta meg a hirdető,,,,
https://www.zenga.hu/ingatlan/kiado-teglalakas-budapest-xiii-kerulet-ujlipotvaros/8641095?page=43&pos=5,Budapest XIII. kerület kiadó téglalakás 3 szobás: 330 ezer Ft,330.0,82.0,2. emelet,3.0,"Budapest XIII. kerület, Újlipótváros",Téglalakás,2025-09-05,rental,4.0,Átlagos,Gázkazán,,Nem adta meg a hirdető,,,,
https://www.zenga.hu/ingatlan/kiado-teglalakas-budapest-v-kerulet/8676664?page=43&pos=6,Budapest V. kerület kiadó téglalakás 2 szobás: 380 ezer Ft,380.0,71.0,4. emelet,2.0,"Budapest V. kerület, Molnár utca",Téglalakás,2025-09-05,rental,5.0,Felújított,Házközponti,,Nem adta meg a hirdető,,,,
https://www.zenga.hu/ingatlan/kiado-teglalakas-budapest-iii-kerulet-obuda/8686131?page=43&pos=7,Budapest III. kerület kiadó téglalakás 2 szobás: 290 ezer Ft,290.0,56.0,3. emelet,2.0,"Budapest III. kerület, Óbuda, Gyenes utca",Téglalakás,2025-09-05,rental,3.0,Felújított,Gázkazán,8 m²,Nem adta meg a hirdető,,,,
https://www.zenga.hu/ingatlan/kiado-egyeb-lakas-budapest-ix-kerulet-belso-ferencvaros/8468732?page=43&pos=2,Budapest IX. kerület kiadó egyéb lakás: 500 ezer Ft,500.0,124.0,,2.0,"Budapest IX. kerület, Belső Ferencváros",,2025-09-05,rental,,,,,,,,,
https://www.zenga.hu/ingatlan/kiado-egyeb-lakas-budapest-xviii-kerulet-ujpeteritelep/8653559?page=43&pos=10,Budapest XVIII. kerület kiadó egyéb lakás 2+1 fél szobás: 300 ezer Ft,300.0,100.0,földszint,2.0,"Budapest XVIII. kerület, Újpéteritelep",Egyéb lakás,2025-09-05,rental,2.0,Jó állapotú,Házközponti,,Nem adta meg a hirdető,2007.0,50 Ft/hó,,20 m²
https://www.zenga.hu/ingatlan/kiado-teglalakas-budapest-vi-kerulet/8655896?page=42&pos=19,,320.0,58.0,5. emelet,2.0,"Budapest XIII. kerület, Vizafogó",Téglalakás,2025-09-05,rental,6.0,Újszerű,Házközponti fűtés egyedi méréssel,,C,,22 000 Ft/hó,,30 m²
https://www.zenga.hu/ingatlan/kiado-teglalakas-budapest-vii-kerulet/8000029?page=43&pos=9,Budapest VII. kerület kiadó téglalakás 4 szobás: 720 ezer Ft,720.0,102.0,5. emelet,4.0,Budapest VII. kerület,Téglalakás,2025-09-05,rental,7.0,Felújított,Házközponti,2 m²,Nem adta meg a hirdető,1939.0,,,
https://www.zenga.hu/ingatlan/kiado-teglalakas-budapest-xiii-kerulet-vizafogo/8668392?page=43&pos=8,Budapest XIII. kerület kiadó téglalakás 2 szobás: 320 ezer Ft,320.0,58.0,5. emelet,2.0,"Budapest XIII. kerület, Vizafogó",Téglalakás,2025-09-05,rental,6.0,Újszerű,Házközponti fűtés egyedi méréssel,,C,,,,30 m²
https://www.zenga.hu/ingatlan/kiado-teglalakas-budapest-xii-kerulet/8661704?page=43&pos=11,Budapest XII. kerület kiadó téglalakás 3 szobás: 320 ezer Ft,320.0,75.0,1. emelet,3.0,Budapest XII. kerület,Téglalakás,2025-09-05,rental,,Jó állapotú,Gázkazán,,Nem adta meg a hirdető,1942.0,,,
https://www.zenga.hu/ingatlan/kiado-egyeb-lakas-budapest-i-kerulet/8688273?page=43&pos=12,Budapest I. kerület kiadó egyéb lakás 3 szobás: 330 ezer Ft,330.0,73.0,3. emelet,3.0,Budapest I. kerület,Egyéb lakás,2025-09-05,rental,,Felújított,,,Nem adta meg a hirdető,,,,
https://www.zenga.hu/ingatlan/kiado-teglalakas-budapest-i-kerulet/8688760?page=43&pos=14,Budapest I. kerület kiadó téglalakás 3+1 fél szobás: 320 ezer Ft,320.0,75.0,5. emelet,3.0,Budapest I. kerület,Téglalakás,2025-09-05,rental,6.0,Jó állapotú,,10 m²,Nem adta meg a hirdető,,,Nincs,
https://www.zenga.hu/ingatlan/kiado-teglalakas-budapest-vi-kerulet/8618568?page=43&pos=15,Budapest VI. kerület kiadó téglalakás 2 szobás: 260 ezer Ft,260.0,60.0,2. emelet,2.0,Budapest VI. kerület,Téglalakás,2025-09-05,rental,4.0,Újszerű,Gáz (konvektor),,Nem adta meg a hirdető,1875.0,,,
https://www.zenga.hu/ingatlan/kiado-teglalakas-budapest-xi-kerulet/8659363?page=43&pos=17,Budapest XI. kerület kiadó téglalakás 3 szobás: 430 ezer Ft,430.0,88.0,3. emelet,3.0,Budapest XI. kerület,Téglalakás,2025-09-05,rental,,Felújított,Gázkazán,,Nem adta meg a hirdető,1939.0,,,
https://www.zenga.hu/ingatlan/kiado-teglalakas-budapest-vi-kerulet/8688004?page=43&pos=18,Budapest VI. kerület kiadó téglalakás 1 szobás: 299 ezer Ft,299.0,57.0,2. emelet,1.0,"Budapest VI. kerület, Andrássy út",Téglalakás,2025-09-05,rental,4.0,Felújított,Elektromos,,Nem adta meg a hirdető,,,,
https://www.zenga.hu/ingatlan/kiado-egyeb-lakas-budapest-i-kerulet/8688271?page=43&pos=19,Budapest I. kerület kiadó egyéb lakás 3 szobás: 300 ezer Ft,300.0,54.0,2. emelet,3.0,Budapest I. kerület,Egyéb lakás,2025-09-05,rental,,Felújított,,,Nem adta meg a hirdető,1930.0,,,
https://www.zenga.hu/ingatlan/kiado-teglalakas-budapest-xiii-kerulet-angyalfold/8679539?page=43&pos=20,Budapest XIII. kerület kiadó téglalakás 1+1 fél szobás: 210 ezer Ft,210.0,42.0,5. emelet,1.0,"Budapest XIII. kerület, Angyalföld, Reitter Ferenc",Téglalakás,2025-09-05,rental,6.0,Újszerű,Házközponti,3 m²,Nem adta meg a hirdető,,,,
https://www.zenga.hu/ingatlan/kiado-teglalakas-budapest-iii-kerulet/8651985?page=44&pos=1,Budapest III. kerület kiadó téglalakás 1 szobás: 150 ezer Ft,150.0,37.0,1. emelet,1.0,"Budapest III. kerület, Újlak",Téglalakás,2025-09-05,rental,,Jó állapotú,Gáz (konvektor),,Nem adta meg a hirdető,,,,
https://www.zenga.hu/ingatlan/kiado-teglalakas-budapest-ii-kerulet-pasaret/8668731?page=43&pos=13,Budapest II. kerület kiadó téglalakás: 225 ezer Ft,225.0,44.0,,,"Budapest XIII. kerület, Újlipótváros",Téglalakás,2025-09-05,rental,,Felújított,Gázkazán,,Nem adta meg a hirdető,1942.0,,,
https://www.zenga.hu/ingatlan/kiado-teglalakas-budapest-xiii-kerulet-ujlipotvaros/8666429?page=44&pos=2,Budapest XIII. kerület kiadó téglalakás 3 szobás: 690 ezer Ft,690.0,103.0,4. emelet,3.0,"Budapest XIII. kerület, Újlipótváros",Téglalakás,2025-09-05,rental,,Felújított,Gázkazán,,Nem adta meg a hirdető,1942.0,,,
https://www.zenga.hu/ingatlan/kiado-teglalakas-budapest-xiv-kerulet/8688739?page=44&pos=6,Budapest XIV. kerület kiadó téglalakás 3 szobás: 300 ezer Ft,300.0,95.0,1. emelet,3.0,"Budapest XIV. kerület, Róna köz",Téglalakás,2025-09-05,rental,1.0,Jó állapotú,Gázkazán,,Nem adta meg a hirdető,,,,
https://www.zenga.hu/ingatlan/kiado-teglalakas-budapest-xiv-kerulet-nagyzuglo/8661799?page=44&pos=4,Budapest XIV. kerület kiadó téglalakás 1 szobás: 185 ezer Ft,185.0,33.0,3. emelet,1.0,"Budapest XIV. kerület, Nagyzugló",Téglalakás,2025-09-05,rental,,,Távfűtés,,,1964.0,,,
https://www.zenga.hu/ingatlan/kiado-teglalakas-budapest-vi-kerulet/8662307?page=43&pos=16,Budapest VI. kerület kiadó téglalakás 1 szobás: 220 ezer Ft,220.0,40.0,1. emelet,,"Budapest VI. kerület, Király utca",,2025-09-05,rental,,,,,,,,,
https://www.zenga.hu/ingatlan/kiado-teglalakas-budapest-xiii-kerulet/8681153?page=44&pos=10,Budapest XIII. kerület kiadó téglalakás 1 szobás: 250 ezer Ft,250.0,37.0,2. emelet,1.0,"Budapest XIII. kerület, Kresz Géza utca",Téglalakás,2025-09-05,rental,3.0,Újszerű,,,Nem adta meg a hirdető,1900.0,,,
https://www.zenga.hu/ingatlan/kiado-teglalakas-budapest-xii-kerulet-viranyos/8655620?page=44&pos=11,Budapest XII. kerület kiadó téglalakás 3+1 fél szobás: 420 ezer Ft,420.0,105.0,1. emelet,3.0,"Budapest XII. kerület, Virányos",Téglalakás,2025-09-05,rental,3.0,Felújított,Gázkazán,15 m²,Nem adta meg a hirdető,,,,
https://www.zenga.hu/ingatlan/kiado-teglalakas-budapest-xiii-kerulet/8688130?page=44&pos=13,Budapest XIII. kerület kiadó téglalakás 3 szobás: 440 ezer Ft,440.0,70.0,3. emelet,3.0,"Budapest XIII. kerület, Csángó utca",Téglalakás,2025-09-05,rental,4.0,Új építésű,,,Nem adta meg a hirdető,2021.0,,,
https://www.zenga.hu/ingatlan/kiado-teglalakas-budapest-vi-kerulet/8622076?page=44&pos=14,Budapest VI. kerület kiadó téglalakás 2 szobás,246.0,60.0,1. emelet,2.0,"Budapest VI. kerület, Vörösmarty utca",Téglalakás,2025-09-05,rental,6.0,Felújított,Gáz (héra),,C,,,,
https://www.zenga.hu/ingatlan/kiado-teglalakas-budapest-vii-kerulet-nagykoruton-beluli-terulet/8688353?page=44&pos=9,Budapest VII. kerület kiadó téglalakás 1 szobás: 250 ezer Ft,250.0,38.0,5. emelet,1.0,"Budapest VII. kerület, Belső-Erzsébetváros, Dohány utca",Téglalakás,2025-09-05,rental,,,,,,,,,
https://www.zenga.hu/ingatlan/kiado-teglalakas-budapest-v-kerulet/8501596?page=44&pos=16,Budapest V. kerület kiadó téglalakás 1 szobás: 240 ezer Ft,240.0,55.0,4. emelet,1.0,"Budapest V. kerület, Sas utca",Téglalakás,2025-09-05,rental,,,,,,,,,
https://www.zenga.hu/ingatlan/kiado-panellakas-budapest-x-kerulet-ujhegy/8680580?page=44&pos=17,,,34.0,3. emelet,1.0,"Budapest X. kerület, Népliget, Kőbányai út",,2025-09-05,rental,,,,,,,,,
https://www.zenga.hu/ingatlan/kiado-teglalakas-budapest-v-kerulet-belvaros/8583549?page=44&pos=18,Budapest V. kerület kiadó téglalakás 4 szobás: 899 ezer Ft,899.0,135.0,5. emelet,4.0,,Téglalakás,2025-09-05,rental,8.0,Új építésű,,,,,,,
https://www.zenga.hu/ingatlan/kiado-teglalakas-budapest-i-kerulet-vizivaros-i-ker/8688794?page=45&pos=5,Budapest I. kerület kiadó téglalakás 2 szobás: 230 ezer Ft,230.0,48.0,5. emelet,2.0,"Budapest I. kerület, Víziváros I. ker., Hattyú utca",,2025-09-05,rental,,,,,,,,,
https://www.zenga.hu/ingatlan/kiado-teglalakas-budapest-xi-kerulet/8671776?page=45&pos=15,,,,,,,,2025-09-05,rental,,,,,,,,,
https://www.zenga.hu/ingatlan/kiado-teglalakas-budapest-iii-kerulet-obuda/8650588?page=45&pos=14,Budapest III. kerület kiadó téglalakás 3 szobás: 390 ezer Ft,390.0,78.0,6. emelet,3.0,"Budapest III. kerület, Óbuda, Lajos utca",Téglalakás,2025-09-05,rental,9.0,Felújított,Házközponti fűtés egyedi méréssel,,Nem adta meg a hirdető,,,,
https://www.zenga.hu/ingatlan/kiado-teglalakas-budapest-viii-kerulet/8607139?page=45&pos=10,,,,,,,,2025-09-05,rental,,,,,,,,,
https://www.zenga.hu/ingatlan/kiado-teglalakas-budapest-vi-kerulet/8684027?page=45&pos=20,Budapest VI. kerület kiadó téglalakás 1 szobás: 205 ezer Ft,205.0,28.0,1. emelet,1.0,"Budapest VI. kerület, Csengery utca",Téglalakás,2025-09-05,rental,3.0,Felújított,Elektromos,,E,,,,
https://www.zenga.hu/ingatlan/kiado-tarsashazi-lakas-budapest-ii-kerulet/7824599?page=46&pos=15,,,,,,,,2025-09-05,rental,,,,,,,,,
https://www.zenga.hu/ingatlan/kiado-tarsashazi-lakas-budapest-ii-kerulet/7873542?page=47&pos=1,Budapest II. kerület kiadó társasházi lakás 2 szobás: 350 ezer Ft,350.0,54.0,1. emelet,,,,2025-09-05,rental,,,,,,,,,
https://www.zenga.hu/ingatlan/kiado-teglalakas-budapest-vi-kerulet/8679740?page=46&pos=17,Budapest VI. kerület kiadó téglalakás 2 szobás: 440 ezer Ft,440.0,57.0,4. emelet,2.0,"Budapest VI. kerület, Izabella utca",Téglalakás,2025-09-05,rental,4.0,Újszerű,Házközponti,"9,8 m²",Nem adta meg a hirdető,1910.0,,,
https://www.zenga.hu/ingatlan/kiado-tarsashazi-lakas-budapest-xix-kerulet/8655316?page=46&pos=19,Budapest XIX. kerület kiadó társasházi lakás 1+2 fél szobás: 275 ezer Ft,275.0,59.0,10. emelet,1.0,"Budapest XIX. kerület, Kisfaludy utca",Társasházi lakás,2025-09-05,rental,,Átlagos,Távfűtés,,Nem adta meg a hirdető,,,Nincs,
https://www.zenga.hu/ingatlan/kiado-teglalakas-budapest-ii-kerulet/8687063?page=46&pos=13,,,,,,,,2025-09-05,rental,,,,,,,,,
https://www.zenga.hu/ingatlan/kiado-teglalakas-budapest-iv-kerulet-ujpest/8671781?page=46&pos=2,,280.0,43.0,4. emelet,2.0,"Budapest VI. kerület, Rózsa utca",Téglalakás,2025-09-05,rental,,,Házközponti fűtés egyedi méréssel,2 m²,Nem adta meg a hirdető,2006.0,,,
https://www.zenga.hu/ingatlan/kiado-teglalakas-budapest-viii-kerulet/8666691?page=46&pos=11,,280.0,43.0,4. emelet,2.0,"Budapest VI. kerület, Rózsa utca",Téglalakás,2025-09-05,rental,,,Házközponti fűtés egyedi méréssel,2 m²,Nem adta meg a hirdető,2006.0,,,
https://www.zenga.hu/ingatlan/kiado-teglalakas-budapest-vi-kerulet/8686560?page=46&pos=20,Budapest VI. kerület kiadó téglalakás 2 szobás: 280 ezer Ft,280.0,43.0,4. emelet,2.0,"Budapest VI. kerület, Rózsa utca",Téglalakás,2025-09-05,rental,,,Házközponti fűtés egyedi méréssel,2 m²,,2006.0,,,
https://www.zenga.hu/ingatlan/kiado-teglalakas-budapest-v-kerulet/8549118?page=47&pos=2,Budapest V. kerület kiadó téglalakás 3 szobás: 500 ezer Ft,500.0,81.0,3. emelet,3.0,"Budapest V. kerület, Só utca 8",Téglalakás,2025-09-05,rental,3.0,Felújított,Gázkazán,,Nem adta meg a hirdető,,,,
https://www.zenga.hu/ingatlan/kiado-teglalakas-budapest-v-kerulet/8651532?page=47&pos=8,Budapest V. kerület kiadó téglalakás 1+1 fél szobás: 280 ezer Ft,280.0,34.0,1. emelet,1.0,"Budapest V. kerület, Arany János",Téglalakás,2025-09-05,rental,1.0,Felújított,Elektromos,,Nem adta meg a hirdető,,,,
https://www.zenga.hu/ingatlan/kiado-tarsashazi-lakas-budapest-ix-kerulet/8675318?page=47&pos=6,Budapest IX. kerület kiadó társasházi lakás 1 szobás: 180 ezer Ft,180.0,35.0,földszint,1.0,"Budapest IX. kerület, Friss utca",Társasházi lakás,2025-09-05,rental,,Átlagos,Távfűtés,,Nem adta meg a hirdető,,,Nincs,
https://www.zenga.hu/ingatlan/kiado-teglalakas-budapest-xiii-kerulet/8568481?page=47&pos=10,Budapest XIII. kerület kiadó téglalakás 2 szobás: 250 ezer Ft,250.0,56.0,2. emelet,2.0,"Budapest XIII. kerület, Béke tér",Téglalakás,2025-09-05,rental,6.0,Újszerű,Házközponti fűtés egyedi méréssel,4 m²,Nem adta meg a hirdető,2005.0,,,
https://www.zenga.hu/ingatlan/kiado-teglalakas-budapest-viii-kerulet/8611828?page=47&pos=9,Budapest VIII. kerület kiadó téglalakás 2 szobás: 340 ezer Ft,340.0,49.0,6. emelet,2.0,Budapest VIII. kerület,Téglalakás,2025-09-05,rental,6.0,Új építésű,Hőszivattyú,"26,9 m²",Nem adta meg a hirdető,2025.0,,,
https://www.zenga.hu/ingatlan/kiado-teglalakas-budapest-viii-kerulet/8611037?page=47&pos=11,,,,,,,,2025-09-05,rental,,,,,,,,,
https://www.zenga.hu/ingatlan/kiado-tarsashazi-lakas-budapest-xiv-kerulet-torokor/8687168?page=47&pos=3,Budapest XIV. kerület kiadó társasházi lakás 2 szobás: 280 ezer Ft,280.0,42.0,3. emelet,2.0,"Budapest XIV. kerület, Törökőr",Társasházi lakás,2025-09-05,rental,6.0,,,,,,,,
https://www.zenga.hu/ingatlan/kiado-teglalakas-budapest-iii-kerulet-remetehegy/8317587?page=47&pos=4,Budapest III. kerület kiadó téglalakás 2+2 fél szobás: 550 ezer Ft,550.0,89.0,2. emelet,2.0,"Budapest III. kerület, Remetehegy",Téglalakás,2025-09-05,rental,2.0,,,,,,,,
https://www.zenga.hu/ingatlan/kiado-panellakas-budapest-iv-kerulet/8687074?page=47&pos=7,Budapest IV. kerület kiadó panellakás 3 szobás: 250 ezer Ft,250.0,74.0,1. emelet,3.0,"Budapest IV. kerület, Külső Szilágyi út",Panellakás,2025-09-05,rental,,,,,,,,,
https://www.zenga.hu/ingatlan/kiado-teglalakas-budapest-v-kerulet/8658138?page=47&pos=12,Budapest V. kerület kiadó téglalakás 1+1 fél szobás: 279 ezer Ft,279.0,45.0,1. emelet,1.0,"Budapest V. kerület, Szemere",Téglalakás,2025-09-05,rental,1.0,Felújított,Egyéb,,Nem adta meg a hirdető,,,,
https://www.zenga.hu/ingatlan/kiado-tarsashazi-lakas-budapest-xix-kerulet/8617657?page=47&pos=13,Budapest XIX. kerület kiadó társasházi lakás 2+2 fél szobás: 300 ezer Ft,300.0,68.0,4. emelet,2.0,"Budapest XIX. kerület, Bem utca",Társasházi lakás,2025-09-05,rental,,Újszerű,Távfűtés,,Nem adta meg a hirdető,1983.0,,Nincs,
https://www.zenga.hu/ingatlan/kiado-teglalakas-budapest-xi-kerulet-albertfalva/8669791?page=47&pos=17,,,,,,,,2025-09-05,rental,,,,,,,,,
https://www.zenga.hu/ingatlan/kiado-tarsashazi-lakas-budapest-xiv-kerulet/8671948?page=47&pos=15,Budapest XIV. kerület kiadó társasházi lakás 2 szobás: 230 ezer Ft,230.0,54.0,1. emelet,2.0,"Budapest XIV. kerület, Bazsarózsa utca",Társasházi lakás,2025-09-05,rental,,Átlagos,Gázkazán,,Nem adta meg a hirdető,1974.0,,Nincs,
https://www.zenga.hu/ingatlan/kiado-tarsashazi-lakas-budapest-viii-kerulet/8638221?page=47&pos=16,Budapest VIII. kerület kiadó társasházi lakás 2 szobás: 240 ezer Ft,240.0,55.0,földszint,2.0,"Budapest VIII. kerület, Hungária körút",Társasházi lakás,2025-09-05,rental,,Újszerű,Egyéb,,,,,,
https://www.zenga.hu/ingatlan/kiado-teglalakas-budapest-xi-kerulet/8644805?page=47&pos=18,,,,,,,,2025-09-05,rental,,,,,,,,,
https://www.zenga.hu/ingatlan/kiado-teglalakas-budapest-xv-kerulet/8613284?page=47&pos=19,Budapest XV. kerület kiadó téglalakás 2 szobás: 275 ezer Ft,275.0,43.0,1. emelet,2.0,Budapest XV. kerület,Téglalakás,2025-09-05,rental,3.0,Újszerű,Gázkazán,,,,,,
https://www.zenga.hu/ingatlan/kiado-panellakas-budapest-xix-kerulet-kispest/8685135?page=48&pos=1,Budapest XIX. kerület kiadó panellakás 1 szobás: 200 ezer Ft,200.0,18.0,földszint,1.0,"Budapest XIX. kerület, Kispest, Templom tér",Panellakás,2025-09-05,rental,4.0,Felújított,Elektromos,,Nem adta meg a hirdető,,,,
https://www.zenga.hu/ingatlan/kiado-teglalakas-budapest-vi-kerulet/8687064?page=48&pos=2,Budapest VI. kerület kiadó téglalakás 3 szobás: 516 ezer Ft,516.0,94.0,4. emelet,3.0,"Budapest VI. kerület, Paulay Ede utca",Téglalakás,2025-09-05,rental,4.0,Jó állapotú,Gázkazán,"3,8 m²",Nem adta meg a hirdető,1930.0,,,
https://www.zenga.hu/ingatlan/kiado-teglalakas-budapest-v-kerulet-lipotvaros/8436385?page=48&pos=6,Budapest V. kerület kiadó téglalakás 2+1 fél szobás: 899 ezer Ft,899.0,90.0,2. emelet,2.0,"Budapest V. kerület, Lipótváros",Téglalakás,2025-09-05,rental,4.0,Újszerű,Gázkazán,,Nem adta meg a hirdető,,,,
https://www.zenga.hu/ingatlan/kiado-teglalakas-budapest-iii-kerulet/8646757?page=48&pos=4,Budapest III. kerület kiadó téglalakás 2 szobás: 270 ezer Ft,270.0,53.0,4. emelet,2.0,"Budapest III. kerület, Lajos utca",Téglalakás,2025-09-05,rental,5.0,Felújított,Fan coil,8 m²,Nem adta meg a hirdető,,,,
https://www.zenga.hu/ingatlan/kiado-teglalakas-budapest-vi-kerulet/8594281?page=48&pos=7,Budapest VI. kerület kiadó téglalakás 2 szobás: 400 ezer Ft,400.0,83.0,földszint,2.0,"Budapest VI. kerület, Andrássy út",Téglalakás,2025-09-05,rental,5.0,Újszerű,Házközponti,5 m²,Nem adta meg a hirdető,1950.0,,,
https://www.zenga.hu/ingatlan/kiado-teglalakas-budapest-ix-kerulet-belso-ferencvaros/8686539?page=48&pos=8,Budapest IX. kerület kiadó téglalakás 2 szobás: 320 ezer Ft,320.0,72.0,3. emelet,2.0,"Budapest IX. kerület, Belső Ferencváros, Lónyay utca",Téglalakás,2025-09-05,rental,,,Házközponti fűtés egyedi méréssel,4 m²,Nem adta meg a hirdető,1920.0,,,
https://www.zenga.hu/ingatlan/kiado-teglalakas-budapest-xvi-kerulet/8661873?page=47&pos=14,Budapest XVI. kerület kiadó téglalakás 3 szobás: 750 ezer Ft,750.0,100.0,,,,,2025-09-05,rental,,,,,,,,,
https://www.zenga.hu/ingatlan/kiado-teglalakas-budapest-v-kerulet/8609689?page=47&pos=20,,170.0,30.0,1. emelet,1.0,"Budapest VII. kerület, Garay",Téglalakás,2025-09-05,rental,1.0,Felújított,Egyéb,,Nem adta meg a hirdető,,,,
https://www.zenga.hu/ingatlan/kiado-teglalakas-budapest-vii-kerulet/8682178?page=48&pos=9,Budapest VII. kerület kiadó téglalakás 1 szobás: 170 ezer Ft,170.0,30.0,1. emelet,1.0,"Budapest VII. kerület, Garay",Téglalakás,2025-09-05,rental,1.0,Felújított,Egyéb,,,,,,
https://www.zenga.hu/ingatlan/kiado-tarsashazi-lakas-budapest-xiii-kerulet/8676650?page=48&pos=12,"Budapest XIII. kerület kiadó társasházi lakás 3 szobás: 1,19 millió Ft",1.19,105.0,1. emelet,3.0,"Budapest XIII. kerület, Marina part",Társasházi lakás,2025-09-05,rental,,Újszerű,Egyéb,,Nem adta meg a hirdető,,,Nincs,
https://www.zenga.hu/ingatlan/kiado-teglalakas-budapest-xi-kerulet-madarhegy/8648665?page=48&pos=11,,,,,,,,2025-09-05,rental,,,,,,,,,
https://www.zenga.hu/ingatlan/kiado-teglalakas-budapest-ii-kerulet/8686489?page=48&pos=10,Budapest II. kerület kiadó téglalakás 3 szobás: 520 ezer Ft,520.0,124.0,,,,,2025-09-05,rental,,,,,,,,,
https://www.zenga.hu/ingatlan/kiado-teglalakas-budapest-ix-kerulet/8632925?page=49&pos=1,Budapest IX. kerület kiadó téglalakás 3 szobás: 400 ezer Ft,400.0,71.0,5. emelet,3.0,Budapest IX. kerület,Téglalakás,2025-09-05,rental,6.0,Újszerű,Házközponti fűtés egyedi méréssel,,Nem adta meg a hirdető,2008.0,,,
https://www.zenga.hu/ingatlan/kiado-apartman-garzon-budapest-v-kerulet-lipotvaros/8505771?page=48&pos=20,Budapest V. kerület kiadó apartman és garzon 2 szobás: 290 ezer Ft,290.0,63.0,1. emelet,2.0,"Budapest V. kerület, Lipótváros",Apartman és garzon,2025-09-05,rental,3.0,Jó állapotú,Házközponti,,,,,,
https://www.zenga.hu/ingatlan/kiado-teglalakas-budapest-xiii-kerulet-angyalfold/8367724?page=49&pos=6,Budapest XIII. kerület kiadó téglalakás 1+1 fél szobás: 250 ezer Ft,250.0,46.0,1. emelet,1.0,"Budapest XIII. kerület, Angyalföld",Téglalakás,2025-09-05,rental,8.0,Felújított,Távfűtés,,Nem adta meg a hirdető,,35 000 Ft/hó,Nincs,
https://www.zenga.hu/ingatlan/kiado-teglalakas-budapest-ix-kerulet/8648521?page=49&pos=8,Budapest IX. kerület kiadó téglalakás 2 szobás: 300 ezer Ft,300.0,65.0,1. emelet,2.0,"Budapest IX. kerület, Telepy",Téglalakás,2025-09-05,rental,5.0,Újszerű,Gázkazán,7 m²,Nem adta meg a hirdető,,,,
https://www.zenga.hu/ingatlan/kiado-teglalakas-budapest-xiii-kerulet/8684867?page=49&pos=7,Budapest XIII. kerület kiadó téglalakás 1+1 fél szobás: 250 ezer Ft,250.0,40.0,félemelet,1.0,Budapest XIII. kerület,Téglalakás,2025-09-05,rental,5.0,Felújított,Távfűtés egyedi méréssel,,Nem adta meg a hirdető,,,,
https://www.zenga.hu/ingatlan/kiado-teglalakas-budapest-vi-kerulet/8508158?page=49&pos=9,Budapest VI. kerület kiadó téglalakás 3 szobás: 500 ezer Ft,500.0,90.0,földszint,3.0,"Budapest VI. kerület, Jókai tér",Téglalakás,2025-09-05,rental,5.0,Felújított,Elektromos,,Nem adta meg a hirdető,,,,
https://www.zenga.hu/ingatlan/kiado-teglalakas-budapest-viii-kerulet/8619543?page=49&pos=3,Budapest VIII. kerület kiadó téglalakás 1 szobás: 220 ezer Ft,220.0,26.0,1. emelet,1.0,Budapest VIII. kerület,Téglalakás,2025-09-05,rental,6.0,Új építésű,Hőszivattyú,,,2025.0,,,
https://www.zenga.hu/ingatlan/kiado-tarsashazi-lakas-budapest-ii-kerulet/7819647?page=49&pos=10,Budapest II. kerület kiadó társasházi lakás,253.0,44.0,,,,,2025-09-05,rental,,,,,,,,,
https://www.zenga.hu/ingatlan/kiado-tarsashazi-lakas-budapest-i-kerulet/8635752?page=49&pos=2,Budapest I. kerület kiadó társasházi lakás 4 szobás: 360 ezer Ft,360.0,75.0,tetőtér,,,,2025-09-05,rental,,,,,,,,,
https://www.zenga.hu/ingatlan/kiado-teglalakas-budapest-viii-kerulet/8607138?page=49&pos=11,,,,,,,,2025-09-05,rental,,,,,,,,,
https://www.zenga.hu/ingatlan/kiado-teglalakas-budapest-xiv-kerulet/8647470?page=49&pos=12,Budapest XIV. kerület kiadó téglalakás 1 szobás: 280 ezer Ft,280.0,35.0,2. emelet,1.0,"Budapest XIV. kerület, Thököly út",Téglalakás,2025-09-05,rental,4.0,Újszerű,Távfűtés,,Nem adta meg a hirdető,1907.0,,,
https://www.zenga.hu/ingatlan/kiado-teglalakas-budapest-xv-kerulet/8671924?page=49&pos=5,,,,,2.0,"Budapest XIII. kerület, Vizafogó",Téglalakás,2025-09-05,rental,,Új építésű,Házközponti,,A,2021.0,,,
https://www.zenga.hu/ingatlan/kiado-teglalakas-budapest-viii-kerulet/8607134?page=49&pos=13,Budapest VIII. kerület kiadó téglalakás 1 szobás: 220 ezer Ft,220.0,26.0,földszint,1.0,Budapest VIII. kerület,Téglalakás,2025-09-05,rental,6.0,Új építésű,Hőszivattyú,"4,3 m²",,2025.0,,,
https://www.zenga.hu/ingatlan/kiado-teglalakas-budapest-xiii-kerulet-vizafogo/8686443?page=49&pos=14,Budapest XIII. kerület kiadó téglalakás 2 szobás: 300 ezer Ft,300.0,42.0,6. emelet,2.0,"Budapest XIII. kerület, Vizafogó",Téglalakás,2025-09-05,rental,,Új építésű,Házközponti,,,2021.0,,,
https://www.zenga.hu/ingatlan/kiado-tarsashazi-lakas-budapest-xiv-kerulet/8671949?page=49&pos=16,Budapest XIV. kerület kiadó társasházi lakás 2 szobás: 230 ezer Ft,230.0,54.0,félemelet,2.0,"Budapest XIV. kerület, Bazsarózsa utca",Társasházi lakás,2025-09-05,rental,,Átlagos,Gázkazán,,Nem adta meg a hirdető,1974.0,,Nincs,
https://www.zenga.hu/ingatlan/kiado-teglalakas-budapest-viii-kerulet/8619559?page=49&pos=18,,,,,,,,2025-09-05,rental,,,,,,,,,
https://www.zenga.hu/ingatlan/kiado-tarsashazi-lakas-budapest-iv-kerulet/8665018?page=49&pos=19,Budapest IV. kerület kiadó társasházi lakás 1+2 fél szobás: 220 ezer Ft,220.0,56.0,1. emelet,1.0,"Budapest IV. kerület, Pozsonyi utca",Társasházi lakás,2025-09-05,rental,,Újszerű,Távfűtés,,Nem adta meg a hirdető,,,Nincs,
https://www.zenga.hu/ingatlan/kiado-tarsashazi-lakas-budapest-iii-kerulet/8645257?page=49&pos=20,Budapest III. kerület kiadó társasházi lakás 3 szobás: 645 ezer Ft,645.0,86.0,1. emelet,3.0,"Budapest III. kerület, Turbolya köz",Társasházi lakás,2025-09-05,rental,,Újszerű,Egyéb,,A,2023.0,,Nincs,
https://www.zenga.hu/ingatlan/kiado-teglalakas-budapest-vii-kerulet/8673291?page=50&pos=1,Budapest VII. kerület kiadó téglalakás 2 szobás: 270 ezer Ft,270.0,53.0,3. emelet,2.0,"Budapest VII. kerület, Kertész",Téglalakás,2025-09-05,rental,1.0,Felújított,Egyéb,,Nem adta meg a hirdető,,,,
https://www.zenga.hu/ingatlan/kiado-teglalakas-budapest-v-kerulet/8639459?page=50&pos=2,Budapest V. kerület kiadó téglalakás 2 szobás: 150 ezer Ft,150.0,54.0,félemelet,2.0,"Budapest V. kerület, Hold utca",Téglalakás,2025-09-05,rental,1.0,Felújított,Házközponti,,Nem adta meg a hirdető,,,,
https://www.zenga.hu/ingatlan/kiado-teglalakas-budapest-i-kerulet/7642940?page=50&pos=3,Budapest I. kerület kiadó téglalakás 3 szobás: 750 ezer Ft,750.0,97.0,1. emelet,,,,2025-09-05,rental,,,,,,,,,
https://www.zenga.hu/ingatlan/kiado-teglalakas-budapest-xiii-kerulet-ujlipotvaros/8684026?page=49&pos=17,Budapest XIII. kerület kiadó téglalakás 3+1 fél szobás: 850 ezer Ft,850.0,120.0,5. emelet,3.0,"Budapest XIII. kerület, Újlipótváros, Viza utca",Téglalakás,2025-09-05,rental,5.0,Újszerű,,,,,,,
https://www.zenga.hu/ingatlan/kiado-teglalakas-budapest-viii-kerulet/8607153?page=50&pos=11,Budapest VIII. kerület kiadó téglalakás 1 szobás: 220 ezer Ft,220.0,26.0,3. emelet,1.0,Budapest VIII. kerület,Téglalakás,2025-09-05,rental,6.0,Új építésű,Hőszivattyú,"3,1 m²",Nem adta meg a hirdető,2025.0,,,
https://www.zenga.hu/ingatlan/kiado-teglalakas-budapest-ii-kerulet-szepilona/8665702?page=50&pos=9,Budapest II. kerület kiadó téglalakás 1+1 fél szobás: 220 ezer Ft,220.0,32.0,2. emelet,1.0,"Budapest II. kerület, Szépilona, Hűvösvölgyi út 22",Téglalakás,2025-09-05,rental,4.0,Felújított,Egyéb,13 m²,Nem adta meg a hirdető,2005.0,,,
https://www.zenga.hu/ingatlan/kiado-teglalakas-budapest-i-kerulet/8646755?page=50&pos=10,Budapest I. kerület kiadó téglalakás 2 szobás: 260 ezer Ft,260.0,74.0,,,,,2025-09-05,rental,,,,,,,,,
https://www.zenga.hu/ingatlan/kiado-teglalakas-budapest-viii-kerulet/8609715?page=50&pos=13,Budapest VIII. kerület kiadó téglalakás 2 szobás: 320 ezer Ft,320.0,50.0,,,,,2025-09-05,rental,,,,,,,,,
https://www.zenga.hu/ingatlan/kiado-tarsashazi-lakas-budapest-xv-kerulet/8273220?page=50&pos=12,Budapest XV. kerület kiadó társasházi lakás 2+2 fél szobás: 300 ezer Ft,300.0,69.0,9. emelet,2.0,"Budapest XV. kerület, Legénybíró utca",Társasházi lakás,2025-09-05,rental,,Újszerű,Távfűtés egyedi méréssel,,Nem adta meg a hirdető,,,Nincs,
https://www.zenga.hu/ingatlan/kiado-teglalakas-budapest-xvi-kerulet-cinkota/8305370?page=50&pos=5,,,,földszint,2.0,"Budapest VI. kerület, Teréz körút",Téglalakás,2025-09-05,rental,3.0,Újszerű,Elektromos,,Nem adta meg a hirdető,1960.0,,,
https://www.zenga.hu/ingatlan/kiado-teglalakas-budapest-vi-kerulet/7972051?page=50&pos=14,Budapest VI. kerület kiadó téglalakás 2 szobás: 300 ezer Ft,300.0,56.0,földszint,2.0,"Budapest VI. kerület, Teréz körút",Téglalakás,2025-09-05,rental,3.0,Újszerű,Elektromos,,Nem adta meg a hirdető,1960.0,,,
https://www.zenga.hu/ingatlan/kiado-teglalakas-budapest-xiii-kerulet/8241107?page=50&pos=16,Budapest XIII. kerület kiadó téglalakás 3 szobás: 554 ezer Ft,554.0,63.0,4. emelet,3.0,Budapest XIII. kerület,Téglalakás,2025-09-05,rental,8.0,Új építésű,Házközponti fűtés egyedi méréssel,,A+,,,,
https://www.zenga.hu/ingatlan/kiado-teglalakas-budapest-vii-kerulet/8687133?page=50&pos=18,Budapest VII. kerület kiadó téglalakás 3 szobás,297.0,70.0,3. emelet,3.0,"Budapest VII. kerület, Garay utca",Téglalakás,2025-09-05,rental,7.0,Felújított,Házközponti fűtés egyedi méréssel,,B,,,,
https://www.zenga.hu/ingatlan/kiado-tarsashazi-lakas-budapest-xi-kerulet/8387582?page=50&pos=17,Budapest XI. kerület kiadó társasházi lakás 4 szobás: 590 ezer Ft,590.0,120.0,2. emelet,4.0,"Budapest XI. kerület, Avar utca",Társasházi lakás,2025-09-05,rental,,Újszerű,Gázkazán,,A+,,,Nincs,
https://www.zenga.hu/ingatlan/kiado-teglalakas-budapest-vi-kerulet/8589225?page=50&pos=19,Budapest VI. kerület kiadó téglalakás 4 szobás: 751 ezer Ft,751.0,189.0,1. emelet,4.0,"Budapest VI. kerület, Szív utca",Téglalakás,2025-09-05,rental,5.0,Jó állapotú,Gázkazán,,Nem adta meg a hirdető,1934.0,,,
https://www.zenga.hu/ingatlan/kiado-tarsashazi-lakas-budapest-xiii-kerulet/8666717?page=50&pos=20,Budapest XIII. kerület kiadó társasházi lakás 1+2 fél szobás: 300 ezer Ft,300.0,57.0,földszint,1.0,"Budapest XIII. kerület, Pannónia utca",Társasházi lakás,2025-09-05,rental,,Átlagos,Távfűtés egyedi méréssel,,Nem adta meg a hirdető,,,Nincs,
https://www.zenga.hu/ingatlan/kiado-teglalakas-budapest-xiii-kerulet-angyalfold/8555641?page=6&pos=5&cr=29,Budapest XIII. kerület kiadó téglalakás 1+1 fél szobás: 300 ezer Ft,300.0,49.0,3. emelet,1.0,"Budapest XIII. kerület, Angyalföld",Téglalakás,2025-09-05,rental,,Új építésű,Geotermikus,,Nem adta meg a hirdető,,,,
https://www.zenga.hu/ingatlan/kiado-apartman-garzon-budapest-vii-kerulet/8482788?page=4&pos=6&cr=55,Budapest VII. kerület kiadó apartman és garzon 1 szobás: 150 ezer Ft,150.0,,,,,,2025-09-05,rental,,,,,,,,,
https://www.zenga.hu/ingatlan/kiado-teglalakas-budapest-ii-kerulet-vizivaros-ii-ker/8631851?page=5&pos=16&cr=35,Budapest II. kerület kiadó téglalakás 2 szobás: 350 ezer Ft,350.0,54.0,1. emelet,2.0,,,2025-09-05,rental,,,,,,,,,
https://www.zenga.hu/ingatlan/kiado-tarsashazi-lakas-budapest-xiii-kerulet-ujlipotvaros/8636561?page=1&pos=8&cr=110,,,,,,,,2025-09-05,rental,,,,,,,,,
https://www.zenga.hu/ingatlan/kiado-teglalakas-budapest-xi-kerulet-albertfalva/8671785?page=6&pos=3&cr=30,,,,,,,,2025-09-05,rental,,,,,,,,,
https://www.zenga.hu/ingatlan/kiado-panellakas-budapest-iv-kerulet-ujpest/8690028?page=6&pos=7&cr=25,Budapest IV. kerület kiadó panellakás 2 szobás: 220 ezer Ft,220.0,54.0,4. emelet,2.0,"Budapest IV. kerület, Újpest",Panellakás,2025-09-05,rental,10,Jó állapotú,Távfűtés,4 m²,Nem adta meg a hirdető,1975,18 500 Ft/hó,,
https://www.zenga.hu/ingatlan/kiado-teglalakas-budapest-xii-kerulet-viranyos/8433805?page=6&pos=6&cr=25,,,,,,,,2025-09-05,rental,,,,,,,,,
https://www.zenga.hu/ingatlan/kiado-teglalakas-budapest-i-kerulet/8578915?page=1&pos=10&cr=101,Budapest XIII. kerület kiadó egyéb lakás 2 szobás: 295 ezer Ft,295.0,51.0,1. emelet,2.0,Budapest XIII. kerület,Egyéb lakás,2025-09-05,rental,8,Új építésű,Házközponti fűtés egyedi méréssel,,Nem adta meg a hirdető,2020,,,
https://www.zenga.hu/ingatlan/kiado-egyeb-lakas-budapest-xiii-kerulet/8644471?page=6&pos=4&cr=29,Budapest XIII. kerület kiadó egyéb lakás 2 szobás: 295 ezer Ft,295.0,51.0,1. emelet,2.0,Budapest XIII. kerület,Egyéb lakás,2025-09-05,rental,8,Új építésű,Házközponti fűtés egyedi méréssel,,Nem adta meg a hirdető,2020,,,
https://www.zenga.hu/ingatlan/kiado-teglalakas-budapest-ix-kerulet/8631282?page=6&pos=9&cr=23,Budapest IX. kerület kiadó téglalakás 3 szobás: 350 ezer Ft,350.0,64.0,6. emelet,3.0,Budapest IX. kerület,Téglalakás,2025-09-05,rental,6,Újszerű,Egyéb,,Nem adta meg a hirdető,2015,,,
https://www.zenga.hu/ingatlan/kiado-teglalakas-budapest-xi-kerulet-spanyolret/8520344?page=6&pos=8&cr=25,Budapest XI. kerület kiadó téglalakás 3 szobás: 495 ezer Ft,,,,,,,2025-09-05,rental,,,,,,,,,
https://www.zenga.hu/ingatlan/kiado-teglalakas-budapest-xiii-kerulet/8658828?page=6&pos=15&cr=22,Budapest XIII. kerület kiadó téglalakás 2+1 fél szobás: 420 ezer Ft,420.0,90.0,5. emelet,2.0,"Budapest XIII. kerület, Pozsonyi út",Téglalakás,2025-09-05,rental,6,Felújított,Távfűtés,,Nem adta meg a hirdető,,,,
https://www.zenga.hu/ingatlan/kiado-teglalakas-budapest-ix-kerulet-belso-ferencvaros/8603605?page=6&pos=14&cr=23,Budapest IX. kerület kiadó téglalakás 1+1 fél szobás: 250 ezer Ft,250.0,45.0,4. emelet,1.0,"Budapest IX. kerület, Belső Ferencváros",Téglalakás,2025-09-05,rental,7,Átlagos,Házközponti fűtés egyedi méréssel,,Nem adta meg a hirdető,1910,,,
https://www.zenga.hu/ingatlan/kiado-teglalakas-budapest-xii-kerulet/8316191?page=11&pos=1,Budapest XII. kerület kiadó téglalakás 4 szobás: 670 ezer Ft,670.0,170.0,földszint,4.0,Budapest XII. kerület,Téglalakás,2025-09-05,rental,1,Újszerű,Hőszivattyú,,Nem adta meg a hirdető,,,,
https://www.zenga.hu/ingatlan/kiado-teglalakas-budapest-xiv-kerulet-istvanmezo/8484002?page=8&pos=19&cr=6,Budapest XIV. kerület kiadó téglalakás 2 szobás: 320 ezer Ft,320.0,60.0,1. emelet,2.0,"Budapest XIV. kerület, Istvánmező, Ilka utca 58.",Téglalakás,2025-09-05,rental,4,Újszerű,Házközponti fűtés egyedi méréssel,7 m²,A+,2017,65 000 Ft/hó,Nincs,7 m²
https://www.zenga.hu/ingatlan/kiado-teglalakas-budapest-xiii-kerulet-ujlipotvaros/8654941?page=11&pos=3,Budapest XIII. kerület kiadó téglalakás 2 szobás,356.0,81.0,2. emelet,2.0,"Budapest XIII. kerület, Újlipótváros",Téglalakás,2025-09-05,rental,,Felújított,Távfűtés egyedi méréssel,,Nem adta meg a hirdető,1946,,,
https://www.zenga.hu/ingatlan/kiado-teglalakas-budapest-xv-kerulet/8693141?page=11&pos=6,,,,,,,,2025-09-05,rental,,,,,,,,,
https://www.zenga.hu/ingatlan/kiado-teglalakas-budapest-xiii-kerulet-ujlipotvaros/8645433?page=1&pos=6&cr=150,,,,1. emelet,3.0,"Budapest V. kerület, Belváros",Téglalakás,2025-09-05,rental,1,Újszerű,Gázkazán,,Nem adta meg a hirdető,,,,
https://www.zenga.hu/ingatlan/kiado-teglalakas-budapest-v-kerulet/5925494?page=11&pos=4,"Budapest V. kerület kiadó téglalakás 4 szobás: 2,76 millió Ft",2.76,134.0,1. emelet,4.0,Budapest V. kerület,Téglalakás,2025-09-05,rental,3,Újszerű,Gázkazán,,Nem adta meg a hirdető,1870,,,
https://www.zenga.hu/ingatlan/kiado-teglalakas-budapest-xi-kerulet-sasad-sashegy-xi-ker/8685073?page=6&pos=1&cr=30,,1.18,98.0,1. emelet,3.0,"Budapest V. kerület, Belváros",Téglalakás,2025-09-05,rental,1,Újszerű,Gázkazán,,,,,,
https://www.zenga.hu/ingatlan/kiado-teglalakas-budapest-vii-kerulet/8610745?page=6&pos=13&cr=23,,1.18,98.0,1. emelet,3.0,"Budapest V. kerület, Belváros",Téglalakás,2025-09-05,rental,1,Újszerű,Gázkazán,,,,,,
https://www.zenga.hu/ingatlan/kiado-teglalakas-budapest-vi-kerulet/8692279?page=11&pos=9,Budapest VI. kerület kiadó téglalakás 2 szobás: 270 ezer Ft,270.0,43.0,földszint,2.0,Budapest VI. kerület,Téglalakás,2025-09-05,rental,,Felújított,Egyéb,,Nem adta meg a hirdető,1960,,,
https://www.zenga.hu/ingatlan/kiado-teglalakas-budapest-v-kerulet-belvaros/7893135?page=11&pos=2,"Budapest V. kerület kiadó téglalakás 3 szobás: 1,18 millió Ft",1.18,98.0,1. emelet,3.0,"Budapest V. kerület, Belváros",Téglalakás,2025-09-05,rental,1,Újszerű,,,,,,,
https://www.zenga.hu/ingatlan/kiado-teglalakas-budapest-vi-kerulet/8692132?page=14&pos=2,Budapest VI. kerület kiadó téglalakás 1 szobás: 240 ezer Ft,240.0,40.0,1. emelet,1.0,"Budapest VI. kerület, Rózsa utca",Téglalakás,2025-09-05,rental,6,Új építésű,Házközponti fűtés egyedi méréssel,,E,,,,
https://www.zenga.hu/ingatlan/kiado-panellakas-budapest-xvii-kerulet-rakoskeresztur/8692741?page=15&pos=5,Budapest XVII. kerület kiadó panellakás 3 szobás: 220 ezer Ft,220.0,51.0,1. emelet,3.0,"Budapest XVII. kerület, Rákoskeresztúr, Újlak utca",,2025-09-05,rental,,,,,,,,,
https://www.zenga.hu/ingatlan/kiado-teglalakas-budapest-xiii-kerulet/8692467?page=11&pos=13,,246.0,59.0,1. emelet,2.0,"Budapest VI. kerület, Nagykörúton kívüli terület",Téglalakás,2025-09-05,rental,,Jó állapotú,Gáz (héra),,Nem adta meg a hirdető,1890,,,
https://www.zenga.hu/ingatlan/kiado-teglalakas-budapest-vi-kerulet-nagykoruton-kivuli-terulet/8627217?page=15&pos=6,Budapest VI. kerület kiadó téglalakás 2 szobás,246.0,59.0,1. emelet,2.0,"Budapest VI. kerület, Nagykörúton kívüli terület",Téglalakás,2025-09-05,rental,,Jó állapotú,Gáz (héra),,Nem adta meg a hirdető,1890,,,
https://www.zenga.hu/ingatlan/kiado-teglalakas-budapest-xiii-kerulet/8683586?page=16&pos=5,Budapest XIII. kerület kiadó téglalakás 1+1 fél szobás: 230 ezer Ft,230.0,44.0,2. emelet,1.0,"Budapest XIII. kerület, Raoul Wallenberg utca",Téglalakás,2025-09-05,rental,1,Jó állapotú,Egyéb,,Nem adta meg a hirdető,,,,
https://www.zenga.hu/ingatlan/kiado-teglalakas-budapest-xiv-kerulet/8672559?page=16&pos=7,Budapest XIV. kerület kiadó téglalakás 4 szobás: 400 ezer Ft,400.0,131.0,1. emelet,4.0,Budapest XIV. kerület,Téglalakás,2025-09-05,rental,,Felújított,Gázkazán,,Nem adta meg a hirdető,1910,,,
https://www.zenga.hu/ingatlan/kiado-teglalakas-budapest-xi-kerulet/8619633?page=16&pos=8,,,,,,,,2025-09-05,rental,,,,,,,,,
https://www.zenga.hu/ingatlan/kiado-teglalakas-budapest-xi-kerulet-lagymanyos/8688747?page=16&pos=9,,,,,,,,2025-09-05,rental,,,,,,,,,
https://www.zenga.hu/ingatlan/kiado-teglalakas-budapest-v-kerulet/8681356?page=16&pos=4,Budapest V. kerület kiadó téglalakás 2 szobás: 560 ezer Ft,560.0,72.0,3. emelet,2.0,Budapest V. kerület,Téglalakás,2025-09-05,rental,,Felújított,Házközponti,,,1900,,,
https://www.zenga.hu/ingatlan/kiado-teglalakas-budapest-vi-kerulet/8681221?page=16&pos=14,Budapest VI. kerület kiadó téglalakás 2 szobás: 330 ezer Ft,330.0,55.0,,2.0,"Budapest VI. kerület, Rózsa utca",Téglalakás,2025-09-05,rental,,Újszerű,,,Nem adta meg a hirdető,,,,
https://www.zenga.hu/ingatlan/kiado-teglalakas-budapest-vi-kerulet/8591031?page=16&pos=2,,,46.0,4. emelet,1.0,Budapest V. kerület,Téglalakás,2025-09-05,rental,5,Felújított,Gázkazán,,Nem adta meg a hirdető,,,,
https://www.zenga.hu/ingatlan/kiado-teglalakas-budapest-vii-kerulet/8626326?page=11&pos=5,,,33.0,1. emelet,1.0,Budapest VII. kerület,Téglalakás,2025-09-05,rental,3,Felújított,Egyéb,,Nem adta meg a hirdető,,,,
https://www.zenga.hu/ingatlan/kiado-teglalakas-budapest-vi-kerulet-nagykoruton-beluli-terulet/8626327?page=11&pos=18,,,33.0,1. emelet,1.0,Budapest VII. kerület,Téglalakás,2025-09-05,rental,3,Felújított,Egyéb,,Nem adta meg a hirdető,,,,
https://www.zenga.hu/ingatlan/kiado-teglalakas-budapest-vii-kerulet/8641649?page=16&pos=3,,,33.0,1. emelet,1.0,Budapest VII. kerület,Téglalakás,2025-09-05,rental,3,Felújított,Egyéb,,Nem adta meg a hirdető,,,,
https://www.zenga.hu/ingatlan/kiado-panellakas-budapest-xiii-kerulet/8690380?page=20&pos=16,Budapest XIII. kerület kiadó panellakás 1 szobás: 250 ezer Ft,250.0,32.0,1. emelet,1.0,"Budapest XIII. kerület, Dózsa György út",Panellakás,2025-09-05,rental,4,Felújított,Elektromos,,C,,,,
https://www.zenga.hu/ingatlan/kiado-teglalakas-budapest-vii-kerulet/8415680?page=17&pos=15,Budapest VII. kerület kiadó téglalakás 1 szobás: 230 ezer Ft,230.0,33.0,1. emelet,1.0,Budapest VII. kerület,Téglalakás,2025-09-05,rental,3,Felújított,,,,,,,
https://www.zenga.hu/ingatlan/kiado-teglalakas-budapest-xi-kerulet-gellerthegy/8691870?page=21&pos=4,,,,,,,,2025-09-05,rental,,,,,,,,,
https://www.zenga.hu/ingatlan/kiado-teglalakas-budapest-vi-kerulet/8687188?page=21&pos=3,Budapest VI. kerület kiadó téglalakás 4 szobás: 790 ezer Ft,790.0,130.0,2. emelet,4.0,"Budapest VI. kerület, Teréz körút",Téglalakás,2025-09-05,rental,6,Újszerű,Gázkazán,,Nem adta meg a hirdető,,,,
https://www.zenga.hu/ingatlan/kiado-teglalakas-budapest-ix-kerulet/8692119?page=21&pos=2,Budapest IX. kerület kiadó téglalakás 1 szobás: 240 ezer Ft,240.0,30.0,földszint,1.0,"Budapest IX. kerület, Ráday utca",Téglalakás,2025-09-05,rental,2,Felújított,Központi fűtés,,Nem adta meg a hirdető,,,,
https://www.zenga.hu/ingatlan/kiado-tarsashazi-lakas-budapest-i-kerulet/8675319?page=19&pos=20,Budapest I. kerület kiadó társasházi lakás 2+1 fél szobás: 450 ezer Ft,285.0,42.0,3. emelet,2.0,"Budapest XIII. kerület, Gidófalvy Lajos utca",Téglalakás,2025-09-05,rental,9,Újszerű,Házközponti,,A+,,,,
https://www.zenga.hu/ingatlan/kiado-teglalakas-budapest-xiii-kerulet/8658779?page=21&pos=7,Budapest XIII. kerület kiadó téglalakás 2 szobás: 285 ezer Ft,285.0,42.0,3. emelet,2.0,"Budapest XIII. kerület, Gidófalvy Lajos utca",Téglalakás,2025-09-05,rental,9,Újszerű,Házközponti,,A+,,,,
https://www.zenga.hu/ingatlan/kiado-teglalakas-budapest-v-kerulet/8636578?page=21&pos=11,Budapest V. kerület kiadó téglalakás 2 szobás: 495 ezer Ft,495.0,50.0,1. emelet,2.0,"Budapest V. kerület, Akadémia utca",Téglalakás,2025-09-05,rental,,Felújított,Házközponti,,Nem adta meg a hirdető,,,,
https://www.zenga.hu/ingatlan/kiado-teglalakas-budapest-ii-kerulet-rozsadomb/8668093?page=21&pos=12,Budapest II. kerület kiadó téglalakás 4 szobás: 950 ezer Ft,950.0,108.0,2. emelet,4.0,"Budapest II. kerület, Rózsadomb",Téglalakás,2025-09-05,rental,,,Hőszivattyú,,Nem adta meg a hirdető,2010,,,
https://www.zenga.hu/ingatlan/kiado-teglalakas-budapest-xiii-kerulet/8638067?page=21&pos=1,,319.0,73.0,2. emelet,2.0,"Budapest VIII. kerület, Palotanegyed",Téglalakás,2025-09-05,rental,,,Gáz (konvektor),,Nem adta meg a hirdető,1940,,,
https://www.zenga.hu/ingatlan/kiado-teglalakas-budapest-iii-kerulet-obuda/8661109?page=21&pos=14,Budapest III. kerület kiadó téglalakás 1 szobás: 200 ezer Ft,200.0,30.0,1. emelet,1.0,"Budapest III. kerület, Óbuda",Téglalakás,2025-09-05,rental,,,Távfűtés,4 m²,Nem adta meg a hirdető,1968,,,
https://www.zenga.hu/ingatlan/kiado-teglalakas-budapest-viii-kerulet-palotanegyed/8557282?page=21&pos=13,Budapest VIII. kerület kiadó téglalakás 2 szobás: 319 ezer Ft,319.0,73.0,2. emelet,2.0,"Budapest VIII. kerület, Palotanegyed",Téglalakás,2025-09-05,rental,,,Gáz (konvektor),,Nem adta meg a hirdető,1940,,,
https://www.zenga.hu/ingatlan/kiado-teglalakas-budapest-vi-kerulet/8058929?page=21&pos=6,Budapest II. kerület kiadó téglalakás 3+1 fél szobás: 780 ezer Ft,780.0,95.0,2. emelet,3.0,Budapest II. kerület,Téglalakás,2025-09-05,rental,2,Felújított,Gázkazán,,Nem adta meg a hirdető,,,,
https://www.zenga.hu/ingatlan/kiado-teglalakas-budapest-ii-kerulet/8376947?page=22&pos=13,Budapest II. kerület kiadó téglalakás 3+1 fél szobás: 780 ezer Ft,780.0,95.0,2. emelet,3.0,Budapest II. kerület,Téglalakás,2025-09-05,rental,2,Felújított,Gázkazán,,Nem adta meg a hirdető,,,,
https://www.zenga.hu/ingatlan/kiado-teglalakas-budapest-ix-kerulet/8662808?page=21&pos=17,Budapest IX. kerület kiadó téglalakás 1 szobás: 230 ezer Ft,230.0,39.0,földszint,1.0,"Budapest IX. kerület, Toronyház utca",Téglalakás,2025-09-05,rental,3,Felújított,Gáz (konvektor),,Nem adta meg a hirdető,,,,
https://www.zenga.hu/ingatlan/kiado-teglalakas-budapest-iv-kerulet/8664209?page=22&pos=15,Budapest IV. kerület kiadó téglalakás 1+1 fél szobás: 260 ezer Ft,260.0,34.0,2. emelet,1.0,Budapest IV. kerület,Téglalakás,2025-09-05,rental,,Új építésű,Házközponti fűtés egyedi méréssel,,Nem adta meg a hirdető,,,,
https://www.zenga.hu/ingatlan/kiado-teglalakas-budapest-vi-kerulet/8632196?page=22&pos=18,Budapest VI. kerület kiadó téglalakás 3 szobás: 390 ezer Ft,390.0,83.0,3. emelet,3.0,"Budapest VI. kerület, Vasvári Pál utca",Téglalakás,2025-09-05,rental,4,Átlagos,Gázkazán,,Nem adta meg a hirdető,,,,
https://www.zenga.hu/ingatlan/kiado-teglalakas-budapest-vi-kerulet/8056409?page=22&pos=16,Budapest VI. kerület kiadó téglalakás 2 szobás: 513 ezer Ft,513.0,66.0,2. emelet,2.0,Budapest VI. kerület,Téglalakás,2025-09-05,rental,,Újszerű,Házközponti fűtés egyedi méréssel,6 m²,Nem adta meg a hirdető,2008,,Nincs,
https://www.zenga.hu/ingatlan/kiado-teglalakas-budapest-xiv-kerulet/8682778?page=23&pos=1,Budapest XIV. kerület kiadó téglalakás 2 szobás: 230 ezer Ft,230.0,51.0,2. emelet,2.0,"Budapest XIV. kerület, Ajtósi Dürer sor",Téglalakás,2025-09-05,rental,5,Felújított,,,Nem adta meg a hirdető,,,,
https://www.zenga.hu/ingatlan/kiado-teglalakas-budapest-vii-kerulet/8617881?page=21&pos=15,Budapest VII. kerület kiadó téglalakás 2 szobás: 314 ezer Ft,314.0,74.0,1. emelet,2.0,Budapest VII. kerület,Téglalakás,2025-09-05,rental,5,Jó állapotú,,,,,,,
https://www.zenga.hu/ingatlan/kiado-teglalakas-budapest-vi-kerulet-nagykoruton-kivuli-terulet/8677663?page=23&pos=4,Budapest VI. kerület kiadó téglalakás 3+1 fél szobás: 505 ezer Ft,505.0,110.0,2. emelet,3.0,"Budapest VI. kerület, Nagykörúton kívüli terület, Izabella utca 80",Téglalakás,2025-09-05,rental,4,Felújított,Gáz (konvektor),,D,,,,
https://www.zenga.hu/ingatlan/kiado-teglalakas-budapest-v-kerulet-belvaros/8455456?page=23&pos=5,Budapest V. kerület kiadó téglalakás 3 szobás: 700 ezer Ft,700.0,100.0,2. emelet,3.0,"Budapest V. kerület, Belváros",Téglalakás,2025-09-05,rental,,,Házközponti,4 m²,Nem adta meg a hirdető,1938,,,
https://www.zenga.hu/ingatlan/kiado-teglalakas-budapest-i-kerulet/7991449?page=23&pos=6,Budapest I. kerület kiadó téglalakás 3 szobás: 645 ezer Ft,645.0,90.0,,3.0,Budapest I. kerület,Téglalakás,2025-09-05,rental,,Újszerű,Gázkazán,,Nem adta meg a hirdető,,,,
https://www.zenga.hu/ingatlan/kiado-teglalakas-budapest-vii-kerulet/8645173?page=23&pos=9,,,,,,,,2025-09-05,rental,,,,,,,,,
https://www.zenga.hu/ingatlan/kiado-teglalakas-budapest-vi-kerulet/8636247?page=24&pos=20,Budapest VI. kerület kiadó téglalakás 2 szobás: 370 ezer Ft,370.0,55.0,3. emelet,2.0,"Budapest VI. kerület, Király utca",Téglalakás,2025-09-05,rental,9,Átlagos,Házközponti fűtés egyedi méréssel,,Nem adta meg a hirdető,1925,,,
https://www.zenga.hu/ingatlan/kiado-teglalakas-budapest-viii-kerulet/8608339?page=24&pos=2,Budapest VIII. kerület kiadó téglalakás 1 szobás: 220 ezer Ft,220.0,26.0,1. emelet,1.0,Budapest VIII. kerület,Téglalakás,2025-09-05,rental,5,Új építésű,Egyéb,,A+,,,,
https://www.zenga.hu/ingatlan/kiado-teglalakas-budapest-ii-kerulet-torokvesz/8655737?page=23&pos=3,Budapest II. kerület kiadó téglalakás 3 szobás: 375 ezer Ft,375.0,68.0,10 felett,3.0,"Budapest II. kerület, Törökvész, 2.ker. Bimbó út csendes része",Téglalakás,2025-09-05,rental,1,Felújított,Gázkazán,,,1975,,,
https://www.zenga.hu/ingatlan/kiado-teglalakas-budapest-vi-kerulet/7886777?page=25&pos=5,"Budapest VI. kerület kiadó téglalakás: 1,47 millió Ft",1.47,155.0,,2.0,"Budapest VI. kerület, Szondi utca",Téglalakás,2025-09-05,rental,4,Felújított,Gázkazán,,Nem adta meg a hirdető,,,,
https://www.zenga.hu/ingatlan/kiado-teglalakas-budapest-xii-kerulet/8692131?page=25&pos=6,Budapest XII. kerület kiadó téglalakás 2+1 fél szobás: 390 ezer Ft,390.0,75.0,1. emelet,2.0,"Budapest XII. kerület, Diós árok",Téglalakás,2025-09-05,rental,2,Újszerű,Gáz (héra),,Nem adta meg a hirdető,,,,
https://www.zenga.hu/ingatlan/kiado-teglalakas-budapest-xii-kerulet/8690951?page=25&pos=8,Budapest XII. kerület kiadó téglalakás 4 szobás: 990 ezer Ft,990.0,106.0,2. emelet,4.0,Budapest XII. kerület,Téglalakás,2025-09-05,rental,,Újszerű,Hőszivattyú,,Nem adta meg a hirdető,2020,,,
https://www.zenga.hu/ingatlan/kiado-teglalakas-budapest-xii-kerulet-kutvolgy/7365912?page=26&pos=1,Budapest XII. kerület kiadó téglalakás 4 szobás: 990 ezer Ft,990.0,145.0,földszint,4.0,"Budapest XII. kerület, Kútvölgy, Galgóczy utca",Téglalakás,2025-09-05,rental,2,Újszerű,Gázkazán,,Nem adta meg a hirdető,2000,,,
https://www.zenga.hu/ingatlan/kiado-teglalakas-budapest-v-kerulet-belvaros/8395154?page=26&pos=2,Budapest V. kerület kiadó téglalakás 2 szobás: 592 ezer Ft,592.0,72.0,1. emelet,2.0,"Budapest V. kerület, Belváros",Téglalakás,2025-09-05,rental,,Újszerű,Gázkazán,,Nem adta meg a hirdető,1823,,,
https://www.zenga.hu/ingatlan/kiado-teglalakas-budapest-i-kerulet/8607921?page=26&pos=3,Budapest I. kerület kiadó téglalakás 1+1 fél szobás: 396 ezer Ft,396.0,30.0,2. emelet,1.0,Budapest I. kerület,Téglalakás,2025-09-05,rental,5,Felújított,Elektromos,,Nem adta meg a hirdető,,,,
https://www.zenga.hu/ingatlan/kiado-teglalakas-budapest-vii-kerulet/8269766?page=26&pos=4,Budapest VII. kerület kiadó téglalakás 1+1 fél szobás: 220 ezer Ft,220.0,45.0,földszint,1.0,Budapest VII. kerület,Téglalakás,2025-09-05,rental,3,Felújított,Egyéb,,D,,,,
https://www.zenga.hu/ingatlan/kiado-teglalakas-budapest-vi-kerulet/8058527?page=26&pos=5,"Budapest VI. kerület kiadó téglalakás 5 szobás: 1,46 millió Ft",1.46,206.0,1. emelet,5.0,Budapest VI. kerület,Téglalakás,2025-09-05,rental,,Felújított,Egyéb,,Nem adta meg a hirdető,1930,,Nincs,
https://www.zenga.hu/ingatlan/kiado-teglalakas-budapest-ii-kerulet-orszagut/8552380?page=26&pos=6,Budapest II. kerület kiadó téglalakás 2 szobás,,,,,,,2025-09-05,rental,,,,,,,,,
https://www.zenga.hu/ingatlan/kiado-teglalakas-budapest-xii-kerulet/8691507?page=26&pos=7,Budapest XII. kerület kiadó téglalakás 4 szobás: 634 ezer Ft,634.0,106.0,földszint,4.0,Budapest XII. kerület,Téglalakás,2025-09-05,rental,,,,,Nem adta meg a hirdető,1930,,,
https://www.zenga.hu/ingatlan/kiado-teglalakas-budapest-vi-kerulet/8644871?page=26&pos=15,Budapest VI. kerület kiadó téglalakás 4 szobás: 515 ezer Ft,515.0,85.0,földszint,4.0,"Budapest VI. kerület, Andrássy út",Téglalakás,2025-09-05,rental,4,Felújított,Gázkazán,,Nem adta meg a hirdető,,,,
https://www.zenga.hu/ingatlan/kiado-teglalakas-budapest-xiii-kerulet/8254182?page=26&pos=19,"Budapest XIII. kerület kiadó téglalakás 3 szobás: 1,19 millió Ft",1.19,105.0,4. emelet,3.0,Budapest XIII. kerület,Téglalakás,2025-09-05,rental,9,Újszerű,Házközponti fűtés egyedi méréssel,,Nem adta meg a hirdető,,,,
https://www.zenga.hu/ingatlan/kiado-teglalakas-budapest-ix-kerulet/8688307?page=26&pos=14,Budapest IX. kerület kiadó téglalakás 2 szobás: 450 ezer Ft,450.0,58.0,9. emelet,2.0,"Budapest IX. kerület, Vágóhíd utca",Téglalakás,2025-09-05,rental,10,Új építésű,Mennyezeti hűtés-fűtés,,,,,,
https://www.zenga.hu/ingatlan/kiado-teglalakas-budapest-xiii-kerulet/8690791?page=27&pos=13,Budapest XIII. kerület kiadó téglalakás 1 szobás: 250 ezer Ft,250.0,37.0,2. emelet,1.0,Budapest XIII. kerület,Téglalakás,2025-09-05,rental,,Felújított,Egyéb,,Nem adta meg a hirdető,1900,,,
https://www.zenga.hu/ingatlan/kiado-teglalakas-budapest-ii-kerulet/8394473?page=31&pos=1,Budapest II. kerület kiadó téglalakás 3 szobás: 593 ezer Ft,593.0,110.0,földszint,3.0,"Budapest II. kerület, Gárdonyi Géza út",Téglalakás,2025-09-05,rental,3,Jó állapotú,Gázkazán,,Nem adta meg a hirdető,,,,
https://www.zenga.hu/ingatlan/kiado-teglalakas-budapest-vii-kerulet/8653081?page=31&pos=2,Budapest VII. kerület kiadó téglalakás 2 szobás: 320 ezer Ft,320.0,86.0,3. emelet,2.0,"Budapest VII. kerület, István utca",Téglalakás,2025-09-05,rental,3,Felújított,Gázkazán,,Nem adta meg a hirdető,,,,
https://www.zenga.hu/ingatlan/kiado-teglalakas-budapest-vi-kerulet/7943283?page=31&pos=5,Budapest VI. kerület kiadó téglalakás 3 szobás: 990 ezer Ft,990.0,101.0,4. emelet,3.0,"Budapest VI. kerület, Andrássy út",Téglalakás,2025-09-05,rental,,Felújított,,,Nem adta meg a hirdető,,,,
https://www.zenga.hu/ingatlan/kiado-teglalakas-budapest-vi-kerulet/8683549?page=31&pos=9,Budapest VI. kerület kiadó téglalakás 1 szobás: 210 ezer Ft,210.0,30.0,földszint,1.0,"Budapest VI. kerület, Bajnok utca",Téglalakás,2025-09-05,rental,,Felújított,,,Nem adta meg a hirdető,,,,
https://www.zenga.hu/ingatlan/kiado-teglalakas-budapest-ii-kerulet-torokvesz/8342874?page=26&pos=10,"Budapest II. kerület kiadó téglalakás 6 szobás: 1,26 millió Ft",1.26,193.0,,,Budapest VI. kerület,Társasházi lakás,2025-09-05,rental,4,,,,,,,,
https://www.zenga.hu/ingatlan/kiado-panellakas-budapest-xiii-kerulet-ujlipotvaros/8689553?page=31&pos=4,Budapest XIII. kerület kiadó panellakás 2 szobás: 300 ezer Ft,300.0,49.0,9. emelet,2.0,"Budapest XIII. kerület, Újlipótváros, Kárpát utca",Panellakás,2025-09-05,rental,,Felújított,Távfűtés,,Nem adta meg a hirdető,,,,
https://www.zenga.hu/ingatlan/kiado-teglalakas-budapest-ii-kerulet/8661354?page=31&pos=18,Budapest II. kerület kiadó téglalakás 2 szobás: 230 ezer Ft,230.0,54.0,földszint,2.0,Budapest II. kerület,Téglalakás,2025-09-05,rental,2,Jó állapotú,Gáz (konvektor),,Nem adta meg a hirdető,1935,,,
https://www.zenga.hu/ingatlan/kiado-teglalakas-budapest-xi-kerulet-kelenfold/8680564?page=26&pos=9,Budapest XI. kerület kiadó téglalakás 2 szobás: 280 ezer Ft,280.0,53.0,,1.0,"Budapest XIII. kerület, Viza utca",Téglalakás,2025-09-05,rental,,,,,,,,,
https://www.zenga.hu/ingatlan/kiado-teglalakas-budapest-viii-kerulet/8675594?page=32&pos=2,Budapest VIII. kerület kiadó téglalakás 2+1 fél szobás: 395 ezer Ft,395.0,63.0,3. emelet,2.0,"Budapest VIII. kerület, Budapest VIII. kerület Dankó utca",Téglalakás,2025-09-05,rental,6,Új építésű,Házközponti,,Nem adta meg a hirdető,,,,
https://www.zenga.hu/ingatlan/kiado-teglalakas-budapest-v-kerulet/7939143?page=34&pos=2,"Budapest V. kerület kiadó téglalakás 4 szobás: 1,58 millió Ft",1.58,130.0,5. emelet,4.0,"Budapest V. kerület, Fehérhajó utca",Téglalakás,2025-09-05,rental,,Felújított,,,Nem adta meg a hirdető,,,,
https://www.zenga.hu/ingatlan/kiado-teglalakas-budapest-vi-kerulet/8658894?page=33&pos=6,Budapest VI. kerület kiadó téglalakás 2 szobás: 300 ezer Ft,300.0,54.0,2. emelet,2.0,Budapest VI. kerület,Téglalakás,2025-09-05,rental,,Felújított,Gázkazán,,Nem adta meg a hirdető,1887,,,
https://www.zenga.hu/ingatlan/kiado-teglalakas-budapest-ii-kerulet-huvosvolgy/8690386?page=32&pos=6,Budapest II. kerület kiadó téglalakás 2 szobás: 310 ezer Ft,310.0,65.0,3. emelet,2.0,"Budapest II. kerület, Hűvösvölgy, Retek utca",Téglalakás,2025-09-05,rental,3,Felújított,Egyéb,,C,,,,
https://www.zenga.hu/ingatlan/kiado-teglalakas-budapest-viii-kerulet-palotanegyed/8614160?page=34&pos=11,,,,,,,,2025-09-05,rental,,,,,,,,,
https://www.zenga.hu/ingatlan/kiado-teglalakas-budapest-vi-kerulet/8259678?page=33&pos=8,Budapest VI. kerület kiadó téglalakás 3+1 fél szobás: 720 ezer Ft,720.0,124.0,3. emelet,3.0,Budapest VI. kerület,Téglalakás,2025-09-05,rental,,Felújított,Gázkazán,,Nem adta meg a hirdető,1924,,Nincs,
https://www.zenga.hu/ingatlan/kiado-tarsashazi-lakas-budapest-vi-kerulet/8450640?page=30&pos=7,Budapest VI. kerület kiadó társasházi lakás 3 szobás: 990 ezer Ft,990.0,180.0,4. emelet,3.0,,Téglalakás,2025-09-05,rental,,Felújított,Gázkazán,6 m²,,1970,,,
https://www.zenga.hu/ingatlan/kiado-teglalakas-budapest-ii-kerulet-torokvesz/8589740?page=34&pos=13,Budapest II. kerület kiadó téglalakás 3 szobás: 614 ezer Ft,614.0,109.0,földszint,3.0,"Budapest II. kerület, Törökvész",Téglalakás,2025-09-05,rental,,Felújított,Gázkazán,,Nem adta meg a hirdető,1969,,,
https://www.zenga.hu/ingatlan/kiado-teglalakas-budapest-i-kerulet/8594181?page=32&pos=4,Budapest I. kerület kiadó téglalakás 4 szobás: 500 ezer Ft,500.0,70.0,3. emelet,4.0,Budapest I. kerület,Téglalakás,2025-09-05,rental,,Felújított,,,,,,,
https://www.zenga.hu/ingatlan/kiado-teglalakas-budapest-v-kerulet/8439623?page=36&pos=6,Budapest V. kerület kiadó téglalakás 1+1 fél szobás: 280 ezer Ft,280.0,50.0,1. emelet,1.0,Budapest V. kerület,Téglalakás,2025-09-05,rental,4,Felújított,Központi fűtés,,Nem adta meg a hirdető,,,,
https://www.zenga.hu/ingatlan/kiado-teglalakas-budapest-vi-kerulet/8625196?page=36&pos=7,"Budapest VI. kerület kiadó téglalakás 3 szobás: 1,4 millió Ft",1.4,97.0,1. emelet,3.0,"Budapest VI. kerület, Hősök tere",Téglalakás,2025-09-05,rental,4,,Gázkazán,,Nem adta meg a hirdető,,,,
https://www.zenga.hu/ingatlan/kiado-teglalakas-budapest-v-kerulet-belvaros/8584868?page=36&pos=8,Budapest V. kerület kiadó téglalakás 1+2 fél szobás: 400 ezer Ft,400.0,60.0,5. emelet,1.0,"Budapest V. kerület, Belváros",Téglalakás,2025-09-05,rental,,Felújított,Házközponti,,Nem adta meg a hirdető,1982,,Nincs,
https://www.zenga.hu/ingatlan/kiado-teglalakas-budapest-vii-kerulet-nagykoruton-beluli-terulet/8690385?page=36&pos=3,Budapest VII. kerület kiadó téglalakás 2 szobás,317.0,48.0,1. emelet,2.0,"Budapest VII. kerület, Belső-Erzsébetváros, Kazinczy utca",Téglalakás,2025-09-05,rental,4,Új építésű,,,,,,,
https://www.zenga.hu/ingatlan/kiado-teglalakas-budapest-vii-kerulet/8655816?page=36&pos=9,Budapest VII. kerület kiadó téglalakás 1 szobás: 240 ezer Ft,240.0,33.0,földszint,,,,2025-09-05,rental,,,,,,,,,
https://www.zenga.hu/ingatlan/kiado-egyeb-lakas-budapest-vi-kerulet/8679512?page=36&pos=1,Budapest VI. kerület kiadó egyéb lakás 3 szobás: 690 ezer Ft,690.0,71.0,1. emelet,3.0,"Budapest III. kerület, Mátyáshegy",Téglalakás,2025-09-05,rental,3,Újszerű,Távfűtés egyedi méréssel,,C,,,,
https://www.zenga.hu/ingatlan/kiado-teglalakas-budapest-v-kerulet-del-belvaros/8352165?page=36&pos=2,Budapest V. kerület kiadó téglalakás 3 szobás: 499 ezer Ft,,55.0,1. emelet,3.0,"Budapest V. kerület, Lipótváros",Téglalakás,2025-09-05,rental,,Jó állapotú,Gázkazán,,Nem adta meg a hirdető,1900,,,
https://www.zenga.hu/ingatlan/kiado-teglalakas-budapest-v-kerulet-lipotvaros/8688868?page=36&pos=13,Budapest V. kerület kiadó téglalakás 3 szobás: 375 ezer Ft,375.0,55.0,1. emelet,3.0,"Budapest V. kerület, Lipótváros",Téglalakás,2025-09-05,rental,,Jó állapotú,Gázkazán,,Nem adta meg a hirdető,1900,,,
https://www.zenga.hu/ingatlan/kiado-teglalakas-budapest-xi-kerulet-lagymanyos/8674295?page=38&pos=4,,,,,,,,2025-09-05,rental,,,,,,,,,
https://www.zenga.hu/ingatlan/kiado-teglalakas-budapest-ii-kerulet/8687189?page=39&pos=3,Budapest II. kerület kiadó téglalakás 3 szobás: 500 ezer Ft,500.0,105.0,1. emelet,3.0,"Budapest II. kerület, Kapy utca",Téglalakás,2025-09-05,rental,,Új építésű,,,Nem adta meg a hirdető,,,,
https://www.zenga.hu/ingatlan/kiado-teglalakas-budapest-vi-kerulet/8680989?page=39&pos=7,Budapest VI. kerület kiadó téglalakás 3 szobás: 400 ezer Ft,400.0,94.0,4. emelet,3.0,"Budapest VI. kerület, Budapest VI. kerület, Paulay Ede utca",Téglalakás,2025-09-05,rental,4,Felújított,Központi fűtés,,Nem adta meg a hirdető,,,,
https://www.zenga.hu/ingatlan/kiado-teglalakas-budapest-xxi-kerulet/8688749?page=40&pos=11,Budapest XXI. kerület kiadó téglalakás 1 szobás: 180 ezer Ft,180.0,24.0,1. emelet,1.0,"Budapest XXI. kerület, Szent István út",Téglalakás,2025-09-05,rental,3,Felújított,Gáz (konvektor),,Nem adta meg a hirdető,,,,
https://www.zenga.hu/ingatlan/kiado-teglalakas-budapest-iii-kerulet-obuda/8651470?page=39&pos=9,Budapest III. kerület kiadó téglalakás 1+2 fél szobás: 330 ezer Ft,330.0,76.0,1. emelet,1.0,"Budapest III. kerület, Óbuda",Téglalakás,2025-09-05,rental,,Jó állapotú,Gázkazán,4 m²,Nem adta meg a hirdető,2000,,Nincs,
https://www.zenga.hu/ingatlan/kiado-teglalakas-budapest-xxiii-kerulet-soroksar/8655709?page=39&pos=8,Budapest XXIII. kerület kiadó téglalakás 3 szobás: 600 ezer Ft,600.0,125.0,2. emelet,3.0,"Budapest XXIII. kerület, Soroksár",Téglalakás,2025-09-05,rental,,Jó állapotú,Gázkazán,5 m²,Nem adta meg a hirdető,1980,,,
https://www.zenga.hu/ingatlan/kiado-teglalakas-budapest-xi-kerulet-nadorkert/8682493?page=38&pos=3,,,,,,,,2025-09-05,rental,,,,,,,,,
https://www.zenga.hu/ingatlan/kiado-teglalakas-budapest-v-kerulet-lipotvaros/7670602?page=41&pos=1,Budapest V. kerület kiadó téglalakás 1 szobás,198.0,37.0,4. emelet,1.0,"Budapest V. kerület, Lipótváros, Bajcsy-Zsilinszky út",Téglalakás,2025-09-05,rental,4,Újszerű,Távfűtés,,A,,,,
https://www.zenga.hu/ingatlan/kiado-teglalakas-budapest-vi-kerulet/8688738?page=41&pos=6,Budapest VI. kerület kiadó téglalakás 3 szobás: 395 ezer Ft,395.0,116.0,3. emelet,3.0,"Budapest VI. kerület, Bajcsy-Zsilinszky út",Téglalakás,2025-09-05,rental,7,Jó állapotú,Egyéb,,Nem adta meg a hirdető,,,,
https://www.zenga.hu/ingatlan/kiado-teglalakas-budapest-v-kerulet-belvaros/7703501?page=41&pos=7,Budapest V. kerület kiadó téglalakás 4 szobás: 500 ezer Ft,500.0,110.0,2. emelet,4.0,"Budapest V. kerület, Belváros",Téglalakás,2025-09-05,rental,,,Gáz (konvektor),,Nem adta meg a hirdető,1880,,,
https://www.zenga.hu/ingatlan/kiado-teglalakas-budapest-v-kerulet/8621549?page=42&pos=16,Budapest V. kerület kiadó téglalakás 2+1 fél szobás: 350 ezer Ft,350.0,53.0,földszint,2.0,Budapest V. kerület,Téglalakás,2025-09-05,rental,,Felújított,Házközponti,,Nem adta meg a hirdető,1960,,,
https://www.zenga.hu/ingatlan/kiado-teglalakas-budapest-vi-kerulet/8622215?page=41&pos=9,Budapest VI. kerület kiadó téglalakás 2 szobás: 300 ezer Ft,300.0,54.0,2. emelet,2.0,"Budapest VI. kerület, Teréz körút",Téglalakás,2025-09-05,rental,3,Újszerű,Gázkazán,,Nem adta meg a hirdető,1887,,,
https://www.zenga.hu/ingatlan/kiado-teglalakas-budapest-vii-kerulet/8688745?page=43&pos=3,Budapest VII. kerület kiadó téglalakás 2 szobás: 350 ezer Ft,350.0,64.0,6. emelet,2.0,"Budapest VII. kerület, Damjanich utca",Téglalakás,2025-09-05,rental,6,Felújított,Gáz (konvektor),,B,,,,
https://www.zenga.hu/ingatlan/kiado-teglalakas-budapest-xiii-kerulet-ujlipotvaros/8625799?page=44&pos=7,Budapest XIII. kerület kiadó téglalakás 3 szobás: 450 ezer Ft,450.0,98.0,10 felett,3.0,"Budapest XIII. kerület, Újlipótváros, Pest XIII.ker Újlipótváros",Téglalakás,2025-09-05,rental,1,Felújított,Gázkazán,,Nem adta meg a hirdető,1914,,,
https://www.zenga.hu/ingatlan/kiado-teglalakas-budapest-viii-kerulet/8688748?page=44&pos=3,Budapest VIII. kerület kiadó téglalakás 1 szobás: 295 ezer Ft,295.0,43.0,2. emelet,1.0,"Budapest VIII. kerület, Bródy Sándor utca",Téglalakás,2025-09-05,rental,5,Felújított,Elektromos,,Nem adta meg a hirdető,,,,
https://www.zenga.hu/ingatlan/kiado-teglalakas-budapest-vi-kerulet/8688761?page=40&pos=14,,240.0,38.0,5. emelet,1.0,"Budapest VI. kerület, Király utca",Téglalakás,2025-09-05,rental,7,Új építésű,Házközponti fűtés egyedi méréssel,,C,,,,
https://www.zenga.hu/ingatlan/kiado-teglalakas-budapest-vi-kerulet/8688742?page=44&pos=5,Budapest VI. kerület kiadó téglalakás 1 szobás: 240 ezer Ft,240.0,38.0,5. emelet,1.0,"Budapest VI. kerület, Király utca",Téglalakás,2025-09-05,rental,7,Új építésű,Házközponti fűtés egyedi méréssel,,,,,,
https://www.zenga.hu/ingatlan/kiado-teglalakas-budapest-vi-kerulet/7541000?page=44&pos=8,"Budapest VI. kerület kiadó téglalakás 3 szobás: 1,23 millió Ft",1.23,145.0,3. emelet,3.0,"Budapest VI. kerület, Andrássy út",Téglalakás,2025-09-05,rental,3,Új építésű,Egyéb,,B,,,,
https://www.zenga.hu/ingatlan/kiado-teglalakas-budapest-ix-kerulet/8662755?page=44&pos=12,"Budapest IX. kerület kiadó téglalakás 3+3 fél szobás: 1,34 millió Ft",1.34,168.0,2. emelet,3.0,"Budapest IX. kerület, Boráros tér",Téglalakás,2025-09-05,rental,8,Új építésű,Házközponti fűtés egyedi méréssel,,Nem adta meg a hirdető,,,,
https://www.zenga.hu/ingatlan/kiado-teglalakas-budapest-viii-kerulet/8686160?page=44&pos=19,Budapest VIII. kerület kiadó téglalakás 3 szobás: 300 ezer Ft,300.0,90.0,1. emelet,3.0,"Budapest VIII. kerület, Üllői út",Téglalakás,2025-09-05,rental,5,Újszerű,Távfűtés,,Nem adta meg a hirdető,,,,
https://www.zenga.hu/ingatlan/kiado-teglalakas-budapest-ix-kerulet-belso-ferencvaros/8687186?page=44&pos=20,Budapest IX. kerület kiadó téglalakás 1 szobás: 189 ezer Ft,189.0,20.0,2. emelet,1.0,"Budapest IX. kerület, Belső Ferencváros, Bakáts tér",Téglalakás,2025-09-05,rental,5,Felújított,Egyéb,,Nem adta meg a hirdető,,,,
https://www.zenga.hu/ingatlan/kiado-teglalakas-budapest-i-kerulet-krisztinavaros-i-ker/8450690?page=44&pos=15,Budapest I. kerület kiadó téglalakás 3 szobás: 450 ezer Ft,450.0,94.0,10 felett,3.0,"Budapest I. kerület, Krisztinaváros I. ker., Buda I. ker. Vérmező",Téglalakás,2025-09-05,rental,1,Felújított,,,,,,,
https://www.zenga.hu/ingatlan/kiado-teglalakas-budapest-xi-kerulet-kelenfold/8669818?page=45&pos=2,Budapest XI. kerület kiadó téglalakás 2 szobás: 200 ezer Ft,200.0,45.0,földszint,2.0,"Budapest XI. kerület, Kelenföld",Téglalakás,2025-09-05,rental,,,Gáz (konvektor),"0,5 m²",Nem adta meg a hirdető,1960,,,
https://www.zenga.hu/ingatlan/kiado-teglalakas-budapest-xiii-kerulet/8517432?page=45&pos=7,Budapest XIII. kerület kiadó téglalakás 2 szobás: 300 ezer Ft,300.0,45.0,1. emelet,2.0,Budapest XIII. kerület,Téglalakás,2025-09-05,rental,8,Új építésű,Gázkazán,,A,,,,
https://www.zenga.hu/ingatlan/kiado-teglalakas-budapest-i-kerulet/8688005?page=45&pos=4,Budapest I. kerület kiadó téglalakás 2 szobás: 245 ezer Ft,245.0,47.0,5. emelet,2.0,"Budapest I. kerület, Attila út",Téglalakás,2025-09-05,rental,7,Felújított,Gáz (konvektor),,A,,,,
https://www.zenga.hu/ingatlan/kiado-teglalakas-budapest-ix-kerulet/8667249?page=45&pos=8,Budapest IX. kerület kiadó téglalakás 1 szobás: 220 ezer Ft,220.0,30.0,2. emelet,1.0,"Budapest IX. kerület, Erkel utca",Téglalakás,2025-09-05,rental,5,Újszerű,Házközponti,,Nem adta meg a hirdető,,,,
https://www.zenga.hu/ingatlan/kiado-teglalakas-budapest-v-kerulet-lipotvaros/8682735?page=45&pos=9,Budapest V. kerület kiadó téglalakás 1 szobás: 210 ezer Ft,210.0,38.0,3. emelet,1.0,"Budapest V. kerület, Lipótváros, Nádor utca",Téglalakás,2025-09-05,rental,3,Újszerű,Gáz (konvektor),,E,,,,
https://www.zenga.hu/ingatlan/kiado-teglalakas-budapest-xii-kerulet-viranyos/8688486?page=45&pos=1,Budapest XII. kerület kiadó téglalakás 1+1 fél szobás: 247 ezer Ft,247.0,60.0,1. emelet,1.0,"Budapest XII. kerület, Virányos",,2025-09-05,rental,,,,,,,,,
https://www.zenga.hu/ingatlan/kiado-egyeb-lakas-budapest-x-kerulet/8686615?page=45&pos=17,Budapest X. kerület kiadó egyéb lakás 2 szobás: 250 ezer Ft,250.0,54.0,1. emelet,2.0,,,2025-09-05,rental,,,,,,,,,
https://www.zenga.hu/ingatlan/kiado-teglalakas-budapest-i-kerulet/8687132?page=45&pos=18,Budapest I. kerület kiadó téglalakás 2 szobás: 260 ezer Ft,260.0,44.0,3. emelet,2.0,"Budapest I. kerület, Hunyadi János út",Téglalakás,2025-09-05,rental,3,Újszerű,Gáz (konvektor),,A++,,,,
https://www.zenga.hu/ingatlan/kiado-teglalakas-budapest-vii-kerulet/8682179?page=45&pos=19,Budapest VII. kerület kiadó téglalakás 1 szobás: 155 ezer Ft,155.0,30.0,szuterén,1.0,"Budapest VII. kerület, Garay",Téglalakás,2025-09-05,rental,1,Felújítandó,Egyéb,,Nem adta meg a hirdető,,,,
https://www.zenga.hu/ingatlan/kiado-teglalakas-budapest-ix-kerulet-belso-ferencvaros/8684716?page=46&pos=5,Budapest IX. kerület kiadó téglalakás 2 szobás: 180 ezer Ft,180.0,36.0,1. emelet,2.0,"Budapest IX. kerület, Belső Ferencváros",Téglalakás,2025-09-05,rental,,,Gáz (konvektor),,Nem adta meg a hirdető,1910,,,
https://www.zenga.hu/ingatlan/kiado-teglalakas-budapest-ii-kerulet/8675706?page=46&pos=4,"Budapest II. kerület kiadó téglalakás 3 szobás: 1,11 millió Ft",1.11,140.0,tetőtér,3.0,"Budapest II. kerület, Szeréna út",Téglalakás,2025-09-05,rental,2,Újszerű,Gázkazán,87 m²,Nem adta meg a hirdető,2002,,,
https://www.zenga.hu/ingatlan/kiado-teglalakas-budapest-xiii-kerulet-vizafogo/8686841?page=46&pos=1,Budapest XIII. kerület kiadó téglalakás 2 szobás: 310 ezer Ft,310.0,48.0,7. emelet,2.0,"Budapest XIII. kerület, Vizafogó, Úszódaru utca",Téglalakás,2025-09-05,rental,8,Újszerű,Házközponti fűtés egyedi méréssel,6 m²,Nem adta meg a hirdető,2022,,,
https://www.zenga.hu/ingatlan/kiado-teglalakas-budapest-x-kerulet/8680676?page=46&pos=3,Budapest X. kerület kiadó téglalakás 3 szobás: 380 ezer Ft,380.0,66.0,2. emelet,3.0,"Budapest X. kerület, Kismartoni út",Téglalakás,2025-09-05,rental,2,Újszerű,Egyéb,,Nem adta meg a hirdető,,,,
https://www.zenga.hu/ingatlan/kiado-teglalakas-budapest-xii-kerulet/8679862?page=45&pos=3,,270.0,77.0,1. emelet,2.0,"Budapest XIII. kerület, Lehel utca",Társasházi lakás,2025-09-05,rental,,Átlagos,Gáz (konvektor),,,,,,
https://www.zenga.hu/ingatlan/kiado-tarsashazi-lakas-budapest-xiii-kerulet/8507605?page=45&pos=16,Budapest XIII. kerület kiadó társasházi lakás 2 szobás: 270 ezer Ft,270.0,77.0,1. emelet,2.0,"Budapest XIII. kerület, Lehel utca",Társasházi lakás,2025-09-05,rental,,Átlagos,,,,,,,
https://www.zenga.hu/ingatlan/kiado-teglalakas-budapest-viii-kerulet/8664115?page=46&pos=6,Budapest VIII. kerület kiadó téglalakás 2+1 fél szobás: 395 ezer Ft,395.0,63.0,3. emelet,2.0,"Budapest VIII. kerület, Dankó utca",Téglalakás,2025-09-05,rental,8,Új építésű,Házközponti fűtés egyedi méréssel,,Nem adta meg a hirdető,,,,
https://www.zenga.hu/ingatlan/kiado-teglalakas-budapest-viii-kerulet/8619556?page=46&pos=7,Budapest VIII. kerület kiadó téglalakás 2 szobás: 280 ezer Ft,280.0,41.0,földszint,2.0,Budapest VIII. kerület,Téglalakás,2025-09-05,rental,6,Új építésű,Hőszivattyú,"4,3 m²",Nem adta meg a hirdető,2025,,,
https://www.zenga.hu/ingatlan/kiado-teglalakas-budapest-ii-kerulet/8551252?page=46&pos=8,Budapest II. kerület kiadó téglalakás 3 szobás: 620 ezer Ft,620.0,103.0,1. emelet,3.0,Budapest II. kerület,Téglalakás,2025-09-05,rental,3,Újszerű,Gázkazán,8 m²,Nem adta meg a hirdető,1998,,,
https://www.zenga.hu/ingatlan/kiado-teglalakas-budapest-xi-kerulet/8665800?page=46&pos=12,Budapest XI. kerület kiadó téglalakás 2 szobás: 300 ezer Ft,300.0,65.0,2. emelet,2.0,"Budapest XI. kerület, Ménesi út",Téglalakás,2025-09-05,rental,2,Felújított,Házközponti fűtés egyedi méréssel,,Nem adta meg a hirdető,,,,
https://www.zenga.hu/ingatlan/kiado-teglalakas-budapest-xiii-kerulet/8686941?page=46&pos=14,Budapest XIII. kerület kiadó téglalakás 1 szobás: 150 ezer Ft,150.0,18.0,,1.0,Budapest XIII. kerület,Téglalakás,2025-09-05,rental,,Újszerű,Elektromos,,Nem adta meg a hirdető,1980,,,
https://www.zenga.hu/ingatlan/kiado-tarsashazi-lakas-budapest-xiv-kerulet/8648558?page=46&pos=18,Budapest XIV. kerület kiadó társasházi lakás 2+1 fél szobás: 250 ezer Ft,250.0,80.0,1. emelet,2.0,"Budapest XIV. kerület, Öv utca",Társasházi lakás,2025-09-05,rental,,Átlagos,Házközponti,,Nem adta meg a hirdető,1980,,Nincs,
https://www.zenga.hu/ingatlan/kiado-teglalakas-budapest-xiii-kerulet/8683585?page=47&pos=5,Budapest XIII. kerület kiadó téglalakás 2 szobás: 240 ezer Ft,240.0,56.0,3. emelet,2.0,"Budapest XIII. kerület, Visegrádi utca",Téglalakás,2025-09-05,rental,1,Jó állapotú,Egyéb,,Nem adta meg a hirdető,,,,
https://www.zenga.hu/ingatlan/kiado-teglalakas-budapest-viii-kerulet/8608165?page=48&pos=5,Budapest VIII. kerület kiadó téglalakás 2 szobás: 280 ezer Ft,280.0,41.0,földszint,2.0,Budapest VIII. kerület,Téglalakás,2025-09-05,rental,6,Új építésű,Hőszivattyú,"4,3 m²",Nem adta meg a hirdető,2025,,,
https://www.zenga.hu/ingatlan/kiado-panellakas-budapest-ii-kerulet-zoldmal/8583092?page=46&pos=10,Budapest II. kerület kiadó panellakás 3 szobás: 350 ezer Ft,350.0,60.0,3. emelet,3.0,"Budapest XIII. kerület, Marina Part",Társasházi lakás,2025-09-05,rental,,Újszerű,Egyéb,,Nem adta meg a hirdető,,,Nincs,
https://www.zenga.hu/ingatlan/kiado-tarsashazi-lakas-budapest-xiii-kerulet/8676653?page=48&pos=14,Budapest XIII. kerület kiadó társasházi lakás 3 szobás: 594 ezer Ft,594.0,60.0,9. emelet,3.0,"Budapest XIII. kerület, Marina Part",Társasházi lakás,2025-09-05,rental,,Újszerű,Egyéb,,Nem adta meg a hirdető,,,Nincs,
https://www.zenga.hu/ingatlan/kiado-teglalakas-budapest-v-kerulet-belvaros/8434626?page=48&pos=13,Budapest V. kerület kiadó téglalakás 3+1 fél szobás: 890 ezer Ft,890.0,90.0,4. emelet,3.0,"Budapest V. kerület, Belváros",Téglalakás,2025-09-05,rental,4,Jó állapotú,Házközponti,5 m²,Nem adta meg a hirdető,,,,
https://www.zenga.hu/ingatlan/kiado-teglalakas-budapest-xi-kerulet/8683584?page=48&pos=15,Budapest XI. kerület kiadó téglalakás 1+1 fél szobás: 259 ezer Ft,259.0,42.0,2. emelet,1.0,Budapest XI. kerület,Téglalakás,2025-09-05,rental,1,Felújított,Egyéb,,Nem adta meg a hirdető,,,,
https://www.zenga.hu/ingatlan/kiado-teglalakas-budapest-vii-kerulet/8651536?page=48&pos=16,Budapest VII. kerület kiadó téglalakás 1 szobás: 220 ezer Ft,220.0,34.0,3. emelet,1.0,"Budapest VII. kerület, Wesselényi utca",Téglalakás,2025-09-05,rental,1,Felújított,Elektromos,,Nem adta meg a hirdető,,,,
https://www.zenga.hu/ingatlan/kiado-teglalakas-budapest-vii-kerulet/8586202?page=46&pos=16,Budapest VII. kerület kiadó téglalakás: 400 ezer Ft,400.0,95.0,,,Budapest VIII. kerület,Téglalakás,2025-09-05,rental,6,Új építésű,Hőszivattyú,"3,1 m²",Nem adta meg a hirdető,2025,,,
https://www.zenga.hu/ingatlan/kiado-teglalakas-budapest-viii-kerulet/8607140?page=48&pos=17,Budapest VIII. kerület kiadó téglalakás 1 szobás: 220 ezer Ft,220.0,26.0,2. emelet,1.0,Budapest VIII. kerület,Téglalakás,2025-09-05,rental,6,Új építésű,Hőszivattyú,"3,1 m²",Nem adta meg a hirdető,2025,,,
https://www.zenga.hu/ingatlan/kiado-teglalakas-budapest-ii-kerulet/8604958?page=51&pos=13,Budapest II. kerület kiadó téglalakás 1 szobás: 225 ezer Ft,225.0,35.0,3. emelet,1.0,Budapest II. kerület,Téglalakás,2025-09-05,rental,,Jó állapotú,Távfűtés egyedi méréssel,,Nem adta meg a hirdető,1975,,,
https://www.zenga.hu/ingatlan/kiado-teglalakas-budapest-ii-kerulet-szepilona/8684028?page=48&pos=18,,,,,,,,2025-09-05,rental,,,,,,,,,
https://www.zenga.hu/ingatlan/kiado-teglalakas-budapest-viii-kerulet/8619556?page=51&pos=12,Budapest VIII. kerület kiadó téglalakás 2 szobás: 280 ezer Ft,280.0,41.0,földszint,2.0,Budapest VIII. kerület,Téglalakás,2025-09-05,rental,6,Új építésű,Hőszivattyú,"4,3 m²",Nem adta meg a hirdető,2025,,,
https://www.zenga.hu/ingatlan/kiado-teglalakas-budapest-viii-kerulet/8664115?page=51&pos=3,,,,,,,,2025-09-05,rental,,,,,,,,,
https://www.zenga.hu/ingatlan/kiado-teglalakas-budapest-vi-kerulet/8589225?page=51&pos=15,Budapest VI. kerület kiadó téglalakás 4 szobás: 751 ezer Ft,751.0,189.0,1. emelet,4.0,"Budapest VI. kerület, Szív utca",Téglalakás,2025-09-05,rental,5,Jó állapotú,Gázkazán,,Nem adta meg a hirdető,1934,,,
https://www.zenga.hu/ingatlan/kiado-teglalakas-budapest-viii-kerulet/8619543?page=51&pos=8,Budapest VIII. kerület kiadó téglalakás 1 szobás: 220 ezer Ft,,,,,,,2025-09-05,rental,,,,,,,,,
https://www.zenga.hu/ingatlan/kiado-teglalakas-budapest-vii-kerulet/8073279?page=51&pos=10,,,,,,,,2025-09-05,rental,,,,,,,,,
https://www.zenga.hu/ingatlan/kiado-teglalakas-budapest-viii-kerulet/8614357?page=51&pos=14,Budapest VIII. kerület kiadó téglalakás 1 szobás: 220 ezer Ft,220.0,26.0,földszint,1.0,Budapest VIII. kerület,Téglalakás,2025-09-05,rental,6,Új építésű,Hőszivattyú,"4,3 m²",Nem adta meg a hirdető,2025,,,
https://www.zenga.hu/ingatlan/kiado-teglalakas-budapest-xvi-kerulet-matyasfold/8621047?page=51&pos=9,Budapest XVI. kerület kiadó téglalakás 3 szobás: 792 ezer Ft,792.0,78.0,2. emelet,3.0,"Budapest XVI. kerület, Mátyásföld",Téglalakás,2025-09-05,rental,,Új építésű,Hőszivattyú,,,,,,
https://www.zenga.hu/ingatlan/kiado-teglalakas-budapest-i-kerulet/7642940?page=51&pos=1,,,,,,,,2025-09-05,rental,,,,,,,,,
https://www.zenga.hu/ingatlan/kiado-teglalakas-budapest-v-kerulet-belvaros/8637464?page=51&pos=7,Budapest V. kerület kiadó téglalakás 2 szobás: 399 ezer Ft,399.0,75.0,4. emelet,2.0,"Budapest V. kerület, Belváros",Téglalakás,2025-09-05,rental,4,Újszerű,Házközponti,,Nem adta meg a hirdető,,,,
https://www.zenga.hu/ingatlan/kiado-teglalakas-budapest-x-kerulet/8680676?page=51&pos=5,,,,,,,,2025-09-05,rental,,,,,,,,,
https://www.zenga.hu/ingatlan/kiado-teglalakas-budapest-viii-kerulet/8607140?page=51&pos=18,Budapest VIII. kerület kiadó téglalakás 1 szobás: 220 ezer Ft,220.0,26.0,2. emelet,1.0,Budapest VIII. kerület,Téglalakás,2025-09-05,rental,6,Új építésű,Hőszivattyú,"3,1 m²",Nem adta meg a hirdető,2025,,,
https://www.zenga.hu/ingatlan/kiado-teglalakas-budapest-xiii-kerulet/8629500?page=51&pos=20,Budapest XIII. kerület kiadó téglalakás 1 szobás: 250 ezer Ft,250.0,31.0,8. emelet,1.0,"Budapest XIII. kerület, Cserhalom utca",Téglalakás,2025-09-05,rental,8,Új építésű,Fan coil,10 m²,Nem adta meg a hirdető,,,,
https://www.zenga.hu/ingatlan/kiado-teglalakas-budapest-vii-kerulet/8651536?page=52&pos=2,Budapest VII. kerület kiadó téglalakás 1 szobás: 220 ezer Ft,220.0,34.0,3. emelet,1.0,"Budapest VII. kerület, Wesselényi utca",Téglalakás,2025-09-05,rental,1,Felújított,Elektromos,,Nem adta meg a hirdető,,,,
https://www.zenga.hu/ingatlan/kiado-teglalakas-budapest-xiv-kerulet/8671923?page=52&pos=1,Budapest XIV. kerület kiadó téglalakás 1+2 fél szobás: 390 ezer Ft,390.0,75.0,2. emelet,1.0,"Budapest XIV. kerület, Kerékgyártó utca",Téglalakás,2025-09-05,rental,1,Új építésű,Egyéb,,Nem adta meg a hirdető,,,,
https://www.zenga.hu/ingatlan/kiado-teglalakas-budapest-vii-kerulet/8682178?page=52&pos=3,Budapest VII. kerület kiadó téglalakás 1 szobás: 170 ezer Ft,170.0,30.0,1. emelet,1.0,"Budapest VII. kerület, Garay",Téglalakás,2025-09-05,rental,1,Felújított,Egyéb,,Nem adta meg a hirdető,,,,
https://www.zenga.hu/ingatlan/kiado-tarsashazi-lakas-budapest-iii-kerulet/8645257?page=52&pos=4,Budapest III. kerület kiadó társasházi lakás 3 szobás: 645 ezer Ft,645.0,86.0,1. emelet,3.0,"Budapest III. kerület, Turbolya köz",Társasházi lakás,2025-09-05,rental,,Újszerű,Egyéb,,A,2023,,Nincs,
https://www.zenga.hu/ingatlan/kiado-teglalakas-budapest-viii-kerulet/8607153?page=51&pos=17,Budapest VIII. kerület kiadó téglalakás 1 szobás: 220 ezer Ft,220.0,26.0,3. emelet,1.0,Budapest VIII. kerület,Téglalakás,2025-09-05,rental,6,Új építésű,Hőszivattyú,,,2025,,,
https://www.zenga.hu/ingatlan/kiado-teglalakas-budapest-xi-kerulet-albertfalva/8669791?page=51&pos=16,,259.0,42.0,2. emelet,1.0,Budapest XI. kerület,Téglalakás,2025-09-05,rental,1,Felújított,Egyéb,,Nem adta meg a hirdető,,,,
https://www.zenga.hu/ingatlan/kiado-teglalakas-budapest-xi-kerulet/8683584?page=52&pos=5,Budapest XI. kerület kiadó téglalakás 1+1 fél szobás: 259 ezer Ft,259.0,42.0,2. emelet,1.0,Budapest XI. kerület,Téglalakás,2025-09-05,rental,1,Felújított,Egyéb,,Nem adta meg a hirdető,,,,
https://www.zenga.hu/ingatlan/kiado-teglalakas-budapest-viii-kerulet/8619559?page=52&pos=6,Budapest VIII. kerület kiadó téglalakás 2 szobás: 320 ezer Ft,320.0,50.0,földszint,2.0,Budapest VIII. kerület,Téglalakás,2025-09-05,rental,6,Új építésű,Hőszivattyú,8 m²,Nem adta meg a hirdető,2025,,,
https://www.zenga.hu/ingatlan/kiado-teglalakas-budapest-viii-kerulet/8607138?page=52&pos=8,Budapest VIII. kerület kiadó téglalakás 1 szobás: 220 ezer Ft,220.0,26.0,földszint,1.0,Budapest VIII. kerület,Téglalakás,2025-09-05,rental,6,Új építésű,Hőszivattyú,"4,3 m²",Nem adta meg a hirdető,2025,,,
https://www.zenga.hu/ingatlan/kiado-teglalakas-budapest-xiv-kerulet/8647470?page=52&pos=10,Budapest XIV. kerület kiadó téglalakás 1 szobás: 280 ezer Ft,280.0,35.0,2. emelet,1.0,"Budapest XIV. kerület, Thököly út",Téglalakás,2025-09-05,rental,4,Újszerű,Távfűtés,,Nem adta meg a hirdető,1907,,,
https://www.zenga.hu/ingatlan/kiado-teglalakas-budapest-vi-kerulet/8679740?page=52&pos=9,Budapest VI. kerület kiadó téglalakás 2 szobás: 440 ezer Ft,440.0,57.0,4. emelet,2.0,"Budapest VI. kerület, Izabella utca",Téglalakás,2025-09-05,rental,4,Újszerű,Házközponti,"9,8 m²",Nem adta meg a hirdető,1910,,,
https://www.zenga.hu/ingatlan/kiado-teglalakas-budapest-xiii-kerulet/8676569?page=52&pos=7,Budapest XIII. kerület kiadó téglalakás 2 szobás: 300 ezer Ft,300.0,43.0,6. emelet,2.0,Budapest XIII. kerület,Téglalakás,2025-09-05,rental,,,Házközponti fűtés egyedi méréssel,,,,,,
https://www.zenga.hu/ingatlan/kiado-teglalakas-budapest-xii-kerulet/8602059?page=52&pos=12,Budapest XII. kerület kiadó téglalakás 2 szobás: 574 ezer Ft,574.0,68.0,1. emelet,2.0,Budapest XII. kerület,Téglalakás,2025-09-05,rental,,Felújított,Gázkazán,,,2000,,,
https://www.zenga.hu/ingatlan/kiado-teglalakas-budapest-ix-kerulet/8681169?page=52&pos=14,Budapest IX. kerület kiadó téglalakás 1 szobás: 189 ezer Ft,189.0,20.0,2. emelet,1.0,"Budapest IX. kerület, Bakáts tér",Téglalakás,2025-09-05,rental,5,Felújított,Egyéb,,Nem adta meg a hirdető,,,,
https://www.zenga.hu/ingatlan/kiado-teglalakas-budapest-vi-kerulet/8505978?page=52&pos=16,Budapest VI. kerület kiadó téglalakás 2+1 fél szobás: 380 ezer Ft,380.0,90.0,3. emelet,2.0,"Budapest VI. kerület, Jókai tér 8",Téglalakás,2025-09-05,rental,5,Jó állapotú,Gázkazán,,Nem adta meg a hirdető,,,,
https://www.zenga.hu/ingatlan/kiado-teglalakas-budapest-xiii-kerulet-ujlipotvaros/8665493?page=52&pos=17,Budapest XIII. kerület kiadó téglalakás 1+1 fél szobás: 295 ezer Ft,295.0,35.0,6. emelet,1.0,"Budapest XIII. kerület, Újlipótváros, Hegedűs Gyula utca 13",Téglalakás,2025-09-05,rental,6,Felújított,Távfűtés,8 m²,Nem adta meg a hirdető,1867,,,
https://www.zenga.hu/ingatlan/kiado-teglalakas-budapest-xiv-kerulet-kiszuglo/8686843?page=52&pos=18,Budapest XIV. kerület kiadó téglalakás 1+1 fél szobás: 210 ezer Ft,210.0,34.0,félemelet,1.0,"Budapest XIV. kerület, Kiszugló, Angol utca",Téglalakás,2025-09-05,rental,5,Felújított,Gázkazán,,Nem adta meg a hirdető,,,,
https://www.zenga.hu/ingatlan/kiado-teglalakas-budapest-xi-kerulet/8644805?page=52&pos=11,Budapest XI. kerület kiadó téglalakás 1 szobás: 200 ezer Ft,200.0,29.0,2. emelet,1.0,Budapest XI. kerület,,2025-09-05,rental,,,,,,,,,
https://www.zenga.hu/ingatlan/kiado-teglalakas-budapest-ix-kerulet-belso-ferencvaros/8684716?page=52&pos=19,Budapest IX. kerület kiadó téglalakás 2 szobás: 180 ezer Ft,180.0,36.0,1. emelet,2.0,"Budapest IX. kerület, Belső Ferencváros",Téglalakás,2025-09-05,rental,,,Gáz (konvektor),,Nem adta meg a hirdető,1910,,,
https://www.zenga.hu/ingatlan/kiado-tarsashazi-lakas-budapest-viii-kerulet/8638221?page=52&pos=20,Budapest VIII. kerület kiadó társasházi lakás 2 szobás: 240 ezer Ft,240.0,55.0,földszint,2.0,"Budapest VIII. kerület, Hungária körút",Társasházi lakás,2025-09-05,rental,,Újszerű,Egyéb,,Nem adta meg a hirdető,,,Nincs,
https://www.zenga.hu/ingatlan/kiado-egyeb-lakas-budapest-x-kerulet/8686615?page=53&pos=2,Budapest X. kerület kiadó egyéb lakás 2 szobás: 250 ezer Ft,250.0,54.0,1. emelet,2.0,Budapest X. kerület,Egyéb lakás,2025-09-05,rental,,Felújított,,,Nem adta meg a hirdető,1970,,,
https://www.zenga.hu/ingatlan/kiado-teglalakas-budapest-v-kerulet/8549118?page=53&pos=5,Budapest V. kerület kiadó téglalakás 3 szobás: 500 ezer Ft,500.0,81.0,3. emelet,3.0,"Budapest V. kerület, Só utca 8",Téglalakás,2025-09-05,rental,3,Felújított,Gázkazán,,Nem adta meg a hirdető,,,,
https://www.zenga.hu/ingatlan/kiado-tarsashazi-lakas-budapest-xiii-kerulet/8666717?page=53&pos=1,Budapest XIII. kerület kiadó társasházi lakás 1+2 fél szobás: 300 ezer Ft,300.0,57.0,földszint,1.0,"Budapest XIII. kerület, Pannónia utca",Társasházi lakás,2025-09-05,rental,,Átlagos,Távfűtés egyedi méréssel,,Nem adta meg a hirdető,,,,
https://www.zenga.hu/ingatlan/kiado-teglalakas-budapest-v-kerulet/8584985?page=53&pos=4,Budapest V. kerület kiadó téglalakás 2 szobás: 296 ezer Ft,296.0,60.0,3. emelet,2.0,Budapest V. kerület,Téglalakás,2025-09-05,rental,5,Jó állapotú,Gázkazán,,Nem adta meg a hirdető,1934,,,
https://www.zenga.hu/ingatlan/kiado-teglalakas-budapest-i-kerulet/8687132?page=53&pos=7,Budapest I. kerület kiadó téglalakás 2 szobás: 260 ezer Ft,260.0,44.0,3. emelet,2.0,"Budapest I. kerület, Hunyadi János út",Téglalakás,2025-09-05,rental,3,Újszerű,Gáz (konvektor),,A++,,,,
https://www.zenga.hu/ingatlan/kiado-tarsashazi-lakas-budapest-xiv-kerulet/8648558?page=53&pos=6,Budapest XIV. kerület kiadó társasházi lakás 2+1 fél szobás: 250 ezer Ft,250.0,80.0,1. emelet,2.0,"Budapest XIV. kerület, Öv utca",,2025-09-05,rental,,,,,,,,,
https://www.zenga.hu/ingatlan/kiado-teglalakas-budapest-v-kerulet-belvaros/8434626?page=53&pos=10,Budapest V. kerület kiadó téglalakás 3+1 fél szobás: 890 ezer Ft,890.0,90.0,4. emelet,3.0,"Budapest V. kerület, Belváros",Téglalakás,2025-09-05,rental,4,Jó állapotú,Házközponti,5 m²,Nem adta meg a hirdető,,,,
https://www.zenga.hu/ingatlan/kiado-teglalakas-budapest-xiii-kerulet/8653412?page=53&pos=13,Budapest XIII. kerület kiadó téglalakás 1 szobás: 180 ezer Ft,180.0,31.0,földszint,1.0,"Budapest XIII. kerület, Karikás Frigyes utca",Téglalakás,2025-09-05,rental,,,Távfűtés egyedi méréssel,,Nem adta meg a hirdető,1963,,,
https://www.zenga.hu/ingatlan/kiado-teglalakas-budapest-xiii-kerulet/8667205?page=53&pos=14,Budapest XIII. kerület kiadó téglalakás 1+1 fél szobás: 275 ezer Ft,275.0,45.0,4. emelet,1.0,"Budapest XIII. kerület, Meder utca",Téglalakás,2025-09-05,rental,9,Felújított,Távfűtés egyedi méréssel,,Nem adta meg a hirdető,,,,
https://www.zenga.hu/ingatlan/kiado-teglalakas-budapest-xiii-kerulet-vizafogo/8687022?page=53&pos=3,Budapest XIII. kerület kiadó téglalakás 1 szobás: 195 ezer Ft,195.0,42.0,,,"Budapest XIV. kerület, Bosnyák tér",Téglalakás,2025-09-05,rental,8,Új építésű,Egyéb,,Nem adta meg a hirdető,,,,
https://www.zenga.hu/ingatlan/kiado-teglalakas-budapest-viii-kerulet/7560431?page=53&pos=15,Budapest VIII. kerület kiadó téglalakás 2 szobás,356.0,52.0,2. emelet,2.0,"Budapest VIII. kerület, Corvin sétány",Téglalakás,2025-09-05,rental,9,Új építésű,Házközponti fűtés egyedi méréssel,,A,,,,
https://www.zenga.hu/ingatlan/kiado-csusztatott-zsalus-lakas-budapest-ix-kerulet-belso-ferencvaros/8434597?page=53&pos=11,"Budapest IX. kerület kiadó csúsztatott zsalus lakás 3 szobás: 1,5 millió Ft",1.5,74.0,6. emelet,3.0,"Budapest IX. kerület, Belső Ferencváros, Kinizsi utca",Csúsztatott zsalus lakás,2025-09-05,rental,,,Házközponti fűtés egyedi méréssel,,,2005,,,
https://www.zenga.hu/ingatlan/kiado-teglalakas-budapest-xiii-kerulet-ujlipotvaros/8659746?page=53&pos=16,Budapest XIII. kerület kiadó téglalakás 2 szobás: 310 ezer Ft,310.0,58.0,2. emelet,2.0,"Budapest XIII. kerület, Újlipótváros, Herzen utca",Téglalakás,2025-09-05,rental,,,Távfűtés,,Nem adta meg a hirdető,1990,,,
https://www.zenga.hu/ingatlan/kiado-teglalakas-budapest-xiv-kerulet/8686096?page=53&pos=12,Budapest XIV. kerület kiadó téglalakás 2 szobás: 360 ezer Ft,360.0,49.0,2. emelet,2.0,"Budapest XIV. kerület, Bosnyák tér",Téglalakás,2025-09-05,rental,8,,,,,,,,
https://www.zenga.hu/ingatlan/kiado-teglalakas-budapest-xii-kerulet-krisztinavaros-xii-ker/8439593?page=53&pos=18,Budapest XII. kerület kiadó téglalakás 3 szobás: 350 ezer Ft,350.0,66.0,földszint,3.0,"Budapest XII. kerület, Krisztinaváros XII. ker.",Téglalakás,2025-09-05,rental,,,Gázkazán,4 m²,Nem adta meg a hirdető,1952,,,
https://www.zenga.hu/ingatlan/kiado-teglalakas-budapest-ix-kerulet-kulso-ferencvaros/8682110?page=53&pos=20,Budapest IX. kerület kiadó téglalakás 2 szobás: 340 ezer Ft,340.0,45.0,3. emelet,2.0,"Budapest IX. kerület, Külső Ferencváros",Téglalakás,2025-09-05,rental,,,Házközponti fűtés egyedi méréssel,,Nem adta meg a hirdető,2019,,,"7,5 m²"
https://www.zenga.hu/ingatlan/kiado-teglalakas-budapest-xiii-kerulet-vizafogo/6407429?page=54&pos=2,"Budapest XIII. kerület kiadó téglalakás 4 szobás: 1,07 millió Ft",1.07,91.0,3. emelet,4.0,"Budapest XIII. kerület, Vizafogó, Kelén utca",Téglalakás,2025-09-05,rental,,,Fan coil,,Nem adta meg a hirdető,2018,,,8 m²
https://www.zenga.hu/ingatlan/kiado-teglalakas-budapest-xi-kerulet/8686097?page=54&pos=3,Budapest XI. kerület kiadó téglalakás 2 szobás: 320 ezer Ft,320.0,43.0,földszint,2.0,"Budapest XI. kerület, Rupphegyi út",Téglalakás,2025-09-05,rental,4,Új építésű,Házközponti fűtés egyedi méréssel,,Nem adta meg a hirdető,,,,
https://www.zenga.hu/ingatlan/kiado-teglalakas-budapest-xiv-kerulet-torokor/8496233?page=54&pos=5,Budapest XIV. kerület kiadó téglalakás 2 szobás: 150 ezer Ft,150.0,43.0,tetőtér,2.0,"Budapest XIV. kerület, Törökőr",Téglalakás,2025-09-05,rental,,,Gázkazán,,Nem adta meg a hirdető,1940,,,
https://www.zenga.hu/ingatlan/kiado-teglalakas-budapest-v-kerulet-lipotvaros/6207559?page=53&pos=19,"Budapest V. kerület kiadó téglalakás 4 szobás: 1,19 millió Ft",1.19,127.0,1. emelet,4.0,"Budapest V. kerület, Lipótváros",Téglalakás,2025-09-05,rental,,,,,,,,,
https://www.zenga.hu/ingatlan/kiado-teglalakas-budapest-vi-kerulet/8652028?page=53&pos=17,Budapest VI. kerület kiadó téglalakás 3 szobás: 370 ezer Ft,370.0,58.0,,2.0,"Budapest VII. kerület, Belső-Erzsébetváros",Téglalakás,2025-09-05,rental,1,Újszerű,Házközponti,,A,2010,,,
https://www.zenga.hu/ingatlan/kiado-teglalakas-budapest-xiii-kerulet-loportardulo/8682370?page=54&pos=7,Budapest XIII. kerület kiadó téglalakás 1 szobás: 230 ezer Ft,230.0,32.0,1. emelet,1.0,"Budapest XIII. kerület, Lőportárdűlő",Téglalakás,2025-09-05,rental,4,Felújított,Elektromos,,F,,,,
https://www.zenga.hu/ingatlan/kiado-teglalakas-budapest-vii-kerulet-nagykoruton-beluli-terulet/8610880?page=54&pos=8,Budapest VII. kerület kiadó téglalakás 1+1 fél szobás: 300 ezer Ft,300.0,52.0,5. emelet,1.0,"Budapest VII. kerület, Belső-Erzsébetváros",Téglalakás,2025-09-05,rental,1,,,,Nem adta meg a hirdető,,,,
https://www.zenga.hu/ingatlan/kiado-teglalakas-budapest-vii-kerulet-nagykoruton-beluli-terulet/8679352?page=54&pos=6,Budapest VII. kerület kiadó téglalakás 2 szobás: 340 ezer Ft,340.0,52.0,5. emelet,2.0,"Budapest VII. kerület, Belső-Erzsébetváros",Téglalakás,2025-09-05,rental,1,Újszerű,Házközponti,,A,2010,,,
https://www.zenga.hu/ingatlan/kiado-teglalakas-budapest-xiii-kerulet/8658698?page=54&pos=9,Budapest XIII. kerület kiadó téglalakás 1 szobás: 230 ezer Ft,230.0,31.0,5. emelet,1.0,Budapest XIII. kerület,Téglalakás,2025-09-05,rental,8,Új építésű,Mennyezeti hűtés-fűtés,5 m²,Nem adta meg a hirdető,2024,,,
https://www.zenga.hu/ingatlan/kiado-panellakas-budapest-iii-kerulet-obuda/8685765?page=54&pos=11,Budapest III. kerület kiadó panellakás 1 szobás: 195 ezer Ft,195.0,32.0,5. emelet,1.0,"Budapest III. kerület, Óbuda",Panellakás,2025-09-05,rental,,,Távfűtés,"4,5 m²",Nem adta meg a hirdető,1984,,,
https://www.zenga.hu/ingatlan/kiado-teglalakas-budapest-iii-kerulet-csillaghegy/8303829?page=54&pos=16,Budapest III. kerület kiadó téglalakás 4 szobás: 490 ezer Ft,490.0,185.0,félemelet,4.0,"Budapest III. kerület, Csillaghegy",,2025-09-05,rental,,,,,,,,,
https://www.zenga.hu/ingatlan/kiado-teglalakas-budapest-v-kerulet-lipotvaros/8352122?page=54&pos=17,Budapest V. kerület kiadó téglalakás 3 szobás: 475 ezer Ft,475.0,73.0,1. emelet,3.0,"Budapest V. kerület, Lipótváros",Téglalakás,2025-09-05,rental,,,Elektromos,,Nem adta meg a hirdető,1890,,,
https://www.zenga.hu/ingatlan/kiado-egyeb-lakas-budapest-xii-kerulet/8684926?page=54&pos=4,Budapest XII. kerület kiadó egyéb lakás 1 szobás: 300 ezer Ft,300.0,40.0,,,"Budapest XIII. kerület, Angyalföld, Dévényi út",Téglalakás,2025-09-05,rental,,,Gáz (konvektor),,Nem adta meg a hirdető,1950,,,7 m²
https://www.zenga.hu/ingatlan/kiado-panellakas-budapest-ix-kerulet/8660377?page=54&pos=15,Budapest IX. kerület kiadó panellakás 1 szobás: 190 ezer Ft,190.0,36.0,8. emelet,1.0,"Budapest IX. kerület, Tűzoltó utca",Panellakás,2025-09-05,rental,10,Újszerű,Házközponti,,B,,,,
https://www.zenga.hu/ingatlan/kiado-teglalakas-budapest-xiii-kerulet-ujlipotvaros/8685898?page=54&pos=19,Budapest XIII. kerület kiadó téglalakás 2+1 fél szobás: 270 ezer Ft,270.0,83.0,2. emelet,2.0,"Budapest XIII. kerület, Újlipótváros, Váci út 6.",Téglalakás,2025-09-05,rental,4,Jó állapotú,Házközponti,,Nem adta meg a hirdető,,,,
https://www.zenga.hu/ingatlan/kiado-teglalakas-budapest-xiii-kerulet-vizafogo/8627417?page=54&pos=18,Budapest XIII. kerület kiadó téglalakás 2 szobás: 250 ezer Ft,250.0,39.0,1. emelet,2.0,"Budapest XIII. kerület, Vizafogó",Téglalakás,2025-09-05,rental,,,Távfűtés,,Nem adta meg a hirdető,1950,,,
https://www.zenga.hu/ingatlan/kiado-teglalakas-budapest-xiii-kerulet-angyalfold/8673953?page=54&pos=13,Budapest XIII. kerület kiadó téglalakás 1 szobás: 165 ezer Ft,165.0,30.0,földszint,1.0,"Budapest XIII. kerület, Angyalföld, Dévényi út",Téglalakás,2025-09-05,rental,,,Gáz (konvektor),,,,,,
https://www.zenga.hu/ingatlan/kiado-teglalakas-budapest-xiii-kerulet/8676710?page=54&pos=14,Budapest XIII. kerület kiadó téglalakás 2 szobás: 300 ezer Ft,300.0,42.0,6. emelet,2.0,Budapest XIII. kerület,Téglalakás,2025-09-05,rental,,,,,,,,,
https://www.zenga.hu/ingatlan/kiado-teglalakas-budapest-v-kerulet/8686093?page=54&pos=20,Budapest V. kerület kiadó téglalakás 1 szobás: 210 ezer Ft,210.0,28.0,3. emelet,1.0,"Budapest V. kerület, Hold utca",Téglalakás,2025-09-05,rental,4,Felújított,,,,,,,
https://www.zenga.hu/ingatlan/kiado-teglalakas-budapest-iv-kerulet-ujpest/7756831?page=55&pos=3,Budapest IV. kerület kiadó téglalakás 4 szobás: 370 ezer Ft,370.0,133.0,6. emelet,4.0,"Budapest IV. kerület, Újpest",Téglalakás,2025-09-05,rental,,,Gázkazán,,Nem adta meg a hirdető,1955,,,
https://www.zenga.hu/ingatlan/kiado-teglalakas-budapest-vii-kerulet-nagykoruton-beluli-terulet/8684882?page=55&pos=4,Budapest VII. kerület kiadó téglalakás 2 szobás: 340 ezer Ft,340.0,52.0,5. emelet,2.0,"Budapest VII. kerület, Belső-Erzsébetváros",Téglalakás,2025-09-05,rental,1,Újszerű,Házközponti,,A,2010,,,
https://www.zenga.hu/ingatlan/kiado-teglalakas-budapest-viii-kerulet/8685134?page=55&pos=6,Budapest VIII. kerület kiadó téglalakás 1 szobás: 280 ezer Ft,280.0,26.0,4. emelet,1.0,"Budapest VIII. kerület, Illés utca",Téglalakás,2025-09-05,rental,8,Új építésű,Elektromos,,Nem adta meg a hirdető,,,,
https://www.zenga.hu/ingatlan/kiado-teglalakas-budapest-i-kerulet/8685751?page=55&pos=5,Budapest I. kerület kiadó téglalakás 2 szobás: 375 ezer Ft,375.0,68.0,2. emelet,2.0,Budapest I. kerület,Téglalakás,2025-09-05,rental,,,Gázkazán,"2,2 m²",Nem adta meg a hirdető,1910,,,
https://www.zenga.hu/ingatlan/kiado-teglalakas-budapest-xi-kerulet-lagymanyos/8685789?page=55&pos=8,Budapest XI. kerület kiadó téglalakás 1 szobás: 180 ezer Ft,180.0,30.0,1. emelet,1.0,"Budapest XI. kerület, Lágymányos",Téglalakás,2025-09-05,rental,,,,,,,,,
https://www.zenga.hu/ingatlan/kiado-teglalakas-budapest-v-kerulet/8634410?page=55&pos=9,"Budapest V. kerület kiadó téglalakás 4 szobás: 1,03 millió Ft",1.03,155.0,4. emelet,4.0,Budapest V. kerület,Téglalakás,2025-09-05,rental,,Felújított,Gázkazán,,Nem adta meg a hirdető,1920,,,
https://www.zenga.hu/ingatlan/kiado-teglalakas-budapest-vi-kerulet/8686098?page=55&pos=1,Budapest VI. kerület kiadó téglalakás 1 szobás: 205 ezer Ft,205.0,,földszint,1.0,"Budapest VI. kerület, Izabella utca",Téglalakás,2025-09-05,rental,5,Felújított,Elektromos,,B,,,,
https://www.zenga.hu/ingatlan/kiado-teglalakas-budapest-vi-kerulet/8670372?page=55&pos=10,Budapest VI. kerület kiadó téglalakás 1 szobás: 180 ezer Ft,180.0,20.0,földszint,1.0,"Budapest VI. kerület, Izabella utca",Téglalakás,2025-09-05,rental,5,Felújított,Elektromos,,B,,,,
https://www.zenga.hu/ingatlan/kiado-teglalakas-budapest-xiii-kerulet-vizafogo/6062141?page=55&pos=11,Budapest XIII. kerület kiadó téglalakás 3 szobás: 792 ezer Ft,792.0,106.0,7. emelet,3.0,"Budapest XIII. kerület, Vizafogó",Téglalakás,2025-09-05,rental,,,Házközponti fűtés egyedi méréssel,,Nem adta meg a hirdető,2007,,,40 m²
https://www.zenga.hu/ingatlan/kiado-teglalakas-budapest-ix-kerulet/8685803?page=55&pos=12,Budapest IX. kerület kiadó téglalakás 2 szobás: 270 ezer Ft,270.0,51.0,földszint,2.0,"Budapest IX. kerület, Vágóhíd utca",Téglalakás,2025-09-05,rental,3,Felújított,Gázkazán,,Nem adta meg a hirdető,,,,
https://www.zenga.hu/ingatlan/kiado-teglalakas-budapest-viii-kerulet-palotanegyed/8638125?page=55&pos=7,,,,,,,,2025-09-05,rental,,,,,,,,,
https://www.zenga.hu/ingatlan/kiado-teglalakas-budapest-v-kerulet-lipotvaros/8580572?page=55&pos=15,Budapest V. kerület kiadó téglalakás 1 szobás: 515 ezer Ft,515.0,62.0,2. emelet,1.0,"Budapest V. kerület, Lipótváros",Téglalakás,2025-09-05,rental,,,Gázkazán,,Nem adta meg a hirdető,1837,,,
https://www.zenga.hu/ingatlan/kiado-teglalakas-budapest-viii-kerulet/8656708?page=55&pos=17,Budapest VIII. kerület kiadó téglalakás 1 szobás: 180 ezer Ft,180.0,,,,,,2025-09-05,rental,,,,,,,,,
https://www.zenga.hu/ingatlan/kiado-teglalakas-budapest-v-kerulet/8686095?page=55&pos=18,Budapest V. kerület kiadó téglalakás 2 szobás: 320 ezer Ft,320.0,56.0,1. emelet,2.0,"Budapest V. kerület, Honvéd utca",Téglalakás,2025-09-05,rental,5,Felújított,Egyéb,,Nem adta meg a hirdető,,,,
https://www.zenga.hu/ingatlan/kiado-teglalakas-budapest-xiii-kerulet/8681966?page=55&pos=19,Budapest XIII. kerület kiadó téglalakás 2 szobás: 300 ezer Ft,300.0,42.0,6. emelet,2.0,Budapest XIII. kerület,Téglalakás,2025-09-05,rental,,Új építésű,Házközponti,,Nem adta meg a hirdető,2021,,,
https://www.zenga.hu/ingatlan/kiado-teglalakas-budapest-xiii-kerulet-vizafogo/8620353?page=55&pos=20,Budapest XIII. kerület kiadó téglalakás 2 szobás: 300 ezer Ft,300.0,54.0,3. emelet,2.0,"Budapest XIII. kerület, Vizafogó",Téglalakás,2025-09-05,rental,1,Újszerű,Házközponti fűtés egyedi méréssel,,Nem adta meg a hirdető,2010,,,
https://www.zenga.hu/ingatlan/kiado-teglalakas-budapest-v-kerulet-belvaros/8520110?page=55&pos=13,Budapest V. kerület kiadó téglalakás 3 szobás: 990 ezer Ft,990.0,124.0,,1.0,"Budapest XIII. kerület, Lőportárdűlő",Téglalakás,2025-09-05,rental,,,Házközponti fűtés egyedi méréssel,6 m²,Nem adta meg a hirdető,2024,,,
https://www.zenga.hu/ingatlan/kiado-teglalakas-budapest-xiii-kerulet-loportardulo/8575349?page=56&pos=2,Budapest XIII. kerület kiadó téglalakás 1 szobás: 330 ezer Ft,330.0,40.0,3. emelet,1.0,"Budapest XIII. kerület, Lőportárdűlő",Téglalakás,2025-09-05,rental,,,Házközponti fűtés egyedi méréssel,6 m²,Nem adta meg a hirdető,2024,,,
https://www.zenga.hu/ingatlan/kiado-teglalakas-budapest-i-kerulet-vizivaros-i-ker/8686024?page=55&pos=14,Budapest I. kerület kiadó téglalakás 1 szobás: 275 ezer Ft,275.0,43.0,1. emelet,1.0,"Budapest I. kerület, Víziváros I. ker., Várfok utca 15/A.",Téglalakás,2025-09-05,rental,6,Felújított,Házközponti fűtés egyedi méréssel,,,,,,
https://www.zenga.hu/ingatlan/kiado-teglalakas-budapest-i-kerulet/8684678?page=56&pos=1,Budapest I. kerület kiadó téglalakás 2 szobás: 360 ezer Ft,,,,,,,2025-09-05,rental,,,,,,,,,
https://www.zenga.hu/ingatlan/kiado-teglalakas-budapest-xii-kerulet/8658776?page=56&pos=3,Budapest XII. kerület kiadó téglalakás 3 szobás: 320 ezer Ft,320.0,80.0,4. emelet,3.0,"Budapest XII. kerület, Városmajor utca",Téglalakás,2025-09-05,rental,5,Újszerű,Gázkazán,,C,,,,
https://www.zenga.hu/ingatlan/kiado-egyeb-lakas-budapest-ii-kerulet/8684904?page=56&pos=6,Budapest II. kerület kiadó egyéb lakás 4 szobás: 475 ezer Ft,475.0,120.0,földszint,4.0,Budapest II. kerület,Egyéb lakás,2025-09-05,rental,,,,,Nem adta meg a hirdető,1980,,,
https://www.zenga.hu/ingatlan/kiado-teglalakas-budapest-xiii-kerulet/8684758?page=56&pos=5,Budapest XIII. kerület kiadó téglalakás 1+1 fél szobás: 290 ezer Ft,290.0,47.0,1. emelet,1.0,"Budapest XIII. kerület, Szabolcs utca",Téglalakás,2025-09-05,rental,8,Új építésű,Házközponti fűtés egyedi méréssel,,Nem adta meg a hirdető,2022,,,
https://www.zenga.hu/ingatlan/kiado-teglalakas-budapest-ix-kerulet/8635525?page=56&pos=7,Budapest IX. kerület kiadó téglalakás 3 szobás: 395 ezer Ft,395.0,95.0,1. emelet,3.0,Budapest IX. kerület,Téglalakás,2025-09-05,rental,,Felújított,Gázkazán,,Nem adta meg a hirdető,1900,,,
https://www.zenga.hu/ingatlan/kiado-teglalakas-budapest-vii-kerulet-nagykoruton-beluli-terulet/8684722?page=56&pos=11,Budapest VII. kerület kiadó téglalakás 1 szobás: 200 ezer Ft,200.0,31.0,4. emelet,1.0,"Budapest VII. kerület, Belső-Erzsébetváros",Téglalakás,2025-09-05,rental,,,Távfűtés,2 m²,Nem adta meg a hirdető,1960,,,
https://www.zenga.hu/ingatlan/kiado-teglalakas-budapest-ii-kerulet/8652708?page=56&pos=8,Budapest II. kerület kiadó téglalakás 3 szobás: 380 ezer Ft,380.0,89.0,1. emelet,3.0,"Budapest II. kerület, Rézsű utca",,2025-09-05,rental,,,,,,,,,
https://www.zenga.hu/ingatlan/kiado-teglalakas-budapest-viii-kerulet/8605075?page=56&pos=10,Budapest VIII. kerület kiadó téglalakás 2 szobás: 320 ezer Ft,320.0,51.0,3. emelet,,,,2025-09-05,rental,,,,,,,,,
https://www.zenga.hu/ingatlan/kiado-teglalakas-budapest-xix-kerulet/8595148?page=56&pos=12,Budapest XIX. kerület kiadó téglalakás 2 szobás: 220 ezer Ft,220.0,55.0,2. emelet,2.0,Budapest XIX. kerület,Téglalakás,2025-09-05,rental,,,Gázkazán,,Nem adta meg a hirdető,1930,,,
https://www.zenga.hu/ingatlan/kiado-teglalakas-budapest-xiii-kerulet/8686141?page=56&pos=4,Budapest XIII. kerület kiadó téglalakás 2 szobás: 260 ezer Ft,260.0,66.0,földszint,2.0,"Budapest XIII. kerület, Szent László u 157",Téglalakás,2025-09-05,rental,,,,,,,,,
https://www.zenga.hu/ingatlan/kiado-teglalakas-budapest-xi-kerulet/8657325?page=56&pos=9,Budapest XI. kerület kiadó téglalakás 2 szobás: 250 ezer Ft,250.0,46.0,5. emelet,2.0,"Budapest XI. kerület, Budafoki út",Téglalakás,2025-09-05,rental,5,Jó állapotú,,,,,,,
https://www.zenga.hu/ingatlan/kiado-teglalakas-budapest-iii-kerulet-csillaghegy/8137657?page=56&pos=14,Budapest III. kerület kiadó téglalakás 3 szobás: 530 ezer Ft,530.0,79.0,1. emelet,3.0,"Budapest III. kerület, Csillaghegy",Téglalakás,2025-09-05,rental,8,Újszerű,Hőszivattyú,,A,2023,,,
https://www.zenga.hu/ingatlan/kiado-teglalakas-budapest-xii-kerulet/8683697?page=56&pos=15,Budapest XII. kerület kiadó téglalakás 4 szobás: 450 ezer Ft,450.0,92.0,1. emelet,4.0,Budapest XII. kerület,Téglalakás,2025-09-05,rental,2,Jó állapotú,Gázkazán,"8,9 m²",Nem adta meg a hirdető,1985,,,
https://www.zenga.hu/ingatlan/kiado-panellakas-budapest-xiii-kerulet-angyalfold/8685109?page=56&pos=17,Budapest XIII. kerület kiadó panellakás 1+2 fél szobás: 290 ezer Ft,290.0,58.0,1. emelet,1.0,"Budapest XIII. kerület, Angyalföld",Panellakás,2025-09-05,rental,10,Felújított,Távfűtés egyedi méréssel,3 m²,Nem adta meg a hirdető,,,,
https://www.zenga.hu/ingatlan/kiado-teglalakas-budapest-viii-kerulet/8605076?page=57&pos=1,,,,,,,,2025-09-05,rental,,,,,,,,,
https://www.zenga.hu/ingatlan/kiado-teglalakas-budapest-v-kerulet-bank-negyed/8683493?page=56&pos=19,Budapest V. kerület kiadó téglalakás 2 szobás,352.0,52.0,1. emelet,2.0,"Budapest V. kerület, Bank negyed, Vigyázó Ferenc utca",Téglalakás,2025-09-05,rental,,,Fan coil,,Nem adta meg a hirdető,2000,,,
https://www.zenga.hu/ingatlan/kiado-panellakas-budapest-x-kerulet/8673639?page=56&pos=18,Budapest X. kerület kiadó panellakás 1 szobás: 170 ezer Ft,170.0,34.0,1. emelet,1.0,"Budapest X. kerület, Kőbányai út",Panellakás,2025-09-05,rental,3,,,,,,,,
https://www.zenga.hu/ingatlan/kiado-teglalakas-budapest-v-kerulet/8678959?page=57&pos=3,Budapest V. kerület kiadó téglalakás 2 szobás: 320 ezer Ft,320.0,69.0,földszint,2.0,Budapest V. kerület,Téglalakás,2025-09-05,rental,,Jó állapotú,Házközponti,,Nem adta meg a hirdető,1930,,,
https://www.zenga.hu/ingatlan/kiado-teglalakas-budapest-xiii-kerulet-angyalfold/8149533?page=57&pos=2,Budapest XIII. kerület kiadó téglalakás 3 szobás: 495 ezer Ft,495.0,95.0,7. emelet,3.0,"Budapest XIII. kerület, Angyalföld",Téglalakás,2025-09-05,rental,8,Újszerű,Házközponti fűtés egyedi méréssel,,B,2019,,,
https://www.zenga.hu/ingatlan/kiado-teglalakas-budapest-ii-kerulet/8421291?page=57&pos=4,Budapest II. kerület kiadó téglalakás 3 szobás: 636 ezer Ft,636.0,108.0,2. emelet,3.0,"Budapest II. kerület, Szabadság utca",Téglalakás,2025-09-05,rental,2,Újszerű,Központi fűtés,,Nem adta meg a hirdető,,,,
https://www.zenga.hu/ingatlan/kiado-teglalakas-budapest-viii-kerulet-palotanegyed/8571022?page=57&pos=6,Budapest VIII. kerület kiadó téglalakás 1+1 fél szobás: 250 ezer Ft,250.0,47.0,2. emelet,1.0,"Budapest VIII. kerület, Palotanegyed",Téglalakás,2025-09-05,rental,,,,,,,,,
https://www.zenga.hu/ingatlan/kiado-teglalakas-budapest-v-kerulet-bank-negyed/8684970?page=57&pos=7,Budapest V. kerület kiadó téglalakás 1+1 fél szobás: 220 ezer Ft,220.0,22.0,2. emelet,1.0,"Budapest V. kerület, Bank negyed, Sas u.20-22.",Téglalakás,2025-09-05,rental,3,Felújított,Elektromos,,Nem adta meg a hirdető,,10 000 Ft/hó,,
https://www.zenga.hu/ingatlan/kiado-teglalakas-budapest-ii-kerulet/8683634?page=57&pos=8,Budapest II. kerület kiadó téglalakás 2 szobás,277.0,57.0,4. emelet,2.0,Budapest II. kerület,Téglalakás,2025-09-05,rental,,Átlagos,,,Nem adta meg a hirdető,,,,
https://www.zenga.hu/ingatlan/kiado-teglalakas-budapest-xiii-kerulet/8683951?page=57&pos=9,Budapest XIII. kerület kiadó téglalakás 1 szobás: 250 ezer Ft,250.0,37.0,5. emelet,1.0,Budapest XIII. kerület,Téglalakás,2025-09-05,rental,8,Újszerű,Házközponti fűtés egyedi méréssel,17 m²,Nem adta meg a hirdető,2024,,,
https://www.zenga.hu/ingatlan/kiado-teglalakas-budapest-i-kerulet-taban/8637747?page=57&pos=10,Budapest I. kerület kiadó téglalakás 3 szobás: 792 ezer Ft,792.0,79.0,4. emelet,3.0,"Budapest I. kerület, Tabán, Attila út",Téglalakás,2025-09-05,rental,6,Felújított,Házközponti,,Nem adta meg a hirdető,,,,
https://www.zenga.hu/ingatlan/kiado-teglalakas-budapest-vi-kerulet/8684721?page=57&pos=13,Budapest VI. kerület kiadó téglalakás 2 szobás: 200 ezer Ft,200.0,36.0,3. emelet,2.0,Budapest VI. kerület,Téglalakás,2025-09-05,rental,,,Gáz (konvektor),,Nem adta meg a hirdető,1980,,,
https://www.zenga.hu/ingatlan/kiado-teglalakas-budapest-vi-kerulet/8682226?page=57&pos=12,Budapest VI. kerület kiadó téglalakás 3 szobás: 400 ezer Ft,400.0,80.0,2. emelet,3.0,Budapest VI. kerület,Téglalakás,2025-09-05,rental,,Átlagos,Központi fűtés,,Nem adta meg a hirdető,,,,
https://www.zenga.hu/ingatlan/kiado-teglalakas-budapest-ii-kerulet-torokvesz/7150344?page=57&pos=11,Budapest II. kerület kiadó téglalakás 4+1 fél szobás: 594 ezer Ft,594.0,122.0,,,,,2025-09-05,rental,,,,,,,,,
https://www.zenga.hu/ingatlan/kiado-teglalakas-budapest-v-kerulet-belvaros/8684737?page=57&pos=15,Budapest V. kerület kiadó téglalakás 2 szobás: 515 ezer Ft,515.0,83.0,1. emelet,2.0,"Budapest V. kerület, Belváros",Téglalakás,2025-09-05,rental,,,Házközponti fűtés egyedi méréssel,,Nem adta meg a hirdető,1900,,,
https://www.zenga.hu/ingatlan/kiado-teglalakas-budapest-v-kerulet/8683990?page=56&pos=16,Budapest V. kerület kiadó téglalakás 2 szobás: 675 ezer Ft,400.0,82.0,,,Budapest VIII. kerület,Téglalakás,2025-09-05,rental,6,Új építésű,Hőszivattyú,,A+++,2025,,,
https://www.zenga.hu/ingatlan/kiado-teglalakas-budapest-v-kerulet-belvaros/8679357?page=57&pos=5,Budapest V. kerület kiadó téglalakás 3 szobás: 400 ezer Ft,400.0,42.0,1. emelet,2.0,Budapest VIII. kerület,Téglalakás,2025-09-05,rental,6,Új építésű,Hőszivattyú,,A+++,2025,,,
https://www.zenga.hu/ingatlan/kiado-teglalakas-budapest-viii-kerulet/8605073?page=57&pos=16,Budapest VIII. kerület kiadó téglalakás 1+1 fél szobás: 240 ezer Ft,240.0,36.0,6. emelet,1.0,Budapest VIII. kerület,Téglalakás,2025-09-05,rental,6,Új építésű,Hőszivattyú,,A+++,2025,,,
https://www.zenga.hu/ingatlan/kiado-panellakas-budapest-xix-kerulet/8653369?page=57&pos=18,Budapest XIX. kerület kiadó panellakás 1+1 fél szobás: 195 ezer Ft,195.0,35.0,5. emelet,1.0,Budapest XIX. kerület,Panellakás,2025-09-05,rental,10,Felújított,Távfűtés egyedi méréssel,,Nem adta meg a hirdető,1980,,,
https://www.zenga.hu/ingatlan/kiado-teglalakas-budapest-viii-kerulet/8605072?page=57&pos=14,Budapest VIII. kerület kiadó téglalakás 2 szobás: 265 ezer Ft,265.0,42.0,1. emelet,2.0,Budapest VIII. kerület,Téglalakás,2025-09-05,rental,6,Új építésű,Hőszivattyú,,,,,,
https://www.zenga.hu/ingatlan/kiado-teglalakas-budapest-iii-kerulet-csillaghegy/8313666?page=57&pos=19,Budapest III. kerület kiadó téglalakás 2 szobás: 450 ezer Ft,450.0,67.0,1. emelet,2.0,"Budapest III. kerület, Csillaghegy",Téglalakás,2025-09-05,rental,8,Újszerű,Fan coil,,Nem adta meg a hirdető,,,,
https://www.zenga.hu/ingatlan/kiado-teglalakas-budapest-ix-kerulet/8675108?page=57&pos=20,Budapest IX. kerület kiadó téglalakás 3 szobás: 300 ezer Ft,300.0,60.0,1. emelet,3.0,Budapest IX. kerület,Téglalakás,2025-09-05,rental,,Felújított,Gázkazán,,Nem adta meg a hirdető,1900,,,
https://www.zenga.hu/ingatlan/kiado-teglalakas-budapest-ix-kerulet-kozepso-ferencvaros/8595139?page=58&pos=4,Budapest IX. kerület kiadó téglalakás 2 szobás: 330 ezer Ft,330.0,50.0,5. emelet,2.0,"Budapest IX. kerület, Középső Ferencváros",Téglalakás,2025-09-05,rental,,,Házközponti fűtés egyedi méréssel,,Nem adta meg a hirdető,2025,,,10 m²
https://www.zenga.hu/ingatlan/kiado-teglalakas-budapest-x-kerulet-ohegy/8684690?page=58&pos=1,Budapest X. kerület kiadó téglalakás 1 szobás: 150 ezer Ft,150.0,40.0,földszint,1.0,"Budapest X. kerület, Óhegy",Téglalakás,2025-09-05,rental,,,Gázkazán,,Nem adta meg a hirdető,1950,,,
https://www.zenga.hu/ingatlan/kiado-teglalakas-budapest-xiv-kerulet-alsorakos/8666651?page=58&pos=2,Budapest XIV. kerület kiadó téglalakás 1 szobás: 190 ezer Ft,190.0,30.0,3. emelet,1.0,"Budapest XIV. kerület, Alsórákos",Téglalakás,2025-09-05,rental,3,Felújított,Gázkazán,,Nem adta meg a hirdető,1970,,,
https://www.zenga.hu/ingatlan/kiado-teglalakas-budapest-xiv-kerulet-istvanmezo/8683506?page=57&pos=17,Budapest XIV. kerület kiadó téglalakás 1 szobás: 160 ezer Ft,160.0,25.0,2. emelet,1.0,"Budapest XIV. kerület, Istvánmező",Téglalakás,2025-09-05,rental,,,Gázkazán,,,,,,
https://www.zenga.hu/ingatlan/kiado-teglalakas-budapest-ix-kerulet-rehabilitacios-terulet-ix-/8684996?page=58&pos=5,Budapest IX. kerület kiadó téglalakás 1 szobás: 170 ezer Ft,170.0,45.0,1. emelet,1.0,"Budapest IX. kerület, Rehabilitációs terület IX. ker., Üllői út 121",Téglalakás,2025-09-05,rental,5,Felújított,Gázkazán,,H,1900,30 000 Ft/hó,,
https://www.zenga.hu/ingatlan/kiado-teglalakas-budapest-iii-kerulet-csillaghegy/8525887?page=58&pos=6,Budapest III. kerület kiadó téglalakás 3 szobás: 494 ezer Ft,494.0,78.0,4. emelet,3.0,"Budapest III. kerület, Csillaghegy",Téglalakás,2025-09-05,rental,8,Új építésű,Hőszivattyú,,A,2023,,,
https://www.zenga.hu/ingatlan/kiado-teglalakas-budapest-xi-kerulet/8672953?page=58&pos=8,Budapest XI. kerület kiadó téglalakás 2 szobás: 500 ezer Ft,500.0,69.0,3. emelet,2.0,Budapest XI. kerület,Téglalakás,2025-09-05,rental,,Felújított,Gázkazán,,Nem adta meg a hirdető,1920,,,
https://www.zenga.hu/ingatlan/kiado-teglalakas-budapest-ix-kerulet/8515056?page=58&pos=10,Budapest IX. kerület kiadó téglalakás 2 szobás: 993 ezer Ft,993.0,52.0,10. emelet,2.0,"Budapest IX. kerület, Lechner Ödön fasor",Téglalakás,2025-09-05,rental,10,Új építésű,Egyéb,,Nem adta meg a hirdető,,,,
https://www.zenga.hu/ingatlan/kiado-teglalakas-budapest-vi-kerulet/8665799?page=58&pos=3,Budapest VI. kerület kiadó téglalakás 2 szobás: 318 ezer Ft,318.0,63.0,3. emelet,2.0,"Budapest VI. kerület, Eötvös utca",,2025-09-05,rental,,,,,,,,,
https://www.zenga.hu/ingatlan/kiado-teglalakas-budapest-xiii-kerulet-angyalfold/8643639?page=58&pos=12,Budapest XIII. kerület kiadó téglalakás 2 szobás: 299 ezer Ft,299.0,50.0,5. emelet,2.0,"Budapest XIII. kerület, Angyalföld",Téglalakás,2025-09-05,rental,8,Új építésű,Házközponti fűtés egyedi méréssel,,A++,2021,,,
https://www.zenga.hu/ingatlan/kiado-teglalakas-budapest-ix-kerulet/8684067?page=58&pos=11,Budapest IX. kerület kiadó téglalakás 2 szobás: 290 ezer Ft,290.0,45.0,1. emelet,2.0,"Budapest IX. kerület, Angyal utca",Téglalakás,2025-09-05,rental,4,Új építésű,Gázkazán,,Nem adta meg a hirdető,2001,,,
https://www.zenga.hu/ingatlan/kiado-teglalakas-budapest-vii-kerulet-nagykoruton-beluli-terulet/8625116?page=58&pos=14,Budapest VII. kerület kiadó téglalakás 3 szobás: 475 ezer Ft,475.0,72.0,6. emelet,3.0,"Budapest VII. kerület, Belső-Erzsébetváros",Téglalakás,2025-09-05,rental,,,Házközponti fűtés egyedi méréssel,,Nem adta meg a hirdető,2008,,,
https://www.zenga.hu/ingatlan/kiado-teglalakas-budapest-ix-kerulet/8678304?page=58&pos=15,Budapest IX. kerület kiadó téglalakás 1 szobás: 190 ezer Ft,190.0,20.0,2. emelet,1.0,"Budapest IX. kerület, Bakáts tér",Téglalakás,2025-09-05,rental,5,Felújított,Gázkazán,,Nem adta meg a hirdető,,,,
https://www.zenga.hu/ingatlan/kiado-teglalakas-budapest-viii-kerulet-palotanegyed/8626668?page=58&pos=16,Budapest VIII. kerület kiadó téglalakás 1 szobás: 220 ezer Ft,220.0,27.0,3. emelet,1.0,"Budapest VIII. kerület, Palotanegyed, Vas utca",Téglalakás,2025-09-05,rental,,,Gáz (konvektor),,Nem adta meg a hirdető,1950,,,
https://www.zenga.hu/ingatlan/kiado-teglalakas-budapest-ii-kerulet/8433052?page=58&pos=13,Budapest II. kerület kiadó téglalakás 3+1 fél szobás: 596 ezer Ft,596.0,110.0,földszint,3.0,"Budapest II. kerület, Szabadság utca",Téglalakás,2025-09-05,rental,1,Újszerű,,,,,,,
https://www.zenga.hu/ingatlan/kiado-teglalakas-budapest-xii-kerulet-istenhegy/8684978?page=58&pos=19,Budapest XII. kerület kiadó téglalakás 3 szobás: 350 ezer Ft,350.0,59.0,földszint,3.0,"Budapest XII. kerület, Istenhegy, Sárospatak út",Téglalakás,2025-09-05,rental,2,Felújított,Gázkazán,,A+++,2000,,Nincs,18 m²
https://www.zenga.hu/ingatlan/kiado-teglalakas-budapest-ii-kerulet/8659900?page=58&pos=20,Budapest II. kerület kiadó téglalakás 3 szobás: 580 ezer Ft,580.0,114.0,földszint,3.0,"Budapest II. kerület, Kavics utca",Téglalakás,2025-09-05,rental,2,Felújított,Gázkazán,,Nem adta meg a hirdető,,,,
https://www.zenga.hu/ingatlan/kiado-teglalakas-budapest-xiii-kerulet/8653621?page=59&pos=1,Budapest XIII. kerület kiadó téglalakás 2 szobás: 265 ezer Ft,265.0,39.0,3. emelet,2.0,"Budapest XIII. kerület, Rozsnyay utca",Téglalakás,2025-09-05,rental,5,Új építésű,Mennyezeti hűtés-fűtés,6 m²,Nem adta meg a hirdető,2024,,,
https://www.zenga.hu/ingatlan/kiado-teglalakas-budapest-iii-kerulet/8636942?page=59&pos=3,Budapest III. kerület kiadó téglalakás 1 szobás: 195 ezer Ft,195.0,37.0,földszint,1.0,"Budapest III. kerület, Berend utca",,2025-09-05,rental,,,,,,,,,
https://www.zenga.hu/ingatlan/kiado-teglalakas-budapest-xiii-kerulet-angyalfold/8684613?page=59&pos=8,Budapest XIII. kerület kiadó téglalakás 1+1 fél szobás: 200 ezer Ft,200.0,40.0,földszint,1.0,"Budapest XIII. kerület, Angyalföld, Faludi utca",Téglalakás,2025-09-05,rental,,Felújított,,,Nem adta meg a hirdető,,,,
https://www.zenga.hu/ingatlan/kiado-teglalakas-budapest-xiv-kerulet-alsorakos/8664922?page=59&pos=9,Budapest XIV. kerület kiadó téglalakás 3 szobás: 320 ezer Ft,320.0,78.0,2. emelet,3.0,"Budapest XIV. kerület, Alsórákos",Téglalakás,2025-09-05,rental,3,Újszerű,Gázkazán,,Nem adta meg a hirdető,2005,,,
https://www.zenga.hu/ingatlan/kiado-tarsashazi-lakas-budapest-xiii-kerulet/8570426?page=59&pos=11,Budapest XIII. kerület kiadó társasházi lakás 1+1 fél szobás: 200 ezer Ft,200.0,50.0,2. emelet,1.0,Budapest XIII. kerület,Társasházi lakás,2025-09-05,rental,8,Jó állapotú,Távfűtés egyedi méréssel,3 m²,Nem adta meg a hirdető,1972,,,
https://www.zenga.hu/ingatlan/kiado-teglalakas-budapest-viii-kerulet-corvin-negyed/8680566?page=58&pos=9,Budapest VIII. kerület kiadó téglalakás 2 szobás: 250 ezer Ft,,,2. emelet,1.0,"Budapest IV. kerület, Újpest",Téglalakás,2025-09-05,rental,4,,,,,,,,
https://www.zenga.hu/ingatlan/kiado-teglalakas-budapest-v-kerulet/8679796?page=58&pos=18,,170.0,32.0,2. emelet,1.0,"Budapest IV. kerület, Újpest",Téglalakás,2025-09-05,rental,,,,,,,,,
https://www.zenga.hu/ingatlan/kiado-teglalakas-budapest-iv-kerulet-ujpest/8685084?page=59&pos=7,Budapest IV. kerület kiadó téglalakás 1 szobás: 170 ezer Ft,170.0,32.0,2. emelet,1.0,"Budapest IV. kerület, Újpest",,2025-09-05,rental,,,,,,,,,
https://www.zenga.hu/ingatlan/kiado-teglalakas-budapest-xi-kerulet-albertfalva/8684892?page=59&pos=19,,,,,,,,2025-09-05,rental,,,,,,,,,
https://www.zenga.hu/ingatlan/kiado-teglalakas-budapest-viii-kerulet/8673188?page=59&pos=18,Budapest VIII. kerület kiadó téglalakás 1 szobás: 200 ezer Ft,200.0,36.0,6. emelet,1.0,"Budapest VIII. kerület, Lovassy László utca",Téglalakás,2025-09-05,rental,7,Újszerű,Központi fűtés,,Nem adta meg a hirdető,2007,,,
https://www.zenga.hu/ingatlan/kiado-teglalakas-budapest-ix-kerulet/8685133?page=59&pos=20,Budapest IX. kerület kiadó téglalakás 2+1 fél szobás: 370 ezer Ft,370.0,62.0,földszint,2.0,"Budapest IX. kerület, Lenhossék utca",Téglalakás,2025-09-05,rental,4,Új építésű,Házközponti fűtés egyedi méréssel,,Nem adta meg a hirdető,,,,
https://www.zenga.hu/ingatlan/kiado-teglalakas-budapest-ii-kerulet-csatarka/8155913?page=60&pos=2,Budapest II. kerület kiadó téglalakás 4 szobás: 450 ezer Ft,450.0,90.0,1. emelet,4.0,"Budapest II. kerület, Csatárka",Téglalakás,2025-09-05,rental,2,Újszerű,Gázkazán,,B,,,,
https://www.zenga.hu/ingatlan/kiado-teglalakas-budapest-viii-kerulet/8684901?page=59&pos=14,,317.0,38.0,7. emelet,2.0,Budapest IX. kerület,Téglalakás,2025-09-05,rental,10,Új építésű,Központi fűtés,,Nem adta meg a hirdető,,,,
https://www.zenga.hu/ingatlan/kiado-teglalakas-budapest-viii-kerulet/8605069?page=59&pos=12,,220.0,40.0,földszint,2.0,"Budapest XIII. kerület, Mosoly utca",Téglalakás,2025-09-05,rental,,Felújított,,,Nem adta meg a hirdető,,,,
https://www.zenga.hu/ingatlan/kiado-teglalakas-budapest-ix-kerulet/8611853?page=60&pos=3,Budapest IX. kerület kiadó téglalakás 2 szobás,317.0,38.0,7. emelet,2.0,Budapest IX. kerület,Téglalakás,2025-09-05,rental,10,Új építésű,Központi fűtés,,Nem adta meg a hirdető,,,,
https://www.zenga.hu/ingatlan/kiado-teglalakas-budapest-xiii-kerulet/8684757?page=60&pos=1,Budapest XIII. kerület kiadó téglalakás 2 szobás: 220 ezer Ft,220.0,40.0,földszint,2.0,"Budapest XIII. kerület, Mosoly utca",Téglalakás,2025-09-05,rental,,Felújított,,,,,,,
https://www.zenga.hu/ingatlan/kiado-teglalakas-budapest-vi-kerulet/8607819?page=60&pos=4,Budapest VI. kerület kiadó téglalakás 3 szobás: 360 ezer Ft,360.0,65.0,3. emelet,3.0,Budapest VI. kerület,Téglalakás,2025-09-05,rental,4,Felújított,Gázkazán,,Nem adta meg a hirdető,1950,,,
https://www.zenga.hu/ingatlan/kiado-teglalakas-budapest-v-kerulet-belvaros/8679356?page=59&pos=16,Budapest V. kerület kiadó téglalakás 3 szobás: 400 ezer Ft,400.0,82.0,,,"Budapest VIII. kerület, Baross utca",Téglalakás,2025-09-05,rental,4,Újszerű,Házközponti,,Nem adta meg a hirdető,1900,,,
https://www.zenga.hu/ingatlan/kiado-teglalakas-budapest-vi-kerulet/8595021?page=60&pos=8,Budapest VI. kerület kiadó téglalakás 2 szobás: 270 ezer Ft,270.0,52.0,3. emelet,2.0,Budapest VI. kerület,Téglalakás,2025-09-05,rental,4,Felújított,Gáz (héra),,Nem adta meg a hirdető,,,,
https://www.zenga.hu/ingatlan/kiado-teglalakas-budapest-xi-kerulet-kelenfold/8513947?page=60&pos=11,,,,,,,,2025-09-05,rental,,,,,,,,,
https://www.zenga.hu/ingatlan/kiado-teglalakas-budapest-ii-kerulet-szepvolgy/8632164?page=60&pos=9,Budapest II. kerület kiadó téglalakás 3+1 fél szobás: 759 ezer Ft,759.0,110.0,1. emelet,3.0,"Budapest II. kerület, Szépvölgy, Selyemakác utca",Téglalakás,2025-09-05,rental,2,Újszerű,Gázkazán,,A,,,,
https://www.zenga.hu/ingatlan/kiado-teglalakas-budapest-v-kerulet/8675715?page=60&pos=10,Budapest V. kerület kiadó téglalakás 2 szobás: 560 ezer Ft,560.0,72.0,tetőtér,2.0,"Budapest V. kerület, Széchenyi utca",Téglalakás,2025-09-05,rental,3,Újszerű,Házközponti,,Nem adta meg a hirdető,1900,,,
https://www.zenga.hu/ingatlan/kiado-teglalakas-budapest-xiii-kerulet/8657341?page=61&pos=19,Budapest XIII. kerület kiadó téglalakás 2 szobás: 310 ezer Ft,310.0,47.0,7. emelet,2.0,"Budapest XIII. kerület, Úszódaru utca",Téglalakás,2025-09-05,rental,8,Új építésű,Távfűtés egyedi méréssel,,A++,,,,
https://www.zenga.hu/ingatlan/kiado-teglalakas-budapest-v-kerulet-lipotvaros/8679800?page=61&pos=6,Budapest V. kerület kiadó téglalakás 1 szobás: 210 ezer Ft,210.0,37.0,félemelet,1.0,"Budapest V. kerület, Lipótváros, Szemere utca",Téglalakás,2025-09-05,rental,6,Felújított,,,,,,,
https://www.zenga.hu/ingatlan/kiado-teglalakas-budapest-viii-kerulet/8677868?page=61&pos=14,,,,,,,,2025-09-05,rental,,,,,,,,,
https://www.zenga.hu/ingatlan/kiado-teglalakas-budapest-ii-kerulet-rozsadomb/8637373?page=61&pos=9,Budapest II. kerület kiadó téglalakás 3 szobás: 590 ezer Ft,,,,,,,2025-09-05,rental,,,,,,,,,
https://www.zenga.hu/ingatlan/kiado-teglalakas-budapest-vi-kerulet/8608609?page=61&pos=18,Budapest VI. kerület kiadó téglalakás 2 szobás: 750 ezer Ft,750.0,80.0,1. emelet,2.0,Budapest VI. kerület,Téglalakás,2025-09-05,rental,4,Felújított,Gázkazán,,C,,,,
https://www.zenga.hu/ingatlan/kiado-teglalakas-budapest-i-kerulet/8592597?page=61&pos=16,Budapest I. kerület kiadó téglalakás 4 szobás: 490 ezer Ft,,,,,,,2025-09-05,rental,,,,,,,,,
https://www.zenga.hu/ingatlan/kiado-teglalakas-budapest-ix-kerulet/8678307?page=61&pos=17,Budapest IX. kerület kiadó téglalakás 3 szobás: 400 ezer Ft,400.0,71.0,2. emelet,3.0,"Budapest IX. kerület, Ipar utca",Téglalakás,2025-09-05,rental,6,Új építésű,Házközponti fűtés egyedi méréssel,,Nem adta meg a hirdető,,,,
https://www.zenga.hu/ingatlan/kiado-teglalakas-budapest-vii-kerulet-nagykoruton-beluli-terulet/8647552?page=61&pos=11,Budapest VII. kerület kiadó téglalakás 1 szobás: 350 ezer Ft,350.0,,,,,,2025-09-05,rental,,,,,,,,,
https://www.zenga.hu/ingatlan/kiado-teglalakas-budapest-xiii-kerulet/8116807?page=61&pos=13,Budapest XIII. kerület kiadó téglalakás 3 szobás,356.0,76.0,7. emelet,3.0,Budapest XIII. kerület,Téglalakás,2025-09-05,rental,7,Új építésű,Házközponti fűtés egyedi méréssel,,A++,,,,
https://www.zenga.hu/ingatlan/kiado-teglalakas-budapest-vi-kerulet-diplomatanegyed/8264981?page=61&pos=7,"Budapest VI. kerület kiadó téglalakás 5 szobás: 1,47 millió Ft",1.47,206.0,1. emelet,5.0,"Budapest VI. kerület, Diplomatanegyed",Téglalakás,2025-09-05,rental,,Felújított,Gázkazán,,Nem adta meg a hirdető,1900,,,
https://www.zenga.hu/ingatlan/kiado-teglalakas-budapest-i-kerulet/7697294?page=61&pos=20,,,,,,,,2025-09-05,rental,,,,,,,,,
https://www.zenga.hu/ingatlan/kiado-teglalakas-budapest-viii-kerulet/8604275?page=61&pos=3,,,,,,,,2025-09-05,rental,,,,,,,,,
https://www.zenga.hu/ingatlan/kiado-teglalakas-budapest-vi-kerulet/8119138?page=61&pos=12,,,,,,,,2025-09-05,rental,,,,,,,,,
https://www.zenga.hu/ingatlan/kiado-teglalakas-budapest-ii-kerulet-torokvesz/8607185?page=62&pos=1,,,,,,,,2025-09-05,rental,,,,,,,,,
https://www.zenga.hu/ingatlan/kiado-teglalakas-budapest-vi-kerulet/8637369?page=62&pos=2,Budapest VI. kerület kiadó téglalakás 3+1 fél szobás: 560 ezer Ft,560.0,105.0,3. emelet,3.0,"Budapest VI. kerület, Jókai utca",Téglalakás,2025-09-05,rental,5,Felújított,Gázkazán,,B,,,,
https://www.zenga.hu/ingatlan/kiado-teglalakas-budapest-ii-kerulet-pasaret/8649040?page=62&pos=3,Budapest II. kerület kiadó téglalakás 2+1 fél szobás: 515 ezer Ft,,,,,,,2025-09-05,rental,,,,,,,,,
https://www.zenga.hu/ingatlan/kiado-teglalakas-budapest-v-kerulet-belvaros/8613322?page=62&pos=4,Budapest V. kerület kiadó téglalakás 5 szobás: 700 ezer Ft,700.0,115.0,3. emelet,5.0,"Budapest V. kerület, Belváros",Téglalakás,2025-09-05,rental,6,Újszerű,Gázkazán,,C,,,,
https://www.zenga.hu/ingatlan/kiado-teglalakas-budapest-ix-kerulet/8657336?page=62&pos=7,Budapest IX. kerület kiadó téglalakás 3 szobás: 350 ezer Ft,350.0,59.0,2. emelet,3.0,"Budapest IX. kerület, Mester utca",Téglalakás,2025-09-05,rental,8,Újszerű,Házközponti fűtés egyedi méréssel,,Nem adta meg a hirdető,,,,
https://www.zenga.hu/ingatlan/kiado-teglalakas-budapest-xi-kerulet-lagymanyos/8671780?page=62&pos=8,,,,,,,,2025-09-05,rental,,,,,,,,,
https://www.zenga.hu/ingatlan/kiado-teglalakas-budapest-xix-kerulet-kispest/8522086?page=62&pos=11,Budapest XIX. kerület kiadó téglalakás 2 szobás: 200 ezer Ft,200.0,56.0,tetőtér,2.0,"Budapest XIX. kerület, Kispest",Téglalakás,2025-09-05,rental,3,Újszerű,Gázkazán,,Nem adta meg a hirdető,,,,
https://www.zenga.hu/ingatlan/kiado-teglalakas-budapest-v-kerulet-lipotvaros/8649690?page=62&pos=13,Budapest V. kerület kiadó téglalakás 2 szobás: 350 ezer Ft,350.0,59.0,3. emelet,2.0,"Budapest V. kerület, Lipótváros, Balaton utca",Téglalakás,2025-09-05,rental,5,Újszerű,Gázkazán,,Nem adta meg a hirdető,,,,
https://www.zenga.hu/ingatlan/kiado-teglalakas-budapest-xix-kerulet-kispest/8439449?page=62&pos=6,Budapest XIX. kerület kiadó téglalakás 1+1 fél szobás: 210 ezer Ft,210.0,48.0,földszint,1.0,"Budapest XIX. kerület, Kispest",Téglalakás,2025-09-05,rental,,,,,,,,,
https://www.zenga.hu/ingatlan/kiado-teglalakas-budapest-xi-kerulet-kelenfold/8564937?page=62&pos=12,,,,,,,,2025-09-05,rental,,,,,,,,,
https://www.zenga.hu/ingatlan/kiado-teglalakas-budapest-vi-kerulet/7995744?page=62&pos=5,Budapest VI. kerület kiadó téglalakás 2 szobás: 560 ezer Ft,,47.0,2. emelet,2.0,Budapest XIII. kerület,Téglalakás,2025-09-05,rental,6,Újszerű,Házközponti fűtés egyedi méréssel,,A++,,,,
https://www.zenga.hu/ingatlan/kiado-teglalakas-budapest-xiii-kerulet/8561854?page=62&pos=14,Budapest XIII. kerület kiadó téglalakás 2 szobás: 350 ezer Ft,350.0,47.0,2. emelet,2.0,Budapest XIII. kerület,Téglalakás,2025-09-05,rental,6,Újszerű,Házközponti fűtés egyedi méréssel,,,,,,
https://www.zenga.hu/ingatlan/kiado-teglalakas-budapest-v-kerulet/8630351?page=62&pos=16,Budapest V. kerület kiadó téglalakás 2 szobás: 310 ezer Ft,310.0,60.0,4. emelet,2.0,Budapest V. kerület,Téglalakás,2025-09-05,rental,8,Jó állapotú,,,Nem adta meg a hirdető,,,Nincs,
https://www.zenga.hu/ingatlan/kiado-teglalakas-budapest-viii-kerulet/8673441?page=62&pos=17,Budapest VIII. kerület kiadó téglalakás 2+1 fél szobás: 350 ezer Ft,350.0,62.0,5. emelet,2.0,"Budapest VIII. kerület, Nap utca",Téglalakás,2025-09-05,rental,5,Új építésű,Házközponti fűtés egyedi méréssel,,Nem adta meg a hirdető,,,,
https://www.zenga.hu/ingatlan/kiado-teglalakas-budapest-viii-kerulet/8123601?page=62&pos=20,Budapest VIII. kerület kiadó téglalakás 2 szobás: 330 ezer Ft,330.0,50.0,4. emelet,2.0,Budapest VIII. kerület,Téglalakás,2025-09-05,rental,5,Újszerű,Házközponti fűtés egyedi méréssel,,Nem adta meg a hirdető,,,,
https://www.zenga.hu/ingatlan/kiado-teglalakas-budapest-ii-kerulet-torokvesz/8502367?page=63&pos=1,Budapest II. kerület kiadó téglalakás 4 szobás: 832 ezer Ft,832.0,120.0,földszint,4.0,"Budapest II. kerület, Törökvész",Téglalakás,2025-09-05,rental,,Felújított,Hőszivattyú,,A+,1970,,,
https://www.zenga.hu/ingatlan/kiado-teglalakas-budapest-v-kerulet-belvaros/8669584?page=62&pos=15,Budapest V. kerület kiadó téglalakás 3 szobás: 436 ezer Ft,436.0,94.0,4. emelet,3.0,"Budapest V. kerület, Belváros, Veres Pálné utca",,2025-09-05,rental,,,,,,,,,
https://www.zenga.hu/ingatlan/kiado-teglalakas-budapest-i-kerulet/8559559?page=63&pos=3,Budapest I. kerület kiadó téglalakás 2 szobás: 380 ezer Ft,380.0,48.0,1. emelet,2.0,Budapest I. kerület,Téglalakás,2025-09-05,rental,5,Felújított,Házközponti fűtés egyedi méréssel,,D,,,,
https://www.zenga.hu/ingatlan/kiado-teglalakas-budapest-vii-kerulet/8676936?page=63&pos=2,Budapest VII. kerület kiadó téglalakás 2 szobás: 250 ezer Ft,250.0,44.0,1. emelet,2.0,"Budapest VII. kerület, István utca",Téglalakás,2025-09-05,rental,3,Újszerű,Gáz (konvektor),,I,,,,
https://www.zenga.hu/ingatlan/kiado-teglalakas-budapest-vii-kerulet-nagykoruton-kivuli-terulet/7813289?page=63&pos=4,Budapest VII. kerület kiadó téglalakás 2 szobás: 299 ezer Ft,299.0,68.0,,,,,2025-09-05,rental,,,,,,,,,
https://www.zenga.hu/ingatlan/kiado-teglalakas-budapest-vi-kerulet/8486309?page=63&pos=5,Budapest VI. kerület kiadó téglalakás 5 szobás: 820 ezer Ft,820.0,124.0,3. emelet,5.0,Budapest VI. kerület,Téglalakás,2025-09-05,rental,,Felújított,Központi fűtés,,Nem adta meg a hirdető,,,,
https://www.zenga.hu/ingatlan/kiado-panellakas-budapest-xiv-kerulet/8675742?page=63&pos=7,Budapest XIV. kerület kiadó panellakás 2 szobás: 218 ezer Ft,218.0,50.0,2. emelet,2.0,"Budapest XIV. kerület, Vezér utca",Panellakás,2025-09-05,rental,10,Újszerű,Távfűtés,,D,,,,
https://www.zenga.hu/ingatlan/kiado-teglalakas-budapest-vi-kerulet/8508064?page=63&pos=9,Budapest VI. kerület kiadó téglalakás 3 szobás: 450 ezer Ft,450.0,90.0,3. emelet,3.0,Budapest VI. kerület,Téglalakás,2025-09-05,rental,5,Újszerű,Gázkazán,,Nem adta meg a hirdető,,,,
https://www.zenga.hu/ingatlan/kiado-teglalakas-budapest-i-kerulet/8625885?page=63&pos=10,Budapest I. kerület kiadó téglalakás 2 szobás: 300 ezer Ft,300.0,39.0,földszint,2.0,"Budapest I. kerület, Szabó Ilonka utca",Téglalakás,2025-09-05,rental,2,Újszerű,Elektromos,,D,,,,
https://www.zenga.hu/ingatlan/kiado-teglalakas-budapest-ix-kerulet/8653646?page=63&pos=12,Budapest IX. kerület kiadó téglalakás 2 szobás: 250 ezer Ft,250.0,49.0,4. emelet,2.0,"Budapest IX. kerület, Haller utca",Téglalakás,2025-09-05,rental,6,Újszerű,Házközponti fűtés egyedi méréssel,,C,,,,
https://www.zenga.hu/ingatlan/kiado-teglalakas-budapest-vii-kerulet/6073296?page=62&pos=19,,,,,3.0,"Budapest V. kerület, Lipótváros",Téglalakás,2025-09-05,rental,4,Felújított,,,,,,,
https://www.zenga.hu/ingatlan/kiado-teglalakas-budapest-v-kerulet-lipotvaros/8595750?page=63&pos=8,Budapest V. kerület kiadó téglalakás 3 szobás: 395 ezer Ft,395.0,85.0,3. emelet,3.0,"Budapest V. kerület, Lipótváros",,2025-09-05,rental,,,,,,,,,
https://www.zenga.hu/ingatlan/kiado-teglalakas-budapest-ii-kerulet/7642056?page=63&pos=15,Budapest II. kerület kiadó téglalakás 3 szobás: 733 ezer Ft,733.0,101.0,,3.0,"Budapest II. kerület, Vihorlát utca",Téglalakás,2025-09-05,rental,,Felújított,,,Nem adta meg a hirdető,,,,
https://www.zenga.hu/ingatlan/kiado-teglalakas-budapest-ii-kerulet-orszagut/8674408?page=63&pos=17,Budapest II. kerület kiadó téglalakás 1+2 fél szobás: 240 ezer Ft,240.0,55.0,1. emelet,1.0,"Budapest II. kerület, Országút, Margit körút",Téglalakás,2025-09-05,rental,5,Felújított,Gázkazán,,D,,,,
https://www.zenga.hu/ingatlan/kiado-teglalakas-budapest-xi-kerulet-nadorkert/8625257?page=63&pos=16,Budapest XI. kerület kiadó téglalakás 3 szobás: 880 ezer Ft,880.0,100.0,1. emelet,3.0,"Budapest XI. kerület, Nádorkert, Bíró László József körút",Téglalakás,2025-09-05,rental,3,Új építésű,Házközponti fűtés egyedi méréssel,,A++,,,,
https://www.zenga.hu/ingatlan/kiado-teglalakas-budapest-ii-kerulet-torokvesz/8506612?page=63&pos=18,"Budapest II. kerület kiadó téglalakás 4+1 fél szobás: 1,27 millió Ft",1.27,120.0,földszint,4.0,"Budapest II. kerület, Törökvész",Téglalakás,2025-09-05,rental,2,Felújított,Egyéb,,Nem adta meg a hirdető,,,,
https://www.zenga.hu/ingatlan/kiado-teglalakas-budapest-xiv-kerulet-alsorakos/8602876?page=63&pos=11,Budapest XIV. kerület kiadó téglalakás 5 szobás: 400 ezer Ft,400.0,140.0,2. emelet,5.0,"Budapest XIV. kerület, Alsórákos",Téglalakás,2025-09-05,rental,2,,,,,,,,
https://www.zenga.hu/ingatlan/kiado-teglalakas-budapest-v-kerulet-belvaros/8641608?page=63&pos=19,Budapest V. kerület kiadó téglalakás 2 szobás: 299 ezer Ft,299.0,53.0,1. emelet,2.0,"Budapest V. kerület, Belváros, Henszlmann Imre utca",Téglalakás,2025-09-05,rental,4,Felújított,Gázkazán,,C,,,,
https://www.zenga.hu/ingatlan/kiado-teglalakas-budapest-vii-kerulet/8371959?page=63&pos=20,Budapest VII. kerület kiadó téglalakás 1 szobás: 220 ezer Ft,220.0,51.0,földszint,1.0,Budapest VII. kerület,Téglalakás,2025-09-05,rental,5,Felújított,Gázkazán,,Nem adta meg a hirdető,,,,
https://www.zenga.hu/ingatlan/kiado-teglalakas-budapest-xi-kerulet/8673806?page=64&pos=3,Budapest XI. kerület kiadó téglalakás 2 szobás: 330 ezer Ft,330.0,55.0,4. emelet,2.0,Budapest XI. kerület,Téglalakás,2025-09-05,rental,,Újszerű,Hőszivattyú,,Nem adta meg a hirdető,2024,,,
https://www.zenga.hu/ingatlan/kiado-teglalakas-budapest-vii-kerulet-nagykoruton-beluli-terulet/8682002?page=64&pos=1,Budapest VII. kerület kiadó téglalakás 3+1 fél szobás: 395 ezer Ft,395.0,89.0,1. emelet,3.0,"Budapest VII. kerület, Belső-Erzsébetváros, Síp utca",Téglalakás,2025-09-05,rental,5,Felújított,Gázkazán,,Nem adta meg a hirdető,,,,
https://www.zenga.hu/ingatlan/kiado-teglalakas-budapest-viii-kerulet/8657334?page=64&pos=6,Budapest VIII. kerület kiadó téglalakás 3 szobás: 300 ezer Ft,300.0,56.0,2. emelet,3.0,"Budapest VIII. kerület, Bródy Sándor utca",Téglalakás,2025-09-05,rental,3,Újszerű,Gázkazán,,Nem adta meg a hirdető,,,,
https://www.zenga.hu/ingatlan/kiado-teglalakas-budapest-viii-kerulet/8649043?page=64&pos=7,Budapest VIII. kerület kiadó téglalakás 1 szobás: 250 ezer Ft,250.0,32.0,2. emelet,1.0,"Budapest VIII. kerület, Víg utca",Téglalakás,2025-09-05,rental,7,Új építésű,Házközponti fűtés egyedi méréssel,,A+++,,,,
https://www.zenga.hu/ingatlan/kiado-teglalakas-budapest-ii-kerulet-zoldmal/8561082?page=64&pos=8,Budapest II. kerület kiadó téglalakás 3+1 fél szobás: 900 ezer Ft,900.0,113.0,1. emelet,3.0,"Budapest II. kerület, Zöldmál",Téglalakás,2025-09-05,rental,3,Új építésű,Gázkazán,,Nem adta meg a hirdető,,,,
https://www.zenga.hu/ingatlan/kiado-teglalakas-budapest-xiv-kerulet-alsorakos/8675130?page=64&pos=9,Budapest XIV. kerület kiadó téglalakás 3 szobás: 300 ezer Ft,300.0,66.0,5. emelet,3.0,"Budapest XIV. kerület, Alsórákos, Dorozsmai utca",Téglalakás,2025-09-05,rental,6,Újszerű,Házközponti fűtés egyedi méréssel,,C,,,,
https://www.zenga.hu/ingatlan/kiado-teglalakas-budapest-vi-kerulet/8611855?page=64&pos=10,Budapest VI. kerület kiadó téglalakás 3 szobás: 360 ezer Ft,360.0,75.0,tetőtér,3.0,Budapest VI. kerület,Téglalakás,2025-09-05,rental,5,Felújított,Gázkazán,,B,,,,
https://www.zenga.hu/ingatlan/kiado-teglalakas-budapest-viii-kerulet-jozsefvaros/8406537?page=64&pos=12,Budapest VIII. kerület kiadó téglalakás 3 szobás: 499 ezer Ft,499.0,89.0,2. emelet,3.0,"Budapest VIII. kerület, Józsefváros",Téglalakás,2025-09-05,rental,5,Újszerű,Központi fűtés,,Nem adta meg a hirdető,,,,
https://www.zenga.hu/ingatlan/kiado-teglalakas-budapest-xi-kerulet-budapart/7604505?page=64&pos=13,Budapest XI. kerület kiadó téglalakás 3 szobás: 650 ezer Ft,650.0,71.0,1. emelet,3.0,"Budapest XI. kerület, Budapart, Bíró László József körút",Téglalakás,2025-09-05,rental,9,Új építésű,Házközponti fűtés egyedi méréssel,,A+,2020,,,
https://www.zenga.hu/ingatlan/kiado-teglalakas-budapest-viii-kerulet/8348612?page=64&pos=5,Budapest XIV. kerület kiadó téglalakás 2 szobás,238.0,52.0,földszint,2.0,"Budapest XIV. kerület, Alsórákos, Miskolci utca",Téglalakás,2025-09-05,rental,2,Újszerű,Gázkazán,,D,,,,
https://www.zenga.hu/ingatlan/kiado-teglalakas-budapest-xiv-kerulet-alsorakos/7895234?page=64&pos=14,Budapest XIV. kerület kiadó téglalakás 2 szobás,238.0,52.0,földszint,2.0,"Budapest XIV. kerület, Alsórákos, Miskolci utca",Téglalakás,2025-09-05,rental,2,Újszerű,Gázkazán,,D,,,,
https://www.zenga.hu/ingatlan/kiado-teglalakas-budapest-xiii-kerulet-angyalfold/8655440?page=64&pos=15,Budapest XIII. kerület kiadó téglalakás 2 szobás: 320 ezer Ft,320.0,75.0,3. emelet,2.0,"Budapest XIII. kerület, Angyalföld, Váci út",Téglalakás,2025-09-05,rental,3,Felújított,Gáz (konvektor),,Nem adta meg a hirdető,,,,
https://www.zenga.hu/ingatlan/kiado-teglalakas-budapest-xii-kerulet/6445531?page=64&pos=2,Budapest XII. kerület kiadó téglalakás 3 szobás: 396 ezer Ft,396.0,75.0,,,Budapest XVIII. kerület,,2025-09-05,rental,,,,,,,,,
https://www.zenga.hu/ingatlan/kiado-teglalakas-budapest-ix-kerulet/8630246?page=64&pos=17,Budapest IX. kerület kiadó téglalakás 2 szobás: 390 ezer Ft,390.0,55.0,5. emelet,2.0,"Budapest IX. kerület, Haller utca",Téglalakás,2025-09-05,rental,6,Új építésű,Házközponti fűtés egyedi méréssel,,A+,,,,
https://www.zenga.hu/ingatlan/kiado-teglalakas-budapest-viii-kerulet/8681219?page=64&pos=19,Budapest VIII. kerület kiadó téglalakás 2 szobás: 235 ezer Ft,,,,,,,2025-09-05,rental,,,,,,,,,
https://www.zenga.hu/ingatlan/kiado-teglalakas-budapest-vi-kerulet/8676935?page=64&pos=18,Budapest VI. kerület kiadó téglalakás 2 szobás: 290 ezer Ft,290.0,72.0,2. emelet,2.0,"Budapest VI. kerület, Németh László utca",Téglalakás,2025-09-05,rental,3,Újszerű,Gáz (konvektor),,,,,,
https://www.zenga.hu/ingatlan/kiado-teglalakas-budapest-v-kerulet-belvaros/8615094?page=65&pos=1,Budapest V. kerület kiadó téglalakás 2+1 fél szobás: 399 ezer Ft,399.0,59.0,félemelet,2.0,"Budapest V. kerület, Belváros",Téglalakás,2025-09-05,rental,6,Újszerű,Gáz (konvektor),,C,,,,
https://www.zenga.hu/ingatlan/kiado-teglalakas-budapest-vii-kerulet-nagykoruton-kivuli-terulet/8405834?page=65&pos=4,Budapest VII. kerület kiadó téglalakás 1 szobás: 210 ezer Ft,210.0,33.0,1. emelet,1.0,"Budapest VII. kerület, Külső-Erzsébetváros",Téglalakás,2025-09-05,rental,2,Felújított,Egyéb,,C,,,,
https://www.zenga.hu/ingatlan/kiado-teglalakas-budapest-ix-kerulet/8649691?page=65&pos=3,Budapest IX. kerület kiadó téglalakás 1 szobás: 200 ezer Ft,200.0,40.0,2. emelet,1.0,"Budapest IX. kerület, Mester utca",Téglalakás,2025-09-05,rental,9,Új építésű,Házközponti fűtés egyedi méréssel,,A+,,,,
https://www.zenga.hu/ingatlan/kiado-teglalakas-budapest-xi-kerulet-sasad-sashegy-xi-ker/8490251?page=64&pos=16,,,150.0,földszint,4.0,"Budapest XIV. kerület, Zugló, Pitvar utca",Téglalakás,2025-09-05,rental,2,Újszerű,Gázkazán,,C,,,,
https://www.zenga.hu/ingatlan/kiado-teglalakas-budapest-xiv-kerulet-zuglo/8652024?page=65&pos=5,Budapest XIV. kerület kiadó téglalakás 4+1 fél szobás: 750 ezer Ft,750.0,150.0,földszint,4.0,"Budapest XIV. kerület, Zugló, Pitvar utca",Téglalakás,2025-09-05,rental,2,Újszerű,Gázkazán,,C,,,,
https://www.zenga.hu/ingatlan/kiado-teglalakas-budapest-xiii-kerulet/8630373?page=65&pos=6,Budapest XIII. kerület kiadó téglalakás 1 szobás: 200 ezer Ft,200.0,30.0,4. emelet,1.0,Budapest XIII. kerület,Téglalakás,2025-09-05,rental,7,Jó állapotú,Házközponti fűtés egyedi méréssel,,Nem adta meg a hirdető,,,Nincs,
https://www.zenga.hu/ingatlan/kiado-teglalakas-budapest-viii-kerulet/8668683?page=65&pos=7,Budapest VIII. kerület kiadó téglalakás 2 szobás: 250 ezer Ft,250.0,51.0,3. emelet,2.0,"Budapest VIII. kerület, Práter utca",Téglalakás,2025-09-05,rental,3,Újszerű,Gáz (konvektor),,Nem adta meg a hirdető,,,,
https://www.zenga.hu/ingatlan/kiado-teglalakas-budapest-vi-kerulet/8682675?page=65&pos=8,Budapest VI. kerület kiadó téglalakás 2 szobás: 298 ezer Ft,298.0,55.0,földszint,2.0,"Budapest VI. kerület, Szinyei Merse utca",Téglalakás,2025-09-05,rental,3,Újszerű,Gázkazán,,Nem adta meg a hirdető,1940,,,
https://www.zenga.hu/ingatlan/kiado-teglalakas-budapest-xi-kerulet-gazdagret/8468320?page=64&pos=20,,,,,,"Budapest II. kerület, Rózsadomb",Téglalakás,2025-09-05,rental,2,Felújított,Gázkazán,,D,,,,
https://www.zenga.hu/ingatlan/kiado-teglalakas-budapest-ii-kerulet-rozsadomb/8619590?page=65&pos=9,"Budapest II. kerület kiadó téglalakás 4 szobás: 1,2 millió Ft",1.2,164.0,2. emelet,4.0,"Budapest II. kerület, Rózsadomb",Téglalakás,2025-09-05,rental,2,Felújított,Gázkazán,,D,,,,
https://www.zenga.hu/ingatlan/kiado-teglalakas-budapest-vi-kerulet/8654700?page=65&pos=10,Budapest VI. kerület kiadó téglalakás 3 szobás: 851 ezer Ft,851.0,112.0,2. emelet,3.0,Budapest VI. kerület,Téglalakás,2025-09-05,rental,,Felújított,Gázkazán,,Nem adta meg a hirdető,1911,,,
https://www.zenga.hu/ingatlan/kiado-teglalakas-budapest-x-kerulet/8633568?page=65&pos=11,Budapest X. kerület kiadó téglalakás 2 szobás: 198 ezer Ft,198.0,56.0,földszint,2.0,"Budapest X. kerület, Petrőczy utca",Téglalakás,2025-09-05,rental,2,Újszerű,Gáz (konvektor),,Nem adta meg a hirdető,,,,
https://www.zenga.hu/ingatlan/kiado-teglalakas-budapest-i-kerulet/8485375?page=65&pos=16,,,,,,,,2025-09-05,rental,,,,,,,,,
https://www.zenga.hu/ingatlan/kiado-teglalakas-budapest-vii-kerulet/8622671?page=65&pos=17,Budapest VII. kerület kiadó téglalakás 1 szobás: 230 ezer Ft,230.0,36.0,3. emelet,1.0,"Budapest VII. kerület, Garay utca",Téglalakás,2025-09-05,rental,3,Felújított,Gázkazán,,Nem adta meg a hirdető,,,,
https://www.zenga.hu/ingatlan/kiado-teglalakas-budapest-xii-kerulet-nemetvolgy/8477146?page=65&pos=15,Budapest XII. kerület kiadó téglalakás 2 szobás: 440 ezer Ft,440.0,53.0,4. emelet,2.0,"Budapest XII. kerület, Németvölgy",Téglalakás,2025-09-05,rental,7,Új építésű,Egyéb,,,,,,
https://www.zenga.hu/ingatlan/kiado-teglalakas-budapest-iii-kerulet/8670947?page=65&pos=12,Budapest III. kerület kiadó téglalakás 4 szobás: 790 ezer Ft,790.0,136.0,,4.0,"Budapest II. kerület, Rózsadomb",Téglalakás,2025-09-05,rental,4,Felújított,Házközponti,,E,,,,
https://www.zenga.hu/ingatlan/kiado-teglalakas-budapest-xiii-kerulet-angyalfold/8637374?page=65&pos=14,Budapest XIII. kerület kiadó téglalakás 3 szobás: 340 ezer Ft,340.0,82.0,,3.0,"Budapest VII. kerület, Dohány utca",Téglalakás,2025-09-05,rental,3,Újszerű,Központi fűtés,,E,,,,
https://www.zenga.hu/ingatlan/kiado-teglalakas-budapest-xiii-kerulet-ujlipotvaros/8592599?page=66&pos=5,Budapest XIII. kerület kiadó téglalakás 3 szobás: 594 ezer Ft,594.0,113.0,6. emelet,3.0,"Budapest XIII. kerület, Újlipótváros",Téglalakás,2025-09-05,rental,7,Újszerű,Távfűtés,,Nem adta meg a hirdető,,,,
https://www.zenga.hu/ingatlan/kiado-teglalakas-budapest-ii-kerulet-rozsadomb/8605871?page=66&pos=1,Budapest II. kerület kiadó téglalakás 4 szobás: 450 ezer Ft,450.0,104.0,2. emelet,4.0,"Budapest II. kerület, Rózsadomb",Téglalakás,2025-09-05,rental,4,Felújított,Házközponti,,E,,,,
https://www.zenga.hu/ingatlan/kiado-teglalakas-budapest-vii-kerulet/8647557?page=66&pos=3,Budapest VII. kerület kiadó téglalakás 3 szobás: 320 ezer Ft,320.0,110.0,2. emelet,3.0,"Budapest VII. kerület, Dohány utca",Téglalakás,2025-09-05,rental,3,Újszerű,Központi fűtés,,E,,,,
https://www.zenga.hu/ingatlan/kiado-teglalakas-budapest-vi-kerulet-nagykoruton-kivuli-terulet/8649217?page=65&pos=13,"Budapest VI. kerület kiadó téglalakás 4 szobás: 2,18 millió Ft",2.18,138.0,2. emelet,2.0,"Budapest VIII. kerület, Dankó utca",Téglalakás,2025-09-05,rental,6,Új építésű,Házközponti fűtés egyedi méréssel,,Nem adta meg a hirdető,,,,
https://www.zenga.hu/ingatlan/kiado-teglalakas-budapest-ii-kerulet/8113897?page=66&pos=4,Budapest II. kerület kiadó téglalakás 3 szobás: 890 ezer Ft,890.0,92.0,2. emelet,3.0,Budapest II. kerület,Téglalakás,2025-09-05,rental,3,Újszerű,Gázkazán,,B,,,,
https://www.zenga.hu/ingatlan/kiado-teglalakas-budapest-xvii-kerulet-rakoskeresztur/8683405?page=66&pos=6,,,,,,,,2025-09-05,rental,,,,,,,,,
https://www.zenga.hu/ingatlan/kiado-teglalakas-budapest-vi-kerulet/8678958?page=66&pos=12,Budapest VI. kerület kiadó téglalakás 3 szobás: 490 ezer Ft,490.0,62.0,5. emelet,3.0,Budapest VI. kerület,Téglalakás,2025-09-05,rental,,Újszerű,Házközponti,,Nem adta meg a hirdető,2019,,,
https://www.zenga.hu/ingatlan/kiado-teglalakas-budapest-viii-kerulet/8684025?page=66&pos=2,Budapest VIII. kerület kiadó téglalakás 2 szobás: 265 ezer Ft,265.0,43.0,2. emelet,2.0,"Budapest VIII. kerület, Dankó utca",Téglalakás,2025-09-05,rental,6,Új építésű,,,,,,,
https://www.zenga.hu/ingatlan/kiado-teglalakas-budapest-vii-kerulet/8378008?page=66&pos=9,Budapest VII. kerület kiadó téglalakás 2 szobás: 280 ezer Ft,280.0,52.0,7. emelet,2.0,Budapest VII. kerület,Téglalakás,2025-09-05,rental,7,Felújított,Házközponti,,C,,,,
https://www.zenga.hu/ingatlan/kiado-teglalakas-budapest-i-kerulet/8664870?page=66&pos=10,Budapest I. kerület kiadó téglalakás 1 szobás: 240 ezer Ft,240.0,36.0,5. emelet,1.0,"Budapest I. kerület, Csalogány utca",Téglalakás,2025-09-05,rental,6,Felújított,Gázkazán,,Nem adta meg a hirdető,,,,
https://www.zenga.hu/ingatlan/kiado-teglalakas-budapest-xi-kerulet-nadorkert/8619588?page=66&pos=7,Budapest XI. kerület kiadó téglalakás 2 szobás: 325 ezer Ft,325.0,50.0,1. emelet,2.0,"Budapest XI. kerület, Nádorkert",Téglalakás,2025-09-05,rental,,,,,,,,,
https://www.zenga.hu/ingatlan/kiado-teglalakas-budapest-vii-kerulet/6073298?page=66&pos=13,"Budapest VII. kerület kiadó téglalakás 4 szobás: 2,96 millió Ft",2.96,157.0,,4.0,Budapest VII. kerület,Téglalakás,2025-09-05,rental,,Átlagos,,,Nem adta meg a hirdető,,,,
https://www.zenga.hu/ingatlan/kiado-teglalakas-budapest-xiv-kerulet-kiszuglo/8590774?page=66&pos=16,Budapest XIV. kerület kiadó téglalakás 3 szobás: 330 ezer Ft,330.0,69.0,földszint,3.0,"Budapest XIV. kerület, Kiszugló",Téglalakás,2025-09-05,rental,4,Felújított,Gázkazán,,E,,,,
https://www.zenga.hu/ingatlan/kiado-teglalakas-budapest-viii-kerulet-jozsefvaros/8650587?page=66&pos=11,Budapest VIII. kerület kiadó téglalakás 3 szobás: 480 ezer Ft,480.0,64.0,8. emelet,3.0,"Budapest VIII. kerület, Józsefváros, Corvin sétány",Téglalakás,2025-09-05,rental,9,Felújított,,,,,,,
https://www.zenga.hu/ingatlan/kiado-teglalakas-budapest-ix-kerulet-rehabilitacios-terulet-ix-/8515455?page=66&pos=17,Budapest IX. kerület kiadó téglalakás 2 szobás: 990 ezer Ft,990.0,51.0,10. emelet,2.0,"Budapest IX. kerület, Rehabilitációs terület IX. ker.",Téglalakás,2025-09-05,rental,,Új építésű,Távfűtés egyedi méréssel,,Nem adta meg a hirdető,2024,,,"15,9 m²"
https://www.zenga.hu/ingatlan/kiado-teglalakas-budapest-xvi-kerulet/8590369?page=66&pos=18,,,,,,,,2025-09-05,rental,,,,,,,,,
https://www.zenga.hu/ingatlan/kiado-teglalakas-budapest-viii-kerulet/8668678?page=66&pos=20,Budapest VIII. kerület kiadó téglalakás 2 szobás: 230 ezer Ft,230.0,66.0,2. emelet,2.0,"Budapest VIII. kerület, Kálvária tér",Téglalakás,2025-09-05,rental,3,Újszerű,Gázkazán,,B,,,,
https://www.zenga.hu/ingatlan/kiado-teglalakas-budapest-ix-kerulet/8630365?page=66&pos=19,Budapest IX. kerület kiadó téglalakás 1+1 fél szobás: 300 ezer Ft,300.0,37.0,2. emelet,1.0,Budapest IX. kerület,Téglalakás,2025-09-05,rental,10,Új építésű,,4 m²,Nem adta meg a hirdető,2024,,Nincs,
https://www.zenga.hu/ingatlan/kiado-teglalakas-budapest-ii-kerulet/8127599?page=66&pos=15,Budapest II. kerület kiadó téglalakás 3 szobás: 990 ezer Ft,990.0,94.0,,3.0,Budapest II. kerület,,2025-09-05,rental,,,,,,,,,
https://www.zenga.hu/ingatlan/kiado-teglalakas-budapest-v-kerulet-belvaros/8635019?page=67&pos=2,Budapest V. kerület kiadó téglalakás 2 szobás: 400 ezer Ft,400.0,75.0,4. emelet,2.0,"Budapest V. kerület, Belváros, Váci utca",Téglalakás,2025-09-05,rental,,Újszerű,Házközponti,,Nem adta meg a hirdető,,,,
https://www.zenga.hu/ingatlan/kiado-teglalakas-budapest-xiii-kerulet-angyalfold/8651349?page=67&pos=1,Budapest XIII. kerület kiadó téglalakás 1 szobás: 280 ezer Ft,280.0,35.0,1. emelet,1.0,"Budapest XIII. kerület, Angyalföld, Taksony utca",Téglalakás,2025-09-05,rental,8,Új építésű,Házközponti fűtés egyedi méréssel,,,,,,
https://www.zenga.hu/ingatlan/kiado-teglalakas-budapest-v-kerulet-belvaros/8014584?page=67&pos=3,Budapest V. kerület kiadó téglalakás 3 szobás: 740 ezer Ft,740.0,85.0,1. emelet,3.0,"Budapest V. kerület, Belváros",Téglalakás,2025-09-05,rental,5,Felújított,Gázkazán,,,,,,
https://www.zenga.hu/ingatlan/kiado-teglalakas-budapest-xi-kerulet-sasad-sashegy-xi-ker/8588235?page=67&pos=6,Budapest XI. kerület kiadó téglalakás 2 szobás: 310 ezer Ft,310.0,36.0,szuterén,2.0,"Budapest XI. kerület, Sasad-Sashegy XI. ker.",Téglalakás,2025-09-05,rental,2,Felújított,Fan coil,,A+,,,,
https://www.zenga.hu/ingatlan/kiado-teglalakas-budapest-viii-kerulet/8681177?page=67&pos=7,Budapest VIII. kerület kiadó téglalakás 3 szobás: 385 ezer Ft,385.0,127.0,3. emelet,3.0,"Budapest VIII. kerület, József körút",Téglalakás,2025-09-05,rental,5,Felújított,Gáz (konvektor),,Nem adta meg a hirdető,,,,
https://www.zenga.hu/ingatlan/kiado-teglalakas-budapest-vi-kerulet/8507366?page=67&pos=8,Budapest VI. kerület kiadó téglalakás 3 szobás: 550 ezer Ft,550.0,72.0,2. emelet,3.0,Budapest VI. kerület,Téglalakás,2025-09-05,rental,8,Felújított,Házközponti fűtés egyedi méréssel,,Nem adta meg a hirdető,,,,
https://www.zenga.hu/ingatlan/kiado-teglalakas-budapest-xiii-kerulet/8338013?page=67&pos=11,Budapest XIII. kerület kiadó téglalakás 2 szobás: 330 ezer Ft,330.0,57.0,1. emelet,2.0,Budapest XIII. kerület,Téglalakás,2025-09-05,rental,8,Újszerű,Házközponti fűtés egyedi méréssel,,A,,,,
https://www.zenga.hu/ingatlan/kiado-teglalakas-budapest-xi-kerulet-nadorkert/8469415?page=67&pos=12,,,,,,,,2025-09-05,rental,,,,,,,,,
https://www.zenga.hu/ingatlan/kiado-teglalakas-budapest-vii-kerulet/8608936?page=67&pos=4,,300.0,44.0,2. emelet,1.0,"Budapest IX. kerület, Dandár utca",Téglalakás,2025-09-05,rental,2,Új építésű,Távfűtés,,B,,,,
https://www.zenga.hu/ingatlan/kiado-teglalakas-budapest-ix-kerulet/8661532?page=67&pos=13,Budapest IX. kerület kiadó téglalakás 1+1 fél szobás: 300 ezer Ft,300.0,44.0,2. emelet,1.0,"Budapest IX. kerület, Dandár utca",Téglalakás,2025-09-05,rental,2,Új építésű,Távfűtés,,B,,,,
https://www.zenga.hu/ingatlan/kiado-teglalakas-budapest-v-kerulet-belvaros/8673898?page=67&pos=10,Budapest V. kerület kiadó téglalakás 1 szobás: 245 ezer Ft,245.0,22.0,2. emelet,1.0,"Budapest V. kerület, Belváros, Papnövelde utca",Téglalakás,2025-09-05,rental,,,,,,,,,
https://www.zenga.hu/ingatlan/kiado-teglalakas-budapest-iii-kerulet-ujlak-iii-ker/8640336?page=67&pos=9,Budapest III. kerület kiadó téglalakás 1 szobás: 180 ezer Ft,180.0,26.0,szuterén,1.0,"Budapest III. kerület, Újlak III. ker.",,2025-09-05,rental,,,,,,,,,
https://www.zenga.hu/ingatlan/kiado-teglalakas-budapest-vi-kerulet/8340126?page=67&pos=19,Budapest VI. kerület kiadó téglalakás 3 szobás: 405 ezer Ft,405.0,90.0,1. emelet,3.0,Budapest VI. kerület,Téglalakás,2025-09-05,rental,3,Felújított,Elektromos,,Nem adta meg a hirdető,,,,
https://www.zenga.hu/ingatlan/kiado-teglalakas-budapest-xi-kerulet/8488499?page=67&pos=16,Budapest XI. kerület kiadó téglalakás 3+1 fél szobás: 450 ezer Ft,,,,,,,2025-09-05,rental,,,,,,,,,
https://www.zenga.hu/ingatlan/kiado-teglalakas-budapest-vi-kerulet/8563989?page=67&pos=20,Budapest VI. kerület kiadó téglalakás 2 szobás: 380 ezer Ft,380.0,70.0,1. emelet,2.0,Budapest VI. kerület,Téglalakás,2025-09-05,rental,4,Felújított,Gáz (konvektor),,C,,,,
https://www.zenga.hu/ingatlan/kiado-teglalakas-budapest-vii-kerulet/8560386?page=67&pos=18,Budapest VII. kerület kiadó téglalakás 2 szobás: 242 ezer Ft,242.0,44.0,3. emelet,2.0,Budapest VII. kerület,Téglalakás,2025-09-05,rental,5,Új építésű,Házközponti fűtés egyedi méréssel,,,,,,
https://www.zenga.hu/ingatlan/kiado-teglalakas-budapest-ii-kerulet/8607177?page=68&pos=1,Budapest II. kerület kiadó téglalakás 4 szobás: 780 ezer Ft,780.0,130.0,4. emelet,4.0,Budapest II. kerület,Téglalakás,2025-09-05,rental,4,Új építésű,Gázkazán,,B,2014,,,
https://www.zenga.hu/ingatlan/kiado-teglalakas-budapest-xii-kerulet-kissvabhegy/8667202?page=68&pos=4,Budapest XII. kerület kiadó téglalakás 2 szobás: 280 ezer Ft,280.0,55.0,1. emelet,2.0,"Budapest XII. kerület, Kissvábhegy, Ráth György utca",Téglalakás,2025-09-05,rental,2,Újszerű,Központi fűtés,,D,,,,
https://www.zenga.hu/ingatlan/kiado-teglalakas-budapest-xiii-kerulet-ujlipotvaros/8656869?page=68&pos=2,Budapest XIII. kerület kiadó téglalakás 1 szobás: 250 ezer Ft,250.0,45.0,3. emelet,1.0,"Budapest XIII. kerület, Újlipótváros, Szent István körút",Téglalakás,2025-09-05,rental,4,Felújított,Elektromos,,Nem adta meg a hirdető,1900,,,
https://www.zenga.hu/ingatlan/kiado-teglalakas-budapest-viii-kerulet/8622053?page=67&pos=17,Budapest VIII. kerület kiadó téglalakás 1 szobás: 277 ezer Ft,277.0,34.0,6. emelet,1.0,"Budapest VIII. kerület, Vajdahunyad utca",Téglalakás,2025-09-05,rental,,,,,,,,,
https://www.zenga.hu/ingatlan/kiado-teglalakas-budapest-viii-kerulet/8613319?page=68&pos=7,Budapest VIII. kerület kiadó téglalakás 2 szobás: 320 ezer Ft,320.0,48.0,5. emelet,2.0,Budapest VIII. kerület,Téglalakás,2025-09-05,rental,7,Új építésű,Házközponti,,Nem adta meg a hirdető,,,,
https://www.zenga.hu/ingatlan/kiado-teglalakas-budapest-xiii-kerulet/8682294?page=68&pos=8,Budapest XIII. kerület kiadó téglalakás 3 szobás: 736 ezer Ft,736.0,104.0,3. emelet,3.0,"Budapest XIII. kerület, Pozsonyi út",Téglalakás,2025-09-05,rental,5,Újszerű,Távfűtés egyedi méréssel,"5,5 m²",Nem adta meg a hirdető,1935,,,
https://www.zenga.hu/ingatlan/kiado-teglalakas-budapest-xi-kerulet-kelenfold/8554599?page=68&pos=6,Budapest XI. kerület kiadó téglalakás 3 szobás: 396 ezer Ft,396.0,50.0,2. emelet,3.0,,,2025-09-05,rental,,,,,,,,,
https://www.zenga.hu/ingatlan/kiado-teglalakas-budapest-xi-kerulet-lagymanyos/8681212?page=68&pos=9,Budapest XI. kerület kiadó téglalakás 3 szobás: 430 ezer Ft,430.0,65.0,3. emelet,3.0,"Budapest XI. kerület, Lágymányos",Téglalakás,2025-09-05,rental,4,Felújított,Hőszivattyú,,Nem adta meg a hirdető,,,,
https://www.zenga.hu/ingatlan/kiado-teglalakas-budapest-vii-kerulet-nagykoruton-beluli-terulet/8676780?page=68&pos=3,Budapest VII. kerület kiadó téglalakás 1 szobás: 210 ezer Ft,210.0,25.0,2. emelet,1.0,"Budapest VII. kerület, Belső-Erzsébetváros, 34-36",Téglalakás,2025-09-05,rental,6,Új építésű,Házközponti fűtés egyedi méréssel,2 m²,B,2021,,,
https://www.zenga.hu/ingatlan/kiado-teglalakas-budapest-i-kerulet/8679801?page=68&pos=10,Budapest I. kerület kiadó téglalakás 1 szobás: 250 ezer Ft,250.0,46.0,3. emelet,1.0,"Budapest I. kerület, Attila út",Téglalakás,2025-09-05,rental,4,Felújított,Távfűtés egyedi méréssel,,B,,,,
https://www.zenga.hu/ingatlan/kiado-teglalakas-budapest-xii-kerulet-martonhegy/8633561?page=68&pos=12,Budapest XII. kerület kiadó téglalakás 4 szobás: 590 ezer Ft,590.0,160.0,2. emelet,4.0,"Budapest XII. kerület, Mártonhegy, Ormódi utca",Téglalakás,2025-09-05,rental,3,Új építésű,Gázkazán,,Nem adta meg a hirdető,,,,
https://www.zenga.hu/ingatlan/kiado-teglalakas-budapest-ix-kerulet/7539815?page=68&pos=11,Budapest IX. kerület kiadó téglalakás 2 szobás,277.0,47.0,3. emelet,2.0,"Budapest IX. kerület, Pápay István utca",Téglalakás,2025-09-05,rental,9,Új építésű,Házközponti fűtés egyedi méréssel,,A+,,,,
https://www.zenga.hu/ingatlan/kiado-teglalakas-budapest-ix-kerulet-belso-ferencvaros/8682069?page=68&pos=13,Budapest IX. kerület kiadó téglalakás 1 szobás: 220 ezer Ft,220.0,34.0,5. emelet,1.0,"Budapest IX. kerület, Belső Ferencváros, Dandár utca",Téglalakás,2025-09-05,rental,,,Házközponti fűtés egyedi méréssel,,Nem adta meg a hirdető,2012,,,
https://www.zenga.hu/ingatlan/kiado-teglalakas-budapest-xiii-kerulet/8622672?page=68&pos=17,Budapest XIII. kerület kiadó téglalakás 2 szobás: 330 ezer Ft,330.0,56.0,2. emelet,2.0,"Budapest XIII. kerület, Turóc utca",Téglalakás,2025-09-05,rental,7,Új építésű,Házközponti fűtés egyedi méréssel,,A,,,,
https://www.zenga.hu/ingatlan/kiado-teglalakas-budapest-i-kerulet/8611857?page=68&pos=16,Budapest I. kerület kiadó téglalakás 4 szobás: 420 ezer Ft,420.0,100.0,3. emelet,4.0,Budapest I. kerület,Téglalakás,2025-09-05,rental,4,Újszerű,Gázkazán,,D,,,,
https://www.zenga.hu/ingatlan/kiado-teglalakas-budapest-v-kerulet-lipotvaros/8672364?page=68&pos=15,Budapest V. kerület kiadó téglalakás 1 szobás: 260 ezer Ft,260.0,36.0,2. emelet,1.0,"Budapest V. kerület, Lipótváros, Balassi Bálint utca",Téglalakás,2025-09-05,rental,5,Felújított,Gázkazán,,C,,,,
https://www.zenga.hu/ingatlan/kiado-teglalakas-budapest-xix-kerulet-wekerletelep/8657340?page=68&pos=18,Budapest XIX. kerület kiadó téglalakás 2+1 fél szobás: 210 ezer Ft,210.0,54.0,1. emelet,2.0,"Budapest XIX. kerület, Wekerletelep, Kós Károly tér",Téglalakás,2025-09-05,rental,3,Újszerű,Házközponti,,Nem adta meg a hirdető,,,,
https://www.zenga.hu/ingatlan/kiado-teglalakas-budapest-ii-kerulet/8655890?page=68&pos=19,Budapest II. kerület kiadó téglalakás 1+1 fél szobás: 220 ezer Ft,220.0,44.0,1. emelet,1.0,Budapest II. kerület,Téglalakás,2025-09-05,rental,4,Jó állapotú,,,Nem adta meg a hirdető,,,Nincs,
https://www.zenga.hu/ingatlan/kiado-teglalakas-budapest-xiii-kerulet/8678309?page=68&pos=20,Budapest XIII. kerület kiadó téglalakás 2 szobás: 380 ezer Ft,380.0,55.0,9. emelet,2.0,"Budapest XIII. kerület, Visegrádi utca",Téglalakás,2025-09-05,rental,9,Új építésű,Házközponti fűtés egyedi méréssel,,B,,,,
https://www.zenga.hu/ingatlan/kiado-teglalakas-budapest-ii-kerulet-rozsadomb/7937323?page=69&pos=1,Budapest II. kerület kiadó téglalakás 1 szobás: 713 ezer Ft,713.0,66.0,5. emelet,1.0,"Budapest II. kerület, Rózsadomb, Margit körút",Téglalakás,2025-09-05,rental,6,Felújított,Házközponti,,C,,,,
https://www.zenga.hu/ingatlan/kiado-teglalakas-budapest-ix-kerulet/8605873?page=69&pos=2,Budapest IX. kerület kiadó téglalakás 3 szobás: 490 ezer Ft,490.0,51.0,2. emelet,3.0,Budapest IX. kerület,Téglalakás,2025-09-05,rental,8,Új építésű,Házközponti,,A+,,,,
https://www.zenga.hu/ingatlan/kiado-teglalakas-budapest-i-kerulet-taban/7890238?page=69&pos=6,Budapest I. kerület kiadó téglalakás 4 szobás: 792 ezer Ft,,,,,,,2025-09-05,rental,,,,,,,,,
https://www.zenga.hu/ingatlan/kiado-teglalakas-budapest-ii-kerulet/6427891?page=68&pos=5,"Budapest II. kerület kiadó téglalakás 4 szobás: 1,13 millió Ft",1.13,165.0,,,"Budapest VIII. kerület, Józsefváros, Dugonics utca",,2025-09-05,rental,,,,,,,,,
https://www.zenga.hu/ingatlan/kiado-teglalakas-budapest-xi-kerulet-szentimrevaros/8413534?page=69&pos=7,Budapest XI. kerület kiadó téglalakás 2+1 fél szobás: 340 ezer Ft,340.0,86.0,1. emelet,2.0,"Budapest XI. kerület, Szentimreváros",Téglalakás,2025-09-05,rental,2,Felújított,Gázkazán,,B,,,,
https://www.zenga.hu/ingatlan/kiado-teglalakas-budapest-vii-kerulet/8682731?page=69&pos=5,Budapest VII. kerület kiadó téglalakás 2 szobás: 400 ezer Ft,400.0,60.0,3. emelet,2.0,"Budapest VII. kerület, Alsó erdősor",Téglalakás,2025-09-05,rental,4,Újszerű,Gázkazán,,A++,,,,
https://www.zenga.hu/ingatlan/kiado-teglalakas-budapest-vi-kerulet/8654701?page=69&pos=8,Budapest VI. kerület kiadó téglalakás 2 szobás: 260 ezer Ft,260.0,42.0,1. emelet,2.0,Budapest VI. kerület,Téglalakás,2025-09-05,rental,,Jó állapotú,Házközponti fűtés egyedi méréssel,,A++,2018,,,
https://www.zenga.hu/ingatlan/kiado-teglalakas-budapest-viii-kerulet/8681222?page=69&pos=9,Budapest VIII. kerület kiadó téglalakás 1 szobás: 295 ezer Ft,295.0,43.0,2. emelet,1.0,"Budapest VIII. kerület, Bródy Sándor utca",Téglalakás,2025-09-05,rental,4,Újszerű,,,Nem adta meg a hirdető,,,,
https://www.zenga.hu/ingatlan/kiado-teglalakas-budapest-vii-kerulet/8572388?page=69&pos=10,Budapest VII. kerület kiadó téglalakás 1 szobás: 250 ezer Ft,250.0,21.0,2. emelet,1.0,Budapest VII. kerület,Téglalakás,2025-09-05,rental,7,Felújított,Házközponti,,B,,,,
https://www.zenga.hu/ingatlan/kiado-teglalakas-budapest-ii-kerulet-palvolgy/8116412?page=69&pos=11,Budapest II. kerület kiadó téglalakás 3 szobás: 871 ezer Ft,871.0,95.0,1. emelet,3.0,"Budapest II. kerület, Pálvölgy",Téglalakás,2025-09-05,rental,2,Új építésű,Gázkazán,,B,,,,
https://www.zenga.hu/ingatlan/kiado-teglalakas-budapest-vi-kerulet/8660374?page=69&pos=14,Budapest VI. kerület kiadó téglalakás 3 szobás: 350 ezer Ft,350.0,65.0,5. emelet,3.0,"Budapest VI. kerület, Benczúr utca",Téglalakás,2025-09-05,rental,6,Felújított,Házközponti,,C,,,,
https://www.zenga.hu/ingatlan/kiado-teglalakas-budapest-ix-kerulet/8614365?page=69&pos=13,Budapest IX. kerület kiadó téglalakás 2 szobás: 260 ezer Ft,260.0,38.0,3. emelet,2.0,Budapest IX. kerület,Téglalakás,2025-09-05,rental,4,Felújított,Központi fűtés,,B,,,,
https://www.zenga.hu/ingatlan/kiado-teglalakas-budapest-viii-kerulet-jozsefvaros/8678302?page=68&pos=14,Budapest VIII. kerület kiadó téglalakás 1 szobás: 190 ezer Ft,250.0,35.0,2. emelet,3.0,"Budapest V. kerület, Lipótváros, Arany János utca",Téglalakás,2025-09-05,rental,2,Felújított,Házközponti fűtés egyedi méréssel,,D,,,,
https://www.zenga.hu/ingatlan/kiado-panellakas-budapest-xiv-kerulet/8678271?page=69&pos=15,Budapest XIV. kerület kiadó panellakás 3 szobás: 300 ezer Ft,300.0,68.0,6. emelet,3.0,Budapest XIV. kerület,Panellakás,2025-09-05,rental,10,Újszerű,Távfűtés,"2,2 m²",Nem adta meg a hirdető,1980,,,
https://www.zenga.hu/ingatlan/kiado-teglalakas-budapest-vi-kerulet/8626986?page=69&pos=3,Budapest VI. kerület kiadó téglalakás 1+1 fél szobás: 250 ezer Ft,250.0,,1. emelet,3.0,"Budapest V. kerület, Lipótváros, Arany János utca",Téglalakás,2025-09-05,rental,2,Felújított,Házközponti fűtés egyedi méréssel,,,,,,
https://www.zenga.hu/ingatlan/kiado-teglalakas-budapest-xiv-kerulet/8681220?page=69&pos=16,Budapest XIV. kerület kiadó téglalakás 3 szobás: 295 ezer Ft,295.0,61.0,1. emelet,3.0,"Budapest XIV. kerület, Gyarmat utca",Téglalakás,2025-09-05,rental,3,Újszerű,,,Nem adta meg a hirdető,,,,
https://www.zenga.hu/ingatlan/kiado-teglalakas-budapest-v-kerulet-lipotvaros/7969679?page=69&pos=12,Budapest V. kerület kiadó téglalakás 3 szobás: 740 ezer Ft,740.0,110.0,1. emelet,3.0,"Budapest V. kerület, Lipótváros, Arany János utca",Téglalakás,2025-09-05,rental,2,,,,,,,,
https://www.zenga.hu/ingatlan/kiado-teglalakas-budapest-xi-kerulet-kelenfold/8656709?page=69&pos=20,Budapest XI. kerület kiadó téglalakás 2 szobás: 280 ezer Ft,280.0,69.0,2. emelet,2.0,"Budapest XI. kerület, Kelenföld, Bartók Béla út",Téglalakás,2025-09-05,rental,4,Újszerű,Gázkazán,,C,,,,
https://www.zenga.hu/ingatlan/kiado-teglalakas-budapest-v-kerulet-belvaros/8495784?page=69&pos=18,"Budapest V. kerület kiadó téglalakás 4 szobás: 1,3 millió Ft",1.3,116.0,4. emelet,4.0,"Budapest V. kerület, Belváros",Téglalakás,2025-09-05,rental,,Felújított,Gázkazán,,,,,,
https://www.zenga.hu/ingatlan/kiado-teglalakas-budapest-vi-kerulet/8576943?page=69&pos=19,Budapest VI. kerület kiadó téglalakás 3 szobás: 750 ezer Ft,750.0,135.0,2. emelet,3.0,Budapest VI. kerület,Téglalakás,2025-09-05,rental,,,Gázkazán,,,1940,,,
https://www.zenga.hu/ingatlan/kiado-teglalakas-budapest-v-kerulet-lipotvaros/8683409?page=69&pos=17,Budapest V. kerület kiadó téglalakás 1 szobás: 190 ezer Ft,190.0,20.0,földszint,1.0,"Budapest V. kerület, Lipótváros, Hold utca",Téglalakás,2025-09-05,rental,,,,,,,,,
https://www.zenga.hu/ingatlan/kiado-teglalakas-budapest-xiii-kerulet/8681179?page=70&pos=3,Budapest XIII. kerület kiadó téglalakás 2 szobás: 290 ezer Ft,290.0,46.0,1. emelet,2.0,"Budapest XIII. kerület, Szabolcs utca",Téglalakás,2025-09-05,rental,8,Újszerű,Házközponti,,A,,,,
https://www.zenga.hu/ingatlan/kiado-teglalakas-budapest-v-kerulet-belvaros/8623744?page=70&pos=5,Budapest V. kerület kiadó téglalakás 1 szobás,277.0,40.0,8. emelet,1.0,"Budapest V. kerület, Belváros, Aranykéz utca",Téglalakás,2025-09-05,rental,,,Házközponti,,Nem adta meg a hirdető,1980,,,
https://www.zenga.hu/ingatlan/kiado-teglalakas-budapest-vii-kerulet/8622709?page=70&pos=6,Budapest VII. kerület kiadó téglalakás 2 szobás: 310 ezer Ft,310.0,49.0,földszint,2.0,Budapest VII. kerület,Téglalakás,2025-09-05,rental,4,Újszerű,Gáz (héra),"21,1 m²",Nem adta meg a hirdető,1900,,,
https://www.zenga.hu/ingatlan/kiado-teglalakas-budapest-viii-kerulet/8643007?page=70&pos=9,Budapest VIII. kerület kiadó téglalakás 1 szobás: 300 ezer Ft,300.0,32.0,5. emelet,1.0,"Budapest VIII. kerület, Baross tér",Téglalakás,2025-09-05,rental,6,Újszerű,Egyéb,,,,,,
https://www.zenga.hu/ingatlan/kiado-teglalakas-budapest-ix-kerulet/8650586?page=71&pos=10,Budapest IX. kerület kiadó téglalakás 3 szobás: 445 ezer Ft,445.0,76.0,8. emelet,3.0,"Budapest IX. kerület, Gát utca",Téglalakás,2025-09-05,rental,,,,,,,,,
https://www.zenga.hu/ingatlan/kiado-teglalakas-budapest-xi-kerulet-kelenfold/7771233?page=71&pos=1,,445.0,76.0,8. emelet,3.0,"Budapest IX. kerület, Gát utca",Téglalakás,2025-09-05,rental,9,,,,,,,,
https://www.zenga.hu/ingatlan/kiado-teglalakas-budapest-v-kerulet-belvaros/8548008?page=71&pos=13,Budapest V. kerület kiadó téglalakás 1 szobás,277.0,40.0,8. emelet,1.0,"Budapest V. kerület, Belváros",Téglalakás,2025-09-05,rental,9,Felújított,Házközponti,,F,,,,
https://www.zenga.hu/ingatlan/kiado-teglalakas-budapest-iii-kerulet-ujlak-iii-ker/8646421?page=71&pos=15,Budapest III. kerület kiadó téglalakás 1 szobás: 180 ezer Ft,180.0,26.0,szuterén,1.0,"Budapest III. kerület, Újlak III. ker.",Téglalakás,2025-09-05,rental,,Átlagos,Távfűtés,,Nem adta meg a hirdető,1965,,,
https://www.zenga.hu/ingatlan/kiado-teglalakas-budapest-vi-kerulet/8445428?page=71&pos=11,"Budapest VI. kerület kiadó téglalakás 3 szobás: 1,03 millió Ft",1.03,85.0,5. emelet,3.0,Budapest VI. kerület,Téglalakás,2025-09-05,rental,5,Újszerű,Fan coil,,A+,,,,
https://www.zenga.hu/ingatlan/kiado-teglalakas-budapest-xii-kerulet-nemetvolgy/8658777?page=71&pos=17,Budapest XII. kerület kiadó téglalakás 2 szobás: 500 ezer Ft,500.0,50.0,földszint,2.0,"Budapest XII. kerület, Németvölgy, Királyhágó tér",Téglalakás,2025-09-05,rental,7,Újszerű,Fan coil,,A+,,,,
https://www.zenga.hu/ingatlan/kiado-teglalakas-budapest-ii-kerulet-rezmal/8671782?page=71&pos=7,,,,,,,,2025-09-05,rental,,,,,,,,,
https://www.zenga.hu/ingatlan/kiado-teglalakas-budapest-iii-kerulet-obuda/8552719?page=71&pos=16,,,,,,,,2025-09-05,rental,,,,,,,,,
https://www.zenga.hu/ingatlan/kiado-teglalakas-budapest-vi-kerulet/8682657?page=71&pos=20,Budapest VI. kerület kiadó téglalakás 2 szobás: 270 ezer Ft,270.0,43.0,földszint,2.0,Budapest VI. kerület,Téglalakás,2025-09-05,rental,3,Újszerű,Padlófűtés,,Nem adta meg a hirdető,1960,,,
https://www.zenga.hu/ingatlan/kiado-teglalakas-budapest-xiii-kerulet/8671638?page=71&pos=19,Budapest XIII. kerület kiadó téglalakás 2 szobás: 260 ezer Ft,260.0,44.0,2. emelet,2.0,Budapest XIII. kerület,,2025-09-05,rental,,,,,,,,,
https://www.zenga.hu/ingatlan/kiado-teglalakas-budapest-viii-kerulet/8673644?page=72&pos=9,Budapest VIII. kerület kiadó téglalakás 2 szobás: 270 ezer Ft,270.0,55.0,2. emelet,,,,2025-09-05,rental,,,,,,,,,
https://www.zenga.hu/ingatlan/kiado-teglalakas-budapest-viii-kerulet/8574429?page=72&pos=10,,,,,,,,2025-09-05,rental,,,,,,,,,
https://www.zenga.hu/ingatlan/kiado-teglalakas-budapest-v-kerulet-belvaros/8360740?page=72&pos=12,Budapest V. kerület kiadó téglalakás 3 szobás: 889 ezer Ft,889.0,100.0,7. emelet,3.0,"Budapest V. kerület, Belváros",Téglalakás,2025-09-05,rental,7,Újszerű,Gázkazán,,Nem adta meg a hirdető,,,,
https://www.zenga.hu/ingatlan/kiado-teglalakas-budapest-i-kerulet/8683408?page=72&pos=15,Budapest I. kerület kiadó téglalakás 1 szobás: 210 ezer Ft,210.0,40.0,4. emelet,1.0,"Budapest I. kerület, Hegyalja út",Téglalakás,2025-09-05,rental,4,Felújított,Házközponti,,E,,,,
https://www.zenga.hu/ingatlan/kiado-teglalakas-budapest-vii-kerulet-nagykoruton-kivuli-terulet/8616615?page=72&pos=2,,200.0,30.0,1. emelet,1.0,"Budapest VIII. kerület, József körút",Téglalakás,2025-09-05,rental,4,Felújított,Gázkazán,,,,,,
https://www.zenga.hu/ingatlan/kiado-teglalakas-budapest-xiii-kerulet-ujlipotvaros/8604289?page=72&pos=7,Budapest XIII. kerület kiadó téglalakás 2 szobás: 400 ezer Ft,400.0,50.0,5. emelet,2.0,"Budapest XIII. kerület, Újlipótváros",,2025-09-05,rental,,,,,,,,,
https://www.zenga.hu/ingatlan/kiado-teglalakas-budapest-vi-kerulet/8662751?page=72&pos=13,Budapest VI. kerület kiadó téglalakás 2 szobás: 380 ezer Ft,380.0,71.0,2. emelet,2.0,"Budapest VI. kerület, Zichy Jenő utca",Téglalakás,2025-09-05,rental,3,Felújított,Gázkazán,,,,,,
https://www.zenga.hu/ingatlan/kiado-teglalakas-budapest-vi-kerulet/8553571?page=72&pos=18,Budapest VI. kerület kiadó téglalakás 3 szobás: 480 ezer Ft,480.0,90.0,1. emelet,3.0,Budapest VI. kerület,Téglalakás,2025-09-05,rental,,Felújított,Gázkazán,,Nem adta meg a hirdető,,,,
https://www.zenga.hu/ingatlan/kiado-teglalakas-budapest-vi-kerulet/8594348?page=72&pos=19,Budapest VI. kerület kiadó téglalakás 3 szobás,317.0,95.0,1. emelet,3.0,Budapest VI. kerület,Téglalakás,2025-09-05,rental,3,Újszerű,Gázkazán,,C,,,,
https://www.zenga.hu/ingatlan/kiado-teglalakas-budapest-iii-kerulet-obuda/8545844?page=73&pos=1,Budapest III. kerület kiadó téglalakás 2 szobás: 320 ezer Ft,320.0,87.0,földszint,2.0,"Budapest III. kerület, Óbuda",Téglalakás,2025-09-05,rental,2,Új építésű,Gázkazán,,A,,,,
https://www.zenga.hu/ingatlan/kiado-teglalakas-budapest-viii-kerulet-orczynegyed/8675770?page=72&pos=14,Budapest VIII. kerület kiadó téglalakás 1+2 fél szobás: 170 ezer Ft,170.0,26.0,2. emelet,1.0,"Budapest VIII. kerület, Orczynegyed",Téglalakás,2025-09-05,rental,5,Felújított,Házközponti,,B,,,,
https://www.zenga.hu/ingatlan/kiado-teglalakas-budapest-xiii-kerulet/8508363?page=73&pos=2,Budapest XIII. kerület kiadó téglalakás 3 szobás: 415 ezer Ft,415.0,77.0,földszint,3.0,Budapest XIII. kerület,Téglalakás,2025-09-05,rental,7,Újszerű,Házközponti fűtés egyedi méréssel,,B,,,,
https://www.zenga.hu/ingatlan/kiado-teglalakas-budapest-v-kerulet-lipotvaros/8242520?page=73&pos=3,Budapest V. kerület kiadó téglalakás 3 szobás: 396 ezer Ft,396.0,60.0,4. emelet,3.0,"Budapest V. kerület, Lipótváros",Téglalakás,2025-09-05,rental,5,Felújított,Házközponti,,B,,,,
https://www.zenga.hu/ingatlan/kiado-teglalakas-budapest-ix-kerulet/8427060?page=73&pos=4,Budapest IX. kerület kiadó téglalakás 2 szobás: 720 ezer Ft,720.0,87.0,5. emelet,2.0,"Budapest IX. kerület, Közraktár utca",Téglalakás,2025-09-05,rental,6,Újszerű,Gázkazán,,Nem adta meg a hirdető,1980,,,
https://www.zenga.hu/ingatlan/kiado-teglalakas-budapest-xi-kerulet/8683416?page=72&pos=17,,,,,,,,2025-09-05,rental,,,,,,,,,
https://www.zenga.hu/ingatlan/kiado-teglalakas-budapest-xi-kerulet-budapart/8652025?page=73&pos=6,,,,,,,,2025-09-05,rental,,,,,,,,,
https://www.zenga.hu/ingatlan/kiado-teglalakas-budapest-xiii-kerulet-angyalfold/8677246?page=73&pos=7,Budapest XIII. kerület kiadó téglalakás 2 szobás: 220 ezer Ft,220.0,40.0,földszint,2.0,"Budapest XIII. kerület, Angyalföld, Mosoly utca",Téglalakás,2025-09-05,rental,3,Felújított,Egyéb,,Nem adta meg a hirdető,,,,
https://www.zenga.hu/ingatlan/kiado-teglalakas-budapest-ix-kerulet/8682732?page=73&pos=8,Budapest IX. kerület kiadó téglalakás 1 szobás: 200 ezer Ft,200.0,35.0,földszint,1.0,"Budapest IX. kerület, Berzenczey utca",Téglalakás,2025-09-05,rental,5,Új építésű,Házközponti fűtés egyedi méréssel,,B,,,,
https://www.zenga.hu/ingatlan/kiado-teglalakas-budapest-vi-kerulet/8247013?page=73&pos=9,"Budapest VI. kerület kiadó téglalakás 4 szobás: 1,11 millió Ft",1.11,170.0,2. emelet,4.0,Budapest VI. kerület,Téglalakás,2025-09-05,rental,,Felújított,Gázkazán,,Nem adta meg a hirdető,1900,,,
https://www.zenga.hu/ingatlan/kiado-teglalakas-budapest-vi-kerulet/8655892?page=73&pos=10,Budapest VI. kerület kiadó téglalakás 4+1 fél szobás: 999 ezer Ft,999.0,130.0,1. emelet,4.0,Budapest VI. kerület,Téglalakás,2025-09-05,rental,4,Felújított,,8 m²,Nem adta meg a hirdető,,,Nincs,
https://www.zenga.hu/ingatlan/kiado-teglalakas-budapest-viii-kerulet/8653089?page=73&pos=12,Budapest VIII. kerület kiadó téglalakás 1 szobás: 290 ezer Ft,290.0,37.0,2. emelet,1.0,"Budapest VIII. kerület, Corvin sétány",Téglalakás,2025-09-05,rental,8,Új építésű,Házközponti fűtés egyedi méréssel,,A+,,,,
https://www.zenga.hu/ingatlan/kiado-teglalakas-budapest-ii-kerulet/8168840?page=73&pos=11,,,,,,,,2025-09-05,rental,,,,,,,,,
https://www.zenga.hu/ingatlan/kiado-teglalakas-budapest-xii-kerulet-szechenyi-hegy/8650592?page=73&pos=13,Budapest XII. kerület kiadó téglalakás 2 szobás: 690 ezer Ft,690.0,100.0,1. emelet,2.0,"Budapest XII. kerület, Széchenyi-hegy, Rácz Aladár út",Téglalakás,2025-09-05,rental,,Felújított,Egyéb,,Nem adta meg a hirdető,,,,
https://www.zenga.hu/ingatlan/kiado-teglalakas-budapest-xi-kerulet/8630353?page=73&pos=5,,,,,,,,2025-09-05,rental,,,,,,,,,
https://www.zenga.hu/ingatlan/kiado-teglalakas-budapest-xiii-kerulet/8603349?page=73&pos=15,Budapest XIII. kerület kiadó téglalakás 2 szobás,356.0,81.0,2. emelet,2.0,Budapest XIII. kerület,Téglalakás,2025-09-05,rental,,Felújított,Távfűtés egyedi méréssel,,Nem adta meg a hirdető,1946,,,
https://www.zenga.hu/ingatlan/kiado-teglalakas-budapest-xii-kerulet-kutvolgy/8574423?page=73&pos=17,Budapest XII. kerület kiadó téglalakás 3+1 fél szobás: 420 ezer Ft,420.0,105.0,1. emelet,3.0,"Budapest XII. kerület, Kútvölgy",Téglalakás,2025-09-05,rental,4,Felújított,Gázkazán,,C,,,,
https://www.zenga.hu/ingatlan/kiado-teglalakas-budapest-ix-kerulet/8643002?page=73&pos=18,Budapest IX. kerület kiadó téglalakás 2 szobás: 290 ezer Ft,290.0,64.0,3. emelet,2.0,"Budapest IX. kerület, Bokréta utca",Téglalakás,2025-09-05,rental,5,Új építésű,Gázkazán,,B,,,,
https://www.zenga.hu/ingatlan/kiado-teglalakas-budapest-xi-kerulet-lagymanyos/8567341?page=73&pos=20,Budapest XI. kerület kiadó téglalakás 3 szobás: 490 ezer Ft,490.0,109.0,1. emelet,3.0,"Budapest XI. kerület, Lágymányos",Téglalakás,2025-09-05,rental,4,Újszerű,Gázkazán,,B,,,,
https://www.zenga.hu/ingatlan/kiado-teglalakas-budapest-viii-kerulet/8554598?page=74&pos=2,Budapest VIII. kerület kiadó téglalakás 3 szobás: 396 ezer Ft,396.0,55.0,3. emelet,3.0,Budapest VIII. kerület,Téglalakás,2025-09-05,rental,5,Új építésű,Házközponti fűtés egyedi méréssel,,C,,,,
https://www.zenga.hu/ingatlan/kiado-teglalakas-budapest-v-kerulet/8352652?page=73&pos=14,Budapest V. kerület kiadó téglalakás 1 szobás: 180 ezer Ft,180.0,25.0,4. emelet,1.0,"Budapest V. kerület, Duna utca",Téglalakás,2025-09-05,rental,5,Felújított,,,,,,,
https://www.zenga.hu/ingatlan/kiado-teglalakas-budapest-xi-kerulet/8595745?page=73&pos=16,Budapest XI. kerület kiadó téglalakás 3+1 fél szobás: 589 ezer Ft,589.0,75.0,7. emelet,3.0,"Budapest XI. kerület, Garda utca",Téglalakás,2025-09-05,rental,7,Új építésű,,,,,,,
https://www.zenga.hu/ingatlan/kiado-teglalakas-budapest-xi-kerulet-gellerthegy/7951438?page=74&pos=1,Budapest XI. kerület kiadó téglalakás 2 szobás: 300 ezer Ft,300.0,59.0,1. emelet,2.0,"Budapest XI. kerület, Gellérthegy, Rezeda utca",Téglalakás,2025-09-05,rental,2,Felújított,Gáz (héra),,,,,,
https://www.zenga.hu/ingatlan/kiado-teglalakas-budapest-viii-kerulet/8617454?page=74&pos=5,Budapest VIII. kerület kiadó téglalakás 3 szobás: 389 ezer Ft,389.0,90.0,2. emelet,3.0,Budapest VIII. kerület,Téglalakás,2025-09-05,rental,4,Felújított,Gázkazán,,D,,,,
https://www.zenga.hu/ingatlan/kiado-teglalakas-budapest-viii-kerulet/8679439?page=74&pos=6,Budapest VIII. kerület kiadó téglalakás 2 szobás: 360 ezer Ft,360.0,43.0,2. emelet,2.0,"Budapest VIII. kerület, Kőris utca",Téglalakás,2025-09-05,rental,7,Újszerű,Hőszivattyú,7 m²,Nem adta meg a hirdető,2022,,,
https://www.zenga.hu/ingatlan/kiado-teglalakas-budapest-ii-kerulet-szepilona/8151372?page=74&pos=9,Budapest II. kerület kiadó téglalakás 3 szobás: 792 ezer Ft,792.0,98.0,földszint,3.0,"Budapest II. kerület, Szépilona",Téglalakás,2025-09-05,rental,2,Új építésű,Házközponti fűtés egyedi méréssel,,C,,,,
https://www.zenga.hu/ingatlan/kiado-teglalakas-budapest-i-kerulet/8605869?page=74&pos=7,Budapest I. kerület kiadó téglalakás 3 szobás: 599 ezer Ft,599.0,80.0,3. emelet,3.0,Budapest I. kerület,Téglalakás,2025-09-05,rental,7,Új építésű,Házközponti fűtés egyedi méréssel,,,,,,
https://www.zenga.hu/ingatlan/kiado-teglalakas-budapest-v-kerulet-lipotvaros/8392780?page=74&pos=10,Budapest V. kerület kiadó téglalakás 3 szobás: 490 ezer Ft,490.0,62.0,2. emelet,3.0,"Budapest V. kerület, Lipótváros",Téglalakás,2025-09-05,rental,5,Felújított,Gázkazán,,E,,,,
https://www.zenga.hu/ingatlan/kiado-teglalakas-budapest-ii-kerulet-szemlohegy/8655882?page=74&pos=8,Budapest II. kerület kiadó téglalakás 2 szobás: 290 ezer Ft,290.0,50.0,2. emelet,2.0,"Budapest II. kerület, Szemlőhegy, Józsefhegyi utca",Téglalakás,2025-09-05,rental,2,Újszerű,,,,,,,
https://www.zenga.hu/ingatlan/kiado-teglalakas-budapest-ix-kerulet/8682556?page=74&pos=3,Budapest IX. kerület kiadó téglalakás 1+1 fél szobás: 280 ezer Ft,280.0,43.0,1. emelet,1.0,Budapest IX. kerület,,2025-09-05,rental,,,,,,,,,
https://www.zenga.hu/ingatlan/kiado-teglalakas-budapest-xviii-kerulet/8655893?page=74&pos=18,Budapest XVIII. kerület kiadó téglalakás 3 szobás: 349 ezer Ft,349.0,160.0,1. emelet,3.0,Budapest XVIII. kerület,Téglalakás,2025-09-05,rental,1,Jó állapotú,,,Nem adta meg a hirdető,,,Nincs,
https://www.zenga.hu/ingatlan/kiado-teglalakas-budapest-vi-kerulet/8622079?page=74&pos=19,Budapest VI. kerület kiadó téglalakás 3 szobás: 560 ezer Ft,560.0,74.0,6. emelet,3.0,"Budapest VI. kerület, Paulay Ede utca",Téglalakás,2025-09-05,rental,6,Újszerű,Házközponti fűtés egyedi méréssel,,Nem adta meg a hirdető,,,,
https://www.zenga.hu/ingatlan/kiado-teglalakas-budapest-v-kerulet-belvaros/8664109?page=74&pos=15,Budapest V. kerület kiadó téglalakás 2 szobás: 520 ezer Ft,520.0,53.0,4. emelet,2.0,"Budapest V. kerület, Belváros, Mérleg utca",,2025-09-05,rental,,,,,,,,,
https://www.zenga.hu/ingatlan/kiado-teglalakas-budapest-ix-kerulet/8622679?page=74&pos=14,,320.0,50.0,1. emelet,2.0,"Budapest VIII. kerület, Práter utca",Téglalakás,2025-09-05,rental,,Új építésű,Elektromos,,A++,,,,
https://www.zenga.hu/ingatlan/kiado-teglalakas-budapest-viii-kerulet/8647558?page=75&pos=3,Budapest VIII. kerület kiadó téglalakás 2 szobás: 320 ezer Ft,320.0,50.0,1. emelet,2.0,"Budapest VIII. kerület, Práter utca",Téglalakás,2025-09-05,rental,,Új építésű,Elektromos,,A++,,,,
https://www.zenga.hu/ingatlan/kiado-teglalakas-budapest-vii-kerulet/6073295?page=75&pos=4,"Budapest VII. kerület kiadó téglalakás 2 szobás: 1,18 millió Ft",1.18,50.0,,2.0,Budapest VII. kerület,Téglalakás,2025-09-05,rental,,Átlagos,,,Nem adta meg a hirdető,,,,
https://www.zenga.hu/ingatlan/kiado-teglalakas-budapest-xi-kerulet/8652676?page=75&pos=5,Budapest XI. kerület kiadó téglalakás 3 szobás: 350 ezer Ft,350.0,64.0,2. emelet,3.0,Budapest XI. kerület,Téglalakás,2025-09-05,rental,4,Újszerű,Házközponti fűtés egyedi méréssel,,Nem adta meg a hirdető,2017,,,
https://www.zenga.hu/ingatlan/kiado-teglalakas-budapest-vi-kerulet/8632162?page=75&pos=7,Budapest VI. kerület kiadó téglalakás 2+1 fél szobás: 350 ezer Ft,350.0,83.0,3. emelet,2.0,"Budapest VI. kerület, Vasvári Pál utca",Téglalakás,2025-09-05,rental,4,Újszerű,Gázkazán,,D,,,,
https://www.zenga.hu/ingatlan/kiado-teglalakas-budapest-i-kerulet/8681175?page=75&pos=6,Budapest I. kerület kiadó téglalakás 3 szobás: 520 ezer Ft,520.0,80.0,2. emelet,3.0,"Budapest I. kerület, Lovas út",Téglalakás,2025-09-05,rental,2,Újszerű,Egyéb,,Nem adta meg a hirdető,,,,
https://www.zenga.hu/ingatlan/kiado-teglalakas-budapest-v-kerulet-belvaros/8672359?page=75&pos=12,Budapest V. kerület kiadó téglalakás 1 szobás: 260 ezer Ft,260.0,40.0,3. emelet,1.0,"Budapest V. kerület, Belváros, Szerb utca",Téglalakás,2025-09-05,rental,4,Felújított,Házközponti fűtés egyedi méréssel,,F,,,,
https://www.zenga.hu/ingatlan/kiado-teglalakas-budapest-xvi-kerulet-rakosszentmihaly/8591701?page=75&pos=11,Budapest XVI. kerület kiadó téglalakás 4 szobás: 650 ezer Ft,,,,,,,2025-09-05,rental,,,,,,,,,
https://www.zenga.hu/ingatlan/kiado-teglalakas-budapest-v-kerulet-belvaros/8674409?page=75&pos=13,Budapest V. kerület kiadó téglalakás 1 szobás: 220 ezer Ft,220.0,30.0,3. emelet,1.0,"Budapest V. kerület, Belváros, Hold utca",Téglalakás,2025-09-05,rental,3,Felújított,Gáz (konvektor),,D,,,,
https://www.zenga.hu/ingatlan/kiado-teglalakas-budapest-xi-kerulet-spanyolret/8513217?page=75&pos=14,Budapest XI. kerület kiadó téglalakás 3 szobás: 475 ezer Ft,475.0,75.0,1. emelet,3.0,"Budapest XI. kerület, Spanyolrét",Téglalakás,2025-09-05,rental,4,Új építésű,Házközponti fűtés egyedi méréssel,,A+,2021,,,
https://www.zenga.hu/ingatlan/kiado-teglalakas-budapest-vi-kerulet/8383347?page=75&pos=8,Budapest VI. kerület kiadó téglalakás 2 szobás: 250 ezer Ft,250.0,48.0,,4.0,Budapest VI. kerület,Téglalakás,2025-09-05,rental,,Felújított,Gázkazán,,Nem adta meg a hirdető,1900,,,
https://www.zenga.hu/ingatlan/kiado-teglalakas-budapest-vi-kerulet/8431591?page=75&pos=18,Budapest VI. kerület kiadó téglalakás 1+1 fél szobás: 360 ezer Ft,360.0,51.0,földszint,1.0,Budapest VI. kerület,Téglalakás,2025-09-05,rental,4,Felújított,Gázkazán,,E,,,,
https://www.zenga.hu/ingatlan/kiado-teglalakas-budapest-vi-kerulet/8248635?page=75&pos=17,"Budapest VI. kerület kiadó téglalakás 4 szobás: 1,47 millió Ft",1.47,155.0,2. emelet,4.0,Budapest VI. kerület,Téglalakás,2025-09-05,rental,,Felújított,Gázkazán,,Nem adta meg a hirdető,1900,,,
https://www.zenga.hu/ingatlan/kiado-teglalakas-budapest-vi-kerulet/8656706?page=75&pos=19,Budapest VI. kerület kiadó téglalakás 3 szobás: 375 ezer Ft,375.0,110.0,2. emelet,3.0,"Budapest VI. kerület, Szív utca",Téglalakás,2025-09-05,rental,3,Felújított,Központi fűtés,,Nem adta meg a hirdető,,,,
https://www.zenga.hu/ingatlan/kiado-teglalakas-budapest-viii-kerulet/8640953?page=75&pos=20,,,,,,,,2025-09-05,rental,,,,,,,,,
https://www.zenga.hu/ingatlan/kiado-teglalakas-budapest-ii-kerulet/8605867?page=76&pos=1,Budapest II. kerület kiadó téglalakás 3 szobás: 530 ezer Ft,530.0,,,,,,2025-09-05,rental,,,,,,,,,
https://www.zenga.hu/ingatlan/kiado-teglalakas-budapest-ii-kerulet-rezmal/8682003?page=76&pos=2,,,,,,,,2025-09-05,rental,,,,,,,,,
https://www.zenga.hu/ingatlan/kiado-teglalakas-budapest-ii-kerulet/8680617?page=76&pos=3,Budapest II. kerület kiadó téglalakás 1 szobás: 594 ezer Ft,594.0,53.0,7. emelet,1.0,Budapest II. kerület,,2025-09-05,rental,,,,,,,,,
https://www.zenga.hu/ingatlan/kiado-teglalakas-budapest-xi-kerulet/8683553?page=75&pos=15,,,,,,,,2025-09-05,rental,,,,,,,,,
https://www.zenga.hu/ingatlan/kiado-teglalakas-budapest-ii-kerulet/8601477?page=76&pos=6,Budapest II. kerület kiadó téglalakás 5 szobás: 715 ezer Ft,715.0,140.0,földszint,5.0,Budapest II. kerület,Téglalakás,2025-09-05,rental,,Újszerű,Egyéb,,Nem adta meg a hirdető,,,,
https://www.zenga.hu/ingatlan/kiado-teglalakas-budapest-x-kerulet-kobanya/8622721?page=76&pos=4,,,,,,,,2025-09-05,rental,,,,,,,,,
https://www.zenga.hu/ingatlan/kiado-teglalakas-budapest-vii-kerulet-nagykoruton-beluli-terulet/8642406?page=76&pos=5,,,,,,,,2025-09-05,rental,,,,,,,,,
https://www.zenga.hu/ingatlan/kiado-teglalakas-budapest-v-kerulet-belvaros/8211720?page=76&pos=8,Budapest V. kerület kiadó téglalakás 1+1 fél szobás,257.0,50.0,1. emelet,1.0,"Budapest V. kerület, Belváros",Téglalakás,2025-09-05,rental,5,Újszerű,Gázkazán,,D,,,,
https://www.zenga.hu/ingatlan/kiado-teglalakas-budapest-xiii-kerulet-angyalfold/8675129?page=76&pos=9,Budapest XIII. kerület kiadó téglalakás 2 szobás: 290 ezer Ft,290.0,44.0,1. emelet,2.0,"Budapest XIII. kerület, Angyalföld, Szekszárdi utca",Téglalakás,2025-09-05,rental,6,Új építésű,Házközponti fűtés egyedi méréssel,,A+,,,,
https://www.zenga.hu/ingatlan/kiado-teglalakas-budapest-v-kerulet-belvaros/7988716?page=76&pos=10,Budapest V. kerület kiadó téglalakás 3 szobás: 960 ezer Ft,960.0,85.0,4. emelet,3.0,"Budapest V. kerület, Belváros",Téglalakás,2025-09-05,rental,5,Felújított,Házközponti,,B,,,,
https://www.zenga.hu/ingatlan/kiado-teglalakas-budapest-v-kerulet-belvaros/8539692?page=76&pos=11,Budapest V. kerület kiadó téglalakás 3 szobás: 499 ezer Ft,499.0,105.0,félemelet,3.0,"Budapest V. kerület, Belváros",Téglalakás,2025-09-05,rental,5,Újszerű,Gázkazán,,B,,,,
https://www.zenga.hu/ingatlan/kiado-teglalakas-budapest-xi-kerulet-albertfalva/8662756?page=76&pos=13,Budapest XI. kerület kiadó téglalakás 1+1 fél szobás: 260 ezer Ft,260.0,54.0,földszint,1.0,"Budapest XI. kerület, Albertfalva, Fegyvernek utca",Téglalakás,2025-09-05,rental,2,Újszerű,Gáz (konvektor),,D,,,,
https://www.zenga.hu/ingatlan/kiado-teglalakas-budapest-xi-kerulet-sasad-sashegy-xi-ker/8675741?page=76&pos=14,Budapest XI. kerület kiadó téglalakás 1+2 fél szobás: 310 ezer Ft,310.0,59.0,félemelet,1.0,"Budapest XI. kerület, Sasad-Sashegy XI. ker., Ugron Gábor utca",Téglalakás,2025-09-05,rental,3,Újszerű,,,,,,,
https://www.zenga.hu/ingatlan/kiado-teglalakas-budapest-vi-kerulet/7449675?page=76&pos=7,Budapest VI. kerület kiadó téglalakás 1+1 fél szobás,257.0,60.0,2. emelet,1.0,"Budapest VI. kerület, Andrássy út",,2025-09-05,rental,,,,,,,,,
https://www.zenga.hu/ingatlan/kiado-teglalakas-budapest-vii-kerulet/8622674?page=76&pos=15,Budapest VII. kerület kiadó téglalakás 1 szobás: 220 ezer Ft,220.0,25.0,1. emelet,1.0,"Budapest VII. kerület, Király utca",Téglalakás,2025-09-05,rental,5,Felújított,Gázkazán,,C,,,,
https://www.zenga.hu/ingatlan/kiado-teglalakas-budapest-vii-kerulet/8573141?page=76&pos=12,Budapest VII. kerület kiadó téglalakás 3 szobás: 350 ezer Ft,350.0,71.0,3. emelet,3.0,Budapest VII. kerület,Téglalakás,2025-09-05,rental,5,Újszerű,,,,,,,
https://www.zenga.hu/ingatlan/kiado-teglalakas-budapest-xi-kerulet-budapart/8664107?page=76&pos=16,Budapest XI. kerület kiadó téglalakás 2 szobás,317.0,46.0,5. emelet,2.0,"Budapest XI. kerület, Budapart, Bíró László József körút",Téglalakás,2025-09-05,rental,10,Új építésű,Házközponti fűtés egyedi méréssel,,A+++,,,,
https://www.zenga.hu/ingatlan/kiado-teglalakas-budapest-i-kerulet/8670374?page=76&pos=17,Budapest I. kerület kiadó téglalakás 2+1 fél szobás: 300 ezer Ft,300.0,54.0,2. emelet,2.0,"Budapest I. kerület, Batthyány utca",Téglalakás,2025-09-05,rental,3,Felújított,Gázkazán,,E,,,,
https://www.zenga.hu/ingatlan/kiado-teglalakas-budapest-xii-kerulet-magasut/8681176?page=76&pos=18,Budapest XII. kerület kiadó téglalakás 4 szobás: 549 ezer Ft,549.0,119.0,1. emelet,4.0,"Budapest XII. kerület, Magasút, Oltvány köz",Téglalakás,2025-09-05,rental,1,Átlagos,Egyéb,,Nem adta meg a hirdető,,,,
https://www.zenga.hu/ingatlan/kiado-teglalakas-budapest-xiv-kerulet-alsorakos/8625259?page=76&pos=19,Budapest XIV. kerület kiadó téglalakás 2 szobás: 300 ezer Ft,300.0,100.0,1. emelet,2.0,"Budapest XIV. kerület, Alsórákos, Tengerszem utca",Téglalakás,2025-09-05,rental,2,Felújított,Elektromos,,Nem adta meg a hirdető,,,,
https://www.zenga.hu/ingatlan/kiado-teglalakas-budapest-ii-kerulet-huvosvolgy/8665809?page=76&pos=20,"Budapest II. kerület kiadó téglalakás 3+1 fél szobás: 1,3 millió Ft",1.3,200.0,földszint,3.0,"Budapest II. kerület, Hűvösvölgy, Bimbó út",Téglalakás,2025-09-05,rental,3,Új építésű,Gázkazán,,B,,,,
https://www.zenga.hu/ingatlan/kiado-teglalakas-budapest-ii-kerulet-pasaret/8601475?page=77&pos=1,"Budapest II. kerület kiadó téglalakás 3 szobás: 1,17 millió Ft",1.17,126.0,2. emelet,3.0,"Budapest II. kerület, Pasarét",Téglalakás,2025-09-05,rental,3,Felújított,Egyéb,,Nem adta meg a hirdető,,,,
https://www.zenga.hu/ingatlan/kiado-teglalakas-budapest-viii-kerulet/8673666?page=77&pos=3,Budapest VIII. kerület kiadó téglalakás 2+1 fél szobás: 350 ezer Ft,350.0,62.0,5. emelet,2.0,"Budapest VIII. kerület, Nap utca",Téglalakás,2025-09-05,rental,5,Újszerű,Házközponti fűtés egyedi méréssel,,Nem adta meg a hirdető,,,,
https://www.zenga.hu/ingatlan/kiado-teglalakas-budapest-vii-kerulet/8646073?page=77&pos=4,Budapest VII. kerület kiadó téglalakás 3 szobás: 574 ezer Ft,574.0,68.0,3. emelet,3.0,Budapest VII. kerület,Téglalakás,2025-09-05,rental,,Felújított,Elektromos,,Nem adta meg a hirdető,1900,,,
https://www.zenga.hu/ingatlan/kiado-teglalakas-budapest-viii-kerulet/8654453?page=77&pos=6,Budapest VIII. kerület kiadó téglalakás 1+1 fél szobás: 320 ezer Ft,320.0,42.0,1. emelet,1.0,"Budapest VIII. kerület, Corvin sétány",Téglalakás,2025-09-05,rental,8,Új építésű,Házközponti fűtés egyedi méréssel,,A,,,,
https://www.zenga.hu/ingatlan/kiado-teglalakas-budapest-viii-kerulet/8570413?page=77&pos=5,Budapest VIII. kerület kiadó téglalakás 1 szobás: 240 ezer Ft,240.0,35.0,6. emelet,1.0,Budapest VIII. kerület,Téglalakás,2025-09-05,rental,8,Újszerű,Házközponti fűtés egyedi méréssel,,A+,,,,
https://www.zenga.hu/ingatlan/kiado-teglalakas-budapest-v-kerulet-belvaros/8494134?page=77&pos=2,"Budapest V. kerület kiadó téglalakás 4 szobás: 1,21 millió Ft",1.21,119.0,3. emelet,4.0,"Budapest V. kerület, Belváros",Téglalakás,2025-09-05,rental,5,Újszerű,Házközponti,,,,,,
https://www.zenga.hu/ingatlan/kiado-panellakas-budapest-viii-kerulet-jozsefvaros/8661046?page=77&pos=7,Budapest VIII. kerület kiadó panellakás 2 szobás: 330 ezer Ft,330.0,50.0,7. emelet,2.0,"Budapest VIII. kerület, Józsefváros, Tömő utca",Panellakás,2025-09-05,rental,10,Újszerű,Házközponti fűtés egyedi méréssel,,Nem adta meg a hirdető,,,,
https://www.zenga.hu/ingatlan/kiado-teglalakas-budapest-v-kerulet/8630342?page=77&pos=10,Budapest V. kerület kiadó téglalakás 1 szobás: 380 ezer Ft,380.0,46.0,4. emelet,1.0,Budapest V. kerület,Téglalakás,2025-09-05,rental,5,Felújított,,,Nem adta meg a hirdető,,,Nincs,
https://www.zenga.hu/ingatlan/kiado-teglalakas-budapest-xvi-kerulet-matyasfold/8615285?page=77&pos=9,Budapest XVI. kerület kiadó téglalakás 3 szobás: 792 ezer Ft,792.0,78.0,1. emelet,3.0,"Budapest XVI. kerület, Mátyásföld",,2025-09-05,rental,,,,,,,,,
https://www.zenga.hu/ingatlan/kiado-teglalakas-budapest-i-kerulet/8633103?page=77&pos=12,Budapest I. kerület kiadó téglalakás 1+2 fél szobás: 399 ezer Ft,399.0,55.0,2. emelet,1.0,"Budapest I. kerület, Gellérthegy utca",Téglalakás,2025-09-05,rental,3,Újszerű,Házközponti fűtés egyedi méréssel,,B,,,,
https://www.zenga.hu/ingatlan/kiado-teglalakas-budapest-ix-kerulet/8662757?page=77&pos=15,Budapest IX. kerület kiadó téglalakás 1 szobás: 265 ezer Ft,265.0,30.0,2. emelet,1.0,"Budapest IX. kerület, Erkel utca",Téglalakás,2025-09-05,rental,5,Újszerű,Gázkazán,,C,,,,
https://www.zenga.hu/ingatlan/kiado-teglalakas-budapest-vi-kerulet/8334882?page=77&pos=8,Budapest VI. kerület kiadó téglalakás 1+1 fél szobás,376.0,57.0,földszint,1.0,Budapest VI. kerület,Téglalakás,2025-09-05,rental,5,Felújított,,,,,,,
https://www.zenga.hu/ingatlan/kiado-teglalakas-budapest-vi-kerulet/8486308?page=77&pos=14,Budapest VI. kerület kiadó téglalakás 3 szobás: 440 ezer Ft,440.0,76.0,2. emelet,3.0,Budapest VI. kerület,Téglalakás,2025-09-05,rental,3,Újszerű,Gázkazán,,E,,,,
https://www.zenga.hu/ingatlan/kiado-panellakas-budapest-xiv-kerulet-kiszuglo/8594351?page=77&pos=18,Budapest XIV. kerület kiadó panellakás 2 szobás: 260 ezer Ft,260.0,53.0,2. emelet,2.0,"Budapest XIV. kerület, Kiszugló",Panellakás,2025-09-05,rental,4,Felújított,Gáz (héra),,Nem adta meg a hirdető,,,,
https://www.zenga.hu/ingatlan/kiado-tarsashazi-lakas-budapest-xiii-kerulet-ujlipotvaros/8439882?page=77&pos=16,Budapest XIII. kerület kiadó társasházi lakás 1 szobás: 150 ezer Ft,150.0,17.0,5. emelet,1.0,"Budapest XIII. kerület, Újlipótváros",Társasházi lakás,2025-09-05,rental,6,Felújított,Elektromos,,I,,25 000 Ft/hó,Nincs,
https://www.zenga.hu/ingatlan/kiado-teglalakas-budapest-ii-kerulet-orszagut/8679805?page=77&pos=17,Budapest II. kerület kiadó téglalakás 2+1 fél szobás: 395 ezer Ft,395.0,100.0,4. emelet,2.0,"Budapest II. kerület, Országút, Fillér utca",Téglalakás,2025-09-05,rental,5,Újszerű,Házközponti,,E,,,,
https://www.zenga.hu/ingatlan/kiado-teglalakas-budapest-vi-kerulet-nagykoruton-kivuli-terulet/8649218?page=78&pos=1,Budapest VI. kerület kiadó téglalakás 3 szobás: 792 ezer Ft,792.0,74.0,1. emelet,3.0,"Budapest VI. kerület, Nagykörúton kívüli terület",Téglalakás,2025-09-05,rental,,Felújított,Gázkazán,,Nem adta meg a hirdető,1900,,,
https://www.zenga.hu/ingatlan/kiado-teglalakas-budapest-i-kerulet/8632151?page=77&pos=19,Budapest I. kerület kiadó téglalakás 1 szobás: 195 ezer Ft,195.0,30.0,félemelet,1.0,"Budapest I. kerület, Lovas utca",Téglalakás,2025-09-05,rental,2,Felújított,Gázkazán,,E,,,,
https://www.zenga.hu/ingatlan/kiado-teglalakas-budapest-vii-kerulet/8675128?page=77&pos=11,Budapest VII. kerület kiadó téglalakás 1 szobás: 250 ezer Ft,250.0,38.0,4. emelet,1.0,"Budapest II. kerület, Kapás utca",Téglalakás,2025-09-05,rental,5,Felújított,Elektromos,,Nem adta meg a hirdető,,,,
https://www.zenga.hu/ingatlan/kiado-teglalakas-budapest-ix-kerulet/8605870?page=78&pos=2,Budapest IX. kerület kiadó téglalakás 3 szobás: 300 ezer Ft,300.0,82.0,3. emelet,3.0,Budapest IX. kerület,Téglalakás,2025-09-05,rental,6,Újszerű,Házközponti fűtés egyedi méréssel,,Nem adta meg a hirdető,,,,
https://www.zenga.hu/ingatlan/kiado-teglalakas-budapest-v-kerulet-belvaros/8464577?page=78&pos=3,Budapest V. kerület kiadó téglalakás 3 szobás: 640 ezer Ft,640.0,100.0,3. emelet,3.0,"Budapest V. kerület, Belváros",Téglalakás,2025-09-05,rental,5,Felújított,Házközponti fűtés egyedi méréssel,,F,,,,
https://www.zenga.hu/ingatlan/kiado-teglalakas-budapest-vi-kerulet/8582264?page=78&pos=5,Budapest VI. kerület kiadó téglalakás 2 szobás: 320 ezer Ft,320.0,54.0,földszint,2.0,Budapest VI. kerület,Téglalakás,2025-09-05,rental,3,Felújított,Gáz (konvektor),,Nem adta meg a hirdető,,,,
https://www.zenga.hu/ingatlan/kiado-teglalakas-budapest-xiii-kerulet/8625880?page=78&pos=4,"Budapest XIII. kerület kiadó téglalakás 5 szobás: 1,08 millió Ft",1.08,110.0,9. emelet,5.0,"Budapest XIII. kerület, Cserhalom utca",Téglalakás,2025-09-05,rental,9,Új építésű,Egyéb,,,,,,
https://www.zenga.hu/ingatlan/kiado-teglalakas-budapest-ii-kerulet/8633564?page=77&pos=20,Budapest II. kerület kiadó téglalakás 1 szobás: 200 ezer Ft,200.0,27.0,3. emelet,1.0,"Budapest II. kerület, Kapás utca",Téglalakás,2025-09-05,rental,5,,,,,,,,
https://www.zenga.hu/ingatlan/kiado-teglalakas-budapest-vi-kerulet/8630347?page=78&pos=7,Budapest VI. kerület kiadó téglalakás 3 szobás: 360 ezer Ft,360.0,67.0,földszint,3.0,Budapest VI. kerület,Téglalakás,2025-09-05,rental,4,Felújított,,,Nem adta meg a hirdető,,,Nincs,
https://www.zenga.hu/ingatlan/kiado-teglalakas-budapest-viii-kerulet-jozsefvaros/8592601?page=78&pos=8,Budapest VIII. kerület kiadó téglalakás 1 szobás: 260 ezer Ft,260.0,26.0,3. emelet,1.0,"Budapest VIII. kerület, Józsefváros",Téglalakás,2025-09-05,rental,4,Újszerű,Gáz (konvektor),,Nem adta meg a hirdető,,,,
https://www.zenga.hu/ingatlan/kiado-teglalakas-budapest-ii-kerulet/7808562?page=78&pos=14,Budapest II. kerület kiadó téglalakás 4+1 fél szobás: 733 ezer Ft,733.0,141.0,5. emelet,4.0,"Budapest II. kerület, Medve utca",Téglalakás,2025-09-05,rental,7,Felújított,Házközponti fűtés egyedi méréssel,,E,,,,
https://www.zenga.hu/ingatlan/kiado-teglalakas-budapest-ii-kerulet-szepilona/8500866?page=78&pos=13,Budapest II. kerület kiadó téglalakás 1+1 fél szobás: 440 ezer Ft,440.0,60.0,6. emelet,1.0,"Budapest II. kerület, Szépilona",Téglalakás,2025-09-05,rental,7,Újszerű,Gázkazán,,A+,,,,
https://www.zenga.hu/ingatlan/kiado-teglalakas-budapest-ix-kerulet/8675739?page=78&pos=10,Budapest IX. kerület kiadó téglalakás 2 szobás: 295 ezer Ft,295.0,43.0,2. emelet,2.0,"Budapest IX. kerület, Angyal utca",Téglalakás,2025-09-05,rental,5,Új építésű,Házközponti,,D,,,,
https://www.zenga.hu/ingatlan/kiado-teglalakas-budapest-ix-kerulet/8501611?page=78&pos=11,Budapest IX. kerület kiadó téglalakás 3 szobás: 460 ezer Ft,460.0,54.0,1. emelet,3.0,Budapest IX. kerület,Téglalakás,2025-09-05,rental,,Felújított,Házközponti,,,,,,
https://www.zenga.hu/ingatlan/kiado-teglalakas-budapest-vi-kerulet/8602877?page=78&pos=17,Budapest VI. kerület kiadó téglalakás 4 szobás: 799 ezer Ft,799.0,130.0,2. emelet,4.0,Budapest VI. kerület,Téglalakás,2025-09-05,rental,6,Újszerű,Gázkazán,,C,,,,
https://www.zenga.hu/ingatlan/kiado-teglalakas-budapest-ii-kerulet-harshegy/8401858?page=78&pos=15,Budapest II. kerület kiadó téglalakás 4 szobás: 990 ezer Ft,990.0,137.0,2. emelet,4.0,"Budapest II. kerület, Hárshegy",Téglalakás,2025-09-05,rental,4,Új építésű,Házközponti,,C,,,,
https://www.zenga.hu/ingatlan/kiado-teglalakas-budapest-v-kerulet-belvaros/8522085?page=78&pos=16,Budapest V. kerület kiadó téglalakás 1 szobás: 260 ezer Ft,260.0,22.0,2. emelet,1.0,"Budapest V. kerület, Belváros",Téglalakás,2025-09-05,rental,5,Újszerű,Gázkazán,,Nem adta meg a hirdető,,,,
https://www.zenga.hu/ingatlan/kiado-teglalakas-budapest-i-kerulet/8323378?page=78&pos=19,Budapest I. kerület kiadó téglalakás 5 szobás: 600 ezer Ft,600.0,105.0,3. emelet,5.0,Budapest I. kerület,Téglalakás,2025-09-05,rental,3,Felújított,Központi fűtés,,D,,,,
https://www.zenga.hu/ingatlan/kiado-teglalakas-budapest-vi-kerulet/8248633?page=78&pos=20,"Budapest VI. kerület kiadó téglalakás 4 szobás: 1,38 millió Ft",1.38,107.0,1. emelet,4.0,Budapest VI. kerület,Téglalakás,2025-09-05,rental,,Felújított,Gázkazán,,Nem adta meg a hirdető,1930,,,
https://www.zenga.hu/ingatlan/kiado-teglalakas-budapest-vi-kerulet/8669250?page=78&pos=9,,300.0,42.0,5. emelet,1.0,"Budapest VII. kerület, Holló utca",Téglalakás,2025-09-05,rental,5,Újszerű,Gázkazán,,A,,,,
https://www.zenga.hu/ingatlan/kiado-teglalakas-budapest-vii-kerulet/8643911?page=78&pos=18,Budapest VII. kerület kiadó téglalakás 1+1 fél szobás: 300 ezer Ft,300.0,42.0,5. emelet,1.0,"Budapest VII. kerület, Holló utca",Téglalakás,2025-09-05,rental,5,Újszerű,Gázkazán,,,,,,
https://www.zenga.hu/ingatlan/kiado-teglalakas-budapest-xiv-kerulet-alsorakos/8662750?page=78&pos=12,,360.0,50.0,4. emelet,2.0,"Budapest XIII. kerület, Angyalföld",Téglalakás,2025-09-05,rental,8,Újszerű,Házközponti fűtés egyedi méréssel,,Nem adta meg a hirdető,,,,
https://www.zenga.hu/ingatlan/kiado-teglalakas-budapest-xiii-kerulet-angyalfold/8538079?page=79&pos=1,Budapest XIII. kerület kiadó téglalakás 2 szobás: 360 ezer Ft,360.0,50.0,4. emelet,2.0,"Budapest XIII. kerület, Angyalföld",Téglalakás,2025-09-05,rental,8,Újszerű,Házközponti fűtés egyedi méréssel,,Nem adta meg a hirdető,,,,
https://www.zenga.hu/ingatlan/kiado-teglalakas-budapest-xiii-kerulet-ujlipotvaros/8678306?page=79&pos=4,Budapest XIII. kerület kiadó téglalakás 2 szobás: 200 ezer Ft,200.0,51.0,2. emelet,2.0,"Budapest XIII. kerület, Újlipótváros, Thurzó utca",Téglalakás,2025-09-05,rental,5,Felújított,Távfűtés,,C,,,,
https://www.zenga.hu/ingatlan/kiado-teglalakas-budapest-vi-kerulet/8630376?page=79&pos=3,Budapest VI. kerület kiadó téglalakás 3 szobás: 2 ezer Ft,2.0,105.0,3. emelet,3.0,Budapest VI. kerület,Téglalakás,2025-09-05,rental,4,Felújított,,,Nem adta meg a hirdető,,,Nincs,
https://www.zenga.hu/ingatlan/kiado-teglalakas-budapest-ix-kerulet/8658772?page=79&pos=8,Budapest IX. kerület kiadó téglalakás 2+1 fél szobás: 310 ezer Ft,310.0,64.0,4. emelet,2.0,"Budapest IX. kerület, Mester utca",Téglalakás,2025-09-05,rental,9,Újszerű,Házközponti fűtés egyedi méréssel,,A,,,,
https://www.zenga.hu/ingatlan/kiado-teglalakas-budapest-ix-kerulet/8611865?page=79&pos=7,Budapest IX. kerület kiadó téglalakás 2 szobás: 681 ezer Ft,681.0,60.0,6. emelet,2.0,Budapest IX. kerület,Téglalakás,2025-09-05,rental,10,Új építésű,Egyéb,,A++,,,,
https://www.zenga.hu/ingatlan/kiado-teglalakas-budapest-v-kerulet-belvaros/8654452?page=79&pos=6,Budapest V. kerület kiadó téglalakás 3 szobás: 460 ezer Ft,460.0,55.0,3. emelet,3.0,"Budapest V. kerület, Belváros, Vámház körút",Téglalakás,2025-09-05,rental,3,Felújított,Gázkazán,,A+,,,,
https://www.zenga.hu/ingatlan/kiado-teglalakas-budapest-ix-kerulet/8652027?page=79&pos=5,Budapest IX. kerület kiadó téglalakás 1+1 fél szobás: 350 ezer Ft,350.0,47.0,3. emelet,1.0,"Budapest IX. kerület, Nádasdy utca",Téglalakás,2025-09-05,rental,7,Új építésű,Házközponti fűtés egyedi méréssel,,,,,,
https://www.zenga.hu/ingatlan/kiado-teglalakas-budapest-iii-kerulet-aquincum/8571607?page=79&pos=9,Budapest III. kerület kiadó téglalakás 2 szobás: 415 ezer Ft,415.0,79.0,3. emelet,2.0,"Budapest III. kerület, Aquincum",Téglalakás,2025-09-05,rental,3,Új építésű,Központi fűtés,,B,,,,
https://www.zenga.hu/ingatlan/kiado-teglalakas-budapest-v-kerulet-belvaros/8661044?page=79&pos=2,Budapest V. kerület kiadó téglalakás 2 szobás: 350 ezer Ft,350.0,52.0,2. emelet,2.0,"Budapest V. kerület, Belváros, Apáczai Csere János utca",Téglalakás,2025-09-05,rental,,,,,,,,,
https://www.zenga.hu/ingatlan/kiado-teglalakas-budapest-ii-kerulet/8657978?page=79&pos=10,Budapest II. kerület kiadó téglalakás 4 szobás: 580 ezer Ft,580.0,87.0,3. emelet,4.0,"Budapest II. kerület, Kandó Kálmán utca",Téglalakás,2025-09-05,rental,4,Újszerű,Központi fűtés,,,,,,
https://www.zenga.hu/ingatlan/kiado-egyeb-lakas-budapest-xi-kerulet/8683676?page=79&pos=14,Budapest XI. kerület kiadó egyéb lakás 2 szobás: 280 ezer Ft,280.0,51.0,,,,,2025-09-05,rental,,,,,,,,,
https://www.zenga.hu/ingatlan/kiado-teglalakas-budapest-iii-kerulet/8630366?page=79&pos=16,Budapest III. kerület kiadó téglalakás 2 szobás: 300 ezer Ft,300.0,53.0,4. emelet,2.0,Budapest III. kerület,Téglalakás,2025-09-05,rental,4,Felújított,,2 m²,Nem adta meg a hirdető,,,Nincs,
https://www.zenga.hu/ingatlan/kiado-teglalakas-budapest-xiii-kerulet/8668681?page=79&pos=17,Budapest XIII. kerület kiadó téglalakás 3 szobás: 360 ezer Ft,360.0,77.0,8. emelet,3.0,"Budapest XIII. kerület, Hegedűs Gyula utca",Téglalakás,2025-09-05,rental,9,Újszerű,Házközponti fűtés egyedi méréssel,,Nem adta meg a hirdető,,,,
https://www.zenga.hu/ingatlan/kiado-teglalakas-budapest-ix-kerulet/8650595?page=79&pos=11,Budapest IX. kerület kiadó téglalakás 2 szobás: 400 ezer Ft,400.0,,félemelet,3.0,"Budapest II. kerület, Kavics utca",Téglalakás,2025-09-05,rental,2,Felújított,Gázkazán,,B,,,,
https://www.zenga.hu/ingatlan/kiado-teglalakas-budapest-ii-kerulet-torokvesz/8419693?page=80&pos=3,"Budapest II. kerület kiadó téglalakás 5 szobás: 1,4 millió Ft",1.4,153.0,1. emelet,5.0,"Budapest II. kerület, Törökvész",Téglalakás,2025-09-05,rental,3,Felújított,Gázkazán,,B,,,,
https://www.zenga.hu/ingatlan/kiado-teglalakas-budapest-xiv-kerulet-alsorakos/8647548?page=80&pos=5,Budapest XIV. kerület kiadó téglalakás 1+1 fél szobás: 350 ezer Ft,350.0,42.0,2. emelet,1.0,"Budapest XIV. kerület, Alsórákos, Fischer István utca",Téglalakás,2025-09-05,rental,5,Új építésű,Házközponti fűtés egyedi méréssel,,A++,,,,
https://www.zenga.hu/ingatlan/kiado-teglalakas-budapest-vii-kerulet/7598352?page=80&pos=2,Budapest VII. kerület kiadó téglalakás 3 szobás: 280 ezer Ft,280.0,74.0,2. emelet,3.0,"Budapest VII. kerület, Damjanich utca",Téglalakás,2025-09-05,rental,4,Felújított,Gáz (konvektor),,D,,,,
https://www.zenga.hu/ingatlan/kiado-teglalakas-budapest-vi-kerulet/8577546?page=80&pos=6,Budapest VI. kerület kiadó téglalakás 5 szobás: 765 ezer Ft,765.0,124.0,3. emelet,5.0,Budapest VI. kerület,Téglalakás,2025-09-05,rental,,Újszerű,,,Nem adta meg a hirdető,,,,
https://www.zenga.hu/ingatlan/kiado-teglalakas-budapest-v-kerulet/7756989?page=79&pos=18,"Budapest V. kerület kiadó téglalakás 3 szobás: 1,15 millió Ft",1.15,105.0,,,Budapest VII. kerület,Téglalakás,2025-09-05,rental,4,Felújított,,4 m²,Nem adta meg a hirdető,,,Nincs,
https://www.zenga.hu/ingatlan/kiado-teglalakas-budapest-vii-kerulet/8630364?page=80&pos=7,Budapest VII. kerület kiadó téglalakás 2 szobás,1.0,80.0,1. emelet,2.0,Budapest VII. kerület,Téglalakás,2025-09-05,rental,4,Felújított,,4 m²,Nem adta meg a hirdető,,,Nincs,
https://www.zenga.hu/ingatlan/kiado-teglalakas-budapest-ii-kerulet-pasaret/8580764?page=79&pos=19,Budapest II. kerület kiadó téglalakás 2 szobás: 270 ezer Ft,270.0,53.0,3. emelet,2.0,"Budapest II. kerület, Pasarét",,2025-09-05,rental,,,,,,,,,
https://www.zenga.hu/ingatlan/kiado-teglalakas-budapest-viii-kerulet/8603537?page=80&pos=9,,,,,,,,2025-09-05,rental,,,,,,,,,
https://www.zenga.hu/ingatlan/kiado-teglalakas-budapest-viii-kerulet/8681218?page=80&pos=10,Budapest VIII. kerület kiadó téglalakás 2 szobás: 230 ezer Ft,230.0,46.0,2. emelet,2.0,"Budapest VIII. kerület, Práter utca",Téglalakás,2025-09-05,rental,3,Újszerű,Gáz (konvektor),,Nem adta meg a hirdető,,,,
https://www.zenga.hu/ingatlan/kiado-teglalakas-budapest-ii-kerulet-zoldmal/8655438?page=80&pos=4,Budapest II. kerület kiadó téglalakás 1+2 fél szobás: 300 ezer Ft,300.0,65.0,4. emelet,1.0,"Budapest II. kerület, Zöldmál, Zöldlomb utca",Téglalakás,2025-09-05,rental,4,Felújított,Házközponti,,E,,,,
https://www.zenga.hu/ingatlan/kiado-teglalakas-budapest-v-kerulet/8681887?page=82&pos=1,Budapest V. kerület kiadó téglalakás 2 szobás: 560 ezer Ft,560.0,72.0,3. emelet,2.0,Budapest V. kerület,Téglalakás,2025-09-05,rental,,Felújított,Házközponti,,Nem adta meg a hirdető,1900,,,
https://www.zenga.hu/ingatlan/kiado-teglalakas-budapest-i-kerulet/8667200?page=81&pos=6,Budapest I. kerület kiadó téglalakás 1 szobás: 230 ezer Ft,230.0,32.0,1. emelet,1.0,"Budapest I. kerület, Logodi utca",,2025-09-05,rental,,,,,,,,,
https://www.zenga.hu/ingatlan/kiado-teglalakas-budapest-v-kerulet-belvaros/8494136?page=80&pos=20,Budapest XIII. kerület kiadó téglalakás 3 szobás: 360 ezer Ft,360.0,65.0,1. emelet,3.0,"Budapest XIII. kerület, Klapka utca",Téglalakás,2025-09-05,rental,6,Újszerű,Házközponti fűtés egyedi méréssel,,,,,,
https://www.zenga.hu/ingatlan/kiado-teglalakas-budapest-ix-kerulet-gubacsidulo/8682137?page=81&pos=19,Budapest IX. kerület kiadó téglalakás 2 szobás: 380 ezer Ft,380.0,46.0,4. emelet,2.0,"Budapest IX. kerület, Gubacsidűlő, Ipar utca",Téglalakás,2025-09-05,rental,7,Újszerű,Házközponti fűtés egyedi méréssel,,Nem adta meg a hirdető,,,,
https://www.zenga.hu/ingatlan/kiado-teglalakas-budapest-xi-kerulet-sasad-sashegy-xi-ker/8619591?page=81&pos=17,,,,,,,,2025-09-05,rental,,,,,,,,,
https://www.zenga.hu/ingatlan/kiado-teglalakas-budapest-v-kerulet-lipotvaros/8346372?page=81&pos=13,Budapest V. kerület kiadó téglalakás 1 szobás: 380 ezer Ft,380.0,47.0,2. emelet,1.0,"Budapest V. kerület, Lipótváros",Téglalakás,2025-09-05,rental,,,,,,,,,
https://www.zenga.hu/ingatlan/kiado-teglalakas-budapest-xiii-kerulet-ujlipotvaros/8611233?page=81&pos=16,Budapest XIII. kerület kiadó téglalakás 1 szobás: 185 ezer Ft,185.0,33.0,földszint,1.0,"Budapest XIII. kerület, Újlipótváros, Kárpát utca",Téglalakás,2025-09-05,rental,3,Jó állapotú,Gáz (konvektor),,Nem adta meg a hirdető,,,,
https://www.zenga.hu/ingatlan/kiado-teglalakas-budapest-vii-kerulet/8102346?page=80&pos=17,,230.0,32.0,1. emelet,1.0,"Budapest I. kerület, Logodi utca",,2025-09-05,rental,,,,,,,,,
https://www.zenga.hu/ingatlan/kiado-teglalakas-budapest-xi-kerulet/8682733?page=81&pos=12,Budapest XI. kerület kiadó téglalakás 2 szobás: 300 ezer Ft,300.0,68.0,4. emelet,2.0,"Budapest XI. kerület, Bercsényi utca",Téglalakás,2025-09-05,rental,5,,,,,,,,
https://www.zenga.hu/ingatlan/kiado-teglalakas-budapest-xiv-kerulet-zuglo/8672358?page=81&pos=15,Budapest XIV. kerület kiadó téglalakás 2+1 fél szobás: 250 ezer Ft,250.0,54.0,2. emelet,2.0,"Budapest XIV. kerület, Zugló, Francia út",Téglalakás,2025-09-05,rental,6,Új építésű,Házközponti fűtés egyedi méréssel,,B,,,,
https://www.zenga.hu/ingatlan/kiado-teglalakas-budapest-vii-kerulet/8679797?page=81&pos=5,Budapest VII. kerület kiadó téglalakás 2 szobás: 270 ezer Ft,270.0,53.0,földszint,2.0,"Budapest VII. kerület, Kertész utca",,2025-09-05,rental,,,,,,,,,
https://www.zenga.hu/ingatlan/kiado-teglalakas-budapest-ii-kerulet-szemlohegy/8265453?page=81&pos=10,,,,,,,,2025-09-05,rental,,,,,,,,,
https://www.zenga.hu/ingatlan/kiado-teglalakas-budapest-xiii-kerulet-angyalfold/8682006?page=82&pos=3,Budapest XIII. kerület kiadó téglalakás 1+1 fél szobás: 220 ezer Ft,220.0,46.0,1. emelet,1.0,"Budapest XIII. kerület, Angyalföld, Rokolya utca",Téglalakás,2025-09-05,rental,,Újszerű,Gázkazán,,Nem adta meg a hirdető,,,,
https://www.zenga.hu/ingatlan/kiado-teglalakas-budapest-xiii-kerulet/8676401?page=81&pos=9,Budapest XIII. kerület kiadó téglalakás 3 szobás: 360 ezer Ft,360.0,65.0,1. emelet,3.0,"Budapest XIII. kerület, Klapka utca",Téglalakás,2025-09-05,rental,6,Újszerű,Házközponti fűtés egyedi méréssel,,,,,,
https://www.zenga.hu/ingatlan/kiado-teglalakas-budapest-viii-kerulet/8630356?page=81&pos=7,Budapest VIII. kerület kiadó téglalakás 1+1 fél szobás: 270 ezer Ft,270.0,46.0,1. emelet,,,,2025-09-05,rental,,,,,,,,,
https://www.zenga.hu/ingatlan/kiado-teglalakas-budapest-xiii-kerulet/8568119?page=81&pos=14,Budapest XIII. kerület kiadó téglalakás 3 szobás: 395 ezer Ft,395.0,57.0,4. emelet,3.0,Budapest XIII. kerület,Téglalakás,2025-09-05,rental,7,Újszerű,Házközponti fűtés egyedi méréssel,,A++,,,,
https://www.zenga.hu/ingatlan/kiado-teglalakas-budapest-vi-kerulet/8658893?page=82&pos=2,Budapest VI. kerület kiadó téglalakás 3 szobás,388.0,59.0,2. emelet,3.0,Budapest VI. kerület,Téglalakás,2025-09-05,rental,,Felújított,Távfűtés egyedi méréssel,,Nem adta meg a hirdető,2010,,,
https://www.zenga.hu/ingatlan/kiado-teglalakas-budapest-vii-kerulet/8679436?page=82&pos=5,Budapest VII. kerület kiadó téglalakás 1 szobás: 185 ezer Ft,185.0,36.0,3. emelet,1.0,"Budapest VII. kerület, Bajza utca",Téglalakás,2025-09-05,rental,8,Átlagos,Házközponti fűtés egyedi méréssel,,Nem adta meg a hirdető,1960,,,
https://www.zenga.hu/ingatlan/kiado-teglalakas-budapest-i-kerulet/8682136?page=81&pos=20,,,,,,,,2025-09-05,rental,,,,,,,,,
https://www.zenga.hu/ingatlan/kiado-teglalakas-budapest-xiii-kerulet-loportardulo/8682139?page=82&pos=6,Budapest XIII. kerület kiadó téglalakás 3+1 fél szobás: 590 ezer Ft,590.0,85.0,8. emelet,3.0,"Budapest XIII. kerület, Lőportárdűlő, Lőportár utca",Téglalakás,2025-09-05,rental,8,Új építésű,Házközponti fűtés egyedi méréssel,,Nem adta meg a hirdető,,,,
https://www.zenga.hu/ingatlan/kiado-teglalakas-budapest-v-kerulet/8681885?page=82&pos=8,Budapest V. kerület kiadó téglalakás 2 szobás: 560 ezer Ft,560.0,72.0,3. emelet,2.0,Budapest V. kerület,Téglalakás,2025-09-05,rental,,Felújított,Házközponti,,Nem adta meg a hirdető,1900,,,
https://www.zenga.hu/ingatlan/kiado-tarsashazi-lakas-budapest-vi-kerulet-nagykoruton-beluli-terulet/8677984?page=82&pos=9,Budapest VI. kerület kiadó társasházi lakás 1 szobás: 210 ezer Ft,210.0,42.0,2. emelet,1.0,"Budapest VI. kerület, Nagykörúton belüli terület, Liszt Ferenc tér 5",Társasházi lakás,2025-09-05,rental,4,Felújított,Házközponti,,A+,1950,10 000 Ft/hó,Nincs,
https://www.zenga.hu/ingatlan/kiado-teglalakas-budapest-ix-kerulet/8682134?page=82&pos=4,Budapest IX. kerület kiadó téglalakás 2+1 fél szobás: 500 ezer Ft,500.0,54.0,,2.0,"Budapest IX. kerület, Kinizsi utca",Téglalakás,2025-09-05,rental,,,,,,,,,
https://www.zenga.hu/ingatlan/kiado-teglalakas-budapest-v-kerulet/8682132?page=82&pos=13,Budapest V. kerület kiadó téglalakás 2 szobás: 550 ezer Ft,550.0,72.0,3. emelet,2.0,"Budapest V. kerület, Széchenyi utca",Téglalakás,2025-09-05,rental,5,Felújított,Házközponti fűtés egyedi méréssel,,Nem adta meg a hirdető,,,,
https://www.zenga.hu/ingatlan/kiado-teglalakas-budapest-xiii-kerulet/8676627?page=82&pos=11,Budapest XIII. kerület kiadó téglalakás 3 szobás: 370 ezer Ft,370.0,73.0,4. emelet,3.0,"Budapest XIII. kerület, Kartács utca",Téglalakás,2025-09-05,rental,7,Új építésű,Házközponti fűtés egyedi méréssel,15 m²,C,,,,
https://www.zenga.hu/ingatlan/kiado-teglalakas-budapest-iii-kerulet-obuda/8682384?page=82&pos=12,Budapest III. kerület kiadó téglalakás 1+1 fél szobás: 180 ezer Ft,180.0,50.0,3. emelet,1.0,"Budapest III. kerület, Óbuda",,2025-09-05,rental,,,,,,,,,
https://www.zenga.hu/ingatlan/kiado-egyeb-lakas-budapest-v-kerulet/8658585?page=81&pos=18,Budapest V. kerület kiadó egyéb lakás 4 szobás: 516 ezer Ft,516.0,97.0,,,"Budapest I. kerület, Kuny Domokos utca",,2025-09-05,rental,,,,,,,,,
https://www.zenga.hu/ingatlan/kiado-teglalakas-budapest-xii-kerulet-nemetvolgy/8682316?page=82&pos=15,Budapest XII. kerület kiadó téglalakás 2 szobás: 360 ezer Ft,360.0,60.0,földszint,2.0,"Budapest XII. kerület, Németvölgy",Téglalakás,2025-09-05,rental,,Felújított,Elektromos,,Nem adta meg a hirdető,,,,
https://www.zenga.hu/ingatlan/kiado-teglalakas-budapest-iii-kerulet/8682563?page=82&pos=14,Budapest III. kerület kiadó téglalakás 1 szobás: 320 ezer Ft,320.0,35.0,7. emelet,1.0,Budapest III. kerület,Téglalakás,2025-09-05,rental,,,,,,,,,
https://www.zenga.hu/ingatlan/kiado-teglalakas-budapest-i-kerulet/8682728?page=82&pos=7,Budapest I. kerület kiadó téglalakás 2 szobás: 240 ezer Ft,,57.0,7. emelet,2.0,"Budapest IX. kerület, Lechner Ödön fasor",Téglalakás,2025-09-05,rental,9,Újszerű,Fan coil,,Nem adta meg a hirdető,2008,,,
https://www.zenga.hu/ingatlan/kiado-teglalakas-budapest-ix-kerulet/8682663?page=82&pos=16,Budapest IX. kerület kiadó téglalakás 2 szobás: 240 ezer Ft,240.0,57.0,7. emelet,2.0,"Budapest IX. kerület, Lechner Ödön fasor",Téglalakás,2025-09-05,rental,9,Újszerű,Fan coil,,Nem adta meg a hirdető,2008,,,
https://www.zenga.hu/ingatlan/kiado-teglalakas-budapest-ii-kerulet-szemlohegy/8679701?page=82&pos=17,Budapest II. kerület kiadó téglalakás 3 szobás: 580 ezer Ft,580.0,114.0,félemelet,3.0,"Budapest II. kerület, Szemlőhegy, Apostol utca - Kavics utca",Téglalakás,2025-09-05,rental,1,Felújított,Egyéb,,Nem adta meg a hirdető,1940,,,
https://www.zenga.hu/ingatlan/kiado-teglalakas-budapest-vi-kerulet/8650579?page=82&pos=20,Budapest VI. kerület kiadó téglalakás 1 szobás: 220 ezer Ft,220.0,32.0,1. emelet,1.0,"Budapest VI. kerület, Podmaniczky utca",Téglalakás,2025-09-05,rental,3,Felújított,Gázkazán,,Nem adta meg a hirdető,,,,
https://www.zenga.hu/ingatlan/kiado-panellakas-budapest-xiii-kerulet-angyalfold/8682360?page=82&pos=19,Budapest XIII. kerület kiadó panellakás 3 szobás: 250 ezer Ft,250.0,64.0,földszint,3.0,"Budapest XIII. kerület, Angyalföld, Gyöngyösi",Panellakás,2025-09-05,rental,10,Jó állapotú,Távfűtés egyedi méréssel,,Nem adta meg a hirdető,,,,
https://www.zenga.hu/ingatlan/kiado-teglalakas-budapest-vii-kerulet/8682623?page=83&pos=1,Budapest VII. kerület kiadó téglalakás 1+1 fél szobás: 250 ezer Ft,250.0,40.0,,1.0,"Budapest VII. kerület, Dob utca 69",Téglalakás,2025-09-05,rental,,,,,Nem adta meg a hirdető,1970,,,
https://www.zenga.hu/ingatlan/kiado-teglalakas-budapest-vi-kerulet/8392226?page=83&pos=2,Budapest VI. kerület kiadó téglalakás 1 szobás: 275 ezer Ft,275.0,36.0,földszint,1.0,Budapest VI. kerület,Téglalakás,2025-09-05,rental,,,Gáz (konvektor),,Nem adta meg a hirdető,1900,,,
https://www.zenga.hu/ingatlan/kiado-egyeb-lakas-budapest-ii-kerulet/8576014?page=83&pos=3,"Budapest II. kerület kiadó egyéb lakás 4 szobás: 2,18 millió Ft",2.18,150.0,,4.0,"Budapest II. kerület, Eszter utca 20",Egyéb lakás,2025-09-05,rental,4,Újszerű,,,Nem adta meg a hirdető,,,,
https://www.zenga.hu/ingatlan/kiado-teglalakas-budapest-vi-kerulet-nagykoruton-beluli-terulet/8682289?page=83&pos=5,Budapest VI. kerület kiadó téglalakás 1+1 fél szobás: 250 ezer Ft,250.0,39.0,2. emelet,1.0,"Budapest VI. kerület, Nagykörúton belüli terület, Zichy Jenő utca 11",Téglalakás,2025-09-05,rental,,Újszerű,Házközponti,,Nem adta meg a hirdető,,,,
https://www.zenga.hu/ingatlan/kiado-teglalakas-budapest-vii-kerulet/8654481?page=83&pos=8,Budapest VII. kerület kiadó téglalakás 1 szobás: 170 ezer Ft,170.0,22.0,5. emelet,1.0,"Budapest VII. kerület, István utca",Téglalakás,2025-09-05,rental,5,Felújított,Elektromos,,Nem adta meg a hirdető,,,,
https://www.zenga.hu/ingatlan/kiado-teglalakas-budapest-vii-kerulet/8682138?page=83&pos=9,Budapest VII. kerület kiadó téglalakás 2 szobás: 250 ezer Ft,250.0,60.0,4. emelet,2.0,"Budapest VII. kerület, Rózsák tere",Téglalakás,2025-09-05,rental,5,Átlagos,Házközponti fűtés egyedi méréssel,,,,,,
https://www.zenga.hu/ingatlan/kiado-teglalakas-budapest-vi-kerulet/8677553?page=83&pos=11,Budapest VI. kerület kiadó téglalakás 3 szobás: 350 ezer Ft,350.0,65.0,2. emelet,3.0,Budapest VI. kerület,Téglalakás,2025-09-05,rental,,Újszerű,Gázkazán,1 m²,Nem adta meg a hirdető,1950,,,
https://www.zenga.hu/ingatlan/kiado-teglalakas-budapest-vii-kerulet-nagykoruton-beluli-terulet/8682117?page=83&pos=12,Budapest VII. kerület kiadó téglalakás 3 szobás: 400 ezer Ft,400.0,77.0,1. emelet,3.0,"Budapest VII. kerület, Belső-Erzsébetváros, Dohány utca",Téglalakás,2025-09-05,rental,,,Távfűtés egyedi méréssel,,Nem adta meg a hirdető,1890,,,
https://www.zenga.hu/ingatlan/kiado-teglalakas-budapest-xii-kerulet-diosarok/8500575?page=83&pos=13,Budapest XII. kerület kiadó téglalakás 4 szobás: 634 ezer Ft,634.0,137.0,1. emelet,4.0,"Budapest XII. kerület, Diósárok",Téglalakás,2025-09-05,rental,,Felújított,Gázkazán,,Nem adta meg a hirdető,1970,,,
https://www.zenga.hu/ingatlan/kiado-teglalakas-budapest-v-kerulet-belvaros/8538966?page=83&pos=6,Budapest V. kerület kiadó téglalakás 4 szobás: 450 ezer Ft,450.0,88.0,4. emelet,4.0,"Budapest V. kerület, Belváros, Nyáry Pál utca",Téglalakás,2025-09-05,rental,,,Házközponti,,,,,,
https://www.zenga.hu/ingatlan/kiado-teglalakas-budapest-xiii-kerulet/8662746?page=82&pos=18,,150.0,25.0,1. emelet,1.0,"Budapest XXI. kerület, Gyártelep",Téglalakás,2025-09-05,rental,2,,,,,,,,
https://www.zenga.hu/ingatlan/kiado-teglalakas-budapest-xxi-kerulet-gyartelep/8682465?page=83&pos=7,Budapest XXI. kerület kiadó téglalakás 1 szobás: 150 ezer Ft,150.0,25.0,1. emelet,1.0,"Budapest XXI. kerület, Gyártelep",Téglalakás,2025-09-05,rental,2,,,,,,,,
https://www.zenga.hu/ingatlan/kiado-teglalakas-budapest-vi-kerulet/8514682?page=83&pos=15,Budapest VI. kerület kiadó téglalakás 5 szobás: 650 ezer Ft,650.0,150.0,1. emelet,5.0,Budapest VI. kerület,Téglalakás,2025-09-05,rental,,,Gázkazán,,Nem adta meg a hirdető,1940,,,
https://www.zenga.hu/ingatlan/kiado-teglalakas-budapest-v-kerulet/8628598?page=83&pos=16,Budapest V. kerület kiadó téglalakás 2 szobás: 320 ezer Ft,320.0,70.0,1. emelet,2.0,"Budapest V. kerület, Stollár Béla utca",Téglalakás,2025-09-05,rental,3,Felújított,Gázkazán,,Nem adta meg a hirdető,,,,
https://www.zenga.hu/ingatlan/kiado-teglalakas-budapest-xviii-kerulet-gloriett-telep/8682382?page=83&pos=17,Budapest XVIII. kerület kiadó téglalakás 2 szobás: 195 ezer Ft,195.0,52.0,3. emelet,2.0,"Budapest XVIII. kerület, Gloriett-telep",Téglalakás,2025-09-05,rental,5,Jó állapotú,Házközponti fűtés egyedi méréssel,,A+,,,,
https://www.zenga.hu/ingatlan/kiado-teglalakas-budapest-ix-kerulet-rehabilitacios-terulet-ix-/8513298?page=83&pos=18,Budapest IX. kerület kiadó téglalakás 3 szobás: 500 ezer Ft,500.0,97.0,1. emelet,3.0,"Budapest IX. kerület, Rehabilitációs terület IX. ker.",Téglalakás,2025-09-05,rental,,,Gázkazán,2 m²,Nem adta meg a hirdető,2010,,,
https://www.zenga.hu/ingatlan/kiado-teglalakas-budapest-xii-kerulet/8644818?page=83&pos=19,Budapest XII. kerület kiadó téglalakás 3 szobás: 350 ezer Ft,350.0,68.0,földszint,3.0,"Budapest XII. kerület, Városmajor utca",Téglalakás,2025-09-05,rental,2,Újszerű,Gázkazán,,Nem adta meg a hirdető,1920,,,
https://www.zenga.hu/ingatlan/kiado-teglalakas-budapest-ii-kerulet-orszagut/8680972?page=83&pos=20,Budapest II. kerület kiadó téglalakás 1 szobás: 195 ezer Ft,195.0,40.0,1. emelet,1.0,"Budapest II. kerület, Országút, foriint",Téglalakás,2025-09-05,rental,5,Felújított,Elektromos,3 m²,Nem adta meg a hirdető,1950,12 000 Ft/hó,,
https://www.zenga.hu/ingatlan/kiado-teglalakas-budapest-viii-kerulet/8682135?page=83&pos=14,Budapest VIII. kerület kiadó téglalakás 2+1 fél szobás: 330 ezer Ft,330.0,62.0,5. emelet,2.0,"Budapest VIII. kerület, Nap utca",Téglalakás,2025-09-05,rental,5,Újszerű,,,,,,,
https://www.zenga.hu/ingatlan/kiado-teglalakas-budapest-xi-kerulet-spanyolret/8306511?page=84&pos=2,Budapest XI. kerület kiadó téglalakás 4 szobás: 360 ezer Ft,360.0,106.0,1. emelet,4.0,"Budapest XI. kerület, Spanyolrét",Téglalakás,2025-09-05,rental,2,Újszerű,Gázkazán,,Nem adta meg a hirdető,2019,,,
https://www.zenga.hu/ingatlan/kiado-teglalakas-budapest-xii-kerulet/8454512?page=84&pos=3,Budapest XII. kerület kiadó téglalakás 4 szobás: 690 ezer Ft,690.0,137.0,1. emelet,4.0,"Budapest XII. kerület, Jagelló út",Téglalakás,2025-09-05,rental,1,Felújított,Gázkazán,,Nem adta meg a hirdető,,,,
https://www.zenga.hu/ingatlan/kiado-teglalakas-budapest-ix-kerulet/8669578?page=84&pos=4,Budapest IX. kerület kiadó téglalakás 2 szobás: 290 ezer Ft,290.0,60.0,3. emelet,2.0,"Budapest IX. kerület, Vágóhíd utca",Téglalakás,2025-09-05,rental,7,Új építésű,Házközponti fűtés egyedi méréssel,,Nem adta meg a hirdető,,,,
https://www.zenga.hu/ingatlan/kiado-teglalakas-budapest-vi-kerulet/8585189?page=84&pos=5,Budapest VI. kerület kiadó téglalakás 2 szobás: 295 ezer Ft,295.0,54.0,földszint,2.0,Budapest VI. kerület,Téglalakás,2025-09-05,rental,3,Felújított,Gázkazán,,Nem adta meg a hirdető,,,,
https://www.zenga.hu/ingatlan/kiado-teglalakas-budapest-vi-kerulet-diplomatanegyed/8579924?page=84&pos=6,Budapest VI. kerület kiadó téglalakás 2 szobás,337.0,78.0,2. emelet,2.0,"Budapest VI. kerület, Diplomatanegyed",Téglalakás,2025-09-05,rental,,,Gázkazán,,Nem adta meg a hirdető,1926,,,
https://www.zenga.hu/ingatlan/kiado-teglalakas-budapest-vi-kerulet/8674403?page=84&pos=8,Budapest VI. kerület kiadó téglalakás 1 szobás: 240 ezer Ft,240.0,40.0,1. emelet,1.0,"Budapest VI. kerület, Rózsa utca",Téglalakás,2025-09-05,rental,6,Felújított,Házközponti fűtés egyedi méréssel,,Nem adta meg a hirdető,,,,
https://www.zenga.hu/ingatlan/kiado-teglalakas-budapest-xii-kerulet-nemetvolgy/8582957?page=84&pos=9,Budapest XII. kerület kiadó téglalakás 3 szobás: 499 ezer Ft,499.0,88.0,4. emelet,3.0,"Budapest XII. kerület, Németvölgy",Téglalakás,2025-09-05,rental,6,Felújított,Gázkazán,,Nem adta meg a hirdető,,,,
https://www.zenga.hu/ingatlan/kiado-teglalakas-budapest-v-kerulet/8669361?page=84&pos=1,Budapest V. kerület kiadó téglalakás 1+1 fél szobás: 299 ezer Ft,560.0,90.0,1. emelet,4.0,"Budapest VI. kerület, Podmaniczky utca",Téglalakás,2025-09-05,rental,4,Felújított,Gázkazán,,Nem adta meg a hirdető,,,,
https://www.zenga.hu/ingatlan/kiado-teglalakas-budapest-ii-kerulet-harshegy/8657026?page=84&pos=12,Budapest II. kerület kiadó téglalakás 6+1 fél szobás: 990 ezer Ft,990.0,195.0,1. emelet,6.0,"Budapest II. kerület, Hárshegy, Hárshegyi út",Téglalakás,2025-09-05,rental,6,Újszerű,,,Nem adta meg a hirdető,2002,,,
https://www.zenga.hu/ingatlan/kiado-teglalakas-budapest-vi-kerulet/8598953?page=84&pos=10,Budapest VI. kerület kiadó téglalakás 4 szobás: 560 ezer Ft,560.0,90.0,1. emelet,4.0,"Budapest VI. kerület, Podmaniczky utca",Téglalakás,2025-09-05,rental,4,Felújított,Gázkazán,,Nem adta meg a hirdető,,,,
https://www.zenga.hu/ingatlan/kiado-teglalakas-budapest-v-kerulet-belvaros/7780881?page=84&pos=13,Budapest V. kerület kiadó téglalakás 3 szobás: 515 ezer Ft,515.0,108.0,1. emelet,3.0,"Budapest V. kerület, Belváros",Téglalakás,2025-09-05,rental,,,Gázkazán,,Nem adta meg a hirdető,1920,,,10 m²
https://www.zenga.hu/ingatlan/kiado-teglalakas-budapest-v-kerulet/8602176?page=84&pos=14,Budapest V. kerület kiadó téglalakás 3 szobás: 541 ezer Ft,541.0,76.0,1. emelet,3.0,Budapest V. kerület,Téglalakás,2025-09-05,rental,5,Felújított,Házközponti fűtés egyedi méréssel,,B,1950,,,
https://www.zenga.hu/ingatlan/kiado-teglalakas-budapest-v-kerulet/8258024?page=84&pos=11,Budapest V. kerület kiadó téglalakás 2 szobás: 440 ezer Ft,440.0,81.0,1. emelet,2.0,"Budapest V. kerület, Zrínyi utca",Téglalakás,2025-09-05,rental,,,,,,,,,
https://www.zenga.hu/ingatlan/kiado-teglalakas-budapest-viii-kerulet/8620411?page=84&pos=16,Budapest VIII. kerület kiadó téglalakás 2 szobás: 420 ezer Ft,420.0,46.0,6. emelet,2.0,"Budapest VIII. kerület, Bauer Sándor utca",Téglalakás,2025-09-05,rental,6,Újszerű,Házközponti fűtés egyedi méréssel,6 m²,,2019,,,
https://www.zenga.hu/ingatlan/kiado-teglalakas-budapest-i-kerulet/8631307?page=84&pos=18,Budapest I. kerület kiadó téglalakás 4+2 fél szobás: 670 ezer Ft,670.0,130.0,4. emelet,4.0,Budapest I. kerület,Téglalakás,2025-09-05,rental,2,Átlagos,Gázkazán,,Nem adta meg a hirdető,2006,,,25 m²
https://www.zenga.hu/ingatlan/kiado-teglalakas-budapest-i-kerulet/7865978?page=84&pos=19,Budapest I. kerület kiadó téglalakás 2 szobás: 350 ezer Ft,350.0,95.0,tetőtér,2.0,"Budapest I. kerület, Pálya utca",Téglalakás,2025-09-05,rental,5,Jó állapotú,Házközponti fűtés egyedi méréssel,,Nem adta meg a hirdető,1990,,,
https://www.zenga.hu/ingatlan/kiado-teglalakas-budapest-xviii-kerulet/8408599?page=85&pos=1,Budapest XVIII. kerület kiadó téglalakás 1 szobás: 170 ezer Ft,170.0,25.0,1. emelet,1.0,Budapest XVIII. kerület,Téglalakás,2025-09-05,rental,2,Új építésű,Egyéb,,Nem adta meg a hirdető,,,,
https://www.zenga.hu/ingatlan/kiado-teglalakas-budapest-xiii-kerulet/8681174?page=85&pos=5,Budapest XIII. kerület kiadó téglalakás 2 szobás: 350 ezer Ft,350.0,45.0,2. emelet,2.0,"Budapest XIII. kerület, Csángó utca",Téglalakás,2025-09-05,rental,5,Új építésű,Egyéb,,Nem adta meg a hirdető,,,,
https://www.zenga.hu/ingatlan/kiado-teglalakas-budapest-ii-kerulet/8637352?page=85&pos=7,Budapest II. kerület kiadó téglalakás 2 szobás: 299 ezer Ft,299.0,62.0,3. emelet,2.0,"Budapest II. kerület, Margit körút",Téglalakás,2025-09-05,rental,7,Újszerű,Házközponti,,Nem adta meg a hirdető,1930,,,
https://www.zenga.hu/ingatlan/kiado-teglalakas-budapest-v-kerulet/8526405?page=85&pos=2,Budapest V. kerület kiadó téglalakás 3 szobás: 880 ezer Ft,880.0,113.0,4. emelet,3.0,"Budapest V. kerület, Vécsey utca",Téglalakás,2025-09-05,rental,4,Újszerű,,,,,,,
https://www.zenga.hu/ingatlan/kiado-teglalakas-budapest-ii-kerulet/7963930?page=85&pos=8,Budapest II. kerület kiadó téglalakás 3 szobás: 600 ezer Ft,600.0,100.0,tetőtér,3.0,"Budapest II. kerület, Selyemakác utca",Téglalakás,2025-09-05,rental,1,Jó állapotú,Gázkazán,"10,7 m²",Nem adta meg a hirdető,2000,,,
https://www.zenga.hu/ingatlan/kiado-teglalakas-budapest-iii-kerulet-romaifurdo/8657025?page=85&pos=9,Budapest III. kerület kiadó téglalakás 2+1 fél szobás: 350 ezer Ft,350.0,57.0,1. emelet,2.0,"Budapest III. kerület, Rómaifürdő, Nánási út",Téglalakás,2025-09-05,rental,4,Újszerű,Gázkazán,,Nem adta meg a hirdető,2007,,,
https://www.zenga.hu/ingatlan/kiado-teglalakas-budapest-xiv-kerulet/8457784?page=85&pos=11,Budapest XIV. kerület kiadó téglalakás 3 szobás: 220 ezer Ft,220.0,64.0,1. emelet,3.0,"Budapest XIV. kerület, Thököly út",Téglalakás,2025-09-05,rental,2,Jó állapotú,Gázkazán,2 m²,Nem adta meg a hirdető,1960,,,
https://www.zenga.hu/ingatlan/kiado-teglalakas-budapest-vi-kerulet/8359223?page=84&pos=15,Budapest VI. kerület kiadó téglalakás 3 szobás: 990 ezer Ft,,50.0,3. emelet,1.0,Budapest V. kerület,Téglalakás,2025-09-05,rental,2,,,,,,,,
https://www.zenga.hu/ingatlan/kiado-teglalakas-budapest-v-kerulet/7977928?page=85&pos=4,Budapest V. kerület kiadó téglalakás 1 szobás: 480 ezer Ft,480.0,50.0,3. emelet,1.0,Budapest V. kerület,Téglalakás,2025-09-05,rental,,,,,,,,,
https://www.zenga.hu/ingatlan/kiado-csusztatott-zsalus-lakas-budapest-iii-kerulet/8663619?page=85&pos=16,Budapest III. kerület kiadó csúsztatott zsalus lakás 3 szobás: 375 ezer Ft,375.0,77.0,2. emelet,3.0,Budapest III. kerület,Csúsztatott zsalus lakás,2025-09-05,rental,3,Jó állapotú,Házközponti fűtés egyedi méréssel,12 m²,Nem adta meg a hirdető,1980,,,
https://www.zenga.hu/ingatlan/kiado-teglalakas-budapest-vi-kerulet/8631321?page=85&pos=17,"Budapest VI. kerület kiadó téglalakás 5+2 fél szobás: 1,5 millió Ft",1.5,229.0,3. emelet,5.0,"Budapest VI. kerület, Paulay Ede utca",Téglalakás,2025-09-05,rental,4,Felújított,Gázkazán,,Nem adta meg a hirdető,,,,
https://www.zenga.hu/ingatlan/kiado-teglalakas-budapest-vi-kerulet/8587481?page=85&pos=14,Budapest VI. kerület kiadó téglalakás 3 szobás: 390 ezer Ft,390.0,59.0,2. emelet,3.0,Budapest VI. kerület,Téglalakás,2025-09-05,rental,,,,,,,,,
https://www.zenga.hu/ingatlan/kiado-teglalakas-budapest-xiii-kerulet/8669392?page=86&pos=3,Budapest XIII. kerület kiadó téglalakás 2 szobás: 260 ezer Ft,260.0,44.0,2. emelet,2.0,Budapest XIII. kerület,Téglalakás,2025-09-05,rental,5,Újszerű,Házközponti fűtés egyedi méréssel,8 m²,Nem adta meg a hirdető,2022,,,
https://www.zenga.hu/ingatlan/kiado-teglalakas-budapest-ix-kerulet/8680518?page=86&pos=2,Budapest IX. kerület kiadó téglalakás 2+1 fél szobás: 300 ezer Ft,300.0,60.0,1. emelet,2.0,"Budapest IX. kerület, Ferenc körút",Téglalakás,2025-09-05,rental,,Felújított,Gázkazán,,Nem adta meg a hirdető,,,,
https://www.zenga.hu/ingatlan/kiado-teglalakas-budapest-v-kerulet/8668740?page=85&pos=18,Budapest V. kerület kiadó téglalakás 2 szobás: 250 ezer Ft,250.0,40.0,1. emelet,2.0,"Budapest V. kerület, Képíró utca",,2025-09-05,rental,,,,,,,,,
https://www.zenga.hu/ingatlan/kiado-teglalakas-budapest-xviii-kerulet/8650494?page=86&pos=6,Budapest XVIII. kerület kiadó téglalakás 1 szobás: 200 ezer Ft,200.0,28.0,földszint,1.0,Budapest XVIII. kerület,Téglalakás,2025-09-05,rental,3,Újszerű,Házközponti,,Nem adta meg a hirdető,1990,,,
https://www.zenga.hu/ingatlan/kiado-teglalakas-budapest-xiii-kerulet/8679773?page=86&pos=5,Budapest XIII. kerület kiadó téglalakás 5 szobás: 360 ezer Ft,360.0,97.0,4. emelet,5.0,"Budapest XIII. kerület, Jász utca",Téglalakás,2025-09-05,rental,4,Újszerű,Házközponti fűtés egyedi méréssel,12 m²,Nem adta meg a hirdető,2011,,,
https://www.zenga.hu/ingatlan/kiado-teglalakas-budapest-xii-kerulet/8632205?page=86&pos=7,Budapest XII. kerület kiadó téglalakás 3+1 fél szobás: 420 ezer Ft,420.0,105.0,1. emelet,3.0,"Budapest XII. kerület, Kútvölgyi út",Téglalakás,2025-09-05,rental,4,Felújított,Gázkazán,,Nem adta meg a hirdető,,,,
https://www.zenga.hu/ingatlan/kiado-teglalakas-budapest-xi-kerulet/8667118?page=86&pos=1,Budapest XI. kerület kiadó téglalakás 2 szobás: 500 ezer Ft,500.0,69.0,3. emelet,2.0,"Budapest XI. kerület, Bartók Béla út",,2025-09-05,rental,,,,,,,,,
https://www.zenga.hu/ingatlan/kiado-teglalakas-budapest-v-kerulet-belvaros/8616660?page=86&pos=4,Budapest V. kerület kiadó téglalakás 4 szobás: 594 ezer Ft,594.0,100.0,3. emelet,4.0,"Budapest V. kerület, Belváros",,2025-09-05,rental,,,,,,,,,
https://www.zenga.hu/ingatlan/kiado-teglalakas-budapest-v-kerulet/8416601?page=86&pos=10,Budapest V. kerület kiadó téglalakás 2+1 fél szobás: 350 ezer Ft,350.0,53.0,földszint,2.0,"Budapest V. kerület, Széchenyi utca",Téglalakás,2025-09-05,rental,7,Újszerű,Házközponti,,Nem adta meg a hirdető,1960,,,
https://www.zenga.hu/ingatlan/kiado-teglalakas-budapest-xi-kerulet-nadorkert/8622756?page=86&pos=14,Budapest XI. kerület kiadó téglalakás 3 szobás: 792 ezer Ft,792.0,81.0,10. emelet,3.0,"Budapest XI. kerület, Nádorkert",Téglalakás,2025-09-05,rental,,Új építésű,,,Nem adta meg a hirdető,2021,,,
https://www.zenga.hu/ingatlan/kiado-teglalakas-budapest-xiv-kerulet/8670914?page=86&pos=12,Budapest XIV. kerület kiadó téglalakás 4 szobás: 400 ezer Ft,400.0,131.0,tetőtér,4.0,Budapest XIV. kerület,Téglalakás,2025-09-05,rental,2,Újszerű,Gázkazán,,Nem adta meg a hirdető,1910,,,
https://www.zenga.hu/ingatlan/kiado-teglalakas-budapest-xviii-kerulet-ferihegy/8577560?page=86&pos=13,Budapest XVIII. kerület kiadó téglalakás 1 szobás: 170 ezer Ft,170.0,25.0,1. emelet,1.0,"Budapest XVIII. kerület, Ferihegy",Téglalakás,2025-09-05,rental,2,Új építésű,Fan coil,,Nem adta meg a hirdető,2023,,,
https://www.zenga.hu/ingatlan/kiado-teglalakas-budapest-v-kerulet-del-belvaros/7573982?page=86&pos=8,"Budapest V. kerület kiadó téglalakás 3 szobás: 1,19 millió Ft",1.19,165.0,1. emelet,3.0,"Budapest V. kerület, Dél-Belváros",Téglalakás,2025-09-05,rental,,,,,,,,,
https://www.zenga.hu/ingatlan/kiado-teglalakas-budapest-ix-kerulet/8633613?page=86&pos=15,Budapest IX. kerület kiadó téglalakás 3 szobás: 395 ezer Ft,395.0,95.0,1. emelet,3.0,"Budapest IX. kerület, Ráday utca",Téglalakás,2025-09-05,rental,4,Újszerű,Gázkazán,,Nem adta meg a hirdető,1900,,,
https://www.zenga.hu/ingatlan/kiado-teglalakas-budapest-v-kerulet/8577626?page=86&pos=16,Budapest V. kerület kiadó téglalakás 3+1 fél szobás: 500 ezer Ft,500.0,140.0,2. emelet,3.0,Budapest V. kerület,Téglalakás,2025-09-05,rental,3,Felújított,Gázkazán,,Nem adta meg a hirdető,,,,
https://www.zenga.hu/ingatlan/kiado-teglalakas-budapest-xi-kerulet/8569854?page=86&pos=20,Budapest XI. kerület kiadó téglalakás 3 szobás: 495 ezer Ft,495.0,80.0,2. emelet,3.0,Budapest XI. kerület,Téglalakás,2025-09-05,rental,4,Újszerű,Házközponti fűtés egyedi méréssel,,Nem adta meg a hirdető,,,,
https://www.zenga.hu/ingatlan/kiado-teglalakas-budapest-ix-kerulet-belso-ferencvaros/8673957?page=87&pos=2,Budapest IX. kerület kiadó téglalakás 3 szobás: 350 ezer Ft,350.0,102.0,3. emelet,3.0,"Budapest IX. kerület, Belső Ferencváros, Külső Mester utca",Téglalakás,2025-09-05,rental,,,Gázkazán,3 m²,Nem adta meg a hirdető,1950,,,
https://www.zenga.hu/ingatlan/kiado-teglalakas-budapest-vii-kerulet/8664976?page=86&pos=18,Budapest VII. kerület kiadó téglalakás 1 szobás: 240 ezer Ft,240.0,34.0,félemelet,1.0,"Budapest VII. kerület, Akácfa utca",Téglalakás,2025-09-05,rental,,Újszerű,Elektromos,,,,,,
https://www.zenga.hu/ingatlan/kiado-teglalakas-budapest-viii-kerulet-palotanegyed/8653692?page=87&pos=1,Budapest VIII. kerület kiadó téglalakás 1 szobás: 200 ezer Ft,200.0,30.0,1. emelet,1.0,"Budapest VIII. kerület, Palotanegyed, József körút",Téglalakás,2025-09-05,rental,4,Újszerű,Gázkazán,,Nem adta meg a hirdető,,,,
https://www.zenga.hu/ingatlan/kiado-teglalakas-budapest-v-kerulet/8623837?page=86&pos=17,Budapest V. kerület kiadó téglalakás 1 szobás: 300 ezer Ft,300.0,25.0,3. emelet,1.0,"Budapest V. kerület, Október 6. utca",,2025-09-05,rental,,,,,,,,,
https://www.zenga.hu/ingatlan/kiado-teglalakas-budapest-vi-kerulet/8562420?page=87&pos=3,Budapest VI. kerület kiadó téglalakás 2 szobás: 400 ezer Ft,400.0,63.0,1. emelet,2.0,Budapest VI. kerület,Téglalakás,2025-09-05,rental,,Felújított,Fan coil,,Nem adta meg a hirdető,,,,
https://www.zenga.hu/ingatlan/kiado-teglalakas-budapest-ii-kerulet/8659902?page=87&pos=6,Budapest II. kerület kiadó téglalakás 3 szobás: 650 ezer Ft,650.0,80.0,5. emelet,3.0,"Budapest II. kerület, Buday László utca",Téglalakás,2025-09-05,rental,6,Újszerű,Házközponti,,Nem adta meg a hirdető,,,,
https://www.zenga.hu/ingatlan/kiado-teglalakas-budapest-viii-kerulet/8459122?page=87&pos=5,Budapest VIII. kerület kiadó téglalakás 3 szobás: 220 ezer Ft,220.0,55.0,3. emelet,3.0,"Budapest VIII. kerület, Népszínház utca",Téglalakás,2025-09-05,rental,6,Jó állapotú,Házközponti,,Nem adta meg a hirdető,1970,,,
https://www.zenga.hu/ingatlan/kiado-teglalakas-budapest-vi-kerulet/8669849?page=87&pos=7,Budapest VI. kerület kiadó téglalakás 3 szobás: 350 ezer Ft,350.0,70.0,2. emelet,3.0,Budapest VI. kerület,Téglalakás,2025-09-05,rental,,,Gázkazán,3 m²,Nem adta meg a hirdető,1910,,,
https://www.zenga.hu/ingatlan/kiado-teglalakas-budapest-ix-kerulet/8669579?page=87&pos=8,Budapest IX. kerület kiadó téglalakás 1 szobás: 240 ezer Ft,240.0,30.0,7. emelet,1.0,"Budapest IX. kerület, Vágóhíd utca",Téglalakás,2025-09-05,rental,7,Új építésű,Házközponti fűtés egyedi méréssel,,Nem adta meg a hirdető,,,,
https://www.zenga.hu/ingatlan/kiado-teglalakas-budapest-xix-kerulet/8522051?page=87&pos=10,Budapest XIX. kerület kiadó téglalakás 1 szobás: 270 ezer Ft,270.0,58.0,földszint,1.0,Budapest XIX. kerület,Téglalakás,2025-09-05,rental,1,Újszerű,Padlófűtés,"52,8 m²",Nem adta meg a hirdető,1970,,,
https://www.zenga.hu/ingatlan/kiado-teglalakas-budapest-iii-kerulet/8661308?page=87&pos=4,Budapest III. kerület kiadó téglalakás 4 szobás: 790 ezer Ft,790.0,136.0,3. emelet,4.0,"Budapest III. kerület, Nánási út",Téglalakás,2025-09-05,rental,5,Újszerű,,,,,,,
https://www.zenga.hu/ingatlan/kiado-teglalakas-budapest-vi-kerulet/8680504?page=87&pos=11,Budapest VI. kerület kiadó téglalakás 3 szobás: 350 ezer Ft,350.0,72.0,1. emelet,3.0,Budapest VI. kerület,Téglalakás,2025-09-05,rental,,Felújított,Gázkazán,,Nem adta meg a hirdető,1910,,,
https://www.zenga.hu/ingatlan/kiado-teglalakas-budapest-xii-kerulet-kissvabhegy/8546761?page=87&pos=12,Budapest XII. kerület kiadó téglalakás 4 szobás: 871 ezer Ft,871.0,117.0,2. emelet,4.0,"Budapest XII. kerület, Kissvábhegy",Téglalakás,2025-09-05,rental,5,Felújított,Gázkazán,,Nem adta meg a hirdető,1994,,,
https://www.zenga.hu/ingatlan/kiado-teglalakas-budapest-v-kerulet-bank-negyed/8658093?page=87&pos=13,Budapest V. kerület kiadó téglalakás 3 szobás: 792 ezer Ft,792.0,86.0,1. emelet,3.0,"Budapest V. kerület, Bank negyed, Alkotmány utca",Téglalakás,2025-09-05,rental,,,Házközponti fűtés egyedi méréssel,,Nem adta meg a hirdető,1928,,,
https://www.zenga.hu/ingatlan/kiado-teglalakas-budapest-v-kerulet/8352595?page=87&pos=14,Budapest V. kerület kiadó téglalakás 2 szobás: 440 ezer Ft,440.0,59.0,1. emelet,2.0,Budapest V. kerület,Téglalakás,2025-09-05,rental,5,Jó állapotú,Gázkazán,"7,5 m²",Nem adta meg a hirdető,1907,,,
https://www.zenga.hu/ingatlan/kiado-teglalakas-budapest-xiii-kerulet-vizafogo/8569856?page=87&pos=15,Budapest XIII. kerület kiadó téglalakás 2 szobás: 320 ezer Ft,320.0,45.0,2. emelet,2.0,"Budapest XIII. kerület, Vizafogó",Téglalakás,2025-09-05,rental,7,Új építésű,Egyéb,,A++,2024,,,
https://www.zenga.hu/ingatlan/kiado-teglalakas-budapest-xi-kerulet-spanyolret/8582323?page=87&pos=9,Budapest XI. kerület kiadó téglalakás 4 szobás: 690 ezer Ft,690.0,113.0,3. emelet,4.0,"Budapest XI. kerület, Spanyolrét",Téglalakás,2025-09-05,rental,4,Újszerű,Házközponti fűtés egyedi méréssel,,,,,,
https://www.zenga.hu/ingatlan/kiado-teglalakas-budapest-v-kerulet-belvaros/8605675?page=87&pos=16,"Budapest V. kerület kiadó téglalakás 4 szobás: 1,38 millió Ft",1.38,135.0,5. emelet,4.0,"Budapest V. kerület, Belváros",Téglalakás,2025-09-05,rental,2,Újszerű,Egyéb,,,2011,,,
https://www.zenga.hu/ingatlan/kiado-teglalakas-budapest-iii-kerulet/8665758?page=87&pos=18,Budapest III. kerület kiadó téglalakás 2 szobás: 320 ezer Ft,320.0,52.0,tetőtér,2.0,"Budapest III. kerület, Bogdáni út",Téglalakás,2025-09-05,rental,11,Újszerű,Falfűtés,12 m²,Nem adta meg a hirdető,2022,,,
https://www.zenga.hu/ingatlan/kiado-teglalakas-budapest-v-kerulet-belvaros/8642525?page=87&pos=19,Budapest V. kerület kiadó téglalakás 2 szobás: 300 ezer Ft,300.0,71.0,1. emelet,2.0,"Budapest V. kerület, Belváros",Téglalakás,2025-09-05,rental,,,Gáz (konvektor),,,1960,,,
https://www.zenga.hu/ingatlan/kiado-teglalakas-budapest-ix-kerulet/8651626?page=88&pos=1,Budapest IX. kerület kiadó téglalakás 2 szobás: 350 ezer Ft,350.0,85.0,földszint,2.0,"Budapest IX. kerület, Lónyay utca",Téglalakás,2025-09-05,rental,6,Újszerű,Gázkazán,,Nem adta meg a hirdető,1900,,,
https://www.zenga.hu/ingatlan/kiado-teglalakas-budapest-viii-kerulet/8580025?page=88&pos=2,Budapest VIII. kerület kiadó téglalakás 1 szobás: 180 ezer Ft,180.0,22.0,2. emelet,1.0,Budapest VIII. kerület,Téglalakás,2025-09-05,rental,3,Felújított,Elektromos,,Nem adta meg a hirdető,,,,
https://www.zenga.hu/ingatlan/kiado-teglalakas-budapest-v-kerulet/8577501?page=88&pos=5,Budapest V. kerület kiadó téglalakás 3 szobás: 598 ezer Ft,598.0,72.0,6. emelet,3.0,Budapest V. kerület,Téglalakás,2025-09-05,rental,6,Újszerű,Házközponti,,Nem adta meg a hirdető,,,,
https://www.zenga.hu/ingatlan/kiado-teglalakas-budapest-xii-kerulet/8496433?page=88&pos=4,Budapest XII. kerület kiadó téglalakás 4 szobás: 635 ezer Ft,635.0,137.0,1. emelet,4.0,"Budapest XII. kerület, Szamóca utca",Téglalakás,2025-09-05,rental,4,Újszerű,Gázkazán,16 m²,Nem adta meg a hirdető,1970,,,
https://www.zenga.hu/ingatlan/kiado-teglalakas-budapest-iii-kerulet/8577584?page=87&pos=20,"Budapest III. kerület kiadó téglalakás 3+1 fél szobás: 1,26 millió Ft",1.26,120.0,földszint,3.0,Budapest III. kerület,Téglalakás,2025-09-05,rental,3,,,,,,,,
https://www.zenga.hu/ingatlan/kiado-teglalakas-budapest-iii-kerulet/8675700?page=88&pos=8,Budapest III. kerület kiadó téglalakás 1 szobás: 160 ezer Ft,160.0,35.0,2. emelet,1.0,Budapest III. kerület,Téglalakás,2025-09-05,rental,4,Jó állapotú,Gáz (konvektor),,,,,,
https://www.zenga.hu/ingatlan/kiado-teglalakas-budapest-i-kerulet/8275094?page=88&pos=9,Budapest I. kerület kiadó téglalakás 1 szobás: 560 ezer Ft,560.0,52.0,1. emelet,1.0,Budapest I. kerület,Téglalakás,2025-09-05,rental,2,Újszerű,Gázkazán,,Nem adta meg a hirdető,1970,,,
https://www.zenga.hu/ingatlan/kiado-teglalakas-budapest-xii-kerulet/8579358?page=88&pos=12,Budapest XII. kerület kiadó téglalakás 2 szobás: 580 ezer Ft,580.0,68.0,1. emelet,2.0,"Budapest XII. kerület, Tündérkert utca",Téglalakás,2025-09-05,rental,3,Újszerű,Gázkazán,"1,1 m²",Nem adta meg a hirdető,2000,,,
https://www.zenga.hu/ingatlan/kiado-teglalakas-budapest-viii-kerulet/8677950?page=88&pos=13,Budapest VIII. kerület kiadó téglalakás 2+1 fél szobás: 395 ezer Ft,,,,,,,2025-09-05,rental,,,,,,,,,
https://www.zenga.hu/ingatlan/kiado-teglalakas-budapest-v-kerulet/8466949?page=88&pos=14,"Budapest V. kerület kiadó téglalakás 3 szobás: 1,72 millió Ft",1.72,152.0,3. emelet,3.0,Budapest V. kerület,Téglalakás,2025-09-05,rental,5,Újszerű,Gázkazán,8 m²,Nem adta meg a hirdető,1910,,,
https://www.zenga.hu/ingatlan/kiado-egyeb-lakas-budapest-xi-kerulet-madarhegy/7721458?page=88&pos=6,Budapest XI. kerület kiadó egyéb lakás 4 szobás: 900 ezer Ft,900.0,133.0,1. emelet,4.0,"Budapest XI. kerület, Madárhegy",Egyéb lakás,2025-09-05,rental,,,,,,,,,
https://www.zenga.hu/ingatlan/kiado-teglalakas-budapest-ii-kerulet/8577491?page=88&pos=16,"Budapest II. kerület kiadó téglalakás 4 szobás: 1,6 millió Ft",1.6,150.0,2. emelet,4.0,Budapest II. kerület,Téglalakás,2025-09-05,rental,4,Újszerű,Házközponti fűtés egyedi méréssel,,Nem adta meg a hirdető,,,,
https://www.zenga.hu/ingatlan/kiado-teglalakas-budapest-xiii-kerulet/8615003?page=88&pos=15,Budapest XIII. kerület kiadó téglalakás 2 szobás: 320 ezer Ft,320.0,48.0,6. emelet,2.0,"Budapest XIII. kerület, Szabolcs utca",Téglalakás,2025-09-05,rental,5,Új építésű,Házközponti fűtés egyedi méréssel,"7,5 m²",Nem adta meg a hirdető,2025,,,
https://www.zenga.hu/ingatlan/kiado-teglalakas-budapest-xiii-kerulet/8622346?page=88&pos=17,Budapest XIII. kerület kiadó téglalakás 2 szobás: 295 ezer Ft,295.0,60.0,2. emelet,2.0,Budapest XIII. kerület,Téglalakás,2025-09-05,rental,,Átlagos,Gáz (konvektor),,Nem adta meg a hirdető,1920,,,
https://www.zenga.hu/ingatlan/kiado-teglalakas-budapest-vi-kerulet/8583051?page=88&pos=11,Budapest VI. kerület kiadó téglalakás 1+2 fél szobás: 345 ezer Ft,345.0,50.0,1. emelet,1.0,Budapest VI. kerület,Téglalakás,2025-09-05,rental,3,Felújított,,,,,,,
https://www.zenga.hu/ingatlan/kiado-teglalakas-budapest-ix-kerulet/8670912?page=89&pos=2,Budapest IX. kerület kiadó téglalakás 3 szobás: 300 ezer Ft,300.0,60.0,1. emelet,3.0,"Budapest IX. kerület, Ferenc körút",Téglalakás,2025-09-05,rental,4,Újszerű,Gázkazán,,Nem adta meg a hirdető,1900,,,
https://www.zenga.hu/ingatlan/kiado-egyeb-lakas-budapest-viii-kerulet/8680636?page=89&pos=3,,,,,,,,2025-09-05,rental,,,,,,,,,
https://www.zenga.hu/ingatlan/kiado-teglalakas-budapest-viii-kerulet/8642996?page=89&pos=4,,,,,,,,2025-09-05,rental,,,,,,,,,
https://www.zenga.hu/ingatlan/kiado-teglalakas-budapest-xii-kerulet/8667132?page=89&pos=6,Budapest XII. kerület kiadó téglalakás 1 szobás: 210 ezer Ft,210.0,27.0,földszint,1.0,Budapest XII. kerület,Téglalakás,2025-09-05,rental,3,Jó állapotú,Gáz (konvektor),,Nem adta meg a hirdető,1950,,,
https://www.zenga.hu/ingatlan/kiado-teglalakas-budapest-xiv-kerulet/8574487?page=88&pos=20,Budapest XIV. kerület kiadó téglalakás 2 szobás: 269 ezer Ft,269.0,57.0,1. emelet,2.0,Budapest XIV. kerület,Téglalakás,2025-09-05,rental,2,Újszerű,Gázkazán,,,,,,
https://www.zenga.hu/ingatlan/kiado-teglalakas-budapest-vii-kerulet/8603716?page=88&pos=19,Budapest VII. kerület kiadó téglalakás 3 szobás: 475 ezer Ft,475.0,72.0,6. emelet,3.0,Budapest VII. kerület,Téglalakás,2025-09-05,rental,7,,,,,,,,
https://www.zenga.hu/ingatlan/kiado-teglalakas-budapest-vii-kerulet/8617886?page=89&pos=9,Budapest VII. kerület kiadó téglalakás 2 szobás: 410 ezer Ft,410.0,55.0,4. emelet,2.0,Budapest VII. kerület,Téglalakás,2025-09-05,rental,5,Újszerű,Gázkazán,,Nem adta meg a hirdető,1910,,,
https://www.zenga.hu/ingatlan/kiado-teglalakas-budapest-ix-kerulet-kozepso-ferencvaros/8623684?page=89&pos=13,Budapest IX. kerület kiadó téglalakás 2 szobás: 300 ezer Ft,300.0,70.0,4. emelet,2.0,"Budapest IX. kerület, Középső Ferencváros, Ipar utca",Téglalakás,2025-09-05,rental,,,Házközponti fűtés egyedi méréssel,,Nem adta meg a hirdető,2015,,,
https://www.zenga.hu/ingatlan/kiado-teglalakas-budapest-xi-kerulet-lagymanyos/8673973?page=89&pos=7,Budapest XI. kerület kiadó téglalakás 2 szobás: 240 ezer Ft,240.0,54.0,6. emelet,2.0,"Budapest XI. kerület, Lágymányos",Téglalakás,2025-09-05,rental,,,,,,,,,
https://www.zenga.hu/ingatlan/kiado-teglalakas-budapest-vi-kerulet/8347584?page=89&pos=8,Budapest VI. kerület kiadó téglalakás 3 szobás: 500 ezer Ft,500.0,100.0,3. emelet,3.0,Budapest VI. kerület,Téglalakás,2025-09-05,rental,,,,,,,,,
https://www.zenga.hu/ingatlan/kiado-teglalakas-budapest-v-kerulet-lipotvaros/8577588?page=89&pos=12,Budapest V. kerület kiadó téglalakás 3 szobás: 752 ezer Ft,752.0,90.0,2. emelet,3.0,"Budapest V. kerület, Lipótváros",Téglalakás,2025-09-05,rental,4,Felújított,Gázkazán,,Nem adta meg a hirdető,,,,
https://www.zenga.hu/ingatlan/kiado-teglalakas-budapest-xii-kerulet/8524655?page=89&pos=16,Budapest XII. kerület kiadó téglalakás 4 szobás: 990 ezer Ft,990.0,106.0,2. emelet,4.0,Budapest XII. kerület,Téglalakás,2025-09-05,rental,4,Újszerű,Mennyezeti hűtés-fűtés,"17,8 m²",Nem adta meg a hirdető,2020,,,
https://www.zenga.hu/ingatlan/kiado-teglalakas-budapest-xiii-kerulet/8661909?page=89&pos=15,Budapest XIII. kerület kiadó téglalakás 3 szobás: 350 ezer Ft,350.0,65.0,4. emelet,3.0,"Budapest XIII. kerület, Victor Hugo utca",Téglalakás,2025-09-05,rental,5,Újszerű,Házközponti fűtés egyedi méréssel,4 m²,Nem adta meg a hirdető,2004,,,
https://www.zenga.hu/ingatlan/kiado-teglalakas-budapest-iii-kerulet-filatorigat/8603621?page=89&pos=17,Budapest III. kerület kiadó téglalakás 1 szobás: 245 ezer Ft,245.0,34.0,5. emelet,1.0,"Budapest III. kerület, Filatorigát",Téglalakás,2025-09-05,rental,,,Házközponti fűtés egyedi méréssel,,Nem adta meg a hirdető,2022,,,12 m²
https://www.zenga.hu/ingatlan/kiado-teglalakas-budapest-xii-kerulet/8639527?page=89&pos=18,Budapest XII. kerület kiadó téglalakás 4 szobás: 550 ezer Ft,550.0,98.0,félemelet,4.0,"Budapest XII. kerület, Böszörményi út",Téglalakás,2025-09-05,rental,,Átlagos,Gáz (konvektor),,Nem adta meg a hirdető,,,,
https://www.zenga.hu/ingatlan/kiado-teglalakas-budapest-xii-kerulet/8679766?page=90&pos=1,Budapest XII. kerület kiadó téglalakás 1 szobás: 290 ezer Ft,290.0,42.0,földszint,1.0,"Budapest XII. kerület, Cinege út",Téglalakás,2025-09-05,rental,3,Újszerű,Házközponti,4 m²,Nem adta meg a hirdető,1991,,,
https://www.zenga.hu/ingatlan/kiado-teglalakas-budapest-v-kerulet/8512375?page=89&pos=5,Budapest V. kerület kiadó téglalakás 3 szobás: 840 ezer Ft,840.0,106.0,4. emelet,3.0,"Budapest V. kerület, Párizsi utca",Téglalakás,2025-09-05,rental,16,,,,,,,,
https://www.zenga.hu/ingatlan/kiado-teglalakas-budapest-i-kerulet/8668092?page=89&pos=20,Budapest I. kerület kiadó téglalakás 3 szobás: 990 ezer Ft,990.0,70.0,3. emelet,3.0,Budapest I. kerület,Téglalakás,2025-09-05,rental,,,Gázkazán,3 m²,Nem adta meg a hirdető,1902,,,
https://www.zenga.hu/ingatlan/kiado-teglalakas-budapest-vi-kerulet/8355489?page=90&pos=2,"Budapest VI. kerület kiadó téglalakás 4 szobás: 1,39 millió Ft",1.39,130.0,4. emelet,4.0,Budapest VI. kerület,Téglalakás,2025-09-05,rental,4,Új építésű,,,Nem adta meg a hirdető,2024,,,
https://www.zenga.hu/ingatlan/kiado-teglalakas-budapest-xi-kerulet/8567330?page=89&pos=14,"Budapest III. kerület kiadó téglalakás 4 szobás: 1,11 millió Ft",1.11,161.0,1. emelet,4.0,"Budapest III. kerület, Táborhegy, Királylaki út",Téglalakás,2025-09-05,rental,,,Gázkazán,"19,7 m²",Nem adta meg a hirdető,2013,,,"14,4 m²"
https://www.zenga.hu/ingatlan/kiado-teglalakas-budapest-iii-kerulet-taborhegy/8571147?page=90&pos=3,"Budapest III. kerület kiadó téglalakás 4 szobás: 1,11 millió Ft",1.11,161.0,1. emelet,4.0,"Budapest III. kerület, Táborhegy, Királylaki út",Téglalakás,2025-09-05,rental,,,Gázkazán,"19,7 m²",Nem adta meg a hirdető,2013,,,"14,4 m²"
https://www.zenga.hu/ingatlan/kiado-teglalakas-budapest-viii-kerulet/8674402?page=89&pos=19,Budapest VIII. kerület kiadó téglalakás 1+1 fél szobás: 299 ezer Ft,299.0,57.0,3. emelet,1.0,"Budapest VIII. kerület, Baross tér",Téglalakás,2025-09-05,rental,3,Felújított,Egyéb,,,,,,
https://www.zenga.hu/ingatlan/kiado-teglalakas-budapest-xv-kerulet/8630242?page=90&pos=4,,,,,,,,2025-09-05,rental,,,,,,,,,
https://www.zenga.hu/ingatlan/kiado-teglalakas-budapest-iii-kerulet/8413502?page=90&pos=5,Budapest III. kerület kiadó téglalakás 3 szobás: 350 ezer Ft,350.0,76.0,1. emelet,3.0,Budapest III. kerület,Téglalakás,2025-09-05,rental,1,Jó állapotú,Gázkazán,,Nem adta meg a hirdető,1990,,,
https://www.zenga.hu/ingatlan/kiado-teglalakas-budapest-vi-kerulet/8671960?page=90&pos=6,Budapest VI. kerület kiadó téglalakás 3 szobás: 480 ezer Ft,480.0,90.0,1. emelet,3.0,"Budapest VI. kerület, Teréz körút",Téglalakás,2025-09-05,rental,,Felújított,Egyéb,,Nem adta meg a hirdető,,,,
https://www.zenga.hu/ingatlan/kiado-teglalakas-budapest-xiii-kerulet/8222829?page=90&pos=7,Budapest XIII. kerület kiadó téglalakás 4+1 fél szobás: 450 ezer Ft,450.0,123.0,tetőtér,4.0,"Budapest XIII. kerület, Szent István körút",Téglalakás,2025-09-05,rental,3,Újszerű,Gázkazán,,Nem adta meg a hirdető,1900,,,
https://www.zenga.hu/ingatlan/kiado-teglalakas-budapest-vii-kerulet/8531206?page=90&pos=8,Budapest VII. kerület kiadó téglalakás 4 szobás: 717 ezer Ft,717.0,100.0,5. emelet,4.0,Budapest VII. kerület,Téglalakás,2025-09-05,rental,6,Felújított,Házközponti,,A,,,,
https://www.zenga.hu/ingatlan/kiado-teglalakas-budapest-xiii-kerulet-ujlipotvaros/7730334?page=90&pos=9,Budapest XIII. kerület kiadó téglalakás 3 szobás: 450 ezer Ft,450.0,103.0,1. emelet,3.0,"Budapest XIII. kerület, Újlipótváros",Téglalakás,2025-09-05,rental,,,Gáz (konvektor),7 m²,Nem adta meg a hirdető,1915,,,
https://www.zenga.hu/ingatlan/kiado-teglalakas-budapest-xiii-kerulet/8568914?page=90&pos=11,Budapest XIII. kerület kiadó téglalakás 2 szobás: 499 ezer Ft,499.0,63.0,félemelet,2.0,"Budapest XIII. kerület, Váci út",Téglalakás,2025-09-05,rental,6,Jó állapotú,Távfűtés,15 m²,Nem adta meg a hirdető,1910,,,
https://www.zenga.hu/ingatlan/kiado-teglalakas-budapest-viii-kerulet-palotanegyed/8494248?page=90&pos=10,Budapest VIII. kerület kiadó téglalakás 2 szobás: 470 ezer Ft,470.0,90.0,1. emelet,2.0,"Budapest VIII. kerület, Palotanegyed",Téglalakás,2025-09-05,rental,,,Gázkazán,,Nem adta meg a hirdető,1900,,,
https://www.zenga.hu/ingatlan/kiado-teglalakas-budapest-v-kerulet-belvaros/8649784?page=91&pos=1,Budapest XIII. kerület kiadó téglalakás 3 szobás: 395 ezer Ft,395.0,57.0,4. emelet,3.0,Budapest XIII. kerület,Téglalakás,2025-09-05,rental,7,Új építésű,,,A++,,,,
https://www.zenga.hu/ingatlan/kiado-teglalakas-budapest-xiii-kerulet/8578024?page=91&pos=10,Budapest XIII. kerület kiadó téglalakás 3 szobás: 395 ezer Ft,395.0,57.0,4. emelet,3.0,Budapest XIII. kerület,Téglalakás,2025-09-05,rental,7,Új építésű,,,A++,,,,
https://www.zenga.hu/ingatlan/kiado-teglalakas-budapest-ii-kerulet/8119044?page=91&pos=8,Budapest II. kerület kiadó téglalakás 3 szobás: 920 ezer Ft,920.0,100.0,2. emelet,3.0,"Budapest II. kerület, Eszter utca",Téglalakás,2025-09-05,rental,3,Újszerű,Gázkazán,3 m²,Nem adta meg a hirdető,2010,,,
https://www.zenga.hu/ingatlan/kiado-teglalakas-budapest-vi-kerulet/8595746?page=91&pos=14,Budapest VI. kerület kiadó téglalakás 2 szobás: 399 ezer Ft,399.0,63.0,1. emelet,2.0,"Budapest VI. kerület, Ó utca",Téglalakás,2025-09-05,rental,4,Felújított,Egyéb,,Nem adta meg a hirdető,,,,
https://www.zenga.hu/ingatlan/kiado-teglalakas-budapest-iii-kerulet/8469331?page=91&pos=15,Budapest III. kerület kiadó téglalakás 2 szobás: 285 ezer Ft,285.0,56.0,1. emelet,2.0,Budapest III. kerület,Téglalakás,2025-09-05,rental,4,Újszerű,Elektromos,,Nem adta meg a hirdető,1920,,,
https://www.zenga.hu/ingatlan/kiado-teglalakas-budapest-v-kerulet/8449076?page=91&pos=18,Budapest V. kerület kiadó téglalakás 1 szobás: 300 ezer Ft,300.0,50.0,földszint,1.0,Budapest V. kerület,Téglalakás,2025-09-05,rental,4,Újszerű,Elektromos,,Nem adta meg a hirdető,1914,,,
https://www.zenga.hu/ingatlan/kiado-teglalakas-budapest-viii-kerulet-kerepesdulo/8660047?page=91&pos=17,Budapest VIII. kerület kiadó téglalakás 1+1 fél szobás: 220 ezer Ft,220.0,42.0,1. emelet,1.0,"Budapest VIII. kerület, Kerepesdűlő",Téglalakás,2025-09-05,rental,1,Felújított,Egyéb,,Nem adta meg a hirdető,1910,,,
https://www.zenga.hu/ingatlan/kiado-teglalakas-budapest-vi-kerulet/8459173?page=91&pos=16,Budapest VI. kerület kiadó téglalakás 4 szobás: 449 ezer Ft,449.0,106.0,földszint,4.0,"Budapest VI. kerület, Dessewffy utca",Téglalakás,2025-09-05,rental,4,Felújított,Központi fűtés,,Nem adta meg a hirdető,,,,
https://www.zenga.hu/ingatlan/kiado-teglalakas-budapest-xii-kerulet/8580748?page=91&pos=11,Budapest XII. kerület kiadó téglalakás 2 szobás: 560 ezer Ft,560.0,68.0,1. emelet,2.0,"Budapest XII. kerület, Tündérkert utca",Téglalakás,2025-09-05,rental,3,Újszerű,Gázkazán,"1,1 m²",,1990,,,
https://www.zenga.hu/ingatlan/kiado-teglalakas-budapest-ii-kerulet/8501154?page=91&pos=5,Budapest II. kerület kiadó téglalakás 4 szobás: 840 ezer Ft,840.0,120.0,földszint,4.0,"Budapest II. kerület, Endrődi Sándor utca",Téglalakás,2025-09-05,rental,1,Újszerű,Hőszivattyú,20 m²,Nem adta meg a hirdető,1970,,,
https://www.zenga.hu/ingatlan/kiado-teglalakas-budapest-v-kerulet/8671893?page=91&pos=2,Budapest V. kerület kiadó téglalakás 2 szobás: 350 ezer Ft,350.0,59.0,,2.0,"Budapest XII. kerület, Tündérkert utca",Téglalakás,2025-09-05,rental,3,Újszerű,Gázkazán,"1,1 m²",Nem adta meg a hirdető,1990,,,
https://www.zenga.hu/ingatlan/kiado-teglalakas-budapest-ii-kerulet/8598954?page=91&pos=7,Budapest II. kerület kiadó téglalakás 3 szobás: 780 ezer Ft,780.0,91.0,4. emelet,3.0,"Budapest II. kerület, Bem József utca",Téglalakás,2025-09-05,rental,5,Felújított,Távfűtés,,Nem adta meg a hirdető,,,,
https://www.zenga.hu/ingatlan/kiado-teglalakas-budapest-v-kerulet-lipotvaros/8597080?page=91&pos=9,Budapest V. kerület kiadó téglalakás 2 szobás: 396 ezer Ft,396.0,80.0,félemelet,2.0,"Budapest V. kerület, Lipótváros, Zoltán utca",Téglalakás,2025-09-05,rental,,,Házközponti,,Nem adta meg a hirdető,1900,,,
https://www.zenga.hu/ingatlan/kiado-teglalakas-budapest-v-kerulet-belvaros/8574483?page=91&pos=12,Budapest V. kerület kiadó téglalakás 3 szobás: 360 ezer Ft,360.0,82.0,1. emelet,3.0,"Budapest V. kerület, Belváros",Téglalakás,2025-09-05,rental,4,Felújított,Gázkazán,,Nem adta meg a hirdető,,,,
https://www.zenga.hu/ingatlan/kiado-teglalakas-budapest-v-kerulet/8664024?page=90&pos=17,,400.0,41.0,1. emelet,1.0,Budapest VI. kerület,Téglalakás,2025-09-05,rental,5,Felújított,Elektromos,,Nem adta meg a hirdető,,,,
https://www.zenga.hu/ingatlan/kiado-teglalakas-budapest-v-kerulet/8649834?page=91&pos=19,Budapest V. kerület kiadó téglalakás 2 szobás: 300 ezer Ft,300.0,65.0,4. emelet,2.0,"Budapest V. kerület, Szent István körút",Téglalakás,2025-09-05,rental,5,Felújított,Gázkazán,,Nem adta meg a hirdető,,,,
https://www.zenga.hu/ingatlan/kiado-teglalakas-budapest-xi-kerulet-kelenfold/8599308?page=92&pos=1,Budapest XI. kerület kiadó téglalakás 2+2 fél szobás: 280 ezer Ft,280.0,63.0,2. emelet,2.0,"Budapest XI. kerület, Kelenföld",Téglalakás,2025-09-05,rental,6,Felújított,Távfűtés egyedi méréssel,,Nem adta meg a hirdető,1955,,,
https://www.zenga.hu/ingatlan/kiado-teglalakas-budapest-vi-kerulet/8527422?page=92&pos=3,Budapest VI. kerület kiadó téglalakás 5 szobás: 600 ezer Ft,600.0,113.0,3. emelet,5.0,"Budapest VI. kerület, Teréz körút",Téglalakás,2025-09-05,rental,,,Gázkazán,,Nem adta meg a hirdető,1850,,,
https://www.zenga.hu/ingatlan/kiado-teglalakas-budapest-vi-kerulet/7705522?page=91&pos=20,Budapest VI. kerület kiadó téglalakás 1 szobás: 480 ezer Ft,480.0,65.0,földszint,1.0,"Budapest VI. kerület, Andrássy út",Téglalakás,2025-09-05,rental,2,Újszerű,Gázkazán,,,1950,,,
https://www.zenga.hu/ingatlan/kiado-teglalakas-budapest-vii-kerulet-nagykoruton-beluli-terulet/8463807?page=91&pos=13,Budapest VII. kerület kiadó téglalakás 2 szobás: 240 ezer Ft,,,10. emelet,2.0,"Budapest XI. kerület, Kelenföld",Téglalakás,2025-09-05,rental,,,Hőszivattyú,,Nem adta meg a hirdető,2023,,,"9,5 m²"
https://www.zenga.hu/ingatlan/kiado-teglalakas-budapest-xi-kerulet-kelenfold/8411890?page=92&pos=2,Budapest XI. kerület kiadó téglalakás 2 szobás: 350 ezer Ft,350.0,45.0,10. emelet,2.0,"Budapest XI. kerület, Kelenföld",Téglalakás,2025-09-05,rental,,,Hőszivattyú,,,2023,,,
https://www.zenga.hu/ingatlan/kiado-teglalakas-budapest-vi-kerulet/8466951?page=92&pos=4,Budapest VI. kerület kiadó téglalakás 5 szobás: 680 ezer Ft,680.0,103.0,1. emelet,5.0,"Budapest VI. kerület, Teréz körút",Téglalakás,2025-09-05,rental,4,Újszerű,Elektromos,3 m²,Nem adta meg a hirdető,1900,,,
https://www.zenga.hu/ingatlan/kiado-teglalakas-budapest-i-kerulet-naphegy/8661160?page=92&pos=6,Budapest I. kerület kiadó téglalakás 2 szobás: 295 ezer Ft,295.0,45.0,4. emelet,2.0,"Budapest I. kerület, Naphegy",Téglalakás,2025-09-05,rental,,,Gázkazán,5 m²,Nem adta meg a hirdető,2000,,,
https://www.zenga.hu/ingatlan/kiado-teglalakas-budapest-i-kerulet/8561151?page=92&pos=5,Budapest I. kerület kiadó téglalakás 1 szobás: 290 ezer Ft,290.0,57.0,földszint,1.0,Budapest I. kerület,Téglalakás,2025-09-05,rental,5,Felújított,Gázkazán,,,,,,
https://www.zenga.hu/ingatlan/kiado-teglalakas-budapest-xi-kerulet/8674405?page=92&pos=8,Budapest XI. kerület kiadó téglalakás 1 szobás: 250 ezer Ft,250.0,36.0,6. emelet,1.0,"Budapest XI. kerület, Bartók Béla út",Téglalakás,2025-09-05,rental,6,Felújított,Egyéb,,Nem adta meg a hirdető,,,,
https://www.zenga.hu/ingatlan/kiado-teglalakas-budapest-vi-kerulet/8595779?page=92&pos=9,Budapest VI. kerület kiadó téglalakás 3 szobás: 370 ezer Ft,370.0,90.0,1. emelet,3.0,Budapest VI. kerület,Téglalakás,2025-09-05,rental,4,Felújított,Elektromos,,Nem adta meg a hirdető,,,,
https://www.zenga.hu/ingatlan/kiado-teglalakas-budapest-viii-kerulet/8670423?page=92&pos=10,Budapest VIII. kerület kiadó téglalakás 1+1 fél szobás: 299 ezer Ft,299.0,57.0,3. emelet,1.0,"Budapest VIII. kerület, Baross tér",Téglalakás,2025-09-05,rental,3,Felújított,Elektromos,,Nem adta meg a hirdető,,,,
https://www.zenga.hu/ingatlan/kiado-teglalakas-budapest-xi-kerulet/8644110?page=92&pos=11,Budapest XI. kerület kiadó téglalakás 3 szobás: 650 ezer Ft,650.0,75.0,3. emelet,3.0,"Budapest XI. kerület, Iglói utca",Téglalakás,2025-09-05,rental,3,,,,,,,,
https://www.zenga.hu/ingatlan/kiado-teglalakas-budapest-vi-kerulet/8399186?page=92&pos=14,"Budapest VI. kerület kiadó téglalakás 3 szobás: 1,19 millió Ft",1.19,100.0,2. emelet,3.0,Budapest VI. kerület,Téglalakás,2025-09-05,rental,,,Gázkazán,,Nem adta meg a hirdető,1950,,,
https://www.zenga.hu/ingatlan/kiado-teglalakas-budapest-vi-kerulet/8421269?page=92&pos=12,Budapest VI. kerület kiadó téglalakás 2 szobás: 400 ezer Ft,400.0,65.0,3. emelet,2.0,"Budapest VI. kerület, Teréz körút",Téglalakás,2025-09-05,rental,3,Újszerű,Egyéb,,Nem adta meg a hirdető,1950,,,
https://www.zenga.hu/ingatlan/kiado-teglalakas-budapest-v-kerulet-belvaros/8642479?page=92&pos=7,Budapest V. kerület kiadó téglalakás 1 szobás: 250 ezer Ft,250.0,40.0,3. emelet,1.0,"Budapest V. kerület, Belváros",Téglalakás,2025-09-05,rental,,,Elektromos,,,,,,
https://www.zenga.hu/ingatlan/kiado-teglalakas-budapest-xi-kerulet-szentimrevaros/8649765?page=92&pos=15,"Budapest XI. kerület kiadó téglalakás 6 szobás: 1,2 millió Ft",1.2,212.0,1. emelet,6.0,"Budapest XI. kerület, Szentimreváros",Téglalakás,2025-09-05,rental,,,Gázkazán,4 m²,Nem adta meg a hirdető,1920,,,
https://www.zenga.hu/ingatlan/kiado-egyeb-lakas-budapest-ii-kerulet/8577527?page=92&pos=17,Budapest II. kerület kiadó egyéb lakás 2 szobás: 442 ezer Ft,442.0,60.0,2. emelet,2.0,Budapest II. kerület,Egyéb lakás,2025-09-05,rental,,Újszerű,,,,,,,
https://www.zenga.hu/ingatlan/kiado-teglalakas-budapest-xiii-kerulet/8497516?page=92&pos=16,Budapest XIII. kerület kiadó téglalakás 1 szobás: 270 ezer Ft,270.0,42.0,3. emelet,1.0,Budapest XIII. kerület,Téglalakás,2025-09-05,rental,5,Jó állapotú,Gáz (konvektor),3 m²,Nem adta meg a hirdető,1930,,,
https://www.zenga.hu/ingatlan/kiado-teglalakas-budapest-viii-kerulet/8664061?page=92&pos=18,Budapest VIII. kerület kiadó téglalakás 2 szobás: 225 ezer Ft,,,,,,,2025-09-05,rental,,,,,,,,,
https://www.zenga.hu/ingatlan/kiado-teglalakas-budapest-vii-kerulet/8680524?page=92&pos=13,Budapest VII. kerület kiadó téglalakás 1+1 fél szobás: 250 ezer Ft,250.0,44.0,4. emelet,1.0,Budapest VII. kerület,,2025-09-05,rental,,,,,,,,,
https://www.zenga.hu/ingatlan/kiado-teglalakas-budapest-xiii-kerulet/7999081?page=92&pos=19,Budapest XIII. kerület kiadó téglalakás 3 szobás: 1 millió Ft,1.0,81.0,8. emelet,3.0,Budapest XIII. kerület,Téglalakás,2025-09-05,rental,9,Új építésű,Mennyezeti hűtés-fűtés,"14,4 m²",Nem adta meg a hirdető,2023,,,
https://www.zenga.hu/ingatlan/kiado-teglalakas-budapest-ii-kerulet-kurucles/8608373?page=93&pos=1,"Budapest II. kerület kiadó téglalakás 5 szobás: 1,03 millió Ft",1.03,137.0,2. emelet,5.0,,,2025-09-05,rental,,,,,,,,,
https://www.zenga.hu/ingatlan/kiado-teglalakas-budapest-vii-kerulet/8268923?page=92&pos=20,,,,,,,,2025-09-05,rental,,,,,,,,,
https://www.zenga.hu/ingatlan/kiado-teglalakas-budapest-v-kerulet/8428604?page=93&pos=2,"Budapest V. kerület kiadó téglalakás 4 szobás: 1,5 millió Ft",1.5,138.0,tetőtér,4.0,"Budapest V. kerület, Stollár Béla utca",Téglalakás,2025-09-05,rental,6,Újszerű,Gázkazán,3 m²,Nem adta meg a hirdető,1920,,,
https://www.zenga.hu/ingatlan/kiado-teglalakas-budapest-v-kerulet/8347520?page=93&pos=3,Budapest V. kerület kiadó téglalakás 3 szobás: 990 ezer Ft,990.0,124.0,2. emelet,3.0,Budapest V. kerület,Téglalakás,2025-09-05,rental,,Újszerű,Fan coil,1 m²,Nem adta meg a hirdető,1914,,,
https://www.zenga.hu/ingatlan/kiado-teglalakas-budapest-vii-kerulet/8617884?page=93&pos=4,Budapest VII. kerület kiadó téglalakás 2 szobás: 270 ezer Ft,270.0,58.0,1. emelet,,,,2025-09-05,rental,,,,,,,,,
https://www.zenga.hu/ingatlan/kiado-teglalakas-budapest-ix-kerulet/8651472?page=93&pos=6,Budapest IX. kerület kiadó téglalakás 3 szobás: 390 ezer Ft,390.0,67.0,3. emelet,3.0,"Budapest IX. kerület, Balázs Béla utca",Téglalakás,2025-09-05,rental,7,Új építésű,Házközponti,,Nem adta meg a hirdető,2022,,,
https://www.zenga.hu/ingatlan/kiado-teglalakas-budapest-ii-kerulet-rozsadomb/8679355?page=93&pos=7,Budapest II. kerület kiadó téglalakás 2 szobás: 250 ezer Ft,250.0,65.0,félemelet,2.0,"Budapest II. kerület, Rózsadomb",Téglalakás,2025-09-05,rental,1,Jó állapotú,,,,,,,
https://www.zenga.hu/ingatlan/kiado-teglalakas-budapest-ii-kerulet-orszagut/8584328?page=93&pos=9,Budapest II. kerület kiadó téglalakás 4 szobás: 436 ezer Ft,436.0,110.0,3. emelet,4.0,"Budapest II. kerület, Országút",Téglalakás,2025-09-05,rental,,,,,,,,,
https://www.zenga.hu/ingatlan/kiado-teglalakas-budapest-vi-kerulet/8622051?page=93&pos=11,Budapest VI. kerület kiadó téglalakás 2 szobás: 593 ezer Ft,593.0,90.0,1. emelet,2.0,"Budapest VI. kerület, Mozsár utca",Téglalakás,2025-09-05,rental,4,Felújított,Gázkazán,,Nem adta meg a hirdető,,,,
https://www.zenga.hu/ingatlan/kiado-egyeb-lakas-budapest-ix-kerulet/8616659?page=93&pos=10,Budapest IX. kerület kiadó egyéb lakás 2 szobás: 621 ezer Ft,621.0,60.0,6. emelet,2.0,Budapest IX. kerület,Egyéb lakás,2025-09-05,rental,,Új építésű,,,Nem adta meg a hirdető,2024,,,
https://www.zenga.hu/ingatlan/kiado-teglalakas-budapest-xvi-kerulet-cinkota/8426088?page=93&pos=8,Budapest XVI. kerület kiadó téglalakás 1 szobás: 165 ezer Ft,165.0,20.0,földszint,1.0,"Budapest XVI. kerület, Cinkota",Téglalakás,2025-09-05,rental,2,Felújított,Gázkazán,,,,,,
https://www.zenga.hu/ingatlan/kiado-teglalakas-budapest-ii-kerulet/8635056?page=93&pos=12,Budapest II. kerület kiadó téglalakás 2+2 fél szobás: 300 ezer Ft,300.0,80.0,2. emelet,2.0,"Budapest II. kerület, Nagybányai út",Téglalakás,2025-09-05,rental,2,,,,,,,,
https://www.zenga.hu/ingatlan/kiado-teglalakas-budapest-xiv-kerulet/8650480?page=93&pos=5,Budapest XIV. kerület kiadó téglalakás 3 szobás: 410 ezer Ft,410.0,69.0,1. emelet,3.0,"Budapest XIV. kerület, Stefánia út",Téglalakás,2025-09-05,rental,3,Újszerű,Gázkazán,,,,,,
https://www.zenga.hu/ingatlan/kiado-teglalakas-budapest-v-kerulet-belvaros/7546450?page=93&pos=14,Budapest V. kerület kiadó téglalakás 1 szobás: 400 ezer Ft,400.0,44.0,3. emelet,1.0,"Budapest V. kerület, Belváros",Téglalakás,2025-09-05,rental,,,Házközponti,,Nem adta meg a hirdető,1980,,,
https://www.zenga.hu/ingatlan/kiado-teglalakas-budapest-vi-kerulet/7900241?page=93&pos=13,Budapest VI. kerület kiadó téglalakás 2 szobás: 600 ezer Ft,600.0,45.0,1. emelet,2.0,Budapest VI. kerület,Téglalakás,2025-09-05,rental,2,Új építésű,Padlófűtés,,,1853,,,
https://www.zenga.hu/ingatlan/kiado-teglalakas-budapest-ix-kerulet/8662704?page=93&pos=16,Budapest IX. kerület kiadó téglalakás 2 szobás: 220 ezer Ft,220.0,31.0,földszint,2.0,"Budapest IX. kerület, Angyal utca",Téglalakás,2025-09-05,rental,5,Újszerű,Elektromos,,Nem adta meg a hirdető,1910,,,
https://www.zenga.hu/ingatlan/kiado-teglalakas-budapest-xiv-kerulet/8457743?page=93&pos=17,Budapest XIV. kerület kiadó téglalakás 1+1 fél szobás: 290 ezer Ft,290.0,46.0,3. emelet,1.0,Budapest XIV. kerület,Téglalakás,2025-09-05,rental,5,Újszerű,,10 m²,Nem adta meg a hirdető,1920,,,
https://www.zenga.hu/ingatlan/kiado-teglalakas-budapest-ix-kerulet/8577580?page=93&pos=19,Budapest IX. kerület kiadó téglalakás 2 szobás: 350 ezer Ft,350.0,60.0,2. emelet,2.0,Budapest IX. kerület,Téglalakás,2025-09-05,rental,7,Új építésű,Házközponti fűtés egyedi méréssel,,Nem adta meg a hirdető,,,,
https://www.zenga.hu/ingatlan/kiado-teglalakas-budapest-xiii-kerulet/8650648?page=93&pos=20,Budapest XIII. kerület kiadó téglalakás 1 szobás: 190 ezer Ft,190.0,29.0,3. emelet,1.0,"Budapest XIII. kerület, Kassák Lajos utca",Téglalakás,2025-09-05,rental,3,Felújított,Gáz (konvektor),,Nem adta meg a hirdető,,,,
https://www.zenga.hu/ingatlan/kiado-teglalakas-budapest-iii-kerulet-obuda/8649764?page=94&pos=1,Budapest III. kerület kiadó téglalakás 3 szobás: 390 ezer Ft,390.0,78.0,6. emelet,3.0,"Budapest III. kerület, Óbuda",Téglalakás,2025-09-05,rental,,,Házközponti fűtés egyedi méréssel,,Nem adta meg a hirdető,2007,,,4 m²
https://www.zenga.hu/ingatlan/kiado-teglalakas-budapest-xi-kerulet/8590673?page=94&pos=2,Budapest XI. kerület kiadó téglalakás 2+2 fél szobás: 350 ezer Ft,350.0,78.0,tetőtér,2.0,Budapest XI. kerület,Téglalakás,2025-09-05,rental,2,Újszerű,Házközponti fűtés egyedi méréssel,5 m²,Nem adta meg a hirdető,1985,,,
https://www.zenga.hu/ingatlan/kiado-teglalakas-budapest-vi-kerulet/8573915?page=94&pos=5,Budapest VI. kerület kiadó téglalakás 2 szobás: 400 ezer Ft,400.0,63.0,1. emelet,2.0,Budapest VI. kerület,Téglalakás,2025-09-05,rental,,Felújított,Fan coil,,Nem adta meg a hirdető,,,,
https://www.zenga.hu/ingatlan/kiado-teglalakas-budapest-i-kerulet/7890854?page=94&pos=6,Budapest I. kerület kiadó téglalakás 4 szobás: 792 ezer Ft,792.0,79.0,4. emelet,4.0,"Budapest I. kerület, Attila út",Téglalakás,2025-09-05,rental,6,Újszerű,Távfűtés,,Nem adta meg a hirdető,,,,
https://www.zenga.hu/ingatlan/kiado-teglalakas-budapest-vi-kerulet/8359224?page=93&pos=15,"Budapest VI. kerület kiadó téglalakás 7 szobás: 1,39 millió Ft",1.39,160.0,,,"Budapest V. kerület, Petőfi Sándor utca",Téglalakás,2025-09-05,rental,4,Jó állapotú,Gázkazán,,Nem adta meg a hirdető,1911,,,
https://www.zenga.hu/ingatlan/kiado-teglalakas-budapest-viii-kerulet/8501597?page=94&pos=8,Budapest VIII. kerület kiadó téglalakás 1 szobás: 250 ezer Ft,250.0,30.0,5. emelet,1.0,"Budapest VIII. kerület, Corvin sétány",Téglalakás,2025-09-05,rental,10,Jó állapotú,Egyéb,,Nem adta meg a hirdető,,,,
https://www.zenga.hu/ingatlan/kiado-teglalakas-budapest-xi-kerulet/8577589?page=94&pos=9,Budapest XI. kerület kiadó téglalakás 3+1 fél szobás: 700 ezer Ft,700.0,101.0,1. emelet,3.0,Budapest XI. kerület,Téglalakás,2025-09-05,rental,5,Felújított,Elektromos,,Nem adta meg a hirdető,,,,
https://www.zenga.hu/ingatlan/kiado-teglalakas-budapest-ix-kerulet/8671894?page=94&pos=7,Budapest IX. kerület kiadó téglalakás 2 szobás: 260 ezer Ft,260.0,56.0,3. emelet,2.0,"Budapest IX. kerület, Üllői út",Téglalakás,2025-09-05,rental,3,Felújított,Gázkazán,,Nem adta meg a hirdető,,,,
https://www.zenga.hu/ingatlan/kiado-teglalakas-budapest-xiii-kerulet/8622217?page=94&pos=3,Budapest XIII. kerület kiadó téglalakás 2 szobás: 230 ezer Ft,230.0,47.0,földszint,2.0,Budapest XIII. kerület,Téglalakás,2025-09-05,rental,,,,,,,,,
https://www.zenga.hu/ingatlan/kiado-teglalakas-budapest-v-kerulet/8487573?page=94&pos=4,Budapest V. kerület kiadó téglalakás 3 szobás: 880 ezer Ft,880.0,132.0,3. emelet,3.0,"Budapest V. kerület, Petőfi Sándor utca",Téglalakás,2025-09-05,rental,4,Jó állapotú,,,,,,,
https://www.zenga.hu/ingatlan/kiado-teglalakas-budapest-v-kerulet/8175113?page=94&pos=12,Budapest V. kerület kiadó téglalakás 3 szobás: 680 ezer Ft,680.0,89.0,2. emelet,3.0,Budapest V. kerület,Téglalakás,2025-09-05,rental,5,Újszerű,Házközponti,,Nem adta meg a hirdető,1825,,,
https://www.zenga.hu/ingatlan/kiado-teglalakas-budapest-vi-kerulet/8506666?page=94&pos=14,Budapest VI. kerület kiadó téglalakás 2 szobás: 345 ezer Ft,345.0,50.0,1. emelet,2.0,Budapest VI. kerület,Téglalakás,2025-09-05,rental,3,Újszerű,,,Nem adta meg a hirdető,,,,
https://www.zenga.hu/ingatlan/kiado-teglalakas-budapest-ii-kerulet/8665749?page=94&pos=15,Budapest II. kerület kiadó téglalakás 2 szobás: 280 ezer Ft,280.0,49.0,1. emelet,2.0,"Budapest II. kerület, Házmán utca",Téglalakás,2025-09-05,rental,2,Újszerű,Gáz (konvektor),"3,2 m²",Nem adta meg a hirdető,1969,,,
https://www.zenga.hu/ingatlan/kiado-teglalakas-budapest-ii-kerulet/8566950?page=94&pos=16,Budapest II. kerület kiadó téglalakás 3 szobás: 1 millió Ft,1.0,137.0,tetőtér,3.0,"Budapest II. kerület, Hárshegyi út",Téglalakás,2025-09-05,rental,2,Új építésű,Házközponti,44 m²,Nem adta meg a hirdető,2015,,,
https://www.zenga.hu/ingatlan/kiado-teglalakas-budapest-ii-kerulet/7757586?page=94&pos=11,Budapest II. kerület kiadó téglalakás 4 szobás: 1 millió Ft,1.0,156.0,földszint,4.0,"Budapest II. kerület, Tulipán utca",,2025-09-05,rental,,,,,,,,,
https://www.zenga.hu/ingatlan/kiado-teglalakas-budapest-xi-kerulet/8440183?page=94&pos=17,Budapest XI. kerület kiadó téglalakás 3 szobás: 690 ezer Ft,690.0,72.0,tetőtér,3.0,"Budapest XI. kerület, Iglói utca",Téglalakás,2025-09-05,rental,3,Újszerű,Gázkazán,6 m²,Nem adta meg a hirdető,1980,,,
https://www.zenga.hu/ingatlan/kiado-teglalakas-budapest-vii-kerulet/8577540?page=94&pos=10,"Budapest VII. kerület kiadó téglalakás 3 szobás: 1,54 millió Ft",1.54,120.0,,3.0,"Budapest II. kerület, Csalán út",Téglalakás,2025-09-05,rental,3,Újszerű,Házközponti fűtés egyedi méréssel,,A+,,,,
https://www.zenga.hu/ingatlan/kiado-teglalakas-budapest-ii-kerulet/8559343?page=94&pos=18,Budapest II. kerület kiadó téglalakás 1+3 fél szobás: 700 ezer Ft,700.0,95.0,,1.0,Budapest II. kerület,Téglalakás,2025-09-05,rental,,Átlagos,Gázkazán,15 m²,Nem adta meg a hirdető,1980,,,
https://www.zenga.hu/ingatlan/kiado-teglalakas-budapest-ii-kerulet/8662809?page=94&pos=19,Budapest II. kerület kiadó téglalakás 3+1 fél szobás: 850 ezer Ft,850.0,112.0,földszint,3.0,"Budapest II. kerület, Csalán út",Téglalakás,2025-09-05,rental,3,Újszerű,Házközponti fűtés egyedi méréssel,,A+,,,,
https://www.zenga.hu/ingatlan/kiado-teglalakas-budapest-i-kerulet/8640975?page=94&pos=20,Budapest I. kerület kiadó téglalakás 3+1 fél szobás: 550 ezer Ft,550.0,95.0,,3.0,Budapest I. kerület,Téglalakás,2025-09-05,rental,2,Átlagos,Gázkazán,,Nem adta meg a hirdető,1980,,,
https://www.zenga.hu/ingatlan/kiado-teglalakas-budapest-xii-kerulet/8587715?page=95&pos=1,Budapest XII. kerület kiadó téglalakás 2+2 fél szobás: 560 ezer Ft,560.0,87.0,3. emelet,2.0,Budapest XII. kerület,Téglalakás,2025-09-05,rental,5,Újszerű,Házközponti,6 m²,Nem adta meg a hirdető,1926,,,
https://www.zenga.hu/ingatlan/kiado-teglalakas-budapest-xii-kerulet/8587751?page=95&pos=3,"Budapest XII. kerület kiadó téglalakás 4 szobás: 1,95 millió Ft",1.95,250.0,2. emelet,4.0,Budapest XII. kerület,Téglalakás,2025-09-05,rental,,Újszerű,Házközponti fűtés egyedi méréssel,,Nem adta meg a hirdető,,,,
https://www.zenga.hu/ingatlan/kiado-panellakas-budapest-viii-kerulet-palotanegyed/8668118?page=95&pos=4,Budapest VIII. kerület kiadó panellakás 1 szobás: 200 ezer Ft,200.0,35.0,4. emelet,1.0,"Budapest VIII. kerület, Palotanegyed, Tömő utca",Panellakás,2025-09-05,rental,10,Felújított,Központi fűtés,,Nem adta meg a hirdető,,,,
https://www.zenga.hu/ingatlan/kiado-teglalakas-budapest-viii-kerulet/8611029?page=95&pos=5,Budapest VIII. kerület kiadó téglalakás 3 szobás: 320 ezer Ft,320.0,70.0,4. emelet,3.0,"Budapest VIII. kerület, Kölcsey utca",Téglalakás,2025-09-05,rental,5,Jó állapotú,Gázkazán,,Nem adta meg a hirdető,1929,,,
https://www.zenga.hu/ingatlan/kiado-teglalakas-budapest-xiii-kerulet-vizafogo/8646730?page=95&pos=6,Budapest XIII. kerület kiadó téglalakás 1+1 fél szobás: 285 ezer Ft,285.0,49.0,2. emelet,1.0,"Budapest XIII. kerület, Vizafogó, Szabolcs utca",Téglalakás,2025-09-05,rental,,Új építésű,Házközponti fűtés egyedi méréssel,,Nem adta meg a hirdető,,,,
https://www.zenga.hu/ingatlan/kiado-teglalakas-budapest-viii-kerulet/8319896?page=95&pos=7,Budapest VIII. kerület kiadó téglalakás 2 szobás: 490 ezer Ft,490.0,94.0,1. emelet,2.0,"Budapest VIII. kerület, Szentkirályi utca",Téglalakás,2025-09-05,rental,5,Újszerű,Gázkazán,,Nem adta meg a hirdető,1920,,,
https://www.zenga.hu/ingatlan/kiado-teglalakas-budapest-ii-kerulet/8658763?page=95&pos=8,Budapest II. kerület kiadó téglalakás 3+1 fél szobás: 360 ezer Ft,360.0,113.0,5. emelet,3.0,"Budapest II. kerület, Margit körút",Téglalakás,2025-09-05,rental,6,Jó állapotú,Gázkazán,,Nem adta meg a hirdető,,,,
https://www.zenga.hu/ingatlan/kiado-teglalakas-budapest-xiii-kerulet/8668117?page=95&pos=2,Budapest XIII. kerület kiadó téglalakás 2 szobás: 310 ezer Ft,310.0,47.0,7. emelet,2.0,"Budapest XIII. kerület, Úszódaru utca",Téglalakás,2025-09-05,rental,,,,,,,,,
https://www.zenga.hu/ingatlan/kiado-teglalakas-budapest-xi-kerulet/8642650?page=95&pos=9,Budapest XI. kerület kiadó téglalakás 2 szobás: 210 ezer Ft,210.0,37.0,földszint,2.0,"Budapest XI. kerület, Bartók Béla út",Téglalakás,2025-09-05,rental,4,Jó állapotú,Gáz (konvektor),,Nem adta meg a hirdető,1920,,,
https://www.zenga.hu/ingatlan/kiado-teglalakas-budapest-v-kerulet-lipotvaros/8680459?page=95&pos=11,Budapest V. kerület kiadó téglalakás 3 szobás: 375 ezer Ft,375.0,55.0,1. emelet,3.0,"Budapest V. kerület, Lipótváros",Téglalakás,2025-09-05,rental,,Jó állapotú,Gázkazán,,D,1900,,,
https://www.zenga.hu/ingatlan/kiado-teglalakas-budapest-vi-kerulet/8562424?page=95&pos=10,Budapest VI. kerület kiadó téglalakás 2 szobás: 542 ezer Ft,542.0,60.0,2. emelet,2.0,Budapest VI. kerület,Téglalakás,2025-09-05,rental,6,Új építésű,Geotermikus,,,,,,
https://www.zenga.hu/ingatlan/kiado-teglalakas-budapest-v-kerulet/8508346?page=95&pos=13,Budapest V. kerület kiadó téglalakás 3 szobás: 980 ezer Ft,980.0,105.0,2. emelet,3.0,"Budapest V. kerület, Veres Pálné utca",Téglalakás,2025-09-05,rental,3,Újszerű,Házközponti,,Nem adta meg a hirdető,1914,,,
https://www.zenga.hu/ingatlan/kiado-teglalakas-budapest-vii-kerulet/8671959?page=95&pos=14,Budapest VII. kerület kiadó téglalakás 1 szobás: 220 ezer Ft,220.0,33.0,1. emelet,1.0,"Budapest VII. kerület, Dob utca",Téglalakás,2025-09-05,rental,3,Átlagos,Elektromos,,Nem adta meg a hirdető,,,,
https://www.zenga.hu/ingatlan/kiado-teglalakas-budapest-i-kerulet/8668119?page=95&pos=15,Budapest I. kerület kiadó téglalakás 2 szobás: 450 ezer Ft,450.0,93.0,3. emelet,2.0,"Budapest I. kerület, Pauler utca",Téglalakás,2025-09-05,rental,2,Felújított,Gázkazán,,Nem adta meg a hirdető,,,,
https://www.zenga.hu/ingatlan/kiado-teglalakas-budapest-v-kerulet/8676934?page=95&pos=16,Budapest V. kerület kiadó téglalakás 1 szobás: 200 ezer Ft,200.0,18.0,2. emelet,1.0,"Budapest V. kerület, Semmelweis utca",Téglalakás,2025-09-05,rental,10,Felújított,Elektromos,,Nem adta meg a hirdető,,,,
https://www.zenga.hu/ingatlan/kiado-teglalakas-budapest-i-kerulet/7893396?page=95&pos=18,Budapest I. kerület kiadó téglalakás 4 szobás: 786 ezer Ft,786.0,79.0,4. emelet,4.0,"Budapest I. kerület, Attila út",Téglalakás,2025-09-05,rental,6,Felújított,Távfűtés,,Nem adta meg a hirdető,,,,
https://www.zenga.hu/ingatlan/kiado-teglalakas-budapest-ix-kerulet/8605208?page=95&pos=20,Budapest IX. kerület kiadó téglalakás 3 szobás: 400 ezer Ft,400.0,71.0,5. emelet,3.0,Budapest IX. kerület,Téglalakás,2025-09-05,rental,,Újszerű,Fan coil,,Nem adta meg a hirdető,,,,
https://www.zenga.hu/ingatlan/kiado-teglalakas-budapest-ix-kerulet/8635585?page=95&pos=12,Budapest IX. kerület kiadó téglalakás 3 szobás: 400 ezer Ft,400.0,62.0,,3.0,"Budapest IX. kerület, Pápay István utca",,2025-09-05,rental,,,,,,,,,
https://www.zenga.hu/ingatlan/kiado-teglalakas-budapest-vi-kerulet/8223927?page=95&pos=19,Budapest VI. kerület kiadó téglalakás 5 szobás: 880 ezer Ft,880.0,150.0,tetőtér,5.0,Budapest VI. kerület,Téglalakás,2025-09-05,rental,6,Újszerű,Házközponti,50 m²,,2010,,,
https://www.zenga.hu/ingatlan/kiado-teglalakas-budapest-ix-kerulet/8671958?page=96&pos=1,Budapest IX. kerület kiadó téglalakás 1 szobás: 230 ezer Ft,230.0,39.0,földszint,1.0,"Budapest IX. kerület, Toronyház utca",Téglalakás,2025-09-05,rental,4,Átlagos,Gáz (konvektor),,Nem adta meg a hirdető,,,,
https://www.zenga.hu/ingatlan/kiado-teglalakas-budapest-xii-kerulet/8645929?page=96&pos=2,Budapest XII. kerület kiadó téglalakás 2 szobás: 450 ezer Ft,450.0,53.0,1. emelet,2.0,"Budapest XII. kerület, Királyhágó tér",Téglalakás,2025-09-05,rental,6,Új építésű,,,Nem adta meg a hirdető,,,,
https://www.zenga.hu/ingatlan/kiado-panellakas-budapest-xiii-kerulet/8657331?page=96&pos=5,Budapest XIII. kerület kiadó panellakás 3+1 fél szobás: 320 ezer Ft,320.0,82.0,4. emelet,3.0,"Budapest XIII. kerület, Reitter Ferenc utca",Panellakás,2025-09-05,rental,4,Jó állapotú,Távfűtés,,Nem adta meg a hirdető,,,,
https://www.zenga.hu/ingatlan/kiado-teglalakas-budapest-i-kerulet/8266346?page=96&pos=4,Budapest I. kerület kiadó téglalakás 3 szobás: 520 ezer Ft,520.0,86.0,1. emelet,3.0,"Budapest I. kerület, Attila út",Téglalakás,2025-09-05,rental,4,Újszerű,Gázkazán,,Nem adta meg a hirdető,1980,,,
https://www.zenga.hu/ingatlan/kiado-teglalakas-budapest-ii-kerulet/8632204?page=96&pos=6,"Budapest II. kerület kiadó téglalakás 3 szobás: 1,12 millió Ft",1.12,126.0,2. emelet,3.0,"Budapest II. kerület, Battai út",Téglalakás,2025-09-05,rental,4,Újszerű,,,A+,,,,
https://www.zenga.hu/ingatlan/kiado-teglalakas-budapest-xxi-kerulet/8637440?page=96&pos=7,Budapest XXI. kerület kiadó téglalakás 2 szobás: 250 ezer Ft,250.0,50.0,4. emelet,2.0,"Budapest XXI. kerület, II. Rákóczi Ferenc út",Téglalakás,2025-09-05,rental,7,Újszerű,Fan coil,,Nem adta meg a hirdető,,,,
https://www.zenga.hu/ingatlan/kiado-teglalakas-budapest-ii-kerulet/7894930?page=96&pos=9,Budapest II. kerület kiadó téglalakás 2 szobás: 640 ezer Ft,640.0,64.0,5. emelet,2.0,Budapest II. kerület,Téglalakás,2025-09-05,rental,7,Újszerű,Házközponti,4 m²,Nem adta meg a hirdető,1930,,,
https://www.zenga.hu/ingatlan/kiado-teglalakas-budapest-ii-kerulet/8625391?page=96&pos=10,Budapest II. kerület kiadó téglalakás 5 szobás: 1 millió Ft,1.0,105.0,földszint,5.0,Budapest II. kerület,Téglalakás,2025-09-05,rental,2,Újszerű,Gázkazán,"18,5 m²",Nem adta meg a hirdető,2008,,,
https://www.zenga.hu/ingatlan/kiado-teglalakas-budapest-xi-kerulet-sasad-sashegy-xi-ker/8636581?page=96&pos=11,Budapest XI. kerület kiadó téglalakás 1 szobás: 230 ezer Ft,230.0,35.0,1. emelet,1.0,"Budapest XI. kerület, Sasad-Sashegy XI. ker.",Téglalakás,2025-09-05,rental,5,Új építésű,Házközponti fűtés egyedi méréssel,,Nem adta meg a hirdető,,,,
https://www.zenga.hu/ingatlan/kiado-teglalakas-budapest-xii-kerulet/8658183?page=96&pos=14,Budapest XII. kerület kiadó téglalakás 3+1 fél szobás: 450 ezer Ft,450.0,105.0,1. emelet,3.0,"Budapest XII. kerület, Kútvölgyi út",Téglalakás,2025-09-05,rental,3,Felújított,Gázkazán,,Nem adta meg a hirdető,,,,
https://www.zenga.hu/ingatlan/kiado-teglalakas-budapest-xiii-kerulet/8547913?page=96&pos=13,"Budapest XIII. kerület kiadó téglalakás 3 szobás: 1,12 millió Ft",1.12,105.0,1. emelet,3.0,"Budapest XIII. kerület, Danubius utca",Téglalakás,2025-09-05,rental,6,Újszerű,Házközponti fűtés egyedi méréssel,40 m²,Nem adta meg a hirdető,2008,,,
https://www.zenga.hu/ingatlan/kiado-teglalakas-budapest-xiii-kerulet/7991312?page=96&pos=3,Budapest XIII. kerület kiadó téglalakás 3 szobás: 499 ezer Ft,,49.0,8. emelet,1.0,Budapest V. kerület,Téglalakás,2025-09-05,rental,9,Új építésű,Házközponti,,,,,,
https://www.zenga.hu/ingatlan/kiado-teglalakas-budapest-vi-kerulet/8676667?page=96&pos=15,Budapest VI. kerület kiadó téglalakás 2 szobás: 350 ezer Ft,350.0,45.0,3. emelet,2.0,"Budapest VI. kerület, Király utca",Téglalakás,2025-09-05,rental,,Felújított,Házközponti,,Nem adta meg a hirdető,,,,
https://www.zenga.hu/ingatlan/kiado-teglalakas-budapest-xii-kerulet-magasut/8300481?page=96&pos=16,Budapest XII. kerület kiadó téglalakás 3 szobás: 350 ezer Ft,350.0,90.0,2. emelet,3.0,"Budapest XII. kerület, Magasút",Téglalakás,2025-09-05,rental,,,Gázkazán,,Nem adta meg a hirdető,1985,,,10 m²
https://www.zenga.hu/ingatlan/kiado-teglalakas-budapest-vi-kerulet/8628723?page=96&pos=19,"Budapest VI. kerület kiadó téglalakás 5+2 fél szobás: 1,5 millió Ft",1.5,229.0,3. emelet,5.0,"Budapest VI. kerület, Paulay Ede utca",Téglalakás,2025-09-05,rental,4,Felújított,Gáz (konvektor),,Nem adta meg a hirdető,,,,
https://www.zenga.hu/ingatlan/kiado-teglalakas-budapest-v-kerulet/8552768?page=96&pos=12,Budapest V. kerület kiadó téglalakás 1 szobás,277.0,49.0,8. emelet,1.0,Budapest V. kerület,Téglalakás,2025-09-05,rental,9,Új építésű,,,,,,,
https://www.zenga.hu/ingatlan/kiado-teglalakas-budapest-ii-kerulet-remetekertvaros/8661779?page=96&pos=18,Budapest II. kerület kiadó téglalakás 3 szobás: 500 ezer Ft,500.0,135.0,,3.0,"Budapest II. kerület, Remetekertváros",Téglalakás,2025-09-05,rental,,Átlagos,Gázkazán,,Nem adta meg a hirdető,1990,,,
https://www.zenga.hu/ingatlan/kiado-teglalakas-budapest-vi-kerulet/8667054?page=97&pos=1,Budapest VI. kerület kiadó téglalakás 3 szobás: 475 ezer Ft,475.0,94.0,1. emelet,3.0,"Budapest VI. kerület, Király utca",Téglalakás,2025-09-05,rental,,Felújított,Gázkazán,,Nem adta meg a hirdető,,,,
https://www.zenga.hu/ingatlan/kiado-teglalakas-budapest-xiii-kerulet-angyalfold/8680865?page=97&pos=2,Budapest XIII. kerület kiadó téglalakás 1+1 fél szobás: 270 ezer Ft,270.0,40.0,7. emelet,1.0,"Budapest XIII. kerület, Angyalföld",Téglalakás,2025-09-05,rental,8,Felújított,Házközponti,,Nem adta meg a hirdető,2012,40 000 Ft/hó,,
https://www.zenga.hu/ingatlan/kiado-teglalakas-budapest-vi-kerulet/7832667?page=97&pos=3,Budapest VI. kerület kiadó téglalakás 3 szobás: 990 ezer Ft,990.0,141.0,2. emelet,3.0,Budapest VI. kerület,Téglalakás,2025-09-05,rental,,,Gázkazán,,Nem adta meg a hirdető,1950,,,
https://www.zenga.hu/ingatlan/kiado-teglalakas-budapest-xi-kerulet/8588572?page=97&pos=5,Budapest XI. kerület kiadó téglalakás 3 szobás: 500 ezer Ft,500.0,78.0,3. emelet,3.0,Budapest XI. kerület,Téglalakás,2025-09-05,rental,,,Házközponti fűtés egyedi méréssel,,Nem adta meg a hirdető,2000,,,130 m²
https://www.zenga.hu/ingatlan/kiado-teglalakas-budapest-iii-kerulet/8635059?page=96&pos=17,Budapest III. kerület kiadó téglalakás 1 szobás: 180 ezer Ft,180.0,26.0,,1.0,"Budapest III. kerület, Árpád fejedelem útja",Téglalakás,2025-09-05,rental,5,,,,,,,,
https://www.zenga.hu/ingatlan/kiado-egyeb-lakas-budapest-vi-kerulet/8661176?page=97&pos=4,Budapest VI. kerület kiadó egyéb lakás,238.0,40.0,,1.0,Budapest VI. kerület,Egyéb lakás,2025-09-05,rental,,Új építésű,Házközponti fűtés egyedi méréssel,,Nem adta meg a hirdető,,,,
https://www.zenga.hu/ingatlan/kiado-teglalakas-budapest-viii-kerulet/8577627?page=97&pos=6,Budapest VIII. kerület kiadó téglalakás 1+1 fél szobás: 230 ezer Ft,230.0,30.0,földszint,1.0,Budapest VIII. kerület,Téglalakás,2025-09-05,rental,4,Felújított,Elektromos,,Nem adta meg a hirdető,,,,
https://www.zenga.hu/ingatlan/kiado-teglalakas-budapest-viii-kerulet/8638614?page=96&pos=20,Budapest VIII. kerület kiadó téglalakás 2 szobás: 180 ezer Ft,180.0,32.0,földszint,2.0,"Budapest VIII. kerület, Visi Imre utca",Téglalakás,2025-09-05,rental,5,,,,,,,,
https://www.zenga.hu/ingatlan/kiado-teglalakas-budapest-xi-kerulet/8632094?page=97&pos=8,Budapest XI. kerület kiadó téglalakás 2 szobás: 300 ezer Ft,300.0,50.0,3. emelet,2.0,"Budapest XI. kerület, Beregszász út",Téglalakás,2025-09-05,rental,5,Új építésű,Házközponti fűtés egyedi méréssel,,Nem adta meg a hirdető,,,,
https://www.zenga.hu/ingatlan/kiado-teglalakas-budapest-ii-kerulet/8641648?page=97&pos=9,Budapest II. kerület kiadó téglalakás 4 szobás: 820 ezer Ft,820.0,113.0,1. emelet,4.0,"Budapest II. kerület, Alsó zöldmáli út",Téglalakás,2025-09-05,rental,3,Újszerű,Gázkazán,,Nem adta meg a hirdető,2011,,,
https://www.zenga.hu/ingatlan/kiado-teglalakas-budapest-viii-kerulet/8440300?page=97&pos=10,Budapest VIII. kerület kiadó téglalakás 3 szobás: 640 ezer Ft,640.0,84.0,1. emelet,3.0,Budapest VIII. kerület,Téglalakás,2025-09-05,rental,3,Felújított,Gázkazán,,Nem adta meg a hirdető,,,,
https://www.zenga.hu/ingatlan/kiado-teglalakas-budapest-vi-kerulet/8666668?page=97&pos=11,Budapest VI. kerület kiadó téglalakás 2 szobás: 350 ezer Ft,350.0,45.0,3. emelet,2.0,"Budapest VI. kerület, Király utca",Téglalakás,2025-09-05,rental,,Új építésű,Házközponti,,Nem adta meg a hirdető,2001,,,
https://www.zenga.hu/ingatlan/kiado-teglalakas-budapest-viii-kerulet/8681173?page=97&pos=12,Budapest VIII. kerület kiadó téglalakás 2+1 fél szobás: 350 ezer Ft,350.0,62.0,5. emelet,2.0,"Budapest VIII. kerület, Nap utca",Téglalakás,2025-09-05,rental,5,Felújított,Házközponti fűtés egyedi méréssel,,Nem adta meg a hirdető,,,,
https://www.zenga.hu/ingatlan/kiado-teglalakas-budapest-ix-kerulet/8674440?page=97&pos=15,Budapest IX. kerület kiadó téglalakás 3 szobás: 380 ezer Ft,380.0,72.0,3. emelet,3.0,"Budapest IX. kerület, Lenhossék utca",Téglalakás,2025-09-05,rental,6,Újszerű,,,Nem adta meg a hirdető,,,,
https://www.zenga.hu/ingatlan/kiado-teglalakas-budapest-v-kerulet/8676713?page=97&pos=14,Budapest V. kerület kiadó téglalakás 2 szobás: 320 ezer Ft,320.0,69.0,földszint,2.0,"Budapest V. kerület, Szemere utca",Téglalakás,2025-09-05,rental,5,Jó állapotú,Házközponti,,Nem adta meg a hirdető,1930,,,
https://www.zenga.hu/ingatlan/kiado-teglalakas-budapest-v-kerulet-belvaros/8547805?page=97&pos=7,Budapest V. kerület kiadó téglalakás 2 szobás: 800 ezer Ft,800.0,61.0,,,Budapest II. kerület,Téglalakás,2025-09-05,rental,3,Újszerű,Gázkazán,"43,2 m²",Nem adta meg a hirdető,2016,,,
https://www.zenga.hu/ingatlan/kiado-teglalakas-budapest-ii-kerulet/8635055?page=97&pos=16,Budapest II. kerület kiadó téglalakás 3 szobás: 599 ezer Ft,599.0,87.0,földszint,3.0,Budapest II. kerület,Téglalakás,2025-09-05,rental,3,Újszerű,Gázkazán,"43,2 m²",Nem adta meg a hirdető,2016,,,
https://www.zenga.hu/ingatlan/kiado-egyeb-lakas-budapest-iii-kerulet-matyashegy/8578023?page=97&pos=20,Budapest III. kerület kiadó egyéb lakás 3 szobás: 360 ezer Ft,360.0,77.0,1. emelet,3.0,"Budapest III. kerület, Mátyáshegy",Egyéb lakás,2025-09-05,rental,3,Újszerű,Távfűtés egyedi méréssel,,Nem adta meg a hirdető,,,,
https://www.zenga.hu/ingatlan/kiado-teglalakas-budapest-xii-kerulet-nemetvolgy/8665114?page=98&pos=1,Budapest XII. kerület kiadó téglalakás 2 szobás: 260 ezer Ft,260.0,40.0,2. emelet,2.0,"Budapest XII. kerület, Németvölgy",Téglalakás,2025-09-05,rental,2,Felújított,Gáz (konvektor),,Nem adta meg a hirdető,,,,
https://www.zenga.hu/ingatlan/kiado-teglalakas-budapest-vi-kerulet/8647534?page=97&pos=18,Budapest VI. kerület kiadó téglalakás 4 szobás: 1 millió Ft,1.0,78.0,3. emelet,4.0,"Budapest VI. kerület, Rózsa utca",Téglalakás,2025-09-05,rental,6,Újszerű,Gázkazán,,,,,,
https://www.zenga.hu/ingatlan/kiado-teglalakas-budapest-vi-kerulet/8607104?page=98&pos=3,"Budapest VI. kerület kiadó téglalakás 4 szobás: 1,04 millió Ft",1.04,116.0,2. emelet,4.0,"Budapest VI. kerület, Székely Mihály utca",Téglalakás,2025-09-05,rental,3,Újszerű,Gázkazán,,Nem adta meg a hirdető,1912,,,
https://www.zenga.hu/ingatlan/kiado-teglalakas-budapest-xiii-kerulet/8675209?page=98&pos=2,Budapest XIII. kerület kiadó téglalakás 2 szobás: 350 ezer Ft,350.0,45.0,2. emelet,2.0,"Budapest XIII. kerület, Csángó utca",Téglalakás,2025-09-05,rental,5,Új építésű,,,Nem adta meg a hirdető,2025,,,
https://www.zenga.hu/ingatlan/kiado-teglalakas-budapest-vi-kerulet/8358338?page=97&pos=19,Budapest VI. kerület kiadó téglalakás 4 szobás: 911 ezer Ft,911.0,104.0,,4.0,Budapest VI. kerület,Téglalakás,2025-09-05,rental,4,Új építésű,,,,,,,
https://www.zenga.hu/ingatlan/kiado-teglalakas-budapest-iii-kerulet/8522127?page=98&pos=4,Budapest III. kerület kiadó téglalakás 2 szobás: 320 ezer Ft,320.0,87.0,földszint,2.0,Budapest III. kerület,Téglalakás,2025-09-05,rental,,Újszerű,Gázkazán,,Nem adta meg a hirdető,,,,
https://www.zenga.hu/ingatlan/kiado-teglalakas-budapest-xi-kerulet-peterhegy/8653950?page=98&pos=5,Budapest XI. kerület kiadó téglalakás 3 szobás: 520 ezer Ft,520.0,83.0,földszint,3.0,"Budapest XI. kerület, Péterhegy, Kapolcs utca",Téglalakás,2025-09-05,rental,,,,,,,,,
https://www.zenga.hu/ingatlan/kiado-teglalakas-budapest-viii-kerulet/8518268?page=98&pos=14,Budapest VIII. kerület kiadó téglalakás 2+1 fél szobás: 300 ezer Ft,300.0,96.0,3. emelet,2.0,Budapest VIII. kerület,Téglalakás,2025-09-05,rental,4,Átlagos,Gáz (konvektor),,Nem adta meg a hirdető,,,,
https://www.zenga.hu/ingatlan/kiado-teglalakas-budapest-xii-kerulet-kutvolgy/8656768?page=98&pos=12,Budapest XII. kerület kiadó téglalakás 3 szobás: 350 ezer Ft,350.0,60.0,1. emelet,3.0,"Budapest XII. kerület, Kútvölgy",Téglalakás,2025-09-05,rental,,,Gázkazán,8 m²,Nem adta meg a hirdető,1972,,,
https://www.zenga.hu/ingatlan/kiado-teglalakas-budapest-xiii-kerulet/8607171?page=98&pos=11,Budapest XIII. kerület kiadó téglalakás 3 szobás: 432 ezer Ft,432.0,73.0,3. emelet,3.0,"Budapest XIII. kerület, Röppentyű utca",Téglalakás,2025-09-05,rental,7,Új építésű,Házközponti fűtés egyedi méréssel,,Nem adta meg a hirdető,,,,
https://www.zenga.hu/ingatlan/kiado-teglalakas-budapest-v-kerulet/8452911?page=98&pos=13,"Budapest V. kerület kiadó téglalakás 6 szobás: 1,8 millió Ft",1.8,242.0,2. emelet,6.0,"Budapest V. kerület, Váci utca",Téglalakás,2025-09-05,rental,3,Jó állapotú,Gázkazán,"6,8 m²",Nem adta meg a hirdető,1805,,,
https://www.zenga.hu/ingatlan/kiado-teglalakas-budapest-xviii-kerulet/8635584?page=97&pos=17,Budapest XVIII. kerület kiadó téglalakás: 210 ezer Ft,210.0,30.0,,,,Téglalakás,2025-09-05,rental,,Felújított,Elektromos,,Nem adta meg a hirdető,1950,,,
https://www.zenga.hu/ingatlan/kiado-teglalakas-budapest-v-kerulet/8675694?page=98&pos=6,Budapest VI. kerület kiadó téglalakás 2 szobás: 279 ezer Ft,279.0,33.0,2. emelet,2.0,"Budapest VI. kerület, Rózsa utca",Téglalakás,2025-09-05,rental,,Felújított,Elektromos,,Nem adta meg a hirdető,1950,,,
https://www.zenga.hu/ingatlan/kiado-teglalakas-budapest-vi-kerulet/8673265?page=98&pos=15,Budapest VI. kerület kiadó téglalakás 2 szobás: 279 ezer Ft,279.0,33.0,2. emelet,2.0,"Budapest VI. kerület, Rózsa utca",Téglalakás,2025-09-05,rental,,Felújított,Elektromos,,Nem adta meg a hirdető,1950,,,
https://www.zenga.hu/ingatlan/kiado-teglalakas-budapest-vii-kerulet/8675212?page=98&pos=7,Budapest VII. kerület kiadó téglalakás 1+1 fél szobás: 210 ezer Ft,210.0,29.0,3. emelet,1.0,"Budapest VII. kerület, Izabella utca",Téglalakás,2025-09-05,rental,,,,,,,,,
https://www.zenga.hu/ingatlan/kiado-teglalakas-budapest-viii-kerulet/8651643?page=98&pos=16,Budapest VIII. kerület kiadó téglalakás 2 szobás: 280 ezer Ft,280.0,55.0,földszint,2.0,"Budapest VIII. kerület, József körút",Téglalakás,2025-09-05,rental,5,Jó állapotú,Elektromos,,Nem adta meg a hirdető,1925,,,
https://www.zenga.hu/ingatlan/kiado-teglalakas-budapest-ii-kerulet/8236083?page=98&pos=19,Budapest II. kerület kiadó téglalakás 2+1 fél szobás: 500 ezer Ft,500.0,74.0,2. emelet,2.0,Budapest II. kerület,Téglalakás,2025-09-05,rental,,Újszerű,Házközponti fűtés egyedi méréssel,,Nem adta meg a hirdető,1940,,,
https://www.zenga.hu/ingatlan/kiado-teglalakas-budapest-v-kerulet-lipotvaros/8423904?page=98&pos=20,"Budapest V. kerület kiadó téglalakás 3 szobás: 1,03 millió Ft",1.03,97.0,1. emelet,3.0,"Budapest V. kerület, Lipótváros",Téglalakás,2025-09-05,rental,,,Gázkazán,,Nem adta meg a hirdető,1910,,,
https://www.zenga.hu/ingatlan/kiado-teglalakas-budapest-i-kerulet/7928929?page=98&pos=18,Budapest I. kerület kiadó téglalakás 3 szobás: 792 ezer Ft,792.0,76.0,2. emelet,3.0,Budapest I. kerület,Téglalakás,2025-09-05,rental,,,Távfűtés egyedi méréssel,,,1965,,,
https://www.zenga.hu/ingatlan/kiado-teglalakas-budapest-xiv-kerulet/8615087?page=99&pos=3,Budapest XIV. kerület kiadó téglalakás 1+1 fél szobás: 180 ezer Ft,180.0,36.0,2. emelet,1.0,"Budapest XIV. kerület, Gyarmat utca",Téglalakás,2025-09-05,rental,4,Felújított,,,Nem adta meg a hirdető,,,,
https://www.zenga.hu/ingatlan/kiado-teglalakas-budapest-xiii-kerulet-ujlipotvaros/8243229?page=99&pos=1,Budapest XIII. kerület kiadó téglalakás 3 szobás: 792 ezer Ft,792.0,84.0,9. emelet,3.0,"Budapest XIII. kerület, Újlipótváros",Téglalakás,2025-09-05,rental,,,Házközponti fűtés egyedi méréssel,12 m²,Nem adta meg a hirdető,2023,,,
https://www.zenga.hu/ingatlan/kiado-teglalakas-budapest-xii-kerulet/8329475?page=99&pos=2,"Budapest XII. kerület kiadó téglalakás 4 szobás: 1,2 millió Ft",1.2,125.0,1. emelet,4.0,Budapest XII. kerület,Téglalakás,2025-09-05,rental,2,Újszerű,Hőszivattyú,"38,6 m²",Nem adta meg a hirdető,2020,,,
https://www.zenga.hu/ingatlan/kiado-teglalakas-budapest-v-kerulet/8641501?page=99&pos=4,Budapest V. kerület kiadó téglalakás 2 szobás: 375 ezer Ft,375.0,82.0,3. emelet,2.0,Budapest V. kerület,Téglalakás,2025-09-05,rental,5,Jó állapotú,Házközponti,"0,4 m²",Nem adta meg a hirdető,1900,,,
https://www.zenga.hu/ingatlan/kiado-teglalakas-budapest-v-kerulet/8664975?page=99&pos=7,"Budapest V. kerület kiadó téglalakás 3 szobás: 1,3 millió Ft",1.3,165.0,1. emelet,3.0,"Budapest V. kerület, Belgrád rakpart",Téglalakás,2025-09-05,rental,3,Újszerű,Gázkazán,,Nem adta meg a hirdető,1893,,,
https://www.zenga.hu/ingatlan/kiado-teglalakas-budapest-v-kerulet/7643921?page=98&pos=17,Budapest V. kerület kiadó téglalakás 3 szobás: 499 ezer Ft,499.0,,1. emelet,4.0,Budapest XIV. kerület,Téglalakás,2025-09-05,rental,3,Újszerű,Gázkazán,"3,1 m²",Nem adta meg a hirdető,1910,,,
https://www.zenga.hu/ingatlan/kiado-teglalakas-budapest-v-kerulet/7749361?page=99&pos=10,Budapest V. kerület kiadó téglalakás 4 szobás: 1 millió Ft,1.0,128.0,4. emelet,4.0,"Budapest V. kerület, Párizsi utca",Téglalakás,2025-09-05,rental,5,Újszerű,Házközponti fűtés egyedi méréssel,,Nem adta meg a hirdető,1944,,,
https://www.zenga.hu/ingatlan/kiado-teglalakas-budapest-xii-kerulet/8665728?page=99&pos=9,"Budapest XII. kerület kiadó téglalakás 3 szobás: 1,95 millió Ft",1.95,195.0,2. emelet,3.0,"Budapest XII. kerület, Zirzen Janka utca",Téglalakás,2025-09-05,rental,2,Újszerű,Házközponti,"10,8 m²",Nem adta meg a hirdető,2003,,,
https://www.zenga.hu/ingatlan/kiado-teglalakas-budapest-xii-kerulet/8157776?page=99&pos=11,"Budapest XII. kerület kiadó téglalakás 6 szobás: 1,6 millió Ft",1.6,164.0,földszint,6.0,Budapest XII. kerület,Téglalakás,2025-09-05,rental,4,Újszerű,Házközponti fűtés egyedi méréssel,10 m²,Nem adta meg a hirdető,2003,,,
https://www.zenga.hu/ingatlan/kiado-egyeb-lakas-budapest-v-kerulet-belvaros/8577611?page=99&pos=5,Budapest V. kerület kiadó egyéb lakás 1 szobás: 380 ezer Ft,380.0,46.0,4. emelet,1.0,"Budapest V. kerület, Belváros",Egyéb lakás,2025-09-05,rental,5,,,,,,,,
https://www.zenga.hu/ingatlan/kiado-egyeb-lakas-budapest-vi-kerulet/8636577?page=99&pos=13,Budapest VI. kerület kiadó egyéb lakás 5 szobás: 550 ezer Ft,550.0,120.0,1. emelet,5.0,"Budapest VI. kerület, Paulay Ede utca",Egyéb lakás,2025-09-05,rental,,Újszerű,Gázkazán,,Nem adta meg a hirdető,,,,
https://www.zenga.hu/ingatlan/kiado-teglalakas-budapest-xiv-kerulet/8623823?page=99&pos=6,Budapest XIV. kerület kiadó téglalakás 4 szobás: 790 ezer Ft,790.0,127.0,1. emelet,4.0,Budapest XIV. kerület,Téglalakás,2025-09-05,rental,3,Újszerű,Gázkazán,,,1910,,,
https://www.zenga.hu/ingatlan/kiado-teglalakas-budapest-ix-kerulet/8667111?page=99&pos=14,Budapest IX. kerület kiadó téglalakás 2 szobás: 320 ezer Ft,320.0,80.0,földszint,2.0,Budapest IX. kerület,Téglalakás,2025-09-05,rental,6,Újszerű,Gázkazán,,Nem adta meg a hirdető,1900,,,
https://www.zenga.hu/ingatlan/kiado-teglalakas-budapest-ix-kerulet/8645935?page=99&pos=15,Budapest IX. kerület kiadó téglalakás 2 szobás: 310 ezer Ft,310.0,48.0,3. emelet,2.0,"Budapest IX. kerület, Ipar utca",Téglalakás,2025-09-05,rental,6,Újszerű,Házközponti fűtés egyedi méréssel,,Nem adta meg a hirdető,,,,
https://www.zenga.hu/ingatlan/kiado-teglalakas-budapest-xiii-kerulet/8601403?page=99&pos=12,Budapest XIII. kerület kiadó téglalakás 2 szobás: 356 ezer Ft,356.0,81.0,2. emelet,2.0,"Budapest XIII. kerület, Ipoly utca",Téglalakás,2025-09-05,rental,6,Újszerű,Távfűtés egyedi méréssel,,,1946,,,
https://www.zenga.hu/ingatlan/kiado-teglalakas-budapest-v-kerulet/8372497?page=99&pos=17,Budapest V. kerület kiadó téglalakás 2 szobás: 430 ezer Ft,430.0,45.0,2. emelet,2.0,Budapest V. kerület,Téglalakás,2025-09-05,rental,2,Újszerű,Házközponti fűtés egyedi méréssel,,Nem adta meg a hirdető,,,,
https://www.zenga.hu/ingatlan/kiado-teglalakas-budapest-v-kerulet-belvaros/8677900?page=99&pos=19,Budapest V. kerület kiadó téglalakás 2 szobás: 250 ezer Ft,250.0,35.0,3. emelet,2.0,"Budapest V. kerület, Belváros",Téglalakás,2025-09-05,rental,,,Elektromos,,Nem adta meg a hirdető,1920,,,
https://www.zenga.hu/ingatlan/kiado-teglalakas-budapest-v-kerulet/8577532?page=99&pos=18,"Budapest V. kerület kiadó téglalakás 4 szobás: 1,27 millió Ft",1.27,124.0,4. emelet,4.0,Budapest V. kerület,Téglalakás,2025-09-05,rental,4,Felújított,Gázkazán,,Nem adta meg a hirdető,,,,
https://www.zenga.hu/ingatlan/kiado-teglalakas-budapest-xx-kerulet-pacsirtatelep/8537382?page=99&pos=20,Budapest XX. kerület kiadó téglalakás 1 szobás: 160 ezer Ft,160.0,33.0,földszint,1.0,"Budapest XX. kerület, Pacsirtatelep",Téglalakás,2025-09-05,rental,,,Gázkazán,,Nem adta meg a hirdető,1930,,,15 m²
https://www.zenga.hu/ingatlan/kiado-teglalakas-budapest-v-kerulet/8492920?page=100&pos=1,Budapest V. kerület kiadó téglalakás 2 szobás: 349 ezer Ft,349.0,54.0,4. emelet,2.0,"Budapest V. kerület, Aulich utca",Téglalakás,2025-09-05,rental,4,Újszerű,Gázkazán,,Nem adta meg a hirdető,1920,,,
https://www.zenga.hu/ingatlan/kiado-teglalakas-budapest-viii-kerulet/8676665?page=99&pos=16,Budapest VIII. kerület kiadó téglalakás 2+1 fél szobás: 350 ezer Ft,350.0,62.0,5. emelet,2.0,"Budapest VIII. kerület, Nap utca",,2025-09-05,rental,,,,,,,,,
https://www.zenga.hu/ingatlan/kiado-teglalakas-budapest-ix-kerulet/8641652?page=100&pos=4,Budapest IX. kerület kiadó téglalakás 3 szobás: 340 ezer Ft,340.0,78.0,1. emelet,3.0,"Budapest IX. kerület, Liliom utca",Téglalakás,2025-09-05,rental,,Újszerű,Házközponti fűtés egyedi méréssel,,Nem adta meg a hirdető,,,,
https://www.zenga.hu/ingatlan/kiado-teglalakas-budapest-xi-kerulet-lagymanyos/8577486?page=100&pos=3,Budapest XI. kerület kiadó téglalakás 3 szobás: 490 ezer Ft,490.0,109.0,1. emelet,3.0,"Budapest XI. kerület, Lágymányos",Téglalakás,2025-09-05,rental,4,,,,,,,,
https://www.zenga.hu/ingatlan/kiado-teglalakas-budapest-v-kerulet/8674365?page=100&pos=5,Budapest V. kerület kiadó téglalakás 2 szobás: 250 ezer Ft,250.0,20.0,2. emelet,2.0,"Budapest V. kerület, Duna utca",Téglalakás,2025-09-05,rental,5,Újszerű,Házközponti,,Nem adta meg a hirdető,1900,,,
https://www.zenga.hu/ingatlan/kiado-teglalakas-budapest-ii-kerulet-zoldmal/8538994?page=100&pos=6,Budapest II. kerület kiadó téglalakás 1 szobás: 400 ezer Ft,400.0,52.0,földszint,1.0,"Budapest II. kerület, Zöldmál, Zöldlomb utca",Téglalakás,2025-09-05,rental,,,Hőszivattyú,,,,,,
https://www.zenga.hu/ingatlan/kiado-teglalakas-budapest-v-kerulet-lipotvaros/8656730?page=100&pos=8,Budapest V. kerület kiadó téglalakás 2+1 fél szobás: 395 ezer Ft,395.0,61.0,3. emelet,2.0,"Budapest V. kerület, Lipótváros",Téglalakás,2025-09-05,rental,,Átlagos,Gázkazán,,Nem adta meg a hirdető,1950,,,
https://www.zenga.hu/ingatlan/kiado-teglalakas-budapest-viii-kerulet/8607170?page=100&pos=7,Budapest VIII. kerület kiadó téglalakás 2 szobás: 295 ezer Ft,295.0,41.0,2. emelet,2.0,"Budapest VIII. kerület, Dankó utca",Téglalakás,2025-09-05,rental,,,,,,,,,
https://www.zenga.hu/ingatlan/kiado-teglalakas-budapest-ix-kerulet/8680832?page=100&pos=9,Budapest IX. kerület kiadó téglalakás 2 szobás: 225 ezer Ft,225.0,50.0,2. emelet,2.0,Budapest IX. kerület,Téglalakás,2025-09-05,rental,4,Jó állapotú,Gáz (konvektor),,Nem adta meg a hirdető,,35 000 Ft/hó,,
https://www.zenga.hu/ingatlan/kiado-teglalakas-budapest-i-kerulet-naphegy/8496222?page=100&pos=2,Budapest I. kerület kiadó téglalakás 1 szobás: 200 ezer Ft,200.0,20.0,,1.0,"Budapest I. kerület, Naphegy",Téglalakás,2025-09-05,rental,,Átlagos,,,,,,,
https://www.zenga.hu/ingatlan/kiado-teglalakas-budapest-xi-kerulet/8120649?page=100&pos=10,Budapest XI. kerület kiadó téglalakás 4 szobás: 680 ezer Ft,680.0,124.0,földszint,4.0,Budapest XI. kerület,Téglalakás,2025-09-05,rental,3,Újszerű,Gázkazán,"7,8 m²",Nem adta meg a hirdető,1990,,,
https://www.zenga.hu/ingatlan/kiado-panellakas-budapest-viii-kerulet/8650651?page=100&pos=11,Budapest VIII. kerület kiadó panellakás 1 szobás: 200 ezer Ft,200.0,35.0,5. emelet,1.0,"Budapest VIII. kerület, Tömő utca",Panellakás,2025-09-05,rental,12,Felújított,Távfűtés egyedi méréssel,,Nem adta meg a hirdető,,,,
https://www.zenga.hu/ingatlan/kiado-teglalakas-budapest-v-kerulet/8557967?page=100&pos=14,Budapest V. kerület kiadó téglalakás 3 szobás: 780 ezer Ft,780.0,71.0,4. emelet,3.0,"Budapest V. kerület, Só utca",Téglalakás,2025-09-05,rental,5,Újszerű,Gázkazán,5 m²,Nem adta meg a hirdető,1968,,,
https://www.zenga.hu/ingatlan/kiado-teglalakas-budapest-xii-kerulet/8638588?page=100&pos=13,,,,,,,,2025-09-05,rental,,,,,,,,,
