url,title,price,area_m2,floor,rooms,location,Típus,Szintek száma,Állapot,scrape_date,Fűtés,Energetikai besorolás,Napelem,Építés éve,Erkély,,Tervezett átadás,Terasz,Átlagos rezsiköltség
https://www.zenga.hu/ingatlan/elado-teglalakas-budapest-xiii-kerulet-ujlipotvaros/8666812?page=1&pos=1&cr=601,"Budapest XIII. kerület eladó téglalakás 2 szobás: 84,9 millió Ft",84.9,53.0,53 m²,2.0,"Budapest XIII. kerület, Újlipótváros",Téglalakás,5,Felújított,2025-08-17,,,,,,,,,
https://www.zenga.hu/ingatlan/elado-tarsashazi-lakas-budapest-vi-kerulet-nagykoruton-beluli-terulet/7899058?page=1&pos=4&cr=600,"Budapest VI. kerület eladó társasházi lakás 1+1 fél szobás: 72,72 millió Ft",72.72,45.0,45 m²,1.0,"Budapest VI. kerület, Nagykörúton belüli terület",Társasházi lakás,3,Jó állapotú,2025-08-17,Gázkazán,G,Nincs,,,,,,
https://www.zenga.hu/ingatlan/elado-teglalakas-budapest-xiii-kerulet-vizafogo/8608201?page=1&pos=6&cr=600,Budapest XIII. kerület eladó téglalakás 2 szobás: 159 millió Ft,159.0,66.0,66 m²,2.0,"Budapest XIII. kerület, Vizafogó",Téglalakás,8,Újszerű,2025-08-17,Mennyezeti hűtés-fűtés,A+,,2024,12 m²,,,,
https://www.zenga.hu/ingatlan/elado-teglalakas-budapest-viii-kerulet-corvin-negyed/8531175?page=1&pos=7&cr=600,,,,,,,,,,2025-08-17,,,,,,,,,
https://www.zenga.hu/ingatlan/elado-teglalakas-budapest-vii-kerulet-ligetvaros/8655552?page=1&pos=9&cr=575,,,,,,,,,,2025-08-17,,,,,,,,,
https://www.zenga.hu/ingatlan/elado-teglalakas-budapest-xiv-kerulet-alsorakos/8654229?page=1&pos=10&cr=550,Budapest XIV. kerület eladó téglalakás 2 szobás: 94 millió Ft,94.0,48.0,48 m²,2.0,"Budapest XIV. kerület, Alsórákos",Téglalakás,5,Új építésű,2025-08-17,Hőszivattyú,A+,,2025,22 m²,,,,
https://www.zenga.hu/ingatlan/elado-egyeb-lakas-budapest-viii-kerulet/8635766?page=1&pos=11&cr=519,,,,,,,,,,2025-08-17,,,,,,,,,
https://www.zenga.hu/ingatlan/elado-teglalakas-budapest-xix-kerulet-wekerletelep/8626302?page=1&pos=12&cr=500,"Budapest XIX. kerület eladó téglalakás 3 szobás: 79,9 millió Ft",79.9,69.0,69 m²,3.0,"Budapest XIX. kerület, Wekerletelep",Téglalakás,,Jó állapotú,2025-08-17,Gázkazán,D,,1926,,,,,
https://www.zenga.hu/ingatlan/elado-teglalakas-budapest-iii-kerulet/8654188?page=1&pos=13&cr=500,Eladó 1 szobás téglalakás Budapest III. kerületben,,,,,,,,,2025-08-17,,,,,,,,,
https://www.zenga.hu/ingatlan/elado-teglalakas-budapest-iii-kerulet/8655619?page=1&pos=14&cr=500,Budapest III. kerület eladó téglalakás 2 szobás: 170 millió Ft,170.0,105.0,105 m²,2.0,"Budapest III. kerület, Almási Balogh Lóránd",Téglalakás,3,Újszerű,2025-08-17,Házközponti fűtés egyedi méréssel,B,,2010,50 m²,,,,
https://www.zenga.hu/ingatlan/elado-teglalakas-budapest-viii-kerulet/8196668?page=1&pos=15&cr=500,Budapest VIII. kerület eladó téglalakás 3 szobás: 90 millió Ft,90.0,109.0,109 m²,3.0,Budapest VIII. kerület,Téglalakás,4,Jó állapotú,2025-08-17,Gázkazán,Nem adta meg a hirdető,,1910,,,,,
https://www.zenga.hu/ingatlan/elado-teglalakas-budapest-xix-kerulet/8606996?page=1&pos=16&cr=500,"Eladó 2 szobás téglalakás 67,05 millió Ft értékben Budapest XIX. kerületben - Aerogate Homes lakóparkban",67.05,45.0,45 m²,2.0,"Budapest XIX. kerület, Tompa utca 162119/7 hrsz.",Téglalakás,8,Új építésű,2025-08-17,Hőszivattyú,,,,"8,1 m²",,2027. 2. negyedév,,
https://www.zenga.hu/ingatlan/elado-teglalakas-budapest-xi-kerulet/8398708?page=1&pos=17&cr=451,Budapest XI. kerület eladó téglalakás 3 szobás: 98 millió Ft,98.0,113.0,113 m²,3.0,Budapest XI. kerület,Téglalakás,,Jó állapotú,2025-08-17,Gázkazán,Nem adta meg a hirdető,,1928,,,,,
https://www.zenga.hu/ingatlan/elado-teglalakas-budapest-xiii-kerulet-ujlipotvaros/8414292?page=1&pos=18&cr=401,"Budapest XIII. kerület eladó téglalakás 4 szobás: 116,9 millió Ft",116.9,111.0,111 m²,4.0,"Budapest XIII. kerület, Újlipótváros",Téglalakás,6,Felújítandó,2025-08-17,Gázkazán,G,,1905,,,,,
https://www.zenga.hu/ingatlan/elado-teglalakas-budapest-ix-kerulet/8447529?page=1&pos=19&cr=401,"Eladó 3 szobás téglalakás 97,24 millió Ft értékben Budapest IX. kerületben - Parkville Residences lakóparkban",97.24,68.0,68 m²,3.0,Budapest IX. kerület,Téglalakás,10,Új építésű,2025-08-17,Mennyezeti hűtés-fűtés,A++,,,"6,6 m²",,2027. 4. negyedév,,
https://www.zenga.hu/ingatlan/elado-teglalakas-budapest-ix-kerulet/8447550?page=1&pos=20&cr=401,"Eladó 1 szobás téglalakás 58,56 millió Ft értékben Budapest IX. kerületben - Parkville Residences lakóparkban",58.56,36.0,36 m²,1.0,Budapest IX. kerület,Téglalakás,10,Új építésű,2025-08-17,Mennyezeti hűtés-fűtés,A++,,,"6,6 m²",,2027. 4. negyedév,,
https://www.zenga.hu/ingatlan/elado-teglalakas-budapest-ix-kerulet/8447536?page=2&pos=1&cr=401,"Eladó 2 szobás téglalakás 71,08 millió Ft értékben Budapest IX. kerületben - Parkville Residences lakóparkban",71.08,47.0,47 m²,2.0,Budapest IX. kerület,Téglalakás,10,Új építésű,2025-08-17,Mennyezeti hűtés-fűtés,A++,,,"6,2 m²",,2027. 4. negyedév,,
https://www.zenga.hu/ingatlan/elado-teglalakas-budapest-ii-kerulet-budaliget/8442508?page=2&pos=2&cr=400,"Budapest II. kerület eladó téglalakás 5 szobás: 293,49 millió Ft",293.49,115.0,115 m²,5.0,"Budapest II. kerület, Budaliget",Téglalakás,,Új építésű,2025-08-17,Hőszivattyú,Nem adta meg a hirdető,,2025,,,,55 m²,
https://www.zenga.hu/ingatlan/elado-teglalakas-budapest-xvi-kerulet-cinkota/8263303?page=2&pos=3&cr=400,,,,,,,,,,2025-08-17,,,,,,,,,
https://www.zenga.hu/ingatlan/elado-teglalakas-budapest-ix-kerulet-belso-ferencvaros/8431808?page=2&pos=4&cr=400,"Budapest IX. kerület eladó téglalakás 1 szobás: 73,9 millió Ft",73.9,38.0,38 m²,1.0,"Budapest IX. kerület, Belső Ferencváros",Téglalakás,,Új építésű,2025-08-17,Hőszivattyú,A++,,2025,,,,,
https://www.zenga.hu/ingatlan/elado-teglalakas-budapest-ix-kerulet-belso-ferencvaros/8430367?page=2&pos=5&cr=400,"Budapest IX. kerület eladó téglalakás 1 szobás: 73,9 millió Ft",73.9,39.0,39 m²,1.0,"Budapest IX. kerület, Belső Ferencváros",Téglalakás,,Új építésű,2025-08-17,Hőszivattyú,A++,,2025,,,,,
https://www.zenga.hu/ingatlan/elado-teglalakas-budapest-xiii-kerulet-angyalfold/8563675?page=2&pos=6&cr=400,"Budapest XIII. kerület eladó téglalakás 1+2 fél szobás: 109,5 millió Ft",109.5,68.0,68 m²,1.0,"Budapest XIII. kerület, Angyalföld",Téglalakás,6,Jó állapotú,2025-08-17,Házközponti fűtés egyedi méréssel,Nem adta meg a hirdető,Nincs,2004,6 m²,,,,40 000 Ft/hó
https://www.zenga.hu/ingatlan/elado-teglalakas-budapest-x-kerulet-laposdulo/8635968?page=2&pos=7&cr=395,"Budapest X. kerület eladó téglalakás 1+2 fél szobás: 49,99 millió Ft",49.99,47.0,47 m²,1.0,"Budapest X. kerület, Laposdűlő, Gép utca 17",Téglalakás,2,Jó állapotú,2025-08-17,Gáz (konvektor),Nem adta meg a hirdető,,,,,,,25 000 Ft/hó
https://www.zenga.hu/ingatlan/elado-tarsashazi-lakas-budapest-xiii-kerulet-vizafogo/8553458?page=2&pos=8&cr=375,Budapest XIII. kerület eladó társasházi lakás 4 szobás: 159 millió Ft,159.0,92.0,92 m²,4.0,"Budapest XIII. kerület, Vizafogó, Jakab József utca 15",Társasházi lakás,8,Újszerű,2025-08-17,Házközponti fűtés egyedi méréssel,B,Nincs,2019,10 m²,,,10 m²,
https://www.zenga.hu/ingatlan/elado-teglalakas-budapest-vii-kerulet/8587195?page=2&pos=9&cr=360,,,,,,,,,,2025-08-17,,,,,,,,,
https://www.zenga.hu/ingatlan/elado-tarsashazi-lakas-budapest-xiv-kerulet-torokor/8660145?page=2&pos=10&cr=350,"Budapest XIV. kerület eladó társasházi lakás 1+1 fél szobás: 69,5 millió Ft",69.5,46.0,46 m²,1.0,"Budapest XIV. kerület, Törökőr, újvilág utca 35",Társasházi lakás,3,Jó állapotú,2025-08-17,Gázkazán,E,Nincs,2002,4 m²,,,,35 000 Ft/hó
https://www.zenga.hu/ingatlan/elado-teglalakas-budapest-xxii-kerulet-baross-gabor-telep/8338676?page=2&pos=11&cr=350,"Budapest XXII. kerület eladó téglalakás 3 szobás: 123,9 millió Ft",123.9,91.0,91 m²,3.0,"Budapest XXII. kerület, Baross Gábor telep",Téglalakás,4,Átlagos,2025-08-17,Házközponti fűtés egyedi méréssel,E,,2004,,,,,
https://www.zenga.hu/ingatlan/elado-teglalakas-budapest-viii-kerulet/8523223?page=2&pos=12&cr=350,Eladó 1 szobás téglalakás Budapest VIII. kerületben,,,,,,,,,2025-08-17,,,,,,,,,
https://www.zenga.hu/ingatlan/elado-teglalakas-budapest-xii-kerulet-svabhegy/8637823?page=2&pos=13&cr=350,,,,,,,,,,2025-08-17,,,,,,,,,
https://www.zenga.hu/ingatlan/elado-panellakas-budapest-xxi-kerulet-szabotelep/8635901?page=2&pos=14&cr=350,Budapest XXI. kerület eladó panellakás 1+1 fél szobás: 53 millió Ft,53.0,45.0,45 m²,1.0,"Budapest XXI. kerület, Szabótelep, Árpád utca",Panellakás,1,Jó állapotú,2025-08-17,Távfűtés egyedi méréssel,Nem adta meg a hirdető,,,,,,,25 000 Ft/hó
https://www.zenga.hu/ingatlan/elado-teglalakas-debrecen/8449160?page=2&pos=15&cr=350,"Eladó 3 szobás téglalakás 102,8 millió Ft értékben Debrecenben - Epres Liget by Bayer lakóparkban",102.8,92.0,92 m²,3.0,Debrecen,Téglalakás,4,Új építésű,2025-08-17,Távfűtés,Nem adta meg a hirdető,,2026,"34,7 m²",,2026. 1. negyedév,,
https://www.zenga.hu/ingatlan/elado-teglalakas-budapest-vi-kerulet/8652739?page=2&pos=16&cr=348,Budapest VI. kerület eladó téglalakás 4 szobás: 264 millió Ft,264.0,147.0,147 m²,4.0,"Budapest VI. kerület, Zichy Jenő utca",Téglalakás,,,2025-08-17,Gázkazán,Nem adta meg a hirdető,,1920,,,,,
https://www.zenga.hu/ingatlan/elado-teglalakas-budapest-vi-kerulet/8651438?page=2&pos=17&cr=348,"Budapest VI. kerület eladó téglalakás 2 szobás: 269,9 millió Ft",,,,,,,,,2025-08-17,,,,,,,,,
https://www.zenga.hu/ingatlan/elado-teglalakas-budapest-vi-kerulet/8655239?page=2&pos=18&cr=348,"Budapest VI. kerület eladó téglalakás 2 szobás: 69,99 millió Ft",69.99,57.0,57 m²,2.0,"Budapest VI. kerület, Teréz körút",Téglalakás,,,2025-08-17,Gáz (konvektor),Nem adta meg a hirdető,,1910,,,,,
https://www.zenga.hu/ingatlan/elado-teglalakas-budapest-vi-kerulet/8662293?page=2&pos=19&cr=348,"Budapest VI. kerület eladó téglalakás 3 szobás: 94,9 millió Ft",94.9,85.0,85 m²,3.0,Budapest VI. kerület,Téglalakás,,,2025-08-17,Gáz (konvektor),Nem adta meg a hirdető,,1960,,,,,
https://www.zenga.hu/ingatlan/elado-teglalakas-budapest-vi-kerulet/8659804?page=2&pos=20&cr=348,Budapest VI. kerület eladó téglalakás 5 szobás: 225 millió Ft,225.0,150.0,150 m²,5.0,Budapest VI. kerület,Téglalakás,,,2025-08-17,Gázkazán,Nem adta meg a hirdető,,1892,,,,,
https://www.zenga.hu/ingatlan/elado-teglalakas-budapest-vi-kerulet/8654382?page=3&pos=1&cr=348,Budapest VI. kerület eladó téglalakás 2 szobás: 115 millió Ft,115.0,80.0,80 m²,2.0,"Budapest VI. kerület, Podmaniczky utca",Téglalakás,4,Újszerű,2025-08-17,Gázkazán,Nem adta meg a hirdető,,1930,4 m²,,,,
https://www.zenga.hu/ingatlan/elado-teglalakas-budapest-vi-kerulet/8659972?page=3&pos=2&cr=348,"Budapest VI. kerület eladó téglalakás 3 szobás: 100,9 millió Ft",100.9,67.0,67 m²,3.0,Budapest VI. kerület,Téglalakás,5,Átlagos,2025-08-17,Gázkazán,Nem adta meg a hirdető,,1900,,,,,
https://www.zenga.hu/ingatlan/elado-teglalakas-budapest-vi-kerulet/8652906?page=3&pos=3&cr=348,"Budapest VI. kerület eladó téglalakás 2 szobás: 61,9 millió Ft",61.9,51.0,51 m²,2.0,Budapest VI. kerület,Téglalakás,3,Felújítandó,2025-08-17,Gáz (konvektor),Nem adta meg a hirdető,,1930,,,,,
https://www.zenga.hu/ingatlan/elado-teglalakas-budapest-xvi-kerulet-sashalom/8663528?page=3&pos=4&cr=325,"Budapest XVI. kerület eladó téglalakás 2+3 fél szobás: 106,68 millió Ft",106.68,85.0,85 m²,2.0,"Budapest XVI. kerület, Sashalom, Sárgarózsa utca",Téglalakás,2,Felújított,2025-08-17,Gázkazán,F,Nincs,1995,7 m²,,,,
https://www.zenga.hu/ingatlan/elado-teglalakas-budapest-xiii-kerulet/8417985?page=3&pos=5&cr=325,"Eladó 3 szobás téglalakás 125,8 millió Ft értékben Budapest XIII. kerületben - Metropol13 4. ütem lakóparkban",125.8,55.0,55 m²,3.0,Budapest XIII. kerület,Téglalakás,9,Új építésű,2025-08-17,Hőszivattyú,A+,,,"23,1 m²",,2025. 4. negyedév,,
https://www.zenga.hu/ingatlan/elado-teglalakas-budapest-i-kerulet/8578776?page=3&pos=6&cr=300,"Budapest I. kerület eladó téglalakás 3 szobás: 112,9 millió Ft",112.9,68.0,68 m²,3.0,Budapest I. kerület,Téglalakás,5,Felújított,2025-08-17,,Nem adta meg a hirdető,,1932,,,,,
https://www.zenga.hu/ingatlan/elado-teglalakas-budapest-xi-kerulet-kelenfold/8551508?page=3&pos=7&cr=300,,,,,,,,,,2025-08-17,,,,,,,,,
https://www.zenga.hu/ingatlan/elado-teglalakas-budapest-xi-kerulet-sasad-sashegy-xi-ker/8662045?page=3&pos=8&cr=300,Budapest XI. kerület eladó téglalakás 4 szobás: 140 millió Ft,140.0,86.0,86 m²,4.0,"Budapest XI. kerület, Sasad-Sashegy XI. ker.",Téglalakás,4,Felújított,2025-08-17,,,,,,,,,
https://www.zenga.hu/ingatlan/elado-teglalakas-budapest-xii-kerulet-orbanhegy/8662419?page=3&pos=9&cr=300,Budapest XII. kerület eladó téglalakás 3 szobás: 97 millió Ft,97.0,54.0,54 m²,3.0,"Budapest XII. kerület, Orbánhegy, Fodor utca",Téglalakás,4,Felújított,2025-08-17,Elektromos,Nem adta meg a hirdető,Nincs,1970,5 m²,,,,
https://www.zenga.hu/ingatlan/elado-teglalakas-budapest-v-kerulet/8369090?page=3&pos=10&cr=300,"Budapest V. kerület eladó téglalakás 3 szobás: 179,9 millió Ft",179.9,105.0,105 m²,3.0,Budapest V. kerület,Téglalakás,,,2025-08-17,,Nem adta meg a hirdető,,1950,,,,,
https://www.zenga.hu/ingatlan/elado-csusztatott-zsalus-lakas-budapest-xiv-kerulet/8612857?page=3&pos=11&cr=300,"Budapest XIV. kerület eladó csúsztatott zsalus lakás: 69,9 millió Ft",69.9,53.0,53 m²,1.0,Budapest XIV. kerület,Csúsztatott zsalus lakás,1,Jó állapotú,2025-08-17,Távfűtés egyedi méréssel,Nem adta meg a hirdető,,1960,,,,,
https://www.zenga.hu/ingatlan/elado-teglalakas-budapest-xi-kerulet-sasad-sashegy-xi-ker/8613221?page=3&pos=12&cr=300,Eladó 3 szobás téglalakás Budapest XI. kerületben,,,,,,,,,2025-08-17,,,,,,,,,
https://www.zenga.hu/ingatlan/elado-egyeb-lakas-budapest-xii-kerulet/8575536?page=3&pos=13&cr=300,"Budapest XII. kerület eladó egyéb lakás 3+1 fél szobás: 179,9 millió Ft",179.9,128.0,128 m²,3.0,Budapest XII. kerület,Egyéb lakás,,Átlagos,2025-08-17,,Nem adta meg a hirdető,,1938,,,,,
https://www.zenga.hu/ingatlan/elado-teglalakas-budapest-xi-kerulet-sasad-sashegy-xi-ker/8611678?page=3&pos=14&cr=300,,,,,,,,,,2025-08-17,,,,,,,,,
https://www.zenga.hu/ingatlan/elado-teglalakas-budapest-ii-kerulet-rezmal/8174214?page=3&pos=15&cr=300,"Budapest II. kerület eladó téglalakás 3 szobás: 266,6 millió Ft",266.6,75.0,75 m²,3.0,"Budapest II. kerület, Rézmál",Téglalakás,1,Új építésű,2025-08-17,,Nem adta meg a hirdető,,,,,,,
https://www.zenga.hu/ingatlan/elado-teglalakas-budapest-ii-kerulet-vizivaros-ii-ker/8619230?page=3&pos=16&cr=300,"Budapest II. kerület eladó téglalakás 1+1 fél szobás: 74,9 millió Ft",74.9,45.0,45 m²,1.0,"Budapest II. kerület, Víziváros II. ker",Téglalakás,6,Felújított,2025-08-17,Gázkazán,E,,,,,,,
https://www.zenga.hu/ingatlan/elado-tarsashazi-lakas-budapest-vii-kerulet/8505022?page=3&pos=18&cr=300,Budapest VII. kerület eladó társasházi lakás 3 szobás: 96 millió Ft,96.0,88.0,88 m²,3.0,Budapest VII. kerület,Társasházi lakás,4,Jó állapotú,2025-08-17,Gázkazán,B,,2007,,,,7 m²,40 000 Ft/hó
https://www.zenga.hu/ingatlan/elado-tarsashazi-lakas-budapest-vii-kerulet-nagykoruton-beluli-terulet/8590547?page=3&pos=19&cr=300,Budapest VII. kerület eladó társasházi lakás 1 szobás: 59 millió Ft,59.0,29.0,29 m²,1.0,"Budapest VII. kerület, Belső-Erzsébetváros",Társasházi lakás,5,Jó állapotú,2025-08-17,Gáz (konvektor),Nem adta meg a hirdető,Nincs,1900,,,,,
https://www.zenga.hu/ingatlan/elado-teglalakas-budapest-xi-kerulet-sasad-sashegy-xi-ker/8613223?page=3&pos=20&cr=290,Budapest XI. kerület eladó téglalakás 3 szobás: 95 millió Ft,95.0,70.0,70 m²,3.0,"Budapest XI. kerület, Sasad-Sashegy XI. ker.",Téglalakás,,Felújított,2025-08-17,Gáz (konvektor),Nem adta meg a hirdető,,2004,6 m²,,,,
https://www.zenga.hu/ingatlan/elado-teglalakas-budapest-viii-kerulet/8652752?page=4&pos=4&cr=286,Budapest VIII. kerület eladó téglalakás 3 szobás: 79 millió Ft,79.0,66.0,66 m²,3.0,"Budapest VIII. kerület, Nagy Fuvaros utca",Téglalakás,,,2025-08-17,Fan coil,Nem adta meg a hirdető,,1920,,,,,
https://www.zenga.hu/ingatlan/elado-teglalakas-budapest-viii-kerulet/8653408?page=4&pos=5&cr=286,"Budapest VIII. kerület eladó téglalakás 3 szobás: 84,9 millió Ft",84.9,109.0,109 m²,3.0,Budapest VIII. kerület,Téglalakás,,,2025-08-17,Cserépkályha,Nem adta meg a hirdető,,1920,,,,,
https://www.zenga.hu/ingatlan/elado-teglalakas-budapest-viii-kerulet/8661123?page=4&pos=7&cr=286,"Budapest VIII. kerület eladó téglalakás 2 szobás: 70,9 millió Ft",70.9,76.0,76 m²,2.0,Budapest VIII. kerület,Téglalakás,,,2025-08-17,,,,,,,,,
https://www.zenga.hu/ingatlan/elado-teglalakas-budapest-viii-kerulet/8665086?page=4&pos=8&cr=286,"Budapest VIII. kerület eladó téglalakás 2 szobás: 69,9 millió Ft",69.9,64.0,64 m²,2.0,"Budapest VIII. kerület, Baross utca",Téglalakás,4,Jó állapotú,2025-08-17,Gázkazán,Nem adta meg a hirdető,,1898,,,,,
https://www.zenga.hu/ingatlan/elado-teglalakas-budapest-viii-kerulet/8661128?page=4&pos=9&cr=286,"Budapest VIII. kerület eladó téglalakás 4 szobás: 99,9 millió Ft",99.9,92.0,92 m²,4.0,"Budapest VIII. kerület, Fiumei út",Téglalakás,,,2025-08-17,Gáz (konvektor),Nem adta meg a hirdető,,1909,8 m²,,,,
https://www.zenga.hu/ingatlan/elado-teglalakas-budapest-viii-kerulet/8662685?page=4&pos=10&cr=286,"Budapest VIII. kerület eladó téglalakás 3 szobás: 97,01 millió Ft",97.01,84.0,84 m²,3.0,Budapest VIII. kerület,Téglalakás,4,Jó állapotú,2025-08-17,Gázkazán,Nem adta meg a hirdető,,1909,,,,,
https://www.zenga.hu/ingatlan/elado-teglalakas-budapest-viii-kerulet/8662050?page=4&pos=11&cr=286,"Budapest VIII. kerület eladó téglalakás 3 szobás: 108,89 millió Ft",108.89,90.0,90 m²,3.0,Budapest VIII. kerület,Téglalakás,4,Jó állapotú,2025-08-17,Gáz (konvektor),Nem adta meg a hirdető,,1920,2 m²,,,,
https://www.zenga.hu/ingatlan/elado-teglalakas-budapest-viii-kerulet/8657248?page=4&pos=12&cr=286,"Budapest VIII. kerület eladó téglalakás 4 szobás: 84,9 millió Ft",84.9,94.0,94 m²,4.0,Budapest VIII. kerület,Téglalakás,3,Jó állapotú,2025-08-17,Gázkazán,Nem adta meg a hirdető,,1895,,,,,
https://www.zenga.hu/ingatlan/elado-teglalakas-budapest-viii-kerulet/8654391?page=4&pos=13&cr=286,Budapest VIII. kerület eladó téglalakás 1 szobás: 32 millió Ft,32.0,15.0,15 m²,1.0,"Budapest VIII. kerület, Baross utca",Téglalakás,3,Újszerű,2025-08-17,Egyéb,Nem adta meg a hirdető,,1950,,,,,
https://www.zenga.hu/ingatlan/elado-teglalakas-budapest-viii-kerulet/8657303?page=4&pos=14&cr=286,"Budapest VIII. kerület eladó téglalakás 2 szobás: 69,9 millió Ft",69.9,76.0,76 m²,2.0,"Budapest VIII. kerület, Berzsenyi utca",Téglalakás,2,Átlagos,2025-08-17,Gázkazán,Nem adta meg a hirdető,,1900,,,,,
https://www.zenga.hu/ingatlan/elado-teglalakas-budapest-xiv-kerulet-istvanmezo/8637837?page=4&pos=15&cr=265,Budapest XIV. kerület eladó téglalakás 2 szobás: 63 millió Ft,63.0,60.0,60 m²,2.0,"Budapest XIV. kerület, Istvánmező",Téglalakás,,Átlagos,2025-08-17,Gázkazán,Nem adta meg a hirdető,Nincs,1920,,,,,
https://www.zenga.hu/ingatlan/elado-teglalakas-budapest-xiii-kerulet-angyalfold/8651440?page=4&pos=16&cr=263,"Budapest XIII. kerület eladó téglalakás 2 szobás: 59,9 millió Ft",59.9,50.0,50 m²,2.0,"Budapest XIII. kerület, Angyalföld, József Attila tér",Téglalakás,,,2025-08-17,Gázkazán,Nem adta meg a hirdető,,1950,,,,,
https://www.zenga.hu/ingatlan/elado-teglalakas-budapest-xiii-kerulet-loportardulo/8658039?page=4&pos=17&cr=263,"Budapest XIII. kerület eladó téglalakás 3 szobás: 108,8 millió Ft",108.8,56.0,56 m²,3.0,"Budapest XIII. kerület, Lőportárdűlő",Téglalakás,,,2025-08-17,Házközponti fűtés egyedi méréssel,Nem adta meg a hirdető,,2019,,,,24 m²,
https://www.zenga.hu/ingatlan/elado-teglalakas-budapest-xiii-kerulet-ujlipotvaros/8652792?page=4&pos=18&cr=263,"Budapest XIII. kerület eladó téglalakás 2 szobás: 98,5 millió Ft",98.5,78.0,78 m²,2.0,"Budapest XIII. kerület, Újlipótváros",Téglalakás,,,2025-08-17,Gázkazán,Nem adta meg a hirdető,,1930,,,,,
https://www.zenga.hu/ingatlan/elado-panellakas-budapest-xiii-kerulet-vizafogo/8661809?page=4&pos=19&cr=263,"Budapest XIII. kerület eladó panellakás 3 szobás: 78,9 millió Ft",78.9,59.0,59 m²,3.0,"Budapest XIII. kerület, Vizafogó",Panellakás,,,2025-08-17,Távfűtés egyedi méréssel,Nem adta meg a hirdető,,1975,4 m²,,,,
https://www.zenga.hu/ingatlan/elado-teglalakas-budapest-xiii-kerulet/8659805?page=4&pos=20&cr=263,Budapest XIII. kerület eladó téglalakás 4 szobás: 425 millió Ft,425.0,144.0,144 m²,4.0,"Budapest XIII. kerület, Hajóépítő sétány",Téglalakás,,,2025-08-17,Hőszivattyú,Nem adta meg a hirdető,,2022,,,,85 m²,
https://www.zenga.hu/ingatlan/elado-teglalakas-budapest-xiii-kerulet-loportardulo/8652791?page=5&pos=1&cr=263,"Budapest XIII. kerület eladó téglalakás 2 szobás: 71,9 millió Ft",71.9,37.0,37 m²,2.0,"Budapest XIII. kerület, Lőportárdűlő",Téglalakás,,Új építésű,2025-08-17,Hőszivattyú,Nem adta meg a hirdető,,2025,"5,5 m²",,,,
https://www.zenga.hu/ingatlan/elado-teglalakas-budapest-xiii-kerulet-angyalfold/8661159?page=5&pos=2&cr=263,"Budapest XIII. kerület eladó téglalakás 2 szobás: 69,9 millió Ft",69.9,37.0,37 m²,2.0,"Budapest XIII. kerület, Angyalföld",Téglalakás,,Új építésű,2025-08-17,Hőszivattyú,Nem adta meg a hirdető,,2025,"2,9 m²",,,,
https://www.zenga.hu/ingatlan/elado-teglalakas-budapest-xiii-kerulet/8664895?page=5&pos=3&cr=263,Budapest XIII. kerület eladó téglalakás 1 szobás: 66 millió Ft,66.0,40.0,40 m²,1.0,"Budapest XIII. kerület, Göncz Árpád központ",Téglalakás,,Átlagos,2025-08-17,Gázkazán,Nem adta meg a hirdető,,1960,"1,7 m²",,,,
https://www.zenga.hu/ingatlan/elado-teglalakas-budapest-xiii-kerulet-ujlipotvaros/8659809?page=5&pos=4&cr=263,"Budapest XIII. kerület eladó téglalakás 2 szobás: 89,9 millió Ft",89.9,58.0,58 m²,2.0,"Budapest XIII. kerület, Újlipótváros",Téglalakás,,,2025-08-17,Távfűtés,Nem adta meg a hirdető,,1963,3 m²,,,,
https://www.zenga.hu/ingatlan/elado-teglalakas-budapest-xiii-kerulet/8663340?page=5&pos=5&cr=263,Budapest XIII. kerület eladó téglalakás 4 szobás: 279 millió Ft,279.0,167.0,167 m²,4.0,"Budapest XIII. kerület, Csata utca",Téglalakás,,Újszerű,2025-08-17,Elektromos,Nem adta meg a hirdető,,2008,,,,,
https://www.zenga.hu/ingatlan/elado-teglalakas-budapest-xiii-kerulet/8655430?page=5&pos=6&cr=263,"Budapest XIII. kerület eladó téglalakás 2 szobás: 35,9 millió Ft",35.9,33.0,33 m²,2.0,Budapest XIII. kerület,Téglalakás,3,Felújítandó,2025-08-17,Elektromos,Nem adta meg a hirdető,,1930,,,,,
https://www.zenga.hu/ingatlan/elado-teglalakas-budapest-xii-kerulet-istenhegy/8562026?page=5&pos=7&cr=260,"Budapest XII. kerület eladó téglalakás 4 szobás: 144,9 millió Ft",144.9,107.0,107 m²,4.0,"Budapest XII. kerület, Istenhegy",Téglalakás,,,2025-08-17,Gázkazán,F,,1985,"8,5 m²",,,"28,7 m²",
https://www.zenga.hu/ingatlan/elado-panellakas-budapest-iii-kerulet-obuda/8663792?page=5&pos=8&cr=260,,,,,,,,,,2025-08-17,,,,,,,,,
https://www.zenga.hu/ingatlan/elado-teglalakas-budapest-iv-kerulet-megyer/8586502?page=5&pos=9&cr=258,"Budapest IV. kerület eladó téglalakás 2+1 fél szobás: 61,9 millió Ft",61.9,56.0,56 m²,2.0,"Budapest IV. kerület, Megyer",Téglalakás,5,Átlagos,2025-08-17,Gáz (konvektor),Nem adta meg a hirdető,,1975,,,,,
https://www.zenga.hu/ingatlan/elado-teglalakas-budapest-xiv-kerulet-alsorakos/8587364?page=5&pos=10&cr=255,Budapest XIV. kerület eladó téglalakás 2+2 fél szobás: 75 millió Ft,75.0,74.0,74 m²,2.0,"Budapest XIV. kerület, Alsórákos",Téglalakás,,Átlagos,2025-08-17,Távfűtés egyedi méréssel,E,Nincs,1968,7 m²,,,,
https://www.zenga.hu/ingatlan/elado-teglalakas-budapest-xiii-kerulet/8611400?page=5&pos=11&cr=251,"Eladó 3 szobás téglalakás 127,03 millió Ft értékben Budapest XIII. kerületben - Parkside Residence lakóparkban",127.03,63.0,63 m²,3.0,"Budapest XIII. kerület, Visegrádi utca 116.",Téglalakás,8,Új építésű,2025-08-17,Mennyezeti hűtés-fűtés,A+,,,"7,1 m²",,2027. 4. negyedév,,
https://www.zenga.hu/ingatlan/elado-teglalakas-budapest-xiii-kerulet/8611417?page=5&pos=12&cr=251,"Eladó 2 szobás téglalakás 86,48 millió Ft értékben Budapest XIII. kerületben - Parkside Residence lakóparkban",86.48,41.0,41 m²,2.0,"Budapest XIII. kerület, Visegrádi utca 116.",Téglalakás,8,Új építésű,2025-08-17,Mennyezeti hűtés-fűtés,A+,,,"6,1 m²",,2027. 4. negyedév,,
https://www.zenga.hu/ingatlan/elado-teglalakas-budapest-xv-kerulet-rakospalota/8666815?page=5&pos=13&cr=250,"Budapest XV. kerület eladó téglalakás 1 szobás: 31,5 millió Ft",31.5,20.0,20 m²,1.0,"Budapest XV. kerület, Rákospalota",Téglalakás,1,Felújított,2025-08-17,Elektromos,Nem adta meg a hirdető,,1930,,,,,18 500 Ft/hó
https://www.zenga.hu/ingatlan/elado-teglalakas-budapest-xi-kerulet/8614552?page=5&pos=14&cr=250,"Eladó 1 szobás téglalakás 68,37 millió Ft értékben Budapest XI. kerületben - Budai Walzer lakóparkban",68.37,33.0,33 m²,,,,,,2025-08-17,,,,,,,,,
https://www.zenga.hu/ingatlan/elado-teglalakas-budapest-xi-kerulet/8614566?page=5&pos=15&cr=250,,,,,,,,,,2025-08-17,,,,,,,,,
https://www.zenga.hu/ingatlan/elado-teglalakas-budapest-xi-kerulet/8614716?page=5&pos=16&cr=250,"Eladó 1 szobás téglalakás 55,26 millió Ft értékben Budapest XI. kerületben - Budai Walzer lakóparkban",,,,,,,,,2025-08-17,,,,,,,,,
https://www.zenga.hu/ingatlan/elado-teglalakas-budapest-xiii-kerulet/8647208?page=5&pos=17&cr=250,Eladó 1 szobás téglalakás 75 millió Ft értékben Budapest XIII. kerületben - OLIVE Club House lakóparkban,75.0,38.0,38 m²,1.0,"Budapest XIII. kerület, Szent László út 106.",Téglalakás,5,Új építésű,2025-08-17,Mennyezeti hűtés-fűtés,A++,,,"5,2 m²",,2027. augusztus,,
https://www.zenga.hu/ingatlan/elado-teglalakas-budapest-xiii-kerulet/8647201?page=5&pos=18&cr=250,"Eladó 2 szobás téglalakás 73,1 millió Ft értékben Budapest XIII. kerületben - OLIVE Club House lakóparkban",73.1,45.0,45 m²,2.0,"Budapest XIII. kerület, Szent László út 106.",Téglalakás,5,Új építésű,2025-08-17,Mennyezeti hűtés-fűtés,A++,,,,,2027. augusztus,,
https://www.zenga.hu/ingatlan/elado-teglalakas-budapest-xiii-kerulet/8647204?page=5&pos=19&cr=250,"Eladó 1 szobás téglalakás 74,1 millió Ft értékben Budapest XIII. kerületben - OLIVE Club House lakóparkban",74.1,42.0,42 m²,1.0,"Budapest XIII. kerület, Szent László út 106.",Téglalakás,5,Új építésű,2025-08-17,Mennyezeti hűtés-fűtés,A++,,,"5,2 m²",,2027. augusztus,,
https://www.zenga.hu/ingatlan/elado-teglalakas-budapest-x-kerulet/8470972?page=5&pos=20&cr=250,"Eladó 2+1 fél szobás téglalakás 89,57 millió Ft értékben Budapest X. kerületben - Somfa Liget Vii. Ütem lakóparkban",89.57,62.0,62 m²,2.0,"Budapest X. kerület, Somfa utca 5/a.",Téglalakás,7,Új építésű,2025-08-17,Házközponti fűtés egyedi méréssel,Nem adta meg a hirdető,,,"34,9 m²",,2024. 1. negyedév,,
https://www.zenga.hu/ingatlan/elado-teglalakas-budapest-viii-kerulet/7958256?page=6&pos=4&cr=250,"Eladó 1 szobás téglalakás 64,95 millió Ft értékben Budapest VIII. kerületben - UNIVERY Lakópark lakóparkban",64.95,29.0,,,,,,,2025-08-17,,,,,,,,,
https://www.zenga.hu/ingatlan/elado-teglalakas-budapest-xi-kerulet-koerberek/8557632?page=6&pos=6&cr=250,"Eladó 4 szobás téglalakás 153,19 millió Ft értékben Budapest XI. kerületben - Lake11 lakóparkban",153.19,95.0,95 m²,4.0,"Budapest XI. kerület, Kőérberek, Kánai út",Téglalakás,4,,2025-08-17,,,,,,,,,
https://www.zenga.hu/ingatlan/elado-teglalakas-budapest-iv-kerulet/8372241?page=6&pos=8&cr=250,"Eladó 3 szobás téglalakás 133,13 millió Ft értékben Budapest IV. kerületben - Bam Living lakóparkban",133.13,101.0,101 m²,3.0,Budapest IV. kerület,Téglalakás,5,Új építésű,2025-08-17,Mennyezeti hűtés-fűtés,AA+ (2016-2023-as besorolás),,,"96,5 m²",,2026. 4. negyedév,,
https://www.zenga.hu/ingatlan/elado-panellakas-budapest-xv-kerulet-ujpalota/8617890?page=6&pos=9&cr=250,,,,,,,,,,2025-08-17,,,,,,,,,
https://www.zenga.hu/ingatlan/elado-teglalakas-budapest-iv-kerulet/8367750?page=6&pos=10&cr=250,"Eladó 3 szobás téglalakás 125,87 millió Ft értékben Budapest IV. kerületben - Bam Living lakóparkban",125.87,100.0,100 m²,3.0,Budapest IV. kerület,Téglalakás,5,Új építésű,2025-08-17,Mennyezeti hűtés-fűtés,AA+ (2016-2023-as besorolás),,,"75,3 m²",,2026. 4. negyedév,,
https://www.zenga.hu/ingatlan/elado-teglalakas-budapest-iv-kerulet/8387699?page=6&pos=11&cr=250,"Eladó 2 szobás téglalakás 107,29 millió Ft értékben Budapest IV. kerületben - Bam Living lakóparkban",107.29,76.0,76 m²,2.0,Budapest IV. kerület,Téglalakás,5,Új építésű,2025-08-17,Mennyezeti hűtés-fűtés,AA+ (2016-2023-as besorolás),,,"72,2 m²",,2026. 4. negyedév,,
https://www.zenga.hu/ingatlan/elado-teglalakas-budapest-ix-kerulet/7518172?page=6&pos=12&cr=250,"Eladó 4 szobás téglalakás 159,08 millió Ft értékben Budapest IX. kerületben - Metrodom Green lakóparkban",159.08,82.0,82 m²,4.0,Budapest IX. kerület,Téglalakás,10,,2025-08-17,,,,,,,,,
https://www.zenga.hu/ingatlan/elado-teglalakas-budapest-xix-kerulet/8606967?page=6&pos=13&cr=250,,,,,,,,,,2025-08-17,,,,,,,,,
https://www.zenga.hu/ingatlan/elado-teglalakas-budapest-vii-kerulet/8602468?page=6&pos=14&cr=250,"Eladó 2 szobás téglalakás 141,35 millió Ft értékben Budapest VII. kerületben - LIGET VILLA - uniques homes by Faedra Group lakóparkban",,,,,,,,,2025-08-17,,,,,,,,,
https://www.zenga.hu/ingatlan/elado-teglalakas-budapest-vii-kerulet/8602460?page=6&pos=15&cr=250,,,,,,,,,,2025-08-17,,,,,,,,,
https://www.zenga.hu/ingatlan/elado-teglalakas-budapest-xiv-kerulet/8510409?page=6&pos=16&cr=250,"Eladó 4 szobás téglalakás 132,9 millió Ft értékben Budapest XIV. kerületben - Telepes24 lakóparkban",132.9,82.0,82 m²,4.0,"Budapest XIV. kerület, Telepes utca 24.",Téglalakás,4,Új építésű,2025-08-17,Házközponti fűtés egyedi méréssel,Nem adta meg a hirdető,,,"23,5 m²",,2026. 4. negyedév,,
https://www.zenga.hu/ingatlan/elado-teglalakas-budapest-xiv-kerulet/8510407?page=6&pos=17&cr=250,"Eladó 3 szobás téglalakás 89,9 millió Ft értékben Budapest XIV. kerületben - Telepes24 lakóparkban",89.9,56.0,56 m²,3.0,"Budapest XIV. kerület, Telepes utca 24.",Téglalakás,4,Új építésű,2025-08-17,Házközponti fűtés egyedi méréssel,Nem adta meg a hirdető,,,10 m²,,2026. 4. negyedév,,
https://www.zenga.hu/ingatlan/elado-teglalakas-budapest-xiv-kerulet/8579076?page=6&pos=18&cr=250,"Eladó 3 szobás téglalakás 167,2 millió Ft értékben Budapest XIV. kerületben - Dürer Park lakóparkban",167.2,61.0,61 m²,3.0,"Budapest XIV. kerület, Ajtósi Dürer sor 19-21.",Téglalakás,9,Új építésű,2025-08-17,Mennyezeti hűtés-fűtés,A+,,,"31,6 m²",,2027. május,,
https://www.zenga.hu/ingatlan/elado-teglalakas-budapest-xiv-kerulet/8579069?page=6&pos=19&cr=250,"Eladó 2 szobás téglalakás 129,35 millió Ft értékben Budapest XIV. kerületben - Dürer Park lakóparkban",129.35,50.0,50 m²,2.0,"Budapest XIV. kerület, Ajtósi Dürer sor 19-21.",Téglalakás,9,Új építésű,2025-08-17,Mennyezeti hűtés-fűtés,A+,,,19 m²,,2027. május,,
https://www.zenga.hu/ingatlan/elado-teglalakas-budapest-xv-kerulet/8538099?page=6&pos=20&cr=250,"Eladó 2 szobás téglalakás 63,99 millió Ft értékben Budapest XV. kerületben - Novus Liget Lakópark lakóparkban",63.99,42.0,42 m²,2.0,"Budapest XV. kerület, Kékszilva utca 2.",Téglalakás,3,Új építésű,2025-08-17,Mennyezeti hűtés-fűtés,A+,,,"6,5 m²",,2025. 4. negyedév,,
https://www.zenga.hu/ingatlan/elado-teglalakas-budapest-xiii-kerulet/8570007?page=7&pos=1&cr=250,"Eladó 4 szobás téglalakás 506,97 millió Ft értékben Budapest XIII. kerületben - ART HOUSE lakóparkban",506.97,143.0,143 m²,4.0,"Budapest XIII. kerület, Revész utca 18.",Téglalakás,7,Új építésű,2025-08-17,Geotermikus,Nem adta meg a hirdető,,,"23,2 m²",,2027. szeptember,,
https://www.zenga.hu/ingatlan/elado-teglalakas-budapest-xiii-kerulet/8569998?page=7&pos=2&cr=250,"Eladó 2 szobás téglalakás 111,54 millió Ft értékben Budapest XIII. kerületben - ART HOUSE lakóparkban",111.54,45.0,45 m²,2.0,"Budapest XIII. kerület, Revész utca 18.",Téglalakás,7,Új építésű,2025-08-17,Geotermikus,Nem adta meg a hirdető,,,"8,9 m²",,2027. szeptember,,
https://www.zenga.hu/ingatlan/elado-teglalakas-budapest-xiii-kerulet/7930693?page=7&pos=3&cr=250,"Eladó 2 szobás téglalakás 81,2 millió Ft értékben Budapest XIII. kerületben - Terracotta Clubhouse lakóparkban",81.2,49.0,49 m²,2.0,"Budapest XIII. kerület, Jász utca 56",Téglalakás,5,Új építésű,2025-08-17,Egyéb,A++,,,"10,1 m²",,2025. 3. negyedév,,
https://www.zenga.hu/ingatlan/elado-teglalakas-budapest-xiii-kerulet/7930668?page=7&pos=4&cr=250,"Eladó 2 szobás téglalakás 87,61 millió Ft értékben Budapest XIII. kerületben - Kamilla Club House By Astora lakóparkban",87.61,55.0,55 m²,2.0,"Budapest XIII. kerület, Jász utca 48",Téglalakás,5,Új építésű,2025-08-17,Egyéb,A++,,,15 m²,,2025. 3. negyedév,,
https://www.zenga.hu/ingatlan/elado-teglalakas-budapest-xiii-kerulet/7930669?page=7&pos=5&cr=250,"Eladó 3 szobás téglalakás 101,91 millió Ft értékben Budapest XIII. kerületben - Kamilla Club House By Astora lakóparkban",101.91,73.0,73 m²,3.0,"Budapest XIII. kerület, Jász utca 48",Téglalakás,5,Új építésű,2025-08-17,Egyéb,,,,3 m²,,2025. 3. negyedév,,
https://www.zenga.hu/ingatlan/elado-teglalakas-budapest-xxiii-kerulet/8554200?page=7&pos=6&cr=250,"Eladó 4 szobás téglalakás 266,25 millió Ft értékben Budapest XXIII. kerületben - Vereskő ikerház lakóparkban",266.25,166.0,166 m²,4.0,"Budapest XXIII. kerület, Vereskő utca 4.",Téglalakás,2,Új építésű,2025-08-17,Hőszivattyú,A+++,,,50 m²,,2026. július,,
https://www.zenga.hu/ingatlan/elado-teglalakas-budapest-xxiii-kerulet/8554202?page=7&pos=7&cr=250,"Eladó 5 szobás téglalakás 315,13 millió Ft értékben Budapest XXIII. kerületben - Vereskő ikerház lakóparkban",315.13,192.0,192 m²,5.0,"Budapest XXIII. kerület, Vereskő utca 4.",Téglalakás,2,Új építésű,2025-08-17,Hőszivattyú,A+++,,,70 m²,,2026. július,,
https://www.zenga.hu/ingatlan/elado-teglalakas-budapest-ix-kerulet/8549263?page=7&pos=8&cr=250,Eladó 2 szobás téglalakás 83 millió Ft értékben Budapest IX. kerületben - M76 Projekt lakóparkban,83.0,44.0,44 m²,2.0,"Budapest IX. kerület, Mester utca 76/B",Téglalakás,7,Új építésű,2025-08-17,Mennyezeti hűtés-fűtés,A+,,,"4,2 m²",,2026. 3. negyedév,,
https://www.zenga.hu/ingatlan/elado-teglalakas-budapest-ix-kerulet/8539346?page=7&pos=9&cr=250,"Eladó 4 szobás téglalakás 202,85 millió Ft értékben Budapest IX. kerületben - M76 Projekt lakóparkban",202.85,95.0,95 m²,4.0,"Budapest IX. kerület, Mester utca 76/B",Téglalakás,7,Új építésű,2025-08-17,Mennyezeti hűtés-fűtés,A+,,,"26,7 m²",,2026. 3. negyedév,,
https://www.zenga.hu/ingatlan/elado-teglalakas-budapest-vi-kerulet/8526456?page=7&pos=10&cr=250,"Eladó 3 szobás téglalakás 129,5 millió Ft értékben Budapest VI. kerületben - J10 Residence lakóparkban",129.5,67.0,67 m²,3.0,"Budapest VI. kerület, Jókai utca 10.",Téglalakás,4,Új építésű,2025-08-17,Hőszivattyú,A+++,,,,,2026. 3. negyedév,,
https://www.zenga.hu/ingatlan/elado-teglalakas-budapest-vi-kerulet/8526454?page=7&pos=11&cr=250,"Eladó 2 szobás téglalakás 92,3 millió Ft értékben Budapest VI. kerületben - J10 Residence lakóparkban",92.3,46.0,46 m²,2.0,"Budapest VI. kerület, Jókai utca 10.",Téglalakás,4,Új építésű,2025-08-17,Hőszivattyú,A+++,,,,,2026. 3. negyedév,,
https://www.zenga.hu/ingatlan/elado-teglalakas-budapest-xiii-kerulet/7900464?page=7&pos=12&cr=250,"Eladó 3 szobás téglalakás 95,97 millió Ft értékben Budapest XIII. kerületben - River Life lakóparkban",95.97,57.0,57 m²,3.0,"Budapest XIII. kerület, Népfürdő utca 47.",Téglalakás,8,Új építésű,2025-08-17,Egyéb,AA+ (2016-2023-as besorolás),,2026,"9,1 m²",,2024. 4. negyedév,,
https://www.zenga.hu/ingatlan/elado-teglalakas-budapest-xiii-kerulet/7900457?page=7&pos=13&cr=250,"Eladó 4 szobás téglalakás 94,58 millió Ft értékben Budapest XIII. kerületben - River Life lakóparkban",94.58,64.0,64 m²,4.0,"Budapest XIII. kerület, Népfürdő utca 47.",Téglalakás,8,Új építésű,2025-08-17,Egyéb,AA+ (2016-2023-as besorolás),,2026,,,2024. 4. negyedév,,
https://www.zenga.hu/ingatlan/elado-teglalakas-budapest-iv-kerulet/8314161?page=7&pos=15&cr=250,"Eladó 3 szobás téglalakás 120,35 millió Ft értékben Budapest IV. kerületben - Lorántffy-Green House lakóparkban",120.35,93.0,93 m²,3.0,Budapest IV. kerület,Téglalakás,4,Új építésű,2025-08-17,Hőszivattyú,A+,,,"4,5 m²",,2025. 4. negyedév,,
https://www.zenga.hu/ingatlan/elado-teglalakas-budapest-xi-kerulet/8482456?page=7&pos=16&cr=250,"Eladó 4 szobás téglalakás 173,9 millió Ft értékben Budapest XI. kerületben - Andor Liget Lakópark lakóparkban",173.9,79.0,79 m²,4.0,"Budapest XI. kerület, Andor utca 60.",Téglalakás,5,Új építésű,2025-08-17,Mennyezeti hűtés-fűtés,A++,,,"31,7 m²",,2027. 2. negyedév,,
https://www.zenga.hu/ingatlan/elado-teglalakas-budapest-xi-kerulet/8482364?page=7&pos=17&cr=250,"Eladó 2 szobás téglalakás 81,9 millió Ft értékben Budapest XI. kerületben - Andor Liget Lakópark lakóparkban",81.9,40.0,40 m²,2.0,"Budapest XI. kerület, Andor utca 60.",Téglalakás,5,Új építésű,2025-08-17,Mennyezeti hűtés-fűtés,A++,,,"35,5 m²",,2027. 2. negyedév,,
https://www.zenga.hu/ingatlan/elado-teglalakas-budapest-xi-kerulet/8482386?page=7&pos=18&cr=250,"Eladó 3 szobás téglalakás 133,9 millió Ft értékben Budapest XI. kerületben - Andor Liget Lakópark lakóparkban",133.9,63.0,63 m²,3.0,"Budapest XI. kerület, Andor utca 60.",Téglalakás,5,Új építésű,2025-08-17,Mennyezeti hűtés-fűtés,A++,,,"27,2 m²",,2027. 2. negyedév,,
https://www.zenga.hu/ingatlan/elado-teglalakas-budapest-xiii-kerulet/8431341?page=7&pos=19&cr=250,"Eladó 1 szobás téglalakás 59,86 millió Ft értékben Budapest XIII. kerületben - OASIS Residence lakóparkban",59.86,33.0,33 m²,1.0,"Budapest XIII. kerület, Sólyatér utca 15.",Téglalakás,8,Új építésű,2025-08-17,Mennyezeti hűtés-fűtés,A++,,,,,2027. 4. negyedév,,
https://www.zenga.hu/ingatlan/elado-teglalakas-budapest-xiii-kerulet/8431348?page=7&pos=20&cr=250,"Eladó 3 szobás téglalakás 135,14 millió Ft értékben Budapest XIII. kerületben - OASIS Residence lakóparkban",135.14,68.0,68 m²,3.0,"Budapest XIII. kerület, Sólyatér utca 15.",Téglalakás,8,Új építésű,2025-08-17,Mennyezeti hűtés-fűtés,A++,,,"33,6 m²",,2027. 4. negyedév,,
https://www.zenga.hu/ingatlan/elado-teglalakas-budapest-xiii-kerulet/8431353?page=8&pos=1&cr=250,"Eladó 2 szobás téglalakás 86,25 millió Ft értékben Budapest XIII. kerületben - OASIS Residence lakóparkban",86.25,47.0,47 m²,2.0,"Budapest XIII. kerület, Sólyatér utca 15.",Téglalakás,8,Új építésű,2025-08-17,Mennyezeti hűtés-fűtés,A++,,,"9,6 m²",,2027. 4. negyedév,,
https://www.zenga.hu/ingatlan/elado-teglalakas-budapest-xiii-kerulet/8431345?page=8&pos=2&cr=250,"Eladó 1 szobás téglalakás 67,06 millió Ft értékben Budapest XIII. kerületben - OASIS Residence lakóparkban",67.06,40.0,40 m²,1.0,"Budapest XIII. kerület, Sólyatér utca 15.",Téglalakás,8,Új építésű,2025-08-17,Mennyezeti hűtés-fűtés,A++,,,"4,7 m²",,2027. 4. negyedév,,
https://www.zenga.hu/ingatlan/elado-teglalakas-budapest-xiv-kerulet/8383058?page=8&pos=3&cr=250,"Eladó 3+1 fél szobás téglalakás 133,56 millió Ft értékben Budapest XIV. kerületben - NL111 lakóparkban",133.56,87.0,87 m²,3.0,Budapest XIV. kerület,Téglalakás,4,Új építésű,2025-08-17,Mennyezeti hűtés-fűtés,A+,,,66 m²,,2026. 2. negyedév,,
https://www.zenga.hu/ingatlan/elado-teglalakas-budapest-xiv-kerulet/8357111?page=8&pos=4&cr=250,"Eladó 3 szobás téglalakás 89,07 millió Ft értékben Budapest XIV. kerületben - NL111 lakóparkban",89.07,63.0,63 m²,3.0,Budapest XIV. kerület,Téglalakás,4,Új építésű,2025-08-17,Mennyezeti hűtés-fűtés,A+,,,"5,5 m²",,2026. 2. negyedév,,
https://www.zenga.hu/ingatlan/elado-teglalakas-budapest-xiii-kerulet/8390987?page=8&pos=5&cr=250,"Eladó 1 szobás téglalakás 67,5 millió Ft értékben Budapest XIII. kerületben - Lomb Corner lakóparkban",67.5,36.0,36 m²,1.0,"Budapest XIII. kerület, Lomb utca 13.",Téglalakás,9,Új építésű,2025-08-17,Egyéb,AA+ (2016-2023-as besorolás),,,"1,7 m²",,2025. 4. negyedév,,
https://www.zenga.hu/ingatlan/elado-teglalakas-budapest-xi-kerulet/8454282?page=8&pos=6&cr=250,"Eladó 3 szobás téglalakás 155,4 millió Ft értékben Budapest XI. kerületben - NapForrás 20 - Buda lakóparkban",155.4,71.0,71 m²,3.0,Budapest XI. kerület,Téglalakás,3,Új építésű,2025-08-17,Mennyezeti hűtés-fűtés,A+++,,,24 m²,,2026. 3. negyedév,,
https://www.zenga.hu/ingatlan/elado-teglalakas-budapest-xi-kerulet/8454276?page=8&pos=7&cr=250,"Eladó 2 szobás téglalakás 112,85 millió Ft értékben Budapest XI. kerületben - NapForrás 20 - Buda lakóparkban",112.85,54.0,54 m²,2.0,Budapest XI. kerület,Téglalakás,3,Új építésű,2025-08-17,Mennyezeti hűtés-fűtés,A+++,,,14 m²,,2026. 3. negyedév,,
https://www.zenga.hu/ingatlan/elado-teglalakas-debrecen/8449159?page=8&pos=8&cr=250,"Eladó 3 szobás téglalakás 74,4 millió Ft értékben Debrecenben - Epres Liget by Bayer lakóparkban",74.4,68.0,68 m²,3.0,Debrecen,Téglalakás,4,Új építésű,2025-08-17,Távfűtés,Nem adta meg a hirdető,,2026,10 m²,,2026. 1. negyedév,,
https://www.zenga.hu/ingatlan/elado-teglalakas-budapest-ix-kerulet/8070330?page=8&pos=9&cr=250,"Eladó 3+1 fél szobás téglalakás 225,94 millió Ft értékben Budapest IX. kerületben - CITY PEARL lakóparkban",225.94,114.0,114 m²,3.0,Budapest IX. kerület,Téglalakás,,Új építésű,2025-08-17,,Nem adta meg a hirdető,,2024,,,2024. 3. negyedév,,
https://www.zenga.hu/ingatlan/elado-teglalakas-budapest-xii-kerulet/8391019?page=8&pos=10&cr=250,"Eladó 3 szobás téglalakás 177,03 millió Ft értékben Budapest XII. kerületben - Királyhágó Residence lakóparkban",177.03,72.0,72 m²,3.0,"Budapest XII. kerület, Királyhágó tér 6-7.",Téglalakás,7,Új építésű,2025-08-17,Egyéb,A+,,,,,2024. 1. negyedév,"12,9 m²",
https://www.zenga.hu/ingatlan/elado-teglalakas-budapest-xii-kerulet/8327424?page=8&pos=11&cr=250,"Eladó 3 szobás téglalakás 195,5 millió Ft értékben Budapest XII. kerületben - Királyhágó Residence lakóparkban",195.5,72.0,72 m²,3.0,"Budapest XII. kerület, Királyhágó tér 6-7.",Téglalakás,7,Új építésű,2025-08-17,Egyéb,A+,,,"12,9 m²",,2024. 1. negyedév,,
https://www.zenga.hu/ingatlan/elado-teglalakas-budapest-v-kerulet-lipotvaros/8663414?page=8&pos=14&cr=248,Budapest V. kerület eladó téglalakás 3 szobás: 100 millió Ft,100.0,49.0,49 m²,3.0,"Budapest V. kerület, Lipótváros, Nyáry Pál utca",Téglalakás,,,2025-08-17,,,,,,,,,
https://www.zenga.hu/ingatlan/elado-teglalakas-budapest-v-kerulet/8660309?page=8&pos=15&cr=248,,,,,,,,,,2025-08-17,,,,,,,,,
https://www.zenga.hu/ingatlan/elado-teglalakas-budapest-v-kerulet/8657165?page=8&pos=16&cr=248,,,,,,,,,,2025-08-17,,,,,,,,,
https://www.zenga.hu/ingatlan/elado-teglalakas-budapest-v-kerulet/8656935?page=8&pos=17&cr=248,"Budapest V. kerület eladó téglalakás 4 szobás: 214,4 millió Ft",214.4,134.0,134 m²,4.0,"Budapest V. kerület, Kristóf tér",Téglalakás,3,Átlagos,2025-08-17,Gázkazán,Nem adta meg a hirdető,,1836,,,,,
https://www.zenga.hu/ingatlan/elado-teglalakas-budapest-vii-kerulet/8665739?page=8&pos=18&cr=242,"Budapest VII. kerület eladó téglalakás 2 szobás: 50,5 millió Ft",50.5,47.0,,,,,,,2025-08-17,,,,,,,,,
https://www.zenga.hu/ingatlan/elado-teglalakas-budapest-vii-kerulet-nagykoruton-beluli-terulet/8663413?page=8&pos=19&cr=242,,,,,,,,,,2025-08-17,,,,,,,,,
https://www.zenga.hu/ingatlan/elado-teglalakas-budapest-vii-kerulet/8664070?page=8&pos=20&cr=242,,,,,,,,,,2025-08-17,,,,,,,,,
https://www.zenga.hu/ingatlan/elado-teglalakas-budapest-vii-kerulet/8664070?page=9&pos=1&cr=242,Budapest VII. kerület eladó téglalakás 1 szobás: 60 millió Ft,60.0,29.0,29 m²,1.0,Budapest VII. kerület,Téglalakás,5,Újszerű,2025-08-17,Gázkazán,Nem adta meg a hirdető,,1911,,,,,
https://www.zenga.hu/ingatlan/elado-teglalakas-budapest-vii-kerulet-nagykoruton-kivuli-terulet/8664163?page=9&pos=2&cr=242,Budapest VII. kerület eladó téglalakás 2 szobás: 86 millió Ft,86.0,51.0,51 m²,2.0,"Budapest VII. kerület, Külső-Erzsébetváros",Téglalakás,,,2025-08-17,Házközponti fűtés egyedi méréssel,Nem adta meg a hirdető,,2015,,,,19 m²,
https://www.zenga.hu/ingatlan/elado-teglalakas-budapest-vii-kerulet-nagykoruton-beluli-terulet/8663413?page=9&pos=3&cr=242,Budapest VII. kerület eladó téglalakás 1 szobás: 54 millió Ft,54.0,27.0,27 m²,1.0,"Budapest VII. kerület, Belső-Erzsébetváros, Wesselényi utca",Téglalakás,,,2025-08-17,Gáz (konvektor),Nem adta meg a hirdető,,1890,,,,,
https://www.zenga.hu/ingatlan/elado-teglalakas-budapest-vii-kerulet/8658074?page=9&pos=4&cr=242,"Budapest VII. kerület eladó téglalakás 1 szobás: 64,9 millió Ft",64.9,36.0,36 m²,1.0,Budapest VII. kerület,Téglalakás,,,2025-08-17,Gáz (konvektor),Nem adta meg a hirdető,,1910,,,,,
https://www.zenga.hu/ingatlan/elado-teglalakas-budapest-vii-kerulet-ligetvaros/8662547?page=9&pos=5&cr=242,Budapest VII. kerület eladó téglalakás 3 szobás: 93 millió Ft,93.0,71.0,71 m²,3.0,"Budapest VII. kerület, Ligetváros",Téglalakás,,Újszerű,2025-08-17,Gázkazán,Nem adta meg a hirdető,,1890,,,,,
https://www.zenga.hu/ingatlan/elado-teglalakas-budapest-vii-kerulet/8657266?page=9&pos=6&cr=242,Budapest VII. kerület eladó téglalakás 3 szobás: 95 millió Ft,95.0,106.0,106 m²,3.0,"Budapest VII. kerület, Izabella utca",Téglalakás,3,Átlagos,2025-08-17,Gáz (konvektor),Nem adta meg a hirdető,,1900,,,,,
https://www.zenga.hu/ingatlan/elado-teglalakas-budapest-vii-kerulet/8651625?page=9&pos=7&cr=242,Budapest VII. kerület eladó téglalakás 2 szobás: 79 millió Ft,79.0,67.0,67 m²,2.0,"Budapest VII. kerület, Rákóczi út",Téglalakás,4,Felújítandó,2025-08-17,Gáz (héra),Nem adta meg a hirdető,,1920,,,,,
https://www.zenga.hu/ingatlan/elado-panellakas-bekescsaba-lencsesi-jozsef-attila-lakotelep/8665811?page=9&pos=8&cr=230,"Békéscsaba eladó panellakás 2+1 fél szobás: 27,9 millió Ft",27.9,68.0,68 m²,2.0,"Békéscsaba, Lencsési (József Attila) lakótelep",Panellakás,10,Felújított,2025-08-17,Házközponti fűtés egyedi méréssel,A++,Van,1970,4 m²,,,,33 000 Ft/hó
https://www.zenga.hu/ingatlan/elado-teglalakas-budapest-xi-kerulet-szentimrevaros/8523726?page=9&pos=9&cr=230,"Budapest XI. kerület eladó téglalakás 2 szobás: 104,9 millió Ft",104.9,,,,,,,,2025-08-17,,,,,,,,,
https://www.zenga.hu/ingatlan/elado-teglalakas-budapest-xix-kerulet/8658612?page=9&pos=10&cr=229,"Budapest XIX. kerület eladó téglalakás 3 szobás: 99,5 millió Ft",99.5,65.0,65 m²,3.0,"Budapest XIX. kerület, KöKi",Téglalakás,2,Újszerű,2025-08-17,Fan coil,Nem adta meg a hirdető,,2025,10 m²,,,,
https://www.zenga.hu/ingatlan/elado-teglalakas-budapest-xix-kerulet/8655437?page=9&pos=11&cr=229,"Budapest XIX. kerület eladó téglalakás 2 szobás: 35,9 millió Ft",35.9,35.0,35 m²,2.0,"Budapest XIX. kerület, Árpád utca",Téglalakás,1,Újszerű,2025-08-17,Gáz (konvektor),Nem adta meg a hirdető,,1963,20 m²,,,,
https://www.zenga.hu/ingatlan/elado-panellakas-budapest-xi-kerulet-kelenfold/8653380?page=9&pos=12&cr=227,,,,,,,,,,2025-08-17,,,,,,,,,
https://www.zenga.hu/ingatlan/elado-panellakas-budapest-xi-kerulet-kelenfold/8664942?page=9&pos=13&cr=227,,,,,,,,,,2025-08-17,,,,,,,,,
https://www.zenga.hu/ingatlan/elado-teglalakas-budapest-xi-kerulet/8660185?page=9&pos=15&cr=227,"Budapest XI. kerület eladó téglalakás 1+2 fél szobás: 169,9 millió Ft",169.9,70.0,70 m²,1.0,"Budapest XI. kerület, Sasad Liget környéke",Téglalakás,,Újszerű,2025-08-17,Házközponti fűtés egyedi méréssel,Nem adta meg a hirdető,,2020,,,,,
https://www.zenga.hu/ingatlan/elado-teglalakas-budapest-xvi-kerulet-rakosszentmihaly/8586511?page=9&pos=18&cr=222,"Budapest XVI. kerület eladó téglalakás 5 szobás: 179,9 millió Ft",179.9,190.0,190 m²,,,,,,2025-08-17,,,,,,,,,
https://www.zenga.hu/ingatlan/elado-teglalakas-budapest-ii-kerulet/8582900?page=9&pos=19&cr=220,Budapest II. kerület eladó téglalakás 4 szobás: 275 millió Ft,275.0,97.0,97 m²,4.0,Budapest II. kerület,Téglalakás,,Felújított,2025-08-17,Gázkazán,Nem adta meg a hirdető,,1970,,,,,
https://www.zenga.hu/ingatlan/elado-teglalakas-budapest-vii-kerulet/8602434?page=9&pos=20&cr=220,"Eladó 4 szobás téglalakás 243,95 millió Ft értékben Budapest VII. kerületben - LIGET VILLA - uniques homes by Faedra Group lakóparkban",243.95,90.0,90 m²,4.0,"Budapest VII. kerület, Városligeti fasor 25-27",Téglalakás,6,Új építésű,2025-08-17,Padlófűtés,Nem adta meg a hirdető,,,"7,8 m²",,2027. 4. negyedév,,
https://www.zenga.hu/ingatlan/elado-teglalakas-budapest-xi-kerulet/8454339?page=10&pos=1&cr=215,"Eladó 3 szobás téglalakás 155,4 millió Ft értékben Budapest XI. kerületben - NapForrás 20 - Buda lakóparkban",155.4,71.0,,,,,,,2025-08-17,,,,,,,,,
https://www.zenga.hu/ingatlan/elado-teglalakas-budapest-iii-kerulet-uromhegy/8360852?page=10&pos=2&cr=211,Budapest III. kerület eladó téglalakás 4 szobás: 227 millió Ft,227.0,200.0,200 m²,4.0,"Budapest III. kerület, Ürömhegy",Téglalakás,2,Felújított,2025-08-17,Házközponti fűtés egyedi méréssel,Nem adta meg a hirdető,,2000,35 m²,,,,
https://www.zenga.hu/ingatlan/elado-teglalakas-dunakeszi/8524823?page=10&pos=3&cr=210,,,,,,,,,,2025-08-17,,,,,,,,,
https://www.zenga.hu/ingatlan/elado-teglalakas-budapest-xiii-kerulet/8455867?page=10&pos=4&cr=210,"Budapest XIII. kerület eladó téglalakás 3 szobás: 109,9 millió Ft",109.9,72.0,72 m²,3.0,Budapest XIII. kerület,Téglalakás,,Új építésű,2025-08-17,Hőszivattyú,A++,Nincs,2025,8 m²,,,,
https://www.zenga.hu/ingatlan/elado-teglalakas-budapest-xiii-kerulet-vizafogo/8554593?page=10&pos=5&cr=210,"Budapest XIII. kerület eladó téglalakás 4 szobás: 103,9 millió Ft",103.9,93.0,93 m²,4.0,"Budapest XIII. kerület, Vizafogó, Visegrádi utca",Téglalakás,3,Jó állapotú,2025-08-17,Gáz (konvektor),Nem adta meg a hirdető,,,,,,,
https://www.zenga.hu/ingatlan/elado-teglalakas-budapest-ix-kerulet-rehabilitacios-terulet-ix-/8386054?page=10&pos=6&cr=201,Budapest IX. kerület eladó téglalakás 1 szobás: 45 millió Ft,45.0,26.0,26 m²,1.0,"Budapest IX. kerület, Rehabilitációs terület IX. ker.",Téglalakás,5,Újszerű,2025-08-17,Központi fűtés,B,,2017,,,,,
https://www.zenga.hu/ingatlan/elado-teglalakas-budapest-vi-kerulet/8660958?page=10&pos=7&cr=200,Budapest VI. kerület eladó téglalakás 4 szobás: 149 millió Ft,149.0,94.0,94 m²,4.0,Budapest VI. kerület,Téglalakás,,Felújított,2025-08-17,Gázkazán,Nem adta meg a hirdető,,1950,,,,,
https://www.zenga.hu/ingatlan/elado-teglalakas-budapest-viii-kerulet/8660957?page=10&pos=8&cr=200,Budapest VIII. kerület eladó téglalakás 5 szobás: 220 millió Ft,220.0,156.0,156 m²,5.0,Budapest VIII. kerület,Téglalakás,,Felújított,2025-08-17,Gázkazán,Nem adta meg a hirdető,,1920,,,,,
https://www.zenga.hu/ingatlan/elado-teglalakas-budapest-xiv-kerulet-herminamezo/8663393?page=10&pos=9&cr=200,"Budapest XIV. kerület eladó téglalakás 1 szobás: 47,5 millió Ft",47.5,30.0,30 m²,1.0,"Budapest XIV. kerület, Herminamező",Téglalakás,3,Újszerű,2025-08-17,,Nem adta meg a hirdető,,1951,,,,,
https://www.zenga.hu/ingatlan/elado-tarsashazi-lakas-budapest-vi-kerulet/8663817?page=10&pos=10&cr=200,Budapest VI. kerület eladó társasházi lakás 1 szobás: 50 millió Ft,50.0,28.0,28 m²,1.0,Budapest VI. kerület,Társasházi lakás,2,Felújított,2025-08-17,Gáz (konvektor),Nem adta meg a hirdető,,1930,,,,,30 000 Ft/hó
https://www.zenga.hu/ingatlan/elado-teglalakas-budapest-xiii-kerulet-ujlipotvaros/8629708?page=10&pos=11&cr=200,"Budapest XIII. kerület eladó téglalakás 1 szobás: 52,9 millió Ft",52.9,31.0,31 m²,1.0,"Budapest XIII. kerület, Újlipótváros, Tisza",Téglalakás,4,Felújított,2025-08-17,Gáz (konvektor),C,,,,,,,15 000 Ft/hó
https://www.zenga.hu/ingatlan/elado-teglalakas-budapest-v-kerulet/8388075?page=10&pos=12&cr=200,"Budapest V. kerület eladó téglalakás 3 szobás: 305,24 millió Ft",305.24,95.0,95 m²,3.0,Budapest V. kerület,Téglalakás,5,,2025-08-17,,Nem adta meg a hirdető,,1950,,,,,
https://www.zenga.hu/ingatlan/elado-teglalakas-budapest-v-kerulet/8369068?page=10&pos=13&cr=200,Budapest V. kerület eladó téglalakás 4 szobás: 265 millió Ft,265.0,100.0,100 m²,4.0,Budapest V. kerület,Téglalakás,,,2025-08-17,,Nem adta meg a hirdető,,1950,,,,,
https://www.zenga.hu/ingatlan/elado-teglalakas-budapest-v-kerulet/8433051?page=10&pos=14&cr=200,"Budapest V. kerület eladó téglalakás 3 szobás: 215,46 millió Ft",215.46,89.0,89 m²,3.0,Budapest V. kerület,Téglalakás,6,,2025-08-17,,Nem adta meg a hirdető,,1950,,,,,
https://www.zenga.hu/ingatlan/elado-teglalakas-budapest-v-kerulet/8481034?page=10&pos=15&cr=200,Budapest V. kerület eladó téglalakás 2+1 fél szobás: 129 millió Ft,129.0,70.0,70 m²,2.0,Budapest V. kerület,Téglalakás,5,,2025-08-17,,Nem adta meg a hirdető,,1950,,,,,
https://www.zenga.hu/ingatlan/elado-teglalakas-budapest-xiv-kerulet/8660968?page=10&pos=18&cr=200,"Budapest XIV. kerület eladó téglalakás 2 szobás: 78,9 millió Ft",78.9,39.0,39 m²,2.0,Budapest XIV. kerület,Téglalakás,,Felújított,2025-08-17,Gázkazán,Nem adta meg a hirdető,,2005,,,,,
https://www.zenga.hu/ingatlan/elado-tarsashazi-lakas-nyiregyhaza-orokosfold/7488487?page=10&pos=19&cr=200,"Eladó 3 szobás társasházi lakás 74,9 millió Ft értékben Nyíregyházán - GREENCITY I. Ütem lakóparkban",74.9,75.0,75 m²,3.0,"Nyíregyháza, Örökösföld, Törzs utca 2",Társasházi lakás,2,Új építésű,2025-08-17,Egyéb,AA+ (2016-2023-as besorolás),,2025,,,2024. 1. negyedév,,
https://www.zenga.hu/ingatlan/elado-tarsashazi-lakas-nyiregyhaza-orokosfold/7488483?page=10&pos=20&cr=200,"Eladó 3 szobás társasházi lakás 65,9 millió Ft értékben Nyíregyházán - GREENCITY I. Ütem lakóparkban",65.9,71.0,71 m²,3.0,"Nyíregyháza, Örökösföld, Törzs utca 2",Társasházi lakás,2,Új építésű,2025-08-17,Egyéb,A++,,2025,10 m²,,2024. 1. negyedév,,
https://www.zenga.hu/ingatlan/elado-teglalakas-budapest-v-kerulet/8490966?page=11&pos=2&cr=200,Budapest V. kerület eladó téglalakás 3 szobás: 215 millió Ft,215.0,110.0,110 m²,3.0,Budapest V. kerület,Téglalakás,3,Felújított,2025-08-17,Gázkazán,Nem adta meg a hirdető,,,5 m²,,,,50 000 Ft/hó
https://www.zenga.hu/ingatlan/elado-teglalakas-budapest-xvi-kerulet/8450003?page=11&pos=4&cr=200,,,,,,,,,,2025-08-17,,,,,,,,,
https://www.zenga.hu/ingatlan/elado-teglalakas-szentes/8363669?page=11&pos=5&cr=200,Szentes eladó téglalakás 1+2 fél szobás: 42 millió Ft,42.0,53.0,53 m²,1.0,Szentes,Téglalakás,,Új építésű,2025-08-17,Hőszivattyú,B,,2025,,,,,
https://www.zenga.hu/ingatlan/elado-teglalakas-budapest-xi-kerulet-kelenfold/8551504?page=11&pos=6&cr=200,"Budapest XI. kerület eladó téglalakás 3 szobás: 139,99 millió Ft",139.99,62.0,62 m²,3.0,"Budapest XI. kerület, Kelenföld",Téglalakás,2,Új építésű,2025-08-17,Hőszivattyú,Nem adta meg a hirdető,Nincs,2024,,,,21 m²,
https://www.zenga.hu/ingatlan/elado-teglalakas-balatonmariafurdo/8440065?page=11&pos=7&cr=200,"Balatonmáriafürdő eladó téglalakás 1 szobás: 48,09 millió Ft",48.09,40.0,40 m²,1.0,Balatonmáriafürdő,Téglalakás,,Új építésű,2025-08-17,Elektromos,Nem adta meg a hirdető,Nincs,2025,8 m²,,,20 m²,
https://www.zenga.hu/ingatlan/elado-teglalakas-balatonmariafurdo/8619441?page=11&pos=8&cr=200,"Balatonmáriafürdő eladó téglalakás 1 szobás: 55,9 millió Ft",55.9,31.0,31 m²,1.0,Balatonmáriafürdő,Téglalakás,,Új építésű,2025-08-17,Házközponti fűtés egyedi méréssel,A+++,Nincs,2025,,,,14 m²,
https://www.zenga.hu/ingatlan/elado-teglalakas-balatonmariafurdo/8466871?page=11&pos=9&cr=200,"Balatonmáriafürdő eladó téglalakás 1 szobás: 49,48 millió Ft",49.48,39.0,39 m²,1.0,Balatonmáriafürdő,Téglalakás,,Új építésű,2025-08-17,Elektromos,Nem adta meg a hirdető,Nincs,2025,,,,7 m²,
https://www.zenga.hu/ingatlan/elado-egyeb-lakas-budapest-viii-kerulet/8344226?page=11&pos=10&cr=200,"Budapest VIII. kerület eladó egyéb lakás 4 szobás: 129,8 millió Ft",129.8,172.0,172 m²,4.0,"Budapest VIII. kerület, Nagy Fuvaros utca 27",Egyéb lakás,3,Újszerű,2025-08-17,,Nem adta meg a hirdető,,,,,,,
https://www.zenga.hu/ingatlan/elado-teglalakas-budapest-xix-kerulet/8606986?page=11&pos=11&cr=200,"Eladó 3 szobás téglalakás 95,37 millió Ft értékben Budapest XIX. kerületben - Aerogate Homes lakóparkban",95.37,67.0,67 m²,3.0,"Budapest XIX. kerület, Tompa utca 162119/7 hrsz.",Téglalakás,8,Új építésű,2025-08-17,Hőszivattyú,,,,,,,,
https://www.zenga.hu/ingatlan/elado-teglalakas-budapest-vii-kerulet/8602507?page=11&pos=12&cr=200,,,,,,,,,,2025-08-17,,,,,,,,,
https://www.zenga.hu/ingatlan/elado-teglalakas-budapest-xi-kerulet/8577373?page=11&pos=13&cr=200,"Eladó 1 szobás téglalakás 62,59 millió Ft értékben Budapest XI. kerületben - Revital Park lakóparkban",62.59,30.0,,,,,,,2025-08-17,,,,,,,,,
https://www.zenga.hu/ingatlan/elado-teglalakas-budapest-xiii-kerulet/8264321?page=11&pos=14&cr=200,"Eladó 3 szobás téglalakás 143,07 millió Ft értékben Budapest XIII. kerületben - Granat Club House By Astora lakóparkban",143.07,78.0,78 m²,3.0,Budapest XIII. kerület,Téglalakás,5,Új építésű,2025-08-17,Mennyezeti hűtés-fűtés,A++,,,"25,8 m²",,2026. 2. negyedév,,
https://www.zenga.hu/ingatlan/elado-teglalakas-budapest-xiii-kerulet/8264312?page=11&pos=15&cr=200,"Eladó 2 szobás téglalakás 72,67 millió Ft értékben Budapest XIII. kerületben - Granat Club House By Astora lakóparkban",72.67,47.0,,,,,,,2025-08-17,,,,,,,,,
https://www.zenga.hu/ingatlan/elado-teglalakas-budapest-v-kerulet/8528444?page=11&pos=16&cr=200,"Budapest V. kerület eladó téglalakás 3 szobás: 159,6 millió Ft",159.6,71.0,71 m²,3.0,Budapest V. kerület,Téglalakás,4,Felújított,2025-08-17,Gázkazán,Nem adta meg a hirdető,,,,,,,
https://www.zenga.hu/ingatlan/elado-teglalakas-budapest-vi-kerulet-nagykoruton-beluli-terulet/8368782?page=11&pos=17&cr=200,Budapest VI. kerület eladó téglalakás 3 szobás: 169 millió Ft,169.0,72.0,72 m²,3.0,"Budapest VI. kerület, Nagykörúton belüli terület",Téglalakás,8,Újszerű,2025-08-17,Házközponti fűtés egyedi méréssel,A++,,2008,2 m²,,,,
https://www.zenga.hu/ingatlan/elado-teglalakas-budapest-ix-kerulet/8665103?page=11&pos=18&cr=195,Budapest IX. kerület eladó téglalakás 2 szobás: 94 millió Ft,94.0,67.0,67 m²,2.0,Budapest IX. kerület,Téglalakás,3,Jó állapotú,2025-08-17,Gáz (konvektor),Nem adta meg a hirdető,,1900,,,,,
https://www.zenga.hu/ingatlan/elado-teglalakas-budapest-ix-kerulet-belso-ferencvaros/8653401?page=11&pos=19&cr=195,Budapest IX. kerület eladó téglalakás 3 szobás: 250 millió Ft,250.0,77.0,77 m²,3.0,"Budapest IX. kerület, Belső Ferencváros, Lechner Ödön fasor",Téglalakás,,,2025-08-17,Fan coil,Nem adta meg a hirdető,,2008,,,,15 m²,
https://www.zenga.hu/ingatlan/elado-teglalakas-budapest-ix-kerulet-rehabilitacios-terulet-ix-/8664189?page=11&pos=20&cr=195,Budapest IX. kerület eladó téglalakás 3 szobás: 130 millió Ft,130.0,60.0,60 m²,3.0,"Budapest IX. kerület, Rehabilitációs terület IX. ker., Vágóhíd utca",Téglalakás,,,2025-08-17,Hőszivattyú,Nem adta meg a hirdető,,2025,,,,,
https://www.zenga.hu/ingatlan/elado-teglalakas-budapest-ix-kerulet-rehabilitacios-terulet-ix-/8651429?page=12&pos=1&cr=195,Budapest IX. kerület eladó téglalakás 2 szobás: 110 millió Ft,110.0,45.0,45 m²,2.0,"Budapest IX. kerület, Rehabilitációs terület IX. ker.",Téglalakás,,,2025-08-17,Hőszivattyú,Nem adta meg a hirdető,,2017,,,,"18,9 m²",
https://www.zenga.hu/ingatlan/elado-teglalakas-budapest-ix-kerulet/8652896?page=12&pos=2&cr=195,"Budapest IX. kerület eladó téglalakás 2 szobás: 87,99 millió Ft",87.99,62.0,62 m²,2.0,Budapest IX. kerület,Téglalakás,4,Jó állapotú,2025-08-17,Gázkazán,Nem adta meg a hirdető,,1911,,,,,
https://www.zenga.hu/ingatlan/elado-teglalakas-budapest-xx-kerulet-pesterzsebet/8593098?page=12&pos=4&cr=194,"Budapest XX. kerület eladó téglalakás 2 szobás: 49,9 millió Ft",49.9,55.0,55 m²,2.0,"Budapest XX. kerület, Pesterzsébet",Téglalakás,,Felújítandó,2025-08-17,Gáz (konvektor),Nem adta meg a hirdető,,1963,,,,,
https://www.zenga.hu/ingatlan/elado-tarsashazi-lakas-budapest-xiii-kerulet/8119959?page=12&pos=5&cr=190,"Eladó 5 szobás téglalakás 165,7 millió Ft értékben Budapest XIII. kerületben - Béke Garden lakóparkban",165.7,117.0,117 m²,5.0,Budapest XIII. kerület,Téglalakás,,Új építésű,2025-08-17,Egyéb,Nem adta meg a hirdető,,2024,"25,5 m²",,2026. 1. negyedév,,
https://www.zenga.hu/ingatlan/elado-panellakas-budapest-xi-kerulet-gazdagret/8646545?page=12&pos=7&cr=188,,,,,,,,,,2025-08-17,,,,,,,,,
https://www.zenga.hu/ingatlan/elado-csusztatott-zsalus-lakas-budapest-x-kerulet/8664142?page=12&pos=9&cr=185,Eladó 2 szobás csúsztatott zsalus lakás Budapest X. kerületben,,,,,,,,,2025-08-17,,,,,,,,,
https://www.zenga.hu/ingatlan/elado-teglalakas-budapest-x-kerulet-kereszturidulo/8664182?page=12&pos=10&cr=185,,,,,,,,,,2025-08-17,,,,,,,,,
https://www.zenga.hu/ingatlan/elado-teglalakas-budapest-x-kerulet/8661110?page=12&pos=11&cr=185,"Budapest X. kerület eladó téglalakás 2 szobás: 57,9 millió Ft",57.9,51.0,51 m²,2.0,Budapest X. kerület,Téglalakás,,,2025-08-17,Gáz (konvektor),Nem adta meg a hirdető,,1990,,,,,
https://www.zenga.hu/ingatlan/elado-teglalakas-budapest-iii-kerulet-uromhegy/7939037?page=12&pos=12&cr=181,,,,,,,,,,2025-08-17,,,,,,,,,
https://www.zenga.hu/ingatlan/elado-panellakas-budapest-xi-kerulet-kelenfold/8625121?page=12&pos=13&cr=180,,,,,,,,,,2025-08-17,,,,,,,,,
https://www.zenga.hu/ingatlan/elado-teglalakas-zalaegerszeg/8472430?page=12&pos=14&cr=180,"Zalaegerszeg eladó téglalakás 3 szobás: 49,9 millió Ft",49.9,3.0,3 szoba,,Zalaegerszeg,Téglalakás,16,Új építésű,2025-08-17,,A+,Van,2025,,,,,
https://www.zenga.hu/ingatlan/elado-teglalakas-zalaegerszeg/8472429?page=12&pos=15&cr=180,"Zalaegerszeg eladó téglalakás 3 szobás: 53,5 millió Ft",53.5,3.0,3 szoba,,Zalaegerszeg,Téglalakás,16,Új építésű,2025-08-17,,A+,Van,2025,,,,,
https://www.zenga.hu/ingatlan/elado-teglalakas-budapest-xii-kerulet-istenhegy/8622724?page=12&pos=16&cr=180,Budapest XII. kerület eladó téglalakás 2 szobás: 120 millió Ft,120.0,73.0,73 m²,2.0,"Budapest XII. kerület, Istenhegy",Téglalakás,2,Felújított,2025-08-17,Gázkazán,Nem adta meg a hirdető,,,10 m²,,,10 m²,
https://www.zenga.hu/ingatlan/elado-teglalakas-nagykanizsa-belvaros/8452295?page=12&pos=17&cr=175,"Nagykanizsa eladó téglalakás 3+1 fél szobás: 65,9 millió Ft",65.9,90.0,90 m²,3.0,"Nagykanizsa, Belváros",Téglalakás,2,Újszerű,2025-08-17,Központi fűtés,E,Nincs,1877,,,,,30 000 Ft/hó
https://www.zenga.hu/ingatlan/elado-teglalakas-budapest-ii-kerulet-pasaret/8661111?page=12&pos=19&cr=173,"Budapest II. kerület eladó téglalakás 2 szobás: 64,9 millió Ft",64.9,41.0,41 m²,2.0,"Budapest II. kerület, Pasarét",Téglalakás,,,2025-08-17,Gáz (konvektor),Nem adta meg a hirdető,,1965,,,,,
https://www.zenga.hu/ingatlan/elado-teglalakas-budapest-ii-kerulet/8653937?page=12&pos=20&cr=173,"Budapest II. kerület eladó téglalakás 1 szobás: 57,5 millió Ft",,,,,,,,,2025-08-17,,,,,,,,,
https://www.zenga.hu/ingatlan/elado-teglalakas-budapest-ii-kerulet-rozsadomb/8664152?page=13&pos=1&cr=173,Budapest II. kerület eladó téglalakás 3 szobás: 125 millió Ft,125.0,67.0,67 m²,3.0,,,,,2025-08-17,,,,,,,,,
https://www.zenga.hu/ingatlan/elado-teglalakas-budapest-ii-kerulet/8660293?page=13&pos=5&cr=173,Budapest II. kerület eladó téglalakás 3 szobás: 126 millió Ft,126.0,66.0,66 m²,3.0,"Budapest II. kerület, Keleti Károly utca",Téglalakás,5,Jó állapotú,2025-08-17,Gázkazán,Nem adta meg a hirdető,,1910,,,,,
https://www.zenga.hu/ingatlan/elado-teglalakas-keszthely/8183218?page=13&pos=6&cr=170,"Eladó 2+1 fél szobás téglalakás 125,9 millió Ft értékben Keszthelyen - Royal Homes Exclusive lakóparkban",125.9,65.0,65 m²,2.0,"Keszthely, Vitorlás sétány 10.",Téglalakás,4,Új építésű,2025-08-17,Hőszivattyú,AA+ (2016-2023-as besorolás),,,7 m²,,2025. 2. negyedév,,
https://www.zenga.hu/ingatlan/elado-teglalakas-budapest-x-kerulet/8422650?page=13&pos=7&cr=170,,,,,,,,,,2025-08-17,,,,,,,,,
https://www.zenga.hu/ingatlan/elado-teglalakas-budapest-viii-kerulet-jozsefvaros/8646548?page=13&pos=8&cr=168,"Budapest VIII. kerület eladó téglalakás 1 szobás: 39,9 millió Ft",39.9,48.0,48 m²,1.0,"Budapest VIII. kerület, Józsefváros",Téglalakás,,Felújítandó,2025-08-17,Gáz (konvektor),G,,1930,,,,,
https://www.zenga.hu/ingatlan/elado-teglalakas-budapest-ii-kerulet/8582902?page=13&pos=10&cr=165,"Budapest II. kerület eladó téglalakás 2 szobás: 145,9 millió Ft",145.9,57.0,57 m²,2.0,Budapest II. kerület,Téglalakás,,Felújított,2025-08-17,Elektromos,Nem adta meg a hirdető,,1960,,,,,
https://www.zenga.hu/ingatlan/elado-teglalakas-budapest-xi-kerulet/8613312?page=13&pos=11&cr=160,Budapest XI. kerület eladó téglalakás 2+1 fél szobás: 100 millió Ft,100.0,86.0,86 m²,2.0,"Budapest XI. kerület, Bicskei utca",,,,2025-08-17,,,,,,,,,
https://www.zenga.hu/ingatlan/elado-tarsashazi-lakas-aszod/8549722?page=13&pos=12&cr=160,Aszód eladó társasházi lakás 20+10 fél szobás: 299 millió Ft,299.0,664.0,664 m²,20.0,Aszód,Társasházi lakás,2,Jó állapotú,2025-08-17,Házközponti fűtés egyedi méréssel,Nem adta meg a hirdető,,,,,,,
https://www.zenga.hu/ingatlan/elado-teglalakas-budapest-xiv-kerulet/8663616?page=13&pos=13&cr=158,Budapest XIV. kerület eladó téglalakás 3 szobás: 82 millió Ft,82.0,63.0,63 m²,3.0,Budapest XIV. kerület,Téglalakás,5,Újszerű,2025-08-17,Házközponti fűtés egyedi méréssel,,,1908,"1,9 m²",,,,
https://www.zenga.hu/ingatlan/elado-teglalakas-budapest-xiv-kerulet-alsorakos/8651428?page=13&pos=14&cr=158,,,,,,,,,,2025-08-17,,,,,,,,,
https://www.zenga.hu/ingatlan/elado-teglalakas-budapest-xiv-kerulet/8665104?page=13&pos=15&cr=158,,,,,,,,,,2025-08-17,,,,,,,,,
https://www.zenga.hu/ingatlan/elado-panellakas-budapest-xix-kerulet-kispest-lakotelep/8646544?page=13&pos=16&cr=157,"Budapest XIX. kerület eladó panellakás 1+2 fél szobás: 62,9 millió Ft",62.9,59.0,59 m²,1.0,"Budapest XIX. kerület, Kispest lakótelep",Panellakás,,Jó állapotú,2025-08-17,Távfűtés,D,,1960,,,,,
https://www.zenga.hu/ingatlan/elado-teglalakas-budapest-iii-kerulet-uromhegy/8333313?page=13&pos=17&cr=156,"Budapest III. kerület eladó téglalakás 4 szobás: 178,9 millió Ft",178.9,93.0,93 m²,4.0,"Budapest III. kerület, Ürömhegy",Téglalakás,1,Új építésű,2025-08-17,Hőszivattyú,Nem adta meg a hirdető,,2024,,,,,
https://www.zenga.hu/ingatlan/elado-panellakas-debrecen-dobozi-lakotelep/8444905?page=13&pos=18&cr=155,"Debrecen eladó panellakás 3 szobás: 59,9 millió Ft",59.9,67.0,67 m²,3.0,"Debrecen, Dobozi lakótelep",Panellakás,,Felújított,2025-08-17,Távfűtés,C,,1980,,,,,
https://www.zenga.hu/ingatlan/elado-tarsashazi-lakas-budapest-xiii-kerulet/8469029?page=13&pos=19&cr=155,"Eladó 1 szobás téglalakás 87,1 millió Ft értékben Budapest XIII. kerületben - Cosmo Residence lakóparkban",87.1,33.0,33 m²,1.0,Budapest XIII. kerület,Téglalakás,,Új építésű,2025-08-17,Egyéb,Nem adta meg a hirdető,,2025,"2,2 m²",,2027. 2. negyedév,,
https://www.zenga.hu/ingatlan/elado-panellakas-budapest-xxi-kerulet-erdoalja/8587719?page=13&pos=20&cr=155,"Budapest XXI. kerület eladó panellakás 2+3 fél szobás: 84,24 millió Ft",84.24,84.0,84 m²,2.0,"Budapest XXI. kerület, Erdőalja, Völgy utca 21.",Panellakás,4,Átlagos,2025-08-17,Távfűtés,E,,1983,4 m²,,,,
https://www.zenga.hu/ingatlan/elado-teglalakas-nagykanizsa-belvaros/8584691?page=14&pos=1&cr=155,"Nagykanizsa eladó téglalakás 2 szobás: 28,9 millió Ft",28.9,42.0,42 m²,2.0,"Nagykanizsa, Belváros",Téglalakás,4,Újszerű,2025-08-17,Gáz (konvektor),E,,,,,,,
https://www.zenga.hu/ingatlan/elado-teglalakas-budapest-xiii-kerulet/8339083?page=14&pos=2&cr=155,"Eladó 2 szobás téglalakás 77,4 millió Ft értékben Budapest XIII. kerületben - River Life lakóparkban",77.4,49.0,49 m²,2.0,"Budapest XIII. kerület, Népfürdő utca 47.",Téglalakás,8,Új építésű,2025-08-17,Egyéb,AA+ (2016-2023-as besorolás),,,,,2024. 4. negyedév,,
https://www.zenga.hu/ingatlan/elado-teglalakas-budapest-xiii-kerulet/8228576?page=14&pos=3&cr=155,"Eladó 1 szobás téglalakás 61,49 millió Ft értékben Budapest XIII. kerületben - River Life lakóparkban",61.49,36.0,,,,,,,2025-08-17,,,,,,,,,
https://www.zenga.hu/ingatlan/elado-teglalakas-budapest-iv-kerulet/8666775?page=14&pos=4&cr=153,Eladó 1 szobás téglalakás Budapest IV. kerületben,,,,,,,,,2025-08-17,,,,,,,,,
https://www.zenga.hu/ingatlan/elado-teglalakas-budapest-iv-kerulet/8666776?page=14&pos=5&cr=153,"Budapest IV. kerület eladó téglalakás 1 szobás: 44,9 millió Ft",44.9,35.0,35 m²,1.0,Budapest IV. kerület,Téglalakás,3,Jó állapotú,2025-08-17,Gáz (konvektor),Nem adta meg a hirdető,,1930,,,,,
https://www.zenga.hu/ingatlan/elado-teglalakas-budapest-iv-kerulet-kaposztasmegyer/8651454?page=14&pos=6&cr=153,"Budapest IV. kerület eladó téglalakás 2 szobás: 71,9 millió Ft",71.9,44.0,44 m²,2.0,"Budapest IV. kerület, Káposztásmegyer",Téglalakás,,,2025-08-17,Gázkazán,Nem adta meg a hirdető,,2005,5 m²,,,,
https://www.zenga.hu/ingatlan/elado-teglalakas-budapest-iv-kerulet-kaposztasmegyer/8661120?page=14&pos=7&cr=153,"Budapest IV. kerület eladó téglalakás 1 szobás: 63,9 millió Ft",63.9,43.0,43 m²,1.0,"Budapest IV. kerület, Káposztásmegyer",Téglalakás,,,2025-08-17,Házközponti fűtés egyedi méréssel,B,,2005,,,,,
https://www.zenga.hu/ingatlan/elado-teglalakas-budapest-iv-kerulet-ujpest/8661158?page=14&pos=8&cr=153,"Budapest IV. kerület eladó téglalakás 2 szobás: 64,9 millió Ft",64.9,44.0,44 m²,2.0,"Budapest IV. kerület, Újpest, Váci út",Téglalakás,,,2025-08-17,,Nem adta meg a hirdető,,1930,,,,,
https://www.zenga.hu/ingatlan/elado-csusztatott-zsalus-lakas-budapest-iv-kerulet/8652900?page=14&pos=10&cr=153,Eladó 3 szobás csúsztatott zsalus lakás Budapest IV. kerületben,,,,,,,,,2025-08-17,,,,,,,,,
https://www.zenga.hu/ingatlan/elado-panellakas-budapest-iv-kerulet/8651672?page=14&pos=11&cr=153,"Budapest IV. kerület eladó panellakás 2 szobás: 64,8 millió Ft",64.8,50.0,50 m²,2.0,"Budapest IV. kerület, Szigeti József utca",Panellakás,10,Jó állapotú,2025-08-17,Távfűtés egyedi méréssel,Nem adta meg a hirdető,,1994,"4,3 m²",,,,
https://www.zenga.hu/ingatlan/elado-teglalakas-nyiregyhaza-malomkert/8650628?page=14&pos=12&cr=151,,,,,,,,,,2025-08-17,,,,,,,,,
https://www.zenga.hu/ingatlan/elado-teglalakas-budapest-v-kerulet-belvaros/8463777?page=14&pos=13&cr=151,Budapest V. kerület eladó téglalakás 3+1 fél szobás: 189 millió Ft,189.0,100.0,100 m²,3.0,"Budapest V. kerület, Belváros",Téglalakás,5,Átlagos,2025-08-17,Központi fűtés,Nem adta meg a hirdető,,1940,,,,,
https://www.zenga.hu/ingatlan/elado-panellakas-nyiregyhaza-orokosfold/8647308?page=14&pos=14&cr=151,"Nyíregyháza eladó panellakás 2 szobás: 36,5 millió Ft",36.5,55.0,55 m²,2.0,"Nyíregyháza, Örökösföld",Panellakás,4,Jó állapotú,2025-08-17,Távfűtés egyedi méréssel,Nem adta meg a hirdető,,1980,6 m²,,,,
https://www.zenga.hu/ingatlan/elado-csusztatott-zsalus-lakas-miskolc/8554810?page=14&pos=15&cr=150,"Miskolc eladó csúsztatott zsalus lakás 2 szobás: 24,5 millió Ft",24.5,52.0,52 m²,2.0,Miskolc,Csúsztatott zsalus lakás,,Jó állapotú,2025-08-17,Gáz (konvektor),D,,1970,,,,,
https://www.zenga.hu/ingatlan/elado-panellakas-budapest-xiv-kerulet/8660970?page=14&pos=16&cr=150,"Budapest XIV. kerület eladó panellakás 2 szobás: 57,9 millió Ft",57.9,50.0,50 m²,2.0,Budapest XIV. kerület,Panellakás,,Jó állapotú,2025-08-17,Távfűtés,Nem adta meg a hirdető,,1976,,,,,
https://www.zenga.hu/ingatlan/elado-teglalakas-budapest-xiii-kerulet/8228585?page=14&pos=18&cr=150,"Eladó 3 szobás téglalakás 118,2 millió Ft értékben Budapest XIII. kerületben - Metropol13 4. ütem lakóparkban",118.2,56.0,56 m²,3.0,Budapest XIII. kerület,Téglalakás,9,Új építésű,2025-08-17,Hőszivattyú,A+,,,"46,7 m²",,2025. 4. negyedév,,
https://www.zenga.hu/ingatlan/elado-teglalakas-budapest-ii-kerulet-rozsadomb/8210223?page=14&pos=19&cr=150,,,,,,,,,,2025-08-17,,,,,,,,,
https://www.zenga.hu/ingatlan/elado-teglalakas-budapest-xiv-kerulet-torokor/8352125?page=14&pos=20&cr=150,"Budapest XIV. kerület eladó téglalakás 2 szobás: 84,9 millió Ft",84.9,58.0,58 m²,2.0,"Budapest XIV. kerület, Törökőr",Téglalakás,,,2025-08-17,Gázkazán,Nem adta meg a hirdető,,1965,"3,5 m²",,,,
https://www.zenga.hu/ingatlan/elado-teglalakas-budapest-iii-kerulet-obuda/8581889?page=15&pos=1&cr=150,"Budapest III. kerület eladó téglalakás: 84,9 millió Ft",84.9,47.0,47 m²,,"Budapest III. kerület, Óbuda",Téglalakás,1,Újszerű,2025-08-17,Gázkazán,Nem adta meg a hirdető,,2007,,,,,
https://www.zenga.hu/ingatlan/elado-panellakas-bekescsaba-belvaros/8592135?page=15&pos=2&cr=150,"Békéscsaba eladó panellakás 3 szobás: 36,7 millió Ft",36.7,68.0,68 m²,3.0,"Békéscsaba, Belváros, Wlassics sétány",Panellakás,5,Átlagos,2025-08-17,Házközponti fűtés egyedi méréssel,E,,,"3,8 m²",,,,
https://www.zenga.hu/ingatlan/elado-panellakas-budapest-xix-kerulet/8555277?page=15&pos=3&cr=150,Budapest XIX. kerület eladó panellakás 1+2 fél szobás: 56 millió Ft,56.0,59.0,59 m²,1.0,Budapest XIX. kerület,Panellakás,,Átlagos,2025-08-17,Távfűtés,D,,1981,,,,,
https://www.zenga.hu/ingatlan/elado-teglalakas-gyula/8631739?page=15&pos=4&cr=150,"Gyula eladó téglalakás 1+1 fél szobás: 41,9 millió Ft",41.9,45.0,45 m²,1.0,"Gyula, Városház utca 17-19",Téglalakás,4,Jó állapotú,2025-08-17,Gázkazán,E,,2007,,,,,7 140 Ft/hó
https://www.zenga.hu/ingatlan/elado-teglalakas-tokaj/8404757?page=15&pos=5&cr=150,"Eladó 3 szobás téglalakás 192,5 millió Ft értékben Tokajban - Y Residence Tokaj lakóparkban",192.5,90.0,90 m²,3.0,Tokaj,Téglalakás,2,Új építésű,2025-08-17,Hőszivattyú,,,,,,,,
https://www.zenga.hu/ingatlan/elado-teglalakas-nyiregyhaza-belvaros/8628524?page=15&pos=9&cr=150,"Nyíregyháza eladó téglalakás 4 szobás: 69,9 millió Ft",69.9,69.0,69 m²,4.0,"Nyíregyháza, Belváros",Téglalakás,2,Felújított,2025-08-17,Gázkazán,Nem adta meg a hirdető,,2008,4 m²,,,,
https://www.zenga.hu/ingatlan/elado-panellakas-budapest-iv-kerulet-ujpest/8517291?page=15&pos=10&cr=150,"Budapest IV. kerület eladó panellakás 2 szobás: 56,5 millió Ft",56.5,54.0,54 m²,2.0,"Budapest IV. kerület, Újpest",Panellakás,10,Átlagos,2025-08-17,Távfűtés,Nem adta meg a hirdető,,,4 m²,,,,
https://www.zenga.hu/ingatlan/elado-teglalakas-gyor-sziget/8635918?page=15&pos=11&cr=150,"Győr eladó téglalakás 1+1 fél szobás: 49,9 millió Ft",49.9,49.0,49 m²,1.0,"Győr, Sziget, Akác tér 11.",Téglalakás,2,Átlagos,2025-08-17,Gázkazán,Nem adta meg a hirdető,,2004,5 m²,,,,
https://www.zenga.hu/ingatlan/elado-teglalakas-budapest-iii-kerulet/8570568?page=15&pos=12&cr=150,,,,,,,,,,2025-08-17,,,,,,,,,
https://www.zenga.hu/ingatlan/elado-teglalakas-budapest-xii-kerulet/8621547?page=15&pos=13&cr=150,Budapest XII. kerület eladó téglalakás 3 szobás: 113 millió Ft,113.0,64.0,64 m²,3.0,Budapest XII. kerület,Téglalakás,,Felújított,2025-08-17,Gázkazán,Nem adta meg a hirdető,,1920,,,,,
https://www.zenga.hu/ingatlan/elado-teglalakas-budapest-vii-kerulet-nagykoruton-beluli-terulet/8652936?page=15&pos=14&cr=150,Eladó 2 szobás téglalakás Budapest VII. kerületben,,,,,,,,,2025-08-17,,,,,,,,,
https://www.zenga.hu/ingatlan/elado-teglalakas-budapest-vii-kerulet/8651806?page=15&pos=15&cr=150,,,,,,,,,,2025-08-17,,,,,,,,,
https://www.zenga.hu/ingatlan/elado-teglalakas-budapest-vi-kerulet/8514350?page=15&pos=16&cr=150,Budapest VI. kerület eladó téglalakás 4 szobás: 155 millió Ft,155.0,108.0,108 m²,4.0,Budapest VI. kerület,Téglalakás,,Felújított,2025-08-17,Gázkazán,Nem adta meg a hirdető,,2009,,,,,
https://www.zenga.hu/ingatlan/elado-teglalakas-budapest-xii-kerulet-zugliget/8572542?page=15&pos=17&cr=150,"Budapest XII. kerület eladó téglalakás 2 szobás: 59,8 millió Ft",59.8,49.0,49 m²,2.0,"Budapest XII. kerület, Zugliget",Téglalakás,,Átlagos,2025-08-17,Gáz (konvektor),Nem adta meg a hirdető,,1910,,,,,
https://www.zenga.hu/ingatlan/elado-tarsashazi-lakas-nyiregyhaza/8647200?page=15&pos=18&cr=150,"Nyíregyháza eladó társasházi lakás 3 szobás: 46,9 millió Ft",46.9,58.0,58 m²,3.0,Nyíregyháza,Társasházi lakás,4,Jó állapotú,2025-08-17,Gázkazán,A+,,2006,"4,5 m²",,,,
https://www.zenga.hu/ingatlan/elado-teglalakas-nyiregyhaza/8647274?page=15&pos=19&cr=150,"Nyíregyháza eladó téglalakás 3 szobás: 51,9 millió Ft",51.9,52.0,52 m²,3.0,Nyíregyháza,Téglalakás,3,Újszerű,2025-08-17,Gázkazán,Nem adta meg a hirdető,Nincs,2008,1 m²,,,,10 000 Ft/hó
https://www.zenga.hu/ingatlan/elado-teglalakas-nyiregyhaza/8647114?page=15&pos=20&cr=150,"Nyíregyháza eladó téglalakás 2 szobás: 35,5 millió Ft",35.5,48.0,48 m²,2.0,Nyíregyháza,Téglalakás,5,Jó állapotú,2025-08-17,Távfűtés egyedi méréssel,A,,1980,,,,,
https://www.zenga.hu/ingatlan/elado-teglalakas-budapest-ii-kerulet-torokvesz/8661157?page=15&pos=3&cr=164,Budapest II. kerület eladó téglalakás 4 szobás: 300 millió Ft,300.0,140.0,140 m²,4.0,"Budapest II. kerület, Törökvész, Endrődi Sándor utca",Téglalakás,,,2025-08-17,Gázkazán,Nem adta meg a hirdető,,1979,15 m²,,,,
https://www.zenga.hu/ingatlan/elado-teglalakas-budapest-ii-kerulet-rozsadomb/8664152?page=15&pos=4&cr=164,,,,,,,,,,2025-08-17,,,,,,,,,
https://www.zenga.hu/ingatlan/elado-teglalakas-budapest-ii-kerulet-pasaret/8661111?page=15&pos=5&cr=164,,,,,,,,,,2025-08-17,,,,,,,,,
https://www.zenga.hu/ingatlan/elado-teglalakas-budapest-ii-kerulet/8662682?page=15&pos=7&cr=164,Budapest II. kerület eladó téglalakás 4 szobás: 330 millió Ft,330.0,136.0,136 m²,4.0,Budapest II. kerület,,,,2025-08-17,,,,,,,,,
https://www.zenga.hu/ingatlan/elado-teglalakas-budapest-ii-kerulet/8660293?page=15&pos=8&cr=164,Budapest II. kerület eladó téglalakás 3 szobás: 126 millió Ft,126.0,66.0,66 m²,3.0,"Budapest II. kerület, Keleti Károly utca",Téglalakás,5,Jó állapotú,2025-08-17,Gázkazán,Nem adta meg a hirdető,,1910,,,,,
https://www.zenga.hu/ingatlan/elado-teglalakas-budapest-xiv-kerulet-alsorakos/8667984?page=15&pos=9&cr=162,Budapest XIV. kerület eladó téglalakás 2 szobás: 78 millió Ft,78.0,60.0,60 m²,2.0,"Budapest XIV. kerület, Alsórákos",Téglalakás,,,2025-08-17,,,,,,,,,
https://www.zenga.hu/ingatlan/elado-teglalakas-budapest-xiv-kerulet/8665104?page=15&pos=12&cr=162,Budapest XIV. kerület eladó téglalakás 2 szobás: 77 millió Ft,77.0,43.0,43 m²,2.0,"Budapest XIV. kerület, Egressy út",Téglalakás,6,Újszerű,2025-08-17,Házközponti fűtés egyedi méréssel,Nem adta meg a hirdető,,2008,6 m²,,,,
https://www.zenga.hu/ingatlan/elado-tarsashazi-lakas-aszod/8549722?page=15&pos=15&cr=160,Aszód eladó társasházi lakás 20+10 fél szobás: 299 millió Ft,299.0,664.0,664 m²,20.0,Aszód,Társasházi lakás,2,Jó állapotú,2025-08-17,Házközponti fűtés egyedi méréssel,Nem adta meg a hirdető,,,,,,,
https://www.zenga.hu/ingatlan/elado-teglalakas-budapest-iii-kerulet-uromhegy/8333313?page=15&pos=16&cr=156,"Budapest III. kerület eladó téglalakás 4 szobás: 178,9 millió Ft",178.9,93.0,93 m²,4.0,"Budapest III. kerület, Ürömhegy",Téglalakás,1,Új építésű,2025-08-17,Hőszivattyú,Nem adta meg a hirdető,,2024,,,,,
https://www.zenga.hu/ingatlan/elado-teglalakas-budapest-iv-kerulet-kaposztasmegyer/8661120?page=15&pos=17&cr=155,"Budapest IV. kerület eladó téglalakás 1 szobás: 63,9 millió Ft",63.9,43.0,43 m²,1.0,"Budapest IV. kerület, Káposztásmegyer",Téglalakás,,,2025-08-17,Házközponti fűtés egyedi méréssel,B,,2005,,,,,
https://www.zenga.hu/ingatlan/elado-teglalakas-budapest-iv-kerulet/8666775?page=15&pos=18&cr=155,Eladó 1 szobás téglalakás Budapest IV. kerületben,,,,,,,,,2025-08-17,,,,,,,,,
https://www.zenga.hu/ingatlan/elado-teglalakas-budapest-iv-kerulet/8666776?page=15&pos=19&cr=155,"Budapest IV. kerület eladó téglalakás 1 szobás: 44,9 millió Ft",,,,,,,,,2025-08-17,,,,,,,,,
https://www.zenga.hu/ingatlan/elado-tarsashazi-lakas-budapest-xiii-kerulet/8469029?page=15&pos=20&cr=155,"Eladó 1 szobás téglalakás 87,1 millió Ft értékben Budapest XIII. kerületben - Cosmo Residence lakóparkban",87.1,33.0,33 m²,1.0,Budapest XIII. kerület,Téglalakás,,Új építésű,2025-08-17,Egyéb,Nem adta meg a hirdető,,2025,"2,2 m²",,2027. 2. negyedév,,
https://www.zenga.hu/ingatlan/elado-teglalakas-budapest-iv-kerulet-ujpest/8661158?page=16&pos=1&cr=155,"Budapest IV. kerület eladó téglalakás 2 szobás: 64,9 millió Ft",64.9,44.0,44 m²,2.0,"Budapest IV. kerület, Újpest, Váci út",Téglalakás,,,2025-08-17,,Nem adta meg a hirdető,,1930,,,,,
https://www.zenga.hu/ingatlan/elado-csusztatott-zsalus-lakas-budapest-iv-kerulet/8652900?page=16&pos=3&cr=155,Eladó 3 szobás csúsztatott zsalus lakás Budapest IV. kerületben,,,,,,,,,2025-08-17,,,,,,,,,
https://www.zenga.hu/ingatlan/elado-teglalakas-nagykanizsa-belvaros/8584691?page=16&pos=4&cr=155,"Nagykanizsa eladó téglalakás 2 szobás: 28,9 millió Ft",28.9,42.0,42 m²,2.0,"Nagykanizsa, Belváros",Téglalakás,4,Újszerű,2025-08-17,Gáz (konvektor),E,,,,,,,
https://www.zenga.hu/ingatlan/elado-teglalakas-budapest-xiii-kerulet/8228576?page=16&pos=6&cr=155,"Eladó 1 szobás téglalakás 61,49 millió Ft értékben Budapest XIII. kerületben - River Life lakóparkban",61.49,36.0,36 m²,1.0,"Budapest XIII. kerület, Népfürdő utca 47.",Téglalakás,8,Új építésű,2025-08-17,Egyéb,AA+ (2016-2023-as besorolás),,,,,2024. 4. negyedév,,
https://www.zenga.hu/ingatlan/elado-teglalakas-nyiregyhaza-malomkert/8650628?page=16&pos=7&cr=151,"Nyíregyháza eladó téglalakás 2 szobás: 37,5 millió Ft",37.5,58.0,58 m²,2.0,"Nyíregyháza, Malomkert",Téglalakás,3,Jó állapotú,2025-08-17,Gázkazán,Nem adta meg a hirdető,,1982,,,,6 m²,
https://www.zenga.hu/ingatlan/elado-panellakas-nyiregyhaza-orokosfold/8647308?page=16&pos=8&cr=151,"Nyíregyháza eladó panellakás 2 szobás: 36,5 millió Ft",36.5,55.0,55 m²,2.0,"Nyíregyháza, Örökösföld",Panellakás,4,Jó állapotú,2025-08-17,Távfűtés egyedi méréssel,Nem adta meg a hirdető,,1980,6 m²,,,,
https://www.zenga.hu/ingatlan/elado-tarsashazi-lakas-miskolc-martinkertvaros/8592312?page=16&pos=9&cr=151,"Miskolc eladó társasházi lakás 4 szobás: 82,5 millió Ft",82.5,102.0,102 m²,4.0,"Miskolc, Martinkertváros",Társasházi lakás,2,Új építésű,2025-08-17,Hőszivattyú,A++,,2025,6 m²,,,,
https://www.zenga.hu/ingatlan/elado-teglalakas-budapest-ii-kerulet-rozsadomb/8210223?page=16&pos=11&cr=150,Budapest II. kerület eladó téglalakás 5 szobás: 185 millió Ft,185.0,144.0,144 m²,5.0,"Budapest II. kerület, Rózsadomb, Buday László utca",Téglalakás,3,Felújított,2025-08-17,Gázkazán,Nem adta meg a hirdető,,1920,,,,,
https://www.zenga.hu/ingatlan/elado-teglalakas-budapest-xiii-kerulet/8228585?page=16&pos=12&cr=150,"Eladó 3 szobás téglalakás 118,2 millió Ft értékben Budapest XIII. kerületben - Metropol13 4. ütem lakóparkban",,,,,,,,,2025-08-17,,,,,,,,,
https://www.zenga.hu/ingatlan/elado-teglalakas-budapest-vi-kerulet/8161014?page=16&pos=14&cr=150,,,,,,,,,,2025-08-17,,,,,,,,,
https://www.zenga.hu/ingatlan/elado-teglalakas-budapest-vii-kerulet-nagykoruton-beluli-terulet/8487336?page=16&pos=15&cr=150,Budapest VII. kerület eladó téglalakás 4 szobás: 155 millió Ft,155.0,87.0,87 m²,4.0,"Budapest VII. kerület, Belső-Erzsébetváros",Téglalakás,,,2025-08-17,Fan coil,Nem adta meg a hirdető,,1900,,,,,
https://www.zenga.hu/ingatlan/elado-panellakas-budapest-xviii-kerulet-havanna-lakotelep/8640289?page=16&pos=17&cr=150,"Budapest XVIII. kerület eladó panellakás 3 szobás: 69,9 millió Ft",69.9,72.0,72 m²,3.0,"Budapest XVIII. kerület, Havanna lakótelep",Panellakás,,Jó állapotú,2025-08-17,Távfűtés egyedi méréssel,D,,1981,,,,,
https://www.zenga.hu/ingatlan/elado-teglalakas-gyula/8631739?page=16&pos=18&cr=150,"Gyula eladó téglalakás 1+1 fél szobás: 41,9 millió Ft",41.9,45.0,45 m²,1.0,"Gyula, Városház utca 17-19",Téglalakás,4,Jó állapotú,2025-08-17,Gázkazán,E,,2007,,,,,7 140 Ft/hó
https://www.zenga.hu/ingatlan/elado-panellakas-bekescsaba-belvaros/8592135?page=16&pos=19&cr=150,"Békéscsaba eladó panellakás 3 szobás: 36,7 millió Ft",36.7,68.0,68 m²,3.0,"Békéscsaba, Belváros, Wlassics sétány",Panellakás,5,Átlagos,2025-08-17,Házközponti fűtés egyedi méréssel,E,,,"3,8 m²",,,,
https://www.zenga.hu/ingatlan/elado-panellakas-budapest-xviii-kerulet-havanna-lakotelep/8502356?page=16&pos=20&cr=150,Eladó 2 szobás panellakás Budapest XVIII. kerületben,,,,,,,,,2025-08-17,,,,,,,,,
https://www.zenga.hu/ingatlan/elado-teglalakas-budapest-xiii-kerulet-ujlipotvaros/8662627?page=17&pos=1&cr=150,"Budapest XIII. kerület eladó téglalakás 2 szobás: 77,9 millió Ft",77.9,,,,,,,,2025-08-17,,,,,,,,,
https://www.zenga.hu/ingatlan/elado-teglalakas-budapest-xiii-kerulet-ujlipotvaros/8662626?page=17&pos=2&cr=150,"Budapest XIII. kerület eladó téglalakás 1 szobás: 41,9 millió Ft",41.9,33.0,33 m²,1.0,"Budapest XIII. kerület, Újlipótváros",Téglalakás,4,Felújítandó,2025-08-17,Gáz (konvektor),Nem adta meg a hirdető,,1927,,,,,
https://www.zenga.hu/ingatlan/elado-teglalakas-budapest-xiii-kerulet-ujlipotvaros/8662625?page=17&pos=3&cr=150,"Budapest XIII. kerület eladó téglalakás 1+1 fél szobás: 72,9 millió Ft",72.9,42.0,42 m²,1.0,"Budapest XIII. kerület, Újlipótváros",Téglalakás,5,Felújított,2025-08-17,Gáz (konvektor),Nem adta meg a hirdető,,1910,,,,,
https://www.zenga.hu/ingatlan/elado-teglalakas-nyiregyhaza-belvaros/8628524?page=17&pos=4&cr=150,"Nyíregyháza eladó téglalakás 4 szobás: 69,9 millió Ft",69.9,69.0,69 m²,4.0,"Nyíregyháza, Belváros",Téglalakás,2,Felújított,2025-08-17,Gázkazán,Nem adta meg a hirdető,,2008,4 m²,,,,
https://www.zenga.hu/ingatlan/elado-teglalakas-gyor-nadorvaros/8616420?page=17&pos=5&cr=150,Győr eladó téglalakás 1 szobás: 39 millió Ft,39.0,34.0,34 m²,1.0,"Győr, Nádorváros",Téglalakás,3,Felújított,2025-08-17,Hőszivattyú,Nem adta meg a hirdető,,,3 m²,,,,
https://www.zenga.hu/ingatlan/elado-teglalakas-gyor-sziget/8635918?page=17&pos=6&cr=150,"Győr eladó téglalakás 1+1 fél szobás: 49,9 millió Ft",49.9,49.0,49 m²,1.0,"Győr, Sziget, Akác tér 11.",Téglalakás,2,Átlagos,2025-08-17,Gázkazán,Nem adta meg a hirdető,,2004,5 m²,,,,
https://www.zenga.hu/ingatlan/elado-teglalakas-budapest-iii-kerulet/8570568?page=17&pos=7&cr=150,Budapest III. kerület eladó téglalakás 1 szobás: 85 millió Ft,85.0,31.0,31 m²,1.0,Budapest III. kerület,Téglalakás,,Újszerű,2025-08-17,Házközponti fűtés egyedi méréssel,Nem adta meg a hirdető,,2022,,,,,
https://www.zenga.hu/ingatlan/elado-teglalakas-budapest-xii-kerulet/8621547?page=17&pos=8&cr=150,Budapest XII. kerület eladó téglalakás 3 szobás: 113 millió Ft,113.0,64.0,64 m²,3.0,,,,,2025-08-17,,,,,,,,,
https://www.zenga.hu/ingatlan/elado-teglalakas-budapest-v-kerulet-belvaros/8478533?page=17&pos=9&cr=150,"Budapest V. kerület eladó téglalakás 1 szobás: 95,9 millió Ft",95.9,42.0,42 m²,1.0,"Budapest V. kerület, Belváros",Téglalakás,7,Újszerű,2025-08-17,,Nem adta meg a hirdető,,1978,,,,,
https://www.zenga.hu/ingatlan/elado-teglalakas-budapest-vii-kerulet/8651806?page=17&pos=10&cr=150,,,,,,,,,,2025-08-17,,,,,,,,,
https://www.zenga.hu/ingatlan/elado-teglalakas-budapest-iii-kerulet/8642335?page=17&pos=11&cr=150,Budapest III. kerület eladó téglalakás 2 szobás: 127 millió Ft,127.0,47.0,,,,,,,2025-08-17,,,,,,,,,
https://www.zenga.hu/ingatlan/elado-teglalakas-budapest-vi-kerulet/8514350?page=17&pos=13&cr=150,Budapest VI. kerület eladó téglalakás 4 szobás: 155 millió Ft,155.0,108.0,108 m²,4.0,Budapest VI. kerület,Téglalakás,,Felújított,2025-08-17,Gázkazán,Nem adta meg a hirdető,,2009,,,,,
https://www.zenga.hu/ingatlan/elado-teglalakas-nyiregyhaza/8647274?page=17&pos=14&cr=150,"Nyíregyháza eladó téglalakás 3 szobás: 51,9 millió Ft",51.9,52.0,52 m²,3.0,Nyíregyháza,Téglalakás,3,Újszerű,2025-08-17,Gázkazán,Nem adta meg a hirdető,Nincs,2008,1 m²,,,,10 000 Ft/hó
https://www.zenga.hu/ingatlan/elado-tarsashazi-lakas-nyiregyhaza/8647259?page=17&pos=15&cr=150,Nyíregyháza eladó társasházi lakás 5 szobás: 75 millió Ft,75.0,100.0,100 m²,5.0,Nyíregyháza,Társasházi lakás,3,Jó állapotú,2025-08-17,Gázkazán,A++,,2008,"0,5 m²",,,,
https://www.zenga.hu/ingatlan/elado-tarsashazi-lakas-nyiregyhaza/8647108?page=17&pos=16&cr=150,Nyíregyháza eladó társasházi lakás 3 szobás: 92 millió Ft,92.0,85.0,85 m²,3.0,Nyíregyháza,Társasházi lakás,3,Újszerű,2025-08-17,Gázkazán,A+++,,2020,"26,5 m²",,,5 m²,
https://www.zenga.hu/ingatlan/elado-tarsashazi-lakas-nyiregyhaza/8647200?page=17&pos=17&cr=150,"Nyíregyháza eladó társasházi lakás 3 szobás: 46,9 millió Ft",46.9,58.0,58 m²,3.0,Nyíregyháza,Társasházi lakás,4,Jó állapotú,2025-08-17,Gázkazán,A+,,2006,"4,5 m²",,,,
https://www.zenga.hu/ingatlan/elado-teglalakas-nyiregyhaza/8647114?page=17&pos=18&cr=150,"Nyíregyháza eladó téglalakás 2 szobás: 35,5 millió Ft",35.5,48.0,48 m²,2.0,Nyíregyháza,Téglalakás,5,Jó állapotú,2025-08-17,Távfűtés egyedi méréssel,A,,1980,,,,,
https://www.zenga.hu/ingatlan/elado-tarsashazi-lakas-nyiregyhaza/8647269?page=17&pos=19&cr=150,Nyíregyháza eladó társasházi lakás 3 szobás: 65 millió Ft,65.0,95.0,95 m²,3.0,Nyíregyháza,Társasházi lakás,3,Jó állapotú,2025-08-17,Gázkazán,A++,,2010,,,,8 m²,
https://www.zenga.hu/ingatlan/elado-teglalakas-nyiregyhaza/8645345?page=17&pos=20&cr=150,"Nyíregyháza eladó téglalakás 3 szobás: 47,9 millió Ft",47.9,65.0,65 m²,3.0,"Nyíregyháza, Víz utca",Téglalakás,3,Átlagos,2025-08-17,Gázkazán,A++,Nincs,1994,2 m²,,,3 m²,
https://www.zenga.hu/ingatlan/elado-egyeb-lakas-budapest-v-kerulet-belvaros/8510169?page=18&pos=1&cr=150,Budapest V. kerület eladó egyéb lakás: 90 millió Ft,90.0,66.0,66 m²,,,,,,2025-08-17,,,,,,,,,
https://www.zenga.hu/ingatlan/elado-teglalakas-budapest-xiii-kerulet-ujlipotvaros/8563867?page=18&pos=2&cr=150,"Budapest XIII. kerület eladó téglalakás 4 szobás: 128,9 millió Ft",128.9,103.0,103 m²,4.0,"Budapest XIII. kerület, Újlipótváros",Téglalakás,5,Felújított,2025-08-17,Gáz (konvektor),Nem adta meg a hirdető,,1910,,,,,
https://www.zenga.hu/ingatlan/elado-teglalakas-budapest-xi-kerulet/8556774?page=18&pos=3&cr=150,,,,,,,,,,2025-08-17,,,,,,,,,
https://www.zenga.hu/ingatlan/elado-teglalakas-budapest-vii-kerulet/8626478?page=18&pos=4&cr=150,"Budapest VII. kerület eladó téglalakás 2+1 fél szobás: 69,9 millió Ft",,,,,,,,,2025-08-17,,,,,,,,,
https://www.zenga.hu/ingatlan/elado-egyeb-lakas-balatonfured/8534066?page=18&pos=5&cr=150,"Balatonfüred eladó egyéb lakás 2 szobás: 74,9 millió Ft",74.9,52.0,52 m²,2.0,Balatonfüred,Egyéb lakás,,Felújított,2025-08-17,,Nem adta meg a hirdető,,2020,,,,,
https://www.zenga.hu/ingatlan/elado-teglalakas-budapest-xvi-kerulet-rakosszentmihaly/8533561?page=18&pos=6&cr=150,"Budapest XVI. kerület eladó téglalakás 2 szobás: 54,8 millió Ft",54.8,66.0,66 m²,2.0,"Budapest XVI. kerület, Rákosszentmihály, Rákosi út",Téglalakás,1,Felújítandó,2025-08-17,Gáz (konvektor),Nem adta meg a hirdető,,,,,,7 m²,
https://www.zenga.hu/ingatlan/elado-teglalakas-balatonmariafurdo/8440064?page=18&pos=7&cr=150,"Balatonmáriafürdő eladó téglalakás 1+1 fél szobás: 60,97 millió Ft",60.97,41.0,41 m²,1.0,Balatonmáriafürdő,Téglalakás,,Új építésű,2025-08-17,Elektromos,Nem adta meg a hirdető,Nincs,2025,8 m²,,,20 m²,
https://www.zenga.hu/ingatlan/elado-teglalakas-lenti/8609496?page=18&pos=8&cr=150,"Lenti eladó téglalakás 3 szobás: 21,5 millió Ft",21.5,57.0,57 m²,3.0,"Lenti, Átkötő",Téglalakás,4,Felújítandó,2025-08-17,Gáz (konvektor),Nem adta meg a hirdető,,,,,,,
https://www.zenga.hu/ingatlan/elado-teglalakas-budapest-xiii-kerulet/8595449?page=18&pos=9&cr=150,"Eladó 3 szobás téglalakás 99,39 millió Ft értékben Budapest XIII. kerületben - Blueside lakóparkban",99.39,61.0,61 m²,3.0,"Budapest XIII. kerület, Tahi utca 73.",Téglalakás,5,Új építésű,2025-08-17,Mennyezeti hűtés-fűtés,A+,,2025,14 m²,,2025. 4. negyedév,,
https://www.zenga.hu/ingatlan/elado-panellakas-budapest-iii-kerulet-bekasmegyer/8523193?page=18&pos=10&cr=150,Budapest III. kerület eladó panellakás 2 szobás: 65 millió Ft,65.0,50.0,50 m²,2.0,"Budapest III. kerület, Békásmegyer",Panellakás,4,Felújított,2025-08-17,Távfűtés egyedi méréssel,Nem adta meg a hirdető,,1982,,,,,
https://www.zenga.hu/ingatlan/elado-panellakas-budapest-iii-kerulet-obuda/8586577?page=18&pos=11&cr=150,"Budapest III. kerület eladó panellakás 3 szobás: 79,9 millió Ft",79.9,69.0,69 m²,3.0,"Budapest III. kerület, Óbuda",Panellakás,10,Jó állapotú,2025-08-17,Távfűtés egyedi méréssel,Nem adta meg a hirdető,,1980,,,,,
https://www.zenga.hu/ingatlan/elado-teglalakas-budapest-xiii-kerulet-loportardulo/8586580?page=18&pos=12&cr=150,"Budapest XIII. kerület eladó téglalakás 2 szobás: 72,4 millió Ft",72.4,66.0,66 m²,2.0,"Budapest XIII. kerület, Lőportárdűlő",Téglalakás,3,Átlagos,2025-08-17,Gáz (konvektor),Nem adta meg a hirdető,,1905,,,,,
https://www.zenga.hu/ingatlan/elado-teglalakas-hegyeshalom/8521742?page=18&pos=13&cr=150,"Eladó 2 szobás téglalakás 45,46 millió Ft értékben Hegyeshalomon - Hegyeshalom társasház lakóparkban",45.46,45.0,45 m²,2.0,"Hegyeshalom, Nefelejcs utca 11",Téglalakás,3,Új építésű,2025-08-17,Hőszivattyú,Nem adta meg a hirdető,,,"8,7 m²",,2026. december,,
https://www.zenga.hu/ingatlan/elado-teglalakas-budapest-xiii-kerulet/7930688?page=18&pos=14&cr=150,"Eladó 1 szobás téglalakás 83,59 millió Ft értékben Budapest XIII. kerületben - Terracotta Clubhouse lakóparkban",83.59,52.0,52 m²,1.0,"Budapest XIII. kerület, Jász utca 56",Téglalakás,5,Új építésű,2025-08-17,Egyéb,,,,"9,5 m²",,2025. 3. negyedév,,
https://www.zenga.hu/ingatlan/elado-teglalakas-keszthely/8487702?page=18&pos=15&cr=150,"Eladó 1 szobás téglalakás 41,51 millió Ft értékben Keszthelyen - Royal Homes Center lakóparkban",41.51,22.0,22 m²,1.0,"Keszthely, Rákóczi tér 16.",Téglalakás,4,Új építésű,2025-08-17,Hőszivattyú,A+,,,"16,1 m²",,2026. 4. negyedév,,
https://www.zenga.hu/ingatlan/elado-teglalakas-aszofo/8285210?page=18&pos=16&cr=150,"Eladó 3 szobás téglalakás 88,4 millió Ft értékben Aszófőn - Szárazvölgy Lakópark lakóparkban",88.4,61.0,61 m²,3.0,"Aszófő, Hunyadi utca 1.",Téglalakás,4,Új építésű,2025-08-17,Fan coil,AA++ (2016-2023-as besorolás),,,"9,9 m²",,2025. 4. negyedév,,
https://www.zenga.hu/ingatlan/elado-teglalakas-budapest-xx-kerulet-pesterzsebet/8593098?page=18&pos=17&cr=148,"Budapest XX. kerület eladó téglalakás 2 szobás: 49,9 millió Ft",49.9,55.0,55 m²,2.0,"Budapest XX. kerület, Pesterzsébet",Téglalakás,,Felújítandó,2025-08-17,Gáz (konvektor),Nem adta meg a hirdető,,1963,,,,,
https://www.zenga.hu/ingatlan/elado-teglalakas-budapest-viii-kerulet-fuvesz-kert/8631158?page=18&pos=18&cr=147,"Budapest VIII. kerület eladó téglalakás 1 szobás: 32,9 millió Ft",32.9,22.0,22 m²,1.0,"Budapest VIII. kerület, Füvész kert",Téglalakás,,Felújítandó,2025-08-17,Gáz (konvektor),Nem adta meg a hirdető,,1950,,,,,
https://www.zenga.hu/ingatlan/elado-teglalakas-keszthely/8183244?page=18&pos=19&cr=145,"Eladó 2 szobás téglalakás 126,9 millió Ft értékben Keszthelyen - Royal Homes Exclusive lakóparkban",126.9,61.0,61 m²,2.0,"Keszthely, Vitorlás sétány 10.",Téglalakás,4,Új építésű,2025-08-17,Hőszivattyú,AA+ (2016-2023-as besorolás),,,31 m²,,2025. 2. negyedév,,
https://www.zenga.hu/ingatlan/elado-panellakas-budapest-iii-kerulet-obuda/8659807?page=18&pos=20&cr=142,"Budapest III. kerület eladó panellakás 3 szobás: 89,99 millió Ft",89.99,66.0,66 m²,3.0,"Budapest III. kerület, Óbuda",Panellakás,,,2025-08-17,Távfűtés egyedi méréssel,Nem adta meg a hirdető,,1974,"4,1 m²",,,,
https://www.zenga.hu/ingatlan/elado-teglalakas-budapest-iii-kerulet/8663598?page=19&pos=1&cr=142,Budapest III. kerület eladó téglalakás 2 szobás: 123 millió Ft,123.0,53.0,53 m²,2.0,Budapest III. kerület,Téglalakás,3,Újszerű,2025-08-17,Hőszivattyú,Nem adta meg a hirdető,,2005,"6,4 m²",,,,
https://www.zenga.hu/ingatlan/elado-teglalakas-budapest-iii-kerulet/8663600?page=19&pos=2&cr=142,Budapest III. kerület eladó téglalakás 3 szobás: 165 millió Ft,165.0,70.0,70 m²,3.0,Budapest III. kerület,Téglalakás,3,Újszerű,2025-08-17,Hőszivattyú,Nem adta meg a hirdető,,2005,"5,5 m²",,,,
https://www.zenga.hu/ingatlan/elado-teglalakas-budapest-iii-kerulet/8663599?page=19&pos=3&cr=142,"Budapest III. kerület eladó téglalakás 4 szobás: 295,3 millió Ft",295.3,105.0,105 m²,4.0,Budapest III. kerület,Téglalakás,3,Újszerű,2025-08-17,Hőszivattyú,,,2005,"39,8 m²",,,,
https://www.zenga.hu/ingatlan/elado-teglalakas-budapest-iii-kerulet/8660202?page=19&pos=4&cr=142,"Budapest III. kerület eladó téglalakás 2 szobás: 119,8 millió Ft",119.8,54.0,54 m²,2.0,"Budapest III. kerület, Lajos utca",Téglalakás,,Újszerű,2025-08-17,Házközponti fűtés egyedi méréssel,Nem adta meg a hirdető,,2008,,,,"13,9 m²",
https://www.zenga.hu/ingatlan/elado-tarsashazi-lakas-nyiregyhaza/8657391?page=19&pos=5&cr=141,"Nyíregyháza eladó társasházi lakás 2+2 fél szobás: 47,9 millió Ft",47.9,77.0,77 m²,2.0,Nyíregyháza,Társasházi lakás,,Jó állapotú,2025-08-17,Távfűtés egyedi méréssel,Nem adta meg a hirdető,,1982,,,,,
https://www.zenga.hu/ingatlan/elado-tarsashazi-lakas-nyiregyhaza/8622764?page=19&pos=6&cr=141,"Nyíregyháza eladó társasházi lakás 2+2 fél szobás: 43,9 millió Ft",43.9,61.0,61 m²,2.0,Nyíregyháza,Társasházi lakás,,Felújított,2025-08-17,Távfűtés egyedi méréssel,Nem adta meg a hirdető,,1980,,,,,
https://www.zenga.hu/ingatlan/elado-tarsashazi-lakas-nyiregyhaza/8418219?page=19&pos=7&cr=141,"Nyíregyháza eladó társasházi lakás 1+2 fél szobás: 46,9 millió Ft",46.9,64.0,64 m²,1.0,Nyíregyháza,Társasházi lakás,,Jó állapotú,2025-08-17,Gáz (konvektor),Nem adta meg a hirdető,,1975,,,,,
https://www.zenga.hu/ingatlan/elado-tarsashazi-lakas-nyiregyhaza/8667146?page=19&pos=8&cr=140,"Nyíregyháza eladó társasházi lakás 1+2 fél szobás: 37,5 millió Ft",37.5,55.0,55 m²,1.0,Nyíregyháza,Társasházi lakás,,Jó állapotú,2025-08-17,Távfűtés egyedi méréssel,Nem adta meg a hirdető,,1980,,,,,
https://www.zenga.hu/ingatlan/elado-tarsashazi-lakas-nyiregyhaza/8667147?page=19&pos=9&cr=140,"Nyíregyháza eladó társasházi lakás 2+1 fél szobás: 48,9 millió Ft",48.9,63.0,63 m²,2.0,Nyíregyháza,Társasházi lakás,,Felújított,2025-08-17,Gázkazán,Nem adta meg a hirdető,,1978,,,,,
https://www.zenga.hu/ingatlan/elado-tarsashazi-lakas-nyiregyhaza/8621970?page=19&pos=10&cr=140,"Nyíregyháza eladó társasházi lakás 1 szobás: 40,7 millió Ft",40.7,30.0,30 m²,1.0,Nyíregyháza,Társasházi lakás,,Új építésű,2025-08-17,Gázkazán,Nem adta meg a hirdető,,2025,,,,,
https://www.zenga.hu/ingatlan/elado-teglalakas-keszthely/8183210?page=19&pos=12&cr=140,"Eladó 2+1 fél szobás téglalakás 119,9 millió Ft értékben Keszthelyen - Royal Homes Exclusive lakóparkban",119.9,65.0,65 m²,2.0,"Keszthely, Vitorlás sétány 10.",Téglalakás,4,Új építésű,2025-08-17,Hőszivattyú,AA+ (2016-2023-as besorolás),,,7 m²,,2025. 2. negyedév,,
https://www.zenga.hu/ingatlan/elado-teglalakas-gyor-nadorvaros/8507912?page=19&pos=13&cr=130,"Győr eladó téglalakás 2 szobás: 53,5 millió Ft",53.5,58.0,58 m²,2.0,"Győr, Nádorváros",Téglalakás,,Felújítandó,2025-08-17,Távfűtés,Nem adta meg a hirdető,,1980,,,,,
https://www.zenga.hu/ingatlan/elado-teglalakas-budapest-xiii-kerulet/8661000?page=19&pos=14&cr=130,"Budapest XIII. kerület eladó téglalakás 4 szobás: 129,9 millió Ft",129.9,117.0,117 m²,4.0,Budapest XIII. kerület,Téglalakás,,Felújított,2025-08-17,Gázkazán,Nem adta meg a hirdető,,1910,,,,,
https://www.zenga.hu/ingatlan/elado-tarsashazi-lakas-szeged-ujszeged/8662792?page=19&pos=15&cr=130,"Szeged eladó társasházi lakás 2+2 fél szobás: 97,38 millió Ft",97.38,93.0,93 m²,2.0,"Szeged, Újszeged",Társasházi lakás,2,Jó állapotú,2025-08-17,Gázkazán,Nem adta meg a hirdető,Van,2001,,,,,
https://www.zenga.hu/ingatlan/elado-tarsashazi-lakas-nyiregyhaza/8632056?page=19&pos=16&cr=130,"Nyíregyháza eladó társasházi lakás 3 szobás: 57,5 millió Ft",57.5,65.0,65 m²,3.0,Nyíregyháza,Társasházi lakás,,Felújított,2025-08-17,Gázkazán,Nem adta meg a hirdető,,2020,,,,,
https://www.zenga.hu/ingatlan/elado-teglalakas-budapest-xvi-kerulet-rakosszentmihaly/8659787?page=19&pos=18&cr=127,"Budapest XVI. kerület eladó téglalakás 3 szobás: 82,9 millió Ft",82.9,62.0,62 m²,3.0,"Budapest XVI. kerület, Rákosszentmihály",Téglalakás,,Új építésű,2025-08-17,Hőszivattyú,Nem adta meg a hirdető,,2026,7 m²,,,,
https://www.zenga.hu/ingatlan/elado-teglalakas-budapest-xvi-kerulet-rakosszentmihaly/8659790?page=19&pos=19&cr=127,Budapest XVI. kerület eladó téglalakás 4 szobás: 155 millió Ft,155.0,119.0,119 m²,4.0,"Budapest XVI. kerület, Rákosszentmihály",Téglalakás,,Új építésű,2025-08-17,Hőszivattyú,Nem adta meg a hirdető,,2026,,,,"26,4 m²",
https://www.zenga.hu/ingatlan/elado-teglalakas-budapest-xvi-kerulet-rakosszentmihaly/8659788?page=19&pos=20&cr=127,"Budapest XVI. kerület eladó téglalakás 2 szobás: 79,9 millió Ft",79.9,60.0,60 m²,2.0,"Budapest XVI. kerület, Rákosszentmihály",Téglalakás,,Új építésű,2025-08-17,Hőszivattyú,Nem adta meg a hirdető,,2026,9 m²,,,,
https://www.zenga.hu/ingatlan/elado-teglalakas-budapest-xvi-kerulet-rakosszentmihaly/8659786?page=20&pos=1&cr=127,Budapest XVI. kerület eladó téglalakás 5 szobás: 127 millió Ft,127.0,103.0,103 m²,5.0,"Budapest XVI. kerület, Rákosszentmihály",Téglalakás,,Új építésű,2025-08-17,Hőszivattyú,Nem adta meg a hirdető,,2026,9 m²,,,,
https://www.zenga.hu/ingatlan/elado-teglalakas-budapest-xvi-kerulet-rakosszentmihaly/8659784?page=20&pos=4&cr=127,Budapest XVI. kerület eladó téglalakás 5 szobás: 127 millió Ft,127.0,103.0,103 m²,5.0,"Budapest XVI. kerület, Rákosszentmihály",Téglalakás,,Új építésű,2025-08-17,,,,,,,,,
https://www.zenga.hu/ingatlan/elado-teglalakas-budapest-xvi-kerulet-rakosszentmihaly/8659785?page=20&pos=5&cr=127,Budapest XVI. kerület eladó téglalakás 4 szobás: 154 millió Ft,154.0,141.0,141 m²,4.0,"Budapest XVI. kerület, Rákosszentmihály",Téglalakás,,Új építésű,2025-08-17,Hőszivattyú,Nem adta meg a hirdető,,2026,,,,70 m²,
https://www.zenga.hu/ingatlan/elado-teglalakas-budapest-xvi-kerulet-sashalom/8655180?page=20&pos=6&cr=127,"Budapest XVI. kerület eladó téglalakás 1 szobás: 34,9 millió Ft",34.9,29.0,29 m²,1.0,"Budapest XVI. kerület, Sashalom",Téglalakás,1,Átlagos,2025-08-17,Gáz (konvektor),Nem adta meg a hirdető,,1950,,,,,
https://www.zenga.hu/ingatlan/elado-panellakas-budapest-xviii-kerulet-havanna-lakotelep/8666618?page=20&pos=7&cr=126,,,,,,,,,,2025-08-17,,,,,,,,,
https://www.zenga.hu/ingatlan/elado-panellakas-budapest-xviii-kerulet/8667981?page=20&pos=8&cr=126,,,,,,,,,,2025-08-17,,,,,,,,,
https://www.zenga.hu/ingatlan/elado-teglalakas-budapest-xviii-kerulet-erdoskert/8664939?page=20&pos=9&cr=126,"Budapest XVIII. kerület eladó téglalakás 3 szobás: 84,9 millió Ft",84.9,70.0,70 m²,3.0,,,,,2025-08-17,,,,,,,,,
https://www.zenga.hu/ingatlan/elado-teglalakas-budapest-xviii-kerulet/8662657?page=20&pos=10&cr=126,"Budapest XVIII. kerület eladó téglalakás 2 szobás: 74,9 millió Ft",74.9,43.0,43 m²,2.0,Budapest XVIII. kerület,Téglalakás,2,Jó állapotú,2025-08-17,Házközponti fűtés egyedi méréssel,Nem adta meg a hirdető,,2007,,,,,
https://www.zenga.hu/ingatlan/elado-teglalakas-budapest-xviii-kerulet/8654055?page=20&pos=11&cr=126,"Budapest XVIII. kerület eladó téglalakás 2 szobás: 69,99 millió Ft",69.99,57.0,57 m²,2.0,Budapest XVIII. kerület,Téglalakás,3,Újszerű,2025-08-17,Gázkazán,Nem adta meg a hirdető,,2007,4 m²,,,,
https://www.zenga.hu/ingatlan/elado-panellakas-budapest-xviii-kerulet/8657252?page=20&pos=12&cr=126,Budapest XVIII. kerület eladó panellakás 3 szobás: 55 millió Ft,55.0,59.0,,,,,,,2025-08-17,,,,,,,,,
https://www.zenga.hu/ingatlan/elado-teglalakas-sopron/8645707?page=20&pos=13&cr=125,"Eladó 2 szobás téglalakás 54,9 millió Ft értékben Sopronban - Anger Panorámapark lakóparkban",54.9,40.0,40 m²,2.0,"Sopron, Ravazd utca 79.",Téglalakás,2,Új építésű,2025-08-17,Geotermikus,A+,,,,,2026. október,,
https://www.zenga.hu/ingatlan/elado-teglalakas-kecskemet-belvaros/8660254?page=20&pos=14&cr=125,"Kecskemét eladó téglalakás 4 szobás: 54,9 millió Ft",54.9,84.0,84 m²,4.0,"Kecskemét, Belváros",Téglalakás,5,Jó állapotú,2025-08-17,Gázkazán,Nem adta meg a hirdető,,,4 m²,,,,
https://www.zenga.hu/ingatlan/elado-teglalakas-pecs/8480687?page=20&pos=15&cr=125,"Pécs eladó téglalakás 3 szobás: 69,9 millió Ft",69.9,68.0,68 m²,3.0,"Pécs, Rákóczi út 28",Téglalakás,3,Újszerű,2025-08-17,Gázkazán,A++,Nincs,2025,,,,,30 000 Ft/hó
https://www.zenga.hu/ingatlan/elado-panellakas-nagykanizsa-keleti-varosresz/8652684?page=20&pos=16&cr=125,Nagykanizsa eladó panellakás 3 szobás: 32 millió Ft,32.0,67.0,67 m²,3.0,"Nagykanizsa, Keleti városrész, Zemplén Győző utca",Panellakás,10,Átlagos,2025-08-17,Házközponti fűtés egyedi méréssel,Nem adta meg a hirdető,,1980,,,,,
https://www.zenga.hu/ingatlan/elado-teglalakas-sopron/8440268?page=20&pos=17&cr=125,"Eladó 4 szobás téglalakás 124,9 millió Ft értékben Sopronban - Lehár Panoráma Residence lakóparkban",124.9,88.0,88 m²,4.0,"Sopron, Lehár Ferenc utca 124.",Téglalakás,3,Új építésű,2025-08-17,Hőszivattyú,A+,,,14 m²,,2025. 3. negyedév,,
https://www.zenga.hu/ingatlan/elado-teglalakas-budapest-xiv-kerulet-torokor/8583352?page=20&pos=18&cr=125,"Budapest XIV. kerület eladó téglalakás 3 szobás: 93,82 millió Ft",93.82,91.0,91 m²,3.0,"Budapest XIV. kerület, Törökőr",Téglalakás,1,Jó állapotú,2025-08-17,Elektromos,Nem adta meg a hirdető,Nincs,1930,,,,,30 000 Ft/hó
https://www.zenga.hu/ingatlan/elado-teglalakas-pecs/8282914?page=20&pos=19&cr=120,Pécs eladó téglalakás 3 szobás: 61 millió Ft,61.0,78.0,78 m²,3.0,Pécs,Téglalakás,,Felújított,2025-08-17,Gázkazán,A+,,1970,,,,,
https://www.zenga.hu/ingatlan/elado-teglalakas-sopron/8645670?page=21&pos=1&cr=120,"Eladó 1 szobás téglalakás 29,9 millió Ft értékben Sopronban - Anger Panorámapark lakóparkban",29.9,20.0,20 m²,1.0,"Sopron, Ravazd utca 79.",Téglalakás,2,Új építésű,2025-08-17,Geotermikus,A+,,,,,2026. október,,
https://www.zenga.hu/ingatlan/elado-teglalakas-budapest-viii-kerulet-corvin-negyed/8522855?page=21&pos=2&cr=120,,,,,,,,,,2025-08-17,,,,,,,,,
https://www.zenga.hu/ingatlan/elado-tarsashazi-lakas-nyiregyhaza/8662716?page=21&pos=3&cr=120,"Nyíregyháza eladó társasházi lakás 1+1 fél szobás: 36,6 millió Ft",36.6,41.0,41 m²,1.0,Nyíregyháza,Társasházi lakás,,,2025-08-17,,,,,,,,,
https://www.zenga.hu/ingatlan/elado-teglalakas-kecskemet-kecskemeti-katonai-repuloter/8662762?page=21&pos=4&cr=120,"Kecskemét eladó téglalakás 1 szobás: 29,9 millió Ft",29.9,42.0,42 m²,1.0,"Kecskemét, Kecskeméti Katonai Repülőtér",Téglalakás,2,Jó állapotú,2025-08-17,Gáz (konvektor),Nem adta meg a hirdető,,,2 m²,,,,
https://www.zenga.hu/ingatlan/elado-teglalakas-kecskemet-belvaros/8657094?page=21&pos=5&cr=120,"Kecskemét eladó téglalakás 4 szobás: 79,9 millió Ft",79.9,90.0,90 m²,4.0,"Kecskemét, Belváros",,,,2025-08-17,,,,,,,,,
https://www.zenga.hu/ingatlan/elado-teglalakas-nagykanizsa-belvaros/8642459?page=21&pos=6&cr=120,"Nagykanizsa eladó téglalakás 3 szobás: 53,5 millió Ft",53.5,93.0,93 m²,3.0,"Nagykanizsa, Belváros, Deák Ferenc tér",Téglalakás,2,Felújított,2025-08-17,Gáz (konvektor),E,,1915,,,,,
https://www.zenga.hu/ingatlan/elado-tarsashazi-lakas-nyiregyhaza/8641572?page=21&pos=9&cr=120,"Nyíregyháza eladó társasházi lakás 1+2 fél szobás: 36,9 millió Ft",36.9,62.0,62 m²,1.0,Nyíregyháza,Társasházi lakás,,Jó állapotú,2025-08-17,Gázkazán,Nem adta meg a hirdető,,1997,,,,,
https://www.zenga.hu/ingatlan/elado-tarsashazi-lakas-nyiregyhaza/8628558?page=21&pos=10&cr=120,Nyíregyháza eladó társasházi lakás 4 szobás: 89 millió Ft,89.0,86.0,86 m²,4.0,Nyíregyháza,Társasházi lakás,,Felújított,2025-08-17,Gázkazán,Nem adta meg a hirdető,,1987,,,,,
https://www.zenga.hu/ingatlan/elado-teglalakas-budapest-xi-kerulet-madarhegy/8379734?page=21&pos=11&cr=120,,,,,,,,,,2025-08-17,,,,,,,,,
https://www.zenga.hu/ingatlan/elado-teglalakas-budapest-vii-kerulet/8496188?page=21&pos=12&cr=120,"Budapest VII. kerület eladó téglalakás 2+1 fél szobás: 87,9 millió Ft",87.9,70.0,70 m²,2.0,"Budapest VII. kerület, Wesselényi utca",Téglalakás,3,Felújított,2025-08-17,Gázkazán,,,,,,,,
https://www.zenga.hu/ingatlan/elado-teglalakas-budapest-vii-kerulet-ligetvaros/8604896?page=21&pos=14&cr=116,"Budapest VII. kerület eladó téglalakás 2+1 fél szobás: 69,9 millió Ft",69.9,58.0,58 m²,2.0,"Budapest VII. kerület, Ligetváros",Téglalakás,,Jó állapotú,2025-08-17,Gáz (konvektor),F,,1920,,,,,
https://www.zenga.hu/ingatlan/elado-tarsashazi-lakas-budapest-xi-kerulet/8121560?page=21&pos=15&cr=115,,,,,,,,,,2025-08-17,,,,,,,,,
https://www.zenga.hu/ingatlan/elado-teglalakas-eger/8323138?page=21&pos=17&cr=112,Eger eladó téglalakás 2 szobás: 46 millió Ft,46.0,75.0,75 m²,2.0,"Eger, Baktai út 34.",Téglalakás,2,Újszerű,2025-08-17,Gázkazán,Nem adta meg a hirdető,,2006,,,,,8 000 Ft/hó
https://www.zenga.hu/ingatlan/elado-teglalakas-budapest-ii-kerulet-pesthidegkut-ofalu/8533348?page=21&pos=18&cr=111,"Budapest II. kerület eladó téglalakás 2 szobás: 109,9 millió Ft",109.9,65.0,65 m²,2.0,"Budapest II. kerület, Pesthidegkút-Ófalu",Téglalakás,,,2025-08-17,,,,,,,,,
https://www.zenga.hu/ingatlan/elado-teglalakas-eger/8373869?page=21&pos=19&cr=111,Eger eladó téglalakás 2+1 fél szobás: 46 millió Ft,46.0,75.0,75 m²,2.0,Eger,Téglalakás,2,Felújított,2025-08-17,Gázkazán,A,Nincs,2011,,,,,9 000 Ft/hó
https://www.zenga.hu/ingatlan/elado-egyeb-lakas-budapest-viii-kerulet/8535912?page=21&pos=20&cr=111,"Budapest VIII. kerület eladó egyéb lakás 4 szobás: 129,9 millió Ft",129.9,154.0,154 m²,4.0,Budapest VIII. kerület,Egyéb lakás,,Átlagos,2025-08-17,,Nem adta meg a hirdető,,1905,,,,,
https://www.zenga.hu/ingatlan/elado-teglalakas-nyiregyhaza/8617785?page=22&pos=1&cr=111,Nyíregyháza eladó téglalakás 2 szobás: 36 millió Ft,36.0,51.0,51 m²,2.0,Nyíregyháza,Téglalakás,4,Átlagos,2025-08-17,Gáz (konvektor),Nem adta meg a hirdető,,,,,,,
https://www.zenga.hu/ingatlan/elado-teglalakas-budapest-vii-kerulet-ligetvaros/8539557?page=22&pos=2&cr=111,"Budapest VII. kerület eladó téglalakás 3+1 fél szobás: 87,49 millió Ft",87.49,103.0,103 m²,3.0,"Budapest VII. kerület, Ligetváros, Cserhát utca",Téglalakás,4,Felújított,2025-08-17,Gázkazán,Nem adta meg a hirdető,,,,,,,
https://www.zenga.hu/ingatlan/elado-csusztatott-zsalus-lakas-gyor-nadorvaros/8514088?page=22&pos=3&cr=110,"Győr eladó csúsztatott zsalus lakás 3 szobás: 48,5 millió Ft",48.5,51.0,51 m²,3.0,"Győr, Nádorváros",Csúsztatott zsalus lakás,,Jó állapotú,2025-08-17,Távfűtés egyedi méréssel,Nem adta meg a hirdető,,,,,,,
https://www.zenga.hu/ingatlan/elado-panellakas-budapest-iii-kerulet/8659071?page=22&pos=4&cr=110,"Budapest III. kerület eladó panellakás 3 szobás: 84,99 millió Ft",84.99,68.0,68 m²,3.0,Budapest III. kerület,Panellakás,,Jó állapotú,2025-08-17,Távfűtés egyedi méréssel,Nem adta meg a hirdető,Van,1971,,,,,
https://www.zenga.hu/ingatlan/elado-tarsashazi-lakas-nyiregyhaza/8559540?page=22&pos=5&cr=110,"Nyíregyháza eladó társasházi lakás 3 szobás: 39,9 millió Ft",39.9,61.0,61 m²,3.0,Nyíregyháza,Társasházi lakás,,Jó állapotú,2025-08-17,Távfűtés egyedi méréssel,Nem adta meg a hirdető,,1990,,,,,
https://www.zenga.hu/ingatlan/elado-teglalakas-budapest-viii-kerulet/8477625?page=22&pos=6&cr=110,"Budapest VIII. kerület eladó téglalakás 1 szobás: 48,9 millió Ft",48.9,42.0,42 m²,1.0,Budapest VIII. kerület,Téglalakás,,Jó állapotú,2025-08-17,Gáz (konvektor),,,,,,,,
https://www.zenga.hu/ingatlan/elado-panellakas-budapest-xv-kerulet-ujpalota/8652753?page=22&pos=8&cr=109,,,,,,,,,,2025-08-17,,,,,,,,,
https://www.zenga.hu/ingatlan/elado-panellakas-budapest-xv-kerulet/8657262?page=22&pos=9&cr=109,"Budapest XV. kerület eladó panellakás 3 szobás: 64,99 millió Ft",64.99,55.0,55 m²,3.0,Budapest XV. kerület,Panellakás,10,Újszerű,2025-08-17,Távfűtés egyedi méréssel,Nem adta meg a hirdető,,1976,4 m²,,,,
https://www.zenga.hu/ingatlan/elado-teglalakas-zalaegerszeg/8355614?page=22&pos=10&cr=105,Zalaegerszeg eladó téglalakás 4 szobás: 45 millió Ft,45.0,108.0,108 m²,4.0,Zalaegerszeg,Téglalakás,,Jó állapotú,2025-08-17,Gázkazán,Nem adta meg a hirdető,,2000,,,,,
https://www.zenga.hu/ingatlan/elado-teglalakas-budapest-xii-kerulet-krisztinavaros-xii-ker/8604893?page=22&pos=14&cr=102,Budapest XII. kerület eladó téglalakás 3 szobás: 96 millió Ft,96.0,90.0,90 m²,,,,,,2025-08-17,,,,,,,,,
https://www.zenga.hu/ingatlan/elado-panellakas-miskolc-hejocsaba/8515687?page=22&pos=15&cr=102,"Miskolc eladó panellakás 2 szobás: 22,9 millió Ft",22.9,52.0,52 m²,2.0,"Miskolc, Hejőcsaba",Panellakás,4,Átlagos,2025-08-17,Távfűtés,Nem adta meg a hirdető,,1980,,,,,
https://www.zenga.hu/ingatlan/elado-teglalakas-szeged-felsovaros/8501915?page=22&pos=16&cr=101,"Szeged eladó téglalakás 2 szobás: 63,9 millió Ft",63.9,47.0,47 m²,2.0,"Szeged, Felsőváros",Téglalakás,,Új építésű,2025-08-17,Egyéb,A+,,2023,,,,,
https://www.zenga.hu/ingatlan/elado-panellakas-budapest-iii-kerulet-obuda/8662486?page=22&pos=17&cr=101,Eladó 3 szobás panellakás Budapest III. kerületben,,,,,,,,,2025-08-17,,,,,,,,,
https://www.zenga.hu/ingatlan/elado-panellakas-debrecen/8657666?page=22&pos=18&cr=101,"Debrecen eladó panellakás 2+2 fél szobás: 69,99 millió Ft",69.99,70.0,70 m²,2.0,Debrecen,Panellakás,,Jó állapotú,2025-08-17,Távfűtés egyedi méréssel,Nem adta meg a hirdető,,1970,,,,,
https://www.zenga.hu/ingatlan/elado-teglalakas-budapest-viii-kerulet-corvin-negyed/8245099?page=22&pos=19&cr=101,"Budapest VIII. kerület eladó téglalakás 1 szobás: 49,9 millió Ft",49.9,44.0,44 m²,1.0,"Budapest VIII. kerület, Corvin negyed, Harminckettesek tere",Téglalakás,5,Jó állapotú,2025-08-17,Gáz (konvektor),Nem adta meg a hirdető,,,,,,,
https://www.zenga.hu/ingatlan/elado-teglalakas-budapest-xiii-kerulet-angyalfold/8632326?page=22&pos=20&cr=101,"Budapest XIII. kerület eladó téglalakás 1 szobás: 56,99 millió Ft",56.99,38.0,38 m²,1.0,"Budapest XIII. kerület, Angyalföld",Téglalakás,,Jó állapotú,2025-08-17,Gázkazán,F,,1950,,,,,
https://www.zenga.hu/ingatlan/elado-teglalakas-budapest-xix-kerulet-kispest/8574733?page=23&pos=2&cr=101,"Budapest XIX. kerület eladó téglalakás 3 szobás: 89,9 millió Ft",89.9,67.0,,,,,,,2025-08-17,,,,,,,,,
https://www.zenga.hu/ingatlan/elado-teglalakas-pecs/8529118?page=23&pos=3&cr=100,"Pécs eladó téglalakás 3 szobás: 49,9 millió Ft",49.9,56.0,56 m²,3.0,Pécs,Téglalakás,,Felújított,2025-08-17,Gázkazán,Nem adta meg a hirdető,,1950,,,,,
https://www.zenga.hu/ingatlan/elado-teglalakas-budapest-ii-kerulet-rozsadomb/8661102?page=23&pos=4&cr=100,,,,,,,,,,2025-08-17,,,,,,,,,
https://www.zenga.hu/ingatlan/elado-teglalakas-gyor-nadorvaros/8650753?page=23&pos=5&cr=100,Győr eladó téglalakás 3 szobás: 55 millió Ft,55.0,66.0,66 m²,3.0,"Győr, Nádorváros",Téglalakás,,Jó állapotú,2025-08-17,Távfűtés egyedi méréssel,Nem adta meg a hirdető,,1966,,,,,
https://www.zenga.hu/ingatlan/elado-teglalakas-budapest-xiv-kerulet/8660972?page=23&pos=6&cr=100,,,,,,,,,,2025-08-17,,,,,,,,,
https://www.zenga.hu/ingatlan/elado-panellakas-pecs/8643478?page=23&pos=7&cr=100,Eladó 4 szobás panellakás Pécsett,,,,,,,,,2025-08-17,,,,,,,,,
https://www.zenga.hu/ingatlan/elado-teglalakas-monorierdo/8657735?page=23&pos=8&cr=100,,,,,,,,,,2025-08-17,,,,,,,,,
https://www.zenga.hu/ingatlan/elado-panellakas-pecs/8643473?page=23&pos=9&cr=100,Pécs eladó panellakás 2 szobás: 36 millió Ft,36.0,40.0,40 m²,2.0,Pécs,Panellakás,,Jó állapotú,2025-08-17,Távfűtés egyedi méréssel,Nem adta meg a hirdető,,1980,,,,,
https://www.zenga.hu/ingatlan/elado-teglalakas-budapest-v-kerulet/8392151?page=23&pos=10&cr=100,Budapest V. kerület eladó téglalakás 2 szobás: 68 millió Ft,68.0,44.0,44 m²,2.0,Budapest V. kerület,Téglalakás,,Átlagos,2025-08-17,Gáz (konvektor),,,,,,,,
https://www.zenga.hu/ingatlan/elado-teglalakas-debrecen-homokkert/8391587?page=23&pos=11&cr=100,"Debrecen eladó téglalakás 3 szobás: 82,66 millió Ft",82.66,68.0,68 m²,3.0,"Debrecen, Homokkert",Téglalakás,,Új építésű,2025-08-17,Hőszivattyú,Nem adta meg a hirdető,,2025,,,,,
https://www.zenga.hu/ingatlan/elado-teglalakas-budapest-vii-kerulet/8468565?page=23&pos=12&cr=100,"Budapest VII. kerület eladó téglalakás 2 szobás: 74,9 millió Ft",74.9,64.0,64 m²,2.0,Budapest VII. kerület,Téglalakás,,,2025-08-17,,,,,,,,,
https://www.zenga.hu/ingatlan/elado-teglalakas-budapest-xiii-kerulet/8660986?page=23&pos=13&cr=100,"Budapest XIII. kerület eladó téglalakás 2 szobás: 85,9 millió Ft",85.9,75.0,75 m²,2.0,Budapest XIII. kerület,Téglalakás,,Újszerű,2025-08-17,Hőszivattyú,Nem adta meg a hirdető,,2024,,,,,
https://www.zenga.hu/ingatlan/elado-teglalakas-pecs/8649562?page=23&pos=14&cr=100,Eladó 4 szobás téglalakás Pécsett,,,,,,,,,2025-08-17,,,,,,,,,
https://www.zenga.hu/ingatlan/elado-panellakas-pecs/8548814?page=23&pos=15&cr=100,Eladó 4 szobás panellakás Pécsett,,,,,,,,,2025-08-17,,,,,,,,,
https://www.zenga.hu/ingatlan/elado-teglalakas-budapest-ix-kerulet/8660997?page=23&pos=16&cr=100,Budapest IX. kerület eladó téglalakás 4 szobás: 102 millió Ft,102.0,123.0,123 m²,4.0,Budapest IX. kerület,Téglalakás,,Átlagos,2025-08-17,Gáz (héra),Nem adta meg a hirdető,,1910,,,,,
https://www.zenga.hu/ingatlan/elado-teglalakas-budapest-vii-kerulet/8660963?page=23&pos=17&cr=100,Budapest VII. kerület eladó téglalakás 1 szobás: 57 millió Ft,57.0,29.0,29 m²,1.0,Budapest VII. kerület,Téglalakás,,Jó állapotú,2025-08-17,Gáz (konvektor),Nem adta meg a hirdető,,1900,,,,,
https://www.zenga.hu/ingatlan/elado-teglalakas-mezokovesd/8632421?page=23&pos=18&cr=100,"Mezőkövesd eladó téglalakás 2 szobás: 24,9 millió Ft",24.9,50.0,50 m²,2.0,Mezőkövesd,Téglalakás,,Jó állapotú,2025-08-17,Házközponti,Nem adta meg a hirdető,,2000,,,,,
https://www.zenga.hu/ingatlan/elado-teglalakas-pecs/8603448?page=23&pos=19&cr=100,"Pécs eladó téglalakás 2 szobás: 47,9 millió Ft",47.9,47.0,47 m²,2.0,Pécs,Téglalakás,,Felújított,2025-08-17,Gáz (konvektor),Nem adta meg a hirdető,,1960,,,,,
https://www.zenga.hu/ingatlan/elado-teglalakas-budapest-ii-kerulet/8569116?page=23&pos=20&cr=100,,,,,,,,,,2025-08-17,,,,,,,,,
https://www.zenga.hu/ingatlan/elado-teglalakas-nagykoros/8666820?page=24&pos=1&cr=100,"Nagykőrös eladó téglalakás 3 szobás: 38,9 millió Ft",38.9,64.0,64 m²,3.0,Nagykőrös,Téglalakás,4,Felújított,2025-08-17,Gáz (konvektor),A+,Nincs,,8 m²,,,8 m²,
https://www.zenga.hu/ingatlan/elado-teglalakas-budapest-v-kerulet-del-belvaros/8413882?page=24&pos=2&cr=100,"Budapest V. kerület eladó téglalakás 4 szobás: 119,7 millió Ft",119.7,80.0,80 m²,4.0,"Budapest V. kerület, Dél-Belváros",Téglalakás,,Felújítandó,2025-08-17,Házközponti,Nem adta meg a hirdető,,1936,,,,,
https://www.zenga.hu/ingatlan/elado-teglalakas-balatonmariafurdo/8061093?page=24&pos=3&cr=100,"Balatonmáriafürdő eladó téglalakás 2 szobás: 57,29 millió Ft",57.29,44.0,44 m²,2.0,Balatonmáriafürdő,Téglalakás,,Új építésű,2025-08-17,Hőszivattyú,Nem adta meg a hirdető,Nincs,2026,,,,14 m²,
https://www.zenga.hu/ingatlan/elado-teglalakas-budapest-vi-kerulet/8544965?page=24&pos=4&cr=100,"Budapest VI. kerület eladó téglalakás 2 szobás: 79,9 millió Ft",79.9,59.0,59 m²,2.0,Budapest VI. kerület,Téglalakás,,Felújított,2025-08-17,Gázkazán,Nem adta meg a hirdető,,2006,,,,,
https://www.zenga.hu/ingatlan/elado-teglalakas-budapest-vi-kerulet-nagykoruton-beluli-terulet/8358588?page=24&pos=5&cr=100,"Budapest VI. kerület eladó téglalakás 1 szobás: 59,9 millió Ft",59.9,44.0,44 m²,1.0,"Budapest VI. kerület, Nagykörúton belüli terület",Téglalakás,,Felújítandó,2025-08-17,Gázkazán,Nem adta meg a hirdető,,1950,,,,,
https://www.zenga.hu/ingatlan/elado-teglalakas-budapest-xiii-kerulet-vizafogo/8545002?page=24&pos=6&cr=100,Budapest XIII. kerület eladó téglalakás 3 szobás: 138 millió Ft,138.0,69.0,69 m²,3.0,"Budapest XIII. kerület, Vizafogó",Téglalakás,,Újszerű,2025-08-17,Házközponti fűtés egyedi méréssel,A+,,2020,,,,,
https://www.zenga.hu/ingatlan/elado-teglalakas-budapest-xiv-kerulet-torokor/8352125?page=24&pos=7&cr=100,"Budapest XIV. kerület eladó téglalakás 2 szobás: 84,9 millió Ft",84.9,58.0,58 m²,2.0,"Budapest XIV. kerület, Törökőr",Téglalakás,,,2025-08-17,Gázkazán,Nem adta meg a hirdető,,1965,"3,5 m²",,,,
https://www.zenga.hu/ingatlan/elado-panellakas-budapest-xvii-kerulet/8507307?page=24&pos=8&cr=100,Budapest XVII. kerület eladó panellakás 3+1 fél szobás: 73 millió Ft,73.0,73.0,73 m²,3.0,Budapest XVII. kerület,Panellakás,,Felújítandó,2025-08-17,Távfűtés egyedi méréssel,Nem adta meg a hirdető,,1980,,,,,
https://www.zenga.hu/ingatlan/elado-teglalakas-budapest-vi-kerulet/8500932?page=24&pos=9&cr=100,"Budapest VI. kerület eladó téglalakás 1 szobás: 67,9 millió Ft",67.9,40.0,40 m²,1.0,Budapest VI. kerület,Téglalakás,,,2025-08-17,Elektromos,Nem adta meg a hirdető,,1900,,,,5 m²,
https://www.zenga.hu/ingatlan/elado-teglalakas-budapest-xiv-kerulet-alsorakos/8542671?page=24&pos=10&cr=100,Budapest XIV. kerület eladó téglalakás 3 szobás: 90 millió Ft,90.0,67.0,67 m²,3.0,"Budapest XIV. kerület, Alsórákos",Téglalakás,,,2025-08-17,Gázkazán,Nem adta meg a hirdető,,2002,9 m²,,,,
https://www.zenga.hu/ingatlan/elado-teglalakas-dombovar/8587745?page=24&pos=12&cr=100,"Dombóvár eladó téglalakás 2 szobás: 24,8 millió Ft",24.8,55.0,55 m²,2.0,"Dombóvár, Platán tér",Téglalakás,2,Átlagos,2025-08-17,Gáz (konvektor),Nem adta meg a hirdető,Nincs,1983,10 m²,,,,
https://www.zenga.hu/ingatlan/elado-teglalakas-budapest-viii-kerulet-corvin-negyed/8206106?page=24&pos=13&cr=100,Budapest VIII. kerület eladó téglalakás 3 szobás: 41 millió Ft,41.0,42.0,42 m²,3.0,"Budapest VIII. kerület, Corvin negyed",Téglalakás,,,2025-08-17,,,,,,,,,
https://www.zenga.hu/ingatlan/elado-teglalakas-hegyeshalom/8664995?page=24&pos=14&cr=100,Hegyeshalom eladó téglalakás: 35 millió Ft,35.0,43.0,43 m²,,Hegyeshalom,Téglalakás,1,Új építésű,2025-08-17,Egyéb,Nem adta meg a hirdető,,,,,,,
https://www.zenga.hu/ingatlan/elado-teglalakas-budapest-xviii-kerulet-gloriett-telep/8664762?page=24&pos=15&cr=100,"Budapest XVIII. kerület eladó téglalakás 1+2 fél szobás: 88,9 millió Ft",88.9,65.0,65 m²,1.0,"Budapest XVIII. kerület, Gloriett-telep",Téglalakás,,Új építésű,2025-08-17,Elektromos,B,,2024,,,,,
https://www.zenga.hu/ingatlan/elado-teglalakas-budapest-vii-kerulet-nagykoruton-kivuli-terulet/8569745?page=24&pos=16&cr=100,"Budapest VII. kerület eladó téglalakás 1 szobás: 54,8 millió Ft",54.8,36.0,36 m²,1.0,"Budapest VII. kerület, Külső-Erzsébetváros",Téglalakás,,,2025-08-17,Elektromos,Nem adta meg a hirdető,,1910,,,,3 m²,
https://www.zenga.hu/ingatlan/elado-tarsashazi-lakas-budapest-xii-kerulet/8118896?page=24&pos=17&cr=100,"Eladó 4 szobás téglalakás 308,9 millió Ft értékben Budapest XII. kerületben - Árnyas 40 Villa Suites lakóparkban",308.9,123.0,123 m²,4.0,Budapest XII. kerület,Téglalakás,,Új építésű,2025-08-17,Egyéb,Nem adta meg a hirdető,,2024,"17,8 m²",,2026. 3. negyedév,,
https://www.zenga.hu/ingatlan/elado-csusztatott-zsalus-lakas-budapest-xx-kerulet-pacsirtatelep/8650231?page=24&pos=18&cr=100,"Budapest XX. kerület eladó csúsztatott zsalus lakás 2 szobás: 53,9 millió Ft",53.9,57.0,57 m²,2.0,"Budapest XX. kerület, Pacsirtatelep",Csúsztatott zsalus lakás,4,Jó állapotú,2025-08-17,Gáz (konvektor),Nem adta meg a hirdető,,1975,4 m²,,,,
https://www.zenga.hu/ingatlan/elado-panellakas-budapest-xviii-kerulet-havanna-lakotelep/8656602?page=24&pos=19&cr=100,"Budapest XVIII. kerület eladó panellakás 2 szobás: 52,5 millió Ft",52.5,53.0,53 m²,2.0,"Budapest XVIII. kerület, Havanna lakótelep",Panellakás,,Felújítandó,2025-08-17,Távfűtés,Nem adta meg a hirdető,,1980,,,,,
https://www.zenga.hu/ingatlan/elado-csusztatott-zsalus-lakas-budapest-xiv-kerulet-torokor/8361514?page=24&pos=20&cr=100,"Budapest XIV. kerület eladó csúsztatott zsalus lakás 3 szobás: 74,9 millió Ft",74.9,56.0,56 m²,3.0,"Budapest XIV. kerület, Törökőr",Csúsztatott zsalus lakás,,,2025-08-17,Házközponti fűtés egyedi méréssel,Nem adta meg a hirdető,,1980,,,,,
https://www.zenga.hu/ingatlan/elado-panellakas-szeged-rokus/8646701?page=25&pos=1&cr=100,"Szeged eladó panellakás 1+1 fél szobás: 44,9 millió Ft",44.9,55.0,55 m²,1.0,"Szeged, Rókus, Nyitra utca",Panellakás,5,Átlagos,2025-08-17,Távfűtés,F,,1981,,,,,
https://www.zenga.hu/ingatlan/elado-teglalakas-budapest-iii-kerulet/8597085?page=25&pos=2&cr=100,"Budapest III. kerület eladó téglalakás 3 szobás: 99,6 millió Ft",99.6,,,,,,,,2025-08-17,,,,,,,,,
https://www.zenga.hu/ingatlan/elado-tarsashazi-lakas-budapest-xix-kerulet/8472397?page=25&pos=4&cr=100,"Eladó 1 szobás téglalakás 61,16 millió Ft értékben Budapest XIX. kerületben - T.Homes Residence lakóparkban",61.16,34.0,34 m²,1.0,Budapest XIX. kerület,Téglalakás,,Új építésű,2025-08-17,,Nem adta meg a hirdető,,2024,11 m²,,,,
https://www.zenga.hu/ingatlan/elado-panellakas-budapest-xv-kerulet-rakospalota/8450239?page=25&pos=5&cr=100,"Budapest XV. kerület eladó panellakás 3 szobás: 63,9 millió Ft",63.9,59.0,59 m²,3.0,"Budapest XV. kerület, Rákospalota",,,,2025-08-17,,,,,,,,,
https://www.zenga.hu/ingatlan/elado-teglalakas-budapest-xiv-kerulet-istvanmezo/8631206?page=25&pos=6&cr=100,"Budapest XIV. kerület eladó téglalakás 3 szobás: 63,99 millió Ft",,,,,,,,,2025-08-17,,,,,,,,,
https://www.zenga.hu/ingatlan/elado-teglalakas-nyiregyhaza-belvaros/8657084?page=25&pos=7&cr=100,Eladó 2 szobás téglalakás Nyíregyházán,,,,,,,,,2025-08-17,,,,,,,,,
https://www.zenga.hu/ingatlan/elado-teglalakas-budapest-vi-kerulet/8581335?page=25&pos=8&cr=100,,,,,,,,,,2025-08-17,,,,,,,,,
https://www.zenga.hu/ingatlan/elado-tarsashazi-lakas-budapest-iii-kerulet/8468501?page=25&pos=9&cr=100,Eladó 3 szobás téglalakás Budapest III. kerületben - Waterfront City 5 lakóparkban,,,,,,,,,2025-08-17,,,,,,,,,
https://www.zenga.hu/ingatlan/elado-tarsashazi-lakas-budapest-xi-kerulet/8469209?page=25&pos=10&cr=100,"Eladó 3 szobás téglalakás 117,6 millió Ft értékben Budapest XI. kerületben - Újbuda Residence lakóparkban",117.6,71.0,71 m²,3.0,Budapest XI. kerület,Téglalakás,,Új építésű,2025-08-17,Egyéb,,,2025,,,,,
https://www.zenga.hu/ingatlan/elado-tarsashazi-lakas-budapest-xix-kerulet/7930758?page=25&pos=11&cr=100,"Eladó 2 szobás téglalakás 81,01 millió Ft értékben Budapest XIX. kerületben - T.Homes Residence lakóparkban",81.01,49.0,49 m²,2.0,Budapest XIX. kerület,Téglalakás,,Új építésű,2025-08-17,,Nem adta meg a hirdető,,2024,"11,1 m²",,,,
https://www.zenga.hu/ingatlan/elado-teglalakas-budapest-ix-kerulet-belso-ferencvaros/8663822?page=25&pos=12&cr=100,Budapest IX. kerület eladó téglalakás 2+2 fél szobás: 99 millió Ft,99.0,66.0,66 m²,2.0,"Budapest IX. kerület, Belső Ferencváros, Ráday utca",Téglalakás,4,Felújított,2025-08-17,Elektromos,B,Nincs,1890,,,,15 m²,
https://www.zenga.hu/ingatlan/elado-panellakas-budapest-xviii-kerulet-havanna-lakotelep/8640280?page=25&pos=13&cr=100,Eladó 3 szobás panellakás Budapest XVIII. kerületben,,,,,,,,,2025-08-17,,,,,,,,,
https://www.zenga.hu/ingatlan/elado-teglalakas-budapest-vii-kerulet-ligetvaros/8575645?page=25&pos=14&cr=100,Budapest VII. kerület eladó téglalakás 1 szobás: 56 millió Ft,56.0,41.0,41 m²,1.0,"Budapest VII. kerület, Ligetváros, Hernád",Téglalakás,4,Felújított,2025-08-17,Gáz (konvektor),Nem adta meg a hirdető,,1950,,,,,
https://www.zenga.hu/ingatlan/elado-panellakas-budapest-xix-kerulet/8555277?page=25&pos=15&cr=100,Budapest XIX. kerület eladó panellakás 1+2 fél szobás: 56 millió Ft,56.0,59.0,59 m²,1.0,Budapest XIX. kerület,Panellakás,,Átlagos,2025-08-17,Távfűtés,D,,1981,,,,,
https://www.zenga.hu/ingatlan/elado-teglalakas-budapest-vi-kerulet/8484869?page=25&pos=16&cr=100,Budapest VI. kerület eladó téglalakás 4+1 fél szobás: 145 millió Ft,145.0,120.0,120 m²,4.0,Budapest VI. kerület,Téglalakás,4,Felújított,2025-08-17,Gázkazán,Nem adta meg a hirdető,,1900,3 m²,,,,45 000 Ft/hó
https://www.zenga.hu/ingatlan/elado-teglalakas-budapest-xx-kerulet/8642311?page=25&pos=17&cr=100,"Budapest XX. kerület eladó téglalakás 2+1 fél szobás: 99,9 millió Ft",99.9,59.0,59 m²,2.0,Budapest XX. kerület,Téglalakás,,Új építésű,2025-08-17,Házközponti fűtés egyedi méréssel,A+,,2025,,,,,
https://www.zenga.hu/ingatlan/elado-tarsashazi-lakas-nyiregyhaza/8645832?page=25&pos=18&cr=100,"Nyíregyháza eladó társasházi lakás 3 szobás: 119,5 millió Ft",119.5,126.0,126 m²,3.0,Nyíregyháza,Társasházi lakás,,Új építésű,2025-08-17,Gázkazán,Nem adta meg a hirdető,,2025,,,,,
https://www.zenga.hu/ingatlan/elado-panellakas-budapest-xxi-kerulet-erdoalja/8587719?page=25&pos=19&cr=100,"Budapest XXI. kerület eladó panellakás 2+3 fél szobás: 84,24 millió Ft",84.24,84.0,84 m²,2.0,"Budapest XXI. kerület, Erdőalja, Völgy utca 21.",Panellakás,4,Átlagos,2025-08-17,Távfűtés,E,,1983,4 m²,,,,
https://www.zenga.hu/ingatlan/elado-teglalakas-szigetszentmiklos/8660014?page=25&pos=20&cr=100,"Szigetszentmiklós eladó téglalakás 3 szobás: 65,9 millió Ft",65.9,72.0,72 m²,3.0,Szigetszentmiklós,Téglalakás,3,Jó állapotú,2025-08-17,Gázkazán,Nem adta meg a hirdető,,2005,,,,7 m²,
https://www.zenga.hu/ingatlan/elado-teglalakas-balatonmariafurdo/8662584?page=26&pos=1&cr=100,"Balatonmáriafürdő eladó téglalakás 1 szobás: 39,9 millió Ft",39.9,24.0,24 m²,1.0,Balatonmáriafürdő,Téglalakás,,Új építésű,2025-08-17,Házközponti fűtés egyedi méréssel,A+++,Nincs,2026,,,,7 m²,
https://www.zenga.hu/ingatlan/elado-teglalakas-budapest-xx-kerulet/8657873?page=26&pos=2&cr=100,"Budapest XX. kerület eladó téglalakás 2 szobás: 63,99 millió Ft",63.99,57.0,57 m²,2.0,Budapest XX. kerület,Téglalakás,,Új építésű,2025-08-17,Házközponti fűtés egyedi méréssel,A+,,2025,,,,,
https://www.zenga.hu/ingatlan/elado-teglalakas-hajduszoboszlo/8661988?page=26&pos=3&cr=100,"Hajdúszoboszló eladó téglalakás 3+1 fél szobás: 73,9 millió Ft",73.9,125.0,125 m²,3.0,"Hajdúszoboszló, Liliom u. 2",Téglalakás,2,Jó állapotú,2025-08-17,Elektromos,A+,,,14 m²,,,14 m²,
https://www.zenga.hu/ingatlan/elado-teglalakas-hajduszoboszlo/8661987?page=26&pos=4&cr=100,"Hajdúszoboszló eladó téglalakás 3 szobás: 54,9 millió Ft",54.9,63.0,63 m²,3.0,"Hajdúszoboszló, Hőforrás u. 2",Téglalakás,2,Jó állapotú,2025-08-17,Elektromos,A+,,,5 m²,,,20 m²,
https://www.zenga.hu/ingatlan/elado-teglalakas-budapest-xii-kerulet-krisztinavaros-xii-ker/8503832?page=26&pos=5&cr=100,"Budapest XII. kerület eladó téglalakás 2 szobás: 129,9 millió Ft",129.9,57.0,57 m²,2.0,"Budapest XII. kerület, Krisztinaváros XII. ker.",Téglalakás,,Újszerű,2025-08-17,Geotermikus,Nem adta meg a hirdető,,2018,,,,,
https://www.zenga.hu/ingatlan/elado-teglalakas-budapest-viii-kerulet/8590776?page=26&pos=6&cr=100,Eladó 1+1 fél szobás téglalakás Budapest VIII. kerületben,,,,,,,,,2025-08-17,,,,,,,,,
https://www.zenga.hu/ingatlan/elado-egyeb-lakas-kiskunlachaza/8659945?page=26&pos=7&cr=100,"Kiskunlacháza eladó egyéb lakás 4 szobás: 64,9 millió Ft",64.9,75.0,75 m²,4.0,Kiskunlacháza,Egyéb lakás,,Új építésű,2025-08-17,Házközponti,Nem adta meg a hirdető,,,,,,,
https://www.zenga.hu/ingatlan/elado-teglalakas-budapest-xviii-kerulet-bokaytelep/8617362?page=26&pos=8&cr=100,"Budapest XVIII. kerület eladó téglalakás 1+2 fél szobás: 149,9 millió Ft",149.9,88.0,88 m²,1.0,"Budapest XVIII. kerület, Bókaytelep",Téglalakás,,Új építésű,2025-08-17,Elektromos,B,,2024,,,,,
https://www.zenga.hu/ingatlan/elado-teglalakas-budapest-ii-kerulet/8658417?page=26&pos=9&cr=100,Budapest II. kerület eladó téglalakás 2+1 fél szobás: 180 millió Ft,180.0,94.0,94 m²,2.0,Budapest II. kerület,Téglalakás,6,Felújítandó,2025-08-17,Elektromos,Nem adta meg a hirdető,,1932,6 m²,,,,
https://www.zenga.hu/ingatlan/elado-teglalakas-budapest-xi-kerulet/8556773?page=26&pos=11&cr=100,"Budapest XI. kerület eladó téglalakás 3 szobás: 94,99 millió Ft",94.99,63.0,63 m²,3.0,Budapest XI. kerület,Téglalakás,,Új építésű,2025-08-17,Házközponti fűtés egyedi méréssel,Nem adta meg a hirdető,,2022,,,,,
https://www.zenga.hu/ingatlan/elado-teglalakas-budapest-xi-kerulet-kelenfold/8510575?page=26&pos=12&cr=100,Budapest XI. kerület eladó téglalakás 4 szobás: 165 millió Ft,165.0,90.0,90 m²,4.0,"Budapest XI. kerület, Kelenföld",Téglalakás,5,Jó állapotú,2025-08-17,Gázkazán,C,,,2 m²,,,19 m²,30 000 Ft/hó
https://www.zenga.hu/ingatlan/elado-teglalakas-szeged-ujszeged/8658392?page=26&pos=13&cr=100,Szeged eladó téglalakás 3+1 fél szobás: 95 millió Ft,95.0,90.0,90 m²,3.0,"Szeged, Újszeged",Téglalakás,3,Jó állapotú,2025-08-17,Gázkazán,Nem adta meg a hirdető,Nincs,1982,3 m²,,,,
https://www.zenga.hu/ingatlan/elado-teglalakas-budapest-xiii-kerulet/8542361?page=26&pos=16&cr=100,"Budapest XIII. kerület eladó téglalakás 3 szobás: 149,9 millió Ft",,,,,,,,,2025-08-17,,,,,,,,,
https://www.zenga.hu/ingatlan/elado-panellakas-budapest-iii-kerulet-pok-utcai-lakotelep/8652950?page=26&pos=17&cr=100,"Budapest III. kerület eladó panellakás 1+3 fél szobás: 88,5 millió Ft",88.5,73.0,73 m²,1.0,"Budapest III. kerület, Pók utcai lakótelep, 0",Panellakás,4,Jó állapotú,2025-08-17,Távfűtés,Nem adta meg a hirdető,,,,,,,
https://www.zenga.hu/ingatlan/elado-teglalakas-budapest-iii-kerulet-filatorigat/8229780?page=26&pos=18&cr=100,"Budapest III. kerület eladó téglalakás 2+1 fél szobás: 135,14 millió Ft",135.14,82.0,82 m²,,,,,,2025-08-17,,,,,,,,,
https://www.zenga.hu/ingatlan/elado-teglalakas-eger/8619113?page=26&pos=19&cr=100,"Eger eladó téglalakás 4 szobás: 87,7 millió Ft",87.7,79.0,79 m²,4.0,Eger,Téglalakás,3,Újszerű,2025-08-17,Gázkazán,B,,2020,,,,,
https://www.zenga.hu/ingatlan/elado-teglalakas-eger-lajosvaros/8397562?page=26&pos=20&cr=100,"Eger eladó téglalakás 3 szobás: 54,9 millió Ft",54.9,60.0,60 m²,3.0,"Eger, Lajosváros",Téglalakás,,,2025-08-17,,,,,,,,,
https://www.zenga.hu/ingatlan/elado-teglalakas-kecskemet-belvaros/8647531?page=27&pos=1&cr=100,"Kecskemét eladó téglalakás 4 szobás: 99,5 millió Ft",99.5,99.0,99 m²,4.0,"Kecskemét, Belváros",Téglalakás,3,Újszerű,2025-08-17,Gázkazán,Nem adta meg a hirdető,,,,,,,
https://www.zenga.hu/ingatlan/elado-teglalakas-szeged-rokus/8650222?page=27&pos=2&cr=100,Szeged eladó téglalakás 3 szobás: 72 millió Ft,72.0,62.0,62 m²,3.0,"Szeged, Rókus",Téglalakás,3,Jó állapotú,2025-08-17,Gázkazán,E,,2001,8 m²,,,,
https://www.zenga.hu/ingatlan/elado-teglalakas-budapest-xviii-kerulet-gloriett-telep/8523571?page=27&pos=3&cr=100,"Budapest XVIII. kerület eladó téglalakás 1+2 fél szobás: 87,9 millió Ft",87.9,65.0,65 m²,1.0,"Budapest XVIII. kerület, Gloriett-telep",Téglalakás,,Új építésű,2025-08-17,Elektromos,A+,,2024,,,,,
https://www.zenga.hu/ingatlan/elado-teglalakas-debrecen-belvaros/8224585?page=27&pos=4&cr=100,Debrecen eladó téglalakás 4 szobás: 130 millió Ft,130.0,92.0,92 m²,4.0,"Debrecen, Belváros",Téglalakás,,Új építésű,2025-08-17,Házközponti fűtés egyedi méréssel,Nem adta meg a hirdető,,2024,,,,,
https://www.zenga.hu/ingatlan/elado-panellakas-debrecen-venkert/8649081?page=27&pos=5&cr=100,Eladó 2 szobás panellakás Debrecenben,,,,,,,,,2025-08-17,,,,,,,,,
https://www.zenga.hu/ingatlan/elado-teglalakas-mezohegyes/8506904?page=27&pos=6&cr=100,Mezőhegyes eladó téglalakás 2 szobás: 14 millió Ft,14.0,78.0,78 m²,2.0,Mezőhegyes,Téglalakás,,Jó állapotú,2025-08-17,Elektromos,F,,1970,,,,,
https://www.zenga.hu/ingatlan/elado-csusztatott-zsalus-lakas-miskolc-tampere/8428064?page=27&pos=7&cr=100,"Miskolc eladó csúsztatott zsalus lakás 4 szobás: 54,9 millió Ft",54.9,87.0,87 m²,4.0,,,,,2025-08-17,,,,,,,,,
https://www.zenga.hu/ingatlan/elado-teglalakas-budapest-vii-kerulet-ligetvaros/8647361?page=27&pos=8&cr=100,"Budapest VII. kerület eladó téglalakás 1+1 fél szobás: 39,9 millió Ft",39.9,41.0,41 m²,1.0,"Budapest VII. kerület, Ligetváros",Téglalakás,4,Jó állapotú,2025-08-17,Elektromos,Nem adta meg a hirdető,,1930,,,,,
https://www.zenga.hu/ingatlan/elado-teglalakas-szombathely-szentkiraly/8624562?page=27&pos=9&cr=100,"Szombathely eladó téglalakás 3 szobás: 61,9 millió Ft",61.9,71.0,71 m²,3.0,"Szombathely, Szentkirály",Téglalakás,,Felújított,2025-08-17,Házközponti fűtés egyedi méréssel,Nem adta meg a hirdető,,2010,,,,,
https://www.zenga.hu/ingatlan/elado-tarsashazi-lakas-nyiregyhaza/8609720?page=27&pos=10&cr=100,Nyíregyháza eladó társasházi lakás 2+1 fél szobás: 55 millió Ft,55.0,63.0,63 m²,2.0,Nyíregyháza,Társasházi lakás,,Felújított,2025-08-17,Távfűtés egyedi méréssel,Nem adta meg a hirdető,,1973,,,,,
https://www.zenga.hu/ingatlan/elado-panellakas-paks-lakotelep/8644856?page=27&pos=11&cr=100,"Paks eladó panellakás 2 szobás: 54,9 millió Ft",54.9,52.0,52 m²,2.0,"Paks, Lakótelep",Panellakás,4,Felújított,2025-08-17,Távfűtés,Nem adta meg a hirdető,,1980,"4,5 m²",,,,
https://www.zenga.hu/ingatlan/elado-teglalakas-paks-ovaros/8644860?page=27&pos=12&cr=100,"Paks eladó téglalakás 2+1 fél szobás: 41,9 millió Ft",41.9,53.0,53 m²,2.0,"Paks, Óváros",Téglalakás,3,Felújított,2025-08-17,Hőszivattyú,Nem adta meg a hirdető,,,,,,,
https://www.zenga.hu/ingatlan/elado-teglalakas-budapest-xi-kerulet-madarhegy/8378020?page=27&pos=13&cr=100,"Budapest XI. kerület eladó téglalakás 3 szobás: 236,39 millió Ft",236.39,85.0,85 m²,3.0,"Budapest XI. kerület, Madárhegy",Téglalakás,3,Új építésű,2025-08-17,Egyéb,Nem adta meg a hirdető,,,,,,,
https://www.zenga.hu/ingatlan/elado-csusztatott-zsalus-lakas-budapest-xx-kerulet-pesterzsebet/8643991?page=27&pos=14&cr=100,,,,,,,,,,2025-08-17,,,,,,,,,
https://www.zenga.hu/ingatlan/elado-teglalakas-budapest-xi-kerulet-kelenfold/8387439?page=27&pos=15&cr=100,Eladó 1+3 fél szobás téglalakás 154 millió Ft értékben Budapest XI. kerületben - ÚJBUDA - BEST PLACE PROJEKT lakóparkban,154.0,64.0,64 m²,1.0,"Budapest XI. kerület, Kelenföld",Téglalakás,4,Új építésű,2025-08-17,,Nem adta meg a hirdető,,2025,,,,,
https://www.zenga.hu/ingatlan/elado-teglalakas-budapest-v-kerulet-belvaros/8427590?page=27&pos=16&cr=100,Budapest V. kerület eladó téglalakás 4 szobás: 140 millió Ft,140.0,76.0,,,,,,,2025-08-17,,,,,,,,,
https://www.zenga.hu/ingatlan/elado-teglalakas-budapest-v-kerulet-belvaros/8426442?page=27&pos=17&cr=100,Budapest V. kerület eladó téglalakás 4 szobás: 140 millió Ft,140.0,76.0,76 m²,4.0,"Budapest V. kerület, Belváros",Téglalakás,,Felújított,2025-08-17,Gázkazán,Nem adta meg a hirdető,,1900,,,,,
https://www.zenga.hu/ingatlan/elado-teglalakas-budapest-xvii-kerulet-rakoscsaba-ujtelep/8544450?page=27&pos=18&cr=100,,,,,,,,,,2025-08-17,,,,,,,,,
https://www.zenga.hu/ingatlan/elado-teglalakas-budapest-vii-kerulet/8512787?page=27&pos=19&cr=100,,,,,,,,,,2025-08-17,,,,,,,,,
https://www.zenga.hu/ingatlan/elado-teglalakas-budapest-xiii-kerulet-ujlipotvaros/8607072?page=27&pos=20&cr=100,"Budapest XIII. kerület eladó téglalakás 2 szobás: 88,9 millió Ft",88.9,84.0,84 m²,2.0,"Budapest XIII. kerület, Újlipótváros",Téglalakás,4,Átlagos,2025-08-17,Gáz (héra),Nem adta meg a hirdető,,1895,,,,,
https://www.zenga.hu/ingatlan/elado-panellakas-debrecen-belvaros/8643031?page=28&pos=1&cr=100,Debrecen eladó panellakás 3 szobás: 63 millió Ft,63.0,63.0,63 m²,3.0,"Debrecen, Belváros, Hajó utca",Panellakás,10,,2025-08-17,,,,,,,,,
https://www.zenga.hu/ingatlan/elado-teglalakas-budapest-ii-kerulet-rezmal/8175307?page=28&pos=2&cr=100,,,,,,,,,,2025-08-17,,,,,,,,,
https://www.zenga.hu/ingatlan/elado-teglalakas-budapest-xvii-kerulet-rakoscsaba-ujtelep/8544452?page=28&pos=3&cr=100,Budapest XVII. kerület eladó téglalakás 4 szobás: 144 millió Ft,,,,,,,,,2025-08-17,,,,,,,,,
https://www.zenga.hu/ingatlan/elado-teglalakas-budapest-iv-kerulet-megyer/8229152?page=28&pos=4&cr=100,"Budapest IV. kerület eladó téglalakás 4 szobás: 194,9 millió Ft",194.9,87.0,87 m²,4.0,"Budapest IV. kerület, Megyer",Téglalakás,,Újszerű,2025-08-17,Házközponti fűtés egyedi méréssel,A,,2020,,,,,
https://www.zenga.hu/ingatlan/elado-teglalakas-budapest-xvii-kerulet-rakoscsaba-ujtelep/8544451?page=28&pos=5&cr=100,,,,,,,,,,2025-08-17,,,,,,,,,
https://www.zenga.hu/ingatlan/elado-teglalakas-budapest-xviii-kerulet-miklostelep/8626479?page=28&pos=6&cr=100,Budapest XVIII. kerület eladó téglalakás 1 szobás: 23 millió Ft,23.0,21.0,21 m²,1.0,"Budapest XVIII. kerület, Miklóstelep",Téglalakás,,Felújítandó,2025-08-17,Elektromos,Nem adta meg a hirdető,,1980,,,,,
https://www.zenga.hu/ingatlan/elado-panellakas-budapest-viii-kerulet-corvin-negyed/8637614?page=28&pos=7&cr=100,"Budapest VIII. kerület eladó panellakás 2 szobás: 58,9 millió Ft",58.9,45.0,45 m²,2.0,"Budapest VIII. kerület, Corvin negyed",Panellakás,10,Átlagos,2025-08-17,Távfűtés egyedi méréssel,Nem adta meg a hirdető,,1972,5 m²,,,,
https://www.zenga.hu/ingatlan/elado-panellakas-budapest-iv-kerulet-ujpest/8616503?page=28&pos=8&cr=100,"Budapest IV. kerület eladó panellakás 2+1 fél szobás: 67,9 millió Ft",67.9,59.0,59 m²,2.0,"Budapest IV. kerület, Újpest, Munkásotthon",Panellakás,10,Felújított,2025-08-17,Távfűtés egyedi méréssel,D,,,,,,,
https://www.zenga.hu/ingatlan/elado-teglalakas-budapest-vi-kerulet/8619379?page=28&pos=9&cr=100,Budapest VI. kerület eladó téglalakás 4 szobás: 210 millió Ft,210.0,170.0,170 m²,4.0,"Budapest VI. kerület, Eötvös utca",Téglalakás,3,Újszerű,2025-08-17,Gázkazán,Nem adta meg a hirdető,,1900,,,,,
https://www.zenga.hu/ingatlan/elado-teglalakas-gyongyos/8602886?page=28&pos=10&cr=100,"Gyöngyös eladó téglalakás 3 szobás: 54,9 millió Ft",54.9,67.0,67 m²,3.0,Gyöngyös,Téglalakás,4,Újszerű,2025-08-17,Gázkazán,Nem adta meg a hirdető,Nincs,2010,8 m²,,,,11 000 Ft/hó
https://www.zenga.hu/ingatlan/elado-tarsashazi-lakas-debrecen-postakert/8630028?page=28&pos=11&cr=100,"Debrecen eladó társasházi lakás 3 szobás: 89,9 millió Ft",89.9,53.0,53 m²,3.0,"Debrecen, Postakert",Társasházi lakás,3,Új építésű,2025-08-17,Mennyezeti hűtés-fűtés,Nem adta meg a hirdető,,2026,,,,13 m²,
https://www.zenga.hu/ingatlan/elado-teglalakas-siofok/8628263?page=28&pos=12&cr=100,"Eladó 2 szobás téglalakás 97,2 millió Ft értékben Siófokon - Akvamarin Lakópark lakóparkban",97.2,47.0,47 m²,2.0,"Siófok, Deák Ferenc sétány 43.",Téglalakás,3,Új építésű,2025-08-17,Hőszivattyú,A++,,,"6,3 m²",,2026. április,,
https://www.zenga.hu/ingatlan/elado-tarsashazi-lakas-budapest-xvi-kerulet-cinkota/8625425?page=28&pos=13&cr=100,Budapest XVI. kerület eladó társasházi lakás 3 szobás: 55 millió Ft,,,,,,,,,2025-08-17,,,,,,,,,
https://www.zenga.hu/ingatlan/elado-teglalakas-balatonfured-belvaros/8609534?page=28&pos=14&cr=100,"Balatonfüred eladó téglalakás 2 szobás: 85,5 millió Ft",85.5,55.0,55 m²,2.0,"Balatonfüred, Belváros",Téglalakás,3,Új építésű,2025-08-17,Hőszivattyú,Nem adta meg a hirdető,,2026,26 m²,,,,
https://www.zenga.hu/ingatlan/elado-panellakas-debrecen/8603887?page=28&pos=15&cr=100,"Debrecen eladó panellakás 1 szobás: 46,2 millió Ft",46.2,42.0,42 m²,1.0,"Debrecen, Alkotmány",Panellakás,4,Felújított,2025-08-17,Gáz (konvektor),Nem adta meg a hirdető,,,4 m²,,,,
https://www.zenga.hu/ingatlan/elado-teglalakas-budapest-xv-kerulet-rakospalota/8521973?page=28&pos=16&cr=100,Budapest XV. kerület eladó téglalakás 2 szobás: 76 millió Ft,76.0,89.0,89 m²,2.0,"Budapest XV. kerület, Rákospalota",Téglalakás,1,Felújított,2025-08-17,Gázkazán,Nem adta meg a hirdető,,1988,12 m²,,,,
https://www.zenga.hu/ingatlan/elado-teglalakas-paks-lakotelep/8458957?page=28&pos=17&cr=100,"Paks eladó téglalakás 4 szobás: 74,9 millió Ft",74.9,82.0,82 m²,4.0,"Paks, Lakótelep",Téglalakás,2,Jó állapotú,2025-08-17,Távfűtés,Nem adta meg a hirdető,,2009,14 m²,,,,25 000 Ft/hó
https://www.zenga.hu/ingatlan/elado-panellakas-paks-lakotelep/8590420?page=28&pos=18&cr=100,"Paks eladó panellakás 1+1 fél szobás: 35,9 millió Ft",35.9,41.0,41 m²,1.0,"Paks, Lakótelep",Panellakás,4,Jó állapotú,2025-08-17,Távfűtés,Nem adta meg a hirdető,,,"3,5 m²",,,,
https://www.zenga.hu/ingatlan/elado-teglalakas-budapest-xv-kerulet-pestujhely/8587737?page=28&pos=19&cr=100,Budapest XV. kerület eladó téglalakás 1+1 fél szobás: 56 millió Ft,56.0,40.0,40 m²,1.0,"Budapest XV. kerület, Pestújhely",Téglalakás,3,Felújított,2025-08-17,Gázkazán,E,Nincs,1980,,,,,12 000 Ft/hó
https://www.zenga.hu/ingatlan/elado-teglalakas-budapest-xi-kerulet-kelenfold/8549272?page=28&pos=20&cr=100,"Budapest XI. kerület eladó téglalakás 1 szobás: 59,5 millió Ft",59.5,38.0,38 m²,1.0,"Budapest XI. kerület, Kelenföld, Bartók Béla út",Téglalakás,5,Újszerű,2025-08-17,Elektromos,Nem adta meg a hirdető,,,2 m²,,,,
https://www.zenga.hu/ingatlan/elado-panellakas-budapest-xiv-kerulet-nagyzuglo/8497256?page=29&pos=1&cr=100,"Budapest XIV. kerület eladó panellakás 3 szobás: 74,9 millió Ft",74.9,68.0,68 m²,3.0,"Budapest XIV. kerület, Nagyzugló",Panellakás,10,Felújított,2025-08-17,Távfűtés egyedi méréssel,B,,1990,4 m²,,,,20 000 Ft/hó
https://www.zenga.hu/ingatlan/elado-teglalakas-budapest-xiii-kerulet/8549719?page=29&pos=2&cr=100,"Budapest XIII. kerület eladó téglalakás 3 szobás: 73,08 millió Ft",73.08,59.0,59 m²,3.0,Budapest XIII. kerület,Téglalakás,3,Felújított,2025-08-17,Egyéb,D,,1970,,,,,28 000 Ft/hó
https://www.zenga.hu/ingatlan/elado-tarsashazi-lakas-gyula/8356636?page=29&pos=3&cr=100,Gyula eladó társasházi lakás 2 szobás: 56 millió Ft,56.0,62.0,62 m²,2.0,"Gyula, Varsándi utca 5",Társasházi lakás,1,Új építésű,2025-08-17,Hőszivattyú,A+,,2024,,,,,
https://www.zenga.hu/ingatlan/elado-teglalakas-budapest-xii-kerulet/8667116?page=29&pos=4&cr=99,Budapest XII. kerület eladó téglalakás 1 szobás: 62 millió Ft,62.0,30.0,30 m²,1.0,,,,,2025-08-17,,,,,,,,,
https://www.zenga.hu/ingatlan/elado-teglalakas-balatonmariafurdo/8060938?page=29&pos=5&cr=99,"Balatonmáriafürdő eladó téglalakás 2 szobás: 58,08 millió Ft",58.08,44.0,44 m²,2.0,Balatonmáriafürdő,Téglalakás,,Új építésű,2025-08-17,Hőszivattyú,Nem adta meg a hirdető,Nincs,2026,,,,15 m²,
https://www.zenga.hu/ingatlan/elado-teglalakas-balatonmariafurdo/8056731?page=29&pos=6&cr=98,"Balatonmáriafürdő eladó téglalakás 1 szobás: 55,31 millió Ft",55.31,30.0,30 m²,1.0,Balatonmáriafürdő,Téglalakás,,Új építésű,2025-08-17,Egyéb,Nem adta meg a hirdető,Nincs,2024,,,,14 m²,
https://www.zenga.hu/ingatlan/elado-teglalakas-budapest-i-kerulet/8547228?page=29&pos=7&cr=95,"Budapest I. kerület eladó téglalakás 3 szobás: 111,9 millió Ft",111.9,68.0,68 m²,3.0,"Budapest I. kerület, Attila út 119",Téglalakás,5,Felújított,2025-08-17,Távfűtés,D,,,5 m²,,,,25 000 Ft/hó
https://www.zenga.hu/ingatlan/elado-teglalakas-szeged-felsovaros/8544098?page=29&pos=8&cr=95,"Szeged eladó téglalakás 1+3 fél szobás: 91,8 millió Ft",91.8,75.0,75 m²,1.0,"Szeged, Felsőváros, Tabán",Téglalakás,3,Újszerű,2025-08-17,Gázkazán,Nem adta meg a hirdető,Nincs,2008,7 m²,,,,
https://www.zenga.hu/ingatlan/elado-teglalakas-balatonmariafurdo/8061098?page=29&pos=9&cr=95,"Balatonmáriafürdő eladó téglalakás 3 szobás: 96,43 millió Ft",96.43,62.0,62 m²,3.0,Balatonmáriafürdő,Téglalakás,,Új építésű,2025-08-17,Hőszivattyú,Nem adta meg a hirdető,Nincs,2026,,,,46 m²,
https://www.zenga.hu/ingatlan/elado-teglalakas-budapest-ii-kerulet-rozsadomb/8666963?page=29&pos=10&cr=95,Budapest II. kerület eladó téglalakás 2 szobás: 136 millió Ft,136.0,66.0,66 m²,2.0,"Budapest II. kerület, Rózsadomb, Mecset utca 19",Téglalakás,4,Felújított,2025-08-17,Gázkazán,C,,,,,,,
https://www.zenga.hu/ingatlan/elado-teglalakas-tokol-pesti-uti-lakotelep/8666843?page=29&pos=11&cr=95,"Tököl eladó téglalakás 1+2 fél szobás: 45,9 millió Ft",45.9,51.0,51 m²,1.0,"Tököl, Pesti úti lakótelep, Mátyás király utca 7/c",Téglalakás,4,Jó állapotú,2025-08-17,Gáz (konvektor),D,Nincs,1965,,,,,25 000 Ft/hó
https://www.zenga.hu/ingatlan/elado-tarsashazi-lakas-budapest-xii-kerulet-svabhegy/8659995?page=29&pos=12&cr=95,Budapest XII. kerület eladó társasházi lakás 1+3 fél szobás: 149 millió Ft,149.0,79.0,79 m²,1.0,"Budapest XII. kerület, Svábhegy",Társasházi lakás,3,Jó állapotú,2025-08-17,Gázkazán,B,,,10 m²,,,10 m²,21 000 Ft/hó
https://www.zenga.hu/ingatlan/elado-teglalakas-pomaz-vorosmarty-lakotelep/8665118?page=29&pos=13&cr=95,Pomáz eladó téglalakás 3 szobás: 98 millió Ft,98.0,76.0,76 m²,3.0,"Pomáz, Vörösmarty-lakótelep",Téglalakás,2,Felújított,2025-08-17,Gázkazán,Nem adta meg a hirdető,Nincs,1980,9 m²,,,,
https://www.zenga.hu/ingatlan/elado-teglalakas-budapest-iv-kerulet-ujpest/8637592?page=29&pos=14&cr=95,"Budapest IV. kerület eladó téglalakás 4 szobás: 99,9 millió Ft",99.9,94.0,94 m²,4.0,"Budapest IV. kerület, Újpest",Téglalakás,3,Felújított,2025-08-17,Házközponti fűtés egyedi méréssel,A+,,2008,6 m²,,,,11 000 Ft/hó
https://www.zenga.hu/ingatlan/elado-panellakas-tatabanya-banhidai-lakotelep/8645369?page=29&pos=15&cr=95,"Tatabánya eladó panellakás 2 szobás: 39,75 millió Ft",39.75,53.0,53 m²,2.0,"Tatabánya, Bánhidai lakótelep",Panellakás,3,Jó állapotú,2025-08-17,Távfűtés,Nem adta meg a hirdető,,,4 m²,,,,14 000 Ft/hó
https://www.zenga.hu/ingatlan/elado-teglalakas-budapest-vii-kerulet/8422475?page=29&pos=16&cr=95,"Budapest VII. kerület eladó téglalakás 5+5 fél szobás: 179,86 millió Ft",,,,,,,,,2025-08-17,,,,,,,,,
https://www.zenga.hu/ingatlan/elado-teglalakas-budapest-xi-kerulet-nadorkert/8647195?page=29&pos=18&cr=95,,,,,,,,,,2025-08-17,,,,,,,,,
https://www.zenga.hu/ingatlan/elado-egyeb-lakas-szombathely/8255172?page=29&pos=20&cr=95,"Szombathely eladó egyéb lakás 4 szobás: 74,9 millió Ft",74.9,86.0,86 m²,4.0,Szombathely,Egyéb lakás,,Új építésű,2025-08-17,,Nem adta meg a hirdető,,2025,,,,,
https://www.zenga.hu/ingatlan/elado-panellakas-budapest-xiii-kerulet-ujlipotvaros/8638384?page=30&pos=1&cr=95,Budapest XIII. kerület eladó panellakás 2 szobás: 55 millió Ft,55.0,44.0,44 m²,2.0,"Budapest XIII. kerület, Újlipótváros, Váci út 56-58",Panellakás,6,Jó állapotú,2025-08-17,Távfűtés,Nem adta meg a hirdető,,1970,,,,,40 000 Ft/hó
https://www.zenga.hu/ingatlan/elado-teglalakas-debrecen/8641236?page=30&pos=2&cr=95,Debrecen eladó téglalakás 1+1 fél szobás: 63 millió Ft,63.0,40.0,40 m²,1.0,"Debrecen, Rákóczi utca",Téglalakás,1,Felújított,2025-08-17,Gáz (konvektor),,,,,,,,
https://www.zenga.hu/ingatlan/elado-teglalakas-eger-hatvanihostya/8654086?page=30&pos=4&cr=95,"Eger eladó téglalakás 3+2 fél szobás: 73,9 millió Ft",73.9,110.0,110 m²,3.0,"Eger, Hatvanihóstya, Széna tér",Téglalakás,3,Felújított,2025-08-17,Gázkazán,E,Nincs,2005,5 m²,,,,15 000 Ft/hó
https://www.zenga.hu/ingatlan/elado-teglalakas-debrecen-belvaros/8644679?page=30&pos=5&cr=95,Debrecen eladó téglalakás 3 szobás: 196 millió Ft,196.0,92.0,92 m²,3.0,"Debrecen, Belváros",Téglalakás,4,Újszerű,2025-08-17,Gázkazán,Nem adta meg a hirdető,,,15 m²,,,,20 000 Ft/hó
https://www.zenga.hu/ingatlan/elado-teglalakas-budapest-ii-kerulet/8628716?page=30&pos=6&cr=95,"Budapest II. kerület eladó téglalakás 3+2 fél szobás: 207,48 millió Ft",207.48,96.0,96 m²,3.0,"Budapest II. kerület, Szilagyi Erzsabet fasor 13-15",Téglalakás,5,Jó állapotú,2025-08-17,Házközponti fűtés egyedi méréssel,Nem adta meg a hirdető,,,2 m²,,,,45 000 Ft/hó
https://www.zenga.hu/ingatlan/elado-tarsashazi-lakas-budapest-xx-kerulet-pesterzsebet/8647593?page=30&pos=10&cr=95,"Budapest XX. kerület eladó társasházi lakás 2 szobás: 83,99 millió Ft",83.99,64.0,64 m²,2.0,"Budapest XX. kerület, Pesterzsébet, Téglaégető utca 2.",Társasházi lakás,3,Felújított,2025-08-17,Gázkazán,C,,2004,,,,,
https://www.zenga.hu/ingatlan/elado-tarsashazi-lakas-budapest-viii-kerulet/8637781?page=30&pos=11&cr=95,"Budapest VIII. kerület eladó társasházi lakás 3 szobás: 79,9 millió Ft",79.9,67.0,67 m²,3.0,Budapest VIII. kerület,Társasházi lakás,8,Felújított,2025-08-17,Házközponti fűtés egyedi méréssel,Nem adta meg a hirdető,,2005,,,,,
https://www.zenga.hu/ingatlan/elado-teglalakas-budapest-ii-kerulet-szemlohegy/8633156?page=30&pos=12&cr=95,"Budapest II. kerület eladó téglalakás 4+1 fél szobás: 259,9 millió Ft",259.9,128.0,128 m²,4.0,"Budapest II. kerület, Szemlőhegy, 29/B",Téglalakás,3,Felújított,2025-08-17,Gázkazán,D,,2001,9 m²,,,,20 000 Ft/hó
https://www.zenga.hu/ingatlan/elado-panellakas-budapest-xi-kerulet/8644664?page=30&pos=13&cr=95,"Budapest XI. kerület eladó panellakás 2+1 fél szobás: 81,8 millió Ft",81.8,48.0,48 m²,2.0,"Budapest XI. kerület, mérnök 32",Panellakás,4,Felújított,2025-08-17,Távfűtés egyedi méréssel,C,,,4 m²,,,,35 000 Ft/hó
https://www.zenga.hu/ingatlan/elado-panellakas-budapest-xiv-kerulet/8644781?page=30&pos=14&cr=95,"Budapest XIV. kerület eladó panellakás 1+1 fél szobás: 64,9 millió Ft",64.9,50.0,50 m²,1.0,Budapest XIV. kerület,Panellakás,10,Felújított,2025-08-17,Távfűtés,Nem adta meg a hirdető,,,3 m²,,,,
https://www.zenga.hu/ingatlan/elado-teglalakas-budapest-xi-kerulet-kelenfold/8594029?page=30&pos=15&cr=95,"Budapest XI. kerület eladó téglalakás 2 szobás: 89,9 millió Ft",89.9,55.0,55 m²,2.0,"Budapest XI. kerület, Kelenföld",Téglalakás,8,Új építésű,2025-08-17,Mennyezeti hűtés-fűtés,A+,,2025,,,,16 m²,10 000 Ft/hó
https://www.zenga.hu/ingatlan/elado-teglalakas-erd-erdliget/8372204?page=30&pos=16&cr=95,Érd eladó téglalakás 3 szobás: 83 millió Ft,83.0,74.0,74 m²,3.0,"Érd, Érdliget",Téglalakás,2,Felújított,2025-08-17,Gázkazán,D,,1980,6 m²,,,,
https://www.zenga.hu/ingatlan/elado-teglalakas-budapest-xiii-kerulet/8633527?page=30&pos=17&cr=95,"Budapest XIII. kerület eladó téglalakás 1 szobás: 58,4 millió Ft",58.4,27.0,27 m²,1.0,"Budapest XIII. kerület, Csángó utca 9",Téglalakás,4,Felújított,2025-08-17,Gáz (konvektor),H,,1950,,,,,10 000 Ft/hó
https://www.zenga.hu/ingatlan/elado-tarsashazi-lakas-debrecen-postakert/8447686?page=30&pos=18&cr=95,"Debrecen eladó társasházi lakás 2+2 fél szobás: 96,6 millió Ft",96.6,84.0,84 m²,2.0,"Debrecen, Postakert, Postakert utca",Társasházi lakás,4,Jó állapotú,2025-08-17,Gázkazán,E,Nincs,2003,7 m²,,,,15 000 Ft/hó
https://www.zenga.hu/ingatlan/elado-panellakas-miskolc-diosgyor/8619428?page=30&pos=19&cr=95,Miskolc eladó panellakás 2 szobás: 28 millió Ft,28.0,51.0,51 m²,2.0,"Miskolc, Diósgyőr",Panellakás,10,Jó állapotú,2025-08-17,Távfűtés egyedi méréssel,Nem adta meg a hirdető,,1980,,,,,
https://www.zenga.hu/ingatlan/elado-panellakas-debrecen/8454529?page=30&pos=20&cr=95,"Debrecen eladó panellakás 2+2 fél szobás: 68,9 millió Ft",68.9,69.0,69 m²,2.0,"Debrecen, Monostor",Panellakás,4,Felújított,2025-08-17,Házközponti fűtés egyedi méréssel,Nem adta meg a hirdető,,1974,2 m²,,,,
https://www.zenga.hu/ingatlan/elado-teglalakas-cegled/8563021?page=31&pos=1&cr=95,Cegléd eladó téglalakás 2 szobás: 38 millió Ft,38.0,50.0,50 m²,2.0,Cegléd,Téglalakás,3,Felújított,2025-08-17,Gáz (konvektor),Nem adta meg a hirdető,Nincs,,3 m²,,,,
https://www.zenga.hu/ingatlan/elado-panellakas-paks/8536183?page=31&pos=2&cr=95,Paks eladó panellakás 2 szobás: 46 millió Ft,46.0,57.0,57 m²,2.0,"Paks, Árnyas u.",Panellakás,5,Átlagos,2025-08-17,Távfűtés,C,,1975,3 m²,,,,
https://www.zenga.hu/ingatlan/elado-panellakas-budapest-xxi-kerulet-kiralymajor/8668082?page=31&pos=3&cr=91,"Budapest XXI. kerület eladó panellakás 3 szobás: 51,6 millió Ft",51.6,57.0,57 m²,3.0,"Budapest XXI. kerület, Királymajor",Panellakás,,,2025-08-17,Távfűtés,Nem adta meg a hirdető,,1970,,,,,
https://www.zenga.hu/ingatlan/elado-panellakas-budapest-xxi-kerulet-csillagtelep/8664141?page=31&pos=4&cr=91,"Budapest XXI. kerület eladó panellakás 3 szobás: 62,9 millió Ft",62.9,62.0,62 m²,3.0,"Budapest XXI. kerület, Csillagtelep",Panellakás,,,2025-08-17,Házközponti fűtés egyedi méréssel,Nem adta meg a hirdető,,1988,6 m²,,,,
https://www.zenga.hu/ingatlan/elado-panellakas-nyiregyhaza-belvaros/8656792?page=31&pos=5&cr=90,"Nyíregyháza eladó panellakás 2 szobás: 41,7 millió Ft",41.7,53.0,53 m²,2.0,"Nyíregyháza, Belváros",Panellakás,,,2025-08-17,Házközponti fűtés egyedi méréssel,Nem adta meg a hirdető,,1979,6 m²,,,,
https://www.zenga.hu/ingatlan/elado-teglalakas-siofok/8561500?page=31&pos=6&cr=90,Siófok eladó téglalakás 4 szobás: 223 millió Ft,223.0,149.0,149 m²,4.0,Siófok,Téglalakás,,Újszerű,2025-08-17,Hőszivattyú,Nem adta meg a hirdető,,2018,,,,,
https://www.zenga.hu/ingatlan/elado-teglalakas-vac-belvaros/8318885?page=31&pos=7&cr=90,Vác eladó téglalakás 4+1 fél szobás: 143 millió Ft,143.0,161.0,161 m²,4.0,"Vác, Belváros",Téglalakás,,Felújítandó,2025-08-17,Egyéb,Nem adta meg a hirdető,,1888,,,,,
https://www.zenga.hu/ingatlan/elado-teglalakas-nyaregyhaza/8102510?page=31&pos=8&cr=90,"Nyáregyháza eladó téglalakás 4 szobás: 61,5 millió Ft",61.5,91.0,91 m²,4.0,Nyáregyháza,Téglalakás,,Új építésű,2025-08-17,Hőszivattyú,A+,,2024,,,,,
https://www.zenga.hu/ingatlan/elado-teglalakas-nyiregyhaza-orokosfold/8487668?page=31&pos=9&cr=90,"Nyíregyháza eladó téglalakás 3 szobás: 53,9 millió Ft",53.9,63.0,63 m²,3.0,"Nyíregyháza, Örökösföld, Keleti Márton",Téglalakás,3,Újszerű,2025-08-17,Gázkazán,B,,2012,3 m²,,,,
https://www.zenga.hu/ingatlan/elado-panellakas-miskolc/8619466?page=31&pos=10&cr=90,"Miskolc eladó panellakás 1+2 fél szobás: 29,99 millió Ft",29.99,55.0,55 m²,1.0,Miskolc,Panellakás,10,Jó állapotú,2025-08-17,Távfűtés,Nem adta meg a hirdető,,1975,3 m²,,,,
https://www.zenga.hu/ingatlan/elado-teglalakas-nyiregyhaza-belvaros/8476769?page=31&pos=11&cr=90,"Nyíregyháza eladó téglalakás 2+1 fél szobás: 45,8 millió Ft",45.8,54.0,54 m²,2.0,"Nyíregyháza, Belváros, Hunyadi",Téglalakás,3,Felújított,2025-08-17,Gázkazán,B,,1995,4 m²,,,,
https://www.zenga.hu/ingatlan/elado-egyeb-lakas-sopron/8540754?page=31&pos=13&cr=85,"Sopron eladó egyéb lakás 1 szobás: 39,9 millió Ft",39.9,32.0,32 m²,1.0,Sopron,Egyéb lakás,,Új építésű,2025-08-17,,Nem adta meg a hirdető,,2024,,,,,
https://www.zenga.hu/ingatlan/elado-teglalakas-zalaegerszeg-belvaros/8415820?page=31&pos=14&cr=85,Zalaegerszeg eladó téglalakás 4 szobás: 125 millió Ft,125.0,130.0,130 m²,4.0,"Zalaegerszeg, Belváros",Téglalakás,,Újszerű,2025-08-17,Házközponti,Nem adta meg a hirdető,,2017,,,,,
https://www.zenga.hu/ingatlan/elado-teglalakas-gyor-revfalu/8530872?page=31&pos=15&cr=85,"Győr eladó téglalakás 3 szobás: 72,3 millió Ft",72.3,61.0,61 m²,3.0,"Győr, Révfalu",Téglalakás,1,Új építésű,2025-08-17,Hőszivattyú,Nem adta meg a hirdető,,2025,,,,,
https://www.zenga.hu/ingatlan/elado-teglalakas-gyor-revfalu/8476360?page=31&pos=16&cr=85,"Győr eladó téglalakás 3 szobás: 92,43 millió Ft",92.43,75.0,75 m²,3.0,"Győr, Révfalu",Téglalakás,1,Új építésű,2025-08-17,Hőszivattyú,Nem adta meg a hirdető,,2025,,,,,
https://www.zenga.hu/ingatlan/elado-teglalakas-kecskemet/8244929?page=31&pos=17&cr=85,"Eladó 4 szobás téglalakás 88,7 millió Ft értékben Kecskeméten - Live Lakópark lakóparkban",88.7,73.0,73 m²,4.0,Kecskemét,Téglalakás,6,Új építésű,2025-08-17,Egyéb,A++,,,"4,5 m²",,2025. 1. negyedév,,
https://www.zenga.hu/ingatlan/elado-teglalakas-szeged/8653585?page=31&pos=18&cr=81,"Szeged eladó téglalakás 3 szobás: 74,9 millió Ft",74.9,79.0,79 m²,3.0,"Szeged, belváros",Téglalakás,,Átlagos,2025-08-17,Gázkazán,Nem adta meg a hirdető,,1995,"3,3 m²",,,"9,4 m²",
https://www.zenga.hu/ingatlan/elado-teglalakas-szeged/8662670?page=31&pos=19&cr=81,"Szeged eladó téglalakás 3+2 fél szobás: 79,9 millió Ft",79.9,123.0,123 m²,3.0,"Szeged, Kálvária sugárút",Téglalakás,1,Felújítandó,2025-08-17,Gázkazán,Nem adta meg a hirdető,,1840,"4,8 m²",,,,
https://www.zenga.hu/ingatlan/elado-panellakas-szeged/8655413?page=31&pos=20&cr=81,Szeged eladó panellakás 4 szobás: 76 millió Ft,76.0,80.0,80 m²,4.0,"Szeged, Szent István tér",Panellakás,5,Jó állapotú,2025-08-17,Távfűtés,Nem adta meg a hirdető,,1982,3 m²,,,,
https://www.zenga.hu/ingatlan/elado-teglalakas-budapest-xiv-kerulet-alsorakos/8490942?page=32&pos=1&cr=81,"Budapest XIV. kerület eladó téglalakás 3+1 fél szobás: 104,9 millió Ft",104.9,106.0,106 m²,3.0,"Budapest XIV. kerület, Alsórákos",Téglalakás,5,Jó állapotú,2025-08-17,Gáz (konvektor),Nem adta meg a hirdető,,,4 m²,,,,
https://www.zenga.hu/ingatlan/elado-teglalakas-budapest-xiv-kerulet/8646568?page=32&pos=2&cr=80,"Budapest XIV. kerület eladó téglalakás 2+1 fél szobás: 94,9 millió Ft",94.9,85.0,85 m²,2.0,Budapest XIV. kerület,Téglalakás,,Felújított,2025-08-17,Gázkazán,Nem adta meg a hirdető,,2000,,,,,
https://www.zenga.hu/ingatlan/elado-teglalakas-nyiregyhaza-josavaros/8639482?page=32&pos=3&cr=80,Nyíregyháza eladó téglalakás 2 szobás: 45 millió Ft,45.0,54.0,54 m²,2.0,"Nyíregyháza, Jósaváros",Téglalakás,1,Felújított,2025-08-17,Gázkazán,Nem adta meg a hirdető,,1977,,,,,
https://www.zenga.hu/ingatlan/elado-teglalakas-nyiregyhaza-belvaros/8664140?page=32&pos=5&cr=80,"Nyíregyháza eladó téglalakás 2+1 fél szobás: 52,9 millió Ft",52.9,83.0,83 m²,2.0,"Nyíregyháza, Belváros",Téglalakás,2,Jó állapotú,2025-08-17,Gázkazán,C,,,,,,,
https://www.zenga.hu/ingatlan/elado-teglalakas-siofok-aranypart/8382753?page=32&pos=6&cr=80,"Siófok eladó téglalakás 3 szobás: 83,9 millió Ft",83.9,55.0,55 m²,3.0,"Siófok, Aranypart",Téglalakás,,,2025-08-17,Gázkazán,Nem adta meg a hirdető,,2008,8 m²,,,,18 700 Ft/hó
https://www.zenga.hu/ingatlan/elado-panellakas-szeged-felsovaros/8665349?page=32&pos=7&cr=80,"Szeged eladó panellakás 2 szobás: 44,5 millió Ft",44.5,55.0,55 m²,2.0,"Szeged, Felsőváros",Panellakás,5,Jó állapotú,2025-08-17,Távfűtés,F,,1982,3 m²,,,,
https://www.zenga.hu/ingatlan/elado-teglalakas-nyiregyhaza-himes/8663838?page=32&pos=10&cr=80,"Nyíregyháza eladó téglalakás 3 szobás: 43,9 millió Ft",43.9,62.0,62 m²,3.0,"Nyíregyháza, Hímes",Téglalakás,2,Jó állapotú,2025-08-17,Gázkazán,Nem adta meg a hirdető,,1988,3 m²,,,,
https://www.zenga.hu/ingatlan/elado-teglalakas-ullo/8640287?page=32&pos=11&cr=80,Üllő eladó téglalakás 2+2 fél szobás: 93 millió Ft,93.0,72.0,72 m²,2.0,Üllő,Téglalakás,,Felújított,2025-08-17,Gázkazán,C,,2008,,,,,
https://www.zenga.hu/ingatlan/elado-teglalakas-szeged/8658591?page=32&pos=14&cr=80,"Szeged eladó téglalakás 1+1 fél szobás: 44,9 millió Ft",44.9,47.0,47 m²,1.0,Szeged,Téglalakás,10,Átlagos,2025-08-17,Távfűtés,Nem adta meg a hirdető,,1980,,,,,
https://www.zenga.hu/ingatlan/elado-panellakas-miskolc-belvaros/8656969?page=32&pos=15&cr=80,"Miskolc eladó panellakás 2 szobás: 30,89 millió Ft",30.89,55.0,55 m²,2.0,"Miskolc, Belváros",,,,2025-08-17,,,,,,,,,
https://www.zenga.hu/ingatlan/elado-teglalakas-szeged-belvaros/8613189?page=32&pos=17&cr=80,"Szeged eladó téglalakás 4+1 fél szobás: 84,9 millió Ft",84.9,133.0,133 m²,4.0,"Szeged, Belváros",Téglalakás,,Átlagos,2025-08-17,Gáz (konvektor),Nem adta meg a hirdető,Nincs,1938,,,,,
https://www.zenga.hu/ingatlan/elado-teglalakas-csorna/8649717?page=32&pos=18&cr=80,"Csorna eladó téglalakás 1+2 fél szobás: 39,5 millió Ft",39.5,71.0,71 m²,1.0,"Csorna, Központ",Téglalakás,,Átlagos,2025-08-17,,Nem adta meg a hirdető,,1974,2 m²,,,,
https://www.zenga.hu/ingatlan/elado-teglalakas-budapest-x-kerulet/8528775?page=32&pos=19&cr=80,,,,,,,,,,2025-08-17,,,,,,,,,
https://www.zenga.hu/ingatlan/elado-panellakas-budapest-iv-kerulet/8636556?page=32&pos=20&cr=80,Eladó 2 szobás panellakás Budapest IV. kerületben,,,,,,,,,2025-08-17,,,,,,,,,
https://www.zenga.hu/ingatlan/elado-teglalakas-szeged-felsovaros/8534462?page=33&pos=1&cr=80,"Szeged eladó téglalakás 3 szobás: 55,9 millió Ft",55.9,72.0,72 m²,3.0,"Szeged, Felsőváros",Téglalakás,,Felújítandó,2025-08-17,Gáz (konvektor),Nem adta meg a hirdető,Nincs,1983,3 m²,,,,
https://www.zenga.hu/ingatlan/elado-teglalakas-budapest-ix-kerulet-belso-ferencvaros/8323096?page=33&pos=2&cr=80,"Budapest IX. kerület eladó téglalakás 3 szobás: 153,5 millió Ft",153.5,74.0,74 m²,3.0,"Budapest IX. kerület, Belső Ferencváros",Téglalakás,10,Újszerű,2025-08-17,Távfűtés egyedi méréssel,Nem adta meg a hirdető,,,,,,,
https://www.zenga.hu/ingatlan/elado-teglalakas-nyiregyhaza-belvaros/8633360?page=33&pos=5&cr=80,Nyíregyháza eladó téglalakás 2 szobás: 60 millió Ft,60.0,70.0,70 m²,2.0,"Nyíregyháza, Belváros, Ószőlő utca",Téglalakás,2,Jó állapotú,2025-08-17,Gázkazán,C,,2003,,,,,
https://www.zenga.hu/ingatlan/elado-teglalakas-nyiregyhaza-belvaros/8561093?page=33&pos=6&cr=80,"Nyíregyháza eladó téglalakás 3 szobás: 47,9 millió Ft",47.9,72.0,72 m²,3.0,"Nyíregyháza, Belváros, Belváros közeli",Téglalakás,2,Jó állapotú,2025-08-17,Gázkazán,C,Nincs,1970,,,,,
https://www.zenga.hu/ingatlan/elado-teglalakas-nyiregyhaza-belvaros/8599659?page=33&pos=7&cr=80,"Nyíregyháza eladó téglalakás 1+1 fél szobás: 50,4 millió Ft",50.4,53.0,53 m²,1.0,"Nyíregyháza, Belváros",Téglalakás,3,Új építésű,2025-08-17,Gázkazán,A+,,2025,,,,7 m²,
https://www.zenga.hu/ingatlan/elado-teglalakas-budapest-vii-kerulet-nagykoruton-beluli-terulet/8464189?page=33&pos=8&cr=80,"Budapest VII. kerület eladó téglalakás 3 szobás: 129,9 millió Ft",129.9,113.0,113 m²,3.0,"Budapest VII. kerület, Belső-Erzsébetváros, Akácfa utca 62",Téglalakás,7,Felújított,2025-08-17,Gázkazán,D,,,,,,,
https://www.zenga.hu/ingatlan/elado-panellakas-budapest-xviii-kerulet-havanna-lakotelep/8655093?page=33&pos=9&cr=79,"Budapest XVIII. kerület eladó panellakás 2 szobás: 52,5 millió Ft",52.5,53.0,53 m²,2.0,"Budapest XVIII. kerület, Havanna lakótelep",Panellakás,,Felújítandó,2025-08-17,Távfűtés,G,,1980,,,,,
https://www.zenga.hu/ingatlan/elado-teglalakas-budapest-xiv-kerulet-kiszuglo/8554668?page=33&pos=10&cr=77,"Budapest XIV. kerület eladó téglalakás 2+1 fél szobás: 98,9 millió Ft",98.9,74.0,74 m²,2.0,"Budapest XIV. kerület, Kiszugló, Róna utca",Téglalakás,4,Jó állapotú,2025-08-17,Gázkazán,Nem adta meg a hirdető,,1920,,,,,
https://www.zenga.hu/ingatlan/elado-teglalakas-budapest-xx-kerulet/8638120?page=33&pos=12&cr=76,Budapest XX. kerület eladó téglalakás 2 szobás: 56 millió Ft,56.0,55.0,55 m²,2.0,Budapest XX. kerület,Téglalakás,,,2025-08-17,Gáz (konvektor),Nem adta meg a hirdető,,1970,5 m²,,,,
https://www.zenga.hu/ingatlan/elado-panellakas-nyiregyhaza-orokosfold/8662492?page=33&pos=13&cr=76,"Nyíregyháza eladó panellakás 2 szobás: 39,9 millió Ft",39.9,51.0,51 m²,,,,,,2025-08-17,,,,,,,,,
https://www.zenga.hu/ingatlan/elado-panellakas-pecs-kertvaros/8529580?page=33&pos=15&cr=75,"Pécs eladó panellakás 3 szobás: 49,9 millió Ft",49.9,54.0,54 m²,3.0,"Pécs, Kertváros",Panellakás,,Felújított,2025-08-17,Távfűtés egyedi méréssel,B,,1980,,,,,
https://www.zenga.hu/ingatlan/elado-teglalakas-kecskemet-belvaros/8427901?page=33&pos=16&cr=75,Kecskemét eladó téglalakás 4 szobás: 75 millió Ft,75.0,115.0,115 m²,4.0,"Kecskemét, Belváros",Téglalakás,,Jó állapotú,2025-08-17,,,,,,,,,
https://www.zenga.hu/ingatlan/elado-egyeb-lakas-debrecen/8628326?page=33&pos=17&cr=75,"Debrecen eladó egyéb lakás 3 szobás: 77,9 millió Ft",77.9,93.0,93 m²,3.0,Debrecen,Egyéb lakás,,Felújított,2025-08-17,Gázkazán,Nem adta meg a hirdető,,1970,,,,,
https://www.zenga.hu/ingatlan/elado-teglalakas-cegled/8659992?page=33&pos=18&cr=75,"Cegléd eladó téglalakás 3+1 fél szobás: 77,9 millió Ft",77.9,110.0,110 m²,3.0,"Cegléd, Rostély utca",Téglalakás,2,Újszerű,2025-08-17,Gázkazán,B,Nincs,2012,5 m²,,,18 m²,40 000 Ft/hó
https://www.zenga.hu/ingatlan/elado-panellakas-mosonmagyarovar-varoskozpont/8658784?page=33&pos=19&cr=75,Mosonmagyaróvár eladó panellakás 3+1 fél szobás: 52 millió Ft,52.0,68.0,68 m²,3.0,"Mosonmagyaróvár, Városközpont",Panellakás,4,Felújított,2025-08-17,Távfűtés egyedi méréssel,Nem adta meg a hirdető,,1989,3 m²,,,,
https://www.zenga.hu/ingatlan/elado-tarsashazi-lakas-budapest-viii-kerulet-corvin-negyed/7896121?page=33&pos=20&cr=75,"Budapest VIII. kerület eladó társasházi lakás 2 szobás: 124,8 millió Ft",124.8,52.0,52 m²,2.0,"Budapest VIII. kerület, Corvin negyed",Társasházi lakás,10,Újszerű,2025-08-17,Házközponti,A++,Nincs,2019,,,,39 m²,50 000 Ft/hó
https://www.zenga.hu/ingatlan/elado-teglalakas-budapest-xiii-kerulet-angyalfold/8667074?page=34&pos=1&cr=75,"Budapest XIII. kerület eladó téglalakás 2 szobás: 89,9 millió Ft",89.9,53.0,53 m²,2.0,"Budapest XIII. kerület, Angyalföld",Téglalakás,6,Felújított,2025-08-17,Házközponti fűtés egyedi méréssel,Nem adta meg a hirdető,,2008,7 m²,,,,
https://www.zenga.hu/ingatlan/elado-tarsashazi-lakas-siofok-sosto/8662373?page=34&pos=2&cr=75,Siófok eladó társasházi lakás 2+1 fél szobás: 80 millió Ft,80.0,65.0,65 m²,2.0,"Siófok, Sóstó",Társasházi lakás,3,Újszerű,2025-08-17,Hőszivattyú,C,Van,2017,,,,18 m²,
https://www.zenga.hu/ingatlan/elado-tarsashazi-lakas-budapest-xiii-kerulet-angyalfold/8643034?page=34&pos=3&cr=75,"Budapest XIII. kerület eladó társasházi lakás 3 szobás: 99,9 millió Ft",99.9,71.0,71 m²,3.0,"Budapest XIII. kerület, Angyalföld, Teve utca 9",Társasházi lakás,6,Jó állapotú,2025-08-17,Házközponti fűtés egyedi méréssel,D,Nincs,2001,,,,,35 000 Ft/hó
https://www.zenga.hu/ingatlan/elado-egyeb-lakas-szombathely/8641203?page=34&pos=4&cr=75,"Szombathely eladó egyéb lakás 5 szobás: 67,99 millió Ft",67.99,160.0,160 m²,5.0,Szombathely,Egyéb lakás,,,2025-08-17,,Nem adta meg a hirdető,,,,,,,
https://www.zenga.hu/ingatlan/elado-teglalakas-budapest-ix-kerulet/8666598?page=34&pos=5&cr=75,Budapest IX. kerület eladó téglalakás 1 szobás: 160 millió Ft,160.0,71.0,71 m²,1.0,"Budapest IX. kerület, Tinódi utca",Téglalakás,,,2025-08-17,,,,,,,,,
https://www.zenga.hu/ingatlan/elado-teglalakas-dunakeszi-alag/8662470?page=34&pos=6&cr=75,Dunakeszi eladó téglalakás 2+1 fél szobás: 82 millió Ft,82.0,60.0,60 m²,2.0,"Dunakeszi, Alag",Téglalakás,2,Felújított,2025-08-17,Gázkazán,Nem adta meg a hirdető,,,,,,,15 000 Ft/hó
https://www.zenga.hu/ingatlan/elado-panellakas-budapest-xxi-kerulet-csepel-belvaros/8533418?page=34&pos=7&cr=75,"Budapest XXI. kerület eladó panellakás 1+2 fél szobás: 63,5 millió Ft",63.5,53.0,53 m²,1.0,"Budapest XXI. kerület, Csepel Belváros, Kossuth Lajos u. 106/B",Panellakás,10,Újszerű,2025-08-17,Távfűtés,A,,1985,4 m²,,,,24 000 Ft/hó
https://www.zenga.hu/ingatlan/elado-panellakas-pecs-belvaros/8660016?page=34&pos=8&cr=75,Pécs eladó panellakás 2+1 fél szobás: 62 millió Ft,62.0,57.0,57 m²,2.0,"Pécs, Belváros",Panellakás,4,Felújított,2025-08-17,Távfűtés egyedi méréssel,C,Nincs,1990,,,,,
https://www.zenga.hu/ingatlan/elado-teglalakas-budapest-xix-kerulet-kispest/8665417?page=34&pos=9&cr=75,"Budapest XIX. kerület eladó téglalakás 1 szobás: 32,5 millió Ft",32.5,22.0,22 m²,1.0,"Budapest XIX. kerület, Kispest",Téglalakás,1,Felújított,2025-08-17,Gáz (konvektor),,,,,,,,
https://www.zenga.hu/ingatlan/elado-teglalakas-budapest-vii-kerulet-nagykoruton-beluli-terulet/8664124?page=34&pos=10&cr=75,Budapest VII. kerület eladó téglalakás 1+1 fél szobás: 66 millió Ft,66.0,44.0,44 m²,1.0,"Budapest VII. kerület, Belső-Erzsébetváros",Téglalakás,3,Felújított,2025-08-17,Gázkazán,Nem adta meg a hirdető,,1888,,,,,
https://www.zenga.hu/ingatlan/elado-teglalakas-budapest-ix-kerulet-belso-ferencvaros/8645529?page=34&pos=11&cr=75,,,,,,,,,,2025-08-17,,,,,,,,,
https://www.zenga.hu/ingatlan/elado-teglalakas-balatonfoldvar/8665373?page=34&pos=12&cr=75,Balatonföldvár eladó téglalakás 1+1 fél szobás: 45 millió Ft,45.0,32.0,32 m²,1.0,Balatonföldvár,Téglalakás,2,Jó állapotú,2025-08-17,Gáz (konvektor),G,,1950,,,,20 m²,
https://www.zenga.hu/ingatlan/elado-panellakas-debrecen-ujkert/8658783?page=34&pos=13&cr=75,"Debrecen eladó panellakás 2+1 fél szobás: 62,39 millió Ft",62.39,64.0,64 m²,2.0,"Debrecen, Újkert",Panellakás,14,Jó állapotú,2025-08-17,Távfűtés egyedi méréssel,Nem adta meg a hirdető,Nincs,1986,5 m²,,,,13 000 Ft/hó
https://www.zenga.hu/ingatlan/elado-teglalakas-budapest-xiii-kerulet-angyalfold/7670086?page=34&pos=14&cr=75,Budapest XIII. kerület eladó téglalakás 2 szobás: 76 millió Ft,76.0,44.0,44 m²,2.0,"Budapest XIII. kerület, Angyalföld, Zsinór",Téglalakás,5,Jó állapotú,2025-08-17,Házközponti fűtés egyedi méréssel,Nem adta meg a hirdető,,2010,,,,,
https://www.zenga.hu/ingatlan/elado-tarsashazi-lakas-budapest-xxi-kerulet/8478916?page=34&pos=15&cr=75,Budapest XXI. kerület eladó társasházi lakás 4 szobás: 100 millió Ft,100.0,92.0,92 m²,4.0,"Budapest XXI. kerület, II. Rákóczi Ferenc út 144",Társasházi lakás,,,2025-08-17,,,,,,,,,
https://www.zenga.hu/ingatlan/elado-panellakas-budapest-x-kerulet-ujhegy/8646551?page=34&pos=16&cr=75,Budapest X. kerület eladó panellakás 2 szobás: 61 millió Ft,61.0,50.0,50 m²,2.0,"Budapest X. kerület, Újhegy",Panellakás,,Felújított,2025-08-17,Távfűtés,C,,1976,,,,,
https://www.zenga.hu/ingatlan/elado-teglalakas-szigetszentmiklos/8633189?page=34&pos=17&cr=75,"Szigetszentmiklós eladó téglalakás 2 szobás: 48,9 millió Ft",48.9,52.0,52 m²,2.0,"Szigetszentmiklós, Deák Ferenc utca 4/a",Téglalakás,3,Felújított,2025-08-17,Gáz (konvektor),Nem adta meg a hirdető,Nincs,,,,,,33 000 Ft/hó
https://www.zenga.hu/ingatlan/elado-teglalakas-budapest-xviii-kerulet-szent-lorinc-telep/8636973?page=34&pos=18&cr=75,Budapest XVIII. kerület eladó téglalakás 2 szobás: 62 millió Ft,62.0,53.0,53 m²,2.0,"Budapest XVIII. kerület, Szent Lőrinc telep",Téglalakás,4,Felújított,2025-08-17,Gázkazán,F,Nincs,1975,4 m²,,,,35 000 Ft/hó
https://www.zenga.hu/ingatlan/elado-teglalakas-budapest-ix-kerulet-kozepso-ferencvaros/8662490?page=34&pos=19&cr=75,"Budapest IX. kerület eladó téglalakás 1+2 fél szobás: 83,3 millió Ft",83.3,49.0,49 m²,1.0,"Budapest IX. kerület, Középső Ferencváros",Téglalakás,4,Felújított,2025-08-17,Elektromos,E,,,,,,,
https://www.zenga.hu/ingatlan/elado-teglalakas-debrecen-sestakert/8660148?page=34&pos=20&cr=75,Debrecen eladó téglalakás 2+1 fél szobás: 73 millió Ft,73.0,65.0,65 m²,2.0,"Debrecen, Sestakert",Téglalakás,4,Jó állapotú,2025-08-17,Gázkazán,Nem adta meg a hirdető,,1970,3 m²,,,,
https://www.zenga.hu/ingatlan/elado-teglalakas-budapest-ii-kerulet/8627510?page=35&pos=1&cr=75,"Budapest II. kerület eladó téglalakás 1+1 fél szobás: 73,5 millió Ft",73.5,,,,,,,,2025-08-17,,,,,,,,,
https://www.zenga.hu/ingatlan/elado-teglalakas-budapest-xii-kerulet-nemetvolgy/8662712?page=35&pos=4&cr=75,"Budapest XII. kerület eladó téglalakás 2 szobás: 104,9 millió Ft",104.9,56.0,56 m²,2.0,"Budapest XII. kerület, Németvölgy",Téglalakás,7,Felújított,2025-08-17,Házközponti,,,1960,"0,5 m²",,,,
https://www.zenga.hu/ingatlan/elado-tarsashazi-lakas-vecses-felsohalom/8661452?page=35&pos=5&cr=75,"Vecsés eladó társasházi lakás 4+1 fél szobás: 119,99 millió Ft",119.99,118.0,118 m²,4.0,"Vecsés, Felsőhalom",Társasházi lakás,2,Újszerű,2025-08-17,Gázkazán,A+,Nincs,2018,,,,12 m²,
https://www.zenga.hu/ingatlan/elado-teglalakas-debrecen-belvaros/8662590?page=35&pos=6&cr=75,"Debrecen eladó téglalakás 2 szobás: 54,9 millió Ft",54.9,55.0,55 m²,2.0,"Debrecen, Belváros",Téglalakás,3,Jó állapotú,2025-08-17,Távfűtés,E,Nincs,,"1,5 m²",,,,
https://www.zenga.hu/ingatlan/elado-tarsashazi-lakas-budapest-xiii-kerulet-ujlipotvaros/8655901?page=35&pos=7&cr=75,"Budapest XIII. kerület eladó társasházi lakás 3+1 fél szobás: 198,7 millió Ft",198.7,81.0,81 m²,3.0,"Budapest XIII. kerület, Újlipótváros",Társasházi lakás,7,Jó állapotú,2025-08-17,Távfűtés egyedi méréssel,Nem adta meg a hirdető,,,"4,5 m²",,,,
https://www.zenga.hu/ingatlan/elado-panellakas-kiskunfelegyhaza-petofi-lakotelep/8642674?page=35&pos=8&cr=75,"Kiskunfélegyháza eladó panellakás 2 szobás: 29,9 millió Ft",29.9,50.0,50 m²,2.0,"Kiskunfélegyháza, Petőfi-lakótelep, Darvas tér 3.",Panellakás,,,2025-08-17,,,,,,,,,
https://www.zenga.hu/ingatlan/elado-tarsashazi-lakas-budapest-viii-kerulet-csarnoknegyed/8660163?page=35&pos=10&cr=75,,,,,,,,,,2025-08-17,,,,,,,,,
https://www.zenga.hu/ingatlan/elado-csusztatott-zsalus-lakas-szeged-moravaros/8661468?page=35&pos=11&cr=75,"Szeged eladó csúsztatott zsalus lakás 1+1 fél szobás: 59,9 millió Ft",59.9,51.0,51 m²,1.0,"Szeged, Móraváros",Csúsztatott zsalus lakás,4,Újszerű,2025-08-17,Geotermikus,A+++,,2022,,,,13 m²,
https://www.zenga.hu/ingatlan/elado-teglalakas-budapest-xiii-kerulet/8232228?page=35&pos=12&cr=75,Budapest XIII. kerület eladó téglalakás 1+3 fél szobás: 114 millió Ft,114.0,77.0,77 m²,1.0,Budapest XIII. kerület,Téglalakás,5,Átlagos,2025-08-17,Házközponti fűtés egyedi méréssel,C,,2000,18 m²,,,,45 000 Ft/hó
https://www.zenga.hu/ingatlan/elado-tarsashazi-lakas-budapest-xiii-kerulet-vizafogo/8553458?page=35&pos=13&cr=75,Budapest XIII. kerület eladó társasházi lakás 4 szobás: 159 millió Ft,159.0,92.0,92 m²,4.0,"Budapest XIII. kerület, Vizafogó, Jakab József utca 15",Társasházi lakás,8,Újszerű,2025-08-17,Házközponti fűtés egyedi méréssel,B,Nincs,2019,10 m²,,,10 m²,
https://www.zenga.hu/ingatlan/elado-panellakas-nyiregyhaza/8660166?page=35&pos=14&cr=75,"Nyíregyháza eladó panellakás 2+2 fél szobás: 58,5 millió Ft",58.5,78.0,78 m²,2.0,Nyíregyháza,Panellakás,4,Felújított,2025-08-17,Távfűtés egyedi méréssel,Nem adta meg a hirdető,,1984,2 m²,,,,
https://www.zenga.hu/ingatlan/elado-egyeb-lakas-szombathely/8264118?page=35&pos=15&cr=75,"Szombathely eladó egyéb lakás 3 szobás: 86,73 millió Ft",86.73,86.0,86 m²,3.0,Szombathely,Egyéb lakás,,Új építésű,2025-08-17,,Nem adta meg a hirdető,,2024,,,,,
https://www.zenga.hu/ingatlan/elado-teglalakas-budapest-xxi-kerulet-csepel-belvaros/8341482?page=35&pos=16&cr=75,"Budapest XXI. kerület eladó téglalakás 2 szobás: 59,8 millió Ft",59.8,,,,,,,,2025-08-17,,,,,,,,,
https://www.zenga.hu/ingatlan/elado-teglalakas-kormend-belvaros/8621713?page=35&pos=17&cr=75,Körmend eladó téglalakás 2 szobás: 29 millió Ft,29.0,55.0,55 m²,2.0,"Körmend, Belváros",Téglalakás,5,Felújított,2025-08-17,Távfűtés egyedi méréssel,Nem adta meg a hirdető,,,,,,,
https://www.zenga.hu/ingatlan/elado-teglalakas-siofok/8659332?page=35&pos=18&cr=75,Siófok eladó téglalakás 2 szobás: 85 millió Ft,85.0,36.0,36 m²,2.0,Siófok,Téglalakás,,Felújított,2025-08-17,Gázkazán,B,,2006,,,,,
https://www.zenga.hu/ingatlan/elado-panellakas-budapest-iv-kerulet-kaposztasmegyer/8660030?page=35&pos=19&cr=75,Budapest IV. kerület eladó panellakás 3+1 fél szobás: 95 millió Ft,95.0,80.0,80 m²,3.0,"Budapest IV. kerület, Káposztásmegyer",Panellakás,4,Jó állapotú,2025-08-17,Távfűtés,Nem adta meg a hirdető,Nincs,1980,,,,,
https://www.zenga.hu/ingatlan/elado-panellakas-budapest-xiv-kerulet-alsorakos/8341488?page=35&pos=20&cr=75,"Budapest XIV. kerület eladó panellakás 2 szobás: 59,8 millió Ft",59.8,46.0,46 m²,2.0,"Budapest XIV. kerület, Alsórákos, Újváros park 4.",Panellakás,10,,2025-08-17,,,,,,,,,
https://www.zenga.hu/ingatlan/elado-panellakas-budapest-xi-kerulet-kelenfold/8647309?page=36&pos=1&cr=75,"Budapest XI. kerület eladó panellakás 2 szobás: 78,5 millió Ft",,,,,,,,,2025-08-17,,,,,,,,,
https://www.zenga.hu/ingatlan/elado-teglalakas-budapest-xiv-kerulet-alsorakos/8660064?page=36&pos=2&cr=75,"Budapest XIV. kerület eladó téglalakás 1 szobás: 49,99 millió Ft",49.99,27.0,27 m²,1.0,"Budapest XIV. kerület, Alsórákos, Rátót utca 11.",Téglalakás,7,Jó állapotú,2025-08-17,Házközponti fűtés egyedi méréssel,Nem adta meg a hirdető,,,3 m²,,,,
https://www.zenga.hu/ingatlan/elado-tarsashazi-lakas-nyiregyhaza-erkert/8658725?page=36&pos=3&cr=75,"Nyíregyháza eladó társasházi lakás 1+1 fél szobás: 47,9 millió Ft",47.9,54.0,54 m²,1.0,"Nyíregyháza, Érkert",Társasházi lakás,1,Felújított,2025-08-17,Gáz (konvektor),CC (2016-2023-as besorolás),Nincs,,,,,,
https://www.zenga.hu/ingatlan/elado-teglalakas-gyor-belvaros/8658785?page=36&pos=4&cr=75,Győr eladó téglalakás 2 szobás: 76 millió Ft,76.0,55.0,55 m²,2.0,"Győr, Belváros",Téglalakás,5,Jó állapotú,2025-08-17,Házközponti fűtés egyedi méréssel,Nem adta meg a hirdető,,2006,10 m²,,,,25 000 Ft/hó
https://www.zenga.hu/ingatlan/elado-panellakas-gyula/8658786?page=36&pos=5&cr=75,"Gyula eladó panellakás 1 szobás: 21,5 millió Ft",21.5,38.0,38 m²,1.0,Gyula,,,,2025-08-17,,,,,,,,,
https://www.zenga.hu/ingatlan/elado-panellakas-budapest-xxi-kerulet-csepel-belvaros/8658406?page=36&pos=6&cr=75,"Budapest XXI. kerület eladó panellakás 1 szobás: 42,9 millió Ft",42.9,35.0,35 m²,1.0,"Budapest XXI. kerület, Csepel Belváros, Kiss János Altábornagy utca 21-23.",Panellakás,6,Átlagos,2025-08-17,Távfűtés egyedi méréssel,Nem adta meg a hirdető,Nincs,1980,,,,,25 000 Ft/hó
https://www.zenga.hu/ingatlan/elado-panellakas-budapest-xi-kerulet-kelenfold/8658401?page=36&pos=7&cr=75,,,,,,,,,,2025-08-17,,,,,,,,,
https://www.zenga.hu/ingatlan/elado-tarsashazi-lakas-budapest-viii-kerulet-szazadosnegyed/8657022?page=36&pos=8&cr=75,,,,,,,,,,2025-08-17,,,,,,,,,
https://www.zenga.hu/ingatlan/elado-panellakas-nyiregyhaza-orokosfold/8655493?page=36&pos=10&cr=75,"Nyíregyháza eladó panellakás 3+1 fél szobás: 44,8 millió Ft",44.8,77.0,77 m²,3.0,"Nyíregyháza, Örökösföld",Panellakás,4,Jó állapotú,2025-08-17,Távfűtés egyedi méréssel,A,Nincs,1983,,,,,20 000 Ft/hó
https://www.zenga.hu/ingatlan/elado-panellakas-budapest-iii-kerulet-bekasmegyer/8654251?page=36&pos=11&cr=75,"Budapest III. kerület eladó panellakás 1+2 fél szobás: 59,9 millió Ft",59.9,51.0,51 m²,1.0,"Budapest III. kerület, Békásmegyer, Zemplén Győző utca 1",Panellakás,10,Jó állapotú,2025-08-17,Távfűtés,Nem adta meg a hirdető,,,,,,,35 000 Ft/hó
https://www.zenga.hu/ingatlan/elado-teglalakas-budapest-vii-kerulet-ligetvaros/8655552?page=36&pos=12&cr=75,Budapest VII. kerület eladó téglalakás 3+1 fél szobás: 109 millió Ft,109.0,101.0,101 m²,3.0,"Budapest VII. kerület, Ligetváros, István utca 41-43.",Téglalakás,5,Felújított,2025-08-17,Gázkazán,Nem adta meg a hirdető,,,,,,,38 000 Ft/hó
https://www.zenga.hu/ingatlan/elado-teglalakas-budapest-x-kerulet-kobanya/8649074?page=36&pos=13&cr=75,"Budapest X. kerület eladó téglalakás 2 szobás: 63,9 millió Ft",63.9,51.0,51 m²,2.0,"Budapest X. kerület, Kőbánya",Téglalakás,3,Jó állapotú,2025-08-17,Gázkazán,Nem adta meg a hirdető,,2007,5 m²,,,,25 000 Ft/hó
https://www.zenga.hu/ingatlan/elado-teglalakas-vac-alsovaros/8654175?page=36&pos=14&cr=75,Vác eladó téglalakás 2 szobás: 60 millió Ft,60.0,47.0,47 m²,2.0,"Vác, Alsóváros, Törökhegyi utca 4",Téglalakás,3,Felújított,2025-08-17,Gázkazán,Nem adta meg a hirdető,,1960,,,,,10 000 Ft/hó
https://www.zenga.hu/ingatlan/elado-panellakas-budapest-iii-kerulet-obuda/8654184?page=36&pos=15&cr=75,"Budapest III. kerület eladó panellakás 2 szobás: 68,5 millió Ft",68.5,49.0,49 m²,2.0,"Budapest III. kerület, Óbuda, Szőlő utca",Panellakás,10,Felújított,2025-08-17,,,,,,,,,
https://www.zenga.hu/ingatlan/elado-teglalakas-debrecen-nagyerdopark/8654231?page=36&pos=16&cr=75,,,,,,,,,,2025-08-17,,,,,,,,,
https://www.zenga.hu/ingatlan/elado-teglalakas-tapioszecso/8195773?page=36&pos=17&cr=75,"Tápiószecső eladó téglalakás 2 szobás: 34,5 millió Ft",34.5,58.0,58 m²,2.0,"Tápiószecső, Dózsa György út",Téglalakás,2,Átlagos,2025-08-17,Gázkazán,C,,,,,,,
https://www.zenga.hu/ingatlan/elado-panellakas-pecs/8637341?page=36&pos=18&cr=75,"Pécs eladó panellakás 2 szobás: 41,9 millió Ft",41.9,54.0,54 m²,2.0,Pécs,Panellakás,4,Jó állapotú,2025-08-17,Távfűtés egyedi méréssel,Nem adta meg a hirdető,,,,,,,
https://www.zenga.hu/ingatlan/elado-csusztatott-zsalus-lakas-szazhalombatta-deli-lakotelep/8654476?page=36&pos=19&cr=75,Százhalombatta eladó csúsztatott zsalus lakás 5 szobás: 129 millió Ft,129.0,120.0,120 m²,5.0,"Százhalombatta, Déli lakótelep, Bláthy Ottó utca 12",Csúsztatott zsalus lakás,4,Felújított,2025-08-17,Házközponti fűtés egyedi méréssel,D,Nincs,1991,16 m²,,,,
https://www.zenga.hu/ingatlan/elado-panellakas-veszprem/8652040?page=36&pos=20&cr=75,Veszprém eladó panellakás 2 szobás: 48 millió Ft,48.0,54.0,54 m²,2.0,"Veszprém, Haszkovó utca 14/c",Panellakás,10,Felújított,2025-08-17,Távfűtés,C,,,4 m²,,,,40 000 Ft/hó
https://www.zenga.hu/ingatlan/elado-teglalakas-budapest-viii-kerulet/8637046?page=37&pos=1&cr=75,,,,,,,,,,2025-08-17,,,,,,,,,
https://www.zenga.hu/ingatlan/elado-panellakas-fertod-suttor/8644087?page=37&pos=2&cr=75,Fertőd eladó panellakás 2 szobás: 53 millió Ft,53.0,53.0,53 m²,2.0,"Fertőd, Süttör",Panellakás,4,Újszerű,2025-08-17,Távfűtés egyedi méréssel,Nem adta meg a hirdető,,,,,,,
https://www.zenga.hu/ingatlan/elado-tarsashazi-lakas-siofok-ezustpart/8650080?page=37&pos=3&cr=75,"Siófok eladó társasházi lakás 1+2 fél szobás: 47,9 millió Ft",47.9,57.0,57 m²,1.0,"Siófok, Ezüstpart, Hársfa utca 19",Társasházi lakás,1,Jó állapotú,2025-08-17,Elektromos,Nem adta meg a hirdető,,2000,,,,7 m²,
https://www.zenga.hu/ingatlan/elado-teglalakas-oroszlany/8650218?page=37&pos=4&cr=75,Oroszlány eladó téglalakás 2+1 fél szobás: 31 millió Ft,31.0,58.0,58 m²,2.0,Oroszlány,Téglalakás,2,Jó állapotú,2025-08-17,Házközponti fűtés egyedi méréssel,A+,,,4 m²,,,,30 000 Ft/hó
https://www.zenga.hu/ingatlan/elado-teglalakas-berhida/8651507?page=37&pos=5&cr=75,Berhida eladó téglalakás 2 szobás: 32 millió Ft,32.0,53.0,53 m²,2.0,Berhida,Téglalakás,1,Felújított,2025-08-17,Gáz (konvektor),Nem adta meg a hirdető,,1980,,,,,
https://www.zenga.hu/ingatlan/elado-teglalakas-budapest-xiv-kerulet-herminamezo/8651784?page=37&pos=6&cr=75,Budapest XIV. kerület eladó téglalakás 1 szobás: 65 millió Ft,65.0,44.0,44 m²,1.0,"Budapest XIV. kerület, Herminamező",Téglalakás,3,Felújított,2025-08-17,Elektromos,F,,,,,,,18 500 Ft/hó
https://www.zenga.hu/ingatlan/elado-teglalakas-debrecen-belvaros/8650264?page=37&pos=7&cr=75,Debrecen eladó téglalakás 2+1 fél szobás: 99 millió Ft,99.0,65.0,65 m²,2.0,"Debrecen, Belváros, Vörösmarty utca 19",Téglalakás,5,Új építésű,2025-08-17,Padlófűtés,A,,2026,3 m²,,,,
https://www.zenga.hu/ingatlan/elado-teglalakas-budapest-xx-kerulet-pesterzsebet/8641362?page=37&pos=8&cr=75,"Budapest XX. kerület eladó téglalakás 3 szobás: 56,5 millió Ft",56.5,57.0,57 m²,3.0,"Budapest XX. kerület, Pesterzsébet",Téglalakás,4,Jó állapotú,2025-08-17,Gáz (konvektor),Nem adta meg a hirdető,,1970,,,,,
https://www.zenga.hu/ingatlan/elado-teglalakas-szeged-belvaros/8588254?page=37&pos=9&cr=75,"Szeged eladó téglalakás 2 szobás: 66,5 millió Ft",66.5,77.0,77 m²,2.0,"Szeged, Belváros, Szentháromság",Téglalakás,4,Jó állapotú,2025-08-17,Gáz (konvektor),Nem adta meg a hirdető,,,,,,,
https://www.zenga.hu/ingatlan/elado-teglalakas-debrecen-hatvan-utcai-kert/8650203?page=37&pos=10&cr=75,Debrecen eladó téglalakás 1 szobás: 88 millió Ft,88.0,55.0,55 m²,1.0,"Debrecen, Hatvan utcai kert, Gohér utca 30",Téglalakás,2,Új építésű,2025-08-17,Padlófűtés,A+,,2026,7 m²,,,,
https://www.zenga.hu/ingatlan/elado-teglalakas-urom/8488782?page=37&pos=11&cr=75,Üröm eladó téglalakás 3 szobás: 110 millió Ft,110.0,98.0,98 m²,3.0,Üröm,Téglalakás,,Jó állapotú,2025-08-17,Gázkazán,Nem adta meg a hirdető,,,,,,,
https://www.zenga.hu/ingatlan/elado-panellakas-budapest-xix-kerulet/8540971?page=37&pos=12&cr=75,"Budapest XIX. kerület eladó panellakás 1+2 fél szobás: 58,2 millió Ft",58.2,52.0,52 m²,1.0,,,,,2025-08-17,,,,,,,,,
https://www.zenga.hu/ingatlan/elado-panellakas-budapest-xv-kerulet-ujpalota/8647596?page=37&pos=14&cr=75,"Budapest XV. kerület eladó panellakás 3 szobás: 66,9 millió Ft",66.9,68.0,68 m²,3.0,"Budapest XV. kerület, Újpalota, Nádastó park 10",Panellakás,4,Jó állapotú,2025-08-17,Távfűtés,Nem adta meg a hirdető,,,1 m²,,,,25 000 Ft/hó
https://www.zenga.hu/ingatlan/elado-teglalakas-budapest-vii-kerulet-nagykoruton-beluli-terulet/7722574?page=37&pos=15&cr=75,,,,,,,,,,2025-08-17,,,,,,,,,
https://www.zenga.hu/ingatlan/elado-tarsashazi-lakas-szekszard-bakta/8645298?page=37&pos=16&cr=75,Szekszárd eladó társasházi lakás 3+2 fél szobás: 66 millió Ft,66.0,155.0,155 m²,3.0,"Szekszárd, Bakta",Társasházi lakás,3,Jó állapotú,2025-08-17,Gázkazán,Nem adta meg a hirdető,Nincs,1975,"7,5 m²",,,,
https://www.zenga.hu/ingatlan/elado-panellakas-budapest-x-kerulet/8634938?page=37&pos=17&cr=75,Eladó 2 szobás panellakás Budapest X. kerületben,,,,,,,,,2025-08-17,,,,,,,,,
https://www.zenga.hu/ingatlan/elado-teglalakas-budapest-vii-kerulet/8480694?page=37&pos=18&cr=75,,,,,,,,,,2025-08-17,,,,,,,,,
https://www.zenga.hu/ingatlan/elado-teglalakas-vac/8645518?page=37&pos=19&cr=75,Vác eladó téglalakás 1 szobás: 55 millió Ft,55.0,37.0,37 m²,1.0,"Vác, Márna utca 3",Téglalakás,3,Új építésű,2025-08-17,Hőszivattyú,Nem adta meg a hirdető,,2023,,,,12 m²,
https://www.zenga.hu/ingatlan/elado-teglalakas-veszprem-belvaros/8644686?page=38&pos=1&cr=75,"Veszprém eladó téglalakás 1+1 fél szobás: 51,9 millió Ft",51.9,41.0,41 m²,1.0,"Veszprém, Belváros, Cserhát lakótelep",Téglalakás,4,Felújított,2025-08-17,Távfűtés egyedi méréssel,Nem adta meg a hirdető,,,4 m²,,,,
https://www.zenga.hu/ingatlan/elado-csusztatott-zsalus-lakas-gyor-nadorvaros/8644774?page=38&pos=2&cr=75,"Győr eladó csúsztatott zsalus lakás 2+1 fél szobás: 64,9 millió Ft",64.9,55.0,55 m²,2.0,"Győr, Nádorváros, 32",Csúsztatott zsalus lakás,4,Felújított,2025-08-17,Távfűtés,D,,,5 m²,,,,
https://www.zenga.hu/ingatlan/elado-teglalakas-gyor-revfalu/8507563?page=38&pos=3&cr=75,"Győr eladó téglalakás 3 szobás: 88,47 millió Ft",88.47,57.0,57 m²,3.0,"Győr, Révfalu",Téglalakás,1,Új építésű,2025-08-17,Hőszivattyú,A+,,2025,,,,,
https://www.zenga.hu/ingatlan/elado-teglalakas-budapest-ii-kerulet-pasaret/8642543?page=38&pos=4&cr=75,,,,,,,,,,2025-08-17,,,,,,,,,
https://www.zenga.hu/ingatlan/elado-teglalakas-polgar/8644006?page=38&pos=5&cr=75,Polgár eladó téglalakás 2 szobás: 33 millió Ft,33.0,66.0,66 m²,2.0,"Polgár, Virág utca 2. 1/7",Téglalakás,4,Felújított,2025-08-17,Gázkazán,Nem adta meg a hirdető,,,8 m²,,,,
https://www.zenga.hu/ingatlan/elado-teglalakas-szolnok-deli-varosresz/8644082?page=38&pos=6&cr=75,Szolnok eladó téglalakás 2 szobás: 40 millió Ft,40.0,73.0,73 m²,2.0,"Szolnok, Déli városrész, Gyökér 7",Téglalakás,2,Felújított,2025-08-17,Gázkazán,C,,,8 m²,,,,
https://www.zenga.hu/ingatlan/elado-teglalakas-budapest-vii-kerulet-nagykoruton-beluli-terulet/8643987?page=38&pos=7&cr=75,Eladó 2 szobás téglalakás Budapest VII. kerületben,,,,,,,,,2025-08-17,,,,,,,,,
https://www.zenga.hu/ingatlan/elado-teglalakas-budapest-ii-kerulet/8643979?page=38&pos=8&cr=75,Budapest II. kerület eladó téglalakás 2 szobás,,64.0,64 m²,2.0,"Budapest II. kerület, Véka",Téglalakás,3,Újszerű,2025-08-17,Padlófűtés,,,,,,,,
https://www.zenga.hu/ingatlan/elado-teglalakas-budapest-xiii-kerulet-vizafogo/8630213?page=38&pos=9&cr=75,Budapest XIII. kerület eladó téglalakás 3 szobás: 149 millió Ft,149.0,75.0,75 m²,3.0,"Budapest XIII. kerület, Vizafogó",Téglalakás,9,Új építésű,2025-08-17,Hőszivattyú,AA (2016-2023-as besorolás),Nincs,2024,10 m²,,,,
https://www.zenga.hu/ingatlan/elado-panellakas-szeged/8630113?page=38&pos=10&cr=75,"Szeged eladó panellakás 1+2 fél szobás: 49,9 millió Ft",49.9,61.0,61 m²,1.0,Szeged,Panellakás,10,Újszerű,2025-08-17,Házközponti fűtés egyedi méréssel,Nem adta meg a hirdető,,,4 m²,,,,
https://www.zenga.hu/ingatlan/elado-panellakas-veszprem/8638360?page=38&pos=11&cr=75,Eladó 2 szobás panellakás Veszprémben,,,,,,,,,2025-08-17,,,,,,,,,
https://www.zenga.hu/ingatlan/elado-tarsashazi-lakas-miskolc-del-kilian/8629976?page=38&pos=12&cr=75,"Miskolc eladó társasházi lakás 1+2 fél szobás: 32,3 millió Ft",32.3,72.0,72 m²,1.0,"Miskolc, Dél-Kilián, Kandó Kálmán u.",Társasházi lakás,4,Átlagos,2025-08-17,Gázkazán,Nem adta meg a hirdető,,,"4,6 m²",,,,
https://www.zenga.hu/ingatlan/elado-panellakas-pecs-kertvaros/8563026?page=38&pos=13&cr=75,"Pécs eladó panellakás 2 szobás: 41,2 millió Ft",41.2,54.0,54 m²,2.0,"Pécs, Kertváros",Panellakás,10,Jó állapotú,2025-08-17,Távfűtés egyedi méréssel,Nem adta meg a hirdető,,,4 m²,,,,
https://www.zenga.hu/ingatlan/elado-teglalakas-budapest-xiv-kerulet-herminamezo/8637825?page=38&pos=14&cr=75,,,,,,,,,,2025-08-17,,,,,,,,,
https://www.zenga.hu/ingatlan/elado-panellakas-budapest-xx-kerulet-pesterzsebet/8637686?page=38&pos=15&cr=75,"Budapest XX. kerület eladó panellakás 1 szobás: 45,9 millió Ft",45.9,40.0,40 m²,1.0,"Budapest XX. kerület, Pesterzsébet",Panellakás,9,Felújított,2025-08-17,Gáz (konvektor),,,,,,,,
https://www.zenga.hu/ingatlan/elado-teglalakas-mor/8634725?page=38&pos=16&cr=75,"Mór eladó téglalakás 2 szobás: 42,5 millió Ft",42.5,48.0,48 m²,2.0,"Mór, Kodály Zoltán utca 25.",Téglalakás,4,Jó állapotú,2025-08-17,Gázkazán,D,,,,,,,12 000 Ft/hó
https://www.zenga.hu/ingatlan/elado-tarsashazi-lakas-mosonmagyarovar-varoskozpont/8636458?page=38&pos=17&cr=75,"Mosonmagyaróvár eladó társasházi lakás 2+1 fél szobás: 56,8 millió Ft",56.8,58.0,58 m²,2.0,"Mosonmagyaróvár, Városközpont, Mediterrán lakópark",Társasházi lakás,3,Jó állapotú,2025-08-17,Gázkazán,A+,Nincs,2013,,,,7 m²,29 000 Ft/hó
https://www.zenga.hu/ingatlan/elado-tarsashazi-lakas-budapest-xiv-kerulet-alsorakos/8636434?page=38&pos=18&cr=75,Budapest XIV. kerület eladó társasházi lakás 2 szobás: 92 millió Ft,92.0,49.0,49 m²,2.0,"Budapest XIV. kerület, Alsórákos, Fischer István utca 121",Társasházi lakás,5,Új építésű,2025-08-17,Házközponti fűtés egyedi méréssel,A++,Van,2021,7 m²,,,,20 000 Ft/hó
https://www.zenga.hu/ingatlan/elado-panellakas-szekesfehervar-vizivaros/8635845?page=38&pos=19&cr=75,Székesfehérvár eladó panellakás 2 szobás: 56 millió Ft,56.0,52.0,52 m²,2.0,"Székesfehérvár, Víziváros, József Attila utca 6",Panellakás,10,Felújított,2025-08-17,Távfűtés egyedi méréssel,Nem adta meg a hirdető,Nincs,1978,3 m²,,,,20 000 Ft/hó
https://www.zenga.hu/ingatlan/elado-tarsashazi-lakas-budapest-xx-kerulet-pesterzsebet/8635673?page=38&pos=20&cr=75,"Budapest XX. kerület eladó társasházi lakás 2+1 fél szobás: 62,8 millió Ft",62.8,58.0,58 m²,2.0,"Budapest XX. kerület, Pesterzsébet",Társasházi lakás,7,Újszerű,2025-08-17,Házközponti fűtés egyedi méréssel,Nem adta meg a hirdető,Nincs,2003,4 m²,,,,
https://www.zenga.hu/ingatlan/elado-teglalakas-budapest-xiv-kerulet-kiszuglo/8634748?page=39&pos=2&cr=75,"Budapest XIV. kerület eladó téglalakás 2 szobás: 82,5 millió Ft",82.5,61.0,61 m²,2.0,"Budapest XIV. kerület, Kiszugló",Téglalakás,3,Felújított,2025-08-17,Gázkazán,G,,1950,,,,,
https://www.zenga.hu/ingatlan/elado-teglalakas-budapest-xiv-kerulet-istvanmezo/8513559?page=39&pos=4&cr=75,Budapest XIV. kerület eladó téglalakás 3+1 fél szobás: 109 millió Ft,109.0,122.0,122 m²,3.0,"Budapest XIV. kerület, Istvánmező",Téglalakás,6,Felújítandó,2025-08-17,Gázkazán,F,Nincs,1930,3 m²,,,,
https://www.zenga.hu/ingatlan/elado-teglalakas-budapest-v-kerulet-lipotvaros/8323137?page=39&pos=5&cr=75,"Budapest V. kerület eladó téglalakás 3 szobás: 478,76 millió Ft",478.76,170.0,170 m²,3.0,"Budapest V. kerület, Lipótváros, Szent István krt. 17.",Téglalakás,5,Felújított,2025-08-17,Gázkazán,F,Nincs,1902,2 m²,,,,70 000 Ft/hó
https://www.zenga.hu/ingatlan/elado-tarsashazi-lakas-budapest-vii-kerulet-nagykoruton-kivuli-terulet/8631937?page=39&pos=6&cr=75,Budapest VII. kerület eladó társasházi lakás 4 szobás: 159 millió Ft,159.0,90.0,90 m²,4.0,"Budapest VII. kerület, Külső-Erzsébetváros",Társasházi lakás,5,Felújított,2025-08-17,Gázkazán,Nem adta meg a hirdető,,,,,,,
https://www.zenga.hu/ingatlan/elado-teglalakas-nyiregyhaza-belvaros/8631744?page=39&pos=7&cr=75,"Nyíregyháza eladó téglalakás 2+1 fél szobás: 39,9 millió Ft",39.9,62.0,62 m²,2.0,"Nyíregyháza, Belváros, Arany János utca 33.",Téglalakás,3,Felújított,2025-08-17,Távfűtés egyedi méréssel,Nem adta meg a hirdető,Nincs,1970,"2,6 m²",,,,20 000 Ft/hó
https://www.zenga.hu/ingatlan/elado-teglalakas-debrecen-belvaros/8447614?page=39&pos=8&cr=75,"Debrecen eladó téglalakás 2 szobás: 68,9 millió Ft",68.9,49.0,49 m²,2.0,"Debrecen, Belváros, Piac utca",Téglalakás,6,Felújított,2025-08-17,Távfűtés,E,Nincs,1980,,,,,15 000 Ft/hó
https://www.zenga.hu/ingatlan/elado-teglalakas-budapest-ix-kerulet-belso-ferencvaros/8542953?page=39&pos=9&cr=75,Budapest IX. kerület eladó téglalakás 3+1 fél szobás: 129 millió Ft,129.0,71.0,71 m²,3.0,"Budapest IX. kerület, Belső Ferencváros, Lónyay utca",Téglalakás,6,Felújított,2025-08-17,Gázkazán,E,,1927,,,,,11 000 Ft/hó
https://www.zenga.hu/ingatlan/elado-teglalakas-gyor-csanakfalu/8476747?page=39&pos=10&cr=75,"Győr eladó téglalakás 3+2 fél szobás: 79,9 millió Ft",79.9,77.0,77 m²,3.0,"Győr, Csanakfalu",Téglalakás,2,Jó állapotú,2025-08-17,Gázkazán,B,,2003,,,,15 m²,35 000 Ft/hó
https://www.zenga.hu/ingatlan/elado-panellakas-nyiregyhaza-josavaros/8401474?page=39&pos=11&cr=75,"Nyíregyháza eladó panellakás 4 szobás: 46,5 millió Ft",46.5,71.0,71 m²,4.0,"Nyíregyháza, Jósaváros",Panellakás,4,Felújított,2025-08-17,Távfűtés egyedi méréssel,,,1980,3 m²,,,,
https://www.zenga.hu/ingatlan/elado-teglalakas-pecs/8665089?page=39&pos=13&cr=73,"Pécs eladó téglalakás 3 szobás: 74,99 millió Ft",74.99,73.0,73 m²,3.0,"Pécs, Orsolya utca",Téglalakás,2,Újszerű,2025-08-17,Elektromos,Nem adta meg a hirdető,,2006,15 m²,,,,
https://www.zenga.hu/ingatlan/elado-panellakas-pecs/8664031?page=39&pos=14&cr=73,,,,,,,,,,2025-08-17,,,,,,,,,
https://www.zenga.hu/ingatlan/elado-panellakas-pecs-kertvaros/8664937?page=39&pos=15&cr=73,Eladó 2 szobás panellakás Pécsett,,,,,,,,,2025-08-17,,,,,,,,,
https://www.zenga.hu/ingatlan/elado-panellakas-pecs/8659966?page=39&pos=17&cr=73,Pécs eladó panellakás 2 szobás: 45 millió Ft,45.0,51.0,51 m²,2.0,"Pécs, Enyezd utca",Panellakás,4,Jó állapotú,2025-08-17,Távfűtés,Nem adta meg a hirdető,,1970,3 m²,,,,
https://www.zenga.hu/ingatlan/elado-teglalakas-pecs/8657292?page=39&pos=18&cr=73,"Pécs eladó téglalakás 2 szobás: 31,99 millió Ft",31.99,43.0,43 m²,2.0,"Pécs, Pellérdi út",Téglalakás,1,Újszerű,2025-08-17,Elektromos,Nem adta meg a hirdető,,2020,,,,,
https://www.zenga.hu/ingatlan/elado-panellakas-pecs/8653066?page=39&pos=19&cr=73,"Pécs eladó panellakás 2 szobás: 34,9 millió Ft",34.9,35.0,35 m²,2.0,"Pécs, Krisztina tér",Panellakás,10,Jó állapotú,2025-08-17,Távfűtés egyedi méréssel,Nem adta meg a hirdető,,1970,,,,,
https://www.zenga.hu/ingatlan/elado-teglalakas-debrecen-belvaros/8388544?page=39&pos=20&cr=72,"Debrecen eladó téglalakás 3 szobás: 89,99 millió Ft",89.99,66.0,66 m²,3.0,"Debrecen, Belváros",Téglalakás,,Új építésű,2025-08-17,Hőszivattyú,Nem adta meg a hirdető,,2025,,,,,
https://www.zenga.hu/ingatlan/elado-teglalakas-hajduszoboszlo/8636658?page=40&pos=1&cr=71,"Hajdúszoboszló eladó téglalakás 3 szobás: 69,9 millió Ft",69.9,110.0,110 m²,3.0,Hajdúszoboszló,Téglalakás,,Újszerű,2025-08-17,Geotermikus,Nem adta meg a hirdető,,2018,,,,,
https://www.zenga.hu/ingatlan/elado-teglalakas-miskolc-gyori-kapu/8668072?page=40&pos=2&cr=70,"Miskolc eladó téglalakás 3 szobás: 47,49 millió Ft",47.49,76.0,76 m²,3.0,"Miskolc, Győri kapu",Téglalakás,,,2025-08-17,Házközponti fűtés egyedi méréssel,Nem adta meg a hirdető,,2006,3 m²,,,,
https://www.zenga.hu/ingatlan/elado-teglalakas-halasztelek/8564167?page=40&pos=3&cr=70,"Halásztelek eladó téglalakás 3 szobás: 72,8 millió Ft",72.8,96.0,96 m²,3.0,Halásztelek,Téglalakás,,Felújított,2025-08-17,Gázkazán,F,,2003,,,,,
https://www.zenga.hu/ingatlan/elado-panellakas-miskolc-avas/8668073?page=40&pos=4&cr=70,Eladó 2 szobás panellakás Miskolcon,,,,,,,,,2025-08-17,,,,,,,,,
https://www.zenga.hu/ingatlan/elado-teglalakas-celldomolk/8338133?page=40&pos=5&cr=70,"Celldömölk eladó téglalakás 4 szobás: 36,5 millió Ft",36.5,101.0,101 m²,4.0,Celldömölk,Téglalakás,,Jó állapotú,2025-08-17,Házközponti,Nem adta meg a hirdető,,,,,,,
https://www.zenga.hu/ingatlan/elado-panellakas-miskolc-avas/8666990?page=40&pos=6&cr=70,Miskolc eladó panellakás 1+2 fél szobás: 32 millió Ft,32.0,54.0,54 m²,1.0,"Miskolc, Avas",Panellakás,,Átlagos,2025-08-17,Távfűtés,Nem adta meg a hirdető,,1980,,,,,
https://www.zenga.hu/ingatlan/elado-panellakas-miskolc/8664008?page=40&pos=7&cr=70,"Miskolc eladó panellakás 2+1 fél szobás: 36,5 millió Ft",36.5,53.0,53 m²,2.0,"Miskolc, Hegyalja út",Panellakás,10,Újszerű,2025-08-17,Távfűtés egyedi méréssel,Nem adta meg a hirdető,,1980,3 m²,,,,
https://www.zenga.hu/ingatlan/elado-panellakas-miskolc-belvaros/8664183?page=40&pos=8&cr=70,"Miskolc eladó panellakás 2 szobás: 25,9 millió Ft",25.9,51.0,51 m²,2.0,"Miskolc, Belváros",Panellakás,,,2025-08-17,,,,,,,,,
https://www.zenga.hu/ingatlan/elado-tarsashazi-lakas-balatonszemes/8520118?page=40&pos=9&cr=70,"Eladó 2 szobás téglalakás 110,9 millió Ft értékben Balatonszemesen - Vadvirág Residense lakóparkban",110.9,60.0,60 m²,2.0,Balatonszemes,Téglalakás,,Új építésű,2025-08-17,Hőszivattyú,Nem adta meg a hirdető,,2025,"8,5 m²",,2025. 4. negyedév,,
https://www.zenga.hu/ingatlan/elado-panellakas-miskolc-belvaros/8663882?page=40&pos=11&cr=70,"Miskolc eladó panellakás 2 szobás: 31,5 millió Ft",31.5,55.0,55 m²,2.0,"Miskolc, Belváros",Panellakás,,Átlagos,2025-08-17,Távfűtés,Nem adta meg a hirdető,,1981,,,,,
https://www.zenga.hu/ingatlan/elado-tarsashazi-lakas-siofok-ezustpart/7956370?page=40&pos=12&cr=70,"Eladó 2 szobás téglalakás 76,9 millió Ft értékben Siófokon - Silverbay Residence lakóparkban",76.9,41.0,41 m²,2.0,"Siófok, Ezüstpart",Téglalakás,,Új építésű,2025-08-17,Egyéb,Nem adta meg a hirdető,,2022,"7,6 m²",,2025. 2. negyedév,,
https://www.zenga.hu/ingatlan/elado-teglalakas-miskolc/8663881?page=40&pos=13&cr=70,"Miskolc eladó téglalakás 2 szobás: 16,9 millió Ft",16.9,56.0,56 m²,2.0,"Miskolc, Y-híd környéke",Téglalakás,,Felújítandó,2025-08-17,Gáz (konvektor),Nem adta meg a hirdető,,1965,,,,,
https://www.zenga.hu/ingatlan/elado-teglalakas-miskolc-belvaros/8662261?page=40&pos=14&cr=70,"Miskolc eladó téglalakás 3 szobás: 57,5 millió Ft",57.5,79.0,79 m²,3.0,"Miskolc, Belváros",Téglalakás,,Újszerű,2025-08-17,,Nem adta meg a hirdető,,1970,,,,,
https://www.zenga.hu/ingatlan/elado-panellakas-miskolc-avas/8661472?page=40&pos=15&cr=70,Miskolc eladó panellakás 1 szobás: 18 millió Ft,18.0,28.0,28 m²,1.0,"Miskolc, Avas",Panellakás,,Felújítandó,2025-08-17,Távfűtés,Nem adta meg a hirdető,,1980,,,,,
https://www.zenga.hu/ingatlan/elado-panellakas-miskolc-avas/8660172?page=40&pos=16&cr=70,"Miskolc eladó panellakás 2 szobás: 27,9 millió Ft",27.9,55.0,55 m²,2.0,"Miskolc, Avas",Panellakás,,Felújítandó,2025-08-17,Távfűtés,Nem adta meg a hirdető,,1980,,,,,
https://www.zenga.hu/ingatlan/elado-csusztatott-zsalus-lakas-miskolc/8660182?page=40&pos=17&cr=70,"Miskolc eladó csúsztatott zsalus lakás 2 szobás: 46,9 millió Ft",46.9,56.0,56 m²,2.0,"Miskolc, Bodó tető",Csúsztatott zsalus lakás,,Átlagos,2025-08-17,Házközponti fűtés egyedi méréssel,Nem adta meg a hirdető,,1994,,,,,
https://www.zenga.hu/ingatlan/elado-panellakas-eger/8531291?page=40&pos=18&cr=70,Eger eladó panellakás 2+1 fél szobás: 42 millió Ft,42.0,55.0,55 m²,2.0,Eger,Panellakás,,Jó állapotú,2025-08-17,Távfűtés egyedi méréssel,,,1980,,,,,
https://www.zenga.hu/ingatlan/elado-teglalakas-hajduszoboszlo/8392340?page=40&pos=19&cr=70,"Hajdúszoboszló eladó téglalakás 4+1 fél szobás: 69,9 millió Ft",69.9,110.0,110 m²,4.0,Hajdúszoboszló,Téglalakás,3,Újszerű,2025-08-17,Geotermikus,Nem adta meg a hirdető,,2010,,,,,
https://www.zenga.hu/ingatlan/elado-teglalakas-budapest-xiii-kerulet-vizafogo/8638382?page=40&pos=20&cr=70,"Budapest XIII. kerület eladó téglalakás 1+1 fél szobás: 85,5 millió Ft",85.5,43.0,43 m²,1.0,"Budapest XIII. kerület, Vizafogó, Sólyatér 9",Téglalakás,8,Újszerű,2025-08-17,Házközponti fűtés egyedi méréssel,A+,,,8 m²,,,,
https://www.zenga.hu/ingatlan/elado-teglalakas-budapest-vi-kerulet-nagykoruton-kivuli-terulet/8547088?page=41&pos=1&cr=70,"Budapest VI. kerület eladó téglalakás 2 szobás: 159,9 millió Ft",159.9,70.0,,,,,,,2025-08-17,,,,,,,,,
https://www.zenga.hu/ingatlan/elado-teglalakas-nyiregyhaza-belvaros/8510727?page=41&pos=2&cr=70,"Nyíregyháza eladó téglalakás 3 szobás: 47,9 millió Ft",47.9,72.0,72 m²,3.0,"Nyíregyháza, Belváros",Téglalakás,1,Jó állapotú,2025-08-17,Gázkazán,Nem adta meg a hirdető,,1970,,,,,
https://www.zenga.hu/ingatlan/elado-teglalakas-gyomro/8506180?page=41&pos=3&cr=70,Gyömrő eladó téglalakás 3 szobás: 96 millió Ft,96.0,,,,,,,,2025-08-17,,,,,,,,,
https://www.zenga.hu/ingatlan/elado-teglalakas-kecskemet/8244949?page=41&pos=4&cr=70,"Eladó 1 szobás téglalakás 64,5 millió Ft értékben Kecskeméten - Live Lakópark lakóparkban",64.5,37.0,37 m²,1.0,Kecskemét,Téglalakás,6,Új építésű,2025-08-17,Egyéb,A++,,,39 m²,,2025. 1. negyedév,,
https://www.zenga.hu/ingatlan/elado-panellakas-debrecen-tocoskert/8667919?page=41&pos=5&cr=69,"Debrecen eladó panellakás 1+1 fél szobás: 54,9 millió Ft",54.9,46.0,46 m²,1.0,"Debrecen, Tócóskert",Panellakás,10,Átlagos,2025-08-17,Távfűtés,Nem adta meg a hirdető,,1986,,,,,
https://www.zenga.hu/ingatlan/elado-teglalakas-debrecen/8668089?page=41&pos=6&cr=69,Debrecen eladó téglalakás 3 szobás: 57 millió Ft,57.0,51.0,51 m²,3.0,Debrecen,Téglalakás,,,2025-08-17,Gáz (konvektor),Nem adta meg a hirdető,,1976,1 m²,,,,
https://www.zenga.hu/ingatlan/elado-teglalakas-debrecen-belvaros/8668099?page=41&pos=7&cr=69,Debrecen eladó téglalakás 5 szobás: 115 millió Ft,115.0,99.0,99 m²,5.0,"Debrecen, Belváros",Téglalakás,,,2025-08-17,Gázkazán,Nem adta meg a hirdető,,2006,,,,,
https://www.zenga.hu/ingatlan/elado-teglalakas-debrecen-belvaros/8668054?page=41&pos=8&cr=69,"Debrecen eladó téglalakás 3 szobás: 72,9 millió Ft",72.9,73.0,73 m²,3.0,"Debrecen, Belváros",Téglalakás,,,2025-08-17,Gázkazán,Nem adta meg a hirdető,,1980,5 m²,,,,
https://www.zenga.hu/ingatlan/elado-teglalakas-debrecen-belvaros/8664190?page=41&pos=9&cr=69,"Debrecen eladó téglalakás 4 szobás: 129,9 millió Ft",129.9,96.0,96 m²,4.0,"Debrecen, Belváros, Híd utca",Téglalakás,,,2025-08-17,Hőszivattyú,Nem adta meg a hirdető,,2023,,,,112 m²,
https://www.zenga.hu/ingatlan/elado-teglalakas-debrecen/8666612?page=41&pos=10&cr=69,Debrecen eladó téglalakás 3+1 fél szobás: 156 millió Ft,156.0,95.0,95 m²,3.0,"Debrecen, Komlóssy út",Téglalakás,,Átlagos,2025-08-17,Gázkazán,Nem adta meg a hirdető,,2000,6 m²,,,,
https://www.zenga.hu/ingatlan/elado-teglalakas-debrecen-kerekestelep/8666607?page=41&pos=11&cr=69,Debrecen eladó téglalakás 2+1 fél szobás: 62 millió Ft,62.0,56.0,56 m²,2.0,"Debrecen, Kerekestelep",Téglalakás,,Átlagos,2025-08-17,Gázkazán,Nem adta meg a hirdető,,1980,,,,,
https://www.zenga.hu/ingatlan/elado-panellakas-debrecen-venkert/8663410?page=41&pos=12&cr=69,Debrecen eladó panellakás 4 szobás: 72 millió Ft,72.0,68.0,68 m²,4.0,"Debrecen, Vénkert",Panellakás,,,2025-08-17,Távfűtés egyedi méréssel,Nem adta meg a hirdető,,1970,2 m²,,,,
https://www.zenga.hu/ingatlan/elado-panellakas-debrecen-tocoskert/8663411?page=41&pos=13&cr=69,Debrecen eladó panellakás 2 szobás: 62 millió Ft,62.0,54.0,54 m²,2.0,"Debrecen, Tócóskert",Panellakás,,,2025-08-17,Távfűtés,Nem adta meg a hirdető,,1980,,,,,
https://www.zenga.hu/ingatlan/elado-panellakas-debrecen-belvaros/8656812?page=41&pos=14&cr=69,"Debrecen eladó panellakás 4 szobás: 72,9 millió Ft",72.9,69.0,69 m²,4.0,"Debrecen, Belváros",Panellakás,,,2025-08-17,Távfűtés egyedi méréssel,Nem adta meg a hirdető,,1980,,,,,
https://www.zenga.hu/ingatlan/elado-panellakas-debrecen-tocoskert/8664170?page=41&pos=15&cr=69,Debrecen eladó panellakás 4 szobás: 70 millió Ft,70.0,84.0,84 m²,4.0,"Debrecen, Tócóskert, István út",Panellakás,,,2025-08-17,Távfűtés egyedi méréssel,Nem adta meg a hirdető,,1982,2 m²,,,,
https://www.zenga.hu/ingatlan/elado-teglalakas-debrecen/8657169?page=41&pos=16&cr=69,"Debrecen eladó téglalakás 1+1 fél szobás: 65,9 millió Ft",65.9,58.0,58 m²,1.0,"Debrecen, Belváros-Nagytemplom",Téglalakás,,Átlagos,2025-08-17,Távfűtés,Nem adta meg a hirdető,,1975,,,,,
https://www.zenga.hu/ingatlan/elado-teglalakas-debrecen-belvaros/8652642?page=41&pos=17&cr=69,Debrecen eladó téglalakás 4 szobás: 129 millió Ft,129.0,123.0,123 m²,4.0,"Debrecen, Belváros",Téglalakás,,Átlagos,2025-08-17,Gázkazán,Nem adta meg a hirdető,,2014,,,,,
https://www.zenga.hu/ingatlan/elado-teglalakas-budapest-iv-kerulet-ujpest/8588866?page=41&pos=18&cr=68,"Budapest IV. kerület eladó téglalakás 3 szobás: 99,9 millió Ft",99.9,102.0,102 m²,3.0,"Budapest IV. kerület, Újpest, Árpád út 57",Téglalakás,5,Újszerű,2025-08-17,Házközponti fűtés egyedi méréssel,Nem adta meg a hirdető,,2006,,,,,
https://www.zenga.hu/ingatlan/elado-panellakas-heviz/8661817?page=41&pos=19&cr=66,Hévíz eladó panellakás 3 szobás: 53 millió Ft,53.0,74.0,74 m²,3.0,Hévíz,Panellakás,,,2025-08-17,Gáz (konvektor),Nem adta meg a hirdető,,1988,"8,3 m²",,,,
https://www.zenga.hu/ingatlan/elado-teglalakas-miskolc/8563250?page=41&pos=20&cr=66,"Miskolc eladó téglalakás 2+1 fél szobás: 49,9 millió Ft",49.9,74.0,74 m²,2.0,Miskolc,Téglalakás,,Átlagos,2025-08-17,Gázkazán,Nem adta meg a hirdető,,1975,,,,,
https://www.zenga.hu/ingatlan/elado-csusztatott-zsalus-lakas-budapest-ii-kerulet-harshegy/8655086?page=42&pos=1&cr=66,,,,,,,,,,2025-08-17,,,,,,,,,
https://www.zenga.hu/ingatlan/elado-teglalakas-dombovar-gunarasfurdo/8529594?page=42&pos=2&cr=65,"Dombóvár eladó téglalakás 1 szobás: 18,2 millió Ft",18.2,36.0,36 m²,1.0,"Dombóvár, Gunarasfürdő",Téglalakás,,Felújított,2025-08-17,Gáz (konvektor),Nem adta meg a hirdető,,1986,,,,,
https://www.zenga.hu/ingatlan/elado-teglalakas-budapest-xiv-kerulet/8664635?page=42&pos=3&cr=65,"Budapest XIV. kerület eladó téglalakás 4 szobás: 78,5 millió Ft",78.5,84.0,84 m²,4.0,,,,,2025-08-17,,,,,,,,,
https://www.zenga.hu/ingatlan/elado-teglalakas-budapest-xi-kerulet-albertfalva/8623636?page=42&pos=4&cr=65,"Budapest XI. kerület eladó téglalakás 1 szobás: 53,9 millió Ft",53.9,34.0,34 m²,1.0,"Budapest XI. kerület, Albertfalva",Téglalakás,,,2025-08-17,Cserépkályha,Nem adta meg a hirdető,,1968,,,,,
https://www.zenga.hu/ingatlan/elado-egyeb-lakas-szombathely/8429673?page=42&pos=5&cr=65,"Szombathely eladó egyéb lakás 4 szobás: 79,9 millió Ft",79.9,94.0,94 m²,4.0,Szombathely,Egyéb lakás,,Új építésű,2025-08-17,,Nem adta meg a hirdető,,2023,,,,,
https://www.zenga.hu/ingatlan/elado-teglalakas-budapest-v-kerulet-belvaros/8382938?page=42&pos=6&cr=65,Budapest V. kerület eladó téglalakás 4 szobás: 250 millió Ft,250.0,136.0,136 m²,4.0,"Budapest V. kerület, Belváros",Téglalakás,6,Átlagos,2025-08-17,Gázkazán,Nem adta meg a hirdető,,,,,,,
https://www.zenga.hu/ingatlan/elado-egyeb-lakas-szombathely/8429672?page=42&pos=7&cr=65,"Szombathely eladó egyéb lakás 3 szobás: 61,9 millió Ft",61.9,70.0,70 m²,3.0,Szombathely,Egyéb lakás,,Felújított,2025-08-17,,Nem adta meg a hirdető,,2024,,,,,
https://www.zenga.hu/ingatlan/elado-tarsashazi-lakas-nyiregyhaza/8622632?page=42&pos=8&cr=65,"Nyíregyháza eladó társasházi lakás 1+3 fél szobás: 43,9 millió Ft",43.9,61.0,61 m²,1.0,Nyíregyháza,Társasházi lakás,,Felújított,2025-08-17,Távfűtés egyedi méréssel,Nem adta meg a hirdető,,1980,,,,,
https://www.zenga.hu/ingatlan/elado-panellakas-pecs/8546555?page=42&pos=9&cr=65,"Pécs eladó panellakás 2 szobás: 36,9 millió Ft",36.9,53.0,53 m²,2.0,Pécs,Panellakás,,Jó állapotú,2025-08-17,Távfűtés egyedi méréssel,B,,1985,,,,,
https://www.zenga.hu/ingatlan/elado-teglalakas-siofok/8388543?page=42&pos=10&cr=65,"Siófok eladó téglalakás 3 szobás: 107,56 millió Ft",107.56,61.0,61 m²,3.0,Siófok,Téglalakás,,Új építésű,2025-08-17,Hőszivattyú,Nem adta meg a hirdető,,2024,,,,,
https://www.zenga.hu/ingatlan/elado-teglalakas-balatonlelle/8275581?page=42&pos=11&cr=65,"Eladó 3 szobás téglalakás 95,45 millió Ft értékben Balatonlellén - My Lelle Residence lakóparkban",95.45,61.0,61 m²,3.0,Balatonlelle,Téglalakás,3,Új építésű,2025-08-17,Padlófűtés,A,,,"37,8 m²",,2026. 2. negyedév,,
https://www.zenga.hu/ingatlan/elado-teglalakas-budapest-xx-kerulet/8665719?page=42&pos=13&cr=62,"Budapest XX. kerület eladó téglalakás 3 szobás: 37,9 millió Ft",37.9,26.0,26 m²,3.0,Budapest XX. kerület,Téglalakás,1,Újszerű,2025-08-17,Elektromos,Nem adta meg a hirdető,,1950,,,,,
https://www.zenga.hu/ingatlan/elado-csusztatott-zsalus-lakas-budapest-xx-kerulet/8663602?page=42&pos=14&cr=62,Budapest XX. kerület eladó csúsztatott zsalus lakás 1+2 fél szobás: 72 millió Ft,72.0,67.0,67 m²,1.0,Budapest XX. kerület,Csúsztatott zsalus lakás,10,Jó állapotú,2025-08-17,Távfűtés,Nem adta meg a hirdető,,1980,8 m²,,,,
https://www.zenga.hu/ingatlan/elado-teglalakas-budapest-xx-kerulet/8652727?page=42&pos=15&cr=62,,,,,,,,,,2025-08-17,,,,,,,,,
https://www.zenga.hu/ingatlan/elado-teglalakas-budapest-xx-kerulet/8655830?page=42&pos=16&cr=62,,,,,,,,,,2025-08-17,,,,,,,,,
https://www.zenga.hu/ingatlan/elado-teglalakas-budapest-xx-kerulet/8655676?page=42&pos=17&cr=62,,,,,,,,,,2025-08-17,,,,,,,,,
https://www.zenga.hu/ingatlan/elado-teglalakas-gyor-szitasdomb/8668061?page=42&pos=18&cr=61,"Győr eladó téglalakás 3 szobás: 87,99 millió Ft",87.99,63.0,63 m²,3.0,"Győr, Szitásdomb",Téglalakás,,,2025-08-17,Házközponti fűtés egyedi méréssel,Nem adta meg a hirdető,,2024,10 m²,,,,
https://www.zenga.hu/ingatlan/elado-teglalakas-gyor/8666778?page=42&pos=19&cr=61,Eladó 2 szobás téglalakás Győrben,,,,,,,,,2025-08-17,,,,,,,,,
https://www.zenga.hu/ingatlan/elado-teglalakas-pecs/8537056?page=42&pos=20&cr=61,"Pécs eladó téglalakás 3 szobás: 63,9 millió Ft",63.9,75.0,75 m²,3.0,Pécs,Téglalakás,,Felújított,2025-08-17,Gázkazán,Nem adta meg a hirdető,,2010,,,,,
https://www.zenga.hu/ingatlan/elado-panellakas-gyor/8654056?page=43&pos=2&cr=61,"Győr eladó panellakás 4 szobás: 64,8 millió Ft",64.8,65.0,65 m²,4.0,Győr,Panellakás,10,Újszerű,2025-08-17,Távfűtés,Nem adta meg a hirdető,,1969,5 m²,,,,
https://www.zenga.hu/ingatlan/elado-teglalakas-gyor/8659803?page=43&pos=3&cr=61,Győr eladó téglalakás 4 szobás: 99 millió Ft,99.0,125.0,125 m²,4.0,Győr,Téglalakás,,,2025-08-17,Gázkazán,Nem adta meg a hirdető,,2003,,,,20 m²,
https://www.zenga.hu/ingatlan/elado-panellakas-gyor-adyvaros/8661836?page=43&pos=4&cr=61,Eladó 3 szobás panellakás Győrben,,,,,,,,,2025-08-17,,,,,,,,,
https://www.zenga.hu/ingatlan/elado-teglalakas-gyor/8664173?page=43&pos=5&cr=61,"Győr eladó téglalakás 3 szobás: 89,9 millió Ft",89.9,55.0,55 m²,3.0,Győr,Téglalakás,,,2025-08-17,Gázkazán,Nem adta meg a hirdető,,1992,,,,,
https://www.zenga.hu/ingatlan/elado-teglalakas-kiskunlachaza/8620584?page=43&pos=6&cr=61,"Kiskunlacháza eladó téglalakás 1 szobás: 29,5 millió Ft",29.5,30.0,30 m²,1.0,Kiskunlacháza,Téglalakás,3,Új építésű,2025-08-17,Hőszivattyú,Nem adta meg a hirdető,,2024,,,,,
https://www.zenga.hu/ingatlan/elado-teglalakas-gyor-szabadhegy/8536535?page=43&pos=7&cr=60,"Győr eladó téglalakás 4 szobás: 69,9 millió Ft",69.9,87.0,87 m²,4.0,"Győr, Szabadhegy",Téglalakás,,Új építésű,2025-08-17,Gázkazán,Nem adta meg a hirdető,,2025,,,,,
https://www.zenga.hu/ingatlan/elado-teglalakas-szerencs/8563141?page=43&pos=8&cr=60,"Szerencs eladó téglalakás 2 szobás: 16,5 millió Ft",16.5,46.0,46 m²,2.0,Szerencs,Téglalakás,,Átlagos,2025-08-17,Gáz (konvektor),Nem adta meg a hirdető,,1960,,,,,
https://www.zenga.hu/ingatlan/elado-teglalakas-pecs-uranvaros/8596235?page=43&pos=9&cr=60,"Pécs eladó téglalakás 2 szobás: 39,9 millió Ft",39.9,54.0,54 m²,2.0,"Pécs, Uránváros",Téglalakás,,Átlagos,2025-08-17,Gáz (konvektor),Nem adta meg a hirdető,,1968,,,,,
https://www.zenga.hu/ingatlan/elado-teglalakas-pecs/8513074?page=43&pos=10&cr=60,"Pécs eladó téglalakás 3 szobás: 49,9 millió Ft",49.9,56.0,56 m²,3.0,Pécs,Téglalakás,,Felújított,2025-08-17,Gázkazán,A,,1950,,,,,
https://www.zenga.hu/ingatlan/elado-teglalakas-sopron/8664910?page=43&pos=11&cr=60,"Sopron eladó téglalakás 5 szobás: 79,9 millió Ft",79.9,88.0,88 m²,5.0,Sopron,Téglalakás,,Felújított,2025-08-17,Házközponti fűtés egyedi méréssel,Nem adta meg a hirdető,,,,,,,
https://www.zenga.hu/ingatlan/elado-teglalakas-siofok-ezustpart/8558844?page=43&pos=12&cr=60,Siófok eladó téglalakás 3 szobás: 210 millió Ft,210.0,96.0,96 m²,3.0,"Siófok, Ezüstpart",Téglalakás,,,2025-08-17,Hőszivattyú,Nem adta meg a hirdető,,2023,,,,46 m²,
https://www.zenga.hu/ingatlan/elado-teglalakas-pecs-ispitaalja/8597009?page=43&pos=13&cr=60,Pécs eladó téglalakás 2 szobás: 49 millió Ft,49.0,60.0,60 m²,2.0,"Pécs, Ispitaalja, Mártírok útja",Téglalakás,,,2025-08-17,Gáz (konvektor),Nem adta meg a hirdető,,1970,,,,,
https://www.zenga.hu/ingatlan/elado-egyeb-lakas-debrecen/8567384?page=43&pos=14&cr=60,"Debrecen eladó egyéb lakás 2 szobás: 49,9 millió Ft",49.9,55.0,55 m²,2.0,Debrecen,Egyéb lakás,4,Átlagos,2025-08-17,Gáz (konvektor),Nem adta meg a hirdető,,1970,,,,,
https://www.zenga.hu/ingatlan/elado-csusztatott-zsalus-lakas-eger-lajosvaros/8655211?page=43&pos=15&cr=60,"Eger eladó csúsztatott zsalus lakás 2 szobás: 39,9 millió Ft",39.9,58.0,58 m²,2.0,"Eger, Lajosváros",Csúsztatott zsalus lakás,5,Jó állapotú,2025-08-17,Gáz (konvektor),Nem adta meg a hirdető,,1976,8 m²,,,,
https://www.zenga.hu/ingatlan/elado-teglalakas-balatonfuzfo-fuzfogyartelep/8661866?page=43&pos=16&cr=60,Balatonfűzfő eladó téglalakás 2+2 fél szobás: 47 millió Ft,47.0,61.0,61 m²,2.0,"Balatonfűzfő, Fűzfőgyártelep, Gagarin utca",Téglalakás,1,Felújított,2025-08-17,Házközponti,Nem adta meg a hirdető,,1981,,,,,
https://www.zenga.hu/ingatlan/elado-panellakas-budapest-iv-kerulet-ujpest/8595027?page=43&pos=18&cr=60,"Budapest IV. kerület eladó panellakás 1+2 fél szobás: 67,9 millió Ft",67.9,59.0,59 m²,1.0,"Budapest IV. kerület, Újpest",Panellakás,,,2025-08-17,,,,,,,,,
https://www.zenga.hu/ingatlan/elado-tarsashazi-lakas-nyiregyhaza/8655861?page=43&pos=19&cr=60,"Nyíregyháza eladó társasházi lakás 1+2 fél szobás: 36,9 millió Ft",36.9,62.0,62 m²,1.0,Nyíregyháza,Társasházi lakás,,Jó állapotú,2025-08-17,Gázkazán,Nem adta meg a hirdető,,,,,,,
https://www.zenga.hu/ingatlan/elado-tarsashazi-lakas-budapest-ii-kerulet-kurucles/8570222?page=43&pos=20&cr=60,"Budapest II. kerület eladó társasházi lakás 2 szobás: 84,9 millió Ft",84.9,55.0,55 m²,2.0,"Budapest II. kerület, Kurucles",Társasházi lakás,14,Jó állapotú,2025-08-17,Fan coil,Nem adta meg a hirdető,,1982,1 m²,,,,
https://www.zenga.hu/ingatlan/elado-teglalakas-budapest-viii-kerulet/6477872?page=44&pos=2&cr=60,"Budapest VIII. kerület eladó téglalakás 1 szobás: 74,9 millió Ft",74.9,34.0,34 m²,1.0,"Budapest VIII. kerület, Budapest VIII., Corvin sétány",Téglalakás,9,,2025-08-17,,,,,,,,,
https://www.zenga.hu/ingatlan/elado-teglalakas-pecs/8529137?page=44&pos=5&cr=60,"Pécs eladó téglalakás 3 szobás: 69,9 millió Ft",69.9,69.0,69 m²,3.0,Pécs,Téglalakás,,Felújított,2025-08-17,Gázkazán,Nem adta meg a hirdető,,1965,,,,,
https://www.zenga.hu/ingatlan/elado-teglalakas-siofok/8587372?page=44&pos=6&cr=60,"Siófok eladó téglalakás 3 szobás: 61,9 millió Ft",61.9,77.0,77 m²,3.0,Siófok,Téglalakás,,,2025-08-17,,,,,,,,,
https://www.zenga.hu/ingatlan/elado-panellakas-pecs-egyetemvaros/8617300?page=44&pos=8&cr=60,"Pécs eladó panellakás 3 szobás: 53,9 millió Ft",53.9,64.0,64 m²,3.0,"Pécs, Egyetemváros",Panellakás,,Jó állapotú,2025-08-17,Távfűtés egyedi méréssel,Nem adta meg a hirdető,,1980,,,,,
https://www.zenga.hu/ingatlan/elado-teglalakas-pecs/8550368?page=44&pos=9&cr=60,"Pécs eladó téglalakás 3 szobás: 69,9 millió Ft",69.9,62.0,62 m²,3.0,Pécs,Téglalakás,,Felújított,2025-08-17,Gázkazán,Nem adta meg a hirdető,,1980,,,,,
https://www.zenga.hu/ingatlan/elado-egyeb-lakas-szeged/8472960?page=44&pos=10&cr=60,Eladó 4 szobás egyéb lakás Szegeden,,,,,,,,,2025-08-17,,,,,,,,,
https://www.zenga.hu/ingatlan/elado-teglalakas-debrecen-belvaros/8139588?page=44&pos=11&cr=60,Debrecen eladó téglalakás 3 szobás: 79 millió Ft,79.0,78.0,78 m²,3.0,"Debrecen, Belváros",Téglalakás,,Új építésű,2025-08-17,,,,,,,,,
https://www.zenga.hu/ingatlan/elado-teglalakas-kiskunlachaza/8072737?page=44&pos=12&cr=60,"Kiskunlacháza eladó téglalakás 2 szobás: 33,3 millió Ft",33.3,38.0,38 m²,2.0,Kiskunlacháza,Téglalakás,3,Új építésű,2025-08-17,,Nem adta meg a hirdető,,2025,,,,,
https://www.zenga.hu/ingatlan/elado-teglalakas-szombathely-belvaros/8279532?page=44&pos=13&cr=60,"Szombathely eladó téglalakás 3 szobás: 34,5 millió Ft",34.5,75.0,75 m²,3.0,"Szombathely, Belváros",Téglalakás,,Átlagos,2025-08-17,Gáz (konvektor),Nem adta meg a hirdető,,1960,,,,,
https://www.zenga.hu/ingatlan/elado-teglalakas-ujhartyan/8633142?page=44&pos=14&cr=60,"Újhartyán eladó téglalakás 3 szobás: 69,99 millió Ft",69.99,75.0,75 m²,3.0,Újhartyán,Téglalakás,1,Új építésű,2025-08-17,Gázkazán,Nem adta meg a hirdető,Nincs,2025,,,,17 m²,
https://www.zenga.hu/ingatlan/elado-teglalakas-nyiregyhaza-belvaros/8609077?page=44&pos=15&cr=60,Nyíregyháza eladó téglalakás 1 szobás: 50 350 millió Ft,50.35,53.0,53 m²,1.0,"Nyíregyháza, Belváros",Téglalakás,2,Új építésű,2025-08-17,Gázkazán,Nem adta meg a hirdető,,2025,6 m²,,,,
https://www.zenga.hu/ingatlan/elado-teglalakas-zalaegerszeg-kertvaros/8435383?page=44&pos=16&cr=60,"Zalaegerszeg eladó téglalakás 3 szobás: 44,99 millió Ft",44.99,67.0,67 m²,3.0,"Zalaegerszeg, Kertváros",Téglalakás,1,Jó állapotú,2025-08-17,Gázkazán,Nem adta meg a hirdető,,1981,,,,,
https://www.zenga.hu/ingatlan/elado-tarsashazi-lakas-vasarosnameny/8397885?page=44&pos=17&cr=60,"Vásárosnamény eladó társasházi lakás 2 szobás: 42,84 millió Ft",42.84,63.0,63 m²,2.0,Vásárosnamény,Társasházi lakás,2,Új építésű,2025-08-17,Hőszivattyú,A,Nincs,2025,,,,,
https://www.zenga.hu/ingatlan/elado-teglalakas-koszeg-belvaros/8260612?page=44&pos=18&cr=60,"Kőszeg eladó téglalakás 2+1 fél szobás: 37,59 millió Ft",37.59,64.0,64 m²,2.0,"Kőszeg, Belváros",Téglalakás,3,Átlagos,2025-08-17,Gázkazán,Nem adta meg a hirdető,,,,,,,
https://www.zenga.hu/ingatlan/elado-panellakas-budapest-xx-kerulet-pesterzsebet/8646550?page=44&pos=19&cr=59,Eladó 2 szobás panellakás Budapest XX. kerületben,,,,,,,,,2025-08-17,,,,,,,,,
https://www.zenga.hu/ingatlan/elado-panellakas-pecs-kertvaros/8623651?page=44&pos=20&cr=57,"Pécs eladó panellakás 3 szobás: 42,9 millió Ft",42.9,62.0,62 m²,3.0,"Pécs, Kertváros, Nagy Imre út",Panellakás,,,2025-08-17,Távfűtés,Nem adta meg a hirdető,,1970,,,,,
https://www.zenga.hu/ingatlan/elado-teglalakas-siofok-ezustpart/8667982?page=45&pos=1&cr=56,"Siófok eladó téglalakás 2 szobás: 81,5 millió Ft",81.5,45.0,45 m²,2.0,"Siófok, Ezüstpart",Téglalakás,,,2025-08-17,Hőszivattyú,Nem adta meg a hirdető,,2019,,,,13 m²,
https://www.zenga.hu/ingatlan/elado-teglalakas-barcs/8665095?page=45&pos=2&cr=56,"Barcs eladó téglalakás 2 szobás: 19,9 millió Ft",19.9,50.0,50 m²,2.0,"Barcs, Kodály Zoltán utca",Téglalakás,3,Jó állapotú,2025-08-17,Gáz (konvektor),Nem adta meg a hirdető,,1970,"4,3 m²",,,,
https://www.zenga.hu/ingatlan/elado-teglalakas-fonyod/8661775?page=45&pos=4&cr=56,"Fonyód eladó téglalakás 3 szobás: 89,9 millió Ft",89.9,74.0,74 m²,3.0,"Fonyód, Várhegy",Téglalakás,,Új építésű,2025-08-17,Elektromos,Nem adta meg a hirdető,,2021,,,,,
https://www.zenga.hu/ingatlan/elado-teglalakas-budapest-xiv-kerulet-istvanmezo/8572843?page=45&pos=5&cr=56,,,,,,,,,,2025-08-17,,,,,,,,,
https://www.zenga.hu/ingatlan/elado-teglalakas-zalaegerszeg-kertvaros/7664223?page=45&pos=6&cr=55,"Zalaegerszeg eladó téglalakás 3+1 fél szobás: 39,4 millió Ft",39.4,67.0,67 m²,3.0,"Zalaegerszeg, Kertváros",Téglalakás,1,Átlagos,2025-08-17,Gázkazán,Nem adta meg a hirdető,,1995,6 m²,,,,
https://www.zenga.hu/ingatlan/elado-teglalakas-debrecen-nagyerdopark/8662858?page=45&pos=7&cr=55,Debrecen eladó téglalakás 3 szobás: 85 millió Ft,85.0,82.0,82 m²,3.0,"Debrecen, Nagyerdő",Téglalakás,,Átlagos,2025-08-17,Gázkazán,Nem adta meg a hirdető,,1967,,,,,
https://www.zenga.hu/ingatlan/elado-egyeb-lakas-budaors/8594105?page=45&pos=8&cr=55,"Budaörs eladó egyéb lakás 3 szobás: 79,9 millió Ft",79.9,60.0,60 m²,3.0,"Budaörs, Kőhíd utca 52/A",Egyéb lakás,2,Újszerű,2025-08-17,,Nem adta meg a hirdető,,,,,,,
https://www.zenga.hu/ingatlan/elado-teglalakas-budapest-ii-kerulet-rozsadomb/8650175?page=45&pos=9&cr=55,Budapest II. kerület eladó téglalakás 3 szobás: 129 millió Ft,129.0,91.0,91 m²,3.0,"Budapest II. kerület, Rózsadomb, Keleti Károly utca",Téglalakás,1,Újszerű,2025-08-17,,,,,,,,,
https://www.zenga.hu/ingatlan/elado-teglalakas-budapest-xv-kerulet-rakospalota/8339425?page=45&pos=10&cr=55,"Budapest XV. kerület eladó téglalakás 1 szobás: 55,5 millió Ft",55.5,47.0,47 m²,1.0,"Budapest XV. kerület, Rákospalota",Téglalakás,2,Jó állapotú,2025-08-17,Gáz (konvektor),Nem adta meg a hirdető,Nincs,1912,,,,,
https://www.zenga.hu/ingatlan/elado-csusztatott-zsalus-lakas-budapest-xi-kerulet-kelenfold/8647287?page=45&pos=11&cr=55,"Budapest XI. kerület eladó csúsztatott zsalus lakás 1+1 fél szobás: 69,9 millió Ft",69.9,49.0,49 m²,1.0,"Budapest XI. kerület, Kelenföld, Fejér Lipót út 61",Csúsztatott zsalus lakás,15,,2025-08-17,,,,,,,,,
https://www.zenga.hu/ingatlan/elado-teglalakas-budapest-xii-kerulet-orbanhegy/8666643?page=45&pos=12&cr=55,Budapest XII. kerület eladó téglalakás 3 szobás: 259 millió Ft,259.0,92.0,92 m²,3.0,"Budapest XII. kerület, Orbánhegy",Téglalakás,3,Újszerű,2025-08-17,Gázkazán,Nem adta meg a hirdető,,1982,,,,,
https://www.zenga.hu/ingatlan/elado-panellakas-dunaujvaros-romai-varosresz/8661932?page=45&pos=13&cr=55,"Dunaújváros eladó panellakás 1+1 fél szobás: 24,7 millió Ft",24.7,35.0,35 m²,1.0,"Dunaújváros, Római városrész",Panellakás,7,Felújított,2025-08-17,Távfűtés,Nem adta meg a hirdető,Nincs,,,,,,25 000 Ft/hó
https://www.zenga.hu/ingatlan/elado-panellakas-budapest-iv-kerulet-ujpest/8662011?page=45&pos=14&cr=55,"Budapest IV. kerület eladó panellakás 2+1 fél szobás: 78,5 millió Ft",78.5,71.0,71 m²,2.0,"Budapest IV. kerület, Újpest, Aradi Utca 15",Panellakás,10,Felújított,2025-08-17,Távfűtés egyedi méréssel,Nem adta meg a hirdető,,,,,,,
https://www.zenga.hu/ingatlan/elado-panellakas-keszthely/8653554?page=45&pos=15&cr=55,"Keszthely eladó panellakás 4 szobás: 62,5 millió Ft",62.5,76.0,76 m²,4.0,Keszthely,Panellakás,3,Felújított,2025-08-17,Gázkazán,DD (2016-2023-as besorolás),Nincs,1992,"4,1 m²",,,,
https://www.zenga.hu/ingatlan/elado-tarsashazi-lakas-budapest-x-kerulet-ohegy/8665569?page=45&pos=16&cr=55,"Budapest X. kerület eladó társasházi lakás 2 szobás: 49,5 millió Ft",49.5,47.0,47 m²,2.0,"Budapest X. kerület, Óhegy",,,,2025-08-17,,,,,,,,,
https://www.zenga.hu/ingatlan/elado-teglalakas-kecskemet/8664072?page=45&pos=17&cr=55,Kecskemét eladó téglalakás 3 szobás: 52 millió Ft,52.0,45.0,45 m²,3.0,Kecskemét,Téglalakás,4,Jó állapotú,2025-08-17,Gázkazán,Nem adta meg a hirdető,,1980,,,,,
https://www.zenga.hu/ingatlan/elado-teglalakas-budapest-xi-kerulet-szentimrevaros/8662642?page=45&pos=18&cr=55,Budapest XI. kerület eladó téglalakás 1+1 fél szobás: 74 millió Ft,74.0,41.0,,,,,,,2025-08-17,,,,,,,,,
https://www.zenga.hu/ingatlan/elado-teglalakas-kecskemet/8619400?page=45&pos=19&cr=55,Kecskemét eladó téglalakás 2 szobás: 44 millió Ft,44.0,36.0,36 m²,2.0,Kecskemét,Téglalakás,1,Felújított,2025-08-17,Gáz (konvektor),Nem adta meg a hirdető,,,8 m²,,,,
https://www.zenga.hu/ingatlan/elado-csusztatott-zsalus-lakas-budapest-xv-kerulet-rakospalota/8651821?page=45&pos=20&cr=55,"Budapest XV. kerület eladó csúsztatott zsalus lakás 2 szobás: 59,9 millió Ft",59.9,51.0,51 m²,2.0,"Budapest XV. kerület, Rákospalota, Kertköz utca",Csúsztatott zsalus lakás,5,,2025-08-17,,,,,,,,,
https://www.zenga.hu/ingatlan/elado-panellakas-kecskemet-belvaros/8661824?page=46&pos=1&cr=55,"Kecskemét eladó panellakás 2 szobás: 46,9 millió Ft",46.9,55.0,55 m²,2.0,"Kecskemét, Belváros, Bagi László utca",Panellakás,,,2025-08-17,Távfűtés egyedi méréssel,Nem adta meg a hirdető,,1986,,,,,
https://www.zenga.hu/ingatlan/elado-teglalakas-nagykata/8665692?page=46&pos=2&cr=55,Nagykáta eladó téglalakás 2 szobás: 38 millió Ft,38.0,59.0,59 m²,2.0,Nagykáta,Téglalakás,3,Jó állapotú,2025-08-17,Távfűtés,Nem adta meg a hirdető,,1972,,,,4 m²,
https://www.zenga.hu/ingatlan/elado-teglalakas-budapest-iii-kerulet-obuda/8657015?page=46&pos=3&cr=55,"Budapest III. kerület eladó téglalakás 1+1 fél szobás: 86,8 millió Ft",86.8,41.0,41 m²,1.0,"Budapest III. kerület, Óbuda, Pacsirtamező u.30.",Téglalakás,5,Új építésű,2025-08-17,Hőszivattyú,,,2023,3 m²,,,,
https://www.zenga.hu/ingatlan/elado-teglalakas-budapest-xi-kerulet/8569018?page=46&pos=4&cr=55,,,,,,,,,,2025-08-17,,,,,,,,,
https://www.zenga.hu/ingatlan/elado-tarsashazi-lakas-mezotur/8513645?page=46&pos=5&cr=55,Mezőtúr eladó társasházi lakás 2 szobás: 18 millió Ft,18.0,51.0,51 m²,2.0,"Mezőtúr, Szabadság tér",Társasházi lakás,4,Átlagos,2025-08-17,Gáz (konvektor),E,,1981,,,,,
https://www.zenga.hu/ingatlan/elado-panellakas-budapest-xv-kerulet-ujpalota/8640957?page=46&pos=6&cr=55,Eladó 2+1 fél szobás panellakás Budapest XV. kerületben,,,,,,,,,2025-08-17,,,,,,,,,
https://www.zenga.hu/ingatlan/elado-panellakas-kecskemet-szechenyivaros/8663802?page=46&pos=8&cr=55,"Kecskemét eladó panellakás 2 szobás: 52,9 millió Ft",52.9,55.0,55 m²,2.0,"Kecskemét, Széchenyiváros",Panellakás,5,Felújított,2025-08-17,Távfűtés egyedi méréssel,B,,,,,,,
https://www.zenga.hu/ingatlan/elado-teglalakas-szombathely-deli-varosresz/8582308?page=46&pos=9&cr=55,"Szombathely eladó téglalakás 2+1 fél szobás: 61,9 millió Ft",61.9,71.0,71 m²,2.0,"Szombathely, Déli városrész",Téglalakás,3,Újszerű,2025-08-17,Házközponti fűtés egyedi méréssel,EE (2016-2023-as besorolás),Nincs,,4 m²,,,38 m²,
https://www.zenga.hu/ingatlan/elado-teglalakas-sopron/8661494?page=46&pos=10&cr=55,Sopron eladó téglalakás 2 szobás: 37 millió Ft,37.0,56.0,56 m²,2.0,"Sopron, Szentlélek utca 1.",Téglalakás,1,Átlagos,2025-08-17,Gázkazán,D,,,,,,,
https://www.zenga.hu/ingatlan/elado-teglalakas-budapest-iv-kerulet-istvantelek/8664191?page=46&pos=11&cr=55,Budapest IV. kerület eladó téglalakás 2 szobás: 55 millió Ft,55.0,70.0,70 m²,2.0,"Budapest IV. kerület, Istvántelek, Elem u. 26.",Téglalakás,1,Jó állapotú,2025-08-17,Gáz (konvektor),A,Nincs,1970,,,,,12 000 Ft/hó
https://www.zenga.hu/ingatlan/elado-teglalakas-gardony/8612418?page=46&pos=12&cr=55,"Gárdony eladó téglalakás 1+4 fél szobás: 57,5 millió Ft",57.5,80.0,80 m²,1.0,Gárdony,,,,2025-08-17,,,,,,,,,
https://www.zenga.hu/ingatlan/elado-teglalakas-budapest-vii-kerulet/8662517?page=46&pos=13&cr=55,"Budapest VII. kerület eladó téglalakás 1 szobás: 43,9 millió Ft",43.9,32.0,32 m²,1.0,Budapest VII. kerület,Téglalakás,4,Átlagos,2025-08-17,Elektromos,Nem adta meg a hirdető,,,,,,,40 Ft/hó
https://www.zenga.hu/ingatlan/elado-tarsashazi-lakas-kecskemet-belvaros/8662390?page=46&pos=14&cr=55,"Kecskemét eladó társasházi lakás 2 szobás: 61,6 millió Ft",61.6,56.0,56 m²,2.0,"Kecskemét, Belváros",Társasházi lakás,5,Jó állapotú,2025-08-17,Távfűtés egyedi méréssel,EE (2016-2023-as besorolás),Nincs,1963,,,,,10 080 Ft/hó
https://www.zenga.hu/ingatlan/elado-teglalakas-nyiregyhaza-belvaros/8609935?page=46&pos=15&cr=55,"Nyíregyháza eladó téglalakás 1 szobás: 24,9 millió Ft",24.9,21.0,21 m²,1.0,"Nyíregyháza, Belváros",Téglalakás,4,Jó állapotú,2025-08-17,Gáz (konvektor),Nem adta meg a hirdető,Nincs,1980,,,,,20 000 Ft/hó
https://www.zenga.hu/ingatlan/elado-tarsashazi-lakas-gyal-gyalliget/8662412?page=46&pos=16&cr=55,Gyál eladó társasházi lakás 3+1 fél szobás: 390 ezer Ft,390.0,96.0,96 m²,3.0,"Gyál, Gyálliget",Társasházi lakás,2,Újszerű,2025-08-17,Házközponti fűtés egyedi méréssel,Nem adta meg a hirdető,,2000,,,,8 m²,
https://www.zenga.hu/ingatlan/elado-teglalakas-budapest-viii-kerulet-magdolnanegyed/8662099?page=46&pos=17&cr=55,Budapest VIII. kerület eladó téglalakás 2 szobás: 68 millió Ft,68.0,60.0,60 m²,2.0,"Budapest VIII. kerület, Magdolnanegyed, Baross utca",Téglalakás,6,Átlagos,2025-08-17,Gázkazán,Nem adta meg a hirdető,,,,,,,
https://www.zenga.hu/ingatlan/elado-teglalakas-budapest-ii-kerulet-orszagut/8649015?page=46&pos=18&cr=55,"Budapest II. kerület eladó téglalakás 2 szobás: 79,5 millió Ft",79.5,56.0,56 m²,2.0,"Budapest II. kerület, Országút, Retek utca 20",Téglalakás,3,Átlagos,2025-08-17,Gáz (konvektor),F,,,,,,8 m²,
https://www.zenga.hu/ingatlan/elado-teglalakas-nyiregyhaza-belvaros/8658425?page=46&pos=19&cr=55,"Nyíregyháza eladó téglalakás 2 szobás: 44,8 millió Ft",44.8,64.0,64 m²,2.0,"Nyíregyháza, Belváros, Ószőlő utca 8",Téglalakás,1,Jó állapotú,2025-08-17,Gázkazán,A+,,,2 m²,,,,
https://www.zenga.hu/ingatlan/elado-teglalakas-nyiregyhaza-belvaros/8662476?page=46&pos=20&cr=55,Nyíregyháza eladó téglalakás 3 szobás: 75 millió Ft,75.0,77.0,77 m²,3.0,"Nyíregyháza, Belváros, ..",Téglalakás,3,Új építésű,2025-08-17,Hőszivattyú,A+,,2025,7 m²,,,,
https://www.zenga.hu/ingatlan/elado-teglalakas-budapest-xiv-kerulet-alsorakos/8461948?page=47&pos=1&cr=55,Budapest XIV. kerület eladó téglalakás 1 szobás: 60 millió Ft,60.0,44.0,44 m²,1.0,"Budapest XIV. kerület, Alsórákos",Téglalakás,4,Felújított,2025-08-17,Gázkazán,Nem adta meg a hirdető,,,,,,,
https://www.zenga.hu/ingatlan/elado-teglalakas-vac/8634740?page=47&pos=2&cr=55,Vác eladó téglalakás 4 szobás: 88 millió Ft,88.0,75.0,75 m²,4.0,Vác,Téglalakás,3,Újszerű,2025-08-17,Hőszivattyú,A++,Nincs,2023,4 m²,,,10 m²,30 000 Ft/hó
https://www.zenga.hu/ingatlan/elado-teglalakas-budapest-i-kerulet-vizivaros-i-ker/8662034?page=47&pos=3&cr=55,"Budapest I. kerület eladó téglalakás 1+1 fél szobás: 97,8 millió Ft",97.8,42.0,42 m²,1.0,"Budapest I. kerület, Víziváros I. ker.",Téglalakás,3,Felújított,2025-08-17,Gázkazán,Nem adta meg a hirdető,,,,,,,
https://www.zenga.hu/ingatlan/elado-csusztatott-zsalus-lakas-budapest-iv-kerulet-ujpest/8658746?page=47&pos=4&cr=55,"Budapest IV. kerület eladó csúsztatott zsalus lakás 2 szobás: 52,5 millió Ft",52.5,50.0,50 m²,2.0,"Budapest IV. kerület, Újpest, Reviczky utca",Csúsztatott zsalus lakás,4,Felújítandó,2025-08-17,Gáz (konvektor),Nem adta meg a hirdető,Nincs,1973,"2,1 m²",,,,12 050 Ft/hó
https://www.zenga.hu/ingatlan/elado-panellakas-pecs-kertvaros/8508319?page=47&pos=5&cr=55,"Pécs eladó panellakás 3+1 fél szobás: 54,9 millió Ft",54.9,74.0,74 m²,3.0,"Pécs, Kertváros",Panellakás,4,Felújított,2025-08-17,Távfűtés egyedi méréssel,Nem adta meg a hirdető,,,2 m²,,,,
https://www.zenga.hu/ingatlan/elado-panellakas-bekescsaba-belvaros/8658660?page=47&pos=6&cr=55,"Békéscsaba eladó panellakás 2 szobás: 34,8 millió Ft",34.8,50.0,50 m²,2.0,"Békéscsaba, Belváros, Petőfi utca 10",Panellakás,4,Felújított,2025-08-17,Gázkazán,A+++,,,,,,,25 000 Ft/hó
https://www.zenga.hu/ingatlan/elado-egyeb-lakas-sarvar/8317657?page=47&pos=7&cr=55,"Sárvár eladó egyéb lakás 1 szobás: 38,19 millió Ft",38.19,40.0,40 m²,1.0,Sárvár,Egyéb lakás,,Új építésű,2025-08-17,,AA+ (2016-2023-as besorolás),,2024,,,,,
https://www.zenga.hu/ingatlan/elado-teglalakas-budapest-x-kerulet/8648369?page=47&pos=8&cr=55,"Budapest X. kerület eladó téglalakás 1 szobás: 47,5 millió Ft",47.5,35.0,35 m²,,,,,,2025-08-17,,,,,,,,,
https://www.zenga.hu/ingatlan/elado-egyeb-lakas-sarvar/8321260?page=47&pos=9&cr=55,"Sárvár eladó egyéb lakás 3 szobás: 56,04 millió Ft",56.04,53.0,53 m²,3.0,Sárvár,Egyéb lakás,,Új építésű,2025-08-17,,AA+ (2016-2023-as besorolás),,2025,,,,,
https://www.zenga.hu/ingatlan/elado-teglalakas-debrecen-nagyerdopark/8653549?page=47&pos=10&cr=55,,,,,,,,,,2025-08-17,,,,,,,,,
https://www.zenga.hu/ingatlan/elado-panellakas-budapest-xi-kerulet-kelenfold/8653534?page=47&pos=12&cr=55,Budapest XI. kerület eladó panellakás 1+1 fél szobás: 69 millió Ft,69.0,45.0,45 m²,1.0,"Budapest XI. kerület, Kelenföld",Panellakás,10,Felújított,2025-08-17,,,,,,,,,
https://www.zenga.hu/ingatlan/elado-teglalakas-szentes/8658423?page=47&pos=14&cr=55,Szentes eladó téglalakás 2 szobás: 32 millió Ft,32.0,67.0,67 m²,2.0,Szentes,Téglalakás,1,Átlagos,2025-08-17,Gázkazán,H,Nincs,1978,3 m²,,,,20 000 Ft/hó
https://www.zenga.hu/ingatlan/elado-teglalakas-zalaegerszeg-kertvaros/8642982?page=47&pos=15&cr=55,"Zalaegerszeg eladó téglalakás 1 szobás: 33,7 millió Ft",33.7,47.0,47 m²,1.0,"Zalaegerszeg, Kertváros",Téglalakás,2,Felújított,2025-08-17,Gázkazán,Nem adta meg a hirdető,,1991,,,,,
https://www.zenga.hu/ingatlan/elado-panellakas-nyiregyhaza-orokosfold/8653650?page=47&pos=17&cr=55,Nyíregyháza eladó panellakás 1+2 fél szobás: 45 millió Ft,45.0,61.0,61 m²,1.0,"Nyíregyháza, Örökösföld",Panellakás,2,Jó állapotú,2025-08-17,Távfűtés,Nem adta meg a hirdető,,,4 m²,,,,
https://www.zenga.hu/ingatlan/elado-panellakas-budapest-xxi-kerulet/8636476?page=47&pos=18&cr=55,"Budapest XXI. kerület eladó panellakás 1 szobás: 47,9 millió Ft",47.9,37.0,37 m²,1.0,"Budapest XXI. kerület, kossuth 142",Panellakás,10,Újszerű,2025-08-17,Távfűtés,Nem adta meg a hirdető,,,,,,,30 000 Ft/hó
https://www.zenga.hu/ingatlan/elado-panellakas-debrecen-ujkert/8587545?page=47&pos=19&cr=55,"Debrecen eladó panellakás 1+2 fél szobás: 66,5 millió Ft",66.5,70.0,70 m²,1.0,"Debrecen, Újkert, Károlyi Mihály",Panellakás,10,Jó állapotú,2025-08-17,Távfűtés egyedi méréssel,E,,1981,"1,5 m²",,,,45 000 Ft/hó
https://www.zenga.hu/ingatlan/elado-teglalakas-szolnok-belvaros/8586797?page=47&pos=20&cr=55,"Szolnok eladó téglalakás 2 szobás: 24,7 millió Ft",24.7,53.0,53 m²,2.0,"Szolnok, Belváros",Téglalakás,1,Felújítandó,2025-08-17,Gáz (konvektor),A+,Nincs,1980,4 m²,,,,40 000 Ft/hó
https://www.zenga.hu/ingatlan/elado-teglalakas-budapest-vii-kerulet-ligetvaros/8527739?page=48&pos=1&cr=55,"Budapest VII. kerület eladó téglalakás 1 szobás: 63,9 millió Ft",63.9,47.0,47 m²,1.0,"Budapest VII. kerület, Ligetváros",Téglalakás,3,Jó állapotú,2025-08-17,,,,,,,,,
https://www.zenga.hu/ingatlan/elado-teglalakas-budapest-xviii-kerulet-rendessytelep/8648977?page=48&pos=2&cr=55,,,,,,,,,,2025-08-17,,,,,,,,,
https://www.zenga.hu/ingatlan/elado-teglalakas-dunaujvaros-belvaros/8634708?page=48&pos=3&cr=55,"Dunaújváros eladó téglalakás 2 szobás: 39,9 millió Ft",39.9,54.0,54 m²,2.0,"Dunaújváros, Belváros, Erkel kert 5",Téglalakás,4,Felújított,2025-08-17,Házközponti fűtés egyedi méréssel,EE (2016-2023-as besorolás),,1952,2 m²,,,,25 000 Ft/hó
https://www.zenga.hu/ingatlan/elado-panellakas-szeged-ujrokus/8653684?page=48&pos=4&cr=55,"Szeged eladó panellakás 2 szobás: 51,6 millió Ft",51.6,55.0,55 m²,2.0,"Szeged, Újrókus",Panellakás,5,Jó állapotú,2025-08-17,Távfűtés,F,,1980,"3,5 m²",,,,
https://www.zenga.hu/ingatlan/elado-teglalakas-budapest-viii-kerulet-corvin-negyed/8644733?page=48&pos=5&cr=55,"Budapest VIII. kerület eladó téglalakás 1 szobás: 41,9 millió Ft",41.9,26.0,26 m²,1.0,"Budapest VIII. kerület, Corvin negyed",Téglalakás,4,Jó állapotú,2025-08-17,Gáz (konvektor),,,,,,,,
https://www.zenga.hu/ingatlan/elado-tarsashazi-lakas-nyiregyhaza/8601454?page=48&pos=6&cr=55,Eladó 1+2 fél szobás társasházi lakás Nyíregyházán,,,,,,,,,2025-08-17,,,,,,,,,
https://www.zenga.hu/ingatlan/elado-tarsashazi-lakas-nyiregyhaza/7932623?page=48&pos=7&cr=55,Nyíregyháza eladó társasházi lakás 3 szobás: 44 millió Ft,44.0,85.0,85 m²,3.0,Nyíregyháza,Társasházi lakás,,,2025-08-17,,,,,,,,,
https://www.zenga.hu/ingatlan/elado-teglalakas-budapest-iii-kerulet-filatorigat/8644739?page=48&pos=8&cr=55,,,,,,,,,,2025-08-17,,,,,,,,,
https://www.zenga.hu/ingatlan/elado-teglalakas-budapest-xi-kerulet-szentimrevaros/8652989?page=48&pos=10&cr=55,"Budapest XI. kerület eladó téglalakás 2+1 fél szobás: 117,9 millió Ft",117.9,78.0,78 m²,,,,,,2025-08-17,,,,,,,,,
https://www.zenga.hu/ingatlan/elado-panellakas-pecs/8620698?page=48&pos=11&cr=55,Pécs eladó panellakás 2 szobás: 40 millió Ft,40.0,52.0,52 m²,2.0,Pécs,Panellakás,4,Jó állapotú,2025-08-17,Távfűtés egyedi méréssel,A+,,,2 m²,,,,
https://www.zenga.hu/ingatlan/elado-teglalakas-budapest-ix-kerulet/8610586?page=48&pos=12&cr=55,"Budapest IX. kerület eladó téglalakás 2 szobás: 45,9 millió Ft",45.9,53.0,53 m²,2.0,Budapest IX. kerület,Téglalakás,,Jó állapotú,2025-08-17,,,,,,,,,
https://www.zenga.hu/ingatlan/elado-panellakas-szekesfehervar-kofem-lakotelep/8636450?page=48&pos=13&cr=55,"Székesfehérvár eladó panellakás 2 szobás: 42,5 millió Ft",42.5,47.0,47 m²,2.0,"Székesfehérvár, Köfém lakótelep",Panellakás,4,Jó állapotú,2025-08-17,Távfűtés,D,,1970,,,,,
https://www.zenga.hu/ingatlan/elado-teglalakas-mateszalka/8649084?page=48&pos=14&cr=55,"Mátészalka eladó téglalakás 3 szobás: 42,9 millió Ft",42.9,69.0,69 m²,3.0,"Mátészalka, Széchenyi utca 6",Téglalakás,2,Felújított,2025-08-17,Gázkazán,C,Nincs,2004,,,,15 m²,
https://www.zenga.hu/ingatlan/elado-teglalakas-erd-dombosvaros/8545120?page=48&pos=15&cr=55,Érd eladó téglalakás 2+1 fél szobás: 85 millió Ft,,,,,,,,,2025-08-17,,,,,,,,,
https://www.zenga.hu/ingatlan/elado-tarsashazi-lakas-budapest-xx-kerulet-gubacsipuszta/8643941?page=48&pos=16&cr=55,Budapest XX. kerület eladó társasházi lakás 2+1 fél szobás: 90 millió Ft,90.0,94.0,,,,,,,2025-08-17,,,,,,,,,
https://www.zenga.hu/ingatlan/elado-csusztatott-zsalus-lakas-budapest-xx-kerulet-pesterzsebet/8637863?page=48&pos=17&cr=55,"Budapest XX. kerület eladó csúsztatott zsalus lakás 1+1 fél szobás: 50,5 millió Ft",50.5,57.0,57 m²,1.0,"Budapest XX. kerület, Pesterzsébet",Csúsztatott zsalus lakás,5,Felújítandó,2025-08-17,Távfűtés egyedi méréssel,F,Nincs,1970,6 m²,,,,28 Ft/hó
https://www.zenga.hu/ingatlan/elado-teglalakas-siofok/8561242?page=48&pos=18&cr=55,"Siófok eladó téglalakás 4 szobás: 69,9 millió Ft",69.9,84.0,84 m²,4.0,Siófok,Téglalakás,,Átlagos,2025-08-17,Gázkazán,Nem adta meg a hirdető,,1980,,,,,
https://www.zenga.hu/ingatlan/elado-tarsashazi-lakas-budapest-iii-kerulet-obuda/8647545?page=48&pos=19&cr=55,Budapest III. kerület eladó társasházi lakás 2 szobás: 90 millió Ft,90.0,61.0,61 m²,2.0,"Budapest III. kerület, Óbuda",Társasházi lakás,4,Jó állapotú,2025-08-17,Gázkazán,Nem adta meg a hirdető,,1948,3 m²,,,,
https://www.zenga.hu/ingatlan/elado-panellakas-pecs-kertvaros/8588747?page=48&pos=20&cr=55,Pécs eladó panellakás 3 szobás: 43 millió Ft,43.0,63.0,63 m²,3.0,"Pécs, Kertváros, Tildy Zoltán",Panellakás,10,Jó állapotú,2025-08-17,Távfűtés egyedi méréssel,A+,,1980,3 m²,,,,
https://www.zenga.hu/ingatlan/elado-teglalakas-budapest-ix-kerulet-kozepso-ferencvaros/8572850?page=49&pos=1&cr=55,"Budapest IX. kerület eladó téglalakás 1+2 fél szobás: 88,8 millió Ft",88.8,52.0,52 m²,1.0,"Budapest IX. kerület, Középső Ferencváros",Téglalakás,7,Jó állapotú,2025-08-17,Házközponti fűtés egyedi méréssel,B,Nincs,2010,6 m²,,,,41 000 Ft/hó
https://www.zenga.hu/ingatlan/elado-teglalakas-pecs-belvaros/8637014?page=49&pos=2&cr=55,"Pécs eladó téglalakás 2+1 fél szobás: 58,5 millió Ft",58.5,59.0,59 m²,2.0,"Pécs, Belváros, Nagy Lajos király útja 2.",Téglalakás,4,Felújított,2025-08-17,Távfűtés egyedi méréssel,Nem adta meg a hirdető,,,,,,,
https://www.zenga.hu/ingatlan/elado-panellakas-debrecen-venkert/8342740?page=49&pos=3&cr=55,"Debrecen eladó panellakás 2+2 fél szobás: 59,9 millió Ft",59.9,73.0,73 m²,2.0,"Debrecen, Vénkert, Domokos Lajos utca",Panellakás,4,Jó állapotú,2025-08-17,Távfűtés egyedi méréssel,D,Nincs,,3 m²,,,,
https://www.zenga.hu/ingatlan/elado-panellakas-budapest-ix-kerulet-jozsef-attila-lakotelep/8644713?page=49&pos=4&cr=55,"Budapest IX. kerület eladó panellakás 1+1 fél szobás: 59,9 millió Ft",59.9,35.0,35 m²,1.0,"Budapest IX. kerület, József Attila lakótelep",Panellakás,10,Újszerű,2025-08-17,Távfűtés egyedi méréssel,Nem adta meg a hirdető,Nincs,,,,,,
https://www.zenga.hu/ingatlan/elado-teglalakas-budapest-vii-kerulet-nagykoruton-beluli-terulet/8634932?page=49&pos=5&cr=55,"Budapest VII. kerület eladó téglalakás 2+2 fél szobás: 132,9 millió Ft",132.9,80.0,80 m²,2.0,"Budapest VII. kerület, Belső-Erzsébetváros, Klauzál tér 13",Téglalakás,2,Felújított,2025-08-17,Gázkazán,D,,1940,,,,,
https://www.zenga.hu/ingatlan/elado-teglalakas-debrecen/8634801?page=49&pos=6&cr=55,Debrecen eladó téglalakás 1+1 fél szobás: 55 millió Ft,55.0,42.0,42 m²,1.0,Debrecen,Téglalakás,2,Jó állapotú,2025-08-17,,,,,,,,,
https://www.zenga.hu/ingatlan/elado-teglalakas-budapest-vii-kerulet-ligetvaros/8643929?page=49&pos=7&cr=55,"Budapest VII. kerület eladó téglalakás 2 szobás: 89,5 millió Ft",89.5,69.0,69 m²,2.0,"Budapest VII. kerület, Ligetváros, Damjanich Utca 46",Téglalakás,4,Felújított,2025-08-17,Gázkazán,A,,,,,,,25 000 Ft/hó
https://www.zenga.hu/ingatlan/elado-tarsashazi-lakas-budapest-ix-kerulet/8642791?page=49&pos=9&cr=55,Budapest IX. kerület eladó társasházi lakás 1 szobás: 49 millió Ft,49.0,34.0,34 m²,1.0,Budapest IX. kerület,Társasházi lakás,6,Átlagos,2025-08-17,Távfűtés egyedi méréssel,A,Nincs,2005,4 m²,,,,27 000 Ft/hó
https://www.zenga.hu/ingatlan/elado-teglalakas-debrecen/8641620?page=49&pos=10&cr=55,Debrecen eladó téglalakás 2 szobás: 59 millió Ft,59.0,48.0,48 m²,2.0,Debrecen,Téglalakás,4,Jó állapotú,2025-08-17,Gáz (konvektor),Nem adta meg a hirdető,,,,,,,
https://www.zenga.hu/ingatlan/elado-panellakas-gyor-kismegyer/8636383?page=49&pos=11&cr=55,"Győr eladó panellakás 3 szobás: 51,5 millió Ft",51.5,64.0,64 m²,3.0,"Győr, Kismegyer",Panellakás,4,Felújított,2025-08-17,Távfűtés egyedi méréssel,A++,,1982,3 m²,,,,20 000 Ft/hó
https://www.zenga.hu/ingatlan/elado-tarsashazi-lakas-komarom-csillag-lakotelep/8638038?page=49&pos=12&cr=55,"Komárom eladó társasházi lakás 1 szobás: 39,6 millió Ft",39.6,44.0,44 m²,1.0,"Komárom, Csillag lakótelep",Társasházi lakás,3,Felújított,2025-08-17,Elektromos,Nem adta meg a hirdető,Nincs,,,,,,
https://www.zenga.hu/ingatlan/elado-tarsashazi-lakas-budapest-ix-kerulet-kozepso-ferencvaros/8553446?page=49&pos=13&cr=55,"Budapest IX. kerület eladó társasházi lakás 2+2 fél szobás: 92,9 millió Ft",92.9,80.0,80 m²,2.0,"Budapest IX. kerület, Középső Ferencváros",Társasházi lakás,4,Jó állapotú,2025-08-17,Házközponti,Nem adta meg a hirdető,,1983,,,,6 m²,60 000 Ft/hó
https://www.zenga.hu/ingatlan/elado-panellakas-veszprem-jutasi-uti-lakotelep/8552591?page=49&pos=14&cr=55,"Veszprém eladó panellakás 1+3 fél szobás: 44,9 millió Ft",44.9,76.0,76 m²,1.0,"Veszprém, Jutasi úti lakótelep, Haszkovó 16",Panellakás,10,Átlagos,2025-08-17,Távfűtés egyedi méréssel,Nem adta meg a hirdető,,1980,4 m²,,,,
https://www.zenga.hu/ingatlan/elado-teglalakas-nyiregyhaza/8636515?page=49&pos=15&cr=55,"Nyíregyháza eladó téglalakás 2 szobás: 36,9 millió Ft",36.9,52.0,52 m²,2.0,"Nyíregyháza, Garibaldi ut 51",Téglalakás,3,Jó állapotú,2025-08-17,Gáz (konvektor),A++,,,,,,,22 000 Ft/hó
https://www.zenga.hu/ingatlan/elado-teglalakas-budapest-vi-kerulet/8589421?page=49&pos=16&cr=55,Budapest VI. kerület eladó téglalakás 1 szobás: 47 millió Ft,47.0,26.0,26 m²,1.0,Budapest VI. kerület,Téglalakás,,Felújított,2025-08-17,Elektromos,F,,1920,,,,,
https://www.zenga.hu/ingatlan/elado-tarsashazi-lakas-budapest-vii-kerulet-nagykoruton-kivuli-terulet/8635907?page=49&pos=17&cr=55,Budapest VII. kerület eladó társasházi lakás 1+1 fél szobás: 44 millió Ft,44.0,24.0,24 m²,1.0,"Budapest VII. kerület, Külső-Erzsébetváros",Társasházi lakás,4,Átlagos,2025-08-17,Elektromos,Nem adta meg a hirdető,Nincs,1912,,,,,30 000 Ft/hó
https://www.zenga.hu/ingatlan/elado-teglalakas-nagykanizsa/8635086?page=49&pos=18&cr=55,Nagykanizsa eladó téglalakás 3 szobás: 54 millió Ft,54.0,87.0,87 m²,3.0,Nagykanizsa,Téglalakás,2,Felújított,2025-08-17,Gázkazán,Nem adta meg a hirdető,,,,,,,
https://www.zenga.hu/ingatlan/elado-panellakas-debrecen-tocoskert/8606970?page=49&pos=19&cr=55,"Debrecen eladó panellakás 1+2 fél szobás: 58,9 millió Ft",58.9,61.0,61 m²,1.0,"Debrecen, Tócóskert, Kishegyesi út",Panellakás,10,Jó állapotú,2025-08-17,Távfűtés,C,,1980,3 m²,,,,
https://www.zenga.hu/ingatlan/elado-panellakas-miskolc-diosgyor/8631983?page=49&pos=20&cr=55,Miskolc eladó panellakás 2+1 fél szobás: 30 millió Ft,30.0,62.0,62 m²,2.0,"Miskolc, Diósgyőr, Árpád út 56 4/1",Panellakás,10,Felújított,2025-08-17,Távfűtés egyedi méréssel,A++,,,2 m²,,,,
https://www.zenga.hu/ingatlan/elado-teglalakas-kormend-belvaros/8497558?page=50&pos=6&cr=55,"Körmend eladó téglalakás 3+1 fél szobás: 48,9 millió Ft",48.9,80.0,80 m²,3.0,"Körmend, Belváros, Kossuth Lajos utca 2",Téglalakás,4,Felújított,2025-08-17,Házközponti fűtés egyedi méréssel,A+,Nincs,1990,6 m²,,,,15 000 Ft/hó
https://www.zenga.hu/ingatlan/elado-teglalakas-sopron/8667978?page=50&pos=7&cr=52,"Sopron eladó téglalakás 3 szobás: 49,9 millió Ft",49.9,56.0,56 m²,3.0,Sopron,Téglalakás,,,2025-08-17,Gáz (konvektor),Nem adta meg a hirdető,,1965,4 m²,,,,
https://www.zenga.hu/ingatlan/elado-panellakas-pecs-kertvaros/8665816?page=50&pos=8&cr=52,"Pécs eladó panellakás 2 szobás: 49,9 millió Ft",49.9,54.0,54 m²,2.0,"Pécs, Kertváros",Panellakás,10,Felújított,2025-08-17,Távfűtés,Nem adta meg a hirdető,,1974,4 m²,,,,
https://www.zenga.hu/ingatlan/elado-teglalakas-budapest-iii-kerulet/8626081?page=50&pos=9&cr=52,"Budapest III. kerület eladó téglalakás 1 szobás: 72,5 millió Ft",72.5,46.0,46 m²,,,,,,2025-08-17,,,,,,,,,
https://www.zenga.hu/ingatlan/elado-panellakas-mosonmagyarovar/8660316?page=50&pos=10&cr=52,"Mosonmagyaróvár eladó panellakás 2 szobás: 42,9 millió Ft",42.9,55.0,55 m²,2.0,Mosonmagyaróvár,Panellakás,4,Jó állapotú,2025-08-17,Távfűtés egyedi méréssel,Nem adta meg a hirdető,,1980,4 m²,,,,
https://www.zenga.hu/ingatlan/elado-teglalakas-sopron/8652895?page=50&pos=12&cr=52,"Sopron eladó téglalakás 2 szobás: 49,9 millió Ft",49.9,64.0,64 m²,2.0,Sopron,Téglalakás,1,Jó állapotú,2025-08-17,Hőszivattyú,Nem adta meg a hirdető,,1960,,,,,
https://www.zenga.hu/ingatlan/elado-teglalakas-budapest-xvi-kerulet-rakosszentmihaly/8636892?page=50&pos=13&cr=52,Budapest XVI. kerület eladó téglalakás 3 szobás: 105 millió Ft,105.0,71.0,71 m²,3.0,"Budapest XVI. kerület, Rákosszentmihály, Hársfavirág 53",Téglalakás,4,Újszerű,2025-08-17,,,,,,,,,
https://www.zenga.hu/ingatlan/elado-tarsashazi-lakas-budapest-xiv-kerulet/8557424?page=50&pos=14&cr=51,"Budapest XIV. kerület eladó társasházi lakás 3 szobás: 134,74 millió Ft",134.74,96.0,96 m²,3.0,"Budapest XIV. kerület, Nagypolgári lakás, Ilka utca",Társasházi lakás,,Újszerű,2025-08-17,Gázkazán,Nem adta meg a hirdető,Nincs,1920,,,,,
https://www.zenga.hu/ingatlan/elado-tarsashazi-lakas-budapest-xiii-kerulet/8555702?page=50&pos=15&cr=51,"Budapest XIII. kerület eladó társasházi lakás 2+1 fél szobás: 67,5 millió Ft",67.5,55.0,55 m²,2.0,"Budapest XIII. kerület, Rokolya utca közvetlen közelében",Társasházi lakás,,Átlagos,2025-08-17,Gázkazán,Nem adta meg a hirdető,Nincs,1950,,,,,
https://www.zenga.hu/ingatlan/elado-egyeb-lakas-siofok-ezustpart/8514241?page=50&pos=16&cr=51,"Siófok eladó egyéb lakás 2 szobás: 80,14 millió Ft",80.14,55.0,55 m²,2.0,"Siófok, Ezüstpart",Egyéb lakás,,Új építésű,2025-08-17,Hőszivattyú,Nem adta meg a hirdető,,2023,,,,,
https://www.zenga.hu/ingatlan/elado-csusztatott-zsalus-lakas-zalaegerszeg-belvaros/8668043?page=50&pos=17&cr=51,"Zalaegerszeg eladó csúsztatott zsalus lakás 1 szobás: 26,9 millió Ft",26.9,32.0,32 m²,1.0,"Zalaegerszeg, Belváros",Csúsztatott zsalus lakás,,,2025-08-17,Házközponti,Nem adta meg a hirdető,,1975,4 m²,,,,
https://www.zenga.hu/ingatlan/elado-tarsashazi-lakas-budapest-xiv-kerulet/8588060?page=50&pos=18&cr=51,"Budapest XIV. kerület eladó társasházi lakás 1 szobás: 34,9 millió Ft",34.9,29.0,29 m²,1.0,"Budapest XIV. kerület, Kerepesi út",Társasházi lakás,,Átlagos,2025-08-17,Gáz (konvektor),Nem adta meg a hirdető,Nincs,1960,,,,,
https://www.zenga.hu/ingatlan/elado-tarsashazi-lakas-budapest-iii-kerulet/8588669?page=50&pos=19&cr=51,"Budapest III. kerület eladó társasházi lakás 1 szobás: 42,9 millió Ft",42.9,27.0,27 m²,1.0,"Budapest III. kerület, Flórián tér közeli csendes utca",Társasházi lakás,,Újszerű,2025-08-17,Elektromos,Nem adta meg a hirdető,Nincs,1980,,,,,
https://www.zenga.hu/ingatlan/elado-tarsashazi-lakas-budapest-xix-kerulet/8559019?page=50&pos=20&cr=51,Budapest XIX. kerület eladó társasházi lakás 1+2 fél szobás: 54 millió Ft,54.0,53.0,53 m²,1.0,"Budapest XIX. kerület, Felső-Kispest",Társasházi lakás,,Átlagos,2025-08-17,Távfűtés,Nem adta meg a hirdető,Nincs,1981,,,,,
https://www.zenga.hu/ingatlan/elado-teglalakas-budapest-vii-kerulet/8487660?page=51&pos=1&cr=50,"Budapest VII. kerület eladó téglalakás 1 szobás: 54,9 millió Ft",54.9,39.0,39 m²,1.0,Budapest VII. kerület,Téglalakás,3,Jó állapotú,2025-08-17,Gáz (konvektor),H,,,,,,,25 000 Ft/hó
https://www.zenga.hu/ingatlan/elado-teglalakas-szeged-belvaros/8410187?page=51&pos=2&cr=50,Szeged eladó téglalakás 2+1 fél szobás: 53 millió Ft,53.0,70.0,70 m²,2.0,"Szeged, Belváros, Bartók tér",Téglalakás,4,Felújítandó,2025-08-17,Gáz (konvektor),I,,,"1,5 m²",,,,
https://www.zenga.hu/ingatlan/elado-teglalakas-pecs-belvaros/8508991?page=51&pos=3&cr=50,"Pécs eladó téglalakás 1 szobás: 31,5 millió Ft",31.5,33.0,33 m²,1.0,"Pécs, Belváros",Téglalakás,3,Jó állapotú,2025-08-17,Gáz (konvektor),Nem adta meg a hirdető,,,,,,,
https://www.zenga.hu/ingatlan/elado-teglalakas-budapest-vii-kerulet-nagykoruton-beluli-terulet/8622506?page=51&pos=4&cr=50,Budapest VII. kerület eladó téglalakás 3 szobás: 117 millió Ft,117.0,86.0,86 m²,3.0,"Budapest VII. kerület, Belső-Erzsébetváros, Nyár utca",Téglalakás,2,Felújított,2025-08-17,Egyéb kazán,Nem adta meg a hirdető,,,,,,,
https://www.zenga.hu/ingatlan/elado-tarsashazi-lakas-budapest-iii-kerulet-filatorigat/8619600?page=51&pos=5&cr=50,Budapest III. kerület eladó társasházi lakás 3 szobás: 298 millió Ft,298.0,108.0,108 m²,3.0,"Budapest III. kerület, Filatorigát",Társasházi lakás,13,Új építésű,2025-08-17,Mennyezeti hűtés-fűtés,A+++,,2025,30 m²,,,30 m²,10 000 Ft/hó
https://www.zenga.hu/ingatlan/elado-teglalakas-balatonlelle/8424239?page=51&pos=7&cr=50,"Eladó 1 szobás téglalakás 58,99 millió Ft értékben Balatonlellén - My Lelle Residence lakóparkban",58.99,37.0,37 m²,1.0,Balatonlelle,Téglalakás,3,Új építésű,2025-08-17,Padlófűtés,A,,,9 m²,,2026. 2. negyedév,11 m²,
https://www.zenga.hu/ingatlan/elado-teglalakas-szeged-rokus/8536191?page=51&pos=8&cr=50,Szeged eladó téglalakás 4 szobás: 87 millió Ft,87.0,98.0,98 m²,4.0,"Szeged, Rókus, Makkoserdő sor",Téglalakás,3,Felújított,2025-08-17,Gázkazán,E,,1990,15 m²,,,,10 000 Ft/hó
https://www.zenga.hu/ingatlan/elado-teglalakas-budapest-xiii-kerulet/7930680?page=51&pos=9&cr=50,"Eladó 4 szobás téglalakás 119,65 millió Ft értékben Budapest XIII. kerületben - Kamilla Club House By Astora lakóparkban",119.65,71.0,71 m²,4.0,"Budapest XIII. kerület, Jász utca 48",Téglalakás,5,Új építésű,2025-08-17,Egyéb,A++,,,,,2025. 3. negyedév,"18,4 m²",
https://www.zenga.hu/ingatlan/elado-teglalakas-debrecen-homokkert/8545538?page=51&pos=10&cr=50,Debrecen eladó téglalakás 4+1 fél szobás: 110 millió Ft,110.0,102.0,102 m²,4.0,"Debrecen, Homokkert",Téglalakás,2,Újszerű,2025-08-17,Hőszivattyú,A++,Van,2019,,,,118 m²,40 000 Ft/hó
https://www.zenga.hu/ingatlan/elado-teglalakas-szekesfehervar-horvat-istvan-lakotelep/8539726?page=51&pos=11&cr=50,"Székesfehérvár eladó téglalakás 2 szobás: 44,9 millió Ft",44.9,54.0,54 m²,2.0,"Székesfehérvár, Horvát István lakótelep, horvát istván",Téglalakás,4,Átlagos,2025-08-17,Gáz (konvektor),Nem adta meg a hirdető,,,3 m²,,,,
https://www.zenga.hu/ingatlan/elado-teglalakas-szeged-belvaros/8523175?page=51&pos=12&cr=50,"Szeged eladó téglalakás 2+1 fél szobás: 59,9 millió Ft",59.9,54.0,54 m²,2.0,"Szeged, Belváros",Téglalakás,4,Jó állapotú,2025-08-17,Elektromos,I,,1975,,,,,30 000 Ft/hó
https://www.zenga.hu/ingatlan/elado-tarsashazi-lakas-balatonlelle/8494651?page=51&pos=13&cr=50,Balatonlelle eladó társasházi lakás 4 szobás: 85 millió Ft,85.0,135.0,135 m²,4.0,Balatonlelle,Társasházi lakás,2,Jó állapotú,2025-08-17,Nincs fűtés,Nem adta meg a hirdető,,1998,,,,,
https://www.zenga.hu/ingatlan/elado-teglalakas-budapest-xiii-kerulet-ujlipotvaros/8474891?page=51&pos=14&cr=50,Budapest XIII. kerület eladó téglalakás 2+1 fél szobás: 98 millió Ft,98.0,86.0,86 m²,,,,,,2025-08-17,,,,,,,,,
https://www.zenga.hu/ingatlan/elado-teglalakas-budapest-ix-kerulet/8460218?page=51&pos=15&cr=50,Budapest IX. kerület eladó téglalakás 2 szobás: 108 millió Ft,108.0,92.0,92 m²,2.0,"Budapest IX. kerület, Lechner Ödön fasor 2",Téglalakás,8,Átlagos,2025-08-17,Fan coil,C,,,,,,50 m²,
https://www.zenga.hu/ingatlan/elado-tarsashazi-lakas-budapest-vii-kerulet-nagykoruton-kivuli-terulet/8460266?page=51&pos=16&cr=50,,,,,,,,,,2025-08-17,,,,,,,,,
https://www.zenga.hu/ingatlan/elado-teglalakas-balatonlelle/8255572?page=51&pos=17&cr=50,"Eladó 2 szobás téglalakás 59,99 millió Ft értékben Balatonlellén - Napsugár Resorts II ütem lakóparkban",59.99,43.0,43 m²,2.0,Balatonlelle,Téglalakás,3,Új építésű,2025-08-17,Hőszivattyú,B,,,"10,3 m²",,2026. 2. negyedév,,
https://www.zenga.hu/ingatlan/elado-teglalakas-balatonlelle/8255575?page=51&pos=18&cr=50,"Eladó 2 szobás téglalakás 61,99 millió Ft értékben Balatonlellén - Napsugár Resorts II ütem lakóparkban",61.99,43.0,43 m²,2.0,Balatonlelle,Téglalakás,3,Új építésű,2025-08-17,Hőszivattyú,B,,,"10,4 m²",,2026. 2. negyedév,,
https://www.zenga.hu/ingatlan/elado-teglalakas-balatonlelle/8255561?page=51&pos=19&cr=50,"Eladó 2 szobás téglalakás 61,99 millió Ft értékben Balatonlellén - Napsugár Resorts II ütem lakóparkban",61.99,48.0,48 m²,2.0,Balatonlelle,Téglalakás,3,Új építésű,2025-08-17,Hőszivattyú,B,,,,,2026. 2. negyedév,"13,8 m²",
https://www.zenga.hu/ingatlan/elado-teglalakas-budaors/8255290?page=51&pos=20&cr=50,Budaörs eladó téglalakás 3 szobás: 145 millió Ft,145.0,90.0,90 m²,3.0,Budaörs,Téglalakás,2,Felújított,2025-08-17,Elektromos,A,,,,,,18 m²,
https://www.zenga.hu/ingatlan/elado-teglalakas-eger-karolyvaros/8669224?page=52&pos=1&cr=48,Eger eladó téglalakás 2+2 fél szobás: 73 millió Ft,73.0,75.0,75 m²,2.0,"Eger, Károlyváros",Téglalakás,,Átlagos,2025-08-17,Gázkazán,Nem adta meg a hirdető,,2008,,,,,
https://www.zenga.hu/ingatlan/elado-panellakas-pecs/8661976?page=52&pos=2&cr=46,Pécs eladó panellakás 2 szobás: 40 millió Ft,40.0,52.0,52 m²,2.0,"Pécs, Malomvölgyi út",Panellakás,4,,2025-08-17,,,,,,,,,
https://www.zenga.hu/ingatlan/elado-panellakas-pecs-kertvaros/8606906?page=52&pos=3&cr=46,"Pécs eladó panellakás 2 szobás: 37,3 millió Ft",37.3,50.0,50 m²,2.0,"Pécs, Kertváros, Tildy Zoltán",Panellakás,4,Jó állapotú,2025-08-17,Távfűtés egyedi méréssel,Nem adta meg a hirdető,,1972,3 m²,,,,
https://www.zenga.hu/ingatlan/elado-panellakas-pecs-egyetemvaros/8653648?page=52&pos=4&cr=46,"Pécs eladó panellakás 2 szobás: 46,9 millió Ft",46.9,47.0,47 m²,2.0,"Pécs, Egyetemváros, Kodály Zoltán",Panellakás,4,Felújítandó,2025-08-17,Távfűtés egyedi méréssel,Nem adta meg a hirdető,,1975,,,,,
https://www.zenga.hu/ingatlan/elado-panellakas-pecs-kertvaros/8636433?page=52&pos=5&cr=46,"Pécs eladó panellakás 2 szobás: 37,99 millió Ft",37.99,52.0,52 m²,2.0,"Pécs, Kertváros, Illyés Gyula",Panellakás,4,Átlagos,2025-08-17,Távfűtés egyedi méréssel,Nem adta meg a hirdető,,1980,4 m²,,,,
https://www.zenga.hu/ingatlan/elado-teglalakas-kecskemet/8491177?page=52&pos=6&cr=45,Kecskemét eladó téglalakás 1 szobás: 53 millió Ft,53.0,37.0,37 m²,1.0,Kecskemét,Téglalakás,,Új építésű,2025-08-17,Házközponti,Nem adta meg a hirdető,,2025,,,,,
https://www.zenga.hu/ingatlan/elado-teglalakas-miskolc-selyemret/8606015?page=52&pos=7&cr=45,"Miskolc eladó téglalakás 4 szobás: 46,5 millió Ft",46.5,96.0,96 m²,4.0,"Miskolc, Selyemrét",Téglalakás,,Felújított,2025-08-17,Gázkazán,Nem adta meg a hirdető,,2005,,,,,
https://www.zenga.hu/ingatlan/elado-teglalakas-vamosszabadi/8597126?page=52&pos=8&cr=45,"Vámosszabadi eladó téglalakás 2 szobás: 46,9 millió Ft",46.9,41.0,41 m²,2.0,Vámosszabadi,Téglalakás,2,Új építésű,2025-08-17,Hőszivattyú,Nem adta meg a hirdető,,2024,19 m²,,,,
https://www.zenga.hu/ingatlan/elado-teglalakas-debrecen-venkert/8470580?page=52&pos=9&cr=45,"Debrecen eladó téglalakás 4 szobás: 69,9 millió Ft",69.9,79.0,79 m²,4.0,"Debrecen, Vénkert",Téglalakás,,Újszerű,2025-08-17,,Nem adta meg a hirdető,,,,,,,
https://www.zenga.hu/ingatlan/elado-panellakas-pecs-kertvaros/8662041?page=52&pos=11&cr=45,"Pécs eladó panellakás 2 szobás: 42,9 millió Ft",42.9,52.0,52 m²,2.0,"Pécs, Kertváros, Júlia",Panellakás,,,2025-08-17,,,,,,,,,
https://www.zenga.hu/ingatlan/elado-egyeb-lakas-szombathely/8429672?page=52&pos=13&cr=45,"Szombathely eladó egyéb lakás 3 szobás: 61,9 millió Ft",61.9,70.0,70 m²,3.0,Szombathely,Egyéb lakás,,Felújított,2025-08-17,,Nem adta meg a hirdető,,2024,,,,,
https://www.zenga.hu/ingatlan/elado-teglalakas-torokbalint-tukorhegy/8283445?page=52&pos=14&cr=45,"Törökbálint eladó téglalakás 3 szobás: 156,9 millió Ft",156.9,100.0,100 m²,3.0,"Törökbálint, Tükörhegy, Nádasdy",Téglalakás,2,Új építésű,2025-08-17,Hőszivattyú,A+,,2025,,,,49 m²,
https://www.zenga.hu/ingatlan/elado-teglalakas-torokbalint-tukorhegy/8283458?page=52&pos=15&cr=45,"Törökbálint eladó téglalakás 3 szobás: 146,9 millió Ft",146.9,91.0,91 m²,3.0,"Törökbálint, Tükörhegy, Nádasdy",Téglalakás,2,Új építésű,2025-08-17,Hőszivattyú,A+,,2025,,,,35 m²,
https://www.zenga.hu/ingatlan/elado-teglalakas-mosonmagyarovar/8547294?page=52&pos=16&cr=45,Mosonmagyaróvár eladó téglalakás 2 szobás: 36 millió Ft,36.0,56.0,56 m²,2.0,Mosonmagyaróvár,Téglalakás,2,Átlagos,2025-08-17,Gázkazán,Nem adta meg a hirdető,,,,,,,
https://www.zenga.hu/ingatlan/elado-teglalakas-mosonmagyarovar/8547222?page=52&pos=17&cr=45,"Mosonmagyaróvár eladó téglalakás 3 szobás: 41,9 millió Ft",41.9,60.0,60 m²,3.0,Mosonmagyaróvár,Téglalakás,2,Felújítandó,2025-08-17,Gázkazán,Nem adta meg a hirdető,,,,,,,
https://www.zenga.hu/ingatlan/elado-teglalakas-szeged-felsovaros/8386401?page=52&pos=18&cr=45,Szeged eladó téglalakás 1 szobás: 27 millió Ft,27.0,34.0,34 m²,1.0,"Szeged, Felsőváros",Téglalakás,2,Átlagos,2025-08-17,Gáz (héra),Nem adta meg a hirdető,Nincs,1930,4 m²,,,,
https://www.zenga.hu/ingatlan/elado-panellakas-bekescsaba/8657153?page=52&pos=20&cr=44,"Békéscsaba eladó panellakás 2 szobás: 23,9 millió Ft",23.9,57.0,57 m²,2.0,"Békéscsaba, belterület",Panellakás,1,Felújítandó,2025-08-17,Gázkazán,,,1982,,,,,
https://www.zenga.hu/ingatlan/elado-teglalakas-budapest-v-kerulet/8656693?page=53&pos=1&cr=42,Budapest V. kerület eladó téglalakás 1 szobás: 66 millió Ft,66.0,33.0,33 m²,1.0,Budapest V. kerület,Téglalakás,,Jó állapotú,2025-08-17,Gázkazán,Nem adta meg a hirdető,,1920,,,,,
https://www.zenga.hu/ingatlan/elado-teglalakas-budapest-xiv-kerulet/8667889?page=53&pos=2&cr=42,"Budapest XIV. kerület eladó téglalakás 4 szobás: 134,2 millió Ft",,,,,,,,,2025-08-17,,,,,,,,,
https://www.zenga.hu/ingatlan/elado-teglalakas-siofok-belvaros/8469223?page=53&pos=3&cr=42,"Eladó 2 szobás téglalakás 71,5 millió Ft értékben Siófokon - Siófok belvárosi projekt lakóparkban",71.5,48.0,48 m²,,,,,,2025-08-17,,,,,,,,,
https://www.zenga.hu/ingatlan/elado-teglalakas-budapest-xiv-kerulet/8667890?page=53&pos=4&cr=42,"Budapest XIV. kerület eladó téglalakás 4 szobás: 126,5 millió Ft",126.5,72.0,72 m²,4.0,Budapest XIV. kerület,Téglalakás,,Új építésű,2025-08-17,Hőszivattyú,Nem adta meg a hirdető,,2025,,,,,
https://www.zenga.hu/ingatlan/elado-teglalakas-budapest-xiv-kerulet/8667891?page=53&pos=5&cr=42,"Budapest XIV. kerület eladó téglalakás 3 szobás: 108,9 millió Ft",108.9,65.0,65 m²,3.0,Budapest XIV. kerület,Téglalakás,,Új építésű,2025-08-17,Hőszivattyú,Nem adta meg a hirdető,,2025,,,,,
https://www.zenga.hu/ingatlan/elado-csusztatott-zsalus-lakas-budapest-viii-kerulet/8606002?page=53&pos=6&cr=42,Budapest VIII. kerület eladó csúsztatott zsalus lakás 1 szobás: 69 millió Ft,,,,,,,,,2025-08-17,,,,,,,,,
https://www.zenga.hu/ingatlan/elado-teglalakas-budapest-vi-kerulet/8659466?page=53&pos=7&cr=42,"Budapest VI. kerület eladó téglalakás 3 szobás: 114,9 millió Ft",114.9,93.0,93 m²,3.0,Budapest VI. kerület,Téglalakás,,Felújított,2025-08-17,Gázkazán,Nem adta meg a hirdető,,1901,,,,,
https://www.zenga.hu/ingatlan/elado-teglalakas-budapest-vi-kerulet/8659481?page=53&pos=8&cr=42,"Budapest VI. kerület eladó téglalakás 2 szobás: 79,5 millió Ft",79.5,56.0,56 m²,2.0,Budapest VI. kerület,Téglalakás,,Átlagos,2025-08-17,Gáz (héra),Nem adta meg a hirdető,,1925,,,,,
https://www.zenga.hu/ingatlan/elado-teglalakas-budapest-vi-kerulet/8659461?page=53&pos=9&cr=42,,,,,,,,,,2025-08-17,,,,,,,,,
https://www.zenga.hu/ingatlan/elado-teglalakas-budapest-vi-kerulet/8659477?page=53&pos=10&cr=42,Budapest VI. kerület eladó téglalakás 2 szobás: 93 millió Ft,93.0,89.0,89 m²,2.0,Budapest VI. kerület,Téglalakás,,Jó állapotú,2025-08-17,Gáz (konvektor),Nem adta meg a hirdető,,1900,,,,,
https://www.zenga.hu/ingatlan/elado-teglalakas-budapest-vi-kerulet/8659472?page=53&pos=11&cr=42,"Budapest VI. kerület eladó téglalakás 3 szobás: 103,5 millió Ft",103.5,72.0,72 m²,3.0,Budapest VI. kerület,Téglalakás,,Felújított,2025-08-17,Nincs fűtés,Nem adta meg a hirdető,,1900,,,,,
https://www.zenga.hu/ingatlan/elado-teglalakas-budapest-vi-kerulet/8659479?page=53&pos=12&cr=42,"Budapest VI. kerület eladó téglalakás 3 szobás: 99,9 millió Ft",99.9,78.0,78 m²,3.0,Budapest VI. kerület,Téglalakás,,Jó állapotú,2025-08-17,Gázkazán,Nem adta meg a hirdető,,2006,,,,,
https://www.zenga.hu/ingatlan/elado-teglalakas-budapest-vi-kerulet/8659480?page=53&pos=13&cr=42,"Budapest VI. kerület eladó téglalakás 2 szobás: 47,5 millió Ft",47.5,46.0,46 m²,2.0,Budapest VI. kerület,Téglalakás,,Jó állapotú,2025-08-17,Gázkazán,Nem adta meg a hirdető,,1887,,,,,
https://www.zenga.hu/ingatlan/elado-teglalakas-budapest-vi-kerulet/8659476?page=53&pos=14&cr=42,"Budapest VI. kerület eladó téglalakás 2 szobás: 79,9 millió Ft",79.9,59.0,59 m²,2.0,Budapest VI. kerület,Téglalakás,,Felújított,2025-08-17,Gázkazán,Nem adta meg a hirdető,,2006,,,,,
https://www.zenga.hu/ingatlan/elado-teglalakas-budapest-vi-kerulet/8659473?page=53&pos=16&cr=42,"Budapest VI. kerület eladó téglalakás 3 szobás: 78,9 millió Ft",78.9,57.0,57 m²,3.0,Budapest VI. kerület,Téglalakás,,Felújított,2025-08-17,Elektromos,Nem adta meg a hirdető,,1930,,,,,
https://www.zenga.hu/ingatlan/elado-panellakas-pecs-kertvaros/8636399?page=53&pos=17&cr=42,"Pécs eladó panellakás 3 szobás: 49,9 millió Ft",49.9,64.0,64 m²,3.0,"Pécs, Kertváros",Panellakás,10,Jó állapotú,2025-08-17,Távfűtés egyedi méréssel,Nem adta meg a hirdető,,1980,4 m²,,,,
https://www.zenga.hu/ingatlan/elado-teglalakas-budapest-xv-kerulet/8506177?page=53&pos=18&cr=42,Budapest XV. kerület eladó téglalakás 2 szobás: 81 millió Ft,81.0,89.0,89 m²,2.0,Budapest XV. kerület,Téglalakás,1,Felújított,2025-08-17,Gázkazán,,,1988,,,,"11,5 m²",
https://www.zenga.hu/ingatlan/elado-csusztatott-zsalus-lakas-budapest-xxii-kerulet-nagyteteny/8588832?page=53&pos=19&cr=41,,,,,,,,,,2025-08-17,,,,,,,,,
https://www.zenga.hu/ingatlan/elado-teglalakas-budapest-xiv-kerulet/8667888?page=53&pos=20&cr=41,"Budapest XIV. kerület eladó téglalakás 4 szobás: 125,8 millió Ft",125.8,72.0,72 m²,4.0,Budapest XIV. kerület,Téglalakás,,Új építésű,2025-08-17,Hőszivattyú,Nem adta meg a hirdető,,2025,,,,,
https://www.zenga.hu/ingatlan/elado-teglalakas-szeged-moravaros/8444662?page=54&pos=1&cr=41,"Szeged eladó téglalakás 4+3 fél szobás: 86,9 millió Ft",86.9,84.0,84 m²,4.0,"Szeged, Móraváros",Téglalakás,,Felújított,2025-08-17,Gázkazán,,,,,,,,
https://www.zenga.hu/ingatlan/elado-teglalakas-budapest-xix-kerulet/8665494?page=54&pos=2&cr=41,"Budapest XIX. kerület eladó téglalakás 3+1 fél szobás: 77,9 millió Ft",77.9,92.0,92 m²,3.0,Budapest XIX. kerület,Téglalakás,1,Felújított,2025-08-17,Elektromos,Nem adta meg a hirdető,,1970,,,,,
https://www.zenga.hu/ingatlan/elado-teglalakas-budapest-viii-kerulet-corvin-negyed/8642445?page=54&pos=3&cr=41,"Budapest VIII. kerület eladó téglalakás 2 szobás: 69,9 millió Ft",69.9,46.0,46 m²,2.0,"Budapest VIII. kerület, Corvin negyed",Téglalakás,3,Átlagos,2025-08-17,Gázkazán,Nem adta meg a hirdető,,1912,,,,,
https://www.zenga.hu/ingatlan/elado-teglalakas-budapest-xiii-kerulet-angyalfold/8606798?page=54&pos=4&cr=41,"Budapest XIII. kerület eladó téglalakás 2 szobás: 69,9 millió Ft",69.9,58.0,58 m²,2.0,"Budapest XIII. kerület, Angyalföld",Téglalakás,,Felújított,2025-08-17,,Nem adta meg a hirdető,,,,,,,
https://www.zenga.hu/ingatlan/elado-panellakas-miskolc/8612102?page=54&pos=5&cr=41,"Miskolc eladó panellakás 2+1 fél szobás: 28,99 millió Ft",28.99,61.0,61 m²,2.0,Miskolc,Panellakás,,Átlagos,2025-08-17,Távfűtés,Nem adta meg a hirdető,,1975,,,,,
https://www.zenga.hu/ingatlan/elado-teglalakas-nyiregyhaza/8594829?page=54&pos=6&cr=41,"Nyíregyháza eladó téglalakás 1+1 fél szobás: 67,9 millió Ft",67.9,64.0,64 m²,1.0,Nyíregyháza,Téglalakás,,Újszerű,2025-08-17,Gázkazán,Nem adta meg a hirdető,,2019,,,,,
https://www.zenga.hu/ingatlan/elado-tarsashazi-lakas-debrecen-nagyerdopark/8384751?page=54&pos=7&cr=41,Debrecen eladó társasházi lakás 3 szobás: 85 millió Ft,85.0,90.0,90 m²,3.0,"Debrecen, Nagyerdő",Társasházi lakás,2,Felújított,2025-08-17,Gázkazán,B,,,10 m²,,,,
https://www.zenga.hu/ingatlan/elado-teglalakas-budapest-viii-kerulet/8642450?page=54&pos=8&cr=41,"Budapest VIII. kerület eladó téglalakás 2 szobás: 69,9 millió Ft",69.9,51.0,51 m²,2.0,Budapest VIII. kerület,Téglalakás,4,Átlagos,2025-08-17,Gáz (konvektor),Nem adta meg a hirdető,,1920,,,,,
https://www.zenga.hu/ingatlan/elado-panellakas-szazhalombatta-deli-lakotelep/8669509?page=54&pos=9&cr=40,"Százhalombatta eladó panellakás 1+1 fél szobás: 39,9 millió Ft",39.9,47.0,47 m²,1.0,"Százhalombatta, Déli lakótelep",Panellakás,,Átlagos,2025-08-17,Távfűtés,Nem adta meg a hirdető,,1992,,,,,
https://www.zenga.hu/ingatlan/elado-csusztatott-zsalus-lakas-ecser/8669269?page=54&pos=10&cr=40,"Ecser eladó csúsztatott zsalus lakás 2 szobás: 40,32 millió Ft",40.32,56.0,56 m²,2.0,"Ecser, Arany János utca",,,,2025-08-17,,,,,,,,,
https://www.zenga.hu/ingatlan/elado-teglalakas-halasztelek/8668606?page=54&pos=11&cr=40,"Halásztelek eladó téglalakás 2 szobás: 52,5 millió Ft",52.5,60.0,60 m²,2.0,Halásztelek,Téglalakás,4,Jó állapotú,2025-08-17,Gázkazán,Nem adta meg a hirdető,,1980,"3,6 m²",,,,
https://www.zenga.hu/ingatlan/elado-panellakas-god/8669278?page=54&pos=12&cr=40,"Göd eladó panellakás 3 szobás: 64,9 millió Ft",64.9,63.0,63 m²,3.0,Göd,Panellakás,,,2025-08-17,Gázkazán,Nem adta meg a hirdető,,1980,,,,,
https://www.zenga.hu/ingatlan/elado-teglalakas-galgamacsa/8658096?page=54&pos=13&cr=40,"Galgamácsa eladó téglalakás 2 szobás: 39,9 millió Ft",39.9,48.0,48 m²,2.0,Galgamácsa,Téglalakás,,,2025-08-17,Házközponti,Nem adta meg a hirdető,,1996,,,,,
https://www.zenga.hu/ingatlan/elado-teglalakas-godollo-kertvaros/8658089?page=54&pos=14&cr=40,"Gödöllő eladó téglalakás 2 szobás: 69,9 millió Ft",69.9,55.0,55 m²,2.0,"Gödöllő, Kertváros, Knézich Károly utca",Téglalakás,,Új építésű,2025-08-17,Gázkazán,Nem adta meg a hirdető,,1990,,,,,
https://www.zenga.hu/ingatlan/elado-teglalakas-dunakeszi/8661148?page=54&pos=15&cr=40,Dunakeszi eladó téglalakás 2 szobás: 65 millió Ft,65.0,51.0,51 m²,2.0,Dunakeszi,Téglalakás,,,2025-08-17,Gázkazán,Nem adta meg a hirdető,,2008,,,,,
https://www.zenga.hu/ingatlan/elado-panellakas-ozd/8433724?page=54&pos=16&cr=40,"Ózd eladó panellakás 2 szobás: 7,25 millió Ft",7.25,35.0,35 m²,2.0,Ózd,Panellakás,,,2025-08-17,Távfűtés,Nem adta meg a hirdető,,1980,,,,,
https://www.zenga.hu/ingatlan/elado-teglalakas-eger-belvaros/8359860?page=54&pos=17&cr=40,"Eger eladó téglalakás 2 szobás: 44,5 millió Ft",44.5,48.0,48 m²,2.0,"Eger, Belváros",Téglalakás,,,2025-08-17,Gáz (konvektor),Nem adta meg a hirdető,,1965,,,,,
https://www.zenga.hu/ingatlan/elado-panellakas-szazhalombatta-deli-lakotelep/8668014?page=54&pos=18&cr=40,"Százhalombatta eladó panellakás 3 szobás: 61,9 millió Ft",61.9,65.0,65 m²,3.0,"Százhalombatta, Déli lakótelep",Panellakás,,,2025-08-17,Távfűtés egyedi méréssel,Nem adta meg a hirdető,,1986,4 m²,,,,
https://www.zenga.hu/ingatlan/elado-teglalakas-ozd-bolyok/7332315?page=54&pos=19&cr=40,"Ózd eladó téglalakás 2 szobás: 9,99 millió Ft",9.99,58.0,58 m²,2.0,"Ózd, Bolyok",Téglalakás,,,2025-08-17,Távfűtés,Nem adta meg a hirdető,,1970,,,,,
https://www.zenga.hu/ingatlan/elado-csusztatott-zsalus-lakas-nagykata/8668484?page=54&pos=20&cr=40,"Nagykáta eladó csúsztatott zsalus lakás 3 szobás: 52,9 millió Ft",52.9,58.0,58 m²,3.0,"Nagykáta, Belváros",Csúsztatott zsalus lakás,,Átlagos,2025-08-17,Házközponti,Nem adta meg a hirdető,,1980,5 m²,,,,
https://www.zenga.hu/ingatlan/elado-teglalakas-vac/8664166?page=55&pos=1&cr=40,"Vác eladó téglalakás 2 szobás: 52,9 millió Ft",52.9,56.0,56 m²,2.0,Vác,Téglalakás,,,2025-08-17,Gáz (konvektor),Nem adta meg a hirdető,,1971,,,,,
https://www.zenga.hu/ingatlan/elado-teglalakas-eger-hajduhegy/8393572?page=55&pos=4&cr=40,Eger eladó téglalakás 3 szobás: 46 millió Ft,46.0,52.0,52 m²,3.0,"Eger, Hajdúhegy",Téglalakás,,,2025-08-17,Gázkazán,Nem adta meg a hirdető,,2007,,,,,
https://www.zenga.hu/ingatlan/elado-teglalakas-ozd/8402745?page=55&pos=5&cr=40,Ózd eladó téglalakás 2 szobás: 16 millió Ft,16.0,107.0,107 m²,2.0,Ózd,Téglalakás,,,2025-08-17,Távfűtés,Nem adta meg a hirdető,,1950,,,,,
https://www.zenga.hu/ingatlan/elado-teglalakas-vac/8585099?page=55&pos=6&cr=40,"Vác eladó téglalakás 3 szobás: 77,6 millió Ft",77.6,54.0,54 m²,3.0,Vác,Téglalakás,,Új építésű,2025-08-17,Hőszivattyú,Nem adta meg a hirdető,,2025,,,,"23,8 m²",
https://www.zenga.hu/ingatlan/elado-teglalakas-siklos/8571949?page=55&pos=7&cr=40,"Siklós eladó téglalakás 2 szobás: 24,9 millió Ft",24.9,45.0,45 m²,2.0,"Siklós, Felszabadulás utca",Téglalakás,,,2025-08-17,Gázkazán,Nem adta meg a hirdető,,2002,,,,,
https://www.zenga.hu/ingatlan/elado-teglalakas-budapest-xiii-kerulet-angyalfold/7997552?page=55&pos=8&cr=40,Budapest XIII. kerület eladó téglalakás 5 szobás: 100 millió Ft,100.0,126.0,126 m²,5.0,"Budapest XIII. kerület, Angyalföld",Téglalakás,,,2025-08-17,Gázkazán,Nem adta meg a hirdető,,1998,,,,,
https://www.zenga.hu/ingatlan/elado-teglalakas-ozd/7330506?page=55&pos=9&cr=40,"Ózd eladó téglalakás 2 szobás: 10,4 millió Ft",10.4,48.0,48 m²,2.0,Ózd,Téglalakás,,,2025-08-17,Gáz (konvektor),Nem adta meg a hirdető,,1960,,,,,
https://www.zenga.hu/ingatlan/elado-teglalakas-budapest-vi-kerulet-nagykoruton-beluli-terulet/8665872?page=55&pos=10&cr=40,Budapest VI. kerület eladó téglalakás 3 szobás: 149 millió Ft,149.0,100.0,100 m²,3.0,"Budapest VI. kerület, Nagykörúton belüli terület",Téglalakás,,Jó állapotú,2025-08-17,Gázkazán,Nem adta meg a hirdető,,1886,,,,,
https://www.zenga.hu/ingatlan/elado-teglalakas-budapest-i-kerulet/8579854?page=55&pos=11&cr=40,Budapest I. kerület eladó téglalakás 2+1 fél szobás: 119 millió Ft,,,,,,,,,2025-08-17,,,,,,,,,
https://www.zenga.hu/ingatlan/elado-teglalakas-kapuvar/8662497?page=55&pos=13&cr=40,"Kapuvár eladó téglalakás 2 szobás: 49,9 millió Ft",49.9,57.0,57 m²,2.0,Kapuvár,Téglalakás,4,Felújított,2025-08-17,Gázkazán,Nem adta meg a hirdető,,2005,5 m²,,,,
https://www.zenga.hu/ingatlan/elado-panellakas-budaors/8661709?page=55&pos=14&cr=40,,,,,,,,,,2025-08-17,,,,,,,,,
https://www.zenga.hu/ingatlan/elado-teglalakas-pomaz/8665085?page=55&pos=15&cr=40,Pomáz eladó téglalakás 4+1 fél szobás: 68 millió Ft,68.0,222.0,222 m²,4.0,"Pomáz, Ősz utca",Téglalakás,3,,2025-08-17,Nincs fűtés,Nem adta meg a hirdető,,1990,20 m²,,,,
https://www.zenga.hu/ingatlan/elado-teglalakas-zalaegerszeg-belvaros/8233951?page=55&pos=16&cr=40,"Zalaegerszeg eladó téglalakás 4 szobás: 89,9 millió Ft",89.9,94.0,94 m²,4.0,"Zalaegerszeg, Belváros",Téglalakás,3,Újszerű,2025-08-17,Házközponti fűtés egyedi méréssel,Nem adta meg a hirdető,,2019,8 m²,,,,
https://www.zenga.hu/ingatlan/elado-teglalakas-pilisszentivan/8653926?page=55&pos=17&cr=40,Pilisszentiván eladó téglalakás 4 szobás: 120 millió Ft,120.0,125.0,125 m²,4.0,"Pilisszentiván, Slötyi tó környezete",Téglalakás,,Átlagos,2025-08-17,Gázkazán,Nem adta meg a hirdető,,1997,8 m²,,,,
https://www.zenga.hu/ingatlan/elado-teglalakas-budapest-xii-kerulet/8636331?page=55&pos=18&cr=40,"Budapest XII. kerület eladó téglalakás 2 szobás: 72,9 millió Ft",72.9,54.0,54 m²,2.0,"Budapest XII. kerület, Greguss utca",Téglalakás,4,Jó állapotú,2025-08-17,Egyéb,Nem adta meg a hirdető,,,,,,,
https://www.zenga.hu/ingatlan/elado-teglalakas-pilisszentivan/8653924?page=55&pos=19&cr=40,Pilisszentiván eladó téglalakás 8 szobás: 220 millió Ft,220.0,250.0,250 m²,8.0,"Pilisszentiván, Slötyi tó környezete",Téglalakás,2,Átlagos,2025-08-17,Gázkazán,Nem adta meg a hirdető,,1997,,,,,
https://www.zenga.hu/ingatlan/elado-teglalakas-pilisszentivan/8653920?page=55&pos=20&cr=40,Pilisszentiván eladó téglalakás 4 szobás: 105 millió Ft,105.0,125.0,125 m²,4.0,"Pilisszentiván, Slötyi tó környezete",Téglalakás,1,Átlagos,2025-08-17,Gázkazán,Nem adta meg a hirdető,,1997,10 m²,,,,
https://www.zenga.hu/ingatlan/elado-panellakas-budapest-xviii-kerulet/8642174?page=56&pos=1&cr=40,"Budapest XVIII. kerület eladó panellakás 3 szobás: 58,9 millió Ft",58.9,60.0,60 m²,3.0,Budapest XVIII. kerület,Panellakás,,Jó állapotú,2025-08-17,Távfűtés egyedi méréssel,Nem adta meg a hirdető,,1985,,,,,
https://www.zenga.hu/ingatlan/elado-teglalakas-pilisszentivan/8653925?page=56&pos=2&cr=40,Pilisszentiván eladó téglalakás 4 szobás: 90 millió Ft,90.0,100.0,100 m²,4.0,"Pilisszentiván, Slötyi tó környezete",Téglalakás,1,Átlagos,2025-08-17,Gázkazán,Nem adta meg a hirdető,,1997,,,,,
https://www.zenga.hu/ingatlan/elado-teglalakas-budapest-xx-kerulet/8654930?page=56&pos=3&cr=40,,,,,,,,,,2025-08-17,,,,,,,,,
https://www.zenga.hu/ingatlan/elado-teglalakas-budapest-xix-kerulet/8642178?page=56&pos=4&cr=40,,,,,,,,,,2025-08-17,,,,,,,,,
https://www.zenga.hu/ingatlan/elado-teglalakas-budapest-xiii-kerulet-loportardulo/8662387?page=56&pos=5&cr=40,Budapest XIII. kerület eladó téglalakás 4 szobás: 145 millió Ft,145.0,89.0,89 m²,4.0,"Budapest XIII. kerület, Lőportárdűlő",Téglalakás,7,Felújított,2025-08-17,Házközponti fűtés egyedi méréssel,Nem adta meg a hirdető,,2022,,,,,
https://www.zenga.hu/ingatlan/elado-teglalakas-budapest-vi-kerulet/8544074?page=56&pos=6&cr=40,Budapest VI. kerület eladó téglalakás 3 szobás: 199 millió Ft,199.0,80.0,80 m²,3.0,Budapest VI. kerület,Téglalakás,5,,2025-08-17,,Nem adta meg a hirdető,,1950,,,,,
https://www.zenga.hu/ingatlan/elado-teglalakas-debrecen-faloger/8661554?page=56&pos=7&cr=40,"Debrecen eladó téglalakás 3 szobás: 72,9 millió Ft",72.9,67.0,67 m²,3.0,"Debrecen, Falóger, Kolónia u.",Téglalakás,2,Felújított,2025-08-17,Gázkazán,,,1997,8 m²,,,4 m²,
https://www.zenga.hu/ingatlan/elado-panellakas-miskolc-vologda/8661311?page=56&pos=8&cr=40,"Miskolc eladó panellakás 3 szobás: 41,9 millió Ft",41.9,64.0,64 m²,3.0,"Miskolc, Vologda, Mátyás király utca",Panellakás,10,Átlagos,2025-08-17,Távfűtés egyedi méréssel,B,,1979,,,,,
https://www.zenga.hu/ingatlan/elado-teglalakas-cegled/8654393?page=56&pos=9&cr=40,"Cegléd eladó téglalakás 2 szobás: 59,9 millió Ft",59.9,50.0,50 m²,2.0,"Cegléd, Damjanich utca",Téglalakás,1,Újszerű,2025-08-17,Gázkazán,Nem adta meg a hirdető,,1980,,,,,
https://www.zenga.hu/ingatlan/elado-panellakas-miskolc/8610197?page=56&pos=10&cr=40,"Miskolc eladó panellakás 1+2 fél szobás: 29,5 millió Ft",29.5,55.0,55 m²,1.0,Miskolc,Panellakás,,Felújított,2025-08-17,Távfűtés,Nem adta meg a hirdető,,1980,,,,,
https://www.zenga.hu/ingatlan/elado-teglalakas-szigetszentmiklos/8655427?page=56&pos=11&cr=40,"Szigetszentmiklós eladó téglalakás 4 szobás: 65,9 millió Ft",65.9,72.0,72 m²,4.0,Szigetszentmiklós,Téglalakás,3,Jó állapotú,2025-08-17,Gázkazán,Nem adta meg a hirdető,,2005,"3,4 m²",,,,
https://www.zenga.hu/ingatlan/elado-teglalakas-budapest-vii-kerulet/8654504?page=56&pos=13&cr=40,Budapest VII. kerület eladó téglalakás 3 szobás: 110 millió Ft,110.0,85.0,85 m²,3.0,Budapest VII. kerület,Téglalakás,,Felújított,2025-08-17,Gáz (konvektor),,,,,,,,
https://www.zenga.hu/ingatlan/elado-teglalakas-monor/8655178?page=56&pos=14&cr=40,"Monor eladó téglalakás 2+1 fél szobás: 59,9 millió Ft",59.9,65.0,65 m²,2.0,"Monor, Lakótelep",Téglalakás,,Átlagos,2025-08-17,Gáz (konvektor),Nem adta meg a hirdető,,1980,10 m²,,,,
https://www.zenga.hu/ingatlan/elado-teglalakas-kecskemet/8512827?page=56&pos=15&cr=40,"Kecskemét eladó téglalakás 2 szobás: 35,99 millió Ft",35.99,49.0,49 m²,2.0,Kecskemét,Téglalakás,,Jó állapotú,2025-08-17,Távfűtés egyedi méréssel,Nem adta meg a hirdető,,1970,,,,,
https://www.zenga.hu/ingatlan/elado-teglalakas-nyiregyhaza/8653108?page=56&pos=17&cr=40,Nyíregyháza eladó téglalakás 4 szobás: 65 millió Ft,65.0,120.0,120 m²,4.0,"Nyíregyháza, benczúr gyula tér",Téglalakás,2,Átlagos,2025-08-17,Gázkazán,Nem adta meg a hirdető,,1990,6 m²,,,,
https://www.zenga.hu/ingatlan/elado-egyeb-lakas-eger/8517668?page=56&pos=19&cr=40,"Eger eladó egyéb lakás 2 szobás: 47,9 millió Ft",47.9,49.0,49 m²,2.0,Eger,Egyéb lakás,,Átlagos,2025-08-17,Gázkazán,Nem adta meg a hirdető,,1930,,,,,
https://www.zenga.hu/ingatlan/elado-teglalakas-miskolc-belvaros/8399374?page=56&pos=20&cr=40,"Miskolc eladó téglalakás 1+1 fél szobás: 35,9 millió Ft",35.9,34.0,34 m²,1.0,"Miskolc, Belváros",Téglalakás,5,Újszerű,2025-08-17,,B,,,,,,,
https://www.zenga.hu/ingatlan/elado-teglalakas-budapest-xi-kerulet-sasad-sashegy-xi-ker/8619241?page=57&pos=2&cr=40,,,,,,,,,,2025-08-17,,,,,,,,,
https://www.zenga.hu/ingatlan/elado-panellakas-kiskunfelegyhaza-petofi-lakotelep/8580150?page=57&pos=3&cr=40,"Kiskunfélegyháza eladó panellakás 2 szobás: 26,49 millió Ft",26.49,50.0,50 m²,2.0,"Kiskunfélegyháza, Petőfi-lakótelep",Panellakás,10,Jó állapotú,2025-08-17,Távfűtés egyedi méréssel,Nem adta meg a hirdető,,,,,,,
https://www.zenga.hu/ingatlan/elado-teglalakas-mezokovesd/8619239?page=57&pos=5&cr=40,"Mezőkövesd eladó téglalakás 2 szobás: 21,9 millió Ft",21.9,56.0,56 m²,2.0,Mezőkövesd,Téglalakás,3,Átlagos,2025-08-17,Gázkazán,D,,,4 m²,,,,
https://www.zenga.hu/ingatlan/elado-teglalakas-letavertes/8615149?page=57&pos=6&cr=40,Létavértes eladó téglalakás 3 szobás: 40 millió Ft,40.0,70.0,70 m²,3.0,"Létavértes, baross",Téglalakás,3,Újszerű,2025-08-17,Gázkazán,Nem adta meg a hirdető,,2000,4 m²,,,,
https://www.zenga.hu/ingatlan/elado-panellakas-kiskunfelegyhaza-petofi-lakotelep/8560738?page=57&pos=7&cr=40,"Kiskunfélegyháza eladó panellakás 2 szobás: 29,8 millió Ft",29.8,55.0,55 m²,2.0,"Kiskunfélegyháza, Petőfi-lakótelep",Panellakás,5,Átlagos,2025-08-17,Házközponti,Nem adta meg a hirdető,,1980,,,,,
https://www.zenga.hu/ingatlan/elado-panellakas-mosonmagyarovar-varoskozpont/8547198?page=57&pos=8&cr=40,"Mosonmagyaróvár eladó panellakás 2 szobás: 37,7 millió Ft",37.7,50.0,50 m²,2.0,"Mosonmagyaróvár, Városközpont",Panellakás,4,Felújított,2025-08-17,Távfűtés egyedi méréssel,Nem adta meg a hirdető,,,,,,,
https://www.zenga.hu/ingatlan/elado-teglalakas-eger-belvaros/8565275?page=57&pos=9&cr=40,"Eger eladó téglalakás 3 szobás: 46,9 millió Ft",46.9,62.0,62 m²,3.0,"Eger, Belváros",Téglalakás,2,Átlagos,2025-08-17,Gáz (konvektor),F,Nincs,,,,,,
https://www.zenga.hu/ingatlan/elado-teglalakas-mezokovesd/8565357?page=57&pos=10&cr=40,"Mezőkövesd eladó téglalakás 3 szobás: 44,9 millió Ft",44.9,100.0,100 m²,3.0,Mezőkövesd,Téglalakás,1,Átlagos,2025-08-17,Gázkazán,F,Van,,,,,,
https://www.zenga.hu/ingatlan/elado-teglalakas-kal/8669231?page=57&pos=14&cr=39,Kál eladó téglalakás 1+2 fél szobás: 22 millió Ft,22.0,51.0,51 m²,1.0,"Kál, Belterület",Téglalakás,1,Átlagos,2025-08-17,Egyéb,D,,1990,,,,,
https://www.zenga.hu/ingatlan/elado-teglalakas-budapest-xxii-kerulet-budafok/8585977?page=57&pos=15&cr=38,"Budapest XXII. kerület eladó téglalakás 1 szobás: 32,9 millió Ft",32.9,25.0,25 m²,1.0,"Budapest XXII. kerület, Budafok",Téglalakás,,Átlagos,2025-08-17,Elektromos,Nem adta meg a hirdető,,,,,,,
https://www.zenga.hu/ingatlan/elado-teglalakas-gyomro/8503015?page=57&pos=16&cr=38,Gyömrő eladó téglalakás 1+2 fél szobás: 68 millió Ft,68.0,75.0,75 m²,1.0,Gyömrő,Téglalakás,1,Újszerű,2025-08-17,Gázkazán,D,Nincs,2006,,,,,
https://www.zenga.hu/ingatlan/elado-teglalakas-gyor-revfalu/8597289?page=57&pos=17&cr=37,"Győr eladó téglalakás 3 szobás: 67,9 millió Ft",67.9,61.0,61 m²,3.0,"Győr, Révfalu",Téglalakás,4,Felújított,2025-08-17,Padlófűtés,Nem adta meg a hirdető,,1970,,,,,
https://www.zenga.hu/ingatlan/elado-teglalakas-szabadszallas/8667929?page=57&pos=18&cr=37,"Szabadszállás eladó téglalakás 2 szobás: 20,1 millió Ft",20.1,49.0,49 m²,2.0,"Szabadszállás, Volt honvédségi objektum",Téglalakás,,Átlagos,2025-08-17,Gáz (konvektor),Nem adta meg a hirdető,,1970,,,,,
https://www.zenga.hu/ingatlan/elado-csusztatott-zsalus-lakas-kiskunfelegyhaza/8656955?page=57&pos=20&cr=37,,,,,,,,,,2025-08-17,,,,,,,,,
https://www.zenga.hu/ingatlan/elado-teglalakas-budapest-xii-kerulet-krisztinavaros-xii-ker/8604897?page=58&pos=1&cr=37,Budapest XII. kerület eladó téglalakás 2 szobás: 77 millió Ft,77.0,64.0,64 m²,2.0,"Budapest XII. kerület, Krisztinaváros XII. ker.",Téglalakás,,Felújítandó,2025-08-17,Gáz (konvektor),H,,1920,,,,,
https://www.zenga.hu/ingatlan/elado-teglalakas-villany/8599627?page=58&pos=2&cr=37,"Villány eladó téglalakás 3 szobás: 59,5 millió Ft",59.5,62.0,62 m²,3.0,Villány,Téglalakás,2,Újszerű,2025-08-17,Házközponti fűtés egyedi méréssel,Nem adta meg a hirdető,,2018,8 m²,,,,
https://www.zenga.hu/ingatlan/elado-panellakas-debrecen-tocoskert/8481086?page=58&pos=3&cr=37,"Debrecen eladó panellakás 2+1 fél szobás: 58,9 millió Ft",58.9,66.0,66 m²,2.0,"Debrecen, Tócóskert, Derék utca",Panellakás,10,Jó állapotú,2025-08-17,Távfűtés,,,,3 m²,,,,
https://www.zenga.hu/ingatlan/elado-panellakas-mezokovacshaza/8665592?page=58&pos=4&cr=36,"Mezőkovácsháza eladó panellakás 2 szobás: 13,9 millió Ft",13.9,55.0,55 m²,2.0,"Mezőkovácsháza, Belváros",Panellakás,,Átlagos,2025-08-17,Gázkazán,II (2016-2023-as besorolás),,1980,,,,,
https://www.zenga.hu/ingatlan/elado-panellakas-pecs-kertvaros/8649060?page=58&pos=5&cr=36,Pécs eladó panellakás 3 szobás: 48 millió Ft,48.0,64.0,64 m²,3.0,"Pécs, Kertváros, Sarolta",Panellakás,4,Felújítandó,2025-08-17,Távfűtés,Nem adta meg a hirdető,,1976,3 m²,,,,
https://www.zenga.hu/ingatlan/elado-panellakas-bekes/8315499?page=58&pos=6&cr=36,Békés eladó panellakás 2 szobás: 13 millió Ft,13.0,57.0,,,,,,,2025-08-17,,,,,,,,,
https://www.zenga.hu/ingatlan/elado-teglalakas-nagycenk/8643632?page=58&pos=7&cr=36,"Nagycenk eladó téglalakás 2 szobás: 43,9 millió Ft",43.9,40.0,40 m²,2.0,Nagycenk,Téglalakás,,Új építésű,2025-08-17,Házközponti fűtés egyedi méréssel,Nem adta meg a hirdető,,,,,,,
https://www.zenga.hu/ingatlan/elado-teglalakas-pecs/8636440?page=58&pos=8&cr=36,"Pécs eladó téglalakás 4 szobás: 77,9 millió Ft",77.9,97.0,97 m²,4.0,Pécs,Téglalakás,2,Új építésű,2025-08-17,Gázkazán,Nem adta meg a hirdető,,2024,,,,16 m²,
https://www.zenga.hu/ingatlan/elado-panellakas-pecs-kertvaros/8608330?page=58&pos=9&cr=36,"Pécs eladó panellakás 2 szobás: 41,99 millió Ft",41.99,52.0,52 m²,2.0,"Pécs, Kertváros, Kodolányi János",Panellakás,10,Jó állapotú,2025-08-17,Távfűtés,Nem adta meg a hirdető,,1982,4 m²,,,,
https://www.zenga.hu/ingatlan/elado-panellakas-debrecen-belvaros/8431749?page=58&pos=10&cr=35,Debrecen eladó panellakás 3 szobás: 50 millió Ft,50.0,61.0,61 m²,3.0,"Debrecen, Belváros",Panellakás,,Felújítandó,2025-08-17,Távfűtés egyedi méréssel,Nem adta meg a hirdető,,1970,,,,,
https://www.zenga.hu/ingatlan/elado-teglalakas-nagykoros/8593403?page=58&pos=11&cr=35,"Nagykőrös eladó téglalakás 4 szobás: 49,9 millió Ft",49.9,94.0,94 m²,4.0,Nagykőrös,Téglalakás,,Jó állapotú,2025-08-17,Gázkazán,Nem adta meg a hirdető,,2004,,,,,
https://www.zenga.hu/ingatlan/elado-teglalakas-buk/8574028?page=58&pos=12&cr=35,"Bük eladó téglalakás 2 szobás: 32,9 millió Ft",,,,,,,,,2025-08-17,,,,,,,,,
https://www.zenga.hu/ingatlan/elado-teglalakas-gyor-belvaros/8667410?page=58&pos=13&cr=35,Győr eladó téglalakás 2 szobás: 59 millió Ft,59.0,71.0,71 m²,2.0,"Győr, Belváros",Téglalakás,,Felújítandó,2025-08-17,Gáz (konvektor),Nem adta meg a hirdető,,1950,,,,,
https://www.zenga.hu/ingatlan/elado-teglalakas-szekesfehervar/8638164?page=58&pos=15&cr=35,Székesfehérvár eladó téglalakás 2 szobás: 58 millió Ft,58.0,58.0,58 m²,2.0,Székesfehérvár,Téglalakás,,Jó állapotú,2025-08-17,Házközponti,Nem adta meg a hirdető,,1970,3 m²,,,,
https://www.zenga.hu/ingatlan/elado-teglalakas-gyor-belvaros/8597226?page=58&pos=16&cr=35,"Győr eladó téglalakás 3 szobás: 67,4 millió Ft",67.4,90.0,90 m²,3.0,"Győr, Belváros",Téglalakás,3,,2025-08-17,,,,,,,,,
https://www.zenga.hu/ingatlan/elado-teglalakas-debrecen-nagyerdopark/8587260?page=58&pos=17&cr=35,"Debrecen eladó téglalakás 3 szobás: 52,99 millió Ft",52.99,52.0,52 m²,3.0,"Debrecen, Nagyerdő",Téglalakás,,Átlagos,2025-08-17,,Nem adta meg a hirdető,,,,,,,
https://www.zenga.hu/ingatlan/elado-panellakas-debrecen-belvaros/8572656?page=58&pos=18&cr=35,"Debrecen eladó panellakás 2 szobás: 59,9 millió Ft",59.9,54.0,54 m²,2.0,"Debrecen, Belváros",Panellakás,,Felújított,2025-08-17,,Nem adta meg a hirdető,,,,,,,
https://www.zenga.hu/ingatlan/elado-teglalakas-koszeg/8658064?page=58&pos=19&cr=35,"Kőszeg eladó téglalakás 2 szobás: 29,9 millió Ft",29.9,53.0,53 m²,2.0,Kőszeg,Téglalakás,,,2025-08-17,Távfűtés,Nem adta meg a hirdető,,1978,4 m²,,,,
https://www.zenga.hu/ingatlan/elado-teglalakas-gyor-marcalvaros-ii/8589030?page=58&pos=20&cr=35,Győr eladó téglalakás 3 szobás: 94 millió Ft,94.0,65.0,65 m²,3.0,"Győr, Marcalváros II.",Téglalakás,4,Újszerű,2025-08-17,Távfűtés egyedi méréssel,Nem adta meg a hirdető,,2019,16 m²,,,,
https://www.zenga.hu/ingatlan/elado-teglalakas-szeged/8402029?page=59&pos=1&cr=35,"Szeged eladó téglalakás 2 szobás: 53,9 millió Ft",53.9,61.0,61 m²,2.0,Szeged,Téglalakás,,Felújítandó,2025-08-17,Gáz (konvektor),Nem adta meg a hirdető,,1975,,,,,
https://www.zenga.hu/ingatlan/elado-teglalakas-budapest-viii-kerulet/8666898?page=59&pos=2&cr=35,"Budapest VIII. kerület eladó téglalakás 2 szobás: 64,9 millió Ft",64.9,73.0,73 m²,2.0,Budapest VIII. kerület,Téglalakás,3,Átlagos,2025-08-17,Gáz (konvektor),E,,1883,,,,,
https://www.zenga.hu/ingatlan/elado-teglalakas-szeged/8418401?page=59&pos=3&cr=35,"Szeged eladó téglalakás 2 szobás: 50,89 millió Ft",50.89,62.0,62 m²,2.0,Szeged,Téglalakás,,Jó állapotú,2025-08-17,Gázkazán,Nem adta meg a hirdető,,1989,,,,,
https://www.zenga.hu/ingatlan/elado-teglalakas-vasvar/8665731?page=59&pos=4&cr=35,"Vasvár eladó téglalakás 2 szobás: 34,99 millió Ft",34.99,54.0,54 m²,2.0,"Vasvár, Alkotmány utca",Téglalakás,1,Jó állapotú,2025-08-17,Cserépkályha,Nem adta meg a hirdető,,1930,,,,,
https://www.zenga.hu/ingatlan/elado-panellakas-debrecen-dobozi-lakotelep/8664139?page=59&pos=5&cr=35,"Debrecen eladó panellakás 2 szobás: 49,9 millió Ft",49.9,53.0,53 m²,2.0,"Debrecen, Dobozi lakótelep, Karácsony György",Panellakás,10,Átlagos,2025-08-17,Távfűtés egyedi méréssel,,,,,,,,
https://www.zenga.hu/ingatlan/elado-tarsashazi-lakas-veresegyhaz-topart/8429835?page=59&pos=6&cr=35,Veresegyház eladó társasházi lakás 3+2 fél szobás: 98 millió Ft,98.0,120.0,120 m²,3.0,"Veresegyház, Tópart",Társasházi lakás,2,Jó állapotú,2025-08-17,Gázkazán,Nem adta meg a hirdető,Nincs,2008,,,,,
https://www.zenga.hu/ingatlan/elado-panellakas-pecs-kertvaros/8652049?page=59&pos=7&cr=35,"Pécs eladó panellakás 2 szobás: 42,7 millió Ft",42.7,52.0,52 m²,2.0,"Pécs, Kertváros, Krisztina tér",Panellakás,10,Felújított,2025-08-17,Távfűtés,C,,,2 m²,,,,25 000 Ft/hó
https://www.zenga.hu/ingatlan/elado-teglalakas-zalaegerszeg/8198335?page=59&pos=8&cr=35,"Zalaegerszeg eladó téglalakás 2 szobás: 39,99 millió Ft",39.99,65.0,65 m²,2.0,Zalaegerszeg,Téglalakás,,Jó állapotú,2025-08-17,Házközponti fűtés egyedi méréssel,Nem adta meg a hirdető,,2004,,,,,
https://www.zenga.hu/ingatlan/elado-teglalakas-gyor/8578995?page=59&pos=9&cr=35,"Győr eladó téglalakás 2+1 fél szobás: 71,5 millió Ft",71.5,74.0,74 m²,2.0,"Győr, Votinszky Andor utca",Téglalakás,2,Újszerű,2025-08-17,Gázkazán,Nem adta meg a hirdető,,2003,,,,,
https://www.zenga.hu/ingatlan/elado-teglalakas-debrecen-homokkert/8372811?page=59&pos=10&cr=35,"Debrecen eladó téglalakás 2 szobás: 59,9 millió Ft",59.9,46.0,46 m²,2.0,"Debrecen, Homokkert",Téglalakás,,Új építésű,2025-08-17,Házközponti fűtés egyedi méréssel,A,,2025,,,,,
https://www.zenga.hu/ingatlan/elado-teglalakas-nagycenk/8643631?page=59&pos=11&cr=35,"Nagycenk eladó téglalakás 4 szobás: 84,9 millió Ft",84.9,85.0,85 m²,4.0,Nagycenk,Téglalakás,,Új építésű,2025-08-17,Házközponti fűtés egyedi méréssel,Nem adta meg a hirdető,,,,,,,
https://www.zenga.hu/ingatlan/elado-teglalakas-sopron/7961423?page=59&pos=12&cr=35,"Sopron eladó téglalakás 2 szobás: 54,9 millió Ft",54.9,62.0,62 m²,2.0,Sopron,Téglalakás,,Átlagos,2025-08-17,Gáz (konvektor),Nem adta meg a hirdető,,,,,,,
https://www.zenga.hu/ingatlan/elado-teglalakas-sopron-belvaros/7961429?page=59&pos=13&cr=35,Sopron eladó téglalakás 3+1 fél szobás: 75 millió Ft,75.0,119.0,119 m²,3.0,"Sopron, Belváros",Téglalakás,,Átlagos,2025-08-17,Gázkazán,Nem adta meg a hirdető,,,,,,,
https://www.zenga.hu/ingatlan/elado-teglalakas-budapest-viii-kerulet/8642449?page=59&pos=14&cr=35,"Budapest VIII. kerület eladó téglalakás 1 szobás: 42,9 millió Ft",42.9,37.0,37 m²,1.0,Budapest VIII. kerület,Téglalakás,2,Átlagos,2025-08-17,Gáz (konvektor),Nem adta meg a hirdető,,1930,,,,,
https://www.zenga.hu/ingatlan/elado-teglalakas-balatonlelle/8424244?page=59&pos=15&cr=35,"Eladó 3 szobás téglalakás 97,49 millió Ft értékben Balatonlellén - My Lelle Residence lakóparkban",97.49,84.0,84 m²,3.0,Balatonlelle,Téglalakás,3,Új építésű,2025-08-17,Padlófűtés,A,,,12 m²,,2026. 2. negyedév,24 m²,
https://www.zenga.hu/ingatlan/elado-panellakas-budapest-xv-kerulet-ujpalota/8568599?page=59&pos=16&cr=35,Budapest XV. kerület eladó panellakás 3 szobás: 67 millió Ft,67.0,61.0,61 m²,3.0,"Budapest XV. kerület, Újpalota",Panellakás,3,Jó állapotú,2025-08-17,Távfűtés egyedi méréssel,Nem adta meg a hirdető,,1985,6 m²,,,,
https://www.zenga.hu/ingatlan/elado-teglalakas-zalaegerszeg-belvaros/8376936?page=59&pos=17&cr=35,"Zalaegerszeg eladó téglalakás 4 szobás: 82,9 millió Ft",82.9,97.0,97 m²,4.0,"Zalaegerszeg, Belváros",Téglalakás,3,Újszerű,2025-08-17,Házközponti fűtés egyedi méréssel,Nem adta meg a hirdető,,2016,15 m²,,,,
https://www.zenga.hu/ingatlan/elado-teglalakas-gyomro/8506180?page=59&pos=18&cr=35,Gyömrő eladó téglalakás 3 szobás: 96 millió Ft,96.0,101.0,101 m²,3.0,Gyömrő,Téglalakás,1,Felújított,2025-08-17,Gázkazán,Nem adta meg a hirdető,,1988,4 m²,,,,
https://www.zenga.hu/ingatlan/elado-tarsashazi-lakas-mende/8264356?page=59&pos=19&cr=35,"Mende eladó társasházi lakás 3 szobás: 55,47 millió Ft",55.47,62.0,62 m²,3.0,Mende,Társasházi lakás,3,Új építésű,2025-08-17,Hőszivattyú,A+,Nincs,2025,,,,15 m²,
https://www.zenga.hu/ingatlan/elado-panellakas-veszprem/8668291?page=59&pos=20&cr=34,Veszprém eladó panellakás 3+1 fél szobás: 64 millió Ft,64.0,76.0,76 m²,3.0,Veszprém,Panellakás,10,Újszerű,2025-08-17,Távfűtés,Nem adta meg a hirdető,,1983,"3,6 m²",,,,
https://www.zenga.hu/ingatlan/elado-teglalakas-bicske/8509014?page=60&pos=6&cr=33,"Bicske eladó téglalakás 1 szobás: 29,45 millió Ft",29.45,28.0,28 m²,1.0,Bicske,Téglalakás,3,Új építésű,2025-08-17,Házközponti fűtés egyedi méréssel,Nem adta meg a hirdető,,2025,1 m²,,,,
https://www.zenga.hu/ingatlan/elado-teglalakas-bicske/8509132?page=60&pos=7&cr=33,"Bicske eladó téglalakás 4 szobás: 63,4 millió Ft",63.4,73.0,73 m²,4.0,Bicske,Téglalakás,3,Új építésű,2025-08-17,Házközponti fűtés egyedi méréssel,Nem adta meg a hirdető,,2025,1 m²,,,,
https://www.zenga.hu/ingatlan/elado-teglalakas-budapest-xiii-kerulet/8616825?page=60&pos=8&cr=33,Budapest XIII. kerület eladó téglalakás 3 szobás: 110 millió Ft,110.0,65.0,65 m²,3.0,Budapest XIII. kerület,Téglalakás,,Jó állapotú,2025-08-17,Gázkazán,G,,1960,,,,,
https://www.zenga.hu/ingatlan/elado-teglalakas-budapest-xiii-kerulet-angyalfold/8669219?page=60&pos=9&cr=32,"Budapest XIII. kerület eladó téglalakás 1 szobás: 47,9 millió Ft",47.9,34.0,34 m²,1.0,"Budapest XIII. kerület, Angyalföld, Fiastyúk utca",Téglalakás,,Átlagos,2025-08-17,Távfűtés,Nem adta meg a hirdető,,,,,,,
https://www.zenga.hu/ingatlan/elado-teglalakas-budapest-vi-kerulet-diplomatanegyed/8633312?page=60&pos=10&cr=32,,,,,,,,,,2025-08-17,,,,,,,,,
https://www.zenga.hu/ingatlan/elado-panellakas-dunaujvaros-beke-varosresz/8627347?page=60&pos=12&cr=32,"Dunaújváros eladó panellakás 2 szobás: 30,99 millió Ft",30.99,52.0,52 m²,2.0,"Dunaújváros, Béke városrész",Panellakás,4,Felújított,2025-08-17,Távfűtés,Nem adta meg a hirdető,,1975,,,,,
https://www.zenga.hu/ingatlan/elado-teglalakas-bicske/8565253?page=60&pos=13&cr=32,"Bicske eladó téglalakás 1 szobás: 29,4 millió Ft",29.4,28.0,28 m²,1.0,Bicske,Téglalakás,3,Új építésű,2025-08-17,Gázkazán,Nem adta meg a hirdető,,2026,1 m²,,,,
https://www.zenga.hu/ingatlan/elado-teglalakas-bicske/8565256?page=60&pos=15&cr=32,"Bicske eladó téglalakás 1+1 fél szobás: 46,4 millió Ft",46.4,58.0,58 m²,1.0,Bicske,Téglalakás,3,Új építésű,2025-08-17,Gázkazán,Nem adta meg a hirdető,,2026,1 m²,,,,
https://www.zenga.hu/ingatlan/elado-teglalakas-bicske/8565260?page=60&pos=16&cr=32,"Bicske eladó téglalakás 2+1 fél szobás: 57,5 millió Ft",57.5,64.0,64 m²,2.0,Bicske,Téglalakás,3,Új építésű,2025-08-17,Gázkazán,Nem adta meg a hirdető,,2026,,,,1 m²,
https://www.zenga.hu/ingatlan/elado-teglalakas-budapest-xi-kerulet-muegyetem-kornyeke/8444075?page=60&pos=17&cr=32,"Budapest XI. kerület eladó téglalakás 3 szobás: 94,9 millió Ft",94.9,55.0,55 m²,3.0,"Budapest XI. kerület, Műegyetem környéke",Téglalakás,5,Felújított,2025-08-17,Gáz (konvektor),,,1930,,,,,
https://www.zenga.hu/ingatlan/elado-teglalakas-budapest-viii-kerulet/8667893?page=60&pos=19&cr=31,,,,,,,,,,2025-08-17,,,,,,,,,
https://www.zenga.hu/ingatlan/elado-teglalakas-szekesfehervar-belvaros-es-kornyeke/8659768?page=60&pos=20&cr=31,"Székesfehérvár eladó téglalakás 1 szobás: 39,8 millió Ft",39.8,41.0,41 m²,1.0,"Székesfehérvár, Belváros",Téglalakás,,,2025-08-17,Távfűtés,Nem adta meg a hirdető,,1965,3 m²,,,,
https://www.zenga.hu/ingatlan/elado-teglalakas-budapest-viii-kerulet/8667892?page=61&pos=1&cr=31,"Budapest VIII. kerület eladó téglalakás 1 szobás: 36,9 millió Ft",36.9,22.0,22 m²,1.0,Budapest VIII. kerület,Téglalakás,,Felújított,2025-08-17,Gáz (konvektor),Nem adta meg a hirdető,,1920,,,,,
https://www.zenga.hu/ingatlan/elado-teglalakas-szeged/8471529?page=61&pos=2&cr=31,"Szeged eladó téglalakás 3 szobás: 58,5 millió Ft",58.5,90.0,90 m²,3.0,Szeged,Téglalakás,,Felújítandó,2025-08-17,Gázkazán,D,,1970,,,,,
https://www.zenga.hu/ingatlan/elado-teglalakas-szekesfehervar/8664022?page=61&pos=3&cr=31,"Székesfehérvár eladó téglalakás 3 szobás: 79,9 millió Ft",79.9,78.0,78 m²,3.0,"Székesfehérvár, Forgó utca",Téglalakás,2,Újszerű,2025-08-17,Gázkazán,Nem adta meg a hirdető,,1950,,,,,
https://www.zenga.hu/ingatlan/elado-teglalakas-szekesfehervar/8665096?page=61&pos=4&cr=31,,,,,,,,,,2025-08-17,,,,,,,,,
https://www.zenga.hu/ingatlan/elado-panellakas-debrecen/8639229?page=61&pos=5&cr=31,"Debrecen eladó panellakás 2+2 fél szobás: 61,5 millió Ft",61.5,68.0,68 m²,2.0,Debrecen,Panellakás,,Jó állapotú,2025-08-17,Távfűtés egyedi méréssel,Nem adta meg a hirdető,,1980,,,,,
https://www.zenga.hu/ingatlan/elado-panellakas-budapest-xv-kerulet-ujpalota/8656632?page=61&pos=6&cr=31,Budapest XV. kerület eladó panellakás 3 szobás: 78 millió Ft,,,,,,,,,2025-08-17,,,,,,,,,
https://www.zenga.hu/ingatlan/elado-panellakas-budapest-iv-kerulet/8643531?page=61&pos=7&cr=31,"Budapest IV. kerület eladó panellakás 2 szobás: 64,4 millió Ft",64.4,54.0,54 m²,2.0,Budapest IV. kerület,Panellakás,,Felújított,2025-08-17,Távfűtés egyedi méréssel,Nem adta meg a hirdető,,1984,,,,,
https://www.zenga.hu/ingatlan/elado-teglalakas-budapest-xi-kerulet-kelenvolgy/8588798?page=61&pos=8&cr=31,"Budapest XI. kerület eladó téglalakás 3 szobás: 117,5 millió Ft",117.5,80.0,80 m²,3.0,"Budapest XI. kerület, Kelenvölgy",Téglalakás,2,Jó állapotú,2025-08-17,Gázkazán,C,,2010,,,,,
https://www.zenga.hu/ingatlan/elado-teglalakas-gardony-agard/8576271?page=61&pos=9&cr=31,"Gárdony eladó téglalakás 2 szobás: 62,9 millió Ft",62.9,49.0,49 m²,2.0,"Gárdony, Agárd",Téglalakás,,Új építésű,2025-08-17,Hőszivattyú,A,,2026,,,,,
https://www.zenga.hu/ingatlan/elado-teglalakas-varpalota/8556723?page=61&pos=10&cr=31,"Várpalota eladó téglalakás 4 szobás: 74,75 millió Ft",74.75,65.0,65 m²,4.0,Várpalota,Téglalakás,,Új építésű,2025-08-17,Hőszivattyú,Nem adta meg a hirdető,,2026,,,,,
https://www.zenga.hu/ingatlan/elado-teglalakas-budapest-v-kerulet-belvaros/8588841?page=61&pos=11&cr=31,"Budapest V. kerület eladó téglalakás 1 szobás: 68,5 millió Ft",68.5,40.0,40 m²,1.0,"Budapest V. kerület, Belváros",Téglalakás,,Jó állapotú,2025-08-17,Gáz (konvektor),Nem adta meg a hirdető,,1900,,,,,
https://www.zenga.hu/ingatlan/elado-teglalakas-gyor-revfalu/8528117?page=61&pos=12&cr=31,"Győr eladó téglalakás 3 szobás: 69,9 millió Ft",69.9,84.0,84 m²,3.0,"Győr, Révfalu",Téglalakás,2,Felújított,2025-08-17,Gázkazán,Nem adta meg a hirdető,,,4 m²,,,,25 000 Ft/hó
https://www.zenga.hu/ingatlan/elado-teglalakas-pecs-uranvaros/8609491?page=61&pos=13&cr=31,"Pécs eladó téglalakás 1 szobás: 41,9 millió Ft",41.9,39.0,39 m²,1.0,"Pécs, Uránváros, Bánki Donát u.",Téglalakás,4,Felújított,2025-08-17,Elektromos,Nem adta meg a hirdető,,1960,2 m²,,,,
https://www.zenga.hu/ingatlan/elado-egyeb-lakas-miskolc/8567457?page=61&pos=14&cr=30,Miskolc eladó egyéb lakás 2 szobás: 22 millió Ft,22.0,55.0,55 m²,2.0,Miskolc,Egyéb lakás,,Átlagos,2025-08-17,Gáz (konvektor),Nem adta meg a hirdető,,1963,,,,,
https://www.zenga.hu/ingatlan/elado-teglalakas-budapest-xiii-kerulet/8654963?page=61&pos=15&cr=30,"Budapest XIII. kerület eladó téglalakás 1 szobás: 76,9 millió Ft",76.9,44.0,44 m²,1.0,Budapest XIII. kerület,Téglalakás,,Felújított,2025-08-17,Egyéb,Nem adta meg a hirdető,,1930,,,,,
https://www.zenga.hu/ingatlan/elado-panellakas-szeged-makkoshaz/8543214?page=61&pos=16&cr=30,"Szeged eladó panellakás 2+1 fél szobás: 59,5 millió Ft",59.5,56.0,56 m²,2.0,"Szeged, Makkosház",Panellakás,,Felújított,2025-08-17,Távfűtés egyedi méréssel,Nem adta meg a hirdető,,1980,,,,,
https://www.zenga.hu/ingatlan/elado-panellakas-budapest-iii-kerulet/8619802?page=61&pos=17&cr=30,"Budapest III. kerület eladó panellakás 2 szobás: 62,9 millió Ft",62.9,44.0,44 m²,2.0,Budapest III. kerület,Panellakás,,Jó állapotú,2025-08-17,Távfűtés,,,1984,,,,,
https://www.zenga.hu/ingatlan/elado-panellakas-miskolc/8619717?page=61&pos=18&cr=30,"Miskolc eladó panellakás 2+1 fél szobás: 28,99 millió Ft",28.99,61.0,61 m²,2.0,Miskolc,Panellakás,,Átlagos,2025-08-17,Távfűtés,Nem adta meg a hirdető,,1975,,,,,
https://www.zenga.hu/ingatlan/elado-teglalakas-gyor-szitasdomb/8668871?page=61&pos=19&cr=30,"Győr eladó téglalakás 3 szobás: 56,63 millió Ft",56.63,66.0,66 m²,3.0,"Győr, Szitásdomb",Téglalakás,,Új építésű,2025-08-17,Házközponti fűtés egyedi méréssel,Nem adta meg a hirdető,,2024,,,,,
https://www.zenga.hu/ingatlan/elado-teglalakas-szeged/8477658?page=61&pos=20&cr=30,Szeged eladó téglalakás 4 szobás: 590 millió Ft,590.0,302.0,302 m²,4.0,Szeged,Téglalakás,,Felújított,2025-08-17,Hőszivattyú,Nem adta meg a hirdető,,1950,,,,,
https://www.zenga.hu/ingatlan/elado-teglalakas-gyor-szitasdomb/8668872?page=62&pos=1&cr=30,"Győr eladó téglalakás 3 szobás: 57,01 millió Ft",57.01,62.0,62 m²,3.0,"Győr, Szitásdomb",Téglalakás,,Új építésű,2025-08-17,Házközponti fűtés egyedi méréssel,Nem adta meg a hirdető,,2024,,,,,
https://www.zenga.hu/ingatlan/elado-teglalakas-gyor/8559092?page=62&pos=2&cr=30,"Győr eladó téglalakás 3 szobás: 42,5 millió Ft",42.5,68.0,68 m²,3.0,Győr,Téglalakás,,Átlagos,2025-08-17,Gázkazán,Nem adta meg a hirdető,,,,,,,
https://www.zenga.hu/ingatlan/elado-teglalakas-tatabanya/7969470?page=62&pos=3&cr=30,"Eladó 3 szobás téglalakás 69,9 millió Ft értékben Tatabányán - Rózsakert Lakópark lakóparkban",69.9,63.0,63 m²,3.0,Tatabánya,Téglalakás,,Új építésű,2025-08-17,Házközponti fűtés egyedi méréssel,Nem adta meg a hirdető,,2024,,,2025. 3. negyedév,"8,5 m²",
https://www.zenga.hu/ingatlan/elado-teglalakas-veszprem/8542672?page=62&pos=4&cr=30,Veszprém eladó téglalakás 3 szobás: 63 millió Ft,63.0,76.0,76 m²,3.0,Veszprém,Téglalakás,,,2025-08-17,Gáz (konvektor),Nem adta meg a hirdető,,1980,,,,,
https://www.zenga.hu/ingatlan/elado-panellakas-kecskemet-belvaros/8668696?page=62&pos=5&cr=30,"Kecskemét eladó panellakás 1 szobás: 32,9 millió Ft",32.9,34.0,34 m²,1.0,"Kecskemét, Belváros",Panellakás,5,Jó állapotú,2025-08-17,Távfűtés egyedi méréssel,Nem adta meg a hirdető,,,,,,,
https://www.zenga.hu/ingatlan/elado-teglalakas-ozd-ujtelep/7492627?page=62&pos=6&cr=30,"Ózd eladó téglalakás 2 szobás: 4,99 millió Ft",4.99,55.0,55 m²,2.0,"Ózd, Újtelep",Téglalakás,,,2025-08-17,Gáz (konvektor),Nem adta meg a hirdető,,1960,,,,,
https://www.zenga.hu/ingatlan/elado-teglalakas-siofok-belvaros/7960118?page=62&pos=7&cr=30,"Siófok eladó téglalakás 2 szobás: 67,9 millió Ft",67.9,67.0,67 m²,2.0,"Siófok, Belváros",Téglalakás,,,2025-08-17,Gáz (konvektor),Nem adta meg a hirdető,,1950,,,,4 m²,
https://www.zenga.hu/ingatlan/elado-panellakas-kecskemet/8303612?page=62&pos=8&cr=30,"Kecskemét eladó panellakás 3 szobás: 38,4 millió Ft",38.4,85.0,85 m²,3.0,Kecskemét,Panellakás,,Jó állapotú,2025-08-17,Gáz (konvektor),Nem adta meg a hirdető,,1990,,,,,
https://www.zenga.hu/ingatlan/elado-teglalakas-szombathely-belvaros/8468460?page=62&pos=9&cr=30,"Szombathely eladó téglalakás 2 szobás: 32,5 millió Ft",32.5,55.0,55 m²,2.0,"Szombathely, Belváros",Téglalakás,,,2025-08-17,Gáz (konvektor),Nem adta meg a hirdető,,1960,,,,,
https://www.zenga.hu/ingatlan/elado-panellakas-ozd/7560590?page=62&pos=10&cr=30,"Ózd eladó panellakás 2 szobás: 9,5 millió Ft",9.5,55.0,55 m²,2.0,Ózd,Panellakás,,,2025-08-17,Távfűtés,Nem adta meg a hirdető,,1985,2 m²,,,,
https://www.zenga.hu/ingatlan/elado-teglalakas-siofok/8361484?page=62&pos=11&cr=30,Siófok eladó téglalakás 11 szobás: 185 millió Ft,185.0,198.0,198 m²,11.0,Siófok,Téglalakás,,,2025-08-17,Fan coil,Nem adta meg a hirdető,,1980,"0,5 m²",,,30 m²,
https://www.zenga.hu/ingatlan/elado-panellakas-siofok-belvaros/8605328?page=62&pos=12&cr=30,"Siófok eladó panellakás 2 szobás: 49,9 millió Ft",49.9,52.0,52 m²,2.0,"Siófok, Belváros",Panellakás,1,Jó állapotú,2025-08-17,Távfűtés egyedi méréssel,,,1980,,,,,
https://www.zenga.hu/ingatlan/elado-teglalakas-szazhalombatta/8668353?page=62&pos=14&cr=30,"Százhalombatta eladó téglalakás 1+3 fél szobás: 63,9 millió Ft",63.9,62.0,62 m²,1.0,Százhalombatta,Téglalakás,2,Felújított,2025-08-17,Gázkazán,Nem adta meg a hirdető,Nincs,2003,,,,10 m²,
https://www.zenga.hu/ingatlan/elado-teglalakas-budapest-xx-kerulet/8666043?page=62&pos=15&cr=30,,,,,,,,,,2025-08-17,,,,,,,,,
https://www.zenga.hu/ingatlan/elado-teglalakas-szekesfehervar/8662077?page=62&pos=16&cr=30,Székesfehérvár eladó téglalakás 1+1 fél szobás: 59 millió Ft,59.0,45.0,45 m²,1.0,Székesfehérvár,Téglalakás,4,Újszerű,2025-08-17,Gázkazán,Nem adta meg a hirdető,,,,,,,
https://www.zenga.hu/ingatlan/elado-teglalakas-tatabanya-ujvaros/8666878?page=62&pos=17&cr=30,"Tatabánya eladó téglalakás 2 szobás: 38,9 millió Ft",38.9,52.0,52 m²,2.0,"Tatabánya, Újváros",Téglalakás,4,Jó állapotú,2025-08-17,Távfűtés,Nem adta meg a hirdető,,,3 m²,,,,
https://www.zenga.hu/ingatlan/elado-teglalakas-budapest-xiii-kerulet/8544972?page=62&pos=18&cr=30,"Budapest XIII. kerület eladó téglalakás 3 szobás: 114,93 millió Ft",114.93,72.0,72 m²,3.0,Budapest XIII. kerület,Téglalakás,,Új építésű,2025-08-17,Gázkazán,A+,,2023,,,,,
https://www.zenga.hu/ingatlan/elado-teglalakas-balatonfured-belvaros/8652718?page=62&pos=19&cr=30,Balatonfüred eladó téglalakás 2 szobás: 72 millió Ft,72.0,68.0,68 m²,2.0,"Balatonfüred, Belváros",Téglalakás,2,Jó állapotú,2025-08-17,Gázkazán,Nem adta meg a hirdető,Nincs,2003,,,,13 m²,30 000 Ft/hó
https://www.zenga.hu/ingatlan/elado-tarsashazi-lakas-debrecen-belvaros/8665464?page=62&pos=20&cr=30,"Debrecen eladó társasházi lakás 4 szobás: 129,9 millió Ft",129.9,96.0,96 m²,4.0,"Debrecen, Belváros",Társasházi lakás,2,Újszerű,2025-08-17,Hőszivattyú,Nem adta meg a hirdető,,2023,,,,112 m²,
https://www.zenga.hu/ingatlan/elado-teglalakas-budapest-ii-kerulet-rozsadomb/8663644?page=63&pos=1&cr=30,,,,,,,,,,2025-08-17,,,,,,,,,
https://www.zenga.hu/ingatlan/elado-teglalakas-budapest-viii-kerulet-szazadosnegyed/8605714?page=63&pos=2&cr=30,Budapest VIII. kerület eladó téglalakás 4+1 fél szobás: 110 millió Ft,110.0,117.0,117 m²,4.0,"Budapest VIII. kerület, Századosnegyed",Téglalakás,4,Átlagos,2025-08-17,Gázkazán,Nem adta meg a hirdető,,1950,,,,,80 Ft/hó
https://www.zenga.hu/ingatlan/elado-teglalakas-gyor-belvaros/8510375?page=63&pos=3&cr=30,Győr eladó téglalakás 5 szobás: 105 millió Ft,105.0,220.0,220 m²,5.0,"Győr, Belváros",Téglalakás,1,Jó állapotú,2025-08-17,Gáz (konvektor),Nem adta meg a hirdető,,1800,,,,,
https://www.zenga.hu/ingatlan/elado-teglalakas-budapest-ix-kerulet/8662406?page=63&pos=4&cr=30,"Budapest IX. kerület eladó téglalakás 1 szobás: 52,9 millió Ft",52.9,39.0,39 m²,1.0,Budapest IX. kerület,Téglalakás,2,Felújított,2025-08-17,Elektromos,Nem adta meg a hirdető,,1920,,,,,
https://www.zenga.hu/ingatlan/elado-teglalakas-budapest-xiii-kerulet/8538051?page=63&pos=5&cr=30,"Budapest XIII. kerület eladó téglalakás 3 szobás: 114,9 millió Ft",114.9,65.0,65 m²,3.0,Budapest XIII. kerület,Téglalakás,4,,2025-08-17,Egyéb,Nem adta meg a hirdető,,1950,,,,,
https://www.zenga.hu/ingatlan/elado-teglalakas-budapest-xiii-kerulet/8652017?page=63&pos=6&cr=30,Budapest XIII. kerület eladó téglalakás 2 szobás: 98 millió Ft,98.0,47.0,47 m²,2.0,Budapest XIII. kerület,,,,2025-08-17,,,,,,,,,
https://www.zenga.hu/ingatlan/elado-teglalakas-budapest-xiii-kerulet/8652018?page=63&pos=7&cr=30,Budapest XIII. kerület eladó téglalakás 1 szobás: 75 millió Ft,75.0,36.0,36 m²,1.0,Budapest XIII. kerület,Téglalakás,5,,2025-08-17,,Nem adta meg a hirdető,,1950,,,,,
https://www.zenga.hu/ingatlan/elado-panellakas-kecskemet-homokbanya/8609800?page=63&pos=8&cr=30,"Kecskemét eladó panellakás 2 szobás: 44,99 millió Ft",44.99,51.0,51 m²,2.0,"Kecskemét, Homokbánya",Panellakás,,Új építésű,2025-08-17,Házközponti fűtés egyedi méréssel,A,,2025,,,,,
https://www.zenga.hu/ingatlan/elado-teglalakas-kecskemet-belvaros/8507133?page=63&pos=9&cr=30,Kecskemét eladó téglalakás 4 szobás: 69 millió Ft,69.0,148.0,148 m²,4.0,"Kecskemét, Belváros",Téglalakás,,Felújított,2025-08-17,Házközponti fűtés egyedi méréssel,Nem adta meg a hirdető,,2010,,,,,
https://www.zenga.hu/ingatlan/elado-teglalakas-budapest-ii-kerulet/8552710?page=63&pos=10&cr=30,Budapest II. kerület eladó téglalakás 3 szobás: 279 millió Ft,279.0,133.0,133 m²,3.0,"Budapest II. kerület, Vöröstorony utca",Téglalakás,3,Jó állapotú,2025-08-17,Gázkazán,Nem adta meg a hirdető,,,,,,,
https://www.zenga.hu/ingatlan/elado-panellakas-kecskemet-petofivaros/8609801?page=63&pos=11&cr=30,"Kecskemét eladó panellakás 2 szobás: 44,99 millió Ft",44.99,51.0,51 m²,2.0,"Kecskemét, Petőfiváros",Panellakás,,Új építésű,2025-08-17,Házközponti fűtés egyedi méréssel,A,,2025,,,,,
https://www.zenga.hu/ingatlan/elado-teglalakas-miskolc/8603071?page=63&pos=12&cr=30,"Miskolc eladó téglalakás 1 szobás: 24,9 millió Ft",24.9,38.0,38 m²,1.0,Miskolc,Téglalakás,,Jó állapotú,2025-08-17,Gáz (konvektor),Nem adta meg a hirdető,,1958,,,,,
https://www.zenga.hu/ingatlan/elado-teglalakas-budapest-ix-kerulet-kozepso-ferencvaros/8660113?page=63&pos=13&cr=30,"Budapest IX. kerület eladó téglalakás 3+1 fél szobás: 98,9 millió Ft",98.9,99.0,99 m²,3.0,"Budapest IX. kerület, Középső Ferencváros, Boráros tér",Téglalakás,4,Felújított,2025-08-17,Gázkazán,Nem adta meg a hirdető,,,,,,,
https://www.zenga.hu/ingatlan/elado-teglalakas-hodmezovasarhely/8382392?page=63&pos=14&cr=30,"Hódmezővásárhely eladó téglalakás 1+1 fél szobás: 39,99 millió Ft",39.99,30.0,30 m²,1.0,Hódmezővásárhely,Téglalakás,,Új építésű,2025-08-17,Hőszivattyú,A+,,2021,,,,,
https://www.zenga.hu/ingatlan/elado-panellakas-szeged/8523464?page=63&pos=15&cr=30,"Szeged eladó panellakás 4 szobás: 62,5 millió Ft",62.5,68.0,68 m²,4.0,Szeged,Panellakás,,Jó állapotú,2025-08-17,Távfűtés,Nem adta meg a hirdető,,1989,,,,,
https://www.zenga.hu/ingatlan/elado-teglalakas-siofok-aranypart/8654254?page=63&pos=16&cr=30,Siófok eladó téglalakás 3 szobás: 112 millió Ft,112.0,62.0,62 m²,3.0,"Siófok, Aranypart",Téglalakás,5,Újszerű,2025-08-17,Mennyezeti hűtés-fűtés,A++,Van,2019,,,,12 m²,
https://www.zenga.hu/ingatlan/elado-teglalakas-budapest-xvi-kerulet/8589387?page=63&pos=17&cr=30,"Budapest XVI. kerület eladó téglalakás 2 szobás: 66,9 millió Ft",66.9,54.0,54 m²,2.0,Budapest XVI. kerület,Téglalakás,,Jó állapotú,2025-08-17,,,,,,,,,
https://www.zenga.hu/ingatlan/elado-teglalakas-mezohegyes/8656216?page=63&pos=18&cr=30,Mezőhegyes eladó téglalakás 2+1 fél szobás: 13 millió Ft,13.0,75.0,75 m²,2.0,Mezőhegyes,Téglalakás,,Jó állapotú,2025-08-17,Házközponti,Nem adta meg a hirdető,,1960,,,,,
https://www.zenga.hu/ingatlan/elado-teglalakas-budapest-vii-kerulet/8464497?page=63&pos=19&cr=30,,,,,,,,,,2025-08-17,,,,,,,,,
https://www.zenga.hu/ingatlan/elado-teglalakas-budapest-xi-kerulet-kelenvolgy/7441741?page=63&pos=20&cr=30,"Budapest XI. kerület eladó téglalakás 3 szobás: 99,81 millió Ft",99.81,68.0,68 m²,3.0,"Budapest XI. kerület, Kelenvölgy",Téglalakás,,Új építésű,2025-08-17,Házközponti fűtés egyedi méréssel,A++,,2022,,,,,
https://www.zenga.hu/ingatlan/elado-teglalakas-budapest-ix-kerulet/8654579?page=64&pos=1&cr=30,"Budapest IX. kerület eladó téglalakás 1 szobás: 64,9 millió Ft",64.9,36.0,36 m²,1.0,Budapest IX. kerület,,,,2025-08-17,,,,,,,,,
https://www.zenga.hu/ingatlan/elado-teglalakas-budapest-xvi-kerulet-petofikert/8653532?page=64&pos=2&cr=30,"Budapest XVI. kerület eladó téglalakás 1+1 fél szobás: 49,9 millió Ft",49.9,33.0,33 m²,1.0,"Budapest XVI. kerület, Petőfikert, Zsemlékes ut",Téglalakás,3,Újszerű,2025-08-17,,,,,,,,,
https://www.zenga.hu/ingatlan/elado-teglalakas-budapest-v-kerulet-belvaros/8620875?page=64&pos=3&cr=30,Budapest V. kerület eladó téglalakás 2 szobás: 80 millió Ft,80.0,56.0,56 m²,2.0,"Budapest V. kerület, Belváros",Téglalakás,,Felújítandó,2025-08-17,Gáz (konvektor),Nem adta meg a hirdető,,1900,,,,,
https://www.zenga.hu/ingatlan/elado-panellakas-budapest-xi-kerulet-gazdagret/8653219?page=64&pos=4&cr=30,,,,,,,,,,2025-08-17,,,,,,,,,
https://www.zenga.hu/ingatlan/elado-teglalakas-budapest-vii-kerulet/8620876?page=64&pos=5&cr=30,"Budapest VII. kerület eladó téglalakás 1 szobás: 45,5 millió Ft",45.5,32.0,32 m²,1.0,Budapest VII. kerület,Téglalakás,,Átlagos,2025-08-17,Gáz (konvektor),Nem adta meg a hirdető,,1891,,,,,
https://www.zenga.hu/ingatlan/elado-teglalakas-szolnok/8259740?page=64&pos=6&cr=30,"Szolnok eladó téglalakás 5 szobás: 58,5 millió Ft",58.5,150.0,150 m²,5.0,Szolnok,Téglalakás,1,Újszerű,2025-08-17,Gázkazán,Nem adta meg a hirdető,,,,,,,
https://www.zenga.hu/ingatlan/elado-teglalakas-budapest-xx-kerulet/8535689?page=64&pos=7&cr=30,"Budapest XX. kerület eladó téglalakás 2 szobás: 38,5 millió Ft",38.5,44.0,44 m²,2.0,Budapest XX. kerület,Téglalakás,,Jó állapotú,2025-08-17,Gáz (konvektor),Nem adta meg a hirdető,,1950,,,,,
https://www.zenga.hu/ingatlan/elado-teglalakas-pecs-belvaros/8572580?page=64&pos=8&cr=30,"Pécs eladó téglalakás 3 szobás: 69,9 millió Ft",69.9,87.0,87 m²,3.0,"Pécs, Belváros",Téglalakás,,Felújított,2025-08-17,Gázkazán,D,,1930,,,,,
https://www.zenga.hu/ingatlan/elado-teglalakas-budapest-xi-kerulet/8617683?page=64&pos=9&cr=30,Budapest XI. kerület eladó téglalakás 5 szobás: 216 millió Ft,216.0,116.0,116 m²,,,,,,2025-08-17,,,,,,,,,
https://www.zenga.hu/ingatlan/elado-teglalakas-budapest-xi-kerulet/8612901?page=64&pos=10&cr=30,Budapest XI. kerület eladó téglalakás 4 szobás: 179 millió Ft,179.0,96.0,96 m²,4.0,Budapest XI. kerület,Téglalakás,,Új építésű,2025-08-17,,Nem adta meg a hirdető,,,,,,,
https://www.zenga.hu/ingatlan/elado-csusztatott-zsalus-lakas-szekesfehervar-vizivaros/8475044?page=64&pos=11&cr=30,"Székesfehérvár eladó csúsztatott zsalus lakás 2 szobás: 49,99 millió Ft",49.99,54.0,54 m²,2.0,"Székesfehérvár, Víziváros",Csúsztatott zsalus lakás,,Átlagos,2025-08-17,Távfűtés,C,,1975,,,,,
https://www.zenga.hu/ingatlan/elado-panellakas-miskolc-belvaros/8618869?page=64&pos=12&cr=30,"Miskolc eladó panellakás 1+2 fél szobás: 31,9 millió Ft",31.9,55.0,55 m²,1.0,,,,,2025-08-17,,,,,,,,,
https://www.zenga.hu/ingatlan/elado-teglalakas-szeged-belvaros/8605354?page=64&pos=13&cr=30,"Szeged eladó téglalakás 1 szobás: 56,45 millió Ft",56.45,45.0,45 m²,1.0,"Szeged, Belváros",Téglalakás,3,Felújított,2025-08-17,Gáz (konvektor),D,,,,,,,
https://www.zenga.hu/ingatlan/elado-teglalakas-budapest-ii-kerulet-szemlohegy/8546635?page=64&pos=14&cr=30,"Budapest II. kerület eladó téglalakás 2 szobás: 149,9 millió Ft",149.9,75.0,75 m²,2.0,"Budapest II. kerület, Szemlőhegy",Téglalakás,,Felújított,2025-08-17,Gázkazán,Nem adta meg a hirdető,,1985,,,,,
https://www.zenga.hu/ingatlan/elado-teglalakas-budapest-vii-kerulet/8239913?page=64&pos=15&cr=30,"Budapest VII. kerület eladó téglalakás 3 szobás: 94,9 millió Ft",94.9,87.0,87 m²,3.0,Budapest VII. kerület,Téglalakás,,Jó állapotú,2025-08-17,Gáz (konvektor),Nem adta meg a hirdető,,1900,,,,,
https://www.zenga.hu/ingatlan/elado-teglalakas-budapest-ix-kerulet-kozepso-ferencvaros/8645604?page=64&pos=16&cr=30,Budapest IX. kerület eladó téglalakás 4+1 fél szobás: 139 millió Ft,139.0,139.0,139 m²,4.0,"Budapest IX. kerület, Középső Ferencváros, Üllői út",Téglalakás,5,Jó állapotú,2025-08-17,Gázkazán,Nem adta meg a hirdető,,,"3,7 m²",,,,
https://www.zenga.hu/ingatlan/elado-teglalakas-kecskemet/8643037?page=64&pos=17&cr=30,"Kecskemét eladó téglalakás 1+2 fél szobás: 63,9 millió Ft",63.9,72.0,72 m²,1.0,Kecskemét,Téglalakás,3,Újszerű,2025-08-17,Házközponti fűtés egyedi méréssel,C,,2003,,,,15 m²,
https://www.zenga.hu/ingatlan/elado-teglalakas-budapest-x-kerulet-ujhegy/8456488?page=64&pos=18&cr=30,,,,,,,,,,2025-08-17,,,,,,,,,
https://www.zenga.hu/ingatlan/elado-teglalakas-komarom/8638333?page=64&pos=19&cr=30,"Komárom eladó téglalakás 2 szobás: 24,9 millió Ft",24.9,62.0,62 m²,2.0,Komárom,Téglalakás,2,Felújítandó,2025-08-17,Központi fűtés,Nem adta meg a hirdető,,1960,,,,,
https://www.zenga.hu/ingatlan/elado-teglalakas-gyor-nadorvaros/8636994?page=64&pos=20&cr=30,"Győr eladó téglalakás 1+1 fél szobás: 51,9 millió Ft",51.9,42.0,42 m²,1.0,"Győr, Nádorváros",Téglalakás,4,Újszerű,2025-08-17,Gázkazán,C,Nincs,2005,,,,,20 000 Ft/hó
https://www.zenga.hu/ingatlan/elado-teglalakas-budapest-iv-kerulet-megyer/8636907?page=65&pos=1&cr=30,"Budapest IV. kerület eladó téglalakás 4 szobás: 117,5 millió Ft",117.5,94.0,94 m²,4.0,"Budapest IV. kerület, Megyer",Téglalakás,3,Újszerű,2025-08-17,Házközponti fűtés egyedi méréssel,C,Nincs,2008,6 m²,,,,40 Ft/hó
https://www.zenga.hu/ingatlan/elado-teglalakas-budapest-ix-kerulet-kozepso-ferencvaros/8635083?page=65&pos=2&cr=30,"Budapest IX. kerület eladó téglalakás 2+1 fél szobás: 85,98 millió Ft",85.98,60.0,60 m²,2.0,"Budapest IX. kerület, Középső Ferencváros, Ernő utca",Téglalakás,7,Felújított,2025-08-17,Házközponti fűtés egyedi méréssel,D,Nincs,1975,3 m²,,,,40 000 Ft/hó
https://www.zenga.hu/ingatlan/elado-panellakas-debrecen-tocoskert/8633288?page=65&pos=3&cr=30,Debrecen eladó panellakás 2 szobás: 55 millió Ft,55.0,54.0,54 m²,2.0,"Debrecen, Tócóskert",Panellakás,10,Felújítandó,2025-08-17,Távfűtés,H,Nincs,1980,4 m²,,,,40 000 Ft/hó
https://www.zenga.hu/ingatlan/elado-tarsashazi-lakas-erd-erdliget/7476888?page=65&pos=4&cr=30,"Érd eladó társasházi lakás 7 szobás: 215,89 millió Ft",215.89,174.0,174 m²,7.0,"Érd, Érdliget, Fürdő utca 7",Társasházi lakás,2,Új építésű,2025-08-17,Hőszivattyú,,,2024,,,,,
https://www.zenga.hu/ingatlan/elado-teglalakas-budapest-vi-kerulet-nagykoruton-beluli-terulet/8629732?page=65&pos=5&cr=30,Budapest VI. kerület eladó téglalakás 3 szobás: 199 millió Ft,199.0,80.0,80 m²,3.0,"Budapest VI. kerület, Nagykörúton belüli terület, Làzàr",Téglalakás,5,Felújított,2025-08-17,Padlófűtés,C,,,"2,5 m²",,,,20 000 Ft/hó
https://www.zenga.hu/ingatlan/elado-teglalakas-budapest-v-kerulet-belvaros/8625319?page=65&pos=7&cr=30,Budapest V. kerület eladó téglalakás 1+1 fél szobás: 135 millió Ft,135.0,84.0,84 m²,1.0,"Budapest V. kerület, Belváros, Bécsi utca",Téglalakás,5,,2025-08-17,,,,,,,,,
https://www.zenga.hu/ingatlan/elado-teglalakas-budapest-vii-kerulet/8618663?page=65&pos=8&cr=30,"Budapest VII. kerület eladó téglalakás 1 szobás: 41,5 millió Ft",41.5,30.0,30 m²,1.0,"Budapest VII. kerület, Garay utca 34",Téglalakás,3,Jó állapotú,2025-08-17,Gázkazán,F,,,,,,,
https://www.zenga.hu/ingatlan/elado-tarsashazi-lakas-kalocsa/8611441?page=65&pos=9&cr=30,"Kalocsa eladó társasházi lakás 2 szobás: 27,99 millió Ft",27.99,64.0,64 m²,2.0,Kalocsa,Társasházi lakás,1,Jó állapotú,2025-08-17,Gázkazán,Nem adta meg a hirdető,,,,,,,
https://www.zenga.hu/ingatlan/elado-teglalakas-balatonfured-belvaros/8432722?page=65&pos=10&cr=30,"Balatonfüred eladó téglalakás 2 szobás: 71,9 millió Ft",71.9,52.0,52 m²,2.0,"Balatonfüred, Belváros",Téglalakás,3,Jó állapotú,2025-08-17,Hőszivattyú,Nem adta meg a hirdető,Van,2013,,,,15 m²,
https://www.zenga.hu/ingatlan/elado-teglalakas-szolnok-tallinn-varosresz/8604154?page=65&pos=11&cr=30,"Szolnok eladó téglalakás 2 szobás: 22,9 millió Ft",22.9,54.0,54 m²,2.0,"Szolnok, Tallinn, Városmajor út",Téglalakás,4,Felújítandó,2025-08-17,Gáz (konvektor),Nem adta meg a hirdető,Nincs,1970,3 m²,,,,
https://www.zenga.hu/ingatlan/elado-teglalakas-dunaujvaros-belvaros/8594015?page=65&pos=12&cr=30,"Dunaújváros eladó téglalakás 2 szobás: 29,99 millió Ft",29.99,49.0,49 m²,2.0,"Dunaújváros, Belváros",Téglalakás,4,Jó állapotú,2025-08-17,Távfűtés egyedi méréssel,Nem adta meg a hirdető,,1953,,,,,28 000 Ft/hó
https://www.zenga.hu/ingatlan/elado-panellakas-tatabanya-ujvaros/8590557?page=65&pos=13&cr=30,"Tatabánya eladó panellakás 3 szobás: 37,99 millió Ft",37.99,64.0,64 m²,3.0,"Tatabánya, Újváros",Panellakás,10,Felújított,2025-08-17,Távfűtés,Nem adta meg a hirdető,,,2 m²,,,,
https://www.zenga.hu/ingatlan/elado-teglalakas-kormend-belvaros/8352691?page=65&pos=14&cr=30,"Körmend eladó téglalakás 2 szobás: 18,5 millió Ft",18.5,54.0,54 m²,2.0,"Körmend, Belváros",Téglalakás,,,2025-08-17,,,,,,,,,
https://www.zenga.hu/ingatlan/elado-teglalakas-jaszszentlaszlo/8503346?page=65&pos=15&cr=30,"Jászszentlászló eladó téglalakás 2 szobás: 16,9 millió Ft",16.9,52.0,52 m²,2.0,Jászszentlászló,Téglalakás,1,Átlagos,2025-08-17,Gáz (konvektor),Nem adta meg a hirdető,,1980,6 m²,,,,
https://www.zenga.hu/ingatlan/elado-teglalakas-tatabanya-sagvari-lakotelep/8568674?page=65&pos=17&cr=30,"Tatabánya eladó téglalakás 2 szobás: 36,9 millió Ft",36.9,55.0,55 m²,2.0,"Tatabánya, Ságvári-lakótelep",Téglalakás,4,Jó állapotú,2025-08-17,Távfűtés,Nem adta meg a hirdető,,,3 m²,,,,
https://www.zenga.hu/ingatlan/elado-tarsashazi-lakas-siofok-aranypart/8568642?page=65&pos=18&cr=30,"Siófok eladó társasházi lakás 2 szobás: 72,9 millió Ft",72.9,40.0,40 m²,2.0,"Siófok, Aranypart",Társasházi lakás,4,Újszerű,2025-08-17,Geotermikus,A++,Van,2017,6 m²,,,,
https://www.zenga.hu/ingatlan/elado-teglalakas-budapest-xi-kerulet-muegyetem-kornyeke/8444081?page=65&pos=20&cr=30,"Budapest XI. kerület eladó téglalakás 2+2 fél szobás: 94,9 millió Ft",94.9,60.0,60 m²,2.0,"Budapest XI. kerület, Műegyetem környéke",Téglalakás,6,Átlagos,2025-08-17,Elektromos,Nem adta meg a hirdető,,1930,,,,,
https://www.zenga.hu/ingatlan/elado-teglalakas-budapest-vi-kerulet-nagykoruton-kivuli-terulet/7250632?page=66&pos=1&cr=30,"Budapest VI. kerület eladó téglalakás 4 szobás: 154,9 millió Ft",154.9,128.0,128 m²,4.0,"Budapest VI. kerület, Nagykörúton kívüli terület, Eötvös utca",Téglalakás,5,Jó állapotú,2025-08-17,Gázkazán,Nem adta meg a hirdető,,1890,,,,,
https://www.zenga.hu/ingatlan/elado-teglalakas-szekszard/8661150?page=66&pos=2&cr=29,"Szekszárd eladó téglalakás 3 szobás: 59,5 millió Ft",59.5,84.0,84 m²,3.0,"Szekszárd, Tinódi utca",Téglalakás,,,2025-08-17,Gázkazán,Nem adta meg a hirdető,,1994,,,,,
https://www.zenga.hu/ingatlan/elado-teglalakas-szekszard/8667988?page=66&pos=3&cr=29,"Szekszárd eladó téglalakás 2 szobás: 29,9 millió Ft",29.9,54.0,54 m²,2.0,"Szekszárd, Kőrösi Csoma Sándor utca",Téglalakás,,,2025-08-17,Gáz (konvektor),Nem adta meg a hirdető,,1976,,,,,
https://www.zenga.hu/ingatlan/elado-teglalakas-hajduszoboszlo/8658054?page=66&pos=4&cr=29,"Hajdúszoboszló eladó téglalakás 2 szobás: 44,9 millió Ft",44.9,42.0,42 m²,2.0,Hajdúszoboszló,Téglalakás,,,2025-08-17,Gázkazán,Nem adta meg a hirdető,,2005,"2,8 m²",,,,
https://www.zenga.hu/ingatlan/elado-csusztatott-zsalus-lakas-szekszard-felsovaros/8662534?page=66&pos=5&cr=29,Szekszárd eladó csúsztatott zsalus lakás 2 szobás: 54 millió Ft,54.0,73.0,73 m²,2.0,"Szekszárd, Felsőváros",Csúsztatott zsalus lakás,1,Újszerű,2025-08-17,Elektromos,Nem adta meg a hirdető,,1980,"3,8 m²",,,,
https://www.zenga.hu/ingatlan/elado-teglalakas-budapest-xviii-kerulet-ganzkertvaros/8537108?page=66&pos=6&cr=29,Budapest XVIII. kerület eladó téglalakás 2 szobás: 55 millió Ft,55.0,43.0,43 m²,2.0,"Budapest XVIII. kerület, Ganzkertváros",Téglalakás,2,Átlagos,2025-08-17,Gázkazán,Nem adta meg a hirdető,,2004,,,,,
https://www.zenga.hu/ingatlan/elado-teglalakas-budapest-xviii-kerulet/8634336?page=66&pos=7&cr=29,Budapest XVIII. kerület eladó téglalakás 2 szobás: 52 millió Ft,52.0,57.0,57 m²,2.0,Budapest XVIII. kerület,Téglalakás,4,Átlagos,2025-08-17,Távfűtés egyedi méréssel,Nem adta meg a hirdető,,1965,,,,,
https://www.zenga.hu/ingatlan/elado-panellakas-budapest-xviii-kerulet/8515325?page=66&pos=8&cr=29,Budapest XVIII. kerület eladó panellakás 2+1 fél szobás: 52 millió Ft,52.0,53.0,53 m²,2.0,Budapest XVIII. kerület,Panellakás,10,Átlagos,2025-08-17,Távfűtés,Nem adta meg a hirdető,,1985,,,,,
https://www.zenga.hu/ingatlan/elado-panellakas-budapest-xviii-kerulet-liptaktelep/8553937?page=66&pos=9&cr=29,"Budapest XVIII. kerület eladó panellakás 2+1 fél szobás: 61,9 millió Ft",61.9,64.0,64 m²,2.0,"Budapest XVIII. kerület, Liptáktelep",Panellakás,4,Átlagos,2025-08-17,Házközponti fűtés egyedi méréssel,Nem adta meg a hirdető,,1995,,,,,
https://www.zenga.hu/ingatlan/elado-teglalakas-pomaz/8506183?page=66&pos=10&cr=29,"Pomáz eladó téglalakás 1+1 fél szobás: 34,9 millió Ft",34.9,30.0,30 m²,1.0,Pomáz,Téglalakás,1,Felújított,2025-08-17,Elektromos,Nem adta meg a hirdető,,1985,,,,3 m²,
https://www.zenga.hu/ingatlan/elado-teglalakas-varpalota/8668013?page=66&pos=11&cr=28,"Várpalota eladó téglalakás 2 szobás: 34,7 millió Ft",34.7,54.0,54 m²,2.0,"Várpalota, Mátyás király utca",Téglalakás,,,2025-08-17,Távfűtés egyedi méréssel,Nem adta meg a hirdető,,1962,"2,5 m²",,,,
https://www.zenga.hu/ingatlan/elado-teglalakas-balatonfured-belvaros/8662282?page=66&pos=12&cr=28,"Balatonfüred eladó téglalakás 2 szobás: 48,9 millió Ft",48.9,54.0,54 m²,2.0,"Balatonfüred, Belváros",Téglalakás,,,2025-08-17,Elektromos,Nem adta meg a hirdető,,1979,"3,7 m²",,,,
https://www.zenga.hu/ingatlan/elado-teglalakas-siofok-fokihegy/8597793?page=66&pos=13&cr=28,"Siófok eladó téglalakás 3 szobás: 63,5 millió Ft",63.5,76.0,76 m²,3.0,"Siófok, Fokihegy",Téglalakás,3,Felújított,2025-08-17,Gázkazán,Nem adta meg a hirdető,,,5 m²,,,,
https://www.zenga.hu/ingatlan/elado-csusztatott-zsalus-lakas-tapolca-keleti-varosresz/8661114?page=66&pos=14&cr=28,"Tapolca eladó csúsztatott zsalus lakás 2 szobás: 31,9 millió Ft",31.9,57.0,57 m²,2.0,"Tapolca, Keleti városrész",Csúsztatott zsalus lakás,,,2025-08-17,Házközponti fűtés egyedi méréssel,Nem adta meg a hirdető,,1970,6 m²,,,,
https://www.zenga.hu/ingatlan/elado-teglalakas-papa/8668454?page=66&pos=15&cr=28,"Pápa eladó téglalakás 2 szobás: 21,5 millió Ft",21.5,72.0,72 m²,2.0,Pápa,Téglalakás,,,2025-08-17,Cserépkályha,,,,,,,,
https://www.zenga.hu/ingatlan/elado-teglalakas-balatonfuzfo/8665753?page=66&pos=16&cr=28,"Balatonfűzfő eladó téglalakás 2 szobás: 46,9 millió Ft",46.9,57.0,57 m²,2.0,Balatonfűzfő,Téglalakás,2,Jó állapotú,2025-08-17,Elektromos,Nem adta meg a hirdető,,1980,15 m²,,,,
https://www.zenga.hu/ingatlan/elado-teglalakas-pecs-egyetemvaros/8398699?page=66&pos=17&cr=26,"Pécs eladó téglalakás 2 szobás: 56,72 millió Ft",56.72,44.0,44 m²,2.0,"Pécs, Egyetemváros",Téglalakás,,Új építésű,2025-08-17,Hőszivattyú,A++,,2024,,,,,
https://www.zenga.hu/ingatlan/elado-teglalakas-veresegyhaz/8486770?page=66&pos=18&cr=26,"Veresegyház eladó téglalakás 2 szobás: 58,9 millió Ft",58.9,51.0,51 m²,2.0,Veresegyház,Téglalakás,,Átlagos,2025-08-17,Gázkazán,Nem adta meg a hirdető,,2011,,,,,
https://www.zenga.hu/ingatlan/elado-teglalakas-budapest-iv-kerulet/8667448?page=66&pos=19&cr=26,"Budapest IV. kerület eladó téglalakás 1 szobás: 29,9 millió Ft",29.9,31.0,31 m²,1.0,Budapest IV. kerület,Téglalakás,,Jó állapotú,2025-08-17,Gáz (konvektor),Nem adta meg a hirdető,,1950,,,,,
https://www.zenga.hu/ingatlan/elado-teglalakas-heviz/8597645?page=66&pos=20&cr=26,"Hévíz eladó téglalakás 1 szobás: 28,8 millió Ft",28.8,29.0,29 m²,1.0,Hévíz,Téglalakás,1,Jó állapotú,2025-08-17,Elektromos,Nem adta meg a hirdető,,2005,,,,,
https://www.zenga.hu/ingatlan/elado-teglalakas-budapest-ii-kerulet-vizivaros-ii-ker/8589653?page=67&pos=1&cr=26,,,,,,,,,,2025-08-17,,,,,,,,,
https://www.zenga.hu/ingatlan/elado-teglalakas-budapest-vii-kerulet/8589655?page=67&pos=2&cr=26,,,,,,,,,,2025-08-17,,,,,,,,,
https://www.zenga.hu/ingatlan/elado-teglalakas-veszprem/8436016?page=67&pos=3&cr=26,Veszprém eladó téglalakás 2+1 fél szobás: 65 millió Ft,65.0,65.0,65 m²,2.0,Veszprém,Téglalakás,,Átlagos,2025-08-17,Gázkazán,Nem adta meg a hirdető,,1959,,,,,
https://www.zenga.hu/ingatlan/elado-egyeb-lakas-budapest-ii-kerulet/8621922?page=67&pos=4&cr=26,Budapest II. kerület eladó egyéb lakás 4 szobás: 429 millió Ft,429.0,139.0,139 m²,4.0,Budapest II. kerület,Egyéb lakás,,,2025-08-17,,Nem adta meg a hirdető,,2006,,,,,
https://www.zenga.hu/ingatlan/elado-teglalakas-budapest-i-kerulet/8540510?page=67&pos=5&cr=26,,,,,,,,,,2025-08-17,,,,,,,,,
https://www.zenga.hu/ingatlan/elado-panellakas-budapest-xix-kerulet-kispest-lakotelep/8646544?page=67&pos=6&cr=26,"Budapest XIX. kerület eladó panellakás 1+2 fél szobás: 62,9 millió Ft",62.9,59.0,59 m²,1.0,"Budapest XIX. kerület, Kispest lakótelep",,,,2025-08-17,,,,,,,,,
https://www.zenga.hu/ingatlan/elado-teglalakas-ajka/8433299?page=67&pos=7&cr=26,"Ajka eladó téglalakás 2 szobás: 41,9 millió Ft",41.9,63.0,63 m²,2.0,Ajka,,,,2025-08-17,,,,,,,,,
https://www.zenga.hu/ingatlan/elado-egyeb-lakas-celldomolk/8296579?page=67&pos=8&cr=26,"Celldömölk eladó egyéb lakás 4 szobás: 29,9 millió Ft",29.9,155.0,155 m²,4.0,Celldömölk,Egyéb lakás,,Átlagos,2025-08-17,,Nem adta meg a hirdető,,1950,,,,,
https://www.zenga.hu/ingatlan/elado-teglalakas-budapest-viii-kerulet/8570106?page=67&pos=9&cr=26,Budapest VIII. kerület eladó téglalakás 3 szobás: 90 millió Ft,90.0,90.0,,,,,,,2025-08-17,,,,,,,,,
https://www.zenga.hu/ingatlan/elado-teglalakas-pecs/8442019?page=67&pos=10&cr=25,"Pécs eladó téglalakás 2 szobás: 52,9 millió Ft",52.9,56.0,56 m²,2.0,Pécs,Téglalakás,,Jó állapotú,2025-08-17,Távfűtés,G,,1983,,,,,
https://www.zenga.hu/ingatlan/elado-teglalakas-szeged-felsovaros/8567649?page=67&pos=11&cr=25,Szeged eladó téglalakás 4 szobás: 158 millió Ft,158.0,207.0,207 m²,4.0,"Szeged, Felsőváros",,,,2025-08-17,,,,,,,,,
https://www.zenga.hu/ingatlan/elado-teglalakas-budapest-xx-kerulet/8669247?page=67&pos=13&cr=25,"Budapest XX. kerület eladó téglalakás 2 szobás: 69,9 millió Ft",69.9,68.0,68 m²,2.0,Budapest XX. kerület,Téglalakás,3,Átlagos,2025-08-17,Gáz (konvektor),Nem adta meg a hirdető,,,,,,,
https://www.zenga.hu/ingatlan/elado-teglalakas-siofok/8598256?page=67&pos=14&cr=25,"Siófok eladó téglalakás 2+2 fél szobás: 69,9 millió Ft",69.9,84.0,84 m²,2.0,Siófok,Téglalakás,1,Átlagos,2025-08-17,Gáz (konvektor),Nem adta meg a hirdető,,1980,3 m²,,,,
https://www.zenga.hu/ingatlan/elado-teglalakas-zalacsany/8598016?page=67&pos=15&cr=25,Zalacsány eladó téglalakás 3 szobás: 59 millió Ft,59.0,69.0,69 m²,3.0,Zalacsány,Téglalakás,,Új építésű,2025-08-17,Padlófűtés,Nem adta meg a hirdető,,2021,,,,,
https://www.zenga.hu/ingatlan/elado-teglalakas-kaposvar-belvaros/8600059?page=67&pos=16&cr=25,"Kaposvár eladó téglalakás 2 szobás: 26,5 millió Ft",26.5,48.0,48 m²,2.0,"Kaposvár, Belváros",Téglalakás,1,Jó állapotú,2025-08-17,Gáz (konvektor),Nem adta meg a hirdető,,1950,,,,,
https://www.zenga.hu/ingatlan/elado-teglalakas-siofok-ezustpart/8601256?page=67&pos=17&cr=25,Siófok eladó téglalakás 2 szobás: 89 millió Ft,89.0,57.0,57 m²,2.0,"Siófok, Ezüstpart",Téglalakás,1,Újszerű,2025-08-17,Gázkazán,Nem adta meg a hirdető,,2005,11 m²,,,,
https://www.zenga.hu/ingatlan/elado-teglalakas-debrecen-hatvan-utcai-kert/8636791?page=67&pos=18&cr=25,"Debrecen eladó téglalakás 3 szobás: 89,9 millió Ft",89.9,66.0,66 m²,3.0,"Debrecen, Hatvan utcai kert",Téglalakás,,Újszerű,2025-08-17,,Nem adta meg a hirdető,,,,,,,
https://www.zenga.hu/ingatlan/elado-teglalakas-debrecen-belvaros/8629423?page=67&pos=19&cr=25,"Debrecen eladó téglalakás 3 szobás: 64,9 millió Ft",64.9,72.0,72 m²,3.0,"Debrecen, Belváros",Téglalakás,,Felújított,2025-08-17,,Nem adta meg a hirdető,,,,,,,
https://www.zenga.hu/ingatlan/elado-teglalakas-siofok-ezustpart/7117848?page=67&pos=20&cr=25,"Eladó 2 szobás téglalakás 80,82 millió Ft értékben Siófokon - Dingi lakóparkban",80.82,50.0,50 m²,2.0,"Siófok, Ezüstpart",Téglalakás,,Új építésű,2025-08-17,Hőszivattyú,Nem adta meg a hirdető,,2024,,,2025. 3. negyedév,19 m²,
https://www.zenga.hu/ingatlan/elado-teglalakas-kaposvar-belvaros/8600059?page=68&pos=1&cr=25,"Kaposvár eladó téglalakás 2 szobás: 26,5 millió Ft",26.5,48.0,48 m²,2.0,"Kaposvár, Belváros",Téglalakás,1,Jó állapotú,2025-08-17,Gáz (konvektor),Nem adta meg a hirdető,,1950,,,,,
https://www.zenga.hu/ingatlan/elado-teglalakas-siofok-ezustpart/8601256?page=68&pos=2&cr=25,Siófok eladó téglalakás 2 szobás: 89 millió Ft,89.0,57.0,57 m²,2.0,"Siófok, Ezüstpart",Téglalakás,1,Újszerű,2025-08-17,Gázkazán,Nem adta meg a hirdető,,2005,11 m²,,,,
https://www.zenga.hu/ingatlan/elado-teglalakas-debrecen-epreskert/8605844?page=68&pos=3&cr=25,"Debrecen eladó téglalakás 2 szobás: 56,5 millió Ft",56.5,53.0,53 m²,2.0,"Debrecen, Epreskert",Téglalakás,4,Jó állapotú,2025-08-17,Gázkazán,C,,1968,3 m²,,,,
https://www.zenga.hu/ingatlan/elado-teglalakas-budapest-xiv-kerulet-herminamezo/8623888?page=68&pos=4&cr=25,Budapest XIV. kerület eladó téglalakás 4 szobás: 85 millió Ft,85.0,115.0,115 m²,4.0,"Budapest XIV. kerület, Herminamező, Thököly út",Téglalakás,1,Átlagos,2025-08-17,Gázkazán,Nem adta meg a hirdető,,,4 m²,,,,
https://www.zenga.hu/ingatlan/elado-teglalakas-gyor-nadorvaros/8622735?page=68&pos=5&cr=25,"Győr eladó téglalakás 2+1 fél szobás: 84,9 millió Ft",84.9,75.0,75 m²,2.0,"Győr, Nádorváros",Téglalakás,3,Jó állapotú,2025-08-17,Távfűtés,Nem adta meg a hirdető,,,,,,,30 000 Ft/hó
https://www.zenga.hu/ingatlan/elado-teglalakas-budapest-vi-kerulet/8557994?page=68&pos=6&cr=25,"Budapest VI. kerület eladó téglalakás 2+1 fél szobás: 109,9 millió Ft",109.9,104.0,104 m²,2.0,Budapest VI. kerület,Téglalakás,3,,2025-08-17,,Nem adta meg a hirdető,,1950,,,,,
https://www.zenga.hu/ingatlan/elado-teglalakas-budapest-vii-kerulet/8522076?page=68&pos=7&cr=25,,,,,,,,,,2025-08-17,,,,,,,,,
https://www.zenga.hu/ingatlan/elado-teglalakas-budapest-vii-kerulet/8548000?page=68&pos=8&cr=25,"Budapest VII. kerület eladó téglalakás 3+1 fél szobás: 89,99 millió Ft",89.99,104.0,104 m²,3.0,Budapest VII. kerület,,,,2025-08-17,,,,,,,,,
https://www.zenga.hu/ingatlan/elado-teglalakas-debrecen-belvaros/8548462?page=68&pos=9&cr=25,Debrecen eladó téglalakás 3 szobás: 100 millió Ft,100.0,72.0,72 m²,3.0,"Debrecen, Belváros",Téglalakás,,Újszerű,2025-08-17,Házközponti fűtés egyedi méréssel,Nem adta meg a hirdető,,2018,,,,,
https://www.zenga.hu/ingatlan/elado-teglalakas-budapest-viii-kerulet/8653677?page=68&pos=10&cr=25,,,,,,,,,,2025-08-17,,,,,,,,,
https://www.zenga.hu/ingatlan/elado-teglalakas-budapest-vii-kerulet/8430740?page=68&pos=11&cr=25,"Budapest VII. kerület eladó téglalakás 5 szobás: 179,9 millió Ft",,,,,,,,,2025-08-17,,,,,,,,,
https://www.zenga.hu/ingatlan/elado-panellakas-ajka/8589472?page=68&pos=12&cr=25,Ajka eladó panellakás 2 szobás: 33 millió Ft,33.0,54.0,54 m²,2.0,Ajka,Panellakás,,Jó állapotú,2025-08-17,Távfűtés egyedi méréssel,Nem adta meg a hirdető,,1981,,,,,
https://www.zenga.hu/ingatlan/elado-teglalakas-balatonfoldvar/8223176?page=68&pos=13&cr=25,"Balatonföldvár eladó téglalakás 2+1 fél szobás: 145,4 millió Ft",145.4,118.0,118 m²,2.0,Balatonföldvár,Téglalakás,,Új építésű,2025-08-17,Egyéb,Nem adta meg a hirdető,,2023,,,,,
https://www.zenga.hu/ingatlan/elado-teglalakas-szombathely/8577128?page=68&pos=14&cr=25,"Szombathely eladó téglalakás 2 szobás: 27,7 millió Ft",27.7,35.0,35 m²,2.0,Szombathely,Téglalakás,,Jó állapotú,2025-08-17,Gáz (konvektor),Nem adta meg a hirdető,,1950,,,,,
https://www.zenga.hu/ingatlan/elado-panellakas-miskolc-belvaros/8544349?page=68&pos=15&cr=25,"Miskolc eladó panellakás 3+1 fél szobás: 38,9 millió Ft",38.9,63.0,63 m²,3.0,"Miskolc, Belváros",Panellakás,,Jó állapotú,2025-08-17,Távfűtés egyedi méréssel,C,,1993,,,,,
https://www.zenga.hu/ingatlan/elado-teglalakas-debrecen-mikloskapu/8654421?page=68&pos=16&cr=25,"Debrecen eladó téglalakás 3 szobás: 99,9 millió Ft",99.9,72.0,72 m²,3.0,"Debrecen, Miklóskapu",Téglalakás,3,,2025-08-17,,,,,,,,,
https://www.zenga.hu/ingatlan/elado-teglalakas-budapest-vi-kerulet/8652672?page=68&pos=17&cr=25,Budapest VI. kerület eladó téglalakás 1 szobás: 61 millió Ft,61.0,33.0,33 m²,1.0,Budapest VI. kerület,Téglalakás,5,Átlagos,2025-08-17,,Nem adta meg a hirdető,,1909,,,,,
https://www.zenga.hu/ingatlan/elado-teglalakas-szolnok/7331527?page=68&pos=18&cr=25,"Szolnok eladó téglalakás 3 szobás: 28,9 millió Ft",28.9,74.0,74 m²,3.0,Szolnok,Téglalakás,,Újszerű,2025-08-17,Gáz (konvektor),Nem adta meg a hirdető,,1977,,,,,
https://www.zenga.hu/ingatlan/elado-teglalakas-pecs/8480003?page=68&pos=19&cr=25,Pécs eladó téglalakás 4 szobás: 120 millió Ft,120.0,138.0,138 m²,4.0,Pécs,Téglalakás,,Felújított,2025-08-17,Gázkazán,Nem adta meg a hirdető,,1960,,,,,
https://www.zenga.hu/ingatlan/elado-teglalakas-mezohegyes/8639177?page=68&pos=20&cr=25,"Mezőhegyes eladó téglalakás 2 szobás: 7,8 millió Ft",7.8,53.0,53 m²,2.0,Mezőhegyes,Téglalakás,,Jó állapotú,2025-08-17,Gáz (konvektor),Nem adta meg a hirdető,,1960,,,,,
https://www.zenga.hu/ingatlan/elado-teglalakas-mezohegyes/8639194?page=69&pos=1&cr=25,"Mezőhegyes eladó téglalakás 2+1 fél szobás: 13,9 millió Ft",13.9,75.0,75 m²,2.0,Mezőhegyes,Téglalakás,,Jó állapotú,2025-08-17,Elektromos,I,,1980,,,,,
https://www.zenga.hu/ingatlan/elado-csusztatott-zsalus-lakas-budapest-ii-kerulet-torokvesz/8572539?page=69&pos=2&cr=25,"Budapest II. kerület eladó csúsztatott zsalus lakás 2 szobás: 89,9 millió Ft",89.9,70.0,70 m²,2.0,"Budapest II. kerület, Törökvész",Csúsztatott zsalus lakás,,Átlagos,2025-08-17,Házközponti,Nem adta meg a hirdető,,1970,,,,,
https://www.zenga.hu/ingatlan/elado-teglalakas-debrecen-nagyerdoalja/8602550?page=69&pos=3&cr=25,"Debrecen eladó téglalakás 2 szobás: 73,97 millió Ft",73.97,63.0,63 m²,2.0,"Debrecen, Nagyerdőalja",Téglalakás,3,Újszerű,2025-08-17,Házközponti fűtés egyedi méréssel,B,Nincs,2014,,,,5 m²,
https://www.zenga.hu/ingatlan/elado-teglalakas-budapest-vi-kerulet-nagykoruton-kivuli-terulet/8540169?page=69&pos=4&cr=25,Budapest VI. kerület eladó téglalakás 3 szobás: 120 millió Ft,,,,,,,,,2025-08-17,,,,,,,,,
https://www.zenga.hu/ingatlan/elado-teglalakas-budapest-vii-kerulet-nagykoruton-kivuli-terulet/8643606?page=69&pos=5&cr=25,"Budapest VII. kerület eladó téglalakás 2+1 fél szobás: 81,5 millió Ft",81.5,60.0,60 m²,2.0,"Budapest VII. kerület, Külső-Erzsébetváros, Rózsák tere",Téglalakás,3,Felújított,2025-08-17,Gázkazán,Nem adta meg a hirdető,,,,,,,30 000 Ft/hó
https://www.zenga.hu/ingatlan/elado-panellakas-debrecen-venkert/8639424?page=69&pos=6&cr=25,"Debrecen eladó panellakás 4 szobás: 69,9 millió Ft",69.9,68.0,68 m²,4.0,"Debrecen, Vénkert",Panellakás,,Felújított,2025-08-17,Távfűtés egyedi méréssel,Nem adta meg a hirdető,,1980,,,,,
https://www.zenga.hu/ingatlan/elado-teglalakas-debrecen-belvaros/8594706?page=69&pos=7&cr=25,"Debrecen eladó téglalakás 3 szobás: 98,9 millió Ft",98.9,84.0,84 m²,3.0,"Debrecen, Belváros",Téglalakás,,Jó állapotú,2025-08-17,Gázkazán,Nem adta meg a hirdető,,1900,,,,,
https://www.zenga.hu/ingatlan/elado-teglalakas-hajdunanas/8641254?page=69&pos=8&cr=25,"Hajdúnánás eladó téglalakás 2 szobás: 66,5 millió Ft",66.5,72.0,72 m²,2.0,"Hajdúnánás, Bocskai",Téglalakás,2,Új építésű,2025-08-17,Hőszivattyú,Nem adta meg a hirdető,Van,2025,19 m²,,,,
https://www.zenga.hu/ingatlan/elado-teglalakas-hajdunanas-szolooldal/8641256?page=69&pos=9&cr=25,Hajdúnánás eladó téglalakás 3 szobás: 80 millió Ft,80.0,92.0,92 m²,3.0,"Hajdúnánás, Szőlőoldal, bocskai",Téglalakás,2,Új építésű,2025-08-17,Hőszivattyú,Nem adta meg a hirdető,Van,2025,11 m²,,,,
https://www.zenga.hu/ingatlan/elado-teglalakas-szeged-alsovaros/8520234?page=69&pos=11&cr=25,,,,,,,,,,2025-08-17,,,,,,,,,
https://www.zenga.hu/ingatlan/elado-teglalakas-siofok-fokihegy/8629943?page=69&pos=12&cr=25,"Siófok eladó téglalakás 1+2 fél szobás: 57,9 millió Ft",57.9,64.0,64 m²,1.0,"Siófok, Fokihegy",Téglalakás,3,Jó állapotú,2025-08-17,Gáz (konvektor),Nem adta meg a hirdető,Nincs,1991,4 m²,,,,
https://www.zenga.hu/ingatlan/elado-panellakas-pecs-kertvaros/8609351?page=69&pos=13&cr=25,Pécs eladó panellakás 2+2 fél szobás: 54 millió Ft,54.0,77.0,77 m²,2.0,"Pécs, Kertváros",Panellakás,4,Felújított,2025-08-17,Távfűtés,Nem adta meg a hirdető,,1982,3 m²,,,,
https://www.zenga.hu/ingatlan/elado-teglalakas-balatonlelle/8424240?page=69&pos=14&cr=25,"Eladó 2 szobás téglalakás 74,99 millió Ft értékben Balatonlellén - My Lelle Residence lakóparkban",74.99,56.0,56 m²,2.0,Balatonlelle,Téglalakás,3,Új építésű,2025-08-17,Padlófűtés,A,,,15 m²,,2026. 2. negyedév,18 m²,
https://www.zenga.hu/ingatlan/elado-teglalakas-debrecen-nagyerdoalja/8581282?page=69&pos=15&cr=25,,,,,,,,,,2025-08-17,,,,,,,,,
https://www.zenga.hu/ingatlan/elado-teglalakas-debrecen-juliatelep/8512055?page=69&pos=16&cr=25,Debrecen eladó téglalakás 5 szobás: 139 millió Ft,139.0,125.0,125 m²,5.0,"Debrecen, Júliatelep",Téglalakás,2,Új építésű,2025-08-17,Hőszivattyú,A++,,2025,65 m²,,,,
https://www.zenga.hu/ingatlan/elado-teglalakas-budapest-xi-kerulet/8291083?page=69&pos=17&cr=25,"Budapest XI. kerület eladó téglalakás 4 szobás: 398,8 millió Ft",398.8,300.0,300 m²,4.0,Budapest XI. kerület,Téglalakás,6,Újszerű,2025-08-17,Gázkazán,,,,,,,,
https://www.zenga.hu/ingatlan/elado-teglalakas-budapest-xvi-kerulet-rakosszentmihaly/8554249?page=69&pos=18&cr=25,"Budapest XVI. kerület eladó téglalakás 2 szobás: 74,9 millió Ft",74.9,44.0,44 m²,2.0,"Budapest XVI. kerület, Rákosszentmihály, Szentgyörgytelep",Téglalakás,,,2025-08-17,,,,,,,,,
https://www.zenga.hu/ingatlan/elado-teglalakas-budapest-xvi-kerulet-rakosszentmihaly/8554333?page=69&pos=19&cr=25,"Budapest XVI. kerület eladó téglalakás 2+1 fél szobás: 69,9 millió Ft",69.9,42.0,42 m²,2.0,"Budapest XVI. kerület, Rákosszentmihály, Szentgyörgytelep",Téglalakás,1,Új építésű,2025-08-17,Padlófűtés,Nem adta meg a hirdető,,2024,4 m²,,,,
https://www.zenga.hu/ingatlan/elado-teglalakas-balatonlelle/8381935?page=69&pos=20&cr=25,"Balatonlelle eladó téglalakás 3 szobás: 49,99 millió Ft",49.99,70.0,70 m²,3.0,Balatonlelle,Téglalakás,3,Újszerű,2025-08-17,Gázkazán,Nem adta meg a hirdető,,,,,,,
https://www.zenga.hu/ingatlan/elado-teglalakas-budapest-ix-kerulet-belso-ferencvaros/8518540?page=70&pos=1&cr=25,Budapest IX. kerület eladó téglalakás 2+1 fél szobás: 75 millió Ft,75.0,72.0,72 m²,2.0,"Budapest IX. kerület, Belső Ferencváros",Téglalakás,3,Átlagos,2025-08-17,Gáz (konvektor),Nem adta meg a hirdető,,,,,,,
https://www.zenga.hu/ingatlan/elado-tarsashazi-lakas-budapest-vii-kerulet-nagykoruton-kivuli-terulet/8460308?page=70&pos=2&cr=25,"Budapest VII. kerület eladó társasházi lakás 3 szobás: 124,9 millió Ft",124.9,68.0,68 m²,3.0,"Budapest VII. kerület, Külső-Erzsébetváros",Társasházi lakás,5,Újszerű,2025-08-17,Hőszivattyú,Nem adta meg a hirdető,,2020,,,,,
https://www.zenga.hu/ingatlan/elado-teglalakas-baja-belvaros/8362297?page=70&pos=3&cr=25,Baja eladó téglalakás 3 szobás: 50 millió Ft,50.0,89.0,89 m²,3.0,"Baja, Belváros, Gaál Péter utca",Téglalakás,1,Jó állapotú,2025-08-17,Gázkazán,Nem adta meg a hirdető,,,,,,18 m²,
https://www.zenga.hu/ingatlan/elado-panellakas-almasfuzito/8669829?page=70&pos=4&cr=23,"Almásfüzitő eladó panellakás 2 szobás: 33,9 millió Ft",33.9,56.0,56 m²,2.0,Almásfüzitő,Panellakás,,,2025-08-17,Távfűtés egyedi méréssel,Nem adta meg a hirdető,,1975,,,,,
https://www.zenga.hu/ingatlan/elado-teglalakas-budapest-vi-kerulet/8669217?page=70&pos=5&cr=23,"Budapest VI. kerület eladó téglalakás 1 szobás: 46,5 millió Ft",46.5,26.0,26 m²,1.0,"Budapest VI. kerület, Zichy Jenő utca",Téglalakás,,Felújított,2025-08-17,,Nem adta meg a hirdető,,,,,,,
https://www.zenga.hu/ingatlan/elado-teglalakas-tokodaltaro/8667105?page=70&pos=6&cr=23,"Tokodaltáró eladó téglalakás 2 szobás: 25,5 millió Ft",25.5,69.0,69 m²,2.0,Tokodaltáró,Téglalakás,1,Újszerű,2025-08-17,Egyéb,Nem adta meg a hirdető,,1960,"9,3 m²",,,,
https://www.zenga.hu/ingatlan/elado-teglalakas-komarom/8663415?page=70&pos=7&cr=23,"Komárom eladó téglalakás 1 szobás: 30,9 millió Ft",30.9,27.0,27 m²,1.0,Komárom,Téglalakás,,,2025-08-17,Házközponti fűtés egyedi méréssel,Nem adta meg a hirdető,,1969,,,,,
https://www.zenga.hu/ingatlan/elado-teglalakas-hidasnemeti/8664178?page=70&pos=8&cr=23,"Hidasnémeti eladó téglalakás 2 szobás: 16,9 millió Ft",16.9,68.0,68 m²,2.0,Hidasnémeti,Téglalakás,,,2025-08-17,Gázkazán,Nem adta meg a hirdető,,1970,,,,,
https://www.zenga.hu/ingatlan/elado-teglalakas-hidasnemeti/8664177?page=70&pos=9&cr=23,"Hidasnémeti eladó téglalakás 2 szobás: 16,9 millió Ft",16.9,68.0,68 m²,2.0,Hidasnémeti,Téglalakás,,,2025-08-17,Gázkazán,Nem adta meg a hirdető,,1968,,,,,
https://www.zenga.hu/ingatlan/elado-teglalakas-budapest-iv-kerulet-ujpest/8593467?page=70&pos=10&cr=23,"Budapest IV. kerület eladó téglalakás 2+1 fél szobás: 51,9 millió Ft",51.9,55.0,55 m²,2.0,"Budapest IV. kerület, Újpest",Téglalakás,,Átlagos,2025-08-17,,Nem adta meg a hirdető,,,,,,,
https://www.zenga.hu/ingatlan/elado-teglalakas-tiszaujvaros/8653907?page=70&pos=11&cr=23,"Tiszaújváros eladó téglalakás 3 szobás: 31,9 millió Ft",31.9,76.0,76 m²,3.0,"Tiszaújváros, Tiszapart",Téglalakás,3,Újszerű,2025-08-17,Házközponti,D,,1982,,,,,
https://www.zenga.hu/ingatlan/elado-panellakas-budapest-xv-kerulet-ujpalota/8657351?page=70&pos=12&cr=23,,,,,,,,,,2025-08-17,,,,,,,,,
https://www.zenga.hu/ingatlan/elado-teglalakas-budapest-xi-kerulet-hosszuret/8653113?page=70&pos=13&cr=23,"Budapest XI. kerület eladó téglalakás 2 szobás: 87,5 millió Ft",87.5,48.0,,,,,,,2025-08-17,,,,,,,,,
https://www.zenga.hu/ingatlan/elado-teglalakas-gyomro-klotildtelep/8506172?page=70&pos=14&cr=23,Gyömrő eladó téglalakás 2+2 fél szobás: 68 millió Ft,68.0,75.0,75 m²,2.0,"Gyömrő, Klotildtelep",Téglalakás,1,Felújított,2025-08-17,Gázkazán,Nem adta meg a hirdető,,2006,,,,,
https://www.zenga.hu/ingatlan/elado-teglalakas-budapest-vi-kerulet-diplomatanegyed/8639723?page=70&pos=15&cr=22,"Budapest VI. kerület eladó téglalakás 2 szobás: 249,9 millió Ft",249.9,79.0,79 m²,2.0,"Budapest VI. kerület, Diplomatanegyed",Téglalakás,,Felújított,2025-08-17,Elektromos,C,,1882,,,,,
https://www.zenga.hu/ingatlan/elado-teglalakas-szombathely-belvaros/8450278?page=70&pos=16&cr=22,"Szombathely eladó téglalakás 2 szobás: 33,9 millió Ft",33.9,60.0,60 m²,2.0,"Szombathely, Belváros, Széll Kálmán utca",Téglalakás,,,2025-08-17,Gáz (konvektor),Nem adta meg a hirdető,,1958,,,,,
https://www.zenga.hu/ingatlan/elado-teglalakas-szolnok-belvaros/8662540?page=70&pos=17&cr=22,Szolnok eladó téglalakás 2+2 fél szobás: 75 millió Ft,75.0,82.0,82 m²,2.0,"Szolnok, Belváros",Téglalakás,,Újszerű,2025-08-17,Gázkazán,Nem adta meg a hirdető,,1905,,,,,
https://www.zenga.hu/ingatlan/elado-teglalakas-miskolc-selyemret/8662907?page=70&pos=18&cr=22,Miskolc eladó téglalakás 2 szobás: 22 millió Ft,22.0,55.0,55 m²,2.0,"Miskolc, Selyemrét",Téglalakás,,Jó állapotú,2025-08-17,Gáz (konvektor),Nem adta meg a hirdető,,1963,,,,,
https://www.zenga.hu/ingatlan/elado-teglalakas-budapest-xii-kerulet/8663520?page=70&pos=19&cr=22,"Budapest XII. kerület eladó téglalakás 1+1 fél szobás: 69,5 millió Ft",69.5,36.0,36 m²,1.0,"Budapest XII. kerület, Városmajor utca",Téglalakás,5,Felújított,2025-08-17,,,,,,,,,
https://www.zenga.hu/ingatlan/elado-teglalakas-budapest-vi-kerulet-nagykoruton-beluli-terulet/8639722?page=70&pos=20&cr=22,,,,,,,,,,2025-08-17,,,,,,,,,
https://www.zenga.hu/ingatlan/elado-teglalakas-debrecen-belvaros/8434946?page=71&pos=1&cr=22,"Debrecen eladó téglalakás 2 szobás: 62,99 millió Ft",62.99,47.0,47 m²,2.0,"Debrecen, Belváros",Téglalakás,,Felújított,2025-08-17,Gázkazán,Nem adta meg a hirdető,,2009,,,,,
https://www.zenga.hu/ingatlan/elado-panellakas-budapest-iii-kerulet-obuda/8628432?page=71&pos=2&cr=22,"Budapest III. kerület eladó panellakás 3 szobás: 79,9 millió Ft",79.9,69.0,69 m²,3.0,"Budapest III. kerület, Óbuda, 00",Panellakás,10,Felújított,2025-08-17,Távfűtés egyedi méréssel,Nem adta meg a hirdető,,,4 m²,,,,25 000 Ft/hó
https://www.zenga.hu/ingatlan/elado-panellakas-pecs-kertvaros/8527755?page=71&pos=3&cr=22,"Pécs eladó panellakás 2+2 fél szobás: 47,9 millió Ft",47.9,59.0,59 m²,2.0,"Pécs, Kertváros, Maléter Pál",Panellakás,4,Felújított,2025-08-17,Távfűtés egyedi méréssel,Nem adta meg a hirdető,,,3 m²,,,,
https://www.zenga.hu/ingatlan/elado-panellakas-ajka/8613036?page=71&pos=4&cr=22,"Ajka eladó panellakás 3+1 fél szobás: 37,4 millió Ft",37.4,85.0,85 m²,3.0,"Ajka, Tűzoltó utca",Panellakás,4,Átlagos,2025-08-17,Távfűtés,C,,1979,,,,,
https://www.zenga.hu/ingatlan/elado-csusztatott-zsalus-lakas-budapest-xiii-kerulet/8669676?page=71&pos=5&cr=21,"Budapest XIII. kerület eladó csúsztatott zsalus lakás 1 szobás: 53,6 millió Ft",53.6,27.0,27 m²,1.0,Budapest XIII. kerület,Csúsztatott zsalus lakás,,Felújított,2025-08-17,Távfűtés egyedi méréssel,Nem adta meg a hirdető,,1970,,,,,
https://www.zenga.hu/ingatlan/elado-panellakas-pecs-uranvaros/8669688?page=71&pos=6&cr=21,"Pécs eladó panellakás 2+1 fél szobás: 47,8 millió Ft",47.8,60.0,60 m²,2.0,"Pécs, Uránváros",Panellakás,,Jó állapotú,2025-08-17,Távfűtés,Nem adta meg a hirdető,,1978,,,,,
https://www.zenga.hu/ingatlan/elado-teglalakas-budapest-iv-kerulet-ujpest/8588809?page=71&pos=7&cr=21,"Budapest IV. kerület eladó téglalakás 2 szobás: 66,9 millió Ft",66.9,50.0,50 m²,2.0,"Budapest IV. kerület, Újpest",Téglalakás,,Jó állapotú,2025-08-17,Gázkazán,D,,1960,,,,,
https://www.zenga.hu/ingatlan/elado-teglalakas-budapest-viii-kerulet/8669202?page=71&pos=8&cr=21,,,,,,,,,,2025-08-17,,,,,,,,,
https://www.zenga.hu/ingatlan/elado-teglalakas-budapest-viii-kerulet/8669203?page=71&pos=9&cr=21,,,,,,,,,,2025-08-17,,,,,,,,,
https://www.zenga.hu/ingatlan/elado-teglalakas-komlo/8659754?page=71&pos=10&cr=21,"Komló eladó téglalakás 2 szobás: 15,9 millió Ft",15.9,49.0,49 m²,2.0,"Komló, Zrínyi tér",Téglalakás,,,2025-08-17,Gázkazán,Nem adta meg a hirdető,,1970,,,,,
https://www.zenga.hu/ingatlan/elado-teglalakas-debrecen/8553247?page=71&pos=11&cr=21,"Debrecen eladó téglalakás 3 szobás: 85,9 millió Ft",85.9,64.0,64 m²,3.0,Debrecen,Téglalakás,,Új építésű,2025-08-17,Hőszivattyú,Nem adta meg a hirdető,,2025,"5,2 m²",,,,
https://www.zenga.hu/ingatlan/elado-teglalakas-budapest-xi-kerulet/8667895?page=71&pos=12&cr=21,,,,,,,,,,2025-08-17,,,,,,,,,
https://www.zenga.hu/ingatlan/elado-teglalakas-mohacs/8668293?page=71&pos=13&cr=21,"Mohács eladó téglalakás 2 szobás: 21,99 millió Ft",21.99,57.0,57 m²,2.0,"Mohács, Újváros",Téglalakás,3,Jó állapotú,2025-08-17,Gázkazán,Nem adta meg a hirdető,,1978,"8,1 m²",,,,
https://www.zenga.hu/ingatlan/elado-teglalakas-budapest-xxi-kerulet-csillagtelep/8649746?page=71&pos=14&cr=21,"Budapest XXI. kerület eladó téglalakás 2 szobás: 49,99 millió Ft",49.99,47.0,47 m²,2.0,"Budapest XXI. kerület, Csillagtelep",Téglalakás,4,Felújított,2025-08-17,Gáz (konvektor),Nem adta meg a hirdető,,1972,,,,,
https://www.zenga.hu/ingatlan/elado-teglalakas-budapest-xi-kerulet/8667894?page=71&pos=15&cr=21,,,,,,,,,,2025-08-17,,,,,,,,,
https://www.zenga.hu/ingatlan/elado-teglalakas-budapest-ix-kerulet/8667447?page=71&pos=16&cr=21,"Budapest IX. kerület eladó téglalakás 4 szobás: 62,5 millió Ft",62.5,87.0,87 m²,4.0,Budapest IX. kerület,Téglalakás,,Átlagos,2025-08-17,Gáz (konvektor),Nem adta meg a hirdető,,1942,,,,,
https://www.zenga.hu/ingatlan/elado-panellakas-budapest-xi-kerulet-gazdagret/8643085?page=71&pos=17&cr=21,,,,,,,,,,2025-08-17,,,,,,,,,
https://www.zenga.hu/ingatlan/elado-teglalakas-harkany/8667117?page=71&pos=18&cr=21,"Harkány eladó téglalakás 1 szobás: 14,2 millió Ft",14.2,26.0,26 m²,1.0,"Harkány, Bartók Béla utca",Téglalakás,4,Jó állapotú,2025-08-17,Elektromos,Nem adta meg a hirdető,,1975,4 m²,,,,
https://www.zenga.hu/ingatlan/elado-panellakas-budapest-xv-kerulet-ujpalota/8613959?page=71&pos=19&cr=21,"Budapest XV. kerület eladó panellakás 3 szobás: 79,9 millió Ft",79.9,69.0,69 m²,3.0,"Budapest XV. kerület, Újpalota",Panellakás,,Jó állapotú,2025-08-17,Távfűtés egyedi méréssel,Nem adta meg a hirdető,,1980,,,,,
https://www.zenga.hu/ingatlan/elado-teglalakas-budapest-xiv-kerulet/8664350?page=71&pos=20&cr=21,"Budapest XIV. kerület eladó téglalakás 3 szobás: 108,9 millió Ft",108.9,65.0,65 m²,3.0,Budapest XIV. kerület,Téglalakás,,Új építésű,2025-08-17,Hőszivattyú,Nem adta meg a hirdető,,2025,,,,,
https://www.zenga.hu/ingatlan/elado-teglalakas-budapest-v-kerulet/8664351?page=72&pos=1&cr=21,"Budapest V. kerület eladó téglalakás 1 szobás: 75,9 millió Ft",75.9,41.0,41 m²,1.0,Budapest V. kerület,Téglalakás,,Jó állapotú,2025-08-17,Házközponti,Nem adta meg a hirdető,,1913,,,,,
https://www.zenga.hu/ingatlan/elado-teglalakas-budapest-vi-kerulet/8664349?page=72&pos=2&cr=21,Budapest VI. kerület eladó téglalakás 1 szobás: 50 millió Ft,50.0,28.0,28 m²,1.0,Budapest VI. kerület,Téglalakás,,Felújított,2025-08-17,Gáz (konvektor),Nem adta meg a hirdető,,1925,,,,,
https://www.zenga.hu/ingatlan/elado-teglalakas-sopron-egeredidomb/8595751?page=72&pos=3&cr=21,"Sopron eladó téglalakás 2 szobás: 73,9 millió Ft",73.9,54.0,54 m²,2.0,"Sopron, Egeredidomb, Mühl Aladár",Téglalakás,2,Új építésű,2025-08-17,Hőszivattyú,A,,2025,,,,10 m²,
https://www.zenga.hu/ingatlan/elado-teglalakas-budapest-xi-kerulet-gellerthegy/8651824?page=72&pos=4&cr=21,Budapest XI. kerület eladó téglalakás 4 szobás: 199 millió Ft,199.0,88.0,88 m²,4.0,"Budapest XI. kerület, Gellérthegy, Gombocz Zoltán utca",Téglalakás,3,Újszerű,2025-08-17,Gázkazán,Nem adta meg a hirdető,Nincs,1999,,,,"13,5 m²",
https://www.zenga.hu/ingatlan/elado-teglalakas-budapest-xi-kerulet/8659495?page=72&pos=5&cr=21,Budapest XI. kerület eladó téglalakás 1 szobás: 60 millió Ft,60.0,37.0,37 m²,1.0,Budapest XI. kerület,Téglalakás,,Jó állapotú,2025-08-17,Gáz (konvektor),Nem adta meg a hirdető,,1950,,,,,
https://www.zenga.hu/ingatlan/elado-teglalakas-budapest-v-kerulet/8653227?page=72&pos=6&cr=21,Budapest V. kerület eladó téglalakás 1 szobás: 66 millió Ft,66.0,33.0,33 m²,1.0,Budapest V. kerület,Téglalakás,,Jó állapotú,2025-08-17,Gázkazán,Nem adta meg a hirdető,,1920,,,,,
https://www.zenga.hu/ingatlan/elado-teglalakas-budapest-xiii-kerulet-ujlipotvaros/8648161?page=72&pos=7&cr=21,Budapest XIII. kerület eladó téglalakás 3 szobás: 113 millió Ft,113.0,70.0,70 m²,3.0,"Budapest XIII. kerület, Újlipótváros",Téglalakás,,Felújított,2025-08-17,Gázkazán,Nem adta meg a hirdető,,1920,,,,,
https://www.zenga.hu/ingatlan/elado-teglalakas-budapest-xi-kerulet/8659486?page=72&pos=8&cr=21,"Budapest XI. kerület eladó téglalakás 3 szobás: 94,9 millió Ft",94.9,82.0,82 m²,3.0,Budapest XI. kerület,Téglalakás,,Átlagos,2025-08-17,Gáz (konvektor),Nem adta meg a hirdető,,1920,,,,,
https://www.zenga.hu/ingatlan/elado-teglalakas-budapest-xi-kerulet/8659494?page=72&pos=9&cr=21,Budapest XI. kerület eladó téglalakás 3 szobás: 99 millió Ft,99.0,71.0,71 m²,3.0,Budapest XI. kerület,Téglalakás,,Jó állapotú,2025-08-17,Gázkazán,Nem adta meg a hirdető,,1949,,,,,
https://www.zenga.hu/ingatlan/elado-teglalakas-budapest-viii-kerulet/8659484?page=72&pos=10&cr=21,"Budapest VIII. kerület eladó téglalakás 2 szobás: 99,9 millió Ft",99.9,76.0,76 m²,2.0,Budapest VIII. kerület,Téglalakás,,Jó állapotú,2025-08-17,Gáz (héra),Nem adta meg a hirdető,,1920,,,,,
https://www.zenga.hu/ingatlan/elado-teglalakas-budapest-viii-kerulet/8659483?page=72&pos=11&cr=21,"Budapest VIII. kerület eladó téglalakás 3 szobás: 89,9 millió Ft",89.9,78.0,78 m²,3.0,Budapest VIII. kerület,Téglalakás,,Jó állapotú,2025-08-17,Gázkazán,Nem adta meg a hirdető,,1890,,,,,
https://www.zenga.hu/ingatlan/elado-teglalakas-kozarmisleny/8662061?page=72&pos=12&cr=21,"Kozármisleny eladó téglalakás 3 szobás: 69,9 millió Ft",69.9,85.0,85 m²,3.0,"Kozármisleny, Október 23. tér",Téglalakás,2,Jó állapotú,2025-08-17,Geotermikus,Nem adta meg a hirdető,,2019,3 m²,,,,
https://www.zenga.hu/ingatlan/elado-teglalakas-budapest-xvi-kerulet-cinkota/8648162?page=72&pos=14&cr=21,"Budapest XVI. kerület eladó téglalakás 3 szobás: 81,9 millió Ft",81.9,71.0,71 m²,3.0,"Budapest XVI. kerület, Cinkota",Téglalakás,3,Új építésű,2025-08-17,Hőszivattyú,Nem adta meg a hirdető,,2024,,,,,
https://www.zenga.hu/ingatlan/elado-teglalakas-budapest-viii-kerulet/8659504?page=72&pos=15&cr=21,Budapest VIII. kerület eladó téglalakás 1 szobás: 39 millió Ft,39.0,22.0,22 m²,1.0,Budapest VIII. kerület,Téglalakás,,Jó állapotú,2025-08-17,Gázkazán,Nem adta meg a hirdető,,1910,,,,,
https://www.zenga.hu/ingatlan/elado-teglalakas-sasd/8655793?page=72&pos=16&cr=21,"Sásd eladó téglalakás 2 szobás: 20,5 millió Ft",20.5,58.0,58 m²,2.0,"Sásd, Deák tér",Téglalakás,4,Újszerű,2025-08-17,Gázkazán,Nem adta meg a hirdető,,1980,4 m²,,,,
https://www.zenga.hu/ingatlan/elado-teglalakas-budapest-xiii-kerulet-angyalfold/8654067?page=72&pos=17&cr=21,"Budapest XIII. kerület eladó téglalakás 2 szobás: 73,9 millió Ft",73.9,44.0,44 m²,2.0,"Budapest XIII. kerület, Angyalföld, Csata utca 17-21",Téglalakás,8,Újszerű,2025-08-17,Házközponti fűtés egyedi méréssel,B,Nincs,2007,,,,,
https://www.zenga.hu/ingatlan/elado-teglalakas-szentlorinc/8660335?page=72&pos=18&cr=21,"Szentlőrinc eladó téglalakás 3 szobás: 44,8 millió Ft",44.8,85.0,85 m²,3.0,"Szentlőrinc, Munkácsy Mihály utca",,,,2025-08-17,,,,,,,,,
https://www.zenga.hu/ingatlan/elado-panellakas-budapest-iv-kerulet-ujpest/8627467?page=72&pos=19&cr=21,"Budapest IV. kerület eladó panellakás 2 szobás: 64,4 millió Ft",64.4,54.0,54 m²,2.0,"Budapest IV. kerület, Újpest, Závodszky Zoltán utca",Panellakás,,Átlagos,2025-08-17,Távfűtés egyedi méréssel,Nem adta meg a hirdető,,,,,,,
https://www.zenga.hu/ingatlan/elado-teglalakas-budapest-xiv-kerulet-alsorakos/8624912?page=72&pos=20&cr=21,"Budapest XIV. kerület eladó téglalakás 3 szobás: 112,9 millió Ft",112.9,62.0,62 m²,3.0,"Budapest XIV. kerület, Alsórákos",Téglalakás,,,2025-08-17,,,,,,,,,
https://www.zenga.hu/ingatlan/elado-teglalakas-budapest-vii-kerulet/8656635?page=73&pos=1&cr=21,"Budapest VII. kerület eladó téglalakás 3 szobás: 93,9 millió Ft",93.9,63.0,63 m²,3.0,Budapest VII. kerület,Téglalakás,,Felújított,2025-08-17,Gázkazán,Nem adta meg a hirdető,,1950,,,,,
https://www.zenga.hu/ingatlan/elado-panellakas-salgotarjan/8459460?page=73&pos=2&cr=21,Salgótarján eladó panellakás 2 szobás: 18 millió Ft,18.0,58.0,58 m²,2.0,Salgótarján,Panellakás,,Átlagos,2025-08-17,Távfűtés,Nem adta meg a hirdető,,1970,,,,,
https://www.zenga.hu/ingatlan/elado-teglalakas-budapest-vii-kerulet/8656634?page=73&pos=3&cr=21,,,,,,,,,,2025-08-17,,,,,,,,,
https://www.zenga.hu/ingatlan/elado-teglalakas-budapest-xii-kerulet-orbanhegy/8625989?page=73&pos=4&cr=21,Budapest XII. kerület eladó téglalakás 3 szobás: 97 millió Ft,97.0,51.0,51 m²,3.0,"Budapest XII. kerület, Orbánhegy",Téglalakás,,Felújított,2025-08-17,Elektromos,Nem adta meg a hirdető,,1977,,,,,
https://www.zenga.hu/ingatlan/elado-teglalakas-budapest-i-kerulet/8592692?page=73&pos=5&cr=21,"Budapest I. kerület eladó téglalakás 1 szobás: 61,5 millió Ft",61.5,31.0,31 m²,1.0,Budapest I. kerület,,,,2025-08-17,,,,,,,,,
https://www.zenga.hu/ingatlan/elado-teglalakas-budapest-xvii-kerulet-rakoshegy/8656636?page=73&pos=6&cr=21,,,,,,,,,,2025-08-17,,,,,,,,,
https://www.zenga.hu/ingatlan/elado-egyeb-lakas-budapest-ii-kerulet-csatarka/8643084?page=73&pos=7&cr=21,Budapest II. kerület eladó egyéb lakás 2+1 fél szobás: 99 millió Ft,99.0,57.0,57 m²,2.0,"Budapest II. kerület, Csatárka",Egyéb lakás,,Jó állapotú,2025-08-17,Gázkazán,Nem adta meg a hirdető,,1980,,,,,
https://www.zenga.hu/ingatlan/elado-teglalakas-budapest-ii-kerulet-lipotmezo/8627677?page=73&pos=8&cr=21,"Budapest II. kerület eladó téglalakás 2 szobás: 79,9 millió Ft",79.9,53.0,53 m²,2.0,"Budapest II. kerület, Lipótmező",Téglalakás,,Átlagos,2025-08-17,Gázkazán,Nem adta meg a hirdető,,1972,,,,,
https://www.zenga.hu/ingatlan/elado-teglalakas-budapest-ii-kerulet-palvolgy/8618792?page=73&pos=9&cr=21,Budapest II. kerület eladó téglalakás 3 szobás: 249 millió Ft,249.0,86.0,86 m²,3.0,"Budapest II. kerület, Pálvölgy",Téglalakás,,Felújított,2025-08-17,Gázkazán,Nem adta meg a hirdető,,2005,,,,,
https://www.zenga.hu/ingatlan/elado-teglalakas-budapest-iii-kerulet-ujlak-iii-ker/8595813?page=73&pos=10&cr=21,"Budapest III. kerület eladó téglalakás 3 szobás: 114,9 millió Ft",114.9,77.0,77 m²,3.0,"Budapest III. kerület, Újlak III. ker.",Téglalakás,,Felújított,2025-08-17,Távfűtés egyedi méréssel,Nem adta meg a hirdető,,1970,,,,,
https://www.zenga.hu/ingatlan/elado-teglalakas-budapest-xvi-kerulet-rakosszentmihaly/8588786?page=73&pos=11&cr=21,,,,,,,,,,2025-08-17,,,,,,,,,
https://www.zenga.hu/ingatlan/elado-panellakas-budapest-xxi-kerulet-erdoalja/8651253?page=73&pos=12&cr=21,Budapest XXI. kerület eladó panellakás 2 szobás: 56 millió Ft,56.0,55.0,55 m²,2.0,"Budapest XXI. kerület, Erdőalja",Panellakás,,Jó állapotú,2025-08-17,Távfűtés,Nem adta meg a hirdető,,1983,,,,,
https://www.zenga.hu/ingatlan/elado-panellakas-budapest-xv-kerulet-ujpalota/8648160?page=73&pos=13&cr=21,"Budapest XV. kerület eladó panellakás 2 szobás: 57,9 millió Ft",57.9,53.0,53 m²,2.0,"Budapest XV. kerület, Újpalota",Panellakás,,Jó állapotú,2025-08-17,Távfűtés egyedi méréssel,Nem adta meg a hirdető,,1976,,,,,
https://www.zenga.hu/ingatlan/elado-teglalakas-budapest-i-kerulet-naphegy/8643636?page=73&pos=14&cr=21,Budapest I. kerület eladó téglalakás 3 szobás: 370 millió Ft,370.0,105.0,105 m²,3.0,"Budapest I. kerület, Naphegy",Téglalakás,3,Felújított,2025-08-17,Gázkazán,Nem adta meg a hirdető,,1937,,,,,
https://www.zenga.hu/ingatlan/elado-panellakas-budapest-iv-kerulet/8648159?page=73&pos=15&cr=21,"Budapest IV. kerület eladó panellakás 3 szobás: 69,9 millió Ft",69.9,56.0,56 m²,3.0,,,,,2025-08-17,,,,,,,,,
https://www.zenga.hu/ingatlan/elado-teglalakas-budapest-vii-kerulet/8624911?page=73&pos=16&cr=21,Budapest VII. kerület eladó téglalakás 2 szobás: 83 millió Ft,83.0,47.0,47 m²,2.0,Budapest VII. kerület,Téglalakás,,Jó állapotú,2025-08-17,Elektromos,Nem adta meg a hirdető,,1893,,,,,
https://www.zenga.hu/ingatlan/elado-teglalakas-budapest-xiv-kerulet-alsorakos/8616365?page=73&pos=17&cr=21,"Budapest XIV. kerület eladó téglalakás 3+1 fél szobás: 138,9 millió Ft",138.9,110.0,110 m²,3.0,"Budapest XIV. kerület, Alsórákos, Gödöllői 121",Téglalakás,3,Jó állapotú,2025-08-17,Gázkazán,F,,1975,8 m²,,,,40 000 Ft/hó
https://www.zenga.hu/ingatlan/elado-teglalakas-budapest-vi-kerulet/8592789?page=73&pos=18&cr=21,Budapest VI. kerület eladó téglalakás 2 szobás: 90 millió Ft,90.0,82.0,82 m²,2.0,Budapest VI. kerület,Téglalakás,,Felújítandó,2025-08-17,Gázkazán,Nem adta meg a hirdető,,1907,,,,,
https://www.zenga.hu/ingatlan/elado-teglalakas-budapest-xiv-kerulet/8541396?page=73&pos=19&cr=21,"Budapest XIV. kerület eladó téglalakás 3 szobás: 66,9 millió Ft",66.9,61.0,,,,,,,2025-08-17,,,,,,,,,
https://www.zenga.hu/ingatlan/elado-panellakas-budapest-x-kerulet/8456424?page=73&pos=20&cr=21,"Budapest X. kerület eladó panellakás 2+1 fél szobás: 62,9 millió Ft",62.9,60.0,60 m²,2.0,Budapest X. kerület,Panellakás,,Átlagos,2025-08-17,Távfűtés egyedi méréssel,,,1970,,,,,
https://www.zenga.hu/ingatlan/elado-teglalakas-budapest-ix-kerulet/8644250?page=74&pos=1&cr=21,"Budapest IX. kerület eladó téglalakás 2 szobás: 59,9 millió Ft",59.9,75.0,75 m²,2.0,Budapest IX. kerület,Téglalakás,,Átlagos,2025-08-17,Gázkazán,,,,,,,,
https://www.zenga.hu/ingatlan/elado-teglalakas-budapest-vi-kerulet/8443696?page=74&pos=2&cr=21,"Budapest VI. kerület eladó téglalakás 2 szobás: 87,5 millió Ft",87.5,67.0,67 m²,2.0,Budapest VI. kerület,Téglalakás,,Jó állapotú,2025-08-17,Gázkazán,Nem adta meg a hirdető,,1883,,,,,
https://www.zenga.hu/ingatlan/elado-teglalakas-budapest-ix-kerulet/8446495?page=74&pos=3&cr=21,Budapest IX. kerület eladó téglalakás 3 szobás: 85 millió Ft,85.0,77.0,77 m²,3.0,Budapest IX. kerület,Téglalakás,,Átlagos,2025-08-17,Gáz (konvektor),Nem adta meg a hirdető,,1911,,,,,
https://www.zenga.hu/ingatlan/elado-teglalakas-budapest-vi-kerulet/8491216?page=74&pos=4&cr=21,"Budapest VI. kerület eladó téglalakás 1 szobás: 57,9 millió Ft",57.9,32.0,32 m²,1.0,Budapest VI. kerület,Téglalakás,,Felújított,2025-08-17,Gázkazán,Nem adta meg a hirdető,,1970,,,,,
https://www.zenga.hu/ingatlan/elado-teglalakas-budapest-vi-kerulet/8536720?page=74&pos=5&cr=21,"Budapest VI. kerület eladó téglalakás 1 szobás: 89,9 millió Ft",89.9,57.0,57 m²,1.0,Budapest VI. kerület,Téglalakás,,Jó állapotú,2025-08-17,Gázkazán,Nem adta meg a hirdető,,1890,,,,,
https://www.zenga.hu/ingatlan/elado-teglalakas-budapest-xiii-kerulet-angyalfold/8588807?page=74&pos=6&cr=21,"Budapest XIII. kerület eladó téglalakás 1 szobás: 52,5 millió Ft",52.5,48.0,48 m²,1.0,"Budapest XIII. kerület, Angyalföld",Téglalakás,,Átlagos,2025-08-17,Gázkazán,Nem adta meg a hirdető,,1930,,,,,
https://www.zenga.hu/ingatlan/elado-teglalakas-budapest-xiii-kerulet/8630653?page=74&pos=7&cr=21,"Budapest XIII. kerület eladó téglalakás 2 szobás: 59,9 millió Ft",59.9,,,,,,,,2025-08-17,,,,,,,,,
https://www.zenga.hu/ingatlan/elado-teglalakas-budapest-xxi-kerulet/8586021?page=74&pos=8&cr=21,"Budapest XXI. kerület eladó téglalakás 1 szobás: 40,5 millió Ft",40.5,37.0,37 m²,1.0,Budapest XXI. kerület,Téglalakás,3,Átlagos,2025-08-17,Gáz (konvektor),Nem adta meg a hirdető,,1968,,,,,
https://www.zenga.hu/ingatlan/elado-teglalakas-budapest-xxi-kerulet/8575726?page=74&pos=9&cr=21,Budapest XXI. kerület eladó téglalakás 1+1 fél szobás: 52 millió Ft,52.0,54.0,54 m²,1.0,Budapest XXI. kerület,Téglalakás,2,Átlagos,2025-08-17,Gáz (konvektor),Nem adta meg a hirdető,,1976,,,,,
https://www.zenga.hu/ingatlan/elado-teglalakas-budapest-xxi-kerulet/8614066?page=74&pos=10&cr=21,"Budapest XXI. kerület eladó téglalakás 2 szobás: 52,9 millió Ft",52.9,52.0,52 m²,2.0,Budapest XXI. kerület,Téglalakás,4,Átlagos,2025-08-17,Gáz (konvektor),Nem adta meg a hirdető,,1970,,,,,
https://www.zenga.hu/ingatlan/elado-teglalakas-budapest-xxi-kerulet/8602129?page=74&pos=11&cr=21,"Budapest XXI. kerület eladó téglalakás 1 szobás: 44,8 millió Ft",44.8,37.0,37 m²,1.0,Budapest XXI. kerület,Téglalakás,4,Felújított,2025-08-17,Gáz (konvektor),Nem adta meg a hirdető,,1960,,,,,
https://www.zenga.hu/ingatlan/elado-panellakas-budapest-xxi-kerulet/8575760?page=74&pos=12&cr=21,"Budapest XXI. kerület eladó panellakás 2+1 fél szobás: 58,9 millió Ft",58.9,64.0,64 m²,2.0,Budapest XXI. kerület,Panellakás,4,Átlagos,2025-08-17,Távfűtés,Nem adta meg a hirdető,,1975,,,,,
https://www.zenga.hu/ingatlan/elado-teglalakas-budapest-vi-kerulet/8643530?page=74&pos=13&cr=21,Budapest VI. kerület eladó téglalakás 2 szobás: 79 millió Ft,79.0,40.0,40 m²,2.0,Budapest VI. kerület,Téglalakás,,Jó állapotú,2025-08-17,Házközponti fűtés egyedi méréssel,Nem adta meg a hirdető,,2005,,,,,
https://www.zenga.hu/ingatlan/elado-panellakas-budapest-xiv-kerulet-alsorakos/8588835?page=74&pos=14&cr=21,"Budapest XIV. kerület eladó panellakás 2 szobás: 57,9 millió Ft",57.9,50.0,50 m²,2.0,"Budapest XIV. kerület, Alsórákos",Panellakás,,Jó állapotú,2025-08-17,Távfűtés,Nem adta meg a hirdető,,1970,,,,,
https://www.zenga.hu/ingatlan/elado-teglalakas-nyiregyhaza-malomkert/8622293?page=74&pos=17&cr=21,"Nyíregyháza eladó téglalakás 2 szobás: 71,9 millió Ft",71.9,58.0,58 m²,2.0,"Nyíregyháza, Malomkert",Téglalakás,3,Új építésű,2025-08-17,Gázkazán,Nem adta meg a hirdető,,2025,4 m²,,,,
https://www.zenga.hu/ingatlan/elado-teglalakas-balatonfured/8632032?page=74&pos=18&cr=21,Balatonfüred eladó téglalakás 4+1 fél szobás: 199 millió Ft,199.0,158.0,158 m²,4.0,Balatonfüred,Téglalakás,2,Új építésű,2025-08-17,Hőszivattyú,Nem adta meg a hirdető,,2024,,,,61 m²,
https://www.zenga.hu/ingatlan/elado-teglalakas-budapest-i-kerulet-varnegyed/8285405?page=74&pos=19&cr=21,,,,,,,,,,2025-08-17,,,,,,,,,
https://www.zenga.hu/ingatlan/elado-teglalakas-budapest-v-kerulet/8512960?page=75&pos=4&cr=20,,,,,,,,,,2025-08-17,,,,,,,,,
https://www.zenga.hu/ingatlan/elado-teglalakas-budapest-v-kerulet-lipotvaros/8653753?page=75&pos=5&cr=20,"Budapest V. kerület eladó téglalakás 1+1 fél szobás: 79,9 millió Ft",79.9,53.0,53 m²,1.0,"Budapest V. kerület, Lipótváros",Téglalakás,,Átlagos,2025-08-17,Gázkazán,Nem adta meg a hirdető,,1911,,,,,
https://www.zenga.hu/ingatlan/elado-teglalakas-kecskemet/8634111?page=75&pos=6&cr=20,"Kecskemét eladó téglalakás 1 szobás: 25,7 millió Ft",25.7,39.0,39 m²,1.0,Kecskemét,Téglalakás,,Felújított,2025-08-17,Gáz (konvektor),Nem adta meg a hirdető,,1960,,,,,
https://www.zenga.hu/ingatlan/elado-panellakas-miskolc/8615214?page=75&pos=7&cr=20,"Miskolc eladó panellakás 1+2 fél szobás: 27,9 millió Ft",27.9,56.0,56 m²,1.0,Miskolc,Panellakás,,Felújítandó,2025-08-17,Távfűtés,Nem adta meg a hirdető,,1980,,,,,
https://www.zenga.hu/ingatlan/elado-teglalakas-pecs-mecsekoldal-makar/8467459?page=75&pos=8&cr=20,Pécs eladó téglalakás 3+1 fél szobás: 176 millió Ft,176.0,110.0,110 m²,3.0,"Pécs, Mecsekoldal",Téglalakás,,Új építésű,2025-08-17,Hőszivattyú,A++,,2025,,,,,
https://www.zenga.hu/ingatlan/elado-panellakas-budapest-xxii-kerulet-budateteny/8666917?page=75&pos=9&cr=20,"Budapest XXII. kerület eladó panellakás 2 szobás: 62,5 millió Ft",,,,,,,,,2025-08-17,,,,,,,,,
https://www.zenga.hu/ingatlan/elado-panellakas-debrecen-tocoskert/8613475?page=75&pos=10&cr=20,Debrecen eladó panellakás 4 szobás: 80 millió Ft,80.0,84.0,84 m²,4.0,"Debrecen, Tócóskert",Panellakás,,Jó állapotú,2025-08-17,Távfűtés,,,1982,,,,,
https://www.zenga.hu/ingatlan/elado-teglalakas-budapest-v-kerulet-lipotvaros/8643143?page=75&pos=11&cr=20,,,,,,,,,,2025-08-17,,,,,,,,,
https://www.zenga.hu/ingatlan/elado-teglalakas-budapest-xi-kerulet-ormezo/8377431?page=75&pos=12&cr=20,Budapest XI. kerület eladó téglalakás 3+1 fél szobás: 180 millió Ft,180.0,126.0,126 m²,3.0,"Budapest XI. kerület, Őrmező",Téglalakás,,Új építésű,2025-08-17,Hőszivattyú,A++,,2025,,,,,
https://www.zenga.hu/ingatlan/elado-teglalakas-cserkeszolo/8669480?page=75&pos=14&cr=20,"Cserkeszőlő eladó téglalakás 3+2 fél szobás: 51,56 millió Ft",51.56,54.0,54 m²,3.0,Cserkeszőlő,Téglalakás,3,Új építésű,2025-08-17,Hőszivattyú,Nem adta meg a hirdető,,2025,,,,7 m²,
https://www.zenga.hu/ingatlan/elado-teglalakas-budapest-x-kerulet/8594712?page=75&pos=15&cr=20,,,,,,,,,,2025-08-17,,,,,,,,,
https://www.zenga.hu/ingatlan/elado-teglalakas-budapest-xii-kerulet/8606681?page=75&pos=16&cr=20,,,,,,,,,,2025-08-17,,,,,,,,,
https://www.zenga.hu/ingatlan/elado-teglalakas-szeged-belvaros/8621786?page=75&pos=17&cr=20,"Szeged eladó téglalakás 1+1 fél szobás: 51,9 millió Ft",51.9,42.0,42 m²,1.0,"Szeged, Belváros",Téglalakás,2,Felújított,2025-08-17,Gázkazán,F,,,,,,,
https://www.zenga.hu/ingatlan/elado-teglalakas-budapest-xii-kerulet/8623687?page=75&pos=18&cr=20,"Budapest XII. kerület eladó téglalakás 4 szobás: 244,13 millió Ft",244.13,104.0,104 m²,4.0,Budapest XII. kerület,Téglalakás,4,Jó állapotú,2025-08-17,Gázkazán,Nem adta meg a hirdető,,1983,"9,4 m²",,,,
https://www.zenga.hu/ingatlan/elado-csusztatott-zsalus-lakas-budapest-iii-kerulet/8540177?page=75&pos=19&cr=20,"Budapest III. kerület eladó csúsztatott zsalus lakás 2 szobás: 83,5 millió Ft",83.5,56.0,56 m²,2.0,Budapest III. kerület,Csúsztatott zsalus lakás,,Jó állapotú,2025-08-17,Házközponti fűtés egyedi méréssel,Nem adta meg a hirdető,,2020,,,,,
https://www.zenga.hu/ingatlan/elado-teglalakas-kecskemet/8433322?page=75&pos=20&cr=20,Kecskemét eladó téglalakás 3 szobás: 38 millió Ft,38.0,75.0,75 m²,3.0,Kecskemét,Téglalakás,,Átlagos,2025-08-17,Gáz (konvektor),Nem adta meg a hirdető,,1900,,,,,
https://www.zenga.hu/ingatlan/elado-teglalakas-sopron/8532707?page=76&pos=1&cr=20,"Sopron eladó téglalakás 3 szobás: 96,9 millió Ft",96.9,72.0,72 m²,3.0,Sopron,Téglalakás,2,Új építésű,2025-08-17,Geotermikus,A++,,2024,,,,,
https://www.zenga.hu/ingatlan/elado-teglalakas-eger-belvaros/8651416?page=76&pos=2&cr=20,,,,,,,,,,2025-08-17,,,,,,,,,
https://www.zenga.hu/ingatlan/elado-teglalakas-mohacs/7965940?page=76&pos=3&cr=20,"Mohács eladó téglalakás 3 szobás: 79,9 millió Ft",79.9,105.0,105 m²,3.0,Mohács,Téglalakás,,,2025-08-17,Gázkazán,Nem adta meg a hirdető,,2001,,,,45 m²,
https://www.zenga.hu/ingatlan/elado-teglalakas-sopron/8581726?page=76&pos=4&cr=20,"Sopron eladó téglalakás 2 szobás: 34,5 millió Ft",34.5,63.0,63 m²,2.0,Sopron,Téglalakás,,,2025-08-17,Gáz (konvektor),Nem adta meg a hirdető,,1900,,,,,
https://www.zenga.hu/ingatlan/elado-teglalakas-gyor-gyorszentivan/7862778?page=76&pos=5&cr=20,Győr eladó téglalakás 3 szobás: 55 millió Ft,55.0,87.0,87 m²,3.0,"Győr, Győrszentiván",Téglalakás,,,2025-08-17,Gázkazán,Nem adta meg a hirdető,,1965,,,,,
https://www.zenga.hu/ingatlan/elado-teglalakas-vac-deakvar/8608643?page=76&pos=6&cr=20,"Vác eladó téglalakás 4 szobás: 84,5 millió Ft",84.5,70.0,70 m²,4.0,"Vác, Deákvár",Téglalakás,,,2025-08-17,Gázkazán,Nem adta meg a hirdető,,2019,,,,7 m²,
https://www.zenga.hu/ingatlan/elado-panellakas-budapest-iv-kerulet-kaposztasmegyer/8623667?page=76&pos=7&cr=20,"Budapest IV. kerület eladó panellakás 4 szobás: 89,9 millió Ft",89.9,82.0,82 m²,4.0,"Budapest IV. kerület, Káposztásmegyer",Panellakás,,,2025-08-17,Távfűtés,Nem adta meg a hirdető,,1987,3 m²,,,,
https://www.zenga.hu/ingatlan/elado-teglalakas-piliscsaba/7985843?page=76&pos=8&cr=20,Piliscsaba eladó téglalakás 3 szobás: 110 millió Ft,110.0,88.0,88 m²,3.0,Piliscsaba,Téglalakás,,,2025-08-17,Gázkazán,Nem adta meg a hirdető,,2005,,,,"39,4 m²",
https://www.zenga.hu/ingatlan/elado-teglalakas-mohacs/8552359?page=76&pos=9&cr=20,Mohács eladó téglalakás 2 szobás: 59 millió Ft,59.0,100.0,100 m²,2.0,Mohács,Téglalakás,,,2025-08-17,Gázkazán,Nem adta meg a hirdető,,1939,,,,"21,5 m²",
https://www.zenga.hu/ingatlan/elado-teglalakas-balatonoszod/8598672?page=76&pos=10&cr=20,"Balatonőszöd eladó téglalakás 2 szobás: 94,9 millió Ft",94.9,60.0,60 m²,2.0,Balatonőszöd,Téglalakás,1,Újszerű,2025-08-17,Gázkazán,Nem adta meg a hirdető,,2009,,,,,
https://www.zenga.hu/ingatlan/elado-teglalakas-gyor-szitasdomb/8597520?page=76&pos=11&cr=20,"Győr eladó téglalakás 5 szobás: 85,9 millió Ft",85.9,94.0,94 m²,5.0,"Győr, Szitásdomb",Téglalakás,3,Újszerű,2025-08-17,Gázkazán,B,,2024,,,,,
https://www.zenga.hu/ingatlan/elado-teglalakas-budapest-xiii-kerulet/8522879?page=76&pos=12&cr=20,,,,,,,,,,2025-08-17,,,,,,,,,
https://www.zenga.hu/ingatlan/elado-teglalakas-debrecen/8654809?page=76&pos=13&cr=20,"Debrecen eladó téglalakás 1 szobás: 48,5 millió Ft",48.5,39.0,39 m²,1.0,Debrecen,Téglalakás,,Felújított,2025-08-17,Gázkazán,Nem adta meg a hirdető,,2005,,,,,
https://www.zenga.hu/ingatlan/elado-panellakas-budapest-iv-kerulet/8632909?page=76&pos=14&cr=20,"Budapest IV. kerület eladó panellakás 2 szobás: 64,4 millió Ft",64.4,54.0,54 m²,2.0,Budapest IV. kerület,Panellakás,,,2025-08-17,Távfűtés egyedi méréssel,Nem adta meg a hirdető,,1984,4 m²,,,,
https://www.zenga.hu/ingatlan/elado-teglalakas-debrecen-nagyerdopark/8566858?page=76&pos=15&cr=20,"Debrecen eladó téglalakás 3 szobás: 84,9 millió Ft",84.9,66.0,66 m²,3.0,"Debrecen, Nagyerdő",Téglalakás,,,2025-08-17,,,,,,,,,
https://www.zenga.hu/ingatlan/elado-teglalakas-diosd/8623673?page=76&pos=16&cr=20,"Diósd eladó téglalakás 4 szobás: 119,9 millió Ft",119.9,200.0,200 m²,4.0,"Diósd, Petőfi Sándor utca",Téglalakás,,,2025-08-17,Gázkazán,Nem adta meg a hirdető,,1980,,,,10 m²,
https://www.zenga.hu/ingatlan/elado-teglalakas-budapest-iii-kerulet-csillaghegy/8591875?page=76&pos=17&cr=20,Budapest III. kerület eladó téglalakás 3 szobás: 179 millió Ft,179.0,135.0,135 m²,3.0,"Budapest III. kerület, Csillaghegy",Téglalakás,,,2025-08-17,Gázkazán,Nem adta meg a hirdető,,2006,,,,70 m²,
https://www.zenga.hu/ingatlan/elado-panellakas-pecs-kertvaros/8612709?page=76&pos=18&cr=20,Pécs eladó panellakás 3 szobás: 57 millió Ft,57.0,74.0,74 m²,3.0,"Pécs, Kertváros",Panellakás,,,2025-08-17,Távfűtés,Nem adta meg a hirdető,,1980,,,,,
https://www.zenga.hu/ingatlan/elado-teglalakas-sopron-belvaros/8603622?page=76&pos=19&cr=20,"Sopron eladó téglalakás 2 szobás: 67,9 millió Ft",67.9,73.0,73 m²,2.0,"Sopron, Belváros",Téglalakás,,,2025-08-17,Gázkazán,Nem adta meg a hirdető,,1700,,,,,
https://www.zenga.hu/ingatlan/elado-teglalakas-budapest-viii-kerulet/8584305?page=76&pos=20&cr=20,"Budapest VIII. kerület eladó téglalakás 2 szobás: 71,95 millió Ft",71.95,,,,,,,,2025-08-17,,,,,,,,,
https://www.zenga.hu/ingatlan/elado-teglalakas-mosonmagyarovar-varoskozpont/8589029?page=77&pos=1&cr=20,Mosonmagyaróvár eladó téglalakás 3 szobás: 56 millió Ft,56.0,60.0,60 m²,3.0,"Mosonmagyaróvár, Városközpont",Téglalakás,3,Felújított,2025-08-17,Gázkazán,Nem adta meg a hirdető,,1961,,,,,
https://www.zenga.hu/ingatlan/elado-teglalakas-budapest-vi-kerulet/8580523?page=77&pos=2&cr=20,Budapest VI. kerület eladó téglalakás 3 szobás: 90 millió Ft,90.0,,,,,,,,2025-08-17,,,,,,,,,
https://www.zenga.hu/ingatlan/elado-teglalakas-gyor-revfalu/8236183?page=77&pos=3&cr=20,"Győr eladó téglalakás 4 szobás: 109,99 millió Ft",109.99,113.0,113 m²,4.0,"Győr, Révfalu",Téglalakás,,,2025-08-17,Gázkazán,,,2003,,,,10 m²,
https://www.zenga.hu/ingatlan/elado-teglalakas-budapest-xiii-kerulet-ujlipotvaros/8578716?page=77&pos=4&cr=20,"Budapest XIII. kerület eladó téglalakás 2 szobás: 67,9 millió Ft",67.9,52.0,52 m²,2.0,"Budapest XIII. kerület, Újlipótváros",Téglalakás,,,2025-08-17,Gáz (konvektor),Nem adta meg a hirdető,,1911,,,,,
https://www.zenga.hu/ingatlan/elado-teglalakas-debrecen-teglagyar/8568332?page=77&pos=5&cr=20,"Debrecen eladó téglalakás 3 szobás: 94,9 millió Ft",94.9,85.0,85 m²,3.0,"Debrecen, Téglagyár",Téglalakás,1,Újszerű,2025-08-17,Gázkazán,Nem adta meg a hirdető,,2009,,,,,
https://www.zenga.hu/ingatlan/elado-teglalakas-budapest-v-kerulet-belvaros/7530277?page=77&pos=6&cr=20,"Budapest V. kerület eladó téglalakás 2 szobás: 126,9 millió Ft",126.9,68.0,68 m²,2.0,"Budapest V. kerület, Belváros",Téglalakás,,,2025-08-17,Gázkazán,Nem adta meg a hirdető,,1900,,,,,
https://www.zenga.hu/ingatlan/elado-teglalakas-eger-belvaros/8668420?page=77&pos=7&cr=20,"Eger eladó téglalakás 3 szobás: 64,9 millió Ft",64.9,104.0,104 m²,3.0,"Eger, Belváros",Téglalakás,2,Jó állapotú,2025-08-17,Gázkazán,Nem adta meg a hirdető,,,8 m²,,,,
https://www.zenga.hu/ingatlan/elado-panellakas-budapest-xv-kerulet-ujpalota/8605109?page=77&pos=8&cr=20,,,,,,,,,,2025-08-17,,,,,,,,,
https://www.zenga.hu/ingatlan/elado-teglalakas-budapest-iv-kerulet-ujpest/8612726?page=77&pos=9&cr=20,Budapest IV. kerület eladó téglalakás 7 szobás: 159 millió Ft,159.0,180.0,180 m²,7.0,"Budapest IV. kerület, Újpest, Deák Ferenc utca",Téglalakás,,,2025-08-17,Gázkazán,Nem adta meg a hirdető,,1945,"16,2 m²",,,,
https://www.zenga.hu/ingatlan/elado-teglalakas-sopron/8513289?page=77&pos=10&cr=20,"Sopron eladó téglalakás 3 szobás: 64,9 millió Ft",64.9,72.0,72 m²,3.0,Sopron,Téglalakás,,,2025-08-17,Gázkazán,Nem adta meg a hirdető,,2008,6 m²,,,,
https://www.zenga.hu/ingatlan/elado-panellakas-budapest-xvii-kerulet-pesti-uti-lakopark/8626640?page=77&pos=11&cr=20,Budapest XVII. kerület eladó panellakás 2 szobás: 55 millió Ft,55.0,47.0,47 m²,2.0,"Budapest XVII. kerület, Pesti úti lakópark",Panellakás,,,2025-08-17,Távfűtés egyedi méréssel,Nem adta meg a hirdető,,1980,,,,,
https://www.zenga.hu/ingatlan/elado-panellakas-budaors/8523241?page=77&pos=12&cr=20,Budaörs eladó panellakás 3 szobás: 85 millió Ft,85.0,68.0,68 m²,3.0,Budaörs,Panellakás,3,Átlagos,2025-08-17,Házközponti fűtés egyedi méréssel,Nem adta meg a hirdető,,,,,,,
https://www.zenga.hu/ingatlan/elado-teglalakas-budapest-vii-kerulet/8518459?page=77&pos=14&cr=20,"Budapest VII. kerület eladó téglalakás 1 szobás: 42,9 millió Ft",42.9,27.0,27 m²,1.0,Budapest VII. kerület,Téglalakás,4,Átlagos,2025-08-17,Gáz (konvektor),Nem adta meg a hirdető,,,,,,,
https://www.zenga.hu/ingatlan/elado-teglalakas-budapest-xiii-kerulet-vizafogo/8631219?page=77&pos=15&cr=20,"Budapest XIII. kerület eladó téglalakás 2 szobás: 89,5 millió Ft",89.5,47.0,47 m²,2.0,"Budapest XIII. kerület, Vizafogó",Téglalakás,,Új építésű,2025-08-17,Hőszivattyú,A+,,2025,,,,,
https://www.zenga.hu/ingatlan/elado-teglalakas-budapest-v-kerulet/8544967?page=77&pos=16&cr=20,Budapest V. kerület eladó téglalakás 2 szobás: 84 millió Ft,84.0,56.0,56 m²,2.0,Budapest V. kerület,Téglalakás,,Felújított,2025-08-17,Gázkazán,Nem adta meg a hirdető,,1869,,,,,
https://www.zenga.hu/ingatlan/elado-teglalakas-budapest-iii-kerulet/8626510?page=77&pos=17&cr=20,"Budapest III. kerület eladó téglalakás 4 szobás: 169,9 millió Ft",169.9,91.0,91 m²,4.0,Budapest III. kerület,Téglalakás,,Újszerű,2025-08-17,Házközponti fűtés egyedi méréssel,Nem adta meg a hirdető,,2022,,,,,
https://www.zenga.hu/ingatlan/elado-teglalakas-tiszasziget/8350332?page=77&pos=18&cr=20,"Tiszasziget eladó téglalakás 1 szobás: 33,4 millió Ft",33.4,42.0,42 m²,1.0,Tiszasziget,Téglalakás,,Új építésű,2025-08-17,Elektromos,Nem adta meg a hirdető,,2025,,,,,
https://www.zenga.hu/ingatlan/elado-teglalakas-budapest-v-kerulet/8625355?page=77&pos=19&cr=20,Budapest V. kerület eladó téglalakás 2+1 fél szobás: 108 millió Ft,108.0,67.0,67 m²,2.0,"Budapest V. kerület, 6",Téglalakás,4,Jó állapotú,2025-08-17,Házközponti,Nem adta meg a hirdető,,,,,,,
https://www.zenga.hu/ingatlan/elado-teglalakas-budapest-viii-kerulet-palotanegyed/8613131?page=77&pos=20&cr=20,,,,,,,,,,2025-08-17,,,,,,,,,
https://www.zenga.hu/ingatlan/elado-teglalakas-budapest-viii-kerulet-palotanegyed/8613131?page=78&pos=1&cr=20,Budapest VIII. kerület eladó téglalakás 3 szobás: 159 millió Ft,159.0,146.0,146 m²,3.0,"Budapest VIII. kerület, Palotanegyed",Téglalakás,,,2025-08-17,,,,,,,,,
https://www.zenga.hu/ingatlan/elado-teglalakas-szeged-moravaros/8426804?page=78&pos=2&cr=20,"Szeged eladó téglalakás 5 szobás: 72,5 millió Ft",72.5,92.0,92 m²,5.0,"Szeged, Móraváros",Téglalakás,4,Újszerű,2025-08-17,Gázkazán,Nem adta meg a hirdető,Nincs,2003,4 m²,,,,
https://www.zenga.hu/ingatlan/elado-teglalakas-budapest-xxiii-kerulet-soroksar-ujtelep/8601776?page=78&pos=3&cr=20,Budapest XXIII. kerület eladó téglalakás 1 szobás: 29 millió Ft,29.0,30.0,30 m²,1.0,"Budapest XXIII. kerület, Soroksár-Újtelep",Téglalakás,,Felújítandó,2025-08-17,Gáz (konvektor),Nem adta meg a hirdető,,1960,,,,,
https://www.zenga.hu/ingatlan/elado-teglalakas-godollo/8610618?page=78&pos=4&cr=20,,,,,,,,,,2025-08-17,,,,,,,,,
https://www.zenga.hu/ingatlan/elado-teglalakas-sopron-aranyhegy/7519705?page=78&pos=5&cr=20,Sopron eladó téglalakás 1+2 fél szobás: 48 millió Ft,48.0,42.0,42 m²,1.0,"Sopron, Aranyhegy",Téglalakás,1,Új építésű,2025-08-17,Gázkazán,AA+ (2016-2023-as besorolás),,2025,,,,,
https://www.zenga.hu/ingatlan/elado-teglalakas-budapest-vi-kerulet-nagykoruton-kivuli-terulet/8265914?page=78&pos=6&cr=20,Budapest VI. kerület eladó téglalakás 3 szobás: 93 millió Ft,93.0,91.0,91 m²,3.0,"Budapest VI. kerület, Nagykörúton kívüli terület",Téglalakás,4,Felújítandó,2025-08-17,Gáz (konvektor),Nem adta meg a hirdető,,,,,,,
https://www.zenga.hu/ingatlan/elado-teglalakas-budapest-v-kerulet-belvaros/8171059?page=78&pos=7&cr=20,"Budapest V. kerület eladó téglalakás 2 szobás: 82,9 millió Ft",82.9,60.0,60 m²,2.0,"Budapest V. kerület, Belváros",Téglalakás,5,Felújítandó,2025-08-17,Gáz (konvektor),Nem adta meg a hirdető,,,,,,,
https://www.zenga.hu/ingatlan/elado-teglalakas-debrecen-belvaros/8333539?page=78&pos=8&cr=20,"Debrecen eladó téglalakás 2 szobás: 61,9 millió Ft",61.9,68.0,68 m²,2.0,"Debrecen, Belváros",Téglalakás,4,Jó állapotú,2025-08-17,Gáz (konvektor),E,,,,,,,30 000 Ft/hó
https://www.zenga.hu/ingatlan/elado-teglalakas-godollo/8610621?page=78&pos=9&cr=20,,,,,,,,,,2025-08-17,,,,,,,,,
https://www.zenga.hu/ingatlan/elado-teglalakas-papa/8205175?page=78&pos=10&cr=20,"Pápa eladó téglalakás 2+3 fél szobás: 49,9 millió Ft",49.9,77.0,77 m²,2.0,Pápa,Téglalakás,2,Átlagos,2025-08-17,Gázkazán,Nem adta meg a hirdető,,,,,,,
https://www.zenga.hu/ingatlan/elado-egyeb-lakas-cegled/8425131?page=78&pos=11&cr=20,"Cegléd eladó egyéb lakás 4 szobás: 47,5 millió Ft",47.5,61.0,61 m²,4.0,Cegléd,Egyéb lakás,,Felújított,2025-08-17,Gázkazán,Nem adta meg a hirdető,,1960,,,,,
https://www.zenga.hu/ingatlan/elado-teglalakas-papa/8262034?page=78&pos=12&cr=20,"Pápa eladó téglalakás 1 szobás: 13,9 millió Ft",13.9,33.0,33 m²,1.0,Pápa,Téglalakás,1,Átlagos,2025-08-17,Elektromos,Nem adta meg a hirdető,,,,,,,
https://www.zenga.hu/ingatlan/elado-teglalakas-papa/8180237?page=78&pos=13&cr=20,Pápa eladó téglalakás 2+2 fél szobás: 45 millió Ft,45.0,89.0,89 m²,2.0,Pápa,Téglalakás,2,Átlagos,2025-08-17,Gázkazán,Nem adta meg a hirdető,,1984,,,,,
https://www.zenga.hu/ingatlan/elado-teglalakas-nyiregyhaza-belvaros/8661963?page=78&pos=14&cr=20,"Nyíregyháza eladó téglalakás 2 szobás: 49,9 millió Ft",49.9,51.0,51 m²,2.0,"Nyíregyháza, Belváros",Téglalakás,1,Felújított,2025-08-17,Gázkazán,Nem adta meg a hirdető,,,,,,,
https://www.zenga.hu/ingatlan/elado-panellakas-debrecen/8568293?page=78&pos=15&cr=20,"Debrecen eladó panellakás 3+1 fél szobás: 61,5 millió Ft",61.5,84.0,84 m²,3.0,Debrecen,Panellakás,10,Átlagos,2025-08-17,Távfűtés,Nem adta meg a hirdető,,1982,,,,,
https://www.zenga.hu/ingatlan/elado-teglalakas-budapest-xiii-kerulet-angyalfold/8593777?page=78&pos=16&cr=20,"Budapest XIII. kerület eladó téglalakás 2 szobás: 91,2 millió Ft",91.2,64.0,64 m²,2.0,"Budapest XIII. kerület, Angyalföld",Téglalakás,3,Felújított,2025-08-17,Gázkazán,D,,,,,,,
https://www.zenga.hu/ingatlan/elado-teglalakas-nagykoros/8634114?page=78&pos=17&cr=20,"Nagykőrös eladó téglalakás 2 szobás: 37,2 millió Ft",37.2,46.0,46 m²,2.0,Nagykőrös,Téglalakás,,Felújított,2025-08-17,Gáz (konvektor),Nem adta meg a hirdető,,1970,,,,,
https://www.zenga.hu/ingatlan/elado-teglalakas-nagykoros/8511394?page=78&pos=18&cr=20,Nagykőrös eladó téglalakás 3 szobás: 64 millió Ft,64.0,71.0,71 m²,3.0,Nagykőrös,Téglalakás,,Újszerű,2025-08-17,Távfűtés egyedi méréssel,Nem adta meg a hirdető,,2022,,,,,20 000 Ft/hó
https://www.zenga.hu/ingatlan/elado-teglalakas-kecskemet/8623463?page=78&pos=19&cr=20,"Kecskemét eladó téglalakás 3 szobás: 74,9 millió Ft",74.9,77.0,77 m²,3.0,Kecskemét,Téglalakás,,Újszerű,2025-08-17,Gázkazán,Nem adta meg a hirdető,,2021,,,,,
https://www.zenga.hu/ingatlan/elado-teglalakas-gyor-nadorvaros/8522820?page=78&pos=20&cr=20,"Győr eladó téglalakás 2+1 fél szobás: 59,5 millió Ft",59.5,65.0,65 m²,2.0,"Győr, Nádorváros",Téglalakás,4,Újszerű,2025-08-17,Házközponti fűtés egyedi méréssel,Nem adta meg a hirdető,,2000,,,,,
https://www.zenga.hu/ingatlan/elado-teglalakas-gyor-nadorvaros/8522820?page=79&pos=1&cr=20,"Győr eladó téglalakás 2+1 fél szobás: 59,5 millió Ft",59.5,65.0,65 m²,2.0,"Győr, Nádorváros",Téglalakás,4,Újszerű,2025-08-17,Házközponti fűtés egyedi méréssel,Nem adta meg a hirdető,,2000,,,,,
https://www.zenga.hu/ingatlan/elado-teglalakas-kecskemet-belvaros/8502379?page=79&pos=2&cr=20,"Kecskemét eladó téglalakás 3 szobás: 51,5 millió Ft",51.5,73.0,73 m²,3.0,"Kecskemét, Belváros",Téglalakás,,Átlagos,2025-08-17,Gáz (konvektor),Nem adta meg a hirdető,,1971,,,,,
https://www.zenga.hu/ingatlan/elado-teglalakas-gyor-belvaros/8627988?page=79&pos=3&cr=20,"Győr eladó téglalakás 4 szobás: 121,8 millió Ft",121.8,122.0,122 m²,4.0,"Győr, Belváros",Téglalakás,4,Újszerű,2025-08-17,Fan coil,Nem adta meg a hirdető,,1914,,,,,
https://www.zenga.hu/ingatlan/elado-teglalakas-makad/8659049?page=79&pos=4&cr=20,"Makád eladó téglalakás 2 szobás: 34,35 millió Ft",34.35,46.0,46 m²,2.0,Makád,Téglalakás,,Új építésű,2025-08-17,Egyéb,Nem adta meg a hirdető,,2023,,,,,
https://www.zenga.hu/ingatlan/elado-teglalakas-nyergesujfalu/8488893?page=79&pos=5&cr=20,"Nyergesújfalu eladó téglalakás 2 szobás: 36,99 millió Ft",36.99,43.0,43 m²,2.0,Nyergesújfalu,Téglalakás,,Felújított,2025-08-17,Távfűtés,Nem adta meg a hirdető,,1960,,,,,
https://www.zenga.hu/ingatlan/elado-csusztatott-zsalus-lakas-esztergom/8483105?page=79&pos=7&cr=20,"Esztergom eladó csúsztatott zsalus lakás 3 szobás: 61,9 millió Ft",61.9,89.0,89 m²,3.0,Esztergom,Csúsztatott zsalus lakás,,Jó állapotú,2025-08-17,Egyéb,Nem adta meg a hirdető,,2018,,,,,
https://www.zenga.hu/ingatlan/elado-teglalakas-szekesfehervar/8565381?page=79&pos=8&cr=20,"Székesfehérvár eladó téglalakás 2 szobás: 43,9 millió Ft",43.9,50.0,50 m²,2.0,"Székesfehérvár, Almássy telep",Téglalakás,4,Jó állapotú,2025-08-17,Távfűtés,Nem adta meg a hirdető,Nincs,1980,,,,,20 000 Ft/hó
https://www.zenga.hu/ingatlan/elado-teglalakas-balatonszemes/8657542?page=79&pos=9&cr=20,"Balatonszemes eladó téglalakás 3 szobás: 94,42 millió Ft",94.42,65.0,65 m²,3.0,Balatonszemes,Téglalakás,,Új építésű,2025-08-17,Hőszivattyú,Nem adta meg a hirdető,,2026,,,,,
https://www.zenga.hu/ingatlan/elado-teglalakas-miskolc/8574712?page=79&pos=11&cr=20,"Miskolc eladó téglalakás 3 szobás: 59,9 millió Ft",59.9,74.0,74 m²,3.0,Miskolc,Téglalakás,,Jó állapotú,2025-08-17,Távfűtés,Nem adta meg a hirdető,,2010,,,,,
https://www.zenga.hu/ingatlan/elado-teglalakas-budapest-xx-kerulet/8494058?page=79&pos=12&cr=20,"Budapest XX. kerület eladó téglalakás 3 szobás: 65,9 millió Ft",65.9,48.0,48 m²,3.0,Budapest XX. kerület,Téglalakás,,Felújított,2025-08-17,Gázkazán,F,,1950,,,,,
https://www.zenga.hu/ingatlan/elado-teglalakas-tatabanya/8553978?page=79&pos=13&cr=20,"Tatabánya eladó téglalakás 1+2 fél szobás: 39,9 millió Ft",39.9,66.0,66 m²,1.0,Tatabánya,Téglalakás,,,2025-08-17,,,,,,,,,
https://www.zenga.hu/ingatlan/elado-teglalakas-budapest-xvi-kerulet/8604963?page=79&pos=14&cr=20,Budapest XVI. kerület eladó téglalakás 2 szobás: 45 millió Ft,45.0,65.0,65 m²,2.0,Budapest XVI. kerület,Téglalakás,,Jó állapotú,2025-08-17,Elektromos,Nem adta meg a hirdető,,1980,,,,,
https://www.zenga.hu/ingatlan/elado-teglalakas-budapest-iv-kerulet/8604965?page=79&pos=15&cr=20,Budapest IV. kerület eladó téglalakás 1 szobás: 32 millió Ft,32.0,25.0,25 m²,1.0,Budapest IV. kerület,Téglalakás,,Átlagos,2025-08-17,Elektromos,Nem adta meg a hirdető,,1850,,,,,
https://www.zenga.hu/ingatlan/elado-teglalakas-tapioszolos/8428922?page=79&pos=16&cr=20,"Tápiószőlős eladó téglalakás 2+1 fél szobás: 42,95 millió Ft",42.95,60.0,60 m²,2.0,Tápiószőlős,Téglalakás,,Új építésű,2025-08-17,Hőszivattyú,A,,2024,,,,,
https://www.zenga.hu/ingatlan/elado-teglalakas-pecs-gyarvaros/8552159?page=79&pos=17&cr=20,"Pécs eladó téglalakás 2 szobás: 18,9 millió Ft",18.9,42.0,42 m²,2.0,"Pécs, Gyárváros",Téglalakás,,Átlagos,2025-08-17,Gáz (konvektor),Nem adta meg a hirdető,,1960,,,,,
https://www.zenga.hu/ingatlan/elado-teglalakas-szigetszentmiklos/8535480?page=79&pos=18&cr=20,"Szigetszentmiklós eladó téglalakás 1+2 fél szobás: 79,9 millió Ft",79.9,80.0,80 m²,1.0,Szigetszentmiklós,Téglalakás,,Felújított,2025-08-17,Gázkazán,Nem adta meg a hirdető,,2006,,,,,
https://www.zenga.hu/ingatlan/elado-teglalakas-budapest-vi-kerulet/7946888?page=79&pos=19&cr=20,Budapest VI. kerület eladó téglalakás 3 szobás: 150 millió Ft,150.0,105.0,105 m²,3.0,"Budapest VI. kerület, Teréz körúton",Téglalakás,4,Átlagos,2025-08-17,Gázkazán,Nem adta meg a hirdető,,,,,,,
https://www.zenga.hu/ingatlan/elado-teglalakas-budapest-vii-kerulet/8100067?page=79&pos=20&cr=20,"Budapest VII. kerület eladó téglalakás 4 szobás: 98,9 millió Ft",98.9,118.0,118 m²,4.0,Budapest VII. kerület,Téglalakás,,Átlagos,2025-08-17,,Nem adta meg a hirdető,,,,,,,
https://www.zenga.hu/ingatlan/elado-teglalakas-budapest-vi-kerulet/8653217?page=80&pos=1&cr=20,"Budapest VI. kerület eladó téglalakás 2+1 fél szobás: 109,9 millió Ft",109.9,104.0,104 m²,2.0,Budapest VI. kerület,Téglalakás,,Átlagos,2025-08-17,Gáz (konvektor),Nem adta meg a hirdető,,1900,,,,,
https://www.zenga.hu/ingatlan/elado-teglalakas-budapest-vi-kerulet-nagykoruton-kivuli-terulet/8652889?page=80&pos=2&cr=20,Budapest VI. kerület eladó téglalakás 1 szobás: 61 millió Ft,61.0,33.0,33 m²,1.0,"Budapest VI. kerület, Nagykörúton kívüli terület, Izabella utca",Téglalakás,5,Felújított,2025-08-17,Elektromos,Nem adta meg a hirdető,,,,,,,
https://www.zenga.hu/ingatlan/elado-panellakas-pecs/8652500?page=80&pos=3&cr=20,"Pécs eladó panellakás 3 szobás: 40,9 millió Ft",40.9,59.0,59 m²,3.0,Pécs,Panellakás,,Jó állapotú,2025-08-17,Távfűtés,C,,2024,,,,,
https://www.zenga.hu/ingatlan/elado-teglalakas-esztergom/8226988?page=80&pos=4&cr=20,"Esztergom eladó téglalakás 3 szobás: 53,9 millió Ft",53.9,54.0,54 m²,3.0,"Esztergom, Jókai Mór",Téglalakás,3,Újszerű,2025-08-17,Elektromos,Nem adta meg a hirdető,,1980,,,,,
https://www.zenga.hu/ingatlan/elado-panellakas-jaszbereny/8500553?page=80&pos=5&cr=20,"Jászberény eladó panellakás 2 szobás: 32,59 millió Ft",32.59,54.0,54 m²,2.0,Jászberény,Panellakás,,Felújított,2025-08-17,Távfűtés egyedi méréssel,Nem adta meg a hirdető,,1983,,,,,
https://www.zenga.hu/ingatlan/elado-egyeb-lakas-mako/8613331?page=80&pos=6&cr=20,Makó eladó egyéb lakás 2+1 fél szobás: 23 millió Ft,23.0,49.0,49 m²,2.0,Makó,Egyéb lakás,,Átlagos,2025-08-17,Elektromos,G,,1935,,,,,
https://www.zenga.hu/ingatlan/elado-teglalakas-cserkeszolo/8494055?page=80&pos=7&cr=20,"Cserkeszőlő eladó téglalakás 3 szobás: 48,9 millió Ft",48.9,71.0,71 m²,3.0,Cserkeszőlő,Téglalakás,,Felújított,2025-08-17,Házközponti fűtés egyedi méréssel,A,,2004,,,,,
https://www.zenga.hu/ingatlan/elado-panellakas-budapest-iii-kerulet/8495775?page=80&pos=8&cr=20,"Budapest III. kerület eladó panellakás 3 szobás: 57,9 millió Ft",57.9,57.0,57 m²,3.0,Budapest III. kerület,Panellakás,,Felújítandó,2025-08-17,Távfűtés,F,,1980,,,,,
https://www.zenga.hu/ingatlan/elado-teglalakas-tatabanya-gal-istvan-lakotelep/8169360?page=80&pos=9&cr=20,Tatabánya eladó téglalakás 3+1 fél szobás: 130 millió Ft,130.0,107.0,107 m²,3.0,"Tatabánya, Gál István-lakótelep",Téglalakás,,Új építésű,2025-08-17,Házközponti fűtés egyedi méréssel,A++,Nincs,2018,66 m²,,,,
https://www.zenga.hu/ingatlan/elado-teglalakas-villany/8632653?page=80&pos=10&cr=20,"Villány eladó téglalakás 3 szobás: 34,5 millió Ft",34.5,61.0,61 m²,3.0,Villány,Téglalakás,,Átlagos,2025-08-17,Gáz (konvektor),Nem adta meg a hirdető,,1980,,,,,
https://www.zenga.hu/ingatlan/elado-teglalakas-pecs-belvaros/8489413?page=80&pos=11&cr=20,"Pécs eladó téglalakás 2 szobás: 86,9 millió Ft",86.9,82.0,82 m²,2.0,"Pécs, Belváros",Téglalakás,,Felújított,2025-08-17,Gázkazán,Nem adta meg a hirdető,,1960,,,,,
https://www.zenga.hu/ingatlan/elado-panellakas-pecs/8519519?page=80&pos=12&cr=20,"Pécs eladó panellakás 2 szobás: 36,9 millió Ft",36.9,53.0,53 m²,2.0,Pécs,Panellakás,,Jó állapotú,2025-08-17,Távfűtés egyedi méréssel,Nem adta meg a hirdető,,1985,,,,,
https://www.zenga.hu/ingatlan/elado-panellakas-pecs-kertvaros/8515342?page=80&pos=13&cr=20,"Pécs eladó panellakás 2 szobás: 36,9 millió Ft",36.9,53.0,53 m²,2.0,"Pécs, Kertváros",Panellakás,,Jó állapotú,2025-08-17,Távfűtés egyedi méréssel,Nem adta meg a hirdető,,1985,,,,,
https://www.zenga.hu/ingatlan/elado-teglalakas-keszthely/8057777?page=80&pos=14&cr=20,Keszthely eladó téglalakás 2 szobás: 81 millió Ft,81.0,81.0,81 m²,2.0,Keszthely,Téglalakás,1,Új építésű,2025-08-17,Egyéb,Nem adta meg a hirdető,Van,1981,,,,15 m²,
https://www.zenga.hu/ingatlan/elado-teglalakas-keszthely/8057778?page=80&pos=15&cr=20,Keszthely eladó téglalakás 2 szobás: 85 millió Ft,85.0,73.0,73 m²,2.0,Keszthely,Téglalakás,1,Új építésű,2025-08-17,Egyéb,Nem adta meg a hirdető,Van,1981,,,,15 m²,
https://www.zenga.hu/ingatlan/elado-csusztatott-zsalus-lakas-debrecen-vargakert/8559729?page=80&pos=16&cr=20,"Debrecen eladó csúsztatott zsalus lakás 2 szobás: 49,9 millió Ft",49.9,61.0,61 m²,2.0,"Debrecen, Vargakert",Csúsztatott zsalus lakás,,Jó állapotú,2025-08-17,Házközponti,Nem adta meg a hirdető,,1965,,,,,
https://www.zenga.hu/ingatlan/elado-teglalakas-debrecen-dobozikert/8646023?page=80&pos=17&cr=20,"Debrecen eladó téglalakás 2 szobás: 46,5 millió Ft",46.5,54.0,54 m²,2.0,"Debrecen, Dobozikert",Téglalakás,,Jó állapotú,2025-08-17,Gáz (konvektor),Nem adta meg a hirdető,,1970,,,,,
https://www.zenga.hu/ingatlan/elado-teglalakas-szekesfehervar-belvaros-es-kornyeke/8282084?page=80&pos=18&cr=20,"Székesfehérvár eladó téglalakás 4 szobás: 82,99 millió Ft",82.99,91.0,91 m²,4.0,"Székesfehérvár, Belváros",Téglalakás,,Átlagos,2025-08-17,Gázkazán,E,,2009,,,,,
https://www.zenga.hu/ingatlan/elado-teglalakas-szekesfehervar-oreghegy/8282137?page=80&pos=19&cr=20,Székesfehérvár eladó téglalakás 4 szobás: 190 millió Ft,190.0,124.0,124 m²,4.0,"Székesfehérvár, Öreghegy",Téglalakás,,Újszerű,2025-08-17,Házközponti fűtés egyedi méréssel,B,,2019,,,,,
https://www.zenga.hu/ingatlan/elado-teglalakas-miskolc-belvaros/8544350?page=80&pos=20&cr=20,"Miskolc eladó téglalakás 3 szobás: 44,9 millió Ft",44.9,61.0,61 m²,3.0,"Miskolc, Belváros",Téglalakás,,Felújított,2025-08-17,Házközponti fűtés egyedi méréssel,Nem adta meg a hirdető,,2011,,,,,
https://www.zenga.hu/ingatlan/elado-teglalakas-budapest-ii-kerulet-lipotmezo/8635204?page=81&pos=1&cr=20,"Budapest II. kerület eladó téglalakás 2 szobás: 79,9 millió Ft",79.9,53.0,53 m²,2.0,"Budapest II. kerület, Lipótmező",Téglalakás,,Átlagos,2025-08-17,Gázkazán,Nem adta meg a hirdető,,1972,,,,,
https://www.zenga.hu/ingatlan/elado-teglalakas-budapest-x-kerulet-ohegy/8585458?page=81&pos=2&cr=20,"Budapest X. kerület eladó téglalakás 3 szobás: 79,9 millió Ft",79.9,67.0,67 m²,3.0,"Budapest X. kerület, Óhegy",Téglalakás,,Jó állapotú,2025-08-17,Házközponti fűtés egyedi méréssel,Nem adta meg a hirdető,,2003,,,,,
https://www.zenga.hu/ingatlan/elado-egyeb-lakas-balatonfured/8646804?page=81&pos=3&cr=20,Balatonfüred eladó egyéb lakás 2 szobás: 112 millió Ft,112.0,56.0,56 m²,2.0,Balatonfüred,Egyéb lakás,3,Új építésű,2025-08-17,,Nem adta meg a hirdető,,2025,,,,,
https://www.zenga.hu/ingatlan/elado-panellakas-siofok-aranypart/8624360?page=81&pos=4&cr=20,"Siófok eladó panellakás 1 szobás: 59,9 millió Ft",59.9,32.0,32 m²,1.0,"Siófok, Aranypart",Panellakás,,Jó állapotú,2025-08-17,Elektromos,Nem adta meg a hirdető,,1980,,,,,
https://www.zenga.hu/ingatlan/elado-teglalakas-budapest-xi-kerulet-kelenvolgy/7441740?page=81&pos=5&cr=20,"Budapest XI. kerület eladó téglalakás 3 szobás: 92,39 millió Ft",92.39,66.0,66 m²,3.0,"Budapest XI. kerület, Kelenvölgy",Téglalakás,,Új építésű,2025-08-17,Házközponti fűtés egyedi méréssel,A++,,2022,,,,,
https://www.zenga.hu/ingatlan/elado-teglalakas-budapest-xi-kerulet-peterhegy/8354055?page=81&pos=6&cr=20,"Budapest XI. kerület eladó téglalakás 2 szobás: 73,75 millió Ft",,,,,,,,,2025-08-17,,,,,,,,,
https://www.zenga.hu/ingatlan/elado-teglalakas-csorna/8647339?page=81&pos=7&cr=20,"Csorna eladó téglalakás 2 szobás: 37,5 millió Ft",37.5,54.0,54 m²,2.0,Csorna,Téglalakás,4,Jó állapotú,2025-08-17,Központi fűtés,Nem adta meg a hirdető,,,4 m²,,,,
https://www.zenga.hu/ingatlan/elado-teglalakas-budapest-viii-kerulet/8535193?page=81&pos=8&cr=20,"Budapest VIII. kerület eladó téglalakás 1 szobás: 43,9 millió Ft",43.9,36.0,36 m²,1.0,Budapest VIII. kerület,Téglalakás,,Jó állapotú,2025-08-17,Gázkazán,Nem adta meg a hirdető,,1920,,,,,
https://www.zenga.hu/ingatlan/elado-teglalakas-dunaujvaros-belvaros/8645596?page=81&pos=9&cr=20,"Dunaújváros eladó téglalakás 2 szobás: 34,2 millió Ft",34.2,48.0,48 m²,2.0,"Dunaújváros, Belváros",Téglalakás,4,Átlagos,2025-08-17,Távfűtés egyedi méréssel,Nem adta meg a hirdető,Nincs,1955,,,,,30 000 Ft/hó
https://www.zenga.hu/ingatlan/elado-csusztatott-zsalus-lakas-debrecen-nagyerdoalja/8434958?page=81&pos=10&cr=20,Debrecen eladó csúsztatott zsalus lakás 3 szobás: 72 millió Ft,72.0,69.0,69 m²,3.0,"Debrecen, Nagyerdőalja",Csúsztatott zsalus lakás,,Jó állapotú,2025-08-17,Gázkazán,Nem adta meg a hirdető,,1982,,,,,
https://www.zenga.hu/ingatlan/elado-teglalakas-debrecen-tocovolgy/8434951?page=81&pos=11&cr=20,"Debrecen eladó téglalakás 4 szobás: 78,5 millió Ft",78.5,68.0,68 m²,4.0,"Debrecen, Tócóvölgy",Téglalakás,,Újszerű,2025-08-17,Geotermikus,Nem adta meg a hirdető,,2017,,,,,
https://www.zenga.hu/ingatlan/elado-teglalakas-debrecen-belvaros/8619903?page=81&pos=12&cr=20,Debrecen eladó téglalakás 3 szobás: 53 millió Ft,53.0,65.0,65 m²,3.0,"Debrecen, Belváros",Téglalakás,,Jó állapotú,2025-08-17,Gázkazán,Nem adta meg a hirdető,,1993,,,,,
https://www.zenga.hu/ingatlan/elado-teglalakas-debrecen-homokkert/8372808?page=81&pos=13&cr=20,"Debrecen eladó téglalakás 3 szobás: 82,66 millió Ft",82.66,68.0,68 m²,3.0,"Debrecen, Homokkert",,,,2025-08-17,,,,,,,,,
https://www.zenga.hu/ingatlan/elado-teglalakas-debrecen/8469874?page=81&pos=14&cr=20,Debrecen eladó téglalakás 5 szobás: 109 millió Ft,109.0,160.0,160 m²,5.0,Debrecen,Téglalakás,,Felújított,2025-08-17,Elektromos,Nem adta meg a hirdető,,1950,,,,,
https://www.zenga.hu/ingatlan/elado-teglalakas-budapest-viii-kerulet-csarnoknegyed/8606954?page=81&pos=15&cr=20,"Budapest VIII. kerület eladó téglalakás 1 szobás: 69,9 millió Ft",69.9,33.0,33 m²,1.0,"Budapest VIII. kerület, Csarnoknegyed",Téglalakás,3,Felújított,2025-08-17,Gáz (konvektor),Nem adta meg a hirdető,,,,,,,
https://www.zenga.hu/ingatlan/elado-teglalakas-balatonfuzfo/8603163?page=81&pos=16&cr=20,"Balatonfűzfő eladó téglalakás 3 szobás: 55,9 millió Ft",55.9,73.0,73 m²,3.0,Balatonfűzfő,Téglalakás,,Jó állapotú,2025-08-17,Házközponti,Nem adta meg a hirdető,,1972,,,,,
https://www.zenga.hu/ingatlan/elado-teglalakas-pecs-uranvaros/8642815?page=81&pos=17&cr=20,Pécs eladó téglalakás 2 szobás: 53 millió Ft,53.0,54.0,54 m²,2.0,"Pécs, Uránváros, Ybl Miklós utca",Téglalakás,7,Felújított,2025-08-17,Távfűtés egyedi méréssel,D,,,3 m²,,,,25 000 Ft/hó
https://www.zenga.hu/ingatlan/elado-panellakas-nagyoroszi/8642751?page=81&pos=18&cr=20,"Nagyoroszi eladó panellakás 3 szobás: 24,9 millió Ft",24.9,61.0,61 m²,3.0,Nagyoroszi,Panellakás,5,Felújított,2025-08-17,Házközponti,Nem adta meg a hirdető,,1970,,,,,
https://www.zenga.hu/ingatlan/elado-teglalakas-szeged-belvaros/8595523?page=81&pos=19&cr=20,"Szeged eladó téglalakás 2 szobás: 61,9 millió Ft",61.9,61.0,61 m²,2.0,"Szeged, Belváros",Téglalakás,5,Átlagos,2025-08-17,,,,,,,,,
https://www.zenga.hu/ingatlan/elado-teglalakas-szeged-moravaros/8347749?page=81&pos=20&cr=20,"Szeged eladó téglalakás 2+1 fél szobás: 67,8 millió Ft",67.8,94.0,94 m²,2.0,"Szeged, Móraváros",Téglalakás,4,Jó állapotú,2025-08-17,Gázkazán,E,,1998,2 m²,,,,
https://www.zenga.hu/ingatlan/elado-teglalakas-debrecen-nagyerdoalja/8569000?page=82&pos=1&cr=20,"Debrecen eladó téglalakás 2 szobás: 74,9 millió Ft",74.9,50.0,50 m²,2.0,"Debrecen, Nagyerdőalja",Téglalakás,2,Újszerű,2025-08-17,Gázkazán,Nem adta meg a hirdető,,2021,17 m²,,,,
https://www.zenga.hu/ingatlan/elado-tarsashazi-lakas-pecs-belvaros/8638428?page=82&pos=2&cr=20,"Pécs eladó társasházi lakás 4 szobás: 59,9 millió Ft",59.9,57.0,57 m²,4.0,"Pécs, Belváros",Társasházi lakás,3,Jó állapotú,2025-08-17,Házközponti fűtés egyedi méréssel,Nem adta meg a hirdető,,2007,,,,12 m²,
https://www.zenga.hu/ingatlan/elado-teglalakas-budapest-viii-kerulet-jozsefvaros/8518460?page=82&pos=3&cr=20,Budapest VIII. kerület eladó téglalakás 1 szobás: 52 millió Ft,52.0,53.0,53 m²,1.0,"Budapest VIII. kerület, Józsefváros",Téglalakás,4,Felújítandó,2025-08-17,Gáz (konvektor),Nem adta meg a hirdető,,,,,,,
https://www.zenga.hu/ingatlan/elado-panellakas-komarom/8638324?page=82&pos=4&cr=20,"Komárom eladó panellakás 4 szobás: 49,88 millió Ft",49.88,85.0,85 m²,4.0,Komárom,Panellakás,7,Felújított,2025-08-17,Házközponti fűtés egyedi méréssel,B,,1970,"4,5 m²",,,,
https://www.zenga.hu/ingatlan/elado-teglalakas-budapest-i-kerulet-vizivaros-i-ker/8588698?page=82&pos=5&cr=20,Budapest I. kerület eladó téglalakás 4 szobás: 140 millió Ft,140.0,85.0,85 m²,4.0,"Budapest I. kerület, Víziváros I. ker.",Téglalakás,4,Felújított,2025-08-17,Gázkazán,Nem adta meg a hirdető,,,,,,,
https://www.zenga.hu/ingatlan/elado-csusztatott-zsalus-lakas-budaors/8594379?page=82&pos=6&cr=20,Budaörs eladó csúsztatott zsalus lakás 3 szobás: 85 millió Ft,85.0,68.0,68 m²,3.0,Budaörs,Csúsztatott zsalus lakás,3,Átlagos,2025-08-17,Házközponti,Nem adta meg a hirdető,,1982,,,,,
https://www.zenga.hu/ingatlan/elado-panellakas-pecs-kertvaros/8631786?page=82&pos=7&cr=20,"Pécs eladó panellakás 3 szobás: 42,9 millió Ft",42.9,62.0,62 m²,3.0,"Pécs, Kertváros",Panellakás,10,Átlagos,2025-08-17,Távfűtés,Nem adta meg a hirdető,,,,,,,
https://www.zenga.hu/ingatlan/elado-panellakas-pecs-kertvaros/8631863?page=82&pos=8&cr=20,"Pécs eladó panellakás 3+1 fél szobás: 46,9 millió Ft",46.9,57.0,57 m²,3.0,"Pécs, Kertváros",Panellakás,4,Jó állapotú,2025-08-17,Távfűtés egyedi méréssel,Nem adta meg a hirdető,,1980,,,,,
https://www.zenga.hu/ingatlan/elado-teglalakas-dunaujvaros-belvaros/8631825?page=82&pos=9&cr=20,"Dunaújváros eladó téglalakás 3+1 fél szobás: 49,9 millió Ft",49.9,75.0,75 m²,3.0,"Dunaújváros, Belváros",Téglalakás,4,Jó állapotú,2025-08-17,Gázkazán,Nem adta meg a hirdető,,1996,,,,,
https://www.zenga.hu/ingatlan/elado-teglalakas-sopron/8440263?page=82&pos=10&cr=20,"Eladó 3 szobás téglalakás 94,9 millió Ft értékben Sopronban - Lehár Panoráma Residence lakóparkban",94.9,60.0,60 m²,3.0,"Sopron, Lehár Ferenc utca 124.",Téglalakás,3,Új építésű,2025-08-17,Hőszivattyú,A+,,,14 m²,,2025. 3. negyedév,,
https://www.zenga.hu/ingatlan/elado-teglalakas-sopron/8440274?page=82&pos=11&cr=20,"Eladó 4 szobás téglalakás 99,9 millió Ft értékben Sopronban - Lehár Panoráma Residence lakóparkban",99.9,75.0,75 m²,4.0,"Sopron, Lehár Ferenc utca 124.",Téglalakás,3,Új építésű,2025-08-17,Hőszivattyú,A+,,,"13,4 m²",,2025. 3. negyedév,,
https://www.zenga.hu/ingatlan/elado-teglalakas-sopron/8440277?page=82&pos=12&cr=20,"Eladó 4 szobás téglalakás 99,9 millió Ft értékben Sopronban - Lehár Panoráma Residence lakóparkban",99.9,75.0,75 m²,4.0,"Sopron, Lehár Ferenc utca 124.",Téglalakás,3,Új építésű,2025-08-17,Hőszivattyú,A+,,,"13,4 m²",,2025. 3. negyedév,,
https://www.zenga.hu/ingatlan/elado-teglalakas-sopron/8440270?page=82&pos=14&cr=20,"Eladó 3 szobás téglalakás 109,9 millió Ft értékben Sopronban - Lehár Panoráma Residence lakóparkban",109.9,75.0,75 m²,3.0,"Sopron, Lehár Ferenc utca 124.",Téglalakás,3,Új építésű,2025-08-17,Hőszivattyú,A+,,,14 m²,,2025. 3. negyedév,,
https://www.zenga.hu/ingatlan/elado-teglalakas-sopron/8440272?page=82&pos=15&cr=20,"Eladó 3 szobás téglalakás 94,9 millió Ft értékben Sopronban - Lehár Panoráma Residence lakóparkban",94.9,75.0,75 m²,3.0,"Sopron, Lehár Ferenc utca 124.",Téglalakás,3,Új építésű,2025-08-17,Hőszivattyú,A+,,,14 m²,,2025. 3. negyedév,,
https://www.zenga.hu/ingatlan/elado-teglalakas-budapest-xvii-kerulet-rakoscsaba-ujtelep/8625377?page=82&pos=16&cr=20,,,,,,,,,,2025-08-17,,,,,,,,,
https://www.zenga.hu/ingatlan/elado-teglalakas-budapest-xiv-kerulet-alsorakos/8625358?page=82&pos=17&cr=20,"Budapest XIV. kerület eladó téglalakás 2 szobás: 59,5 millió Ft",59.5,51.0,51 m²,2.0,"Budapest XIV. kerület, Alsórákos",Téglalakás,4,Átlagos,2025-08-17,Gáz (konvektor),E,,,,,,,
https://www.zenga.hu/ingatlan/elado-teglalakas-budapest-vi-kerulet/8623943?page=82&pos=18&cr=20,,,,,,,,,,2025-08-17,,,,,,,,,
https://www.zenga.hu/ingatlan/elado-teglalakas-budapest-vii-kerulet-nagykoruton-beluli-terulet/8622025?page=82&pos=19&cr=20,,,,,,,,,,2025-08-17,,,,,,,,,
https://www.zenga.hu/ingatlan/elado-teglalakas-budapest-vi-kerulet-nagykoruton-beluli-terulet/8613123?page=82&pos=20&cr=20,,,,,,,,,,2025-08-17,,,,,,,,,
https://www.zenga.hu/ingatlan/elado-teglalakas-budapest-ii-kerulet-rozsadomb/8572920?page=83&pos=1&cr=20,,,,,,,,,,2025-08-17,,,,,,,,,
https://www.zenga.hu/ingatlan/elado-teglalakas-gyula/8464447?page=83&pos=2&cr=20,"Gyula eladó téglalakás 2 szobás: 29,5 millió Ft",29.5,54.0,54 m²,2.0,"Gyula, Honvéd ltp.",Téglalakás,4,Felújított,2025-08-17,Gáz (konvektor),Nem adta meg a hirdető,,1980,1 m²,,,,
https://www.zenga.hu/ingatlan/elado-tarsashazi-lakas-budapest-xviii-kerulet/8123289?page=83&pos=3&cr=20,"Budapest XVIII. kerület eladó társasházi lakás 1 szobás: 54,9 millió Ft",54.9,37.0,37 m²,1.0,Budapest XVIII. kerület,Társasházi lakás,3,Új építésű,2025-08-17,Hőszivattyú,Nem adta meg a hirdető,,2024,,,,,
https://www.zenga.hu/ingatlan/elado-teglalakas-balatonszepezd/8609586?page=83&pos=4&cr=20,Balatonszepezd eladó téglalakás 2 szobás: 65 millió Ft,65.0,45.0,45 m²,2.0,"Balatonszepezd, Csuki",Téglalakás,2,Új építésű,2025-08-17,Hőszivattyú,Nem adta meg a hirdető,,2026,15 m²,,,,
https://www.zenga.hu/ingatlan/elado-teglalakas-balatonudvari/8609581?page=83&pos=5&cr=20,"Balatonudvari eladó téglalakás 2 szobás: 61,9 millió Ft",61.9,41.0,41 m²,2.0,"Balatonudvari, Erkel Ferenc",Téglalakás,2,Új építésű,2025-08-17,Hőszivattyú,Nem adta meg a hirdető,,2025,"6,4 m²",,,,
https://www.zenga.hu/ingatlan/elado-teglalakas-szerencs/8609495?page=83&pos=6&cr=20,"Szerencs eladó téglalakás 2+1 fél szobás: 20,9 millió Ft",20.9,63.0,63 m²,2.0,Szerencs,Téglalakás,3,Felújítandó,2025-08-17,Cserépkályha,Nem adta meg a hirdető,,1920,,,,,6 000 Ft/hó
https://www.zenga.hu/ingatlan/elado-csusztatott-zsalus-lakas-eger-belvaros/8464640?page=83&pos=7&cr=20,Eger eladó csúsztatott zsalus lakás 3 szobás: 79 millió Ft,79.0,66.0,66 m²,3.0,"Eger, Belváros",Csúsztatott zsalus lakás,4,,2025-08-17,,,,,,,,,
https://www.zenga.hu/ingatlan/elado-teglalakas-nyiregyhaza-orokosfold/8550871?page=83&pos=8&cr=20,"Nyíregyháza eladó téglalakás 1+1 fél szobás: 29,9 millió Ft",29.9,41.0,41 m²,1.0,"Nyíregyháza, Örökösföld",Téglalakás,4,Átlagos,2025-08-17,Gázkazán,Nem adta meg a hirdető,,1970,3 m²,,,,
https://www.zenga.hu/ingatlan/elado-tarsashazi-lakas-dorog/8557725?page=83&pos=9&cr=20,"Dorog eladó társasházi lakás 2 szobás: 44,5 millió Ft",44.5,55.0,55 m²,2.0,"Dorog, Baross Gábor 26",Társasházi lakás,4,Felújított,2025-08-17,Távfűtés egyedi méréssel,B,,1980,4 m²,,,,25 Ft/hó
https://www.zenga.hu/ingatlan/elado-teglalakas-komarom/8592263?page=83&pos=10&cr=20,"Komárom eladó téglalakás 3 szobás: 62,99 millió Ft",62.99,60.0,60 m²,3.0,"Komárom, igmándi 47",Téglalakás,3,Új építésű,2025-08-17,Házközponti fűtés egyedi méréssel,A,,2025,,,,6 m²,
https://www.zenga.hu/ingatlan/elado-teglalakas-komarom/8590379?page=83&pos=11&cr=20,"Komárom eladó téglalakás 4 szobás: 80,27 millió Ft",80.27,77.0,77 m²,4.0,Komárom,Téglalakás,3,Új építésű,2025-08-17,Házközponti fűtés egyedi méréssel,Nem adta meg a hirdető,,2025,8 m²,,,,
https://www.zenga.hu/ingatlan/elado-teglalakas-szeged/8550952?page=83&pos=12&cr=20,"Szeged eladó téglalakás 3 szobás: 79,9 millió Ft",79.9,69.0,69 m²,3.0,Szeged,Téglalakás,4,Újszerű,2025-08-17,Gázkazán,B,,2000,15 m²,,,,
https://www.zenga.hu/ingatlan/elado-teglalakas-budapest-iii-kerulet/8563616?page=83&pos=13&cr=20,"Budapest III. kerület eladó téglalakás 2 szobás: 97,5 millió Ft",97.5,60.0,60 m²,2.0,Budapest III. kerület,Téglalakás,2,Újszerű,2025-08-17,Elektromos,Nem adta meg a hirdető,Nincs,2023,10 m²,,,,
https://www.zenga.hu/ingatlan/elado-tarsashazi-lakas-budapest-ii-kerulet-pasaret/8567058?page=83&pos=14&cr=20,,,,,,,,,,2025-08-17,,,,,,,,,
https://www.zenga.hu/ingatlan/elado-teglalakas-budapest-xv-kerulet-pestujhely/8567370?page=83&pos=15&cr=20,,,,,,,,,,2025-08-17,,,,,,,,,
https://www.zenga.hu/ingatlan/elado-teglalakas-szerencs/8516485?page=83&pos=16&cr=20,,,,,,,,,,2025-08-17,,,,,,,,,
https://www.zenga.hu/ingatlan/elado-teglalakas-papa/8556284?page=83&pos=17&cr=20,"Pápa eladó téglalakás 2 szobás: 29,8 millió Ft",29.8,51.0,51 m²,2.0,Pápa,Téglalakás,3,Felújított,2025-08-17,Gáz (konvektor),Nem adta meg a hirdető,,,,,,,
https://www.zenga.hu/ingatlan/elado-teglalakas-budapest-xx-kerulet/8555849?page=83&pos=18&cr=20,"Budapest XX. kerület eladó téglalakás 1 szobás: 29,9 millió Ft",29.9,27.0,27 m²,1.0,"Budapest XX. kerület, Gólya utca",Téglalakás,1,Felújított,2025-08-17,Elektromos,F,,,,,,6 m²,25 000 Ft/hó
https://www.zenga.hu/ingatlan/elado-tarsashazi-lakas-erd-parkvaros/8494546?page=83&pos=19&cr=20,,,,,,,,,,2025-08-17,,,,,,,,,
https://www.zenga.hu/ingatlan/elado-tarsashazi-lakas-debrecen/8526256?page=83&pos=20&cr=20,"Debrecen eladó társasházi lakás 2+1 fél szobás: 75,8 millió Ft",75.8,74.0,74 m²,2.0,Debrecen,Társasházi lakás,3,Újszerű,2025-08-17,Gázkazán,C,Nincs,2009,6 m²,,,6 m²,30 000 Ft/hó
https://www.zenga.hu/ingatlan/elado-teglalakas-balatonfoldvar/8512415?page=84&pos=1&cr=20,"Balatonföldvár eladó téglalakás 5 szobás: 111,69 millió Ft",111.69,112.0,112 m²,5.0,"Balatonföldvár, Kőröshegyi út 122 - új parcellázás",Téglalakás,2,Új építésű,2025-08-17,Hőszivattyú,A+,,2024,,,,15 m²,25 000 Ft/hó
https://www.zenga.hu/ingatlan/elado-panellakas-szeged-rokus/8507767?page=84&pos=2&cr=20,"Szeged eladó panellakás 2 szobás: 49,8 millió Ft",49.8,56.0,56 m²,2.0,"Szeged, Rókus",Panellakás,5,Újszerű,2025-08-17,Távfűtés,Nem adta meg a hirdető,,,3 m²,,,,22 000 Ft/hó
https://www.zenga.hu/ingatlan/elado-tarsashazi-lakas-fonyod/8487903?page=84&pos=3&cr=20,"Fonyód eladó társasházi lakás 2 szobás: 84,7 millió Ft",84.7,77.0,77 m²,2.0,"Fonyód, Harmatos u.",Társasházi lakás,4,Újszerű,2025-08-17,Központi fűtés,Nem adta meg a hirdető,,,,,,9 m²,
https://www.zenga.hu/ingatlan/elado-panellakas-salgotarjan-vasarter/8478878?page=84&pos=5&cr=20,Salgótarján eladó panellakás 2 szobás: 18 millió Ft,18.0,58.0,58 m²,2.0,"Salgótarján, Vásártér",Panellakás,4,Átlagos,2025-08-17,Távfűtés egyedi méréssel,Nem adta meg a hirdető,,,,,,,
https://www.zenga.hu/ingatlan/elado-teglalakas-pecs-belvaros/8474584?page=84&pos=6&cr=20,"Pécs eladó téglalakás 2 szobás: 34,9 millió Ft",34.9,55.0,55 m²,2.0,"Pécs, Belváros",Téglalakás,2,Felújítandó,2025-08-17,Gáz (konvektor),Nem adta meg a hirdető,,1950,,,,,
https://www.zenga.hu/ingatlan/elado-teglalakas-tiszavasvari/8112364?page=84&pos=7&cr=20,"Tiszavasvári eladó téglalakás 3 szobás: 21,9 millió Ft",21.9,60.0,60 m²,3.0,Tiszavasvári,Téglalakás,3,Jó állapotú,2025-08-17,Gázkazán,Nem adta meg a hirdető,,1981,3 m²,,,,
https://www.zenga.hu/ingatlan/elado-panellakas-tatabanya-ujvaros/8669830?page=84&pos=8&cr=19,"Tatabánya eladó panellakás 2 szobás: 33,9 millió Ft",33.9,36.0,36 m²,2.0,"Tatabánya, Újváros",Panellakás,,,2025-08-17,Távfűtés,Nem adta meg a hirdető,,1970,,,,,
https://www.zenga.hu/ingatlan/elado-teglalakas-tatabanya-ovaros/8658075?page=84&pos=9&cr=19,"Tatabánya eladó téglalakás 3 szobás: 52,5 millió Ft",52.5,84.0,84 m²,3.0,"Tatabánya, Óváros",Téglalakás,,,2025-08-17,Távfűtés,Nem adta meg a hirdető,,1970,"8,3 m²",,,,
https://www.zenga.hu/ingatlan/elado-teglalakas-tatabanya/8668622?page=84&pos=10&cr=19,"Tatabánya eladó téglalakás 2+1 fél szobás: 37,5 millió Ft",37.5,65.0,65 m²,2.0,"Tatabánya, Verebély László utca",Téglalakás,4,Átlagos,2025-08-17,Távfűtés,Nem adta meg a hirdető,,1980,4 m²,,,,
https://www.zenga.hu/ingatlan/elado-panellakas-dunaujvaros/8668005?page=84&pos=11&cr=19,"Dunaújváros eladó panellakás 2 szobás: 24,9 millió Ft",24.9,59.0,59 m²,2.0,Dunaújváros,Panellakás,,,2025-08-17,Távfűtés egyedi méréssel,Nem adta meg a hirdető,,1975,2 m²,,,,
https://www.zenga.hu/ingatlan/elado-teglalakas-alsoors/8468535?page=84&pos=12&cr=19,"Eladó 1 szobás téglalakás 71,9 millió Ft értékben Alsóörsön - Alsóörs Residence lakóparkban",71.9,45.0,45 m²,1.0,Alsóörs,Téglalakás,,Új építésű,2025-08-17,Fan coil,Nem adta meg a hirdető,,2025,,,,21 m²,
https://www.zenga.hu/ingatlan/elado-panellakas-dunaujvaros/8664069?page=84&pos=13&cr=19,Dunaújváros eladó panellakás 1 szobás: 24 millió Ft,24.0,35.0,35 m²,1.0,Dunaújváros,Panellakás,9,Átlagos,2025-08-17,Távfűtés egyedi méréssel,Nem adta meg a hirdető,,1970,,,,,
https://www.zenga.hu/ingatlan/elado-teglalakas-budapest-iv-kerulet-ujpest/8657354?page=84&pos=14&cr=19,"Budapest IV. kerület eladó téglalakás 2 szobás: 59,9 millió Ft",59.9,49.0,49 m²,2.0,"Budapest IV. kerület, Újpest",Téglalakás,5,Felújított,2025-08-17,Távfűtés,Nem adta meg a hirdető,,1950,,,,,21 000 Ft/hó
https://www.zenga.hu/ingatlan/elado-teglalakas-budapest-ii-kerulet-szemlohegy/8606704?page=84&pos=15&cr=19,"Budapest II. kerület eladó téglalakás 2 szobás: 149,9 millió Ft",149.9,88.0,88 m²,2.0,"Budapest II. kerület, Szemlőhegy",Téglalakás,3,Jó állapotú,2025-08-17,Házközponti fűtés egyedi méréssel,Nem adta meg a hirdető,,1991,,,,,
https://www.zenga.hu/ingatlan/elado-teglalakas-debrecen/8372809?page=84&pos=16&cr=19,Debrecen eladó téglalakás 2 szobás: 59 millió Ft,59.0,59.0,59 m²,2.0,Debrecen,,,,2025-08-17,,,,,,,,,
https://www.zenga.hu/ingatlan/elado-teglalakas-retsag/8606416?page=84&pos=17&cr=18,"Rétság eladó téglalakás 1 szobás: 29,9 millió Ft",29.9,29.0,29 m²,1.0,Rétság,Téglalakás,,Újszerű,2025-08-17,Hőszivattyú,Nem adta meg a hirdető,,2025,,,,,
https://www.zenga.hu/ingatlan/elado-teglalakas-debrecen-belvaros/8465201?page=84&pos=18&cr=18,"Debrecen eladó téglalakás 2 szobás: 56,99 millió Ft",56.99,62.0,62 m²,2.0,"Debrecen, Belváros",Téglalakás,,Jó állapotú,2025-08-17,Gáz (konvektor),Nem adta meg a hirdető,,1973,,,,,
https://www.zenga.hu/ingatlan/elado-teglalakas-komarom/8592274?page=84&pos=19&cr=18,"Komárom eladó téglalakás 2 szobás: 45,28 millió Ft",45.28,44.0,44 m²,2.0,"Komárom, igmándi 47",Téglalakás,3,Új építésű,2025-08-17,Házközponti fűtés egyedi méréssel,Nem adta meg a hirdető,,2025,,,,,
https://www.zenga.hu/ingatlan/elado-egyeb-lakas-pecs-ledina/8461175?page=84&pos=20&cr=17,"Pécs eladó egyéb lakás 1+1 fél szobás: 41,5 millió Ft",41.5,61.0,61 m²,1.0,"Pécs, Ledina",Egyéb lakás,,Jó állapotú,2025-08-17,Gáz (konvektor),Nem adta meg a hirdető,,1974,,,,,
https://www.zenga.hu/ingatlan/elado-panellakas-budapest-iii-kerulet-obuda/8659070?page=85&pos=1&cr=17,"Budapest III. kerület eladó panellakás 3 szobás: 79,99 millió Ft",79.99,69.0,69 m²,3.0,"Budapest III. kerület, Óbuda",Panellakás,,Jó állapotú,2025-08-17,Távfűtés egyedi méréssel,Nem adta meg a hirdető,,1970,,,,,
https://www.zenga.hu/ingatlan/elado-teglalakas-balatonfured-alsovaros/8584510?page=85&pos=2&cr=17,Balatonfüred eladó téglalakás 2 szobás: 110 millió Ft,110.0,70.0,70 m²,2.0,"Balatonfüred, Alsóváros",Téglalakás,2,Újszerű,2025-08-17,Elektromos,Nem adta meg a hirdető,,,,,,,
https://www.zenga.hu/ingatlan/elado-teglalakas-siofok/8581905?page=85&pos=4&cr=17,"Siófok eladó téglalakás 2 szobás: 69,9 millió Ft",69.9,50.0,50 m²,2.0,Siófok,Téglalakás,2,Újszerű,2025-08-17,Házközponti fűtés egyedi méréssel,A+,Nincs,2020,4 m²,,,10 m²,25 000 Ft/hó
https://www.zenga.hu/ingatlan/elado-teglalakas-szombathely-belvaros/8438511?page=85&pos=5&cr=17,Szombathely eladó téglalakás 4+1 fél szobás: 75 millió Ft,,,,,,,,,2025-08-17,,,,,,,,,
https://www.zenga.hu/ingatlan/elado-teglalakas-balatonfured-balatonaracs/8575403?page=85&pos=6&cr=16,"Balatonfüred eladó téglalakás 2 szobás: 49,9 millió Ft",49.9,40.0,40 m²,2.0,"Balatonfüred, Balatonarács",Téglalakás,,,2025-08-17,Nincs fűtés,Nem adta meg a hirdető,,1983,4 m²,,,,
https://www.zenga.hu/ingatlan/elado-panellakas-nyergesujfalu/8540545?page=85&pos=7&cr=16,"Nyergesújfalu eladó panellakás 2 szobás: 33,5 millió Ft",33.5,56.0,56 m²,2.0,Nyergesújfalu,Panellakás,,,2025-08-17,Távfűtés egyedi méréssel,Nem adta meg a hirdető,,1980,,,,,
https://www.zenga.hu/ingatlan/elado-teglalakas-budapest-i-kerulet-vizivaros-i-ker/8534520?page=85&pos=8&cr=16,,,,,,,,,,2025-08-17,,,,,,,,,
https://www.zenga.hu/ingatlan/elado-panellakas-debrecen-venkert/8661453?page=85&pos=9&cr=16,"Debrecen eladó panellakás 4 szobás: 69,9 millió Ft",69.9,68.0,68 m²,4.0,"Debrecen, Vénkert",Panellakás,10,Felújított,2025-08-17,Távfűtés egyedi méréssel,Nem adta meg a hirdető,,1980,"2,6 m²",,,,
https://www.zenga.hu/ingatlan/elado-teglalakas-szolnok/8433276?page=85&pos=10&cr=16,"Szolnok eladó téglalakás 3 szobás: 54,9 millió Ft",54.9,75.0,75 m²,3.0,Szolnok,Téglalakás,,Újszerű,2025-08-17,Gázkazán,Nem adta meg a hirdető,,2006,,,,,
https://www.zenga.hu/ingatlan/elado-teglalakas-hajduboszormeny/8648919?page=85&pos=11&cr=16,"Hajdúböszörmény eladó téglalakás 22 szobás: 34,9 millió Ft",34.9,55.0,55 m²,22.0,"Hajdúböszörmény, Kossuth Lajos utca 10-16",Téglalakás,4,Felújított,2025-08-17,Gáz (konvektor),E,,,2 m²,,,,
https://www.zenga.hu/ingatlan/elado-panellakas-szeged-felsovaros/8576996?page=85&pos=12&cr=16,"Szeged eladó panellakás 1+2 fél szobás: 47,5 millió Ft",47.5,53.0,53 m²,1.0,"Szeged, Felsőváros",Panellakás,10,Felújított,2025-08-17,Távfűtés egyedi méréssel,Nem adta meg a hirdető,,,,,,,
https://www.zenga.hu/ingatlan/elado-teglalakas-budapest-xi-kerulet/8442017?page=85&pos=13&cr=16,"Budapest XI. kerület eladó téglalakás 4 szobás: 94,9 millió Ft",94.9,60.0,60 m²,4.0,Budapest XI. kerület,Téglalakás,,Átlagos,2025-08-17,Elektromos,Nem adta meg a hirdető,,1930,,,,,
https://www.zenga.hu/ingatlan/elado-teglalakas-budapest-xiii-kerulet/8616956?page=85&pos=14&cr=16,"Budapest XIII. kerület eladó téglalakás 2 szobás: 91,33 millió Ft",91.33,57.0,57 m²,2.0,Budapest XIII. kerület,Téglalakás,,Újszerű,2025-08-17,Házközponti fűtés egyedi méréssel,Nem adta meg a hirdető,,2024,,,,,
https://www.zenga.hu/ingatlan/elado-teglalakas-veszprem/8383696?page=85&pos=15&cr=16,"Veszprém eladó téglalakás 4 szobás: 51,9 millió Ft",51.9,54.0,54 m²,4.0,,,,,2025-08-17,,,,,,,,,
https://www.zenga.hu/ingatlan/elado-teglalakas-veszprem/8486762?page=85&pos=16&cr=16,"Veszprém eladó téglalakás 2+3 fél szobás: 79,99 millió Ft",79.99,81.0,81 m²,2.0,Veszprém,Téglalakás,,Jó állapotú,2025-08-17,Gázkazán,E,,2007,,,,,
https://www.zenga.hu/ingatlan/elado-teglalakas-budapest-xiii-kerulet-loportardulo/8501642?page=85&pos=17&cr=16,"Budapest XIII. kerület eladó téglalakás 1 szobás: 45,9 millió Ft",45.9,23.0,23 m²,1.0,"Budapest XIII. kerület, Lőportárdűlő, Kassák Lajos utca",Téglalakás,2,Felújított,2025-08-17,Gáz (konvektor),Nem adta meg a hirdető,,,,,,,
https://www.zenga.hu/ingatlan/elado-teglalakas-budapest-vii-kerulet-nagykoruton-beluli-terulet/8478901?page=85&pos=18&cr=16,,,,,,,,,,2025-08-17,,,,,,,,,
https://www.zenga.hu/ingatlan/elado-panellakas-salgotarjan/8330703?page=85&pos=19&cr=16,"Salgótarján eladó panellakás 3 szobás: 15,9 millió Ft",15.9,65.0,65 m²,3.0,Salgótarján,Panellakás,4,Átlagos,2025-08-17,Távfűtés egyedi méréssel,Nem adta meg a hirdető,,,5 m²,,,,
https://www.zenga.hu/ingatlan/elado-teglalakas-szeged/8168406?page=85&pos=20&cr=15,"Szeged eladó téglalakás 3 szobás: 87,49 millió Ft",87.49,94.0,94 m²,3.0,Szeged,Téglalakás,,Jó állapotú,2025-08-17,Gázkazán,Nem adta meg a hirdető,,1930,,,,,
https://www.zenga.hu/ingatlan/elado-teglalakas-balatonfoldvar/8391939?page=86&pos=1&cr=15,Balatonföldvár eladó téglalakás 3 szobás: 125 millió Ft,125.0,90.0,90 m²,3.0,Balatonföldvár,Téglalakás,,Új építésű,2025-08-17,Hőszivattyú,A++,,2021,,,,,
https://www.zenga.hu/ingatlan/elado-panellakas-debrecen-tocoskert/8613477?page=86&pos=2&cr=15,Debrecen eladó panellakás 4 szobás: 80 millió Ft,80.0,84.0,84 m²,4.0,"Debrecen, Tócóskert",Panellakás,,Jó állapotú,2025-08-17,Távfűtés,Nem adta meg a hirdető,,1982,,,,,
https://www.zenga.hu/ingatlan/elado-teglalakas-balatonfured/8619747?page=86&pos=3&cr=15,"Balatonfüred eladó téglalakás 3 szobás: 198,5 millió Ft",198.5,71.0,71 m²,3.0,Balatonfüred,Téglalakás,,Új építésű,2025-08-17,Házközponti fűtés egyedi méréssel,D,,2011,,,,,
https://www.zenga.hu/ingatlan/elado-teglalakas-lepseny/8601015?page=86&pos=4&cr=15,Lepsény eladó téglalakás 3 szobás: 58 millió Ft,58.0,73.0,73 m²,3.0,Lepsény,Téglalakás,2,Új építésű,2025-08-17,Gázkazán,,,2026,20 m²,,,,
https://www.zenga.hu/ingatlan/elado-teglalakas-fonyod/8585725?page=86&pos=5&cr=15,"Fonyód eladó téglalakás 3 szobás: 69,83 millió Ft",69.83,43.0,43 m²,3.0,Fonyód,Téglalakás,,Új építésű,2025-08-17,Hőszivattyú,Nem adta meg a hirdető,,2025,,,,,
https://www.zenga.hu/ingatlan/elado-teglalakas-balatonfoldvar/8663143?page=86&pos=6&cr=15,Balatonföldvár eladó téglalakás 3 szobás: 120 millió Ft,120.0,98.0,98 m²,3.0,Balatonföldvár,Téglalakás,,Újszerű,2025-08-17,Hőszivattyú,A+,,2021,,,,,
https://www.zenga.hu/ingatlan/elado-teglalakas-harkany/8395636?page=86&pos=7&cr=15,"Harkány eladó téglalakás 1+1 fél szobás: 19,6 millió Ft",19.6,41.0,41 m²,1.0,Harkány,Téglalakás,,Átlagos,2025-08-17,Gázkazán,G,,1975,,,,,
https://www.zenga.hu/ingatlan/elado-teglalakas-siofok-belvaros/8600960?page=86&pos=8&cr=15,Siófok eladó téglalakás 4 szobás: 85 millió Ft,85.0,85.0,85 m²,4.0,"Siófok, Belváros",Téglalakás,3,Felújított,2025-08-17,Gázkazán,Nem adta meg a hirdető,,1993,,,,,
https://www.zenga.hu/ingatlan/elado-teglalakas-budapest-viii-kerulet/8519152?page=86&pos=9&cr=15,"Budapest VIII. kerület eladó téglalakás 1 szobás: 38,7 millió Ft",38.7,30.0,30 m²,1.0,Budapest VIII. kerület,Téglalakás,,Jó állapotú,2025-08-17,Gáz (konvektor),,,,,,,,
https://www.zenga.hu/ingatlan/elado-panellakas-gyor-marcalvaros-ii/8669587?page=86&pos=10&cr=15,"Győr eladó panellakás 3 szobás: 64,8 millió Ft",64.8,68.0,68 m²,3.0,"Győr, Marcalváros II., cuha",Panellakás,10,Felújított,2025-08-17,Távfűtés egyedi méréssel,Nem adta meg a hirdető,,,4 m²,,,,
https://www.zenga.hu/ingatlan/elado-teglalakas-koszeg/8540761?page=86&pos=11&cr=15,Kőszeg eladó téglalakás 2 szobás: 32 millió Ft,32.0,50.0,50 m²,2.0,Kőszeg,Téglalakás,,Felújított,2025-08-17,Elektromos,Nem adta meg a hirdető,,,,,,,
https://www.zenga.hu/ingatlan/elado-teglalakas-pecs/8648124?page=86&pos=12&cr=15,"Pécs eladó téglalakás 3 szobás: 47,9 millió Ft",47.9,45.0,45 m²,3.0,Pécs,Téglalakás,,Felújított,2025-08-17,Gáz (konvektor),Nem adta meg a hirdető,,1950,,,,,
https://www.zenga.hu/ingatlan/elado-teglalakas-debrecen-belvaros/8496279?page=86&pos=13&cr=15,"Debrecen eladó téglalakás 3 szobás: 55,9 millió Ft",55.9,60.0,60 m²,3.0,"Debrecen, Belváros",Téglalakás,,,2025-08-17,Elektromos,Nem adta meg a hirdető,,1950,,,,,
https://www.zenga.hu/ingatlan/elado-teglalakas-siofok-belvaros/8601004?page=86&pos=14&cr=15,Siófok eladó téglalakás 4 szobás: 120 millió Ft,120.0,110.0,110 m²,4.0,"Siófok, Belváros",Téglalakás,2,Új építésű,2025-08-17,Padlófűtés,Nem adta meg a hirdető,,2025,,,,,
https://www.zenga.hu/ingatlan/elado-panellakas-dombovar/8600067?page=86&pos=15&cr=15,"Dombóvár eladó panellakás 2+1 fél szobás: 29,2 millió Ft",29.2,70.0,70 m²,2.0,Dombóvár,Panellakás,3,Jó állapotú,2025-08-17,Távfűtés,Nem adta meg a hirdető,,1980,3 m²,,,,
https://www.zenga.hu/ingatlan/elado-panellakas-dombovar/8600064?page=86&pos=16&cr=15,"Dombóvár eladó panellakás 2 szobás: 29,6 millió Ft",29.6,53.0,53 m²,2.0,Dombóvár,Panellakás,4,Újszerű,2025-08-17,Távfűtés egyedi méréssel,Nem adta meg a hirdető,,1981,,,,,
https://www.zenga.hu/ingatlan/elado-teglalakas-siofok-aranypart/8600963?page=86&pos=17&cr=15,Siófok eladó téglalakás 2 szobás: 125 millió Ft,125.0,65.0,65 m²,2.0,"Siófok, Aranypart",Téglalakás,3,Újszerű,2025-08-17,Mennyezeti hűtés-fűtés,Nem adta meg a hirdető,,2022,,,,,
https://www.zenga.hu/ingatlan/elado-panellakas-debrecen/8550650?page=86&pos=18&cr=15,"Debrecen eladó panellakás 3 szobás: 52,9 millió Ft",52.9,64.0,64 m²,3.0,Debrecen,Panellakás,,,2025-08-17,Távfűtés egyedi méréssel,Nem adta meg a hirdető,,1976,"2,5 m²",,,,
https://www.zenga.hu/ingatlan/elado-panellakas-dombovar/8600057?page=86&pos=19&cr=15,"Dombóvár eladó panellakás 3 szobás: 33,9 millió Ft",33.9,73.0,73 m²,3.0,Dombóvár,Panellakás,4,Felújított,2025-08-17,Távfűtés egyedi méréssel,Nem adta meg a hirdető,,1982,3 m²,,,,
https://www.zenga.hu/ingatlan/elado-teglalakas-pecs-mecsekoldal-makar/8513302?page=86&pos=20&cr=15,Pécs eladó téglalakás 4 szobás: 125 millió Ft,125.0,93.0,93 m²,4.0,"Pécs, Mecsekoldal",Téglalakás,,Új építésű,2025-08-17,Hőszivattyú,Nem adta meg a hirdető,,2024,5 m²,,,18 m²,
https://www.zenga.hu/ingatlan/elado-teglalakas-siofok-belvaros/8601004?page=87&pos=1&cr=15,Siófok eladó téglalakás 4 szobás: 120 millió Ft,120.0,110.0,110 m²,4.0,"Siófok, Belváros",Téglalakás,2,Új építésű,2025-08-17,Padlófűtés,Nem adta meg a hirdető,,2025,,,,,
https://www.zenga.hu/ingatlan/elado-teglalakas-zalaegerszeg-belvaros/8640940?page=87&pos=2&cr=15,Zalaegerszeg eladó téglalakás 3 szobás: 74 millió Ft,74.0,74.0,74 m²,3.0,"Zalaegerszeg, Belváros",Téglalakás,,Felújított,2025-08-17,Gázkazán,Nem adta meg a hirdető,,2009,,,,,
https://www.zenga.hu/ingatlan/elado-teglalakas-gyor-szabadhegy/8597408?page=87&pos=3&cr=15,"Győr eladó téglalakás 2 szobás: 44,91 millió Ft",44.91,38.0,38 m²,2.0,"Győr, Szabadhegy",Téglalakás,4,Új építésű,2025-08-17,Távfűtés egyedi méréssel,A,,2025,,,,,
https://www.zenga.hu/ingatlan/elado-teglalakas-budapest-ii-kerulet-pasaret/8541903?page=87&pos=4&cr=15,Budapest II. kerület eladó téglalakás 2 szobás: 112 millió Ft,112.0,53.0,53 m²,2.0,"Budapest II. kerület, Pasarét",Téglalakás,,,2025-08-17,Gáz (konvektor),Nem adta meg a hirdető,,1970,"7,4 m²",,,,
https://www.zenga.hu/ingatlan/elado-teglalakas-budapest-xi-kerulet-albertfalva/8623636?page=87&pos=5&cr=15,"Budapest XI. kerület eladó téglalakás 1 szobás: 53,9 millió Ft",53.9,34.0,34 m²,1.0,"Budapest XI. kerület, Albertfalva",Téglalakás,,,2025-08-17,Cserépkályha,Nem adta meg a hirdető,,1968,,,,,
https://www.zenga.hu/ingatlan/elado-teglalakas-debrecen-homokkert/8468625?page=87&pos=6&cr=15,"Debrecen eladó téglalakás 3 szobás: 99,9 millió Ft",99.9,71.0,71 m²,3.0,"Debrecen, Homokkert",Téglalakás,1,Újszerű,2025-08-17,Hőszivattyú,Nem adta meg a hirdető,Van,2019,,,,,
https://www.zenga.hu/ingatlan/elado-teglalakas-siofok-aranypart/8600963?page=87&pos=7&cr=15,Siófok eladó téglalakás 2 szobás: 125 millió Ft,125.0,65.0,65 m²,2.0,"Siófok, Aranypart",Téglalakás,3,Újszerű,2025-08-17,Mennyezeti hűtés-fűtés,Nem adta meg a hirdető,,2022,,,,,
https://www.zenga.hu/ingatlan/elado-panellakas-dombovar/8600064?page=87&pos=8&cr=15,"Dombóvár eladó panellakás 2 szobás: 29,6 millió Ft",29.6,53.0,53 m²,2.0,Dombóvár,Panellakás,4,Újszerű,2025-08-17,Távfűtés egyedi méréssel,Nem adta meg a hirdető,,1981,,,,,
https://www.zenga.hu/ingatlan/elado-panellakas-dombovar/8600057?page=87&pos=9&cr=15,"Dombóvár eladó panellakás 3 szobás: 33,9 millió Ft",33.9,73.0,73 m²,3.0,Dombóvár,Panellakás,4,Felújított,2025-08-17,Távfűtés egyedi méréssel,Nem adta meg a hirdető,,1982,3 m²,,,,
https://www.zenga.hu/ingatlan/elado-teglalakas-debrecen-libakert/8666912?page=87&pos=10&cr=15,"Debrecen eladó téglalakás 2 szobás: 52,5 millió Ft",52.5,55.0,55 m²,2.0,"Debrecen, Libakert",Téglalakás,4,Jó állapotú,2025-08-17,Gáz (konvektor),Nem adta meg a hirdető,,1970,2 m²,,,,
https://www.zenga.hu/ingatlan/elado-csusztatott-zsalus-lakas-heviz/8655686?page=87&pos=11&cr=15,Hévíz eladó csúsztatott zsalus lakás 1+2 fél szobás: 49 millió Ft,49.0,63.0,63 m²,1.0,Hévíz,Csúsztatott zsalus lakás,3,Felújított,2025-08-17,Gázkazán,Nem adta meg a hirdető,,,4 m²,,,,
https://www.zenga.hu/ingatlan/elado-teglalakas-budapest-vi-kerulet-nagykoruton-kivuli-terulet/8665492?page=87&pos=12&cr=15,Budapest VI. kerület eladó téglalakás 1 szobás: 50 millió Ft,50.0,28.0,28 m²,1.0,"Budapest VI. kerület, Nagykörúton kívüli terület",Téglalakás,,,2025-08-17,,,,,,,,,
https://www.zenga.hu/ingatlan/elado-panellakas-budapest-x-kerulet-ujhegy/8646551?page=87&pos=13&cr=15,Budapest X. kerület eladó panellakás 2 szobás: 61 millió Ft,61.0,50.0,50 m²,2.0,"Budapest X. kerület, Újhegy",Panellakás,,Felújított,2025-08-17,Távfűtés,C,,1976,,,,,
https://www.zenga.hu/ingatlan/elado-teglalakas-budapest-xi-kerulet-nadorkert/8513126?page=87&pos=15&cr=15,,,,,,,,,,2025-08-17,,,,,,,,,
https://www.zenga.hu/ingatlan/elado-teglalakas-varpalota/8552971?page=87&pos=17&cr=15,Várpalota eladó téglalakás 2 szobás: 23 millió Ft,23.0,51.0,51 m²,2.0,Várpalota,Téglalakás,,Átlagos,2025-08-17,Távfűtés,Nem adta meg a hirdető,,1970,,,,,
https://www.zenga.hu/ingatlan/elado-csusztatott-zsalus-lakas-debrecen-akademiakert/8662859?page=87&pos=18&cr=15,"Debrecen eladó csúsztatott zsalus lakás 4 szobás: 79,9 millió Ft",79.9,80.0,80 m²,4.0,"Debrecen, Akadémiakert",Csúsztatott zsalus lakás,,Átlagos,2025-08-17,Gázkazán,Nem adta meg a hirdető,,1992,,,,,
https://www.zenga.hu/ingatlan/elado-panellakas-debrecen-tocoskert/8662589?page=87&pos=19&cr=15,,,,,,,,,,2025-08-17,,,,,,,,,
https://www.zenga.hu/ingatlan/elado-teglalakas-cegled/8527231?page=87&pos=20&cr=15,,,,,,,,,,2025-08-17,,,,,,,,,
https://www.zenga.hu/ingatlan/elado-teglalakas-budapest-ix-kerulet-belso-ferencvaros/8351627?page=88&pos=1&cr=15,Budapest IX. kerület eladó téglalakás 2 szobás: 90 millió Ft,90.0,55.0,55 m²,2.0,"Budapest IX. kerület, Belső Ferencváros",Téglalakás,,Jó állapotú,2025-08-17,Gázkazán,Nem adta meg a hirdető,,1930,,,,,
https://www.zenga.hu/ingatlan/elado-teglalakas-bekescsaba-belvaros/8581787?page=88&pos=2&cr=15,,,,,,,,,,2025-08-17,,,,,,,,,
https://www.zenga.hu/ingatlan/elado-teglalakas-budapest-v-kerulet-belvaros/7919233?page=88&pos=3&cr=15,,,,,,,,,,2025-08-17,,,,,,,,,
https://www.zenga.hu/ingatlan/elado-teglalakas-kecskemet/8458076?page=88&pos=4&cr=15,"Kecskemét eladó téglalakás 2 szobás: 69,99 millió Ft",69.99,81.0,81 m²,2.0,Kecskemét,Téglalakás,,Felújított,2025-08-17,Elektromos,Nem adta meg a hirdető,,1985,,,,,
https://www.zenga.hu/ingatlan/elado-teglalakas-budapest-v-kerulet-belvaros/8658117?page=88&pos=6&cr=15,Budapest V. kerület eladó téglalakás 4+1 fél szobás: 399 millió Ft,399.0,185.0,,,,,,,2025-08-17,,,,,,,,,
https://www.zenga.hu/ingatlan/elado-teglalakas-kapuvar-varoskozpont/8657055?page=88&pos=7&cr=15,Kapuvár eladó téglalakás 2 szobás: 39 millió Ft,39.0,76.0,76 m²,2.0,"Kapuvár, Városközpont",Téglalakás,2,Felújítandó,2025-08-17,Egyéb,Nem adta meg a hirdető,,,,,,,
https://www.zenga.hu/ingatlan/elado-teglalakas-balatonfoldvar/8590009?page=88&pos=8&cr=15,Balatonföldvár eladó téglalakás 3 szobás: 79 millió Ft,79.0,71.0,71 m²,3.0,Balatonföldvár,Téglalakás,,Új építésű,2025-08-17,Hőszivattyú,Nem adta meg a hirdető,,2024,,,,,
https://www.zenga.hu/ingatlan/elado-teglalakas-balatonfoldvar/8590008?page=88&pos=9&cr=15,,,,,,,,,,2025-08-17,,,,,,,,,
https://www.zenga.hu/ingatlan/elado-teglalakas-budapest-v-kerulet-lipotvaros/8617953?page=88&pos=10&cr=15,Budapest V. kerület eladó téglalakás 4 szobás: 181 millió Ft,181.0,116.0,116 m²,4.0,"Budapest V. kerület, Lipótváros",Téglalakás,,Felújított,2025-08-17,Egyéb,D,,1910,,,,,
https://www.zenga.hu/ingatlan/elado-teglalakas-budapest-vi-kerulet-nagykoruton-kivuli-terulet/8617950?page=88&pos=11&cr=15,"Budapest VI. kerület eladó téglalakás 4 szobás: 119,99 millió Ft",119.99,117.0,117 m²,4.0,"Budapest VI. kerület, Nagykörúton kívüli terület",Téglalakás,,Jó állapotú,2025-08-17,Gázkazán,D,,1890,,,,,
https://www.zenga.hu/ingatlan/elado-teglalakas-gyor-sziget/8503066?page=88&pos=12&cr=15,Győr eladó téglalakás 3 szobás: 63 millió Ft,63.0,84.0,84 m²,3.0,"Győr, Sziget",Téglalakás,3,Újszerű,2025-08-17,Gázkazán,C,,2008,,,,,
https://www.zenga.hu/ingatlan/elado-teglalakas-mosonmagyarovar/8635200?page=88&pos=13&cr=15,"Mosonmagyaróvár eladó téglalakás 3 szobás: 64,99 millió Ft",64.99,60.0,60 m²,3.0,Mosonmagyaróvár,Téglalakás,,Felújított,2025-08-17,Gázkazán,B,,2013,,,,,
https://www.zenga.hu/ingatlan/elado-egyeb-lakas-bekescsaba/8626197?page=88&pos=14&cr=15,"Békéscsaba eladó egyéb lakás 2 szobás: 37,9 millió Ft",37.9,75.0,75 m²,2.0,Békéscsaba,Egyéb lakás,,Átlagos,2025-08-17,Gáz (konvektor),Nem adta meg a hirdető,,1925,,,,,
https://www.zenga.hu/ingatlan/elado-teglalakas-keszthely/8533930?page=88&pos=15&cr=15,"Keszthely eladó téglalakás 3 szobás: 128,5 millió Ft",128.5,68.0,68 m²,3.0,Keszthely,Téglalakás,3,Újszerű,2025-08-17,Hőszivattyú,A++,,2020,,,,,
https://www.zenga.hu/ingatlan/elado-teglalakas-pecs-budai-varosresz/8642823?page=88&pos=16&cr=15,"Pécs eladó téglalakás 2 szobás: 31,9 millió Ft",31.9,43.0,43 m²,2.0,"Pécs, Budai városrész, Dobó István utca",Téglalakás,4,Jó állapotú,2025-08-17,Távfűtés,D,,,3 m²,,,,25 000 Ft/hó
https://www.zenga.hu/ingatlan/elado-panellakas-dunaujvaros-romai-varosresz/8621676?page=88&pos=17&cr=15,"Dunaújváros eladó panellakás 1+1 fél szobás: 29,99 millió Ft",29.99,46.0,46 m²,1.0,"Dunaújváros, Római városrész, Martinovics Ignác utca",Panellakás,4,Felújított,2025-08-17,Távfűtés egyedi méréssel,Nem adta meg a hirdető,,1975,,,,,
https://www.zenga.hu/ingatlan/elado-csusztatott-zsalus-lakas-budapest-ii-kerulet/7911380?page=88&pos=18&cr=15,Budapest II. kerület eladó csúsztatott zsalus lakás 4 szobás: 450 millió Ft,450.0,138.0,138 m²,4.0,Budapest II. kerület,Csúsztatott zsalus lakás,4,Újszerű,2025-08-17,Hőszivattyú,AA++ (2016-2023-as besorolás),,2023,,,,,
https://www.zenga.hu/ingatlan/elado-panellakas-debrecen-tocoskert/8605884?page=88&pos=19&cr=15,"Debrecen eladó panellakás 4 szobás: 68,5 millió Ft",68.5,74.0,74 m²,4.0,"Debrecen, Tócóskert",Panellakás,5,Felújított,2025-08-17,Távfűtés egyedi méréssel,Nem adta meg a hirdető,,,"2,5 m²",,,,
https://www.zenga.hu/ingatlan/elado-teglalakas-budapest-xiii-kerulet-ujlipotvaros/8643626?page=88&pos=20&cr=15,Budapest XIII. kerület eladó téglalakás 4+1 fél szobás: 139 millió Ft,139.0,131.0,131 m²,4.0,"Budapest XIII. kerület, Újlipótváros, Victor Hugo",Téglalakás,3,Jó állapotú,2025-08-17,Gázkazán,Nem adta meg a hirdető,,1930,5 m²,,,,40 000 Ft/hó
https://www.zenga.hu/ingatlan/elado-teglalakas-budapest-iii-kerulet/8621079?page=89&pos=1&cr=15,"Budapest III. kerület eladó téglalakás 1 szobás: 42,9 millió Ft",42.9,27.0,27 m²,1.0,Budapest III. kerület,Téglalakás,,Felújított,2025-08-17,Elektromos,Nem adta meg a hirdető,,1980,,,,,
https://www.zenga.hu/ingatlan/elado-teglalakas-tatabanya/8549136?page=89&pos=2&cr=15,"Tatabánya eladó téglalakás 2+1 fél szobás: 44,9 millió Ft",44.9,57.0,57 m²,2.0,Tatabánya,Téglalakás,,,2025-08-17,Távfűtés,Nem adta meg a hirdető,,1980,,,,,
https://www.zenga.hu/ingatlan/elado-teglalakas-hodmezovasarhely/8142186?page=89&pos=3&cr=15,Hódmezővásárhely eladó téglalakás 3 szobás: 60 millió Ft,60.0,76.0,76 m²,3.0,Hódmezővásárhely,Téglalakás,3,Felújított,2025-08-17,Gázkazán,Nem adta meg a hirdető,,1997,,,,,
https://www.zenga.hu/ingatlan/elado-teglalakas-tatabanya/8623985?page=89&pos=4&cr=15,"Tatabánya eladó téglalakás 2+1 fél szobás: 44,5 millió Ft",44.5,56.0,56 m²,2.0,Tatabánya,Téglalakás,,,2025-08-17,Távfűtés,Nem adta meg a hirdető,,1970,,,,,
https://www.zenga.hu/ingatlan/elado-tarsashazi-lakas-fonyod-kertvaros/8188684?page=89&pos=5&cr=15,Fonyód eladó társasházi lakás 6 szobás: 88 millió Ft,88.0,162.0,162 m²,6.0,"Fonyód, Kertváros",Társasházi lakás,1,Átlagos,2025-08-17,Kandalló,GG (2016-2023-as besorolás),,1970,,,,,
https://www.zenga.hu/ingatlan/elado-teglalakas-kazincbarcika-belvaros/8584391?page=89&pos=6&cr=15,"Kazincbarcika eladó téglalakás 1 szobás: 17,9 millió Ft",17.9,37.0,37 m²,1.0,"Kazincbarcika, Belváros",Téglalakás,4,Újszerű,2025-08-17,Gázkazán,Nem adta meg a hirdető,,,,,,,
https://www.zenga.hu/ingatlan/elado-teglalakas-fonyod/8188685?page=89&pos=7&cr=15,Fonyód eladó téglalakás 3 szobás: 47 millió Ft,47.0,67.0,67 m²,3.0,Fonyód,Téglalakás,1,Átlagos,2025-08-17,Kandalló,G,,,,,,,
https://www.zenga.hu/ingatlan/elado-teglalakas-kecskemet-mariavaros/8476782?page=89&pos=8&cr=15,"Eladó 1 szobás téglalakás 50,1 millió Ft értékben Kecskeméten - LEVENDULA lakópark lakóparkban",50.1,33.0,33 m²,1.0,"Kecskemét, Máriaváros, Bakócz Tamás utca 1.",Téglalakás,4,Új építésű,2025-08-17,Hőszivattyú,A++,Van,,,,2026. 2. negyedév,"8,8 m²",
https://www.zenga.hu/ingatlan/elado-teglalakas-kecskemet-mariavaros/8476766?page=89&pos=9&cr=15,"Eladó 3 szobás téglalakás 82,6 millió Ft értékben Kecskeméten - LEVENDULA lakópark lakóparkban",82.6,61.0,61 m²,3.0,"Kecskemét, Máriaváros, Bakócz Tamás utca 1.",Téglalakás,4,Új építésű,2025-08-17,Hőszivattyú,A++,Van,,"7,8 m²",,2026. 2. negyedév,,
https://www.zenga.hu/ingatlan/elado-teglalakas-pecs-uranvaros/8642819?page=89&pos=10&cr=15,Pécs eladó téglalakás 3 szobás: 43 millió Ft,43.0,61.0,61 m²,3.0,"Pécs, Uránváros, Esztergár Lajos utca",Téglalakás,8,Jó állapotú,2025-08-17,Távfűtés,D,,,3 m²,,,,25 000 Ft/hó
https://www.zenga.hu/ingatlan/elado-teglalakas-kecskemet-mariavaros/8476799?page=89&pos=11&cr=15,"Eladó 2 szobás téglalakás 76,8 millió Ft értékben Kecskeméten - LEVENDULA lakópark lakóparkban",76.8,50.0,50 m²,2.0,"Kecskemét, Máriaváros, Bakócz Tamás utca 1.",Téglalakás,4,Új építésű,2025-08-17,Hőszivattyú,A++,Van,,,,2026. 2. negyedév,"21,6 m²",
https://www.zenga.hu/ingatlan/elado-teglalakas-bekes/7669365?page=89&pos=12&cr=15,Békés eladó téglalakás 3 szobás: 20 millió Ft,20.0,71.0,71 m²,3.0,Békés,Téglalakás,4,Átlagos,2025-08-17,Házközponti,G,,1970,,,,,
https://www.zenga.hu/ingatlan/elado-teglalakas-kecskemet-mariavaros/8476770?page=89&pos=13&cr=15,"Eladó 3 szobás téglalakás 76,6 millió Ft értékben Kecskeméten - LEVENDULA lakópark lakóparkban",76.6,55.0,55 m²,3.0,"Kecskemét, Máriaváros, Bakócz Tamás utca 1.",Téglalakás,4,Új építésű,2025-08-17,Hőszivattyú,A++,Van,,,,2026. 2. negyedév,"7,8 m²",
https://www.zenga.hu/ingatlan/elado-tarsashazi-lakas-zalaegerszeg-kertvaros/8577287?page=89&pos=14&cr=15,"Zalaegerszeg eladó társasházi lakás 1+2 fél szobás: 36,5 millió Ft",36.5,60.0,60 m²,1.0,"Zalaegerszeg, Kertváros",Társasházi lakás,10,Jó állapotú,2025-08-17,Házközponti fűtés egyedi méréssel,E,,1982,,,,,
https://www.zenga.hu/ingatlan/elado-teglalakas-retsag/8606417?page=89&pos=15&cr=15,"Rétság eladó téglalakás 2 szobás: 49,9 millió Ft",49.9,49.0,49 m²,2.0,Rétság,Téglalakás,,Újszerű,2025-08-17,Hőszivattyú,Nem adta meg a hirdető,,2025,,,,,
https://www.zenga.hu/ingatlan/elado-teglalakas-budapest-ix-kerulet/8562492?page=89&pos=16&cr=15,Budapest IX. kerület eladó téglalakás 1 szobás: 59 millió Ft,,,,,,,,,2025-08-17,,,,,,,,,
https://www.zenga.hu/ingatlan/elado-teglalakas-budapest-ix-kerulet/8515847?page=89&pos=17&cr=15,"Budapest IX. kerület eladó téglalakás 1 szobás: 42,9 millió Ft",42.9,27.0,27 m²,1.0,Budapest IX. kerület,Téglalakás,,Jó állapotú,2025-08-17,Gáz (konvektor),Nem adta meg a hirdető,,1909,,,,,
https://www.zenga.hu/ingatlan/elado-teglalakas-vecses/8546134?page=89&pos=18&cr=15,Vecsés eladó téglalakás 3+1 fél szobás: 73 millió Ft,73.0,62.0,62 m²,3.0,Vecsés,Téglalakás,,Felújított,2025-08-17,Gázkazán,F,,2006,,,,,
https://www.zenga.hu/ingatlan/elado-teglalakas-budapest-xi-kerulet-lagymanyos/8619352?page=89&pos=19&cr=15,"Budapest XI. kerület eladó téglalakás 2 szobás: 61,5 millió Ft",61.5,41.0,41 m²,2.0,"Budapest XI. kerület, Lágymányos",Téglalakás,8,Átlagos,2025-08-17,Távfűtés,Nem adta meg a hirdető,,,,,,,
https://www.zenga.hu/ingatlan/elado-teglalakas-pecs-ispitaalja/8631805?page=89&pos=20&cr=15,Pécs eladó téglalakás 2 szobás: 49 millió Ft,49.0,60.0,60 m²,2.0,"Pécs, Ispitaalja",Téglalakás,4,Felújított,2025-08-17,Gáz (konvektor),Nem adta meg a hirdető,,,,,,,
https://www.zenga.hu/ingatlan/elado-teglalakas-budapest-xi-kerulet-lagymanyos/8619352?page=90&pos=1&cr=15,"Budapest XI. kerület eladó téglalakás 2 szobás: 61,5 millió Ft",61.5,41.0,41 m²,2.0,"Budapest XI. kerület, Lágymányos",,,,2025-08-17,,,,,,,,,
https://www.zenga.hu/ingatlan/elado-teglalakas-budapest-iv-kerulet-ujpest/8625427?page=90&pos=2&cr=15,"Budapest IV. kerület eladó téglalakás 3 szobás: 78,5 millió Ft",78.5,70.0,70 m²,3.0,"Budapest IV. kerület, Újpest",,,,2025-08-17,,,,,,,,,
https://www.zenga.hu/ingatlan/elado-teglalakas-tiszaujvaros/8616364?page=90&pos=4&cr=15,"Tiszaújváros eladó téglalakás 2+1 fél szobás: 27,9 millió Ft",27.9,58.0,58 m²,2.0,"Tiszaújváros, Bartók Béla",Téglalakás,3,Átlagos,2025-08-17,Távfűtés,Nem adta meg a hirdető,,1960,2 m²,,,,
https://www.zenga.hu/ingatlan/elado-teglalakas-nagycenk/8606827?page=90&pos=5&cr=15,"Nagycenk eladó téglalakás 2 szobás: 51,3 millió Ft",51.3,63.0,63 m²,2.0,Nagycenk,Téglalakás,2,Újszerű,2025-08-17,Gázkazán,Nem adta meg a hirdető,,2019,,,,,
https://www.zenga.hu/ingatlan/elado-teglalakas-csorna/8549355?page=90&pos=6&cr=15,"Csorna eladó téglalakás 2 szobás: 36,99 millió Ft",36.99,58.0,58 m²,2.0,Csorna,Téglalakás,4,Felújított,2025-08-17,Gázkazán,Nem adta meg a hirdető,,,,,,,
https://www.zenga.hu/ingatlan/elado-teglalakas-veszprem-bakonyalja/8567114?page=90&pos=7&cr=15,"Veszprém eladó téglalakás 1+1 fél szobás: 63,8 millió Ft",63.8,51.0,51 m²,1.0,"Veszprém, Bakonyalja, Vécsey Károly utca",Téglalakás,3,Jó állapotú,2025-08-17,Gázkazán,Nem adta meg a hirdető,Nincs,2001,,,,5 m²,30 000 Ft/hó
https://www.zenga.hu/ingatlan/elado-teglalakas-budapest-vii-kerulet-nagykoruton-beluli-terulet/8567125?page=90&pos=8&cr=15,,,,,,,,,,2025-08-17,,,,,,,,,
https://www.zenga.hu/ingatlan/elado-teglalakas-mosonmagyarovar/8555854?page=90&pos=9&cr=15,"Mosonmagyaróvár eladó téglalakás 3 szobás: 67,75 millió Ft",67.75,55.0,55 m²,3.0,Mosonmagyaróvár,Téglalakás,4,Újszerű,2025-08-17,Hőszivattyú,Nem adta meg a hirdető,,2022,,,,30 m²,
https://www.zenga.hu/ingatlan/elado-teglalakas-eger-belvaros/8543801?page=90&pos=10&cr=15,"Eger eladó téglalakás 2+1 fél szobás: 55,9 millió Ft",55.9,60.0,60 m²,2.0,"Eger, Belváros",Téglalakás,5,Jó állapotú,2025-08-17,Gáz (konvektor),Nem adta meg a hirdető,,1950,8 m²,,,,
https://www.zenga.hu/ingatlan/elado-teglalakas-kaposszekcso-liget-lakotelep/8516962?page=90&pos=11&cr=15,Kaposszekcső eladó téglalakás 1+1 fél szobás: 18 millió Ft,18.0,42.0,42 m²,1.0,"Kaposszekcső, Liget lakótelep",Téglalakás,5,Felújított,2025-08-17,Egyéb,Nem adta meg a hirdető,,1985,,,,,15 000 Ft/hó
https://www.zenga.hu/ingatlan/elado-teglalakas-balatonszemes/7727228?page=90&pos=12&cr=15,"Eladó 3 szobás téglalakás 132,9 millió Ft értékben Balatonszemesen - Szemespart III lakóparkban",132.9,62.0,62 m²,3.0,"Balatonszemes, Ady E. utca 6.",Téglalakás,4,Új építésű,2025-08-17,Egyéb,BB (2016-2023-as besorolás),,2024,,,2024. 4. negyedév,,
https://www.zenga.hu/ingatlan/elado-panellakas-debrecen-tocoskert/8442737?page=90&pos=13&cr=15,"Debrecen eladó panellakás 2+1 fél szobás: 59,9 millió Ft",59.9,65.0,65 m²,2.0,"Debrecen, Tócóskert",Panellakás,5,Jó állapotú,2025-08-17,Távfűtés,Nem adta meg a hirdető,,,3 m²,,,,
https://www.zenga.hu/ingatlan/elado-teglalakas-fonyod/8466918?page=90&pos=14&cr=15,Fonyód eladó téglalakás 2 szobás: 85 millió Ft,85.0,79.0,79 m²,2.0,Fonyód,Téglalakás,5,Jó állapotú,2025-08-17,Gázkazán,Nem adta meg a hirdető,,2005,,,,,
https://www.zenga.hu/ingatlan/elado-teglalakas-budapest-vii-kerulet-nagykoruton-kivuli-terulet/8460307?page=90&pos=15&cr=15,"Budapest VII. kerület eladó téglalakás 3 szobás: 136,9 millió Ft",136.9,78.0,78 m²,3.0,"Budapest VII. kerület, Külső-Erzsébetváros",Téglalakás,5,Újszerű,2025-08-17,Hőszivattyú,Nem adta meg a hirdető,,2020,1 m²,,,,
https://www.zenga.hu/ingatlan/elado-teglalakas-szekesfehervar-maroshegy/8639450?page=90&pos=16&cr=14,"Székesfehérvár eladó téglalakás 2 szobás: 44,8 millió Ft",44.8,54.0,54 m²,2.0,"Székesfehérvár, Maroshegy, Rádió utca",Téglalakás,5,Felújított,2025-08-17,Gáz (konvektor),Nem adta meg a hirdető,,1974,,,,,
https://www.zenga.hu/ingatlan/elado-panellakas-budapest-x-kerulet/8612507?page=90&pos=17&cr=14,,,,,,,,,,2025-08-17,,,,,,,,,
https://www.zenga.hu/ingatlan/elado-panellakas-debrecen-belvaros/8663779?page=90&pos=18&cr=14,Debrecen eladó panellakás 3 szobás: 61 millió Ft,61.0,60.0,60 m²,3.0,"Debrecen, Belváros",Panellakás,10,Felújított,2025-08-17,Távfűtés egyedi méréssel,E,,,2 m²,,,,
https://www.zenga.hu/ingatlan/elado-teglalakas-budapest-x-kerulet/8612510?page=90&pos=19&cr=14,"Budapest X. kerület eladó téglalakás 3 szobás: 71,5 millió Ft",71.5,74.0,74 m²,3.0,Budapest X. kerület,Téglalakás,,,2025-08-17,,,,,,,,,
https://www.zenga.hu/ingatlan/elado-teglalakas-sopron-kurucdomb/8625350?page=90&pos=20&cr=14,"Sopron eladó téglalakás 3+1 fél szobás: 96,45 millió Ft",96.45,82.0,82 m²,3.0,"Sopron, Kurucdomb",Téglalakás,3,Új építésű,2025-08-17,Geotermikus,A+,,2025,14 m²,,,,
https://www.zenga.hu/ingatlan/elado-teglalakas-fot/8588811?page=91&pos=1&cr=14,"Fót eladó téglalakás 3 szobás: 84,97 millió Ft",84.97,88.0,88 m²,3.0,Fót,Téglalakás,,Felújított,2025-08-17,Gázkazán,Nem adta meg a hirdető,,2003,,,,,
https://www.zenga.hu/ingatlan/elado-teglalakas-miskolc-zsolcai-kapu/8659850?page=91&pos=2&cr=14,"Miskolc eladó téglalakás 2 szobás: 35,9 millió Ft",35.9,71.0,71 m²,2.0,"Miskolc, Zsolcai kapu, Soltész Nagy Kálmán",Téglalakás,4,Jó állapotú,2025-08-17,Gáz (konvektor),Nem adta meg a hirdető,,1960,,,,,
https://www.zenga.hu/ingatlan/elado-teglalakas-urom/8588810?page=91&pos=3&cr=14,"Üröm eladó téglalakás 5 szobás: 249,8 millió Ft",249.8,146.0,146 m²,5.0,Üröm,Téglalakás,,Új építésű,2025-08-17,Egyéb,Nem adta meg a hirdető,,2023,,,,,
https://www.zenga.hu/ingatlan/elado-teglalakas-sopron-belvaros/8636834?page=91&pos=4&cr=14,"Sopron eladó téglalakás 3 szobás: 49,9 millió Ft",49.9,51.0,51 m²,3.0,"Sopron, Belváros, Balfi út",Téglalakás,1,Felújított,2025-08-17,Gázkazán,Nem adta meg a hirdető,,,,,,20 m²,
https://www.zenga.hu/ingatlan/elado-teglalakas-szombathely/8645239?page=91&pos=5&cr=14,"Szombathely eladó téglalakás 3 szobás: 59,99 millió Ft",59.99,59.0,59 m²,3.0,Szombathely,Téglalakás,5,Újszerű,2025-08-17,Gázkazán,Nem adta meg a hirdető,,2006,"2,8 m²",,,,
https://www.zenga.hu/ingatlan/elado-tarsashazi-lakas-satoraljaujhely/8501036?page=91&pos=6&cr=14,"Sátoraljaújhely eladó társasházi lakás 7 szobás: 58,99 millió Ft",58.99,241.0,241 m²,7.0,Sátoraljaújhely,Társasházi lakás,2,Jó állapotú,2025-08-17,Gázkazán,Nem adta meg a hirdető,,,,,,,
https://www.zenga.hu/ingatlan/elado-teglalakas-pecs-belvaros/8627410?page=91&pos=7&cr=14,"Pécs eladó téglalakás 2 szobás: 50,7 millió Ft",50.7,44.0,44 m²,2.0,"Pécs, Belváros",Téglalakás,4,Új építésű,2025-08-17,Hőszivattyú,Nem adta meg a hirdető,,2025,,,,,
https://www.zenga.hu/ingatlan/elado-teglalakas-pecs-balokany/8497021?page=91&pos=8&cr=14,Pécs eladó téglalakás 7 szobás: 66 millió Ft,66.0,93.0,93 m²,7.0,"Pécs, Balokány",Téglalakás,2,Jó állapotú,2025-08-17,Távfűtés egyedi méréssel,Nem adta meg a hirdető,,1987,,,,,
https://www.zenga.hu/ingatlan/elado-teglalakas-budapest-iv-kerulet/8636326?page=91&pos=9&cr=14,"Budapest IV. kerület eladó téglalakás 2 szobás: 46,9 millió Ft",46.9,43.0,43 m²,2.0,"Budapest IV. kerület, Berzevicky Gergely utca",Téglalakás,1,Átlagos,2025-08-17,Gáz (konvektor),Nem adta meg a hirdető,,,,,,,
https://www.zenga.hu/ingatlan/elado-teglalakas-pecs-belvaros/8510054?page=91&pos=10&cr=14,Pécs eladó téglalakás 3 szobás: 89 millió Ft,89.0,115.0,115 m²,3.0,"Pécs, Belváros, Kazinczy",Téglalakás,2,Újszerű,2025-08-17,Gázkazán,Nem adta meg a hirdető,,1950,,,,,
https://www.zenga.hu/ingatlan/elado-teglalakas-budapest-vi-kerulet/8648517?page=91&pos=11&cr=14,"Budapest VI. kerület eladó téglalakás 2 szobás: 79,9 millió Ft",79.9,,,,,,,,2025-08-17,,,,,,,,,
https://www.zenga.hu/ingatlan/elado-panellakas-miskolc-avas/8578829?page=91&pos=12&cr=14,"Miskolc eladó panellakás 2 szobás: 23,7 millió Ft",23.7,44.0,44 m²,2.0,"Miskolc, Avas, Felsőruzsin",Panellakás,10,Jó állapotú,2025-08-17,Távfűtés egyedi méréssel,Nem adta meg a hirdető,,1980,,,,,
https://www.zenga.hu/ingatlan/elado-panellakas-pecs-kertvaros/8468591?page=91&pos=13&cr=14,"Pécs eladó panellakás 2 szobás: 38,49 millió Ft",38.49,54.0,54 m²,2.0,"Pécs, Kertváros",Panellakás,10,Jó állapotú,2025-08-17,Távfűtés egyedi méréssel,Nem adta meg a hirdető,,,,,,,
https://www.zenga.hu/ingatlan/elado-teglalakas-pecs-kertvaros/8466457?page=91&pos=14&cr=14,,,,,,,,,,2025-08-17,,,,,,,,,
https://www.zenga.hu/ingatlan/elado-teglalakas-budapest-vi-kerulet/8605240?page=91&pos=15&cr=14,,,,,,,,,,2025-08-17,,,,,,,,,
https://www.zenga.hu/ingatlan/elado-teglalakas-bekescsaba-belvaros/8580589?page=91&pos=16&cr=14,"Békéscsaba eladó téglalakás 1 szobás: 21,2 millió Ft",21.2,30.0,30 m²,1.0,"Békéscsaba, Belváros, Dózsa György utca",Téglalakás,5,Átlagos,2025-08-17,Gáz (konvektor),Nem adta meg a hirdető,,1985,,,,,
https://www.zenga.hu/ingatlan/elado-panellakas-bekescsaba-belvaros/8540643?page=91&pos=17&cr=14,"Békéscsaba eladó panellakás 2+1 fél szobás: 39,5 millió Ft",39.5,62.0,62 m²,2.0,"Békéscsaba, Belváros",Panellakás,3,Felújított,2025-08-17,Gázkazán,Nem adta meg a hirdető,,1992,,,,,
https://www.zenga.hu/ingatlan/elado-tarsashazi-lakas-pecs-piricsizma/8450329?page=91&pos=18&cr=14,Pécs eladó társasházi lakás 3 szobás: 78 millió Ft,78.0,68.0,68 m²,3.0,"Pécs, Piricsizma",Társasházi lakás,1,Új építésű,2025-08-17,Elektromos,Nem adta meg a hirdető,Van,2025,,,,,
https://www.zenga.hu/ingatlan/elado-panellakas-bekescsaba-belvaros/8634554?page=91&pos=19&cr=14,Békéscsaba eladó panellakás 1 szobás: 28 millió Ft,28.0,39.0,39 m²,1.0,"Békéscsaba, Belváros",Panellakás,4,Átlagos,2025-08-17,Gázkazán,Nem adta meg a hirdető,,,,,,,
https://www.zenga.hu/ingatlan/elado-teglalakas-miskolc/8645240?page=91&pos=20&cr=14,"Miskolc eladó téglalakás 2+1 fél szobás: 32,5 millió Ft",32.5,52.0,52 m²,2.0,"Miskolc, Munkás",Téglalakás,4,Felújított,2025-08-17,,,,,,,,,
https://www.zenga.hu/ingatlan/elado-teglalakas-budapest-vi-kerulet/8648517?page=92&pos=1&cr=14,"Budapest VI. kerület eladó téglalakás 2 szobás: 79,9 millió Ft",79.9,55.0,55 m²,2.0,"Budapest VI. kerület, Jókai utca",Téglalakás,3,Felújított,2025-08-17,Gázkazán,Nem adta meg a hirdető,,,,,,,
https://www.zenga.hu/ingatlan/elado-teglalakas-pecs-egyetemvaros/8508683?page=92&pos=2&cr=14,Pécs eladó téglalakás 3 szobás: 93 millió Ft,93.0,80.0,80 m²,3.0,"Pécs, Egyetemváros",Téglalakás,2,Új építésű,2025-08-17,Hőszivattyú,Nem adta meg a hirdető,,2025,,,,"23,3 m²",
https://www.zenga.hu/ingatlan/elado-teglalakas-sopron-belvaros/8636834?page=92&pos=3&cr=14,"Sopron eladó téglalakás 3 szobás: 49,9 millió Ft",49.9,51.0,51 m²,3.0,"Sopron, Belváros, Balfi út",Téglalakás,1,Felújított,2025-08-17,Gázkazán,Nem adta meg a hirdető,,,,,,20 m²,
https://www.zenga.hu/ingatlan/elado-teglalakas-pecs-belvaros/8504262?page=92&pos=4&cr=14,"Pécs eladó téglalakás 2+2 fél szobás: 67,99 millió Ft",67.99,88.0,88 m²,2.0,"Pécs, Belváros",Téglalakás,1,Újszerű,2025-08-17,Gázkazán,Nem adta meg a hirdető,,1965,,,,,
https://www.zenga.hu/ingatlan/elado-panellakas-bekescsaba-belvaros/8634554?page=92&pos=5&cr=14,Békéscsaba eladó panellakás 1 szobás: 28 millió Ft,28.0,39.0,39 m²,1.0,"Békéscsaba, Belváros",Panellakás,4,Átlagos,2025-08-17,Gázkazán,Nem adta meg a hirdető,,,,,,,
https://www.zenga.hu/ingatlan/elado-panellakas-miskolc/8636833?page=92&pos=6&cr=14,"Miskolc eladó panellakás 2 szobás: 33,7 millió Ft",,,,,,,,,2025-08-17,,,,,,,,,
https://www.zenga.hu/ingatlan/elado-teglalakas-szombathely/8645239?page=92&pos=7&cr=14,"Szombathely eladó téglalakás 3 szobás: 59,99 millió Ft",59.99,59.0,59 m²,3.0,Szombathely,Téglalakás,5,Újszerű,2025-08-17,Gázkazán,Nem adta meg a hirdető,,2006,"2,8 m²",,,,
https://www.zenga.hu/ingatlan/elado-teglalakas-budapest-iv-kerulet/8636326?page=92&pos=8&cr=14,"Budapest IV. kerület eladó téglalakás 2 szobás: 46,9 millió Ft",46.9,43.0,43 m²,2.0,"Budapest IV. kerület, Berzevicky Gergely utca",Téglalakás,1,Átlagos,2025-08-17,Gáz (konvektor),Nem adta meg a hirdető,,,,,,,
https://www.zenga.hu/ingatlan/elado-teglalakas-pecs-egyetemvaros/8626673?page=92&pos=9&cr=14,"Pécs eladó téglalakás 4 szobás: 101,5 millió Ft",101.5,81.0,81 m²,4.0,"Pécs, Egyetemváros, Tiborc",Téglalakás,2,Új építésű,2025-08-17,Hőszivattyú,Nem adta meg a hirdető,,2025,,,,,
https://www.zenga.hu/ingatlan/elado-teglalakas-satoraljaujhely/8495923?page=92&pos=10&cr=14,"Sátoraljaújhely eladó téglalakás 4 szobás: 28,99 millió Ft",28.99,100.0,100 m²,4.0,Sátoraljaújhely,Téglalakás,2,Újszerű,2025-08-17,Elektromos,Nem adta meg a hirdető,,,,,,,
https://www.zenga.hu/ingatlan/elado-teglalakas-miskolc/8645240?page=92&pos=11&cr=14,"Miskolc eladó téglalakás 2+1 fél szobás: 32,5 millió Ft",32.5,52.0,52 m²,2.0,"Miskolc, Munkás",Téglalakás,4,Felújított,2025-08-17,Gáz (konvektor),Nem adta meg a hirdető,,1970,4 m²,,,,
https://www.zenga.hu/ingatlan/elado-teglalakas-fuzesgyarmat/8602212?page=92&pos=13&cr=14,Füzesgyarmat eladó téglalakás 4 szobás: 35 millió Ft,35.0,118.0,118 m²,4.0,Füzesgyarmat,Téglalakás,4,Jó állapotú,2025-08-17,Gázkazán,Nem adta meg a hirdető,,1988,,,,,
https://www.zenga.hu/ingatlan/elado-teglalakas-budapest-xi-kerulet-sashegy-xi-ker/8588839?page=92&pos=15&cr=14,"Budapest XI. kerület eladó téglalakás 3 szobás: 558,6 millió Ft",558.6,125.0,125 m²,3.0,"Budapest XI. kerület, Sashegy XI. ker",Téglalakás,,Új építésű,2025-08-17,Hőszivattyú,A+,,2023,,,,,
https://www.zenga.hu/ingatlan/elado-csusztatott-zsalus-lakas-budapest-xv-kerulet-rakospalota/8624913?page=92&pos=16&cr=14,"Budapest XV. kerület eladó csúsztatott zsalus lakás 3 szobás: 78,9 millió Ft",78.9,67.0,67 m²,3.0,"Budapest XV. kerület, Rákospalota",Csúsztatott zsalus lakás,,Jó állapotú,2025-08-17,Házközponti,Nem adta meg a hirdető,,1991,,,,,
https://www.zenga.hu/ingatlan/elado-teglalakas-budapest-iii-kerulet/8550924?page=92&pos=18&cr=14,Budapest III. kerület eladó téglalakás 2 szobás: 117 millió Ft,117.0,65.0,65 m²,2.0,Budapest III. kerület,Téglalakás,1,Új építésű,2025-08-17,Hőszivattyú,Nem adta meg a hirdető,,2025,,,,25 m²,
https://www.zenga.hu/ingatlan/elado-teglalakas-budapest-ii-kerulet-orszagut/8669424?page=92&pos=19&cr=13,,,,,,,,,,2025-08-17,,,,,,,,,
https://www.zenga.hu/ingatlan/elado-teglalakas-nemesvamos/8600883?page=93&pos=1&cr=13,Nemesvámos eladó téglalakás 2 szobás: 63 millió Ft,63.0,53.0,53 m²,2.0,Nemesvámos,Téglalakás,,Új építésű,2025-08-17,Hőszivattyú,Nem adta meg a hirdető,,2024,,,,,
https://www.zenga.hu/ingatlan/elado-teglalakas-kecskemet/8593349?page=93&pos=2&cr=13,"Kecskemét eladó téglalakás 2 szobás: 74,9 millió Ft",74.9,51.0,51 m²,2.0,Kecskemét,Téglalakás,,Újszerű,2025-08-17,Hőszivattyú,A++,,2022,,,,,
https://www.zenga.hu/ingatlan/elado-teglalakas-dunaujvaros-belvaros/8648420?page=93&pos=3&cr=13,"Dunaújváros eladó téglalakás 1 szobás: 26,5 millió Ft",26.5,39.0,39 m²,1.0,"Dunaújváros, Belváros",Téglalakás,4,Átlagos,2025-08-17,Távfűtés egyedi méréssel,Nem adta meg a hirdető,,1965,,,,,
https://www.zenga.hu/ingatlan/elado-teglalakas-budapest-xii-kerulet-krisztinavaros-xii-ker/8603603?page=93&pos=4&cr=13,"Budapest XII. kerület eladó téglalakás 4 szobás: 199,7 millió Ft",199.7,93.0,93 m²,4.0,"Budapest XII. kerület, Krisztinaváros XII. ker.",Téglalakás,4,Újszerű,2025-08-17,Gázkazán,C,,1937,,,,,
https://www.zenga.hu/ingatlan/elado-teglalakas-budapest-xii-kerulet-martonhegy/8540511?page=93&pos=5&cr=13,Budapest XII. kerület eladó téglalakás 3 szobás: 169 millió Ft,169.0,83.0,83 m²,3.0,"Budapest XII. kerület, Mártonhegy",Téglalakás,3,Felújított,2025-08-17,Házközponti fűtés egyedi méréssel,Nem adta meg a hirdető,,1999,,,,,
https://www.zenga.hu/ingatlan/elado-teglalakas-zalaegerszeg/8564229?page=93&pos=6&cr=13,"Zalaegerszeg eladó téglalakás 2 szobás: 29,5 millió Ft",29.5,55.0,55 m²,2.0,Zalaegerszeg,Téglalakás,,Átlagos,2025-08-17,Gáz (konvektor),Nem adta meg a hirdető,,1965,,,,,
https://www.zenga.hu/ingatlan/elado-teglalakas-budapest-ii-kerulet-szemlohegy/8515357?page=93&pos=7&cr=13,Budapest II. kerület eladó téglalakás 4 szobás: 380 millió Ft,380.0,121.0,121 m²,4.0,"Budapest II. kerület, Szemlőhegy",Téglalakás,,Újszerű,2025-08-17,Hőszivattyú,A+,,2020,,,,,
https://www.zenga.hu/ingatlan/elado-teglalakas-budapest-i-kerulet-naphegy/8424140?page=93&pos=8&cr=13,"Budapest I. kerület eladó téglalakás 1 szobás: 45,9 millió Ft",45.9,27.0,27 m²,1.0,"Budapest I. kerület, Naphegy, Aladár utca",Téglalakás,3,Felújított,2025-08-17,Gáz (konvektor),Nem adta meg a hirdető,,,,,,,
https://www.zenga.hu/ingatlan/elado-tarsashazi-lakas-tata-ovaros/8670093?page=93&pos=9&cr=12,"Tata eladó társasházi lakás 3 szobás: 49,9 millió Ft",49.9,65.0,65 m²,3.0,"Tata, Óváros",Társasházi lakás,1,Felújított,2025-08-17,Elektromos,F,Van,,,,,,
https://www.zenga.hu/ingatlan/elado-tarsashazi-lakas-tata-ovaros/8670076?page=93&pos=10&cr=12,"Tata eladó társasházi lakás 2 szobás: 45,9 millió Ft",45.9,52.0,52 m²,2.0,"Tata, Óváros",Társasházi lakás,1,Felújított,2025-08-17,Gázkazán,F,,,,,,,
https://www.zenga.hu/ingatlan/elado-teglalakas-dombovar/8600041?page=93&pos=11&cr=12,"Dombóvár eladó téglalakás 1+2 fél szobás: 45,5 millió Ft",45.5,59.0,59 m²,1.0,Dombóvár,Téglalakás,2,Újszerű,2025-08-17,Gázkazán,Nem adta meg a hirdető,,2008,3 m²,,,,
https://www.zenga.hu/ingatlan/elado-teglalakas-dunaujvaros-belvaros/8545117?page=93&pos=12&cr=12,"Dunaújváros eladó téglalakás 2 szobás: 34,7 millió Ft",34.7,53.0,53 m²,2.0,"Dunaújváros, Belváros",Téglalakás,4,Átlagos,2025-08-17,Távfűtés egyedi méréssel,Nem adta meg a hirdető,,1965,,,,,
https://www.zenga.hu/ingatlan/elado-teglalakas-budapest-ix-kerulet-rehabilitacios-terulet-ix-/8387467?page=93&pos=15&cr=12,"Budapest IX. kerület eladó téglalakás 1+1 fél szobás: 64,4 millió Ft",64.4,39.0,39 m²,1.0,"Budapest IX. kerület, Rehabilitációs terület IX. ker.",Téglalakás,5,Újszerű,2025-08-17,Házközponti fűtés egyedi méréssel,B,,2017,,,,,
https://www.zenga.hu/ingatlan/elado-teglalakas-budapest-iv-kerulet/8604971?page=93&pos=17&cr=12,"Budapest IV. kerület eladó téglalakás 3 szobás: 103,94 millió Ft",103.94,75.0,75 m²,3.0,Budapest IV. kerület,Téglalakás,,Új építésű,2025-08-17,Geotermikus,Nem adta meg a hirdető,,2024,,,,,
https://www.zenga.hu/ingatlan/elado-panellakas-dunaujvaros-romai-varosresz/8634446?page=93&pos=18&cr=12,"Dunaújváros eladó panellakás 1 szobás: 22,5 millió Ft",22.5,36.0,36 m²,1.0,"Dunaújváros, Római városrész",Panellakás,7,Átlagos,2025-08-17,Távfűtés,Nem adta meg a hirdető,,1975,,,,,
https://www.zenga.hu/ingatlan/elado-teglalakas-dunaujvaros-kertvaros/8223585?page=93&pos=19&cr=12,"Dunaújváros eladó téglalakás 1+1 fél szobás: 22,99 millió Ft",22.99,46.0,46 m²,1.0,"Dunaújváros, Kertváros",Téglalakás,3,Átlagos,2025-08-17,Elektromos,Nem adta meg a hirdető,,1966,,,,,
https://www.zenga.hu/ingatlan/elado-panellakas-dunaujvaros-belvaros/8537308?page=93&pos=20&cr=12,"Dunaújváros eladó panellakás 2 szobás: 25,5 millió Ft",25.5,52.0,52 m²,2.0,"Dunaújváros, Belváros",Panellakás,10,Felújítandó,2025-08-17,Távfűtés egyedi méréssel,Nem adta meg a hirdető,,1970,,,,,
https://www.zenga.hu/ingatlan/elado-teglalakas-budapest-xiii-kerulet-vizafogo/8328382?page=94&pos=1&cr=12,Budapest XIII. kerület eladó téglalakás 3 szobás: 138 millió Ft,138.0,69.0,69 m²,3.0,"Budapest XIII. kerület, Vizafogó",Téglalakás,,Újszerű,2025-08-17,Házközponti fűtés egyedi méréssel,Nem adta meg a hirdető,,2020,,,,,
https://www.zenga.hu/ingatlan/elado-teglalakas-budapest-xiii-kerulet/8542436?page=94&pos=2&cr=12,,,,,,,,,,2025-08-17,,,,,,,,,
https://www.zenga.hu/ingatlan/elado-teglalakas-budapest-iii-kerulet-harmashatarhegy/8633856?page=94&pos=3&cr=12,Budapest III. kerület eladó téglalakás 4 szobás: 239 millió Ft,239.0,121.0,121 m²,4.0,"Budapest III. kerület, Hármashatárhegy",Téglalakás,,Felújított,2025-08-17,Gázkazán,Nem adta meg a hirdető,,2008,,,,,
https://www.zenga.hu/ingatlan/elado-teglalakas-budapest-xxi-kerulet-csepel-belvaros/8636654?page=94&pos=6&cr=11,"Budapest XXI. kerület eladó téglalakás 2 szobás: 56,9 millió Ft",56.9,39.0,39 m²,2.0,"Budapest XXI. kerület, Csepel Belváros",Téglalakás,,Jó állapotú,2025-08-17,Házközponti fűtés egyedi méréssel,C,,2000,,,,,
https://www.zenga.hu/ingatlan/elado-csusztatott-zsalus-lakas-zalaegerszeg-belvaros/8638922?page=94&pos=7&cr=11,"Zalaegerszeg eladó csúsztatott zsalus lakás 2 szobás: 34,9 millió Ft",34.9,59.0,59 m²,2.0,"Zalaegerszeg, Belváros",Csúsztatott zsalus lakás,,Jó állapotú,2025-08-17,Távfűtés egyedi méréssel,Nem adta meg a hirdető,,1972,,,,,
https://www.zenga.hu/ingatlan/elado-teglalakas-pecs-egyetemvaros/8440529?page=94&pos=8&cr=11,"Pécs eladó téglalakás 2 szobás: 52,9 millió Ft",52.9,56.0,56 m²,2.0,"Pécs, Egyetemváros",,,,2025-08-17,,,,,,,,,
https://www.zenga.hu/ingatlan/elado-teglalakas-gyor-szabadhegy/8622205?page=94&pos=9&cr=11,"Győr eladó téglalakás 1 szobás: 38,86 millió Ft",38.86,39.0,39 m²,1.0,"Győr, Szabadhegy",Téglalakás,4,Újszerű,2025-08-17,Távfűtés egyedi méréssel,Nem adta meg a hirdető,,2025,"8,3 m²",,,,
https://www.zenga.hu/ingatlan/elado-teglalakas-kaposvar/8668567?page=94&pos=10&cr=11,"Kaposvár eladó téglalakás 2 szobás: 32,5 millió Ft",32.5,52.0,52 m²,2.0,Kaposvár,Téglalakás,4,Jó állapotú,2025-08-17,Gáz (konvektor),Nem adta meg a hirdető,,1961,"3,7 m²",,,,
https://www.zenga.hu/ingatlan/elado-teglalakas-budapest-xiii-kerulet-loportardulo/8451847?page=94&pos=11&cr=11,Budapest XIII. kerület eladó téglalakás 2+1 fél szobás: 110 millió Ft,110.0,111.0,111 m²,2.0,"Budapest XIII. kerület, Lőportárdűlő",Téglalakás,4,Jó állapotú,2025-08-17,Gázkazán,Nem adta meg a hirdető,,1898,,,,,
https://www.zenga.hu/ingatlan/elado-teglalakas-komarom/8658934?page=94&pos=12&cr=11,"Komárom eladó téglalakás 3+1 fél szobás: 28,9 millió Ft",28.9,43.0,43 m²,3.0,Komárom,Téglalakás,,Jó állapotú,2025-08-17,Gázkazán,Nem adta meg a hirdető,,1962,,,,,
https://www.zenga.hu/ingatlan/elado-teglalakas-budapest-vii-kerulet-ligetvaros/8381812?page=94&pos=13&cr=11,"Budapest VII. kerület eladó téglalakás 3+1 fél szobás: 87,5 millió Ft",87.5,,,,,,,,2025-08-17,,,,,,,,,
https://www.zenga.hu/ingatlan/elado-teglalakas-budapest-ii-kerulet-vizivaros-ii-ker/8558196?page=94&pos=14&cr=11,Budapest II. kerület eladó téglalakás 3+1 fél szobás: 146 millió Ft,146.0,109.0,109 m²,3.0,"Budapest II. kerület, Víziváros II. ker",Téglalakás,4,Jó állapotú,2025-08-17,Gázkazán,Nem adta meg a hirdető,,1912,,,,,
https://www.zenga.hu/ingatlan/elado-teglalakas-budapest-ix-kerulet/8653149?page=94&pos=15&cr=11,"Budapest IX. kerület eladó téglalakás 1 szobás: 64,9 millió Ft",64.9,36.0,36 m²,1.0,Budapest IX. kerület,Téglalakás,4,Jó állapotú,2025-08-17,Gázkazán,Nem adta meg a hirdető,,2003,,,,,
https://www.zenga.hu/ingatlan/elado-teglalakas-budapest-xxi-kerulet/8637399?page=94&pos=16&cr=11,"Budapest XXI. kerület eladó téglalakás 2+1 fél szobás: 59,9 millió Ft",59.9,61.0,61 m²,2.0,"Budapest XXI. kerület, Nyuszi sétány",Téglalakás,4,Átlagos,2025-08-17,Gáz (konvektor),Nem adta meg a hirdető,,1977,,,,,
https://www.zenga.hu/ingatlan/elado-teglalakas-budapest-xi-kerulet/8659490?page=94&pos=17&cr=11,"Budapest XI. kerület eladó téglalakás 2+1 fél szobás: 148,5 millió Ft",148.5,97.0,97 m²,2.0,Budapest XI. kerület,,,,2025-08-17,,,,,,,,,
https://www.zenga.hu/ingatlan/elado-teglalakas-dunaujvaros-technikum-varosresz/8606528?page=94&pos=18&cr=11,Dunaújváros eladó téglalakás 2 szobás: 29 millió Ft,29.0,49.0,49 m²,2.0,"Dunaújváros, Technikum városrész",Téglalakás,4,Átlagos,2025-08-17,Távfűtés,Nem adta meg a hirdető,,1965,,,,,
https://www.zenga.hu/ingatlan/elado-panellakas-miskolc/8638389?page=94&pos=19&cr=11,"Miskolc eladó panellakás 1+1 fél szobás: 14,9 millió Ft",14.9,35.0,35 m²,1.0,"Miskolc, Kiss tábornok út",Panellakás,10,Felújítandó,2025-08-17,Távfűtés,Nem adta meg a hirdető,,,,,,,
https://www.zenga.hu/ingatlan/elado-teglalakas-budapest-vi-kerulet/8659492?page=94&pos=20&cr=11,Budapest VI. kerület eladó téglalakás 3 szobás: 160 millió Ft,160.0,105.0,105 m²,3.0,Budapest VI. kerület,Téglalakás,,Felújított,2025-08-17,Gázkazán,Nem adta meg a hirdető,,1940,,,,,
https://www.zenga.hu/ingatlan/elado-teglalakas-budapest-vi-kerulet/8659505?page=95&pos=1&cr=11,"Budapest VI. kerület eladó téglalakás 3 szobás: 189,9 millió Ft",189.9,101.0,101 m²,3.0,Budapest VI. kerület,Téglalakás,,Felújított,2025-08-17,Gázkazán,Nem adta meg a hirdető,,1930,,,,,
https://www.zenga.hu/ingatlan/elado-csusztatott-zsalus-lakas-budapest-xi-kerulet/8659498?page=95&pos=2&cr=11,"Budapest XI. kerület eladó csúsztatott zsalus lakás 3 szobás: 89,9 millió Ft",89.9,77.0,77 m²,3.0,Budapest XI. kerület,Csúsztatott zsalus lakás,,Jó állapotú,2025-08-17,Távfűtés egyedi méréssel,Nem adta meg a hirdető,,1976,,,,,
https://www.zenga.hu/ingatlan/elado-teglalakas-budapest-vi-kerulet/8659497?page=95&pos=3&cr=11,"Budapest VI. kerület eladó téglalakás 3 szobás: 165,59 millió Ft",165.59,87.0,87 m²,3.0,Budapest VI. kerület,Téglalakás,,Felújított,2025-08-17,Gázkazán,Nem adta meg a hirdető,,1912,,,,,
https://www.zenga.hu/ingatlan/elado-teglalakas-budapest-viii-kerulet/8659501?page=95&pos=4&cr=11,,,,,,,,,,2025-08-17,,,,,,,,,
https://www.zenga.hu/ingatlan/elado-teglalakas-budapest-vii-kerulet/8659496?page=95&pos=5&cr=11,,,,,,,,,,2025-08-17,,,,,,,,,
https://www.zenga.hu/ingatlan/elado-teglalakas-budapest-viii-kerulet/8659500?page=95&pos=6&cr=11,Budapest VIII. kerület eladó téglalakás 4 szobás: 139 millió Ft,139.0,81.0,81 m²,4.0,Budapest VIII. kerület,Téglalakás,,Jó állapotú,2025-08-17,Gázkazán,Nem adta meg a hirdető,,1900,,,,,
https://www.zenga.hu/ingatlan/elado-teglalakas-budapest-viii-kerulet/8659499?page=95&pos=7&cr=11,Budapest VIII. kerület eladó téglalakás 2 szobás: 67 millió Ft,67.0,70.0,70 m²,,,,,,2025-08-17,,,,,,,,,
https://www.zenga.hu/ingatlan/elado-teglalakas-budapest-xiv-kerulet-istvanmezo/8575751?page=95&pos=8&cr=11,,,,,,,,,,2025-08-17,,,,,,,,,
https://www.zenga.hu/ingatlan/elado-teglalakas-budapest-iii-kerulet-romaifurdo/8419019?page=95&pos=9&cr=11,"Budapest III. kerület eladó téglalakás 2+1 fél szobás: 85,9 millió Ft",85.9,66.0,66 m²,2.0,"Budapest III. kerület, Rómaifürdő",Téglalakás,,Újszerű,2025-08-17,,Nem adta meg a hirdető,,,,,,,
https://www.zenga.hu/ingatlan/elado-teglalakas-szombathely/8507742?page=95&pos=10&cr=11,"Szombathely eladó téglalakás 3 szobás: 80,99 millió Ft",80.99,72.0,72 m²,3.0,Szombathely,Téglalakás,2,Új építésű,2025-08-17,Hőszivattyú,A,,2025,,,,28 m²,
https://www.zenga.hu/ingatlan/elado-teglalakas-zalaegerszeg-belvaros/8418890?page=95&pos=11&cr=11,Zalaegerszeg eladó téglalakás 4 szobás: 43 millió Ft,43.0,86.0,86 m²,4.0,"Zalaegerszeg, Belváros",Téglalakás,,Jó állapotú,2025-08-17,Egyéb,Nem adta meg a hirdető,,1996,,,,,
https://www.zenga.hu/ingatlan/elado-teglalakas-kaposvar/8657995?page=95&pos=12&cr=11,"Kaposvár eladó téglalakás 1 szobás: 27,3 millió Ft",27.3,42.0,42 m²,1.0,"Kaposvár, lakóövezet",Téglalakás,1,Újszerű,2025-08-17,Gázkazán,Nem adta meg a hirdető,,1960,,,,,
https://www.zenga.hu/ingatlan/elado-panellakas-budapest-iii-kerulet-obuda/8586876?page=95&pos=13&cr=11,,,,,,,,,,2025-08-17,,,,,,,,,
https://www.zenga.hu/ingatlan/elado-egyeb-lakas-budapest-ii-kerulet-pasaret/8633709?page=95&pos=14&cr=11,"Budapest II. kerület eladó egyéb lakás 2+2 fél szobás: 124,9 millió Ft",124.9,82.0,82 m²,2.0,"Budapest II. kerület, Pasarét",Egyéb lakás,,Jó állapotú,2025-08-17,Gázkazán,Nem adta meg a hirdető,,1970,,,,,
https://www.zenga.hu/ingatlan/elado-teglalakas-nyiregyhaza/8653286?page=95&pos=15&cr=11,"Nyíregyháza eladó téglalakás 2+1 fél szobás: 45,5 millió Ft",45.5,67.0,67 m²,2.0,Nyíregyháza,Téglalakás,,Átlagos,2025-08-17,Gáz (konvektor),Nem adta meg a hirdető,,1976,,,,,
https://www.zenga.hu/ingatlan/elado-teglalakas-budapest-xiii-kerulet-angyalfold/8619598?page=95&pos=16&cr=11,"Budapest XIII. kerület eladó téglalakás 1 szobás: 48,5 millió Ft",48.5,36.0,36 m²,1.0,"Budapest XIII. kerület, Angyalföld",Téglalakás,4,Átlagos,2025-08-17,Távfűtés,,,,,,,,
https://www.zenga.hu/ingatlan/elado-teglalakas-zalaegerszeg-belvaros/8515899?page=95&pos=17&cr=11,"Zalaegerszeg eladó téglalakás 3 szobás: 45,99 millió Ft",45.99,89.0,89 m²,3.0,"Zalaegerszeg, Belváros",Téglalakás,,Felújított,2025-08-17,Gázkazán,Nem adta meg a hirdető,,1996,,,,,
https://www.zenga.hu/ingatlan/elado-teglalakas-zalaegerszeg-belvaros/8244375?page=95&pos=18&cr=11,"Zalaegerszeg eladó téglalakás 2 szobás: 65,7 millió Ft",65.7,65.0,65 m²,2.0,"Zalaegerszeg, Belváros",Téglalakás,,Új építésű,2025-08-17,Egyéb,Nem adta meg a hirdető,,2023,,,,,
https://www.zenga.hu/ingatlan/elado-teglalakas-zalaegerszeg-belvaros/8479883?page=95&pos=19&cr=11,"Zalaegerszeg eladó téglalakás 2 szobás: 29,9 millió Ft",29.9,52.0,52 m²,2.0,"Zalaegerszeg, Belváros",Téglalakás,,Jó állapotú,2025-08-17,Gáz (konvektor),,,,,,,,
https://www.zenga.hu/ingatlan/elado-panellakas-zalaegerszeg-belvaros/8540217?page=95&pos=20&cr=11,Zalaegerszeg eladó panellakás 3 szobás: 30 millió Ft,30.0,62.0,62 m²,3.0,"Zalaegerszeg, Belváros",Panellakás,,Átlagos,2025-08-17,Házközponti,Nem adta meg a hirdető,,1980,,,,,
https://www.zenga.hu/ingatlan/elado-teglalakas-budapest-xiii-kerulet-loportardulo/8653050?page=96&pos=1&cr=11,Budapest XIII. kerület eladó téglalakás 2 szobás: 119 millió Ft,119.0,51.0,51 m²,2.0,"Budapest XIII. kerület, Lőportárdűlő, Klapka utca",Téglalakás,5,Új építésű,2025-08-17,Házközponti fűtés egyedi méréssel,A+,,2004,,,,"11,5 m²",
https://www.zenga.hu/ingatlan/elado-teglalakas-dunaujvaros-technikum-varosresz/8494191?page=96&pos=2&cr=11,"Dunaújváros eladó téglalakás 1 szobás: 20,3 millió Ft",20.3,35.0,35 m²,1.0,"Dunaújváros, Technikum városrész",Téglalakás,4,Átlagos,2025-08-17,Gázkazán,Nem adta meg a hirdető,,1965,,,,,
https://www.zenga.hu/ingatlan/elado-panellakas-kazincbarcika/8507559?page=96&pos=3&cr=11,"Kazincbarcika eladó panellakás 2 szobás: 18,5 millió Ft",18.5,52.0,52 m²,2.0,Kazincbarcika,Panellakás,6,Átlagos,2025-08-17,Távfűtés,Nem adta meg a hirdető,,1975,,,,,
https://www.zenga.hu/ingatlan/elado-teglalakas-teskand/8561302?page=96&pos=4&cr=11,Teskánd eladó téglalakás 3 szobás: 63 millió Ft,63.0,96.0,96 m²,3.0,Teskánd,Téglalakás,,Jó állapotú,2025-08-17,Gázkazán,Nem adta meg a hirdető,,2004,,,,,
https://www.zenga.hu/ingatlan/elado-panellakas-kazincbarcika/8505943?page=96&pos=5&cr=11,"Kazincbarcika eladó panellakás 3+1 fél szobás: 31,9 millió Ft",31.9,87.0,87 m²,3.0,Kazincbarcika,Panellakás,6,Átlagos,2025-08-17,Távfűtés,Nem adta meg a hirdető,,1975,,,,,
https://www.zenga.hu/ingatlan/elado-teglalakas-budapest-ii-kerulet-orszagut/8637397?page=96&pos=6&cr=11,Budapest II. kerület eladó téglalakás 4 szobás: 225 millió Ft,225.0,160.0,160 m²,4.0,"Budapest II. kerület, Országút, Szilágyi Erzsébet fasor",Téglalakás,6,Átlagos,2025-08-17,Gázkazán,Nem adta meg a hirdető,,1910,,,,,
https://www.zenga.hu/ingatlan/elado-teglalakas-budapest-ix-kerulet/8448314?page=96&pos=7&cr=11,"Budapest IX. kerület eladó téglalakás 2 szobás: 85,7 millió Ft",85.7,52.0,52 m²,2.0,Budapest IX. kerület,Téglalakás,,Felújított,2025-08-17,Gázkazán,Nem adta meg a hirdető,,1890,,,,,
https://www.zenga.hu/ingatlan/elado-teglalakas-tata/8534153?page=96&pos=8&cr=11,"Tata eladó téglalakás 3 szobás: 159,9 millió Ft",159.9,148.0,148 m²,3.0,Tata,Téglalakás,1,Újszerű,2025-08-17,Hőszivattyú,A++,,2021,,,,,
https://www.zenga.hu/ingatlan/elado-teglalakas-budapest-vii-kerulet/8582546?page=96&pos=9&cr=11,Budapest VII. kerület eladó téglalakás 3 szobás: 285 millió Ft,285.0,143.0,143 m²,3.0,Budapest VII. kerület,Téglalakás,,Felújított,2025-08-17,Házközponti fűtés egyedi méréssel,Nem adta meg a hirdető,,2005,,,,,
https://www.zenga.hu/ingatlan/elado-teglalakas-hajduszoboszlo/8562540?page=96&pos=10&cr=11,Hajdúszoboszló eladó téglalakás 1 szobás: 48 millió Ft,48.0,34.0,34 m²,1.0,Hajdúszoboszló,Téglalakás,,Új építésű,2025-08-17,Egyéb kazán,Nem adta meg a hirdető,,2026,,,,,
https://www.zenga.hu/ingatlan/elado-teglalakas-budapest-xx-kerulet-pesterzsebet/8611876?page=96&pos=11&cr=11,"Budapest XX. kerület eladó téglalakás 1 szobás: 54,9 millió Ft",54.9,46.0,46 m²,1.0,"Budapest XX. kerület, Pesterzsébet, János utca",Téglalakás,1,Felújított,2025-08-17,Gázkazán,Nem adta meg a hirdető,,,,,,,
https://www.zenga.hu/ingatlan/elado-teglalakas-dunaujvaros/8484930?page=96&pos=12&cr=11,"Dunaújváros eladó téglalakás 1+2 fél szobás: 34,9 millió Ft",34.9,69.0,69 m²,1.0,Dunaújváros,Téglalakás,4,Jó állapotú,2025-08-17,Távfűtés,Nem adta meg a hirdető,,,,,,,
https://www.zenga.hu/ingatlan/elado-teglalakas-budapest-ix-kerulet/8334235?page=96&pos=13&cr=10,Budapest IX. kerület eladó téglalakás 3 szobás: 218 millió Ft,218.0,111.0,111 m²,3.0,Budapest IX. kerület,Téglalakás,,Új építésű,2025-08-17,Távfűtés egyedi méréssel,Nem adta meg a hirdető,,1998,,,,,
https://www.zenga.hu/ingatlan/elado-teglalakas-budapest-i-kerulet/8489598?page=96&pos=14&cr=10,Budapest I. kerület eladó téglalakás 3 szobás: 152 millió Ft,152.0,82.0,82 m²,3.0,Budapest I. kerület,Téglalakás,,Jó állapotú,2025-08-17,Gázkazán,,,,,,,,
https://www.zenga.hu/ingatlan/elado-panellakas-eger/8669669?page=96&pos=15&cr=10,"Eger eladó panellakás 2 szobás: 41,9 millió Ft",41.9,65.0,65 m²,2.0,Eger,Panellakás,,Felújított,2025-08-17,,,,,,,,,
https://www.zenga.hu/ingatlan/elado-panellakas-pecs-kertvaros/8594892?page=96&pos=16&cr=10,"Pécs eladó panellakás 2 szobás: 39,9 millió Ft",39.9,54.0,54 m²,2.0,"Pécs, Kertváros",Panellakás,,Átlagos,2025-08-17,Távfűtés egyedi méréssel,Nem adta meg a hirdető,,1986,,,,,
https://www.zenga.hu/ingatlan/elado-teglalakas-siofok-fokihegy/8597895?page=96&pos=17&cr=10,"Siófok eladó téglalakás 3 szobás: 74,9 millió Ft",74.9,65.0,65 m²,3.0,"Siófok, Fokihegy",Téglalakás,1,Új építésű,2025-08-17,Hőszivattyú,Nem adta meg a hirdető,,2025,25 m²,,,,
https://www.zenga.hu/ingatlan/elado-tarsashazi-lakas-hegyeshalom/8490928?page=96&pos=18&cr=10,"Hegyeshalom eladó társasházi lakás 2 szobás: 42,28 millió Ft",42.28,51.0,51 m²,2.0,Hegyeshalom,Társasházi lakás,3,Új építésű,2025-08-17,Hőszivattyú,C,,2025,2 m²,,,,
https://www.zenga.hu/ingatlan/elado-teglalakas-kunszentmarton/8669795?page=96&pos=19&cr=10,Kunszentmárton eladó téglalakás 2 szobás: 20 millió Ft,20.0,45.0,45 m²,2.0,"Kunszentmárton, Központi",Téglalakás,2,Átlagos,2025-08-17,Gáz (konvektor),Nem adta meg a hirdető,,1993,,,,,
https://www.zenga.hu/ingatlan/elado-teglalakas-budapest-xv-kerulet-rakospalota/8593978?page=96&pos=20&cr=10,Budapest XV. kerület eladó téglalakás 4 szobás: 108 millió Ft,,,,,,,,,2025-08-17,,,,,,,,,
https://www.zenga.hu/ingatlan/elado-teglalakas-eger/8636083?page=97&pos=1&cr=10,Eger eladó téglalakás 2 szobás: 45 millió Ft,45.0,63.0,63 m²,2.0,Eger,Téglalakás,,Jó állapotú,2025-08-17,Gázkazán,Nem adta meg a hirdető,,1996,,,,,
https://www.zenga.hu/ingatlan/elado-teglalakas-siofok-fokihegy/8598028?page=97&pos=2&cr=10,"Siófok eladó téglalakás 3 szobás: 54,9 millió Ft",54.9,81.0,81 m²,3.0,"Siófok, Fokihegy",Téglalakás,3,Átlagos,2025-08-17,Gáz (konvektor),Nem adta meg a hirdető,,1980,15 m²,,,,
https://www.zenga.hu/ingatlan/elado-teglalakas-herend/8355794?page=97&pos=3&cr=10,Herend eladó téglalakás 2 szobás: 45 millió Ft,45.0,74.0,74 m²,2.0,Herend,Téglalakás,,Jó állapotú,2025-08-17,Gáz (konvektor),Nem adta meg a hirdető,,1970,,,,,
https://www.zenga.hu/ingatlan/elado-teglalakas-pecs-mecsekoldal-makar/8467458?page=97&pos=4&cr=10,"Pécs eladó téglalakás 2+1 fél szobás: 190,4 millió Ft",190.4,119.0,119 m²,2.0,"Pécs, Mecsekoldal",Téglalakás,,Új építésű,2025-08-17,Hőszivattyú,A++,,2025,,,,,
https://www.zenga.hu/ingatlan/elado-teglalakas-pecs-egyetemvaros/8567868?page=97&pos=5&cr=10,"Pécs eladó téglalakás 2 szobás: 52,9 millió Ft",52.9,56.0,56 m²,2.0,"Pécs, Egyetemváros",Téglalakás,,Jó állapotú,2025-08-17,Távfűtés,Nem adta meg a hirdető,,1983,,,,,
https://www.zenga.hu/ingatlan/elado-teglalakas-siofok-fokihegy/8597728?page=97&pos=6&cr=10,"Siófok eladó téglalakás 3 szobás: 100,63 millió Ft",100.63,74.0,74 m²,3.0,"Siófok, Fokihegy",Téglalakás,1,Új építésű,2025-08-17,Hőszivattyú,Nem adta meg a hirdető,,2024,29 m²,,,,
https://www.zenga.hu/ingatlan/elado-teglalakas-szombathely/8577071?page=97&pos=7&cr=10,Szombathely eladó téglalakás 2 szobás: 55 millió Ft,55.0,93.0,93 m²,2.0,Szombathely,Téglalakás,,Átlagos,2025-08-17,Gázkazán,Nem adta meg a hirdető,,1950,,,,,
https://www.zenga.hu/ingatlan/elado-panellakas-budapest-xv-kerulet-ujpalota/8666809?page=97&pos=8&cr=10,"Budapest XV. kerület eladó panellakás 1+2 fél szobás: 54,9 millió Ft",54.9,53.0,53 m²,1.0,"Budapest XV. kerület, Újpalota",Panellakás,11,Felújítandó,2025-08-17,Távfűtés egyedi méréssel,Nem adta meg a hirdető,,1973,,,,,
https://www.zenga.hu/ingatlan/elado-teglalakas-pecs/8529302?page=97&pos=9&cr=10,"Pécs eladó téglalakás 3 szobás: 69,9 millió Ft",69.9,69.0,69 m²,3.0,Pécs,Téglalakás,,Felújított,2025-08-17,Gázkazán,Nem adta meg a hirdető,,1965,,,,,
https://www.zenga.hu/ingatlan/elado-panellakas-eger/8525422?page=97&pos=11&cr=10,Eger eladó panellakás 2+1 fél szobás: 42 millió Ft,42.0,55.0,55 m²,2.0,Eger,Panellakás,,Jó állapotú,2025-08-17,Távfűtés egyedi méréssel,Nem adta meg a hirdető,,1980,,,,,
https://www.zenga.hu/ingatlan/elado-teglalakas-pecs-mecsekoldal-makar/8467457?page=97&pos=12&cr=10,"Pécs eladó téglalakás 4 szobás: 254,4 millió Ft",254.4,159.0,159 m²,4.0,"Pécs, Mecsekoldal",Téglalakás,,Új építésű,2025-08-17,Hőszivattyú,A++,,2025,,,,,
https://www.zenga.hu/ingatlan/elado-teglalakas-pecs-belvaros/8610527?page=97&pos=13&cr=10,"Pécs eladó téglalakás 2 szobás: 89,9 millió Ft",89.9,90.0,90 m²,2.0,"Pécs, Belváros",Téglalakás,,Újszerű,2025-08-17,Gázkazán,Nem adta meg a hirdető,,2024,,,,,
https://www.zenga.hu/ingatlan/elado-teglalakas-budapest-viii-kerulet-jozsefvaros/8331252?page=97&pos=14&cr=10,"Budapest VIII. kerület eladó téglalakás 2 szobás: 56,9 millió Ft",56.9,25.0,25 m²,2.0,"Budapest VIII. kerület, Józsefváros",Téglalakás,,Felújított,2025-08-17,Elektromos,D,,1950,,,,,
https://www.zenga.hu/ingatlan/elado-teglalakas-komlo-kokonyos/8594896?page=97&pos=15&cr=10,"Komló eladó téglalakás 2 szobás: 29,2 millió Ft",29.2,55.0,55 m²,2.0,"Komló, Kökönyös",Téglalakás,,Felújított,2025-08-17,Gáz (konvektor),Nem adta meg a hirdető,,1970,,,,,
https://www.zenga.hu/ingatlan/elado-egyeb-lakas-bekescsaba/8591086?page=97&pos=16&cr=10,"Békéscsaba eladó egyéb lakás 1+1 fél szobás: 22,6 millió Ft",22.6,48.0,48 m²,1.0,Békéscsaba,Egyéb lakás,,Átlagos,2025-08-17,Gáz (konvektor),D,,1973,,,,,
https://www.zenga.hu/ingatlan/elado-teglalakas-pecs/8644311?page=97&pos=17&cr=10,"Pécs eladó téglalakás 2 szobás: 41,5 millió Ft",41.5,45.0,45 m²,2.0,Pécs,Téglalakás,,Jó állapotú,2025-08-17,Gáz (konvektor),Nem adta meg a hirdető,,1960,,,,,
https://www.zenga.hu/ingatlan/elado-teglalakas-eger/8639663?page=97&pos=18&cr=10,Eger eladó téglalakás 3 szobás: 62 millió Ft,62.0,80.0,80 m²,3.0,Eger,Téglalakás,,Felújított,2025-08-17,Gázkazán,Nem adta meg a hirdető,,2003,,,,,
https://www.zenga.hu/ingatlan/elado-teglalakas-komlo/8389897?page=97&pos=19&cr=10,"Komló eladó téglalakás 3+1 fél szobás: 42,8 millió Ft",42.8,98.0,98 m²,3.0,Komló,Téglalakás,,Jó állapotú,2025-08-17,Gázkazán,F,,1960,,,,,
https://www.zenga.hu/ingatlan/elado-teglalakas-siklos/8467460?page=97&pos=20&cr=10,"Siklós eladó téglalakás 3 szobás: 50,7 millió Ft",50.7,66.0,66 m²,3.0,Siklós,Téglalakás,,Új építésű,2025-08-17,Geotermikus,A++,,2025,,,,,
https://www.zenga.hu/ingatlan/elado-teglalakas-szigetszentmiklos/8532662?page=98&pos=1&cr=10,Szigetszentmiklós eladó téglalakás 2 szobás: 53 millió Ft,53.0,59.0,59 m²,2.0,Szigetszentmiklós,Téglalakás,,Jó állapotú,2025-08-17,Gáz (konvektor),Nem adta meg a hirdető,,1975,,,,,
https://www.zenga.hu/ingatlan/elado-teglalakas-balatonlelle/8597620?page=98&pos=2&cr=10,"Balatonlelle eladó téglalakás 4 szobás: 124,9 millió Ft",124.9,82.0,82 m²,4.0,Balatonlelle,Téglalakás,1,Új építésű,2025-08-17,Hőszivattyú,Nem adta meg a hirdető,,2023,32 m²,,,,
https://www.zenga.hu/ingatlan/elado-teglalakas-gyor-nadorvaros/8609503?page=98&pos=3&cr=10,"Győr eladó téglalakás 3 szobás: 69,99 millió Ft",69.99,100.0,100 m²,3.0,"Győr, Nádorváros",Téglalakás,2,Felújítandó,2025-08-17,Gázkazán,Nem adta meg a hirdető,,,6 m²,,,,
https://www.zenga.hu/ingatlan/elado-teglalakas-sajoszentpeter/8469583?page=98&pos=4&cr=10,"Sajószentpéter eladó téglalakás 1+1 fél szobás: 13,5 millió Ft",13.5,42.0,42 m²,1.0,Sajószentpéter,Téglalakás,,Jó állapotú,2025-08-17,Gáz (konvektor),Nem adta meg a hirdető,,1960,,,,,
https://www.zenga.hu/ingatlan/elado-panellakas-kecskemet/8570776?page=98&pos=5&cr=10,Kecskemét eladó panellakás 3 szobás: 45 millió Ft,45.0,63.0,63 m²,3.0,Kecskemét,Panellakás,,Jó állapotú,2025-08-17,Távfűtés egyedi méréssel,Nem adta meg a hirdető,,1980,,,,,
https://www.zenga.hu/ingatlan/elado-panellakas-sajoszentpeter/7918537?page=98&pos=6&cr=10,Sajószentpéter eladó panellakás 1+2 fél szobás: 15 millió Ft,15.0,59.0,59 m²,1.0,Sajószentpéter,Panellakás,,Felújítandó,2025-08-17,Egyéb,Nem adta meg a hirdető,,1990,,,,,
https://www.zenga.hu/ingatlan/elado-teglalakas-budapest-xx-kerulet/8648190?page=98&pos=7&cr=10,,,,,,,,,,2025-08-17,,,,,,,,,
https://www.zenga.hu/ingatlan/elado-teglalakas-pecs/8402160?page=98&pos=8&cr=10,"Pécs eladó téglalakás 2 szobás: 63,9 millió Ft",63.9,47.0,47 m²,2.0,Pécs,Téglalakás,,Új építésű,2025-08-17,Hőszivattyú,A++,,2024,,,,,
https://www.zenga.hu/ingatlan/elado-teglalakas-hodmezovasarhely/8369703?page=98&pos=9&cr=10,"Hódmezővásárhely eladó téglalakás 1+1 fél szobás: 39,99 millió Ft",39.99,30.0,30 m²,1.0,Hódmezővásárhely,Téglalakás,,Új építésű,2025-08-17,Hőszivattyú,A+,,2021,,,,,
https://www.zenga.hu/ingatlan/elado-panellakas-eger/8588501?page=98&pos=10&cr=10,"Eger eladó panellakás 2 szobás: 34,9 millió Ft",34.9,56.0,56 m²,2.0,Eger,Panellakás,,Jó állapotú,2025-08-17,Távfűtés egyedi méréssel,Nem adta meg a hirdető,,1984,,,,,
https://www.zenga.hu/ingatlan/elado-teglalakas-pecs-belvaros/8567867?page=98&pos=11&cr=10,"Pécs eladó téglalakás 2 szobás: 51,3 millió Ft",51.3,63.0,63 m²,2.0,"Pécs, Belváros",Téglalakás,,Jó állapotú,2025-08-17,Gáz (konvektor),C,,1865,,,,,
https://www.zenga.hu/ingatlan/elado-panellakas-budapest-xv-kerulet-ujpalota/8617788?page=98&pos=12&cr=10,Budapest XV. kerület eladó panellakás 3 szobás: 67 millió Ft,67.0,65.0,65 m²,3.0,"Budapest XV. kerület, Újpalota",Panellakás,11,Átlagos,2025-08-17,Távfűtés egyedi méréssel,Nem adta meg a hirdető,,1980,3 m²,,,,
https://www.zenga.hu/ingatlan/elado-teglalakas-nyiregyhaza/8527153?page=98&pos=13&cr=10,"Nyíregyháza eladó téglalakás 1 szobás: 26,5 millió Ft",26.5,32.0,32 m²,1.0,Nyíregyháza,Téglalakás,,Jó állapotú,2025-08-17,Gázkazán,E,,1990,,,,,
https://www.zenga.hu/ingatlan/elado-teglalakas-budapest-xiv-kerulet-alsorakos/8669355?page=98&pos=14&cr=10,"Budapest XIV. kerület eladó téglalakás 4 szobás: 129,9 millió Ft",129.9,81.0,81 m²,4.0,"Budapest XIV. kerület, Alsórákos",Téglalakás,1,Jó állapotú,2025-08-17,Gázkazán,Nem adta meg a hirdető,,1998,,,,,
https://www.zenga.hu/ingatlan/elado-teglalakas-salgotarjan/7936266?page=98&pos=15&cr=10,Salgótarján eladó téglalakás 1 szobás: 15 millió Ft,15.0,50.0,50 m²,1.0,Salgótarján,Téglalakás,,Átlagos,2025-08-17,Gáz (konvektor),Nem adta meg a hirdető,,1970,,,,,
https://www.zenga.hu/ingatlan/elado-teglalakas-gyorladamer/8573343?page=98&pos=16&cr=10,"Győrladamér eladó téglalakás 4 szobás: 59,98 millió Ft",59.98,137.0,137 m²,4.0,Győrladamér,Téglalakás,,Jó állapotú,2025-08-17,Gázkazán,Nem adta meg a hirdető,,2005,,,,,
https://www.zenga.hu/ingatlan/elado-teglalakas-sopron-belvaros/8535778?page=98&pos=17&cr=10,Sopron eladó téglalakás 5 szobás: 116 millió Ft,116.0,213.0,213 m²,5.0,"Sopron, Belváros",Téglalakás,4,Felújított,2025-08-17,Gázkazán,Nem adta meg a hirdető,,1870,,,,,
https://www.zenga.hu/ingatlan/elado-teglalakas-heves/8408838?page=98&pos=18&cr=10,"Heves eladó téglalakás 2 szobás: 25,9 millió Ft",25.9,54.0,54 m²,2.0,Heves,Téglalakás,,Jó állapotú,2025-08-17,Gáz (konvektor),Nem adta meg a hirdető,,1981,,,,,
https://www.zenga.hu/ingatlan/elado-egyeb-lakas-eger/8653772?page=98&pos=19&cr=10,"Eger eladó egyéb lakás 2 szobás: 38,5 millió Ft",38.5,48.0,48 m²,2.0,Eger,Egyéb lakás,,Átlagos,2025-08-17,Gázkazán,Nem adta meg a hirdető,,1900,,,,,
https://www.zenga.hu/ingatlan/elado-teglalakas-budapest-vi-kerulet/8487393?page=98&pos=20&cr=10,"Budapest VI. kerület eladó téglalakás 4 szobás: 790,74 millió Ft",790.74,160.0,160 m²,4.0,Budapest VI. kerület,Téglalakás,1,Újszerű,2025-08-17,Gázkazán,Nem adta meg a hirdető,,,,,,,
https://www.zenga.hu/ingatlan/elado-teglalakas-fertoszentmiklos/8586042?page=99&pos=1&cr=10,"Fertőszentmiklós eladó téglalakás 3 szobás: 79,9 millió Ft",79.9,80.0,80 m²,3.0,Fertőszentmiklós,Téglalakás,1,Újszerű,2025-08-17,Padlófűtés,Nem adta meg a hirdető,,,,,,,
https://www.zenga.hu/ingatlan/elado-teglalakas-gyor-revfalu/8617644?page=99&pos=2&cr=10,Győr eladó téglalakás 3 szobás: 162 millió Ft,162.0,137.0,137 m²,3.0,"Győr, Révfalu",Téglalakás,3,Újszerű,2025-08-17,Gázkazán,Nem adta meg a hirdető,,2007,,,,"18,8 m²",
https://www.zenga.hu/ingatlan/elado-teglalakas-sopron-belvaros/8588550?page=99&pos=3&cr=10,"Sopron eladó téglalakás 2+2 fél szobás: 59,9 millió Ft",59.9,89.0,89 m²,2.0,"Sopron, Belváros",Téglalakás,2,Átlagos,2025-08-17,Gázkazán,Nem adta meg a hirdető,,1890,,,,,
https://www.zenga.hu/ingatlan/elado-teglalakas-budapest-xi-kerulet/8636644?page=99&pos=4&cr=10,Budapest XI. kerület eladó téglalakás 2 szobás: 113 millió Ft,113.0,61.0,61 m²,,,,,,2025-08-17,,,,,,,,,
https://www.zenga.hu/ingatlan/elado-teglalakas-jaszbereny/8309188?page=99&pos=5&cr=10,"Jászberény eladó téglalakás 2+1 fél szobás: 54,75 millió Ft",54.75,85.0,85 m²,2.0,Jászberény,Téglalakás,,Jó állapotú,2025-08-17,Gázkazán,Nem adta meg a hirdető,,1990,,,,,
https://www.zenga.hu/ingatlan/elado-teglalakas-gyor/8420763?page=99&pos=6&cr=10,"Győr eladó téglalakás 2 szobás: 75,9 millió Ft",75.9,53.0,53 m²,2.0,Győr,Téglalakás,,,2025-08-17,Házközponti fűtés egyedi méréssel,Nem adta meg a hirdető,,2008,,,,,
https://www.zenga.hu/ingatlan/elado-panellakas-budapest-xxii-kerulet-budafok/8627769?page=99&pos=7&cr=10,Budapest XXII. kerület eladó panellakás 3 szobás: 75 millió Ft,75.0,67.0,67 m²,3.0,"Budapest XXII. kerület, Budafok",Panellakás,,Felújítandó,2025-08-17,Házközponti fűtés egyedi méréssel,D,,1982,,,,,
https://www.zenga.hu/ingatlan/elado-teglalakas-koszeg/8535933?page=99&pos=8&cr=10,"Kőszeg eladó téglalakás 2 szobás: 31,8 millió Ft",31.8,48.0,48 m²,2.0,Kőszeg,Téglalakás,,Átlagos,2025-08-17,Távfűtés,Nem adta meg a hirdető,,,,,,,
https://www.zenga.hu/ingatlan/elado-teglalakas-komarom/8668804?page=99&pos=9&cr=10,"Komárom eladó téglalakás 4 szobás: 123,68 millió Ft",123.68,135.0,135 m²,4.0,Komárom,Téglalakás,,Új építésű,2025-08-17,Egyéb,A++,,2024,,,,,
https://www.zenga.hu/ingatlan/elado-teglalakas-gyor-belvaros/8537514?page=99&pos=10&cr=10,Győr eladó téglalakás 5 szobás: 105 millió Ft,105.0,143.0,143 m²,5.0,"Győr, Belváros",Téglalakás,3,Jó állapotú,2025-08-17,Gázkazán,Nem adta meg a hirdető,,1993,,,,,
https://www.zenga.hu/ingatlan/elado-teglalakas-budapest-v-kerulet/8450317?page=99&pos=11&cr=10,"Budapest V. kerület eladó téglalakás 2 szobás: 274,78 millió Ft",274.78,65.0,65 m²,2.0,Budapest V. kerület,Téglalakás,6,Újszerű,2025-08-17,Egyéb,Nem adta meg a hirdető,,2022,17 m²,,,,
https://www.zenga.hu/ingatlan/elado-teglalakas-jaszbereny/8467326?page=99&pos=12&cr=10,"Jászberény eladó téglalakás 2 szobás: 29,5 millió Ft",29.5,55.0,55 m²,2.0,Jászberény,Téglalakás,,Jó állapotú,2025-08-17,Gáz (konvektor),Nem adta meg a hirdető,,1990,,,,,
https://www.zenga.hu/ingatlan/elado-teglalakas-jaszbereny/8460491?page=99&pos=13&cr=10,Jászberény eladó téglalakás 2+1 fél szobás: 41 millió Ft,41.0,62.0,62 m²,2.0,Jászberény,Téglalakás,,Jó állapotú,2025-08-17,Gázkazán,Nem adta meg a hirdető,,2000,,,,,
https://www.zenga.hu/ingatlan/elado-panellakas-budapest-xv-kerulet-ujpalota/8644422?page=99&pos=14&cr=10,"Budapest XV. kerület eladó panellakás 5 szobás: 84,9 millió Ft",84.9,84.0,84 m²,5.0,"Budapest XV. kerület, Újpalota",Panellakás,,,2025-08-17,Távfűtés,Nem adta meg a hirdető,,1980,,,,,
https://www.zenga.hu/ingatlan/elado-teglalakas-siofok-balatonszeplak/8633002?page=99&pos=15&cr=10,"Siófok eladó téglalakás 4 szobás: 82,5 millió Ft",82.5,72.0,72 m²,4.0,"Siófok, Balatonszéplak",Téglalakás,1,Felújított,2025-08-17,Gázkazán,Nem adta meg a hirdető,,1997,,,,,
https://www.zenga.hu/ingatlan/elado-teglalakas-gyor/8492032?page=99&pos=16&cr=10,"Győr eladó téglalakás 3 szobás: 85,99 millió Ft",85.99,86.0,86 m²,3.0,Győr,Téglalakás,,,2025-08-17,Gázkazán,Nem adta meg a hirdető,,1970,,,,,
https://www.zenga.hu/ingatlan/elado-teglalakas-eger/8645190?page=99&pos=17&cr=10,"Eger eladó téglalakás 4 szobás: 114,9 millió Ft",114.9,130.0,130 m²,4.0,Eger,Téglalakás,2,Újszerű,2025-08-17,Gázkazán,Nem adta meg a hirdető,,1997,,,,,
https://www.zenga.hu/ingatlan/elado-teglalakas-vac-alsovaros/8602514?page=99&pos=18&cr=10,"Eladó 4 szobás téglalakás 85,9 millió Ft értékben Vácon - Kastélyliget lakópark lakóparkban",85.9,85.0,85 m²,4.0,"Vác, Alsóváros",Téglalakás,,Új építésű,2025-08-17,Hőszivattyú,Nem adta meg a hirdető,,2025,,,2024. 2. negyedév,,
https://www.zenga.hu/ingatlan/elado-teglalakas-gyor-menfocsanak/8560494?page=99&pos=19&cr=10,"Győr eladó téglalakás 3 szobás: 62,9 millió Ft",62.9,66.0,66 m²,3.0,"Győr, Ménfőcsanak",Téglalakás,,,2025-08-17,Gázkazán,Nem adta meg a hirdető,,2009,,,,,
https://www.zenga.hu/ingatlan/elado-teglalakas-szombathely-belvaros/8182579?page=99&pos=20&cr=10,"Szombathely eladó téglalakás 4 szobás: 45,9 millió Ft",45.9,111.0,111 m²,4.0,"Szombathely, Belváros",Téglalakás,,,2025-08-17,Gázkazán,Nem adta meg a hirdető,,1955,,,,,
