Név,Google Maps Link,Szélességi fok,Hosszúsági fok,Weboldal,Telefon,Cím,E-mail,Összes E-mail
Royal Palace Thai Massage Szigetszentmiklós,https://www.google.com/maps/place/Royal+Palace+Thai+Massage+Szigetszentmikl%C3%B3s/data=!4m7!3m6!1s0x4741e5950c84836b:0x5aa1d474a07451f6!8m2!3d47.354662!4d19.030617!16s%2Fg%2F11l3454tzf!19sChIJa4OEDJXlQUcR9lF0oHTUoVo?authuser=0&hl=hu&rclk=1,47.354662,19.030617,https://rpthaimassage.hu/,06703237059,"Szigetszentmiklós, Vörösmarty u. 25/B, 2310",rptm@rpthaimassage.hu,rptm@rpthaimassage.hu
Royal Thai Massage Budapest,https://www.google.com/maps/place/Royal+Thai+Massage+Budapest/data=!4m7!3m6!1s0x4741dbc2359ef22b:0x15f30b2016f31014!8m2!3d47.508542!4d19.026188!16s%2Fg%2F12qgw0n68!19sChIJK_KeNcLbQUcRFBDzFiAL8xU?authuser=0&hl=hu&rclk=1,47.508542,19.026188,https://royalthai.hu/,06709409430,"Budapest, BarberShop mögött, Mammut1 Földszint L010, Lövőház u. 2-6, 1024",job@royalthai.hu,job@royalthai.hu
Angel Thai Massage,https://www.google.com/maps/place/Angel+Thai+Massage/data=!4m7!3m6!1s0x4741dd18393684ef:0xd6b862778d65ed5!8m2!3d47.4986353!4d19.0690663!16s%2Fg%2F11yttt6_hj!19sChIJ74Q2ORjdQUcR1V7WeCeGaw0?authuser=0&hl=hu&rclk=1,47.4986353,19.0690663,http://angelmasszazs.hu/,06303974771,"Budapest, Kertész u. 4, 1074",info@angelmasszazs.hu,info@angelmasszazs.hu
Secret of Budapest Tantra & Sensual Spa,https://www.google.com/maps/place/Secret+of+Budapest+Tantra+%26+Sensual+Spa/data=!4m7!3m6!1s0x4741dd9c4fee96b1:0xd50ffb8375ae9ee9!8m2!3d47.5083093!4d19.0491335!16s%2Fg%2F11vkrvry49!19sChIJsZbuT5zdQUcR6Z6udYP7D9U?authuser=0&hl=hu&rclk=1,47.5083093,19.0491335,https://secretofbudapest.com/,06209102151,"Budapest, Szalay u. 3, 1055",,
"Spirit Thai Massage, Váci utca 39","https://www.google.com/maps/place/Spirit+Thai+Massage,+V%C3%A1ci+utca+39/data=!4m7!3m6!1s0x4741dc4427be42a9:0xdd8e55966ba67526!8m2!3d47.4917134!4d19.0538611!16s%2Fg%2F1hf4xx0vj!19sChIJqUK-J0TcQUcRJnWma5ZVjt0?authuser=0&hl=hu&rclk=1",47.4917134,19.0538611,http://www.thai-masszazs.net/en,06705246836,"Budapest, Váci u 39, 1056",info@thai-masszazs.net,info@thai-masszazs.net
Mint Thai Massage shop2 - Irányi utca,https://www.google.com/maps/place/Mint+Thai+Massage+shop2+-+Ir%C3%A1nyi+utca/data=!4m7!3m6!1s0x4741dd69f2e3ba49:0xa744c04b094f297f!8m2!3d47.4909651!4d19.0533063!16s%2Fg%2F11y4r7w1ts!19sChIJSbrj8mndQUcRfylPCUvARKc?authuser=0&hl=hu&rclk=1,47.4909651,19.0533063,https://mintthaimassage.hu/,06706000571,"Budapest, Irányi u. 5, 1056",,
Mint Thai Massage shop1 - Veres Pálné utca,https://www.google.com/maps/place/Mint+Thai+Massage+shop1+-+Veres+P%C3%A1ln%C3%A9+utca/data=!4m7!3m6!1s0x11c66e410722ea7:0x2819097d9d128361!8m2!3d47.4889877!4d19.0577991!16s%2Fg%2F11kp9ymnng!19sChIJpy5yEORmHAERYYMSnX0JGSg?authuser=0&hl=hu&rclk=1,47.4889877,19.0577991,https://mintthaimassage.hu/,06706000571,"Budapest, Veres Pálné u. 27, 1053",,
Karma Thai Massage & Hamam Spa - Budapest,https://www.google.com/maps/place/Karma+Thai+Massage+%26+Hamam+Spa+-+Budapest/data=!4m7!3m6!1s0x4741dde18afffc97:0xf0eb1dca22c914c2!8m2!3d47.503589!4d19.062096!16s%2Fg%2F11txv266rh!19sChIJl_z_iuHdQUcRwhTJIsod6_A?authuser=0&hl=hu&rclk=1,47.503589,19.062096,https://karmathaimasszazs.hu/,06707777753,"Budapest, Paulay Ede u. 56, 1061",,
5 Elements SPA,https://www.google.com/maps/place/5+Elements+SPA/data=!4m7!3m6!1s0x4741dc0dcc073e2f:0x603b4c97573d3987!8m2!3d47.5109233!4d19.053692!16s%2Fg%2F1hf2wsm2n!19sChIJLz4HzA3cQUcRhzk9V5dMO2A?authuser=0&hl=hu&rclk=1,47.5109233,19.053692,http://5elements-massage-spa.hu/,06302779555,"Budapest, Szent István krt. 25, 1055",india@5elements-massage-spa.hu,"india@5elements-massage-spa.hu, bali@5elements-massage-spa.hu, info@5elements-massage-spa.hu"
Sky Thai Massage Budapest/Ó street 25,https://www.google.com/maps/place/Sky+Thai+Massage+Budapest%2F%C3%93+street+25/data=!4m7!3m6!1s0x4741dd74b613b68f:0xddf20c1c91065949!8m2!3d47.5040652!4d19.058066!16s%2Fg%2F11pd2wn30p!19sChIJj7YTtnTdQUcRSVkGkRwM8t0?authuser=0&hl=hu&rclk=1,47.5040652,19.058066,http://www.skythaimassage.hu/,06501236011,"Budapest, Ó u. 25, 1066",ningyentafo@gmail.com,ningyentafo@gmail.com
Goldfingers Thai Massage Budapest,https://www.google.com/maps/place/Goldfingers+Thai+Massage+Budapest/data=!4m7!3m6!1s0x4741dd35225969b5:0xf606cd26bed21c26!8m2!3d47.4985499!4d19.0568453!16s%2Fg%2F11t2tg21tv!19sChIJtWlZIjXdQUcRJhzSvibNBvY?authuser=0&hl=hu&rclk=1,47.4985499,19.0568453,https://goldfingersthaimassage.hu/,06205253879,"Budapest, Király u. 8-Central Passage 1. emelet, 1061",,
VIP Thai Massage,https://www.google.com/maps/place/VIP+Thai+Massage/data=!4m7!3m6!1s0x4741dc6ba758f46f:0x7dcf06837ad3a1da!8m2!3d47.5016245!4d19.0567319!16s%2Fg%2F11b6j8p5y6!19sChIJb_RYp2vcQUcR2qHTeoMGz30?authuser=0&hl=hu&rclk=1,47.5016245,19.0567319,http://vipthaimassage.hu/,06307559043,"Budapest, Révay u. 14, 1065",,
Thai 5 Budapest Thai Massage,https://www.google.com/maps/place/Thai+5+Budapest+Thai+Massage/data=!4m7!3m6!1s0x4741dd2c578274ad:0x7448e02588980da0!8m2!3d47.4962539!4d19.0530776!16s%2Fg%2F11f6y7br07!19sChIJrXSCVyzdQUcRoA2YiCXgSHQ?authuser=0&hl=hu&rclk=1,47.4962539,19.0530776,http://www.thai5.hu/,06709477494,"Budapest, Fehér Hajó u. 8-10, 1052",info@thai5.hu,info@thai5.hu
Pavina Thai Massage Budapest,https://www.google.com/maps/place/Pavina+Thai+Massage+Budapest/data=!4m7!3m6!1s0x81e1ab7377a84a15:0x6bc9515f134f43a7!8m2!3d47.5028079!4d19.0569398!16s%2Fg%2F11y0ctk03w!19sChIJFUqod3Or4YERp0NPE19RyWs?authuser=0&hl=hu&rclk=1,47.5028079,19.0569398,https://pavinathaimassage.hu/,06703450665,"Budapest, Lázár u. 12, 1065",,
Erawan Thai Massage / Ó Street,https://www.google.com/maps/place/Erawan+Thai+Massage+%2F+%C3%93+Street/data=!4m7!3m6!1s0x4741dd3929db76ff:0xc54d87508306f246!8m2!3d47.5028557!4d19.0560321!16s%2Fg%2F11sg2p7hvj!19sChIJ_3bbKTndQUcRRvIGg1CHTcU?authuser=0&hl=hu&rclk=1,47.5028557,19.0560321,http://www.erawanthai.hu/,06205967148,"Budapest, Ó u. 4, 1066",erawan_o@erawanthai.hu,"erawan_o@erawanthai.hu, erawan@erawanthai.hu, erawan_kaldy@erawanthai.hu"
Erawan Thai Massage / Kaldy Gyula 6,https://www.google.com/maps/place/Erawan+Thai+Massage+%2F+Kaldy+Gyula+6/data=!4m7!3m6!1s0x4741dd136838da39:0xf7e64fa8c0703c6b!8m2!3d47.4998359!4d19.0574321!16s%2Fg%2F11ghs3kxb4!19sChIJOdo4aBPdQUcRazxwwKhP5vc?authuser=0&hl=hu&rclk=1,47.4998359,19.0574321,http://www.erawanthai.hu/,06203251179,"Budapest, Káldy Gyula u. 6, 1061",erawan_o@erawanthai.hu,"erawan_o@erawanthai.hu, erawan@erawanthai.hu, erawan_kaldy@erawanthai.hu"
Relax thai massage,https://www.google.com/maps/place/Relax+thai+massage/data=!4m7!3m6!1s0x4741ddf34c113deb:0x7b07f3e8ef5d9ddd!8m2!3d47.5103197!4d19.0640142!16s%2Fg%2F11qbb8z7v0!19sChIJ6z0RTPPdQUcR3Z1d7-jzB3s?authuser=0&hl=hu&rclk=1,47.5103197,19.0640142,https://relaxthaimassage.hu/,06204063245,"Budapest, Szondi u. 31, 1067",massage.byjennylove@gmail.com,"massage.byjennylove@gmail.com, contact@celina.com, Contact@cellina.com"
Cohen Spa,https://www.google.com/maps/place/Cohen+Spa/data=!4m7!3m6!1s0x4741dd917968a42f:0x3ca8d2b16a22353d!8m2!3d47.5066164!4d19.052334!16s%2Fg%2F11x5wbd26c!19sChIJL6RoeZHdQUcRPTUiarHSqDw?authuser=0&hl=hu&rclk=1,47.5066164,19.052334,https://cohenspa.com/,06708825777,"Budapest, Hold u. 25, 1054",,
"Spirit Thai Massage, Dessewffy 47","https://www.google.com/maps/place/Spirit+Thai+Massage,+Dessewffy+47/data=!4m7!3m6!1s0x4741dc6d6ccc3e1d:0x217dd3b706704ca1!8m2!3d47.5066354!4d19.0591537!16s%2Fg%2F1tmpj8wt!19sChIJHT7MbG3cQUcRoUxwBrfTfSE?authuser=0&hl=hu&rclk=1",47.5066354,19.0591537,http://www.thai-masszazs.net/,06706534387,"Budapest, Dessewffy u. 47, 1066",info@thai-masszazs.net,info@thai-masszazs.net
Jázmin Thai Masszázs Budapest,https://www.google.com/maps/place/J%C3%A1zmin+Thai+Massz%C3%A1zs+Budapest/data=!4m7!3m6!1s0x4741dc132153be9f:0x98c3dd4f84bf3c4!8m2!3d47.5059058!4d19.0548441!16s%2Fg%2F1q69p2xmr!19sChIJn75TIRPcQUcRxPNL-NQ9jAk?authuser=0&hl=hu&rclk=1,47.5059058,19.0548441,http://www.jazmin-thai-masszazs.hu/,06202909999,"Budapest, Bajcsy-Zsilinszky út 58, 1054",jazminthai@gmail.com,jazminthai@gmail.com
Aum Thai Massage,https://www.google.com/maps/place/Aum+Thai+Massage/data=!4m7!3m6!1s0x4741dd51a5af1293:0xfc42b170abf538d3!8m2!3d47.5109725!4d19.0646096!16s%2Fg%2F11j_2l7ht2!19sChIJkxKvpVHdQUcR0zj1q3CxQvw?authuser=0&hl=hu&rclk=1,47.5109725,19.0646096,https://aumthaimasszazs.hu/?utm_source=GMB&utm_medium=GMB-web&utm_campaign=GMB-web&utm_id=GMB-web,06301471344,"Budapest, Rózsa u. 99 - 101, 1064",info@aumthaimassage.hu,info@aumthaimassage.hu
Chada Ruby Thai Massage,https://www.google.com/maps/place/Chada+Ruby+Thai+Massage/data=!4m7!3m6!1s0x4741dd741cf3bcf5:0xd3253faabced0607!8m2!3d47.4974843!4d19.0560121!16s%2Fg%2F11h5pt3vtk!19sChIJ9bzzHHTdQUcRBwbtvKo_JdM?authuser=0&hl=hu&rclk=1,47.4974843,19.0560121,https://chadathaibudapest.hu/,06203648886,"Budapest, Károly krt. 23-Doorbell No.19, 1075",%20chadathaibudapest@gmail.com,"%20chadathaibudapest@gmail.com, chadathaibudapest@gmail.com"
Kesorn Thai Masszázs 2,https://www.google.com/maps/place/Kesorn+Thai+Massz%C3%A1zs+2/data=!4m7!3m6!1s0x4741ddd0f3692007:0x5f5aca84cee43663!8m2!3d47.5004693!4d19.0592297!16s%2Fg%2F11fsf_kmh9!19sChIJByBp89DdQUcRYzbkzoTKWl8?authuser=0&hl=hu&rclk=1,47.5004693,19.0592297,http://kesornthaimassage.hu/,06706320571,"Budapest, Székely Mihály u. 4-6, 1061",,
Lanna Thai Massage,https://www.google.com/maps/place/Lanna+Thai+Massage/data=!4m7!3m6!1s0x4741dd64dee8c101:0xef4f35361b12334a!8m2!3d47.4999328!4d19.0568567!16s%2Fg%2F11fn7r52lm!19sChIJAcHo3mTdQUcRSjMSGzY1T-8?authuser=0&hl=hu&rclk=1,47.4999328,19.0568567,http://www.lannathaimassage.hu/,06705869494,"Budapest, Paulay Ede u. 13, 1061",info@lannathaimassage.hu,info@lannathaimassage.hu
De Lanna Thai Massage,https://www.google.com/maps/place/De+Lanna+Thai+Massage/data=!4m7!3m6!1s0x4741dc688986ef1f:0xc9ca2776c8787aed!8m2!3d47.4993691!4d19.0650232!16s%2Fg%2F11c2j89lqq!19sChIJH--GiWjcQUcR7Xp4yHYnysk?authuser=0&hl=hu&rclk=1,47.4993691,19.0650232,http://www.delannathai.com/,06306899622,"Budapest, Klauzál u. 35, 1072",605a7baede844d278b89dc95ae0a9123@sentry-next.wixpress.com,"605a7baede844d278b89dc95ae0a9123@sentry-next.wixpress.com, 9a65e97ebe8141fca0c4fd686f70996b@sentry.wixpress.com, 8eb368c655b84e029ed79ad7a5c1718e@sentry.wixpress.com, delannathai@gmail.com, c183baa23371454f99f417f6616b724d@sentry.wixpress.com, dd0a55ccb8124b9c9d938e3acf41f8aa@sentry.wixpress.com"
Pieris Massage,https://www.google.com/maps/place/Pieris+Massage/data=!4m7!3m6!1s0x4741ddc4293a7b65:0xc7c70e440304260a!8m2!3d47.5015696!4d19.0681684!16s%2Fg%2F11q4dllkj0!19sChIJZXs6KcTdQUcRCiYEA0QOx8c?authuser=0&hl=hu&rclk=1,47.5015696,19.0681684,https://pierismassage.com/,06707066696,"Budapest, Erzsébet krt. 35, 1073",pierismassage@gmail.com,pierismassage@gmail.com
Aileenaa Thai Massage,https://www.google.com/maps/place/Aileenaa+Thai+Massage/data=!4m7!3m6!1s0x4741dd66d8a1b94b:0x1ff79eed84904154!8m2!3d47.4990542!4d19.0670516!16s%2Fg%2F11ss4qydvr!19sChIJS7mh2GbdQUcRVEGQhO2e9x8?authuser=0&hl=hu&rclk=1,47.4990542,19.0670516,https://aileenmasszazs.hu/,06301081854,"Budapest, Akácfa u. 27-29. fsz. 36, 1072",aileenthaimassage@gmail.com,aileenthaimassage@gmail.com
Siam Thai Massage,https://www.google.com/maps/place/Siam+Thai+Massage/data=!4m7!3m6!1s0x4741dd2baef050f3:0x2e23e265f8384a73!8m2!3d47.5038226!4d19.0551766!16s%2Fg%2F11s6jhf481!19sChIJ81DwrivdQUcRc0o4-GXiIy4?authuser=0&hl=hu&rclk=1,47.5038226,19.0551766,http://www.siamthaimassage.hu/,06705608115,"Budapest, Bajcsy-Zsilinszky út 29, 1066",siamthaimassagebp@gmail.com,siamthaimassagebp@gmail.com
Karma Thai Massage - Masszázs Szalon Budapest,https://www.google.com/maps/place/Karma+Thai+Massage+-+Massz%C3%A1zs+Szalon+Budapest/data=!4m7!3m6!1s0x4741dd03d6d09b6f:0xc7343c1db8961d93!8m2!3d47.500586!4d19.0605484!16s%2Fg%2F11h3bfxtn2!19sChIJb5vQ1gPdQUcRkx2WuB08NMc?authuser=0&hl=hu&rclk=1,47.500586,19.0605484,https://karmathaimasszazs.hu/,06707777746,"Budapest, Király u. 38, 1061",,
Royal Palace Thai Massage,https://www.google.com/maps/place/Royal+Palace+Thai+Massage/data=!4m7!3m6!1s0x4741dd0b0ad86c43:0xb25c3db6d27c8cfd!8m2!3d47.49702!4d19.060053!16s%2Fg%2F11s4tp3w5m!19sChIJQ2zYCgvdQUcR_Yx80rY9XLI?authuser=0&hl=hu&rclk=1,47.49702,19.060053,https://rpthaimassage.hu/,06705851090,"Budapest, Dob u. 7, 1072",rptm@rpthaimassage.hu,rptm@rpthaimassage.hu
Dreamhouse Massage,https://www.google.com/maps/place/Dreamhouse+Massage/data=!4m7!3m6!1s0x4741dd9061ef3361:0x8860bf34ab29fa13!8m2!3d47.5097327!4d19.067904!16s%2Fg%2F11s_svdm6s!19sChIJYTPvYZDdQUcRE_opqzS_YIg?authuser=0&hl=hu&rclk=1,47.5097327,19.067904,http://eroticmassage.hu/,06203960637,"Budapest, Aradi u. 52/A, 1062",,
Well Thais Massage,https://www.google.com/maps/place/Well+Thais+Massage/data=!4m7!3m6!1s0x4741dc46d679eac9:0x79d8564bb2d66382!8m2!3d47.4938155!4d19.0511938!16s%2Fg%2F11b5pjlh43!19sChIJyep51kbcQUcRgmPWsktW2Hk?authuser=0&hl=hu&rclk=1,47.4938155,19.0511938,https://calendar.app.google/MLiTRunCq55X5HkQ8,06705616731,"Budapest, Galamb u. 9, 1052",,
Thai Massage Chantika & Spa,https://www.google.com/maps/place/Thai+Massage+Chantika+%26+Spa/data=!4m7!3m6!1s0x4741ddcd92054d49:0xfdbaa78ff3c0607c!8m2!3d47.503589!4d19.062096!16s%2Fg%2F11s5k7j_6l!19sChIJSU0Fks3dQUcRfGDA84-nuv0?authuser=0&hl=hu&rclk=1,47.503589,19.062096,,06205681899,"Budapest Paulay Ede 56utca, 1061",,
Thaijwan kft Thai Massage Budapest,https://www.google.com/maps/place/Thaijwan+kft+Thai+Massage+Budapest/data=!4m7!3m6!1s0x4741dd0030452457:0xe4e3a113850d89d1!8m2!3d47.4904466!4d19.0737348!16s%2Fg%2F11yl64h1kk!19sChIJVyRFMADdQUcR0YkNhROh4-Q?authuser=0&hl=hu&rclk=1,47.4904466,19.0737348,https://www.facebook.com/people/Thaijwan-kft-Thai-Massage-Budapest/61581547906146/#,06708826499,"Budapest, Német u. 23, 1084",,
Thaipro Thai Massage,https://www.google.com/maps/place/Thaipro+Thai+Massage/data=!4m7!3m6!1s0x4741dc72f9b69edd:0x9e2ef0417f3de7bb!8m2!3d47.5094189!4d19.0620109!16s%2Fg%2F11fxxsx60_!19sChIJ3Z62-XLcQUcRu-c9f0HwLp4?authuser=0&hl=hu&rclk=1,47.5094189,19.0620109,http://www.thaipro.hu/english,0617004210,"Budapest, Szondi u. 22, 1067",,
Thaipro Thai Massage,https://www.google.com/maps/place/Thaipro+Thai+Massage/data=!4m7!3m6!1s0x4741ddc25db65b95:0x6b2f71676bab8093!8m2!3d47.4993824!4d19.0714743!16s%2Fg%2F11j50h9kc5!19sChIJlVu2XcLdQUcRk4Cra2dxL2s?authuser=0&hl=hu&rclk=1,47.4993824,19.0714743,http://www.thaipro.hu/,0617004210,"Budapest, Dohány u. 78, 1073",,
Khanitta Thai Massage,https://www.google.com/maps/place/Khanitta+Thai+Massage/data=!4m7!3m6!1s0x4741dd1a96ed390b:0xd4a11e4ae3ba26fc!8m2!3d47.5079221!4d19.0568716!16s%2Fg%2F11mpd29rvv!19sChIJCzntlhrdQUcR_Ca640oeodQ?authuser=0&hl=hu&rclk=1,47.5079221,19.0568716,https://khanitta.hu/,06205250052,"Budapest, Podmaniczky u. 15, 1065",info@khanitta.hu,info@khanitta.hu
De Lanna Thai Massage - Sip,https://www.google.com/maps/place/De+Lanna+Thai+Massage+-+Sip/data=!4m7!3m6!1s0x4741ddf027341cc1:0x8f4892b6fa4a474!8m2!3d47.4959109!4d19.0624169!16s%2Fg%2F11j8gd8w11!19sChIJwRw0J_DdQUcRdKSkbyuJ9Ag?authuser=0&hl=hu&rclk=1,47.4959109,19.0624169,http://www.delannathai.com/,06305710883,"Budapest, Síp u. 4, 1075",605a7baede844d278b89dc95ae0a9123@sentry-next.wixpress.com,"605a7baede844d278b89dc95ae0a9123@sentry-next.wixpress.com, 9a65e97ebe8141fca0c4fd686f70996b@sentry.wixpress.com, 8eb368c655b84e029ed79ad7a5c1718e@sentry.wixpress.com, delannathai@gmail.com, c183baa23371454f99f417f6616b724d@sentry.wixpress.com, dd0a55ccb8124b9c9d938e3acf41f8aa@sentry.wixpress.com"
Miracle Thai massage( Thai)&spa wellness,https://www.google.com/maps/place/Miracle+Thai+massage%28+Thai%29%26spa+wellness/data=!4m7!3m6!1s0x4741dea6366f6849:0xbe1077b07540e87c!8m2!3d47.4892172!4d19.0553625!16s%2Fg%2F11f4zh25kv!19sChIJSWhvNqbeQUcRfOhAdbB3EL4?authuser=0&hl=hu&rclk=1,47.4892172,19.0553625,http://www.miraclethaimassage.hu/,06704226847,"Budapest, Molnár u. 22-24 Ground floor, 1056",nijpasindarin@gmail.com,nijpasindarin@gmail.com
Massage House,https://www.google.com/maps/place/Massage+House/data=!4m7!3m6!1s0x4741dc73970cdc21:0x9794eaa85bad90c7!8m2!3d47.5111739!4d19.0642987!16s%2Fg%2F119whdk55!19sChIJIdwMl3PcQUcRx5CtW6jqlJc?authuser=0&hl=hu&rclk=1,47.5111739,19.0642987,https://massagehouse.hu/en/?utm_source=google&utm_medium=organic&utm_campaign=gmb-web,06305758784,"Budapest, Rózsa u. 101, 1064",info@massagehouse.hu,info@massagehouse.hu
Fahrung Thai Massage Budapest,https://www.google.com/maps/place/Fahrung+Thai+Massage+Budapest/data=!4m7!3m6!1s0x4741ddbf9ccba903:0x17be669cda55c93c!8m2!3d47.5012434!4d19.056216!16s%2Fg%2F11v5t_62_z!19sChIJA6nLnL_dQUcRPMlV2pxmvhc?authuser=0&hl=hu&rclk=1,47.5012434,19.056216,,06202496926,"Budapest, Révay u. 8, 1065",,
Harmony-Med Spa,https://www.google.com/maps/place/Harmony-Med+Spa/data=!4m7!3m6!1s0x4741df3e36028a3f:0x9b846bf618e0cc50!8m2!3d47.460406!4d18.956902!16s%2Fg%2F11kjmdbvgk!19sChIJP4oCNj7fQUcRUMzgGPZrhJs?authuser=0&hl=hu&rclk=1,47.460406,18.956902,https://harmony-med-spa.webnode.hu/,06202866616,"Budaörs, Szabadság út 61, 2040",info@domainem.hu,info@domainem.hu
Made in Thailand,https://www.google.com/maps/place/Made+in+Thailand/data=!4m7!3m6!1s0x4741dc69fe949d23:0x6ba1bdfa42affe9b!8m2!3d47.4981513!4d19.0584489!16s%2Fg%2F11b778y4z3!19sChIJI52U_mncQUcRm_6vQvq9oWs?authuser=0&hl=hu&rclk=1,http://www.madeinthailand.hu/,06703303855,"Budapest, Madách Imre út 9, 1075",,
RNA_Massage_Rehabilitation_Form Studio,https://www.google.com/maps/place/RNA_Massage_Rehabilitation_Form+Studio/data=!4m7!3m6!1s0x4741dd461606a677:0xd9d7f442a4c2400a!8m2!3d47.501887!4d19.05089!16s%2Fg%2F11yl82slr4!19sChIJd6YGFkbdQUcRCkDCpEL019k?authuser=0&hl=hu&rclk=1,https://rna-rehabilitation--form-studio.webnode.hu/,06305988348,"Budapest, Október 6. u. 19, 1051",info@domainem.hu,info@domainem.hu
Thai Massage,https://www.google.com/maps/place/Thai+Massage/data=!4m7!3m6!1s0x4741dda794227dfb:0x2afc4c645541836f!8m2!3d47.493771!4d19.0525107!16s%2Fg%2F11h0zbqx02!19sChIJ-30ilKfdQUcRb4NBVWRM_Co?authuser=0&hl=hu&rclk=1,,06704197289,"Budapest, Váci u 23, 1052",,
Blossom Thai Massage - Nails Budapest,https://www.google.com/maps/place/Blossom+Thai+Massage+-+Nails+Budapest/data=!4m7!3m6!1s0x4741ddf630249569:0x93f90c396f308d1d!8m2!3d47.4990382!4d19.0577842!16s%2Fg%2F11pkljv1zq!19sChIJaZUkMPbdQUcRHY0wbzkM-ZM?authuser=0&hl=hu&rclk=1,https://www.facebook.com/Blosson-Thai-Massage-Nails-101153222440858,06205091350,"Budapest, Király u. 18, 1061",,
Chill-e Thaimassage,https://www.google.com/maps/place/Chill-e+Thaimassage/data=!4m7!3m6!1s0x6a4c434fceba8687:0x4d6e584b2090eccf!8m2!3d47.5016251!4d19.0666288!16s%2Fg%2F11sr__dlfb!19sChIJh4a6zk9DTGoRz-yQIEtYbk0?authuser=0&hl=hu&rclk=1,http://www.chillethaimassage.hu/,06307868386,"Budapest, Dob u. 60, 1072",chillethaimassage@gmail.com,chillethaimassage@gmail.com
Sa-Bai Thai Massage,https://www.google.com/maps/place/Sa-Bai+Thai+Massage/data=!4m7!3m6!1s0x4741dc41e4226d2f:0x87964ee7bdd341a6!8m2!3d47.4979289!4d19.0565308!16s%2Fg%2F11rd3j3_7!19sChIJL20i5EHcQUcRpkHTvedOloc?authuser=0&hl=hu&rclk=1,http://www.sabaithaimassage.hu/,06309699969,"Budapest, Asbóth u. 17, 1075",,
Lian Thai massage,https://www.google.com/maps/place/Lian+Thai+massage/data=!4m7!3m6!1s0x4741dc4285e05745:0x3d651e8c47f10f78!8m2!3d47.4968573!4d19.0615885!16s%2Fg%2F11bywz_hm4!19sChIJRVfghULcQUcReA_xR4weZT0?authuser=0&hl=hu&rclk=1,https://lianmassage.hu/,06303281862,"Budapest, Wesselényi utca 9, 1077",info@lianmassage.hu,info@lianmassage.hu
"Sunflower Thai Massage, Budapest","https://www.google.com/maps/place/Sunflower+Thai+Massage,+Budapest/data=!4m7!3m6!1s0x4741dd3361bd5f9b:0x988b850754ade944!8m2!3d47.5079922!4d19.0647487!16s%2Fg%2F11v64qd05b!19sChIJm1-9YTPdQUcRROmtVAeFi5g?authuser=0&hl=hu&rclk=1",https://www.facebook.com/Sunflowerthaimassage2,06202404307,"Budapest, Vörösmarty u. 36, 1064",,
Buda Thai Massage - Tradicionális Thai Masszázs szalon,https://www.google.com/maps/place/Buda+Thai+Massage+-+Tradicion%C3%A1lis+Thai+Massz%C3%A1zs+szalon/data=!4m7!3m6!1s0x4741dd0eb93268ed:0x6463afb9bbbd0978!8m2!3d47.5060935!4d19.0270392!16s%2Fg%2F11s6b0y0dh!19sChIJ7WgyuQ7dQUcReAm9u7mvY2Q?authuser=0&hl=hu&rclk=1,https://budathaimassage.hu/,06305540025,"Budapest, Várfok u. 7-9, 1012",info@budathaimassage.hu,info@budathaimassage.hu
Massage Service,https://www.google.com/maps/place/Massage+Service/data=!4m7!3m6!1s0x4741dddcf9a7e431:0x95d2437307ddd9bb!8m2!3d47.4940814!4d19.0527625!16s%2Fg%2F11x6jl660_!19sChIJMeSn-dzdQUcRu9ndB3ND0pU?authuser=0&hl=hu&rclk=1,https://massageservice.hu/,06204608550,"Budapest, Váci u 20, 1052",7990info@massageservice.hu,"7990info@massageservice.hu, info@massageservice.hu"
Thai Massage Pink,https://www.google.com/maps/place/Thai+Massage+Pink/data=!4m7!3m6!1s0x4741dd92734f54ab:0x6f07cc38f11e6e7a!8m2!3d47.5059531!4d19.0713906!16s%2Fg%2F11frrjxvnv!19sChIJq1RPc5LdQUcRem4e8TjMB28?authuser=0&hl=hu&rclk=1,,06301629234,"Budapest, Rózsa u. 45, 1077",,
SA-BAI THAI MASSAGE,https://www.google.com/maps/place/SA-BAI+THAI+MASSAGE/data=!4m7!3m6!1s0x4741dde9c3c240c9:0xe17d71d24b2fd975!8m2!3d47.4988647!4d19.0573121!16s%2Fg%2F11g_nvb2p7!19sChIJyUDCw-ndQUcRddkvS9JxfeE?authuser=0&hl=hu&rclk=1,http://www.sabaithaimassage.hu/,06208054311,"Budapest, Király u. 14, 1061",,
Oktogon Erotic Massage Budapest,https://www.google.com/maps/place/Oktogon+Erotic+Massage+Budapest/data=!4m7!3m6!1s0x4741dd71e68def1d:0x8fac1b848e3f434c!8m2!3d47.5052955!4d19.0634776!16s%2Fg%2F11r9vh_3ss!19sChIJHe-N5nHdQUcRTEM_joQbrI8?authuser=0&hl=hu&rclk=1,http://oktogoneroticmassage.hu/,06702399729,"Budapest, Teréz krt., 1066",,
ARTMASSAGE.HU • holistic tantra massage • holisztikus tantramasszázs,https://www.google.com/maps/place/ARTMASSAGE.HU+%E2%80%A2+holistic+tantra+massage+%E2%80%A2+holisztikus+tantramassz%C3%A1zs/data=!4m7!3m6!1s0x4741dddea5a1d9db:0xbf484d7ed9b9d48d!8m2!3d47.4992446!4d19.0399516!16s%2Fg%2F11wqbspp6y!19sChIJ29mhpd7dQUcRjdS52X5NSL8?authuser=0&hl=hu&rclk=1,https://artmassage.hu/,06501277700,"Budapest, Fő u. 6, 1011",,
Cheeva Thai Masszázs,https://www.google.com/maps/place/Cheeva+Thai+Massz%C3%A1zs/data=!4m7!3m6!1s0x4741dc0856255e4d:0x254afe770ee41bdf!8m2!3d47.5169454!4d19.0520872!16s%2Fg%2F11bz0qzps_!19sChIJTV4lVgjcQUcR3xvkDnf-SiU?authuser=0&hl=hu&rclk=1,http://www.cheevathai.hu/,06705945094,"from, Budapest Balzac utca 35 ( Entrance, Hollán Ernő u., 1136",cheevathaikft@gmail.com,cheevathaikft@gmail.com
Physio Trend,https://www.google.com/maps/place/Physio+Trend/data=!4m7!3m6!1s0x4741d579c0829a3b:0x9716d5080f77a8bb!8m2!3d47.695583!4d19.149098!16s%2Fg%2F11stz93wb9!19sChIJO5qCwHnVQUcRu6h3DwjVFpc?authuser=0&hl=hu&rclk=1,https://physiotrend.hu/,06704607344,"Göd, Kádár u. 49, 2132",info@physiotrend.hu,"info@physiotrend.hu, pest@physiotrend.hu"
Pink Lotus Nails & Massage,https://www.google.com/maps/place/Pink+Lotus+Nails+%26+Massage/data=!4m7!3m6!1s0x4741dd0010c36979:0xb1c7b4c52b61fe45!8m2!3d47.4988292!4d19.0513145!16s%2Fg%2F11y49lb1sz!19sChIJeWnDEADdQUcRRf5hK8W0x7E?authuser=0&hl=hu&rclk=1,,,"Budapest, Erzsébet tér 1, 1051",,
Dong Vera Spa,https://www.google.com/maps/place/Dong+Vera+Spa/data=!4m7!3m6!1s0x4741dd6cf73b4309:0x32c82712f3df8beb!8m2!3d47.4938276!4d19.0542263!16s%2Fg%2F11l1q7hjbz!19sChIJCUM792zdQUcR64vf8xInyDI?authuser=0&hl=hu&rclk=1,,,"Budapest, Haris köz 6, 1052",,
LEELA THAI MASSAGE,https://www.google.com/maps/place/LEELA+THAI+MASSAGE/data=!4m7!3m6!1s0x4741dd0c6787e091:0x7b8ef0fd0d60bbdf!8m2!3d47.49072!4d19.0553547!16s%2Fg%2F11h0xz2wxh!19sChIJkeCHZwzdQUcR37tgDf3wjns?authuser=0&hl=hu&rclk=1,,06205410919,"Budapest, Nyáry Pál u. 6, 1056",,
Puha kő masszázs stúdió,https://www.google.com/maps/place/Puha+k%C5%91+massz%C3%A1zs+st%C3%BAdi%C3%B3/data=!4m7!3m6!1s0x4741dc14b93fe843:0x90e192fad3a3481d!8m2!3d47.502891!4d19.0528146!16s%2Fg%2F11gg651fr_!19sChIJQ-g_uRTcQUcRHUij0_qS4ZA?authuser=0&hl=hu&rclk=1,https://www.facebook.com/puhakomasszazs,06702490346,"Budapest, Hercegprímás u. 19, 1051",,
Somchai Thai Massages,https://www.google.com/maps/place/Somchai+Thai+Massages/data=!4m7!3m6!1s0x4741dd3d55a6444f:0xd2f9f2af3b7c48ce!8m2!3d47.4939056!4d19.0592517!16s%2Fg%2F11fphj27v6!19sChIJT0SmVT3dQUcRzkh8O6_y-dI?authuser=0&hl=hu&rclk=1,https://somchaimassage.hu/,06709044839,"Budapest, Magyar u. 1, 1053",,
Holistic Massage Therapist / Remedial / Somatic / Swedish / Lomi-Lomi / Lymphatic D.,https://www.google.com/maps/place/Holistic+Massage+Therapist+%2F+Remedial+%2F+Somatic+%2F+Swedish+%2F+Lomi-Lomi+%2F+Lymphatic+D./data=!4m7!3m6!1s0x4741ddce1ef4d3a9:0x869ee7c7fbd045e6!8m2!3d47.4942032!4d19.0503871!16s%2Fg%2F11n0bmmlc0!19sChIJqdP0Hs7dQUcR5kXQ-8fnnoY?authuser=0&hl=hu&rclk=1,https://linktr.ee/massagefusion,06703646998,"Budapest, Apáczai Csere János u. 1, 1051",gordon.masszazs@gmail.com,gordon.masszazs@gmail.com
Siriporn Thai Massage Budapest,https://www.google.com/maps/place/Siriporn+Thai+Massage+Budapest/data=!4m7!3m6!1s0x4741dd2d8ae9a041:0x2f4d054b8296b77!8m2!3d47.5005788!4d19.0636034!16s%2Fg%2F11wfmbpph3!19sChIJQaDpii3dQUcRd2spuFTQ9AI?authuser=0&hl=hu&rclk=1,,06703365008,"Budapest, Csányi u. 2, 1077",,
somewhere nail spa massage,https://www.google.com/maps/place/somewhere+nail+spa+massage/data=!4m7!3m6!1s0x4741ddad937d5609:0x12e0fc2684c442e0!8m2!3d47.4931961!4d19.0538755!16s%2Fg%2F11nnn2l3f0!19sChIJCVZ9k63dQUcR4ELEhCb84BI?authuser=0&hl=hu&rclk=1,,,"Budapest, Kígyó u. 4, 1052",,
"Páros masszázs, 4 kezes masszázs, massage, couple massage, 4 hand massage","https://www.google.com/maps/place/P%C3%A1ros+massz%C3%A1zs,+4+kezes+massz%C3%A1zs,+massage,+couple+massage,+4+hand+massage/data=!4m7!3m6!1s0x4741dd262a4a25e5:0xf58402a908f98964!8m2!3d47.5022723!4d19.0653406!16s%2Fg%2F11j38_smzr!19sChIJ5SVKKibdQUcRZIn5CKkChPU?authuser=0&hl=hu&rclk=1",http://www.4kez.hu/,06703672711,"Budapest, Kertész u. 39, 1073",,
Kim Massage & Nail,https://www.google.com/maps/place/Kim+Massage+%26+Nail/data=!4m7!3m6!1s0x4741dd0076b51f4d:0x4e57927c715c76b7!8m2!3d47.4908164!4d19.0548733!16s%2Fg%2F11xmzj7h87!19sChIJTR-1dgDdQUcRt3ZccXySV04?authuser=0&hl=hu&rclk=1,,,"Budapest, Váci u 46, 1056",,
primasvédmasszázs,https://www.google.com/maps/place/primasv%C3%A9dmassz%C3%A1zs/data=!4m7!3m6!1s0x4741dc6b6d6ff1e1:0xdcaa81978405ddb8!8m2!3d47.5056417!4d19.0488105!16s%2Fg%2F11f5d3qv0k!19sChIJ4fFvbWvcQUcRuN0FhJeBqtw?authuser=0&hl=hu&rclk=1,https://primasvedmasszazs.webnode.hu/,06209139845,"Budapest, Vértanúk tere 1, 1054",info@domainem.hu,info@domainem.hu
Sea Pearl Thai Massage,https://www.google.com/maps/place/Sea+Pearl+Thai+Massage/data=!4m7!3m6!1s0x4741ddce064dfd21:0x22e40c9944f18c3b!8m2!3d47.4908783!4d19.0541536!16s%2Fg%2F11pf846pl_!19sChIJIf1NBs7dQUcRO4zxRJkM5CI?authuser=0&hl=hu&rclk=1,,06703671638,"Budapest, Váci u 45, 1056",,
Aileen Thai Massage,https://www.google.com/maps/place/Aileen+Thai+Massage/data=!4m7!3m6!1s0x4741dd6d805d40af:0x221087d79d6c226b!8m2!3d47.493834!4d19.069908!16s%2Fg%2F11fsklc6gb!19sChIJr0BdgG3dQUcRayJsndeHECI?authuser=0&hl=hu&rclk=1,https://aileenmasszazs.hu/,06309588366,"Budapest, Somogyi Béla u. 24, 1085",aileenthaimassage@gmail.com,aileenthaimassage@gmail.com
Royal Spa,https://www.google.com/maps/place/Royal+Spa/data=!4m7!3m6!1s0x4741dd22bb0924af:0x6bfd99b6aedc4a9e!8m2!3d47.5029427!4d19.0664914!16s%2Fg%2F11h_79683k!19sChIJryQJuyLdQUcRnkrcrraZ_Ws?authuser=0&hl=hu&rclk=1,https://www.corinthia.com/en/hotels/budapest/spa-leisure,0614794650,"Budapest, Erzsébet krt. 43-49, 1073",budapest@corinthia.com,budapest@corinthia.com
Asia Nail and Thai Massage,https://www.google.com/maps/place/Asia+Nail+and+Thai+Massage/data=!4m7!3m6!1s0x4741ddb572da934b:0x219376fb21259e6d!8m2!3d47.4930594!4d19.0538635!16s%2Fg%2F11fhryy49w!19sChIJS5PacrXdQUcRbZ4lIft2kyE?authuser=0&hl=hu&rclk=1,,,"Budapest, Kígyó u. 4-6, 1052",,
Thai Masszázs Szalon,https://www.google.com/maps/place/Thai+Massz%C3%A1zs+Szalon/data=!4m7!3m6!1s0x4741dc6b2ac7a5bd:0x583cbd2950c8f095!8m2!3d47.5014152!4d19.0531327!16s%2Fg%2F11fqpt9wv4!19sChIJvaXHKmvcQUcRlfDIUCm9PFg?authuser=0&hl=hu&rclk=1,,0612692849,"Budapest, Hercegprímás u. 9, 1051",,
Glow Oriental Head Spa / Ó Street,https://www.google.com/maps/place/Glow+Oriental+Head+Spa+%2F+%C3%93+Street/data=!4m7!3m6!1s0x4741dd7ef6d9dbb9:0x70c1af887b5d5ab3!8m2!3d47.5028557!4d19.0560321!16s%2Fg%2F11lckx_z_f!19sChIJudvZ9n7dQUcRs1pde4ivwXA?authuser=0&hl=hu&rclk=1,https://glowheadspa.com/,06702998866,"Budapest, Ó u. 4, 1066",info@glowheadspa.com,info@glowheadspa.com
Massage just for you Studio,https://www.google.com/maps/place/Massage+just+for+you+Studio/data=!4m7!3m6!1s0x4741dd2d357c6bd3:0x8c563a6867cc2d68!8m2!3d47.500222!4d19.056332!16s%2Fg%2F11svdt8x4p!19sChIJ02t8NS3dQUcRaC3MZ2g6Vow?authuser=0&hl=hu&rclk=1,http://www.massagejustforyou.com/,06706220295,"Budapest, Andrássy út 7, 1061",esmassgejustforyou@gmail.com,esmassgejustforyou@gmail.com
Pressure Point Masszázs,https://www.google.com/maps/place/Pressure+Point+Massz%C3%A1zs/data=!4m7!3m6!1s0x4741dd83785ef72f:0xfb9104bb709b68bb!8m2!3d47.5053999!4d19.0654944!16s%2Fg%2F11yyzw0lqy!19sChIJL_deeIPdQUcRu2ibcLsEkfs?authuser=0&hl=hu&rclk=1,47.5053999,19.0654944,https://pressurepointmasszazs.hu/,06204075727,"Budapest, Eötvös u. 9, 1067",pressurepointmasszazs@gmail.com,"pressurepointmasszazs@gmail.com, example@mail.com, info@pressurepointmasszazs.hu"
Váci Thai Massage,https://www.google.com/maps/place/V%C3%A1ci+Thai+Massage/data=!4m7!3m6!1s0x4741ddcbc467137d:0x8b006796467c2bfb!8m2!3d47.493681!4d19.0532137!16s%2Fg%2F11j239g8b8!19sChIJfRNnxMvdQUcR-yt8RpZnAIs?authuser=0&hl=hu&rclk=1,47.493681,19.0532137,,06301629234,"Budapest, Párizsi u. 1, 1052",,
Nori Massage,https://www.google.com/maps/place/Nori+Massage/data=!4m7!3m6!1s0x4741ddd2a158047b:0x20bb923ca3d969ba!8m2!3d47.5017999!4d19.0545838!16s%2Fg%2F11vt89znn0!19sChIJewRYodLdQUcRumnZozySuyA?authuser=0&hl=hu&rclk=1,47.5017999,19.0545838,,06206117777,"Budapest, Bajcsy-Zsilinszky út 20, 1051",,
"5 Elements Ayurvedic Day Spa - Best Ayurvedic massages, Spa Budapest, Medical massage, Panchakarma","https://www.google.com/maps/place/5+Elements+Ayurvedic+Day+Spa+-+Best+Ayurvedic+massages,+Spa+Budapest,+Medical+massage,+Panchakarma/data=!4m7!3m6!1s0x4741dd8da5df9e53:0x2eed2226150ff006!8m2!3d47.497782!4d19.073626!16s%2Fg%2F11j4lp92tm!19sChIJU57fpY3dQUcRBvAPFSYi7S4?authuser=0&hl=hu&rclk=1",47.497782,19.073626,https://5elements-massage-spa.hu/ayurdvedic-day-spa/,06309915555,"Budapest, Rákóczi út 55, 1088",info@5elements-massage-spa.hu,"info@5elements-massage-spa.hu, india@5elements-massage-spa.hu, bali@5elements-massage-spa.hu"
Pho Thong Thai Masszázs,https://www.google.com/maps/place/Pho+Thong+Thai+Massz%C3%A1zs/data=!4m7!3m6!1s0x4741dd297648e423:0x3cfc1f45cea8684b!8m2!3d47.5050844!4d19.0569737!16s%2Fg%2F11y36n7ym6!19sChIJI-RIdindQUcRS2iozkUf_Dw?authuser=0&hl=hu&rclk=1,47.5050844,19.0569737,https://phothong-thaimassage.hu/,06302544426,"Budapest, Dessewffy u. 25, 1066",info@phothong-thaimassage.hu,info@phothong-thaimassage.hu
Shim Thai Massage,https://www.google.com/maps/place/Shim+Thai+Massage/data=!4m7!3m6!1s0x4741dd00321af8cd:0x60a9474ef0ab4375!8m2!3d47.5019559!4d19.055788!16s%2Fg%2F11vz1dc5fk!19sChIJzfgaMgDdQUcRdUOr8E5HqWA?authuser=0&hl=hu&rclk=1,47.5019559,19.055788,https://shimthaimassage.hu/,06301454022,"Budapest, Lázár u. 2-5, 1065",info@dima.hu,"info@dima.hu, info@shimthaimassage.hu"
Tawan Thai massage,https://www.google.com/maps/place/Tawan+Thai+massage/data=!4m7!3m6!1s0x4741dd49fb895d09:0xedaa2a7730e69fb6!8m2!3d47.5043487!4d19.0556591!16s%2Fg%2F11l6jbhlh8!19sChIJCV2J-0ndQUcRtp_mMHcqqu0?authuser=0&hl=hu&rclk=1,47.5043487,19.0556591,https://tawan.hu/,06706088814,"Budapest, Dessewffy u. 4, 1066",info@tawan.hu,info@tawan.hu
Sky Thai Massage 2 /Vasvari Pal 6,https://www.google.com/maps/place/Sky+Thai+Massage+2+%2FVasvari+Pal+6/data=!4m7!3m6!1s0x4741dd4b5829ccad:0xe8e6036b2beba111!8m2!3d47.501317!4d19.060291!16s%2Fg%2F11y66gh_km!19sChIJrcwpWEvdQUcREaHrK2sD5ug?authuser=0&hl=hu&rclk=1,47.501317,19.060291,https://skythaimassage.hu/,06204102301,"Budapest, Vasvári Pál u. 6, 1061",ningyentafo@gmail.com,ningyentafo@gmail.com
Sensual Touch,https://www.google.com/maps/place/Sensual+Touch/data=!4m7!3m6!1s0x4741dd8066e599d3:0x279a1301cf8b3be4!8m2!3d47.5095423!4d19.0594807!16s%2Fg%2F11lw2w327r!19sChIJ05nlZoDdQUcR5DuLzwETmic?authuser=0&hl=hu&rclk=1,47.5095423,19.0594807,https://sensualtouchbudapest.com/,06702389560,"Budapest, Podmaniczky u. 31, 1067",,
Khanitta Thai Massage,https://www.google.com/maps/place/Khanitta+Thai+Massage/data=!4m7!3m6!1s0x4741dd4ae5ae7ce5:0xf4b94e779bcffcdc!8m2!3d47.5032883!4d19.0569526!16s%2Fg%2F11vqsjwh7p!19sChIJ5Xyu5UrdQUcR3PzPm3dOufQ?authuser=0&hl=hu&rclk=1,47.5032883,19.0569526,https://khanitta.hu/,06205250052,"Budapest, Ó u. 15, 1066",info@khanitta.hu,info@khanitta.hu
ThaenThaiMassage,https://www.google.com/maps/place/ThaenThaiMassage/data=!4m7!3m6!1s0x622a703b3fdc0afb:0x7ac1559e75410e42!8m2!3d47.5066564!4d19.0604914!16s%2Fg%2F11w34gv80l!19sChIJ-wrcPztwKmIRQg5BdZ5VwXo?authuser=0&hl=hu&rclk=1,47.5066564,19.0604914,https://www.fresha.com/book-now/thaen-thai-massage-gfrgr530/all-offer?id=1371178&pId=1302069&rwg_token=AE37R_h-c4yYhMY1zoXbfW5Ioi6504tux9qVyvESmTnZkwub6vAunuUSteBmy6QPp1sT2FaJOOfzkLcEl9bo0xcrxQyOzVQ2lw%3D%3D,06705766920,"Budapest, Zichy Jenő u. 51, 1066",388fe63e6063cc241ca2a1b0f52622a3@o61919.ingest.us.sentry.io,388fe63e6063cc241ca2a1b0f52622a3@o61919.ingest.us.sentry.io
Paradise Massage,https://www.google.com/maps/place/Paradise+Massage/data=!4m7!3m6!1s0x4741dd4429d554cd:0xba8e91037ec8546a!8m2!3d47.5106193!4d19.0685861!16s%2Fg%2F11xp342w4v!19sChIJzVTVKUTdQUcRalTIfgORjro?authuser=0&hl=hu&rclk=1,47.5106193,19.0685861,https://eroticparadisemassage.hu/,06204970479,"Budapest, Szinyei Merse u 6, 1063",eroticparadisemassage@gmail.com,eroticparadisemassage@gmail.com
Champa Thai Massage,https://www.google.com/maps/place/Champa+Thai+Massage/data=!4m7!3m6!1s0x4741dd06468bd74d:0x63a6f08dfef49a50!8m2!3d47.5052766!4d19.0619411!16s%2Fg%2F11xlqglj8c!19sChIJTdeLRgbdQUcRUJr0_o3wpmM?authuser=0&hl=hu&rclk=1,47.5052766,19.0619411,,06702479255,"Budapest, Jókai tér 7, 1061",,
Kesorn Thai Masszázs Budapest,https://www.google.com/maps/place/Kesorn+Thai+Massz%C3%A1zs+Budapest/data=!4m7!3m6!1s0x4741dde9d67491db:0x92f7436cbc8eeb22!8m2!3d47.498996!4d19.0664174!16s%2Fg%2F11h4b9bbyp!19sChIJ25F01undQUcRIuuOvGxD95I?authuser=0&hl=hu&rclk=1,47.498996,19.0664174,http://kesornthaimassage.hu/,06706074476,"Budapest, Wesselényi utca 33, 1077",,
Smile Thai Masszázsszalon Terézváros,https://www.google.com/maps/place/Smile+Thai+Massz%C3%A1zsszalon+Ter%C3%A9zv%C3%A1ros/data=!4m7!3m6!1s0x4741ddcc9923b3e7:0x68b2f921ba2ddefc!8m2!3d47.5048926!4d19.0568091!16s%2Fg%2F11xgxfktky!19sChIJ57MjmczdQUcR_N4tuiH5smg?authuser=0&hl=hu&rclk=1,47.5048926,19.0568091,https://www.smile-thai-masszazs.hu/,06205287886,"Budapest, Dessewffy u. 21, 1066",smilethaimassagebudapest@gmail.com,smilethaimassagebudapest@gmail.com
Smile Thai Masszázsszalon Újlipótváros,https://www.google.com/maps/place/Smile+Thai+Massz%C3%A1zsszalon+%C3%9Ajlip%C3%B3tv%C3%A1ros/data=!4m7!3m6!1s0x4741dc0960a3db89:0x88605d82ce4f9028!8m2!3d47.515057!4d19.0546842!16s%2Fg%2F11g6wcv4t2!19sChIJidujYAncQUcRKJBPzoJdYIg?authuser=0&hl=hu&rclk=1,47.515057,19.0546842,https://www.smilethaimassage.hu/,06205287886,"Budapest, Hegedűs Gyula u. 27/a, 1136",smilethaimassagebudapest@gmail.com,smilethaimassagebudapest@gmail.com
Atthy Thai Massage,https://www.google.com/maps/place/Atthy+Thai+Massage/data=!4m7!3m6!1s0x4741dd5d5ea2af7d:0x7727aeb985d56653!8m2!3d47.5008622!4d19.0712301!16s%2Fg%2F11vszbsp8l!19sChIJfa-iXl3dQUcRU2bVhbmuJ3c?authuser=0&hl=hu&rclk=1,47.5008622,19.0712301,http://www.atthythai.hu/,06206112247,"Budapest, Barcsay u. 14, 1073",atthythai@gmail.com,atthythai@gmail.com
Barbara's Erotic Massage,https://www.google.com/maps/place/Barbara%27s+Erotic+Massage/data=!4m7!3m6!1s0x4741dd7f4f4eec11:0x44677bf105cf30a3!8m2!3d47.5104184!4d19.0637886!16s%2Fg%2F11g_z50mmx!19sChIJEexOT3_dQUcRozDPBfF7Z0Q?authuser=0&hl=hu&rclk=1,47.5104184,19.0637886,https://barbaramassage.hu/,06303661030,"Budapest, Izabella u., 1064",,
Sparsha Ayurveda Centre Ayurvedikus Masszázs Központ & holisztikus gyógyítás/Ayurvedic Health centre,https://www.google.com/maps/place/Sparsha+Ayurveda+Centre+Ayurvedikus+Massz%C3%A1zs+K%C3%B6zpont+%26+holisztikus+gy%C3%B3gy%C3%ADt%C3%A1s%2FAyurvedic+Health+centre/data=!4m7!3m6!1s0x4741db882117dfdd:0x2a00b8ee91482e83!8m2!3d47.5079913!4d19.0632351!16s%2Fg%2F11f24w6t3v!19sChIJ3d8XIYjbQUcRgy5Ike64ACo?authuser=0&hl=hu&rclk=1,47.5079913,19.0632351,http://www.sparshacare.com/,06705625113,"Budapest, Csengery u. 64, 1067",info@sparshacare.com,info@sparshacare.com
Wairua Masszázs szalon,https://www.google.com/maps/place/Wairua+Massz%C3%A1zs+szalon/data=!4m7!3m6!1s0x4741ddd731934191:0xd1ce60d7e17c3944!8m2!3d47.5122589!4d19.0538077!16s%2Fg%2F11q8g413rm!19sChIJkUGTMdfdQUcRRDl84ddgztE?authuser=0&hl=hu&rclk=1,47.5122589,19.0538077,https://wairua.hu/,06709457892,"Budapest, Visegrádi u. 8, 1132",info@wairua.hu,info@wairua.hu
AGB’s Spa and Massage,https://www.google.com/maps/place/AGB%E2%80%99s+Spa+and+Massage/data=!4m7!3m6!1s0x4741dd78cf82e84d:0x6a7f0de905195002!8m2!3d47.5052109!4d19.0582839!16s%2Fg%2F11khzc69xr!19sChIJTeiCz3jdQUcRAlAZBekNf2o?authuser=0&hl=hu&rclk=1,47.5052109,19.0582839,,,"Budapest, Zichy Jenő u. 30, 1065",,
Thai Wellness & Massage,https://www.google.com/maps/place/Thai+Wellness+%26+Massage/data=!4m7!3m6!1s0x4741dd62a920ed13:0x5b442712dc9d09eb!8m2!3d47.5065748!4d19.0639655!16s%2Fg%2F11vds9f15r!19sChIJE-0gqWLdQUcR6wmd3BInRFs?authuser=0&hl=hu&rclk=1,47.5065748,19.0639655,https://www.fresha.com/book-now/kanok-thai-massage-l3gv40ks/all-offer?pId=1018583,06304026043,"Budapest, Eötvös u. 19, 1067",388fe63e6063cc241ca2a1b0f52622a3@o61919.ingest.us.sentry.io,388fe63e6063cc241ca2a1b0f52622a3@o61919.ingest.us.sentry.io
Lets Relax Thai Massage,https://www.google.com/maps/place/Lets+Relax+Thai+Massage/data=!4m7!3m6!1s0x4741ddf9374dd74b:0x99a11febfb372741!8m2!3d47.4967388!4d19.0353625!16s%2Fg%2F11rxm8473y!19sChIJS9dNN_ndQUcRQSc3--sfoZk?authuser=0&hl=hu&rclk=1,47.4967388,19.0353625,https://www.letsrelaxthaimassage.eu/,06703554289,"Budapest, Váralja u. 7, 1013",info@letsrelaxthaimassage.eu,info@letsrelaxthaimassage.eu
Cintia Massage Studio,https://www.google.com/maps/place/Cintia+Massage+Studio/data=!4m7!3m6!1s0x4741ddcd5460854b:0x6dcdcc3eec482d52!8m2!3d47.5083987!4d19.0585139!16s%2Fg%2F11s4t4dd41!19sChIJS4VgVM3dQUcRUi1I7D7MzW0?authuser=0&hl=hu&rclk=1,47.5083987,19.0585139,https://cintiamassagestudio.hu/,,"Budapest, Teréz krt. 50, 1066",cintiamassagestudio@gmail.com,cintiamassagestudio@gmail.com
"GerincFix Stúdió (Budapest, VI. kerület)","https://www.google.com/maps/place/GerincFix+St%C3%BAdi%C3%B3+%28Budapest,+VI.+ker%C3%BClet%29/data=!4m7!3m6!1s0x4741dd9922a6713f:0xacbbbd69dcca58f9!8m2!3d47.5108847!4d19.0689994!16s%2Fg%2F11rgrs16nf!19sChIJP3GmIpndQUcR-VjK3Gm9u6w?authuser=0&hl=hu&rclk=1",47.5108847,19.0689994,https://www.gerincfix.hu/studiok/budapest-3-kerulet-selmeci-utca-28-30/,06303772266,"Budapest, Szinyei Merse u 5, 1063",gerincfixstudio@gmail.hu,"gerincfixstudio@gmail.hu, gerincfixstudio@gmail.com"
Pál Masszázs,https://www.google.com/maps/place/P%C3%A1l+Massz%C3%A1zs/data=!4m7!3m6!1s0x4741dde39998f853:0x8a48a73f0037ad39!8m2!3d47.5089093!4d19.064333!16s%2Fg%2F11x7hcg076!19sChIJU_iYmePdQUcROa03AD-nSIo?authuser=0&hl=hu&rclk=1,47.5089093,19.064333,,06709535093,"Budapest, Vörösmarty u. 51A, 1064",,
Daniel's Massage,https://www.google.com/maps/place/Daniel%27s+Massage/data=!4m7!3m6!1s0x4741db91430327c3:0xb960876061951a2f!8m2!3d47.5067979!4d19.0615968!16s%2Fg%2F11h10690v9!19sChIJwycDQ5HbQUcRLxqVYWCHYLk?authuser=0&hl=hu&rclk=1,47.5067979,19.0615968,http://www.batkidaniel.com/,06304580249,"Budapest, Teréz krt. 27, 1067",batkidaniel@gmail.com,batkidaniel@gmail.com
"Diamond Masszázs Stúdió Budapest, masszázs, páros masszázs","https://www.google.com/maps/place/Diamond+Massz%C3%A1zs+St%C3%BAdi%C3%B3+Budapest,+massz%C3%A1zs,+p%C3%A1ros+massz%C3%A1zs/data=!4m7!3m6!1s0x4741dc44d7948173:0x43f20c5c71ce5129!8m2!3d47.503701!4d19.0684769!16s%2Fg%2F1vvywvx3!19sChIJc4GU10TcQUcRKVHOcVwM8kM?authuser=0&hl=hu&rclk=1",47.503701,19.0684769,,,"Budapest, Csengery u. 26, 1074",,
Bali Hajnal Szalon,https://www.google.com/maps/place/Bali+Hajnal+Szalon/data=!4m7!3m6!1s0x4741dc6b3b6da079:0x9f41a84028473127!8m2!3d47.5047603!4d19.0550045!16s%2Fg%2F11h461__qw!19sChIJeaBtO2vcQUcRJzFHKECoQZ8?authuser=0&hl=hu&rclk=1,47.5047603,19.0550045,,06209132963,"Budapest, Bajcsy-Zsilinszky út, 1051",,
Yumeiho Gina Moreno,https://www.google.com/maps/place/Yumeiho+Gina+Moreno/data=!4m7!3m6!1s0x4741ddab39644b99:0x8e85c43fdfcbbe0c!8m2!3d47.5079416!4d19.070851!16s%2Fg%2F11vxsn3cvt!19sChIJmUtkOavdQUcRDL7L3z_EhY4?authuser=0&hl=hu&rclk=1,47.5079416,19.070851,http://www.yumeihomassage.net/,06303018311,"Budapest, Németh László utca 11, 1068",2062d0a4929b45348643784b5cb39c36@sentry.wixpress.com,"2062d0a4929b45348643784b5cb39c36@sentry.wixpress.com, 78f7996315bc402f9dcb8a2f974b82d1@sentry.wixpress.com, 18d2f96d279149989b95faf0a4b41882@sentry-next.wixpress.com, 460ff4620fa44cba8df530afde949785@sentry.wixpress.com, yumeihoterapia.org@gmail.com, c183baa23371454f99f417f6616b724d@sentry.wixpress.com, 605a7baede844d278b89dc95ae0a9123@sentry-next.wixpress.com, 9a65e97ebe8141fca0c4fd686f70996b@sentry.wixpress.com, 8c4075d5481d476e945486754f783364@sentry.io, 271e9fa3230b4eec94b02bf95780f5f2@sentry.wixpress.com, 5d1795a2db124a268f1e1bd88f503500@sentry.wixpress.com, dd0a55ccb8124b9c9d938e3acf41f8aa@sentry.wixpress.com, ed436f5053144538958ad06a5005e99a@sentry.wixpress.com"
CHADA PEARL THAI MASSAGE,https://www.google.com/maps/place/CHADA+PEARL+THAI+MASSAGE/data=!4m7!3m6!1s0x4741db83312685cb:0xc0d73e0ad1efbacb!8m2!3d47.5187381!4d19.0628598!16s%2Fg%2F11j2c9vnw0!19sChIJy4UmMYPbQUcRy7rv0Qo-18A?authuser=0&hl=hu&rclk=1,47.5187381,19.0628598,https://chadathaibudapest.hu/,06203111317,"Budapest, Bulcsú u. 21b, 1134",%20chadathaibudapest@gmail.com,"%20chadathaibudapest@gmail.com, chadathaibudapest@gmail.com"
Thai Massage Pink,https://www.google.com/maps/place/Thai+Massage+Pink/data=!4m7!3m6!1s0x4741dde200dee72d:0xf8d1f4d98e9e9c81!8m2!3d47.5047362!4d19.0637255!16s%2Fg%2F11j7hqlsx9!19sChIJLefeAOLdQUcRgZyejtn00fg?authuser=0&hl=hu&rclk=1,47.5047362,19.0637255,,06301629234,"Budapest, Teréz krt. 12, 1066",,
Elizabeth Masszázs Szalon Budapest,https://www.google.com/maps/place/Elizabeth+Massz%C3%A1zs+Szalon+Budapest/data=!4m7!3m6!1s0x4741dd4ee2cf501d:0xa62d5888d6d43178!8m2!3d47.5065493!4d19.054805!16s%2Fg%2F11h4t78hqd!19sChIJHVDP4k7dQUcReDHU1ohYLaY?authuser=0&hl=hu&rclk=1,47.5065493,19.054805,https://www.elizabeth-masszazs-szalon.hu/,06303767319,"Budapest, utcai bejáratú, Bajcsy-Zsilinszky út 62-3-as kapucsengő, 1054",info@domainem.hu,"info@domainem.hu, elizabethgyogymasszazs@gmail.com, u0022elizabethgyogymasszazs@gmail.com, abuse@promptforgecloud.com"
Sziklai masszázs,https://www.google.com/maps/place/Sziklai+massz%C3%A1zs/data=!4m7!3m6!1s0x4741dcf247b5febb:0x120ca4b56a30d845!8m2!3d47.5058894!4d19.064966!16s%2Fg%2F11bbyhxv6p!19sChIJu_61R_LcQUcRRdgwarWkDBI?authuser=0&hl=hu&rclk=1,47.5058894,19.064966,https://sziklaimasszazs.hu/,,"Budapest Andrássy út 55 földszint - ground floor, 1062",info@sziklaimasszazs.hu,info@sziklaimasszazs.hu
Hátmasszázs.hu - Nyugati tér,https://www.google.com/maps/place/H%C3%A1tmassz%C3%A1zs.hu+-+Nyugati+t%C3%A9r/data=!4m7!3m6!1s0x4741dc0c3ec12b0f:0x43e01bf2e07943a1!8m2!3d47.5111161!4d19.0551866!16s%2Fg%2F1ptyx9hdx!19sChIJDyvBPgzcQUcRoUN54PIb4EM?authuser=0&hl=hu&rclk=1,47.5111161,19.0551866,https://www.hatmasszazs.com/,06703956773,"Budapest, es kapucsengő, Nyugati tér 5-4/4., 50, 1132",,
Bencsik Lívia Gyógy és Thai masszőr,https://www.google.com/maps/place/Bencsik+L%C3%ADvia+Gy%C3%B3gy+%C3%A9s+Thai+massz%C5%91r/data=!4m7!3m6!1s0x4741dd80e58d3dd3:0xceb1bd86af707aae!8m2!3d47.5041491!4d19.0574923!16s%2Fg%2F11hkrm25rt!19sChIJ0z2N5YDdQUcRrnpwr4a9sc4?authuser=0&hl=hu&rclk=1,47.5041491,19.0574923,https://tinyurl.com/bencsikliviamasszor,06702747177,"Budapest, Hajós u. 25, 1065",388fe63e6063cc241ca2a1b0f52622a3@o61919.ingest.us.sentry.io,388fe63e6063cc241ca2a1b0f52622a3@o61919.ingest.us.sentry.io
Thai Massage Pink,https://www.google.com/maps/place/Thai+Massage+Pink/data=!4m7!3m6!1s0x4741dd093ae8791f:0x7f1c36ef8010c3c0!8m2!3d47.5092659!4d19.067533!16s%2Fg%2F11j2399m_0!19sChIJH3noOgndQUcRwMMQgO82HH8?authuser=0&hl=hu&rclk=1,47.5092659,19.067533,,06301629234,"Budapest, Aradi u. 41, 1062",,
Tantra masszázs Budapest,https://www.google.com/maps/place/Tantra+massz%C3%A1zs+Budapest/data=!4m7!3m6!1s0x4741dd980bdf12a7:0xb4ae97f6eceaf9bd!8m2!3d47.502343!4d19.0606303!16s%2Fg%2F11xtpxcd5p!19sChIJpxLfC5jdQUcRvfnq7PaXrrQ?authuser=0&hl=hu&rclk=1,47.502343,19.0606303,http://www.tantra-masszazs.hu/,06706001705,"Budapest, Paulay Ede u. 47, 1061",,
BB Shiatsu - Japán Masszázs és Kiropraktika,https://www.google.com/maps/place/BB+Shiatsu+-+Jap%C3%A1n+Massz%C3%A1zs+%C3%A9s+Kiropraktika/data=!4m7!3m6!1s0x4741ddd7979a6eb1:0x6847b055613a4628!8m2!3d47.504656!4d19.0604219!16s%2Fg%2F11jcn4jrn7!19sChIJsW6al9fdQUcRKEY6YVWwR2g?authuser=0&hl=hu&rclk=1,47.504656,19.0604219,,,"Budapest, Mozsár u. 7, 1066",,
Suba Egon Masszőr és Síoktató,https://www.google.com/maps/place/Suba+Egon+Massz%C5%91r+%C3%A9s+S%C3%ADoktat%C3%B3/data=!4m7!3m6!1s0x4741e7b9dd0229bd:0xe548741f1343082c!8m2!3d47.5105303!4d19.0619325!16s%2Fg%2F11smtzv86l!19sChIJvSkC3bnnQUcRLAhDEx90SOU?authuser=0&hl=hu&rclk=1,47.5105303,19.0619325,,06706165152,"Budapest, Vörösmarty u. 75, 1064",,
Hrishikesh Ayurveda,https://www.google.com/maps/place/Hrishikesh+Ayurveda/data=!4m7!3m6!1s0x4741dddd7749e7f3:0xf9d5f1ab27f2c082!8m2!3d47.5106154!4d19.0692044!16s%2Fg%2F11h7rp6qhp!19sChIJ8-dJd93dQUcRgsDyJ6vx1fk?authuser=0&hl=hu&rclk=1,47.5106154,19.0692044,https://www.hrishikeshayurveda.com/,06206623588,"Budapest, Aradi u. 56, 1062",2062d0a4929b45348643784b5cb39c36@sentry.wixpress.com,"2062d0a4929b45348643784b5cb39c36@sentry.wixpress.com, c183baa23371454f99f417f6616b724d@sentry.wixpress.com, 460ff4620fa44cba8df530afde949785@sentry.wixpress.com, 8eb368c655b84e029ed79ad7a5c1718e@sentry.wixpress.com, hrishikeshayurveda2018@gmail.com, 605a7baede844d278b89dc95ae0a9123@sentry-next.wixpress.com, hayurvedadebrecen@gmail.com, 9a65e97ebe8141fca0c4fd686f70996b@sentry.wixpress.com, 8c4075d5481d476e945486754f783364@sentry.io, 271e9fa3230b4eec94b02bf95780f5f2@sentry.wixpress.com, hrishikeshayurveda@gmail.com, support@schedulista.com, dd0a55ccb8124b9c9d938e3acf41f8aa@sentry.wixpress.com, ed436f5053144538958ad06a5005e99a@sentry.wixpress.com"
Nyugati Massage Studio Budapest,https://www.google.com/maps/place/Nyugati+Massage+Studio+Budapest/data=!4m7!3m6!1s0x4741dc0da536b163:0x8616f6ea9871df82!8m2!3d47.5102333!4d19.0548809!16s%2Fg%2F11c1vlj4gz!19sChIJY7E2pQ3cQUcRgt9xmOr2FoY?authuser=0&hl=hu&rclk=1,47.5102333,19.0548809,https://hotelmassageinbudapest.com/,06705429361,"Budapest, The entrance is between the Greek gyros and the WU change, Nyugati tér 6, 1055",,
Avalon thai massage Budapest,https://www.google.com/maps/place/Avalon+thai+massage+Budapest/data=!4m7!3m6!1s0x4741dd4261f7a225:0x9edcddfd4e054eec!8m2!3d47.497917!4d19.06825!16s%2Fg%2F11q26rgb8l!19sChIJJaL3YULdQUcR7E4FTv3d3J4?authuser=0&hl=hu&rclk=1,47.497917,19.06825,https://avalon-thaimassage.com/,06301192031,"Budapest, Akácfa u. 10, 1072",avalon.massage.hu@gmail.com,avalon.massage.hu@gmail.com
Pesti Massage,https://www.google.com/maps/place/Pesti+Massage/data=!4m7!3m6!1s0x4741dd2115d360e3:0xcfc414e05ec7d402!8m2!3d47.5015861!4d19.0727966!16s%2Fg%2F11vptdv6vx!19sChIJ42DTFSHdQUcRAtTHXuAUxM8?authuser=0&hl=hu&rclk=1,47.5015861,19.0727966,https://pestimassage.com/,06703433885,"Budapest, Szövetség u. 28b, 1074",contact.pestimassage@gmail.com,contact.pestimassage@gmail.com
Allure Massage,https://www.google.com/maps/place/Allure+Massage/data=!4m7!3m6!1s0x4741dd6602ce1b41:0xc47fe8956b523249!8m2!3d47.5064499!4d19.0857785!16s%2Fg%2F11wpkthwsl!19sChIJQRvOAmbdQUcRSTJSa5Xof8Q?authuser=0&hl=hu&rclk=1,47.5064499,19.0857785,https://alluremassage.hu/,06702062141,"Budapest, Dózsa György út 54, 1071",alluremassage24@gmail.com,alluremassage24@gmail.com
Starlight Massage,https://www.google.com/maps/place/Starlight+Massage/data=!4m7!3m6!1s0x4741ddb7763bf67b:0x9d23e00b17618fe4!8m2!3d47.5106193!4d19.0685861!16s%2Fg%2F11x5jvlbrd!19sChIJe_Y7drfdQUcR5I9hFwvgI50?authuser=0&hl=hu&rclk=1,47.5106193,19.0685861,https://starlightmassagebudapest.com/,06301217586,"Budapest, Szinyei Merse u 6/1, 1063",contact@starlightmassagebudapest.com,contact@starlightmassagebudapest.com
Saeng Tian Thai Masszázs | Alpár utca,https://www.google.com/maps/place/Saeng+Tian+Thai+Massz%C3%A1zs+%7C+Alp%C3%A1r+utca/data=!4m7!3m6!1s0x4741ddebdd820be9:0x792652ed2b155055!8m2!3d47.5040339!4d19.0868394!16s%2Fg%2F11y23hsjcy!19sChIJ6QuC3evdQUcRVVAVK-1SJnk?authuser=0&hl=hu&rclk=1,47.5040339,19.0868394,https://thaimasszazscentrum.hu/szalonok/budapest-alpar-utca,06704337982,"Budapest, Alpár u. 3, 1076",info@saengtian.hu,info@saengtian.hu
SPA InterContinental,https://www.google.com/maps/place/SPA+InterContinental/data=!4m7!3m6!1s0x4741dc3fa6f6928f:0xdbc6aff8f216ea34!8m2!3d47.497386!4d19.0477057!16s%2Fg%2F1yfh_kmk4!19sChIJj5L2pj_cQUcRNOoW8vivxts?authuser=0&hl=hu&rclk=1,47.497386,19.0477057,,0613276427,"Budapest, Apáczai Csere János u., 1052",,
Budapest Masszázs,https://www.google.com/maps/place/Budapest+Massz%C3%A1zs/data=!4m7!3m6!1s0x4741dd009e0fc993:0xa491e8f19bc45a67!8m2!3d47.5073574!4d19.0731395!16s%2Fg%2F11vy14hrqg!19sChIJk8kPngDdQUcRZ1rEm_HokaQ?authuser=0&hl=hu&rclk=1,47.5073574,19.0731395,https://budapestmasszazs.com/,06204858186,"Budapest, Városligeti fasor 1, 1071",csabag11@gmail.com,csabag11@gmail.com
"Fingertips Massage - masszázs, shiatsu","https://www.google.com/maps/place/Fingertips+Massage+-+massz%C3%A1zs,+shiatsu/data=!4m7!3m6!1s0x1d0d5850b87ff51:0xcdb66fe2305551b9!8m2!3d47.4950982!4d19.0623837!16s%2Fg%2F11vyr5t94l!19sChIJUf-HC4XV0AERuVFVMOJvts0?authuser=0&hl=hu&rclk=1",47.4950982,19.0623837,https://www.fingertipsmasszazs.hu/,06703831288,"Budapest, Rákóczi út 10, 1074",info@fingertipsmassage.hu,"info@fingertipsmassage.hu, info@fingertipsmasszazs.hu, info@segitokezekmasszazs.hu"
5 Elements Day Spa,https://www.google.com/maps/place/5+Elements+Day+Spa/data=!4m7!3m6!1s0x4741dc1bc89430d3:0xa760bc9eeeb4c29!8m2!3d47.5075937!4d19.0379163!16s%2Fg%2F11cn652kc2!19sChIJ0zCUyBvcQUcRKUzr7skLdgo?authuser=0&hl=hu&rclk=1,47.5075937,19.0379163,https://5elements-massage-spa.hu/balinese/,06302353555,"Budapest, Csalogány u. 4a, 1015",info@5elements-massage-spa.hu,"info@5elements-massage-spa.hu, india@5elements-massage-spa.hu, bali@5elements-massage-spa.hu"
Mira Beauty and Massage,https://www.google.com/maps/place/Mira+Beauty+and+Massage/data=!4m7!3m6!1s0x4741dc7c0af5d8e5:0xbb5b3a1bcdcc7150!8m2!3d47.5082474!4d19.0801883!16s%2Fg%2F1pp2x9ng_!19sChIJ5dj1CnzcQUcRUHHMzRs6W7s?authuser=0&hl=hu&rclk=1,47.5082474,19.0801883,http://www.mirabeautyandmassage.eu/,06706266474,"Budapest, Damjanich u. 37, 1071",mira.dk@gmail.com,mira.dk@gmail.com
Kamadeva Tantra Massage,https://www.google.com/maps/place/Kamadeva+Tantra+Massage/data=!4m7!3m6!1s0x4741dd79daf38ecd:0xeefe09cc1da17fed!8m2!3d47.4973442!4d19.0652822!16s%2Fg%2F11sg3cmpy_!19sChIJzY7z2nndQUcR7X-hHcwJ_u4?authuser=0&hl=hu&rclk=1,47.4973442,19.0652822,https://tantramassage.kamadeva.hu/,06703459939,"Budapest, Nagy Diófa u. 15, 1072",kamadevatantramassage@gmail.com,kamadevatantramassage@gmail.com
Masszázs-völgy,https://www.google.com/maps/place/Massz%C3%A1zs-v%C3%B6lgy/data=!4m7!3m6!1s0x4741dc634bb7067d:0x9b06c5949487fac!8m2!3d47.504331!4d19.0788392!16s%2Fg%2F11c5h28_qj!19sChIJfQa3S2PcQUcRrH9ISVlssAk?authuser=0&hl=hu&rclk=1,47.504331,19.0788392,http://masszazsvolgy.hu/,06203465445,"Budapest, Bethlen Gábor u. 29, 1071",masszazsvolgy@gmail.com,masszazsvolgy@gmail.com
Minczér Krisztina - Holisztikus masszázs,https://www.google.com/maps/place/Mincz%C3%A9r+Krisztina+-+Holisztikus+massz%C3%A1zs/data=!4m7!3m6!1s0x4741dd8e8dfb65b9:0xf9250eba76c9c556!8m2!3d47.502342!4d19.0761497!16s%2Fg%2F11x163022y!19sChIJuWX7jY7dQUcRVsXJdroOJfk?authuser=0&hl=hu&rclk=1,47.502342,19.0761497,https://minczerkriszti.com/hasmasszazs-budapest/,,"Budapest, Dohány u. 106, 1074",,
Hongthong Thai Massage,https://www.google.com/maps/place/Hongthong+Thai+Massage/data=!4m7!3m6!1s0x4741dc886966acd9:0x5f34c1f5624cbbe1!8m2!3d47.5021558!4d19.0857569!16s%2Fg%2F11tk8m057f!19sChIJ2axmaYjcQUcR4btMYvXBNF8?authuser=0&hl=hu&rclk=1,47.5021558,19.0857569,,,"Budapest, Thököly út 5, 1076",,
DeepHarmony Masszázsszalon,https://www.google.com/maps/place/DeepHarmony+Massz%C3%A1zsszalon/data=!4m7!3m6!1s0x4741dd909a0e4495:0x3f0268640bd17237!8m2!3d47.5040871!4d19.0843802!16s%2Fg%2F11y75m9_l9!19sChIJlUQOmpDdQUcRN3LRC2RoAj8?authuser=0&hl=hu&rclk=1,47.5040871,19.0843802,https://www.deepharmony.hu/,06707704009,"Budapest, Péterfy Sándor u. 51, 1078",,
Bázisterápia - Yumeiho masszázs - MuscuLogika,https://www.google.com/maps/place/B%C3%A1zister%C3%A1pia+-+Yumeiho+massz%C3%A1zs+-+MuscuLogika/data=!4m7!3m6!1s0x4741ddee8bb370e1:0xa0d40654b2e6a097!8m2!3d47.5020741!4d19.0686867!16s%2Fg%2F11v6szf826!19sChIJ4XCzi-7dQUcRl6DmslQG1KA?authuser=0&hl=hu&rclk=1,47.5020741,19.0686867,https://bazisterapia.hu/,06304268289,"Budapest, Dob u. 73, 1077",c183baa23371454f99f417f6616b724d@sentry.wixpress.com,"c183baa23371454f99f417f6616b724d@sentry.wixpress.com, 8eb368c655b84e029ed79ad7a5c1718e@sentry.wixpress.com, 605a7baede844d278b89dc95ae0a9123@sentry-next.wixpress.com, 8c4075d5481d476e945486754f783364@sentry.io, 2062d0a4929b45348643784b5cb39c36@sentry.wixpress.com, info@bazisterapia.hu, dd0a55ccb8124b9c9d938e3acf41f8aa@sentry.wixpress.com, 9a65e97ebe8141fca0c4fd686f70996b@sentry.wixpress.com"
Gaia Szalon Tantra masszázs,https://www.google.com/maps/place/Gaia+Szalon+Tantra+massz%C3%A1zs/data=!4m7!3m6!1s0x4741dd3c0f41f8a1:0x4d43d95791189d3b!8m2!3d47.4990051!4d19.0731373!16s%2Fg%2F11kj0fzk97!19sChIJofhBDzzdQUcRO50YkVfZQ00?authuser=0&hl=hu&rclk=1,47.4990051,19.0731373,https://www.gaia-salon.hu/,06705314547,"Budapest, Barát u., 1074",info@domainem.hu,"info@domainem.hu, szalon.gaia@gmail.com"
Rehabmasszázs,https://www.google.com/maps/place/Rehabmassz%C3%A1zs/data=!4m7!3m6!1s0x4741daf7f773f573:0x81ea7b095bf73a4d!8m2!3d47.5041042!4d19.0749443!16s%2Fg%2F11g6pxzd7m!19sChIJc_Vz9_faQUcRTTr3Wwl76oE?authuser=0&hl=hu&rclk=1,47.5041042,19.0749443,http://www.rehabmasszazs.hu/,06205366898,"Budapest, Wesselényi utca 82, 1154",,
Oázis Masszázs,https://www.google.com/maps/place/O%C3%A1zis+Massz%C3%A1zs/data=!4m7!3m6!1s0x4741dd13452779d3:0x5e1c057dd750410e!8m2!3d47.4992355!4d19.0744766!16s%2Fg%2F11wmy5tc7v!19sChIJ03knRRPdQUcRDkFQ130FHF4?authuser=0&hl=hu&rclk=1,47.4992355,19.0744766,https://www.oazismasszazs.hu/,06709424980,"Budapest, DownDog jógastudió, Szövetség u. 9-A-B, 1074",gyogymasszor.thaly@gmail.com,gyogymasszor.thaly@gmail.com
TC Sportmasszázs és mozgásterápia,https://www.google.com/maps/place/TC+Sportmassz%C3%A1zs+%C3%A9s+mozg%C3%A1ster%C3%A1pia/data=!4m7!3m6!1s0x4741ddc4f8560a03:0x9cb618b6e774e370!8m2!3d47.5047787!4d19.086215!16s%2Fg%2F11hx8vhf2n!19sChIJAwpW-MTdQUcRcON057YYtpw?authuser=0&hl=hu&rclk=1,47.5047787,19.086215,http://www.facebook.com/tcsportmasszazsesmozgasterapia/,,"Budapest, Sajó u. 3, 1076",,
"A masszőr, ahol a KEZEK látnak - Bélafi Szilárd masszázs stúdió","https://www.google.com/maps/place/A+massz%C5%91r,+ahol+a+KEZEK+l%C3%A1tnak+-+B%C3%A9lafi+Szil%C3%A1rd+massz%C3%A1zs+st%C3%BAdi%C3%B3/data=!4m7!3m6!1s0x4741dc5d4e21fa69:0x6b6ef01d31d2e3d2!8m2!3d47.4961275!4d19.0647878!16s%2Fg%2F11j0jk298z!19sChIJafohTl3cQUcR0uPSMR3wbms?authuser=0&hl=hu&rclk=1",47.4961275,19.0647878,https://www.akezeklatnak.hu/,06202922250,"Budapest, Dohány u. 30/b, 1074",,
Böröcz Csilla - Komplex manuális és mozgásterápia,https://www.google.com/maps/place/B%C3%B6r%C3%B6cz+Csilla+-+Komplex+manu%C3%A1lis+%C3%A9s+mozg%C3%A1ster%C3%A1pia/data=!4m7!3m6!1s0x4741c9b90532946d:0x63bd98b30854a3f8!8m2!3d47.5031604!4d19.0715466!16s%2Fg%2F11fjvzqcfx!19sChIJbZQyBbnJQUcR-KNUCLOYvWM?authuser=0&hl=hu&rclk=1,47.5031604,19.0715466,https://www.facebook.com/boroczcsillamasszazsesmozgas,06705397692,"Budapest, Vörösmarty u. 5-fszt. 1, 1074",,
Masszázslabor,https://www.google.com/maps/place/Massz%C3%A1zslabor/data=!4m7!3m6!1s0x4741dc7d5697147f:0x96f716457651e11b!8m2!3d47.5040373!4d19.0844029!16s%2Fg%2F11bvtdvl_3!19sChIJfxSXVn3cQUcRG-FRdkUW95Y?authuser=0&hl=hu&rclk=1,47.5040373,19.0844029,https://masszazslabor.webnode.hu/,06204980355,"Budapest, Péterfy Sándor u. 51, 1076",masszazslabor@gmail.com,"masszazslabor@gmail.com, lovas.katalin2@gmail.com"
Magnolia Day Spa,https://www.google.com/maps/place/Magnolia+Day+Spa/data=!4m7!3m6!1s0x4741dc16bed5d6b9:0x759cc5ad80fc0974!8m2!3d47.5040435!4d19.0456835!16s%2Fg%2F1tj31xg7!19sChIJudbVvhbcQUcRdAn8gK3FnHU?authuser=0&hl=hu&rclk=1,47.5040435,19.0456835,http://www.magnoliadayspa.hu/,0612690610,"Budapest, Zoltán u. 3, 1054",info@magnoliadayspa.hu,info@magnoliadayspa.hu
Kati Masszázs Stúdió,https://www.google.com/maps/place/Kati+Massz%C3%A1zs+St%C3%BAdi%C3%B3/data=!4m7!3m6!1s0x4741dd9b73f18953:0x24fc0130cf4ed057!8m2!3d47.5030098!4d19.0751331!16s%2Fg%2F11h5t20d9j!19sChIJU4nxc5vdQUcRV9BOzzAB_CQ?authuser=0&hl=hu&rclk=1,47.5030098,19.0751331,,06303610568,"Budapest, Rózsa u. 9/a, 1077",,
Massage By Máté,https://www.google.com/maps/place/Massage+By+M%C3%A1t%C3%A9/data=!4m7!3m6!1s0x4741dd1627ceb2c1:0x18d3f13d73757f98!8m2!3d47.5135779!4d19.0379125!16s%2Fg%2F11vbw689_5!19sChIJwbLOJxbdQUcRmH91cz3x0xg?authuser=0&hl=hu&rclk=1,47.5135779,19.0379125,http://massagebymate.hu/,06705956697,"Budapest Frankel Leó út 7, Bodrog u. 1, 1027",info@massagebymate.hu,info@massagebymate.hu
Harmónia Wellness Központ,https://www.google.com/maps/place/Harm%C3%B3nia+Wellness+K%C3%B6zpont/data=!4m7!3m6!1s0x4741dc6685a04f81:0x56abf637532e69ef!8m2!3d47.5001481!4d19.0715121!16s%2Fg%2F11j48h6p7v!19sChIJgU-ghWbcQUcR72kuUzf2q1Y?authuser=0&hl=hu&rclk=1,47.5001481,19.0715121,,06708828384,"Budapest, Hársfa utca 23, 1074",,
Mozgás-Masszázs,https://www.google.com/maps/place/Mozg%C3%A1s-Massz%C3%A1zs/data=!4m7!3m6!1s0x4741dd33444a4c79:0x2d878a8ce08374b7!8m2!3d47.4999708!4d19.0764065!16s%2Fg%2F11h2p5hqfk!19sChIJeUxKRDPdQUcRt3SD4IyKhy0?authuser=0&hl=hu&rclk=1,47.4999708,19.0764065,https://www.mozgasmasszazs.hu/,06203758564,"Budapest, Munkás u. 6, 1074",zoltan.oisi@gmail.com,zoltan.oisi@gmail.com
Masszázs Terézváros,https://www.google.com/maps/place/Massz%C3%A1zs+Ter%C3%A9zv%C3%A1ros/data=!4m7!3m6!1s0x4741dd24234aeb71:0xb4f7856a5808ca9c!8m2!3d47.5041827!4d19.0683633!16s%2Fg%2F11fcshthn4!19sChIJcetKIyTdQUcRnMoIWGqF97Q?authuser=0&hl=hu&rclk=1,47.5041827,19.0683633,,0614454036,"Budapest, Csengery u. 25-2. emelet, 1074",,
NEDI harmony masszázsfotel,https://www.google.com/maps/place/NEDI+harmony+massz%C3%A1zsfotel/data=!4m7!3m6!1s0x4741dd004fcf0f4f:0x948dd01ea30b1e6a!8m2!3d47.49828!4d19.0661149!16s%2Fg%2F11vz3sj__1!19sChIJTw_PTwDdQUcRah4Lox7QjZQ?authuser=0&hl=hu&rclk=1,47.49828,19.0661149,,,"Budapest, Árkád, 1072",,
Gyógytornászmester,https://www.google.com/maps/place/Gy%C3%B3gytorn%C3%A1szmester/data=!4m7!3m6!1s0x4741ddff4d1f102d:0x3b89442d5751ecb5!8m2!3d47.5007374!4d19.0719548!16s%2Fg%2F11y4lt3783!19sChIJLRAfTf_dQUcRtexRVy1EiTs?authuser=0&hl=hu&rclk=1,47.5007374,19.0719548,https://gyogytornaszmester.hu/,06302106503,"Budapest, Barcsay u. 11, 1073",info@domainem.hu,info@domainem.hu
Családkutató,https://www.google.com/maps/place/Csal%C3%A1dkutat%C3%B3/data=!4m7!3m6!1s0x4741dd94395969a7:0x347b64c7e48bf503!8m2!3d47.5074246!4d19.077351!16s%2Fg%2F11pb9ldv3f!19sChIJp2lZOZTdQUcRA_WL5MdkezQ?authuser=0&hl=hu&rclk=1,47.5074246,19.077351,,06203168457,"Budapest, Damjanich u. 26/B, 1071",,
Polner Masszázs Stúdió,https://www.google.com/maps/place/Polner+Massz%C3%A1zs+St%C3%BAdi%C3%B3/data=!4m7!3m6!1s0x4741ddf862199ee9:0xbfeb3b8ae5e25ef8!8m2!3d47.5065644!4d19.0714207!16s%2Fg%2F11fhw2bp2q!19sChIJ6Z4ZYvjdQUcR-F7i5Yo7678?authuser=0&hl=hu&rclk=1,47.5065644,19.0714207,,06302303411,"Budapest, Szövetség u. 30/b, 1074",,
Kempinski The Spa - Budapest,https://www.google.com/maps/place/Kempinski+The+Spa+-+Budapest/data=!4m7!3m6!1s0x4740f0da0a226d5d:0x656c655666b08e93!8m2!3d47.4972111!4d19.0528974!16s%2Fg%2F1hc508gjl!19sChIJXW0iCtrwQEcRk46wZlZlbGU?authuser=0&hl=hu&rclk=1,47.4972111,19.0528974,https://www.kempinski.com/en/hotel-corvinus-budapest/luxury-spa,0614293585,"Budapest, Erzsébet tér 7-8, 1051",reservations.corporate@kempinski.com,"reservations.corporate@kempinski.com, u003espa.corvinus@kempinski.com, info.development@kempinski.com, info.residences@kempinski.com, pr.corporate@kempinski.com, spa.corvinus@kempinski.com, contact@discoveryloyalty.com"
MasszázsMegálló,https://www.google.com/maps/place/Massz%C3%A1zsMeg%C3%A1ll%C3%B3/data=!4m7!3m6!1s0x4741dc7007dd443f:0x47aa4a5a326ba8d5!8m2!3d47.5064335!4d19.0712088!16s%2Fg%2F11bw5m8wz_!19sChIJP0TdB3DcQUcR1ahrMlpKqkc?authuser=0&hl=hu&rclk=1,47.5064335,19.0712088,http://www.masszazsmegallo.hu/,06203317697,"Budapest, Király u. 99, 1077",,
Bu.Wellness.Massage,https://www.google.com/maps/place/Bu.Wellness.Massage/data=!4m7!3m6!1s0x4741dd2af4bfb1c5:0x8a8ebb1e329b9831!8m2!3d47.4974513!4d19.056032!16s%2Fg%2F11w_v_9jwk!19sChIJxbG_9CrdQUcRMZibMh67joo?authuser=0&hl=hu&rclk=1,47.4974513,19.056032,https://www.fresha.com/a/bu-wellness-massage-budapest-magyarorszag-karoly-korut-21-oqieabwy,06203624737,"Budapest, Károly krt. 21, 1075",388fe63e6063cc241ca2a1b0f52622a3@o61919.ingest.us.sentry.io,388fe63e6063cc241ca2a1b0f52622a3@o61919.ingest.us.sentry.io
MISTY - Masszázs,https://www.google.com/maps/place/MISTY+-+Massz%C3%A1zs/data=!4m7!3m6!1s0x4741dd7b1aecc0f9:0xda39a015f3caac5d!8m2!3d47.5047027!4d19.0637715!16s%2Fg%2F11frb2xxj3!19sChIJ-cDsGnvdQUcRXazK8xWgOdo?authuser=0&hl=hu&rclk=1,47.5047027,19.0637715,https://www.mistybudapest.hu/,06205081838,"Budapest, Teréz krt. 12, 1066",info@domainem.hu,"info@domainem.hu, foglalas.massage@gmail.com"
Pink Dream Beauty,https://www.google.com/maps/place/Pink+Dream+Beauty/data=!4m7!3m6!1s0x4741dd976f477c6d:0xff13a111c1042439!8m2!3d47.5046284!4d19.0810081!16s%2Fg%2F11s87pl7tq!19sChIJbXxHb5fdQUcROSQEwRGhE_8?authuser=0&hl=hu&rclk=1,47.5046284,19.0810081,http://pinkdreambeauty.salonic.hu/,06209311110,"Budapest, István u. 12, 1078",,
Siófok Thai Masszázs - Karma Massage,https://www.google.com/maps/place/Si%C3%B3fok+Thai+Massz%C3%A1zs+-+Karma+Massage/data=!4m7!3m6!1s0x4769c1ef9ee71487:0x5465a70cd2c4ca8a!8m2!3d46.9122846!4d18.0575187!16s%2Fg%2F11s8hhmbqd!19sChIJhxTnnu_BaUcRisrE0gynZVQ?authuser=0&hl=hu&rclk=1,46.9122846,18.0575187,https://thaimasszazssiofok.hu/,06707086060,"Siófok, Petőfi stny. 9, 8600",,
Maprang Thai Massage,https://www.google.com/maps/place/Maprang+Thai+Massage/data=!4m7!3m6!1s0x4741dd19e59511c3:0x884ea768e05ddc53!8m2!3d47.4870024!4d19.0735737!16s%2Fg%2F11qbcd75h3!19sChIJwxGV5RndQUcRU9xd4GinTog?authuser=0&hl=hu&rclk=1,47.4870024,19.0735737,https://maprang.hu/,06705534433,"Budapest, Vajdahunyad u. 29, 1082",thaimassage@maprang.hu,thaimassage@maprang.hu
Smile Thai Masszázsszalon Corvin-Negyed,https://www.google.com/maps/place/Smile+Thai+Massz%C3%A1zsszalon+Corvin-Negyed/data=!4m7!3m6!1s0x4741dd5f5b3f0df1:0x92a7bb308d04ad36!8m2!3d47.4889601!4d19.0747008!16s%2Fg%2F11fvx_3z6z!19sChIJ8Q0_W1_dQUcRNq0EjTC7p5I?authuser=0&hl=hu&rclk=1,47.4889601,19.0747008,https://www.thai-masszazs-budapest.hu/,06205287886,"Budapest, Futó u. 2, 1082",smilethaimassagebudapest@gmail.com,smilethaimassagebudapest@gmail.com
Kanchana Thai Masszázs,https://www.google.com/maps/place/Kanchana+Thai+Massz%C3%A1zs/data=!4m7!3m6!1s0x4741dd7107492b7d:0xaf90da60e3a0db71!8m2!3d47.4880543!4d19.0749659!16s%2Fg%2F11ghpl7qk9!19sChIJfStJB3HdQUcRcdug42DakK8?authuser=0&hl=hu&rclk=1,47.4880543,19.0749659,http://thai-massage.hu/,06307500965,"Budapest, Futó u. 16-földszint 2, 1082",,
Magic Touch,https://www.google.com/maps/place/Magic+Touch/data=!4m7!3m6!1s0x4741dd0ab19651a7:0xdf1716f538b70ccd!8m2!3d47.4992578!4d19.0842791!16s%2Fg%2F11y3tg3kyp!19sChIJp1GWsQrdQUcRzQy3OPUWF98?authuser=0&hl=hu&rclk=1,47.4992578,19.0842791,,,"Budapest, Kerepesi út, 1086",,
Teddy's Touch Gay Massage Budapest,https://www.google.com/maps/place/Teddy%27s+Touch+Gay+Massage+Budapest/data=!4m7!3m6!1s0x4741dd2af4447a6f:0xe6a37a37c12fc86!8m2!3d47.4871387!4d19.082332!16s%2Fg%2F11xmkt2yx0!19sChIJb3pE9CrdQUcRhvwSfKM3ag4?authuser=0&hl=hu&rclk=1,47.4871387,19.082332,https://teddystouch.carrd.co/,06303873917,"Budapest, Práter u. 56, 1083",,
Tara Thai Massage Salon,https://www.google.com/maps/place/Tara+Thai+Massage+Salon/data=!4m7!3m6!1s0x4741dde65dc62d9f:0x4c799f416bf5ea1e!8m2!3d47.4838261!4d19.0695777!16s%2Fg%2F11lqp1dzcx!19sChIJny3GXebdQUcRHur1a0GfeUw?authuser=0&hl=hu&rclk=1,47.4838261,19.0695777,http://tarathai.hu/,06708811448,"Budapest, Ferenc krt. 31, 1094",nararootmassage@gmail.com,"nararootmassage@gmail.com, smtpd@artive.hu, info@tarathai.hu, example@mail.com"
Medi-Thai Massage Therapy,https://www.google.com/maps/place/Medi-Thai+Massage+Therapy/data=!4m7!3m6!1s0x4741ddfc2dad7601:0x7767a04db131e8ec!8m2!3d47.4883539!4d19.0689419!16s%2Fg%2F11lfcn2q99!19sChIJAXatLfzdQUcR7OgxsU2gZ3c?authuser=0&hl=hu&rclk=1,47.4883539,19.0689419,http://www.thai-masszazs.com/,06205070002,"Budapest, Csepreghy u. 2, 1085",info@medi-thai.com,info@medi-thai.com
Kanchana Thai Massage Kft.,https://www.google.com/maps/place/Kanchana+Thai+Massage+Kft./data=!4m7!3m6!1s0x4741dd003daa6fd9:0xe479e91c32f91c43!8m2!3d47.4880817!4d19.0777236!16s%2Fg%2F11ldm1_z8f!19sChIJ2W-qPQDdQUcRQxz5MhzpeeQ?authuser=0&hl=hu&rclk=1,47.4880817,19.0777236,http://thai-massage.hu/,06307500965,"Budapest, Leonardo da Vinci utca 8, 1082",,
MasszázsBarát stúdió,https://www.google.com/maps/place/Massz%C3%A1zsBar%C3%A1t+st%C3%BAdi%C3%B3/data=!4m7!3m6!1s0x4741dced98426dc1:0x791224d6e319de6b!8m2!3d47.4892432!4d19.0909117!16s%2Fg%2F12q4rh34s!19sChIJwW1CmO3cQUcRa94Z49YkEnk?authuser=0&hl=hu&rclk=1,47.4892432,19.0909117,,06704033633,"Budapest, Baross u 135, 1089",,
Sa-Bai Thai Massage,https://www.google.com/maps/place/Sa-Bai+Thai+Massage/data=!4m7!3m6!1s0x4741dea015c15531:0x1ad5edafd46e0833!8m2!3d47.5047366!4d19.0237224!16s%2Fg%2F1hhwp6x7h!19sChIJMVXBFaDeQUcRMwhu1K_t1Ro?authuser=0&hl=hu&rclk=1,47.5047366,19.0237224,http://www.sabaithaimassage.hu/,06309690000,"Budapest, Krisztina krt. 23, 1122",,
Chill House Massage,https://www.google.com/maps/place/Chill+House+Massage/data=!4m7!3m6!1s0x4741dd8bf3205b13:0x5a5c56a03fee5f7a!8m2!3d47.4852129!4d19.0748309!16s%2Fg%2F11t7dy66ck!19sChIJE1sg84vdQUcRel_uP6BWXFo?authuser=0&hl=hu&rclk=1,47.4852129,19.0748309,,06205889182,"Budapest, Futó u. 48, 1082",,
Thai Harmónia Masszázs,https://www.google.com/maps/place/Thai+Harm%C3%B3nia+Massz%C3%A1zs/data=!4m7!3m6!1s0x4741dc2ed6647e47:0xef98fc4065111c67!8m2!3d47.4905145!4d19.0239913!16s%2Fg%2F1hhx7n1jg!19sChIJR35k1i7cQUcRZxwRZUD8mO8?authuser=0&hl=hu&rclk=1,47.4905145,19.0239913,https://thaiharmonia.hu/,06307003200,"Budapest, Alkotás u. 53, 1125",,
Central Harmony Massage Studio Masszázs Szalon,https://www.google.com/maps/place/Central+Harmony+Massage+Studio+Massz%C3%A1zs+Szalon/data=!4m7!3m6!1s0x4741db4398033631:0xfd8782e03dfc1677!8m2!3d47.519363!4d19.0574898!16s%2Fg%2F11g6z4q5fn!19sChIJMTYDmEPbQUcRdxb8PeCCh_0?authuser=0&hl=hu&rclk=1,47.519363,19.0574898,http://www.chmassage.hu/,06204095484,"Budapest, Ipoly u. 13, 1133",info@chmassage.hu,info@chmassage.hu
CHRS BUDAPEST,https://www.google.com/maps/place/CHRS+BUDAPEST/data=!4m7!3m6!1s0x4741dde2854704c3:0xe90ed93f8fd041b4!8m2!3d47.4898607!4d19.0761785!16s%2Fg%2F11t2c62g1p!19sChIJwwRHheLdQUcRtEHQjz_ZDuk?authuser=0&hl=hu&rclk=1,47.4898607,19.0761785,https://chrs-massage-budapest-2025.webnode.hu/,06204511547,"Budapest, Horváth Mihály tér, 1084",info@domainem.hu,info@domainem.hu
Sichanya Thai Massage Budapest,https://www.google.com/maps/place/Sichanya+Thai+Massage+Budapest/data=!4m7!3m6!1s0x4741dd5091115229:0xd17e49384cc2d09e!8m2!3d47.4896715!4d19.0702822!16s%2Fg%2F11x5n0bst3!19sChIJKVIRkVDdQUcRntDCTDhJftE?authuser=0&hl=hu&rclk=1,47.4896715,19.0702822,https://taranthaimassage.cms.webnode.hu/,06704145566,"Budapest, József krt. 53, 1085",,
Life1 Fitness Corvin,https://www.google.com/maps/place/Life1+Fitness+Corvin/data=!4m7!3m6!1s0x4741dcf7873486e1:0x3387ab3c7fc13f9e!8m2!3d47.4853502!4d19.0748395!16s%2Fg%2F1vppr98l!19sChIJ4YY0h_fcQUcRnj_BfzyrhzM?authuser=0&hl=hu&rclk=1,47.4853502,19.0748395,https://life1.hu/corvin/,06704229457,"Budapest, Futó u. 48-50, 1082",sales@life1.hu,sales@life1.hu
Bajzik Áron gyógymasszőr - A Te Masszőröd,https://www.google.com/maps/place/Bajzik+%C3%81ron+gy%C3%B3gymassz%C5%91r+-+A+Te+Massz%C5%91r%C3%B6d/data=!4m7!3m6!1s0x476a736e78c4c643:0x810c4feedfb7580c!8m2!3d47.4896715!4d19.0702822!16s%2Fg%2F11s2qgp7mh!19sChIJQ8bEeG5zakcRDFi33-5PDIE?authuser=0&hl=hu&rclk=1,47.4896715,19.0702822,https://bajzikaron.hu/,06704534930,"Budapest, József krt. 53, 1085",,
CHIB Travel Kft.,https://www.google.com/maps/place/CHIB+Travel+Kft./data=!4m7!3m6!1s0x4741dcf7706c0b17:0xc71174597eefbbca!8m2!3d47.4853197!4d19.0759532!16s%2Fg%2F11df8188cr!19sChIJFwtscPfcQUcRyrvvfll0Ecc?authuser=0&hl=hu&rclk=1,47.4853197,19.0759532,,06309392275,"Budapest, Nagy Templom utca 21, 1082",,
Kolibri masszázs,https://www.google.com/maps/place/Kolibri+massz%C3%A1zs/data=!4m7!3m6!1s0x4741ddf73586ff8d:0x69afd48810863edb!8m2!3d47.5013713!4d19.0777216!16s%2Fg%2F11v3r1276t!19sChIJjf-GNffdQUcR2z6GEIjUr2k?authuser=0&hl=hu&rclk=1,47.5013713,19.0777216,https://kolibrimasszazs.com/,06308818847,"Budapest, Rottenbiller u. 12, 1074",hello@kolibrimasszazs.com,hello@kolibrimasszazs.com
Yumeiho masszázs,https://www.google.com/maps/place/Yumeiho+massz%C3%A1zs/data=!4m7!3m6!1s0x4741dc60d41bbaf1:0x36dacef305a1b80e!8m2!3d47.4977747!4d19.0732323!16s%2Fg%2F11h460xbyt!19sChIJ8bob1GDcQUcRDrihBfPO2jY?authuser=0&hl=hu&rclk=1,47.4977747,19.0732323,https://yumeiho-massage.hu/tabor.html,06209871204,"Budapest, Rákóczi út 51, 1088",robi.yum@gmail.com,"robi.yum@gmail.com, lampert.robert@yumeiho-massage.hu"
Thaijola,https://www.google.com/maps/place/Thaijola/data=!4m7!3m6!1s0x4741de80dba72c8f:0xc43eef311f041dae!8m2!3d47.4883129!4d19.0080826!16s%2Fg%2F1q62h6l9x!19sChIJjyyn24DeQUcRrh0EHzHvPsQ?authuser=0&hl=hu&rclk=1,47.4883129,19.0080826,http://www.thaijola.hu/,0612240010,"Budapest, Németvölgyi út 91, 1124",thaijolamasszazs@gmail.com,thaijolamasszazs@gmail.com
Rak Nani Thai Masszázs Kőbánya,https://www.google.com/maps/place/Rak+Nani+Thai+Massz%C3%A1zs+K%C5%91b%C3%A1nya/data=!4m7!3m6!1s0x4741c363e118a3bf:0x46d4b75ae40e931e!8m2!3d47.4872176!4d19.1364445!16s%2Fg%2F11q1m5b1zz!19sChIJv6MY4WPDQUcRHpMO5Fq31EY?authuser=0&hl=hu&rclk=1,47.4872176,19.1364445,https://raknanithaimassage.com/,06308518584,"Budapest, Előd u. 8, 1105",thaimassagekobanya@gmail.com,thaimassagekobanya@gmail.com
Aloe Thai masszázs & Spa,https://www.google.com/maps/place/Aloe+Thai+massz%C3%A1zs+%26+Spa/data=!4m7!3m6!1s0x4741db59146cf1ef:0xdf7a3ef449f54d63!8m2!3d47.50982!4d19.1278889!16s%2Fg%2F11bwqq45bh!19sChIJ7_FsFFnbQUcRY031SfQ-et8?authuser=0&hl=hu&rclk=1,47.50982,19.1278889,http://www.aloethaimasszazs.hu/,06305501111,"Budapest, Nagy Lajos király útja 56/c, 1148",,
Lavanda Masszázs,https://www.google.com/maps/place/Lavanda+Massz%C3%A1zs/data=!4m7!3m6!1s0x4741dbfb544624e5:0x4bc5c69752d9a8f7!8m2!3d47.4896715!4d19.0702822!16s%2Fg%2F11y2h3lpc1!19sChIJ5SRGVPvbQUcR96jZUpfGxUs?authuser=0&hl=hu&rclk=1,47.4896715,19.0702822,https://www.instagram.com/lavanda__masszazs/,06206252537,"Budapest, József krt. 53, 1085",,
Kilencz Massage & Body Therapy,https://www.google.com/maps/place/Kilencz+Massage+%26+Body+Therapy/data=!4m7!3m6!1s0x4741dd8933922a1d:0x731cb40923cd3679!8m2!3d47.4871019!4d19.0708344!16s%2Fg%2F11h769dpl5!19sChIJHSqSM4ndQUcReTbNIwm0HHM?authuser=0&hl=hu&rclk=1,47.4871019,19.0708344,https://kilenczmassage.com/,06701684425,"Budapest, József krt. 72-Kapucsengő: 3 Földszint, 1085",,
Magnum Szauna,https://www.google.com/maps/place/Magnum+Szauna/data=!4m7!3m6!1s0x4741dc59a7e5e1a1:0xe6dc8eb2619695be!8m2!3d47.4883823!4d19.0687913!16s%2Fg%2F1whdh3h4!19sChIJoeHlp1ncQUcRvpWWYbKO3OY?authuser=0&hl=hu&rclk=1,47.4883823,19.0687913,https://gaysaunabudapest.com/,06308446864,"Budapest, Csepreghy u. 2, 1085",,
Thaimassage,https://www.google.com/maps/place/Thaimassage/data=!4m7!3m6!1s0x4741d9a5145a947d:0x1b8072f3b68287dd!8m2!3d47.4899567!4d19.0601172!16s%2Fg%2F11h56hrs0n!19sChIJfZRaFKXZQUcR3YeCtvNygBs?authuser=0&hl=hu&rclk=1,47.4899567,19.0601172,https://niradi.hu/,06306240643,"Budapest, Képíró u 8, 1053",nitradeetook@gmail.com,nitradeetook@gmail.com
PsyMassage,https://www.google.com/maps/place/PsyMassage/data=!4m7!3m6!1s0x4741d99f13c806b9:0xef7a2c027855df76!8m2!3d47.4943919!4d19.0713287!16s%2Fg%2F11w2r8hq9m!19sChIJuQbIE5_ZQUcRdt9VeAIseu8?authuser=0&hl=hu&rclk=1,47.4943919,19.0713287,http://www.psymassage.com/,06702528652,"Budapest, József krt. 22, 1085",,
"Mantra17 - Eredeti Thai Masszázs, Pesti út 217","https://www.google.com/maps/place/Mantra17+-+Eredeti+Thai+Massz%C3%A1zs,+Pesti+%C3%BAt+217/data=!4m7!3m6!1s0x4741c14e817afb3f:0x72cdee03651310b2!8m2!3d47.4773151!4d19.2630017!16s%2Fg%2F11b6wfhgvf!19sChIJP_t6gU7BQUcRshATZQPuzXI?authuser=0&hl=hu&rclk=1",47.4773151,19.2630017,http://www.eredetithaimasszazs.hu/,06303490701,"Budapest, Pesti út 217, 1173",,
Zsolt masszázs,https://www.google.com/maps/place/Zsolt+massz%C3%A1zs/data=!4m7!3m6!1s0x4741dd24f7d2460b:0x987feaf0f0a78111!8m2!3d47.4988714!4d19.0790839!16s%2Fg%2F11ptymfl_t!19sChIJC0bS9yTdQUcREYGn8PDqf5g?authuser=0&hl=hu&rclk=1,47.4988714,19.0790839,http://www.zsoltmasszor.hu/,06302535869,"Budapest, Berzsenyi u. 2/b, 1087",info@domainem.hu,"info@domainem.hu, abuse@promptforgecloud.com"
Tímea Masszázs,https://www.google.com/maps/place/T%C3%ADmea+Massz%C3%A1zs/data=!4m7!3m6!1s0x4741dd1415a383bb:0x3f1ed79895004c2!8m2!3d47.4935032!4d19.10574!16s%2Fg%2F11j8lr6r1f!19sChIJu4OjFRTdQUcRwgRQiXnt8QM?authuser=0&hl=hu&rclk=1,47.4935032,19.10574,,06204455468,"Budapest, Ciprus u. 8, 1087",,
FD - Day Spa wellness és beauty szolgáltatások,https://www.google.com/maps/place/FD+-+Day+Spa+wellness+%C3%A9s+beauty+szolg%C3%A1ltat%C3%A1sok/data=!4m7!3m6!1s0x4741ddb7ee716477:0xf2be5fe12dc833c8!8m2!3d47.4885713!4d19.0643437!16s%2Fg%2F11v0xy6j9w!19sChIJd2Rx7rfdQUcRyDPILeFfvvI?authuser=0&hl=hu&rclk=1,47.4885713,19.0643437,http://www.fashiondayspa.com/,06203993393,"Budapest, Üllői út 14, 1085",18d2f96d279149989b95faf0a4b41882@sentry-next.wixpress.com,"18d2f96d279149989b95faf0a4b41882@sentry-next.wixpress.com, info@fashiondiffusionhungary.com, c183baa23371454f99f417f6616b724d@sentry.wixpress.com, 8eb368c655b84e029ed79ad7a5c1718e@sentry.wixpress.com, 605a7baede844d278b89dc95ae0a9123@sentry-next.wixpress.com, baf30a2b91654c5a840931f0137bed30@sentry.wixpress.com, 88170cb0c9d64f94b5821ca7fd2d55a4@sentry-next.wixpress.com, 463991d7bca24f02a0baf16f9e6eda73@sentry.wixpress.com, 0e6a29e4756740a8a63493e912ba2174@sentry.wixpress.com, 8c30b2581acc426badc414e8a5dc04ef@sentry.wixpress.com, f36cc48fb72b4d298c835f2793cf3b84@sentry-next.wixpress.com, 98b21aa53d68482b8414e892d9af0e5f@sentry-next.wixpress.com, dd0a55ccb8124b9c9d938e3acf41f8aa@sentry.wixpress.com, 460ff4620fa44cba8df530afde949785@sentry.wixpress.com, 8c4075d5481d476e945486754f783364@sentry.io, 271e9fa3230b4eec94b02bf95780f5f2@sentry.wixpress.com, 1eeb89147c984dc6bc3ffafd9e6cd089@sentry.wixpress.com, 9a65e97ebe8141fca0c4fd686f70996b@sentry.wixpress.com, 2062d0a4929b45348643784b5cb39c36@sentry.wixpress.com, 5d1795a2db124a268f1e1bd88f503500@sentry.wixpress.com, ed436f5053144538958ad06a5005e99a@sentry.wixpress.com"
Talpmasszázs,https://www.google.com/maps/place/Talpmassz%C3%A1zs/data=!4m7!3m6!1s0x4741dc5b0ed0b343:0x6838995816f567e5!8m2!3d47.490356!4d19.0642012!16s%2Fg%2F11fn6t6xnm!19sChIJQ7PQDlvcQUcR5Wf1FliZOGg?authuser=0&hl=hu&rclk=1,47.490356,19.0642012,http://talpmasszazs-tanfolyam.hu/talpmasszazs-tanfolyam-budapest.php,06303832023,"Budapest, Múzeum u., 1088",info@termeszetgyogyasz.co.hu,info@termeszetgyogyasz.co.hu
Saeng Tian Thai Masszázs | Lajos utca,https://www.google.com/maps/place/Saeng+Tian+Thai+Massz%C3%A1zs+%7C+Lajos+utca/data=!4m7!3m6!1s0x4741d959c83099b1:0x539a2cd9092b0f73!8m2!3d47.5330062!4d19.0411063!16s%2Fg%2F11c6rg_zky!19sChIJsZkwyFnZQUcRcw8rCdksmlM?authuser=0&hl=hu&rclk=1,47.5330062,19.0411063,https://thaimasszazscentrum.hu/szalonok/budapest-obuda-lajos-utca/,06704337982,"Budapest, Lajos u. 93-99, 1036",info@saengtian.hu,info@saengtian.hu
Massage by Rami,https://www.google.com/maps/place/Massage+by+Rami/data=!4m7!3m6!1s0x4741ddd540ecc43b:0xe6a2309bdc8888ec!8m2!3d47.4799882!4d19.0928505!16s%2Fg%2F11yfvf5vps!19sChIJO8TsQNXdQUcR7IiI3JswouY?authuser=0&hl=hu&rclk=1,47.4799882,19.0928505,http://www.massagebyrami.hu/,06308225828,"Budapest, T-Rex Fitness Terem, Batsányi u. 2, 1089",massagebyrami@gmail.com,massagebyrami@gmail.com
Head Spa Elysora 12. Kerület,https://www.google.com/maps/place/Head+Spa+Elysora+12.+Ker%C3%BClet/data=!4m7!3m6!1s0x4741dd5e70f2741b:0x342f502031a48d09!8m2!3d47.4897223!4d19.0292977!16s%2Fg%2F11ysv_hlgh!19sChIJG3TycF7dQUcRCY2kMSBQLzQ?authuser=0&hl=hu&rclk=1,47.4897223,19.0292977,https://www.headspaelysora.hu/,06307251921,"Budapest Csörsz utca 1 (bejárat az Avar utca felől, 1123",info@headspaelysora.hu,"info@headspaelysora.hu, book@beauty.com, info@beauty.com"
Healing Massage by Fodor Judit,https://www.google.com/maps/place/Healing+Massage+by+Fodor+Judit/data=!4m7!3m6!1s0x4741ddae52391589:0x93996f3382b1ddba!8m2!3d47.4890549!4d19.063289!16s%2Fg%2F11rvhr22b5!19sChIJiRU5Uq7dQUcRut2xgjNvmZM?authuser=0&hl=hu&rclk=1,47.4890549,19.063289,https://www.healing-massage.hu/,06704340301,"Budapest, Kálvin szépségszalon, Üllői út 6, 1085",healingmassagebyfodorjudit@gmail.com,healingmassagebyfodorjudit@gmail.com
Jani - a te masszőröd,https://www.google.com/maps/place/Jani+-+a+te+massz%C5%91r%C3%B6d/data=!4m7!3m6!1s0x4741dde376971f07:0xe93e586555ed8295!8m2!3d47.4853209!4d19.0931515!16s%2Fg%2F11rt6g0wlq!19sChIJBx-XduPdQUcRlYLtVWVYPuk?authuser=0&hl=hu&rclk=1,47.4853209,19.0931515,https://www.facebook.com/janiatemasszorod,06307543019,"Budapest, Orczy út 42, 1089",,
Angyali Érintés Szalon,https://www.google.com/maps/place/Angyali+%C3%89rint%C3%A9s+Szalon/data=!4m7!3m6!1s0x4741dc5f4dc86a7b:0xcc1a8313a0b8bdc6!8m2!3d47.4840373!4d19.0802069!16s%2Fg%2F11cn3vt4c5!19sChIJe2rITV_cQUcRxr24oBODGsw?authuser=0&hl=hu&rclk=1,47.4840373,19.0802069,https://www.angyalierintes.hu/,06309717676,"Budapest, Szigony u. 34.Fsz.1, 1083",bozoki.brigitta@gmail.com,bozoki.brigitta@gmail.com
Nirvana Healing Hands ( Ayurvédikus masszázsok - kezelések - indiai masszázs - terápia ),https://www.google.com/maps/place/Nirvana+Healing+Hands+%28+Ayurv%C3%A9dikus+massz%C3%A1zsok+-+kezel%C3%A9sek+-+indiai+massz%C3%A1zs+-+ter%C3%A1pia+%29/data=!4m7!3m6!1s0x4741dd3ccd2986dd:0xe783c316b9593003!8m2!3d47.4924225!4d19.1086011!16s%2Fg%2F11wc3nnccp!19sChIJ3YYpzTzdQUcRAzBZuRbDg-c?authuser=0&hl=hu&rclk=1,47.4924225,19.1086011,https://www.facebook.com/profile.php?id=100086944083670,06707428969,"Budapest, Hungária krt. 10b, 1087",,
Janos kezel ( treatments by Janos ) Massage Service,https://www.google.com/maps/place/Janos+kezel+%28+treatments+by+Janos+%29+Massage+Service/data=!4m7!3m6!1s0x4741ddeb52b65ef5:0xd9445d81794e7914!8m2!3d47.4874715!4d19.072591!16s%2Fg%2F11h3btdzn7!19sChIJ9V62UuvdQUcRFHlOeYFdRNk?authuser=0&hl=hu&rclk=1,47.4874715,19.072591,http://janoskezel.hu/,06307698063,"Budapest, Nap u. 11, 1082",janoskezel@gmail.com,janoskezel@gmail.com
Lamay Thai Massage,https://www.google.com/maps/place/Lamay+Thai+Massage/data=!4m7!3m6!1s0x4741dbf10f2071cd:0x17a8e173f122e9b7!8m2!3d47.5252808!4d19.0598854!16s%2Fg%2F11bw708q_3!19sChIJzXEgD_HbQUcRt-ki8XPhqBc?authuser=0&hl=hu&rclk=1,47.5252808,19.0598854,http://www.lamay.hu/,0617989711,"Budapest, Dráva u. 12, 1133",,
Maria Klara Eross,https://www.google.com/maps/place/Maria+Klara+Eross/data=!4m7!3m6!1s0x4741df6adb860fa7:0xe27bde1b978c4f8d!8m2!3d47.5058249!4d19.017641!16s%2Fg%2F11rhg4pxtl!19sChIJpw-G22rfQUcRjU-Mlxvee-I?authuser=0&hl=hu&rclk=1,47.5058249,19.017641,http://tantra-masszazs.com/,06305746972,"Budapest, Szamos u. 8, 1122",eross.maria@gmail.com,eross.maria@gmail.com
Parinama masszázs - Kálvin tér,https://www.google.com/maps/place/Parinama+massz%C3%A1zs+-+K%C3%A1lvin+t%C3%A9r/data=!4m7!3m6!1s0x4741dd5cd3d5a1e7:0xa47e1e0c7126279c!8m2!3d47.4887915!4d19.0644429!16s%2Fg%2F11mczdm5bf!19sChIJ56HV01zdQUcRnCcmcQwefqQ?authuser=0&hl=hu&rclk=1,47.4887915,19.0644429,https://www.parinama.hu/,,"Budapest, FD - Day Spa wellness és beauty szolgáltatások, Üllői út 14, 1085",,
Harmonyverzum Massage,https://www.google.com/maps/place/Harmonyverzum+Massage/data=!4m7!3m6!1s0x4741df00f8a8b86b:0xfc4982e6ec51497f!8m2!3d47.5103461!4d19.0309734!16s%2Fg%2F11rkgc14lp!19sChIJa7io-ADfQUcRf0lR7OaCSfw?authuser=0&hl=hu&rclk=1,47.5103461,19.0309734,https://harmonyverzum.hu/,06703939156,"Budapest, Margit körút 56, 1027",,
"Mandrassage - Talpreflexológia, talpmasszázs, kismama masszázs, masszázsterápia","https://www.google.com/maps/place/Mandrassage+-+Talpreflexol%C3%B3gia,+talpmassz%C3%A1zs,+kismama+massz%C3%A1zs,+massz%C3%A1zster%C3%A1pia/data=!4m7!3m6!1s0x4741dddb83930717:0xdc7cac989bc1ddb3!8m2!3d47.4865107!4d19.0828607!16s%2Fg%2F11k_8v9j2r!19sChIJFweTg9vdQUcRs93Bm5isfNw?authuser=0&hl=hu&rclk=1",47.4865107,19.0828607,https://mandrassage.hu/,,"Budapest, Práter u. 67, 1083",mandrassage@gmail.com,mandrassage@gmail.com
Paradise Thai Massage - Budapest,https://www.google.com/maps/place/Paradise+Thai+Massage+-+Budapest/data=!4m7!3m6!1s0x4741ddb57add17ed:0x4e1df774bd91659c!8m2!3d47.48781!4d19.0606827!16s%2Fg%2F11wbtqzw4h!19sChIJ7RfderXdQUcRnGWRvXT3HU4?authuser=0&hl=hu&rclk=1,47.48781,19.0606827,,06701565624,"Budapest, Gönczy Pál u. 1-3, 1093",,
Saeng Tian Thai Masszázs | Ráday utca,https://www.google.com/maps/place/Saeng+Tian+Thai+Massz%C3%A1zs+%7C+R%C3%A1day+utca/data=!4m7!3m6!1s0x4741dd4128320f09:0xfc554b8f8e12ec57!8m2!3d47.4819446!4d19.0668102!16s%2Fg%2F11xdvrsy2s!19sChIJCQ8yKEHdQUcRV-wSjo9LVfw?authuser=0&hl=hu&rclk=1,47.4819446,19.0668102,https://thaimasszazscentrum.hu/szalonok/budapest-raday-utca,06704337982,"Budapest, Ráday u. 59, 1093",info@saengtian.hu,info@saengtian.hu
Thai Masszázs Centrum Lurdy Ház,https://www.google.com/maps/place/Thai+Massz%C3%A1zs+Centrum+Lurdy+H%C3%A1z/data=!4m7!3m6!1s0x4741dd1e7efa0721:0xc8ca3429382eaf7a!8m2!3d47.4707635!4d19.0839349!16s%2Fg%2F11g6nj639_!19sChIJIQf6fh7dQUcReq8uOCk0ysg?authuser=0&hl=hu&rclk=1,47.4707635,19.0839349,http://www.thaimasszazs.com/,06309333965,"Budapest, Könyves Kálmán krt. 12-14, 1097",arpad1@axelero.hu,arpad1@axelero.hu
Naiyahwadee Thai Masszázs Budapest - Thai Massage Budapest,https://www.google.com/maps/place/Naiyahwadee+Thai+Massz%C3%A1zs+Budapest+-+Thai+Massage+Budapest/data=!4m7!3m6!1s0x4741dd34bffccfd7:0xee11610fb1caedb3!8m2!3d47.4764472!4d19.073696!16s%2Fg%2F11s8hsfjzw!19sChIJ18_8vzTdQUcRs-3KsQ9hEe4?authuser=0&hl=hu&rclk=1,47.4764472,19.073696,https://masszazsszalon-budapest.hu/,06203277651,"Budapest, Drégely u. 6-8, 1097",info@masszazsszalon-budapest.hu,info@masszazsszalon-budapest.hu
Thongdee Thai Masszázs,https://www.google.com/maps/place/Thongdee+Thai+Massz%C3%A1zs/data=!4m7!3m6!1s0x4741dd601ff991cd:0xcd1ccc0775f639a4!8m2!3d47.487768!4d19.0626221!16s%2Fg%2F11vhj30lyg!19sChIJzZH5H2DdQUcRpDn2dQfMHM0?authuser=0&hl=hu&rclk=1,47.487768,19.0626221,https://thongdee.salonic.hu/,06501210285,"Budapest, Ráday u. 7, 1092",,
Tui Professional Thai Massage - 9. kerület Thai masszázs,https://www.google.com/maps/place/Tui+Professional+Thai+Massage+-+9.+ker%C3%BClet+Thai+massz%C3%A1zs/data=!4m7!3m6!1s0x4741ddec7f2e57f7:0x233152813a2766c2!8m2!3d47.4823695!4d19.0714577!16s%2Fg%2F11py9v7dd5!19sChIJ91cuf-zdQUcRwmYnOoFSMSM?authuser=0&hl=hu&rclk=1,47.4823695,19.0714577,https://tuimassage.hu/,06305898538,"Budapest, Tompa u. 24, 1094",,
holistic massage and tantra,https://www.google.com/maps/place/holistic+massage+and+tantra/data=!4m7!3m6!1s0x4741dd11e2db84a9:0x9e846799af4f7d!8m2!3d47.4871268!4d19.0634132!16s%2Fg%2F11v3x35v69!19sChIJqYTb4hHdQUcRfU-vmWeEngA?authuser=0&hl=hu&rclk=1,47.4871268,19.0634132,https://holisticmassage.webnode.hu/english/,06705363472,"Budapest, Ráday u., 1092",info@domainem.hu,info@domainem.hu
Wellmassage,https://www.google.com/maps/place/Wellmassage/data=!4m7!3m6!1s0x248d6919e60d0967:0x166f8b54d481c235!8m2!3d47.4676398!4d19.1163732!16s%2Fg%2F11vr02ts9_!19sChIJZwkN5hlpjSQRNcKB1FSLbxY?authuser=0&hl=hu&rclk=1,47.4676398,19.1163732,https://wellmassage.hu/,06206667540,"Budapest, Ifjúmunkás u. 24, 1091",info@wellmassage.hu,info@wellmassage.hu
Glow Body Studio,https://www.google.com/maps/place/Glow+Body+Studio/data=!4m7!3m6!1s0x4741ddab9676edc3:0x65432803ce432fab!8m2!3d47.4762891!4d19.0741035!16s%2Fg%2F11trgg6vxh!19sChIJw-12lqvdQUcRqy9DzgMoQ2U?authuser=0&hl=hu&rclk=1,47.4762891,19.0741035,https://glowbodys.wixsite.com/glowbodystudio,06302847503,"Budapest, Drégely u. 7, 1097",c183baa23371454f99f417f6616b724d@sentry.wixpress.com,"c183baa23371454f99f417f6616b724d@sentry.wixpress.com, glowbodys@gmail.com, 605a7baede844d278b89dc95ae0a9123@sentry-next.wixpress.com, 8c4075d5481d476e945486754f783364@sentry.io, dd0a55ccb8124b9c9d938e3acf41f8aa@sentry.wixpress.com"
Flow Head & Beauty Spa,https://www.google.com/maps/place/Flow+Head+%26+Beauty+Spa/data=!4m7!3m6!1s0x4741ddb178a2b15b:0xfd64b6918c820529!8m2!3d47.479851!4d19.072564!16s%2Fg%2F11y2dgw2gl!19sChIJW7GieLHdQUcRKQWCjJG2ZP0?authuser=0&hl=hu&rclk=1,47.479851,19.072564,https://flowheadspa.hu/,06705436498,"Budapest, Berzenczey u. 3, 1094",flowheadspa@gmail.com,flowheadspa@gmail.com
Happy Massage,https://www.google.com/maps/place/Happy+Massage/data=!4m7!3m6!1s0x4741dbefcf8c1289:0x83ece66d7a21583b!8m2!3d47.5000525!4d19.0597153!16s%2Fg%2F11df66b9kr!19sChIJiRKMz-_bQUcRO1ghem3m7IM?authuser=0&hl=hu&rclk=1,47.5000525,19.0597153,https://happymassage.hu/,06300760770,"Budapest, Király u. 32, 1061",contact@happymassage.hu,contact@happymassage.hu
Massage - in - Flow,https://www.google.com/maps/place/Massage+-+in+-+Flow/data=!4m7!3m6!1s0x4741ddb5a2befaad:0x8751eade2aac542!8m2!3d47.483257!4d19.064397!16s%2Fg%2F11l346pt9c!19sChIJrfq-orXdQUcRQsWq4q0edQg?authuser=0&hl=hu&rclk=1,47.483257,19.064397,https://www.facebook.com/dhianmasszazs,06702440072,"Budapest, Lónyay u. 42/a, 1093",,
Mester Masszőr Műhely,https://www.google.com/maps/place/Mester+Massz%C5%91r+M%C5%B1hely/data=!4m7!3m6!1s0x4741dddd400036f1:0x94e6167a6792c17e!8m2!3d47.4796342!4d19.0717216!16s%2Fg%2F11y78tkd8n!19sChIJ8TYAQN3dQUcRfsGSZ3oW5pQ?authuser=0&hl=hu&rclk=1,47.4796342,19.0717216,https://www.mestermasszazs.hu/,06205233937,"Budapest, Budapest Mester utca 15 Tinódi utca felől, Mester u. 15, 1095",mestermasszormuhely@gmail.com,mestermasszormuhely@gmail.com
Pöttyös Masszázs Stúdió,https://www.google.com/maps/place/P%C3%B6tty%C3%B6s+Massz%C3%A1zs+St%C3%BAdi%C3%B3/data=!4m7!3m6!1s0x4741dd4dce6a9b65:0x912d3567fa4c8fbe!8m2!3d47.4685149!4d19.11504!16s%2Fg%2F11c0p_h82b!19sChIJZZtqzk3dQUcRvo9M-mc1LZE?authuser=0&hl=hu&rclk=1,47.4685149,19.11504,http://www.pottyosmasszazs.hu/,06704525314,"Budapest, Masszőr kapucsengő, Üllői út 165/2, 1091",pottyosmasszazsstudio@gmail.com,pottyosmasszazsstudio@gmail.com
Nika Masszázs Budapest,https://www.google.com/maps/place/Nika+Massz%C3%A1zs+Budapest/data=!4m7!3m6!1s0x4741ddb656c14e55:0x330450d2976cdd0d!8m2!3d47.4848525!4d19.0651869!16s%2Fg%2F11bc7n6q__!19sChIJVU7BVrbdQUcRDd1sl9JQBDM?authuser=0&hl=hu&rclk=1,47.4848525,19.0651869,https://nikamasszazs.hu/,06702281448,"Budapest, Ráday u. 34, 1092",info@nikamasszazs.hu,info@nikamasszazs.hu
"Mándity Izabella - Modell, Svédmasször","https://www.google.com/maps/place/M%C3%A1ndity+Izabella+-+Modell,+Sv%C3%A9dmassz%C3%B6r/data=!4m7!3m6!1s0x4741dda09ce53705:0x241f41b282c94f24!8m2!3d47.4828799!4d19.0755183!16s%2Fg%2F11fmnd2rtm!19sChIJBTflnKDdQUcRJE_JgrJBHyQ?authuser=0&hl=hu&rclk=1",47.4828799,19.0755183,https://onlyfans.com/mandityizabella,06703919751,"Budapest, Bokréta u. 31, 1094",,
Kismama masszázs és jóga - Farkas Babett,https://www.google.com/maps/place/Kismama+massz%C3%A1zs+%C3%A9s+j%C3%B3ga+-+Farkas+Babett/data=!4m7!3m6!1s0x4741dd75aa7fac51:0xf71ec56811b03f04!8m2!3d47.481009!4d19.0729819!16s%2Fg%2F11ww0n1xqw!19sChIJUax_qnXdQUcRBD-wEWjFHvc?authuser=0&hl=hu&rclk=1,47.481009,19.0729819,https://www.facebook.com/farkasbabett/,06207791161,"Budapest, Ferenc tér 2-3, 1094",,
GerincFix Stúdió,https://www.google.com/maps/place/GerincFix+St%C3%BAdi%C3%B3/data=!4m7!3m6!1s0x4741dd613e533f3d:0x8a6908f7c8f84678!8m2!3d47.4816782!4d19.0742956!16s%2Fg%2F11fpjnf6l_!19sChIJPT9TPmHdQUcReEb4yPcIaYo?authuser=0&hl=hu&rclk=1,47.4816782,19.0742956,https://www.gerincfix.hu/studiok/budapest-9-kerulet-ferenc-ter-12/,06303772266,"Budapest, Ferenc tér 12, 1094",gerincfixstudio@gmail.hu,"gerincfixstudio@gmail.hu, gerincfixstudio@gmail.com"
Ágnes masszázs - hátfájdalom specialista,https://www.google.com/maps/place/%C3%81gnes+massz%C3%A1zs+-+h%C3%A1tf%C3%A1jdalom+specialista/data=!4m7!3m6!1s0x4741ddd3f1286eab:0x3cc8f07782238349!8m2!3d47.482149!4d19.072743!16s%2Fg%2F11h1j3930b!19sChIJq24o8dPdQUcRSYMjgnfwyDw?authuser=0&hl=hu&rclk=1,47.482149,19.072743,http://www.agnesmasszazs.hu/,06704261927,"Budapest, Páva u. 25, 1094",,
Szantál Stúdió,https://www.google.com/maps/place/Szant%C3%A1l+St%C3%BAdi%C3%B3/data=!4m7!3m6!1s0x4741ddbbdfc850cf:0xf8e94905fe01800a!8m2!3d47.482141!4d19.071867!16s%2Fg%2F11h6pvfp60!19sChIJz1DI37vdQUcRCoAB_gVJ6fg?authuser=0&hl=hu&rclk=1,47.482141,19.071867,http://www.szantalmasszazs.hu/,06705625988,"Budapest, Tompa u. 26/A, 1094",szepessy.tamas@gmail.com,szepessy.tamas@gmail.com
Masszázs Gondoskezek Budapest,https://www.google.com/maps/place/Massz%C3%A1zs+Gondoskezek+Budapest/data=!4m7!3m6!1s0x4741c3af451f4799:0x85525a5bfabd9b!8m2!3d47.4616171!4d19.1146375!16s%2Fg%2F11whtgyl6d!19sChIJmUcfRa_DQUcRm736W1pShQA?authuser=0&hl=hu&rclk=1,47.4616171,19.1146375,https://www.facebook.com/profile.php?id=100063482501539,06302028220,"Budapest, Lobogó u. 3/3, 1098",,
Endorfin Masszázsstúdió,https://www.google.com/maps/place/Endorfin+Massz%C3%A1zsst%C3%BAdi%C3%B3/data=!4m7!3m6!1s0x4741dd8a0be37b85:0x690be48d02adc5e5!8m2!3d47.4828957!4d19.0755328!16s%2Fg%2F11s8g0_mxr!19sChIJhXvjC4rdQUcR5cWtAo3kC2k?authuser=0&hl=hu&rclk=1,47.4828957,19.0755328,https://endorfin-masszazs.webnode.hu/,06709403127,"Budapest, Bokréta u. 31, 1094",szszilviamasszazs@gmail.com,"szszilviamasszazs@gmail.com, info@domainem.hu"
Zöldsziget Masszázs Stúdió,https://www.google.com/maps/place/Z%C3%B6ldsziget+Massz%C3%A1zs+St%C3%BAdi%C3%B3/data=!4m7!3m6!1s0x4741dc5a6fa20663:0xf92ceb473ea3b5c!8m2!3d47.4875373!4d19.063528!16s%2Fg%2F1q5hsk3fh!19sChIJYwaib1rcQUcRXDvqc7TOkg8?authuser=0&hl=hu&rclk=1,47.4875373,19.063528,http://www.zoldszigetmasszazs.com/,06706243888,"Budapest, Ráday u. 16, 1092",,
Kálvin Masszázs,https://www.google.com/maps/place/K%C3%A1lvin+Massz%C3%A1zs/data=!4m7!3m6!1s0x4741dd1d0c04494d:0x7e2884ed7ddc2b0c!8m2!3d47.4884093!4d19.0638914!16s%2Fg%2F11skvxfxnr!19sChIJTUkEDB3dQUcRDCvcfe2EKH4?authuser=0&hl=hu&rclk=1,47.4884093,19.0638914,https://www.kalvinmasszazs.hu/,06202831880,"Budapest, Üllői út 11-13, 1092",,
Massage Corner - kombinált masszázskezelések,https://www.google.com/maps/place/Massage+Corner+-+kombin%C3%A1lt+massz%C3%A1zskezel%C3%A9sek/data=!4m7!3m6!1s0x4741dd23ed357003:0x48148a9894ffb9ef!8m2!3d47.4635008!4d19.110935!16s%2Fg%2F11w1wcjkzx!19sChIJA3A17SPdQUcR77n_lJiKFEg?authuser=0&hl=hu&rclk=1,47.4635008,19.110935,https://nagy-lang-evelin-massage-corner.salonic.hu/,06705558893,"Budapest, Epreserdő u. 24, 1098",,
Egyensúly Masszázs,https://www.google.com/maps/place/Egyens%C3%BAly+Massz%C3%A1zs/data=!4m7!3m6!1s0x4741dd15470fe4d1:0x7a6d7f02bbe63e71!8m2!3d47.4621014!4d19.1159917!16s%2Fg%2F11q_7r8y_q!19sChIJ0eQPRxXdQUcRcT7muwJ_bXo?authuser=0&hl=hu&rclk=1,47.4621014,19.1159917,http://www.masszazsbudapest.com/,06703177746,"Budapest, Lobogó u. 16-2, 1098",test@fwe.com,"test@fwe.com, info@masszazsbudapest.com"
Helyes Csaba Ortopéd és Gyógymasszőr,https://www.google.com/maps/place/Helyes+Csaba+Ortop%C3%A9d+%C3%A9s+Gy%C3%B3gymassz%C5%91r/data=!4m7!3m6!1s0x4741dcf9bd3dffe1:0x2e9933fa34973ae5!8m2!3d47.4818263!4d19.069508!16s%2Fg%2F11hys_xc9h!19sChIJ4f89vfncQUcR5TqXNPozmS4?authuser=0&hl=hu&rclk=1,47.4818263,19.069508,https://helyescsaba.hu/ortoped-masszazs/,06703654051,"Budapest, Angyal u. 10, 1094",csaba.helyes@gmail.com,csaba.helyes@gmail.com
Spirit Island - Thai Massage Budapart,https://www.google.com/maps/place/Spirit+Island+-+Thai+Massage+Budapart/data=!4m7!3m6!1s0x4741ddb7fcc5b9cf:0x36f85528ec76079!8m2!3d47.466918!4d19.0578663!16s%2Fg%2F11y9knvmtg!19sChIJz7nF_LfdQUcReWDHjlKFbwM?authuser=0&hl=hu&rclk=1,47.466918,19.0578663,https://www.spiritisland.hu/,06202867460,"Budapest, Napkelte utca 3-fszt. 1, 1117",info@spiritisland.hu,info@spiritisland.hu
Encil’s Massage - Office HátReform,https://www.google.com/maps/place/Encil%E2%80%99s+Massage+-+Office+H%C3%A1tReform/data=!4m7!3m6!1s0x4741dd07ae821ed1:0x9df278297b491230!8m2!3d47.4797326!4d19.0772867!16s%2Fg%2F11h0cdg0vk!19sChIJ0R6CrgfdQUcRMBJJeyl48p0?authuser=0&hl=hu&rclk=1,47.4797326,19.0772867,https://www.facebook.com/Encils-Massage-Beauty-362117797671721/?ref=page_internal,06305180313,"Budapest, Balázs Béla u. 16/A, 1094",,
Emese Masszázs,https://www.google.com/maps/place/Emese+Massz%C3%A1zs/data=!4m7!3m6!1s0x4741dcf9a449efd9:0x501b34a5e4891dfb!8m2!3d47.4827564!4d19.0746287!16s%2Fg%2F11tczn81vx!19sChIJ2e9JpPncQUcR-x2J5KU0G1A?authuser=0&hl=hu&rclk=1,47.4827564,19.0746287,,,"Budapest, Tűzoltó u. 25, 1094",,
Art Of Body & Soul Massage,https://www.google.com/maps/place/Art+Of+Body+%26+Soul+Massage/data=!4m7!3m6!1s0x4741dc563b98dc19:0xceff7a4dd0d1e2e3!8m2!3d47.4825476!4d19.0683922!16s%2Fg%2F11fqptchhz!19sChIJGdyYO1bcQUcR4-LR0E16_84?authuser=0&hl=hu&rclk=1,47.4825476,19.0683922,,06308834635,"Budapest, Ferenc krt. 16, 1092",,
Vandi masszázs,https://www.google.com/maps/place/Vandi+massz%C3%A1zs/data=!4m7!3m6!1s0x4741dd5bddcb1207:0x556932346fed2682!8m2!3d47.4884093!4d19.0638914!16s%2Fg%2F11qm3rhpvr!19sChIJBxLL3VvdQUcRgibtbzQyaVU?authuser=0&hl=hu&rclk=1,47.4884093,19.0638914,http://www.vandimasszazs.hu/,06209426906,"Budapest, Üllői út 11-13, 1092",vandi@vandimasszazs.hu,vandi@vandimasszazs.hu
Millennium Wellness Fitness Club,https://www.google.com/maps/place/Millennium+Wellness+Fitness+Club/data=!4m7!3m6!1s0x4741dd022d6fcbf3:0x111711771553c5ed!8m2!3d47.4729243!4d19.0710443!16s%2Fg%2F1hhxvy1rb!19sChIJ88tvLQLdQUcR7cVTFXcRFxE?authuser=0&hl=hu&rclk=1,47.4729243,19.0710443,http://millenniumwellness.hu/,06305218800,"Budapest, Lechner Ödön fasor 8, 1095",info@millenniumwellness.hu,info@millenniumwellness.hu
"Masszázs Norbival - Masszázs, Tartásjavítás, Mozgásfejlesztés","https://www.google.com/maps/place/Massz%C3%A1zs+Norbival+-+Massz%C3%A1zs,+Tart%C3%A1sjav%C3%ADt%C3%A1s,+Mozg%C3%A1sfejleszt%C3%A9s/data=!4m7!3m6!1s0x4741ddeaa42abecd:0x3837528bbe4d3ad3!8m2!3d47.4760383!4d19.0748837!16s%2Fg%2F11llm80tq2!19sChIJzb4qpOrdQUcR0zpNvotSNzg?authuser=0&hl=hu&rclk=1",47.4760383,19.0748837,http://www.masszazsnorbival.salonic.hu/,06203247226,"Budapest, Haller u. 30, 1095",,
Alma Masszázs & Egészségcentrum,https://www.google.com/maps/place/Alma+Massz%C3%A1zs+%26+Eg%C3%A9szs%C3%A9gcentrum/data=!4m7!3m6!1s0x4741ddfda2434005:0xf52e0c3e5703ca3a!8m2!3d47.4805444!4d19.0750198!16s%2Fg%2F11f778frbv!19sChIJBUBDov3dQUcROsoDVz4MLvU?authuser=0&hl=hu&rclk=1,47.4805444,19.0750198,https://www.almaegeszsegcentrum.hu/,06303960669,"Budapest, Balázs Béla u. 5, 1094",,
"Nyirok, sport és wellness masszázs","https://www.google.com/maps/place/Nyirok,+sport+%C3%A9s+wellness+massz%C3%A1zs/data=!4m7!3m6!1s0x64f22d515bd6e997:0xe6c57e48698d7ae9!8m2!3d47.4838805!4d19.0702928!16s%2Fg%2F11sfq716dn!19sChIJl-nWW1Et8mQR6XqNaUh-xeY?authuser=0&hl=hu&rclk=1",47.4838805,19.0702928,https://papp-brigitta.salonic.hu/,06701656690,"Budapest, Angyal u. 36, 1094",,
Jóllét Masszázs Budapest - Dobó Tekla e.v.,https://www.google.com/maps/place/J%C3%B3ll%C3%A9t+Massz%C3%A1zs+Budapest+-+Dob%C3%B3+Tekla+e.v./data=!4m7!3m6!1s0x4741ddbbd5a5bb5f:0x32d4feb0d7163b8b!8m2!3d47.483014!4d19.06579!16s%2Fg%2F11rsctg7hj!19sChIJX7ul1bvdQUcRizsW17D-1DI?authuser=0&hl=hu&rclk=1,47.483014,19.06579,,,"Budapest, Bakáts u 8, 1093",,
Mandala Harmónia Központ - Masszázs Nőknek,https://www.google.com/maps/place/Mandala+Harm%C3%B3nia+K%C3%B6zpont+-+Massz%C3%A1zs+N%C5%91knek/data=!4m7!3m6!1s0x4741dd6f94f4812b:0x36b5db3949ae3ea3!8m2!3d47.4623595!4d19.1114905!16s%2Fg%2F11wwpxqk78!19sChIJK4H0lG_dQUcRoz6uSTnbtTY?authuser=0&hl=hu&rclk=1,47.4623595,19.1114905,http://www.mandalaharmoniakozpont.hu/,06302502529,"Budapest, Epreserdő u. 28/II, 1098",info@mandalaharmoniakozpont.hu,info@mandalaharmoniakozpont.hu
Dharmasszázs,https://www.google.com/maps/place/Dharmassz%C3%A1zs/data=!4m7!3m6!1s0x4741dd1178dedfff:0xd6e41b4528e56b87!8m2!3d47.482419!4d19.072823!16s%2Fg%2F11m6b5mrrj!19sChIJ_9_eeBHdQUcRh2vlKEUb5NY?authuser=0&hl=hu&rclk=1,47.482419,19.072823,https://www.facebook.com/share/16TgzBht3t/?mibextid=wwXIfr,06202870367,"Budapest, Páva u. 27-29, 1094",,
Meetang Professional Thai Massage,https://www.google.com/maps/place/Meetang+Professional+Thai+Massage/data=!4m7!3m6!1s0x4741dc423695bb43:0x85376895e661aea5!8m2!3d47.49577!4d19.0580299!16s%2Fg%2F11gdlz9w1b!19sChIJQ7uVNkLcQUcRpa5h5pVoN4U?authuser=0&hl=hu&rclk=1,47.49577,19.0580299,https://meetang.hu/,06204928099,"Budapest, Károly krt. 22-Doorbell 1, 1052",,
Aldea Stúdió,https://www.google.com/maps/place/Aldea+St%C3%BAdi%C3%B3/data=!4m7!3m6!1s0x4741dde085ad17f5:0xc9092caec931528c!8m2!3d47.482419!4d19.072823!16s%2Fg%2F11tj337pm2!19sChIJ9RetheDdQUcRjFIxya4sCck?authuser=0&hl=hu&rclk=1,47.482419,19.072823,http://aldea-studio.salonic.hu/,06303603596,"Budapest, Páva u. 27-29, 1094",,
Handmade Healing Masszázs,https://www.google.com/maps/place/Handmade+Healing+Massz%C3%A1zs/data=!4m7!3m6!1s0x4741dd8442d1f9f3:0xc0459b72c9c9b256!8m2!3d47.4856889!4d19.0641636!16s%2Fg%2F11rgg1m6by!19sChIJ8_nRQoTdQUcRVrLJyXKbRcA?authuser=0&hl=hu&rclk=1,47.4856889,19.0641636,http://www.handmadehealing.hu/,06303851448,"Budapest, Ráday u. 29, 1092",,
FDM TERÁPIA,https://www.google.com/maps/place/FDM+TER%C3%81PIA/data=!4m7!3m6!1s0x4741dd00af675ebf:0x7c9b063c78680462!8m2!3d47.4685515!4d19.1150459!16s%2Fg%2F11jgdf9dvm!19sChIJv15nrwDdQUcRYgRoeDwGm3w?authuser=0&hl=hu&rclk=1,47.4685515,19.1150459,http://www.pottyosmasszazs.hu/,06704525314,"Budapest, Üllői út 165, 1091",pottyosmasszazsstudio@gmail.com,pottyosmasszazsstudio@gmail.com
Nekem a Masszázs szalon - Kosztolányi Dezső tér,https://www.google.com/maps/place/Nekem+a+Massz%C3%A1zs+szalon+-+Kosztol%C3%A1nyi+Dezs%C5%91+t%C3%A9r/data=!4m7!3m6!1s0x4741ddfd07708c99:0x2f39599d5d2ddc6b!8m2!3d47.4747769!4d19.0374432!16s%2Fg%2F11wp56_v_d!19sChIJmYxwB_3dQUcRa9wtXZ1ZOS8?authuser=0&hl=hu&rclk=1,47.4747769,19.0374432,https://www.nekemamasszazs.hu/,06300904904,"Budapest, Ulászló u. 50, 1113",2062d0a4929b45348643784b5cb39c36@sentry.wixpress.com,"2062d0a4929b45348643784b5cb39c36@sentry.wixpress.com, 18d2f96d279149989b95faf0a4b41882@sentry-next.wixpress.com, hello@nekemamasszazs.hu, c183baa23371454f99f417f6616b724d@sentry.wixpress.com, 460ff4620fa44cba8df530afde949785@sentry.wixpress.com, a18507e8883842d8a1ba47257fee81ac@sentry.wixpress.com, 8eb368c655b84e029ed79ad7a5c1718e@sentry.wixpress.com, 8c4075d5481d476e945486754f783364@sentry.io, 605a7baede844d278b89dc95ae0a9123@sentry-next.wixpress.com, ed436f5053144538958ad06a5005e99a@sentry.wixpress.com, xyz@xyz.com, f36cc48fb72b4d298c835f2793cf3b84@sentry-next.wixpress.com, 271e9fa3230b4eec94b02bf95780f5f2@sentry.wixpress.com, 79baaa8e09c746d2b7401643b99792e0@sentry.wixpress.com, 5d1795a2db124a268f1e1bd88f503500@sentry.wixpress.com, dd0a55ccb8124b9c9d938e3acf41f8aa@sentry.wixpress.com, 9a65e97ebe8141fca0c4fd686f70996b@sentry.wixpress.com"
Elixir alakformáló és masszázs stúdió,https://www.google.com/maps/place/Elixir+alakform%C3%A1l%C3%B3+%C3%A9s+massz%C3%A1zs+st%C3%BAdi%C3%B3/data=!4m7!3m6!1s0x4741dd4f75a924e7:0xf18cc070b0a65841!8m2!3d47.4782273!4d19.0701933!16s%2Fg%2F11kpq31z_0!19sChIJ5ySpdU_dQUcRQVimsHDAjPE?authuser=0&hl=hu&rclk=1,47.4782273,19.0701933,http://www.elixirstudiobudapest.hu/,06703868984,"Budapest, Ipar u. 2b, 1095",,
BeActive Masszázs Stúdió,https://www.google.com/maps/place/BeActive+Massz%C3%A1zs+St%C3%BAdi%C3%B3/data=!4m7!3m6!1s0x4741dddef507d8a5:0x142dd9c0b8a4eeb5!8m2!3d47.4792162!4d19.0815825!16s%2Fg%2F11pcmdhd0x!19sChIJpdgH9d7dQUcRte6kuMDZLRQ?authuser=0&hl=hu&rclk=1,47.4792162,19.0815825,https://beactivemasszazs.hu/,06202336026,"Budapest, Tűzoltó u. 71-75, 1094",info@beactivemasszazs.hu,info@beactivemasszazs.hu
Flow Head & Beauty Spa,https://www.google.com/maps/place/Flow+Head+%26+Beauty+Spa/data=!4m7!3m6!1s0x4741dd23cbea824f:0xfae2f69ba769be0e!8m2!3d47.4796225!4d19.0725155!16s%2Fg%2F11yfdfv_zp!19sChIJT4LqyyPdQUcRDr5pp5v24vo?authuser=0&hl=hu&rclk=1,47.4796225,19.0725155,https://flowheadspa.hu/,06703212207,"Budapest, Berzenczey u. 1, 1094",flowheadspa@gmail.com,flowheadspa@gmail.com
Tibor Masszazs,https://www.google.com/maps/place/Tibor+Masszazs/data=!4m7!3m6!1s0x4741ddefb2f356b9:0x7a7a77b6369e3e56!8m2!3d47.4824646!4d19.0642275!16s%2Fg%2F11htbcwt06!19sChIJuVbzsu_dQUcRVj6eNrZ3eno?authuser=0&hl=hu&rclk=1,47.4824646,19.0642275,,06304699865,"Budapest, Bakáts u 2, 1093",,
Urai Thai Masszázs,https://www.google.com/maps/place/Urai+Thai+Massz%C3%A1zs/data=!4m7!3m6!1s0x4741dc5c40ab2479:0x380f44d3d161bf7e!8m2!3d47.4928114!4d19.0674221!16s%2Fg%2F11ggzdpn47!19sChIJeSSrQFzcQUcRfr9h0dNEDzg?authuser=0&hl=hu&rclk=1,47.4928114,19.0674221,https://www.facebook.com/Uraithaimasszazs/,06309993393,"Budapest, Horánszky u. 1, Alagsor 1, 1085",,
Free Spirit Masszázs Kuckó,https://www.google.com/maps/place/Free+Spirit+Massz%C3%A1zs+Kuck%C3%B3/data=!4m7!3m6!1s0x4741c3fa26fb8c71:0x5e3f34a62e3f8a2a!8m2!3d47.4665244!4d19.1193119!16s%2Fg%2F11fs_vhktj!19sChIJcYz7JvrDQUcRKoo_LqY0P14?authuser=0&hl=hu&rclk=1,47.4665244,19.1193119,https://www.facebook.com/Free-Spirit-Massz%C3%A1zs-Kuck%C3%B3-105263944388663/,,"Budapest, Ifjúmunkás u. 32, 1091",,
Aloe Thai Massage Centre,https://www.google.com/maps/place/Aloe+Thai+Massage+Centre/data=!4m7!3m6!1s0x4741ddad72ef7509:0x9e0f7e691d1a9744!8m2!3d47.4766989!4d19.0522865!16s%2Fg%2F11cjp7tsjz!19sChIJCXXvcq3dQUcRRJcaHWl-D54?authuser=0&hl=hu&rclk=1,47.4766989,19.0522865,http://www.aloethaimasszazs.hu/,06302201111,"Budapest, Karinthy Frigyes út 24 (bejárat a Vak Bottyán utca felől, 1111",,
ÉletKözpont,https://www.google.com/maps/place/%C3%89letK%C3%B6zpont/data=!4m7!3m6!1s0x4741dcf89ea86ad7:0x615692af8316b67f!8m2!3d47.4807483!4d19.0716411!16s%2Fg%2F119wm43fh!19sChIJ12qonvjcQUcRf7YWg6-SVmE?authuser=0&hl=hu&rclk=1,47.4807483,19.0716411,http://www.eletkozpont.hu/,06202084733,"Budapest, Páva u. 6 II-emelet 5, 1094",,
hölgy varázs alakformáló stúdió,https://www.google.com/maps/place/h%C3%B6lgy+var%C3%A1zs+alakform%C3%A1l%C3%B3+st%C3%BAdi%C3%B3/data=!4m7!3m6!1s0x4741dd218290fd43:0xb4c845c5c735aa49!8m2!3d47.4708655!4d19.0850019!16s%2Fg%2F11lybvzv0l!19sChIJQ_2QgiHdQUcRSao1x8VFyLQ?authuser=0&hl=hu&rclk=1,47.4708655,19.0850019,https://holgyvarazs.hu/,06705644250,"Budapest, LURDY Bevásárló és Irodaközpont, Könyves Kálmán krt. 12-14-fszt. 242 üzlet, 1097",,
Sa-Bai Thai Massage,https://www.google.com/maps/place/Sa-Bai+Thai+Massage/data=!4m7!3m6!1s0x4741ddb2caba2f3f:0x4757f93c376f05ad!8m2!3d47.478831!4d19.050251!16s%2Fg%2F11bx9sqdg8!19sChIJPy-6yrLdQUcRrQVvNzz5V0c?authuser=0&hl=hu&rclk=1,47.478831,19.050251,,06309693333,"Budapest, Bartók Béla út 42, 1111",,
Anattá Thai Massage - Only Quality,https://www.google.com/maps/place/Anatt%C3%A1+Thai+Massage+-+Only+Quality/data=!4m7!3m6!1s0x4741ddc562a7a125:0x626ce0bce7085864!8m2!3d47.5149035!4d19.0556795!16s%2Fg%2F11rs2flj1x!19sChIJJaGnYsXdQUcRZFgI57zgbGI?authuser=0&hl=hu&rclk=1,47.5149035,19.0556795,https://sites.google.com/view/anattathaimassage/home,06202764719,"Budapest, Visegrádi u. 26/b, 1132",anatta.kft@gmail.com,anatta.kft@gmail.com
Saeng Tian Thai Masszázs | Béke utca,https://www.google.com/maps/place/Saeng+Tian+Thai+Massz%C3%A1zs+%7C+B%C3%A9ke+utca/data=!4m7!3m6!1s0x4741dbbc1004a849:0xe3eba5bff30dacd7!8m2!3d47.5427401!4d19.0866139!16s%2Fg%2F11h6npzx9q!19sChIJSagEELzbQUcR16wN87-l6-M?authuser=0&hl=hu&rclk=1,47.5427401,19.0866139,https://thaimasszazs-angyalfold.hu/,06704337982,"Budapest, Béke u. 120, 1131",info@saengtian.hu,info@saengtian.hu
Eden Massage,https://www.google.com/maps/place/Eden+Massage/data=!4m7!3m6!1s0x4741dbc4e9eab4ed:0xa849998ea3c0f8b2!8m2!3d47.5294508!4d19.071234!16s%2Fg%2F11krzwzk7k!19sChIJ7bTq6cTbQUcRsvjAo46ZSag?authuser=0&hl=hu&rclk=1,47.5294508,19.071234,https://edenmassage.eu/,06300912426,"Budapest, Róbert Károly körút, 1138",info@edenmassage.eu,info@edenmassage.eu
Absolute Thai Thai Massage Budapest,https://www.google.com/maps/place/Absolute+Thai+Thai+Massage+Budapest/data=!4m7!3m6!1s0x4741dd270530c951:0x6b129cd85f5facc0!8m2!3d47.511778!4d19.0528648!16s%2Fg%2F11jj2pm0lj!19sChIJUckwBSfdQUcRwKxfX9icEms?authuser=0&hl=hu&rclk=1,47.511778,19.0528648,https://www.absolutethaithai.com/,06307769191,"Budapest, Szent István krt. 20, 1137",thaithaimassagehu@gmail.com,thaithaimassagehu@gmail.com
Lindom Massage,https://www.google.com/maps/place/Lindom+Massage/data=!4m7!3m6!1s0x4741dbd997e191bb:0xc520f1618a816ea5!8m2!3d47.5464886!4d19.0656821!16s%2Fg%2F11wpplzp6j!19sChIJu5Hhl9nbQUcRpW6BimHxIMU?authuser=0&hl=hu&rclk=1,47.5464886,19.0656821,https://lindommassage.hu/,,"Budapest, Danubius u. 3, 1138",%20info@lindom.hu,"%20info@lindom.hu, info@lindom.hu"
Thai Diamond Massage,https://www.google.com/maps/place/Thai+Diamond+Massage/data=!4m7!3m6!1s0x476a407af76d205b:0xfcb3239cfe8d63ec!8m2!3d47.5199726!4d19.0527241!16s%2Fg%2F11b7g324lg!19sChIJWyBt93pAakcR7GON_pwjs_w?authuser=0&hl=hu&rclk=1,47.5199726,19.0527241,http://www.thaidiamond.hu/,06707757447,"Budapest, Pozsonyi út 61-63, 1133",,
Flame Mobile Massage,https://www.google.com/maps/place/Flame+Mobile+Massage/data=!4m7!3m6!1s0x4741db11c71b5da7:0x59fe4dc239e86c92!8m2!3d47.5509323!4d19.0746485!16s%2Fg%2F11vhfphygz!19sChIJp10bxxHbQUcRkmzoOcJN_lk?authuser=0&hl=hu&rclk=1,47.5509323,19.0746485,https://www.facebook.com/profile.php?id=61552731601012,06206242171,"Budapest, Váci út 163, 1138",,
"Masszázs 13. kerület - Profi masszőr stúdió Árpád híd, Angyalföld","https://www.google.com/maps/place/Massz%C3%A1zs+13.+ker%C3%BClet+-+Profi+massz%C5%91r+st%C3%BAdi%C3%B3+%C3%81rp%C3%A1d+h%C3%ADd,+Angyalf%C3%B6ld/data=!4m7!3m6!1s0x4741db9098936aa3:0x9d233cc9bfacfc9b!8m2!3d47.5308883!4d19.0643038!16s%2Fg%2F11h84zztgl!19sChIJo2qTmJDbQUcRm_ysv8k8I50?authuser=0&hl=hu&rclk=1",47.5308883,19.0643038,https://masszazs13.hu/,06203265598,"Budapest, Zsilip u. 8, 1133",hello@masszazs13.hu,hello@masszazs13.hu
Léleküdítő masszázs,https://www.google.com/maps/place/L%C3%A9lek%C3%BCd%C3%ADt%C5%91+massz%C3%A1zs/data=!4m7!3m6!1s0x4741dbdd49904141:0x7dfe10e1ef2ff43d!8m2!3d47.5219636!4d19.0612329!16s%2Fg%2F11lky2jn6b!19sChIJQUGQSd3bQUcRPfQv7-EQ_n0?authuser=0&hl=hu&rclk=1,47.5219636,19.0612329,,06703031374,"Budapest, Bessenyei u. 24, 1133",,
Tui Professional Thai Massage - 13. kerület Thai masszázs,https://www.google.com/maps/place/Tui+Professional+Thai+Massage+-+13.+ker%C3%BClet+Thai+massz%C3%A1zs/data=!4m7!3m6!1s0x4741db80aee00477:0xbbb69978c2d899e4!8m2!3d47.5255172!4d19.0704709!16s%2Fg%2F11h_4sf9rh!19sChIJdwTgroDbQUcR5JnYwniZtrs?authuser=0&hl=hu&rclk=1,47.5255172,19.0704709,https://tuimassage.hu/,06302259411,"Budapest, Klapka u. 17, 1134",,
Nekem a Masszázs szalon - Béke tér,https://www.google.com/maps/place/Nekem+a+Massz%C3%A1zs+szalon+-+B%C3%A9ke+t%C3%A9r/data=!4m7!3m6!1s0x4741db254b5f0359:0x986ae9996c57ade6!8m2!3d47.5299938!4d19.0795382!16s%2Fg%2F11mb0nnd0g!19sChIJWQNfSyXbQUcR5q1XbJnpapg?authuser=0&hl=hu&rclk=1,47.5299938,19.0795382,http://www.nekemamasszazs.hu/,06205963129,"Budapest, Béke tér 10-11, 1139",2062d0a4929b45348643784b5cb39c36@sentry.wixpress.com,"2062d0a4929b45348643784b5cb39c36@sentry.wixpress.com, 18d2f96d279149989b95faf0a4b41882@sentry-next.wixpress.com, hello@nekemamasszazs.hu, c183baa23371454f99f417f6616b724d@sentry.wixpress.com, 460ff4620fa44cba8df530afde949785@sentry.wixpress.com, a18507e8883842d8a1ba47257fee81ac@sentry.wixpress.com, 8eb368c655b84e029ed79ad7a5c1718e@sentry.wixpress.com, 8c4075d5481d476e945486754f783364@sentry.io, 605a7baede844d278b89dc95ae0a9123@sentry-next.wixpress.com, ed436f5053144538958ad06a5005e99a@sentry.wixpress.com, xyz@xyz.com, f36cc48fb72b4d298c835f2793cf3b84@sentry-next.wixpress.com, 271e9fa3230b4eec94b02bf95780f5f2@sentry.wixpress.com, 79baaa8e09c746d2b7401643b99792e0@sentry.wixpress.com, 5d1795a2db124a268f1e1bd88f503500@sentry.wixpress.com, dd0a55ccb8124b9c9d938e3acf41f8aa@sentry.wixpress.com, 9a65e97ebe8141fca0c4fd686f70996b@sentry.wixpress.com"
Krisztina Masszázs - Massage,https://www.google.com/maps/place/Krisztina+Massz%C3%A1zs+-+Massage/data=!4m7!3m6!1s0x4741dbb48a627243:0x99e7d428aba792d8!8m2!3d47.5183789!4d19.0640357!16s%2Fg%2F11m395_r1d!19sChIJQ3JiirTbQUcR2JKnqyjU55k?authuser=0&hl=hu&rclk=1,47.5183789,19.0640357,http://www.krisztinamasszazs.hu/,06205755386,"Budapest, Lehel u 4b, 1134",,
Visnu masszázs,https://www.google.com/maps/place/Visnu+massz%C3%A1zs/data=!4m7!3m6!1s0x4741db48335f27f5:0x401500da9c178d4!8m2!3d47.5214623!4d19.0679549!16s%2Fg%2F11wwvf2p9n!19sChIJ9SdfM0jbQUcR1HjBqQ1QAQQ?authuser=0&hl=hu&rclk=1,47.5214623,19.0679549,https://www.visnumasszazs.hu/,06202212424,"Budapest, Dózsa György út 140, 1134",,
Massage by Fanni,https://www.google.com/maps/place/Massage+by+Fanni/data=!4m7!3m6!1s0x4741ddd7fe4827f5:0xcf03c1067867237b!8m2!3d47.5210951!4d19.0578596!16s%2Fg%2F11y89dx4nd!19sChIJ9SdI_tfdQUcReyNneAbBA88?authuser=0&hl=hu&rclk=1,47.5210951,19.0578596,https://www.instagram.com/massage.by.fanni/,,"Budapest, Hegedűs Gyula u. 68, 1133",,
Mandala Day Spa Budapest,https://www.google.com/maps/place/Mandala+Day+Spa+Budapest/data=!4m7!3m6!1s0x4741dbf64a915409:0x155d62d0cd2ae052!8m2!3d47.520282!4d19.0549403!16s%2Fg%2F1tf80clq!19sChIJCVSRSvbbQUcRUuAqzdBiXRU?authuser=0&hl=hu&rclk=1,47.520282,19.0549403,http://www.mandaladayspa.hu/,0614910078,"Budapest, Ipoly u. 8, 1133",reservation@mandaladayspa.hu,reservation@mandaladayspa.hu
Zafír masszázs,https://www.google.com/maps/place/Zaf%C3%ADr+massz%C3%A1zs/data=!4m7!3m6!1s0x4741dc091fd97945:0x99f9fc5e265d1710!8m2!3d47.5156464!4d19.0517848!16s%2Fg%2F11g70jrh4s!19sChIJRXnZHwncQUcREBddJl78-Zk?authuser=0&hl=hu&rclk=1,47.5156464,19.0517848,,06305393096,"Budapest, Radnóti Miklós u. 27, 1137",,
Krisztina Massage Salon,https://www.google.com/maps/place/Krisztina+Massage+Salon/data=!4m7!3m6!1s0x4741dc0a37eb3207:0x2de4206ff6def0b0!8m2!3d47.5163743!4d19.057819!16s%2Fg%2F11bymz048j!19sChIJBzLrNwrcQUcRsPDe9m8g5C0?authuser=0&hl=hu&rclk=1,47.5163743,19.057819,http://krisztinamasszazs.hu/,06204105686,"Budapest, Csanády u. 5, 1132",,
"Áthangoló Masszázs, Budapest XIII. kerület","https://www.google.com/maps/place/%C3%81thangol%C3%B3+Massz%C3%A1zs,+Budapest+XIII.+ker%C3%BClet/data=!4m7!3m6!1s0x4741db54e5cb05a9:0xf101d82c9ea36580!8m2!3d47.5343692!4d19.0842575!16s%2Fg%2F11y2r6rf7f!19sChIJqQXL5VTbQUcRgGWjnizYAfE?authuser=0&hl=hu&rclk=1",47.5343692,19.0842575,https://athangolomasszazs.salonic.hu/,06305744045,"Budapest, Párta köz 6-I. emelet 112, 1135",athangolo.masszazs@gmail.com,athangolo.masszazs@gmail.com
Ben Vitality massage 'Bence' masszázs XIII. kerület,https://www.google.com/maps/place/Ben+Vitality+massage+%27Bence%27+massz%C3%A1zs+XIII.+ker%C3%BClet/data=!4m7!3m6!1s0x4741ddefbf566ac7:0xad49acad98b91756!8m2!3d47.5128529!4d19.0509286!16s%2Fg%2F11z7btgbxm!19sChIJx2pWv-_dQUcRVhe5mK2sSa0?authuser=0&hl=hu&rclk=1,47.5128529,19.0509286,https://www.facebook.com/benvitalitymassage,06308923566,"Budapest, Pannónia u. 4, 1136",,
Adrienn Gyógymasszőr Budapest,https://www.google.com/maps/place/Adrienn+Gy%C3%B3gymassz%C5%91r+Budapest/data=!4m7!3m6!1s0x4741dbca6b8a0149:0x9a9b52e125b5163e!8m2!3d47.5205919!4d19.053397!16s%2Fg%2F11twwhv89s!19sChIJSQGKa8rbQUcRPha1JeFSm5o?authuser=0&hl=hu&rclk=1,47.5205919,19.053397,,,"Budapest, Ipoly u. 4, 1133",,
Thai heart Thai Masszázs,https://www.google.com/maps/place/Thai+heart+Thai+Massz%C3%A1zs/data=!4m7!3m6!1s0x27f028907c831f51:0x6f89d88f99763c29!8m2!3d47.511669!4d19.0646746!16s%2Fg%2F11sd236v4z!19sChIJUR-DfJAo8CcRKTx2mY_YiW8?authuser=0&hl=hu&rclk=1,47.511669,19.0646746,http://thaiheart.hu/,06204131123,"Budapest, Szív u. 58, 1063",thaiheartmasszazs@gmail.com,"thaiheartmasszazs@gmail.com, info@thaiheart.hu"
Helia Fitness Center,https://www.google.com/maps/place/Helia+Fitness+Center/data=!4m7!3m6!1s0x4741dbf091cf44fd:0xf841bd9452710a7d!8m2!3d47.5252014!4d19.0556752!16s%2Fg%2F11g8xk483h!19sChIJ_UTPkfDbQUcRfQpxUpS9Qfg?authuser=0&hl=hu&rclk=1,47.5252014,19.0556752,http://www.premierfitness.hu/hu/klubkereso/danubius_health_spa_resort_helia,0618895820,"Budapest, Kárpát u. 62-64, 1133",spa.helia@danubiushotels.com,"spa.helia@danubiushotels.com, arena.reservation@danubiushotels.com"
Masszázs Barlang,https://www.google.com/maps/place/Massz%C3%A1zs+Barlang/data=!4m7!3m6!1s0x4741dd3ec841fa51:0x200a3752a73d6bee!8m2!3d47.515057!4d19.0546842!16s%2Fg%2F11v13dvwcc!19sChIJUfpByD7dQUcR7ms9p1I3CiA?authuser=0&hl=hu&rclk=1,47.515057,19.0546842,http://www.masszazsbarlang.hu/,06304839003,"Budapest, Hegedűs Gyula u. 27/a, 1136",masszazsbarlang1@gmail.com,masszazsbarlang1@gmail.com
Ayurmantra Ayurvedikus Egészségközpont / Ayurvedic Health Center,https://www.google.com/maps/place/Ayurmantra+Ayurvedikus+Eg%C3%A9szs%C3%A9gk%C3%B6zpont+%2F+Ayurvedic+Health+Center/data=!4m7!3m6!1s0x4741dde772945a61:0x3bbc1d4444d41ad7!8m2!3d47.5141284!4d19.0568979!16s%2Fg%2F11tspncwpb!19sChIJYVqUcufdQUcR1xrUREQdvDs?authuser=0&hl=hu&rclk=1,47.5141284,19.0568979,https://ayurmantracare.com/,06204284265,"Budapest, Kresz Géza u 25, 1132",ayurmantrahungary@gmail.com,ayurmantrahungary@gmail.com
Park Masszázs Stúdió,https://www.google.com/maps/place/Park+Massz%C3%A1zs+St%C3%BAdi%C3%B3/data=!4m7!3m6!1s0x4741ddde1b332a09:0x4daa4681a7921c99!8m2!3d47.5168119!4d19.0495437!16s%2Fg%2F11jdz0k2rm!19sChIJCSozG97dQUcRmRySp4FGqk0?authuser=0&hl=hu&rclk=1,47.5168119,19.0495437,https://www.facebook.com/profile.php?id=100057382002524,06208493639,"Budapest, Szent István park 2, 1137",,
"Harmónia Lady - Dietetikai tanácsadás, mozgásprogram-tervezés, masszázs","https://www.google.com/maps/place/Harm%C3%B3nia+Lady+-+Dietetikai+tan%C3%A1csad%C3%A1s,+mozg%C3%A1sprogram-tervez%C3%A9s,+massz%C3%A1zs/data=!4m7!3m6!1s0x4741dd72998e1b3b:0x115820cfd888cc5d!8m2!3d47.5185201!4d19.0565505!16s%2Fg%2F11j205yyyc!19sChIJOxuOmXLdQUcRXcyI2M8gWBE?authuser=0&hl=hu&rclk=1",47.5185201,19.0565505,https://profi-masszazs-budapesten.hu/,,"Budapest, Hegedűs Gyula u. 46, 1133",,
Ármin masszázs - Jászai mari tér,https://www.google.com/maps/place/%C3%81rmin+massz%C3%A1zs+-+J%C3%A1szai+mari+t%C3%A9r/data=!4m7!3m6!1s0x4741dc5a6f083bcb:0xe5e45360b9ce9f4e!8m2!3d47.5114059!4d19.0500006!16s%2Fg%2F11gf5b560v!19sChIJyzsIb1rcQUcRTp_OuWBT5OU?authuser=0&hl=hu&rclk=1,47.5114059,19.0500006,https://masszazserted.hu/terapeutak/kascsak-armin/,06203223219,"Budapest, Honvéd u. 38, 1039",info@flowmasszazs.hu,info@flowmasszazs.hu
5 Kontinens Masszázs - Csoknya Tamás,https://www.google.com/maps/place/5+Kontinens+Massz%C3%A1zs+-+Csoknya+Tam%C3%A1s/data=!4m7!3m6!1s0x4741dd83b5888cbf:0xc7494db0366f8b95!8m2!3d47.5133829!4d19.0514179!16s%2Fg%2F11l5dvlv43!19sChIJv4yItYPdQUcRlYtvNrBNScc?authuser=0&hl=hu&rclk=1,47.5133829,19.0514179,https://fb.com/csoknyatamas,06709429368,"Budapest, Pannónia u. 10, 1136",,
"Bridge Masszázs - Shiatsu masszázs, Cellulit masszázs, Nyirokmasszázss","https://www.google.com/maps/place/Bridge+Massz%C3%A1zs+-+Shiatsu+massz%C3%A1zs,+Cellulit+massz%C3%A1zs,+Nyirokmassz%C3%A1zss/data=!4m7!3m6!1s0x4741ddba81a93bc1:0x174ac7f9b96d0ce2!8m2!3d47.5140382!4d19.056765!16s%2Fg%2F11sr9p4f3j!19sChIJwTupgbrdQUcR4gxtufnHShc?authuser=0&hl=hu&rclk=1",47.5140382,19.056765,http://bridge-masszazs.hu/,06309721015,"Budapest, Radnóti Miklós u., 1137",,
Florian Massage & Solutions | Bytewell,https://www.google.com/maps/place/Florian+Massage+%26+Solutions+%7C+Bytewell/data=!4m7!3m6!1s0x438c5b7d49c89287:0x7e0c2f8a2e93437a!8m2!3d47.5255452!4d19.0671031!16s%2Fg%2F11l5fbs6wn!19sChIJh5LISX1bjEMRekOTLoovDH4?authuser=0&hl=hu&rclk=1,47.5255452,19.0671031,https://facebook.com/florian.massage,06202586848,"Budapest, Csángó u. 11, 1134",,
kris.massagetherapy MASSZÁZS STÚDIÓ,https://www.google.com/maps/place/kris.massagetherapy+MASSZ%C3%81ZS+ST%C3%9ADI%C3%93/data=!4m7!3m6!1s0x4741db2d218af399:0x167357ddc3ed4c8c!8m2!3d47.5370021!4d19.0674101!16s%2Fg%2F11rx4hjblf!19sChIJmfOKIS3bQUcRjEztw91XcxY?authuser=0&hl=hu&rclk=1,47.5370021,19.0674101,http://www.facebook.com/kris.massagetherapy,06707755175,"Budapest, Dagály u. 5-7, 1138",,
Saeng Tian Thai Masszázs | Kassai utca,https://www.google.com/maps/place/Saeng+Tian+Thai+Massz%C3%A1zs+%7C+Kassai+utca/data=!4m7!3m6!1s0x4741db0baec5e403:0x18675dbe2489caae!8m2!3d47.5327883!4d19.1086286!16s%2Fg%2F1ttp9229!19sChIJA-TFrgvbQUcRrsqJJL5dZxg?authuser=0&hl=hu&rclk=1,47.5327883,19.1086286,https://thaimasszazscentrum.hu/,06704337982,"Budapest, Kassai u. 178/a, 1142",iroda@travez.hu,iroda@travez.hu
Dóri masszázs,https://www.google.com/maps/place/D%C3%B3ri+massz%C3%A1zs/data=!4m7!3m6!1s0x4741d950813c2cbf:0x2831584abc1a3121!8m2!3d47.5235509!4d19.0714569!16s%2Fg%2F11rsd2p9nd!19sChIJvyw8gVDZQUcRITEavEpYMSg?authuser=0&hl=hu&rclk=1,47.5235509,19.0714569,https://dorimassage.hu/,06703642568,"Budapest, Csángó u. 30-1/3, 1134",info@dorimassage.hu,info@dorimassage.hu
Budapest Kutyamasszázs,https://www.google.com/maps/place/Budapest+Kutyamassz%C3%A1zs/data=!4m7!3m6!1s0x4741db03c031c8bf:0xb3590f6334811d53!8m2!3d47.5283335!4d19.0571731!16s%2Fg%2F11y33drmvz!19sChIJv8gxwAPbQUcRUx2BNGMPWbM?authuser=0&hl=hu&rclk=1,47.5283335,19.0571731,,06308604272,"Budapest, Népfürdő u. 3, 1138",,
Mr. Masszőr,https://www.google.com/maps/place/Mr.+Massz%C5%91r/data=!4m7!3m6!1s0x4741db001de7883f:0xb6e4efcb032321a5!8m2!3d47.531746!4d19.075608!16s%2Fg%2F11j4q53mz0!19sChIJP4jnHQDbQUcRpSEjA8vv5LY?authuser=0&hl=hu&rclk=1,47.531746,19.075608,,06702715650,"Budapest, Hajdú u. 12, 1139",,
Parádé a Szalon,https://www.google.com/maps/place/Par%C3%A1d%C3%A9+a+Szalon/data=!4m7!3m6!1s0x4741db4c2592dd67:0x8bcfef3a0c8e8c9b!8m2!3d47.5309406!4d19.064254!16s%2Fg%2F11vl5v68wg!19sChIJZ92SJUzbQUcRm4yODDrvz4s?authuser=0&hl=hu&rclk=1,47.5309406,19.064254,https://parade13.hu/,06203265598,"Budapest, utcafronti szalon, Zsilip u. 8, 1133",hello@parade13.hu,hello@parade13.hu
Moon In Water Massage,https://www.google.com/maps/place/Moon+In+Water+Massage/data=!4m7!3m6!1s0x4741dc0989a4ec83:0x36981d467ab9afad!8m2!3d47.516906!4d19.0561444!16s%2Fg%2F11c1mzg1lx!19sChIJg-ykiQncQUcRra-5ekYdmDY?authuser=0&hl=hu&rclk=1,47.516906,19.0561444,http://mooninwater.hu/,06708819588,"Budapest, Csanády u. 13, 1136",info@mooninwater.hu,info@mooninwater.hu
Kristó Gábor - Masszázs Terapeuta,https://www.google.com/maps/place/Krist%C3%B3+G%C3%A1bor+-+Massz%C3%A1zs+Terapeuta/data=!4m7!3m6!1s0x4741db94b0bd27f1:0x198867a1b3b72873!8m2!3d47.5334727!4d19.0832676!16s%2Fg%2F11s0p0jvhg!19sChIJ8Se9sJTbQUcRcyi3s6FniBk?authuser=0&hl=hu&rclk=1,47.5334727,19.0832676,,,"Budapest, Frangepán u. 65/B, 1135",,
Jeanette Beauty masszázs-Access Bars (Angyalföld),https://www.google.com/maps/place/Jeanette+Beauty+massz%C3%A1zs-Access+Bars+%28Angyalf%C3%B6ld%29/data=!4m7!3m6!1s0x4741db515dec04bb:0xb1d263d2d5149a1c!8m2!3d47.5501121!4d19.0852432!16s%2Fg%2F11s8y627gh!19sChIJuwTsXVHbQUcRHJoU1dJj0rE?authuser=0&hl=hu&rclk=1,47.5501121,19.0852432,https://www.jeanettebeautywedding.hu/,06305489475,"Budapest, Cimbora u. 23, 1131",jeanettebeatuywedding@gmail.com,jeanettebeatuywedding@gmail.com
Present Life Massage,https://www.google.com/maps/place/Present+Life+Massage/data=!4m7!3m6!1s0x4741db832e0c1c8b:0x2528973a3c5901e!8m2!3d47.5258096!4d19.0698863!16s%2Fg%2F11vt67w87_!19sChIJixwMLoPbQUcRHpDFo3OJUgI?authuser=0&hl=hu&rclk=1,47.5258096,19.0698863,https://app.minup.io/book/present-life-massage,06304071672,"Budapest, Klapka u. 17, 1134",,
"Masszázs TOP10 - Pataki Irén, 13. kerület","https://www.google.com/maps/place/Massz%C3%A1zs+TOP10+-+Pataki+Ir%C3%A9n,+13.+ker%C3%BClet/data=!4m7!3m6!1s0x4741db1161b88289:0x315b9d923b2479fc!8m2!3d47.5254895!4d19.0744775!16s%2Fg%2F11h_vbl86x!19sChIJiYK4YRHbQUcR_HkkO5KdWzE?authuser=0&hl=hu&rclk=1",47.5254895,19.0744775,http://www.masszazstop10.hu/,06708815640,"Budapest, Csata u. 3-7-5 em 2, 1135",patakiiren68@gmail.com,patakiiren68@gmail.com
Zsófi massage,https://www.google.com/maps/place/Zs%C3%B3fi+massage/data=!4m7!3m6!1s0x4741db47154b4e79:0x63a3cebc5f9c9a6b!8m2!3d47.533185!4d19.0857947!16s%2Fg%2F11f9yjw3sx!19sChIJeU5LFUfbQUcRa5qcX7zOo2M?authuser=0&hl=hu&rclk=1,47.533185,19.0857947,,,"Budapest, Frangepán u. 74, 1135",,
Máté a svédmasszőr,https://www.google.com/maps/place/M%C3%A1t%C3%A9+a+sv%C3%A9dmassz%C5%91r/data=!4m7!3m6!1s0x4741dbb44d4066ff:0x78d44338bdea22fe!8m2!3d47.518552!4d19.0594993!16s%2Fg%2F11xghqyvh7!19sChIJ_2ZATbTbQUcR_iLqvThD1Hg?authuser=0&hl=hu&rclk=1,47.518552,19.0594993,https://varnai-mate-svedmasszor7.webnode.hu/,06204997033,"Budapest, Röntgen u. 5/B, 1132",info@domainem.hu,info@domainem.hu
Tree of Life Massage,https://www.google.com/maps/place/Tree+of+Life+Massage/data=!4m7!3m6!1s0x4741dd71df675367:0xf0f3fe13a146a0a3!8m2!3d47.5150279!4d19.0542615!16s%2Fg%2F11y5f517rc!19sChIJZ1Nn33HdQUcRo6BGoRP-8_A?authuser=0&hl=hu&rclk=1,47.5150279,19.0542615,http://tree-of-life-massage.salonic.hu/,06303345532,"Budapest, Hegedűs Gyula u. 20/B, 1136",,
Masszázs Testnek Léleknek,https://www.google.com/maps/place/Massz%C3%A1zs+Testnek+L%C3%A9leknek/data=!4m7!3m6!1s0x4741db9b61c42cef:0x18651561a5e4e7af!8m2!3d47.5183476!4d19.0555212!16s%2Fg%2F11x2l8hcwp!19sChIJ7yzEYZvbQUcRr-fkpWEVZRg?authuser=0&hl=hu&rclk=1,47.5183476,19.0555212,https://masszazstestnekleleknek.hu/,06306671917,"Budapest, Victor Hugo u. 29, 1132",,
Oxigénvitál Center,https://www.google.com/maps/place/Oxig%C3%A9nvit%C3%A1l+Center/data=!4m7!3m6!1s0x4741dbb92a3cd139:0x712c51f114238344!8m2!3d47.5397312!4d19.0834967!16s%2Fg%2F11c56r67n3!19sChIJOdE8KrnbQUcRRIMjFPFRLHE?authuser=0&hl=hu&rclk=1,47.5397312,19.0834967,https://oxygenvital.com/,,"Budapest, Tahi u. 70a, 1139",oxigenvital@oxigenvital.hu,oxigenvital@oxigenvital.hu
Egészség Mandala,https://www.google.com/maps/place/Eg%C3%A9szs%C3%A9g+Mandala/data=!4m7!3m6!1s0x4741dbec0c23a6a9:0xc3e37ac0946fb126!8m2!3d47.5327877!4d19.061761!16s%2Fg%2F11q883qc0p!19sChIJqaYjDOzbQUcRJrFvlMB648M?authuser=0&hl=hu&rclk=1,47.5327877,19.061761,http://egeszsegmandala.webnode.hu/,06205906171,"Budapest, Párkány u. 36, 1138",info@domainem.hu,"info@domainem.hu, spider-feedback@bytedance.com"
Metamorf masszázs,https://www.google.com/maps/place/Metamorf+massz%C3%A1zs/data=!4m7!3m6!1s0x4741d9de68aa6b3d:0xcf7f5e9d8967ae7b!8m2!3d47.5309406!4d19.064254!16s%2Fg%2F11j48h7d66!19sChIJPWuqaN7ZQUcRe65niZ1ef88?authuser=0&hl=hu&rclk=1,47.5309406,19.064254,http://www.metamorfmasszazs.hu/,06704202686,"Budapest, Zsilip u. 8, 1133",ragyogoelet@gmail.com,ragyogoelet@gmail.com
In Good Hands Masszázs Szalon,https://www.google.com/maps/place/In+Good+Hands+Massz%C3%A1zs+Szalon/data=!4m7!3m6!1s0x6812e8567598ecdd:0xaef881830f959f7f!8m2!3d47.5139234!4d19.0532572!16s%2Fg%2F11y5h8qd9r!19sChIJ3eyYdVboEmgRf5-VD4OB-K4?authuser=0&hl=hu&rclk=1,47.5139234,19.0532572,https://ingoodhands.hu/,06202274121,"Budapest, Hegedűs Gyula u. 12, 1136",balintgery@gmail.com,balintgery@gmail.com
Zsani Masszázs Stúdió,https://www.google.com/maps/place/Zsani+Massz%C3%A1zs+St%C3%BAdi%C3%B3/data=!4m7!3m6!1s0x4741db1a5f62ba17:0xc823d27f57a1f90c!8m2!3d47.5235605!4d19.0714694!16s%2Fg%2F11x7xnh8rc!19sChIJF7piXxrbQUcRDPmhV3_SI8g?authuser=0&hl=hu&rclk=1,47.5235605,19.0714694,https://www.facebook.com/share/19vmwBdQMK/?mibextid=wwXIfr,,"Budapest, Csángó u. 30, 1134",,
Infinity Massage,https://www.google.com/maps/place/Infinity+Massage/data=!4m7!3m6!1s0x4741dbf52fc13d4d:0x7cd038e350015b7c!8m2!3d47.5193458!4d19.0643097!16s%2Fg%2F11fn6sss09!19sChIJTT3BL_XbQUcRfFsBUOM40Hw?authuser=0&hl=hu&rclk=1,47.5193458,19.0643097,http://infinitymassage.hu/adatvedelmi-tajekoztato/,06302639803,"Budapest, Dévai u., 1134",,
Nyugipont Masszázs,https://www.google.com/maps/place/Nyugipont+Massz%C3%A1zs/data=!4m7!3m6!1s0x4741db621b51cfed:0xe2be87b374ef276e!8m2!3d47.5374209!4d19.0611593!16s%2Fg%2F11hdw8vpqq!19sChIJ7c9RG2LbQUcRbifvdLOHvuI?authuser=0&hl=hu&rclk=1,47.5374209,19.0611593,,06209133668,"Budapest, Népfürdő u. 37, 1138",,
"Több, mint talpmasszázs","https://www.google.com/maps/place/T%C3%B6bb,+mint+talpmassz%C3%A1zs/data=!4m7!3m6!1s0x4741dd740a8d32c5:0x8109c428c0bf069c!8m2!3d47.5150961!4d19.0530265!16s%2Fg%2F11vytmlsbt!19sChIJxTKNCnTdQUcRnAa_wCjECYE?authuser=0&hl=hu&rclk=1",47.5150961,19.0530265,,06304077199,"Budapest, Radnóti Miklós u. 22, 1137",,
Czerják Massage Therapy,https://www.google.com/maps/place/Czerj%C3%A1k+Massage+Therapy/data=!4m7!3m6!1s0x4741db2dabf1efd1:0x18f0464fd329a5f0!8m2!3d47.5248422!4d19.0551001!16s%2Fg%2F11t30m_v98!19sChIJ0e_xqy3bQUcR8KUp009G8Bg?authuser=0&hl=hu&rclk=1,47.5248422,19.0551001,http://czerjakmt.hu/,06204653610,"Budapest, Kárpát u. 60, 1133",zoltanczerjak@gmail.com,zoltanczerjak@gmail.com
Barka Zsuzsanna Masszőr és Önismereti Segítő - Vizafogó,https://www.google.com/maps/place/Barka+Zsuzsanna+Massz%C5%91r+%C3%A9s+%C3%96nismereti+Seg%C3%ADt%C5%91+-+Vizafog%C3%B3/data=!4m7!3m6!1s0x4741dbca8adeca4d:0xd6eec2dcfe5e9e01!8m2!3d47.5309987!4d19.0594974!16s%2Fg%2F11vc17q0mb!19sChIJTcreisrbQUcRAZ5e_tzC7tY?authuser=0&hl=hu&rclk=1,47.5309987,19.0594974,https://barkazsuzsanna.hu/,06702944902,"Budapest, Népfürdő u. 17/B, 1138",zsu.barka@gmail.com,zsu.barka@gmail.com
Szálkai Tímea - masszázs stúdió - 13. kerület,https://www.google.com/maps/place/Sz%C3%A1lkai+T%C3%ADmea+-+massz%C3%A1zs+st%C3%BAdi%C3%B3+-+13.+ker%C3%BClet/data=!4m7!3m6!1s0x4741ddb0b6ff6b93:0xe948f031c2384edd!8m2!3d47.5140906!4d19.0554609!16s%2Fg%2F11my18w_wt!19sChIJk2v_trDdQUcR3U44wjHwSOk?authuser=0&hl=hu&rclk=1,47.5140906,19.0554609,,06317813990,"Budapest, Visegrádi u. 17, 1132",,
MASSAGE-MASSZÁZS N.Barbara,https://www.google.com/maps/place/MASSAGE-MASSZ%C3%81ZS+N.Barbara/data=!4m7!3m6!1s0x4741ddfbd2d03e07:0xe755e5efc2372be3!8m2!3d47.5158453!4d19.0529944!16s%2Fg%2F11t29t8d8_!19sChIJBz7Q0vvdQUcR4ys3wu_lVec?authuser=0&hl=hu&rclk=1,47.5158453,19.0529944,,,"Budapest, Pannónia u. 34, 1136",,
Elixír Thai Masszázs,https://www.google.com/maps/place/Elix%C3%ADr+Thai+Massz%C3%A1zs/data=!4m7!3m6!1s0x4741dfb53a8977ef:0x5dc8cce04390c968!8m2!3d47.5161881!4d19.0001661!16s%2Fg%2F11w7kmnsg5!19sChIJ73eJOrXfQUcRaMmQQ-DMyF0?authuser=0&hl=hu&rclk=1,47.5161881,19.0001661,https://elixirthai.hu/,06302795871,"Budapest, Pázsit u. 2, 1026",hello@elixirthai.hu,hello@elixirthai.hu
Thai Harmónia Masszázs,https://www.google.com/maps/place/Thai+Harm%C3%B3nia+Massz%C3%A1zs/data=!4m7!3m6!1s0x4741dea7337d18eb:0xf45e3142126729e6!8m2!3d47.5087889!4d19.026785!16s%2Fg%2F11_svv83h!19sChIJ6xh9M6feQUcR5ilnEkIxXvQ?authuser=0&hl=hu&rclk=1,47.5087889,19.026785,https://thaiharmonia.hu/,06306775856,"Budapest, Lövőház u. 2-6, 1024",,
Thai Harmónia Masszázs Szalon Budapest - Stop Shop Hűvösvölgy,https://www.google.com/maps/place/Thai+Harm%C3%B3nia+Massz%C3%A1zs+Szalon+Budapest+-+Stop+Shop+H%C5%B1v%C3%B6sv%C3%B6lgy/data=!4m7!3m6!1s0x4741df2b577d307b:0x5e607cd5fb5c027c!8m2!3d47.5377894!4d18.9660187!16s%2Fg%2F1hhvlkkq9!19sChIJezB9VyvfQUcRfAJc-9V8YF4?authuser=0&hl=hu&rclk=1,47.5377894,18.9660187,https://thaiharmonia.hu/,06706142500,"Budapest, Hűvösvölgyi út 138, 1021",,
Thai Harmónia Masszázs Szalon - Rózsakert Bevásárlóközpont,https://www.google.com/maps/place/Thai+Harm%C3%B3nia+Massz%C3%A1zs+Szalon+-+R%C3%B3zsakert+Bev%C3%A1s%C3%A1rl%C3%B3k%C3%B6zpont/data=!4m7!3m6!1s0x4741deb47a2e7101:0x758317a497391979!8m2!3d47.5224817!4d19.0149335!16s%2Fg%2F11h9gtvvbg!19sChIJAXEuerTeQUcReRk5l6QXg3U?authuser=0&hl=hu&rclk=1,47.5224817,19.0149335,https://thaiharmonia.hu/,06209210755,"Budapest, Gábor Áron u. 74, 1026",,
Chang Noi Thai Massage,https://www.google.com/maps/place/Chang+Noi+Thai+Massage/data=!4m7!3m6!1s0x4741d9bf5073b7df:0xfbc910ae821c0aba!8m2!3d47.5656066!4d18.9506192!16s%2Fg%2F11swhh8wcg!19sChIJ37dzUL_ZQUcRugocgq4Qyfs?authuser=0&hl=hu&rclk=1,47.5656066,18.9506192,https://changnoi.salonic.hu/,06304889579,"Budapest, Máriaremetei út 205, 1029",,
Ban Thai masszázs szalon Budapest,https://www.google.com/maps/place/Ban+Thai+massz%C3%A1zs+szalon+Budapest/data=!4m7!3m6!1s0x4741dfba73363291:0x144e110abb907173!8m2!3d47.5078873!4d19.0237047!16s%2Fg%2F11t6xk7xb5!19sChIJkTI2c7rfQUcRc3GQuwoRThQ?authuser=0&hl=hu&rclk=1,47.5078873,19.0237047,http://banthai.hu/,06205143463,"Budapest Széll Kálmán tér és, Dékán u. sarok, 1024",,
SA-BAI THAI MASSAGE,https://www.google.com/maps/place/SA-BAI+THAI+MASSAGE/data=!4m7!3m6!1s0x4741d91332c4a0fd:0x1fb96627489c87a1!8m2!3d47.5515012!4d18.9495276!16s%2Fg%2F11kgd3s2cn!19sChIJ_aDEMhPZQUcRoYecSCdmuR8?authuser=0&hl=hu&rclk=1,47.5515012,18.9495276,http://www.sabaithaimassage.hu/,06705534995,"Budapest, Máriaremetei út 117, 1029",,
Orchidea thai masszazs,https://www.google.com/maps/place/Orchidea+thai+masszazs/data=!4m7!3m6!1s0x4741d9349e59f933:0x38caca808168647c!8m2!3d47.5287868!4d19.0054342!16s%2Fg%2F11d_yt3g25!19sChIJM_lZnjTZQUcRfGRogYDKyjg?authuser=0&hl=hu&rclk=1,47.5287868,19.0054342,http://www.thaimasszazs-orchidea.com/,0613087438,"Budapest, Törökvész út 87-91, 1025",info@thaimasszazs-orchidea.com,info@thaimasszazs-orchidea.com
Asvatta Thai Massage,https://www.google.com/maps/place/Asvatta+Thai+Massage/data=!4m7!3m6!1s0x4741d8a46fe521a1:0x6e18c0f7a58463dd!8m2!3d47.5514988!4d18.9495132!16s%2Fg%2F11b6_f5f8w!19sChIJoSHlb6TYQUcR3WOEpffAGG4?authuser=0&hl=hu&rclk=1,47.5514988,18.9495132,http://asvatta-thaimasszazs.hu/,06705534995,"Budapest, Máriaremetei út 117, 1029",,
Body and Soul Masszázs,https://www.google.com/maps/place/Body+and+Soul+Massz%C3%A1zs/data=!4m7!3m6!1s0x4741df5cb659cd89:0xa5c656dfd5340e66!8m2!3d47.5164134!4d18.9997589!16s%2Fg%2F11mhbdqwc8!19sChIJic1ZtlzfQUcRZg401d9WxqU?authuser=0&hl=hu&rclk=1,47.5164134,18.9997589,https://bsmassage.hu/,06305190605,"Budapest, Budagyöngye Bevásárlóközpont, Szilágyi Erzsébet fasor 121-2. Emelet, 1026",bodyandsoulbudapest@gmail.com,bodyandsoulbudapest@gmail.com
Peaceful Place Holistic Massage,https://www.google.com/maps/place/Peaceful+Place+Holistic+Massage/data=!4m7!3m6!1s0x4741dd156c1c1de9:0xf284f31d65588a46!8m2!3d47.5120025!4d19.0340778!16s%2Fg%2F11p65vbtbk!19sChIJ6R0cbBXdQUcRRopYZR3zhPI?authuser=0&hl=hu&rclk=1,47.5120025,19.0340778,,06703213751,"Budapest, Margit körút 27, 1024",,
Surya Ayurvéda Budapest II.,https://www.google.com/maps/place/Surya+Ayurv%C3%A9da+Budapest+II./data=!4m7!3m6!1s0x4741df81cdd4c7bd:0xda56d2249dbde4bf!8m2!3d47.5189962!4d19.0207029!16s%2Fg%2F11vj448ct1!19sChIJvcfUzYHfQUcRv-S9nSTSVto?authuser=0&hl=hu&rclk=1,47.5189962,19.0207029,http://www.suryaayurveda.hu/,06301789490,"Budapest, Bogár u. 4, 1022",hello@domained.hu,"hello@domained.hu, budapest2@suryaayurveda.hu, szentendre@suryaayurveda.hu"
Harmony & Head Spa Buda,https://www.google.com/maps/place/Harmony+%26+Head+Spa+Buda/data=!4m7!3m6!1s0x4741dd09b36f19e5:0x58f8360d805ff444!8m2!3d47.5135382!4d19.0355037!16s%2Fg%2F11x5nwnfm3!19sChIJ5RlvswndQUcRRPRfgA02-Fg?authuser=0&hl=hu&rclk=1,47.5135382,19.0355037,https://harmonyheadspa.hu/,06308225951,"Budapest, Margit körút 20, 1027",,
Masszázsklinika,https://www.google.com/maps/place/Massz%C3%A1zsklinika/data=!4m7!3m6!1s0x4741ddb9bce59bc1:0x3ada42247799aacb!8m2!3d47.510847!4d19.0107561!16s%2Fg%2F11n72wv6p5!19sChIJwZvlvLndQUcRy6qZdyRC2jo?authuser=0&hl=hu&rclk=1,47.510847,19.0107561,https://masszazsklinika.com/,06302299159,"Budapest, Pasaréti út 7, 1026",info@domainem.hu,"info@domainem.hu, nora@masszazsklinika.com"
Contour Massage by Nikolett,https://www.google.com/maps/place/Contour+Massage+by+Nikolett/data=!4m7!3m6!1s0x4741df6aa144d9db:0xf0967c1425b4e82!8m2!3d47.516144!4d19.004646!16s%2Fg%2F11lcyj254z!19sChIJ29lEoWrfQUcRgk5bQsFnCQ8?authuser=0&hl=hu&rclk=1,47.516144,19.004646,https://contour-massage-by-nikolett.salonic.hu/,,"Budapest, Pasaréti út 49, 1026",,
Mózes Csaba gyógy - és sportmasszőr,https://www.google.com/maps/place/M%C3%B3zes+Csaba+gy%C3%B3gy+-+%C3%A9s+sportmassz%C5%91r/data=!4m7!3m6!1s0x4741dd442f0fc86f:0x89820a71f4969c53!8m2!3d47.511599!4d19.0332379!16s%2Fg%2F11ls23dl3m!19sChIJb8gPL0TdQUcRU5yW9HEKgok?authuser=0&hl=hu&rclk=1,47.511599,19.0332379,https://testmasszor.hu/,06209879236,"Budapest, Margit körút 35-37-2/2, 1024",info@testmasszor.hu,info@testmasszor.hu
Let's Be - Masszázs & Jóga Stúdió | Buda,https://www.google.com/maps/place/Let%27s+Be+-+Massz%C3%A1zs+%26+J%C3%B3ga+St%C3%BAdi%C3%B3+%7C+Buda/data=!4m7!3m6!1s0x2d284a1c283b4fb1:0xde3f43ca5b2dca88!8m2!3d47.5103148!4d19.0243689!16s%2Fg%2F11kh_1wrgc!19sChIJsU87KBxKKC0RiMotW8pDP94?authuser=0&hl=hu&rclk=1,47.5103148,19.0243689,https://www.letsbe-joga-masszazs.hu/,06705533047,"Budapest, Lövőház u. 29, 1024",463991d7bca24f02a0baf16f9e6eda73@sentry.wixpress.com,"463991d7bca24f02a0baf16f9e6eda73@sentry.wixpress.com, 78f7996315bc402f9dcb8a2f974b82d1@sentry.wixpress.com, 2062d0a4929b45348643784b5cb39c36@sentry.wixpress.com, 18d2f96d279149989b95faf0a4b41882@sentry-next.wixpress.com, 460ff4620fa44cba8df530afde949785@sentry.wixpress.com, c183baa23371454f99f417f6616b724d@sentry.wixpress.com, 605a7baede844d278b89dc95ae0a9123@sentry-next.wixpress.com, ed436f5053144538958ad06a5005e99a@sentry.wixpress.com, letsbe.joga.masszazs@gmail.com, 8c4075d5481d476e945486754f783364@sentry.io, 98b21aa53d68482b8414e892d9af0e5f@sentry-next.wixpress.com, 271e9fa3230b4eec94b02bf95780f5f2@sentry.wixpress.com, 5d1795a2db124a268f1e1bd88f503500@sentry.wixpress.com, dd0a55ccb8124b9c9d938e3acf41f8aa@sentry.wixpress.com, 9a65e97ebe8141fca0c4fd686f70996b@sentry.wixpress.com"
"Prémium Masszázs - Gyógymasszőr, Sport - Svédmasszázs, Mozgásszervi kezelések - Budapest","https://www.google.com/maps/place/Pr%C3%A9mium+Massz%C3%A1zs+-+Gy%C3%B3gymassz%C5%91r,+Sport+-+Sv%C3%A9dmassz%C3%A1zs,+Mozg%C3%A1sszervi+kezel%C3%A9sek+-+Budapest/data=!4m7!3m6!1s0x4741ddc0cbd06bed:0xfbea0bc9c85b680e!8m2!3d47.5103057!4d19.0348064!16s%2Fg%2F11fkf88hlw!19sChIJ7WvQy8DdQUcRDmhbyMkL6vs?authuser=0&hl=hu&rclk=1",47.5103057,19.0348064,http://www.premiummasszazs.hu/,06707031459,"Budapest, Horvát u. 9, 1027",,
Massage Heaven Buda,https://www.google.com/maps/place/Massage+Heaven+Buda/data=!4m7!3m6!1s0x4741ddf670c57463:0x1d1a0969465c1c6e!8m2!3d47.5153838!4d19.0369238!16s%2Fg%2F11f7320nwg!19sChIJY3TFcPbdQUcRbhxcRmkJGh0?authuser=0&hl=hu&rclk=1,47.5153838,19.0369238,http://www.massageheaven.hu/,06202942295,"Budapest, Frankel Leó út 24. fsz. 2, 1027",info@massageheaven.hu,info@massageheaven.hu
Anikó masszázs Thai masszázs,https://www.google.com/maps/place/Anik%C3%B3+massz%C3%A1zs+Thai+massz%C3%A1zs/data=!4m7!3m6!1s0x4741d92949eccd79:0xa7e94fedf44da57e!8m2!3d47.5260531!4d19.0369779!16s%2Fg%2F11tfnf3lsr!19sChIJec3sSSnZQUcRfqVN9O1P6ac?authuser=0&hl=hu&rclk=1,47.5260531,19.0369779,http://anikomasszazs.hu/,06307886727,"Budapest, Bécsi út 20, 1023",info@domainem.hu,"info@domainem.hu, anikomasszazs123@gmail.com"
Siam Beauty Med,https://www.google.com/maps/place/Siam+Beauty+Med/data=!4m7!3m6!1s0x4741d89ac350b9e9:0x748c034ac0c6072d!8m2!3d47.5645778!4d18.9605307!16s%2Fg%2F11bxfw4s89!19sChIJ6blQw5rYQUcRLQfGwEoDjHQ?authuser=0&hl=hu&rclk=1,47.5645778,18.9605307,http://www.siambeautymed.hu/,06304663666,"Budapest, Hidegkúti út 174, 1028",hellofriend@thegravityteam.com,"hellofriend@thegravityteam.com, siam@siambeautymed.hu"
Goldfingers Thai Massage Gobuda,https://www.google.com/maps/place/Goldfingers+Thai+Massage+Gobuda/data=!4m7!3m6!1s0x4741d93e71b9901b:0x5fa95cd0159d53b3!8m2!3d47.5464915!4d19.0284035!16s%2Fg%2F11vk3njhwl!19sChIJG5C5cT7ZQUcRs1OdFdBcqV8?authuser=0&hl=hu&rclk=1,47.5464915,19.0284035,https://goldfingersthaimassage.hu/,06205253879,"Budapest, Gobuda Mall Galéria, Bécsi út 154, 1036",,
Si-Ket Ban Thai Massage,https://www.google.com/maps/place/Si-Ket+Ban+Thai+Massage/data=!4m7!3m6!1s0x4f8fc5aa294cc8c9:0x324d740ff5530687!8m2!3d47.5081151!4d19.0701435!16s%2Fg%2F11t7cfk1jk!19sChIJychMKarFj08RhwZT9Q90TTI?authuser=0&hl=hu&rclk=1,47.5081151,19.0701435,http://www.si-ketban.com/,06202842242,"Budapest, Szív u. 16, 1063",,
Takács Balázs - Holisztikus Segítő,https://www.google.com/maps/place/Tak%C3%A1cs+Bal%C3%A1zs+-+Holisztikus+Seg%C3%ADt%C5%91/data=!4m7!3m6!1s0x4741db580e39afa1:0xf2556f439bada2a6!8m2!3d47.5134783!4d19.0177342!16s%2Fg%2F11rqkwmx7s!19sChIJoa85DljbQUcRpqKtm0NvVfI?authuser=0&hl=hu&rclk=1,47.5134783,19.0177342,https://balazstakacs.hu/,06304381520,"Budapest, Rókushegyi lépcső 3, 1022",hello@balazstakacs.hu,hello@balazstakacs.hu
Libra Masszázs Szalon,https://www.google.com/maps/place/Libra+Massz%C3%A1zs+Szalon/data=!4m7!3m6!1s0x54c95a706a34e7b:0xa9d26f3229d7434e!8m2!3d47.5645843!4d18.9604828!16s%2Fg%2F11y314dxdp!19sChIJe06jBqeVTAURTkPXKTJv0qk?authuser=0&hl=hu&rclk=1,47.5645843,18.9604828,https://libraszalon.hu/,06308532729,"Budapest, Hidegkúti út 174, 1028",libraszalon@gmail.com,libraszalon@gmail.com
H'Art Healing Hub - Reiki kezelés • Masszázs • Reflexológia - Budapest,https://www.google.com/maps/place/H%27Art+Healing+Hub+-+Reiki+kezel%C3%A9s+%E2%80%A2+Massz%C3%A1zs+%E2%80%A2+Reflexol%C3%B3gia+-+Budapest/data=!4m7!3m6!1s0x4741df12c56e7935:0x89033708e4000de0!8m2!3d47.5265771!4d18.9752984!16s%2Fg%2F11s53cc023!19sChIJNXluxRLfQUcR4A0A5Ag3A4k?authuser=0&hl=hu&rclk=1,47.5265771,18.9752984,https://harthealinghub.hu/,06209887205,"Budapest, Széher út 76, 1021",,
MassageBar Budapest,https://www.google.com/maps/place/MassageBar+Budapest/data=!4m7!3m6!1s0x4741dfb36f659bd3:0x16eb3c573b246012!8m2!3d47.5101542!4d19.0256436!16s%2Fg%2F11y4yfnkv1!19sChIJ05tlb7PfQUcREmAkO1c86xY?authuser=0&hl=hu&rclk=1,47.5101542,19.0256436,https://www.massagebar.hu/,06704167895,"Budapest, Fény u. 16, 1024",,
Nyirok és aromaterápiás masszázs,https://www.google.com/maps/place/Nyirok+%C3%A9s+aromater%C3%A1pi%C3%A1s+massz%C3%A1zs/data=!4m7!3m6!1s0x4741df3eebc96b5f:0x602563b77f7c284f!8m2!3d47.51285!4d19.0260086!16s%2Fg%2F11vwvl0jfp!19sChIJX2vJ6z7fQUcRTyh8f7djJWA?authuser=0&hl=hu&rclk=1,47.51285,19.0260086,https://www.facebook.com/jeneiagimasszazs/,06305381830,"Budapest, Keleti Károly u. 33, 1024",,
Budagyöngye bevásárlóközpont 2. emelet,https://www.google.com/maps/place/Budagy%C3%B6ngye+bev%C3%A1s%C3%A1rl%C3%B3k%C3%B6zpont+2.+emelet/data=!4m7!3m6!1s0x4741dec64c0d8aef:0xb45c5a995d44946b!8m2!3d47.5163727!4d18.9998487!16s%2Fg%2F11h_6qcdl0!19sChIJ74oNTMbeQUcRa5REXZlaXLQ?authuser=0&hl=hu&rclk=1,47.5163727,18.9998487,https://bsmassage.hu/galeria/,06305190605,"Budapest, Szilágyi Erzsébet fasor 121, 1026",bodyandsoulbudapest@gmail.com,bodyandsoulbudapest@gmail.com
Ene-ram Masszázs,https://www.google.com/maps/place/Ene-ram+Massz%C3%A1zs/data=!4m7!3m6!1s0x4741dfc0e850db5b:0x759fea54ff548abd!8m2!3d47.510511!4d19.028694!16s%2Fg%2F11pwfm230q!19sChIJW9tQ6MDfQUcRvYpU_1Tqn3U?authuser=0&hl=hu&rclk=1,47.510511,19.028694,,06302004013,"Budapest, Kis Rókus u. 5-7, 1024",,
Bekő Mónika masszázsterapeuta,https://www.google.com/maps/place/Bek%C5%91+M%C3%B3nika+massz%C3%A1zsterapeuta/data=!4m7!3m6!1s0x4741ddcb01b087c5:0x6b9705fbb6f680a0!8m2!3d47.510312!4d19.034788!16s%2Fg%2F11ng6fjvz4!19sChIJxYewAcvdQUcRoID2tvsFl2s?authuser=0&hl=hu&rclk=1,47.510312,19.034788,https://masszazsharmonia.hu/,06709412950,"Budapest, Horvát u. 9, 1027",,
"Hangillat - masszázs, hangtál, aromaterápia","https://www.google.com/maps/place/Hangillat+-+massz%C3%A1zs,+hangt%C3%A1l,+aromater%C3%A1pia/data=!4m7!3m6!1s0x2e7803d2b51eeac7:0x4e3e705791fda3ee!8m2!3d47.5192299!4d19.0237458!16s%2Fg%2F11jyk42c6v!19sChIJx-oetdIDeC4R7qP9kVdwPk4?authuser=0&hl=hu&rclk=1",47.5192299,19.0237458,http://aromo-aromaterapia.hu/,06302538542,"Budapest, Pajzs u. 16-fszt. 1, 1025",aromo.aromaterapia@gmail.com,aromo.aromaterapia@gmail.com
Masszázsok&Intimitás tanácsadó,https://www.google.com/maps/place/Massz%C3%A1zsok%26Intimit%C3%A1s+tan%C3%A1csad%C3%B3/data=!4m7!3m6!1s0x476991eb91f14da9:0x2a526e20f4f0407a!8m2!3d47.5103032!4d19.0238318!16s%2Fg%2F11q99jgz3n!19sChIJqU3xkeuRaUcRekDw9CBuUio?authuser=0&hl=hu&rclk=1,47.5103032,19.0238318,http://www.eletszeretlek.hu/,06209585318,"Budapest, Lövőház u. 24, 1024",eletszeretlek@gmail.com,eletszeretlek@gmail.com
Vigvári Benedek masszázsterapeuta,https://www.google.com/maps/place/Vigv%C3%A1ri+Benedek+massz%C3%A1zsterapeuta/data=!4m7!3m6!1s0x4741df3544c57c21:0x5bcdafa32afb0f60!8m2!3d47.5123991!4d19.0298506!16s%2Fg%2F11w4d27v69!19sChIJIXzFRDXfQUcRYA_7KqOvzVs?authuser=0&hl=hu&rclk=1,47.5123991,19.0298506,http://www.vigvaribenedek.com/,06707718596,"Budapest, Bimbó út 4, 1022",info@vigvaribenedek.com,info@vigvaribenedek.com
Relax Spa Fogyasztó szalon,https://www.google.com/maps/place/Relax+Spa+Fogyaszt%C3%B3+szalon/data=!4m7!3m6!1s0x4741dc1c5d7991c5:0xe7b93db981c682f5!8m2!3d47.5091161!4d19.034222!16s%2Fg%2F1tcv52f5!19sChIJxZF5XRzcQUcR9YLGgbk9uec?authuser=0&hl=hu&rclk=1,47.5091161,19.034222,http://www.relaxspa.hu/,0612018719,"Budapest, Fazekas u. 22, 1027",relaxspa.eletmod@gmail.com,relaxspa.eletmod@gmail.com
Cathy Massage,https://www.google.com/maps/place/Cathy+Massage/data=!4m7!3m6!1s0x4741ddde88a82de3:0x68bd0e515dc75070!8m2!3d47.5126263!4d19.0382529!16s%2Fg%2F11whrvkxb3!19sChIJ4y2oiN7dQUcRcFDHXVEOvWg?authuser=0&hl=hu&rclk=1,47.5126263,19.0382529,,06709789321,"Budapest, Frankel Leó út 1, 1027",,
Nyugvópont Masszázs,https://www.google.com/maps/place/Nyugv%C3%B3pont+Massz%C3%A1zs/data=!4m7!3m6!1s0x4741df4570b0424b:0x8ef67ac36dc8607!8m2!3d47.5159066!4d19.0048456!16s%2Fg%2F11rmngl6my!19sChIJS0KwcEXfQUcRB4bcNqxn7wg?authuser=0&hl=hu&rclk=1,47.5159066,19.0048456,http://valkaianna.com/,06702026677,"Budapest, Pasaréti út 45, 1026",,
Kincsem Masszázs és Szépségszalon,https://www.google.com/maps/place/Kincsem+Massz%C3%A1zs+%C3%A9s+Sz%C3%A9ps%C3%A9gszalon/data=!4m7!3m6!1s0x4741dd4317760d59:0xe476e338502ea492!8m2!3d47.5102836!4d19.0310158!16s%2Fg%2F11kzg9spd2!19sChIJWQ12F0PdQUcRkqQuUDjjduQ?authuser=0&hl=hu&rclk=1,47.5102836,19.0310158,https://kincsemszalon.hu/,06302389823,"Budapest, Margit körút 56, 1027",info@kincsemszalon.hu,info@kincsemszalon.hu
Lilizen Massage,https://www.google.com/maps/place/Lilizen+Massage/data=!4m7!3m6!1s0x4741dd658b74cacd:0x64a95b2908f0dc1!8m2!3d47.5128229!4d19.0381812!16s%2Fg%2F11yfcq1t2g!19sChIJzcp0i2XdQUcRwQ2PkLKVSgY?authuser=0&hl=hu&rclk=1,47.5128229,19.0381812,https://www.facebook.com/share/1HFDSoqf9V/,06204488416,"Budapest, Frankel Leó út, 1027",,
SenSpa Masszázs Szalon,https://www.google.com/maps/place/SenSpa+Massz%C3%A1zs+Szalon/data=!4m7!3m6!1s0x476a7627bb1d781b:0x966672a2567343bb!8m2!3d47.5666314!4d18.9462312!16s%2Fg%2F11j48hc1j7!19sChIJG3gduyd2akcRu0NzVqJyZpY?authuser=0&hl=hu&rclk=1,47.5666314,18.9462312,,0613020513,"Budapest, Gyíkfű u., 1029",,
SHIVAGA Thai Masszázs & Spa,https://www.google.com/maps/place/SHIVAGA+Thai+Massz%C3%A1zs+%26+Spa/data=!4m7!3m6!1s0x4741ddb18049ab73:0xabab37dbc144dcd2!8m2!3d47.4744912!4d19.0454886!16s%2Fg%2F11gdr25f9r!19sChIJc6tJgLHdQUcR0txEwds3q6s?authuser=0&hl=hu&rclk=1,47.4744912,19.0454886,http://www.shivagathaimasszazs.hu/,06308827953,"Budapest, Bocskai út 3-5, 1114",shivagaujbuda@gmail.com,shivagaujbuda@gmail.com
Bai Pho Thai Masszázs - Kelenföld,https://www.google.com/maps/place/Bai+Pho+Thai+Massz%C3%A1zs+-+Kelenf%C3%B6ld/data=!4m7!3m6!1s0x4741ddbd12e88dcf:0x99e03adb6fdc936a!8m2!3d47.449869!4d19.038105!16s%2Fg%2F11l77ks10c!19sChIJz43oEr3dQUcRapPcb9s64Jk?authuser=0&hl=hu&rclk=1,47.449869,19.038105,http://www.baipho.hu/,06705663346,"Budapest, Fehérvári út 168-178-C lph, 1116",baiphokelenfold@gmail.com,baiphokelenfold@gmail.com
Lady&Ann Masszázs Stúdió,https://www.google.com/maps/place/Lady%26Ann+Massz%C3%A1zs+St%C3%BAdi%C3%B3/data=!4m7!3m6!1s0x4741dd12b9d2ef3f:0xb541fa2cab54d5c9!8m2!3d47.4754053!4d19.0532912!16s%2Fg%2F11syz75wc5!19sChIJP-_SuRLdQUcRydVUqyz6QbU?authuser=0&hl=hu&rclk=1,47.4754053,19.0532912,https://ladyandannmasszazs.salonic.hu/,06209411615,"Budapest, Budafoki út 32. b-c, 1111",,
Me Time Massage by Ági,https://www.google.com/maps/place/Me+Time+Massage+by+%C3%81gi/data=!4m7!3m6!1s0x4741df29ef3e1b81:0x1126e1c0eee082cb!8m2!3d47.472956!4d18.995462!16s%2Fg%2F11mnldtxng!19sChIJgRs-7ynfQUcRy4Lg7sDhJhE?authuser=0&hl=hu&rclk=1,47.472956,18.995462,https://www.facebook.com/metimemassagebyagi/services,06305874802,"Budapest, Tűzkő u. 10, 1118",,
Vitál Masszázs Stúdió,https://www.google.com/maps/place/Vit%C3%A1l+Massz%C3%A1zs+St%C3%BAdi%C3%B3/data=!4m7!3m6!1s0x4741dd75696ec88f:0x42f9c74449e9d952!8m2!3d47.4608625!4d19.0413679!16s%2Fg%2F11j614vcs3!19sChIJj8huaXXdQUcRUtnpSUTH-UI?authuser=0&hl=hu&rclk=1,47.4608625,19.0413679,https://vitalmasszazsstudio.hu/,06307275373,"Budapest, Fehérvári út 107/b, 1113",%20pmonika17@gmail.com,"%20pmonika17@gmail.com, moni@vitalmasszazsstudio.hu"
Bambusz Masszázs Szalon,https://www.google.com/maps/place/Bambusz+Massz%C3%A1zs+Szalon/data=!4m7!3m6!1s0x4741de75006d1441:0x1dfb16f15e34735f!8m2!3d47.4700957!4d18.99798!16s%2Fg%2F11c2k16qgt!19sChIJQRRtAHXeQUcRX3M0XvEW-x0?authuser=0&hl=hu&rclk=1,47.4700957,18.99798,http://www.bambuszmasszazsszalon.hu/,06302256220,"Budapest, Torbágy u. 10, 1118",,
Arany Mandala Thai Masszázs,https://www.google.com/maps/place/Arany+Mandala+Thai+Massz%C3%A1zs/data=!4m7!3m6!1s0x4741dddcec6d188b:0xd01f501fa8ac64c!8m2!3d47.4563644!4d19.0407681!16s%2Fg%2F11tf7d_wxt!19sChIJixht7NzdQUcRTMaK-gH1AQ0?authuser=0&hl=hu&rclk=1,47.4563644,19.0407681,https://aranymandala.hu/,0614450287,"Budapest, Fehérvári út 126, 1116",info@aranymandala.hu,info@aranymandala.hu
Belső Mosoly Egészségmegőrző és Gyógyító Központ,https://www.google.com/maps/place/Bels%C5%91+Mosoly+Eg%C3%A9szs%C3%A9gmeg%C5%91rz%C5%91+%C3%A9s+Gy%C3%B3gy%C3%ADt%C3%B3+K%C3%B6zpont/data=!4m7!3m6!1s0x4741e930cdc97f67:0xfa52bd24f19437ff!8m2!3d47.4499936!4d19.0380637!16s%2Fg%2F11g0kghqv_!19sChIJZ3_JzTDpQUcR_zeU8SS9Uvo?authuser=0&hl=hu&rclk=1,47.4499936,19.0380637,http://www.belsomosolymasszazs.hu/,,"Budapest, Kondorosi Lakópark, 1116",info@belsomosolykozpont.hu,info@belsomosolykozpont.hu
Masszázsmester Rekreációs Centrum,https://www.google.com/maps/place/Massz%C3%A1zsmester+Rekre%C3%A1ci%C3%B3s+Centrum/data=!4m7!3m6!1s0x4741ddb6dd84dfc7:0x5bcf386dc9925af5!8m2!3d47.4736001!4d19.0393396!16s%2Fg%2F1tj497r0!19sChIJx9-E3bbdQUcR9VqSyW04z1s?authuser=0&hl=hu&rclk=1,47.4736001,19.0393396,http://www.masszazsmester.hu/,06702999140,"Budapest, Bukarest u. 9, 1114",info@masszazsmester.hu,info@masszazsmester.hu
Ilia Beatrix,https://www.google.com/maps/place/Ilia+Beatrix/data=!4m7!3m6!1s0x4741dd23eabacf11:0x21dae5faba1e03f4!8m2!3d47.442124!4d19.035428!16s%2Fg%2F11nft9lvwt!19sChIJEc-66iPdQUcR9AMeuvrl2iE?authuser=0&hl=hu&rclk=1,47.442124,19.035428,http://www.iliabeatrix.hu/,06702813521,"Budapest, Fehérvári út 227, 1116",ev2024iliab@gmail.com,ev2024iliab@gmail.com
JP massage,https://www.google.com/maps/place/JP+massage/data=!4m7!3m6!1s0x4741dfc7d9f41a9b:0x20b7f6f88de4257c!8m2!3d47.4721973!4d19.0199509!16s%2Fg%2F11pqxgj1fx!19sChIJmxr02cffQUcRfCXkjfj2tyA?authuser=0&hl=hu&rclk=1,47.4721973,19.0199509,http://www.jpmassage.hu/,06302125225,"Budapest, Rubin Rubin Wellness és Sportközpont, Dayka Gábor u. 3, 1118",info@jpmassage.hu,info@jpmassage.hu
DavidMassage,https://www.google.com/maps/place/DavidMassage/data=!4m7!3m6!1s0x4741dda52cd572bb:0x322b17e09f64a865!8m2!3d47.4732616!4d19.0262129!16s%2Fg%2F11xdzt00l6!19sChIJu3LVLKXdQUcRZahkn-AXKzI?authuser=0&hl=hu&rclk=1,47.4732616,19.0262129,https://davidmassage.hu/,06302710247,"Budapest, Ajnácskő u. 2, 1113",david@davidmassage.hu,david@davidmassage.hu
Beauty Hall Női Masszázs Stúdió,https://www.google.com/maps/place/Beauty+Hall+N%C5%91i+Massz%C3%A1zs+St%C3%BAdi%C3%B3/data=!4m7!3m6!1s0x4741ddefdbcf1773:0xa85f3d04d8db76e0!8m2!3d47.469017!4d19.0093214!16s%2Fg%2F11q8vgh6mf!19sChIJcxfP2-_dQUcR4Hbb2AQ9X6g?authuser=0&hl=hu&rclk=1,47.469017,19.0093214,http://www.beautyhall.hu/,,"Budapest, Pálinkás Antal utca 2/A, 1118",info@domainem.hu,"info@domainem.hu, barbara@beautyhall.hu"
Hibiszkusz Thai Masszázs,https://www.google.com/maps/place/Hibiszkusz+Thai+Massz%C3%A1zs/data=!4m7!3m6!1s0x4741dff35a0f280f:0x84f215913845728b!8m2!3d47.4721162!4d18.9983239!16s%2Fg%2F11tj36qwph!19sChIJDygPWvPfQUcRi3JFOJEV8oQ?authuser=0&hl=hu&rclk=1,47.4721162,18.9983239,https://www.facebook.com/profile.php?id=61585123482100,06705402862,"Budapest, Kaptárkő u. 12, 1118",,
Kathai Thai Masszázs,https://www.google.com/maps/place/Kathai+Thai+Massz%C3%A1zs/data=!4m7!3m6!1s0x4741dd3e041b84db:0x449ad1427d14a4ab!8m2!3d47.4628787!4d19.0525111!16s%2Fg%2F11xdfrd12n!19sChIJ24QbBD7dQUcRq6QUfULRmkQ?authuser=0&hl=hu&rclk=1,47.4628787,19.0525111,https://kathai.salonic.hu/,06302113970,"Budapest, Budafoki út 113, 1117",,
Moon Thai Masszázs,https://www.google.com/maps/place/Moon+Thai+Massz%C3%A1zs/data=!4m7!3m6!1s0x4741dd374b256dcf:0x193568f613554ec!8m2!3d47.478256!4d19.0479045!16s%2Fg%2F11krnbdwss!19sChIJz20lSzfdQUcR7FQ1YY9WkwE?authuser=0&hl=hu&rclk=1,47.478256,19.0479045,https://www.moonthaimasszazs.hu/,06304976260,"Budapest, Móricz Zsigmond körtér 1, 1114",laszgergely@gmail.com,laszgergely@gmail.com
Hangtál Masszázs Újbuda,https://www.google.com/maps/place/Hangt%C3%A1l+Massz%C3%A1zs+%C3%9Ajbuda/data=!4m7!3m6!1s0xcb993c21d37517b:0x35a2318eb9d697af!8m2!3d47.456642!4d19.0365779!16s%2Fg%2F11kb8vh3j1!19sChIJe1E3HcKTuQwRr5fWuY4xojU?authuser=0&hl=hu&rclk=1,47.456642,19.0365779,https://hangtal-masszazs.hu/,06205521555,"Budapest, Andor u. 11b-III/12, 1119",kurucz.imre.hm@gmail.com,kurucz.imre.hm@gmail.com
Gold Massage csontkovács-masszázsstúdió,https://www.google.com/maps/place/Gold+Massage+csontkov%C3%A1cs-massz%C3%A1zsst%C3%BAdi%C3%B3/data=!4m7!3m6!1s0x4741ddc89c7bc009:0x15a0beef956008!8m2!3d47.4757299!4d19.0090887!16s%2Fg%2F11vx3ntvkn!19sChIJCcB7nMjdQUcRCGCV776gFQA?authuser=0&hl=hu&rclk=1,47.4757299,19.0090887,https://goldmassage.hu/,06205198562,"Budapest, Bodajk u. 35, 1112",nev@e-mail.com,"nev@e-mail.com, goldmassage11@gmail.com"
Ok Thai Masszázs,https://www.google.com/maps/place/Ok+Thai+Massz%C3%A1zs/data=!4m7!3m6!1s0x4741dd885623a2f1:0x2be839c18aa422f8!8m2!3d47.4734678!4d19.0504412!16s%2Fg%2F11vkh6bbrz!19sChIJ8aIjVojdQUcR-CKkisE56Cs?authuser=0&hl=hu&rclk=1,47.4734678,19.0504412,https://okthaimasszazs.hu/index.php,06707888281,"Budapest, Október huszonharmadika u. 23, 1117",,
Bambus Fizio-Med - Allee - Masszázs,https://www.google.com/maps/place/Bambus+Fizio-Med+-+Allee+-+Massz%C3%A1zs/data=!4m7!3m6!1s0x4741df804bc2b17d:0xeb2b3a468e6588bf!8m2!3d47.4725419!4d19.0464407!16s%2Fg%2F11qntlf2c4!19sChIJfbHCS4DfQUcRv4hljkY6K-s?authuser=0&hl=hu&rclk=1,47.4725419,19.0464407,https://www.bambusfiziomed.hu/,06204418080,"Budapest, Baranyai u. 3, 1117",info@bambusfiziomed.hu,info@bambusfiziomed.hu
Nyirokmasszázs,https://www.google.com/maps/place/Nyirokmassz%C3%A1zs/data=!4m7!3m6!1s0x4741ddb6f5f02bc3:0x36b60f9bd0292664!8m2!3d47.4742388!4d19.0380624!16s%2Fg%2F11hdy29jff!19sChIJwyvw9bbdQUcRZCYp0JsPtjY?authuser=0&hl=hu&rclk=1,47.4742388,19.0380624,http://www.dagadtlab.hu/index.php?oldal=kapcsolat.php,06708862211,"Budapest, Bartók Béla út 92, 1115",info@dagadtlab.hu,info@dagadtlab.hu
Magyar Ádám masszőr,https://www.google.com/maps/place/Magyar+%C3%81d%C3%A1m+massz%C5%91r/data=!4m7!3m6!1s0x4741dd7326ffb38d:0xfa09a227f7345333!8m2!3d47.4664627!4d19.0287277!16s%2Fg%2F11ldw9y2fz!19sChIJjbP_JnPdQUcRM1M09yeiCfo?authuser=0&hl=hu&rclk=1,47.4664627,19.0287277,https://www.facebook.com/adammasszor,06305639257,"Budapest, Bártfai u. 51, 1115",,
BeJó Masszázs_Tantra Masszázs Budapest,https://www.google.com/maps/place/BeJ%C3%B3+Massz%C3%A1zs_Tantra+Massz%C3%A1zs+Budapest/data=!4m7!3m6!1s0x4741dd0f0f156a2f:0xc60ad1f444b6a0f2!8m2!3d47.477714!4d19.051178!16s%2Fg%2F11w8pmfsyd!19sChIJL2oVDw_dQUcR8qC2RPTRCsY?authuser=0&hl=hu&rclk=1,47.477714,19.051178,https://www.bejomasszazs.hu/,06708660156,"Budapest, Bercsényi u. 12, 1111",info@domainem.hu,"info@domainem.hu, bejomasszazs2018@gmail.com, info@bejomasszazs.hu"
Életerő Stúdió,https://www.google.com/maps/place/%C3%89leter%C5%91+St%C3%BAdi%C3%B3/data=!4m7!3m6!1s0x47470de13f60e35f:0xbf57e4fbe1ed7cd!8m2!3d47.4767809!4d19.0475529!16s%2Fg%2F1tk_hh88!19sChIJX-NgP-ENR0cRzdcevk9-9Qs?authuser=0&hl=hu&rclk=1,47.4767809,19.0475529,http://www.eleterostudio.hu/,06703258673,"Budapest, Móricz Zsigmond körtér 14, 1117",therapie.molnar@gmail.com,"therapie.molnar@gmail.com, eleterostudio@gmail.com"
Yoni masszázs - Sensualife Budapest - since 2012,https://www.google.com/maps/place/Yoni+massz%C3%A1zs+-+Sensualife+Budapest+-+since+2012/data=!4m7!3m6!1s0x4741ddec3abf6dc9:0x8803cdefb2ec0a3b!8m2!3d47.4748982!4d19.043792!16s%2Fg%2F11hj4xsv7_!19sChIJyW2_OuzdQUcROwrssu_NA4g?authuser=0&hl=hu&rclk=1,47.4748982,19.043792,http://yonimasszazs.wordpress.com/,06309615231,"Budapest, Bocskai út 17, 1117",sensualifebudapest@gmail.com,sensualifebudapest@gmail.com
FŐNIX STÚDIÓ,https://www.google.com/maps/place/F%C5%90NIX+ST%C3%9ADI%C3%93/data=!4m7!3m6!1s0x4741dde65ff22a87:0xc58571ef50cfca49!8m2!3d47.4720625!4d19.0507832!16s%2Fg%2F11h4zq3rwq!19sChIJhyryX-bdQUcRScrPUO9xhcU?authuser=0&hl=hu&rclk=1,47.4720625,19.0507832,https://fonixstudio.hu/,06305515861,"Budapest, Baranyai u. 24-3. emelet 1, 1117",,
healerhands.com,https://www.google.com/maps/place/healerhands.com/data=!4m7!3m6!1s0x4741dd0061c4fcaf:0x456eee0838875af8!8m2!3d47.4826472!4d19.0525698!16s%2Fg%2F11xds71tvx!19sChIJr_zEYQDdQUcR-FqHOAjubkU?authuser=0&hl=hu&rclk=1,47.4826472,19.0525698,https://healerhands.com/,06202898159,"Budapest, Bartók Béla út 7, 1114",varga.lehel94@gmail.com,"varga.lehel94@gmail.com, hervailorinc@gmail.com"
Andaba Masszázs,https://www.google.com/maps/place/Andaba+Massz%C3%A1zs/data=!4m7!3m6!1s0x4741ddd23f836083:0x2b093162e8cfae2c!8m2!3d47.4773696!4d19.0494687!16s%2Fg%2F11fl3p__2r!19sChIJg2CDP9LdQUcRLK7P6GIxCSs?authuser=0&hl=hu&rclk=1,47.4773696,19.0494687,http://www.andaba.hu/,06204237808,"Budapest, Karinthy Frigyes út 8, 1111",andabakucko@gmail.com,andabakucko@gmail.com
Takács Viktória EV masszőr,https://www.google.com/maps/place/Tak%C3%A1cs+Vikt%C3%B3ria+EV+massz%C5%91r/data=!4m7!3m6!1s0x4741ddb225433855:0x8dd032ffd1e7f665!8m2!3d47.4588226!4d19.0491364!16s%2Fg%2F11rd4291bp!19sChIJVThDJbLdQUcRZfbn0f8y0I0?authuser=0&hl=hu&rclk=1,47.4588226,19.0491364,https://www.facebook.com/TakacsViktoriaMasszor,06304777044,"Budapest, Alíz utca 6-B ""C"" épület 72kcs 7/2, 1117",,
Fájdaloműző Masszázsstúdió,https://www.google.com/maps/place/F%C3%A1jdalom%C5%B1z%C5%91+Massz%C3%A1zsst%C3%BAdi%C3%B3/data=!4m7!3m6!1s0x4741ddb3aef30dfd:0xff176f8a98683a3b!8m2!3d47.4762622!4d19.0466771!16s%2Fg%2F11g8wln0qg!19sChIJ_Q3zrrPdQUcROzpomIpvF_8?authuser=0&hl=hu&rclk=1,47.4762622,19.0466771,http://www.fajdalomuzo.hu/,06303920168,"Budapest, Vásárhelyi Pál u. 2, 1114",,
Gyógymasszázs - Budapest XI. kerület,https://www.google.com/maps/place/Gy%C3%B3gymassz%C3%A1zs+-+Budapest+XI.+ker%C3%BClet/data=!4m7!3m6!1s0x4741ddb6e78662b3:0x6ccf82199b19019b!8m2!3d47.4736122!4d19.0392785!16s%2Fg%2F11xhqpkqf!19sChIJs2KG57bdQUcRmwEZmxmCz2w?authuser=0&hl=hu&rclk=1,47.4736122,19.0392785,http://www.masszazs11.hu/,06702999140,"Budapest, Bukarest u. 9, 1114",info@masszazsmester.hu,info@masszazsmester.hu
Harmónia Életreform Központ Kft.,https://www.google.com/maps/place/Harm%C3%B3nia+%C3%89letreform+K%C3%B6zpont+Kft./data=!4m7!3m6!1s0x4741e711a1e91e67:0x553a51cc3f615171!8m2!3d47.4440033!4d19.0384509!16s%2Fg%2F1hhx9ds6r!19sChIJZx7poRHnQUcRcVFhP8xROlU?authuser=0&hl=hu&rclk=1,47.4440033,19.0384509,http://www.harmoniaeletreformkozpont.hu/,0612086059,"Budapest, Vegyész u. 10-1.em/2, 1116",,
Masszőrguru,https://www.google.com/maps/place/Massz%C5%91rguru/data=!4m7!3m6!1s0x4741dd854313e56b:0xf85e48ed4ceefcc!8m2!3d47.4502653!4d19.0334689!16s%2Fg%2F11b6z2j1fx!19sChIJa-UTQ4XdQUcRzO_O1I7khQ8?authuser=0&hl=hu&rclk=1,47.4502653,19.0334689,http://masszorguru.hu/,06706280808,"Budapest, Sáfrány u. 10, 1116",info@masszorguru.hu,info@masszorguru.hu
Bíróczi Masszázs és csontkovácsolás,https://www.google.com/maps/place/B%C3%ADr%C3%B3czi+Massz%C3%A1zs+%C3%A9s+csontkov%C3%A1csol%C3%A1s/data=!4m7!3m6!1s0x4741dd1af48be97b:0x8c03d773f931ff!8m2!3d47.4802598!4d19.0315765!16s%2Fg%2F11m5h_2c09!19sChIJe-mL9BrdQUcR_zH5c9cDjAA?authuser=0&hl=hu&rclk=1,47.4802598,19.0315765,https://biroczimasszazs.hu/,,"Budapest, Elek u. 11, 1113",,
Pucz Mónika,https://www.google.com/maps/place/Pucz+M%C3%B3nika/data=!4m7!3m6!1s0x4741ddbe3872c125:0x7ab2acbd70a4577!8m2!3d47.4606!4d19.04114!16s%2Fg%2F11fqptpgqp!19sChIJJcFyOL7dQUcRd0UK18sqqwc?authuser=0&hl=hu&rclk=1,47.4606,19.04114,https://vitalmasszazsstudio.hu/,06307275373,"Budapest, Fehérvári út 107/b, 1113",%20pmonika17@gmail.com,"%20pmonika17@gmail.com, moni@vitalmasszazsstudio.hu"
Gyöngyi masszázs (Massage),https://www.google.com/maps/place/Gy%C3%B6ngyi+massz%C3%A1zs+%28Massage%29/data=!4m7!3m6!1s0x4741dc67c9f1dda9:0x3b59252ddd18948c!8m2!3d47.4754443!4d19.0432092!16s%2Fg%2F11fz9wssr7!19sChIJqd3xyWfcQUcRjJQY3S0lWTs?authuser=0&hl=hu&rclk=1,47.4754443,19.0432092,,06706353374,"Budapest, Fadrusz u. 14, 1114",,
Professional Massage - A professzionális masszázsstudió,https://www.google.com/maps/place/Professional+Massage+-+A+professzion%C3%A1lis+massz%C3%A1zsstudi%C3%B3/data=!4m7!3m6!1s0x4741ddad5cba6a9d:0x397c75caee912cab!8m2!3d47.4775808!4d19.0521745!16s%2Fg%2F11dfq4b1fm!19sChIJnWq6XK3dQUcRqyyR7sp1fDk?authuser=0&hl=hu&rclk=1,47.4775808,19.0521745,http://www.professionalmassage.hu/,06307571757,"Budapest, Lágymányosi u. 15, 1111",acssandormasszor@gmail.com,acssandormasszor@gmail.com
Anita masszázsa - Masszázs és testkezelés Budán,https://www.google.com/maps/place/Anita+massz%C3%A1zsa+-+Massz%C3%A1zs+%C3%A9s+testkezel%C3%A9s+Bud%C3%A1n/data=!4m7!3m6!1s0x4741ddcac4a40c4b:0xf6e2b05864af39a1!8m2!3d47.4721066!4d19.0513319!16s%2Fg%2F11j8w002x5!19sChIJSwykxMrdQUcRoTmvZFiw4vY?authuser=0&hl=hu&rclk=1,47.4721066,19.0513319,https://www.anitamasszazsa.hu/,06302733322,"Budapest, Szerémi sor 7, 1117",info@domainem.hu,"info@domainem.hu, anitamasszazs11@gmail.com"
Zen Shiatsu Masszázs - Shiatsu testterápia,https://www.google.com/maps/place/Zen+Shiatsu+Massz%C3%A1zs+-+Shiatsu+testter%C3%A1pia/data=!4m7!3m6!1s0x4741dd53bd7e196f:0x198d3a20b40dfc0c!8m2!3d47.443339!4d19.040095!16s%2Fg%2F11smj9k1gw!19sChIJbxl-vVPdQUcRDPwNtCA6jRk?authuser=0&hl=hu&rclk=1,47.443339,19.040095,https://shiatsu-masszazsterapia.hu/,06309542981,"Budapest, Gyékényes u. 53, 1116",herczegnoemi9@gmail.com,herczegnoemi9@gmail.com
NikiFizio- gyógytorna és masszázs,https://www.google.com/maps/place/NikiFizio-+gy%C3%B3gytorna+%C3%A9s+massz%C3%A1zs/data=!4m7!3m6!1s0x4741dd06b25d42d9:0x251b2bf40e3e99f1!8m2!3d47.4747286!4d19.0463955!16s%2Fg%2F11l72pzw1f!19sChIJ2UJdsgbdQUcR8Zk-DvQrGyU?authuser=0&hl=hu&rclk=1,47.4747286,19.0463955,https://www.nikifizio.hu/,06203792281,"Budapest, Fehérvári út 19-fszt. 4, 1117",niki.kemeny8@gmail.com,niki.kemeny8@gmail.com
Masszőr Bálint - Masszázs - csontkovácsolás - metamorf masszázs - access bars,https://www.google.com/maps/place/Massz%C5%91r+B%C3%A1lint+-+Massz%C3%A1zs+-+csontkov%C3%A1csol%C3%A1s+-+metamorf+massz%C3%A1zs+-+access+bars/data=!4m7!3m6!1s0x4741dd93c84a807d:0xf7678c418f9c1188!8m2!3d47.476701!4d19.0476518!16s%2Fg%2F11whfk5kcz!19sChIJfYBKyJPdQUcRiBGcj0GMZ_c?authuser=0&hl=hu&rclk=1,47.476701,19.0476518,https://masszorbalint.hu/,06307579339,"Budapest, Móricz Zsigmond körtér 14, 1117",mb@masszorbalint.hu,mb@masszorbalint.hu
"IntimTÉR - Tantra masszázs (Lingam-, Jóni (Yoni) masszázzsal)","https://www.google.com/maps/place/IntimT%C3%89R+-+Tantra+massz%C3%A1zs+%28Lingam-,+J%C3%B3ni+%28Yoni%29+massz%C3%A1zzsal%29/data=!4m7!3m6!1s0x4741dde05fdcc6ab:0xb8ffe92c8602c244!8m2!3d47.4808255!4d18.9946712!16s%2Fg%2F11j79p4j_2!19sChIJq8bcX-DdQUcRRMIChizp_7g?authuser=0&hl=hu&rclk=1",47.4808255,18.9946712,https://intimter.hu/,06302738959,"Budapest, Cseresznye u. 60, 1112",brigi@intimter.hu,brigi@intimter.hu
Kincugi masszázs,https://www.google.com/maps/place/Kincugi+massz%C3%A1zs/data=!4m7!3m6!1s0x4741dd7bcc167215:0x127bf33449c8a737!8m2!3d47.458699!4d19.0355677!16s%2Fg%2F11wr3x4p1x!19sChIJFXIWzHvdQUcRN6fISTTzexI?authuser=0&hl=hu&rclk=1,47.458699,19.0355677,,06203825066,"Budapest, Bornemissza u. 22-24, 1119",,
"Varga Szilvia - Viscerális kezelés, Állkapocsízületi kezelés, Hegkezelés, Masszázs","https://www.google.com/maps/place/Varga+Szilvia+-+Viscer%C3%A1lis+kezel%C3%A9s,+%C3%81llkapocs%C3%ADz%C3%BCleti+kezel%C3%A9s,+Hegkezel%C3%A9s,+Massz%C3%A1zs/data=!4m7!3m6!1s0x4741ddb2afb8bb27:0xf6d702ff5d8da0f1!8m2!3d47.4782658!4d19.0509837!16s%2Fg%2F11h460q_d5!19sChIJJ7u4r7LdQUcR8aCNXf8C1_Y?authuser=0&hl=hu&rclk=1",47.4782658,19.0509837,https://www.aramlasbuda.hu/,06208236688,"Budapest, Bercsényi u. 9, 1111",aramlasbuda@gmail.com,aramlasbuda@gmail.com
Masszimi Masszázs,https://www.google.com/maps/place/Masszimi+Massz%C3%A1zs/data=!4m7!3m6!1s0x4741dd26aeaec2c3:0xc0cdea7fc405d117!8m2!3d47.4634111!4d19.0376142!16s%2Fg%2F11pdvydv43!19sChIJw8KuribdQUcRF9EFxH_qzcA?authuser=0&hl=hu&rclk=1,47.4634111,19.0376142,http://www.masszimi.hu/,06205148485,"Budapest, Etele út 33, 1119",masszimi@gmail.com,masszimi@gmail.com
Sasad Masszázs,https://www.google.com/maps/place/Sasad+Massz%C3%A1zs/data=!4m7!3m6!1s0x4741ddaea362c9c5:0xd4edbbdef6d7073e!8m2!3d47.4666949!4d19.0077894!16s%2Fg%2F11tnzz1l8x!19sChIJxclio67dQUcRPgfX9t677dQ?authuser=0&hl=hu&rclk=1,47.4666949,19.0077894,http://www.facebook.com/sasadmasszazs,06309913535,"Budapest, Maléter Pál u. 5, 1118",,
Nyerges Marcell Gyógy -és sportmasszőr masszázs,https://www.google.com/maps/place/Nyerges+Marcell+Gy%C3%B3gy+-%C3%A9s+sportmassz%C5%91r+massz%C3%A1zs/data=!4m7!3m6!1s0x4741dd2c3bfb3a0d:0x5e033a06e7ee54ab!8m2!3d47.4570234!4d19.051632!16s%2Fg%2F11ss889mww!19sChIJDTr7OyzdQUcRq1Tu5wY6A14?authuser=0&hl=hu&rclk=1,47.4570234,19.051632,https://www.facebook.com/masszormarcell,06305880304,"Rent, Budapest, Budafoki út 183-Irodaház 1. em, 1117",,
Kenderike Massage,https://www.google.com/maps/place/Kenderike+Massage/data=!4m7!3m6!1s0x4741dd33b7f4a2eb:0xdd3262776740f302!8m2!3d47.47541!4d19.0465546!16s%2Fg%2F11rn456s2f!19sChIJ66L0tzPdQUcRAvNAZ3diMt0?authuser=0&hl=hu&rclk=1,47.47541,19.0465546,,,"Budapest, Fehérvári út 15, 1117",,
Prime Physio By Eva,https://www.google.com/maps/place/Prime+Physio+By+Eva/data=!4m7!3m6!1s0x4741ddcb1fffa667:0x1288218cf4da0c7c!8m2!3d47.4748124!4d19.0348842!16s%2Fg%2F11j1m5nlm5!19sChIJZ6b_H8vdQUcRfAza9IwhiBI?authuser=0&hl=hu&rclk=1,47.4748124,19.0348842,https://primephysio.hu/,06703670888,"Budapest, Vincellér u. 39/A, 1113",info@primeeva.hu,info@primeeva.hu
Cellulit-Nyirokmasszázs Újbuda,https://www.google.com/maps/place/Cellulit-Nyirokmassz%C3%A1zs+%C3%9Ajbuda/data=!4m7!3m6!1s0x4741c292f9205edf:0x5f5e6fe612e17a7a!8m2!3d47.4654635!4d19.0416029!16s%2Fg%2F11bwyh35wf!19sChIJ314g-ZLCQUcRenrhEuZvXl8?authuser=0&hl=hu&rclk=1,47.4654635,19.0416029,http://www.cellulitmasszazs.com/,06302488826,"Budapest, Petzvál József u. 44, 1119",dravucz.gellert@gmail.com,dravucz.gellert@gmail.com
Masszázsmester Fogyasztó Centrum,https://www.google.com/maps/place/Massz%C3%A1zsmester+Fogyaszt%C3%B3+Centrum/data=!4m7!3m6!1s0x4741ddb6e78662b3:0x5cd93a59fac575bd!8m2!3d47.4736584!4d19.0393455!16s%2Fg%2F11f_1zy_kd!19sChIJs2KG57bdQUcRvXXF-lk62Vw?authuser=0&hl=hu&rclk=1,47.4736584,19.0393455,http://www.fogyasztomasszazs.hu/,06702999140,"Budapest, Bukarest u. 9, 1114",info@fogyasztomasszazs.hu,info@fogyasztomasszazs.hu
Masszázs utalvány,https://www.google.com/maps/place/Massz%C3%A1zs+utalv%C3%A1ny/data=!4m7!3m6!1s0x4741ddb6e78662b3:0x3b7d47e5cf9da55b!8m2!3d47.4733791!4d19.0393511!16s%2Fg%2F11h_6qgp26!19sChIJs2KG57bdQUcRW6Wdz-VHfTs?authuser=0&hl=hu&rclk=1,47.4733791,19.0393511,,06702999140,"Budapest, Bukarest u., 1114",,
Szabó Pál masszőr,https://www.google.com/maps/place/Szab%C3%B3+P%C3%A1l+massz%C5%91r/data=!4m7!3m6!1s0x4741ddaf1aeebaaf:0x6c00e72f5b84a65c!8m2!3d47.4747286!4d19.0463955!16s%2Fg%2F11vdfmh56d!19sChIJr7ruGq_dQUcRXKaEWy_nAGw?authuser=0&hl=hu&rclk=1,47.4747286,19.0463955,https://ladyandannmasszazs.salonic.hu/,06302070378,"Budapest, Fehérvári út 19, 1117",,
Medness Stúdió - Masszázs és Testkezelés,https://www.google.com/maps/place/Medness+St%C3%BAdi%C3%B3+-+Massz%C3%A1zs+%C3%A9s+Testkezel%C3%A9s/data=!4m7!3m6!1s0x4741dd730a6134eb:0x5af088e759dfb20b!8m2!3d47.47541!4d19.0465546!16s%2Fg%2F11j84dx9mt!19sChIJ6zRhCnPdQUcRC7LfWeeI8Fo?authuser=0&hl=hu&rclk=1,47.47541,19.0465546,http://www.medness.hu/,06302564539,"Budapest, Fehérvári út 15, 1117",,
EdiWell,https://www.google.com/maps/place/EdiWell/data=!4m7!3m6!1s0x4741df004d00ed1b:0xca5265aa6a85d15e!8m2!3d47.464118!4d18.9815091!16s%2Fg%2F11lydy9hjw!19sChIJG-0ATQDfQUcRXtGFaqplUso?authuser=0&hl=hu&rclk=1,47.464118,18.9815091,https://www.ediwell.hu/,06703405095,"Budapest, Felsőhatár utca 2, 1112",,
MassACE - Masszázs és Mozgás,https://www.google.com/maps/place/MassACE+-+Massz%C3%A1zs+%C3%A9s+Mozg%C3%A1s/data=!4m7!3m6!1s0x4741dd4159fcc9ff:0x54ec3e6755f5eb89!8m2!3d47.4597398!4d19.0105142!16s%2Fg%2F11kz310nx5!19sChIJ_8n8WUHdQUcRiev1VWc-7FQ?authuser=0&hl=hu&rclk=1,47.4597398,19.0105142,,06203141889,"Budapest, Mikes Kelemen u. 60-62, 1112",,
Masszázs Kádár Andrea masszőr,https://www.google.com/maps/place/Massz%C3%A1zs+K%C3%A1d%C3%A1r+Andrea+massz%C5%91r/data=!4m7!3m6!1s0x4741dd27570fd0d7:0x3365feb51ae2340a!8m2!3d47.446683!4d19.0318871!16s%2Fg%2F11x0y05rv9!19sChIJ19APVyfdQUcRCjTiGrX-ZTM?authuser=0&hl=hu&rclk=1,47.446683,19.0318871,https://kadarandi.hu/,06305006897,"Budapest, Verbéna u., 1116",,
BYJARAD thai massage and therapy,https://www.google.com/maps/place/BYJARAD+thai+massage+and+therapy/data=!4m7!3m6!1s0x4741dde9285434f3:0x883a2f69b3a567ea!8m2!3d47.4481611!4d19.0006103!16s%2Fg%2F11xdryj41p!19sChIJ8zRUKOndQUcR6mels2kvOog?authuser=0&hl=hu&rclk=1,47.4481611,19.0006103,http://www.byjarad.com/,06202892473,"Budapest, Kánai út 3, 1112",,
Spamasszázs Kft.,https://www.google.com/maps/place/Spamassz%C3%A1zs+Kft./data=!4m7!3m6!1s0x4741ddb656c14e55:0xd08036a41856cb5b!8m2!3d47.4735077!4d19.0253506!16s%2Fg%2F11bw5xtnyr!19sChIJVU7BVrbdQUcRW8tWGKQ2gNA?authuser=0&hl=hu&rclk=1,47.4735077,19.0253506,http://www.spamasszazs.hu/,06202668650,"Budapest, Hamzsabégi út 60-C/1. Fszt./61, 1113",,
Lymphline,https://www.google.com/maps/place/Lymphline/data=!4m7!3m6!1s0x4741ddb6f651012d:0x3a175c4c3eeddf08!8m2!3d47.4778703!4d19.0444124!16s%2Fg%2F11fp8zgsvk!19sChIJLQFR9rbdQUcRCN_tPkxcFzo?authuser=0&hl=hu&rclk=1,47.4778703,19.0444124,http://www.lymphline.com/index.php?page=contact.php,06708862211,"Budapest, Villányi út 10, 1114",info@lymphline.com,info@lymphline.com
Magic Slim & Fit,https://www.google.com/maps/place/Magic+Slim+%26+Fit/data=!4m7!3m6!1s0x4741dd3094a9e7ff:0x4b0260570ceb8098!8m2!3d47.4407502!4d19.0387261!16s%2Fg%2F11j436sy_g!19sChIJ_-eplDDdQUcRmIDrDFdgAks?authuser=0&hl=hu&rclk=1,47.4407502,19.0387261,https://magicslimfit.hu/,06709403364,"Budapest, Mezőkövesd út 3, 1116",info@magicslimfit.hu,info@magicslimfit.hu
Etele Egészségcentrum,https://www.google.com/maps/place/Etele+Eg%C3%A9szs%C3%A9gcentrum/data=!4m7!3m6!1s0x4741ddd21bba42bb:0xae299451fc510b25!8m2!3d47.4628289!4d19.0311083!16s%2Fg%2F11l5p5d2s_!19sChIJu0K6G9LdQUcRJQtR_FGUKa4?authuser=0&hl=hu&rclk=1,47.4628289,19.0311083,,06703219141,"Budapest, 11, Etele út 44b, 1115",,
Shiatsu masszázs - ÖT ELEM,https://www.google.com/maps/place/Shiatsu+massz%C3%A1zs+-+%C3%96T+ELEM/data=!4m7!3m6!1s0x4741df7a16fd02a9:0x1a227466acc9945e!8m2!3d47.4733787!4d19.0022776!16s%2Fg%2F11w4nm8knb!19sChIJqQL9FnrfQUcRXpTJrGZ0Iho?authuser=0&hl=hu&rclk=1,47.4733787,19.0022776,http://www.otelemmasszazs.hu/,06205215096,"Budapest, Beregszász út 40, 1112",edina@otelemmasszazs.hu,edina@otelemmasszazs.hu
DanShiatsu - S.I - Japán gerinckezelés,https://www.google.com/maps/place/DanShiatsu+-+S.I+-+Jap%C3%A1n+gerinckezel%C3%A9s/data=!4m7!3m6!1s0x4741dd19144302b5:0x1e042aa4044a7e00!8m2!3d47.4423269!4d19.0402511!16s%2Fg%2F11rkp2m1h2!19sChIJtQJDFBndQUcRAH5KBKQqBB4?authuser=0&hl=hu&rclk=1,47.4423269,19.0402511,,06304923234,"Budapest, Kisköre u. 12, 1116",,
KR Masszázs,https://www.google.com/maps/place/KR+Massz%C3%A1zs/data=!4m7!3m6!1s0x4741e786ccfbc1f7:0x7e1dbbf79e468753!8m2!3d47.472956!4d18.995462!16s%2Fg%2F11t7n8_p62!19sChIJ98H7zIbnQUcRU4dGnve7HX4?authuser=0&hl=hu&rclk=1,47.472956,18.995462,,06303958265,"Budapest, Tűzkő u. 10, 1118",,
"MM Szalon(Masszázs, Fodrászat, Kozmetika, Körmös)","https://www.google.com/maps/place/MM+Szalon%28Massz%C3%A1zs,+Fodr%C3%A1szat,+Kozmetika,+K%C3%B6rm%C3%B6s%29/data=!4m7!3m6!1s0x4741ddcbe1bb30bb:0xfee5129c22446512!8m2!3d47.4780886!4d19.0545666!16s%2Fg%2F11s7t0jr0l!19sChIJuzC74cvdQUcREmVEIpwS5f4?authuser=0&hl=hu&rclk=1",47.4780886,19.0545666,https://majoranildikomasszor.salonic.hu/,06309923226,"Budapest, Kruspér u. 6-8 fsz.10, 1111",ildikomajoran@gmail.com,ildikomajoran@gmail.com
"27 Sellő Gyógytorna-Fizikoterápia Magánrendelő - Gerinctorna, Manuálterápia - Budapest 11. kerület","https://www.google.com/maps/place/27+Sell%C5%91+Gy%C3%B3gytorna-Fizikoter%C3%A1pia+Mag%C3%A1nrendel%C5%91+-+Gerinctorna,+Manu%C3%A1lter%C3%A1pia+-+Budapest+11.+ker%C3%BClet/data=!4m7!3m6!1s0x4741ddb010b02493:0x9e04033d2e2d80a1!8m2!3d47.4818994!4d19.0263994!16s%2Fg%2F11fxxygpzd!19sChIJkySwELDdQUcRoYAtLj0DBJ4?authuser=0&hl=hu&rclk=1",47.4818994,19.0263994,https://www.27sello.hu/gyogytorna,06203786440,"Budapest, Budaörsi út 29. Fsz. 2, 1118",%20rendelo@27sello.hu,"%20rendelo@27sello.hu, rendelo@27sello.hu, %20iroda@27sello.hu, iroda@27sello.hu"
Slow Wolf masszázs - Masszázs és relaxáció,https://www.google.com/maps/place/Slow+Wolf+massz%C3%A1zs+-+Massz%C3%A1zs+%C3%A9s+relax%C3%A1ci%C3%B3/data=!4m7!3m6!1s0x4741dd9ad3dd4a15:0x5c533501e0766375!8m2!3d47.471362!4d19.0492578!16s%2Fg%2F11x2nzcj1f!19sChIJFUrd05rdQUcRdWN24AE1U1w?authuser=0&hl=hu&rclk=1,47.471362,19.0492578,https://swmasszazs.hu/,06302666920,"Budapest, Erőmű u. 8, 1117",,
Masszázspercek - Berényi Péter,https://www.google.com/maps/place/Massz%C3%A1zspercek+-+Ber%C3%A9nyi+P%C3%A9ter/data=!4m7!3m6!1s0x4741dd22cdab187d:0xbb9187e6121c7bd5!8m2!3d47.4730987!4d19.0506075!16s%2Fg%2F11jpnp6kw_!19sChIJfRirzSLdQUcR1XscEuaHkbs?authuser=0&hl=hu&rclk=1,47.4730987,19.0506075,https://www.masszazspercek.hu/,06703600679,"Budapest, Baranyai tér 12, 1117",peter@masszazspercek.hu,peter@masszazspercek.hu
Gyurimasszázs,https://www.google.com/maps/place/Gyurimassz%C3%A1zs/data=!4m7!3m6!1s0x4741dd0b20e294e1:0x38da5d8acd367397!8m2!3d47.4786829!4d19.046285!16s%2Fg%2F11y7wzrxq8!19sChIJ4ZTiIAvdQUcRl3M2zYpd2jg?authuser=0&hl=hu&rclk=1,47.4786829,19.046285,https://gyurimasszazs.hu/,06205690675,"Budapest, Himfy u. 7, 1114",info@gyurimasszazs.hu,info@gyurimasszazs.hu
CSONTKOVÁCS BÁZIS Hegedűs Attila csontkovács-masszőr,https://www.google.com/maps/place/CSONTKOV%C3%81CS+B%C3%81ZIS+Heged%C5%B1s+Attila+csontkov%C3%A1cs-massz%C5%91r/data=!4m7!3m6!1s0x4741ddb3cb4346db:0x21c243ed4c0d7792!8m2!3d47.4621743!4d19.0320748!16s%2Fg%2F11jt0dzzhy!19sChIJ20ZDy7PdQUcRkncNTO1DwiE?authuser=0&hl=hu&rclk=1,47.4621743,19.0320748,http://www.csontkovacsbazis.hu/,06306230711,"Budapest, Etele út 42/a, 1115",bukovitibi@gmail.com,"bukovitibi@gmail.com, masszazs.hege@gmail.com"
Sirivan​Thai massage​,https://www.google.com/maps/place/Sirivan%E2%80%8BThai+massage%E2%80%8B/data=!4m7!3m6!1s0x4741de82a61ade39:0xd7b34780f74282bc!8m2!3d47.4940726!4d19.0175472!16s%2Fg%2F11bx5pt2mw!19sChIJOd4apoLeQUcRvIJC94BHs9c?authuser=0&hl=hu&rclk=1,47.4940726,19.0175472,,06307830300,"Budapest, Böszörményi út 19a, 1126",,
Parinama Masszázs - Buda,https://www.google.com/maps/place/Parinama+Massz%C3%A1zs+-+Buda/data=!4m7!3m6!1s0x4741dfe060f35a91:0xe15bcf3d17000171!8m2!3d47.4912393!4d18.9994136!16s%2Fg%2F11vxswgk05!19sChIJkVrzYODfQUcRcQEAFz3PW-E?authuser=0&hl=hu&rclk=1,47.4912393,18.9994136,https://www.parinama.hu/,,"Budapest, Mártonfa u. 1, 1121",,
Horti Csenge Masszázs és Terápia,https://www.google.com/maps/place/Horti+Csenge+Massz%C3%A1zs+%C3%A9s+Ter%C3%A1pia/data=!4m7!3m6!1s0x4741dfa02b581c4f:0x47dc29bfe800c646!8m2!3d47.4947208!4d19.0181258!16s%2Fg%2F11q1tsz7bv!19sChIJTxxYK6DfQUcRRsYA6L8p3Ec?authuser=0&hl=hu&rclk=1,47.4947208,19.0181258,https://www.facebook.com/CsengeMasszazsesTerapia/,06304097532,"Budapest, Hollósy Simon u. 3, 1123",,
M2 MASSAGE&ASTROLOGY - Masszázs és Asztrológia Budán,https://www.google.com/maps/place/M2+MASSAGE%26ASTROLOGY+-+Massz%C3%A1zs+%C3%A9s+Asztrol%C3%B3gia+Bud%C3%A1n/data=!4m7!3m6!1s0x4741dd15f644aef5:0x13e9c4e0c8dac4d!8m2!3d47.4985412!4d19.0223305!16s%2Fg%2F11p3hxqysf!19sChIJ9a5E9hXdQUcRTayNDE6cPgE?authuser=0&hl=hu&rclk=1,47.4985412,19.0223305,http://www.astromassage.hu/,06707419393,"Budapest, Nagyenyed u. 7, 1123",m2@astromassage.hu,m2@astromassage.hu
Baraka Masszázs,https://www.google.com/maps/place/Baraka+Massz%C3%A1zs/data=!4m7!3m6!1s0x4741dfeed67d1f01:0xff12db9a8b6eceee!8m2!3d47.5054672!4d19.0235457!16s%2Fg%2F11v19r9ckm!19sChIJAR991u7fQUcR7s5ui5rbEv8?authuser=0&hl=hu&rclk=1,47.5054672,19.0235457,https://barakamasszazs.hu/,06306105177,"Budapest, Krisztina krt. 15, 1122",szeretet@barakamasszazs.hu,"szeretet@barakamasszazs.hu, info@barakamasszazs.hu"
"NIKO Luxury Buda – Prémium gyógymasszázs Hegyvidéken, a MOM Park szomszédságában","https://www.google.com/maps/place/NIKO+Luxury+Buda+%E2%80%93+Pr%C3%A9mium+gy%C3%B3gymassz%C3%A1zs+Hegyvid%C3%A9ken,+a+MOM+Park+szomsz%C3%A9ds%C3%A1g%C3%A1ban/data=!4m7!3m6!1s0x4741dcf8feb8d805:0xc366966995092e5a!8m2!3d47.4882055!4d19.0200629!16s%2Fg%2F11dfj1nn0t!19sChIJBdi4_vjcQUcRWi4JlWmWZsM?authuser=0&hl=hu&rclk=1",47.4882055,19.0200629,http://www.nikoluxury.hu/,06703020396,"Budapest, Jagelló út 22, 1124",niko@nikoluxury.hu,niko@nikoluxury.hu
Vöröskő Masszázs,https://www.google.com/maps/place/V%C3%B6r%C3%B6sk%C5%91+Massz%C3%A1zs/data=!4m7!3m6!1s0x4741df5a3ece02b1:0x35b68001e9baabbf!8m2!3d47.4959348!4d19.0090396!16s%2Fg%2F11k9lk349r!19sChIJsQLOPlrfQUcRv6u66QGAtjU?authuser=0&hl=hu&rclk=1,47.4959348,19.0090396,https://www.facebook.com/greffmelindamasszor/,06704325003,"Budapest, Vöröskő u. 6, 1126",,
A Béke Szigete,https://www.google.com/maps/place/A+B%C3%A9ke+Szigete/data=!4m7!3m6!1s0x4741df0af645707f:0x37ec630eaa86c6da!8m2!3d47.4888386!4d19.0030545!16s%2Fg%2F11rmxxs222!19sChIJf3BF9grfQUcR2saGqg5j7Dc?authuser=0&hl=hu&rclk=1,47.4888386,19.0030545,https://shaktimasszazs.hu/,06501163990,"Budapest, Pelsőc u. 3, 1121",,
Soma Gerincmasszázs,https://www.google.com/maps/place/Soma+Gerincmassz%C3%A1zs/data=!4m7!3m6!1s0x4741df3746b6a361:0xa3a596ad2f9ba2f2!8m2!3d47.4923621!4d19.0225656!16s%2Fg%2F11fkt_3xyv!19sChIJYaO2RjffQUcR8qKbL62WpaM?authuser=0&hl=hu&rclk=1,47.4923621,19.0225656,http://www.somamasszazs.hu/,06307766034,"Budapest, Kléh István u. 14, 1126",,
Kristálymasszázs,https://www.google.com/maps/place/Krist%C3%A1lymassz%C3%A1zs/data=!4m7!3m6!1s0x4741dc27d713f96b:0xbe7b5886d4355196!8m2!3d47.4941344!4d19.0216597!16s%2Fg%2F1tdg1_cv!19sChIJa_kT1yfcQUcRllE11IZYe74?authuser=0&hl=hu&rclk=1,47.4941344,19.0216597,http://www.kristalymasszazs.hu/,06302757291,"Budapest, Hertelendy u. 8, 1126",,
"Cellulit masszázs, Nyirokmasszázs, Svédmasszázs, Babamasszázs, Kismama masszázs, Infraszauna, UH, RF, Talp- és arcmasszázsok.","https://www.google.com/maps/place/Cellulit+massz%C3%A1zs,+Nyirokmassz%C3%A1zs,+Sv%C3%A9dmassz%C3%A1zs,+Babamassz%C3%A1zs,+Kismama+massz%C3%A1zs,+Infraszauna,+UH,+RF,+Talp-+%C3%A9s+arcmassz%C3%A1zsok./data=!4m7!3m6!1s0x4741dd407381b8c3:0x77a1c4bf7b695a5d!8m2!3d47.4940551!4d19.021595!16s%2Fg%2F11kqr7qg8q!19sChIJw7iBc0DdQUcRXVppe7_EoXc?authuser=0&hl=hu&rclk=1",47.4940551,19.021595,https://www.cellulitmasszazs.net/,06704028407,"Budapest, Ugocsa u. 5, 1126",info@domainem.hu,info@domainem.hu
Melinda masszázs,https://www.google.com/maps/place/Melinda+massz%C3%A1zs/data=!4m7!3m6!1s0x4741df5dca362e9f:0xe42d0b2b2929674a!8m2!3d47.4958813!4d19.0091538!16s%2Fg%2F11sd90tdt9!19sChIJny42yl3fQUcRSmcpKSsLLeQ?authuser=0&hl=hu&rclk=1,47.4958813,19.0091538,,,"Budapest, Vöröskő u. 6a, 1126",,
GYÓGYMASSZÁZS RENDELŐ,https://www.google.com/maps/place/GY%C3%93GYMASSZ%C3%81ZS+RENDEL%C5%90/data=!4m7!3m6!1s0x4741dc27c1ca1eb3:0x2c45bbbbfbce0088!8m2!3d47.495211!4d19.0210273!16s%2Fg%2F11bxb9qwtq!19sChIJsx7KwSfcQUcRiADO-7u7RSw?authuser=0&hl=hu&rclk=1,47.495211,19.0210273,http://gyogymasszazs.sport.hu/,06703914944,"Budapest, Holdvilág u. 15, 1118",slakta.judit@gmail.com,"slakta.judit@gmail.com, csaba.gyogymasszor@gmail.com"
POPPAEA DAY SPA,https://www.google.com/maps/place/POPPAEA+DAY+SPA/data=!4m7!3m6!1s0x4741dc2ed0c49f3f:0xd703b340c031541!8m2!3d47.4895081!4d19.0217003!16s%2Fg%2F11flzfwd_q!19sChIJP5_E0C7cQUcRQRUDDDQ7cA0?authuser=0&hl=hu&rclk=1,47.4895081,19.0217003,http://poppaeadayspa.com/galeria/,06302509000,"Budapest, Alkotás u. 1123 55-61, 1124",,
Sándor Attila Mozgásspecialista,https://www.google.com/maps/place/S%C3%A1ndor+Attila+Mozg%C3%A1sspecialista/data=!4m7!3m6!1s0x4741dd7203f65c9d:0xa1b72e881e15f6e7!8m2!3d47.4934952!4d19.0234925!16s%2Fg%2F11h7g55jqn!19sChIJnVz2A3LdQUcR5_YVHogut6E?authuser=0&hl=hu&rclk=1,47.4934952,19.0234925,http://www.attilamassage.hu/,06306180392,"Budapest, Alkotás u. 39-b kpcs: 102, fszt. 1, 1123",,
Tantra nőknek-pároknak,https://www.google.com/maps/place/Tantra+n%C5%91knek-p%C3%A1roknak/data=!4m7!3m6!1s0x4741dfc29c9945d5:0x83ca13d01d5c1a84!8m2!3d47.4957501!4d19.0124748!16s%2Fg%2F11m7qwkzfg!19sChIJ1UWZnMLfQUcRhBpcHdATyoM?authuser=0&hl=hu&rclk=1,47.4957501,19.0124748,http://www.veghaniko.hu/,06703324401,"Budapest, Agárdi út 12, 1126",info@veghaniko.hu,info@veghaniko.hu
Pillár Anikó Gyógymasszőr,https://www.google.com/maps/place/Pill%C3%A1r+Anik%C3%B3+Gy%C3%B3gymassz%C5%91r/data=!4m7!3m6!1s0x4741dd3c85b871c5:0x3a989308d9f61979!8m2!3d47.5045845!4d19.0215175!16s%2Fg%2F11gmywgvgp!19sChIJxXG4hTzdQUcReRn22QiTmDo?authuser=0&hl=hu&rclk=1,47.5045845,19.0215175,http://pillaraniko.hu/,,"Budapest, Maros utca 24, 1122",info@domainem.hu,"info@domainem.hu, abuse@promptforgecloud.com"
Baritz Tamás Masszázsterapeuta és Sportrehabilitációs szakember,https://www.google.com/maps/place/Baritz+Tam%C3%A1s+Massz%C3%A1zsterapeuta+%C3%A9s+Sportrehabilit%C3%A1ci%C3%B3s+szakember/data=!4m7!3m6!1s0x4741dfc5d796d44b:0xfa9c17120c90e9f!8m2!3d47.4954423!4d19.0184833!16s%2Fg%2F11mv_4wh8v!19sChIJS9SW18XfQUcRnw7JIHHBqQ8?authuser=0&hl=hu&rclk=1,47.4954423,19.0184833,http://baritztamas.com/,06705792384,"Budapest, Maternity épülete, Királyhágó tér 8-5. emelet, 1126",masszazs@baritztamas.com,masszazs@baritztamas.com
Fodor Szépségszalon,https://www.google.com/maps/place/Fodor+Sz%C3%A9ps%C3%A9gszalon/data=!4m7!3m6!1s0x4741de88ebfd5d75:0xc8861258526c7cdb!8m2!3d47.4992946!4d19.0041786!16s%2Fg%2F1tfc5czy!19sChIJdV3964jeQUcR23xsUlgShsg?authuser=0&hl=hu&rclk=1,47.4992946,19.0041786,http://www.szepsegszalonbuda.hu/,06304173493,"Budapest, Szendrő u. 30, 1126",,
Kék Madár Masszázs,https://www.google.com/maps/place/K%C3%A9k+Mad%C3%A1r+Massz%C3%A1zs/data=!4m7!3m6!1s0x4741df7bb813e751:0xf86d7c41efe7298b!8m2!3d47.5015852!4d19.0229818!16s%2Fg%2F11w9027_r3!19sChIJUecTuHvfQUcRiynn70F8bfg?authuser=0&hl=hu&rclk=1,47.5015852,19.0229818,,06309288549,"Budapest, Kék Golyó u. 1/a, 1122",,
Véda Masszázs-Stúdió,https://www.google.com/maps/place/V%C3%A9da+Massz%C3%A1zs-St%C3%BAdi%C3%B3/data=!4m7!3m6!1s0x4741dd50b9f9621f:0x962ecd6f47cfb286!8m2!3d47.4949379!4d19.0211546!16s%2Fg%2F11fpdcm4t9!19sChIJH2L5uVDdQUcRhrLPR2_NLpY?authuser=0&hl=hu&rclk=1,47.4949379,19.0211546,http://www.vedamasszazsstudio.hu/,06204490809,"Budapest, Márvány u. 29, 1126",vedamasszazsstudio@gmail.com,vedamasszazsstudio@gmail.com
Black and white massage therapist,https://www.google.com/maps/place/Black+and+white+massage+therapist/data=!4m7!3m6!1s0x4741df990eb87db3:0x39c666b6fe8b203f!8m2!3d47.4786123!4d18.9906628!16s%2Fg%2F11svvy654q!19sChIJs324DpnfQUcRPyCL_rZmxjk?authuser=0&hl=hu&rclk=1,47.4786123,18.9906628,,06301314157,"Budapest, Lidérc köz 2, 1121",,
Bowen Módszer Budapest,https://www.google.com/maps/place/Bowen+M%C3%B3dszer+Budapest/data=!4m7!3m6!1s0x4741dd72c8374a53:0xe54b278a2da87bbf!8m2!3d47.4946751!4d19.0207048!16s%2Fg%2F11g22wqtfb!19sChIJU0o3yHLdQUcRv3uoLYonS-U?authuser=0&hl=hu&rclk=1,47.4946751,19.0207048,http://bowenmodszer.hu/,06302917988,"Budapest, Márvány u. 50, 1126",szabo.andrea.csilla@gmail.com,szabo.andrea.csilla@gmail.com
Masszázs házhoz,https://www.google.com/maps/place/Massz%C3%A1zs+h%C3%A1zhoz/data=!4m7!3m6!1s0x4741de61dca85ec7:0xb23ededb7cfb218!8m2!3d47.4905687!4d18.9869261!16s%2Fg%2F11h84_35r0!19sChIJx16o3GHeQUcRGLLPt-3tIws?authuser=0&hl=hu&rclk=1,47.4905687,18.9869261,https://www.fitwell.hu/12-kerulet-maszazs-gyogymasszazs.htm,06304621077,"Budapest, Pinty u., 1121",info@divigym.com,"info@divigym.com, memberships@divigym.com"
Pandi shiatsu masszázs és jógaterápia,https://www.google.com/maps/place/Pandi+shiatsu+massz%C3%A1zs+%C3%A9s+j%C3%B3gater%C3%A1pia/data=!4m7!3m6!1s0x4741ddf8cce3c9d1:0x93c67e2a16dcdbc3!8m2!3d47.494387!4d19.0209916!16s%2Fg%2F11v9f24dm_!19sChIJ0cnjzPjdQUcRw9vcFip-xpM?authuser=0&hl=hu&rclk=1,47.494387,19.0209916,https://www.facebook.com/PandaMozgasstudio,06209716110,"Budapest, Hertelendy u. 13, 1126",,
Nőiségmentor,https://www.google.com/maps/place/N%C5%91is%C3%A9gmentor/data=!4m7!3m6!1s0x4741df14c46773f7:0x42d3959d67cd9586!8m2!3d47.5095361!4d18.9978755!16s%2Fg%2F11rmv4zd18!19sChIJ93NnxBTfQUcRhpXNZ52V00I?authuser=0&hl=hu&rclk=1,47.5095361,18.9978755,https://noisegmentor.webnode.hu/,06305215269,"Budapest, Alsó Svábhegyi út, 1125",info@domainem.hu,info@domainem.hu
Im Thai Massage,https://www.google.com/maps/place/Im+Thai+Massage/data=!4m7!3m6!1s0x4741dda0f2184963:0xcb870774dca4f4f7!8m2!3d47.4989806!4d19.0745951!16s%2Fg%2F11g0mfd2v0!19sChIJY0kY8qDdQUcR9_Sk3HQHh8s?authuser=0&hl=hu&rclk=1,47.4989806,19.0745951,http://imthaimassage.com/,06307823923,"Budapest, Szövetség u. 5-7, 1074",,
Glamorous Day Spa,https://www.google.com/maps/place/Glamorous+Day+Spa/data=!4m7!3m6!1s0x4741dd78bbfdb1bd:0x86fa1e43b6834ef2!8m2!3d47.4909809!4d19.0267846!16s%2Fg%2F11gj76vwwh!19sChIJvbH9u3jdQUcR8k6DtkMe-oY?authuser=0&hl=hu&rclk=1,47.4909809,19.0267846,,,"Budapest, Győri út 18, 1123",,
Masszázsok – Gyógymasszázs,https://www.google.com/maps/place/Massz%C3%A1zsok+%E2%80%93+Gy%C3%B3gymassz%C3%A1zs/data=!4m7!3m6!1s0x4741dc27c04bfa69:0xfc518390551c4815!8m2!3d47.4952385!4d19.0210785!16s%2Fg%2F11fp8ykdzj!19sChIJafpLwCfcQUcRFUgcVZCDUfw?authuser=0&hl=hu&rclk=1,47.4952385,19.0210785,https://gyogymasszazs.sport.hu/2018/12/10/2872/,06703914943,"Budapest, Királyhágó u. 12, 1126",slakta.judit@gmail.com,"slakta.judit@gmail.com, csaba.gyogymasszor@gmail.com"
Bio Masszázs Stúdió,https://www.google.com/maps/place/Bio+Massz%C3%A1zs+St%C3%BAdi%C3%B3/data=!4m7!3m6!1s0x4741de9c9061c6d3:0x2ca65f7fbd7e1bb1!8m2!3d47.5036355!4d19.0210262!16s%2Fg%2F11bw1zpkzd!19sChIJ08ZhkJzeQUcRsRt-vX9fpiw?authuser=0&hl=hu&rclk=1,47.5036355,19.0210262,,06307866585,"Budapest, Városmajor u. 19/B, 1122",,
GOLDS THAI MASSAGE,https://www.google.com/maps/place/GOLDS+THAI+MASSAGE/data=!4m7!3m6!1s0x4741dfbbbd3b89bf:0xcfd977adc320012f!8m2!3d47.5061701!4d19.0258963!16s%2Fg%2F11vjdrskcg!19sChIJv4k7vbvfQUcRLwEgw6132c8?authuser=0&hl=hu&rclk=1,47.5061701,19.0258963,http://www.goldsthaimassage.hu/,06702176458,"Budapest, Batthyány u. 67, 1015",,
Gyógymasszázs12,https://www.google.com/maps/place/Gy%C3%B3gymassz%C3%A1zs12/data=!4m7!3m6!1s0x4741ddc1c7b9e67b:0xfc594810573877e8!8m2!3d47.4919625!4d19.0228457!16s%2Fg%2F11vf244mxx!19sChIJe-a5x8HdQUcR6Hc4VxBIWfw?authuser=0&hl=hu&rclk=1,47.4919625,19.0228457,https://www.chezcatherine.eu/gyogymasszazs.html,06709455763,"Budapest, Tartsay Vilmos u. 8, 1126",salon@chezcatherine.eu,salon@chezcatherine.eu
Budai Masszázs és Oktatási Stúdió,https://www.google.com/maps/place/Budai+Massz%C3%A1zs+%C3%A9s+Oktat%C3%A1si+St%C3%BAdi%C3%B3/data=!4m7!3m6!1s0x4741df2154c6ec67:0x543fc7e9fa27e02!8m2!3d47.5003941!4d19.0227455!16s%2Fg%2F11fpqtc3td!19sChIJZ-zGVCHfQUcRAn6in378QwU?authuser=0&hl=hu&rclk=1,47.5003941,19.0227455,,06308529694,"Budapest, Kék Golyó u. 14-2/2, 1122",,
Csontkovácskezelés.hu,https://www.google.com/maps/place/Csontkov%C3%A1cskezel%C3%A9s.hu/data=!4m7!3m6!1s0x4741dc2f019dadf1:0x996d4e70f520ca07!8m2!3d47.4907481!4d19.0266606!16s%2Fg%2F11c2nhjp1m!19sChIJ8a2dAS_cQUcRB8og9XBObZk?authuser=0&hl=hu&rclk=1,47.4907481,19.0266606,http://www.csontkovacskezeles.hu/,0617333999,"Budapest, Táltos u. 15/b-fszt. (sarkon, 1123",szakmaikerdesek@csontkovacskezeles.hu,"szakmaikerdesek@csontkovacskezeles.hu, info@csontkovacskezeles.hu"
Nong Khai Thai Masszázs,https://www.google.com/maps/place/Nong+Khai+Thai+Massz%C3%A1zs/data=!4m7!3m6!1s0x4741db22812eab53:0xf3336496ba0533fd!8m2!3d47.5148989!4d19.105103!16s%2Fg%2F11w7nvrx5l!19sChIJU6sugSLbQUcR_TMFupZkM_M?authuser=0&hl=hu&rclk=1,47.5148989,19.105103,https://nongkhai.hu/,06306400624,"Budapest, Thököly út 135, 1146",info@nongkhai.hu,info@nongkhai.hu
Ananda Thai Masszázs Szalon,https://www.google.com/maps/place/Ananda+Thai+Massz%C3%A1zs+Szalon/data=!4m7!3m6!1s0x4741dcaa0f4b03ab:0xacc2430c0362a19f!8m2!3d47.5042245!4d19.1376322!16s%2Fg%2F11hbh7jk0v!19sChIJqwNLD6rcQUcRn6FiAwxDwqw?authuser=0&hl=hu&rclk=1,47.5042245,19.1376322,http://www.anandathaimasszazs.hu/,06706767570,"Budapest, Örs vezér tere 24, 1148",,
Zugló Szíve Masszázs,https://www.google.com/maps/place/Zugl%C3%B3+Sz%C3%ADve+Massz%C3%A1zs/data=!4m7!3m6!1s0x4741dbd5cc467f61:0xeea1960a0a781a2e!8m2!3d47.5072639!4d19.1287734!16s%2Fg%2F11lkhq40dh!19sChIJYX9GzNXbQUcRLhp4CgqWoe4?authuser=0&hl=hu&rclk=1,47.5072639,19.1287734,https://www.zugloszivemasszazs.hu/,,"Budapest, Kaffka Margit u. 44, 1148",info@zugloszivemasszazs.hu,info@zugloszivemasszazs.hu
Massage Budapest,https://www.google.com/maps/place/Massage+Budapest/data=!4m7!3m6!1s0x4741db595d31d9c9:0xeb4eb6f1d6955023!8m2!3d47.5103158!4d19.1277595!16s%2Fg%2F1tx45tkv!19sChIJydkxXVnbQUcRI1CV1vG2Tus?authuser=0&hl=hu&rclk=1,47.5103158,19.1277595,,06308628155,"Budapest, Nagy Lajos király útja 55, 1148",,
RejuvaThaiMassage,https://www.google.com/maps/place/RejuvaThaiMassage/data=!4m7!3m6!1s0x4741c5e79be1db87:0xd3313c5898028055!8m2!3d47.5060553!4d19.1360176!16s%2Fg%2F11t26kj6x1!19sChIJh9vhm-fFQUcRVYACmFg8MdM?authuser=0&hl=hu&rclk=1,47.5060553,19.1360176,http://www.rejuvathaimassage.hu/,06301626376,"Budapest, Örs vezér tere 12, 1148",recepcio@rejuvathaimassage.hu,recepcio@rejuvathaimassage.hu
Ananda Thai Masszázs Szalon & Spa,https://www.google.com/maps/place/Ananda+Thai+Massz%C3%A1zs+Szalon+%26+Spa/data=!4m7!3m6!1s0x4741db4fb73cf765:0xef02656cd1b450f6!8m2!3d47.5196482!4d19.1621466!16s%2Fg%2F11bx0jykbw!19sChIJZfc8t0_bQUcR9lC00WxlAu8?authuser=0&hl=hu&rclk=1,47.5196482,19.1621466,http://www.anandathaimasszazs.hu/,06706375300,"Budapest, Rákóczi út 45, 1161",,
Marrakesh Masszázs,https://www.google.com/maps/place/Marrakesh+Massz%C3%A1zs/data=!4m7!3m6!1s0x4741db0f93b5da8b:0x7c1180520ae5c7a7!8m2!3d47.5185626!4d19.1132498!16s%2Fg%2F11rxrm_1w0!19sChIJi9q1kw_bQUcRp8flClKAEXw?authuser=0&hl=hu&rclk=1,47.5185626,19.1132498,http://www.marrakesh-masszazs.hu/,06707766666,"Budapest, Bosnyák tér 3, 1149",marrakeshmasszazs@gmail.com,marrakeshmasszazs@gmail.com
Kellegyjómasszázs Zugló,https://www.google.com/maps/place/Kellegyj%C3%B3massz%C3%A1zs+Zugl%C3%B3/data=!4m7!3m6!1s0x4741dc41dd763b9f:0x13def9c1b8c7cfe8!8m2!3d47.5177576!4d19.1227371!16s%2Fg%2F11gh2vg_hw!19sChIJnzt23UHcQUcR6M_HuMH53hM?authuser=0&hl=hu&rclk=1,47.5177576,19.1227371,http://kellegyjomasszazs.hu/,06309306787,"Budapest, Turán tér 9, 1149",info@kellegyjomasszazs.hu,info@kellegyjomasszazs.hu
Gyógyító Masszázs,https://www.google.com/maps/place/Gy%C3%B3gy%C3%ADt%C3%B3+Massz%C3%A1zs/data=!4m7!3m6!1s0x4741db1a9561f68b:0xc247f4cb380074a7!8m2!3d47.5319739!4d19.1227027!16s%2Fg%2F11r_tv47mh!19sChIJi_ZhlRrbQUcRp3QAOMv0R8I?authuser=0&hl=hu&rclk=1,47.5319739,19.1227027,https://gyogyitomasszazs.hu/,06208493833,"Budapest, Szuglói körvasút sor 159, 1147",info@gyogyitomasszazs.hu,info@gyogyitomasszazs.hu
Lambert Fanni Masszázs,https://www.google.com/maps/place/Lambert+Fanni+Massz%C3%A1zs/data=!4m7!3m6!1s0x4741db6be1c66bf5:0x4b7950fa125b191d!8m2!3d47.515195!4d19.1133219!16s%2Fg%2F11vrkqj62w!19sChIJ9WvG4WvbQUcRHRlbEvpQeUs?authuser=0&hl=hu&rclk=1,47.515195,19.1133219,,,"Budapest, Szugló u. 61-63, 1145",,
"Nikolaj masszőr, masszázs zuglo","https://www.google.com/maps/place/Nikolaj+massz%C5%91r,+massz%C3%A1zs+zuglo/data=!4m7!3m6!1s0x4741db3169e842b9:0x97c8991e059f1356!8m2!3d47.5257325!4d19.1052514!16s%2Fg%2F11r_qnflhc!19sChIJuULoaTHbQUcRVhOfBR6ZyJc?authuser=0&hl=hu&rclk=1",47.5257325,19.1052514,https://en-gb.facebook.com/Nikolaj-massz%C3%A1zs-terapia-108204034749752/,06705062798,"Budapest, Fűrész u. 106, 1147",,
Cintia Masszázs,https://www.google.com/maps/place/Cintia+Massz%C3%A1zs/data=!4m7!3m6!1s0x4741dd9f8c4508a5:0x1ca424d7e3874077!8m2!3d47.5275026!4d19.1063757!16s%2Fg%2F11kg74xxkr!19sChIJpQhFjJ_dQUcRd0CH49ckpBw?authuser=0&hl=hu&rclk=1,47.5275026,19.1063757,https://cintiamasszazs.com/,06303029191,"Budapest, Erzsébet királyné útja 73, 1147",info@cintiamasszazs.com,info@cintiamasszazs.com
Frank Masszázs,https://www.google.com/maps/place/Frank+Massz%C3%A1zs/data=!4m7!3m6!1s0x4741dd7602c1a81d:0x4bae00cf4bf1a67!8m2!3d47.512108!4d19.1442951!16s%2Fg%2F11s56v18wb!19sChIJHajBAnbdQUcRZxq_9AzgugQ?authuser=0&hl=hu&rclk=1,47.512108,19.1442951,http://www.frankmasszazs.hu/,,"Budapest, Ormánság u., 1144",ujvari.feri80@gmail.com,"ujvari.feri80@gmail.com, info@teratarhely.hu, ujvari.feri80@gmail.comTelefonsz"
Deep Relax Masszázs Stúdió,https://www.google.com/maps/place/Deep+Relax+Massz%C3%A1zs+St%C3%BAdi%C3%B3/data=!4m7!3m6!1s0x4741db8c21dea791:0x792a5822c9792d0b!8m2!3d47.5177906!4d19.1227571!16s%2Fg%2F11s8hm4_0v!19sChIJkafeIYzbQUcRCy15ySJYKnk?authuser=0&hl=hu&rclk=1,47.5177906,19.1227571,https://www.facebook.com/deeprelaxmasszazs,06204312285,"Budapest, Turán tér 9, 1149",,
Masszázs Zugló,https://www.google.com/maps/place/Massz%C3%A1zs+Zugl%C3%B3/data=!4m7!3m6!1s0x4741db396a3e48cd:0x6403886ca344a483!8m2!3d47.5157958!4d19.1135285!16s%2Fg%2F11f6jxh88m!19sChIJzUg-ajnbQUcRg6REo2yIA2Q?authuser=0&hl=hu&rclk=1,47.5157958,19.1135285,http://www.masszazszuglo.hu/,,"Budapest, Szugló u. 64, 1145",info@domainem.hu,info@domainem.hu
"Kata Frissítő Kézi-, Gépi-, Vákuumos masszázs, Kimozgatás, Mentál eü. konzultáció, Autogén tréning","https://www.google.com/maps/place/Kata+Friss%C3%ADt%C5%91+K%C3%A9zi-,+G%C3%A9pi-,+V%C3%A1kuumos+massz%C3%A1zs,+Kimozgat%C3%A1s,+Ment%C3%A1l+e%C3%BC.+konzult%C3%A1ci%C3%B3,+Autog%C3%A9n+tr%C3%A9ning/data=!4m7!3m6!1s0x4741dca1f046a1f1:0xacc4df5dd5b3e26e!8m2!3d47.5037129!4d19.1152314!16s%2Fg%2F11c2l0mrjb!19sChIJ8aFG8KHcQUcRbuKz1V3fxKw?authuser=0&hl=hu&rclk=1",47.5037129,19.1152314,https://katus.iwk.hu/,06204344322,"Budapest, Bíbor u. 14, 1149",ugyfelszolgalat@naih.hu,ugyfelszolgalat@naih.hu
Németh Masszázs,https://www.google.com/maps/place/N%C3%A9meth+Massz%C3%A1zs/data=!4m7!3m6!1s0x4741db02d2107265:0x44e03fcc2e0c78bb!8m2!3d47.5237312!4d19.1237279!16s%2Fg%2F11l5kd3fwb!19sChIJZXIQ0gLbQUcRu3gMLsw_4EQ?authuser=0&hl=hu&rclk=1,47.5237312,19.1237279,https://nemeth-masszazs.webnode.hu/,06204808006,"Budapest, Szugló u. 125D-c-épület, 1141",info@domainem.hu,info@domainem.hu
Dorka Ágnes Masszázs,https://www.google.com/maps/place/Dorka+%C3%81gnes+Massz%C3%A1zs/data=!4m7!3m6!1s0x4741dba55a796deb:0x87a8c2b951bbb850!8m2!3d47.5256193!4d19.1196421!16s%2Fg%2F11vm9sy2_d!19sChIJ6215WqXbQUcRULi7UbnCqIc?authuser=0&hl=hu&rclk=1,47.5256193,19.1196421,https://dorkamasszazs.hu/,06307912391,"Budapest, Csömöri út 76, 1147",nagydorkaagnes@gmail.com,"nagydorkaagnes@gmail.com, info@dorkamasszazs.hu"
Sebi Massage,https://www.google.com/maps/place/Sebi+Massage/data=!4m7!3m6!1s0x4741db6a58f6e107:0x300c7945a9856c51!8m2!3d47.5205689!4d19.0944885!16s%2Fg%2F11t_v0xxyv!19sChIJB-H2WGrbQUcRUWyFqUV5DDA?authuser=0&hl=hu&rclk=1,47.5205689,19.0944885,https://www.facebook.com/sebimassage,06203828575,"Budapest, Amerikai út 81, 1145",,
Serenity Thai Massage Budapest,https://www.google.com/maps/place/Serenity+Thai+Massage+Budapest/data=!4m7!3m6!1s0x4741db864fc2ceed:0xcfdebc895c9be283!8m2!3d47.5242158!4d19.1576269!16s%2Fg%2F11x7zwm4x8!19sChIJ7c7CT4bbQUcRg-KbXIm83s8?authuser=0&hl=hu&rclk=1,47.5242158,19.1576269,https://www.serenitythaimassage.hu/,06306466046,"Budapest, Csömöri út 72, 1161",info@serenitythaimassage.hu,"info@serenitythaimassage.hu, c183baa23371454f99f417f6616b724d@sentry.wixpress.com, 8eb368c655b84e029ed79ad7a5c1718e@sentry.wixpress.com, 605a7baede844d278b89dc95ae0a9123@sentry-next.wixpress.com, 8c4075d5481d476e945486754f783364@sentry.io, dd0a55ccb8124b9c9d938e3acf41f8aa@sentry.wixpress.com, bfb679c754744c58a7374ee6e25cfc13@sentry.wixpress.com"
Indiai Ayurveda Centrum Budapest,https://www.google.com/maps/place/Indiai+Ayurveda+Centrum+Budapest/data=!4m7!3m6!1s0x4741db5040cde34b:0xe85953fec3667d55!8m2!3d47.5133216!4d19.1377!16s%2Fg%2F11g71xxvj6!19sChIJS-PNQFDbQUcRVX1mw_5TWeg?authuser=0&hl=hu&rclk=1,47.5133216,19.1377,http://ayurvedakezeles.hu/,06705580590,"Budapest, Zsálya u. 22, 1141",shajuayurvedainfo@gmail.com,"shajuayurvedainfo@gmail.com, shajuayurveda@gmail.com"
Örs Fitness & Masszázs Szalon,https://www.google.com/maps/place/%C3%96rs+Fitness+%26+Massz%C3%A1zs+Szalon/data=!4m7!3m6!1s0x4741db5567439a9d:0x357918d0fd59369a!8m2!3d47.5041464!4d19.1421513!16s%2Fg%2F1q6h_ysmm!19sChIJnZpDZ1XbQUcRmjZZ_dAYeTU?authuser=0&hl=hu&rclk=1,47.5041464,19.1421513,http://www.ors-fitness.hu/,06207741342,"Budapest, Kerepesi út 104, 1144",melus@orsmasszazs.hu,melus@orsmasszazs.hu
Életoázis Egészségközpont,https://www.google.com/maps/place/%C3%89leto%C3%A1zis+Eg%C3%A9szs%C3%A9gk%C3%B6zpont/data=!4m7!3m6!1s0x4741db70eb7448e7:0x85dc9a02949b8b44!8m2!3d47.521684!4d19.1062277!16s%2Fg%2F1hfhjst1b!19sChIJ50h063DbQUcRRIublAKa3IU?authuser=0&hl=hu&rclk=1,47.521684,19.1062277,http://www.eletoazis.hu/,06304794481,"Budapest, Kerékgyártó u. 2 116-2., Kaputelefon: 116, 1147",,
"Mandy's Beauty & Shape| alakformáló masszázs, köpölyözés nyirokmasszázs fogások, narancsbőr kezelés","https://www.google.com/maps/place/Mandy%27s+Beauty+%26+Shape%7C+alakform%C3%A1l%C3%B3+massz%C3%A1zs,+k%C3%B6p%C3%B6ly%C3%B6z%C3%A9s+nyirokmassz%C3%A1zs+fog%C3%A1sok,+narancsb%C5%91r+kezel%C3%A9s/data=!4m7!3m6!1s0x4741db5e7f9c0341:0x75e5d89e3f6c5bc4!8m2!3d47.5121554!4d19.1409426!16s%2Fg%2F11nghs9p3l!19sChIJQQOcf17bQUcRxFtsP57Y5XU?authuser=0&hl=hu&rclk=1",47.5121554,19.1409426,https://linktr.ee/mandysbeautyandshape,06309138753,"Budapest Vezér utca 69/D 44-es kapucsengő, 1144",,
Masszázs Stúdió Zugló,https://www.google.com/maps/place/Massz%C3%A1zs+St%C3%BAdi%C3%B3+Zugl%C3%B3/data=!4m7!3m6!1s0x4741ddf3cc75b4e9:0x25b0a5653decfde1!8m2!3d47.5063462!4d19.0929469!16s%2Fg%2F11x8vvh7dq!19sChIJ6bR1zPPdQUcR4f3sPWWlsCU?authuser=0&hl=hu&rclk=1,47.5063462,19.0929469,https://frissitomasszazs.hu/masszazs-studio.html,06306062474,"Budapest, Szabó József u. 8/a, 1146",,
Osztrosics Petra Gyógy- és sportmasszőr,https://www.google.com/maps/place/Osztrosics+Petra+Gy%C3%B3gy-+%C3%A9s+sportmassz%C5%91r/data=!4m7!3m6!1s0x4741dc66b15afc65:0xf9a1445d34f1997!8m2!3d47.5159778!4d19.1133709!16s%2Fg%2F11f122043n!19sChIJZfxasWbcQUcRlxlP00UUmg8?authuser=0&hl=hu&rclk=1,47.5159778,19.1133709,http://www.masszazszuglo.hu/,,"Budapest, Szugló u. 64, 1145",info@domainem.hu,info@domainem.hu
Szkárossy Masszázs Műhely,https://www.google.com/maps/place/Szk%C3%A1rossy+Massz%C3%A1zs+M%C5%B1hely/data=!4m7!3m6!1s0x4741db74476f9475:0xfdf1a246d4c404d2!8m2!3d47.5267323!4d19.105218!16s%2Fg%2F11f1jwqpq8!19sChIJdZRvR3TbQUcR0gTE1Eai8f0?authuser=0&hl=hu&rclk=1,47.5267323,19.105218,http://www.masszazs-szkarossy.hu/,06703339744,"Budapest, Erzsébet királyné útja 62/a, 1142",info@domainem.hu,info@domainem.hu
Pure Relaxation By Fanni,https://www.google.com/maps/place/Pure+Relaxation+By+Fanni/data=!4m7!3m6!1s0x4741dbad51a362f7:0xd441d41d6bf9174a!8m2!3d47.5230577!4d19.1137773!16s%2Fg%2F11m6j7yykw!19sChIJ92KjUa3bQUcRShf5ax3UQdQ?authuser=0&hl=hu&rclk=1,47.5230577,19.1137773,https://www.facebook.com/profile.php?id=61565533024885,06204197972,"Budapest, Hermina Beauty Med Szépségszalon, Fűrész u. 65, 1144",,
Anyu pihen! - Masszázs terápia,https://www.google.com/maps/place/Anyu+pihen!+-+Massz%C3%A1zs+ter%C3%A1pia/data=!4m7!3m6!1s0x4741db95dfb32a4f:0x1d1483d04fb80e70!8m2!3d47.5051988!4d19.1347586!16s%2Fg%2F11sx38ch98!19sChIJTyqz35XbQUcRcA64T9CDFB0?authuser=0&hl=hu&rclk=1,47.5051988,19.1347586,https://www.anyupihen.hu/,06302470932,"Budapest, Örs vezér tere 5, 1148",2062d0a4929b45348643784b5cb39c36@sentry.wixpress.com,"2062d0a4929b45348643784b5cb39c36@sentry.wixpress.com, c183baa23371454f99f417f6616b724d@sentry.wixpress.com, 460ff4620fa44cba8df530afde949785@sentry.wixpress.com, 8eb368c655b84e029ed79ad7a5c1718e@sentry.wixpress.com, anyupihen@gmail.com, 605a7baede844d278b89dc95ae0a9123@sentry-next.wixpress.com, annamari.dobai@gmail.com, ed436f5053144538958ad06a5005e99a@sentry.wixpress.com, 8c4075d5481d476e945486754f783364@sentry.io, 271e9fa3230b4eec94b02bf95780f5f2@sentry.wixpress.com, dd0a55ccb8124b9c9d938e3acf41f8aa@sentry.wixpress.com, 9a65e97ebe8141fca0c4fd686f70996b@sentry.wixpress.com"
Masszázs TGM,https://www.google.com/maps/place/Massz%C3%A1zs+TGM/data=!4m7!3m6!1s0x4741dbdf70f7154b:0x3a795c2133fff793!8m2!3d47.5163728!4d19.123983!16s%2Fg%2F11rxm7x47t!19sChIJSxX3cN_bQUcRk_f_MyFceTo?authuser=0&hl=hu&rclk=1,47.5163728,19.123983,http://www.masszazstgmzuglo.hu/,06308632070,"Budapest, Adria stny. 2, 1148",info@masszazstgmzuglo.hu,"info@masszazstgmzuglo.hu, example@mail.com"
Masszázsoázis,https://www.google.com/maps/place/Massz%C3%A1zso%C3%A1zis/data=!4m7!3m6!1s0x4741db44a293f79f:0x8a41c0609e3f60ac!8m2!3d47.517166!4d19.1315376!16s%2Fg%2F1ydddkjms!19sChIJn_eTokTbQUcRrGA_nmDAQYo?authuser=0&hl=hu&rclk=1,47.517166,19.1315376,https://masszazsoazis.net/,06203834904,"Budapest, Vezér u 121, 1141",masszazsoazis@gmail.com,masszazsoazis@gmail.com
"Surányi Head Spa Zugló – Head spa, vegyszermentes fodrászat, kozmetika, oxigénterápia, Nail Spa","https://www.google.com/maps/place/Sur%C3%A1nyi+Head+Spa+Zugl%C3%B3+%E2%80%93+Head+spa,+vegyszermentes+fodr%C3%A1szat,+kozmetika,+oxig%C3%A9nter%C3%A1pia,+Nail+Spa/data=!4m7!3m6!1s0x4741db7bc3712213:0xe10039c617a3aee!8m2!3d47.5116433!4d19.1157187!16s%2Fg%2F11wv7216d6!19sChIJEyJxw3vbQUcR7jp6YZwDEA4?authuser=0&hl=hu&rclk=1",47.5116433,19.1157187,https://www.suranyiszalon.hu/,06205484533,"Budapest, Egressy út 63, 1149",info@suranyiszalon.hu,"info@suranyiszalon.hu, %20info@suranyiszalon.hu"
"Gyógymasszázs, Kata Masszőrmester","https://www.google.com/maps/place/Gy%C3%B3gymassz%C3%A1zs,+Kata+Massz%C5%91rmester/data=!4m7!3m6!1s0x4741db12e7f2b74d:0xadd065648c75407a!8m2!3d47.529304!4d19.1197631!16s%2Fg%2F1hm4xrms3!19sChIJTbfy5xLbQUcRekB1jGRl0K0?authuser=0&hl=hu&rclk=1",47.529304,19.1197631,https://masszormester.hu/,06203600134,"Budapest, Telepes u. 100, 1147",masszormester@gmail.com,masszormester@gmail.com
LÉLEKVARÁZS Masszázs,https://www.google.com/maps/place/L%C3%89LEKVAR%C3%81ZS+Massz%C3%A1zs/data=!4m7!3m6!1s0x4741c5cef469a777:0x301c91a1de85b3aa!8m2!3d47.5042184!4d19.1399292!16s%2Fg%2F11rdc1ccny!19sChIJd6dp9M7FQUcRqrOF3qGRHDA?authuser=0&hl=hu&rclk=1,47.5042184,19.1399292,,06704313227,"Budapest, Kerepesi út 92, 1144",,
"Gőz Enikő, Gyógymasszőr","https://www.google.com/maps/place/G%C5%91z+Enik%C5%91,+Gy%C3%B3gymassz%C5%91r/data=!4m7!3m6!1s0x4741ddae56674609:0x7a30bc84d7915e4a!8m2!3d47.5030445!4d19.1112156!16s%2Fg%2F11tf53vb29!19sChIJCUZnVq7dQUcRSl6R14S8MHo?authuser=0&hl=hu&rclk=1",47.5030445,19.1112156,https://www.facebook.com/GozEnikoGyogymasszor/,06703585363,"Budapest, Francia út 9, 1143",,
Rózsakvarc Masszázs Szalon,https://www.google.com/maps/place/R%C3%B3zsakvarc+Massz%C3%A1zs+Szalon/data=!4m7!3m6!1s0x4741db9abd1bbce3:0xde31abf70305dc83!8m2!3d47.529496!4d19.119751!16s%2Fg%2F11t2cj88bn!19sChIJ47wbvZrbQUcRg9wFA_erMd4?authuser=0&hl=hu&rclk=1,47.529496,19.119751,,06304737127,"Budapest, Telepes u. 104, 1147",,
Masszázs birodalom,https://www.google.com/maps/place/Massz%C3%A1zs+birodalom/data=!4m7!3m6!1s0x4741dd5f9a1a56f3:0xe8b73d0f725b484e!8m2!3d47.524201!4d19.098683!16s%2Fg%2F11nx1ksqs6!19sChIJ81Yaml_dQUcRTkhbcg89t-g?authuser=0&hl=hu&rclk=1,47.524201,19.098683,,,"Budapest, Kassai tér 12, 1142",,
Aranykapu Masszázs Szalon,https://www.google.com/maps/place/Aranykapu+Massz%C3%A1zs+Szalon/data=!4m7!3m6!1s0x4741db9bb9905c4f:0x1c2971a659c4b2a4!8m2!3d47.5171132!4d19.1114112!16s%2Fg%2F11vr9729xc!19sChIJT1yQuZvbQUcRpLLEWaZxKRw?authuser=0&hl=hu&rclk=1,47.5171132,19.1114112,https://nyitvavanaz.hu/,06709489590,"Budapest, Bosnyák u 14-18, 1145",ogyumolcsos@gmail.com,ogyumolcsos@gmail.com
Somarelax,https://www.google.com/maps/place/Somarelax/data=!4m7!3m6!1s0x4741db5b37da285d:0xb63038a48ef3e755!8m2!3d47.5120325!4d19.113648!16s%2Fg%2F11gnsfnynn!19sChIJXSjaN1vbQUcRVefzjqQ4MLY?authuser=0&hl=hu&rclk=1,47.5120325,19.113648,http://somarelax.hu/,06209133830,"Budapest, Róna u. 106-108, 1149",,
Paskál Gyógy- és Strandfürdő,https://www.google.com/maps/place/Pask%C3%A1l+Gy%C3%B3gy-+%C3%A9s+Strandf%C3%BCrd%C5%91/data=!4m7!3m6!1s0x4741db41863cc08d:0xabb950bfde65fb08!8m2!3d47.52096!4d19.128207!16s%2Fg%2F1tf27g3p!19sChIJjcA8hkHbQUcRCPtl3r9Quas?authuser=0&hl=hu&rclk=1,47.52096,19.128207,http://www.paskalfurdo.hu/,0612526944,"Budapest, Egressy út 178/F, 1141",,
Lazító Kezek Masszázs és Shiatsu - Örs Fitness,https://www.google.com/maps/place/Laz%C3%ADt%C3%B3+Kezek+Massz%C3%A1zs+%C3%A9s+Shiatsu+-+%C3%96rs+Fitness/data=!4m7!3m6!1s0x4741db0fccb1a8a9:0xaefa7d288497373d!8m2!3d47.5041464!4d19.1421513!16s%2Fg%2F11h1pdxqlq!19sChIJqaixzA_bQUcRPTeXhCh9-q4?authuser=0&hl=hu&rclk=1,47.5041464,19.1421513,http://www.lazitokezek.hu/,06303614236,"Budapest, Kerepesi út 104, 1144",csilla@lazitokezek.hu,csilla@lazitokezek.hu
Ayurvédikus jóga és masszázs,https://www.google.com/maps/place/Ayurv%C3%A9dikus+j%C3%B3ga+%C3%A9s+massz%C3%A1zs/data=!4m7!3m6!1s0x4741db6dfb8153b7:0x7743b143b6467eb!8m2!3d47.521414!4d19.1047575!16s%2Fg%2F11k3tqccz_!19sChIJt1OB-23bQUcR62dkOxQ7dAc?authuser=0&hl=hu&rclk=1,47.521414,19.1047575,,06205502457,"Budapest, Nagy Lajos király útja 194, 1149",,
Levendula Masszázs Sziget - Masszázs 16. kerület,https://www.google.com/maps/place/Levendula+Massz%C3%A1zs+Sziget+-+Massz%C3%A1zs+16.+ker%C3%BClet/data=!4m7!3m6!1s0x4741c4c281baf703:0xe649f075b1fed618!8m2!3d47.5097495!4d19.1848995!16s%2Fg%2F1hhwsh679!19sChIJA_e6gcLEQUcRGNb-sXXwSeY?authuser=0&hl=hu&rclk=1,47.5097495,19.1848995,https://www.levendulamasszazssziget.hu/,06203902215,"Budapest, Veres Péter út 77, 1163",info@domainem.hu,"info@domainem.hu, levendulamasszazssziget@gmail.com"
My Spa LPG testkezelő és InfraslimX szalon,https://www.google.com/maps/place/My+Spa+LPG+testkezel%C5%91+%C3%A9s+InfraslimX+szalon/data=!4m7!3m6!1s0x2ec4f8fbf161d879:0xe3ef59b6a74fdf8f!8m2!3d47.5200869!4d19.1196033!16s%2Fg%2F11rwjwk060!19sChIJedhh8fv4xC4Rj99Pp7ZZ7-M?authuser=0&hl=hu&rclk=1,47.5200869,19.1196033,https://myspa.hu/,06702174808,"Budapest, Szugló u. 105, 1141",myspazuglo@gmail.com,myspazuglo@gmail.com
Horus Massage,https://www.google.com/maps/place/Horus+Massage/data=!4m7!3m6!1s0x4741dc9cd71bd2b1:0xd932a360b8c54273!8m2!3d47.507819!4d19.1027169!16s%2Fg%2F11flzfwfhh!19sChIJsdIb15zcQUcRc0LFuGCjMtk?authuser=0&hl=hu&rclk=1,47.507819,19.1027169,https://horus-massage.hu/,06209248466,"Budapest, Hungária krt. 110, 1143",horus.massage@gmail.com,horus.massage@gmail.com
Aurum masszázs,https://www.google.com/maps/place/Aurum+massz%C3%A1zs/data=!4m7!3m6!1s0x4741dd444dcbbdb3:0x23a6f84b30f177ae!8m2!3d47.5075981!4d19.1088031!16s%2Fg%2F11mctyrz4y!19sChIJs73LTUTdQUcRrnfxMEv4piM?authuser=0&hl=hu&rclk=1,47.5075981,19.1088031,https://app.minup.io/book/aurum-masszazs,,"Budapest, Egressy út 23-25, 1149",,
Karalyos Tibor masszázs,https://www.google.com/maps/place/Karalyos+Tibor+massz%C3%A1zs/data=!4m7!3m6!1s0x4741db1512963dbd:0xc4f5c03c4f0fdabe!8m2!3d47.5042343!4d19.1422828!16s%2Fg%2F11y5m16q9p!19sChIJvT2WEhXbQUcRvtoPTzzA9cQ?authuser=0&hl=hu&rclk=1,47.5042343,19.1422828,,06707425152,"Budapest, Kerepesi út 104, 1144",,
Masszázs - Zugló,https://www.google.com/maps/place/Massz%C3%A1zs+-+Zugl%C3%B3/data=!4m7!3m6!1s0x4741db106f91ba93:0x82ce0ca652679e78!8m2!3d47.519586!4d19.1029583!16s%2Fg%2F11gr0d2t1t!19sChIJk7qRbxDbQUcReJ5nUqYMzoI?authuser=0&hl=hu&rclk=1,47.519586,19.1029583,,06707733988,"Budapest, Róna u. 192, 1145",,
Kylin Thai Masszázs és jól-lét tér,https://www.google.com/maps/place/Kylin+Thai+Massz%C3%A1zs+%C3%A9s+j%C3%B3l-l%C3%A9t+t%C3%A9r/data=!4m7!3m6!1s0x4741c54f46378993:0xadb56cfe7168f194!8m2!3d47.5072925!4d19.1716037!16s%2Fg%2F11w8m16g37!19sChIJk4k3Rk_FQUcRlPFocf5sta0?authuser=0&hl=hu&rclk=1,47.5072925,19.1716037,https://kylin.hu/,06703694310,"Budapest, Veres Péter út 15/A, 1163",hello@kylin.hu,hello@kylin.hu
Masszázsda,https://www.google.com/maps/place/Massz%C3%A1zsda/data=!4m7!3m6!1s0x4741db44853d427d:0x6918837b8ebaf9e5!8m2!3d47.5177157!4d19.1319024!16s%2Fg%2F11g9vm48my!19sChIJfUI9hUTbQUcR5fm6jnuDGGk?authuser=0&hl=hu&rclk=1,47.5177157,19.1319024,http://www.masszazsda.hu/,06302630318,"Budapest, Mogyoródi út 129, 1141",,
Kriszti Masszázs,https://www.google.com/maps/place/Kriszti+Massz%C3%A1zs/data=!4m7!3m6!1s0x4741db7a1cc5c5c9:0xcfe4319441ea1949!8m2!3d47.5156986!4d19.1423465!16s%2Fg%2F11gxylmxzv!19sChIJycXFHHrbQUcRSRnqQZQx5M8?authuser=0&hl=hu&rclk=1,47.5156986,19.1423465,http://masszazskriszti.webnode.hu/,06204705964,"Budapest, Zsálya u. 53, 1144",,
Csillag Masszázs Stúdió,https://www.google.com/maps/place/Csillag+Massz%C3%A1zs+St%C3%BAdi%C3%B3/data=!4m7!3m6!1s0x4741dd774c057f3d:0x3a186771da779437!8m2!3d47.5032748!4d19.1050367!16s%2Fg%2F11jcbt8hps!19sChIJPX8FTHfdQUcRN5R32nFnGDo?authuser=0&hl=hu&rclk=1,47.5032748,19.1050367,https://csillag-masszazs.salonic.hu/employees/7692,06303312693,"Budapest, Stefánia út 13, 1143",,
GROGOTA | S.I terápia · Yin jóga · Hangtál élmény,https://www.google.com/maps/place/GROGOTA+%7C+S.I+ter%C3%A1pia+%C2%B7+Yin+j%C3%B3ga+%C2%B7+Hangt%C3%A1l+%C3%A9lm%C3%A9ny/data=!4m7!3m6!1s0x4741db22a63b7045:0x8226b4807bacfffe!8m2!3d47.5215947!4d19.0971186!16s%2Fg%2F11f11n_pyf!19sChIJRXA7piLbQUcR_v-se4C0JoI?authuser=0&hl=hu&rclk=1,47.5215947,19.0971186,http://www.grogota.hu/,06305507197,"Budapest, Dorozsmai u. 13/b, 1142",grogota@gmail.com,grogota@gmail.com
Prosztata masszázs,https://www.google.com/maps/place/Prosztata+massz%C3%A1zs/data=!4m7!3m6!1s0x4741dd3821e23ccf:0x8d5676b25f2367f3!8m2!3d47.5205303!4d19.1106792!16s%2Fg%2F11h461sp6f!19sChIJzzziITjdQUcR82cjX7J2Vo0?authuser=0&hl=hu&rclk=1,47.5205303,19.1106792,https://vagyosveny.hu/prosztata-masszazs/,06702463036,"Budapest, Telepes u. 1/b, 1147",zsuzsanna.masszazs@gmail.com,zsuzsanna.masszazs@gmail.com
Sunrise Masszázs,https://www.google.com/maps/place/Sunrise+Massz%C3%A1zs/data=!4m7!3m6!1s0x4741dbdbd0460cb5:0x6f5e03812dd33758!8m2!3d47.5247403!4d19.0946595!16s%2Fg%2F11lp30n8t2!19sChIJtQxG0NvbQUcRWDfTLYEDXm8?authuser=0&hl=hu&rclk=1,47.5247403,19.0946595,https://www.facebook.com/profile.php?id=61559828127252,06308908985,"Budapest, Szőnyi út 15/a, 1142",,
"Zuglói Sóbarlang, Sóterápia","https://www.google.com/maps/place/Zugl%C3%B3i+S%C3%B3barlang,+S%C3%B3ter%C3%A1pia/data=!4m7!3m6!1s0x4741db55cd1adac1:0x3a9b17f44590466!8m2!3d47.5066737!4d19.1394135!16s%2Fg%2F11c1xfj59w!19sChIJwdoazVXbQUcRZgRZRH-xqQM?authuser=0&hl=hu&rclk=1",47.5066737,19.1394135,http://www.zugloisobarlang.hu/,06309950572,"Budapest, Füredi u. 18, 1144",szilvia.patrascanu@gmail.com,szilvia.patrascanu@gmail.com
VGYKE Masszázs,https://www.google.com/maps/place/VGYKE+Massz%C3%A1zs/data=!4m7!3m6!1s0x4741dbbba206286b:0x9be1508f6b738130!8m2!3d47.5196996!4d19.1033492!16s%2Fg%2F11fcsj394x!19sChIJaygGorvbQUcRMIFza49Q4Zs?authuser=0&hl=hu&rclk=1,47.5196996,19.1033492,,0614454036,"Budapest, Róna u. 192, 1145",,
Niki masszázs specialista,https://www.google.com/maps/place/Niki+massz%C3%A1zs+specialista/data=!4m7!3m6!1s0x4741dc62aada09db:0x24e5b0cc3119c792!8m2!3d47.5067456!4d19.1258343!16s%2Fg%2F11hbt6fb9_!19sChIJ2wnaqmLcQUcRkscZMcyw5SQ?authuser=0&hl=hu&rclk=1,47.5067456,19.1258343,http://niki-masszazs.salonic.hu/,06206239926,"Budapest, Fogarasi út 43/c, 1148",,
Csengeri Rozália masszázs és pedikűr/ Zugló,https://www.google.com/maps/place/Csengeri+Roz%C3%A1lia+massz%C3%A1zs+%C3%A9s+pedik%C5%B1r%2F+Zugl%C3%B3/data=!4m7!3m6!1s0x4741db4477ff8177:0x8577030b3d3296dc!8m2!3d47.5141715!4d19.1142284!16s%2Fg%2F11rjvbmr7h!19sChIJd4H_d0TbQUcR3JYyPQsDd4U?authuser=0&hl=hu&rclk=1,47.5141715,19.1142284,https://masszazspedikurzuglo.webnode.hu/,06705488278,"Budapest, Kövér Lajos u. 32, 1149",info@domainem.hu,info@domainem.hu
MAGNIT BEAUTY,https://www.google.com/maps/place/MAGNIT+BEAUTY/data=!4m7!3m6!1s0x4741db825a928e7f:0x307a5104b6407a74!8m2!3d47.5130236!4d19.119776!16s%2Fg%2F11tjl5g_9c!19sChIJf46SWoLbQUcRdHpAtgRRejA?authuser=0&hl=hu&rclk=1,47.5130236,19.119776,,06706656383,"Budapest, Angol u. 43, 1148",,
Massage4You - Masszázs Neked! Masszázsszolgáltatás Zuglóban,https://www.google.com/maps/place/Massage4You+-+Massz%C3%A1zs+Neked!+Massz%C3%A1zsszolg%C3%A1ltat%C3%A1s+Zugl%C3%B3ban/data=!4m7!3m6!1s0x4741dbadd3606411:0x1df11883c8a3665!8m2!3d47.5048848!4d19.1046509!16s%2Fg%2F11nz0s342b!19sChIJEWRg063bQUcRZTaKPIgR3wE?authuser=0&hl=hu&rclk=1,47.5048848,19.1046509,,06306892582,"Budapest, Szobránc u. 15B, 1143",,
KAQUN ZUGLÓ Budapest Oxigén Wellness SPA és KAQUN víz Központ,https://www.google.com/maps/place/KAQUN+ZUGL%C3%93+Budapest+Oxig%C3%A9n+Wellness+SPA+%C3%A9s+KAQUN+v%C3%ADz+K%C3%B6zpont/data=!4m7!3m6!1s0x4741db6d97701f35:0xe136debd4fc3a29b!8m2!3d47.5258503!4d19.1159244!16s%2Fg%2F1tjbqymh!19sChIJNR9wl23bQUcRm6LDT73eNuE?authuser=0&hl=hu&rclk=1,47.5258503,19.1159244,http://kaqun-zuglo.com/,0617893755,"Budapest, Telepes u. 58, 1147",,
florazs,https://www.google.com/maps/place/florazs/data=!4m7!3m6!1s0x4741db3d56f31697:0x1f3186716578019f!8m2!3d47.5296962!4d19.1006931!16s%2Fg%2F11v0__hdkx!19sChIJlxbzVj3bQUcRnwF4ZXGGMR8?authuser=0&hl=hu&rclk=1,47.5296962,19.1006931,,,"Budapest, Kacsóh Pongrác út 121, 1142",,
Fohow terápia 16.kerület,https://www.google.com/maps/place/Fohow+ter%C3%A1pia+16.ker%C3%BClet/data=!4m7!3m6!1s0x4741c5623a006d4f:0xb8630c71e517ad45!8m2!3d47.5130132!4d19.1725311!16s%2Fg%2F11n9y9bwzf!19sChIJT20AOmLFQUcRRa0X5XEMY7g?authuser=0&hl=hu&rclk=1,47.5130132,19.1725311,,06705991716,"Budapest, Romhány u., 1163",,
"Red Lotus Beauty- teljes alakformáló kezelések, nyirok- és zsírödéma kezelés, cellulit kezelés, zsírfagyasztás, nyirokterápia","https://www.google.com/maps/place/Red+Lotus+Beauty-+teljes+alakform%C3%A1l%C3%B3+kezel%C3%A9sek,+nyirok-+%C3%A9s+zs%C3%ADr%C3%B6d%C3%A9ma+kezel%C3%A9s,+cellulit+kezel%C3%A9s,+zs%C3%ADrfagyaszt%C3%A1s,+nyirokter%C3%A1pia/data=!4m7!3m6!1s0x4741db7747fbc533:0x80c946080cbfebf1!8m2!3d47.507632!4d19.1075172!16s%2Fg%2F11hdy2n9zr!19sChIJM8X7R3fbQUcR8eu_DAhGyYA?authuser=0&hl=hu&rclk=1",47.507632,19.1075172,http://redlotusbeauty.hu/,06307876249,"Budapest, Egressy út 17, 1144",info@redlotusbeauty.hu,info@redlotusbeauty.hu
Masszázs rendelő - Sakura Massage Stúdió,https://www.google.com/maps/place/Massz%C3%A1zs+rendel%C5%91+-+Sakura+Massage+St%C3%BAdi%C3%B3/data=!4m7!3m6!1s0x4741dbc7855e6da5:0x62cfd0a1b02622ac!8m2!3d47.5013463!4d19.1089621!16s%2Fg%2F11hcjsfn_7!19sChIJpW1ehcfbQUcRrCImsKHQz2I?authuser=0&hl=hu&rclk=1,47.5013463,19.1089621,https://app.minup.io/book/sipos-krisztina,06307297290,"Budapest, Tábornok u. 3, 1142",,
Masszázs Zugló,https://www.google.com/maps/place/Massz%C3%A1zs+Zugl%C3%B3/data=!4m7!3m6!1s0x4741db6624bc5109:0xf364b4dc8204011d!8m2!3d47.5196386!4d19.120896!16s%2Fg%2F11j0jjz_v6!19sChIJCVG8JGbbQUcRHQEEgty0ZPM?authuser=0&hl=hu&rclk=1,47.5196386,19.120896,https://www.masszazszuglo.hu/adatvedelmi-tajekoztato/,06309377127,"Budapest, Komócsy u., 1141",ugyfelszolgalat@naih.hu,"ugyfelszolgalat@naih.hu, info@masszazszuglo.hu, info@domainem.hu"
Bali Home Spa,https://www.google.com/maps/place/Bali+Home+Spa/data=!4m7!3m6!1s0x4741dd440b257aab:0x9cdb0c48752b7c0c!8m2!3d47.504274!4d19.122608!16s%2Fg%2F11t31x8d50!19sChIJq3olC0TdQUcRDHwrdUgM25w?authuser=0&hl=hu&rclk=1,47.504274,19.122608,,06704179334,"Budapest, Pillangó park 7, 1149",,
Neck&Back Masszázs by Hubai Nikolett,https://www.google.com/maps/place/Neck%26Back+Massz%C3%A1zs+by+Hubai+Nikolett/data=!4m7!3m6!1s0x4741dbdcc282f85d:0x4dfc1e8cd353a0b4!8m2!3d47.5186307!4d19.1277514!16s%2Fg%2F11gzn_mvts!19sChIJXfiCwtzbQUcRtKBT04we_E0?authuser=0&hl=hu&rclk=1,47.5186307,19.1277514,,06307407097,"Budapest, Vezér u 142, 1142",,
"Teveli Zsanett természetgyógyász, shiatsu-terapeuta, kineziológus","https://www.google.com/maps/place/Teveli+Zsanett+term%C3%A9szetgy%C3%B3gy%C3%A1sz,+shiatsu-terapeuta,+kineziol%C3%B3gus/data=!4m7!3m6!1s0x4741d12b5cf5d27d:0xe32db658eb5d3dff!8m2!3d47.5046788!4d19.0918455!16s%2Fg%2F11l29h9ybm!19sChIJfdL1XCvRQUcR_z1d61i2LeM?authuser=0&hl=hu&rclk=1",47.5046788,19.0918455,,06304318059,"Budapest, Cházár András u. 2/C Fsz. 4, 1146",,
Gabi's touch,https://www.google.com/maps/place/Gabi%27s+touch/data=!4m7!3m6!1s0x4741db08d5d1d8a5:0xbb4fb34db4d4a5dc!8m2!3d47.5179728!4d19.1086809!16s%2Fg%2F11ycdkl5hm!19sChIJpdjR1QjbQUcR3KXUtE2zT7s?authuser=0&hl=hu&rclk=1,47.5179728,19.1086809,,06205195865,"Budapest, Pétervárad u. 5, 1145",,
RED Car Spa,https://www.google.com/maps/place/RED+Car+Spa/data=!4m7!3m6!1s0x4741dca0f8888393:0x64f0bf8a69a2762e!8m2!3d47.5056255!4d19.1191662!16s%2Fg%2F11cn9q3dc8!19sChIJk4OI-KDcQUcRLnaiaYq_8GQ?authuser=0&hl=hu&rclk=1,47.5056255,19.1191662,https://redcarspa.hu/,06202803005,"Budapest, Fogarasi út 56a, 1148",noreply@redcarspa.hu,noreply@redcarspa.hu
Teljesség masszázs studio,https://www.google.com/maps/place/Teljess%C3%A9g+massz%C3%A1zs+studio/data=!4m7!3m6!1s0x4741db262bb8c7bb:0x90eb9d37277cbafa!8m2!3d47.5132769!4d19.1364549!16s%2Fg%2F11kh0yt1xk!19sChIJu8e4KybbQUcR-rp8Jzed65A?authuser=0&hl=hu&rclk=1,47.5132769,19.1364549,,06706229688,"Budapest, Vezér u 74, 1146",,
TRAVEZ Kft.,https://www.google.com/maps/place/TRAVEZ+Kft./data=!4m7!3m6!1s0x4741db0ba944c97b:0xb8e8f1a34f7e3549!8m2!3d47.5329028!4d19.108701!16s%2Fg%2F1tk1ls1d!19sChIJe8lEqQvbQUcRSTV-T6Px6Lg?authuser=0&hl=hu&rclk=1,47.5329028,19.108701,,06704337989,"Budapest, Kassai u. 178, 1142",,
Égidana Regeneráló és Wellness Masszázs,https://www.google.com/maps/place/%C3%89gidana+Regener%C3%A1l%C3%B3+%C3%A9s+Wellness+Massz%C3%A1zs/data=!4m7!3m6!1s0x4741dd001d4dd7df:0xd4d505193baf1513!8m2!3d47.4980928!4d19.0309603!16s%2Fg%2F11zk4j70_7!19sChIJ39dNHQDdQUcRExWvOxkF1dQ?authuser=0&hl=hu&rclk=1,47.4980928,19.0309603,https://www.egidana.hu/,06305523559,"Budapest, Pauler u. 16, 1013",,
Relax Massage Budapest,https://www.google.com/maps/place/Relax+Massage+Budapest/data=!4m7!3m6!1s0x4741dd0efa0c0d5d:0x4dfd93b4d77863cb!8m2!3d47.4965909!4d19.0324475!16s%2Fg%2F11p64jjl1f!19sChIJXQ0M-g7dQUcRy2N417ST_U0?authuser=0&hl=hu&rclk=1,47.4965909,19.0324475,,06709496501,"Budapest, Krisztina krt. 65, 1016",,
Krisztina Masszázs - Massage,https://www.google.com/maps/place/Krisztina+Massz%C3%A1zs+-+Massage/data=!4m7!3m6!1s0x4741dc68c9e03e79:0xf2bf184a975d8848!8m2!3d47.5013381!4d19.0658076!16s%2Fg%2F11bc8d7fxh!19sChIJeT7gyWjcQUcRSIhdl0oYv_I?authuser=0&hl=hu&rclk=1,47.5013381,19.0658076,http://krisztinamasszazs.hu/,06205889454,"Budapest, utcai bejárat, Budapest utcai bejárat, Dob u. 54, 1072",,
Made in Brazil massage&spa,https://www.google.com/maps/place/Made+in+Brazil+massage%26spa/data=!4m7!3m6!1s0x4741dd9386b4870f:0x156caa438061062a!8m2!3d47.497912!4d19.040235!16s%2Fg%2F11kr7qk060!19sChIJD4e0hpPdQUcRKgZhgEOqbBU?authuser=0&hl=hu&rclk=1,47.497912,19.040235,,06305648048,"Budapest, Király u. 96, 1068",,
Rosemary Massage,https://www.google.com/maps/place/Rosemary+Massage/data=!4m7!3m6!1s0x4741df31a61a3a69:0xc1f9d9a6d03e64c7!8m2!3d47.506263!4d19.0259618!16s%2Fg%2F11s5q0467m!19sChIJaToapjHfQUcRx2Q-0KbZ-cE?authuser=0&hl=hu&rclk=1,47.506263,19.0259618,,06706101347,"Budapest, Batthyány u. 67, 1015",,
Bettina Relax Room,https://www.google.com/maps/place/Bettina+Relax+Room/data=!4m7!3m6!1s0x4741c5ef8e8423f5:0x20ffbff8058daa61!8m2!3d47.5069432!4d19.0349703!16s%2Fg%2F11shjk8zxq!19sChIJ9SOEju_FQUcRYaqNBfi__yA?authuser=0&hl=hu&rclk=1,47.5069432,19.0349703,,06301829189,"Budapest, Mária tér 1, 1011",,
Maldiv Thai és Gyógymasszázs szalon & spa,https://www.google.com/maps/place/Maldiv+Thai+%C3%A9s+Gy%C3%B3gymassz%C3%A1zs+szalon+%26+spa/data=!4m7!3m6!1s0x4741dc4553639aef:0x1cc72d6cd9fc6548!8m2!3d47.4880879!4d19.0584842!16s%2Fg%2F1hhgfq772!19sChIJ75pjU0XcQUcRSGX82Wwtxxw?authuser=0&hl=hu&rclk=1,47.4880879,19.0584842,http://www.maldivthai.hu/,06205294747,"Budapest, Só u. 5, 1056",info@maldivthai.hu,info@maldivthai.hu
Tantra Templom,https://www.google.com/maps/place/Tantra+Templom/data=!4m7!3m6!1s0x4741dd3be2069d59:0x99ea61aec1a96c85!8m2!3d47.5095474!4d19.0462885!16s%2Fg%2F11gh_p6pn9!19sChIJWZ0G4jvdQUcRhWypwa5h6pk?authuser=0&hl=hu&rclk=1,47.5095474,19.0462885,http://tantratemplom.hu/,06309748208,"Budapest, Kossuth tér, 1055",info@tantra-templom.hu,info@tantra-templom.hu
Massage666.com,https://www.google.com/maps/place/Massage666.com/data=!4m7!3m6!1s0x4741dd4e9cd5ce3b:0xc37c4ffa2eab6889!8m2!3d47.4893193!4d19.0557723!16s%2Fg%2F11tcyh652w!19sChIJO87VnE7dQUcRiWirLvpPfMM?authuser=0&hl=hu&rclk=1,47.4893193,19.0557723,https://massage666.com/,06708666002,"Budapest, Váci u 65, 1056",info@massage666.com,info@massage666.com
Geisha Massage Studio,https://www.google.com/maps/place/Geisha+Massage+Studio/data=!4m7!3m6!1s0x4741d91f3b68410f:0xab77802278d71256!8m2!3d47.5663209!4d19.0194446!16s%2Fg%2F11zkv3p4vh!19sChIJD0FoOx_ZQUcRVhLXeCKAd6s?authuser=0&hl=hu&rclk=1,47.5663209,19.0194446,,06309254119,"Budapest, Domoszló útja 16/a, 1037",,
ORCHIDEA THAI MASSAGE ÓBUDA,https://www.google.com/maps/place/ORCHIDEA+THAI+MASSAGE+%C3%93BUDA/data=!4m7!3m6!1s0x4741d9acdc5b6579:0xa5d33cd0c571d5c6!8m2!3d47.5721491!4d19.0162759!16s%2Fg%2F11c2jzsy91!19sChIJeWVb3KzZQUcRxtVxxdA806U?authuser=0&hl=hu&rclk=1,47.5721491,19.0162759,https://thaimasszazsbudapest.hu/,06206157664,"Budapest, Bécsi út 314/D-1. emelet, 1037",,
Similan Thai Massage Budapest,https://www.google.com/maps/place/Similan+Thai+Massage+Budapest/data=!4m7!3m6!1s0x4741d919d70b985b:0xea4cd26f7e0db72a!8m2!3d47.5432049!4d19.0430471!16s%2Fg%2F11hdr32nfd!19sChIJW5gL1xnZQUcRKrcNfm_STOo?authuser=0&hl=hu&rclk=1,47.5432049,19.0430471,https://www.similan.hu/,06706056141,"Budapest, Miklós u. 7, 1033",,
Saeng Tian Thai Masszázs | Bécsi út,https://www.google.com/maps/place/Saeng+Tian+Thai+Massz%C3%A1zs+%7C+B%C3%A9csi+%C3%BAt/data=!4m7!3m6!1s0x4741d96af5326a5f:0x2d820839adfafa00!8m2!3d47.5285228!4d19.0375683!16s%2Fg%2F11h4dfz9g9!19sChIJX2oy9WrZQUcRAPr6rTkIgi0?authuser=0&hl=hu&rclk=1,47.5285228,19.0375683,https://thaimasszazs-obuda.hu/,06704337982,"Budapest, Bécsi út 38-42, 1036",info@saengtian.hu,info@saengtian.hu
Human Body Masszázs Stúdió. Massage Studio,https://www.google.com/maps/place/Human+Body+Massz%C3%A1zs+St%C3%BAdi%C3%B3.+Massage+Studio/data=!4m7!3m6!1s0x4741d943bf177497:0xb890fc5265bb606!8m2!3d47.5340728!4d19.0365034!16s%2Fg%2F11ss1gzthb!19sChIJl3QXv0PZQUcRBrZbJsUPiQs?authuser=0&hl=hu&rclk=1,47.5340728,19.0365034,https://www.facebook.com/buliszak.barbara,06307276868,"Budapest, Zápor u. 10/b, 1034",,
Aloe Thai Massage Centre and speciality kávézó,https://www.google.com/maps/place/Aloe+Thai+Massage+Centre+and+speciality+k%C3%A1v%C3%A9z%C3%B3/data=!4m7!3m6!1s0x4741d959bd0114bd:0x17fbb5277de61ff3!8m2!3d47.5355387!4d19.04013!16s%2Fg%2F11b77b46z8!19sChIJvRQBvVnZQUcR8x_mfSe1-xc?authuser=0&hl=hu&rclk=1,47.5355387,19.04013,http://www.aloethaimasszazs.hu/,0612448388,"Budapest, Pacsirtamező u. 33, 1036",,
Folyamőr masszázs - Svédmasszázs Óbudán,https://www.google.com/maps/place/Folyam%C5%91r+massz%C3%A1zs+-+Sv%C3%A9dmassz%C3%A1zs+%C3%93bud%C3%A1n/data=!4m7!3m6!1s0x4741d9317f0c6dcf:0x9ad6f60521b69e25!8m2!3d47.5465968!4d19.0451339!16s%2Fg%2F11n4pxrsgw!19sChIJz20MfzHZQUcRJZ62IQX21po?authuser=0&hl=hu&rclk=1,47.5465968,19.0451339,https://www.facebook.com/profile.php?id=61580507805101,06306765545,"Budapest, Folyamőr u. 4, 1033",,
THAI OÁZIS Thai Masszázs Csillaghegy,https://www.google.com/maps/place/THAI+O%C3%81ZIS+Thai+Massz%C3%A1zs+Csillaghegy/data=!4m7!3m6!1s0x4741d902abf8c949:0xc30e6cd52b7cec33!8m2!3d47.5855456!4d19.0479399!16s%2Fg%2F11h2wq311x!19sChIJScn4qwLZQUcRM-x8K9VsDsM?authuser=0&hl=hu&rclk=1,47.5855456,19.0479399,http://www.thaimasszazscsillaghegy.hu/,06302220345,"Budapest, Mátyás király út 19, 1039",thaimasszazscsillaghegy@gmail.com,thaimasszazscsillaghegy@gmail.com
"B3 Masszázs - Svédmasszázs, frissítő masszázs Budapest III, kerület","https://www.google.com/maps/place/B3+Massz%C3%A1zs+-+Sv%C3%A9dmassz%C3%A1zs,+friss%C3%ADt%C5%91+massz%C3%A1zs+Budapest+III,+ker%C3%BClet/data=!4m7!3m6!1s0x4741d9a37bcc3bfd:0x3c0cac0ecd522be0!8m2!3d47.5416338!4d19.0372594!16s%2Fg%2F11n9srvjt1!19sChIJ_TvMe6PZQUcR4CtSzQ6sDDw?authuser=0&hl=hu&rclk=1",47.5416338,19.0372594,,06300916675,"Budapest, Szőlő u. 82, 1032",,
Márk Gabriella,https://www.google.com/maps/place/M%C3%A1rk+Gabriella/data=!4m7!3m6!1s0x4741d938b48e46c5:0x354976703a380c3!8m2!3d47.551519!4d19.040078!16s%2Fg%2F11y30zx3l3!19sChIJxUaOtDjZQUcRw4CjA2eXVAM?authuser=0&hl=hu&rclk=1,47.551519,19.040078,https://markgabriella.hu/,06206638169,"Budapest, Huszti út 17, 1033",,
Ginkgo Masszázs Szalon,https://www.google.com/maps/place/Ginkgo+Massz%C3%A1zs+Szalon/data=!4m7!3m6!1s0x4741d9ec9b5a7e69:0xeef88fc48698f2e3!8m2!3d47.538009!4d19.0421607!16s%2Fg%2F11ks614zcp!19sChIJaX5am-zZQUcR4_KYhsSP-O4?authuser=0&hl=hu&rclk=1,47.538009,19.0421607,https://ginkgomasszazs.hu/,06305358764,"Budapest, Földszint, Kiskorona u. 12, 1036",info@ginkgomasszazs.hu,info@ginkgomasszazs.hu
Massage & Core,https://www.google.com/maps/place/Massage+%26+Core/data=!4m7!3m6!1s0x4769bda567851517:0x99a14a06c66eec4c!8m2!3d47.5499896!4d19.0379808!16s%2Fg%2F11tcryw6lv!19sChIJFxWFZ6W9aUcRTOxuxgZKoZk?authuser=0&hl=hu&rclk=1,47.5499896,19.0379808,http://www.massageandcore.com/,06305293431,"Budapest, Bogdáni út 20/A, 1033",MASSAGEANDCORE@GMAIL.COM,"MASSAGEANDCORE@GMAIL.COM, 2062d0a4929b45348643784b5cb39c36@sentry.wixpress.com, c183baa23371454f99f417f6616b724d@sentry.wixpress.com, 460ff4620fa44cba8df530afde949785@sentry.wixpress.com, massageandcore@gmail.com, 605a7baede844d278b89dc95ae0a9123@sentry-next.wixpress.com, 9a65e97ebe8141fca0c4fd686f70996b@sentry.wixpress.com, 8c4075d5481d476e945486754f783364@sentry.io, 271e9fa3230b4eec94b02bf95780f5f2@sentry.wixpress.com, dd0a55ccb8124b9c9d938e3acf41f8aa@sentry.wixpress.com, ed436f5053144538958ad06a5005e99a@sentry.wixpress.com"
Harmony Health Masszázs,https://www.google.com/maps/place/Harmony+Health+Massz%C3%A1zs/data=!4m7!3m6!1s0x4741d9c4bb3a1259:0x9ecb3298aa38a137!8m2!3d47.5427407!4d19.0424572!16s%2Fg%2F11x6c_33bm!19sChIJWRI6u8TZQUcRN6E4qpgyy54?authuser=0&hl=hu&rclk=1,47.5427407,19.0424572,https://www.harmony-health-masszazs.hu/,06302312689,"Budapest, Miklós u. 3, 1033",ugyfelszolgalat@naih.hu,"ugyfelszolgalat@naih.hu, bossaczky@gmail.com, info@domainem.hu"
Yindee Thai masszázs,https://www.google.com/maps/place/Yindee+Thai+massz%C3%A1zs/data=!4m7!3m6!1s0x4741d98561c61f81:0x42a4a688e2ab0941!8m2!3d47.5691925!4d19.0576293!16s%2Fg%2F11csbrf1w6!19sChIJgR_GYYXZQUcRQQmr4oimpEI?authuser=0&hl=hu&rclk=1,47.5691925,19.0576293,,06205050960,"Budapest, Silvanus stny. 15, 1031",,
Masszázskert Buda,https://www.google.com/maps/place/Massz%C3%A1zskert+Buda/data=!4m7!3m6!1s0x4741d90cca7cbad9:0xaba7e00d7419a581!8m2!3d47.5289604!4d19.0382295!16s%2Fg%2F11rmv28ygn!19sChIJ2bp8ygzZQUcRgaUZdA3gp6s?authuser=0&hl=hu&rclk=1,47.5289604,19.0382295,http://www.masszazskert.com/,06705654475,"Budapest, Bécsi út 57-61, 1036",masszazskert.buda@gmail.com,masszazskert.buda@gmail.com
Me-time massage,https://www.google.com/maps/place/Me-time+massage/data=!4m7!3m6!1s0x4741ddf1e462d9cd:0xd433e071b0ef8467!8m2!3d47.5279279!4d19.0356032!16s%2Fg%2F11y2srt6qk!19sChIJzdli5PHdQUcRZ4TvsHHgM9Q?authuser=0&hl=hu&rclk=1,47.5279279,19.0356032,https://me-timemassage.hu/,06305509009,"Budapest, Seregély u. 2, 1037",david@me-timemassage.hu,david@me-timemassage.hu
Relax masszázs,https://www.google.com/maps/place/Relax+massz%C3%A1zs/data=!4m7!3m6!1s0x4741d91f4c560785:0x872716dd484be51a!8m2!3d47.5555852!4d19.0420427!16s%2Fg%2F11j8_mxnq_!19sChIJhQdWTB_ZQUcRGuVLSN0WJ4c?authuser=0&hl=hu&rclk=1,47.5555852,19.0420427,https://relaxmasszazs.com/,06205405590,"Budapest, Kaszásdűlő u. 1, 1033",info@relaxmasszazs.com,info@relaxmasszazs.com
Wilai Thai Massage Budapest,https://www.google.com/maps/place/Wilai+Thai+Massage+Budapest/data=!4m7!3m6!1s0x4741ddf00cf26a55:0x8eb3814079dcc023!8m2!3d47.5314696!4d19.0379386!16s%2Fg%2F11wg41b5nh!19sChIJVWryDPDdQUcRI8DceUCBs44?authuser=0&hl=hu&rclk=1,47.5314696,19.0379386,https://wilai-thai-masszazs.webnode.hu/,06205298433,"Budapest, Bokor u. 6, 1037",,
Aronia Spa & Wellness,https://www.google.com/maps/place/Aronia+Spa+%26+Wellness/data=!4m7!3m6!1s0x4741d95f0e79e9fd:0x1927a3fda62426d7!8m2!3d47.5377179!4d19.0463578!16s%2Fg%2F11y6k3x8r!19sChIJ_el5Dl_ZQUcR1yYkpv2jJxk?authuser=0&hl=hu&rclk=1,47.5377179,19.0463578,https://verdihotels.com/budapest/,0614364130,"Budapest, Árpád fejedelem útja 94, 1036",Sales.Budapest@VerdiHotels.com,"Sales.Budapest@VerdiHotels.com, Stay.Budapest@VerdiHotels.com, Media.Budapest@VerdiHotels.com, leisure.budapest@verdihotels.com, Relax.Budapest@VerdiHotels.com"
Mara masszázs,https://www.google.com/maps/place/Mara+massz%C3%A1zs/data=!4m7!3m6!1s0x4741db74f28a045f:0x244caf0406ee6b3b!8m2!3d47.5487973!4d19.0459137!16s%2Fg%2F11q7gkbq7b!19sChIJXwSK8nTbQUcRO2vuBgSvTCQ?authuser=0&hl=hu&rclk=1,47.5487973,19.0459137,https://www.maramasszazsbuda.hu/,06209541382,"Budapest, Folyamőr u. 7, 1033",kovacsvivien@gmail.com,"kovacsvivien@gmail.com, example@mail.com, maramasszazsbuda@gmail.com"
Kiegyensúlyozott Jelenlét - Életmód: női táplálkozási tanácsadás és izomlazító masszázs Óbuda,https://www.google.com/maps/place/Kiegyens%C3%BAlyozott+Jelenl%C3%A9t+-+%C3%89letm%C3%B3d:+n%C5%91i+t%C3%A1pl%C3%A1lkoz%C3%A1si+tan%C3%A1csad%C3%A1s+%C3%A9s+izomlaz%C3%ADt%C3%B3+massz%C3%A1zs+%C3%93buda/data=!4m7!3m6!1s0x4741d96acee1dc75:0x35d737fc364e2423!8m2!3d47.5544565!4d19.0298737!16s%2Fg%2F11g1gcdn_x!19sChIJddzhzmrZQUcRIyRONvw31zU?authuser=0&hl=hu&rclk=1,47.5544565,19.0298737,https://www.kiegyensulyozottjelenlet.hu/,,"Budapest, https://www.kiegyensulyozottjelenlet.hu, kiegyensulyozottjelenlet@gmail.com, Gyógyszergyár u. 17, 1037",info@domainem.hu,info@domainem.hu
Vital Masszázs Szalon,https://www.google.com/maps/place/Vital+Massz%C3%A1zs+Szalon/data=!4m7!3m6!1s0x4741d9df63bdc4d1:0xd0389a5d15cb3c2b!8m2!3d47.5965909!4d19.062783!16s%2Fg%2F11bv30g2xx!19sChIJ0cS9Y9_ZQUcRKzzLFV2aONA?authuser=0&hl=hu&rclk=1,47.5965909,19.062783,http://www.vitalmasszazs.com/,06203166018,"Budapest, Hatvany Lajos u. 8, 1039",,
TERMA Masszázsstúdió,https://www.google.com/maps/place/TERMA+Massz%C3%A1zsst%C3%BAdi%C3%B3/data=!4m7!3m6!1s0x4741d994f83b9277:0xb54c9a545ae46290!8m2!3d47.5458207!4d19.0340583!16s%2Fg%2F11rtsc1gs2!19sChIJd5I7-JTZQUcRkGLkWlSaTLU?authuser=0&hl=hu&rclk=1,47.5458207,19.0340583,https://termamasszazs.hu/,06309117526,"Budapest, Vörösvári út 41, 1035",mail@gmail.com,mail@gmail.com
Ne-Felejts Masszázs,https://www.google.com/maps/place/Ne-Felejts+Massz%C3%A1zs/data=!4m7!3m6!1s0x4741d93bbb931d39:0xa25884d9b53a48ca!8m2!3d47.55348!4d19.040556!16s%2Fg%2F11rvdh5yl5!19sChIJOR2TuzvZQUcRykg6tdmEWKI?authuser=0&hl=hu&rclk=1,47.55348,19.040556,https://www.nefelejtsmasszazs.hu/,06302305663,"Budapest, Huszti út 27, 1033",nefelejtsmasszazs@gmail.com,nefelejtsmasszazs@gmail.com
VGYKE Masszázs,https://www.google.com/maps/place/VGYKE+Massz%C3%A1zs/data=!4m7!3m6!1s0x4741d90000b4bfc1:0x181bac48f1969b96!8m2!3d47.5977788!4d19.0518341!16s%2Fg%2F11gmvn45x9!19sChIJwb-0AADZQUcRlpuW8UisGxg?authuser=0&hl=hu&rclk=1,47.5977788,19.0518341,,0614454036,"Budapest, Csobánka tér 6, 1039",,
Hárshegyi László,https://www.google.com/maps/place/H%C3%A1rshegyi+L%C3%A1szl%C3%B3/data=!4m7!3m6!1s0x4741d98fa172ffb3:0x658a0cfee1fa2e46!8m2!3d47.570372!4d19.059652!16s%2Fg%2F11gg4q_jqy!19sChIJs_9yoY_ZQUcRRi764f4MimU?authuser=0&hl=hu&rclk=1,47.570372,19.059652,https://masszazslaci.hu/,06709405523,"Budapest, Pákász u. 5, 1031",masszazslaci75@gmail.com,masszazslaci75@gmail.com
YURU Japanese Head Spa,https://www.google.com/maps/place/YURU+Japanese+Head+Spa/data=!4m7!3m6!1s0x4741d9af6e97eb43:0xbd157e5e7b3dc9ba!8m2!3d47.533702!4d19.0400685!16s%2Fg%2F11vwx9s665!19sChIJQ-uXbq_ZQUcRusk9e15-Fb0?authuser=0&hl=hu&rclk=1,47.533702,19.0400685,https://www.yuruheadspa.hu/,06705508738,"Budapest, Pacsirtamező u. 11, 1036",info@yuruheadspa.hu,info@yuruheadspa.hu
Dettymasszazs,https://www.google.com/maps/place/Dettymasszazs/data=!4m7!3m6!1s0x4741d9e5a9d1bdfb:0x69b6e0c91a082f24!8m2!3d47.5562929!4d19.0421983!16s%2Fg%2F11f5_jlccp!19sChIJ-73RqeXZQUcRJC8IGsngtmk?authuser=0&hl=hu&rclk=1,47.5562929,19.0421983,http://www.dettymasszazs.hu/,06703194758,"Budapest, Budapest, Budapest, 1033 Kaszásdülő u, Kaszásdűlő u. 3, 1033",info@dettymasszas.hu,info@dettymasszas.hu
Speciális Gyógymasszázs,https://www.google.com/maps/place/Speci%C3%A1lis+Gy%C3%B3gymassz%C3%A1zs/data=!4m7!3m6!1s0x4741d9defea4653f:0x7d7eb8ba40f72f79!8m2!3d47.597302!4d19.055974!16s%2Fg%2F11g02d68cs!19sChIJP2Wk_t7ZQUcReS_3QLq4fn0?authuser=0&hl=hu&rclk=1,47.597302,19.055974,http://specialisgyogymasszazs.hu/,06709415200,"Budapest, Heltai Jenő tér 15, 1039",s.gyogymasszazs@gmail.com,s.gyogymasszazs@gmail.com
AnnaZita Masszázs,https://www.google.com/maps/place/AnnaZita+Massz%C3%A1zs/data=!4m7!3m6!1s0x4741d5b7e196e191:0x94d76a25188fc2e3!8m2!3d47.5786108!4d19.0632795!16s%2Fg%2F11vz0qsq87!19sChIJkeGW4bfVQUcR48KPGCVq15Q?authuser=0&hl=hu&rclk=1,47.5786108,19.0632795,https://www.instagram.com/annazita_massage,06202894320,"Budapest, Királyok útja 26, 1039",,
"Mycelium-Szeleczky Enikő Professzionális masszázsterápia, stresszoldás, Holisztikus szemlélet","https://www.google.com/maps/place/Mycelium-Szeleczky+Enik%C5%91+Professzion%C3%A1lis+massz%C3%A1zster%C3%A1pia,+stresszold%C3%A1s,+Holisztikus+szeml%C3%A9let/data=!4m7!3m6!1s0x4741d7424014f3c1:0xace1ae8dbdd9d86e!8m2!3d47.5949368!4d19.0583131!16s%2Fg%2F11y56ljgzf!19sChIJwfMUQELXQUcRbtjZvY2u4aw?authuser=0&hl=hu&rclk=1",47.5949368,19.0583131,https://www.mycelium.hu/general-4,06302276697,"Budapest, Pünkösdfürdő u. 42-46, 1039",88170cb0c9d64f94b5821ca7fd2d55a4@sentry-next.wixpress.com,"88170cb0c9d64f94b5821ca7fd2d55a4@sentry-next.wixpress.com, enikoszeleczky@gmail.com, 18d2f96d279149989b95faf0a4b41882@sentry-next.wixpress.com, c183baa23371454f99f417f6616b724d@sentry.wixpress.com, 460ff4620fa44cba8df530afde949785@sentry.wixpress.com, 605a7baede844d278b89dc95ae0a9123@sentry-next.wixpress.com, 8c4075d5481d476e945486754f783364@sentry.io, 98b21aa53d68482b8414e892d9af0e5f@sentry-next.wixpress.com, 5d1795a2db124a268f1e1bd88f503500@sentry.wixpress.com, dd0a55ccb8124b9c9d938e3acf41f8aa@sentry.wixpress.com, 9a65e97ebe8141fca0c4fd686f70996b@sentry.wixpress.com"
Balance Stúdió,https://www.google.com/maps/place/Balance+St%C3%BAdi%C3%B3/data=!4m7!3m6!1s0x4741dcfa45c8f361:0x4e9be79c6991e649!8m2!3d47.5481229!4d19.0379042!16s%2Fg%2F11cm0f8306!19sChIJYfPIRfrcQUcRSeaRaZznm04?authuser=0&hl=hu&rclk=1,47.5481229,19.0379042,https://balancestudio.hu/,,"Budapest, Vihar u. 36, 1035",studio@balancestudio.hu,studio@balancestudio.hu
Spandora Esztétikai Központ,https://www.google.com/maps/place/Spandora+Eszt%C3%A9tikai+K%C3%B6zpont/data=!4m7!3m6!1s0x4741d9b0b6ea0a6d:0xcdd4ecfaa7cc55f8!8m2!3d47.5286571!4d19.037609!16s%2Fg%2F11h1975f4q!19sChIJbQrqtrDZQUcR-FXMp_rs1M0?authuser=0&hl=hu&rclk=1,47.5286571,19.037609,http://www.spandora.hu/,0615500852,"Budapest, Bécsi út 38-44, 1036",info@spandora.hu,info@spandora.hu
Stonehenge Massage,https://www.google.com/maps/place/Stonehenge+Massage/data=!4m7!3m6!1s0x4741d91a82ce972b:0x70d2c7038eb70098!8m2!3d47.5429899!4d19.0404942!16s%2Fg%2F11f4lnhcy5!19sChIJK5fOghrZQUcRmAC3jgPH0nA?authuser=0&hl=hu&rclk=1,47.5429899,19.0404942,,06301836096,"Budapest, Kórház u. 25, 1035",,
Belányi Beatrix masszázsterapeuta,https://www.google.com/maps/place/Bel%C3%A1nyi+Beatrix+massz%C3%A1zsterapeuta/data=!4m7!3m6!1s0x4741d9a3560e3ec1:0xd1f9f65d5aa65bfd!8m2!3d47.5369411!4d19.0416326!16s%2Fg%2F11pty9ttrv!19sChIJwT4OVqPZQUcR_VumWl32-dE?authuser=0&hl=hu&rclk=1,47.5369411,19.0416326,https://belanyibeatrixmasszazs.hu/,,"Budapest, Kiskorona u. 2, 1036",,
Dee Thai Masszázs,https://www.google.com/maps/place/Dee+Thai+Massz%C3%A1zs/data=!4m7!3m6!1s0x4741d956fc3bec1b:0xd68aafb7ae87ef76!8m2!3d47.5290511!4d19.0382986!16s%2Fg%2F11f2shcx3r!19sChIJG-w7_FbZQUcRdu-HrrevitY?authuser=0&hl=hu&rclk=1,47.5290511,19.0382986,,,"Budapest, Bécsi út 57, 1036",,
Szabó Alexandra - Masszázs és Alakformálás,https://www.google.com/maps/place/Szab%C3%B3+Alexandra+-+Massz%C3%A1zs+%C3%A9s+Alakform%C3%A1l%C3%A1s/data=!4m7!3m6!1s0x4741d906eff6543b:0xd9890203056bb897!8m2!3d47.529977!4d19.038235!16s%2Fg%2F11vrvz8t_g!19sChIJO1T27wbZQUcRl7hrBQMCidk?authuser=0&hl=hu&rclk=1,47.529977,19.038235,https://szaboalexandramasszazs.hu/,,"Budapest, Bécsi út 67-1 szint, 1036",info@szaboalexandramasszazs.hu,info@szaboalexandramasszazs.hu
Megoldás masszázs,https://www.google.com/maps/place/Megold%C3%A1s+massz%C3%A1zs/data=!4m7!3m6!1s0x4741d91060a8d41b:0x6b100409f9b81c82!8m2!3d47.5969177!4d19.0592723!16s%2Fg%2F11h4c9s1gz!19sChIJG9SoYBDZQUcRghy4-QkEEGs?authuser=0&hl=hu&rclk=1,47.5969177,19.0592723,https://www.facebook.com/profile.php?id=100068197305532,06203104978,"Budapest, Hímző u. 12, 1039",,
Judit Masszázs,https://www.google.com/maps/place/Judit+Massz%C3%A1zs/data=!4m7!3m6!1s0x4741d762083e50f3:0x6b65da8aa1721349!8m2!3d47.6002248!4d19.0539478!16s%2Fg%2F1tjjn4d7!19sChIJ81A-CGLXQUcRSRNyoYraZWs?authuser=0&hl=hu&rclk=1,47.6002248,19.0539478,http://www.frissito-masszazs.info/,06202665616,"Budapest, Margitliget u. 1, 1039",juditgyogymasszazs@gmail.com,juditgyogymasszazs@gmail.com
TalpmasszázsÓbuda,https://www.google.com/maps/place/Talpmassz%C3%A1zs%C3%93buda/data=!4m7!3m6!1s0x4741d971b4c6a991:0xf3f09c35047379c6!8m2!3d47.5532987!4d19.0408088!16s%2Fg%2F11gfnfh_6t!19sChIJkanGtHHZQUcRxnlzBDWc8PM?authuser=0&hl=hu&rclk=1,47.5532987,19.0408088,http://www.talpmasszazsobuda.webnode.hu/,06207766565,"Budapest, Huszti út 25, 1037",info@domainem.hu,info@domainem.hu
Sportmasszázs és mozgásterápia,https://www.google.com/maps/place/Sportmassz%C3%A1zs+%C3%A9s+mozg%C3%A1ster%C3%A1pia/data=!4m7!3m6!1s0x4741d9fbd31bd1b7:0xd20669dff9fed614!8m2!3d47.5520299!4d19.0405749!16s%2Fg%2F11t6mxrxn1!19sChIJt9Eb0_vZQUcRFNb--d9pBtI?authuser=0&hl=hu&rclk=1,47.5520299,19.0405749,https://sportmasszazsesmozgasterapia.booked4.us/public/,06302549967,"Budapest, Hévízi út 27, 1033",,
Horváth Péter gyógymasszőr - Óbuda masszázs - likeyourbody,https://www.google.com/maps/place/Horv%C3%A1th+P%C3%A9ter+gy%C3%B3gymassz%C5%91r+-+%C3%93buda+massz%C3%A1zs+-+likeyourbody/data=!4m7!3m6!1s0x4741d939c113dbf9:0x58b2ef84854ce742!8m2!3d47.5477789!4d19.0301029!16s%2Fg%2F11yd7gf6zt!19sChIJ-dsTwTnZQUcRQudMhYTvslg?authuser=0&hl=hu&rclk=1,47.5477789,19.0301029,https://obudamasszazs.masszor.net/,06305945580,"Budapest Ágoston utca 18 XV, em. 158, 1032",obudamasszazs@masszor.net,obudamasszazs@masszor.net
RehabZone SzT,https://www.google.com/maps/place/RehabZone+SzT/data=!4m7!3m6!1s0x4741d9b26e38edc7:0xf87c28d49929e983!8m2!3d47.5289144!4d19.0391463!16s%2Fg%2F11wp07s787!19sChIJx-04brLZQUcRg-kpmdQofPg?authuser=0&hl=hu&rclk=1,47.5289144,19.0391463,http://www.rehabzone-szt.hu/,06302974065,"Budapest, Lajos u. 49/A, 1036",rehabzone.szt@gmail.com,rehabzone.szt@gmail.com
Gambhíra Masszázsszalon,https://www.google.com/maps/place/Gambh%C3%ADra+Massz%C3%A1zsszalon/data=!4m7!3m6!1s0x4741d99aabdedddb:0xe1a17b91becca15e!8m2!3d47.5693134!4d19.0552943!16s%2Fg%2F11rs0vwpt!19sChIJ293eq5rZQUcRXqHMvpF7oeE?authuser=0&hl=hu&rclk=1,47.5693134,19.0552943,http://termeszetgyogyasz.co.hu/,06501046756,"Budapest, Vízimalom stny. 6, 1031",,
Zsuzsi Masszázs,https://www.google.com/maps/place/Zsuzsi+Massz%C3%A1zs/data=!4m7!3m6!1s0x4741dc67c9f76acd:0x9cb8dbd3fc83c861!8m2!3d47.540484!4d19.0375528!16s%2Fg%2F11dxbrscz7!19sChIJzWr3yWfcQUcRYciD_NPbuJw?authuser=0&hl=hu&rclk=1,47.540484,19.0375528,,06208518005,"Budapest III ker. Szőlő utca 70. Hátsó üzletsor, 1037",,
"Gemini Massage - Gyógy- és sportmasszázs, kismama masszázs","https://www.google.com/maps/place/Gemini+Massage+-+Gy%C3%B3gy-+%C3%A9s+sportmassz%C3%A1zs,+kismama+massz%C3%A1zs/data=!4m7!3m6!1s0xaeefe0493ab86157:0x68ed975a1a12e0b9!8m2!3d47.595917!4d19.056373!16s%2Fg%2F11tn6by46q!19sChIJV2G4Okng764RueASGlqX7Wg?authuser=0&hl=hu&rclk=1",47.595917,19.056373,https://www.geminimassage.hu/,06706377713,"Budapest, Kabar u. 5, 1039",geminimassage.bybrigi@gmail.com,"geminimassage.bybrigi@gmail.com, info@domainem.hu"
Pihi Pont,https://www.google.com/maps/place/Pihi+Pont/data=!4m7!3m6!1s0x4741d9ec454f9137:0x7251e7ad82a6c6b9!8m2!3d47.5678743!4d19.0608589!16s%2Fg%2F11jzdzbjfp!19sChIJN5FPRezZQUcRucamgq3nUXI?authuser=0&hl=hu&rclk=1,47.5678743,19.0608589,,06304974343,"Budapest, Nánási út 6, 1031",,
mTm Stúdió ( Masszázs - Tape - Mozgás Stúdió),https://www.google.com/maps/place/mTm+St%C3%BAdi%C3%B3+%28+Massz%C3%A1zs+-+Tape+-+Mozg%C3%A1s+St%C3%BAdi%C3%B3%29/data=!4m7!3m6!1s0x4741d98ceda535cb:0x81d8673329615058!8m2!3d47.5436938!4d19.0409526!16s%2Fg%2F11jdh85nq2!19sChIJyzWl7YzZQUcRWFBhKTNn2IE?authuser=0&hl=hu&rclk=1,47.5436938,19.0409526,https://mtmstudio.hu/,06308645408,"Budapest, Kerék u. 4, 1035",,
Rendelő: Medikális Gyógymasszázs & Osteopatia,https://www.google.com/maps/place/Rendel%C5%91:+Medik%C3%A1lis+Gy%C3%B3gymassz%C3%A1zs+%26+Osteopatia/data=!4m7!3m6!1s0x4741d9ba75663c1f:0x9fac724f53ad7e68!8m2!3d47.5364949!4d19.0438902!16s%2Fg%2F11qh0stxzb!19sChIJHzxmdbrZQUcRaH6tU09yrJ8?authuser=0&hl=hu&rclk=1,47.5364949,19.0438902,https://www.messenger.com/e2ee/t/9639561739390295?locale=hu_HU,06708829846,"Budapest, Lajos u. 144, 1036",,
Aurora Hair & Beauty,https://www.google.com/maps/place/Aurora+Hair+%26+Beauty/data=!4m7!3m6!1s0x4741d9d1f306ce35:0x8e2e530c5be59d01!8m2!3d47.5403405!4d19.0316151!16s%2Fg%2F11y5nn7hpt!19sChIJNc4G89HZQUcRAZ3lWwxTLo4?authuser=0&hl=hu&rclk=1,47.5403405,19.0316151,https://szaboreka-masszazsterapia.salonic.hu/,06206215141,"Budapest, Föld u. 69, 1032",,
Gábor Chiro-masszázs,https://www.google.com/maps/place/G%C3%A1bor+Chiro-massz%C3%A1zs/data=!4m7!3m6!1s0x4741dbb5cc328887:0x49d1b59f376e8041!8m2!3d47.5713941!4d19.052101!16s%2Fg%2F11kt6lrypb!19sChIJh4gyzLXbQUcRQYBuN5-10Uk?authuser=0&hl=hu&rclk=1,47.5713941,19.052101,,,"Budapest, Kadosa u. 55, 1031",,
Nita masszázs- massage,https://www.google.com/maps/place/Nita+massz%C3%A1zs-+massage/data=!4m7!3m6!1s0x4741d9e62df1dca9:0x376e0120f387b5bb!8m2!3d47.5415725!4d19.0354569!16s%2Fg%2F11jzb45hw2!19sChIJqdzxLebZQUcRu7WH8yABbjc?authuser=0&hl=hu&rclk=1,47.5415725,19.0354569,,06203229402,"Budapest, Zápor u., 1032",,
Gyógymasszázs Dorn manuálterapia Timár Krisztina,https://www.google.com/maps/place/Gy%C3%B3gymassz%C3%A1zs+Dorn+manu%C3%A1lterapia+Tim%C3%A1r+Krisztina/data=!4m7!3m6!1s0x4741d9419346ed49:0xf206a29526ebad44!8m2!3d47.5309949!4d19.0390533!16s%2Fg%2F11hpzzq_k1!19sChIJSe1Gk0HZQUcRRK3rJpWiBvI?authuser=0&hl=hu&rclk=1,47.5309949,19.0390533,,06305022064,"Budapest, Galagonya u. 5, 1036",,
Masszázs Lótusz Egészségcentrum,https://www.google.com/maps/place/Massz%C3%A1zs+L%C3%B3tusz+Eg%C3%A9szs%C3%A9gcentrum/data=!4m7!3m6!1s0x4741d95f86759f03:0xdd5944fe3fdb9be1!8m2!3d47.5557197!4d19.0420374!16s%2Fg%2F11fmrpx5gk!19sChIJA591hl_ZQUcR4ZvbP_5EWd0?authuser=0&hl=hu&rclk=1,47.5557197,19.0420374,,06306452289,"Budapest, Kaszásdűlő u. 1, 1033",,
Masször Viktor,https://www.google.com/maps/place/Massz%C3%B6r+Viktor/data=!4m7!3m6!1s0x4741d9880acffc2b:0xb4b308d90a477068!8m2!3d47.5594693!4d19.0453428!16s%2Fg%2F11qvbrnnsl!19sChIJK_zPCojZQUcRaHBHCtkIs7Q?authuser=0&hl=hu&rclk=1,47.5594693,19.0453428,https://masszorviktor.hu/,06705121439,"Budapest, Búza u. 12-14, 1033",masszorviktor@gmail.com,"masszorviktor@gmail.com, kaviktor@gmail.com"
Nikolett Masszázs Budapest,https://www.google.com/maps/place/Nikolett+Massz%C3%A1zs+Budapest/data=!4m7!3m6!1s0x4741dd4ced38f9d3:0xe903c09455428c42!8m2!3d47.5293795!4d19.0400878!16s%2Fg%2F11scx8px4l!19sChIJ0_k47UzdQUcRQoxCVZTAA-k?authuser=0&hl=hu&rclk=1,47.5293795,19.0400878,,06309012106,"Budapest, Dereglye u. 3, 1036",,
todorK masszázskuckó,https://www.google.com/maps/place/todorK+massz%C3%A1zskuck%C3%B3/data=!4m7!3m6!1s0x4741d9b106f2e085:0xa2156dc094f6e8da!8m2!3d47.5598511!4d19.0267509!16s%2Fg%2F11rzgrsq9t!19sChIJheDyBrHZQUcR2uj2lMBtFaI?authuser=0&hl=hu&rclk=1,47.5598511,19.0267509,,06703338295,"Budapest, Bojtár u., 1037",,
Thai Masszázs - Thai Masszőrök Magyarországi Egyesülete,https://www.google.com/maps/place/Thai+Massz%C3%A1zs+-+Thai+Massz%C5%91r%C3%B6k+Magyarorsz%C3%A1gi+Egyes%C3%BClete/data=!4m7!3m6!1s0x4741d959b3b90435:0x18f947d7819a8bb5!8m2!3d47.5430238!4d19.0384127!16s%2Fg%2F11fn6sw91d!19sChIJNQS5s1nZQUcRtYuagddH-Rg?authuser=0&hl=hu&rclk=1,47.5430238,19.0384127,https://online-masszazs-tanfolyam.hu/,06706272232,"Budapest, Vörösvári út 7, 1035",agi0510@gmail.com,agi0510@gmail.com
Havasi Patrícia masszázs & aromaterápia,https://www.google.com/maps/place/Havasi+Patr%C3%ADcia+massz%C3%A1zs+%26+aromater%C3%A1pia/data=!4m7!3m6!1s0x4741d91686e725b3:0xb18d5a7c3318a612!8m2!3d47.5948235!4d19.0595915!16s%2Fg%2F11nfqfljyz!19sChIJsyXnhhbZQUcREqYYM3xajbE?authuser=0&hl=hu&rclk=1,47.5948235,19.0595915,https://luxuryaromatherapy.hu/,06303324530,"Budapest, Pünkösdfürdő u. 38, 1039",,
Power Therapy by Buk Tibor,https://www.google.com/maps/place/Power+Therapy+by+Buk+Tibor/data=!4m7!3m6!1s0x4741d9683a9c24b7:0xe1e39de99c704a1e!8m2!3d47.5503709!4d19.0461323!16s%2Fg%2F11k3qvznph!19sChIJtyScOmjZQUcRHkpwnOmd4-E?authuser=0&hl=hu&rclk=1,47.5503709,19.0461323,https://www.instagram.com/power_therapy/,06305761427,"Budapest, Bogdáni út 1-3, 1033",,
Anikó Masszázs Kozmetika szalon,https://www.google.com/maps/place/Anik%C3%B3+Massz%C3%A1zs+Kozmetika+szalon/data=!4m7!3m6!1s0x4741d95c66425cad:0x7f2f368376c2ded4!8m2!3d47.5376517!4d19.0397894!16s%2Fg%2F1w4vhp_5!19sChIJrVxCZlzZQUcR1N7CdoM2L38?authuser=0&hl=hu&rclk=1,47.5376517,19.0397894,http://www.anikokozmetikaszalon.hu/,06306496930,"Budapest, Szőlő köz 2, 1032",,
Pásztor Judit gyógymasszőr - MediRelax masszázs,https://www.google.com/maps/place/P%C3%A1sztor+Judit+gy%C3%B3gymassz%C5%91r+-+MediRelax+massz%C3%A1zs/data=!4m7!3m6!1s0x4741d92b2029dad1:0xd81b9ba4a8cc51e0!8m2!3d47.5322403!4d19.0413769!16s%2Fg%2F11x5yw5tnk!19sChIJ0dopICvZQUcR4FHMqKSbG9g?authuser=0&hl=hu&rclk=1,47.5322403,19.0413769,https://bit.ly/juditgyogymasszor,06702036285,"Budapest, Nagyszombat u. 1/c-4. emelet 6, 1036",juditgyogymasszor@gmail.com,juditgyogymasszor@gmail.com
Mango Thai Masszázs Szalon,https://www.google.com/maps/place/Mango+Thai+Massz%C3%A1zs+Szalon/data=!4m7!3m6!1s0x4741da3631ef3ee1:0xf6e64fcbf8b07021!8m2!3d47.5602944!4d19.092807!16s%2Fg%2F1thnmkb4!19sChIJ4T7vMTbaQUcRIXCw-MtP5vY?authuser=0&hl=hu&rclk=1,47.5602944,19.092807,http://www.mangothaimasszazs.hu/,06702203040,"Budapest, Árpád út 90, 1042",,
Csillaghegyi Strandfürdő,https://www.google.com/maps/place/Csillaghegyi+Strandf%C3%BCrd%C5%91/data=!4m7!3m6!1s0x4741d9c6e3fc9d41:0x953fff15c2280b7d!8m2!3d47.5845871!4d19.0415889!16s%2Fg%2F11g9l_xl2n!19sChIJQZ3848bZQUcRfQsowhX_P5U?authuser=0&hl=hu&rclk=1,47.5845871,19.0415889,http://www.csillaghegyifurdo.hu/,0612420754,"Budapest, Pusztakúti út 2-6, 1038",,
Szőke-Kiss Edina - Masszőr,https://www.google.com/maps/place/Sz%C5%91ke-Kiss+Edina+-+Massz%C5%91r/data=!4m7!3m6!1s0x4741d9426baeccbb:0x38a1f03d860e4f0a!8m2!3d47.5899118!4d19.0449589!16s%2Fg%2F11yb_4spg5!19sChIJu8yua0LZQUcRCk8Ohj3woTg?authuser=0&hl=hu&rclk=1,47.5899118,19.0449589,,06205986470,"Budapest, Hegesztő u. 13, 1038",,
TMME Masszázs oktatás,https://www.google.com/maps/place/TMME+Massz%C3%A1zs+oktat%C3%A1s/data=!4m7!3m6!1s0x4741d967e8c6972f:0xb9e3b3473dbc9698!8m2!3d47.543019!4d19.038405!16s%2Fg%2F1q6jbfr48!19sChIJL5fG6GfZQUcRmJa8PUez47k?authuser=0&hl=hu&rclk=1,47.543019,19.038405,https://thaimasszazs.eu/,06706272232,"Budapest, Vörösvári út 7, 1035",kiraly.csenge@gmail.com,"kiraly.csenge@gmail.com, agi0510@gmail.com"
ARIA Massage - Masszázs szalon,https://www.google.com/maps/place/ARIA+Massage+-+Massz%C3%A1zs+szalon/data=!4m7!3m6!1s0x4741dbf177b78f89:0xffc9fcdc3805d6d9!8m2!3d47.5603363!4d19.0948973!16s%2Fg%2F11q4djgknt!19sChIJiY-3d_HbQUcR2dYFONz8yf8?authuser=0&hl=hu&rclk=1,47.5603363,19.0948973,https://instagram.com/aria_massage__?igshid=YmMyMTA2M2Y=,,"Budapest, Erzsébet u. 51, 1041",,
Demeter Masszázs,https://www.google.com/maps/place/Demeter+Massz%C3%A1zs/data=!4m7!3m6!1s0x4741da4dd2fc3e13:0xcad66f85d443ce73!8m2!3d47.5586963!4d19.0896031!16s%2Fg%2F11f1597cbg!19sChIJEz780k3aQUcRc85D1IVv1so?authuser=0&hl=hu&rclk=1,47.5586963,19.0896031,https://masszazsbudapesten.com/,06706362990,"Budapest, IV/23, István út 1-Kapucsengő: 23, 1043",info@masszazsbudapesten.com,info@masszazsbudapesten.com
Amara Thai Massage,https://www.google.com/maps/place/Amara+Thai+Massage/data=!4m7!3m6!1s0x4741db0049e59413:0x2cd9e889d5f6bc3c!8m2!3d47.560994!4d19.0893788!16s%2Fg%2F11yrqbdpx5!19sChIJE5TlSQDbQUcRPLz21Yno2Sw?authuser=0&hl=hu&rclk=1,47.560994,19.0893788,http://www.amarathai.hu/,06707306904,"Budapest, József Attila u. 58, 1042",info@amarathai.hu,info@amarathai.hu
Wai Thai Masszázs Szalon,https://www.google.com/maps/place/Wai+Thai+Massz%C3%A1zs+Szalon/data=!4m7!3m6!1s0x4741da3137ecc4b3:0xbe75665f988a1fe2!8m2!3d47.5603959!4d19.0863709!16s%2Fg%2F1v3kg8jp!19sChIJs8TsNzHaQUcR4h-KmF9mdb4?authuser=0&hl=hu&rclk=1,47.5603959,19.0863709,http://www.waithaimasszazs.hu/,,"Budapest, Budapest IV. ker, Árpád út 45. fszt. 3, Árpád út, 1042",info@waithaimasszazs.hu,"info@waithaimasszazs.hu, kisspe@gmail.com, example@mail.com, whaithaimasszazs@gmail.com"
MasszázsPraxis,https://www.google.com/maps/place/Massz%C3%A1zsPraxis/data=!4m7!3m6!1s0x4741dbd8c34d4f33:0x23f3e6a3997e4128!8m2!3d47.5855759!4d19.11051!16s%2Fg%2F11vl9fwkh_!19sChIJM09Nw9jbQUcRKEF-maPm8yM?authuser=0&hl=hu&rclk=1,47.5855759,19.11051,,06703571119,"Budapest, Nádasdy Kálmán u. 34, 1048",,
Boros Gergely Masszázs,https://www.google.com/maps/place/Boros+Gergely+Massz%C3%A1zs/data=!4m7!3m6!1s0x4741dbbc02989945:0xfd81a31fe29b4776!8m2!3d47.5583228!4d19.0972238!16s%2Fg%2F11ry98q7kc!19sChIJRZmYArzbQUcRdkeb4h-jgf0?authuser=0&hl=hu&rclk=1,47.5583228,19.0972238,https://www.facebook.com/borosgergelymasszor/,06308714456,"Budapest, Virág u. 27, 1042",,
Lamiris.hu Masszázs,https://www.google.com/maps/place/Lamiris.hu+Massz%C3%A1zs/data=!4m7!3m6!1s0x4741db000cfaa571:0xcfc6b70730fc1ea1!8m2!3d47.5548592!4d19.0890782!16s%2Fg%2F11yz9qln6j!19sChIJcaX6DADbQUcRoR78MAe3xs8?authuser=0&hl=hu&rclk=1,47.5548592,19.0890782,https://lamiris.hu/,06205407733,"Budapest, Pozsonyi u. 6a, 1045",,
Érintésesszencia - masszázs,https://www.google.com/maps/place/%C3%89rint%C3%A9sesszencia+-+massz%C3%A1zs/data=!4m7!3m6!1s0x4741db58fe13c3b9:0x8e805779ee8171da!8m2!3d47.4747286!4d19.0463955!16s%2Fg%2F11y5zslkx6!19sChIJucMT_ljbQUcR2nGB7nlXgI4?authuser=0&hl=hu&rclk=1,47.4747286,19.0463955,https://app.minup.io/book/erintesesszencia,06203399934,"Budapest, Fehérvári út 19, 1117",,
Marzi Masszázs,https://www.google.com/maps/place/Marzi+Massz%C3%A1zs/data=!4m7!3m6!1s0x4741da304f4d3ec5:0xc95316a114294a1e!8m2!3d47.5630271!4d19.083431!16s%2Fg%2F1thhj8nh!19sChIJxT5NTzDaQUcRHkopFKEWU8k?authuser=0&hl=hu&rclk=1,47.5630271,19.083431,http://www.marzi-masszazs.hu/,06205663440,"Budapest, Liszt Ferenc utca 6., (bejárat a Berzeviczy utcából), 1042",,
Kata Vital Masszázs Stúdió,https://www.google.com/maps/place/Kata+Vital+Massz%C3%A1zs+St%C3%BAdi%C3%B3/data=!4m7!3m6!1s0x4741db98b2c5adc9:0x541b77bd4cd9a9c!8m2!3d47.5593684!4d19.0932708!16s%2Fg%2F11rclfjrlt!19sChIJya3FspjbQUcRnJrN1Hu3QQU?authuser=0&hl=hu&rclk=1,47.5593684,19.0932708,https://www.kata-vital-masszazs-studio.hu/,,"Budapest, Munkásotthon u. 44, 1042",info@domainem.hu,"info@domainem.hu, katavital.studio@gmail.com"
MyTime Masszázs Budapest,https://www.google.com/maps/place/MyTime+Massz%C3%A1zs+Budapest/data=!4m7!3m6!1s0x4741c359df81d4c7:0x330d7b64b9d3516a!8m2!3d47.5606705!4d19.0930763!16s%2Fg%2F11h1f1fr3w!19sChIJx9SB31nDQUcRalHTuWR7DTM?authuser=0&hl=hu&rclk=1,47.5606705,19.0930763,https://mytimemasszazs.hu/,06703294263,"Budapest, Petőfi u. 21, 1042",info@mytimemasszazs.hu,info@mytimemasszazs.hu
CEO Masszázs,https://www.google.com/maps/place/CEO+Massz%C3%A1zs/data=!4m7!3m6!1s0x4741dbbc1297ab9f:0x401c882d165ef0ed!8m2!3d47.5574594!4d19.1018983!16s%2Fg%2F11lz2x0jh5!19sChIJn6uXErzbQUcR7fBeFi2IHEA?authuser=0&hl=hu&rclk=1,47.5574594,19.1018983,https://www.facebook.com/profile.php?id=100090498073015,,"Budapest, Nyár u. 99, 1042",,
Hipoxy Szolárium És Alakformáló,https://www.google.com/maps/place/Hipoxy+Szol%C3%A1rium+%C3%89s+Alakform%C3%A1l%C3%B3/data=!4m7!3m6!1s0x4741d09f14c5efb5:0xb2f11d9ed9b0f538!8m2!3d47.592822!4d19.1183418!16s%2Fg%2F11g8xhg2t8!19sChIJte_FFJ_QQUcROPWw2Z4d8bI?authuser=0&hl=hu&rclk=1,47.592822,19.1183418,,,"Budapest, Megyeri út, 1048",,
Massage Body | Soul | Mind,https://www.google.com/maps/place/Massage+Body+%7C+Soul+%7C+Mind/data=!4m7!3m6!1s0x4741db001356b7d7:0x1364c895336dceba!8m2!3d47.5638686!4d19.0800823!16s%2Fg%2F11y6r_9n6h!19sChIJ17dWEwDbQUcRus5tM5XIZBM?authuser=0&hl=hu&rclk=1,47.5638686,19.0800823,https://massagebsm.hu/,06709677310,"Budapest, Wolfner u. 6, 1047",krisztina@massagebsm.hu,krisztina@massagebsm.hu
Oriental Spa Wellness és Fitneszközpont,https://www.google.com/maps/place/Oriental+Spa+Wellness+%C3%A9s+Fitneszk%C3%B6zpont/data=!4m7!3m6!1s0x4741d0bb304b1eef:0x8946a07b177ec21b!8m2!3d47.6011069!4d19.112179!16s%2Fg%2F11c46f_wtb!19sChIJ7x5LMLvQQUcRG8J-F3ugRok?authuser=0&hl=hu&rclk=1,47.6011069,19.112179,http://www.aquaworldresort.hu/hu/oriental_spa,0612313693,"Budapest, Íves út 16, 1044",reservation@aquaworldresort.hu,reservation@aquaworldresort.hu
Burjánné Selmeci Dóra okleveles orvosi gyógymasszőr TestSzobrász Manuálterapeuta Gyógytornász Csontkovács Mozgásterapeuta,https://www.google.com/maps/place/Burj%C3%A1nn%C3%A9+Selmeci+D%C3%B3ra+okleveles+orvosi+gy%C3%B3gymassz%C5%91r+TestSzobr%C3%A1sz+Manu%C3%A1lterapeuta+Gy%C3%B3gytorn%C3%A1sz+Csontkov%C3%A1cs+Mozg%C3%A1sterapeuta/data=!4m7!3m6!1s0x4741da6e0b74c0ff:0x4cb20f0348e14469!8m2!3d47.5786619!4d19.1144794!16s%2Fg%2F11fylyjnp7!19sChIJ_8B0C27aQUcRaUThSAMPskw?authuser=0&hl=hu&rclk=1,47.5786619,19.1144794,https://www.seldo.eu/,,"Budapest, Óceánárok u. 3, 1048",info@domainem.hu,info@domainem.hu
Kellner Zsuzsi Talpreflexológia Gyógymasszázs,https://www.google.com/maps/place/Kellner+Zsuzsi+Talpreflexol%C3%B3gia+Gy%C3%B3gymassz%C3%A1zs/data=!4m7!3m6!1s0x4741db42fd76dec9:0x73ecc53d48c95b82!8m2!3d47.562067!4d19.0865867!16s%2Fg%2F11lm0szkmv!19sChIJyd52_ULbQUcRglvJSD3F7HM?authuser=0&hl=hu&rclk=1,47.562067,19.0865867,https://kellnerreflexologia.webnode.hu/,06203707610,"Budapest, Szent István tér 11, 1042",info@domainem.hu,"info@domainem.hu, zsuzsua@gmail.com"
M.Erzsébet Gyógymasszőr Csontkovács,https://www.google.com/maps/place/M.Erzs%C3%A9bet+Gy%C3%B3gymassz%C5%91r+Csontkov%C3%A1cs/data=!4m7!3m6!1s0x4741915bf538e20d:0xd326d890081b1533!8m2!3d47.546705!4d19.0978401!16s%2Fg%2F11j4jgbh3x!19sChIJDeI49VuRQUcRMxUbCJDYJtM?authuser=0&hl=hu&rclk=1,47.546705,19.0978401,https://gyogymasszazs-fcd831.webnode.hu/,,"Budapest, Berlini u. 9, 1045",info@domainem.hu,info@domainem.hu
Natural clean therapy,https://www.google.com/maps/place/Natural+clean+therapy/data=!4m7!3m6!1s0x4741db04a499e4a9:0x930c0102e54139e0!8m2!3d47.5562037!4d19.1016579!16s%2Fg%2F11jcnywypb!19sChIJqeSZpATbQUcR4DlB5QIBDJM?authuser=0&hl=hu&rclk=1,47.5562037,19.1016579,https://naturcleanstudio.webnode.hu/,06706282541,"Budapest, Rózsa u. 9, 1045",info@domainem.hu,info@domainem.hu
Relax-masszázs Sziget,https://www.google.com/maps/place/Relax-massz%C3%A1zs+Sziget/data=!4m7!3m6!1s0x4741dd10e19b0fc9:0xcfa790ba0f3039f!8m2!3d47.4898676!4d19.1336073!16s%2Fg%2F11j9l6qbyv!19sChIJyQ-b4RDdQUcRnwPzoAt5-gw?authuser=0&hl=hu&rclk=1,47.4898676,19.1336073,http://relaxmassage.hu/,06705716701,"Budapest, Ónodi u. 7, 1102",bejelentkezes@relax-masszazssziget.hu,"bejelentkezes@relax-masszazssziget.hu, info@relax-masszazssziget.hu"
Thailine Szalon,https://www.google.com/maps/place/Thailine+Szalon/data=!4m7!3m6!1s0x4741c31b82555555:0x8004565da60aa404!8m2!3d47.4656518!4d19.157832!16s%2Fg%2F11hdy2lv0z!19sChIJVVVVghvDQUcRBKQKpl1WBIA?authuser=0&hl=hu&rclk=1,47.4656518,19.157832,https://www.thailineszalon.hu/,06302575150,"Budapest, Gyömrői út 99, 1103",,
Kőbánya Maszázs és Rekreációs Központ,https://www.google.com/maps/place/K%C5%91b%C3%A1nya+Masz%C3%A1zs+%C3%A9s+Rekre%C3%A1ci%C3%B3s+K%C3%B6zpont/data=!4m7!3m6!1s0x4741c3333d7b7f3b:0x14e6dee6b943c0a8!8m2!3d47.478931!4d19.1283227!16s%2Fg%2F11cllg7p30!19sChIJO397PTPDQUcRqMBDuebe5hQ?authuser=0&hl=hu&rclk=1,47.478931,19.1283227,http://kobanyamasszazs.hu/,06705565676,"Budapest, Mázsa tér 2-6, 1107",,
Balance Massage X.,https://www.google.com/maps/place/Balance+Massage+X./data=!4m7!3m6!1s0x4741c3067130bfe3:0xdf7e2e66dd7e6a90!8m2!3d47.4791733!4d19.1535968!16s%2Fg%2F11whq49rxf!19sChIJ478wcQbDQUcRkGp-3WYuft8?authuser=0&hl=hu&rclk=1,47.4791733,19.1535968,https://api.leadconnectorhq.com/booking/VM410FrNdjJZlVUP0GuA?rwg_token=AE37R_j_l8tZNPafMBrsao___WvnPhjspMt_fjL4U0tDGkF26vK49mtVcXteQpJhLHfSM-QVm2ej1volh6UaCVbYWJto_x5onw%3D%3D,,"Budapest, Kada u. 125, 1106",,
Alexir Massage,https://www.google.com/maps/place/Alexir+Massage/data=!4m7!3m6!1s0x4741c304262f0a61:0xbc3fb7591c36285d!8m2!3d47.4882793!4d19.1401197!16s%2Fg%2F11trdlddhj!19sChIJYQovJgTDQUcRXSg2HFm3P7w?authuser=0&hl=hu&rclk=1,47.4882793,19.1401197,https://alexirmassage.com/,06707911959,"Budapest, Nyitra u. 3-fszt. 6, 1105",alexirmassage@gmail.com,alexirmassage@gmail.com
"Szabadi Edit mozgás - és masszázsterapeuta, Kőbánya Kertváros","https://www.google.com/maps/place/Szabadi+Edit+mozg%C3%A1s+-+%C3%A9s+massz%C3%A1zsterapeuta,+K%C5%91b%C3%A1nya+Kertv%C3%A1ros/data=!4m7!3m6!1s0x4741c3316408e9e1:0x50e320125657bad6!8m2!3d47.4829083!4d19.2063602!16s%2Fg%2F11f4l61j_6!19sChIJ4ekIZDHDQUcR1rpXVhIg41A?authuser=0&hl=hu&rclk=1",47.4829083,19.2063602,http://www.editmasszazs.hu/,06305251359,"Budapest, Köszméte u. 32/B, 1106",editszabadi@gmail.com,editszabadi@gmail.com
Kinga - Gyógymasszőr - rehabilitációs terapeuta,https://www.google.com/maps/place/Kinga+-+Gy%C3%B3gymassz%C5%91r+-+rehabilit%C3%A1ci%C3%B3s+terapeuta/data=!4m7!3m6!1s0x4741c318400488e9:0x22df74fde5d08ff2!8m2!3d47.4846717!4d19.1441103!16s%2Fg%2F11mcn974ms!19sChIJ6YgEQBjDQUcR8o_Q5f103yI?authuser=0&hl=hu&rclk=1,47.4846717,19.1441103,http://orgovankinga.hu/,06202829519,"Budapest, Harmat u. 38, 1105",info@domainem.hu,info@domainem.hu
"Pier gyógymasszázs, sportmasszázs, köpölyözés","https://www.google.com/maps/place/Pier+gy%C3%B3gymassz%C3%A1zs,+sportmassz%C3%A1zs,+k%C3%B6p%C3%B6ly%C3%B6z%C3%A9s/data=!4m7!3m6!1s0x4741dd993811e76d:0x432e54d36f2b8bff!8m2!3d47.4839654!4d19.1280486!16s%2Fg%2F11ltz_pwxk!19sChIJbecROJndQUcR_4srb9NULkM?authuser=0&hl=hu&rclk=1",47.4839654,19.1280486,,06202960902,"Budapest, Liget tér 1, 1102",,
Masszázs,https://www.google.com/maps/place/Massz%C3%A1zs/data=!4m7!3m6!1s0x4741dd0c8337ad71:0xc7a504ae249f6fa6!8m2!3d47.4701139!4d19.1141885!16s%2Fg%2F11s894lcsx!19sChIJca03gwzdQUcRpm-fJK4Epcc?authuser=0&hl=hu&rclk=1,47.4701139,19.1141885,,06209853546,"Budapest, Üllői út 120, 1101",,
Magnólia,https://www.google.com/maps/place/Magn%C3%B3lia/data=!4m7!3m6!1s0x4741c3005915dbf9:0x26eac831fb873ebd!8m2!3d47.4803297!4d19.1531268!16s%2Fg%2F11vprp91b3!19sChIJ-dsVWQDDQUcRvT6H-zHI6iY?authuser=0&hl=hu&rclk=1,47.4803297,19.1531268,,,"Budapest, Mádi u. 105, 1104",,
BeRelaxed masszázsstúdió,https://www.google.com/maps/place/BeRelaxed+massz%C3%A1zsst%C3%BAdi%C3%B3/data=!4m7!3m6!1s0x4741c3456978e911:0xb34543a95c1fcfc9!8m2!3d47.4856427!4d19.1431635!16s%2Fg%2F11tg6d2myk!19sChIJEel4aUXDQUcRyc8fXKlDRbM?authuser=0&hl=hu&rclk=1,47.4856427,19.1431635,http://berelaxed.hu/,,"Budapest, Ihász köz 2 6-em 37, 1105",,
Fáy Edina,https://www.google.com/maps/place/F%C3%A1y+Edina/data=!4m7!3m6!1s0x4741c37c8c6a6a5b:0xaa134383a1085e6e!8m2!3d47.4631906!4d19.1627647!16s%2Fg%2F11fj9b0rgb!19sChIJW2pqjHzDQUcRbl4IoYNDE6o?authuser=0&hl=hu&rclk=1,47.4631906,19.1627647,,,"Budapest, Gyömrői út 140, 1103",,
"Erika Masszázs, Manikűr - Pedikűr","https://www.google.com/maps/place/Erika+Massz%C3%A1zs,+Manik%C5%B1r+-+Pedik%C5%B1r/data=!4m7!3m6!1s0x4741c300545994a9:0xc755daacdca7c142!8m2!3d47.4834198!4d19.1307264!16s%2Fg%2F11vz4jtdfm!19sChIJqZRZVADDQUcRQsGn3KzaVcc?authuser=0&hl=hu&rclk=1",47.4834198,19.1307264,https://www.facebook.com/profile.php?id=61555543516674,06709427602,"Budapest, Kőrösi Csoma Sándor út 6/E, 1102",,
Tibi masszázs,https://www.google.com/maps/place/Tibi+massz%C3%A1zs/data=!4m7!3m6!1s0x4741c5d5e3af4909:0x697beb778932ffb9!8m2!3d47.501583!4d19.167418!16s%2Fg%2F11h_t7cv47!19sChIJCUmv49XFQUcRuf8yiXfre2k?authuser=0&hl=hu&rclk=1,47.501583,19.167418,https://tibi-masszazs.webnode.hu/,,"Budapest, Dorogi u. 36, 1106",info@domainem.hu,"info@domainem.hu, tibisem@gmail.com"
Pattaya Masszázs,https://www.google.com/maps/place/Pattaya+Massz%C3%A1zs/data=!4m7!3m6!1s0x4741c3fa587f1f83:0xabbf9c58c7fc8468!8m2!3d47.4433816!4d19.1772682!16s%2Fg%2F11rzgrts7g!19sChIJgx9_WPrDQUcRaIT8x1icv6s?authuser=0&hl=hu&rclk=1,47.4433816,19.1772682,,06501235363,"Budapest, Üllői út 435, 1181",,
Luckyhome Thai Massage,https://www.google.com/maps/place/Luckyhome+Thai+Massage/data=!4m7!3m6!1s0x4741c53aabc75987:0x4040aeef2304ddd3!8m2!3d47.5267688!4d19.2304942!16s%2Fg%2F11tf87j3_r!19sChIJh1nHqzrFQUcR090EI--uQEA?authuser=0&hl=hu&rclk=1,47.5267688,19.2304942,http://www.luckyhome.hu/,06202248878,"Budapest, Szabadföld út 65, 1164",,
"Ayurvédikus masszázs, olajos masszázs hölgyeknek","https://www.google.com/maps/place/Ayurv%C3%A9dikus+massz%C3%A1zs,+olajos+massz%C3%A1zs+h%C3%B6lgyeknek/data=!4m7!3m6!1s0x4741c5ee30935d33:0x3d81a628436ee6cb!8m2!3d47.5006839!4d19.1635501!16s%2Fg%2F11s467v_2t!19sChIJM12TMO7FQUcRy-ZuQyimgT0?authuser=0&hl=hu&rclk=1",47.5006839,19.1635501,http://www.balazsria.hu/,06303036869,"Budapest, Pilisi u. 40, 1106",,
Markos Masszázs,https://www.google.com/maps/place/Markos+Massz%C3%A1zs/data=!4m7!3m6!1s0x474141ec2c7df2dd:0xc03d0568d8d6b5b6!8m2!3d47.5030104!4d19.1440402!16s%2Fg%2F11rr8cl27h!19sChIJ3fJ9LOxBQUcRtrXW2GgFPcA?authuser=0&hl=hu&rclk=1,47.5030104,19.1440402,,06304476516,"Budapest, Gépmadár u. 11, 1106",,
Eszter Cosmetics - Hajszalon & S.R. Masszázs,https://www.google.com/maps/place/Eszter+Cosmetics+-+Hajszalon+%26+S.R.+Massz%C3%A1zs/data=!4m7!3m6!1s0x4741c33d6b4c6711:0x605a312b8eb8a44a!8m2!3d47.4735373!4d19.150907!16s%2Fg%2F11gbk45y9q!19sChIJEWdMaz3DQUcRSqS4jisxWmA?authuser=0&hl=hu&rclk=1,47.4735373,19.150907,https://www.facebook.com/S.Sz.Eszter/,06304152299,"Budapest, Noszlopy u. 27-d1, 1103",,
Horváth Tamás Masszőr / Masszázs Budapest XV,https://www.google.com/maps/place/Horv%C3%A1th+Tam%C3%A1s+Massz%C5%91r+%2F+Massz%C3%A1zs+Budapest+XV/data=!4m7!3m6!1s0x4741dbdee15b5eb7:0x84af058ce844781f!8m2!3d47.5438436!4d19.1252945!16s%2Fg%2F11ghrc_9ch!19sChIJt15b4d7bQUcRH3hE6IwFr4Q?authuser=0&hl=hu&rclk=1,47.5438436,19.1252945,https://masszor-tomi.hu/,06209973983,"Budapest, Csorvás u. 1/A, 1154",,
Papp Péter masszőr / masszázs Xv.,https://www.google.com/maps/place/Papp+P%C3%A9ter+massz%C5%91r+%2F+massz%C3%A1zs+Xv./data=!4m7!3m6!1s0x4741db0d6f51ea2d:0x55da8cc88822d35e!8m2!3d47.5444711!4d19.133254!16s%2Fg%2F11sq53230s!19sChIJLepRbw3bQUcRXtMiiMiM2lU?authuser=0&hl=hu&rclk=1,47.5444711,19.133254,https://www.ppmasszor.hu/,06705515741,"Budapest, Pörge u. 90, 1154",info@domainem.hu,info@domainem.hu
Ildi masszázs stúdió XV.kerület,https://www.google.com/maps/place/Ildi+massz%C3%A1zs+st%C3%BAdi%C3%B3+XV.ker%C3%BClet/data=!4m7!3m6!1s0x4741dae251fcc291:0xc10f0014f173ceff!8m2!3d47.547999!4d19.134567!16s%2Fg%2F11gbzcfx8n!19sChIJkcL8UeLaQUcR_85z8RQAD8E?authuser=0&hl=hu&rclk=1,47.547999,19.134567,,06202053625,"Budapest Páskomliget utca 55.fsz.45 csengő, 1156",,
Fodor Massage,https://www.google.com/maps/place/Fodor+Massage/data=!4m7!3m6!1s0x4741dbda226c7103:0x1f7998aae2946a51!8m2!3d47.546086!4d19.1409249!16s%2Fg%2F11y4qlvrxy!19sChIJA3FsItrbQUcRUWqU4qqYeR8?authuser=0&hl=hu&rclk=1,47.546086,19.1409249,,06303403765,"Budapest, Nyírpalota út 85, 1157",,
Kriszta Masszázs Kuckója,https://www.google.com/maps/place/Kriszta+Massz%C3%A1zs+Kuck%C3%B3ja/data=!4m7!3m6!1s0x4741db2a896cd091:0x6fe5d38d2ca5c36e!8m2!3d47.5433161!4d19.1390323!16s%2Fg%2F11mnn486cb!19sChIJkdBsiSrbQUcRbsOlLI3T5W8?authuser=0&hl=hu&rclk=1,47.5433161,19.1390323,http://krisztamasszazskucko.com/,06707434752,"Budapest, Nyírpalota út 40, 1156",Krisztadek692@gmail.com,Krisztadek692@gmail.com
silk-touch-masszazs-studio,https://www.google.com/maps/place/silk-touch-masszazs-studio/data=!4m7!3m6!1s0x4741db628c22193b:0x308f56e094048d36!8m2!3d47.5528431!4d19.1216837!16s%2Fg%2F11qhzq1xpp!19sChIJOxkijGLbQUcRNo0ElOBWjzA?authuser=0&hl=hu&rclk=1,47.5528431,19.1216837,https://silk-touch-masszazs-studio.webnode.hu/,06203283682,"Budapest, Dessewffy Arisztid u. 79, 1154",info@domainem.hu,info@domainem.hu
Kerekes Réka Masszázs,https://www.google.com/maps/place/Kerekes+R%C3%A9ka+Massz%C3%A1zs/data=!4m7!3m6!1s0x4741db66e1b713cb:0xe72a20f8f109e85d!8m2!3d47.5632194!4d19.1157818!16s%2Fg%2F11q3f0f491!19sChIJyxO34WbbQUcRXegJ8fggKuc?authuser=0&hl=hu&rclk=1,47.5632194,19.1157818,,06305136054,"Budapest, Deák u. 4/a, 1153",,
NBK masszázs,https://www.google.com/maps/place/NBK+massz%C3%A1zs/data=!4m7!3m6!1s0x4741db4f0daf38cd:0xef8623683e2a2ee5!8m2!3d47.5424028!4d19.1421298!16s%2Fg%2F11lnf9w0lw!19sChIJzTivDU_bQUcR5S4qPmgjhu8?authuser=0&hl=hu&rclk=1,47.5424028,19.1421298,https://www.facebook.com/nbk.massage,06706008609,"Budapest, Zsókavár u. 12, 1157",,
PE-ZSO Szalon,https://www.google.com/maps/place/PE-ZSO+Szalon/data=!4m7!3m6!1s0x4741db006d2575db:0xcb59d278d7d65ccd!8m2!3d47.5632218!4d19.1157993!16s%2Fg%2F11wxv1k5sw!19sChIJ23UlbQDbQUcRzVzW13jSWcs?authuser=0&hl=hu&rclk=1,47.5632218,19.1157993,,,"Budapest, Deák u. 4-B, 1153",,
Megújulás Masszázs Stúdió,https://www.google.com/maps/place/Meg%C3%BAjul%C3%A1s+Massz%C3%A1zs+St%C3%BAdi%C3%B3/data=!4m7!3m6!1s0x4741db6e8bb6d1d7:0x2c1a4b2f328d6606!8m2!3d47.5664787!4d19.1281057!16s%2Fg%2F11vsgrv780!19sChIJ19G2i27bQUcRBmaNMi9LGiw?authuser=0&hl=hu&rclk=1,47.5664787,19.1281057,https://megujulasmasszazs.hu/,06204561030,"Budapest, Attila u. 28, 1152",megujulas.masszazs@gmail.com,megujulas.masszazs@gmail.com
"Haffner Ernő masszőr, E. V.","https://www.google.com/maps/place/Haffner+Ern%C5%91+massz%C5%91r,+E.+V./data=!4m7!3m6!1s0x4741dd7c1e8b2de3:0xdabae4b438118072!8m2!3d47.5323007!4d19.1296273!16s%2Fg%2F11sjfxkxnb!19sChIJ4y2LHnzdQUcRcoAROLTkuto?authuser=0&hl=hu&rclk=1",47.5323007,19.1296273,http://www.haffnertherapy.hu/,06705220295,"Budapest, Drégelyvár u. 7, 1158",info@teratarhely.hu,"info@teratarhely.hu, info@haffnertherapy.hu"
Debrődi Viki masszázs és pedikűr,https://www.google.com/maps/place/Debr%C5%91di+Viki+massz%C3%A1zs+%C3%A9s+pedik%C5%B1r/data=!4m7!3m6!1s0x4741db22e8060919:0xe3357fd2cd7be192!8m2!3d47.5553497!4d19.1238962!16s%2Fg%2F11rd8253vv!19sChIJGQkG6CLbQUcRkuF7zdJ_NeM?authuser=0&hl=hu&rclk=1,47.5553497,19.1238962,https://www.facebook.com/debrodiviki,06306781704,"Budapest, Tompa Mihály u. 51, 1154",,
Sportmasszőr,https://www.google.com/maps/place/Sportmassz%C5%91r/data=!4m7!3m6!1s0x4741db443b1b7d9f:0x84fa276684afd5e6!8m2!3d47.547279!4d19.1365729!16s%2Fg%2F11qqvg1zhn!19sChIJn30bO0TbQUcR5tWvhGYn-oQ?authuser=0&hl=hu&rclk=1,47.547279,19.1365729,https://gyogy-pont.webnode.hu/?_ga=2.173529835.971282832.1610207266-486149338.1523296874,06309397070,"Budapest, Páskomliget utca 35, 1156",,
Anikó Harmónia Masszázs,https://www.google.com/maps/place/Anik%C3%B3+Harm%C3%B3nia+Massz%C3%A1zs/data=!4m7!3m6!1s0x4741db0f47b22907:0xcd314152985733f8!8m2!3d47.5417144!4d19.1432773!16s%2Fg%2F11l2cwcsnl!19sChIJBymyRw_bQUcR-DNXmFJBMc0?authuser=0&hl=hu&rclk=1,47.5417144,19.1432773,https://masszazsanikoval.hu/,,"Budapest, Zsókavár u. 22, 1157",egerszegianiko634@gmail.com,egerszegianiko634@gmail.com
Mónika frissítő relaxáló masszázs,https://www.google.com/maps/place/M%C3%B3nika+friss%C3%ADt%C5%91+relax%C3%A1l%C3%B3+massz%C3%A1zs/data=!4m7!3m6!1s0x4741db861919182b:0x8875828da7b2d7a3!8m2!3d47.5735289!4d19.1301901!16s%2Fg%2F11h_t3h68z!19sChIJKxgZGYbbQUcRo9eyp42CdYg?authuser=0&hl=hu&rclk=1,47.5735289,19.1301901,https://monika-masszazs5.webnode.hu/,06304644628,"Budapest, Benkő István u. 43, 1151",info@domainem.hu,info@domainem.hu
KV Massage,https://www.google.com/maps/place/KV+Massage/data=!4m7!3m6!1s0x5cb0e7bfdd44879:0x21719217f7838d3f!8m2!3d47.5582996!4d19.1282641!16s%2Fg%2F11y2r6l767!19sChIJeUjU_XsOywURP42D9xeScSE?authuser=0&hl=hu&rclk=1,47.5582996,19.1282641,,06307480442,"Budapest, Mátyás u. 62, 1152",,
Kenko Massage Studio,https://www.google.com/maps/place/Kenko+Massage+Studio/data=!4m7!3m6!1s0x4741dbc72a5ef875:0xb7c3c0779f4df5a9!8m2!3d47.5489584!4d19.1353207!16s%2Fg%2F11ln_xz85b!19sChIJdfheKsfbQUcRqfVNn3fAw7c?authuser=0&hl=hu&rclk=1,47.5489584,19.1353207,,,"Budapest, Sárfű u., 1156",,
"reBorn Masszázs, Mozgás, Egészség","https://www.google.com/maps/place/reBorn+Massz%C3%A1zs,+Mozg%C3%A1s,+Eg%C3%A9szs%C3%A9g/data=!4m7!3m6!1s0x4741db0f17f20351:0x7c6b97ffeb0bd6d1!8m2!3d47.5388183!4d19.1363005!16s%2Fg%2F11fp88m5gp!19sChIJUQPyFw_bQUcR0dYL6_-Xa3w?authuser=0&hl=hu&rclk=1",47.5388183,19.1363005,,06303937679,"Budapest, Nyírpalota út 2-4, 1156",,
Zsuzsa Egészségmegőrző masszázs,https://www.google.com/maps/place/Zsuzsa+Eg%C3%A9szs%C3%A9gmeg%C5%91rz%C5%91+massz%C3%A1zs/data=!4m7!3m6!1s0x4741db1f687f27c3:0xae343d3790dfe839!8m2!3d47.5396317!4d19.1458304!16s%2Fg%2F11crz_43dp!19sChIJwyd_aB_bQUcROejfkDc9NK4?authuser=0&hl=hu&rclk=1,47.5396317,19.1458304,http://www.masszazs-ujpalota.hu/,06703910359,"Budapest, Zsókavár u. 62, 1157",masszazsujpalota@gmail.com,masszazsujpalota@gmail.com
Szelene Masszázs Studió,https://www.google.com/maps/place/Szelene+Massz%C3%A1zs+Studi%C3%B3/data=!4m7!3m6!1s0x4741c332cacd9cd3:0x4e0ea0a188c6967f!8m2!3d47.5656748!4d19.1178125!16s%2Fg%2F11h764b__9!19sChIJ05zNyjLDQUcRf5bGiKGgDk4?authuser=0&hl=hu&rclk=1,47.5656748,19.1178125,,06302941959,"Budapest, Bartók Béla u. 22, 1151",,
PRIMEFIT-Újpalota,https://www.google.com/maps/place/PRIMEFIT-%C3%9Ajpalota/data=!4m7!3m6!1s0x4741dbdf289e1157:0xd546ddb8827f4bb8!8m2!3d47.5403977!4d19.1433287!16s%2Fg%2F11fn2qsysc!19sChIJVxGeKN_bQUcRuEt_grjdRtU?authuser=0&hl=hu&rclk=1,47.5403977,19.1433287,https://ujpalota.primefit.hu/,06301551787,"Budapest, Zsókavár u. 41-47, 1157",ujpalota@primefit.hu,ujpalota@primefit.hu
Palota Szépségszalon,https://www.google.com/maps/place/Palota+Sz%C3%A9ps%C3%A9gszalon/data=!4m7!3m6!1s0x4741db0047fa6c6b:0xba1184c1cbdc0e5a!8m2!3d47.5681176!4d19.1255376!16s%2Fg%2F11vr25bbpz!19sChIJa2z6RwDbQUcRWg7cy8GEEbo?authuser=0&hl=hu&rclk=1,47.5681176,19.1255376,https://www.facebook.com/profile.php?id=61557029724576,06702183253,"Budapest, Fő út 4-6, 1151",,
Gesztelyi Nagy Bertalan gyógymasszőr,https://www.google.com/maps/place/Gesztelyi+Nagy+Bertalan+gy%C3%B3gymassz%C5%91r/data=!4m7!3m6!1s0x4741dbc059e3b77d:0x875eba8e573ee9cf!8m2!3d47.5532579!4d19.141548!16s%2Fg%2F11w_lr9ytv!19sChIJfbfjWcDbQUcRz-k-V466Xoc?authuser=0&hl=hu&rclk=1,47.5532579,19.141548,,06304303688,"Budapest, Pólus Center Fittnes Five & Gym, Szentmihályi út 131, 1152",,
Gyógyító Kéz természetgyógyász rendelő,https://www.google.com/maps/place/Gy%C3%B3gy%C3%ADt%C3%B3+K%C3%A9z+term%C3%A9szetgy%C3%B3gy%C3%A1sz+rendel%C5%91/data=!4m7!3m6!1s0x4741dbd72d151c8d:0xba2b82c976ef6621!8m2!3d47.5398995!4d19.1465227!16s%2Fg%2F11lfbbk5h5!19sChIJjRwVLdfbQUcRIWbvdsmCK7o?authuser=0&hl=hu&rclk=1,47.5398995,19.1465227,http://www.gyogyitokez.hu/,06702424207,"Budapest, Erdőkerülő u. 2, 1157",tamas@gyogyitokez.hu,tamas@gyogyitokez.hu
"Alexandra & Norbert -Gyógy,- Sportmasszőr, Rehabilitációs terapeuta","https://www.google.com/maps/place/Alexandra+%26+Norbert+-Gy%C3%B3gy,-+Sportmassz%C5%91r,+Rehabilit%C3%A1ci%C3%B3s+terapeuta/data=!4m7!3m6!1s0x4741c1312aa79aff:0xc4cd1081745027b2!8m2!3d47.5421869!4d19.1086478!16s%2Fg%2F11h_fvqh3r!19sChIJ_5qnKjHBQUcRsidQdIEQzcQ?authuser=0&hl=hu&rclk=1",47.5421869,19.1086478,http://www.fajdalomspecialista.hu/,06307845985,"Budapest, Karatna u. 3, 1155",info@fajdalomspecialista.hu,info@fajdalomspecialista.hu
Tánya Háza az egészség háza,https://www.google.com/maps/place/T%C3%A1nya+H%C3%A1za+az+eg%C3%A9szs%C3%A9g+h%C3%A1za/data=!4m7!3m6!1s0x4741db059bc03633:0x6e818a62955da52e!8m2!3d47.5389543!4d19.1193421!16s%2Fg%2F1tdnjx71!19sChIJMzbAmwXbQUcRLqVdlWKKgW4?authuser=0&hl=hu&rclk=1,47.5389543,19.1193421,,06209357945,"Budapest, Rubin u. 7, 1155",,
Martonosi Szalon,https://www.google.com/maps/place/Martonosi+Szalon/data=!4m7!3m6!1s0x4741db4d4837513b:0xe89bc120135959f3!8m2!3d47.5523801!4d19.1426279!16s%2Fg%2F11fjvwdm21!19sChIJO1E3SE3bQUcR81lZEyDBm-g?authuser=0&hl=hu&rclk=1,47.5523801,19.1426279,http://www.facebook.com/martonosiszalon,06702731863,"Budapest, Szilas park 34, 1156",,
Profimasszázs,https://www.google.com/maps/place/Profimassz%C3%A1zs/data=!4m7!3m6!1s0x4741dbe63b139083:0x65e44aea7b5b73ed!8m2!3d47.5486347!4d19.1291324!16s%2Fg%2F11pkfn0grz!19sChIJg5ATO-bbQUcR7XNbe-pK5GU?authuser=0&hl=hu&rclk=1,47.5486347,19.1291324,,06708030006,"Budapest, Bánkút u. 54, 1154",,
Tulipán Masszázs,https://www.google.com/maps/place/Tulip%C3%A1n+Massz%C3%A1zs/data=!4m7!3m6!1s0x4741db7b2abeb737:0x20de2a8bde45106b!8m2!3d47.5389399!4d19.1456379!16s%2Fg%2F11qq34wbvr!19sChIJN7e-KnvbQUcRaxBF3osq3iA?authuser=0&hl=hu&rclk=1,47.5389399,19.1456379,,06204804971,"Budapest, Zsókavár u. 61, 1157",,
Kozimasszázs,https://www.google.com/maps/place/Kozimassz%C3%A1zs/data=!4m7!3m6!1s0x4741e740c1cc20e3:0xed4eda6b6ddfd1b7!8m2!3d47.5323002!4d19.1304787!16s%2Fg%2F11vqm_33td!19sChIJ4yDMwUDnQUcRt9HfbWvaTu0?authuser=0&hl=hu&rclk=1,47.5323002,19.1304787,https://kozimasszazs.hu/,06209868909,"Budapest, Drégelyvár u. 13, 1158",,
Rabnecz Szalon,https://www.google.com/maps/place/Rabnecz+Szalon/data=!4m7!3m6!1s0x4741db029cc5c2e3:0x1d491c9c99da8d9!8m2!3d47.5469947!4d19.1264866!16s%2Fg%2F11c38fz8f3!19sChIJ48LFnALbQUcR2aidycmR1AE?authuser=0&hl=hu&rclk=1,47.5469947,19.1264866,https://www.szepsegbutik.hu/,0614106913,"Budapest, Szerencs u. 162, 1154",szepsegbutik@gmail.com,szepsegbutik@gmail.com
Masszázs Újpalota,https://www.google.com/maps/place/Massz%C3%A1zs+%C3%9Ajpalota/data=!4m7!3m6!1s0x4741db1f680eaaab:0x397b3b00e5ae6be!8m2!3d47.5412965!4d19.1391736!16s%2Fg%2F11j0jk14x4!19sChIJq6oOaB_bQUcRvuZaDrCzlwM?authuser=0&hl=hu&rclk=1,47.5412965,19.1391736,https://www.masszazs-ujpalota.hu/adatvedelmi-iranyelvek/,06709047485,"Budapest, Nyírpalota út 24, 1156",ugyfelszolgalat@naih.hu,"ugyfelszolgalat@naih.hu, lengyelzsuzsa69@gmail.com"
OsbáthTibor,https://www.google.com/maps/place/Osb%C3%A1thTibor/data=!4m7!3m6!1s0x4741dbbe16274cdd:0xd59e42b82fef19f1!8m2!3d47.544272!4d19.14155!16s%2Fg%2F11jcsw96xn!19sChIJ3UwnFr7bQUcR8RnvL7hCntU?authuser=0&hl=hu&rclk=1,47.544272,19.14155,,,"Budapest, Nyírpalota út 61, 1157",,
Bowen Budapest,https://www.google.com/maps/place/Bowen+Budapest/data=!4m7!3m6!1s0x4741dbac3358aac1:0xb0d691233f495056!8m2!3d47.5577511!4d19.1291664!16s%2Fg%2F11fdyjw1m6!19sChIJwapYM6zbQUcRVlBJPyOR1rA?authuser=0&hl=hu&rclk=1,47.5577511,19.1291664,http://www.bowenbudapest.hu/,06203226132,"Budapest, Telek u. 70, 1152",,
Álomsziget családbarát szolgáltatóház,https://www.google.com/maps/place/%C3%81lomsziget+csal%C3%A1dbar%C3%A1t+szolg%C3%A1ltat%C3%B3h%C3%A1z/data=!4m7!3m6!1s0x4741db1dc0ed08a7:0xf74a80f0b979036d!8m2!3d47.5445431!4d19.1332673!16s%2Fg%2F11c716p8yx!19sChIJpwjtwB3bQUcRbQN5ufCASvc?authuser=0&hl=hu&rclk=1,47.5445431,19.1332673,,06202156665,"Budapest, Pörge u. 90, 1154",,
Marozsán Beauty,https://www.google.com/maps/place/Marozs%C3%A1n+Beauty/data=!4m7!3m6!1s0x4741db1ad71673ab:0xe85434657d95723f!8m2!3d47.5654208!4d19.1227541!16s%2Fg%2F11fjx2gxzh!19sChIJq3MW1xrbQUcRP3KVfWU0VOg?authuser=0&hl=hu&rclk=1,47.5654208,19.1227541,http://www.marozsanbeauty.hu/,06302439966,"Budapest, Fő út 29, 1152",info@domainem.hu,"info@domainem.hu, info@bernadettbardos.hu, info@marozsanbeauty.hu, barnamarci19@gmail.com"
Oriskó Szalon,https://www.google.com/maps/place/Orisk%C3%B3+Szalon/data=!4m7!3m6!1s0x4741db0c3f51f679:0x47dbf3ae4616f72a!8m2!3d47.5769406!4d19.1296737!16s%2Fg%2F11vpx_wyzk!19sChIJefZRPwzbQUcRKvcWRq7z20c?authuser=0&hl=hu&rclk=1,47.5769406,19.1296737,https://oriskoszalon.hu/,06203512229,"Budapest, Szlacsányi Ferenc u., 1151",info@domainem.hu,"info@domainem.hu, oriskoandi50@gmail.com"
Rédeiné Bíró Anna/Szépségsziget,https://www.google.com/maps/place/R%C3%A9dein%C3%A9+B%C3%ADr%C3%B3+Anna%2FSz%C3%A9ps%C3%A9gsziget/data=!4m7!3m6!1s0x4741dbf4c778e67f:0xb90bf7dd9990b5e5!8m2!3d47.543827!4d19.1415031!16s%2Fg%2F11l_gshtf0!19sChIJf-Z4x_TbQUcR5bWQmd33C7k?authuser=0&hl=hu&rclk=1,47.543827,19.1415031,http://www.kozmetikusanna.hupont.hu/,06309417833,"Budapest, Nyírpalota út 57, 1158",,
Villa Wellness,https://www.google.com/maps/place/Villa+Wellness/data=!4m7!3m6!1s0x4741db0f8c4660b9:0x35c8f0e1b359162c!8m2!3d47.5550018!4d19.1163908!16s%2Fg%2F11pf5qm7kh!19sChIJuWBGjA_bQUcRLBZZs-HwyDU?authuser=0&hl=hu&rclk=1,47.5550018,19.1163908,,,"Budapest, Palánk u. 67, 1152",,
Ülőmunkaártalom by Ági,https://www.google.com/maps/place/%C3%9Cl%C5%91munka%C3%A1rtalom+by+%C3%81gi/data=!4m7!3m6!1s0x4741cf2c4decd63b:0x69a183dc1e8fae20!8m2!3d47.547279!4d19.136573!16s%2Fg%2F11g1lnd5qh!19sChIJO9bsTSzPQUcRIK6PHtyDoWk?authuser=0&hl=hu&rclk=1,47.547279,19.136573,https://ulomunkaartalombyagi-32d614.cms.webnode.hu/,06309397070,"Budapest, Páskomliget utca 35, 1156",,
Életerő Shiatsu Stúdió,https://www.google.com/maps/place/%C3%89leter%C5%91+Shiatsu+St%C3%BAdi%C3%B3/data=!4m7!3m6!1s0x4741c5d9671a42db:0x3966980a95215dcf!8m2!3d47.5348373!4d19.1814798!16s%2Fg%2F11tdc4bwx0!19sChIJ20IaZ9nFQUcRz10hlQqYZjk?authuser=0&hl=hu&rclk=1,47.5348373,19.1814798,https://www.eleteroshiatsu.hu/,06209143236,"Budapest, Csömöri út 271, 1162",info@domainem.hu,info@domainem.hu
Teskom Masszázs,https://www.google.com/maps/place/Teskom+Massz%C3%A1zs/data=!4m7!3m6!1s0x4741db7284e38235:0x44198926198b62a7!8m2!3d47.5314726!4d19.1668639!16s%2Fg%2F11c1nqxjd6!19sChIJNYLjhHLbQUcRp2KLGSaJGUQ?authuser=0&hl=hu&rclk=1,47.5314726,19.1668639,http://teskomeletmod.hu/,06205020608,"Budapest, Segesvár u. 16, 1162",,
Victory Fitness World Mall (Asia Center),https://www.google.com/maps/place/Victory+Fitness+World+Mall+%28Asia+Center%29/data=!4m7!3m6!1s0x4741d9b345037c19:0xb8c2aacb429f01ea!8m2!3d47.5491179!4d19.147796!16s%2Fg%2F11h1dnj16j!19sChIJGXwDRbPZQUcR6gGfQsuqwrg?authuser=0&hl=hu&rclk=1,47.5491179,19.147796,https://ujpalota.victoryfitness.hu/,0616889163,"Budapest, Ázsia Center, Szentmihályi út 167, 1152",asiacenter@victoryfitness.hu,asiacenter@victoryfitness.hu
Casada,https://www.google.com/maps/place/Casada/data=!4m7!3m6!1s0x4741dae680860aff:0x3e93b4526103fe56!8m2!3d47.5523623!4d19.1406618!16s%2Fg%2F11fsx6w4nz!19sChIJ_wqGgObaQUcRVv4DYVK0kz4?authuser=0&hl=hu&rclk=1,47.5523623,19.1406618,https://casada.hu/casada-pontok/,0672551781,"Budapest, Szentmihályi út 131, 1152",,
ÉLETPÁLCA Természetgyógyász Mindenkinek,https://www.google.com/maps/place/%C3%89LETP%C3%81LCA+Term%C3%A9szetgy%C3%B3gy%C3%A1sz+Mindenkinek/data=!4m7!3m6!1s0x4741db217a6f78ad:0x6468d7e9f262c28e!8m2!3d47.5397684!4d19.1434293!16s%2Fg%2F1pp2tzx3c!19sChIJrXhveiHbQUcRjsJi8unXaGQ?authuser=0&hl=hu&rclk=1,47.5397684,19.1434293,https://eletpalca.hu/,06305057037,"Budapest, Zsókavár u. 37, 1157",info@eletpalca.hu,info@eletpalca.hu
Életmód Masszázs Stúdió Gergely Erika svédmasszázs - kismama masszázs- lomi lomi masszázs,https://www.google.com/maps/place/%C3%89letm%C3%B3d+Massz%C3%A1zs+St%C3%BAdi%C3%B3+Gergely+Erika+sv%C3%A9dmassz%C3%A1zs+-+kismama+massz%C3%A1zs-+lomi+lomi+massz%C3%A1zs/data=!4m7!3m6!1s0x4741db0edb33c2bb:0xab50f6b26ff2c668!8m2!3d47.5455405!4d19.0914792!16s%2Fg%2F11ll28_wf7!19sChIJu8Iz2w7bQUcRaMbyb7L2UKs?authuser=0&hl=hu&rclk=1,47.5455405,19.0914792,http://fb.me/eletmodmasszazs,06706300394,"Budapest, Jász u. 152, 1131",,
New York Fitness,https://www.google.com/maps/place/New+York+Fitness/data=!4m7!3m6!1s0x4741db30e185f043:0x4a18513f1e6955b4!8m2!3d47.5296592!4d19.1504364!16s%2Fg%2F1thvfqjp!19sChIJQ_CF4TDbQUcRtFVpHj9RGEo?authuser=0&hl=hu&rclk=1,47.5296592,19.1504364,http://newyorkfitness.hu/,0614140919,"Budapest, Késmárk u 32, 1158",info@newyorkfitness.hu,info@newyorkfitness.hu
Marika kozmetika,https://www.google.com/maps/place/Marika+kozmetika/data=!4m7!3m6!1s0x4741db16560ba1b7:0x321ab71172ee53d!8m2!3d47.5333556!4d19.1309813!16s%2Fg%2F11h_6q6fqf!19sChIJt6ELVhbbQUcRPeUuF3GrIQM?authuser=0&hl=hu&rclk=1,47.5333556,19.1309813,,0614184614,"Budapest, Drégelyvár u. 19, 1158",,
Korall Szépségszalon,https://www.google.com/maps/place/Korall+Sz%C3%A9ps%C3%A9gszalon/data=!4m7!3m6!1s0x4741da55f8106c53:0xf8ce912530a3a54c!8m2!3d47.553106!4d19.1185447!16s%2Fg%2F11fxcz4f3_!19sChIJU2wQ-FXaQUcRTKWjMCWRzvg?authuser=0&hl=hu&rclk=1,47.553106,19.1185447,http://www.korall-szepsegszalon.com/,0613060122,"Budapest, Rákos út 62, 1152",,
PADMA Masszázs Stúdió,https://www.google.com/maps/place/PADMA+Massz%C3%A1zs+St%C3%BAdi%C3%B3/data=!4m7!3m6!1s0x4741db56678837ef:0x3de37eb04480251b!8m2!3d47.552991!4d19.0779839!16s%2Fg%2F11rht2bfpf!19sChIJ7zeIZ1bbQUcRGyWARLB-4z0?authuser=0&hl=hu&rclk=1,47.552991,19.0779839,http://www.padmastudio.eu/,06306240854,"Budapest, Szekszárdi u. 9, 1138",,
Balázs masszázs,https://www.google.com/maps/place/Bal%C3%A1zs+massz%C3%A1zs/data=!4m7!3m6!1s0x4741db0016120229:0x6cd0e9b217a34540!8m2!3d47.5632218!4d19.1157993!16s%2Fg%2F11lp1dv8kp!19sChIJKQISFgDbQUcRQEWjF7Lp0Gw?authuser=0&hl=hu&rclk=1,47.5632218,19.1157993,,06706043760,"Budapest, Deák u. 4, 1153",,
"Simó Tünde - Masszázs Palota - Lélekmasszázs, KoroKan masszázs, Talpmasszázs","https://www.google.com/maps/place/Sim%C3%B3+T%C3%BCnde+-+Massz%C3%A1zs+Palota+-+L%C3%A9lekmassz%C3%A1zs,+KoroKan+massz%C3%A1zs,+Talpmassz%C3%A1zs/data=!4m7!3m6!1s0x4741db1fe36a8baf:0xc5e75fa89764191b!8m2!3d47.5434681!4d19.1413336!16s%2Fg%2F11f55sfb99!19sChIJr4tq4x_bQUcRGxlkl6hf58U?authuser=0&hl=hu&rclk=1",47.5434681,19.1413336,,06205011429,"Budapest, Nyírpalota út 55, 1157",,
Annamária masszázs,https://www.google.com/maps/place/Annam%C3%A1ria+massz%C3%A1zs/data=!4m7!3m6!1s0x4741dae05480c4a9:0x930ad1e9b437f0c0!8m2!3d47.5470684!4d19.14105!16s%2Fg%2F1tfj1yzp!19sChIJqcSAVODaQUcRwPA3tOnRCpM?authuser=0&hl=hu&rclk=1,47.5470684,19.14105,,06307882858,"Budapest, Nyírpalota út 93, 1157",,
TestLélekTér,https://www.google.com/maps/place/TestL%C3%A9lekT%C3%A9r/data=!4m7!3m6!1s0x4741c3838365e7bb:0xf9458b41b624daa2!8m2!3d47.562414!4d19.1147728!16s%2Fg%2F11sv31dq49!19sChIJu-dlg4PDQUcRotoktkGLRfk?authuser=0&hl=hu&rclk=1,47.562414,19.1147728,https://www.testlelekter.hu/,06317808552,"Budapest, Bácska u. 13-1.a, 1153",testlelekter@gmail.com,testlelekter@gmail.com
Andrea szépség és egészség,https://www.google.com/maps/place/Andrea+sz%C3%A9ps%C3%A9g+%C3%A9s+eg%C3%A9szs%C3%A9g/data=!4m7!3m6!1s0x4741dbd737dd605d:0x24b1d60035ccdece!8m2!3d47.5687!4d19.1246829!16s%2Fg%2F11svbzn1t1!19sChIJXWDdN9fbQUcRzt7MNQDWsSQ?authuser=0&hl=hu&rclk=1,47.5687,19.1246829,,06202846599,"Budapest, Énekes u. 9, 1151",,
L'Essence Body & Soul kozmetikai és masszázs studio,https://www.google.com/maps/place/L%27Essence+Body+%26+Soul+kozmetikai+%C3%A9s+massz%C3%A1zs+studio/data=!4m7!3m6!1s0x4741db9cc177320b:0xc07326e3108aa204!8m2!3d47.5767866!4d19.1231705!16s%2Fg%2F11rhwg3cns!19sChIJCzJ3wZzbQUcRBKKKEOMmc8A?authuser=0&hl=hu&rclk=1,47.5767866,19.1231705,,06306261504,"Budapest, Veresegyházi u. 43, 1151",,
1stCLUB Fitness & Wellness,https://www.google.com/maps/place/1stCLUB+Fitness+%26+Wellness/data=!4m7!3m6!1s0x4741c4d0e5fb088d:0x6f01b6ff01404fe6!8m2!3d47.5320384!4d19.1754869!16s%2Fg%2F11bby72w89!19sChIJjQj75dDEQUcR5k9AAf-2AW8?authuser=0&hl=hu&rclk=1,47.5320384,19.1754869,,0614050745,"Budapest, Csömöri út 227, 1162",,
Gaia Élmény,https://www.google.com/maps/place/Gaia+%C3%89lm%C3%A9ny/data=!4m7!3m6!1s0x4741c51b0cf7f29f:0x48a91018300882df!8m2!3d47.5179225!4d19.230365!16s%2Fg%2F11lgl0lyjc!19sChIJn_L3DBvFQUcR34IIMBgQqUg?authuser=0&hl=hu&rclk=1,47.5179225,19.230365,http://www.gaiaelmeny.hu/,06707194959,"Budapest, Vidámvásár u. 99-101, 1164",gaiaelmeny2020@gmail.com,gaiaelmeny2020@gmail.com
Evelin masszázs,https://www.google.com/maps/place/Evelin+massz%C3%A1zs/data=!4m7!3m6!1s0x4741c5ff8272e13d:0x48f1b118365ef350!8m2!3d47.5116213!4d19.192446!16s%2Fg%2F11l2q8_5ky!19sChIJPeFygv_FQUcRUPNeNhix8Ug?authuser=0&hl=hu&rclk=1,47.5116213,19.192446,http://www.facebook.com/evelinmasszazs16,06305663703,"Budapest, Veres Péter út 110, 1165",,
Pandamasszázs,https://www.google.com/maps/place/Pandamassz%C3%A1zs/data=!4m7!3m6!1s0x4741c4a29bccac5b:0x4ce9e771a2d0b007!8m2!3d47.5177271!4d19.220611!16s%2Fg%2F11b8ydhqh5!19sChIJW6zMm6LEQUcRB7DQonHn6Uw?authuser=0&hl=hu&rclk=1,47.5177271,19.220611,http://delightful-lily-b29997.netlify.app/,06702379077,"Budapest, Cinke u. 43, 1164",,
"Wellness Oktatási Stúdió/Masszőr képző,Masszázs tanfolyam Budapest","https://www.google.com/maps/place/Wellness+Oktat%C3%A1si+St%C3%BAdi%C3%B3%2FMassz%C5%91r+k%C3%A9pz%C5%91,Massz%C3%A1zs+tanfolyam+Budapest/data=!4m7!3m6!1s0x4741c4c9d03a54d5:0x56c709b537ce11cc!8m2!3d47.5206722!4d19.1659006!16s%2Fg%2F11h_6p_9t3!19sChIJ1VQ60MnEQUcRzBHON7UJx1Y?authuser=0&hl=hu&rclk=1",47.5206722,19.1659006,https://masszazskepzo.hu/,06204852969,"Budapest, Rákosi út 104, 1161",tanfolyamokinfo@gmail.com,tanfolyamokinfo@gmail.com
Luxury Thai Masszázs,https://www.google.com/maps/place/Luxury+Thai+Massz%C3%A1zs/data=!4m7!3m6!1s0x4741c5a40c458e81:0xcc5da7e7da279538!8m2!3d47.5409713!4d19.22493!16s%2Fg%2F11h1hq_d3m!19sChIJgY5FDKTFQUcROJUn2uenXcw?authuser=0&hl=hu&rclk=1,47.5409713,19.22493,https://luxurythaimasszazs.hu/,06703817001,"Csömör, Szabadság út 39, 2141",,
Masszázspatika-16. kerület,https://www.google.com/maps/place/Massz%C3%A1zspatika-16.+ker%C3%BClet/data=!4m7!3m6!1s0x4741c35ad9c9dd41:0x1081b44efbca42e1!8m2!3d47.50586!4d19.2047109!16s%2Fg%2F11fnsnphgn!19sChIJQd3J2VrDQUcR4ULK-060gRA?authuser=0&hl=hu&rclk=1,47.50586,19.2047109,https://masszazspatika.hu/,06202202410,"Budapest, Nyílhegy u. 8, 1163",belluspeti@gmail.com,"belluspeti@gmail.com, info@domainem.hu"
Golden Shield Massage,https://www.google.com/maps/place/Golden+Shield+Massage/data=!4m7!3m6!1s0x4741c502eba6a9bb:0xb333c815bdcb9ac8!8m2!3d47.5243444!4d19.1570077!16s%2Fg%2F11xmx9nqpn!19sChIJu6mm6wLFQUcRyJrLvRXIM7M?authuser=0&hl=hu&rclk=1,47.5243444,19.1570077,https://golden-shield-massage.reservline.com/,06703414429,"Budapest, Rákóczi út 98, 1161",,
Pangea Masszázs Stúdió,https://www.google.com/maps/place/Pangea+Massz%C3%A1zs+St%C3%BAdi%C3%B3/data=!4m7!3m6!1s0x4741c59d53d9a5bd:0x5d331298ffe426da!8m2!3d47.5241824!4d19.171057!16s%2Fg%2F11wjb3wl_4!19sChIJvaXZU53FQUcR2ibk_5gSM10?authuser=0&hl=hu&rclk=1,47.5241824,19.171057,https://www.pangeamasszazs.hu/,06306239327,"Budapest, János u. 72, 1162",,
Kertvárosi frissítő masszázs,https://www.google.com/maps/place/Kertv%C3%A1rosi+friss%C3%ADt%C5%91+massz%C3%A1zs/data=!4m7!3m6!1s0x4741c53a4217aa8b:0x2a9bce5514ca8ed5!8m2!3d47.5183648!4d19.1848503!16s%2Fg%2F11f76strvj!19sChIJi6oXQjrFQUcR1Y7KFFXOmyo?authuser=0&hl=hu&rclk=1,47.5183648,19.1848503,http://www.kertvarosimasszazs.hu/,06306503597,"Budapest, Gizella tér 1, 1161",,
Haydu Petra Debóra masszőr,https://www.google.com/maps/place/Haydu+Petra+Deb%C3%B3ra+massz%C5%91r/data=!4m7!3m6!1s0x4741db88ff13eb79:0xc30e3b56c00fc2a2!8m2!3d47.5385256!4d19.1673442!16s%2Fg%2F11l_8fdb1w!19sChIJeesT_4jbQUcRosIPwFY7DsM?authuser=0&hl=hu&rclk=1,47.5385256,19.1673442,,06303936206,"Budapest, Marcell u. 54B, 1162",,
Samassage Budapest,https://www.google.com/maps/place/Samassage+Budapest/data=!4m7!3m6!1s0x4741c5b660853611:0xc1a7ca83768b1263!8m2!3d47.5078543!4d19.1743248!16s%2Fg%2F11vwd8yplv!19sChIJETaFYLbFQUcRYxKLdoPKp8E?authuser=0&hl=hu&rclk=1,47.5078543,19.1743248,https://www.samassage.hu/,06302733604,"Budapest, Veres Péter út 21.b, 1165",,
Kertvárosi Közérzetjavító Stúdió,https://www.google.com/maps/place/Kertv%C3%A1rosi+K%C3%B6z%C3%A9rzetjav%C3%ADt%C3%B3+St%C3%BAdi%C3%B3/data=!4m7!3m6!1s0x4741d96605364ba5:0x39ed8998c4ca5e14!8m2!3d47.5086593!4d19.161443!16s%2Fg%2F11n5s7c8g4!19sChIJpUs2BWbZQUcRFF7KxJiJ7Tk?authuser=0&hl=hu&rclk=1,47.5086593,19.161443,https://www.facebook.com/kkozerzetjavitostudio,06304329092,"Budapest, Cziráki u. 26-32-1. emelet, 1163",,
Fahéj Masszázs Stúdió,https://www.google.com/maps/place/Fah%C3%A9j+Massz%C3%A1zs+St%C3%BAdi%C3%B3/data=!4m7!3m6!1s0x4741c51d2a34928b:0xab4b9bd452adce67!8m2!3d47.5387707!4d19.1903615!16s%2Fg%2F11y9b6mm66!19sChIJi5I0Kh3FQUcRZ86tUtSbS6s?authuser=0&hl=hu&rclk=1,47.5387707,19.1903615,https://fahejmasszazsstudio.my.canva.site/,06204654876,"Budapest, Csömöri út 337, 1162",fahejmasszazs@gmail.com,fahejmasszazs@gmail.com
Anandabell,https://www.google.com/maps/place/Anandabell/data=!4m7!3m6!1s0x4741c566ec55e64b:0xc4abd6fcf8273ddb!8m2!3d47.5089063!4d19.1810642!16s%2Fg%2F11hnlkctml!19sChIJS-ZV7GbFQUcR2z0n-PzWq8Q?authuser=0&hl=hu&rclk=1,47.5089063,19.1810642,https://anandabell.hu/,06202891489,"Budapest, Galgahévíz u. 2, 1163",info@anadabell.hu,info@anadabell.hu
Levendula Masszőr Képző - Masszázs Tanfolyam Budapest,https://www.google.com/maps/place/Levendula+Massz%C5%91r+K%C3%A9pz%C5%91+-+Massz%C3%A1zs+Tanfolyam+Budapest/data=!4m7!3m6!1s0x4741c597f11b3ddf:0x684d3d9465e33153!8m2!3d47.5097495!4d19.1848995!16s%2Fg%2F11swybzdr_!19sChIJ3z0b8ZfFQUcRUzHjZZQ9TWg?authuser=0&hl=hu&rclk=1,47.5097495,19.1848995,https://masszortanfolyamok.hu/,06202625043,"Budapest, Veres Péter út 77, 1163",info@masszortanfolyamok.hu,info@masszortanfolyamok.hu
Kátai István gyógymasszőr,https://www.google.com/maps/place/K%C3%A1tai+Istv%C3%A1n+gy%C3%B3gymassz%C5%91r/data=!4m7!3m6!1s0x4741c5d0e62f8ef5:0x5e428ee1b341fd0c!8m2!3d47.5101703!4d19.2185829!16s%2Fg%2F11h6qd155y!19sChIJ9Y4v5tDFQUcRDP1Bs-GOQl4?authuser=0&hl=hu&rclk=1,47.5101703,19.2185829,,06302804783,"Budapest, Farkashalom u. 57, 1165",,
Szép Anyák alakformáló és masszázs szalon,https://www.google.com/maps/place/Sz%C3%A9p+Any%C3%A1k+alakform%C3%A1l%C3%B3+%C3%A9s+massz%C3%A1zs+szalon/data=!4m7!3m6!1s0x4741c512e7388b2f:0xee6ee9bdf640be60!8m2!3d47.5184336!4d19.234887!16s%2Fg%2F11h3ypst4v!19sChIJL4s45xLFQUcRYL5A9r3pbu4?authuser=0&hl=hu&rclk=1,47.5184336,19.234887,https://szepanyak.hu/,06709400378,"Budapest, Cukornád u. 20, 1164",,
"Harmónia Wellness-Természetgyógyász Központ - Allergia Vizsgálat, Colon Hidroterápia, Élelmiszer Intolerancia, Budapest","https://www.google.com/maps/place/Harm%C3%B3nia+Wellness-Term%C3%A9szetgy%C3%B3gy%C3%A1sz+K%C3%B6zpont+-+Allergia+Vizsg%C3%A1lat,+Colon+Hidroter%C3%A1pia,+%C3%89lelmiszer+Intolerancia,+Budapest/data=!4m7!3m6!1s0x4741c51e62ef9f65:0x1d2634a29ac01d35!8m2!3d47.5365296!4d19.2027662!16s%2Fg%2F1tscms7t!19sChIJZZ_vYh7FQUcRNR3AmqI0Jh0?authuser=0&hl=hu&rclk=1",47.5365296,19.2027662,http://www.harmonia-wellness.hu/,06303112241,"Budapest, Bekecs u. 87, 1162",,
Tündérintés Masszázs,https://www.google.com/maps/place/T%C3%BCnd%C3%A9rint%C3%A9s+Massz%C3%A1zs/data=!4m7!3m6!1s0x4741c55cf54ac2d1:0x21e231de7081de29!8m2!3d47.5036618!4d19.1782664!16s%2Fg%2F11vcl25p_j!19sChIJ0cJK9VzFQUcRKd6BcN4x4iE?authuser=0&hl=hu&rclk=1,47.5036618,19.1782664,,06308134322,"Budapest, Gordonka u. 59, 1163",,
Esszencia Arcmasszázs Stúdió,https://www.google.com/maps/place/Esszencia+Arcmassz%C3%A1zs+St%C3%BAdi%C3%B3/data=!4m7!3m6!1s0x4741c534dff83d31:0xd656b9cadd021aca!8m2!3d47.5249642!4d19.2105184!16s%2Fg%2F11yc1fsg6f!19sChIJMT343zTFQUcRyhoC3cq5VtY?authuser=0&hl=hu&rclk=1,47.5249642,19.2105184,https://app.minup.io/book/esszencia-arcmasszazs,06302884330,"Budapest, Bóbitás út 18/b, 1164",,
Egy Kiss Harmónia - Masszázs és Jóga,https://www.google.com/maps/place/Egy+Kiss+Harm%C3%B3nia+-+Massz%C3%A1zs+%C3%A9s+J%C3%B3ga/data=!4m7!3m6!1s0x4741c524ce98346f:0xb9a371473cb3054b!8m2!3d47.5282355!4d19.1633562!16s%2Fg%2F11pclj8qy8!19sChIJbzSYziTFQUcRSwWzPEdxo7k?authuser=0&hl=hu&rclk=1,47.5282355,19.1633562,,06309249525,"Budapest, Érsekújvári u. 10, 1161",,
Buddha Masszázs,https://www.google.com/maps/place/Buddha+Massz%C3%A1zs/data=!4m7!3m6!1s0x4741c50005bd821f:0x5fb9934d1ded797b!8m2!3d47.5093898!4d19.1826152!16s%2Fg%2F11y2h84y4n!19sChIJH4K9BQDFQUcRe3ntHU2TuV8?authuser=0&hl=hu&rclk=1,47.5093898,19.1826152,https://buddhamasszazs.hu/,06307361106,"Budapest, Veres Péter út 63, 1163",,
Lazító Kezek Masszázs és Shiatsu,https://www.google.com/maps/place/Laz%C3%ADt%C3%B3+Kezek+Massz%C3%A1zs+%C3%A9s+Shiatsu/data=!4m7!3m6!1s0x4741c5b6fb7fdd89:0x94bbf81552849a68!8m2!3d47.5206924!4d19.1837879!16s%2Fg%2F11fj7gbyn3!19sChIJid1_-7bFQUcRaJqEUhX4u5Q?authuser=0&hl=hu&rclk=1,47.5206924,19.1837879,http://www.lazitokezek.hu/,06303614236,"Budapest, Olga u. 37, 1165",csilla@lazitokezek.hu,csilla@lazitokezek.hu
"Tóth Ádám Masszőr, Masszázs","https://www.google.com/maps/place/T%C3%B3th+%C3%81d%C3%A1m+Massz%C5%91r,+Massz%C3%A1zs/data=!4m7!3m6!1s0x4741c599a9379bf3:0xb489fbfb36df28dd!8m2!3d47.5081582!4d19.1567349!16s%2Fg%2F11qg3js781!19sChIJ85s3qZnFQUcR3SjfNvv7ibQ?authuser=0&hl=hu&rclk=1",47.5081582,19.1567349,https://www.facebook.com/adamtothmasszor/,06209956757,"Budapest, Egyenes u. 20, 1163",,
Harmónia Háza Budapest,https://www.google.com/maps/place/Harm%C3%B3nia+H%C3%A1za+Budapest/data=!4m7!3m6!1s0x4741c57404216033:0x7c20ee5964a2a091!8m2!3d47.5044311!4d19.2175974!16s%2Fg%2F11ll2ntgmb!19sChIJM2AhBHTFQUcRkaCiZFnuIHw?authuser=0&hl=hu&rclk=1,47.5044311,19.2175974,,,"Budapest, Zsemlékes út 25, 1165",,
Spirit Health&Beauty,https://www.google.com/maps/place/Spirit+Health%26Beauty/data=!4m7!3m6!1s0x4741c5b3f19cd1b7:0x1e834fa726c76e1!8m2!3d47.531942!4d19.1753886!16s%2Fg%2F11rcgn22f3!19sChIJt9Gc8bPFQUcR4XZscvo06AE?authuser=0&hl=hu&rclk=1,47.531942,19.1753886,https://spirithealthbeauty.hu/,06708846338,"Budapest, Csömöri út 227, 1162",info@spirithb.hu,info@spirithb.hu
Kozma masszázs,https://www.google.com/maps/place/Kozma+massz%C3%A1zs/data=!4m7!3m6!1s0x4741c5456c0728fb:0x1d95d121b57e4fb9!8m2!3d47.5088625!4d19.1711057!16s%2Fg%2F11trfhb03m!19sChIJ-ygHbEXFQUcRuU9-tSHRlR0?authuser=0&hl=hu&rclk=1,47.5088625,19.1711057,https://www.facebook.com/evelin.masszazs,06704891289,"Budapest, Thököly út 10, 1163",,
Kékgyémánt Kozmetika,https://www.google.com/maps/place/K%C3%A9kgy%C3%A9m%C3%A1nt+Kozmetika/data=!4m7!3m6!1s0x4741c4950f5272af:0x49b193965555ab26!8m2!3d47.5147144!4d19.1838021!16s%2Fg%2F1pp2tywqx!19sChIJr3JSD5XEQUcRJqtVVZaTsUk?authuser=0&hl=hu&rclk=1,47.5147144,19.1838021,http://www.kekgyemant.hu/,06703145088,"Budapest, Rovás u. 1, 1163",,
Korona Műköröm És Masszázs Studió,https://www.google.com/maps/place/Korona+M%C5%B1k%C3%B6r%C3%B6m+%C3%89s+Massz%C3%A1zs+Studi%C3%B3/data=!4m7!3m6!1s0x4741c4da5a924425:0x64b041cca88ec827!8m2!3d47.5308188!4d19.1801351!16s%2Fg%2F11c72qhkkq!19sChIJJUSSWtrEQUcRJ8iOqMxBsGQ?authuser=0&hl=hu&rclk=1,47.5308188,19.1801351,,06705107056,"Budapest, Szent Korona u. 236, 1162",,
Bloom Beauty Salon Budapest,https://www.google.com/maps/place/Bloom+Beauty+Salon+Budapest/data=!4m7!3m6!1s0x4741dbfebb1af187:0xa5d97b0fc7e5b89d!8m2!3d47.5239287!4d19.1567206!16s%2Fg%2F11l_5y9xrt!19sChIJh_Eau_7bQUcRnbjlxw972aU?authuser=0&hl=hu&rclk=1,47.5239287,19.1567206,https://www.instagram.com/bloombeautysalonbudapest?igsh=MTdhMDN3ZXI0ZzJyeg%3D%3D&utm_source=qr,,"Budapest, Csömöri út 68, 1161",,
Marianna Masszázs Stúdió,https://www.google.com/maps/place/Marianna+Massz%C3%A1zs+St%C3%BAdi%C3%B3/data=!4m7!3m6!1s0x4741c54d523a6ac5:0x3789e7f2676f3648!8m2!3d47.5105612!4d19.201742!16s%2Fg%2F11s764m7ww!19sChIJxWo6Uk3FQUcRSDZvZ_LniTc?authuser=0&hl=hu&rclk=1,47.5105612,19.201742,https://mariannamasszazs.hu/,06704195454,"Budapest, Hunyadvár u. 41-B 3. emelet 44, 1165",v.marianna94@gmail.com,v.marianna94@gmail.com
Royal Szépségszalon Árpádföld,https://www.google.com/maps/place/Royal+Sz%C3%A9ps%C3%A9gszalon+%C3%81rp%C3%A1df%C3%B6ld/data=!4m7!3m6!1s0x4741c4e378066c43:0x8e9cc8955565b501!8m2!3d47.5298719!4d19.2034122!16s%2Fg%2F1tcyw5_y!19sChIJQ2wGeOPEQUcRAbVlVZXInI4?authuser=0&hl=hu&rclk=1,47.5298719,19.2034122,http://royalszepsegszalon.hu/,,"Budapest, Budapesti út 238, 1162",zita@royalszepsegszalon.com,zita@royalszepsegszalon.com
Nyirokmasszázs,https://www.google.com/maps/place/Nyirokmassz%C3%A1zs/data=!4m7!3m6!1s0x4741c4cc5deab38d:0x60a2e5652e7697db!8m2!3d47.5268172!4d19.1641022!16s%2Fg%2F11hys_z9jh!19sChIJjbPqXczEQUcR25d2LmXlomA?authuser=0&hl=hu&rclk=1,47.5268172,19.1641022,http://www.nyirokmasszazs.com/kapcsolat.html,06309003094,"Budapest, Csömöri út 149, 1161",,
"Mozgásszervi Rendelő - manuális terápiák, gyógymasszázs, gyógytorna, reflux-terápia","https://www.google.com/maps/place/Mozg%C3%A1sszervi+Rendel%C5%91+-+manu%C3%A1lis+ter%C3%A1pi%C3%A1k,+gy%C3%B3gymassz%C3%A1zs,+gy%C3%B3gytorna,+reflux-ter%C3%A1pia/data=!4m7!3m6!1s0x4741db097b92fc39:0x5d6d9d683b72c00e!8m2!3d47.5232193!4d19.1665041!16s%2Fg%2F11h09lndn!19sChIJOfySewnbQUcRDsByO2idbV0?authuser=0&hl=hu&rclk=1",47.5232193,19.1665041,https://www.fajdalomterapia.com/,06706381075,"Budapest, Mária u. 74, 1161",,
Blooming Art & Beauty Szépségszalon,https://www.google.com/maps/place/Blooming+Art+%26+Beauty+Sz%C3%A9ps%C3%A9gszalon/data=!4m7!3m6!1s0x4741c576997bbd45:0x56a19a6c51afceb5!8m2!3d47.529599!4d19.2025996!16s%2Fg%2F11k5vzl0ws!19sChIJRb17mXbFQUcRtc6vUWyaoVY?authuser=0&hl=hu&rclk=1,47.529599,19.2025996,https://bloomingartandbeauty.com/,0612905387,"Budapest, Budapesti út 232, 1162",,
Move and stretch masszázs,https://www.google.com/maps/place/Move+and+stretch+massz%C3%A1zs/data=!4m7!3m6!1s0x4741db7907e31573:0x85a0d520030ac96f!8m2!3d47.5139854!4d19.1949787!16s%2Fg%2F11q251z_jn!19sChIJcxXjB3nbQUcRb8kKAyDVoIU?authuser=0&hl=hu&rclk=1,47.5139854,19.1949787,https://miketunde.wixsite.com/moveandstretch,06205375422,"Budapest, Arany János u. 12, 1153",2062d0a4929b45348643784b5cb39c36@sentry.wixpress.com,"2062d0a4929b45348643784b5cb39c36@sentry.wixpress.com, 460ff4620fa44cba8df530afde949785@sentry.wixpress.com, c183baa23371454f99f417f6616b724d@sentry.wixpress.com, 605a7baede844d278b89dc95ae0a9123@sentry-next.wixpress.com, ed436f5053144538958ad06a5005e99a@sentry.wixpress.com, 8c4075d5481d476e945486754f783364@sentry.io, 271e9fa3230b4eec94b02bf95780f5f2@sentry.wixpress.com, dd0a55ccb8124b9c9d938e3acf41f8aa@sentry.wixpress.com, 9a65e97ebe8141fca0c4fd686f70996b@sentry.wixpress.com"
Test-Lélek Masszázs,https://www.google.com/maps/place/Test-L%C3%A9lek+Massz%C3%A1zs/data=!4m7!3m6!1s0x4741c5a613e214d9:0x9ad91b32c47d74ed!8m2!3d47.526871!4d19.202463!16s%2Fg%2F11lnvsmdln!19sChIJ2RTiE6bFQUcR7XR9xDIb2Zo?authuser=0&hl=hu&rclk=1,47.526871,19.202463,https://www.test-lelek-masszazs.hu/,06703605633,"Budapest, Felsőmalom u. 3/D, 1164",emese.janiga@gmail.com,"emese.janiga@gmail.com, hello@domained.hu"
"Gergely Tibor - Csontkovács, gyógymasszőr","https://www.google.com/maps/place/Gergely+Tibor+-+Csontkov%C3%A1cs,+gy%C3%B3gymassz%C5%91r/data=!4m7!3m6!1s0x4741db693ffc2f03:0xa5bf6f24fa84f0e7!8m2!3d47.5292961!4d19.1685581!16s%2Fg%2F11bttf62pf!19sChIJAy_8P2nbQUcR5_CE-iRvv6U?authuser=0&hl=hu&rclk=1",47.5292961,19.1685581,http://www.izomgyogyasz.hu/,06703898770,"Budapest, Csömöri út 158, 1162",,
Lavór pedikűr 16. Kerület - Kovács Katus,https://www.google.com/maps/place/Lav%C3%B3r+pedik%C5%B1r+16.+Ker%C3%BClet+-+Kov%C3%A1cs+Katus/data=!4m7!3m6!1s0xa1d6060fe55a5e37:0xbdaac8f262bbfe96!8m2!3d47.5215273!4d19.1677225!16s%2Fg%2F11n3z1v0kd!19sChIJN15a5Q8G1qERlv67YvLIqr0?authuser=0&hl=hu&rclk=1,47.5215273,19.1677225,https://mrcut.salonic.hu/employees/21858/?placeId=4668s,06703288430,"Budapest, Rákosi út 116, 1161",,
Garden Hair Salon,https://www.google.com/maps/place/Garden+Hair+Salon/data=!4m7!3m6!1s0x4741c545a90a13a9:0x8d3833c35e8a1a8f!8m2!3d47.5343612!4d19.1805928!16s%2Fg%2F11tx6_z80h!19sChIJqRMKqUXFQUcRjxqKXsMzOI0?authuser=0&hl=hu&rclk=1,47.5343612,19.1805928,https://b668466.alteg.io/company/751902/personal/select-master?gcid=2068883598.1775914754&o=&utm_source=ig&utm_medium=social&utm_content=link_in_bio&fbclid=PAZnRzaASGWylleHRuA2FlbQIxMQBzcnRjBmFwcF9pZA8xMjQwMjQ1NzQyODc0MTQAAadA8Bcdd76hUDW9d8MHRULXSmoawXpSIl8j2jrP1YP2pupcNxSM4QpwD13XtA_aem_cRGuUxIR0txBCUhrm8WHBg&utm_id=97760_v0_s00_e0_tv3,06300886560,"Budapest, Csömöri út 265, 1162",,
Alory Testi-Lelki Stúdió,https://www.google.com/maps/place/Alory+Testi-Lelki+St%C3%BAdi%C3%B3/data=!4m7!3m6!1s0x4741c4f863c9a789:0x8b4111aa73fec9f2!8m2!3d47.5239944!4d19.2161064!16s%2Fg%2F11fxxw_xb2!19sChIJiafJY_jEQUcR8sn-c6oRQYs?authuser=0&hl=hu&rclk=1,47.5239944,19.2161064,http://www.alory.hu/,06703474447,"Budapest, Biztató út 11, 1164",info@alory.hu,info@alory.hu
Kislótusz Természetgyógyászat,https://www.google.com/maps/place/Kisl%C3%B3tusz+Term%C3%A9szetgy%C3%B3gy%C3%A1szat/data=!4m7!3m6!1s0x4741c4a5e96ab6cf:0x5a100f3245863191!8m2!3d47.5116014!4d19.1923982!16s%2Fg%2F1hhvksl_f!19sChIJz7Zq6aXEQUcRkTGGRTIPEFo?authuser=0&hl=hu&rclk=1,47.5116014,19.1923982,http://www.kislotusz.hu/,06702761505,"Budapest, Veres Péter út 110, 1163",andrea@kislotusz.hu,andrea@kislotusz.hu
Banya-Tanya,https://www.google.com/maps/place/Banya-Tanya/data=!4m7!3m6!1s0x4741c51559a487f1:0x3b1d462809d6add6!8m2!3d47.5182922!4d19.2306755!16s%2Fg%2F11nyl4kw65!19sChIJ8YekWRXFQUcR1q3WCShGHTs?authuser=0&hl=hu&rclk=1,47.5182922,19.2306755,,,"Budapest, Batthyány Ilona u. 1, 1164",,
Slim Fitt,https://www.google.com/maps/place/Slim+Fitt/data=!4m7!3m6!1s0x4741c510a21cbbf9:0x13e626e5f6054200!8m2!3d47.5115838!4d19.1923888!16s%2Fg%2F11h3l2968s!19sChIJ-bscohDFQUcRAEIF9uUm5hM?authuser=0&hl=hu&rclk=1,47.5115838,19.1923888,http://www.slimfitt.hu/,06308285184,"Budapest, Veres Péter út 110, 1165",info@slimfitt.hu,info@slimfitt.hu
Masszázsok,https://www.google.com/maps/place/Massz%C3%A1zsok/data=!4m7!3m6!1s0x4741c4f863c9a789:0xd0cb7eb6405ff72d!8m2!3d47.525212!4d19.2121396!16s%2Fg%2F11fn6smzlw!19sChIJiafJY_jEQUcRLfdfQLZ-y9A?authuser=0&hl=hu&rclk=1,47.525212,19.2121396,,06309912044,"Polgár, 1164",,
Timea talpreflexológia&aroma masszázs-Budapest,https://www.google.com/maps/place/Timea+talpreflexol%C3%B3gia%26aroma+massz%C3%A1zs-Budapest/data=!4m7!3m6!1s0x4741c5ff81a87f61:0xbc9a87000362f41a!8m2!3d47.5052086!4d19.1975728!16s%2Fg%2F11h_wxdgsw!19sChIJYX-ogf_FQUcRGvRiAwCHmrw?authuser=0&hl=hu&rclk=1,47.5052086,19.1975728,,,"Budapest, Újszász u. 45/B, 1165",,
Zöldfa Jóga és masszázs,https://www.google.com/maps/place/Z%C3%B6ldfa+J%C3%B3ga+%C3%A9s+massz%C3%A1zs/data=!4m7!3m6!1s0x4741c5a3f5127f3b:0x7b52106053b97856!8m2!3d47.5148146!4d19.1877992!16s%2Fg%2F11vy6qnrb9!19sChIJO38S9aPFQUcRVni5U2AQUns?authuser=0&hl=hu&rclk=1,47.5148146,19.1877992,https://www.facebook.com/profile.php?id=100090294751657,06709441848,"Budapest, Szabadság u. 38, 1165",,
UNIQUE-DAY Kozmetika,https://www.google.com/maps/place/UNIQUE-DAY+Kozmetika/data=!4m7!3m6!1s0x4741c4cc5deab38d:0x77cc3ee98e2bad55!8m2!3d47.5268172!4d19.1641022!16s%2Fg%2F11cnbwxm22!19sChIJjbPqXczEQUcRVa0rjuk-zHc?authuser=0&hl=hu&rclk=1,47.5268172,19.1641022,https://www.uniqueday.hu/,06304072250,"Budapest, Csömöri út 149, 1161",,
Jógaliget és Fitness Stúdió,https://www.google.com/maps/place/J%C3%B3galiget+%C3%A9s+Fitness+St%C3%BAdi%C3%B3/data=!4m7!3m6!1s0x4741c461f3c21ed5:0x7d4e450b42220cf6!8m2!3d47.5078953!4d19.2065474!16s%2Fg%2F1tffsqc_!19sChIJ1R7C82HEQUcR9gwiQgtFTn0?authuser=0&hl=hu&rclk=1,47.5078953,19.2065474,http://www.jogaliget.hu/,06309631601,"Budapest, Újszász u. 106, 1165",recepcio@jogaliget.hu,recepcio@jogaliget.hu
ANDA Szépségszalon,https://www.google.com/maps/place/ANDA+Sz%C3%A9ps%C3%A9gszalon/data=!4m7!3m6!1s0x4741db2b1bac0b8b:0x86dff54dbf6728f3!8m2!3d47.5376272!4d19.1647607!16s%2Fg%2F11c3pmy9g_!19sChIJiwusGyvbQUcR8yhnv03134Y?authuser=0&hl=hu&rclk=1,47.5376272,19.1647607,,,"Budapest, György u. 82, 1161",,
Zaya kéz- és lábápoló szalon,https://www.google.com/maps/place/Zaya+k%C3%A9z-+%C3%A9s+l%C3%A1b%C3%A1pol%C3%B3+szalon/data=!4m7!3m6!1s0x4741c5dc94ddcbd5:0x712e928be0c4f2f7!8m2!3d47.5343831!4d19.1806047!16s%2Fg%2F11m6c4h_rq!19sChIJ1cvdlNzFQUcR9_LE4IuSLnE?authuser=0&hl=hu&rclk=1,47.5343831,19.1806047,,06706817788,"Budapest, Csömöri út 265, 1162",,
Infinity Jóga és Gerinctréning,https://www.google.com/maps/place/Infinity+J%C3%B3ga+%C3%A9s+Gerinctr%C3%A9ning/data=!4m7!3m6!1s0x4741c4fa31acf4fb:0xfdee6b39ff3e56e7!8m2!3d47.5374792!4d19.1876415!16s%2Fg%2F11bxg_3rpg!19sChIJ-_SsMfrEQUcR51Y-_zlr7v0?authuser=0&hl=hu&rclk=1,47.5374792,19.1876415,http://www.infinitystudio.hu/,06204099737,"Budapest, Rozsos u. 42, 1162",hello@infinitystudio.hu,hello@infinitystudio.hu
Mirror Beauty And Spa Kft.,https://www.google.com/maps/place/Mirror+Beauty+And+Spa+Kft./data=!4m7!3m6!1s0x4741c48cb8472ee9:0x9e9c3525fa792857!8m2!3d47.5132686!4d19.2007453!16s%2Fg%2F11cn8t7905!19sChIJ6S5HuIzEQUcRVyh5-iU1nJ4?authuser=0&hl=hu&rclk=1,47.5132686,19.2007453,,06702529887,"Budapest, Imre u. 2, 1165",,
Queen Nails and Lashes & Masszázs – Holisztikus Testi-Lelki Szépség (16. kerület | Műköröm • Műszempilla • Masszázs),https://www.google.com/maps/place/Queen+Nails+and+Lashes+%26+Massz%C3%A1zs+%E2%80%93+Holisztikus+Testi-Lelki+Sz%C3%A9ps%C3%A9g+%2816.+ker%C3%BClet+%7C+M%C5%B1k%C3%B6r%C3%B6m+%E2%80%A2+M%C5%B1szempilla+%E2%80%A2+Massz%C3%A1zs%29/data=!4m7!3m6!1s0x4741c50e361759e7:0xc54a98b199219faf!8m2!3d47.5219271!4d19.1668236!16s%2Fg%2F11mh5x_3cn!19sChIJ51kXNg7FQUcRr58hmbGYSsU?authuser=0&hl=hu&rclk=1,47.5219271,19.1668236,https://queennailsandlashes9.webnode.hu/,06306892591,"Budapest, József u. 59, 1161",info@domainem.hu,info@domainem.hu
VitalWorld Studio Cinkota,https://www.google.com/maps/place/VitalWorld+Studio+Cinkota/data=!4m7!3m6!1s0x4741c520b7b27cf7:0x75c38bfe3f2e9af8!8m2!3d47.5292287!4d19.2348898!16s%2Fg%2F11xh39ck5p!19sChIJ93yytyDFQUcR-JouP_6Lw3U?authuser=0&hl=hu&rclk=1,47.5292287,19.2348898,https://vitalworldstudio.hu/,06706253799,"Budapest, Szabadföld út 79, 1164",info@vitalworldstudio.hu,info@vitalworldstudio.hu
Balog Evelin - Masszőr,https://www.google.com/maps/place/Balog+Evelin+-+Massz%C5%91r/data=!4m7!3m6!1s0x4741c598b63ac583:0xde01ac52cb6f383f!8m2!3d47.5369356!4d19.203115!16s%2Fg%2F11kq5v88rw!19sChIJg8U6tpjFQUcRPzhvy1KsAd4?authuser=0&hl=hu&rclk=1,47.5369356,19.203115,https://www.facebook.com/profile.php?id=100082581618576,06202281385,"Budapest, Timur u. 103, 1162",,
Aurora Thai Masszázs (Home Center),https://www.google.com/maps/place/Aurora+Thai+Massz%C3%A1zs+%28Home+Center%29/data=!4m7!3m6!1s0x4741c1932e063a73:0x96e1a130d722ff04!8m2!3d47.4737716!4d19.2715905!16s%2Fg%2F11v18x7k0s!19sChIJczoGLpPBQUcRBP8i1zCh4ZY?authuser=0&hl=hu&rclk=1,47.4737716,19.2715905,https://thaimassageaurora.hu/,06304225662,"Budapest, Pesti út 237, 1173",aurorathaimasszazs@gmail.com,aurorathaimasszazs@gmail.com
"Mantra17 - Eredeti Thai Masszázs, Liget Center","https://www.google.com/maps/place/Mantra17+-+Eredeti+Thai+Massz%C3%A1zs,+Liget+Center/data=!4m7!3m6!1s0x4741c7fb21fb63b5:0xcd2673513f0d833!8m2!3d47.4895602!4d19.2605606!16s%2Fg%2F11sj6q3r8x!19sChIJtWP7IfvHQUcRM9jwEzVn0gw?authuser=0&hl=hu&rclk=1",47.4895602,19.2605606,http://www.eredetithaimasszazs.hu/,06705541442,"Budapest, Liget center, Hősök tere 16, 1172",,
Smaragd Masszázs,https://www.google.com/maps/place/Smaragd+Massz%C3%A1zs/data=!4m7!3m6!1s0x4741c1584c642f75:0xbd1897925cbe658f!8m2!3d47.4725418!4d19.2784116!16s%2Fg%2F11f03w4_s0!19sChIJdS9kTFjBQUcRj2W-XJKXGL0?authuser=0&hl=hu&rclk=1,47.4725418,19.2784116,https://www.facebook.com/masszazs.smaragd/,06204652066,"Budapest, Pesti út 318, 1171",,
Aravinda Masszázs Stúdió,https://www.google.com/maps/place/Aravinda+Massz%C3%A1zs+St%C3%BAdi%C3%B3/data=!4m7!3m6!1s0x4741c76bb51f467f:0x6a5c79b1d4740d8b!8m2!3d47.4788171!4d19.2583755!16s%2Fg%2F11h6frz5lq!19sChIJf0YftWvHQUcRiw101LF5XGo?authuser=0&hl=hu&rclk=1,47.4788171,19.2583755,https://aravinda.m-website.com/,06706744567,"Budapest, Pesti út 183, 1173",teglas.gabriella@gmail.com,teglas.gabriella@gmail.com
Csend Masszàzs,https://www.google.com/maps/place/Csend+Massz%C3%A0zs/data=!4m7!3m6!1s0x4741c179f5f8fad3:0x295703bf9b718ff9!8m2!3d47.4833344!4d19.2394127!16s%2Fg%2F11h3mmgx05!19sChIJ0_r49XnBQUcR-Y9xm78DVyk?authuser=0&hl=hu&rclk=1,47.4833344,19.2394127,http://csendmasszazs.webnode.hu/,06702133313,"Budapest, Pesti út 40-50, 1173",info@domainem.hu,"info@domainem.hu, csendmasszazs@gmail.com"
Souvi Thai masszázs,https://www.google.com/maps/place/Souvi+Thai+massz%C3%A1zs/data=!4m7!3m6!1s0x4741c16034aeb4f7:0x2532401e82fbf803!8m2!3d47.4646647!4d19.2363957!16s%2Fg%2F11g81dblj8!19sChIJ97SuNGDBQUcRA_j7gh5AMiU?authuser=0&hl=hu&rclk=1,47.4646647,19.2363957,http://www.souvithaimasszazs.hu/,06203277019,"Budapest, Melczer u. 77/a, 1174",,
INZ Masszázs Stúdió,https://www.google.com/maps/place/INZ+Massz%C3%A1zs+St%C3%BAdi%C3%B3/data=!4m7!3m6!1s0x4741c715977a0cbf:0x3f6162c0fe3e4f7a!8m2!3d47.4824722!4d19.2770361!16s%2Fg%2F11ks583_7m!19sChIJvwx6lxXHQUcRek8-_sBiYT8?authuser=0&hl=hu&rclk=1,47.4824722,19.2770361,https://www.inz.hu/,06300974097,"Budapest, Nápoly u. 9, 1171",hello@driver.com,"hello@driver.com, info@kelemeninez.hu"
Tündi Masszázs,https://www.google.com/maps/place/T%C3%BCndi+Massz%C3%A1zs/data=!4m7!3m6!1s0x4741c394c5d02237:0x91910334d0fbc26a!8m2!3d47.4701633!4d19.2280556!16s%2Fg%2F11vx5xn0mm!19sChIJNyLQxZTDQUcRasL70DQDkZE?authuser=0&hl=hu&rclk=1,47.4701633,19.2280556,https://www.facebook.com/angel.hands.tundi.masszazs,06209263150,"Budapest, Kvasz András u. 28-1/4, 1174",,
Masszázs17 - Grendorf Zoltán svédmasszőr,https://www.google.com/maps/place/Massz%C3%A1zs17+-+Grendorf+Zolt%C3%A1n+sv%C3%A9dmassz%C5%91r/data=!4m7!3m6!1s0x4741c35315c98aff:0x6d15884a1daeb4e7!8m2!3d47.4804789!4d19.2430262!16s%2Fg%2F11wmhzt135!19sChIJ_4rJFVPDQUcR57SuHUqIFW0?authuser=0&hl=hu&rclk=1,47.4804789,19.2430262,https://masszazs17.hu/,06304815433,"Budapest, Újlak u. 5, 1173",,
VaníLia masszázs,https://www.google.com/maps/place/Van%C3%ADLia+massz%C3%A1zs/data=!4m7!3m6!1s0x4741c33c29b5364b:0x786792b9567f581f!8m2!3d47.4699273!4d19.2343349!16s%2Fg%2F11qrksy2js!19sChIJSza1KTzDQUcRH1h_VrmSZ3g?authuser=0&hl=hu&rclk=1,47.4699273,19.2343349,,06305882912,"Budapest, Szilárd u. 96, 1174",,
KAQUN Wellness Spa - Home Center,https://www.google.com/maps/place/KAQUN+Wellness+Spa+-+Home+Center/data=!4m7!3m6!1s0x4741c17b789ba793:0x4d74e05d33ddcbe8!8m2!3d47.4732141!4d19.2712582!16s%2Fg%2F11p64p_60s!19sChIJk6ebeHvBQUcR6MvdM13gdE0?authuser=0&hl=hu&rclk=1,47.4732141,19.2712582,https://kaqun.hu/,06301301111,"Budapest, Home Center, Csomafalva u. 2-B/4, 1173",info@kaqun.hu,info@kaqun.hu
Gyöngyösi Renáta- Masszőr,https://www.google.com/maps/place/Gy%C3%B6ngy%C3%B6si+Ren%C3%A1ta-+Massz%C5%91r/data=!4m7!3m6!1s0x4741c1cd7691b197:0xc2c969bac677fed6!8m2!3d47.4731583!4d19.2616983!16s%2Fg%2F11ldc_tr6n!19sChIJl7GRds3BQUcR1v53xrppycI?authuser=0&hl=hu&rclk=1,47.4731583,19.2616983,https://www.facebook.com/profile.php?id=100046226448228,,"Budapest, Kévekötő u. 18, 1173",,
"Masszázs, Akupresszúra, Fitoterápia, Arcreflexológia","https://www.google.com/maps/place/Massz%C3%A1zs,+Akupressz%C3%BAra,+Fitoter%C3%A1pia,+Arcreflexol%C3%B3gia/data=!4m7!3m6!1s0x4741c1485b2e3ffd:0x573a428762ecc50d!8m2!3d47.4734113!4d19.2683119!16s%2Fg%2F11fx91rv28!19sChIJ_T8uW0jBQUcRDcXsYodCOlc?authuser=0&hl=hu&rclk=1",47.4734113,19.2683119,http://www.erintes.net/,06309665076,"Budapest, Gyergyóalfalu u. 5, 1173",masszazs@erintes.net,masszazs@erintes.net
Magenta Masszázs,https://www.google.com/maps/place/Magenta+Massz%C3%A1zs/data=!4m7!3m6!1s0x4741c3ed9f749191:0x6cbf5f22002057e!8m2!3d47.4846574!4d19.2328618!16s%2Fg%2F11j2vgpsvw!19sChIJkZF0n-3DQUcRfgUCIPL1ywY?authuser=0&hl=hu&rclk=1,47.4846574,19.2328618,https://magenta-masszazs.webnode.hu/,06205721265,"fszt, Ráfész irodaház, Budapest, Pesti út 8-12, 1173",info@domainem.hu,info@domainem.hu
Robijó Masszázs,https://www.google.com/maps/place/Robij%C3%B3+Massz%C3%A1zs/data=!4m7!3m6!1s0x4741c10065159ba1:0xa38634a89fb63347!8m2!3d47.4802975!4d19.2566753!16s%2Fg%2F11yfr19kxq!19sChIJoZsVZQDBQUcRRzO2n6g0hqM?authuser=0&hl=hu&rclk=1,47.4802975,19.2566753,http://www.robijomasszazs.com/,06705727419,"Budapest, Pesti út 168, 1173",,
Fodormenta Beauty - kozmetika és masszázs Nőknek,https://www.google.com/maps/place/Fodormenta+Beauty+-+kozmetika+%C3%A9s+massz%C3%A1zs+N%C5%91knek/data=!4m7!3m6!1s0x2d4cbe2a25aef667:0x7fe5d73e007b9b21!8m2!3d47.4774034!4d19.2708045!16s%2Fg%2F11w_mkn305!19sChIJZ_auJSq-TC0RIZt7AD7X5X8?authuser=0&hl=hu&rclk=1,47.4774034,19.2708045,https://fodormentakozmetika.hu/,06702264847,"Budapest, Fodormenta u. 48, 1173",fodormentakozmetika@gmail.com,fodormentakozmetika@gmail.com
Masszázscentrum17,https://www.google.com/maps/place/Massz%C3%A1zscentrum17/data=!4m7!3m6!1s0x4741c124b8ccb449:0xa9cf33f99abdd1c4!8m2!3d47.4817527!4d19.2494707!16s%2Fg%2F11h_6qh9yp!19sChIJSbTMuCTBQUcRxNG9mvkzz6k?authuser=0&hl=hu&rclk=1,47.4817527,19.2494707,http://masszazscentrum17.hu/index.html,06304668780,"Budapest, Pesti út 122, 1173",,
Hangtál és masszázsvarázs,https://www.google.com/maps/place/Hangt%C3%A1l+%C3%A9s+massz%C3%A1zsvar%C3%A1zs/data=!4m7!3m6!1s0x4741c1eab9f027eb:0xccd5fabd9efac1ad!8m2!3d47.4765608!4d19.2583718!16s%2Fg%2F11lf43k213!19sChIJ6yfwuerBQUcRrcH6nr361cw?authuser=0&hl=hu&rclk=1,47.4765608,19.2583718,https://hangtal-es-masszazsvarazs-2.webnode.hu/,06705125153,"Budapest, Napkelet u. 23, 1173",info@domainem.hu,info@domainem.hu
Érintés,https://www.google.com/maps/place/%C3%89rint%C3%A9s/data=!4m7!3m6!1s0x4741c1485b2e3ffd:0x6c7dfdeb319ed62!8m2!3d47.4734164!4d19.2683025!16s%2Fg%2F11j0jk3mtw!19sChIJ_T8uW0jBQUcRYu0Zs97fxwY?authuser=0&hl=hu&rclk=1,47.4734164,19.2683025,http://m.erintes.net/news/kellemes-gyogyulas/,06309665076,"Budapest, Gyergyóalfalu u. 5, 1173",masszazs@erintes.net,masszazs@erintes.net
András-csontkovács,https://www.google.com/maps/place/Andr%C3%A1s-csontkov%C3%A1cs/data=!4m7!3m6!1s0x4741c35edff3d879:0x4f8b47e62d4624eb!8m2!3d47.4841684!4d19.2395798!16s%2Fg%2F11s93pyhzs!19sChIJedjz317DQUcR6yRGLeZHi08?authuser=0&hl=hu&rclk=1,47.4841684,19.2395798,https://www.facebook.com/profile.php?id=100057313545286,06203443717,"Budapest, Pesti út 40, 1173",,
Magna Natur Med,https://www.google.com/maps/place/Magna+Natur+Med/data=!4m7!3m6!1s0x4741c3e31f0fc249:0xfe959198319eb51e!8m2!3d47.4755664!4d19.238646!16s%2Fg%2F1hm52j819!19sChIJScIPH-PDQUcRHrWeMZiRlf4?authuser=0&hl=hu&rclk=1,47.4755664,19.238646,http://www.magnanaturmed.hu/,06309605825,"1. telephely: 1173 Budapest, Flamingó u. 19 2. telephely: Balatonakarattya, Bercsényi lejáró 1, Napfény pavilonsor 4, 8172",,
Masszázs csomagok,https://www.google.com/maps/place/Massz%C3%A1zs+csomagok/data=!4m7!3m6!1s0x4741c2b27626dc1f:0x7841242c667e2a5e!8m2!3d47.4656089!4d19.2417147!16s%2Fg%2F11h_6py529!19sChIJH9wmdrLCQUcRXip-ZiwkQXg?authuser=0&hl=hu&rclk=1,47.4656089,19.2417147,http://m.medical-harmonia.com/hirlevel/,06203113394,"Budapest, Ady Endre u., 1174",idopont@medical-harmonia.com,idopont@medical-harmonia.com
Botani-World,https://www.google.com/maps/place/Botani-World/data=!4m7!3m6!1s0x4741dd8e6576a237:0x8dead73fa67c5d10!8m2!3d47.4557549!4d19.2384802!16s%2Fg%2F11jyk3fjy1!19sChIJN6J2ZY7dQUcREF18pj_X6o0?authuser=0&hl=hu&rclk=1,47.4557549,19.2384802,,06205197463,"Budapest, Berzsenyi Dániel u. 2, 1174",,
Csudakéz masszázs,https://www.google.com/maps/place/Csudak%C3%A9z+massz%C3%A1zs/data=!4m7!3m6!1s0x4741c7542685bbd9:0x54c9435183554514!8m2!3d47.4805672!4d19.2983918!16s%2Fg%2F11k4jhd2vy!19sChIJ2buFJlTHQUcRFEVVg1FDyVQ?authuser=0&hl=hu&rclk=1,47.4805672,19.2983918,http://csudakez-masszazs.salonic.hu/,06709325609,"Budapest, Nemesbükk u. 55, 1171",,
GABOmasszázs17,https://www.google.com/maps/place/GABOmassz%C3%A1zs17/data=!4m7!3m6!1s0x4741c3e0a30f0863:0x402131aa9cbd0318!8m2!3d47.4830582!4d19.2404984!16s%2Fg%2F11h886twv5!19sChIJYwgPo-DDQUcRGAO9nKoxIUA?authuser=0&hl=hu&rclk=1,47.4830582,19.2404984,,06203546548,"Budapest, Pesti út 58. üzletsor, 1173",,
Sissi Talpmasszázs-Arcmasszázs,https://www.google.com/maps/place/Sissi+Talpmassz%C3%A1zs-Arcmassz%C3%A1zs/data=!4m7!3m6!1s0x4741c7e6c7bc0247:0xaff71bab0212723a!8m2!3d47.5007534!4d19.277095!16s%2Fg%2F11sn3xqjr3!19sChIJRwK8x-bHQUcROnISAqsb968?authuser=0&hl=hu&rclk=1,47.5007534,19.277095,https://sissi-talpmasszazs.webnode.hu/,06702399539,"Budapest, Hártya u. 68, 1172",info@domainem.hu,"info@domainem.hu, sissitalpmassazs@gmail.com, sissitalpmasszazs@gmail.com"
Dina masszázs-Hypoxikuckó,https://www.google.com/maps/place/Dina+massz%C3%A1zs-Hypoxikuck%C3%B3/data=!4m7!3m6!1s0x4741c3534f60f40f:0xf083de38a228bcf8!8m2!3d47.4692948!4d19.2334827!16s%2Fg%2F11h1kqbp4b!19sChIJD_RgT1PDQUcR-Lwoojjeg_A?authuser=0&hl=hu&rclk=1,47.4692948,19.2334827,,06304969933,"Budapest, Martinovics u. 20, 1174",,
Orchidea Szépségszalon,https://www.google.com/maps/place/Orchidea+Sz%C3%A9ps%C3%A9gszalon/data=!4m7!3m6!1s0x4741c136504c97dd:0x8cd8c09aa23ea06e!8m2!3d47.4737241!4d19.2743117!16s%2Fg%2F12mj7m45z!19sChIJ3ZdMUDbBQUcRbqA-oprA2Iw?authuser=0&hl=hu&rclk=1,47.4737241,19.2743117,http://www.orchidea-szepsegszalon.hu/,06203880503,"Budapest, Pesti út 296, 1173",fannysc65@gmail.com,"fannysc65@gmail.com, szucs.kata@freemail.hu, kernaynikol85@gmail.com, szucsnikolett19@gmail.com"
"Diadal- Naplás Wellness sarok,és Masszázs.17.kerület.","https://www.google.com/maps/place/Diadal-+Napl%C3%A1s+Wellness+sarok,%C3%A9s+Massz%C3%A1zs.17.ker%C3%BClet./data=!4m7!3m6!1s0x4741c71240516f39:0xa6c587ee904d0854!8m2!3d47.4948974!4d19.2729655!16s%2Fg%2F11pzyx29kv!19sChIJOW9RQBLHQUcRVAhNkO6HxaY?authuser=0&hl=hu&rclk=1",47.4948974,19.2729655,https://www.facebook.com/Diadal-Napl%C3%A0s-Wellness-sarok-R%C3%A0koscsaba-%C3%9Ajtelep-109609101648464,06204812645,"Budapest, Diadal u. 62, 1172",,
Medical-Harmónia Egészség Pont,https://www.google.com/maps/place/Medical-Harm%C3%B3nia+Eg%C3%A9szs%C3%A9g+Pont/data=!4m7!3m6!1s0x4741deaed8ad82e9:0x400eca26de7e2f27!8m2!3d47.4650169!4d19.2433585!16s%2Fg%2F11fp8ylz4v!19sChIJ6YKt2K7eQUcRJy9-3ibKDkA?authuser=0&hl=hu&rclk=1,47.4650169,19.2433585,https://www.medical-harmonia.com/,06203113394,"Budapest, Ady Endre u. 31, 1174",idopont@medical-harmonia.com,idopont@medical-harmonia.com
Liget Mozgásterápia gyógytorna-manuálterápia,https://www.google.com/maps/place/Liget+Mozg%C3%A1ster%C3%A1pia+gy%C3%B3gytorna-manu%C3%A1lter%C3%A1pia/data=!4m7!3m6!1s0x4741c6aaf57eaa5f:0x8cb07a9751485e8e!8m2!3d47.4871252!4d19.2530782!16s%2Fg%2F11c0rvmk_m!19sChIJX6p-9arGQUcRjl5IUZd6sIw?authuser=0&hl=hu&rclk=1,47.4871252,19.2530782,http://www.ligetmozgasterapia.hu/,06309823539,"Budapest, Liget sor 29, 1172",info@ligetmozgasterapia.hu,info@ligetmozgasterapia.hu
Liget Wellness,https://www.google.com/maps/place/Liget+Wellness/data=!4m7!3m6!1s0x4741c6a94ec9df43:0xa77cea2c9b23ab1a!8m2!3d47.489221!4d19.2593494!16s%2Fg%2F11cs5lz9w0!19sChIJQ9_JTqnGQUcRGqsjmyzqfKc?authuser=0&hl=hu&rclk=1,47.489221,19.2593494,,06204553186,"Budapest, Ferihegyi út 27, 1172",,
Nagy masszázs,https://www.google.com/maps/place/Nagy+massz%C3%A1zs/data=!4m7!3m6!1s0x4741c1219abd2a5d:0xbfd24863f0b88af8!8m2!3d47.4658272!4d19.2409581!16s%2Fg%2F11vc84yvmp!19sChIJXSq9miHBQUcR-Iq48GNI0r8?authuser=0&hl=hu&rclk=1,47.4658272,19.2409581,,06309673591,"Budapest, Ady Endre u. 46, 1174",,
Jázmin masszázs,https://www.google.com/maps/place/J%C3%A1zmin+massz%C3%A1zs/data=!4m7!3m6!1s0x4741c1665486041d:0x9455795debd4d29d!8m2!3d47.4628596!4d19.245548!16s%2Fg%2F11b6v8f7g5!19sChIJHQSGVGbBQUcRndLU6115VZQ?authuser=0&hl=hu&rclk=1,47.4628596,19.245548,,06309976873,"Budapest, u 1174, Sóska u. 7, 1174",,
Botanical Beauty - slow kozmetika,https://www.google.com/maps/place/Botanical+Beauty+-+slow+kozmetika/data=!4m7!3m6!1s0x4741c72dac12b587:0x68c7962326eed23c!8m2!3d47.4885789!4d19.2598914!16s%2Fg%2F11tfyx8nyt!19sChIJh7USrC3HQUcRPNLuJiOWx2g?authuser=0&hl=hu&rclk=1,47.4885789,19.2598914,https://partner.notino.com/api/b2c/redirect/salons/detail?salonID=14aa3ef5-0590-4924-ac76-b2214a61a89b,06501112812,"Budapest, VIII. u. 1, 1172",bf7b1fad3bc065c4a8ac725f16d2f4a9@notino-partner-sentry.goodrequest.dev,"bf7b1fad3bc065c4a8ac725f16d2f4a9@notino-partner-sentry.goodrequest.dev, info@notino.hu, botanicalbeautykozmetika@gmail.com"
EUNOIA Kozmetika,https://www.google.com/maps/place/EUNOIA+Kozmetika/data=!4m7!3m6!1s0x4741c1d99ce096b9:0xeff76aea272c4121!8m2!3d47.480633!4d19.2529542!16s%2Fg%2F11pkcsymj_!19sChIJuZbgnNnBQUcRIUEsJ-pq9-8?authuser=0&hl=hu&rclk=1,47.480633,19.2529542,https://eunoiakozmetika.salonic.hu/,06203246125,"Budapest, Pesti út 150, 1173",,
Flamingo Beauty Studio Rákoshegy,https://www.google.com/maps/place/Flamingo+Beauty+Studio+R%C3%A1koshegy/data=!4m7!3m6!1s0x4741c3783845efb5:0x5edec032d86fe3e4!8m2!3d47.4738511!4d19.2415943!16s%2Fg%2F11j7xh8wz2!19sChIJte9FOHjDQUcR5ONv2DLA3l4?authuser=0&hl=hu&rclk=1,47.4738511,19.2415943,,06703715931,"Budapest, Táncsics Mihály út 45, 1174",,
Eszter Kutyakozmetika & SPA,https://www.google.com/maps/place/Eszter+Kutyakozmetika+%26+SPA/data=!4m7!3m6!1s0x4741c142c3377d65:0x990317b5279a7021!8m2!3d47.4708061!4d19.270145!16s%2Fg%2F11ptv5l4bc!19sChIJZX03w0LBQUcRIXCaJ7UXA5k?authuser=0&hl=hu&rclk=1,47.4708061,19.270145,,06203533245,"Budapest, Cséplő utca 135, 1173",,
Hello Beauty Fodrász Szalon,https://www.google.com/maps/place/Hello+Beauty+Fodr%C3%A1sz+Szalon/data=!4m7!3m6!1s0x4741c15479255459:0xc7845ce02b9589e3!8m2!3d47.4814485!4d19.2540975!16s%2Fg%2F11b6_svswx!19sChIJWVQleVTBQUcR44mVK-BchMc?authuser=0&hl=hu&rclk=1,47.4814485,19.2540975,https://www.facebook.com/hellobeautyszalon,06308229215,"Budapest, Kaszáló u. 40, 1173",,
Szépségem Szalon,https://www.google.com/maps/place/Sz%C3%A9ps%C3%A9gem+Szalon/data=!4m7!3m6!1s0x4741c6a94effc2a5:0x509ee553b6c71066!8m2!3d47.489221!4d19.2593494!16s%2Fg%2F11gdw12cwh!19sChIJpcL_TqnGQUcRZhDHtlPlnlA?authuser=0&hl=hu&rclk=1,47.489221,19.2593494,,06204553186,"Budapest, Ferihegyi út 27, 1172",,
Power Gym - 17. kerület,https://www.google.com/maps/place/Power+Gym+-+17.+ker%C3%BClet/data=!4m7!3m6!1s0x4741c6c9efb427bd:0xf2669face08c0029!8m2!3d47.4852837!4d19.2811278!16s%2Fg%2F12qffkn6z!19sChIJvSe078nGQUcRKQCM4KyfZvI?authuser=0&hl=hu&rclk=1,47.4852837,19.2811278,https://powergym.hu/17-kerulet/,0616039350,"Budapest, Péceli út 156, 1171",suli.tami.fit@gmail.com,"suli.tami.fit@gmail.com, tamas.burai@gmail.com, sandraahorvath@gmail.com, resilienza.nikolett@gmail.com, leanyfalvi.a@gmail.com, info@powergym.hu, corptexzoltan2@gmail.com, nika@fitbunny.hu"
LPG Nyirokmasszázs kezelés,https://www.google.com/maps/place/LPG+Nyirokmassz%C3%A1zs+kezel%C3%A9s/data=!4m7!3m6!1s0x4741c35c7130fe15:0x981bf01139382b43!8m2!3d47.4746481!4d19.288968!16s%2Fg%2F11w3syyj6t!19sChIJFf4wcVzDQUcRQys4ORHwG5g?authuser=0&hl=hu&rclk=1,47.4746481,19.288968,http://lpg-a-testszepito.webnode.hu/,06704330051,"Budapest, Anna u. 168, 1171",info@domainem.hu,info@domainem.hu
Gyógyszertár,https://www.google.com/maps/place/Gy%C3%B3gyszert%C3%A1r/data=!4m7!3m6!1s0x4741c16f08961105:0x6c42a8e139ac3229!8m2!3d47.4770238!4d19.2637961!16s%2Fg%2F11t7b_34fn!19sChIJBRGWCG_BQUcRKTKsOeGoQmw?authuser=0&hl=hu&rclk=1,47.4770238,19.2637961,,0619991840,"Budapest, Pesti út 223, 1173",,
Kata Zumba Fitness,https://www.google.com/maps/place/Kata+Zumba+Fitness/data=!4m7!3m6!1s0x4741c1367ce7fb79:0x7d97b5530a4ac10c!8m2!3d47.4783425!4d19.2601568!16s%2Fg%2F11shy9kz7r!19sChIJefvnfDbBQUcRDMFKClO1l30?authuser=0&hl=hu&rclk=1,47.4783425,19.2601568,,06707736370,"Budapest, Pesti út 193, 1173",,
Látomás Jóga és Egészség Gyakorló Központ,https://www.google.com/maps/place/L%C3%A1tom%C3%A1s+J%C3%B3ga+%C3%A9s+Eg%C3%A9szs%C3%A9g+Gyakorl%C3%B3+K%C3%B6zpont/data=!4m7!3m6!1s0x4741c71a72b31e93:0x4bf302d996fbbde2!8m2!3d47.4933715!4d19.256773!16s%2Fg%2F11j6bjsll5!19sChIJkx6zchrHQUcR4r37ltkC80s?authuser=0&hl=hu&rclk=1,47.4933715,19.256773,,06203831649,"Budapest, XIX. u. 21, 1172",,
"Napocska Optika & Szolárium, Infraszauna és Gőzszauna","https://www.google.com/maps/place/Napocska+Optika+%26+Szol%C3%A1rium,+Infraszauna+%C3%A9s+G%C5%91zszauna/data=!4m7!3m6!1s0x4741c128c25b539d:0x5eda38b735ed0ca1!8m2!3d47.469181!4d19.2921981!16s%2Fg%2F12hlv66n2!19sChIJnVNbwijBQUcRoQztNbc42l4?authuser=0&hl=hu&rclk=1",47.469181,19.2921981,https://www.napocskaoptika.com/,06306020330,"Budapest, Berky Lili u. 54, 1171",,
Andrea Masszázs & Pedikűr,https://www.google.com/maps/place/Andrea+Massz%C3%A1zs+%26+Pedik%C5%B1r/data=!4m7!3m6!1s0x4741c77a3ebd5743:0x26f5e267c810b29b!8m2!3d47.4897781!4d19.2586226!16s%2Fg%2F11l20knqd0!19sChIJQ1e9PnrHQUcRm7IQyGfi9SY?authuser=0&hl=hu&rclk=1,47.4897781,19.2586226,,06704246294,"Budapest, Csekovszky Árpád Müvelödési Ház udvarán, Hősök tere 9, 1172",,
Gerinc.Izom.Regerelalas,https://www.google.com/maps/place/Gerinc.Izom.Regerelalas/data=!4m7!3m6!1s0x4741c1598cae7f23:0x5688b2d899c70657!8m2!3d47.4795813!4d19.258058!16s%2Fg%2F11xmf70_lr!19sChIJI3-ujFnBQUcRVwbHmdiyiFY?authuser=0&hl=hu&rclk=1,47.4795813,19.258058,,06309712955,"Budapest, Kasza utca 1, 1173",,
Lábmasszázs Gmk.,https://www.google.com/maps/place/L%C3%A1bmassz%C3%A1zs+Gmk./data=!4m7!3m6!1s0x4741c6ae64bae9f7:0xf3cdf2ba8e09565!8m2!3d47.4884626!4d19.2636489!16s%2Fg%2F1tj99sj3!19sChIJ9-m6ZK7GQUcRZZXgqCvfPA8?authuser=0&hl=hu&rclk=1,47.4884626,19.2636489,,0613334741,"1082 Budapest, 32-esek tere 6/c, 1082",,
Bosu Hungary,https://www.google.com/maps/place/Bosu+Hungary/data=!4m7!3m6!1s0x4741c38ce0a80ac5:0xb927a8b62463e2a6!8m2!3d47.4834983!4d19.2166873!16s%2Fg%2F11fn6tbpj5!19sChIJxQqo4IzDQUcRpuJjJLaoJ7k?authuser=0&hl=hu&rclk=1,47.4834983,19.2166873,http://www.bosu-hungary.hu/,06706232017,"Budapest, 532. u. 05-02, 1173",info@bosu-hungary.hu,info@bosu-hungary.hu
"a te lábad - speciális lábápolás, esztétikai lábápolás, kézápolás","https://www.google.com/maps/place/a+te+l%C3%A1bad+-+speci%C3%A1lis+l%C3%A1b%C3%A1pol%C3%A1s,+eszt%C3%A9tikai+l%C3%A1b%C3%A1pol%C3%A1s,+k%C3%A9z%C3%A1pol%C3%A1s/data=!4m7!3m6!1s0x4741c7ee1f1b281b:0x91937a4f624140c6!8m2!3d47.4970585!4d19.2510734!16s%2Fg%2F11x15_6cbz!19sChIJGygbH-7HQUcRxkBBYk96k5E?authuser=0&hl=hu&rclk=1",47.4970585,19.2510734,https://www.atelabad.hu/,06306276371,"Budapest, Ökopark Zenit ház, Szőlőliget utca, 1172",info.atelabad@gmail.com,info.atelabad@gmail.com
Díva Szépségszalon & Fodrászat,https://www.google.com/maps/place/D%C3%ADva+Sz%C3%A9ps%C3%A9gszalon+%26+Fodr%C3%A1szat/data=!4m7!3m6!1s0x4741c3f07911796b:0x111d57cd08599f48!8m2!3d47.4792556!4d19.2340755!16s%2Fg%2F11h5pt9225!19sChIJa3kRefDDQUcRSJ9ZCM1XHRE?authuser=0&hl=hu&rclk=1,47.4792556,19.2340755,https://www.facebook.com/divaszalon17,06302617167,"Budapest, Uszoda u. 1b, 1173",,
DoraDerma Aesthetic & Beauty,https://www.google.com/maps/place/DoraDerma+Aesthetic+%26+Beauty/data=!4m7!3m6!1s0x4741c14a4448a39d:0x488c2eb6b77d84af!8m2!3d47.4738223!4d19.2714782!16s%2Fg%2F11rxhk9pr5!19sChIJnaNIRErBQUcRr4R9t7YujEg?authuser=0&hl=hu&rclk=1,47.4738223,19.2714782,http://doraderma.hu/,06304252530,"Budapest, Pesti út 237, 1173",,
Glamour Szépségszalon,https://www.google.com/maps/place/Glamour+Sz%C3%A9ps%C3%A9gszalon/data=!4m7!3m6!1s0x4741c14e9c7c39cf:0x878e89b007c2fd02!8m2!3d47.4772904!4d19.2638765!16s%2Fg%2F11b6j82ddh!19sChIJzzl8nE7BQUcRAv3CB7CJjoc?authuser=0&hl=hu&rclk=1,47.4772904,19.2638765,,0614424715,"Budapest, Pesti út 222, 1173",,
"Famacska Női, -férfi és gyermekfodrászat, manikűr-műköröm","https://www.google.com/maps/place/Famacska+N%C5%91i,+-f%C3%A9rfi+%C3%A9s+gyermekfodr%C3%A1szat,+manik%C5%B1r-m%C5%B1k%C3%B6r%C3%B6m/data=!4m7!3m6!1s0x4741c3fbe711cdf5:0x65fb8e4a1139088e!8m2!3d47.4837708!4d19.2427557!16s%2Fg%2F1tk6z84n!19sChIJ9c0R5_vDQUcRjgg5EUqO-2U?authuser=0&hl=hu&rclk=1",47.4837708,19.2427557,https://www.famacskafodraszat.hu/,06209336304,"Budapest, Cinkotai út 6/4, 1173",szabokrisztinka@gmail.com,szabokrisztinka@gmail.com
Pálmaliget szépségszalon,https://www.google.com/maps/place/P%C3%A1lmaliget+sz%C3%A9ps%C3%A9gszalon/data=!4m7!3m6!1s0x4741c3ab61aed3b5:0x9c778eb455e8b354!8m2!3d47.4828143!4d19.2423184!16s%2Fg%2F11gmw8ht3s!19sChIJtdOuYavDQUcRVLPoVbSOd5w?authuser=0&hl=hu&rclk=1,47.4828143,19.2423184,http://www.palmaligetstudio.hu/,06203892551,"Budapest, Cinkotai út 2, 1172",,
Chill Island Club,https://www.google.com/maps/place/Chill+Island+Club/data=!4m7!3m6!1s0x4741c12508c1b537:0xe8a3714d1b3f1166!8m2!3d47.4777046!4d19.2639052!16s%2Fg%2F11vbvhg44h!19sChIJN7XBCCXBQUcRZhE_G01xo-g?authuser=0&hl=hu&rclk=1,47.4777046,19.2639052,,,"Budapest, Mezőtárkány u. 4, 1173",,
HT Medical Center Magánklinika,https://www.google.com/maps/place/HT+Medical+Center+Mag%C3%A1nklinika/data=!4m7!3m6!1s0x4741c1522ff9c4d7:0x26f7b68980d83513!8m2!3d47.4790738!4d19.25781!16s%2Fg%2F1tdw27j6!19sChIJ18T5L1LBQUcREzXYgIm29yY?authuser=0&hl=hu&rclk=1,47.4790738,19.25781,http://www.htmedicalcenter.hu/,06302682168,"Budapest, Pesti út 177, 1173",info@medicalcenter.hu,"info@medicalcenter.hu, idopontfoglalas@medicalcenter.hu"
Perfect Forms,https://www.google.com/maps/place/Perfect+Forms/data=!4m7!3m6!1s0x4741c7a60d8eb6d1:0x6d5881a63617b757!8m2!3d47.501375!4d19.2860658!16s%2Fg%2F11xcsr8vqb!19sChIJ0baODabHQUcRV7cXNqaBWG0?authuser=0&hl=hu&rclk=1,47.501375,19.2860658,https://www.perfectforms.hu/,06202215127,"Budapest, Almásháza u. 122, 1172",,
Daniludisz Emese Kozmetikus,https://www.google.com/maps/place/Daniludisz+Emese+Kozmetikus/data=!4m7!3m6!1s0x4741c3762a563369:0x4b7185593cea3703!8m2!3d47.4830475!4d19.2405448!16s%2Fg%2F11x1z7dnhg!19sChIJaTNWKnbDQUcRAzfqPFmFcUs?authuser=0&hl=hu&rclk=1,47.4830475,19.2405448,https://www.instagram.com/daniludisz.cosmetic,06303305467,"Budapest, Pesti út 54 üzletsor, 1173",,
Maxima Szépségszalon,https://www.google.com/maps/place/Maxima+Sz%C3%A9ps%C3%A9gszalon/data=!4m7!3m6!1s0x4741c71cf947b07b:0x89152f9fa9a97745!8m2!3d47.4896271!4d19.2607654!16s%2Fg%2F11g0vprd9y!19sChIJe7BH-RzHQUcRRXepqZ8vFYk?authuser=0&hl=hu&rclk=1,47.4896271,19.2607654,http://maxima-szepsegszalon.hu/,06306363909,"Budapest, Hősök tere 18, 1172",,
